arrival_time,route_short_name,route_long_name,headsign,service_days
06:57:32,20,Madison,,Sat
16:54:46,124,Navy Pier,,Sun
15:30:55,60,Blue Island/26th,,Mon,Tue,Wed,Thu,Fri
21:30:19,56,Milwaukee,,Sat
09:34:24,56,Milwaukee,,Sat
11:13:39,60,Blue Island/26th,,Sat
17:47:24,60,Blue Island/26th,,Sun
19:31:16,124,Navy Pier,,Sun
14:26:14,J14,Jeffery Jump,,Sat
15:47:01,20,Madison,,Mon,Tue,Wed,Thu,Fri
23:30:02,J14,Jeffery Jump,,Sat
02:03:53,60,Blue Island/26th,,Mon
05:47:54,J14,Jeffery Jump,,Mon,Tue,Wed,Thu,Fri
02:58:54,20,Madison,,Sun
12:29:08,56,Milwaukee,,Mon,Tue,Wed,Thu,Fri
12:45:33,20,Madison,,Mon,Tue,Wed,Thu,Fri
19:50:35,60,Blue Island/26th,,Sat
18:00:23,J14,Jeffery Jump,,Sun
08:14:24,J14,Jeffery Jump,,Sat
14:47:11,20,Madison,,Sun
19:09:55,60,Blue Island/26th,,Mon,Tue,Wed,Thu,Fri
10:33:23,157,Streeterville/Taylor,,Mon,Tue,Wed,Thu,Fri
11:56:09,J14,Jeffery Jump,,Sun
22:13:22,124,Navy Pier,,Mon,Tue,Wed,Thu,Fri
09:19:53,157,Streeterville/Taylor,,Mon,Tue,Wed,Thu,Fri
07:18:05,56,Milwaukee,,Mon,Tue,Wed,Thu,Fri
07:20:51,20,Madison,,Mon,Tue,Wed,Thu,Fri
21:31:59,20,Madison,,Sun
16:45:56,20,Madison,,Sat
22:18:16,60,Blue Island/26th,,Sun
15:41:45,20,Madison,,Mon,Tue,Wed,Thu,Fri
20:48:24,56,Milwaukee,,Sat
18:33:01,20,Madison,,Sat
19:40:08,J14,Jeffery Jump,,Sun
07:45:20,20,Madison,,Sat
08:42:14,20,Madison,,Sat
13:23:12,157,Streeterville/Taylor,,Mon,Tue,Wed,Thu,Fri
11:16:09,J14,Jeffery Jump,,Sun
11:42:58,124,Navy Pier,,Sat
09:36:22,56,Milwaukee,,Mon,Tue,Wed,Thu,Fri
21:23:01,60,Blue Island/26th,,Sat
08:11:46,20,Madison,,Mon,Tue,Wed,Thu,Fri
16:15:40,J14,Jeffery Jump,,Mon,Tue,Wed,Thu,Fri
05:26:32,20,Madison,,Sat
19:39:52,J14,Jeffery Jump,,Mon,Tue,Wed,Thu,Fri
05:57:04,J14,Jeffery Jump,,Mon,Tue,Wed,Thu,Fri
07:59:18,J14,Jeffery Jump,,Sat
19:55:41,20,Madison,,Mon,Tue,Wed,Thu,Fri
17:20:12,124,Navy Pier,,Sun
20:07:56,56,Milwaukee,,Sun
14:54:44,157,Streeterville/Taylor,,Mon,Tue,Wed,Thu,Fri
14:07:59,56,Milwaukee,,Mon,Tue,Wed,Thu,Fri
15:23:50,J14,Jeffery Jump,,Mon,Tue,Wed,Thu,Fri
18:44:36,J14,Jeffery Jump,,Mon,Tue,Wed,Thu,Fri
16:44:06,20,Madison,,Mon,Tue,Wed,Thu,Fri
17:51:32,60,Blue Island/26th,,Sat
15:06:22,J14,Jeffery Jump,,Sat
19:29:22,20,Madison,,Mon,Tue,Wed,Thu,Fri
11:37:56,20,Madison,,Sat
18:55:11,20,Madison,,Sun
15:21:00,56,Milwaukee,,Sun
20:34:53,J14,Jeffery Jump,,Sat
09:56:03,20,Madison,,Mon,Tue,Wed,Thu,Fri
21:01:48,124,Navy Pier,,Sat
11:11:51,60,Blue Island/26th,,Sun
09:06:19,56,Milwaukee,,Sun
19:57:59,60,Blue Island/26th,,Sun
13:52:01,J14,Jeffery Jump,,Sun
15:47:40,J14,Jeffery Jump,,Mon,Tue,Wed,Thu,Fri
03:28:54,20,Madison,,Mon
22:02:23,J14,Jeffery Jump,,Sat
20:19:47,J14,Jeffery Jump,,Sun
16:13:40,60,Blue Island/26th,,Mon,Tue,Wed,Thu,Fri
16:49:47,157,Streeterville/Taylor,,Mon,Tue,Wed,Thu,Fri
09:22:01,60,Blue Island/26th,,Sun
18:11:57,124,Navy Pier,,Sun
13:45:33,60,Blue Island/26th,,Mon,Tue,Wed,Thu,Fri
09:10:52,124,Navy Pier,,Mon,Tue,Wed,Thu,Fri
13:45:56,20,Madison,,Sat
19:56:17,60,Blue Island/26th,,Mon,Tue,Wed,Thu,Fri
12:41:51,60,Blue Island/26th,,Sun
10:49:23,157,Streeterville/Taylor,,Mon,Tue,Wed,Thu,Fri
06:31:53,J14,Jeffery Jump,,Mon,Tue,Wed,Thu,Fri
09:38:38,60,Blue Island/26th,,Mon,Tue,Wed,Thu,Fri
10:31:05,56,Milwaukee,,Sat
19:36:02,124,Navy Pier,,Sat
15:51:56,20,Madison,,Sat
12:45:37,20,Madison,,Mon,Tue,Wed,Thu,Fri
14:13:10,56,Milwaukee,,Sat
17:44:56,20,Madison,,Sat
14:06:22,J14,Jeffery Jump,,Sat
17:24:52,20,Madison,,Sat
05:41:15,60,Blue Island/26th,,Sat
15:23:46,60,Blue Island/26th,,Mon,Tue,Wed,Thu,Fri
18:35:44,J14,Jeffery Jump,,Sat
15:53:00,56,Milwaukee,,Sun
16:48:23,J14,Jeffery Jump,,Mon,Tue,Wed,Thu,Fri
08:57:54,J14,Jeffery Jump,,Sun
06:07:24,60,Blue Island/26th,,Mon,Tue,Wed,Thu,Fri
18:25:11,20,Madison,,Sun
11:07:52,20,Madison,,Sat
04:28:54,20,Madison,,Sun
13:27:56,20,Madison,,Sat
10:06:39,60,Blue Island/26th,,Mon,Tue,Wed,Thu,Fri
20:31:11,20,Madison,,Sat
20:10:01,J14,Jeffery Jump,,Sun
15:37:12,124,Navy Pier,,Sun
21:24:48,124,Navy Pier,,Sat
12:15:33,60,Blue Island/26th,,Mon,Tue,Wed,Thu,Fri
10:56:07,20,Madison,,Mon,Tue,Wed,Thu,Fri
14:52:08,J14,Jeffery Jump,,Sun
09:58:14,20,Madison,,Sat
18:29:27,60,Blue Island/26th,,Sat
06:49:37,157,Streeterville/Taylor,,Mon,Tue,Wed,Thu,Fri
09:48:32,60,Blue Island/26th,,Mon,Tue,Wed,Thu,Fri
07:55:21,60,Blue Island/26th,,Sat
11:38:08,56,Milwaukee,,Mon,Tue,Wed,Thu,Fri
01:07:53,60,Blue Island/26th,,Sun
02:37:31,60,Blue Island/26th,,Sun
16:50:23,J14,Jeffery Jump,,Sun
13:41:56,J14,Jeffery Jump,,Mon,Tue,Wed,Thu,Fri
10:17:11,20,Madison,,Sun
18:52:25,20,Madison,,Mon,Tue,Wed,Thu,Fri
17:33:57,56,Milwaukee,,Mon,Tue,Wed,Thu,Fri
01:04:53,60,Blue Island/26th,,Mon
09:44:43,60,Blue Island/26th,,Sat
10:34:05,60,Blue Island/26th,,Sat
13:31:56,J14,Jeffery Jump,,Mon,Tue,Wed,Thu,Fri
22:03:32,20,Madison,,Sun
11:57:12,157,Streeterville/Taylor,,Mon,Tue,Wed,Thu,Fri
18:22:34,124,Navy Pier,,Sat
06:39:31,60,Blue Island/26th,,Sun
17:12:18,J14,Jeffery Jump,,Mon,Tue,Wed,Thu,Fri
12:03:27,60,Blue Island/26th,,Sat
02:33:31,60,Blue Island/26th,,Tue,Wed,Thu,Fri,Sat
11:16:02,J14,Jeffery Jump,,Sun
16:30:06,60,Blue Island/26th,,Mon,Tue,Wed,Thu,Fri
15:21:23,J14,Jeffery Jump,,Sun
18:58:34,124,Navy Pier,,Sat
11:53:27,60,Blue Island/26th,,Sat
22:12:52,124,Navy Pier,,Mon,Tue,Wed,Thu,Fri
14:22:29,56,Milwaukee,,Mon,Tue,Wed,Thu,Fri
11:06:07,20,Madison,,Mon,Tue,Wed,Thu,Fri
08:47:54,56,Milwaukee,,Sun
11:25:47,60,Blue Island/26th,,Mon,Tue,Wed,Thu,Fri
20:28:44,J14,Jeffery Jump,,Mon,Tue,Wed,Thu,Fri
21:04:12,157,Streeterville/Taylor,,Mon,Tue,Wed,Thu,Fri
20:15:44,20,Madison,,Mon,Tue,Wed,Thu,Fri
15:33:52,20,Madison,,Sat
09:36:22,56,Milwaukee,,Mon,Tue,Wed,Thu,Fri
08:35:14,20,Madison,,Sun
20:08:44,J14,Jeffery Jump,,Mon,Tue,Wed,Thu,Fri
16:19:13,60,Blue Island/26th,,Sun
18:51:14,20,Madison,,Sat
08:18:14,20,Madison,,Sat
08:37:41,20,Madison,,Sun
21:47:42,56,Milwaukee,,Mon,Tue,Wed,Thu,Fri
11:56:15,56,Milwaukee,,Mon,Tue,Wed,Thu,Fri
13:01:51,60,Blue Island/26th,,Sun
23:02:32,J14,Jeffery Jump,,Mon,Tue,Wed,Thu,Fri
08:18:57,157,Streeterville/Taylor,,Mon,Tue,Wed,Thu,Fri
14:15:33,60,Blue Island/26th,,Mon,Tue,Wed,Thu,Fri
16:21:19,60,Blue Island/26th,,Sat
06:46:39,60,Blue Island/26th,,Mon,Tue,Wed,Thu,Fri
19:50:19,56,Milwaukee,,Mon,Tue,Wed,Thu,Fri
16:51:32,60,Blue Island/26th,,Sat
18:50:01,J14,Jeffery Jump,,Sun
15:40:31,60,Blue Island/26th,,Sun
09:37:10,124,Navy Pier,,Sat
17:00:19,56,Milwaukee,,Mon,Tue,Wed,Thu,Fri
08:53:08,56,Milwaukee,,Mon,Tue,Wed,Thu,Fri
18:02:36,20,Madison,,Mon,Tue,Wed,Thu,Fri
06:26:59,20,Madison,,Sun
06:46:45,20,Madison,,Mon,Tue,Wed,Thu,Fri
11:47:11,20,Madison,,Sun
13:22:15,J14,Jeffery Jump,,Sun
07:11:41,20,Madison,,Mon,Tue,Wed,Thu,Fri
15:30:21,60,Blue Island/26th,,Sun
20:18:52,J14,Jeffery Jump,,Mon,Tue,Wed,Thu,Fri
19:24:05,60,Blue Island/26th,,Sat
05:57:01,60,Blue Island/26th,,Sun
08:24:24,J14,Jeffery Jump,,Sat
15:18:12,157,Streeterville/Taylor,,Mon,Tue,Wed,Thu,Fri
16:26:24,56,Milwaukee,,Sun
11:13:27,60,Blue Island/26th,,Sat
07:41:24,J14,Jeffery Jump,,Sat
21:11:14,20,Madison,,Sat
20:21:11,20,Madison,,Sat
08:36:41,20,Madison,,Mon,Tue,Wed,Thu,Fri
16:14:01,20,Madison,,Mon,Tue,Wed,Thu,Fri
14:59:25,20,Madison,,Mon,Tue,Wed,Thu,Fri
22:18:32,20,Madison,,Sun
13:06:44,J14,Jeffery Jump,,Sat
12:12:01,60,Blue Island/26th,,Sun
03:58:51,20,Madison,,Sat
14:01:56,J14,Jeffery Jump,,Mon,Tue,Wed,Thu,Fri
22:33:29,20,Madison,,Sun
16:03:40,56,Milwaukee,,Sat
18:34:45,20,Madison,,Mon,Tue,Wed,Thu,Fri
14:37:11,20,Madison,,Sun
15:57:01,20,Madison,,Mon,Tue,Wed,Thu,Fri
18:53:36,J14,Jeffery Jump,,Mon,Tue,Wed,Thu,Fri
21:23:50,20,Madison,,Mon,Tue,Wed,Thu,Fri
14:31:24,60,Blue Island/26th,,Sun
20:54:01,60,Blue Island/26th,,Sat
12:32:01,60,Blue Island/26th,,Sun
12:16:57,157,Streeterville/Taylor,,Mon,Tue,Wed,Thu,Fri
10:56:02,J14,Jeffery Jump,,Sun
18:37:57,124,Navy Pier,,Sun
07:46:21,20,Madison,,Mon,Tue,Wed,Thu,Fri
08:36:14,20,Madison,,Sun
05:25:49,56,Milwaukee,,Sun
10:00:47,J14,Jeffery Jump,,Sat
15:40:21,60,Blue Island/26th,,Sun
20:44:29,60,Blue Island/26th,,Sun
17:22:06,J14,Jeffery Jump,,Mon,Tue,Wed,Thu,Fri
13:32:05,J14,Jeffery Jump,,Mon,Tue,Wed,Thu,Fri
12:03:39,60,Blue Island/26th,,Sat
08:14:18,J14,Jeffery Jump,,Sat
22:08:18,J14,Jeffery Jump,,Sun
09:26:21,J14,Jeffery Jump,,Mon,Tue,Wed,Thu,Fri
11:53:49,56,Milwaukee,,Sun
07:52:41,56,Milwaukee,,Mon,Tue,Wed,Thu,Fri
09:02:57,157,Streeterville/Taylor,,Mon,Tue,Wed,Thu,Fri
20:19:53,J14,Jeffery Jump,,Sun
09:34:19,56,Milwaukee,,Sat
17:17:06,J14,Jeffery Jump,,Mon,Tue,Wed,Thu,Fri
16:50:15,J14,Jeffery Jump,,Sun
13:37:14,20,Madison,,Sun
18:51:11,20,Madison,,Sat
10:15:14,J14,Jeffery Jump,,Mon,Tue,Wed,Thu,Fri
19:23:56,56,Milwaukee,,Sun
06:59:39,60,Blue Island/26th,,Sat
10:12:04,56,Milwaukee,,Mon,Tue,Wed,Thu,Fri
08:25:31,60,Blue Island/26th,,Sat
19:15:11,20,Madison,,Sun
17:47:13,60,Blue Island/26th,,Sun
17:46:36,60,Blue Island/26th,,Mon,Tue,Wed,Thu,Fri
05:30:01,60,Blue Island/26th,,Sun
15:53:05,56,Milwaukee,,Sun
15:42:19,60,Blue Island/26th,,Sat
20:55:11,20,Madison,,Sun
17:11:20,60,Blue Island/26th,,Mon,Tue,Wed,Thu,Fri
13:06:12,157,Streeterville/Taylor,,Mon,Tue,Wed,Thu,Fri
15:15:52,20,Madison,,Sat
09:07:14,20,Madison,,Sun
08:19:50,20,Madison,,Sun
18:01:32,60,Blue Island/26th,,Sat
14:17:14,20,Madison,,Sun
12:42:52,20,Madison,,Sat
11:23:27,60,Blue Island/26th,,Sat
12:24:52,20,Madison,,Sat
11:41:56,J14,Jeffery Jump,,Mon,Tue,Wed,Thu,Fri
13:27:27,124,Navy Pier,,Sat
09:17:14,20,Madison,,Sun
13:51:56,56,Milwaukee,,Mon,Tue,Wed,Thu,Fri
16:09:06,20,Madison,,Mon,Tue,Wed,Thu,Fri
21:29:54,J14,Jeffery Jump,,Sun
13:00:56,20,Madison,,Sat
12:58:57,124,Navy Pier,,Mon,Tue,Wed,Thu,Fri
17:03:40,60,Blue Island/26th,,Mon,Tue,Wed,Thu,Fri
16:19:24,60,Blue Island/26th,,Sun
06:05:18,J14,Jeffery Jump,,Mon,Tue,Wed,Thu,Fri
11:07:56,20,Madison,,Sat
08:45:31,60,Blue Island/26th,,Sat
11:05:47,60,Blue Island/26th,,Mon,Tue,Wed,Thu,Fri
15:39:46,60,Blue Island/26th,,Mon,Tue,Wed,Thu,Fri
16:45:44,J14,Jeffery Jump,,Sat
13:37:33,20,Madison,,Mon,Tue,Wed,Thu,Fri
22:48:24,J14,Jeffery Jump,,Sun
05:36:57,60,Blue Island/26th,,Mon,Tue,Wed,Thu,Fri
07:55:31,60,Blue Island/26th,,Sat
17:14:54,56,Milwaukee,,Sun
08:47:48,J14,Jeffery Jump,,Sun
17:03:20,60,Blue Island/26th,,Mon,Tue,Wed,Thu,Fri
19:10:08,J14,Jeffery Jump,,Sun
12:55:33,60,Blue Island/26th,,Mon,Tue,Wed,Thu,Fri
24:09:23,60,Blue Island/26th,,Sat
11:05:23,157,Streeterville/Taylor,,Mon,Tue,Wed,Thu,Fri
09:27:48,J14,Jeffery Jump,,Sun
16:18:52,20,Madison,,Sat
23:10:02,J14,Jeffery Jump,,Sat
12:49:05,56,Milwaukee,,Sun
07:05:30,56,Milwaukee,,Mon,Tue,Wed,Thu,Fri
22:53:09,J14,Jeffery Jump,,Sat
08:31:57,157,Streeterville/Taylor,,Mon,Tue,Wed,Thu,Fri
10:16:07,20,Madison,,Mon,Tue,Wed,Thu,Fri
04:58:54,20,Madison,,Sun
21:32:02,20,Madison,,Sun
15:11:27,124,Navy Pier,,Mon,Tue,Wed,Thu,Fri
18:43:00,56,Milwaukee,,Mon,Tue,Wed,Thu,Fri
14:09:37,20,Madison,,Mon,Tue,Wed,Thu,Fri
12:43:31,J14,Jeffery Jump,,Sun
14:52:41,60,Blue Island/26th,,Sat
16:29:01,20,Madison,,Mon,Tue,Wed,Thu,Fri
20:45:41,20,Madison,,Mon,Tue,Wed,Thu,Fri
14:12:52,20,Madison,,Sat
14:12:54,60,Blue Island/26th,,Sat
18:33:29,56,Milwaukee,,Sat
08:42:11,20,Madison,,Sat
14:48:50,J14,Jeffery Jump,,Mon,Tue,Wed,Thu,Fri
19:58:52,J14,Jeffery Jump,,Mon,Tue,Wed,Thu,Fri
09:30:53,J14,Jeffery Jump,,Sat
14:05:33,60,Blue Island/26th,,Mon,Tue,Wed,Thu,Fri
12:22:46,124,Navy Pier,,Sun
09:20:27,157,Streeterville/Taylor,,Mon,Tue,Wed,Thu,Fri
08:56:26,J14,Jeffery Jump,,Mon,Tue,Wed,Thu,Fri
19:02:25,20,Madison,,Mon,Tue,Wed,Thu,Fri
20:44:47,J14,Jeffery Jump,,Sat
20:45:44,20,Madison,,Mon,Tue,Wed,Thu,Fri
16:58:03,J14,Jeffery Jump,,Mon,Tue,Wed,Thu,Fri
21:53:24,J14,Jeffery Jump,,Sun
03:07:31,60,Blue Island/26th,,Sun
14:45:04,56,Milwaukee,,Sat
12:01:56,J14,Jeffery Jump,,Mon,Tue,Wed,Thu,Fri
16:11:19,56,Milwaukee,,Mon,Tue,Wed,Thu,Fri
07:01:07,56,Milwaukee,,Sun
07:23:07,56,Milwaukee,,Sun
13:47:11,20,Madison,,Sun
14:05:47,60,Blue Island/26th,,Mon,Tue,Wed,Thu,Fri
21:15:11,20,Madison,,Sun
09:53:41,157,Streeterville/Taylor,,Mon,Tue,Wed,Thu,Fri
18:45:14,20,Madison,,Sun
12:25:33,60,Blue Island/26th,,Mon,Tue,Wed,Thu,Fri
11:12:01,60,Blue Island/26th,,Sun
19:17:34,124,Navy Pier,,Sat
20:49:27,60,Blue Island/26th,,Mon,Tue,Wed,Thu,Fri
10:49:30,56,Milwaukee,,Sat
18:00:19,J14,Jeffery Jump,,Mon,Tue,Wed,Thu,Fri
21:17:10,124,Navy Pier,,Sun
22:27:32,20,Madison,,Mon,Tue,Wed,Thu,Fri
14:17:11,20,Madison,,Sun
13:25:47,60,Blue Island/26th,,Mon,Tue,Wed,Thu,Fri
09:37:14,20,Madison,,Sun
19:15:05,60,Blue Island/26th,,Sat
14:59:21,20,Madison,,Mon,Tue,Wed,Thu,Fri
08:24:55,60,Blue Island/26th,,Mon,Tue,Wed,Thu,Fri
15:31:09,60,Blue Island/26th,,Mon,Tue,Wed,Thu,Fri
10:03:01,56,Milwaukee,,Sun
19:03:06,J14,Jeffery Jump,,Mon,Tue,Wed,Thu,Fri
09:02:37,60,Blue Island/26th,,Sun
21:13:01,60,Blue Island/26th,,Sat
17:09:01,20,Madison,,Mon,Tue,Wed,Thu,Fri
17:10:27,56,Milwaukee,,Mon,Tue,Wed,Thu,Fri
09:16:35,J14,Jeffery Jump,,Mon,Tue,Wed,Thu,Fri
03:34:01,60,Blue Island/26th,,Mon
20:12:23,56,Milwaukee,,Sat
08:34:18,J14,Jeffery Jump,,Sat
08:58:14,20,Madison,,Sat
19:41:14,20,Madison,,Sat
08:49:12,124,Navy Pier,,Mon,Tue,Wed,Thu,Fri
11:43:27,60,Blue Island/26th,,Sat
19:28:16,60,Blue Island/26th,,Mon,Tue,Wed,Thu,Fri
16:19:01,20,Madison,,Mon,Tue,Wed,Thu,Fri
20:08:01,56,Milwaukee,,Sun
17:29:18,60,Blue Island/26th,,Mon,Tue,Wed,Thu,Fri
08:35:08,56,Milwaukee,,Mon,Tue,Wed,Thu,Fri
12:42:01,60,Blue Island/26th,,Sun
21:48:29,20,Madison,,Sun
08:25:21,60,Blue Island/26th,,Sat
18:35:51,J14,Jeffery Jump,,Mon,Tue,Wed,Thu,Fri
13:32:54,60,Blue Island/26th,,Sat
20:54:53,J14,Jeffery Jump,,Sat
10:38:01,20,Madison,,Sat
02:37:23,60,Blue Island/26th,,Sun
10:38:05,20,Madison,,Sat
11:10:31,J14,Jeffery Jump,,Sat
13:35:56,56,Milwaukee,,Mon,Tue,Wed,Thu,Fri
15:48:56,56,Milwaukee,,Mon,Tue,Wed,Thu,Fri
13:26:14,J14,Jeffery Jump,,Sat
17:42:31,124,Navy Pier,,Mon,Tue,Wed,Thu,Fri
17:59:11,124,Navy Pier,,Mon,Tue,Wed,Thu,Fri
08:03:37,60,Blue Island/26th,,Sun
12:06:56,20,Madison,,Sat
19:25:23,J14,Jeffery Jump,,Sat
15:17:11,20,Madison,,Sun
20:44:53,J14,Jeffery Jump,,Sat
04:03:23,60,Blue Island/26th,,Sat
14:22:12,124,Navy Pier,,Sun
10:20:53,J14,Jeffery Jump,,Sat
14:02:54,60,Blue Island/26th,,Sat
12:25:17,J14,Jeffery Jump,,Sun
10:51:51,60,Blue Island/26th,,Sun
07:12:32,20,Madison,,Sat
14:02:41,60,Blue Island/26th,,Sat
18:51:47,60,Blue Island/26th,,Mon,Tue,Wed,Thu,Fri
15:44:58,124,Navy Pier,,Sat
09:37:44,20,Madison,,Mon,Tue,Wed,Thu,Fri
11:24:57,124,Navy Pier,,Sat
15:52:02,60,Blue Island/26th,,Sat
20:39:47,J14,Jeffery Jump,,Sun
17:43:21,124,Navy Pier,,Mon,Tue,Wed,Thu,Fri
18:45:11,20,Madison,,Sun
10:04:27,157,Streeterville/Taylor,,Mon,Tue,Wed,Thu,Fri
10:26:39,J14,Jeffery Jump,,Sun
20:25:59,60,Blue Island/26th,,Sun
23:30:09,J14,Jeffery Jump,,Sat
20:40:19,60,Blue Island/26th,,Mon,Tue,Wed,Thu,Fri
14:21:56,J14,Jeffery Jump,,Mon,Tue,Wed,Thu,Fri
16:36:56,20,Madison,,Sat
12:33:56,20,Madison,,Sat
08:01:41,20,Madison,,Mon,Tue,Wed,Thu,Fri
23:28:29,20,Madison,,Sun
21:06:12,56,Milwaukee,,Mon,Tue,Wed,Thu,Fri
14:45:47,60,Blue Island/26th,,Mon,Tue,Wed,Thu,Fri
12:33:02,60,Blue Island/26th,,Sat
19:04:58,124,Navy Pier,,Sun
06:20:46,60,Blue Island/26th,,Sat
16:38:58,60,Blue Island/26th,,Mon,Tue,Wed,Thu,Fri
12:31:56,J14,Jeffery Jump,,Mon,Tue,Wed,Thu,Fri
16:31:19,56,Milwaukee,,Mon,Tue,Wed,Thu,Fri
08:06:15,56,Milwaukee,,Sun
23:43:29,20,Madison,,Sat
11:22:12,157,Streeterville/Taylor,,Mon,Tue,Wed,Thu,Fri
18:52:21,20,Madison,,Mon,Tue,Wed,Thu,Fri
17:46:27,56,Milwaukee,,Mon,Tue,Wed,Thu,Fri
14:32:08,J14,Jeffery Jump,,Sun
14:45:10,56,Milwaukee,,Sat
14:25:33,60,Blue Island/26th,,Mon,Tue,Wed,Thu,Fri
09:46:04,56,Milwaukee,,Mon,Tue,Wed,Thu,Fri
16:35:52,J14,Jeffery Jump,,Sat
13:09:52,20,Madison,,Sat
14:39:21,20,Madison,,Mon,Tue,Wed,Thu,Fri
18:40:39,60,Blue Island/26th,,Sun
11:52:05,J14,Jeffery Jump,,Mon,Tue,Wed,Thu,Fri
16:50:24,157,Streeterville/Taylor,,Mon,Tue,Wed,Thu,Fri
14:58:40,J14,Jeffery Jump,,Mon,Tue,Wed,Thu,Fri
09:29:05,20,Madison,,Mon,Tue,Wed,Thu,Fri
06:06:41,20,Madison,,Mon,Tue,Wed,Thu,Fri
21:24:47,J14,Jeffery Jump,,Sat
17:31:19,60,Blue Island/26th,,Sat
08:47:25,60,Blue Island/26th,,Mon,Tue,Wed,Thu,Fri
08:39:16,60,Blue Island/26th,,Sun
06:40:46,60,Blue Island/26th,,Sat
11:57:22,J14,Jeffery Jump,,Sat
19:46:37,124,Navy Pier,,Mon,Tue,Wed,Thu,Fri
12:46:46,124,Navy Pier,,Sun
11:37:14,20,Madison,,Sun
15:42:56,20,Madison,,Sat
22:38:29,60,Blue Island/26th,,Sat
16:55:52,J14,Jeffery Jump,,Sat
08:10:02,60,Blue Island/26th,,Mon,Tue,Wed,Thu,Fri
20:04:12,157,Streeterville/Taylor,,Mon,Tue,Wed,Thu,Fri
18:35:11,20,Madison,,Sun
19:59:35,60,Blue Island/26th,,Sat
16:34:01,20,Madison,,Mon,Tue,Wed,Thu,Fri
08:53:07,56,Milwaukee,,Sat
18:27:05,J14,Jeffery Jump,,Mon,Tue,Wed,Thu,Fri
19:05:11,20,Madison,,Sun
10:35:22,J14,Jeffery Jump,,Mon,Tue,Wed,Thu,Fri
20:09:24,60,Blue Island/26th,,Sat
17:22:18,J14,Jeffery Jump,,Mon,Tue,Wed,Thu,Fri
08:31:04,56,Milwaukee,,Mon,Tue,Wed,Thu,Fri
05:51:07,56,Milwaukee,,Sun
20:35:11,20,Madison,,Sun
22:57:09,60,Blue Island/26th,,Sat
04:28:54,20,Madison,,Mon,Tue,Wed,Thu,Fri
20:50:26,56,Milwaukee,,Sun
23:02:39,J14,Jeffery Jump,,Mon,Tue,Wed,Thu,Fri
13:36:14,J14,Jeffery Jump,,Sat
12:11:51,60,Blue Island/26th,,Sun
16:36:05,157,Streeterville/Taylor,,Mon,Tue,Wed,Thu,Fri
13:47:14,20,Madison,,Sun
15:01:24,60,Blue Island/26th,,Sun
15:22:32,60,Blue Island/26th,,Sat
08:06:46,20,Madison,,Mon,Tue,Wed,Thu,Fri
08:20:23,56,Milwaukee,,Mon,Tue,Wed,Thu,Fri
10:56:03,20,Madison,,Mon,Tue,Wed,Thu,Fri
22:57:32,20,Madison,,Mon,Tue,Wed,Thu,Fri
07:58:28,J14,Jeffery Jump,,Mon,Tue,Wed,Thu,Fri
16:49:01,20,Madison,,Mon,Tue,Wed,Thu,Fri
17:59:10,56,Milwaukee,,Sat
19:30:36,J14,Jeffery Jump,,Mon,Tue,Wed,Thu,Fri
18:05:14,60,Blue Island/26th,,Mon,Tue,Wed,Thu,Fri
09:31:51,60,Blue Island/26th,,Sun
24:09:15,60,Blue Island/26th,,Sat
21:28:37,J14,Jeffery Jump,,Mon,Tue,Wed,Thu,Fri
19:58:44,J14,Jeffery Jump,,Mon,Tue,Wed,Thu,Fri
19:17:02,124,Navy Pier,,Sat
18:05:32,60,Blue Island/26th,,Mon,Tue,Wed,Thu,Fri
13:13:40,56,Milwaukee,,Sat
23:43:32,20,Madison,,Sat
08:10:44,20,Madison,,Sat
10:36:02,J14,Jeffery Jump,,Sun
14:42:41,60,Blue Island/26th,,Sat
20:05:41,20,Madison,,Mon,Tue,Wed,Thu,Fri
16:10:24,56,Milwaukee,,Sun
18:10:06,20,Madison,,Mon,Tue,Wed,Thu,Fri
16:54:01,20,Madison,,Mon,Tue,Wed,Thu,Fri
06:36:47,60,Blue Island/26th,,Mon,Tue,Wed,Thu,Fri
19:01:14,20,Madison,,Sat
15:37:11,20,Madison,,Sun
08:34:24,J14,Jeffery Jump,,Sat
20:48:30,J14,Jeffery Jump,,Mon,Tue,Wed,Thu,Fri
16:51:56,56,Milwaukee,,Sat
18:33:23,56,Milwaukee,,Sat
05:57:37,157,Streeterville/Taylor,,Mon,Tue,Wed,Thu,Fri
15:47:11,20,Madison,,Sun
13:24:05,56,Milwaukee,,Sun
05:04:07,56,Milwaukee,,Mon,Tue,Wed,Thu,Fri
00:58:51,20,Madison,,Mon
16:05:52,J14,Jeffery Jump,,Sat
12:16:52,J14,Jeffery Jump,,Sat
16:53:19,J14,Jeffery Jump,,Mon,Tue,Wed,Thu,Fri
13:09:56,20,Madison,,Sat
21:28:50,20,Madison,,Sat
16:14:06,20,Madison,,Mon,Tue,Wed,Thu,Fri
23:38:23,60,Blue Island/26th,,Mon,Tue,Wed,Thu,Fri
10:43:28,124,Navy Pier,,Mon,Tue,Wed,Thu,Fri
13:21:24,60,Blue Island/26th,,Sun
14:54:12,157,Streeterville/Taylor,,Mon,Tue,Wed,Thu,Fri
11:06:03,20,Madison,,Mon,Tue,Wed,Thu,Fri
12:13:08,56,Milwaukee,,Mon,Tue,Wed,Thu,Fri
24:10:53,60,Blue Island/26th,,Sun
09:48:14,20,Madison,,Sat
04:58:51,20,Madison,,Sat
19:45:41,20,Madison,,Mon,Tue,Wed,Thu,Fri
18:58:02,124,Navy Pier,,Sat
08:21:46,60,Blue Island/26th,,Sun
12:06:52,J14,Jeffery Jump,,Sat
07:24:17,157,Streeterville/Taylor,,Mon,Tue,Wed,Thu,Fri
15:51:49,60,Blue Island/26th,,Sat
10:06:25,60,Blue Island/26th,,Mon,Tue,Wed,Thu,Fri
12:15:52,20,Madison,,Sat
18:05:44,J14,Jeffery Jump,,Sat
22:02:17,J14,Jeffery Jump,,Sat
17:04:56,20,Madison,,Sat
09:06:40,56,Milwaukee,,Mon,Tue,Wed,Thu,Fri
08:31:14,20,Madison,,Sat
09:57:18,124,Navy Pier,,Sun
07:00:56,56,Milwaukee,,Sat
22:57:29,20,Madison,,Mon,Tue,Wed,Thu,Fri
17:07:11,20,Madison,,Sun
10:46:02,J14,Jeffery Jump,,Sun
20:05:23,J14,Jeffery Jump,,Sat
15:06:52,20,Madison,,Sat
10:05:14,J14,Jeffery Jump,,Mon,Tue,Wed,Thu,Fri
18:14:51,60,Blue Island/26th,,Sun
11:57:11,20,Madison,,Sun
15:52:06,20,Madison,,Mon,Tue,Wed,Thu,Fri
03:28:54,20,Madison,,Sun
19:21:46,20,Madison,,Mon,Tue,Wed,Thu,Fri
18:01:19,60,Blue Island/26th,,Sat
15:15:56,20,Madison,,Sat
15:02:32,60,Blue Island/26th,,Sat
08:41:41,20,Madison,,Mon,Tue,Wed,Thu,Fri
08:05:23,56,Milwaukee,,Mon,Tue,Wed,Thu,Fri
13:10:12,124,Navy Pier,,Sun
11:35:19,56,Milwaukee,,Sun
13:11:56,J14,Jeffery Jump,,Mon,Tue,Wed,Thu,Fri
09:52:49,56,Milwaukee,,Sat
09:44:54,60,Blue Island/26th,,Sat
07:32:39,60,Blue Island/26th,,Sat
08:01:48,J14,Jeffery Jump,,Sun
09:03:09,J14,Jeffery Jump,,Sat
17:09:24,60,Blue Island/26th,,Sun
07:25:38,60,Blue Island/26th,,Mon,Tue,Wed,Thu,Fri
12:12:59,56,Milwaukee,,Sat
16:52:04,56,Milwaukee,,Sat
08:46:41,20,Madison,,Mon,Tue,Wed,Thu,Fri
17:46:55,60,Blue Island/26th,,Mon,Tue,Wed,Thu,Fri
21:22:51,60,Blue Island/26th,,Sat
07:34:29,20,Madison,,Sun
17:41:34,56,Milwaukee,,Sat
08:44:23,157,Streeterville/Taylor,,Mon,Tue,Wed,Thu,Fri
08:31:41,20,Madison,,Mon,Tue,Wed,Thu,Fri
18:22:02,124,Navy Pier,,Sat
17:14:52,20,Madison,,Sat
08:03:14,60,Blue Island/26th,,Mon,Tue,Wed,Thu,Fri
16:54:28,124,Navy Pier,,Sat
01:33:53,60,Blue Island/26th,,Tue,Wed,Thu,Fri,Sat
22:28:18,J14,Jeffery Jump,,Sun
16:01:49,60,Blue Island/26th,,Sat
24:05:53,60,Blue Island/26th,,Mon,Tue,Wed,Thu,Fri
19:12:25,20,Madison,,Mon,Tue,Wed,Thu,Fri
15:22:19,60,Blue Island/26th,,Sat
09:46:07,20,Madison,,Mon,Tue,Wed,Thu,Fri
12:45:47,60,Blue Island/26th,,Mon,Tue,Wed,Thu,Fri
21:15:11,20,Madison,,Mon,Tue,Wed,Thu,Fri
09:15:34,56,Milwaukee,,Mon,Tue,Wed,Thu,Fri
09:45:51,J14,Jeffery Jump,,Mon,Tue,Wed,Thu,Fri
22:48:32,20,Madison,,Sun
11:10:28,124,Navy Pier,,Mon,Tue,Wed,Thu,Fri
22:03:30,J14,Jeffery Jump,,Mon,Tue,Wed,Thu,Fri
09:08:57,157,Streeterville/Taylor,,Mon,Tue,Wed,Thu,Fri
07:58:37,J14,Jeffery Jump,,Mon,Tue,Wed,Thu,Fri
16:43:49,J14,Jeffery Jump,,Mon,Tue,Wed,Thu,Fri
17:12:06,J14,Jeffery Jump,,Mon,Tue,Wed,Thu,Fri
20:11:11,20,Madison,,Sat
13:41:13,60,Blue Island/26th,,Sun
20:40:32,60,Blue Island/26th,,Mon,Tue,Wed,Thu,Fri
19:15:15,J14,Jeffery Jump,,Sat
15:40:30,J14,Jeffery Jump,,Sun
08:06:19,56,Milwaukee,,Sun
16:39:24,60,Blue Island/26th,,Sun
22:42:29,20,Madison,,Mon,Tue,Wed,Thu,Fri
16:07:14,20,Madison,,Sun
20:58:57,60,Blue Island/26th,,Mon,Tue,Wed,Thu,Fri
09:47:14,20,Madison,,Sun
10:16:28,124,Navy Pier,,Mon,Tue,Wed,Thu,Fri
21:23:50,20,Madison,,Sun
14:25:33,20,Madison,,Mon,Tue,Wed,Thu,Fri
08:36:35,J14,Jeffery Jump,,Mon,Tue,Wed,Thu,Fri
10:27:14,20,Madison,,Sun
17:01:19,60,Blue Island/26th,,Sat
10:40:19,56,Milwaukee,,Sun
22:53:02,J14,Jeffery Jump,,Sat
05:04:12,56,Milwaukee,,Mon,Tue,Wed,Thu,Fri
19:50:01,J14,Jeffery Jump,,Sun
09:54:43,60,Blue Island/26th,,Sat
16:21:44,60,Blue Island/26th,,Mon,Tue,Wed,Thu,Fri
15:32:19,60,Blue Island/26th,,Sat
20:59:09,60,Blue Island/26th,,Mon,Tue,Wed,Thu,Fri
19:46:26,56,Milwaukee,,Sun
16:36:52,20,Madison,,Sat
07:08:28,J14,Jeffery Jump,,Mon,Tue,Wed,Thu,Fri
18:22:51,60,Blue Island/26th,,Sun
06:08:02,20,Madison,,Sun
08:46:46,20,Madison,,Mon,Tue,Wed,Thu,Fri
01:58:51,20,Madison,,Tue,Wed,Thu,Fri,Sat
23:28:32,20,Madison,,Sat
07:21:18,J14,Jeffery Jump,,Sat
13:13:33,20,Madison,,Mon,Tue,Wed,Thu,Fri
16:43:39,J14,Jeffery Jump,,Mon,Tue,Wed,Thu,Fri
06:16:53,60,Blue Island/26th,,Sun
20:27:35,56,Milwaukee,,Mon,Tue,Wed,Thu,Fri
11:07:27,124,Navy Pier,,Sat
16:19:04,56,Milwaukee,,Sat
17:38:18,60,Blue Island/26th,,Mon,Tue,Wed,Thu,Fri
09:29:17,157,Streeterville/Taylor,,Mon,Tue,Wed,Thu,Fri
17:24:56,20,Madison,,Sat
22:38:39,60,Blue Island/26th,,Sat
04:38:07,60,Blue Island/26th,,Mon,Tue,Wed,Thu,Fri
17:17:18,J14,Jeffery Jump,,Mon,Tue,Wed,Thu,Fri
20:05:33,60,Blue Island/26th,,Mon,Tue,Wed,Thu,Fri
06:16:54,60,Blue Island/26th,,Mon,Tue,Wed,Thu,Fri
10:44:58,J14,Jeffery Jump,,Mon,Tue,Wed,Thu,Fri
16:39:18,60,Blue Island/26th,,Mon,Tue,Wed,Thu,Fri
15:01:13,60,Blue Island/26th,,Sun
23:58:54,20,Madison,,Sat
14:40:40,J14,Jeffery Jump,,Mon,Tue,Wed,Thu,Fri
12:55:33,20,Madison,,Mon,Tue,Wed,Thu,Fri
05:00:49,56,Milwaukee,,Sun
16:58:35,56,Milwaukee,,Sun
22:03:29,20,Madison,,Sat
08:39:07,60,Blue Island/26th,,Sun
16:41:05,56,Milwaukee,,Sun
12:34:38,J14,Jeffery Jump,,Sun
14:21:58,124,Navy Pier,,Mon,Tue,Wed,Thu,Fri
13:55:47,60,Blue Island/26th,,Mon,Tue,Wed,Thu,Fri
20:55:44,20,Madison,,Mon,Tue,Wed,Thu,Fri
12:05:33,60,Blue Island/26th,,Mon,Tue,Wed,Thu,Fri
09:15:40,56,Milwaukee,,Mon,Tue,Wed,Thu,Fri
14:46:25,20,Madison,,Mon,Tue,Wed,Thu,Fri
18:43:05,56,Milwaukee,,Mon,Tue,Wed,Thu,Fri
10:53:51,J14,Jeffery Jump,,Mon,Tue,Wed,Thu,Fri
18:40:29,60,Blue Island/26th,,Sun
15:55:14,157,Streeterville/Taylor,,Mon,Tue,Wed,Thu,Fri
14:36:22,J14,Jeffery Jump,,Sat
12:07:11,20,Madison,,Sun
14:03:52,20,Madison,,Sat
07:49:32,20,Madison,,Sun
13:21:37,20,Madison,,Mon,Tue,Wed,Thu,Fri
15:17:55,20,Madison,,Mon,Tue,Wed,Thu,Fri
21:48:52,124,Navy Pier,,Mon,Tue,Wed,Thu,Fri
19:50:08,J14,Jeffery Jump,,Sun
19:21:36,J14,Jeffery Jump,,Mon,Tue,Wed,Thu,Fri
11:36:03,20,Madison,,Mon,Tue,Wed,Thu,Fri
08:36:26,J14,Jeffery Jump,,Mon,Tue,Wed,Thu,Fri
08:10:29,56,Milwaukee,,Mon,Tue,Wed,Thu,Fri
12:47:11,20,Madison,,Sun
17:50:49,56,Milwaukee,,Sun
08:10:23,56,Milwaukee,,Mon,Tue,Wed,Thu,Fri
18:10:01,20,Madison,,Mon,Tue,Wed,Thu,Fri
15:30:40,56,Milwaukee,,Sat
09:21:51,60,Blue Island/26th,,Sun
14:02:05,J14,Jeffery Jump,,Mon,Tue,Wed,Thu,Fri
06:46:41,20,Madison,,Mon,Tue,Wed,Thu,Fri
20:45:14,20,Madison,,Sun
09:28:11,20,Madison,,Sat
11:19:34,56,Milwaukee,,Mon,Tue,Wed,Thu,Fri
12:21:51,60,Blue Island/26th,,Sun
05:56:41,20,Madison,,Mon,Tue,Wed,Thu,Fri
08:31:10,56,Milwaukee,,Mon,Tue,Wed,Thu,Fri
19:46:55,60,Blue Island/26th,,Mon,Tue,Wed,Thu,Fri
05:57:19,60,Blue Island/26th,,Mon,Tue,Wed,Thu,Fri
12:37:11,20,Madison,,Sun
04:48:21,20,Madison,,Mon,Tue,Wed,Thu,Fri
17:26:11,20,Madison,,Sun
18:47:39,60,Blue Island/26th,,Sat
16:29:24,60,Blue Island/26th,,Sun
08:25:29,56,Milwaukee,,Mon,Tue,Wed,Thu,Fri
06:14:39,J14,Jeffery Jump,,Mon,Tue,Wed,Thu,Fri
06:41:35,56,Milwaukee,,Mon,Tue,Wed,Thu,Fri
14:48:52,124,Navy Pier,,Mon,Tue,Wed,Thu,Fri
06:59:24,J14,Jeffery Jump,,Sat
20:08:52,J14,Jeffery Jump,,Mon,Tue,Wed,Thu,Fri
17:08:34,56,Milwaukee,,Sat
15:34:10,124,Navy Pier,,Mon,Tue,Wed,Thu,Fri
08:31:23,157,Streeterville/Taylor,,Mon,Tue,Wed,Thu,Fri
23:58:51,20,Madison,,Sat
06:16:41,20,Madison,,Mon,Tue,Wed,Thu,Fri
10:22:07,56,Milwaukee,,Sun
19:51:14,20,Madison,,Sat
19:30:48,124,Navy Pier,,Sun
15:49:04,56,Milwaukee,,Mon,Tue,Wed,Thu,Fri
14:39:52,20,Madison,,Sat
05:00:07,56,Milwaukee,,Sat
22:09:40,124,Navy Pier,,Sun
13:06:30,56,Milwaukee,,Sun
11:56:34,56,Milwaukee,,Sat
14:33:07,20,Madison,,Mon,Tue,Wed,Thu,Fri
20:21:41,60,Blue Island/26th,,Mon,Tue,Wed,Thu,Fri
12:52:54,60,Blue Island/26th,,Sat
08:59:34,56,Milwaukee,,Mon,Tue,Wed,Thu,Fri
08:16:35,J14,Jeffery Jump,,Mon,Tue,Wed,Thu,Fri
14:29:10,56,Milwaukee,,Sat
15:02:08,J14,Jeffery Jump,,Sun
21:43:13,124,Navy Pier,,Sun
17:32:49,56,Milwaukee,,Sun
07:23:04,56,Milwaukee,,Sun
06:59:18,J14,Jeffery Jump,,Sat
10:14:05,60,Blue Island/26th,,Sat
06:56:39,60,Blue Island/26th,,Mon,Tue,Wed,Thu,Fri
11:30:23,J14,Jeffery Jump,,Sat
10:50:38,J14,Jeffery Jump,,Sat
10:25:47,60,Blue Island/26th,,Mon,Tue,Wed,Thu,Fri
09:06:26,J14,Jeffery Jump,,Mon,Tue,Wed,Thu,Fri
17:29:24,60,Blue Island/26th,,Sun
13:52:54,60,Blue Island/26th,,Sat
08:08:56,56,Milwaukee,,Sat
18:12:28,124,Navy Pier,,Sun
17:04:01,20,Madison,,Mon,Tue,Wed,Thu,Fri
10:06:03,20,Madison,,Mon,Tue,Wed,Thu,Fri
18:15:27,124,Navy Pier,,Mon,Tue,Wed,Thu,Fri
11:46:02,J14,Jeffery Jump,,Sun
17:50:23,J14,Jeffery Jump,,Sun
22:33:29,20,Madison,,Sat
15:56:16,124,Navy Pier,,Mon,Tue,Wed,Thu,Fri
13:42:05,J14,Jeffery Jump,,Mon,Tue,Wed,Thu,Fri
08:35:21,60,Blue Island/26th,,Sat
05:26:21,20,Madison,,Mon,Tue,Wed,Thu,Fri
09:18:11,20,Madison,,Sat
13:34:12,124,Navy Pier,,Sun
12:22:05,J14,Jeffery Jump,,Mon,Tue,Wed,Thu,Fri
05:27:35,56,Milwaukee,,Mon,Tue,Wed,Thu,Fri
15:44:27,124,Navy Pier,,Sat
21:50:30,J14,Jeffery Jump,,Mon,Tue,Wed,Thu,Fri
11:06:09,J14,Jeffery Jump,,Sun
20:25:11,20,Madison,,Sun
09:13:37,56,Milwaukee,,Sat
18:25:14,20,Madison,,Sun
14:21:13,60,Blue Island/26th,,Sun
11:57:14,J14,Jeffery Jump,,Sat
15:35:44,J14,Jeffery Jump,,Sat
11:17:11,20,Madison,,Sun
15:21:05,56,Milwaukee,,Sun
18:25:44,J14,Jeffery Jump,,Sat
11:51:56,J14,Jeffery Jump,,Mon,Tue,Wed,Thu,Fri
06:56:25,60,Blue Island/26th,,Mon,Tue,Wed,Thu,Fri
20:24:12,157,Streeterville/Taylor,,Mon,Tue,Wed,Thu,Fri
20:59:22,124,Navy Pier,,Mon,Tue,Wed,Thu,Fri
13:45:52,20,Madison,,Sat
22:03:29,20,Madison,,Sun
19:37:59,60,Blue Island/26th,,Sun
10:35:33,60,Blue Island/26th,,Mon,Tue,Wed,Thu,Fri
17:10:19,56,Milwaukee,,Mon,Tue,Wed,Thu,Fri
12:25:47,60,Blue Island/26th,,Mon,Tue,Wed,Thu,Fri
09:58:45,56,Milwaukee,,Mon,Tue,Wed,Thu,Fri
17:13:31,20,Madison,,Mon,Tue,Wed,Thu,Fri
20:00:08,J14,Jeffery Jump,,Sun
18:45:42,157,Streeterville/Taylor,,Mon,Tue,Wed,Thu,Fri
09:06:24,56,Milwaukee,,Sun
12:32:28,124,Navy Pier,,Mon,Tue,Wed,Thu,Fri
19:05:14,157,Streeterville/Taylor,,Mon,Tue,Wed,Thu,Fri
22:57:16,60,Blue Island/26th,,Mon,Tue,Wed,Thu,Fri
11:21:56,J14,Jeffery Jump,,Mon,Tue,Wed,Thu,Fri
12:56:52,J14,Jeffery Jump,,Sat
04:58:51,20,Madison,,Sun
01:08:01,60,Blue Island/26th,,Sun
23:57:54,20,Madison,,Mon,Tue,Wed,Thu,Fri
10:57:56,20,Madison,,Sat
21:08:37,J14,Jeffery Jump,,Mon,Tue,Wed,Thu,Fri
05:47:49,J14,Jeffery Jump,,Mon,Tue,Wed,Thu,Fri
22:09:13,124,Navy Pier,,Sun
07:45:09,60,Blue Island/26th,,Sat
10:35:14,J14,Jeffery Jump,,Mon,Tue,Wed,Thu,Fri
07:18:00,56,Milwaukee,,Mon,Tue,Wed,Thu,Fri
06:02:00,56,Milwaukee,,Mon,Tue,Wed,Thu,Fri
10:45:57,124,Navy Pier,,Sun
08:16:26,J14,Jeffery Jump,,Mon,Tue,Wed,Thu,Fri
16:26:19,56,Milwaukee,,Sun
12:21:56,J14,Jeffery Jump,,Mon,Tue,Wed,Thu,Fri
18:10:01,J14,Jeffery Jump,,Sun
24:13:54,20,Madison,,Sun
15:42:12,157,Streeterville/Taylor,,Mon,Tue,Wed,Thu,Fri
11:56:02,J14,Jeffery Jump,,Sun
10:52:01,60,Blue Island/26th,,Sun
13:54:52,20,Madison,,Sat
17:20:15,J14,Jeffery Jump,,Sun
10:02:01,60,Blue Island/26th,,Sun
18:18:31,20,Madison,,Mon,Tue,Wed,Thu,Fri
09:25:07,56,Milwaukee,,Sun
22:33:32,20,Madison,,Sat
09:09:13,124,Navy Pier,,Sun
15:47:04,56,Milwaukee,,Sat
19:15:14,20,Madison,,Sun
14:52:55,20,Madison,,Mon,Tue,Wed,Thu,Fri
18:30:08,J14,Jeffery Jump,,Sun
02:03:38,60,Blue Island/26th,,Tue,Wed,Thu,Fri,Sat
07:06:16,60,Blue Island/26th,,Mon,Tue,Wed,Thu,Fri
15:02:53,56,Milwaukee,,Mon,Tue,Wed,Thu,Fri
17:25:31,124,Navy Pier,,Mon,Tue,Wed,Thu,Fri
17:19:58,60,Blue Island/26th,,Mon,Tue,Wed,Thu,Fri
13:32:41,60,Blue Island/26th,,Sat
17:35:14,20,Madison,,Sun
12:34:57,124,Navy Pier,,Sat
01:58:51,20,Madison,,Sun
13:02:05,J14,Jeffery Jump,,Mon,Tue,Wed,Thu,Fri
20:41:14,20,Madison,,Sat
16:27:56,20,Madison,,Sat
17:32:54,56,Milwaukee,,Sun
13:51:24,60,Blue Island/26th,,Sun
08:27:49,56,Milwaukee,,Sun
16:48:34,J14,Jeffery Jump,,Mon,Tue,Wed,Thu,Fri
18:40:01,J14,Jeffery Jump,,Sun
11:57:14,20,Madison,,Sun
13:27:40,56,Milwaukee,,Sat
17:15:44,J14,Jeffery Jump,,Sat
09:10:12,124,Navy Pier,,Mon,Tue,Wed,Thu,Fri
12:52:05,J14,Jeffery Jump,,Mon,Tue,Wed,Thu,Fri
08:31:11,20,Madison,,Sat
08:04:29,20,Madison,,Sun
16:57:11,20,Madison,,Sun
06:40:37,60,Blue Island/26th,,Sat
14:01:33,20,Madison,,Mon,Tue,Wed,Thu,Fri
19:55:44,20,Madison,,Mon,Tue,Wed,Thu,Fri
20:10:08,J14,Jeffery Jump,,Sun
19:47:10,124,Navy Pier,,Mon,Tue,Wed,Thu,Fri
14:14:44,157,Streeterville/Taylor,,Mon,Tue,Wed,Thu,Fri
16:24:01,20,Madison,,Mon,Tue,Wed,Thu,Fri
11:51:51,60,Blue Island/26th,,Sun
11:39:12,157,Streeterville/Taylor,,Mon,Tue,Wed,Thu,Fri
19:10:01,J14,Jeffery Jump,,Sun
15:21:13,60,Blue Island/26th,,Sun
09:49:27,124,Navy Pier,,Mon,Tue,Wed,Thu,Fri
05:37:54,J14,Jeffery Jump,,Mon,Tue,Wed,Thu,Fri
11:32:05,J14,Jeffery Jump,,Mon,Tue,Wed,Thu,Fri
07:34:32,20,Madison,,Sun
08:14:29,56,Milwaukee,,Mon,Tue,Wed,Thu,Fri
17:30:23,J14,Jeffery Jump,,Sun
21:14:47,J14,Jeffery Jump,,Sat
11:43:39,60,Blue Island/26th,,Sat
16:39:01,20,Madison,,Mon,Tue,Wed,Thu,Fri
16:15:44,J14,Jeffery Jump,,Sat
18:42:25,20,Madison,,Mon,Tue,Wed,Thu,Fri
12:05:33,20,Madison,,Mon,Tue,Wed,Thu,Fri
22:10:48,124,Navy Pier,,Sat
15:18:44,157,Streeterville/Taylor,,Mon,Tue,Wed,Thu,Fri
18:08:54,56,Milwaukee,,Sun
20:25:23,J14,Jeffery Jump,,Sat
05:26:35,60,Blue Island/26th,,Mon,Tue,Wed,Thu,Fri
08:06:26,J14,Jeffery Jump,,Mon,Tue,Wed,Thu,Fri
13:41:24,60,Blue Island/26th,,Sun
03:04:01,60,Blue Island/26th,,Mon
19:09:38,60,Blue Island/26th,,Mon,Tue,Wed,Thu,Fri
17:11:19,60,Blue Island/26th,,Sat
00:43:51,20,Madison,,Mon
14:32:41,60,Blue Island/26th,,Sat
16:57:14,20,Madison,,Sun
08:03:14,20,Madison,,Sat
10:13:00,56,Milwaukee,,Sat
14:36:29,56,Milwaukee,,Mon,Tue,Wed,Thu,Fri
21:42:32,20,Madison,,Mon,Tue,Wed,Thu,Fri
01:58:54,20,Madison,,Sun
17:11:32,60,Blue Island/26th,,Sat
06:59:29,60,Blue Island/26th,,Sat
16:27:11,20,Madison,,Sun
09:57:14,20,Madison,,Sun
16:41:19,60,Blue Island/26th,,Sat
16:10:37,J14,Jeffery Jump,,Sun
21:28:53,20,Madison,,Sat
17:11:34,124,Navy Pier,,Sat
11:45:33,60,Blue Island/26th,,Mon,Tue,Wed,Thu,Fri
18:51:30,60,Blue Island/26th,,Mon,Tue,Wed,Thu,Fri
21:13:01,56,Milwaukee,,Sun
05:24:41,20,Madison,,Mon,Tue,Wed,Thu,Fri
15:37:14,20,Madison,,Sun
19:29:26,20,Madison,,Mon,Tue,Wed,Thu,Fri
20:53:59,60,Blue Island/26th,,Sun
08:14:25,56,Milwaukee,,Mon,Tue,Wed,Thu,Fri
15:12:32,60,Blue Island/26th,,Sat
23:15:02,20,Madison,,Mon,Tue,Wed,Thu,Fri
12:51:52,20,Madison,,Sat
07:18:37,J14,Jeffery Jump,,Mon,Tue,Wed,Thu,Fri
19:37:05,20,Madison,,Mon,Tue,Wed,Thu,Fri
09:02:14,60,Blue Island/26th,,Mon,Tue,Wed,Thu,Fri
15:00:10,56,Milwaukee,,Sat
17:28:58,60,Blue Island/26th,,Mon,Tue,Wed,Thu,Fri
13:07:14,20,Madison,,Sun
13:35:33,60,Blue Island/26th,,Mon,Tue,Wed,Thu,Fri
15:32:32,60,Blue Island/26th,,Sat
17:35:52,J14,Jeffery Jump,,Sat
20:55:41,20,Madison,,Mon,Tue,Wed,Thu,Fri
14:52:54,60,Blue Island/26th,,Sat
15:14:59,56,Milwaukee,,Mon,Tue,Wed,Thu,Fri
11:16:42,56,Milwaukee,,Sun
16:27:52,20,Madison,,Sat
08:05:31,60,Blue Island/26th,,Sat
09:01:46,20,Madison,,Mon,Tue,Wed,Thu,Fri
16:10:30,J14,Jeffery Jump,,Sun
05:07:24,20,Madison,,Mon,Tue,Wed,Thu,Fri
10:54:05,60,Blue Island/26th,,Sat
13:36:52,20,Madison,,Sat
17:54:52,20,Madison,,Sat
11:45:47,60,Blue Island/26th,,Mon,Tue,Wed,Thu,Fri
19:28:32,60,Blue Island/26th,,Mon,Tue,Wed,Thu,Fri
08:25:25,56,Milwaukee,,Mon,Tue,Wed,Thu,Fri
10:42:52,124,Navy Pier,,Mon,Tue,Wed,Thu,Fri
15:15:40,J14,Jeffery Jump,,Mon,Tue,Wed,Thu,Fri
13:02:15,J14,Jeffery Jump,,Sun
23:28:32,20,Madison,,Sun
24:13:51,20,Madison,,Sun
07:27:32,20,Madison,,Sat
07:23:48,157,Streeterville/Taylor,,Mon,Tue,Wed,Thu,Fri
16:19:04,124,Navy Pier,,Mon,Tue,Wed,Thu,Fri
17:27:06,J14,Jeffery Jump,,Mon,Tue,Wed,Thu,Fri
10:18:14,20,Madison,,Sat
14:22:08,J14,Jeffery Jump,,Sun
11:03:36,J14,Jeffery Jump,,Mon,Tue,Wed,Thu,Fri
15:17:14,20,Madison,,Sun
16:51:19,60,Blue Island/26th,,Sat
16:47:14,20,Madison,,Sun
16:37:14,20,Madison,,Sun
20:38:37,J14,Jeffery Jump,,Mon,Tue,Wed,Thu,Fri
12:47:14,20,Madison,,Sun
12:24:56,20,Madison,,Sat
20:21:14,20,Madison,,Sat
20:45:49,56,Milwaukee,,Mon,Tue,Wed,Thu,Fri
20:21:54,60,Blue Island/26th,,Mon,Tue,Wed,Thu,Fri
20:25:44,20,Madison,,Mon,Tue,Wed,Thu,Fri
15:07:50,J14,Jeffery Jump,,Mon,Tue,Wed,Thu,Fri
22:12:32,20,Madison,,Mon,Tue,Wed,Thu,Fri
02:58:54,20,Madison,,Mon
12:52:45,J14,Jeffery Jump,,Sun
12:42:56,20,Madison,,Sat
10:20:47,J14,Jeffery Jump,,Sat
08:36:46,20,Madison,,Mon,Tue,Wed,Thu,Fri
16:21:27,56,Milwaukee,,Mon,Tue,Wed,Thu,Fri
18:05:31,60,Blue Island/26th,,Sun
11:21:51,60,Blue Island/26th,,Sun
17:04:06,20,Madison,,Mon,Tue,Wed,Thu,Fri
13:19:56,56,Milwaukee,,Mon,Tue,Wed,Thu,Fri
06:42:32,20,Madison,,Sat
17:45:52,J14,Jeffery Jump,,Sat
12:59:04,56,Milwaukee,,Sat
07:44:37,60,Blue Island/26th,,Sun
15:27:14,20,Madison,,Sun
14:47:14,20,Madison,,Sun
11:03:27,J14,Jeffery Jump,,Mon,Tue,Wed,Thu,Fri
11:22:05,J14,Jeffery Jump,,Mon,Tue,Wed,Thu,Fri
19:12:21,20,Madison,,Mon,Tue,Wed,Thu,Fri
22:31:42,56,Milwaukee,,Mon,Tue,Wed,Thu,Fri
07:49:40,60,Blue Island/26th,,Mon,Tue,Wed,Thu,Fri
14:53:27,124,Navy Pier,,Sat
19:48:09,60,Blue Island/26th,,Sun
14:14:12,157,Streeterville/Taylor,,Mon,Tue,Wed,Thu,Fri
19:47:09,60,Blue Island/26th,,Mon,Tue,Wed,Thu,Fri
09:20:17,60,Blue Island/26th,,Mon,Tue,Wed,Thu,Fri
06:20:37,60,Blue Island/26th,,Sat
16:02:46,124,Navy Pier,,Sun
22:00:26,56,Milwaukee,,Sun
17:54:56,20,Madison,,Sat
11:26:09,J14,Jeffery Jump,,Sun
13:22:41,60,Blue Island/26th,,Sat
20:07:30,56,Milwaukee,,Mon,Tue,Wed,Thu,Fri
08:04:32,20,Madison,,Sun
07:49:29,20,Madison,,Sun
15:05:33,60,Blue Island/26th,,Mon,Tue,Wed,Thu,Fri
11:16:07,20,Madison,,Mon,Tue,Wed,Thu,Fri
10:48:52,124,Navy Pier,,Sat
16:02:40,J14,Jeffery Jump,,Mon,Tue,Wed,Thu,Fri
12:23:19,60,Blue Island/26th,,Sat
18:28:00,56,Milwaukee,,Mon,Tue,Wed,Thu,Fri
11:52:01,60,Blue Island/26th,,Sun
19:05:27,60,Blue Island/26th,,Sat
17:14:56,20,Madison,,Sat
20:28:01,56,Milwaukee,,Sun
16:27:40,J14,Jeffery Jump,,Mon,Tue,Wed,Thu,Fri
23:43:29,20,Madison,,Sun
14:12:08,J14,Jeffery Jump,,Sun
20:54:47,J14,Jeffery Jump,,Sat
16:31:32,60,Blue Island/26th,,Sat
16:18:56,56,Milwaukee,,Sat
20:07:29,60,Blue Island/26th,,Sun
18:23:40,60,Blue Island/26th,,Mon,Tue,Wed,Thu,Fri
18:27:49,56,Milwaukee,,Sun
18:44:27,J14,Jeffery Jump,,Mon,Tue,Wed,Thu,Fri
17:11:02,124,Navy Pier,,Sat
22:27:29,20,Madison,,Mon,Tue,Wed,Thu,Fri
09:51:51,60,Blue Island/26th,,Sun
15:47:14,20,Madison,,Sun
16:57:52,J14,Jeffery Jump,,Mon,Tue,Wed,Thu,Fri
07:48:37,J14,Jeffery Jump,,Mon,Tue,Wed,Thu,Fri
19:45:15,J14,Jeffery Jump,,Sat
14:42:54,60,Blue Island/26th,,Sat
21:08:30,J14,Jeffery Jump,,Mon,Tue,Wed,Thu,Fri
07:04:15,20,Madison,,Mon,Tue,Wed,Thu,Fri
17:41:22,157,Streeterville/Taylor,,Mon,Tue,Wed,Thu,Fri
07:42:47,60,Blue Island/26th,,Mon,Tue,Wed,Thu,Fri
08:32:06,60,Blue Island/26th,,Mon,Tue,Wed,Thu,Fri
18:05:14,20,Madison,,Sun
18:10:47,157,Streeterville/Taylor,,Mon,Tue,Wed,Thu,Fri
08:54:43,60,Blue Island/26th,,Sat
20:31:14,20,Madison,,Sat
01:58:51,20,Madison,,Mon
06:25:59,20,Madison,,Sat
13:57:10,56,Milwaukee,,Sat
13:37:37,20,Madison,,Mon,Tue,Wed,Thu,Fri
14:21:52,20,Madison,,Sat
14:42:08,J14,Jeffery Jump,,Sun
12:07:14,20,Madison,,Sun
09:37:11,20,Madison,,Sun
06:14:04,56,Milwaukee,,Sat
06:16:41,60,Blue Island/26th,,Mon,Tue,Wed,Thu,Fri
21:04:44,157,Streeterville/Taylor,,Mon,Tue,Wed,Thu,Fri
20:12:29,56,Milwaukee,,Sat
14:46:22,J14,Jeffery Jump,,Sat
12:46:34,56,Milwaukee,,Mon,Tue,Wed,Thu,Fri
06:37:15,56,Milwaukee,,Sat
09:30:00,60,Blue Island/26th,,Mon,Tue,Wed,Thu,Fri
10:34:16,60,Blue Island/26th,,Sat
15:11:24,60,Blue Island/26th,,Sun
13:58:46,124,Navy Pier,,Sun
15:27:11,20,Madison,,Sun
13:57:14,20,Madison,,Sun
21:06:07,56,Milwaukee,,Mon,Tue,Wed,Thu,Fri
16:09:01,20,Madison,,Mon,Tue,Wed,Thu,Fri
06:52:35,56,Milwaukee,,Mon,Tue,Wed,Thu,Fri
15:35:45,20,Madison,,Mon,Tue,Wed,Thu,Fri
21:36:59,20,Madison,,Sat
20:49:39,J14,Jeffery Jump,,Sun
15:50:21,60,Blue Island/26th,,Sun
01:37:23,60,Blue Island/26th,,Sun
14:36:28,124,Navy Pier,,Sat
21:09:19,56,Milwaukee,,Sat
13:27:58,124,Navy Pier,,Sat
10:25:33,60,Blue Island/26th,,Mon,Tue,Wed,Thu,Fri
19:31:23,56,Milwaukee,,Sat
14:02:08,J14,Jeffery Jump,,Sun
18:04:02,124,Navy Pier,,Sat
20:16:29,60,Blue Island/26th,,Sun
20:44:12,157,Streeterville/Taylor,,Mon,Tue,Wed,Thu,Fri
14:29:14,157,Streeterville/Taylor,,Mon,Tue,Wed,Thu,Fri
21:36:35,60,Blue Island/26th,,Mon,Tue,Wed,Thu,Fri
13:02:01,60,Blue Island/26th,,Sun
23:15:59,20,Madison,,Sun
08:09:01,56,Milwaukee,,Sat
01:05:08,60,Blue Island/26th,,Tue,Wed,Thu,Fri,Sat
23:28:29,20,Madison,,Sat
17:35:01,20,Madison,,Mon,Tue,Wed,Thu,Fri
18:45:37,J14,Jeffery Jump,,Sat
10:21:51,60,Blue Island/26th,,Sun
16:46:58,60,Blue Island/26th,,Mon,Tue,Wed,Thu,Fri
15:02:01,J14,Jeffery Jump,,Sun
21:09:32,J14,Jeffery Jump,,Sun
19:05:23,J14,Jeffery Jump,,Sat
11:35:47,60,Blue Island/26th,,Mon,Tue,Wed,Thu,Fri
10:36:03,20,Madison,,Mon,Tue,Wed,Thu,Fri
05:25:45,56,Milwaukee,,Sun
15:17:51,20,Madison,,Mon,Tue,Wed,Thu,Fri
06:26:47,60,Blue Island/26th,,Mon,Tue,Wed,Thu,Fri
22:03:32,20,Madison,,Sat
18:41:11,20,Madison,,Sat
18:18:36,20,Madison,,Mon,Tue,Wed,Thu,Fri
15:06:14,J14,Jeffery Jump,,Sat
02:28:51,20,Madison,,Tue,Wed,Thu,Fri,Sat
15:56:47,60,Blue Island/26th,,Mon,Tue,Wed,Thu,Fri
19:45:44,20,Madison,,Mon,Tue,Wed,Thu,Fri
17:25:44,J14,Jeffery Jump,,Sat
17:41:06,20,Madison,,Mon,Tue,Wed,Thu,Fri
18:35:42,J14,Jeffery Jump,,Mon,Tue,Wed,Thu,Fri
14:42:01,J14,Jeffery Jump,,Sun
19:15:16,60,Blue Island/26th,,Sat
16:55:40,60,Blue Island/26th,,Mon,Tue,Wed,Thu,Fri
17:01:32,60,Blue Island/26th,,Sat
06:41:00,J14,Jeffery Jump,,Mon,Tue,Wed,Thu,Fri
15:50:37,J14,Jeffery Jump,,Sun
05:25:07,56,Milwaukee,,Sat
14:47:12,124,Navy Pier,,Sun
17:38:43,60,Blue Island/26th,,Sun
21:09:24,56,Milwaukee,,Sat
16:59:24,60,Blue Island/26th,,Sun
20:35:39,60,Blue Island/26th,,Sun
16:54:06,20,Madison,,Mon,Tue,Wed,Thu,Fri
20:55:14,20,Madison,,Sun
13:27:34,56,Milwaukee,,Sat
10:45:22,56,Milwaukee,,Mon,Tue,Wed,Thu,Fri
17:30:15,J14,Jeffery Jump,,Sun
11:36:52,124,Navy Pier,,Mon,Tue,Wed,Thu,Fri
15:30:37,J14,Jeffery Jump,,Sun
14:16:00,56,Milwaukee,,Sun
11:55:33,60,Blue Island/26th,,Mon,Tue,Wed,Thu,Fri
10:46:09,J14,Jeffery Jump,,Sun
08:47:04,56,Milwaukee,,Mon,Tue,Wed,Thu,Fri
17:28:51,157,Streeterville/Taylor,,Mon,Tue,Wed,Thu,Fri
21:31:16,60,Blue Island/26th,,Sun
09:52:01,60,Blue Island/26th,,Sun
16:21:19,56,Milwaukee,,Mon,Tue,Wed,Thu,Fri
16:07:11,20,Madison,,Sun
14:35:33,60,Blue Island/26th,,Mon,Tue,Wed,Thu,Fri
13:52:08,J14,Jeffery Jump,,Sun
20:18:24,60,Blue Island/26th,,Sat
19:07:57,124,Navy Pier,,Mon,Tue,Wed,Thu,Fri
08:56:35,J14,Jeffery Jump,,Mon,Tue,Wed,Thu,Fri
11:42:27,124,Navy Pier,,Sat
15:11:13,60,Blue Island/26th,,Sun
22:25:19,56,Milwaukee,,Sun
19:02:57,J14,Jeffery Jump,,Mon,Tue,Wed,Thu,Fri
17:04:52,20,Madison,,Sat
10:35:47,60,Blue Island/26th,,Mon,Tue,Wed,Thu,Fri
18:20:01,J14,Jeffery Jump,,Sun
20:10:32,124,Navy Pier,,Mon,Tue,Wed,Thu,Fri
08:03:46,60,Blue Island/26th,,Sun
08:42:10,56,Milwaukee,,Mon,Tue,Wed,Thu,Fri
14:46:21,20,Madison,,Mon,Tue,Wed,Thu,Fri
15:31:50,J14,Jeffery Jump,,Mon,Tue,Wed,Thu,Fri
20:39:16,124,Navy Pier,,Sat
10:21:57,124,Navy Pier,,Sun
08:46:26,J14,Jeffery Jump,,Mon,Tue,Wed,Thu,Fri
02:34:01,60,Blue Island/26th,,Mon
22:12:29,20,Madison,,Mon,Tue,Wed,Thu,Fri
18:23:22,60,Blue Island/26th,,Mon,Tue,Wed,Thu,Fri
07:19:32,20,Madison,,Sun
08:01:46,20,Madison,,Mon,Tue,Wed,Thu,Fri
21:36:46,60,Blue Island/26th,,Mon,Tue,Wed,Thu,Fri
02:58:51,20,Madison,,Mon
17:19:06,20,Madison,,Mon,Tue,Wed,Thu,Fri
14:11:56,J14,Jeffery Jump,,Mon,Tue,Wed,Thu,Fri
16:40:19,56,Milwaukee,,Mon,Tue,Wed,Thu,Fri
14:51:24,60,Blue Island/26th,,Sun
19:11:11,20,Madison,,Sat
19:08:09,60,Blue Island/26th,,Sun
18:27:01,20,Madison,,Mon,Tue,Wed,Thu,Fri
18:46:19,56,Milwaukee,,Sun
23:27:29,20,Madison,,Mon,Tue,Wed,Thu,Fri
20:27:13,60,Blue Island/26th,,Sat
13:21:13,60,Blue Island/26th,,Sun
16:09:40,J14,Jeffery Jump,,Mon,Tue,Wed,Thu,Fri
10:02:16,124,Navy Pier,,Sat
10:37:11,20,Madison,,Sun
17:03:24,157,Streeterville/Taylor,,Mon,Tue,Wed,Thu,Fri
12:31:51,60,Blue Island/26th,,Sun
05:56:53,60,Blue Island/26th,,Sun
19:21:14,20,Madison,,Sat
09:26:40,56,Milwaukee,,Mon,Tue,Wed,Thu,Fri
19:25:15,J14,Jeffery Jump,,Sat
15:37:46,124,Navy Pier,,Sun
01:58:54,20,Madison,,Tue,Wed,Thu,Fri,Sat
07:38:37,J14,Jeffery Jump,,Mon,Tue,Wed,Thu,Fri
15:21:24,60,Blue Island/26th,,Sun
19:55:15,J14,Jeffery Jump,,Sat
12:45:33,60,Blue Island/26th,,Mon,Tue,Wed,Thu,Fri
19:21:11,20,Madison,,Sat
24:13:54,20,Madison,,Sat
06:41:30,56,Milwaukee,,Mon,Tue,Wed,Thu,Fri
03:03:31,60,Blue Island/26th,,Tue,Wed,Thu,Fri,Sat
08:17:48,J14,Jeffery Jump,,Sun
14:01:37,20,Madison,,Mon,Tue,Wed,Thu,Fri
19:04:07,56,Milwaukee,,Sun
14:22:46,124,Navy Pier,,Sun
04:33:23,60,Blue Island/26th,,Sat
12:02:05,J14,Jeffery Jump,,Mon,Tue,Wed,Thu,Fri
13:23:44,157,Streeterville/Taylor,,Mon,Tue,Wed,Thu,Fri
14:01:13,60,Blue Island/26th,,Sun
02:28:51,20,Madison,,Sun
15:07:14,20,Madison,,Sun
18:15:44,J14,Jeffery Jump,,Sat
15:45:52,J14,Jeffery Jump,,Sat
17:02:22,J14,Jeffery Jump,,Mon,Tue,Wed,Thu,Fri
21:23:52,124,Navy Pier,,Mon,Tue,Wed,Thu,Fri
20:09:13,60,Blue Island/26th,,Sat
22:18:32,20,Madison,,Sat
13:31:13,60,Blue Island/26th,,Sun
14:22:01,J14,Jeffery Jump,,Sun
14:48:56,20,Madison,,Sat
22:18:07,60,Blue Island/26th,,Sun
07:51:41,20,Madison,,Mon,Tue,Wed,Thu,Fri
01:05:01,60,Blue Island/26th,,Mon
11:20:31,J14,Jeffery Jump,,Sat
14:39:25,20,Madison,,Mon,Tue,Wed,Thu,Fri
21:17:35,60,Blue Island/26th,,Mon,Tue,Wed,Thu,Fri
16:36:41,157,Streeterville/Taylor,,Mon,Tue,Wed,Thu,Fri
08:47:11,20,Madison,,Sun
11:45:37,20,Madison,,Mon,Tue,Wed,Thu,Fri
12:13:15,56,Milwaukee,,Mon,Tue,Wed,Thu,Fri
11:07:58,124,Navy Pier,,Sat
05:37:49,J14,Jeffery Jump,,Mon,Tue,Wed,Thu,Fri
02:28:54,20,Madison,,Tue,Wed,Thu,Fri,Sat
11:39:37,J14,Jeffery Jump,,Sat
09:06:38,56,Milwaukee,,Mon,Tue,Wed,Thu,Fri
18:20:19,60,Blue Island/26th,,Sat
07:19:29,20,Madison,,Sun
08:15:21,60,Blue Island/26th,,Sat
13:42:08,J14,Jeffery Jump,,Sun
21:38:30,J14,Jeffery Jump,,Mon,Tue,Wed,Thu,Fri
08:37:48,J14,Jeffery Jump,,Sun
19:11:14,20,Madison,,Sat
17:29:31,20,Madison,,Mon,Tue,Wed,Thu,Fri
10:40:24,56,Milwaukee,,Sun
19:45:14,20,Madison,,Sun
19:41:35,60,Blue Island/26th,,Sat
15:06:56,20,Madison,,Sat
15:11:45,J14,Jeffery Jump,,Sun
10:45:15,56,Milwaukee,,Mon,Tue,Wed,Thu,Fri
20:16:16,124,Navy Pier,,Sat
07:27:29,20,Madison,,Sat
05:29:19,J14,Jeffery Jump,,Mon,Tue,Wed,Thu,Fri
07:07:34,157,Streeterville/Taylor,,Mon,Tue,Wed,Thu,Fri
10:08:14,20,Madison,,Sat
20:15:48,124,Navy Pier,,Sat
06:08:32,20,Madison,,Sat
02:58:54,20,Madison,,Tue,Wed,Thu,Fri,Sat
12:41:56,J14,Jeffery Jump,,Mon,Tue,Wed,Thu,Fri
11:34:02,124,Navy Pier,,Sun
20:25:15,J14,Jeffery Jump,,Sat
06:26:41,20,Madison,,Mon,Tue,Wed,Thu,Fri
08:16:46,20,Madison,,Mon,Tue,Wed,Thu,Fri
17:02:33,J14,Jeffery Jump,,Mon,Tue,Wed,Thu,Fri
22:01:51,60,Blue Island/26th,,Sat
08:02:14,157,Streeterville/Taylor,,Mon,Tue,Wed,Thu,Fri
16:28:46,124,Navy Pier,,Sun
11:22:01,60,Blue Island/26th,,Sun
07:23:23,60,Blue Island/26th,,Sun
05:29:24,J14,Jeffery Jump,,Mon,Tue,Wed,Thu,Fri
16:00:37,J14,Jeffery Jump,,Sun
13:22:05,J14,Jeffery Jump,,Mon,Tue,Wed,Thu,Fri
07:17:39,60,Blue Island/26th,,Sat
16:11:49,60,Blue Island/26th,,Sat
12:56:44,J14,Jeffery Jump,,Sat
18:28:05,56,Milwaukee,,Mon,Tue,Wed,Thu,Fri
15:11:51,20,Madison,,Mon,Tue,Wed,Thu,Fri
13:59:05,56,Milwaukee,,Sun
12:23:32,60,Blue Island/26th,,Sat
15:24:02,60,Blue Island/26th,,Mon,Tue,Wed,Thu,Fri
20:12:24,60,Blue Island/26th,,Mon,Tue,Wed,Thu,Fri
14:22:54,60,Blue Island/26th,,Sat
05:49:29,20,Madison,,Sat
12:42:29,56,Milwaukee,,Sat
15:00:04,56,Milwaukee,,Sat
21:21:46,60,Blue Island/26th,,Sun
18:13:10,56,Milwaukee,,Mon,Tue,Wed,Thu,Fri
13:57:12,157,Streeterville/Taylor,,Mon,Tue,Wed,Thu,Fri
11:32:01,60,Blue Island/26th,,Sun
18:17:50,J14,Jeffery Jump,,Mon,Tue,Wed,Thu,Fri
15:57:14,20,Madison,,Sun
21:17:46,60,Blue Island/26th,,Mon,Tue,Wed,Thu,Fri
06:29:35,56,Milwaukee,,Mon,Tue,Wed,Thu,Fri
11:09:05,56,Milwaukee,,Sat
07:12:29,20,Madison,,Sat
23:41:16,60,Blue Island/26th,,Sat
20:15:11,20,Madison,,Sun
22:33:32,20,Madison,,Sun
09:50:04,124,Navy Pier,,Mon,Tue,Wed,Thu,Fri
19:18:09,60,Blue Island/26th,,Sun
01:34:23,60,Blue Island/26th,,Mon
10:16:39,J14,Jeffery Jump,,Sun
17:46:19,56,Milwaukee,,Mon,Tue,Wed,Thu,Fri
23:58:51,20,Madison,,Sun
22:59:16,60,Blue Island/26th,,Sun
09:47:11,20,Madison,,Sun
04:28:51,20,Madison,,Sat
09:52:54,56,Milwaukee,,Sat
19:24:44,157,Streeterville/Taylor,,Mon,Tue,Wed,Thu,Fri
07:59:24,J14,Jeffery Jump,,Sat
02:33:38,60,Blue Island/26th,,Tue,Wed,Thu,Fri,Sat
15:30:31,60,Blue Island/26th,,Sun
12:25:33,20,Madison,,Mon,Tue,Wed,Thu,Fri
05:26:46,60,Blue Island/26th,,Mon,Tue,Wed,Thu,Fri
02:58:51,20,Madison,,Sun
06:26:02,20,Madison,,Sat
18:32:52,124,Navy Pier,,Mon,Tue,Wed,Thu,Fri
18:37:57,60,Blue Island/26th,,Sat
17:14:49,56,Milwaukee,,Sun
16:40:23,J14,Jeffery Jump,,Sun
15:21:15,J14,Jeffery Jump,,Sun
11:56:08,56,Milwaukee,,Mon,Tue,Wed,Thu,Fri
19:47:59,60,Blue Island/26th,,Sun
05:46:45,20,Madison,,Mon,Tue,Wed,Thu,Fri
19:16:05,56,Milwaukee,,Mon,Tue,Wed,Thu,Fri
06:01:46,60,Blue Island/26th,,Sat
18:42:21,20,Madison,,Mon,Tue,Wed,Thu,Fri
21:39:46,60,Blue Island/26th,,Sun
06:50:04,157,Streeterville/Taylor,,Mon,Tue,Wed,Thu,Fri
20:59:32,J14,Jeffery Jump,,Sun
18:27:06,20,Madison,,Mon,Tue,Wed,Thu,Fri
09:36:32,J14,Jeffery Jump,,Sun
16:50:19,56,Milwaukee,,Mon,Tue,Wed,Thu,Fri
17:20:46,124,Navy Pier,,Sun
13:52:41,60,Blue Island/26th,,Sat
13:26:22,J14,Jeffery Jump,,Sat
13:12:05,J14,Jeffery Jump,,Mon,Tue,Wed,Thu,Fri
09:30:17,60,Blue Island/26th,,Mon,Tue,Wed,Thu,Fri
23:18:37,60,Blue Island/26th,,Sat
05:47:19,60,Blue Island/26th,,Mon,Tue,Wed,Thu,Fri
10:16:03,20,Madison,,Mon,Tue,Wed,Thu,Fri
12:15:47,60,Blue Island/26th,,Mon,Tue,Wed,Thu,Fri
11:41:51,60,Blue Island/26th,,Sun
19:33:16,60,Blue Island/26th,,Sat
07:35:55,60,Blue Island/26th,,Mon,Tue,Wed,Thu,Fri
05:48:29,20,Madison,,Sun
21:05:14,20,Madison,,Sun
13:53:33,20,Madison,,Mon,Tue,Wed,Thu,Fri
09:08:23,157,Streeterville/Taylor,,Mon,Tue,Wed,Thu,Fri
15:29:45,20,Madison,,Mon,Tue,Wed,Thu,Fri
21:09:39,J14,Jeffery Jump,,Sun
12:15:37,20,Madison,,Mon,Tue,Wed,Thu,Fri
22:19:09,J14,Jeffery Jump,,Sat
11:15:47,60,Blue Island/26th,,Mon,Tue,Wed,Thu,Fri
19:55:27,124,Navy Pier,,Sat
16:44:01,20,Madison,,Mon,Tue,Wed,Thu,Fri
06:26:33,60,Blue Island/26th,,Mon,Tue,Wed,Thu,Fri
08:03:32,60,Blue Island/26th,,Mon,Tue,Wed,Thu,Fri
06:52:30,56,Milwaukee,,Mon,Tue,Wed,Thu,Fri
17:52:23,J14,Jeffery Jump,,Mon,Tue,Wed,Thu,Fri
19:57:46,124,Navy Pier,,Sun
12:43:07,20,Madison,,Mon,Tue,Wed,Thu,Fri
16:17:11,20,Madison,,Sun
13:27:52,20,Madison,,Sat
05:26:29,20,Madison,,Sat
08:16:44,60,Blue Island/26th,,Mon,Tue,Wed,Thu,Fri
09:11:34,124,Navy Pier,,Sat
23:17:39,J14,Jeffery Jump,,Mon,Tue,Wed,Thu,Fri
15:42:52,20,Madison,,Sat
13:02:54,60,Blue Island/26th,,Sat
14:22:41,60,Blue Island/26th,,Sat
08:35:10,56,Milwaukee,,Mon,Tue,Wed,Thu,Fri
11:05:33,60,Blue Island/26th,,Mon,Tue,Wed,Thu,Fri
13:45:37,20,Madison,,Mon,Tue,Wed,Thu,Fri
18:08:55,J14,Jeffery Jump,,Mon,Tue,Wed,Thu,Fri
10:45:47,60,Blue Island/26th,,Mon,Tue,Wed,Thu,Fri
17:17:14,20,Madison,,Sun
11:17:56,20,Madison,,Sat
13:56:14,J14,Jeffery Jump,,Sat
06:32:04,157,Streeterville/Taylor,,Mon,Tue,Wed,Thu,Fri
17:11:40,60,Blue Island/26th,,Mon,Tue,Wed,Thu,Fri
18:33:05,20,Madison,,Sat
12:22:01,60,Blue Island/26th,,Sun
15:15:50,J14,Jeffery Jump,,Mon,Tue,Wed,Thu,Fri
10:40:47,J14,Jeffery Jump,,Sat
12:12:53,56,Milwaukee,,Sat
21:48:22,124,Navy Pier,,Mon,Tue,Wed,Thu,Fri
08:47:14,20,Madison,,Sun
07:24:19,56,Milwaukee,,Sat
00:43:54,20,Madison,,Mon
16:35:26,56,Milwaukee,,Sat
08:51:41,20,Madison,,Mon,Tue,Wed,Thu,Fri
18:59:35,56,Milwaukee,,Mon,Tue,Wed,Thu,Fri
21:14:53,J14,Jeffery Jump,,Sat
18:32:12,124,Navy Pier,,Mon,Tue,Wed,Thu,Fri
05:19:24,J14,Jeffery Jump,,Mon,Tue,Wed,Thu,Fri
14:25:37,20,Madison,,Mon,Tue,Wed,Thu,Fri
09:55:28,J14,Jeffery Jump,,Mon,Tue,Wed,Thu,Fri
13:45:28,124,Navy Pier,,Sat
11:15:33,60,Blue Island/26th,,Mon,Tue,Wed,Thu,Fri
04:28:51,20,Madison,,Mon,Tue,Wed,Thu,Fri
10:53:43,J14,Jeffery Jump,,Mon,Tue,Wed,Thu,Fri
12:06:44,J14,Jeffery Jump,,Sat
13:45:33,20,Madison,,Mon,Tue,Wed,Thu,Fri
14:57:14,20,Madison,,Sun
15:30:30,J14,Jeffery Jump,,Sun
08:27:48,J14,Jeffery Jump,,Sun
13:37:11,20,Madison,,Sun
17:37:33,J14,Jeffery Jump,,Mon,Tue,Wed,Thu,Fri
17:13:36,20,Madison,,Mon,Tue,Wed,Thu,Fri
21:19:48,J14,Jeffery Jump,,Sun
06:36:41,20,Madison,,Mon,Tue,Wed,Thu,Fri
20:05:11,20,Madison,,Sun
05:48:32,20,Madison,,Sun
16:18:57,124,Navy Pier,,Sat
16:53:57,124,Navy Pier,,Sat
16:31:19,60,Blue Island/26th,,Sat
22:33:24,56,Milwaukee,,Sat
13:57:04,56,Milwaukee,,Sat
11:48:00,J14,Jeffery Jump,,Sat
06:31:45,J14,Jeffery Jump,,Mon,Tue,Wed,Thu,Fri
05:00:45,56,Milwaukee,,Sun
19:04:12,56,Milwaukee,,Sun
19:24:12,157,Streeterville/Taylor,,Mon,Tue,Wed,Thu,Fri
21:50:37,J14,Jeffery Jump,,Mon,Tue,Wed,Thu,Fri
12:35:33,60,Blue Island/26th,,Mon,Tue,Wed,Thu,Fri
14:32:54,60,Blue Island/26th,,Sat
07:18:28,J14,Jeffery Jump,,Mon,Tue,Wed,Thu,Fri
17:38:54,60,Blue Island/26th,,Sun
15:40:02,60,Blue Island/26th,,Mon,Tue,Wed,Thu,Fri
16:33:40,J14,Jeffery Jump,,Mon,Tue,Wed,Thu,Fri
12:35:37,20,Madison,,Mon,Tue,Wed,Thu,Fri
10:22:28,124,Navy Pier,,Sun
07:36:01,20,Madison,,Mon,Tue,Wed,Thu,Fri
10:36:09,J14,Jeffery Jump,,Sun
17:19:24,60,Blue Island/26th,,Sun
13:42:54,60,Blue Island/26th,,Sat
15:25:53,56,Milwaukee,,Mon,Tue,Wed,Thu,Fri
06:56:45,20,Madison,,Mon,Tue,Wed,Thu,Fri
10:16:17,60,Blue Island/26th,,Mon,Tue,Wed,Thu,Fri
08:54:54,60,Blue Island/26th,,Sat
11:53:54,56,Milwaukee,,Sun
12:16:44,J14,Jeffery Jump,,Sat
17:44:38,J14,Jeffery Jump,,Mon,Tue,Wed,Thu,Fri
07:29:17,56,Milwaukee,,Mon,Tue,Wed,Thu,Fri
10:41:51,60,Blue Island/26th,,Sun
17:55:44,J14,Jeffery Jump,,Sat
04:28:51,20,Madison,,Sun
12:04:58,124,Navy Pier,,Mon,Tue,Wed,Thu,Fri
14:18:27,124,Navy Pier,,Sat
10:26:03,20,Madison,,Mon,Tue,Wed,Thu,Fri
14:49:28,124,Navy Pier,,Mon,Tue,Wed,Thu,Fri
14:45:33,60,Blue Island/26th,,Mon,Tue,Wed,Thu,Fri
21:19:53,20,Madison,,Sat
23:38:31,60,Blue Island/26th,,Mon,Tue,Wed,Thu,Fri
21:12:56,56,Milwaukee,,Sun
18:15:01,60,Blue Island/26th,,Sun
16:01:15,56,Milwaukee,,Mon,Tue,Wed,Thu,Fri
12:13:00,56,Milwaukee,,Sun
16:29:13,60,Blue Island/26th,,Sun
15:48:25,60,Blue Island/26th,,Mon,Tue,Wed,Thu,Fri
19:00:08,J14,Jeffery Jump,,Sun
13:54:34,124,Navy Pier,,Mon,Tue,Wed,Thu,Fri
08:52:46,60,Blue Island/26th,,Sun
00:38:01,60,Blue Island/26th,,Sun
11:36:09,J14,Jeffery Jump,,Sun
03:28:51,20,Madison,,Tue,Wed,Thu,Fri,Sat
07:48:28,J14,Jeffery Jump,,Mon,Tue,Wed,Thu,Fri
08:44:24,J14,Jeffery Jump,,Sat
14:18:07,20,Madison,,Mon,Tue,Wed,Thu,Fri
07:35:38,60,Blue Island/26th,,Mon,Tue,Wed,Thu,Fri
14:52:01,J14,Jeffery Jump,,Sun
05:57:09,J14,Jeffery Jump,,Mon,Tue,Wed,Thu,Fri
16:54:56,20,Madison,,Sat
11:47:52,20,Madison,,Sat
23:41:07,60,Blue Island/26th,,Sat
16:12:02,60,Blue Island/26th,,Sat
06:24:17,J14,Jeffery Jump,,Mon,Tue,Wed,Thu,Fri
09:34:54,60,Blue Island/26th,,Sat
13:07:11,20,Madison,,Sun
15:05:05,56,Milwaukee,,Sun
01:34:31,60,Blue Island/26th,,Mon
14:12:41,60,Blue Island/26th,,Sat
09:48:11,20,Madison,,Sat
11:31:56,J14,Jeffery Jump,,Mon,Tue,Wed,Thu,Fri
14:31:13,60,Blue Island/26th,,Sun
15:29:41,20,Madison,,Mon,Tue,Wed,Thu,Fri
16:08:53,157,Streeterville/Taylor,,Mon,Tue,Wed,Thu,Fri
17:33:49,56,Milwaukee,,Mon,Tue,Wed,Thu,Fri
21:11:59,60,Blue Island/26th,,Sun
04:04:23,60,Blue Island/26th,,Mon,Tue,Wed,Thu,Fri
15:05:51,20,Madison,,Mon,Tue,Wed,Thu,Fri
20:41:11,20,Madison,,Sat
11:56:40,56,Milwaukee,,Sat
12:33:57,157,Streeterville/Taylor,,Mon,Tue,Wed,Thu,Fri
15:48:08,60,Blue Island/26th,,Mon,Tue,Wed,Thu,Fri
10:26:32,J14,Jeffery Jump,,Sun
13:58:12,124,Navy Pier,,Sun
16:28:12,124,Navy Pier,,Sun
09:36:06,J14,Jeffery Jump,,Mon,Tue,Wed,Thu,Fri
13:12:15,J14,Jeffery Jump,,Sun
02:03:31,60,Blue Island/26th,,Tue,Wed,Thu,Fri,Sat
07:38:28,J14,Jeffery Jump,,Mon,Tue,Wed,Thu,Fri
13:41:35,56,Milwaukee,,Sun
16:39:25,J14,Jeffery Jump,,Mon,Tue,Wed,Thu,Fri
17:55:14,20,Madison,,Sun
01:28:51,20,Madison,,Mon
00:34:53,60,Blue Island/26th,,Mon
17:00:27,56,Milwaukee,,Mon,Tue,Wed,Thu,Fri
13:10:46,124,Navy Pier,,Sun
14:28:42,157,Streeterville/Taylor,,Mon,Tue,Wed,Thu,Fri
18:41:14,20,Madison,,Sat
13:51:13,60,Blue Island/26th,,Sun
19:45:23,J14,Jeffery Jump,,Sat
16:24:06,20,Madison,,Mon,Tue,Wed,Thu,Fri
22:36:39,60,Blue Island/26th,,Mon,Tue,Wed,Thu,Fri
01:37:31,60,Blue Island/26th,,Sun
18:58:29,60,Blue Island/26th,,Sun
08:45:13,124,Navy Pier,,Sun
09:21:53,J14,Jeffery Jump,,Sat
11:46:09,J14,Jeffery Jump,,Sun
02:04:01,60,Blue Island/26th,,Mon
13:13:37,20,Madison,,Mon,Tue,Wed,Thu,Fri
05:49:32,20,Madison,,Sat
21:27:39,60,Blue Island/26th,,Mon,Tue,Wed,Thu,Fri
07:41:26,20,Madison,,Mon,Tue,Wed,Thu,Fri
06:05:24,J14,Jeffery Jump,,Mon,Tue,Wed,Thu,Fri
10:49:35,56,Milwaukee,,Sat
23:17:32,J14,Jeffery Jump,,Mon,Tue,Wed,Thu,Fri
17:20:18,60,Blue Island/26th,,Mon,Tue,Wed,Thu,Fri
04:45:51,20,Madison,,Mon,Tue,Wed,Thu,Fri
21:19:54,J14,Jeffery Jump,,Sun
18:04:34,124,Navy Pier,,Sat
13:10:28,124,Navy Pier,,Sat
21:01:11,20,Madison,,Sat
02:28:54,20,Madison,,Mon
23:27:32,20,Madison,,Mon,Tue,Wed,Thu,Fri
16:02:02,60,Blue Island/26th,,Sat
17:45:44,J14,Jeffery Jump,,Sat
20:58:30,J14,Jeffery Jump,,Mon,Tue,Wed,Thu,Fri
05:46:41,20,Madison,,Mon,Tue,Wed,Thu,Fri
19:15:23,J14,Jeffery Jump,,Sat
01:28:54,20,Madison,,Mon
10:11:51,60,Blue Island/26th,,Sun
15:27:58,124,Navy Pier,,Sat
12:11:56,J14,Jeffery Jump,,Mon,Tue,Wed,Thu,Fri
17:00:23,J14,Jeffery Jump,,Sun
07:16:02,60,Blue Island/26th,,Mon,Tue,Wed,Thu,Fri
18:16:10,124,Navy Pier,,Mon,Tue,Wed,Thu,Fri
16:45:52,J14,Jeffery Jump,,Sat
18:14:52,20,Madison,,Sat
10:12:10,56,Milwaukee,,Mon,Tue,Wed,Thu,Fri
10:10:53,J14,Jeffery Jump,,Sat
03:34:23,60,Blue Island/26th,,Tue,Wed,Thu,Fri,Sat
18:14:14,60,Blue Island/26th,,Mon,Tue,Wed,Thu,Fri
22:08:24,J14,Jeffery Jump,,Sun
09:38:55,60,Blue Island/26th,,Mon,Tue,Wed,Thu,Fri
10:07:11,20,Madison,,Sun
00:35:01,60,Blue Island/26th,,Mon
08:11:41,20,Madison,,Mon,Tue,Wed,Thu,Fri
20:34:52,124,Navy Pier,,Mon,Tue,Wed,Thu,Fri
21:28:30,J14,Jeffery Jump,,Mon,Tue,Wed,Thu,Fri
19:39:44,J14,Jeffery Jump,,Mon,Tue,Wed,Thu,Fri
07:46:15,56,Milwaukee,,Sat
11:26:03,20,Madison,,Mon,Tue,Wed,Thu,Fri
18:20:08,J14,Jeffery Jump,,Sun
09:30:07,124,Navy Pier,,Mon,Tue,Wed,Thu,Fri
21:24:22,124,Navy Pier,,Mon,Tue,Wed,Thu,Fri
19:35:23,J14,Jeffery Jump,,Sat
10:58:37,56,Milwaukee,,Sun
16:00:56,20,Madison,,Sat
24:13:51,20,Madison,,Sat
13:46:14,J14,Jeffery Jump,,Sat
19:00:08,60,Blue Island/26th,,Mon,Tue,Wed,Thu,Fri
09:07:54,J14,Jeffery Jump,,Sun
17:44:52,20,Madison,,Sat
03:58:54,20,Madison,,Sun
13:44:57,124,Navy Pier,,Sat
21:27:27,60,Blue Island/26th,,Mon,Tue,Wed,Thu,Fri
06:45:59,20,Madison,,Sun
12:49:44,157,Streeterville/Taylor,,Mon,Tue,Wed,Thu,Fri
19:24:16,60,Blue Island/26th,,Sat
17:55:21,60,Blue Island/26th,,Sun
09:33:40,124,Navy Pier,,Sun
11:25:33,60,Blue Island/26th,,Mon,Tue,Wed,Thu,Fri
14:36:14,J14,Jeffery Jump,,Sat
09:04:43,60,Blue Island/26th,,Sat
19:40:01,J14,Jeffery Jump,,Sun
13:13:34,56,Milwaukee,,Sat
19:55:14,20,Madison,,Sun
07:17:29,60,Blue Island/26th,,Sat
14:02:58,124,Navy Pier,,Sat
20:32:41,56,Milwaukee,,Sat
17:19:13,60,Blue Island/26th,,Sun
19:49:22,J14,Jeffery Jump,,Mon,Tue,Wed,Thu,Fri
18:23:01,60,Blue Island/26th,,Sun
19:25:11,20,Madison,,Sun
11:37:52,20,Madison,,Sat
14:41:13,60,Blue Island/26th,,Sun
12:51:56,20,Madison,,Sat
15:24:56,20,Madison,,Sat
03:07:38,60,Blue Island/26th,,Sun
08:55:02,60,Blue Island/26th,,Mon,Tue,Wed,Thu,Fri
18:42:17,60,Blue Island/26th,,Mon,Tue,Wed,Thu,Fri
04:04:01,60,Blue Island/26th,,Sun
16:30:37,J14,Jeffery Jump,,Sun
10:08:11,20,Madison,,Sat
04:31:38,60,Blue Island/26th,,Sun
04:38:16,60,Blue Island/26th,,Mon,Tue,Wed,Thu,Fri
21:15:14,20,Madison,,Mon,Tue,Wed,Thu,Fri
16:20:37,J14,Jeffery Jump,,Sun
22:47:53,J14,Jeffery Jump,,Mon,Tue,Wed,Thu,Fri
08:26:26,J14,Jeffery Jump,,Mon,Tue,Wed,Thu,Fri
11:42:01,60,Blue Island/26th,,Sun
08:54:02,J14,Jeffery Jump,,Sat
17:10:15,J14,Jeffery Jump,,Sun
07:11:45,20,Madison,,Mon,Tue,Wed,Thu,Fri
05:37:09,60,Blue Island/26th,,Mon,Tue,Wed,Thu,Fri
13:16:14,J14,Jeffery Jump,,Sat
17:24:01,20,Madison,,Mon,Tue,Wed,Thu,Fri
12:59:10,56,Milwaukee,,Sat
21:33:01,60,Blue Island/26th,,Sat
08:15:31,60,Blue Island/26th,,Sat
09:12:37,60,Blue Island/26th,,Sun
16:40:36,124,Navy Pier,,Mon,Tue,Wed,Thu,Fri
08:42:08,56,Milwaukee,,Mon,Tue,Wed,Thu,Fri
06:07:59,20,Madison,,Sun
19:51:59,56,Milwaukee,,Sat
09:35:57,J14,Jeffery Jump,,Mon,Tue,Wed,Thu,Fri
05:07:21,20,Madison,,Mon,Tue,Wed,Thu,Fri
06:27:02,20,Madison,,Sun
11:09:00,56,Milwaukee,,Sat
05:16:05,60,Blue Island/26th,,Mon,Tue,Wed,Thu,Fri
19:51:53,56,Milwaukee,,Sat
13:21:56,J14,Jeffery Jump,,Mon,Tue,Wed,Thu,Fri
21:42:51,60,Blue Island/26th,,Sat
12:33:52,20,Madison,,Sat
08:58:11,20,Madison,,Sat
14:21:24,60,Blue Island/26th,,Sun
19:56:03,60,Blue Island/26th,,Mon,Tue,Wed,Thu,Fri
21:51:19,56,Milwaukee,,Sat
19:00:01,J14,Jeffery Jump,,Sun
08:32:25,60,Blue Island/26th,,Mon,Tue,Wed,Thu,Fri
18:46:14,157,Streeterville/Taylor,,Mon,Tue,Wed,Thu,Fri
22:33:19,56,Milwaukee,,Sat
06:29:30,56,Milwaukee,,Mon,Tue,Wed,Thu,Fri
17:52:34,J14,Jeffery Jump,,Mon,Tue,Wed,Thu,Fri
03:34:51,20,Madison,,Mon,Tue,Wed,Thu,Fri
16:54:12,124,Navy Pier,,Sun
09:36:39,J14,Jeffery Jump,,Sun
01:28:51,20,Madison,,Tue,Wed,Thu,Fri,Sat
21:03:09,60,Blue Island/26th,,Sun
23:03:32,20,Madison,,Sun
11:59:57,124,Navy Pier,,Sat
17:00:15,J14,Jeffery Jump,,Sun
08:31:46,20,Madison,,Mon,Tue,Wed,Thu,Fri
11:35:33,60,Blue Island/26th,,Mon,Tue,Wed,Thu,Fri
07:05:35,56,Milwaukee,,Mon,Tue,Wed,Thu,Fri
07:01:01,56,Milwaukee,,Sat
14:55:33,60,Blue Island/26th,,Mon,Tue,Wed,Thu,Fri
08:56:41,20,Madison,,Mon,Tue,Wed,Thu,Fri
09:03:02,J14,Jeffery Jump,,Sat
00:43:54,20,Madison,,Tue,Wed,Thu,Fri,Sat
11:17:14,20,Madison,,Sun
17:35:06,20,Madison,,Mon,Tue,Wed,Thu,Fri
17:17:11,20,Madison,,Sun
15:47:10,56,Milwaukee,,Sat
06:08:29,20,Madison,,Sat
10:13:05,56,Milwaukee,,Sat
13:15:47,60,Blue Island/26th,,Mon,Tue,Wed,Thu,Fri
14:48:52,20,Madison,,Sat
05:57:32,60,Blue Island/26th,,Mon,Tue,Wed,Thu,Fri
22:36:09,J14,Jeffery Jump,,Sat
19:07:59,60,Blue Island/26th,,Sun
08:44:18,J14,Jeffery Jump,,Sat
08:57:48,J14,Jeffery Jump,,Sun
19:45:11,20,Madison,,Sun
22:57:07,60,Blue Island/26th,,Mon,Tue,Wed,Thu,Fri
09:41:24,157,Streeterville/Taylor,,Mon,Tue,Wed,Thu,Fri
15:05:55,20,Madison,,Mon,Tue,Wed,Thu,Fri
18:50:02,124,Navy Pier,,Mon,Tue,Wed,Thu,Fri
11:57:44,157,Streeterville/Taylor,,Mon,Tue,Wed,Thu,Fri
20:35:41,20,Madison,,Mon,Tue,Wed,Thu,Fri
21:04:47,J14,Jeffery Jump,,Sat
05:50:56,56,Milwaukee,,Sat
23:16:02,20,Madison,,Sat
22:38:16,60,Blue Island/26th,,Sun
12:52:27,124,Navy Pier,,Sat
13:06:35,56,Milwaukee,,Sun
13:25:33,60,Blue Island/26th,,Mon,Tue,Wed,Thu,Fri
14:22:23,56,Milwaukee,,Mon,Tue,Wed,Thu,Fri
16:09:56,20,Madison,,Sat
13:18:56,20,Madison,,Sat
15:23:40,J14,Jeffery Jump,,Mon,Tue,Wed,Thu,Fri
17:50:54,56,Milwaukee,,Sun
14:40:50,J14,Jeffery Jump,,Mon,Tue,Wed,Thu,Fri
21:32:51,60,Blue Island/26th,,Sat
21:03:21,60,Blue Island/26th,,Sat
18:28:27,157,Streeterville/Taylor,,Mon,Tue,Wed,Thu,Fri
08:24:36,60,Blue Island/26th,,Mon,Tue,Wed,Thu,Fri
14:12:56,20,Madison,,Sat
16:20:30,J14,Jeffery Jump,,Sun
08:45:21,60,Blue Island/26th,,Sat
16:02:50,J14,Jeffery Jump,,Mon,Tue,Wed,Thu,Fri
21:47:48,124,Navy Pier,,Sat
14:57:56,20,Madison,,Sat
15:51:52,20,Madison,,Sat
21:21:37,60,Blue Island/26th,,Sun
16:13:22,60,Blue Island/26th,,Mon,Tue,Wed,Thu,Fri
07:47:41,56,Milwaukee,,Mon,Tue,Wed,Thu,Fri
19:12:36,J14,Jeffery Jump,,Mon,Tue,Wed,Thu,Fri
12:16:02,J14,Jeffery Jump,,Sun
09:58:52,56,Milwaukee,,Mon,Tue,Wed,Thu,Fri
11:05:57,157,Streeterville/Taylor,,Mon,Tue,Wed,Thu,Fri
08:17:54,J14,Jeffery Jump,,Sun
09:17:54,J14,Jeffery Jump,,Sun
09:56:07,20,Madison,,Mon,Tue,Wed,Thu,Fri
14:47:46,124,Navy Pier,,Sun
15:26:22,J14,Jeffery Jump,,Sat
20:27:56,56,Milwaukee,,Sun
17:35:11,20,Madison,,Sun
23:20:37,60,Blue Island/26th,,Sun
13:05:37,20,Madison,,Mon,Tue,Wed,Thu,Fri
09:57:46,124,Navy Pier,,Sun
11:35:24,56,Milwaukee,,Sun
18:02:31,20,Madison,,Mon,Tue,Wed,Thu,Fri
12:52:53,J14,Jeffery Jump,,Sun
15:12:04,124,Navy Pier,,Mon,Tue,Wed,Thu,Fri
13:46:22,J14,Jeffery Jump,,Sat
08:45:38,124,Navy Pier,,Sat
09:56:32,J14,Jeffery Jump,,Sun
18:27:54,56,Milwaukee,,Sun
15:27:27,124,Navy Pier,,Sat
20:15:14,20,Madison,,Sun
13:02:41,60,Blue Island/26th,,Sat
14:56:14,J14,Jeffery Jump,,Sat
22:11:16,124,Navy Pier,,Sat
10:03:53,157,Streeterville/Taylor,,Mon,Tue,Wed,Thu,Fri
10:47:56,20,Madison,,Sat
10:02:56,56,Milwaukee,,Sun
19:50:24,56,Milwaukee,,Mon,Tue,Wed,Thu,Fri
12:35:33,20,Madison,,Mon,Tue,Wed,Thu,Fri
11:58:07,124,Navy Pier,,Sun
09:06:35,J14,Jeffery Jump,,Mon,Tue,Wed,Thu,Fri
07:41:21,20,Madison,,Mon,Tue,Wed,Thu,Fri
09:21:47,J14,Jeffery Jump,,Sat
15:23:51,20,Madison,,Mon,Tue,Wed,Thu,Fri
22:16:01,60,Blue Island/26th,,Mon,Tue,Wed,Thu,Fri
18:53:27,J14,Jeffery Jump,,Mon,Tue,Wed,Thu,Fri
19:25:14,20,Madison,,Sun
17:28:32,124,Navy Pier,,Sat
11:36:07,20,Madison,,Mon,Tue,Wed,Thu,Fri
11:27:52,20,Madison,,Sat
20:28:52,J14,Jeffery Jump,,Mon,Tue,Wed,Thu,Fri
07:47:47,56,Milwaukee,,Mon,Tue,Wed,Thu,Fri
18:45:30,J14,Jeffery Jump,,Sat
21:27:37,56,Milwaukee,,Mon,Tue,Wed,Thu,Fri
13:17:14,20,Madison,,Sun
20:25:14,20,Madison,,Sun
12:17:14,20,Madison,,Sun
07:44:46,60,Blue Island/26th,,Sun
20:12:11,60,Blue Island/26th,,Mon,Tue,Wed,Thu,Fri
03:33:53,60,Blue Island/26th,,Mon
06:39:04,56,Milwaukee,,Sun
08:39:36,60,Blue Island/26th,,Mon,Tue,Wed,Thu,Fri
15:55:44,J14,Jeffery Jump,,Sat
11:27:56,20,Madison,,Sat
20:01:11,20,Madison,,Sat
16:05:44,J14,Jeffery Jump,,Sat
12:05:47,60,Blue Island/26th,,Mon,Tue,Wed,Thu,Fri
12:43:38,J14,Jeffery Jump,,Sun
10:22:01,60,Blue Island/26th,,Sun
07:21:24,J14,Jeffery Jump,,Sat
13:29:37,20,Madison,,Mon,Tue,Wed,Thu,Fri
21:02:16,124,Navy Pier,,Sat
16:10:19,56,Milwaukee,,Sun
16:27:14,20,Madison,,Sun
16:21:50,J14,Jeffery Jump,,Mon,Tue,Wed,Thu,Fri
18:14:56,20,Madison,,Sat
04:33:31,60,Blue Island/26th,,Sat
20:23:43,124,Navy Pier,,Sun
12:01:51,60,Blue Island/26th,,Sun
13:36:22,J14,Jeffery Jump,,Sat
21:38:37,J14,Jeffery Jump,,Mon,Tue,Wed,Thu,Fri
19:05:15,J14,Jeffery Jump,,Sat
17:41:19,60,Blue Island/26th,,Sat
01:34:01,60,Blue Island/26th,,Tue,Wed,Thu,Fri,Sat
08:53:12,56,Milwaukee,,Sat
09:50:47,J14,Jeffery Jump,,Sat
19:37:25,60,Blue Island/26th,,Mon,Tue,Wed,Thu,Fri
16:41:00,56,Milwaukee,,Sun
05:41:23,60,Blue Island/26th,,Sat
05:45:30,56,Milwaukee,,Mon,Tue,Wed,Thu,Fri
21:47:37,56,Milwaukee,,Mon,Tue,Wed,Thu,Fri
09:38:14,20,Madison,,Sat
07:42:30,60,Blue Island/26th,,Mon,Tue,Wed,Thu,Fri
19:01:11,20,Madison,,Sat
00:43:51,20,Madison,,Sun
16:31:27,56,Milwaukee,,Mon,Tue,Wed,Thu,Fri
23:45:07,60,Blue Island/26th,,Sun
14:49:05,56,Milwaukee,,Sun
20:04:44,157,Streeterville/Taylor,,Mon,Tue,Wed,Thu,Fri
22:48:29,20,Madison,,Sat
15:41:41,20,Madison,,Mon,Tue,Wed,Thu,Fri
22:15:51,60,Blue Island/26th,,Mon,Tue,Wed,Thu,Fri
08:03:11,20,Madison,,Sat
21:53:18,J14,Jeffery Jump,,Sun
21:29:48,J14,Jeffery Jump,,Sun
07:45:04,56,Milwaukee,,Sun
16:27:50,J14,Jeffery Jump,,Mon,Tue,Wed,Thu,Fri
10:06:32,J14,Jeffery Jump,,Sun
11:13:21,J14,Jeffery Jump,,Mon,Tue,Wed,Thu,Fri
10:44:05,60,Blue Island/26th,,Sat
05:20:45,60,Blue Island/26th,,Sat
10:24:16,60,Blue Island/26th,,Sat
19:05:14,20,Madison,,Sun
19:41:11,20,Madison,,Sat
21:24:53,J14,Jeffery Jump,,Sat
10:17:14,20,Madison,,Sun
10:54:16,60,Blue Island/26th,,Sat
14:22:05,J14,Jeffery Jump,,Mon,Tue,Wed,Thu,Fri
19:55:23,J14,Jeffery Jump,,Sat
18:27:53,157,Streeterville/Taylor,,Mon,Tue,Wed,Thu,Fri
17:07:06,J14,Jeffery Jump,,Mon,Tue,Wed,Thu,Fri
17:32:18,J14,Jeffery Jump,,Mon,Tue,Wed,Thu,Fri
09:29:54,157,Streeterville/Taylor,,Mon,Tue,Wed,Thu,Fri
16:36:27,124,Navy Pier,,Sat
12:46:26,56,Milwaukee,,Mon,Tue,Wed,Thu,Fri
21:55:13,60,Blue Island/26th,,Mon,Tue,Wed,Thu,Fri
20:32:47,56,Milwaukee,,Sat
16:01:58,124,Navy Pier,,Sat
11:38:15,56,Milwaukee,,Mon,Tue,Wed,Thu,Fri
10:45:07,J14,Jeffery Jump,,Mon,Tue,Wed,Thu,Fri
14:07:14,20,Madison,,Sun
24:10:45,60,Blue Island/26th,,Sun
00:43:54,20,Madison,,Sun
16:21:32,60,Blue Island/26th,,Sat
17:45:11,20,Madison,,Sun
18:35:14,20,Madison,,Sun
09:45:43,J14,Jeffery Jump,,Mon,Tue,Wed,Thu,Fri
02:28:54,20,Madison,,Sun
06:39:23,60,Blue Island/26th,,Sun
14:07:11,20,Madison,,Sun
18:58:39,60,Blue Island/26th,,Sun
20:38:48,124,Navy Pier,,Sat
11:47:56,20,Madison,,Sat
14:55:47,60,Blue Island/26th,,Mon,Tue,Wed,Thu,Fri
22:12:19,56,Milwaukee,,Sat
19:55:11,20,Madison,,Sun
11:57:52,20,Madison,,Sat
13:53:37,20,Madison,,Mon,Tue,Wed,Thu,Fri
13:05:33,60,Blue Island/26th,,Mon,Tue,Wed,Thu,Fri
15:47:06,20,Madison,,Mon,Tue,Wed,Thu,Fri
16:47:18,60,Blue Island/26th,,Mon,Tue,Wed,Thu,Fri
17:41:40,56,Milwaukee,,Sat
11:06:02,J14,Jeffery Jump,,Sun
22:48:32,20,Madison,,Sat
11:40:34,56,Milwaukee,,Sat
10:26:52,124,Navy Pier,,Sat
01:28:54,20,Madison,,Sun
15:57:06,20,Madison,,Mon,Tue,Wed,Thu,Fri
09:45:56,56,Milwaukee,,Mon,Tue,Wed,Thu,Fri
22:33:08,J14,Jeffery Jump,,Mon,Tue,Wed,Thu,Fri
16:37:11,20,Madison,,Sun
11:34:34,124,Navy Pier,,Sun
20:44:21,60,Blue Island/26th,,Sat
15:39:40,J14,Jeffery Jump,,Mon,Tue,Wed,Thu,Fri
12:05:37,20,Madison,,Mon,Tue,Wed,Thu,Fri
15:02:19,60,Blue Island/26th,,Sat
08:26:46,20,Madison,,Mon,Tue,Wed,Thu,Fri
05:47:32,60,Blue Island/26th,,Mon,Tue,Wed,Thu,Fri
21:36:26,56,Milwaukee,,Sun
20:07:39,60,Blue Island/26th,,Sun
13:45:47,60,Blue Island/26th,,Mon,Tue,Wed,Thu,Fri
21:48:29,20,Madison,,Sat
08:53:10,56,Milwaukee,,Mon,Tue,Wed,Thu,Fri
12:43:02,60,Blue Island/26th,,Sat
14:27:11,20,Madison,,Sun
19:38:09,60,Blue Island/26th,,Sun
21:39:37,60,Blue Island/26th,,Sun
15:42:32,60,Blue Island/26th,,Sat
11:33:39,60,Blue Island/26th,,Sat
17:21:57,56,Milwaukee,,Mon,Tue,Wed,Thu,Fri
19:30:01,J14,Jeffery Jump,,Sun
20:05:15,J14,Jeffery Jump,,Sat
13:12:01,60,Blue Island/26th,,Sun
09:40:53,J14,Jeffery Jump,,Sat
09:14:16,20,Madison,,Mon,Tue,Wed,Thu,Fri
08:16:41,20,Madison,,Mon,Tue,Wed,Thu,Fri
19:30:27,J14,Jeffery Jump,,Mon,Tue,Wed,Thu,Fri
13:34:46,124,Navy Pier,,Sun
17:29:13,60,Blue Island/26th,,Sun
03:28:51,20,Madison,,Mon
19:02:21,20,Madison,,Mon,Tue,Wed,Thu,Fri
21:48:32,20,Madison,,Sat
05:26:24,20,Madison,,Mon,Tue,Wed,Thu,Fri
10:47:14,20,Madison,,Sun
07:59:47,56,Milwaukee,,Mon,Tue,Wed,Thu,Fri
15:05:47,60,Blue Island/26th,,Mon,Tue,Wed,Thu,Fri
13:00:52,20,Madison,,Sat
21:03:31,60,Blue Island/26th,,Sat
19:55:58,124,Navy Pier,,Sat
18:32:52,60,Blue Island/26th,,Mon,Tue,Wed,Thu,Fri
14:35:57,124,Navy Pier,,Sat
18:46:24,56,Milwaukee,,Sun
02:28:51,20,Madison,,Mon
19:19:02,60,Blue Island/26th,,Mon,Tue,Wed,Thu,Fri
13:05:33,20,Madison,,Mon,Tue,Wed,Thu,Fri
07:25:55,60,Blue Island/26th,,Mon,Tue,Wed,Thu,Fri
08:57:11,20,Madison,,Sun
20:25:41,20,Madison,,Mon,Tue,Wed,Thu,Fri
11:58:40,124,Navy Pier,,Sun
06:57:29,20,Madison,,Sat
14:29:04,56,Milwaukee,,Sat
14:57:11,20,Madison,,Sun
11:57:56,20,Madison,,Sat
21:27:42,56,Milwaukee,,Mon,Tue,Wed,Thu,Fri
10:22:12,56,Milwaukee,,Sun
16:49:06,20,Madison,,Mon,Tue,Wed,Thu,Fri
18:55:14,20,Madison,,Sun
12:13:05,56,Milwaukee,,Sun
17:59:58,124,Navy Pier,,Mon,Tue,Wed,Thu,Fri
08:20:29,56,Milwaukee,,Mon,Tue,Wed,Thu,Fri
09:38:11,20,Madison,,Sat
18:15:11,20,Madison,,Sun
11:55:37,20,Madison,,Mon,Tue,Wed,Thu,Fri
23:45:16,60,Blue Island/26th,,Sun
08:26:35,J14,Jeffery Jump,,Mon,Tue,Wed,Thu,Fri
08:35:31,60,Blue Island/26th,,Sat
13:32:23,J14,Jeffery Jump,,Sun
17:15:47,157,Streeterville/Taylor,,Mon,Tue,Wed,Thu,Fri
09:11:47,J14,Jeffery Jump,,Sat
16:34:06,20,Madison,,Mon,Tue,Wed,Thu,Fri
17:56:25,60,Blue Island/26th,,Mon,Tue,Wed,Thu,Fri
23:18:46,60,Blue Island/26th,,Sat
18:26:56,J14,Jeffery Jump,,Mon,Tue,Wed,Thu,Fri
18:32:31,60,Blue Island/26th,,Sun
15:30:12,157,Streeterville/Taylor,,Mon,Tue,Wed,Thu,Fri
09:07:11,20,Madison,,Sun
15:14:04,56,Milwaukee,,Sat
20:35:44,20,Madison,,Mon,Tue,Wed,Thu,Fri
21:34:53,J14,Jeffery Jump,,Sat
20:58:37,J14,Jeffery Jump,,Mon,Tue,Wed,Thu,Fri
09:57:11,20,Madison,,Sun
06:24:23,J14,Jeffery Jump,,Mon,Tue,Wed,Thu,Fri
08:39:55,60,Blue Island/26th,,Mon,Tue,Wed,Thu,Fri
06:36:33,60,Blue Island/26th,,Mon,Tue,Wed,Thu,Fri
12:52:41,60,Blue Island/26th,,Sat
12:17:27,124,Navy Pier,,Sat
14:31:55,20,Madison,,Mon,Tue,Wed,Thu,Fri
10:56:09,J14,Jeffery Jump,,Sun
07:44:59,60,Blue Island/26th,,Sat
14:21:22,124,Navy Pier,,Mon,Tue,Wed,Thu,Fri
18:56:39,60,Blue Island/26th,,Sat
06:02:05,56,Milwaukee,,Mon,Tue,Wed,Thu,Fri
10:46:07,20,Madison,,Mon,Tue,Wed,Thu,Fri
08:51:41,20,Madison,,Sat
14:30:56,20,Madison,,Sat
18:40:08,J14,Jeffery Jump,,Sun
20:11:14,20,Madison,,Sat
10:16:32,J14,Jeffery Jump,,Sun
07:08:37,J14,Jeffery Jump,,Mon,Tue,Wed,Thu,Fri
17:21:32,60,Blue Island/26th,,Sat
16:00:52,20,Madison,,Sat
07:07:07,157,Streeterville/Taylor,,Mon,Tue,Wed,Thu,Fri
11:19:26,56,Milwaukee,,Mon,Tue,Wed,Thu,Fri
01:05:01,60,Blue Island/26th,,Tue,Wed,Thu,Fri,Sat
05:00:23,60,Blue Island/26th,,Sat
13:26:27,124,Navy Pier,,Mon,Tue,Wed,Thu,Fri
20:35:22,124,Navy Pier,,Mon,Tue,Wed,Thu,Fri
09:44:07,56,Milwaukee,,Sun
24:27:54,20,Madison,,Mon,Tue,Wed,Thu,Fri
08:37:54,J14,Jeffery Jump,,Sun
09:20:22,60,Blue Island/26th,,Mon,Tue,Wed,Thu,Fri
15:26:14,J14,Jeffery Jump,,Sat
15:14:47,60,Blue Island/26th,,Mon,Tue,Wed,Thu,Fri
08:27:54,J14,Jeffery Jump,,Sun
09:34:43,60,Blue Island/26th,,Sat
12:17:58,124,Navy Pier,,Sat
21:43:40,124,Navy Pier,,Sun
10:31:51,60,Blue Island/26th,,Sun
20:05:47,60,Blue Island/26th,,Mon,Tue,Wed,Thu,Fri
20:05:44,20,Madison,,Mon,Tue,Wed,Thu,Fri
13:55:33,60,Blue Island/26th,,Mon,Tue,Wed,Thu,Fri
21:15:14,20,Madison,,Sun
18:47:27,60,Blue Island/26th,,Sat
20:44:44,157,Streeterville/Taylor,,Mon,Tue,Wed,Thu,Fri
13:22:54,60,Blue Island/26th,,Sat
23:57:51,20,Madison,,Mon,Tue,Wed,Thu,Fri
17:35:44,J14,Jeffery Jump,,Sat
21:46:53,J14,Jeffery Jump,,Sat
18:53:29,56,Milwaukee,,Sat
12:17:11,20,Madison,,Sun
21:05:11,20,Madison,,Sun
14:49:59,56,Milwaukee,,Mon,Tue,Wed,Thu,Fri
08:56:57,157,Streeterville/Taylor,,Mon,Tue,Wed,Thu,Fri
17:29:04,124,Navy Pier,,Sat
18:13:04,56,Milwaukee,,Mon,Tue,Wed,Thu,Fri
14:48:40,J14,Jeffery Jump,,Mon,Tue,Wed,Thu,Fri
16:09:52,20,Madison,,Sat
11:37:28,124,Navy Pier,,Mon,Tue,Wed,Thu,Fri
09:24:54,60,Blue Island/26th,,Sat
13:27:14,20,Madison,,Sun
24:28:51,20,Madison,,Sun
22:25:15,56,Milwaukee,,Sun
16:02:12,124,Navy Pier,,Sun
10:27:11,20,Madison,,Sun
23:03:29,20,Madison,,Sat
24:28:54,20,Madison,,Sat
11:01:56,56,Milwaukee,,Mon,Tue,Wed,Thu,Fri
20:01:14,20,Madison,,Sat
18:05:21,60,Blue Island/26th,,Sun
11:22:44,157,Streeterville/Taylor,,Mon,Tue,Wed,Thu,Fri
22:20:21,60,Blue Island/26th,,Sat
12:36:44,J14,Jeffery Jump,,Sat
05:24:45,20,Madison,,Mon,Tue,Wed,Thu,Fri
22:18:37,J14,Jeffery Jump,,Mon,Tue,Wed,Thu,Fri
20:49:39,60,Blue Island/26th,,Mon,Tue,Wed,Thu,Fri
07:01:04,56,Milwaukee,,Sun
11:16:37,56,Milwaukee,,Sun
10:57:14,20,Madison,,Sun
20:26:09,60,Blue Island/26th,,Sun
14:16:05,56,Milwaukee,,Sun
11:55:33,20,Madison,,Mon,Tue,Wed,Thu,Fri
19:33:35,56,Milwaukee,,Mon,Tue,Wed,Thu,Fri
12:51:51,60,Blue Island/26th,,Sun
13:22:23,J14,Jeffery Jump,,Sun
18:25:52,J14,Jeffery Jump,,Sat
14:31:51,20,Madison,,Mon,Tue,Wed,Thu,Fri
07:46:26,20,Madison,,Mon,Tue,Wed,Thu,Fri
12:12:05,J14,Jeffery Jump,,Mon,Tue,Wed,Thu,Fri
18:40:02,124,Navy Pier,,Sat
19:05:39,60,Blue Island/26th,,Sat
14:25:47,60,Blue Island/26th,,Mon,Tue,Wed,Thu,Fri
22:36:29,60,Blue Island/26th,,Mon,Tue,Wed,Thu,Fri
15:45:44,J14,Jeffery Jump,,Sat
13:51:56,J14,Jeffery Jump,,Mon,Tue,Wed,Thu,Fri
08:05:21,60,Blue Island/26th,,Sat
12:57:11,20,Madison,,Sun
20:44:31,60,Blue Island/26th,,Sat
10:00:53,J14,Jeffery Jump,,Sat
21:57:32,20,Madison,,Mon,Tue,Wed,Thu,Fri
17:46:46,124,Navy Pier,,Sun
17:26:21,124,Navy Pier,,Mon,Tue,Wed,Thu,Fri
20:07:35,56,Milwaukee,,Mon,Tue,Wed,Thu,Fri
15:06:12,157,Streeterville/Taylor,,Mon,Tue,Wed,Thu,Fri
15:06:44,157,Streeterville/Taylor,,Mon,Tue,Wed,Thu,Fri
16:01:08,56,Milwaukee,,Mon,Tue,Wed,Thu,Fri
13:03:56,56,Milwaukee,,Mon,Tue,Wed,Thu,Fri
19:30:08,J14,Jeffery Jump,,Sun
22:28:24,J14,Jeffery Jump,,Sun
07:39:11,56,Milwaukee,,Mon,Tue,Wed,Thu,Fri
11:23:39,60,Blue Island/26th,,Sat
09:10:40,60,Blue Island/26th,,Mon,Tue,Wed,Thu,Fri
14:15:47,60,Blue Island/26th,,Mon,Tue,Wed,Thu,Fri
07:03:29,20,Madison,,Sun
08:31:07,56,Milwaukee,,Sat
05:00:04,56,Milwaukee,,Sat
21:12:09,60,Blue Island/26th,,Sun
15:40:37,J14,Jeffery Jump,,Sun
15:12:46,124,Navy Pier,,Sun
17:20:23,J14,Jeffery Jump,,Sun
12:27:11,20,Madison,,Sun
05:19:19,J14,Jeffery Jump,,Mon,Tue,Wed,Thu,Fri
09:25:12,56,Milwaukee,,Sun
00:43:51,20,Madison,,Tue,Wed,Thu,Fri,Sat
17:15:52,J14,Jeffery Jump,,Sat
20:18:44,J14,Jeffery Jump,,Mon,Tue,Wed,Thu,Fri
12:34:31,J14,Jeffery Jump,,Sun
24:28:54,20,Madison,,Sun
16:40:27,56,Milwaukee,,Mon,Tue,Wed,Thu,Fri
16:05:22,60,Blue Island/26th,,Mon,Tue,Wed,Thu,Fri
05:36:45,20,Madison,,Mon,Tue,Wed,Thu,Fri
07:45:23,20,Madison,,Sat
16:49:24,60,Blue Island/26th,,Sun
07:29:11,56,Milwaukee,,Mon,Tue,Wed,Thu,Fri
10:18:57,157,Streeterville/Taylor,,Mon,Tue,Wed,Thu,Fri
20:59:52,124,Navy Pier,,Mon,Tue,Wed,Thu,Fri
12:15:56,20,Madison,,Sat
15:10:27,124,Navy Pier,,Sat
16:25:52,J14,Jeffery Jump,,Sat
07:06:32,60,Blue Island/26th,,Mon,Tue,Wed,Thu,Fri
13:01:56,J14,Jeffery Jump,,Mon,Tue,Wed,Thu,Fri
07:03:32,20,Madison,,Sun
22:18:29,20,Madison,,Sun
05:27:02,20,Madison,,Sun
12:49:12,157,Streeterville/Taylor,,Mon,Tue,Wed,Thu,Fri
12:35:47,60,Blue Island/26th,,Mon,Tue,Wed,Thu,Fri
15:24:52,20,Madison,,Sat
16:36:58,124,Navy Pier,,Sat
19:17:59,60,Blue Island/26th,,Sun
06:17:01,60,Blue Island/26th,,Sun
09:28:14,20,Madison,,Sat
08:47:10,56,Milwaukee,,Mon,Tue,Wed,Thu,Fri
18:04:52,20,Madison,,Sat
10:07:14,20,Madison,,Sun
19:21:42,20,Madison,,Mon,Tue,Wed,Thu,Fri
07:59:41,56,Milwaukee,,Mon,Tue,Wed,Thu,Fri
10:06:07,20,Madison,,Mon,Tue,Wed,Thu,Fri
06:14:37,56,Milwaukee,,Sun
12:26:44,J14,Jeffery Jump,,Sat
17:09:13,60,Blue Island/26th,,Sun
16:55:44,J14,Jeffery Jump,,Sat
12:31:30,56,Milwaukee,,Sun
02:07:23,60,Blue Island/26th,,Sun
09:37:49,20,Madison,,Mon,Tue,Wed,Thu,Fri
21:48:16,124,Navy Pier,,Sat
09:06:46,20,Madison,,Mon,Tue,Wed,Thu,Fri
19:28:09,60,Blue Island/26th,,Sun
14:18:03,20,Madison,,Mon,Tue,Wed,Thu,Fri
08:41:46,20,Madison,,Mon,Tue,Wed,Thu,Fri
17:51:19,60,Blue Island/26th,,Sat
19:20:08,J14,Jeffery Jump,,Sun
05:02:31,60,Blue Island/26th,,Sun
18:48:59,60,Blue Island/26th,,Sun
10:50:31,J14,Jeffery Jump,,Sat
16:40:15,J14,Jeffery Jump,,Sun
19:37:01,20,Madison,,Mon,Tue,Wed,Thu,Fri
03:28:51,20,Madison,,Sun
08:57:14,20,Madison,,Sun
14:30:52,20,Madison,,Sat
12:31:35,56,Milwaukee,,Sun
11:40:40,56,Milwaukee,,Sat
09:21:46,20,Madison,,Mon,Tue,Wed,Thu,Fri
08:06:35,J14,Jeffery Jump,,Mon,Tue,Wed,Thu,Fri
13:42:41,60,Blue Island/26th,,Sat
20:50:31,56,Milwaukee,,Sun
09:30:47,J14,Jeffery Jump,,Sat
09:17:48,J14,Jeffery Jump,,Sun
17:55:21,157,Streeterville/Taylor,,Mon,Tue,Wed,Thu,Fri
12:57:14,20,Madison,,Sun
11:33:27,60,Blue Island/26th,,Sat
13:56:22,J14,Jeffery Jump,,Sat
18:15:52,J14,Jeffery Jump,,Sat
16:22:02,60,Blue Island/26th,,Mon,Tue,Wed,Thu,Fri
13:06:52,J14,Jeffery Jump,,Sat
17:59:08,56,Milwaukee,,Mon,Tue,Wed,Thu,Fri
16:59:13,60,Blue Island/26th,,Sun
21:16:43,124,Navy Pier,,Sun
14:33:00,56,Milwaukee,,Sun
18:14:29,56,Milwaukee,,Sat
13:29:33,20,Madison,,Mon,Tue,Wed,Thu,Fri
15:55:52,J14,Jeffery Jump,,Sat
12:32:49,60,Blue Island/26th,,Sat
12:27:14,20,Madison,,Sun
22:56:59,60,Blue Island/26th,,Sat
19:24:01,56,Milwaukee,,Sun
13:18:52,20,Madison,,Sat
19:26:58,124,Navy Pier,,Mon,Tue,Wed,Thu,Fri
07:24:15,56,Milwaukee,,Sat
18:50:40,124,Navy Pier,,Mon,Tue,Wed,Thu,Fri
08:31:12,56,Milwaukee,,Sat
09:26:12,J14,Jeffery Jump,,Mon,Tue,Wed,Thu,Fri
08:56:23,157,Streeterville/Taylor,,Mon,Tue,Wed,Thu,Fri
04:48:24,20,Madison,,Mon,Tue,Wed,Thu,Fri
09:46:32,J14,Jeffery Jump,,Sun
10:01:48,124,Navy Pier,,Sat
10:40:53,J14,Jeffery Jump,,Sat
10:05:22,J14,Jeffery Jump,,Mon,Tue,Wed,Thu,Fri
06:16:30,56,Milwaukee,,Mon,Tue,Wed,Thu,Fri
07:28:45,20,Madison,,Mon,Tue,Wed,Thu,Fri
12:29:15,56,Milwaukee,,Mon,Tue,Wed,Thu,Fri
18:29:39,60,Blue Island/26th,,Sat
17:07:14,20,Madison,,Sun
15:50:31,60,Blue Island/26th,,Sun
12:37:14,20,Madison,,Sun
14:16:14,J14,Jeffery Jump,,Sat
19:58:09,60,Blue Island/26th,,Sun
21:18:37,J14,Jeffery Jump,,Mon,Tue,Wed,Thu,Fri
14:49:00,56,Milwaukee,,Sun
14:27:14,20,Madison,,Sun
05:56:45,20,Madison,,Mon,Tue,Wed,Thu,Fri
10:01:51,60,Blue Island/26th,,Sun
07:56:10,60,Blue Island/26th,,Mon,Tue,Wed,Thu,Fri
10:46:28,124,Navy Pier,,Sun
06:26:45,20,Madison,,Mon,Tue,Wed,Thu,Fri
15:33:56,20,Madison,,Sat
03:03:53,60,Blue Island/26th,,Mon
17:55:11,20,Madison,,Sun
05:20:53,60,Blue Island/26th,,Sat
06:42:29,20,Madison,,Sat
21:40:48,J14,Jeffery Jump,,Sun
20:54:09,60,Blue Island/26th,,Sun
09:27:54,J14,Jeffery Jump,,Sun
04:04:08,60,Blue Island/26th,,Sun
14:35:47,60,Blue Island/26th,,Mon,Tue,Wed,Thu,Fri
07:00:53,60,Blue Island/26th,,Sun
09:07:48,J14,Jeffery Jump,,Sun
20:50:13,124,Navy Pier,,Sun
08:44:57,157,Streeterville/Taylor,,Mon,Tue,Wed,Thu,Fri
10:30:53,J14,Jeffery Jump,,Sat
06:46:02,20,Madison,,Sun
09:14:43,60,Blue Island/26th,,Sat
10:42:01,60,Blue Island/26th,,Sun
17:05:52,J14,Jeffery Jump,,Sat
17:29:36,20,Madison,,Mon,Tue,Wed,Thu,Fri
17:04:16,124,Navy Pier,,Mon,Tue,Wed,Thu,Fri
15:35:52,J14,Jeffery Jump,,Sat
05:50:52,56,Milwaukee,,Sat
18:05:11,20,Madison,,Sun
13:41:30,56,Milwaukee,,Sun
18:50:08,J14,Jeffery Jump,,Sun
15:42:44,157,Streeterville/Taylor,,Mon,Tue,Wed,Thu,Fri
13:42:10,56,Milwaukee,,Sat
17:21:19,60,Blue Island/26th,,Sat
15:07:40,J14,Jeffery Jump,,Mon,Tue,Wed,Thu,Fri
12:46:44,J14,Jeffery Jump,,Sat
23:16:53,60,Blue Island/26th,,Mon,Tue,Wed,Thu,Fri
15:11:55,20,Madison,,Mon,Tue,Wed,Thu,Fri
18:15:14,20,Madison,,Sun
18:00:15,J14,Jeffery Jump,,Sun
20:39:53,J14,Jeffery Jump,,Sun
06:58:28,J14,Jeffery Jump,,Mon,Tue,Wed,Thu,Fri
11:07:14,20,Madison,,Sun
09:16:26,J14,Jeffery Jump,,Mon,Tue,Wed,Thu,Fri
22:18:29,20,Madison,,Sat
17:44:49,J14,Jeffery Jump,,Mon,Tue,Wed,Thu,Fri
10:47:52,20,Madison,,Sat
09:02:46,60,Blue Island/26th,,Sun
12:55:37,20,Madison,,Mon,Tue,Wed,Thu,Fri
20:35:29,60,Blue Island/26th,,Sun
17:05:44,J14,Jeffery Jump,,Sat
11:37:11,20,Madison,,Sun
01:02:51,20,Madison,,Tue,Wed,Thu,Fri,Sat
04:03:31,60,Blue Island/26th,,Sat
07:41:24,J14,Jeffery Jump,,Sun
14:18:58,124,Navy Pier,,Sat
21:19:50,20,Madison,,Sat
15:57:11,20,Madison,,Sun
22:18:30,J14,Jeffery Jump,,Mon,Tue,Wed,Thu,Fri
10:37:14,20,Madison,,Sun
05:45:35,56,Milwaukee,,Mon,Tue,Wed,Thu,Fri
17:09:06,20,Madison,,Mon,Tue,Wed,Thu,Fri
23:03:29,20,Madison,,Sun
09:40:47,J14,Jeffery Jump,,Sat
20:29:53,J14,Jeffery Jump,,Sun
22:03:37,J14,Jeffery Jump,,Mon,Tue,Wed,Thu,Fri
17:55:01,20,Madison,,Mon,Tue,Wed,Thu,Fri
21:55:24,60,Blue Island/26th,,Mon,Tue,Wed,Thu,Fri
10:18:11,20,Madison,,Sat
05:51:04,56,Milwaukee,,Sun
09:21:41,20,Madison,,Mon,Tue,Wed,Thu,Fri
12:52:01,60,Blue Island/26th,,Sun
15:05:00,56,Milwaukee,,Sun
16:35:34,56,Milwaukee,,Sat
07:00:45,60,Blue Island/26th,,Sun
11:07:11,20,Madison,,Sun
16:41:22,124,Navy Pier,,Mon,Tue,Wed,Thu,Fri
15:52:01,20,Madison,,Mon,Tue,Wed,Thu,Fri
07:46:19,56,Milwaukee,,Sat
17:37:22,J14,Jeffery Jump,,Mon,Tue,Wed,Thu,Fri
11:39:30,J14,Jeffery Jump,,Sat
16:18:22,124,Navy Pier,,Mon,Tue,Wed,Thu,Fri
10:04:46,60,Blue Island/26th,,Sat
01:28:51,20,Madison,,Sun
13:27:11,20,Madison,,Sun
19:00:25,60,Blue Island/26th,,Mon,Tue,Wed,Thu,Fri
13:52:04,56,Milwaukee,,Mon,Tue,Wed,Thu,Fri
15:50:30,J14,Jeffery Jump,,Sun
16:30:25,60,Blue Island/26th,,Mon,Tue,Wed,Thu,Fri
21:08:16,60,Blue Island/26th,,Mon,Tue,Wed,Thu,Fri
08:46:04,124,Navy Pier,,Sat
18:35:52,J14,Jeffery Jump,,Sat
09:11:22,60,Blue Island/26th,,Mon,Tue,Wed,Thu,Fri
10:26:07,20,Madison,,Mon,Tue,Wed,Thu,Fri
20:48:19,56,Milwaukee,,Sat
16:09:13,60,Blue Island/26th,,Sun
18:04:56,20,Madison,,Sat
19:33:30,56,Milwaukee,,Mon,Tue,Wed,Thu,Fri
18:38:28,124,Navy Pier,,Sun
10:12:01,60,Blue Island/26th,,Sun
13:15:33,60,Blue Island/26th,,Mon,Tue,Wed,Thu,Fri
08:19:44,20,Madison,,Sun
07:49:22,60,Blue Island/26th,,Mon,Tue,Wed,Thu,Fri
11:20:38,J14,Jeffery Jump,,Sat
10:04:35,60,Blue Island/26th,,Sat
07:56:41,20,Madison,,Mon,Tue,Wed,Thu,Fri
16:15:52,J14,Jeffery Jump,,Sat
19:44:44,157,Streeterville/Taylor,,Mon,Tue,Wed,Thu,Fri
20:49:32,J14,Jeffery Jump,,Sun
16:09:24,60,Blue Island/26th,,Sun
14:58:50,J14,Jeffery Jump,,Mon,Tue,Wed,Thu,Fri
17:26:14,20,Madison,,Sun
08:55:06,60,Blue Island/26th,,Mon,Tue,Wed,Thu,Fri
22:19:02,J14,Jeffery Jump,,Sat
08:18:23,157,Streeterville/Taylor,,Mon,Tue,Wed,Thu,Fri
17:55:52,J14,Jeffery Jump,,Sat
13:09:57,124,Navy Pier,,Sat
08:59:40,56,Milwaukee,,Mon,Tue,Wed,Thu,Fri
16:39:13,60,Blue Island/26th,,Sun
23:43:32,20,Madison,,Sun
21:40:54,J14,Jeffery Jump,,Sun
24:27:51,20,Madison,,Mon,Tue,Wed,Thu,Fri
15:16:14,J14,Jeffery Jump,,Sat
20:31:02,60,Blue Island/26th,,Mon,Tue,Wed,Thu,Fri
11:09:57,124,Navy Pier,,Sun
03:03:38,60,Blue Island/26th,,Tue,Wed,Thu,Fri,Sat
03:28:51,20,Madison,,Sat
19:13:59,56,Milwaukee,,Sat
11:27:11,20,Madison,,Sun
10:15:52,124,Navy Pier,,Mon,Tue,Wed,Thu,Fri
09:14:11,20,Madison,,Mon,Tue,Wed,Thu,Fri
13:21:33,20,Madison,,Mon,Tue,Wed,Thu,Fri
05:27:30,56,Milwaukee,,Mon,Tue,Wed,Thu,Fri
14:33:03,20,Madison,,Mon,Tue,Wed,Thu,Fri
12:42:23,56,Milwaukee,,Sat
18:38:09,60,Blue Island/26th,,Sat
18:10:08,J14,Jeffery Jump,,Sun
18:00:09,J14,Jeffery Jump,,Mon,Tue,Wed,Thu,Fri
21:08:05,60,Blue Island/26th,,Mon,Tue,Wed,Thu,Fri
15:59:24,60,Blue Island/26th,,Sun
12:15:33,20,Madison,,Mon,Tue,Wed,Thu,Fri
17:59:04,56,Milwaukee,,Sat
09:11:08,124,Navy Pier,,Sat
16:59:01,20,Madison,,Mon,Tue,Wed,Thu,Fri
17:46:02,124,Navy Pier,,Sat
06:14:34,157,Streeterville/Taylor,,Mon,Tue,Wed,Thu,Fri
19:08:34,124,Navy Pier,,Mon,Tue,Wed,Thu,Fri
14:03:56,20,Madison,,Sat
08:52:44,20,Madison,,Sat
11:48:07,J14,Jeffery Jump,,Sat
13:02:23,J14,Jeffery Jump,,Sun
20:24:44,157,Streeterville/Taylor,,Mon,Tue,Wed,Thu,Fri
01:28:54,20,Madison,,Tue,Wed,Thu,Fri,Sat
20:53:51,60,Blue Island/26th,,Sat
17:41:01,20,Madison,,Mon,Tue,Wed,Thu,Fri
04:31:31,60,Blue Island/26th,,Sun
22:48:18,J14,Jeffery Jump,,Sun
09:54:54,60,Blue Island/26th,,Sat
16:55:20,60,Blue Island/26th,,Mon,Tue,Wed,Thu,Fri
06:14:32,J14,Jeffery Jump,,Mon,Tue,Wed,Thu,Fri
09:46:03,20,Madison,,Mon,Tue,Wed,Thu,Fri
21:51:24,56,Milwaukee,,Sat
00:58:54,20,Madison,,Mon
04:28:54,20,Madison,,Sat
20:18:13,60,Blue Island/26th,,Sat
13:12:54,60,Blue Island/26th,,Sat
07:43:00,157,Streeterville/Taylor,,Mon,Tue,Wed,Thu,Fri
16:41:32,60,Blue Island/26th,,Sat
15:37:34,56,Milwaukee,,Mon,Tue,Wed,Thu,Fri
02:33:53,60,Blue Island/26th,,Mon
11:01:51,60,Blue Island/26th,,Sun
18:49:09,60,Blue Island/26th,,Sun
20:34:47,J14,Jeffery Jump,,Sat
09:04:54,60,Blue Island/26th,,Sat
10:57:52,20,Madison,,Sat
12:42:05,J14,Jeffery Jump,,Mon,Tue,Wed,Thu,Fri
06:49:44,J14,Jeffery Jump,,Mon,Tue,Wed,Thu,Fri
20:59:39,J14,Jeffery Jump,,Sun
11:10:28,124,Navy Pier,,Sun
17:46:34,124,Navy Pier,,Sat
04:04:31,60,Blue Island/26th,,Mon,Tue,Wed,Thu,Fri
19:59:46,60,Blue Island/26th,,Sat
05:02:23,60,Blue Island/26th,,Sun
21:58:37,60,Blue Island/26th,,Sun
14:31:40,J14,Jeffery Jump,,Mon,Tue,Wed,Thu,Fri
13:27:04,124,Navy Pier,,Mon,Tue,Wed,Thu,Fri
16:29:06,20,Madison,,Mon,Tue,Wed,Thu,Fri
14:11:13,60,Blue Island/26th,,Sun
19:12:27,J14,Jeffery Jump,,Mon,Tue,Wed,Thu,Fri
07:55:52,60,Blue Island/26th,,Mon,Tue,Wed,Thu,Fri
07:45:07,56,Milwaukee,,Sun
18:34:41,20,Madison,,Mon,Tue,Wed,Thu,Fri
17:41:32,60,Blue Island/26th,,Sat
16:11:27,56,Milwaukee,,Mon,Tue,Wed,Thu,Fri
15:33:32,124,Navy Pier,,Mon,Tue,Wed,Thu,Fri
19:35:11,20,Madison,,Sun
06:14:07,56,Milwaukee,,Sat
20:05:14,20,Madison,,Sun
17:32:06,J14,Jeffery Jump,,Mon,Tue,Wed,Thu,Fri
18:14:23,56,Milwaukee,,Sat
17:28:10,157,Streeterville/Taylor,,Mon,Tue,Wed,Thu,Fri
16:03:34,56,Milwaukee,,Sat
10:44:16,60,Blue Island/26th,,Sat
23:20:46,60,Blue Island/26th,,Sun
19:46:31,56,Milwaukee,,Sun
09:55:37,J14,Jeffery Jump,,Mon,Tue,Wed,Thu,Fri
08:47:06,60,Blue Island/26th,,Mon,Tue,Wed,Thu,Fri
09:08:14,20,Madison,,Sat
09:14:54,60,Blue Island/26th,,Sat
12:49:00,56,Milwaukee,,Sun
08:06:41,20,Madison,,Mon,Tue,Wed,Thu,Fri
13:53:57,124,Navy Pier,,Mon,Tue,Wed,Thu,Fri
18:40:34,124,Navy Pier,,Sat
11:53:39,60,Blue Island/26th,,Sat
15:37:05,56,Milwaukee,,Sun
16:53:08,J14,Jeffery Jump,,Mon,Tue,Wed,Thu,Fri
14:26:22,J14,Jeffery Jump,,Sat
16:22:41,157,Streeterville/Taylor,,Mon,Tue,Wed,Thu,Fri
09:08:11,20,Madison,,Sat
21:34:47,J14,Jeffery Jump,,Sat
10:26:22,124,Navy Pier,,Sat
22:31:37,56,Milwaukee,,Mon,Tue,Wed,Thu,Fri
18:55:37,J14,Jeffery Jump,,Sat
16:39:35,J14,Jeffery Jump,,Mon,Tue,Wed,Thu,Fri
11:24:47,56,Milwaukee,,Sat
16:19:06,20,Madison,,Mon,Tue,Wed,Thu,Fri
03:37:31,60,Blue Island/26th,,Sun
21:30:24,56,Milwaukee,,Sat
09:24:43,60,Blue Island/26th,,Sat
14:36:23,56,Milwaukee,,Mon,Tue,Wed,Thu,Fri
20:27:24,60,Blue Island/26th,,Sat
05:00:24,60,Blue Island/26th,,Mon,Tue,Wed,Thu,Fri
03:37:38,60,Blue Island/26th,,Sun
13:17:11,20,Madison,,Sun
17:27:18,J14,Jeffery Jump,,Mon,Tue,Wed,Thu,Fri
16:17:14,20,Madison,,Sun
14:41:24,60,Blue Island/26th,,Sun
05:00:13,60,Blue Island/26th,,Mon,Tue,Wed,Thu,Fri
19:26:22,124,Navy Pier,,Mon,Tue,Wed,Thu,Fri
20:29:47,J14,Jeffery Jump,,Sun
09:00:32,60,Blue Island/26th,,Mon,Tue,Wed,Thu,Fri
12:16:23,157,Streeterville/Taylor,,Mon,Tue,Wed,Thu,Fri
07:32:29,60,Blue Island/26th,,Sat
12:06:02,J14,Jeffery Jump,,Sun
22:02:01,60,Blue Island/26th,,Sat
19:33:05,60,Blue Island/26th,,Sat
16:18:56,20,Madison,,Sat
18:08:49,56,Milwaukee,,Sun
14:31:50,J14,Jeffery Jump,,Mon,Tue,Wed,Thu,Fri
12:27:29,56,Milwaukee,,Sat
19:27:59,60,Blue Island/26th,,Sun
21:57:29,20,Madison,,Mon,Tue,Wed,Thu,Fri
08:17:02,60,Blue Island/26th,,Mon,Tue,Wed,Thu,Fri
09:56:39,J14,Jeffery Jump,,Sun
07:39:17,56,Milwaukee,,Mon,Tue,Wed,Thu,Fri
17:40:15,J14,Jeffery Jump,,Sun
24:12:54,20,Madison,,Mon,Tue,Wed,Thu,Fri
20:11:04,124,Navy Pier,,Mon,Tue,Wed,Thu,Fri
09:18:14,20,Madison,,Sat
11:13:12,J14,Jeffery Jump,,Mon,Tue,Wed,Thu,Fri
19:41:46,60,Blue Island/26th,,Sat
14:16:22,J14,Jeffery Jump,,Sat
15:07:11,20,Madison,,Sun
13:36:56,20,Madison,,Sat
07:51:46,20,Madison,,Mon,Tue,Wed,Thu,Fri
09:41:51,60,Blue Island/26th,,Sun
07:56:46,20,Madison,,Mon,Tue,Wed,Thu,Fri
06:37:19,56,Milwaukee,,Sat
21:36:31,56,Milwaukee,,Sun
12:36:52,J14,Jeffery Jump,,Sat
08:21:46,20,Madison,,Mon,Tue,Wed,Thu,Fri
13:52:05,J14,Jeffery Jump,,Mon,Tue,Wed,Thu,Fri
06:36:45,20,Madison,,Mon,Tue,Wed,Thu,Fri
20:24:10,124,Navy Pier,,Sun
02:58:51,20,Madison,,Tue,Wed,Thu,Fri,Sat
05:25:04,56,Milwaukee,,Sat
16:59:06,20,Madison,,Mon,Tue,Wed,Thu,Fri
09:48:16,60,Blue Island/26th,,Mon,Tue,Wed,Thu,Fri
10:25:22,J14,Jeffery Jump,,Mon,Tue,Wed,Thu,Fri
22:12:24,56,Milwaukee,,Sat
22:33:01,J14,Jeffery Jump,,Mon,Tue,Wed,Thu,Fri
18:30:01,J14,Jeffery Jump,,Sun
08:49:52,124,Navy Pier,,Mon,Tue,Wed,Thu,Fri
13:12:23,J14,Jeffery Jump,,Sun
15:54:42,157,Streeterville/Taylor,,Mon,Tue,Wed,Thu,Fri
07:28:41,20,Madison,,Mon,Tue,Wed,Thu,Fri
08:27:54,56,Milwaukee,,Sun
19:50:46,60,Blue Island/26th,,Sat
12:42:49,60,Blue Island/26th,,Sat
17:03:26,124,Navy Pier,,Mon,Tue,Wed,Thu,Fri
16:45:52,20,Madison,,Sat
14:33:05,56,Milwaukee,,Sun
19:44:12,157,Streeterville/Taylor,,Mon,Tue,Wed,Thu,Fri
20:44:39,60,Blue Island/26th,,Sun
09:57:16,60,Blue Island/26th,,Mon,Tue,Wed,Thu,Fri
09:27:11,20,Madison,,Sun
14:49:53,56,Milwaukee,,Mon,Tue,Wed,Thu,Fri
08:01:42,157,Streeterville/Taylor,,Mon,Tue,Wed,Thu,Fri
17:19:01,20,Madison,,Mon,Tue,Wed,Thu,Fri
20:51:11,20,Madison,,Sat
10:32:01,60,Blue Island/26th,,Sun
10:10:47,J14,Jeffery Jump,,Sat
19:35:14,20,Madison,,Sun
23:10:09,J14,Jeffery Jump,,Sat
10:55:33,60,Blue Island/26th,,Mon,Tue,Wed,Thu,Fri
13:54:56,20,Madison,,Sat
17:59:15,56,Milwaukee,,Mon,Tue,Wed,Thu,Fri
11:55:47,60,Blue Island/26th,,Mon,Tue,Wed,Thu,Fri
05:00:15,60,Blue Island/26th,,Sat
14:11:24,60,Blue Island/26th,,Sun
17:24:06,20,Madison,,Mon,Tue,Wed,Thu,Fri
11:00:38,J14,Jeffery Jump,,Sat
12:02:01,60,Blue Island/26th,,Sun
21:37:02,20,Madison,,Sat
17:45:14,20,Madison,,Sun
09:13:42,56,Milwaukee,,Sat
09:53:05,157,Streeterville/Taylor,,Mon,Tue,Wed,Thu,Fri
17:02:47,157,Streeterville/Taylor,,Mon,Tue,Wed,Thu,Fri
12:31:52,124,Navy Pier,,Mon,Tue,Wed,Thu,Fri
09:40:47,157,Streeterville/Taylor,,Mon,Tue,Wed,Thu,Fri
14:57:52,20,Madison,,Sat
20:51:14,20,Madison,,Sat
14:53:58,124,Navy Pier,,Sat
21:43:01,60,Blue Island/26th,,Sat
03:58:54,20,Madison,,Mon,Tue,Wed,Thu,Fri
15:12:19,60,Blue Island/26th,,Sat
20:15:41,20,Madison,,Mon,Tue,Wed,Thu,Fri
10:29:15,56,Milwaukee,,Mon,Tue,Wed,Thu,Fri
15:39:50,J14,Jeffery Jump,,Mon,Tue,Wed,Thu,Fri
19:31:14,20,Madison,,Sat
10:31:00,56,Milwaukee,,Sat
17:08:40,56,Milwaukee,,Sat
08:52:37,60,Blue Island/26th,,Sun
13:05:47,60,Blue Island/26th,,Mon,Tue,Wed,Thu,Fri
13:32:15,J14,Jeffery Jump,,Sun
17:55:06,20,Madison,,Mon,Tue,Wed,Thu,Fri
07:41:18,J14,Jeffery Jump,,Sun
05:36:41,20,Madison,,Mon,Tue,Wed,Thu,Fri
14:56:22,J14,Jeffery Jump,,Sat
22:38:07,60,Blue Island/26th,,Sun
05:16:16,60,Blue Island/26th,,Mon,Tue,Wed,Thu,Fri
20:48:37,J14,Jeffery Jump,,Mon,Tue,Wed,Thu,Fri
17:47:36,20,Madison,,Mon,Tue,Wed,Thu,Fri
19:31:11,20,Madison,,Sat
15:35:41,20,Madison,,Mon,Tue,Wed,Thu,Fri
06:46:25,60,Blue Island/26th,,Mon,Tue,Wed,Thu,Fri
12:59:34,124,Navy Pier,,Mon,Tue,Wed,Thu,Fri
12:43:03,20,Madison,,Mon,Tue,Wed,Thu,Fri
20:15:15,J14,Jeffery Jump,,Sat
15:10:58,124,Navy Pier,,Sat
16:03:01,20,Madison,,Mon,Tue,Wed,Thu,Fri
14:12:05,J14,Jeffery Jump,,Mon,Tue,Wed,Thu,Fri
20:45:54,56,Milwaukee,,Mon,Tue,Wed,Thu,Fri
12:27:23,56,Milwaukee,,Sat
24:06:01,60,Blue Island/26th,,Mon,Tue,Wed,Thu,Fri
24:28:51,20,Madison,,Sat
08:19:53,20,Madison,,Sun
13:59:00,56,Milwaukee,,Sun
20:27:30,56,Milwaukee,,Mon,Tue,Wed,Thu,Fri
09:27:14,20,Madison,,Sun
03:28:54,20,Madison,,Tue,Wed,Thu,Fri,Sat
07:41:18,J14,Jeffery Jump,,Sat
16:54:52,20,Madison,,Sat
17:25:04,56,Milwaukee,,Sat
21:05:44,20,Madison,,Mon,Tue,Wed,Thu,Fri
13:11:51,60,Blue Island/26th,,Sun
09:17:11,20,Madison,,Sun
18:09:05,J14,Jeffery Jump,,Mon,Tue,Wed,Thu,Fri
16:25:44,J14,Jeffery Jump,,Sat
15:55:20,J14,Jeffery Jump,,Mon,Tue,Wed,Thu,Fri
22:09:42,56,Milwaukee,,Mon,Tue,Wed,Thu,Fri
13:16:22,J14,Jeffery Jump,,Sat
16:50:27,56,Milwaukee,,Mon,Tue,Wed,Thu,Fri
17:55:31,60,Blue Island/26th,,Sun
06:06:45,20,Madison,,Mon,Tue,Wed,Thu,Fri
21:04:53,J14,Jeffery Jump,,Sat
22:48:29,20,Madison,,Sun
13:31:24,60,Blue Island/26th,,Sun
15:56:30,60,Blue Island/26th,,Mon,Tue,Wed,Thu,Fri
24:36:01,60,Blue Island/26th,,Mon,Tue,Wed,Thu,Fri
09:09:40,124,Navy Pier,,Sun
10:15:22,J14,Jeffery Jump,,Mon,Tue,Wed,Thu,Fri
20:35:13,60,Blue Island/26th,,Sat
15:59:13,60,Blue Island/26th,,Sun
14:07:53,56,Milwaukee,,Mon,Tue,Wed,Thu,Fri
06:41:07,J14,Jeffery Jump,,Mon,Tue,Wed,Thu,Fri
06:49:52,J14,Jeffery Jump,,Mon,Tue,Wed,Thu,Fri
10:58:42,56,Milwaukee,,Sun
20:00:01,J14,Jeffery Jump,,Sun
09:29:10,20,Madison,,Mon,Tue,Wed,Thu,Fri
06:58:37,J14,Jeffery Jump,,Mon,Tue,Wed,Thu,Fri
13:57:11,20,Madison,,Sun
06:14:34,56,Milwaukee,,Sun
12:06:09,J14,Jeffery Jump,,Sun
12:13:19,60,Blue Island/26th,,Sat
19:51:11,20,Madison,,Sat
11:31:51,60,Blue Island/26th,,Sun
14:12:01,J14,Jeffery Jump,,Sun
10:14:16,60,Blue Island/26th,,Sat
13:40:44,157,Streeterville/Taylor,,Mon,Tue,Wed,Thu,Fri
10:33:57,157,Streeterville/Taylor,,Mon,Tue,Wed,Thu,Fri
15:37:00,56,Milwaukee,,Sun
11:24:41,56,Milwaukee,,Sat
17:34:52,20,Madison,,Sat
21:11:11,20,Madison,,Sat
23:15:59,20,Madison,,Sat
09:26:34,56,Milwaukee,,Mon,Tue,Wed,Thu,Fri
18:24:05,20,Madison,,Sat
11:30:15,J14,Jeffery Jump,,Sat
11:02:01,60,Blue Island/26th,,Sun
06:16:45,20,Madison,,Mon,Tue,Wed,Thu,Fri
05:58:04,157,Streeterville/Taylor,,Mon,Tue,Wed,Thu,Fri
10:46:03,20,Madison,,Mon,Tue,Wed,Thu,Fri
11:27:14,20,Madison,,Sun
15:55:37,124,Navy Pier,,Mon,Tue,Wed,Thu,Fri
08:01:54,J14,Jeffery Jump,,Sun
06:31:37,157,Streeterville/Taylor,,Mon,Tue,Wed,Thu,Fri
15:11:53,J14,Jeffery Jump,,Sun
09:02:23,157,Streeterville/Taylor,,Mon,Tue,Wed,Thu,Fri
20:15:23,J14,Jeffery Jump,,Sat
13:06:44,157,Streeterville/Taylor,,Mon,Tue,Wed,Thu,Fri
12:26:52,J14,Jeffery Jump,,Sat
18:10:49,60,Blue Island/26th,,Sat
19:18:46,60,Blue Island/26th,,Mon,Tue,Wed,Thu,Fri
03:58:51,20,Madison,,Sun
12:06:52,20,Madison,,Sat
22:42:32,20,Madison,,Mon,Tue,Wed,Thu,Fri
17:56:06,60,Blue Island/26th,,Mon,Tue,Wed,Thu,Fri
19:49:14,J14,Jeffery Jump,,Mon,Tue,Wed,Thu,Fri
08:21:11,20,Madison,,Sun
11:03:35,60,Blue Island/26th,,Sat
18:32:21,60,Blue Island/26th,,Sun
20:35:24,60,Blue Island/26th,,Sat
11:26:02,J14,Jeffery Jump,,Sun
21:23:53,20,Madison,,Mon,Tue,Wed,Thu,Fri
09:30:46,124,Navy Pier,,Mon,Tue,Wed,Thu,Fri
14:02:27,124,Navy Pier,,Sat
12:52:58,124,Navy Pier,,Sat
18:14:32,60,Blue Island/26th,,Mon,Tue,Wed,Thu,Fri
06:56:41,20,Madison,,Mon,Tue,Wed,Thu,Fri
19:21:27,J14,Jeffery Jump,,Mon,Tue,Wed,Thu,Fri
06:07:11,60,Blue Island/26th,,Mon,Tue,Wed,Thu,Fri
14:37:14,20,Madison,,Sun
11:25:28,124,Navy Pier,,Sat
16:09:50,J14,Jeffery Jump,,Mon,Tue,Wed,Thu,Fri
16:22:05,157,Streeterville/Taylor,,Mon,Tue,Wed,Thu,Fri
22:09:37,56,Milwaukee,,Mon,Tue,Wed,Thu,Fri
16:19:28,124,Navy Pier,,Sat
11:16:03,20,Madison,,Mon,Tue,Wed,Thu,Fri
19:37:39,60,Blue Island/26th,,Mon,Tue,Wed,Thu,Fri
14:02:01,J14,Jeffery Jump,,Sun
17:31:32,60,Blue Island/26th,,Sat
19:35:15,J14,Jeffery Jump,,Sat
00:58:51,20,Madison,,Sun
12:51:56,J14,Jeffery Jump,,Mon,Tue,Wed,Thu,Fri
18:59:30,56,Milwaukee,,Mon,Tue,Wed,Thu,Fri
10:16:03,60,Blue Island/26th,,Mon,Tue,Wed,Thu,Fri
14:21:56,20,Madison,,Sat
15:14:33,60,Blue Island/26th,,Mon,Tue,Wed,Thu,Fri
15:31:40,J14,Jeffery Jump,,Mon,Tue,Wed,Thu,Fri
19:16:00,56,Milwaukee,,Mon,Tue,Wed,Thu,Fri
08:18:11,20,Madison,,Sat
02:07:31,60,Blue Island/26th,,Sun
08:21:41,20,Madison,,Mon,Tue,Wed,Thu,Fri
14:13:04,56,Milwaukee,,Sat
15:02:59,56,Milwaukee,,Mon,Tue,Wed,Thu,Fri
18:17:40,J14,Jeffery Jump,,Mon,Tue,Wed,Thu,Fri
07:28:28,J14,Jeffery Jump,,Mon,Tue,Wed,Thu,Fri
10:28:05,20,Madison,,Sat
10:55:47,60,Blue Island/26th,,Mon,Tue,Wed,Thu,Fri
08:09:44,60,Blue Island/26th,,Mon,Tue,Wed,Thu,Fri
23:58:54,20,Madison,,Sun
08:56:46,20,Madison,,Mon,Tue,Wed,Thu,Fri
08:47:54,J14,Jeffery Jump,,Sun
19:13:53,56,Milwaukee,,Sat
16:49:13,60,Blue Island/26th,,Sun
08:47:49,56,Milwaukee,,Sun
11:39:44,157,Streeterville/Taylor,,Mon,Tue,Wed,Thu,Fri
19:04:42,157,Streeterville/Taylor,,Mon,Tue,Wed,Thu,Fri
08:05:29,56,Milwaukee,,Mon,Tue,Wed,Thu,Fri
13:35:47,60,Blue Island/26th,,Mon,Tue,Wed,Thu,Fri
15:47:50,J14,Jeffery Jump,,Mon,Tue,Wed,Thu,Fri
12:04:22,124,Navy Pier,,Mon,Tue,Wed,Thu,Fri
05:29:53,60,Blue Island/26th,,Sun
20:35:14,20,Madison,,Sun
15:12:12,124,Navy Pier,,Sun
19:36:34,124,Navy Pier,,Sat
11:10:38,J14,Jeffery Jump,,Sat
10:49:57,157,Streeterville/Taylor,,Mon,Tue,Wed,Thu,Fri
23:42:29,20,Madison,,Mon,Tue,Wed,Thu,Fri
16:15:50,J14,Jeffery Jump,,Mon,Tue,Wed,Thu,Fri
14:42:44,157,Streeterville/Taylor,,Mon,Tue,Wed,Thu,Fri
14:39:56,20,Madison,,Sat
16:03:06,20,Madison,,Mon,Tue,Wed,Thu,Fri
21:32:29,20,Madison,,Mon,Tue,Wed,Thu,Fri
12:46:12,124,Navy Pier,,Sun
08:24:18,J14,Jeffery Jump,,Sat
10:06:39,J14,Jeffery Jump,,Sun
16:01:27,124,Navy Pier,,Sat
09:12:46,60,Blue Island/26th,,Sun
06:14:07,157,Streeterville/Taylor,,Mon,Tue,Wed,Thu,Fri
18:33:10,60,Blue Island/26th,,Mon,Tue,Wed,Thu,Fri
11:26:07,20,Madison,,Mon,Tue,Wed,Thu,Fri
18:05:52,J14,Jeffery Jump,,Sat
23:42:32,20,Madison,,Mon,Tue,Wed,Thu,Fri
18:20:32,60,Blue Island/26th,,Sat
18:24:01,20,Madison,,Sat
18:56:27,60,Blue Island/26th,,Sat
18:53:23,56,Milwaukee,,Sat
12:13:32,60,Blue Island/26th,,Sat
21:18:30,J14,Jeffery Jump,,Mon,Tue,Wed,Thu,Fri
21:42:29,20,Madison,,Mon,Tue,Wed,Thu,Fri
08:51:46,20,Madison,,Mon,Tue,Wed,Thu,Fri
13:57:44,157,Streeterville/Taylor,,Mon,Tue,Wed,Thu,Fri
08:46:35,J14,Jeffery Jump,,Mon,Tue,Wed,Thu,Fri
00:58:54,20,Madison,,Sun
04:45:54,20,Madison,,Mon,Tue,Wed,Thu,Fri
13:20:04,56,Milwaukee,,Mon,Tue,Wed,Thu,Fri
17:25:52,J14,Jeffery Jump,,Sat
13:04:04,56,Milwaukee,,Mon,Tue,Wed,Thu,Fri
13:36:04,56,Milwaukee,,Mon,Tue,Wed,Thu,Fri
11:36:02,J14,Jeffery Jump,,Sun
13:12:41,60,Blue Island/26th,,Sat
14:51:13,60,Blue Island/26th,,Sun
17:42:04,157,Streeterville/Taylor,,Mon,Tue,Wed,Thu,Fri
08:10:41,20,Madison,,Sat
21:12:51,60,Blue Island/26th,,Sat
14:01:24,60,Blue Island/26th,,Sun
15:55:10,J14,Jeffery Jump,,Mon,Tue,Wed,Thu,Fri
08:26:41,20,Madison,,Mon,Tue,Wed,Thu,Fri
22:00:31,56,Milwaukee,,Sun
24:12:51,20,Madison,,Mon,Tue,Wed,Thu,Fri
16:00:30,J14,Jeffery Jump,,Sun
09:32:01,60,Blue Island/26th,,Sun
12:16:09,J14,Jeffery Jump,,Sun
21:48:32,20,Madison,,Sun
11:00:31,J14,Jeffery Jump,,Sat
08:54:09,J14,Jeffery Jump,,Sat
16:35:44,J14,Jeffery Jump,,Sat
16:09:27,157,Streeterville/Taylor,,Mon,Tue,Wed,Thu,Fri
17:54:40,157,Streeterville/Taylor,,Mon,Tue,Wed,Thu,Fri
17:47:31,20,Madison,,Mon,Tue,Wed,Thu,Fri
22:47:47,J14,Jeffery Jump,,Mon,Tue,Wed,Thu,Fri
12:46:52,J14,Jeffery Jump,,Sat
15:37:40,56,Milwaukee,,Mon,Tue,Wed,Thu,Fri
03:34:31,60,Blue Island/26th,,Tue,Wed,Thu,Fri,Sat
11:47:14,20,Madison,,Sun
22:59:07,60,Blue Island/26th,,Sun
07:28:37,J14,Jeffery Jump,,Mon,Tue,Wed,Thu,Fri
03:28:54,20,Madison,,Sat
11:42:05,J14,Jeffery Jump,,Mon,Tue,Wed,Thu,Fri
04:58:54,20,Madison,,Sat
17:16:24,157,Streeterville/Taylor,,Mon,Tue,Wed,Thu,Fri
15:14:53,56,Milwaukee,,Mon,Tue,Wed,Thu,Fri
06:16:35,56,Milwaukee,,Mon,Tue,Wed,Thu,Fri
14:46:14,J14,Jeffery Jump,,Sat
21:58:46,60,Blue Island/26th,,Sun
18:11:24,157,Streeterville/Taylor,,Mon,Tue,Wed,Thu,Fri
08:35:11,20,Madison,,Sun
16:33:50,J14,Jeffery Jump,,Mon,Tue,Wed,Thu,Fri
16:21:40,J14,Jeffery Jump,,Mon,Tue,Wed,Thu,Fri
23:14:59,20,Madison,,Mon,Tue,Wed,Thu,Fri
09:06:41,20,Madison,,Mon,Tue,Wed,Thu,Fri
17:50:15,J14,Jeffery Jump,,Sun
10:25:14,J14,Jeffery Jump,,Mon,Tue,Wed,Thu,Fri
10:18:23,157,Streeterville/Taylor,,Mon,Tue,Wed,Thu,Fri
01:02:54,20,Madison,,Tue,Wed,Thu,Fri,Sat
15:23:55,20,Madison,,Mon,Tue,Wed,Thu,Fri
17:25:10,56,Milwaukee,,Sat
20:38:30,J14,Jeffery Jump,,Mon,Tue,Wed,Thu,Fri
22:20:31,60,Blue Island/26th,,Sat
11:02:04,56,Milwaukee,,Mon,Tue,Wed,Thu,Fri
14:52:51,20,Madison,,Mon,Tue,Wed,Thu,Fri
21:01:14,20,Madison,,Sat
10:36:07,20,Madison,,Mon,Tue,Wed,Thu,Fri
17:37:58,60,Blue Island/26th,,Mon,Tue,Wed,Thu,Fri
09:01:41,20,Madison,,Mon,Tue,Wed,Thu,Fri
05:26:59,20,Madison,,Sun
10:28:01,20,Madison,,Sat
19:57:18,124,Navy Pier,,Sun
10:57:11,20,Madison,,Sun
10:24:05,60,Blue Island/26th,,Sat
11:09:52,124,Navy Pier,,Mon,Tue,Wed,Thu,Fri
12:35:28,124,Navy Pier,,Sat
14:42:12,157,Streeterville/Taylor,,Mon,Tue,Wed,Thu,Fri
15:30:44,157,Streeterville/Taylor,,Mon,Tue,Wed,Thu,Fri
16:30:30,J14,Jeffery Jump,,Sun
07:04:11,20,Madison,,Mon,Tue,Wed,Thu,Fri
09:36:43,124,Navy Pier,,Sat
09:46:39,J14,Jeffery Jump,,Sun
10:30:47,J14,Jeffery Jump,,Sat
08:45:40,124,Navy Pier,,Sun
16:05:40,60,Blue Island/26th,,Mon,Tue,Wed,Thu,Fri
12:25:23,J14,Jeffery Jump,,Sun
12:33:23,157,Streeterville/Taylor,,Mon,Tue,Wed,Thu,Fri
00:37:53,60,Blue Island/26th,,Sun
09:50:53,J14,Jeffery Jump,,Sat
22:36:02,J14,Jeffery Jump,,Sat
20:30:49,60,Blue Island/26th,,Mon,Tue,Wed,Thu,Fri
07:20:55,20,Madison,,Mon,Tue,Wed,Thu,Fri
16:47:11,20,Madison,,Sun
12:00:28,124,Navy Pier,,Sat
15:30:34,56,Milwaukee,,Sat
01:58:54,20,Madison,,Mon
12:32:05,J14,Jeffery Jump,,Mon,Tue,Wed,Thu,Fri
21:31:07,60,Blue Island/26th,,Sun
21:05:41,20,Madison,,Mon,Tue,Wed,Thu,Fri
17:40:23,J14,Jeffery Jump,,Sun
17:34:56,20,Madison,,Sat
13:42:04,56,Milwaukee,,Sat
14:09:33,20,Madison,,Mon,Tue,Wed,Thu,Fri
24:35:53,60,Blue Island/26th,,Mon,Tue,Wed,Thu,Fri
21:25:16,124,Navy Pier,,Sat
11:45:33,20,Madison,,Mon,Tue,Wed,Thu,Fri
12:22:12,124,Navy Pier,,Sun
10:48:22,124,Navy Pier,,Sat
07:15:46,60,Blue Island/26th,,Mon,Tue,Wed,Thu,Fri
10:29:22,56,Milwaukee,,Mon,Tue,Wed,Thu,Fri
23:16:45,60,Blue Island/26th,,Mon,Tue,Wed,Thu,Fri
12:25:37,20,Madison,,Mon,Tue,Wed,Thu,Fri
09:11:53,J14,Jeffery Jump,,Sat
07:36:06,20,Madison,,Mon,Tue,Wed,Thu,Fri
11:03:46,60,Blue Island/26th,,Sat
21:02:59,60,Blue Island/26th,,Sun
15:25:59,56,Milwaukee,,Mon,Tue,Wed,Thu,Fri
18:42:00,60,Blue Island/26th,,Mon,Tue,Wed,Thu,Fri
20:50:40,124,Navy Pier,,Sun
03:58:51,20,Madison,,Mon,Tue,Wed,Thu,Fri
18:11:02,60,Blue Island/26th,,Sat
13:42:01,J14,Jeffery Jump,,Sun
17:46:12,124,Navy Pier,,Sun
10:45:33,60,Blue Island/26th,,Mon,Tue,Wed,Thu,Fri
16:39:06,20,Madison,,Mon,Tue,Wed,Thu,Fri
19:04:27,124,Navy Pier,,Sun
17:07:18,J14,Jeffery Jump,,Mon,Tue,Wed,Thu,Fri
09:58:11,20,Madison,,Sat
09:42:01,60,Blue Island/26th,,Sun
11:17:52,20,Madison,,Sat
15:16:22,J14,Jeffery Jump,,Sat
14:32:01,J14,Jeffery Jump,,Sun
10:47:11,20,Madison,,Sun
16:58:30,56,Milwaukee,,Sun
19:20:01,J14,Jeffery Jump,,Sun
18:55:30,J14,Jeffery Jump,,Sat
23:03:32,20,Madison,,Sat
17:10:23,J14,Jeffery Jump,,Sun
07:43:30,157,Streeterville/Taylor,,Mon,Tue,Wed,Thu,Fri
19:31:29,56,Milwaukee,,Sat
07:23:15,60,Blue Island/26th,,Sun
13:24:00,56,Milwaukee,,Sun
21:46:47,J14,Jeffery Jump,,Sat
09:44:12,56,Milwaukee,,Sun
03:58:54,20,Madison,,Sat
06:01:37,60,Blue Island/26th,,Sat
20:45:11,20,Madison,,Sun
08:21:37,60,Blue Island/26th,,Sun
03:34:54,20,Madison,,Mon,Tue,Wed,Thu,Fri
06:39:07,56,Milwaukee,,Sun
09:33:13,124,Navy Pier,,Sun
21:23:53,20,Madison,,Sun
13:40:12,157,Streeterville/Taylor,,Mon,Tue,Wed,Thu,Fri
23:16:02,20,Madison,,Sun
12:55:47,60,Blue Island/26th,,Mon,Tue,Wed,Thu,Fri
21:32:32,20,Madison,,Mon,Tue,Wed,Thu,Fri
14:06:14,J14,Jeffery Jump,,Sat
20:16:39,60,Blue Island/26th,,Sun
09:57:32,60,Blue Island/26th,,Mon,Tue,Wed,Thu,Fri
07:52:47,56,Milwaukee,,Mon,Tue,Wed,Thu,Fri
17:21:49,56,Milwaukee,,Mon,Tue,Wed,Thu,Fri
15:14:10,56,Milwaukee,,Sat