arrival_time,route_short_name,route_long_name,headsign,service_days
16:56:40,62,Archer,,Mon,Tue,Wed,Thu,Fri
07:10:20,6,Jackson Park Express,,Sun
07:50:30,29,State,,Sun
19:13:09,36,Broadway,,Sun
09:42:30,62,Archer,,Sun
18:40:19,2,Hyde Park Express,,Mon,Tue,Wed,Thu,Fri
10:44:10,62,Archer,,Sun
10:01:45,6,Jackson Park Express,,Sat
00:48:20,6,Jackson Park Express,,Mon
14:39:24,146,Inner Lake Shore/Michigan Express,,Mon,Tue,Wed,Thu,Fri
07:06:38,62,Archer,,Sat
06:35:01,36,Broadway,,Sun
18:09:50,6,Jackson Park Express,,Mon,Tue,Wed,Thu,Fri
08:05:27,146,Inner Lake Shore/Michigan Express,,Mon,Tue,Wed,Thu,Fri
11:39:55,6,Jackson Park Express,,Mon,Tue,Wed,Thu,Fri
12:09:06,29,State,,Sun
11:43:57,6,Jackson Park Express,,Sat
17:48:40,6,Jackson Park Express,,Sun
17:16:44,36,Broadway,,Sun
11:08:43,62,Archer,,Sat
12:46:52,36,Broadway,,Sat
14:21:43,62,Archer,,Sun
20:25:00,146,Inner Lake Shore/Michigan Express,,Mon,Tue,Wed,Thu,Fri
22:02:15,6,Jackson Park Express,,Sun
16:26:49,29,State,,Sun
13:44:38,62,Archer,,Mon,Tue,Wed,Thu,Fri
05:14:47,29,State,,Sun
12:37:49,29,State,,Sat
12:35:14,146,Inner Lake Shore/Michigan Express,,Sun
21:18:21,62,Archer,,Sat
09:15:00,62,Archer,,Sat
09:22:47,146,Inner Lake Shore/Michigan Express,,Mon,Tue,Wed,Thu,Fri
22:06:17,146,Inner Lake Shore/Michigan Express,,Mon,Tue,Wed,Thu,Fri
17:19:35,62,Archer,,Sat
13:34:48,36,Broadway,,Sat
12:30:16,62,Archer,,Mon,Tue,Wed,Thu,Fri
21:19:43,62,Archer,,Mon,Tue,Wed,Thu,Fri
05:43:37,6,Jackson Park Express,,Sat
10:18:57,36,Broadway,,Mon,Tue,Wed,Thu,Fri
17:40:44,146,Inner Lake Shore/Michigan Express,,Sun
13:38:40,6,Jackson Park Express,,Sun
07:08:30,29,State,,Sun
15:19:02,29,State,,Mon,Tue,Wed,Thu,Fri
19:30:18,36,Broadway,,Mon,Tue,Wed,Thu,Fri
07:14:44,146,Inner Lake Shore/Michigan Express,,Mon,Tue,Wed,Thu,Fri
14:10:19,29,State,,Sat
17:27:20,6,Jackson Park Express,,Sun
06:53:18,36,Broadway,,Mon,Tue,Wed,Thu,Fri
22:21:03,146,Inner Lake Shore/Michigan Express,,Mon,Tue,Wed,Thu,Fri
09:42:30,62,Archer,,Sun
12:59:10,6,Jackson Park Express,,Sat
18:06:59,2,Hyde Park Express,,Mon,Tue,Wed,Thu,Fri
13:47:44,146,Inner Lake Shore/Michigan Express,,Sun
17:44:18,36,Broadway,,Sat
24:07:53,29,State,,Sat
14:29:18,36,Broadway,,Sat
19:53:35,36,Broadway,,Sun
06:42:30,29,State,,Mon,Tue,Wed,Thu,Fri
21:26:30,62,Archer,,Sun
15:59:35,6,Jackson Park Express,,Mon,Tue,Wed,Thu,Fri
07:53:57,146,Inner Lake Shore/Michigan Express,,Mon,Tue,Wed,Thu,Fri
21:49:00,29,State,,Sun
17:28:40,6,Jackson Park Express,,Sun
02:04:53,62,Archer,,Tue,Wed,Thu,Fri,Sat
15:08:01,36,Broadway,,Mon,Tue,Wed,Thu,Fri
09:40:13,29,State,,Sat
20:56:48,36,Broadway,,Mon,Tue,Wed,Thu,Fri
07:56:08,62,Archer,,Sun
10:06:10,6,Jackson Park Express,,Mon,Tue,Wed,Thu,Fri
18:43:00,146,Inner Lake Shore/Michigan Express,,Sun
18:31:14,146,Inner Lake Shore/Michigan Express,,Sun
08:21:53,148,Clarendon/Michigan Express,,Mon,Tue,Wed,Thu,Fri
11:44:54,62,Archer,,Mon,Tue,Wed,Thu,Fri
12:20:52,36,Broadway,,Sun
09:51:18,36,Broadway,,Sat
13:55:05,62,Archer,,Sat
19:28:00,146,Inner Lake Shore/Michigan Express,,Sun
08:46:20,146,Inner Lake Shore/Michigan Express,,Sun
17:30:35,6,Jackson Park Express,,Mon,Tue,Wed,Thu,Fri
19:27:05,62,Archer,,Sat
10:28:00,29,State,,Sun
07:20:06,146,Inner Lake Shore/Michigan Express,,Sat
14:29:24,146,Inner Lake Shore/Michigan Express,,Mon,Tue,Wed,Thu,Fri
23:09:30,29,State,,Sun
08:06:14,36,Broadway,,Sat
18:56:19,29,State,,Sat
14:39:24,146,Inner Lake Shore/Michigan Express,,Mon,Tue,Wed,Thu,Fri
15:08:19,29,State,,Sat
15:29:20,6,Jackson Park Express,,Mon,Tue,Wed,Thu,Fri
19:49:48,36,Broadway,,Sat
06:13:35,36,Broadway,,Sat
00:19:53,62,Archer,,Sun
20:03:14,146,Inner Lake Shore/Michigan Express,,Sat
15:14:18,36,Broadway,,Sat
10:32:44,36,Broadway,,Sat
09:04:23,29,State,,Sat
18:51:11,146,Inner Lake Shore/Michigan Express,,Sat
13:49:56,29,State,,Mon,Tue,Wed,Thu,Fri
09:31:06,29,State,,Sun
08:55:13,29,State,,Mon,Tue,Wed,Thu,Fri
07:37:08,62,Archer,,Sun
15:30:02,29,State,,Mon,Tue,Wed,Thu,Fri
16:50:22,36,Broadway,,Sat
17:16:22,36,Broadway,,Sat
01:34:53,62,Archer,,Tue,Wed,Thu,Fri,Sat
10:21:11,146,Inner Lake Shore/Michigan Express,,Sat
09:01:50,6,Jackson Park Express,,Sat
22:58:21,62,Archer,,Sat
07:01:45,6,Jackson Park Express,,Mon,Tue,Wed,Thu,Fri
07:49:40,2,Hyde Park Express,,Mon,Tue,Wed,Thu,Fri
14:53:05,62,Archer,,Sat
16:22:40,36,Broadway,,Mon,Tue,Wed,Thu,Fri
08:21:59,2,Hyde Park Express,,Mon,Tue,Wed,Thu,Fri
18:57:00,146,Inner Lake Shore/Michigan Express,,Sun
07:46:10,148,Clarendon/Michigan Express,,Mon,Tue,Wed,Thu,Fri
09:13:20,146,Inner Lake Shore/Michigan Express,,Sun
09:44:43,62,Archer,,Mon,Tue,Wed,Thu,Fri
14:13:55,6,Jackson Park Express,,Sat
04:45:05,36,Broadway,,Mon,Tue,Wed,Thu,Fri
08:04:28,148,Clarendon/Michigan Express,,Mon,Tue,Wed,Thu,Fri
13:20:44,146,Inner Lake Shore/Michigan Express,,Sun
11:15:55,6,Jackson Park Express,,Mon,Tue,Wed,Thu,Fri
13:37:56,29,State,,Mon,Tue,Wed,Thu,Fri
14:18:31,36,Broadway,,Mon,Tue,Wed,Thu,Fri
09:59:43,62,Archer,,Mon,Tue,Wed,Thu,Fri
18:02:56,29,State,,Sat
14:37:00,62,Archer,,Mon,Tue,Wed,Thu,Fri
07:16:02,62,Archer,,Mon,Tue,Wed,Thu,Fri
11:16:11,146,Inner Lake Shore/Michigan Express,,Mon,Tue,Wed,Thu,Fri
08:06:30,29,State,,Sat
13:05:40,6,Jackson Park Express,,Sun
09:09:30,146,Inner Lake Shore/Michigan Express,,Sat
06:24:05,6,Jackson Park Express,,Sat
20:13:10,6,Jackson Park Express,,Mon,Tue,Wed,Thu,Fri
09:50:06,29,State,,Sun
13:55:57,6,Jackson Park Express,,Sat
17:49:22,6,Jackson Park Express,,Sat
10:37:11,146,Inner Lake Shore/Michigan Express,,Mon,Tue,Wed,Thu,Fri
18:12:48,36,Broadway,,Sat
21:03:10,6,Jackson Park Express,,Mon,Tue,Wed,Thu,Fri
13:26:57,146,Inner Lake Shore/Michigan Express,,Sat
06:41:47,29,State,,Sat
20:19:21,62,Archer,,Sun
09:53:14,36,Broadway,,Sun
00:49:53,62,Archer,,Mon
10:28:22,6,Jackson Park Express,,Mon,Tue,Wed,Thu,Fri
08:13:03,146,Inner Lake Shore/Michigan Express,,Sat
16:37:49,29,State,,Sat
22:38:21,62,Archer,,Sat
21:51:13,29,State,,Mon,Tue,Wed,Thu,Fri
08:22:44,36,Broadway,,Sat
11:53:48,36,Broadway,,Sun
16:36:41,146,Inner Lake Shore/Michigan Express,,Sat
11:34:54,62,Archer,,Sat
17:59:17,6,Jackson Park Express,,Mon,Tue,Wed,Thu,Fri
19:01:14,36,Broadway,,Sun
15:10:35,6,Jackson Park Express,,Mon,Tue,Wed,Thu,Fri
13:18:49,29,State,,Sat
14:49:18,36,Broadway,,Sun
19:19:19,29,State,,Sat
09:43:41,146,Inner Lake Shore/Michigan Express,,Sat
18:04:35,62,Archer,,Sat
13:14:30,146,Inner Lake Shore/Michigan Express,,Sun
00:41:53,29,State,,Tue,Wed,Thu,Fri,Sat
07:13:52,146,Inner Lake Shore/Michigan Express,,Sun
22:38:35,36,Broadway,,Sun
20:56:47,146,Inner Lake Shore/Michigan Express,,Sun
09:11:30,62,Archer,,Sun
15:07:49,29,State,,Sun
24:07:53,29,State,,Sat
15:56:52,6,Jackson Park Express,,Sun
11:54:19,29,State,,Mon,Tue,Wed,Thu,Fri
14:47:02,29,State,,Mon,Tue,Wed,Thu,Fri
08:55:13,29,State,,Mon,Tue,Wed,Thu,Fri
21:53:05,36,Broadway,,Sun
20:05:57,6,Jackson Park Express,,Sat
14:51:40,6,Jackson Park Express,,Mon,Tue,Wed,Thu,Fri
20:27:43,29,State,,Sat
15:18:49,29,State,,Sat
18:53:14,36,Broadway,,Sat
12:33:10,6,Jackson Park Express,,Sat
12:14:10,6,Jackson Park Express,,Sat
21:34:45,6,Jackson Park Express,,Sun
08:10:35,146,Inner Lake Shore/Michigan Express,,Mon,Tue,Wed,Thu,Fri
21:47:25,6,Jackson Park Express,,Mon,Tue,Wed,Thu,Fri
00:34:53,62,Archer,,Tue,Wed,Thu,Fri,Sat
12:53:18,36,Broadway,,Sun
17:48:44,36,Broadway,,Mon,Tue,Wed,Thu,Fri
18:51:35,62,Archer,,Sat
06:57:30,6,Jackson Park Express,,Sun
10:29:45,6,Jackson Park Express,,Sun
14:05:44,146,Inner Lake Shore/Michigan Express,,Sun
23:29:53,29,State,,Sun
13:15:27,62,Archer,,Mon,Tue,Wed,Thu,Fri
06:58:46,62,Archer,,Sun
20:00:17,146,Inner Lake Shore/Michigan Express,,Sun
18:28:38,62,Archer,,Mon,Tue,Wed,Thu,Fri
15:44:44,146,Inner Lake Shore/Michigan Express,,Sun
17:49:35,62,Archer,,Sat
20:22:35,36,Broadway,,Sun
17:47:14,36,Broadway,,Sun
07:33:36,29,State,,Mon,Tue,Wed,Thu,Fri
06:47:38,62,Archer,,Sat
18:35:05,62,Archer,,Sat
17:13:22,6,Jackson Park Express,,Sat
23:54:35,36,Broadway,,Sun
10:06:43,62,Archer,,Sat
16:37:44,146,Inner Lake Shore/Michigan Express,,Sun
07:34:36,146,Inner Lake Shore/Michigan Express,,Sun
16:12:22,36,Broadway,,Sat
22:01:06,29,State,,Sat
13:44:18,36,Broadway,,Sat
13:17:52,6,Jackson Park Express,,Sun
20:05:12,6,Jackson Park Express,,Sun
15:20:35,6,Jackson Park Express,,Mon,Tue,Wed,Thu,Fri
07:08:30,29,State,,Sun
13:43:40,6,Jackson Park Express,,Sat
13:46:57,6,Jackson Park Express,,Sat
11:41:19,29,State,,Mon,Tue,Wed,Thu,Fri
23:15:35,36,Broadway,,Sun
08:26:31,36,Broadway,,Mon,Tue,Wed,Thu,Fri
11:58:18,36,Broadway,,Sat
10:44:10,62,Archer,,Sun
20:28:52,6,Jackson Park Express,,Mon,Tue,Wed,Thu,Fri
21:09:00,29,State,,Sun
07:38:32,6,Jackson Park Express,,Sat
21:30:44,36,Broadway,,Sat
10:05:27,36,Broadway,,Mon,Tue,Wed,Thu,Fri
00:15:23,29,State,,Tue,Wed,Thu,Fri,Sat
19:11:13,29,State,,Sun
09:00:20,146,Inner Lake Shore/Michigan Express,,Sun
09:30:10,6,Jackson Park Express,,Mon,Tue,Wed,Thu,Fri
13:15:27,62,Archer,,Mon,Tue,Wed,Thu,Fri
24:12:39,36,Broadway,,Mon,Tue,Wed,Thu,Fri
11:54:19,29,State,,Mon,Tue,Wed,Thu,Fri
21:45:36,29,State,,Sat
23:34:36,29,State,,Sat
22:38:03,146,Inner Lake Shore/Michigan Express,,Mon,Tue,Wed,Thu,Fri
00:46:23,29,State,,Mon
19:09:05,62,Archer,,Sat
10:25:57,6,Jackson Park Express,,Sat
16:12:22,36,Broadway,,Sat
17:36:44,36,Broadway,,Mon,Tue,Wed,Thu,Fri
13:27:22,6,Jackson Park Express,,Mon,Tue,Wed,Thu,Fri
22:06:27,6,Jackson Park Express,,Sat
20:07:05,36,Broadway,,Sun
11:08:18,36,Broadway,,Sat
17:58:14,146,Inner Lake Shore/Michigan Express,,Sun
23:33:30,29,State,,Mon,Tue,Wed,Thu,Fri
12:43:57,6,Jackson Park Express,,Sat
16:09:17,6,Jackson Park Express,,Mon,Tue,Wed,Thu,Fri
07:47:06,29,State,,Mon,Tue,Wed,Thu,Fri
18:29:54,2,Hyde Park Express,,Mon,Tue,Wed,Thu,Fri
14:29:10,6,Jackson Park Express,,Sat
14:49:25,6,Jackson Park Express,,Sat
12:27:52,36,Broadway,,Sat
08:23:03,146,Inner Lake Shore/Michigan Express,,Sat
11:38:18,36,Broadway,,Sat
00:13:30,6,Jackson Park Express,,Sun
12:14:05,62,Archer,,Sat
16:13:44,36,Broadway,,Sun
18:14:06,36,Broadway,,Mon,Tue,Wed,Thu,Fri
00:41:53,29,State,,Tue,Wed,Thu,Fri,Sat
11:13:09,36,Broadway,,Sun
16:36:38,29,State,,Mon,Tue,Wed,Thu,Fri
18:29:50,6,Jackson Park Express,,Mon,Tue,Wed,Thu,Fri
20:42:54,62,Archer,,Mon,Tue,Wed,Thu,Fri
10:46:27,36,Broadway,,Mon,Tue,Wed,Thu,Fri
14:04:57,6,Jackson Park Express,,Sat
13:48:10,6,Jackson Park Express,,Mon,Tue,Wed,Thu,Fri
23:33:30,29,State,,Mon,Tue,Wed,Thu,Fri
11:21:43,62,Archer,,Sat
18:35:40,6,Jackson Park Express,,Mon,Tue,Wed,Thu,Fri
15:42:14,36,Broadway,,Sun
08:24:32,6,Jackson Park Express,,Sat
24:12:39,36,Broadway,,Mon,Tue,Wed,Thu,Fri
11:30:30,146,Inner Lake Shore/Michigan Express,,Sun
16:48:45,6,Jackson Park Express,,Mon,Tue,Wed,Thu,Fri
17:46:43,62,Archer,,Sun
00:17:30,6,Jackson Park Express,,Mon
13:47:43,62,Archer,,Sun
15:10:18,36,Broadway,,Sun
08:53:30,62,Archer,,Sun
06:05:44,36,Broadway,,Mon,Tue,Wed,Thu,Fri
15:58:40,62,Archer,,Mon,Tue,Wed,Thu,Fri
19:40:52,6,Jackson Park Express,,Mon,Tue,Wed,Thu,Fri
16:11:44,146,Inner Lake Shore/Michigan Express,,Sun
15:08:19,29,State,,Sat
18:48:44,36,Broadway,,Sun
19:02:41,146,Inner Lake Shore/Michigan Express,,Mon,Tue,Wed,Thu,Fri
16:14:19,29,State,,Sun
15:31:44,36,Broadway,,Sun
20:35:13,29,State,,Mon,Tue,Wed,Thu,Fri
23:34:36,29,State,,Sat
07:49:05,146,Inner Lake Shore/Michigan Express,,Mon,Tue,Wed,Thu,Fri
16:58:38,29,State,,Mon,Tue,Wed,Thu,Fri
16:36:24,146,Inner Lake Shore/Michigan Express,,Mon,Tue,Wed,Thu,Fri
05:47:16,62,Archer,,Mon,Tue,Wed,Thu,Fri
09:08:13,29,State,,Mon,Tue,Wed,Thu,Fri
16:20:27,146,Inner Lake Shore/Michigan Express,,Sat
08:13:50,6,Jackson Park Express,,Sat
03:04:53,62,Archer,,Mon,Tue,Wed,Thu,Fri
19:21:14,36,Broadway,,Sat
06:03:47,29,State,,Sun
08:34:19,62,Archer,,Sun
08:52:36,36,Broadway,,Mon,Tue,Wed,Thu,Fri
04:04:53,62,Archer,,Sat
18:56:32,62,Archer,,Sun
13:24:10,6,Jackson Park Express,,Mon,Tue,Wed,Thu,Fri
12:33:57,6,Jackson Park Express,,Sat
12:32:52,36,Broadway,,Sun
14:56:01,36,Broadway,,Mon,Tue,Wed,Thu,Fri
21:01:15,6,Jackson Park Express,,Sat
12:23:40,6,Jackson Park Express,,Sat
07:56:20,146,Inner Lake Shore/Michigan Express,,Sun
13:53:31,36,Broadway,,Mon,Tue,Wed,Thu,Fri
18:40:50,6,Jackson Park Express,,Mon,Tue,Wed,Thu,Fri
21:51:13,29,State,,Mon,Tue,Wed,Thu,Fri
00:29:15,6,Jackson Park Express,,Sun
14:07:41,146,Inner Lake Shore/Michigan Express,,Sat
19:09:05,62,Archer,,Sat
17:02:11,146,Inner Lake Shore/Michigan Express,,Sat
18:59:10,6,Jackson Park Express,,Sat
08:05:27,146,Inner Lake Shore/Michigan Express,,Mon,Tue,Wed,Thu,Fri
16:20:05,62,Archer,,Sat
20:40:25,6,Jackson Park Express,,Sun
22:11:09,36,Broadway,,Mon,Tue,Wed,Thu,Fri
16:58:52,36,Broadway,,Sat
10:50:45,6,Jackson Park Express,,Sat
10:49:57,6,Jackson Park Express,,Sat
07:37:10,6,Jackson Park Express,,Mon,Tue,Wed,Thu,Fri
20:38:05,36,Broadway,,Sun
07:39:59,2,Hyde Park Express,,Mon,Tue,Wed,Thu,Fri
09:35:57,146,Inner Lake Shore/Michigan Express,,Sat
16:47:40,62,Archer,,Mon,Tue,Wed,Thu,Fri
17:22:44,146,Inner Lake Shore/Michigan Express,,Sun
08:03:40,2,Hyde Park Express,,Mon,Tue,Wed,Thu,Fri
13:51:22,6,Jackson Park Express,,Mon,Tue,Wed,Thu,Fri
15:43:22,6,Jackson Park Express,,Sat
16:34:35,62,Archer,,Sat
08:09:32,6,Jackson Park Express,,Sat
12:51:49,29,State,,Sat
04:34:53,62,Archer,,Sat
09:12:06,29,State,,Sun
07:32:09,36,Broadway,,Sat
17:36:00,62,Archer,,Mon,Tue,Wed,Thu,Fri
15:38:49,29,State,,Sat
20:22:35,36,Broadway,,Sun
22:18:00,146,Inner Lake Shore/Michigan Express,,Sat
14:22:52,6,Jackson Park Express,,Sun
06:18:49,62,Archer,,Mon,Tue,Wed,Thu,Fri
18:04:08,146,Inner Lake Shore/Michigan Express,,Mon,Tue,Wed,Thu,Fri
09:20:07,148,Clarendon/Michigan Express,,Mon,Tue,Wed,Thu,Fri
17:19:40,6,Jackson Park Express,,Sat
15:46:52,6,Jackson Park Express,,Sun
11:48:48,36,Broadway,,Sat
12:46:19,29,State,,Mon,Tue,Wed,Thu,Fri
23:18:57,6,Jackson Park Express,,Mon,Tue,Wed,Thu,Fri
17:13:44,146,Inner Lake Shore/Michigan Express,,Sun
07:40:13,62,Archer,,Mon,Tue,Wed,Thu,Fri
04:50:05,36,Broadway,,Sat
13:11:35,62,Archer,,Sat
23:12:45,6,Jackson Park Express,,Sat
14:39:41,146,Inner Lake Shore/Michigan Express,,Sat
15:19:20,6,Jackson Park Express,,Mon,Tue,Wed,Thu,Fri
11:28:19,29,State,,Mon,Tue,Wed,Thu,Fri
07:43:08,62,Archer,,Sat
05:32:01,36,Broadway,,Sun
16:58:38,29,State,,Mon,Tue,Wed,Thu,Fri
13:24:48,36,Broadway,,Sat
01:05:30,6,Jackson Park Express,,Mon
10:06:11,146,Inner Lake Shore/Michigan Express,,Sat
21:00:14,36,Broadway,,Sat
11:35:38,146,Inner Lake Shore/Michigan Express,,Mon,Tue,Wed,Thu,Fri
15:55:10,6,Jackson Park Express,,Sun
17:04:35,62,Archer,,Sat
10:06:47,146,Inner Lake Shore/Michigan Express,,Sun
15:08:01,36,Broadway,,Mon,Tue,Wed,Thu,Fri
10:44:27,146,Inner Lake Shore/Michigan Express,,Sat
18:21:18,36,Broadway,,Sat
15:52:44,36,Broadway,,Sun
20:13:48,36,Broadway,,Mon,Tue,Wed,Thu,Fri
18:49:52,6,Jackson Park Express,,Sun
07:52:13,62,Archer,,Mon,Tue,Wed,Thu,Fri
11:33:51,62,Archer,,Sun
17:29:13,62,Archer,,Sun
08:46:24,146,Inner Lake Shore/Michigan Express,,Mon,Tue,Wed,Thu,Fri
07:00:00,6,Jackson Park Express,,Mon,Tue,Wed,Thu,Fri
18:33:32,29,State,,Mon,Tue,Wed,Thu,Fri
09:34:53,148,Clarendon/Michigan Express,,Mon,Tue,Wed,Thu,Fri
12:48:24,146,Inner Lake Shore/Michigan Express,,Mon,Tue,Wed,Thu,Fri
09:58:41,146,Inner Lake Shore/Michigan Express,,Sat
09:38:03,146,Inner Lake Shore/Michigan Express,,Sun
21:30:27,6,Jackson Park Express,,Sat
24:14:35,36,Broadway,,Sun
16:56:40,62,Archer,,Mon,Tue,Wed,Thu,Fri
15:08:32,29,State,,Mon,Tue,Wed,Thu,Fri
18:17:41,146,Inner Lake Shore/Michigan Express,,Mon,Tue,Wed,Thu,Fri
11:41:19,29,State,,Mon,Tue,Wed,Thu,Fri
07:56:49,62,Archer,,Sat
22:18:00,146,Inner Lake Shore/Michigan Express,,Sat
13:28:54,146,Inner Lake Shore/Michigan Express,,Mon,Tue,Wed,Thu,Fri
02:04:53,62,Archer,,Tue,Wed,Thu,Fri,Sat
18:23:44,36,Broadway,,Sun
15:24:40,62,Archer,,Mon,Tue,Wed,Thu,Fri
20:25:54,62,Archer,,Mon,Tue,Wed,Thu,Fri
12:07:48,36,Broadway,,Sat
17:39:48,146,Inner Lake Shore/Michigan Express,,Mon,Tue,Wed,Thu,Fri
18:03:35,6,Jackson Park Express,,Mon,Tue,Wed,Thu,Fri
21:32:14,36,Broadway,,Mon,Tue,Wed,Thu,Fri
18:32:10,6,Jackson Park Express,,Sun
10:59:43,62,Archer,,Mon,Tue,Wed,Thu,Fri
18:51:50,6,Jackson Park Express,,Mon,Tue,Wed,Thu,Fri
11:44:54,62,Archer,,Mon,Tue,Wed,Thu,Fri
23:12:20,146,Inner Lake Shore/Michigan Express,,Sun
08:02:03,146,Inner Lake Shore/Michigan Express,,Sat
18:28:52,6,Jackson Park Express,,Sun
15:25:22,6,Jackson Park Express,,Sat
12:54:57,146,Inner Lake Shore/Michigan Express,,Sat
04:04:53,62,Archer,,Sat
12:53:18,36,Broadway,,Sun
12:06:54,146,Inner Lake Shore/Michigan Express,,Sat
13:28:31,36,Broadway,,Mon,Tue,Wed,Thu,Fri
20:10:44,146,Inner Lake Shore/Michigan Express,,Mon,Tue,Wed,Thu,Fri
23:38:15,6,Jackson Park Express,,Sun
12:03:55,6,Jackson Park Express,,Mon,Tue,Wed,Thu,Fri
18:35:40,2,Hyde Park Express,,Mon,Tue,Wed,Thu,Fri
18:17:11,146,Inner Lake Shore/Michigan Express,,Sat
06:20:16,62,Archer,,Sun
11:28:10,6,Jackson Park Express,,Mon,Tue,Wed,Thu,Fri
08:54:56,148,Clarendon/Michigan Express,,Mon,Tue,Wed,Thu,Fri
11:33:51,62,Archer,,Sun
14:39:41,146,Inner Lake Shore/Michigan Express,,Sat
10:59:49,146,Inner Lake Shore/Michigan Express,,Mon,Tue,Wed,Thu,Fri
06:02:38,62,Archer,,Mon,Tue,Wed,Thu,Fri
16:09:36,36,Broadway,,Mon,Tue,Wed,Thu,Fri
22:02:44,36,Broadway,,Sat
18:36:14,36,Broadway,,Sun
05:11:47,29,State,,Sat
15:49:19,29,State,,Sun
06:34:05,36,Broadway,,Sat
14:29:24,146,Inner Lake Shore/Michigan Express,,Mon,Tue,Wed,Thu,Fri
18:11:14,36,Broadway,,Sun
16:47:38,29,State,,Mon,Tue,Wed,Thu,Fri
23:54:23,29,State,,Mon,Tue,Wed,Thu,Fri
08:37:24,146,Inner Lake Shore/Michigan Express,,Mon,Tue,Wed,Thu,Fri
19:39:30,29,State,,Sun
23:28:27,6,Jackson Park Express,,Sat
01:20:51,62,Archer,,Mon
08:33:03,146,Inner Lake Shore/Michigan Express,,Sat
09:59:13,29,State,,Mon,Tue,Wed,Thu,Fri
11:12:30,146,Inner Lake Shore/Michigan Express,,Sun
13:53:18,36,Broadway,,Sat
17:34:26,29,State,,Sat
15:47:40,62,Archer,,Mon,Tue,Wed,Thu,Fri
08:27:10,6,Jackson Park Express,,Mon,Tue,Wed,Thu,Fri
14:41:10,6,Jackson Park Express,,Mon,Tue,Wed,Thu,Fri
05:05:50,6,Jackson Park Express,,Mon,Tue,Wed,Thu,Fri
09:34:13,29,State,,Mon,Tue,Wed,Thu,Fri
13:10:57,146,Inner Lake Shore/Michigan Express,,Sat
10:43:09,36,Broadway,,Sun
17:49:14,146,Inner Lake Shore/Michigan Express,,Sun
13:16:40,6,Jackson Park Express,,Sun
14:24:05,62,Archer,,Sat
07:12:27,6,Jackson Park Express,,Mon,Tue,Wed,Thu,Fri
07:47:06,29,State,,Mon,Tue,Wed,Thu,Fri
09:57:13,29,State,,Sat
08:59:43,62,Archer,,Mon,Tue,Wed,Thu,Fri
11:16:45,6,Jackson Park Express,,Sun
17:16:22,36,Broadway,,Sat
17:57:40,6,Jackson Park Express,,Sat
22:48:15,6,Jackson Park Express,,Sun
05:57:47,29,State,,Sat
17:49:14,146,Inner Lake Shore/Michigan Express,,Sun
12:38:54,146,Inner Lake Shore/Michigan Express,,Sat
09:13:20,6,Jackson Park Express,,Sun
17:39:10,6,Jackson Park Express,,Sun
11:50:21,62,Archer,,Sun
16:20:05,62,Archer,,Sat
11:14:43,62,Archer,,Mon,Tue,Wed,Thu,Fri
08:25:35,36,Broadway,,Sun
18:26:52,6,Jackson Park Express,,Sat
10:05:18,36,Broadway,,Sat
15:23:19,29,State,,Sun
05:57:20,6,Jackson Park Express,,Mon,Tue,Wed,Thu,Fri
15:07:22,6,Jackson Park Express,,Sat
09:27:30,62,Archer,,Sun
01:18:57,6,Jackson Park Express,,Tue,Wed,Thu,Fri,Sat
13:15:48,36,Broadway,,Sun
15:06:11,146,Inner Lake Shore/Michigan Express,,Sat
09:12:37,148,Clarendon/Michigan Express,,Mon,Tue,Wed,Thu,Fri
07:43:08,62,Archer,,Sat
16:09:36,36,Broadway,,Mon,Tue,Wed,Thu,Fri
15:05:18,36,Broadway,,Sat
14:19:40,6,Jackson Park Express,,Sat
23:42:15,6,Jackson Park Express,,Sat
18:04:13,62,Archer,,Sun
08:00:35,146,Inner Lake Shore/Michigan Express,,Mon,Tue,Wed,Thu,Fri
09:50:15,6,Jackson Park Express,,Sat
13:05:30,146,Inner Lake Shore/Michigan Express,,Sun
14:02:36,29,State,,Sun
00:18:57,6,Jackson Park Express,,Tue,Wed,Thu,Fri,Sat
11:01:49,29,State,,Mon,Tue,Wed,Thu,Fri
19:28:43,29,State,,Mon,Tue,Wed,Thu,Fri
10:40:57,6,Jackson Park Express,,Sun
18:28:38,62,Archer,,Mon,Tue,Wed,Thu,Fri
12:23:57,6,Jackson Park Express,,Sat
22:16:03,146,Inner Lake Shore/Michigan Express,,Sun
17:40:22,6,Jackson Park Express,,Sat
13:04:52,6,Jackson Park Express,,Sun
11:32:27,146,Inner Lake Shore/Michigan Express,,Sat
13:18:57,146,Inner Lake Shore/Michigan Express,,Sat
07:45:30,29,State,,Sat
13:26:05,62,Archer,,Sat
05:46:39,36,Broadway,,Mon,Tue,Wed,Thu,Fri
16:20:44,146,Inner Lake Shore/Michigan Express,,Sun
19:28:27,146,Inner Lake Shore/Michigan Express,,Mon,Tue,Wed,Thu,Fri
07:31:27,146,Inner Lake Shore/Michigan Express,,Mon,Tue,Wed,Thu,Fri
09:03:32,6,Jackson Park Express,,Sat
24:01:30,6,Jackson Park Express,,Sun
14:54:22,6,Jackson Park Express,,Sun
19:42:57,146,Inner Lake Shore/Michigan Express,,Mon,Tue,Wed,Thu,Fri
21:12:13,29,State,,Mon,Tue,Wed,Thu,Fri
19:27:05,62,Archer,,Sat
12:50:40,6,Jackson Park Express,,Sat
02:34:53,62,Archer,,Sun
19:56:51,62,Archer,,Sun
14:59:54,146,Inner Lake Shore/Michigan Express,,Mon,Tue,Wed,Thu,Fri
15:30:35,6,Jackson Park Express,,Mon,Tue,Wed,Thu,Fri
19:02:48,36,Broadway,,Mon,Tue,Wed,Thu,Fri
16:11:44,146,Inner Lake Shore/Michigan Express,,Sun
01:04:20,6,Jackson Park Express,,Tue,Wed,Thu,Fri,Sat
14:38:20,6,Jackson Park Express,,Mon,Tue,Wed,Thu,Fri
19:04:41,146,Inner Lake Shore/Michigan Express,,Sat
09:19:58,148,Clarendon/Michigan Express,,Mon,Tue,Wed,Thu,Fri
19:14:21,62,Archer,,Sun
16:57:40,6,Jackson Park Express,,Sun
19:01:14,36,Broadway,,Sun
16:47:20,6,Jackson Park Express,,Sun
15:53:22,36,Broadway,,Sat
09:41:10,62,Archer,,Sat
13:30:36,29,State,,Sun
10:58:39,36,Broadway,,Sun
22:02:25,6,Jackson Park Express,,Mon,Tue,Wed,Thu,Fri
16:40:52,36,Broadway,,Sat
16:56:56,29,State,,Sat
23:51:39,36,Broadway,,Mon,Tue,Wed,Thu,Fri
07:29:30,29,State,,Sun
14:28:18,36,Broadway,,Sun
16:03:38,29,State,,Mon,Tue,Wed,Thu,Fri
22:18:21,62,Archer,,Sat
18:54:40,6,Jackson Park Express,,Sun
09:03:52,6,Jackson Park Express,,Mon,Tue,Wed,Thu,Fri
12:54:57,146,Inner Lake Shore/Michigan Express,,Sat
13:44:18,36,Broadway,,Sat
09:29:43,62,Archer,,Mon,Tue,Wed,Thu,Fri
16:03:27,146,Inner Lake Shore/Michigan Express,,Sat
12:23:49,29,State,,Sat
19:07:49,29,State,,Sat
18:19:50,6,Jackson Park Express,,Mon,Tue,Wed,Thu,Fri
19:43:13,29,State,,Mon,Tue,Wed,Thu,Fri
07:59:57,36,Broadway,,Mon,Tue,Wed,Thu,Fri
00:49:53,62,Archer,,Sun
18:19:35,62,Archer,,Sat
19:34:48,36,Broadway,,Sat
23:51:21,62,Archer,,Sat
15:23:10,6,Jackson Park Express,,Sat
11:32:27,146,Inner Lake Shore/Michigan Express,,Sat
14:02:18,36,Broadway,,Sat
15:21:14,36,Broadway,,Sun
00:34:53,62,Archer,,Mon
07:20:06,146,Inner Lake Shore/Michigan Express,,Sat
19:42:17,146,Inner Lake Shore/Michigan Express,,Sun
09:02:00,62,Archer,,Sat
21:12:13,29,State,,Mon,Tue,Wed,Thu,Fri
16:06:52,6,Jackson Park Express,,Sun
18:41:38,62,Archer,,Mon,Tue,Wed,Thu,Fri
07:43:09,36,Broadway,,Sun
17:38:40,6,Jackson Park Express,,Sat
14:37:00,62,Archer,,Mon,Tue,Wed,Thu,Fri
09:04:23,29,State,,Sat
22:56:03,146,Inner Lake Shore/Michigan Express,,Mon,Tue,Wed,Thu,Fri
14:21:43,62,Archer,,Sun
12:51:49,29,State,,Sat
19:43:13,29,State,,Mon,Tue,Wed,Thu,Fri
15:23:18,36,Broadway,,Sat
21:51:17,146,Inner Lake Shore/Michigan Express,,Mon,Tue,Wed,Thu,Fri
22:36:03,146,Inner Lake Shore/Michigan Express,,Sun
14:03:22,6,Jackson Park Express,,Mon,Tue,Wed,Thu,Fri
16:49:08,146,Inner Lake Shore/Michigan Express,,Mon,Tue,Wed,Thu,Fri
12:06:51,62,Archer,,Sun
12:15:05,62,Archer,,Mon,Tue,Wed,Thu,Fri
21:24:35,36,Broadway,,Sun
06:41:47,29,State,,Sat
09:22:36,29,State,,Sat
09:57:47,146,Inner Lake Shore/Michigan Express,,Sun
14:06:01,36,Broadway,,Mon,Tue,Wed,Thu,Fri
13:15:18,36,Broadway,,Sat
00:04:53,62,Archer,,Sun
13:34:57,146,Inner Lake Shore/Michigan Express,,Sat
21:26:30,62,Archer,,Sun
17:20:40,62,Archer,,Mon,Tue,Wed,Thu,Fri
13:14:57,36,Broadway,,Mon,Tue,Wed,Thu,Fri
16:28:11,146,Inner Lake Shore/Michigan Express,,Sat
08:21:49,146,Inner Lake Shore/Michigan Express,,Mon,Tue,Wed,Thu,Fri
15:07:49,29,State,,Sun
12:00:05,62,Archer,,Mon,Tue,Wed,Thu,Fri
23:24:14,36,Broadway,,Sat
11:16:57,36,Broadway,,Mon,Tue,Wed,Thu,Fri
16:37:20,6,Jackson Park Express,,Sun
11:18:18,36,Broadway,,Sat
12:27:10,6,Jackson Park Express,,Sun
21:46:44,36,Broadway,,Sat
14:50:44,146,Inner Lake Shore/Michigan Express,,Sun
16:37:49,29,State,,Sat
22:38:03,146,Inner Lake Shore/Michigan Express,,Mon,Tue,Wed,Thu,Fri
10:23:19,29,State,,Mon,Tue,Wed,Thu,Fri
11:58:54,146,Inner Lake Shore/Michigan Express,,Sat
23:36:21,62,Archer,,Sat
10:47:43,29,State,,Sat
18:35:05,62,Archer,,Sat
13:44:38,62,Archer,,Mon,Tue,Wed,Thu,Fri
12:56:32,62,Archer,,Sun
13:46:36,29,State,,Sun
09:35:57,146,Inner Lake Shore/Michigan Express,,Sat
11:43:25,6,Jackson Park Express,,Sun
11:05:10,6,Jackson Park Express,,Mon,Tue,Wed,Thu,Fri
17:22:44,146,Inner Lake Shore/Michigan Express,,Sun
14:59:54,146,Inner Lake Shore/Michigan Express,,Mon,Tue,Wed,Thu,Fri
05:27:16,62,Archer,,Mon,Tue,Wed,Thu,Fri
22:32:06,29,State,,Sat
14:07:18,36,Broadway,,Sun
01:04:53,62,Archer,,Tue,Wed,Thu,Fri,Sat
08:23:00,62,Archer,,Sat
15:55:27,146,Inner Lake Shore/Michigan Express,,Sat
06:39:46,62,Archer,,Sun
10:13:00,62,Archer,,Sun
10:18:10,6,Jackson Park Express,,Mon,Tue,Wed,Thu,Fri
19:31:52,6,Jackson Park Express,,Sun
07:04:36,146,Inner Lake Shore/Michigan Express,,Sat
12:30:54,146,Inner Lake Shore/Michigan Express,,Sat
15:26:44,146,Inner Lake Shore/Michigan Express,,Sun
06:37:00,62,Archer,,Mon,Tue,Wed,Thu,Fri
13:14:06,29,State,,Sun
10:52:27,146,Inner Lake Shore/Michigan Express,,Sat
11:59:42,6,Jackson Park Express,,Sun
22:49:14,36,Broadway,,Sat
13:26:18,36,Broadway,,Sun
15:46:43,62,Archer,,Sun
07:31:27,146,Inner Lake Shore/Michigan Express,,Mon,Tue,Wed,Thu,Fri
18:59:10,6,Jackson Park Express,,Mon,Tue,Wed,Thu,Fri
14:49:20,6,Jackson Park Express,,Mon,Tue,Wed,Thu,Fri
16:38:10,62,Archer,,Mon,Tue,Wed,Thu,Fri
21:14:44,36,Broadway,,Mon,Tue,Wed,Thu,Fri
15:51:05,62,Archer,,Sat
06:49:36,146,Inner Lake Shore/Michigan Express,,Sat
15:22:05,62,Archer,,Sat
09:59:45,6,Jackson Park Express,,Sun
12:20:52,36,Broadway,,Sun
00:12:15,6,Jackson Park Express,,Mon
19:38:16,62,Archer,,Mon,Tue,Wed,Thu,Fri
19:33:57,146,Inner Lake Shore/Michigan Express,,Sat
07:03:17,29,State,,Sat
01:04:20,6,Jackson Park Express,,Sun
14:41:40,6,Jackson Park Express,,Sun
19:58:48,36,Broadway,,Mon,Tue,Wed,Thu,Fri
12:04:12,6,Jackson Park Express,,Sat
21:42:27,6,Jackson Park Express,,Sat
10:13:41,146,Inner Lake Shore/Michigan Express,,Sat
15:58:40,6,Jackson Park Express,,Sat
06:19:47,29,State,,Sat
20:40:00,146,Inner Lake Shore/Michigan Express,,Mon,Tue,Wed,Thu,Fri
11:00:27,146,Inner Lake Shore/Michigan Express,,Sat
11:52:36,29,State,,Sun
18:08:11,146,Inner Lake Shore/Michigan Express,,Sat
06:53:18,36,Broadway,,Mon,Tue,Wed,Thu,Fri
15:10:24,146,Inner Lake Shore/Michigan Express,,Mon,Tue,Wed,Thu,Fri
12:07:19,29,State,,Sat
21:51:17,146,Inner Lake Shore/Michigan Express,,Mon,Tue,Wed,Thu,Fri
09:01:39,36,Broadway,,Sun
12:59:49,29,State,,Mon,Tue,Wed,Thu,Fri
18:18:14,146,Inner Lake Shore/Michigan Express,,Sun
22:21:21,62,Archer,,Mon,Tue,Wed,Thu,Fri
10:27:30,146,Inner Lake Shore/Michigan Express,,Sun
15:53:44,146,Inner Lake Shore/Michigan Express,,Sun
18:46:55,6,Jackson Park Express,,Sat
23:31:09,36,Broadway,,Mon,Tue,Wed,Thu,Fri
14:38:48,36,Broadway,,Sun
21:04:00,62,Archer,,Sun
13:39:22,6,Jackson Park Express,,Mon,Tue,Wed,Thu,Fri
05:53:01,36,Broadway,,Sun
08:48:56,148,Clarendon/Michigan Express,,Mon,Tue,Wed,Thu,Fri
18:07:52,6,Jackson Park Express,,Sun
13:14:06,29,State,,Sun
14:19:24,146,Inner Lake Shore/Michigan Express,,Mon,Tue,Wed,Thu,Fri
14:11:18,36,Broadway,,Sat
15:58:49,29,State,,Sat
07:13:52,146,Inner Lake Shore/Michigan Express,,Sun
08:16:23,148,Clarendon/Michigan Express,,Mon,Tue,Wed,Thu,Fri
19:58:48,36,Broadway,,Mon,Tue,Wed,Thu,Fri
18:03:18,36,Broadway,,Sat
16:14:38,29,State,,Mon,Tue,Wed,Thu,Fri
10:05:27,36,Broadway,,Mon,Tue,Wed,Thu,Fri
22:43:25,6,Jackson Park Express,,Sun
00:22:15,6,Jackson Park Express,,Tue,Wed,Thu,Fri,Sat
16:53:10,6,Jackson Park Express,,Sat
23:43:00,62,Archer,,Sun
17:57:22,6,Jackson Park Express,,Sun
21:40:44,146,Inner Lake Shore/Michigan Express,,Sat
08:49:20,6,Jackson Park Express,,Sat
14:40:25,6,Jackson Park Express,,Sat
00:28:30,6,Jackson Park Express,,Sun
13:18:49,29,State,,Sat
06:22:14,36,Broadway,,Mon,Tue,Wed,Thu,Fri
09:00:17,146,Inner Lake Shore/Michigan Express,,Mon,Tue,Wed,Thu,Fri
20:37:45,6,Jackson Park Express,,Sat
19:36:40,6,Jackson Park Express,,Sat
21:53:05,36,Broadway,,Sun
15:23:40,6,Jackson Park Express,,Sun
20:46:18,36,Broadway,,Sat
12:26:14,146,Inner Lake Shore/Michigan Express,,Sun
14:25:02,29,State,,Mon,Tue,Wed,Thu,Fri
10:18:57,36,Broadway,,Mon,Tue,Wed,Thu,Fri
14:31:01,36,Broadway,,Mon,Tue,Wed,Thu,Fri
19:40:09,36,Broadway,,Sun
19:53:25,6,Jackson Park Express,,Sun
15:16:22,6,Jackson Park Express,,Sat
23:54:35,36,Broadway,,Sun
18:36:57,36,Broadway,,Mon,Tue,Wed,Thu,Fri
05:11:01,36,Broadway,,Sun
18:07:22,6,Jackson Park Express,,Sat
20:35:18,36,Broadway,,Mon,Tue,Wed,Thu,Fri
13:12:10,6,Jackson Park Express,,Mon,Tue,Wed,Thu,Fri
07:23:30,6,Jackson Park Express,,Sun
07:47:20,6,Jackson Park Express,,Sat
21:32:14,36,Broadway,,Mon,Tue,Wed,Thu,Fri
17:43:34,2,Hyde Park Express,,Mon,Tue,Wed,Thu,Fri
17:14:18,2,Hyde Park Express,,Mon,Tue,Wed,Thu,Fri
13:26:57,146,Inner Lake Shore/Michigan Express,,Sat
06:03:47,29,State,,Sun
06:33:52,146,Inner Lake Shore/Michigan Express,,Sun
18:07:10,6,Jackson Park Express,,Sat
09:11:30,62,Archer,,Sun
18:13:40,6,Jackson Park Express,,Mon,Tue,Wed,Thu,Fri
19:58:13,29,State,,Mon,Tue,Wed,Thu,Fri
13:18:57,146,Inner Lake Shore/Michigan Express,,Sat
17:16:44,36,Broadway,,Sun
10:44:43,62,Archer,,Mon,Tue,Wed,Thu,Fri
05:34:47,29,State,,Sat
06:37:00,62,Archer,,Mon,Tue,Wed,Thu,Fri
09:55:11,146,Inner Lake Shore/Michigan Express,,Mon,Tue,Wed,Thu,Fri
15:14:11,146,Inner Lake Shore/Michigan Express,,Sat
12:12:25,6,Jackson Park Express,,Sun
08:53:30,62,Archer,,Sun
09:57:58,148,Clarendon/Michigan Express,,Mon,Tue,Wed,Thu,Fri
12:08:57,36,Broadway,,Mon,Tue,Wed,Thu,Fri
10:44:49,146,Inner Lake Shore/Michigan Express,,Mon,Tue,Wed,Thu,Fri
11:28:48,36,Broadway,,Sat
19:49:48,36,Broadway,,Sat
04:04:53,62,Archer,,Mon,Tue,Wed,Thu,Fri
07:33:36,29,State,,Mon,Tue,Wed,Thu,Fri
12:28:24,146,Inner Lake Shore/Michigan Express,,Mon,Tue,Wed,Thu,Fri
15:33:18,36,Broadway,,Sat
09:18:18,36,Broadway,,Sun
16:35:59,2,Hyde Park Express,,Mon,Tue,Wed,Thu,Fri
12:17:14,146,Inner Lake Shore/Michigan Express,,Sun
07:06:10,2,Hyde Park Express,,Mon,Tue,Wed,Thu,Fri
03:04:53,62,Archer,,Sat
17:28:00,62,Archer,,Mon,Tue,Wed,Thu,Fri
07:31:50,6,Jackson Park Express,,Sun
12:51:52,6,Jackson Park Express,,Sun
13:30:43,62,Archer,,Sun
08:17:42,148,Clarendon/Michigan Express,,Mon,Tue,Wed,Thu,Fri
19:05:49,2,Hyde Park Express,,Mon,Tue,Wed,Thu,Fri
17:02:10,6,Jackson Park Express,,Sat
06:53:52,146,Inner Lake Shore/Michigan Express,,Sun
21:37:15,6,Jackson Park Express,,Sat
19:21:22,6,Jackson Park Express,,Sun
15:12:43,62,Archer,,Sun
19:30:43,29,State,,Sat
05:14:47,29,State,,Sun
10:47:43,29,State,,Sat
22:57:00,62,Archer,,Sun
14:41:44,146,Inner Lake Shore/Michigan Express,,Sun
07:02:05,6,Jackson Park Express,,Sat
10:21:11,146,Inner Lake Shore/Michigan Express,,Sat
13:59:41,146,Inner Lake Shore/Michigan Express,,Sat
07:50:30,29,State,,Sun
21:38:05,36,Broadway,,Sun
04:04:53,62,Archer,,Sun
17:13:10,62,Archer,,Mon,Tue,Wed,Thu,Fri
18:19:13,29,State,,Sun
13:37:57,6,Jackson Park Express,,Sat
14:55:43,62,Archer,,Sun
15:10:18,36,Broadway,,Sun
16:03:43,62,Archer,,Sun
05:51:40,29,State,,Mon,Tue,Wed,Thu,Fri
08:44:31,36,Broadway,,Sun
13:59:41,146,Inner Lake Shore/Michigan Express,,Sat
19:04:41,146,Inner Lake Shore/Michigan Express,,Sat
17:04:35,62,Archer,,Sat
16:53:41,146,Inner Lake Shore/Michigan Express,,Sat
23:24:14,36,Broadway,,Sat
07:24:30,29,State,,Sat
05:39:47,29,State,,Sun
14:04:43,62,Archer,,Sun
13:24:48,36,Broadway,,Sat
16:11:57,146,Inner Lake Shore/Michigan Express,,Sat
12:26:14,146,Inner Lake Shore/Michigan Express,,Sun
22:18:27,6,Jackson Park Express,,Sat
17:49:59,2,Hyde Park Express,,Mon,Tue,Wed,Thu,Fri
23:43:27,6,Jackson Park Express,,Sat
10:23:41,146,Inner Lake Shore/Michigan Express,,Mon,Tue,Wed,Thu,Fri
21:45:36,29,State,,Sat
19:42:17,146,Inner Lake Shore/Michigan Express,,Sun
12:38:24,146,Inner Lake Shore/Michigan Express,,Mon,Tue,Wed,Thu,Fri
12:56:18,36,Broadway,,Sat
12:14:05,62,Archer,,Sat
08:36:37,148,Clarendon/Michigan Express,,Mon,Tue,Wed,Thu,Fri
20:16:25,6,Jackson Park Express,,Sun
06:28:38,62,Archer,,Sat
18:06:43,29,State,,Sun
12:46:57,146,Inner Lake Shore/Michigan Express,,Sat
16:39:19,29,State,,Sun
14:01:26,29,State,,Mon,Tue,Wed,Thu,Fri
20:53:13,29,State,,Mon,Tue,Wed,Thu,Fri
15:31:24,146,Inner Lake Shore/Michigan Express,,Mon,Tue,Wed,Thu,Fri
12:30:16,62,Archer,,Mon,Tue,Wed,Thu,Fri
19:53:25,6,Jackson Park Express,,Sat
13:30:36,29,State,,Sun
15:40:35,6,Jackson Park Express,,Mon,Tue,Wed,Thu,Fri
19:34:48,36,Broadway,,Sat
19:55:44,146,Inner Lake Shore/Michigan Express,,Mon,Tue,Wed,Thu,Fri
17:44:18,36,Broadway,,Sat
21:09:30,146,Inner Lake Shore/Michigan Express,,Mon,Tue,Wed,Thu,Fri
05:04:53,62,Archer,,Sun
20:41:57,6,Jackson Park Express,,Sat
09:36:14,36,Broadway,,Sun
13:29:44,146,Inner Lake Shore/Michigan Express,,Sun
14:04:43,62,Archer,,Sun
19:12:00,146,Inner Lake Shore/Michigan Express,,Sun
12:00:05,62,Archer,,Mon,Tue,Wed,Thu,Fri
14:50:44,146,Inner Lake Shore/Michigan Express,,Sun
20:38:21,62,Archer,,Sat
16:12:04,2,Hyde Park Express,,Mon,Tue,Wed,Thu,Fri
14:38:43,62,Archer,,Sun
17:24:14,2,Hyde Park Express,,Mon,Tue,Wed,Thu,Fri
21:38:21,62,Archer,,Sat
08:16:13,62,Archer,,Mon,Tue,Wed,Thu,Fri
10:54:30,146,Inner Lake Shore/Michigan Express,,Sun
17:54:43,29,State,,Sun
21:09:30,146,Inner Lake Shore/Michigan Express,,Mon,Tue,Wed,Thu,Fri
18:24:10,6,Jackson Park Express,,Mon,Tue,Wed,Thu,Fri
15:44:40,6,Jackson Park Express,,Sun
15:47:34,2,Hyde Park Express,,Mon,Tue,Wed,Thu,Fri
15:01:40,62,Archer,,Mon,Tue,Wed,Thu,Fri
05:46:39,36,Broadway,,Mon,Tue,Wed,Thu,Fri
14:49:24,146,Inner Lake Shore/Michigan Express,,Mon,Tue,Wed,Thu,Fri
13:44:49,29,State,,Sat
12:46:52,36,Broadway,,Sat
20:59:06,29,State,,Sat
11:08:18,36,Broadway,,Sat
19:28:10,6,Jackson Park Express,,Sun
10:35:49,29,State,,Mon,Tue,Wed,Thu,Fri
09:40:22,6,Jackson Park Express,,Mon,Tue,Wed,Thu,Fri
14:20:40,6,Jackson Park Express,,Sun
13:29:52,6,Jackson Park Express,,Sun
09:18:18,36,Broadway,,Sun
12:28:24,146,Inner Lake Shore/Michigan Express,,Mon,Tue,Wed,Thu,Fri
21:58:30,146,Inner Lake Shore/Michigan Express,,Sat
11:42:57,36,Broadway,,Mon,Tue,Wed,Thu,Fri
17:12:44,36,Broadway,,Mon,Tue,Wed,Thu,Fri
15:53:44,146,Inner Lake Shore/Michigan Express,,Sun
03:04:53,62,Archer,,Mon,Tue,Wed,Thu,Fri
10:05:18,36,Broadway,,Sat
17:26:41,146,Inner Lake Shore/Michigan Express,,Sat
20:50:40,6,Jackson Park Express,,Mon,Tue,Wed,Thu,Fri
17:29:59,2,Hyde Park Express,,Mon,Tue,Wed,Thu,Fri
14:27:20,6,Jackson Park Express,,Mon,Tue,Wed,Thu,Fri
08:26:31,36,Broadway,,Mon,Tue,Wed,Thu,Fri
16:03:14,36,Broadway,,Sun
23:06:44,36,Broadway,,Sat
23:35:05,36,Broadway,,Sun
18:27:11,146,Inner Lake Shore/Michigan Express,,Sat
09:54:27,6,Jackson Park Express,,Sun
08:51:32,6,Jackson Park Express,,Sat
13:57:49,62,Archer,,Mon,Tue,Wed,Thu,Fri
12:23:49,29,State,,Sat
15:35:44,146,Inner Lake Shore/Michigan Express,,Sun
10:30:43,62,Archer,,Sat
06:49:50,6,Jackson Park Express,,Sun
18:56:19,29,State,,Sat
19:08:27,62,Archer,,Mon,Tue,Wed,Thu,Fri
14:59:20,6,Jackson Park Express,,Mon,Tue,Wed,Thu,Fri
15:44:44,146,Inner Lake Shore/Michigan Express,,Sun
12:08:57,36,Broadway,,Mon,Tue,Wed,Thu,Fri
14:56:18,36,Broadway,,Sat
17:17:20,6,Jackson Park Express,,Sun
11:23:57,6,Jackson Park Express,,Sat
17:41:35,6,Jackson Park Express,,Mon,Tue,Wed,Thu,Fri
19:28:55,6,Jackson Park Express,,Sat
08:26:11,146,Inner Lake Shore/Michigan Express,,Mon,Tue,Wed,Thu,Fri
08:14:20,146,Inner Lake Shore/Michigan Express,,Sun
16:01:49,29,State,,Sun
15:49:19,29,State,,Sun
22:34:00,62,Archer,,Sun
21:00:43,62,Archer,,Mon,Tue,Wed,Thu,Fri
13:00:10,6,Jackson Park Express,,Mon,Tue,Wed,Thu,Fri
11:16:11,146,Inner Lake Shore/Michigan Express,,Mon,Tue,Wed,Thu,Fri
18:23:49,29,State,,Sat
18:19:35,62,Archer,,Sat
05:04:53,62,Archer,,Sun
09:27:27,146,Inner Lake Shore/Michigan Express,,Sat
18:32:13,29,State,,Sun
15:14:18,36,Broadway,,Sat
10:14:43,62,Archer,,Mon,Tue,Wed,Thu,Fri
17:13:44,146,Inner Lake Shore/Michigan Express,,Sun
17:24:56,29,State,,Sat
18:47:41,146,Inner Lake Shore/Michigan Express,,Mon,Tue,Wed,Thu,Fri
19:55:30,29,State,,Sun
22:31:40,6,Jackson Park Express,,Mon,Tue,Wed,Thu,Fri
08:26:53,148,Clarendon/Michigan Express,,Mon,Tue,Wed,Thu,Fri
09:10:47,146,Inner Lake Shore/Michigan Express,,Mon,Tue,Wed,Thu,Fri
15:52:44,36,Broadway,,Sun
16:20:44,146,Inner Lake Shore/Michigan Express,,Sun
14:20:40,6,Jackson Park Express,,Mon,Tue,Wed,Thu,Fri
13:57:49,29,State,,Sat
08:51:47,146,Inner Lake Shore/Michigan Express,,Sat
11:57:54,146,Inner Lake Shore/Michigan Express,,Mon,Tue,Wed,Thu,Fri
02:34:53,62,Archer,,Tue,Wed,Thu,Fri,Sat
19:43:48,36,Broadway,,Mon,Tue,Wed,Thu,Fri
10:20:14,36,Broadway,,Sat
05:39:47,29,State,,Sun
18:33:32,29,State,,Mon,Tue,Wed,Thu,Fri
16:54:18,2,Hyde Park Express,,Mon,Tue,Wed,Thu,Fri
19:10:52,6,Jackson Park Express,,Sun
10:58:39,36,Broadway,,Sun
22:58:00,146,Inner Lake Shore/Michigan Express,,Sat
14:38:40,6,Jackson Park Express,,Sat
10:32:57,36,Broadway,,Mon,Tue,Wed,Thu,Fri
06:34:05,36,Broadway,,Sat
07:50:03,146,Inner Lake Shore/Michigan Express,,Sat
11:58:18,36,Broadway,,Sat
08:04:13,62,Archer,,Mon,Tue,Wed,Thu,Fri
12:36:52,36,Broadway,,Sat
15:42:52,36,Broadway,,Sat
11:21:30,146,Inner Lake Shore/Michigan Express,,Sun
14:34:49,29,State,,Sat
20:49:00,29,State,,Sun
15:14:40,6,Jackson Park Express,,Sat
21:39:32,62,Archer,,Mon,Tue,Wed,Thu,Fri
16:35:10,36,Broadway,,Mon,Tue,Wed,Thu,Fri
08:44:43,62,Archer,,Mon,Tue,Wed,Thu,Fri
09:22:36,29,State,,Sat
17:43:56,29,State,,Sat
00:04:53,62,Archer,,Tue,Wed,Thu,Fri,Sat
09:10:47,146,Inner Lake Shore/Michigan Express,,Mon,Tue,Wed,Thu,Fri
15:41:02,29,State,,Mon,Tue,Wed,Thu,Fri
14:49:18,36,Broadway,,Sun
10:36:11,146,Inner Lake Shore/Michigan Express,,Sat
06:14:01,36,Broadway,,Sun
11:00:27,36,Broadway,,Mon,Tue,Wed,Thu,Fri
00:58:57,6,Jackson Park Express,,Tue,Wed,Thu,Fri,Sat
12:17:18,36,Broadway,,Sat
19:16:55,6,Jackson Park Express,,Sat
13:28:54,146,Inner Lake Shore/Michigan Express,,Mon,Tue,Wed,Thu,Fri
08:29:43,62,Archer,,Mon,Tue,Wed,Thu,Fri
07:37:03,146,Inner Lake Shore/Michigan Express,,Sat
12:42:06,29,State,,Sun
18:36:14,36,Broadway,,Sun
16:49:35,62,Archer,,Sat
16:28:22,6,Jackson Park Express,,Sat
17:04:19,29,State,,Sun
11:39:30,146,Inner Lake Shore/Michigan Express,,Sun
15:20:54,146,Inner Lake Shore/Michigan Express,,Mon,Tue,Wed,Thu,Fri
08:00:35,146,Inner Lake Shore/Michigan Express,,Mon,Tue,Wed,Thu,Fri
10:57:48,36,Broadway,,Sat
08:42:10,2,Hyde Park Express,,Mon,Tue,Wed,Thu,Fri
12:52:57,6,Jackson Park Express,,Sat
14:00:10,6,Jackson Park Express,,Mon,Tue,Wed,Thu,Fri
10:30:11,146,Inner Lake Shore/Michigan Express,,Mon,Tue,Wed,Thu,Fri
11:31:15,6,Jackson Park Express,,Sun
13:47:43,62,Archer,,Sun
12:17:18,36,Broadway,,Sat
16:51:49,29,State,,Sun
18:21:43,62,Archer,,Sun
10:43:09,36,Broadway,,Sun
14:51:13,29,State,,Sun
06:00:16,62,Archer,,Sun
18:02:06,36,Broadway,,Mon,Tue,Wed,Thu,Fri
21:46:40,6,Jackson Park Express,,Mon,Tue,Wed,Thu,Fri
16:27:20,6,Jackson Park Express,,Sun
22:36:03,146,Inner Lake Shore/Michigan Express,,Sun
06:25:23,29,State,,Mon,Tue,Wed,Thu,Fri
16:09:05,6,Jackson Park Express,,Mon,Tue,Wed,Thu,Fri
06:20:16,62,Archer,,Sun
11:16:27,146,Inner Lake Shore/Michigan Express,,Sat
10:08:36,29,State,,Sun
04:04:53,62,Archer,,Sun
10:59:43,62,Archer,,Mon,Tue,Wed,Thu,Fri
18:47:41,146,Inner Lake Shore/Michigan Express,,Mon,Tue,Wed,Thu,Fri
17:46:43,62,Archer,,Sun
15:23:19,29,State,,Sun
06:04:07,6,Jackson Park Express,,Sat
19:23:27,62,Archer,,Mon,Tue,Wed,Thu,Fri
21:09:05,36,Broadway,,Sun
12:41:40,6,Jackson Park Express,,Sat
23:12:20,146,Inner Lake Shore/Michigan Express,,Sun
17:59:14,36,Broadway,,Sun
08:30:10,2,Hyde Park Express,,Mon,Tue,Wed,Thu,Fri
01:19:53,62,Archer,,Sun
16:44:14,2,Hyde Park Express,,Mon,Tue,Wed,Thu,Fri
08:42:33,146,Inner Lake Shore/Michigan Express,,Sat
19:48:57,146,Inner Lake Shore/Michigan Express,,Sat
13:14:57,36,Broadway,,Mon,Tue,Wed,Thu,Fri
00:19:53,62,Archer,,Tue,Wed,Thu,Fri,Sat
14:31:40,6,Jackson Park Express,,Mon,Tue,Wed,Thu,Fri
08:39:14,36,Broadway,,Sat
09:51:18,36,Broadway,,Sat
19:15:48,36,Broadway,,Mon,Tue,Wed,Thu,Fri
22:16:36,29,State,,Sat
11:14:43,62,Archer,,Mon,Tue,Wed,Thu,Fri
07:24:18,36,Broadway,,Mon,Tue,Wed,Thu,Fri
10:42:43,62,Archer,,Sat
11:03:30,146,Inner Lake Shore/Michigan Express,,Sun
24:21:44,36,Broadway,,Sat
11:24:27,146,Inner Lake Shore/Michigan Express,,Sat
12:08:14,146,Inner Lake Shore/Michigan Express,,Sun
02:04:53,62,Archer,,Mon
05:30:27,62,Archer,,Sat
16:24:24,146,Inner Lake Shore/Michigan Express,,Mon,Tue,Wed,Thu,Fri
09:15:02,6,Jackson Park Express,,Sat
00:12:15,6,Jackson Park Express,,Sun
05:34:53,62,Archer,,Sun
05:36:33,146,Inner Lake Shore/Michigan Express,,Mon,Tue,Wed,Thu,Fri
15:26:44,146,Inner Lake Shore/Michigan Express,,Sun
18:21:02,29,State,,Mon,Tue,Wed,Thu,Fri
13:46:18,36,Broadway,,Sun
23:42:14,36,Broadway,,Sat
13:34:57,146,Inner Lake Shore/Michigan Express,,Sat
13:01:57,36,Broadway,,Mon,Tue,Wed,Thu,Fri
16:20:27,146,Inner Lake Shore/Michigan Express,,Sat
23:28:30,62,Archer,,Mon,Tue,Wed,Thu,Fri
16:34:35,62,Archer,,Sat
12:36:52,36,Broadway,,Sat
15:08:44,146,Inner Lake Shore/Michigan Express,,Sun
06:56:01,36,Broadway,,Sun
22:18:21,62,Archer,,Sat
06:43:05,6,Jackson Park Express,,Sat
18:51:35,62,Archer,,Sat
18:19:13,29,State,,Sun
16:51:49,29,State,,Sun
19:19:49,2,Hyde Park Express,,Mon,Tue,Wed,Thu,Fri
20:12:30,29,State,,Sun
09:27:02,6,Jackson Park Express,,Sat
11:02:30,29,State,,Sun
09:27:27,146,Inner Lake Shore/Michigan Express,,Sat
22:02:10,6,Jackson Park Express,,Mon,Tue,Wed,Thu,Fri
10:14:30,6,Jackson Park Express,,Sat
13:57:49,29,State,,Sat
13:08:24,146,Inner Lake Shore/Michigan Express,,Mon,Tue,Wed,Thu,Fri
11:26:39,36,Broadway,,Sun
19:36:40,6,Jackson Park Express,,Mon,Tue,Wed,Thu,Fri
23:18:36,29,State,,Sat
11:52:36,29,State,,Sun
08:34:19,62,Archer,,Sun
05:34:53,62,Archer,,Sun
01:19:53,62,Archer,,Sun
14:47:02,29,State,,Mon,Tue,Wed,Thu,Fri
20:54:30,146,Inner Lake Shore/Michigan Express,,Mon,Tue,Wed,Thu,Fri
11:33:57,6,Jackson Park Express,,Sat
15:48:49,29,State,,Sat
19:24:30,29,State,,Sun
21:47:45,6,Jackson Park Express,,Sun
11:36:06,29,State,,Sun
19:57:43,29,State,,Sat
09:14:43,62,Archer,,Mon,Tue,Wed,Thu,Fri
21:59:21,62,Archer,,Mon,Tue,Wed,Thu,Fri
03:34:53,62,Archer,,Sun
19:27:09,36,Broadway,,Sun
18:12:48,36,Broadway,,Sat
14:57:19,29,State,,Sat
09:02:00,62,Archer,,Sat
16:13:44,36,Broadway,,Sun
23:54:23,29,State,,Mon,Tue,Wed,Thu,Fri
14:58:11,146,Inner Lake Shore/Michigan Express,,Sat
03:04:53,62,Archer,,Sat
11:17:21,62,Archer,,Sun
07:35:40,2,Hyde Park Express,,Mon,Tue,Wed,Thu,Fri
19:14:13,29,State,,Mon,Tue,Wed,Thu,Fri
23:20:00,62,Archer,,Sun
22:43:51,62,Archer,,Mon,Tue,Wed,Thu,Fri
16:26:40,6,Jackson Park Express,,Sun
06:20:33,146,Inner Lake Shore/Michigan Express,,Mon,Tue,Wed,Thu,Fri
16:24:14,36,Broadway,,Sun
13:36:18,36,Broadway,,Sun
13:36:10,6,Jackson Park Express,,Mon,Tue,Wed,Thu,Fri
13:31:49,29,State,,Sat
09:07:24,2,Hyde Park Express,,Mon,Tue,Wed,Thu,Fri
23:58:44,36,Broadway,,Sat
08:59:43,62,Archer,,Mon,Tue,Wed,Thu,Fri
24:03:57,6,Jackson Park Express,,Mon,Tue,Wed,Thu,Fri
06:25:23,29,State,,Sun
16:35:10,36,Broadway,,Mon,Tue,Wed,Thu,Fri
18:03:18,36,Broadway,,Sat
01:06:50,6,Jackson Park Express,,Mon
17:25:18,36,Broadway,,Sat
18:39:22,6,Jackson Park Express,,Sun
08:36:30,6,Jackson Park Express,,Sun
12:35:57,36,Broadway,,Mon,Tue,Wed,Thu,Fri
05:07:16,62,Archer,,Mon,Tue,Wed,Thu,Fri
18:45:13,29,State,,Sun
01:05:51,62,Archer,,Mon
11:54:15,6,Jackson Park Express,,Sat
20:09:05,62,Archer,,Mon,Tue,Wed,Thu,Fri
08:30:50,146,Inner Lake Shore/Michigan Express,,Sun
09:47:13,29,State,,Mon,Tue,Wed,Thu,Fri
16:19:22,6,Jackson Park Express,,Sat
07:08:44,36,Broadway,,Mon,Tue,Wed,Thu,Fri
19:13:09,36,Broadway,,Sun
07:05:12,148,Clarendon/Michigan Express,,Mon,Tue,Wed,Thu,Fri
18:46:26,29,State,,Mon,Tue,Wed,Thu,Fri
13:46:18,36,Broadway,,Sun
10:35:49,29,State,,Mon,Tue,Wed,Thu,Fri
14:59:44,146,Inner Lake Shore/Michigan Express,,Sun
19:24:30,29,State,,Sun
12:18:24,146,Inner Lake Shore/Michigan Express,,Mon,Tue,Wed,Thu,Fri
21:56:03,146,Inner Lake Shore/Michigan Express,,Sun
06:09:38,62,Archer,,Sat
15:50:05,6,Jackson Park Express,,Mon,Tue,Wed,Thu,Fri
10:53:10,6,Jackson Park Express,,Mon,Tue,Wed,Thu,Fri
09:30:44,36,Broadway,,Sat
08:33:03,146,Inner Lake Shore/Michigan Express,,Mon,Tue,Wed,Thu,Fri
15:13:10,62,Archer,,Mon,Tue,Wed,Thu,Fri
16:45:14,36,Broadway,,Sun
21:19:25,6,Jackson Park Express,,Sun
10:14:45,6,Jackson Park Express,,Sun
14:33:22,6,Jackson Park Express,,Sun
20:58:21,62,Archer,,Sat
23:49:53,29,State,,Sat
21:29:00,29,State,,Sun
16:28:19,29,State,,Sat
12:28:05,62,Archer,,Sat
09:28:00,62,Archer,,Sat
07:49:40,6,Jackson Park Express,,Mon,Tue,Wed,Thu,Fri
07:44:27,146,Inner Lake Shore/Michigan Express,,Mon,Tue,Wed,Thu,Fri
21:09:05,36,Broadway,,Sun
09:34:03,146,Inner Lake Shore/Michigan Express,,Mon,Tue,Wed,Thu,Fri
19:00:19,29,State,,Mon,Tue,Wed,Thu,Fri
14:07:18,36,Broadway,,Sun
14:48:10,6,Jackson Park Express,,Sat
13:27:40,6,Jackson Park Express,,Sun
20:25:40,6,Jackson Park Express,,Mon,Tue,Wed,Thu,Fri
08:05:40,148,Clarendon/Michigan Express,,Mon,Tue,Wed,Thu,Fri
14:09:35,62,Archer,,Sat
23:16:17,146,Inner Lake Shore/Michigan Express,,Sat
09:00:20,146,Inner Lake Shore/Michigan Express,,Sun
14:18:31,36,Broadway,,Mon,Tue,Wed,Thu,Fri
08:15:19,62,Archer,,Sun
06:22:14,36,Broadway,,Mon,Tue,Wed,Thu,Fri
11:00:51,62,Archer,,Sun
22:30:39,36,Broadway,,Mon,Tue,Wed,Thu,Fri
08:57:20,6,Jackson Park Express,,Sun
17:31:44,146,Inner Lake Shore/Michigan Express,,Sun
15:20:54,146,Inner Lake Shore/Michigan Express,,Mon,Tue,Wed,Thu,Fri
18:12:56,29,State,,Sat
20:36:47,146,Inner Lake Shore/Michigan Express,,Sun
15:52:38,29,State,,Mon,Tue,Wed,Thu,Fri
13:13:43,62,Archer,,Sun
19:52:52,6,Jackson Park Express,,Mon,Tue,Wed,Thu,Fri
09:54:10,6,Jackson Park Express,,Mon,Tue,Wed,Thu,Fri
18:41:48,36,Broadway,,Sat
22:17:55,6,Jackson Park Express,,Mon,Tue,Wed,Thu,Fri
09:28:24,146,Inner Lake Shore/Michigan Express,,Mon,Tue,Wed,Thu,Fri
20:46:18,36,Broadway,,Sat
14:18:36,29,State,,Sun
17:58:14,146,Inner Lake Shore/Michigan Express,,Sun
19:43:48,36,Broadway,,Mon,Tue,Wed,Thu,Fri
13:15:22,6,Jackson Park Express,,Mon,Tue,Wed,Thu,Fri
21:49:00,29,State,,Sun
21:21:44,146,Inner Lake Shore/Michigan Express,,Sat
17:19:59,2,Hyde Park Express,,Mon,Tue,Wed,Thu,Fri
16:19:10,62,Archer,,Mon,Tue,Wed,Thu,Fri
16:21:52,36,Broadway,,Sat
07:35:03,148,Clarendon/Michigan Express,,Mon,Tue,Wed,Thu,Fri
17:17:13,29,State,,Sun
13:44:49,29,State,,Sat
17:06:52,36,Broadway,,Sat
14:06:01,36,Broadway,,Mon,Tue,Wed,Thu,Fri
01:04:53,62,Archer,,Sun
19:33:57,146,Inner Lake Shore/Michigan Express,,Sat
19:44:43,62,Archer,,Sat
12:48:57,36,Broadway,,Mon,Tue,Wed,Thu,Fri
20:54:30,146,Inner Lake Shore/Michigan Express,,Mon,Tue,Wed,Thu,Fri
22:29:45,6,Jackson Park Express,,Sat
17:21:38,29,State,,Mon,Tue,Wed,Thu,Fri
10:54:30,146,Inner Lake Shore/Michigan Express,,Sun
18:39:02,62,Archer,,Sun
10:28:41,146,Inner Lake Shore/Michigan Express,,Sat
10:32:44,36,Broadway,,Sat
10:01:49,146,Inner Lake Shore/Michigan Express,,Mon,Tue,Wed,Thu,Fri
02:34:53,62,Archer,,Sun
13:59:40,6,Jackson Park Express,,Sun
11:59:14,146,Inner Lake Shore/Michigan Express,,Sun
23:33:57,6,Jackson Park Express,,Mon,Tue,Wed,Thu,Fri
22:31:27,6,Jackson Park Express,,Sat
01:34:53,62,Archer,,Sun
09:28:00,62,Archer,,Sat
22:29:00,29,State,,Sun
22:15:45,6,Jackson Park Express,,Sat
18:47:10,6,Jackson Park Express,,Mon,Tue,Wed,Thu,Fri
15:56:01,36,Broadway,,Mon,Tue,Wed,Thu,Fri
16:37:44,146,Inner Lake Shore/Michigan Express,,Sun
05:07:16,62,Archer,,Mon,Tue,Wed,Thu,Fri
15:21:14,36,Broadway,,Sun
12:39:51,62,Archer,,Sun
18:41:48,36,Broadway,,Sat
17:24:56,29,State,,Sat
13:02:57,146,Inner Lake Shore/Michigan Express,,Sat
21:14:44,36,Broadway,,Sat
15:05:18,36,Broadway,,Sat
08:53:00,29,State,,Sun
14:07:41,146,Inner Lake Shore/Michigan Express,,Sat
17:07:40,6,Jackson Park Express,,Sun
23:20:00,62,Archer,,Sun
13:12:49,29,State,,Mon,Tue,Wed,Thu,Fri
14:46:19,29,State,,Sat
10:32:57,36,Broadway,,Mon,Tue,Wed,Thu,Fri
08:42:33,146,Inner Lake Shore/Michigan Express,,Sat
09:42:10,6,Jackson Park Express,,Mon,Tue,Wed,Thu,Fri
07:31:56,148,Clarendon/Michigan Express,,Mon,Tue,Wed,Thu,Fri
13:06:18,36,Broadway,,Sat
17:35:18,36,Broadway,,Sat
06:42:30,29,State,,Mon,Tue,Wed,Thu,Fri
23:06:00,62,Archer,,Mon,Tue,Wed,Thu,Fri
15:41:54,146,Inner Lake Shore/Michigan Express,,Mon,Tue,Wed,Thu,Fri
22:47:36,29,State,,Sat
12:00:54,62,Archer,,Sat
09:19:44,146,Inner Lake Shore/Michigan Express,,Sat
06:06:33,146,Inner Lake Shore/Michigan Express,,Mon,Tue,Wed,Thu,Fri
23:02:40,6,Jackson Park Express,,Mon,Tue,Wed,Thu,Fri
07:15:50,6,Jackson Park Express,,Sat
12:45:16,62,Archer,,Mon,Tue,Wed,Thu,Fri
11:28:48,36,Broadway,,Sat
09:15:00,62,Archer,,Sat
15:30:02,29,State,,Mon,Tue,Wed,Thu,Fri
18:38:41,146,Inner Lake Shore/Michigan Express,,Sat
17:19:11,146,Inner Lake Shore/Michigan Express,,Sat
07:40:13,62,Archer,,Mon,Tue,Wed,Thu,Fri
14:17:48,36,Broadway,,Sun
07:13:05,36,Broadway,,Sat
13:41:01,36,Broadway,,Mon,Tue,Wed,Thu,Fri
10:25:27,6,Jackson Park Express,,Sun
05:32:01,36,Broadway,,Sun
09:27:58,148,Clarendon/Michigan Express,,Mon,Tue,Wed,Thu,Fri
08:11:20,6,Jackson Park Express,,Sun
01:19:53,62,Archer,,Tue,Wed,Thu,Fri,Sat
05:04:53,62,Archer,,Sat
07:45:30,29,State,,Sat
12:22:57,36,Broadway,,Mon,Tue,Wed,Thu,Fri
17:04:44,146,Inner Lake Shore/Michigan Express,,Sun
16:09:10,62,Archer,,Mon,Tue,Wed,Thu,Fri
14:01:26,29,State,,Mon,Tue,Wed,Thu,Fri
09:41:10,148,Clarendon/Michigan Express,,Mon,Tue,Wed,Thu,Fri
09:09:30,146,Inner Lake Shore/Michigan Express,,Sat
11:53:48,36,Broadway,,Sun
23:21:15,6,Jackson Park Express,,Sun
16:03:27,146,Inner Lake Shore/Michigan Express,,Sat
11:35:38,146,Inner Lake Shore/Michigan Express,,Mon,Tue,Wed,Thu,Fri
12:58:06,29,State,,Sun
23:55:15,6,Jackson Park Express,,Sun
19:15:48,36,Broadway,,Mon,Tue,Wed,Thu,Fri
11:03:43,29,State,,Sat
09:01:17,146,Inner Lake Shore/Michigan Express,,Sat
12:07:54,146,Inner Lake Shore/Michigan Express,,Mon,Tue,Wed,Thu,Fri
10:09:11,146,Inner Lake Shore/Michigan Express,,Mon,Tue,Wed,Thu,Fri
07:24:30,29,State,,Sat
10:55:43,62,Archer,,Sat
10:18:43,62,Archer,,Sat
12:15:10,6,Jackson Park Express,,Mon,Tue,Wed,Thu,Fri
08:26:00,29,State,,Sat
11:07:41,146,Inner Lake Shore/Michigan Express,,Mon,Tue,Wed,Thu,Fri
08:20:30,6,Jackson Park Express,,Sun
00:30:15,6,Jackson Park Express,,Mon
09:29:43,62,Archer,,Mon,Tue,Wed,Thu,Fri
09:27:06,36,Broadway,,Mon,Tue,Wed,Thu,Fri
22:33:55,6,Jackson Park Express,,Mon,Tue,Wed,Thu,Fri
16:02:52,36,Broadway,,Sat
22:34:00,62,Archer,,Sun
15:07:35,62,Archer,,Sat
06:49:36,146,Inner Lake Shore/Michigan Express,,Sat
14:18:36,29,State,,Sun
10:42:10,6,Jackson Park Express,,Mon,Tue,Wed,Thu,Fri
10:46:18,36,Broadway,,Sat
18:02:06,36,Broadway,,Mon,Tue,Wed,Thu,Fri
00:26:53,29,State,,Sun
16:47:56,29,State,,Sat
14:29:18,36,Broadway,,Sat
17:33:38,29,State,,Mon,Tue,Wed,Thu,Fri
21:22:47,146,Inner Lake Shore/Michigan Express,,Mon,Tue,Wed,Thu,Fri
07:25:54,2,Hyde Park Express,,Mon,Tue,Wed,Thu,Fri
24:14:35,36,Broadway,,Sun
06:35:01,36,Broadway,,Sun
08:41:33,146,Inner Lake Shore/Michigan Express,,Mon,Tue,Wed,Thu,Fri
06:33:33,146,Inner Lake Shore/Michigan Express,,Mon,Tue,Wed,Thu,Fri
18:14:06,36,Broadway,,Mon,Tue,Wed,Thu,Fri
08:14:36,29,State,,Mon,Tue,Wed,Thu,Fri
22:17:15,6,Jackson Park Express,,Sun
20:55:15,6,Jackson Park Express,,Sun
16:44:10,6,Jackson Park Express,,Sat
16:37:22,6,Jackson Park Express,,Sat
15:56:01,36,Broadway,,Mon,Tue,Wed,Thu,Fri
17:29:10,6,Jackson Park Express,,Sat
23:33:45,6,Jackson Park Express,,Mon,Tue,Wed,Thu,Fri
05:34:47,29,State,,Sat
16:38:10,62,Archer,,Mon,Tue,Wed,Thu,Fri
06:39:46,62,Archer,,Sun
17:10:41,146,Inner Lake Shore/Michigan Express,,Sat
22:56:35,36,Broadway,,Sun
08:26:00,29,State,,Sat
07:39:26,148,Clarendon/Michigan Express,,Mon,Tue,Wed,Thu,Fri
11:16:57,36,Broadway,,Mon,Tue,Wed,Thu,Fri
16:20:43,62,Archer,,Sun
14:20:18,36,Broadway,,Sat
18:08:14,146,Inner Lake Shore/Michigan Express,,Sun
18:25:31,36,Broadway,,Mon,Tue,Wed,Thu,Fri
09:14:43,62,Archer,,Mon,Tue,Wed,Thu,Fri
12:40:10,6,Jackson Park Express,,Sun
14:24:00,62,Archer,,Mon,Tue,Wed,Thu,Fri
22:13:25,6,Jackson Park Express,,Sun
17:00:44,36,Broadway,,Mon,Tue,Wed,Thu,Fri
16:02:52,36,Broadway,,Sat
09:15:52,6,Jackson Park Express,,Mon,Tue,Wed,Thu,Fri
20:03:14,146,Inner Lake Shore/Michigan Express,,Sat
18:53:14,36,Broadway,,Sat
19:40:55,6,Jackson Park Express,,Sat
08:04:30,6,Jackson Park Express,,Sun
17:49:35,62,Archer,,Sat
20:56:48,36,Broadway,,Mon,Tue,Wed,Thu,Fri
07:25:15,6,Jackson Park Express,,Mon,Tue,Wed,Thu,Fri
05:23:50,6,Jackson Park Express,,Mon,Tue,Wed,Thu,Fri
08:10:53,29,State,,Sun
13:49:56,29,State,,Mon,Tue,Wed,Thu,Fri
01:20:51,62,Archer,,Mon
13:46:36,29,State,,Sun
10:15:47,146,Inner Lake Shore/Michigan Express,,Sun
05:33:40,29,State,,Mon,Tue,Wed,Thu,Fri
00:04:53,62,Archer,,Tue,Wed,Thu,Fri,Sat
18:02:56,29,State,,Sat
12:13:57,6,Jackson Park Express,,Sat
17:35:11,146,Inner Lake Shore/Michigan Express,,Sat
09:39:31,36,Broadway,,Mon,Tue,Wed,Thu,Fri
06:55:40,62,Archer,,Mon,Tue,Wed,Thu,Fri
00:34:53,62,Archer,,Tue,Wed,Thu,Fri,Sat
13:40:35,62,Archer,,Sat
14:22:49,29,State,,Sat
17:47:14,36,Broadway,,Sun
23:11:39,36,Broadway,,Mon,Tue,Wed,Thu,Fri
19:52:40,6,Jackson Park Express,,Sun
10:52:11,146,Inner Lake Shore/Michigan Express,,Mon,Tue,Wed,Thu,Fri
09:21:13,29,State,,Mon,Tue,Wed,Thu,Fri
16:37:43,62,Archer,,Sun
00:19:53,62,Archer,,Sun
07:49:05,146,Inner Lake Shore/Michigan Express,,Mon,Tue,Wed,Thu,Fri
20:32:18,36,Broadway,,Sat
13:49:10,6,Jackson Park Express,,Sun
11:19:36,29,State,,Sun
17:19:35,6,Jackson Park Express,,Mon,Tue,Wed,Thu,Fri
16:09:10,62,Archer,,Mon,Tue,Wed,Thu,Fri
15:44:01,36,Broadway,,Mon,Tue,Wed,Thu,Fri
09:06:10,6,Jackson Park Express,,Mon,Tue,Wed,Thu,Fri
17:34:35,62,Archer,,Sat
17:15:26,29,State,,Sat
17:53:26,29,State,,Sat
17:05:56,29,State,,Sat
21:54:27,6,Jackson Park Express,,Sat
15:41:02,29,State,,Mon,Tue,Wed,Thu,Fri
13:30:38,62,Archer,,Mon,Tue,Wed,Thu,Fri
08:05:09,36,Broadway,,Sun
11:17:21,62,Archer,,Sun
13:36:18,36,Broadway,,Sun
14:11:18,36,Broadway,,Sat
09:57:13,29,State,,Sat
18:09:32,29,State,,Mon,Tue,Wed,Thu,Fri
05:27:16,62,Archer,,Mon,Tue,Wed,Thu,Fri
13:38:44,146,Inner Lake Shore/Michigan Express,,Sun
12:38:24,146,Inner Lake Shore/Michigan Express,,Mon,Tue,Wed,Thu,Fri
14:55:43,62,Archer,,Sun
13:02:57,146,Inner Lake Shore/Michigan Express,,Sat
22:47:10,6,Jackson Park Express,,Mon,Tue,Wed,Thu,Fri
11:35:43,29,State,,Sat
07:46:30,6,Jackson Park Express,,Sun
20:53:13,29,State,,Mon,Tue,Wed,Thu,Fri
19:40:09,36,Broadway,,Sun
11:19:36,29,State,,Sun
19:02:48,36,Broadway,,Mon,Tue,Wed,Thu,Fri
08:06:14,36,Broadway,,Sat
13:47:44,146,Inner Lake Shore/Michigan Express,,Sun
18:37:10,6,Jackson Park Express,,Sat
07:37:08,62,Archer,,Sun
20:18:14,36,Broadway,,Sat
15:36:10,62,Archer,,Mon,Tue,Wed,Thu,Fri
10:31:13,29,State,,Sat
12:06:51,62,Archer,,Sun
10:38:15,6,Jackson Park Express,,Sat
21:30:44,36,Broadway,,Sat
14:10:40,6,Jackson Park Express,,Sat
07:14:15,6,Jackson Park Express,,Mon,Tue,Wed,Thu,Fri
15:09:20,6,Jackson Park Express,,Mon,Tue,Wed,Thu,Fri
14:34:49,29,State,,Sat
14:22:49,29,State,,Sat
09:34:03,146,Inner Lake Shore/Michigan Express,,Mon,Tue,Wed,Thu,Fri
06:38:18,36,Broadway,,Mon,Tue,Wed,Thu,Fri
10:36:30,146,Inner Lake Shore/Michigan Express,,Sun
11:16:27,146,Inner Lake Shore/Michigan Express,,Sat
07:16:12,148,Clarendon/Michigan Express,,Mon,Tue,Wed,Thu,Fri
09:57:30,62,Archer,,Sun
01:34:53,62,Archer,,Mon
19:34:21,62,Archer,,Sun
09:11:42,148,Clarendon/Michigan Express,,Mon,Tue,Wed,Thu,Fri
17:55:00,62,Archer,,Mon,Tue,Wed,Thu,Fri
05:32:05,36,Broadway,,Sat
00:38:57,6,Jackson Park Express,,Tue,Wed,Thu,Fri,Sat
23:04:15,6,Jackson Park Express,,Sun
11:35:43,29,State,,Sat
19:07:14,36,Broadway,,Sat
09:25:50,6,Jackson Park Express,,Sat
15:28:49,29,State,,Sat
13:13:43,62,Archer,,Sun
13:57:49,62,Archer,,Mon,Tue,Wed,Thu,Fri
06:08:47,29,State,,Mon,Tue,Wed,Thu,Fri
14:47:18,36,Broadway,,Sat
18:04:35,62,Archer,,Sat
20:07:05,36,Broadway,,Sun
22:09:00,29,State,,Sun
17:59:59,2,Hyde Park Express,,Mon,Tue,Wed,Thu,Fri
05:51:33,146,Inner Lake Shore/Michigan Express,,Mon,Tue,Wed,Thu,Fri
09:58:41,146,Inner Lake Shore/Michigan Express,,Sat
12:14:54,146,Inner Lake Shore/Michigan Express,,Sat
17:04:44,146,Inner Lake Shore/Michigan Express,,Sun
09:36:24,2,Hyde Park Express,,Mon,Tue,Wed,Thu,Fri
09:57:30,62,Archer,,Sun
20:29:57,6,Jackson Park Express,,Sat
11:59:14,146,Inner Lake Shore/Michigan Express,,Sun
18:18:14,146,Inner Lake Shore/Michigan Express,,Sun
16:13:24,146,Inner Lake Shore/Michigan Express,,Mon,Tue,Wed,Thu,Fri
05:11:05,36,Broadway,,Sat
10:09:14,36,Broadway,,Sun
18:43:40,6,Jackson Park Express,,Sun
14:58:02,29,State,,Mon,Tue,Wed,Thu,Fri
17:53:48,36,Broadway,,Sat
09:01:39,36,Broadway,,Sun
16:26:10,6,Jackson Park Express,,Sat
09:13:36,36,Broadway,,Mon,Tue,Wed,Thu,Fri
23:27:15,6,Jackson Park Express,,Sat
08:30:53,148,Clarendon/Michigan Express,,Mon,Tue,Wed,Thu,Fri
11:58:54,146,Inner Lake Shore/Michigan Express,,Sat
04:34:53,62,Archer,,Sun
19:42:57,146,Inner Lake Shore/Michigan Express,,Mon,Tue,Wed,Thu,Fri
09:41:10,62,Archer,,Sat
16:55:44,36,Broadway,,Sun
21:37:17,146,Inner Lake Shore/Michigan Express,,Mon,Tue,Wed,Thu,Fri
19:57:43,29,State,,Sat
15:18:49,29,State,,Sat
13:56:44,146,Inner Lake Shore/Michigan Express,,Sun
08:00:50,6,Jackson Park Express,,Sat
03:34:53,62,Archer,,Mon,Tue,Wed,Thu,Fri
15:38:11,146,Inner Lake Shore/Michigan Express,,Sat
18:34:49,29,State,,Sat
17:15:26,29,State,,Sat
07:14:44,146,Inner Lake Shore/Michigan Express,,Mon,Tue,Wed,Thu,Fri
08:39:14,36,Broadway,,Sat
07:38:05,146,Inner Lake Shore/Michigan Express,,Mon,Tue,Wed,Thu,Fri
22:18:44,36,Broadway,,Sat
18:46:26,29,State,,Mon,Tue,Wed,Thu,Fri
09:05:08,146,Inner Lake Shore/Michigan Express,,Mon,Tue,Wed,Thu,Fri
16:02:54,146,Inner Lake Shore/Michigan Express,,Mon,Tue,Wed,Thu,Fri
17:10:41,146,Inner Lake Shore/Michigan Express,,Sat
07:57:28,148,Clarendon/Michigan Express,,Mon,Tue,Wed,Thu,Fri
20:41:51,62,Archer,,Sun
23:43:00,62,Archer,,Sun
21:32:25,6,Jackson Park Express,,Sun
12:38:25,6,Jackson Park Express,,Sun
09:39:31,36,Broadway,,Mon,Tue,Wed,Thu,Fri
12:27:55,6,Jackson Park Express,,Mon,Tue,Wed,Thu,Fri
20:58:21,62,Archer,,Sat
15:10:24,146,Inner Lake Shore/Michigan Express,,Mon,Tue,Wed,Thu,Fri
16:48:44,36,Broadway,,Mon,Tue,Wed,Thu,Fri
17:27:48,146,Inner Lake Shore/Michigan Express,,Mon,Tue,Wed,Thu,Fri
13:15:18,36,Broadway,,Sat
10:29:43,62,Archer,,Mon,Tue,Wed,Thu,Fri
22:29:36,29,State,,Mon,Tue,Wed,Thu,Fri
07:31:50,6,Jackson Park Express,,Sat
17:10:08,29,State,,Mon,Tue,Wed,Thu,Fri
20:09:05,62,Archer,,Mon,Tue,Wed,Thu,Fri
08:39:40,6,Jackson Park Express,,Mon,Tue,Wed,Thu,Fri
16:37:43,62,Archer,,Sun
19:58:13,29,State,,Mon,Tue,Wed,Thu,Fri
01:19:53,62,Archer,,Tue,Wed,Thu,Fri,Sat
18:47:40,6,Jackson Park Express,,Sat
22:02:15,6,Jackson Park Express,,Sat
06:54:47,146,Inner Lake Shore/Michigan Express,,Mon,Tue,Wed,Thu,Fri
10:18:43,62,Archer,,Sat
08:59:07,148,Clarendon/Michigan Express,,Mon,Tue,Wed,Thu,Fri
13:28:31,36,Broadway,,Mon,Tue,Wed,Thu,Fri
16:16:52,6,Jackson Park Express,,Sun
00:04:53,62,Archer,,Sun
11:36:06,29,State,,Sun
19:07:14,36,Broadway,,Sat
12:30:54,146,Inner Lake Shore/Michigan Express,,Sat
08:53:00,29,State,,Sun
16:28:40,62,Archer,,Mon,Tue,Wed,Thu,Fri
19:44:43,62,Archer,,Sat
06:33:52,146,Inner Lake Shore/Michigan Express,,Sun
05:13:40,29,State,,Mon,Tue,Wed,Thu,Fri
10:14:13,29,State,,Sat
09:24:10,2,Hyde Park Express,,Mon,Tue,Wed,Thu,Fri
07:53:10,148,Clarendon/Michigan Express,,Mon,Tue,Wed,Thu,Fri
06:13:35,36,Broadway,,Sat
14:09:24,146,Inner Lake Shore/Michigan Express,,Mon,Tue,Wed,Thu,Fri
21:00:14,36,Broadway,,Sat
17:46:02,29,State,,Mon,Tue,Wed,Thu,Fri
19:53:35,36,Broadway,,Sun
17:59:10,6,Jackson Park Express,,Sun
00:04:53,62,Archer,,Mon
00:49:53,62,Archer,,Tue,Wed,Thu,Fri,Sat
21:58:25,6,Jackson Park Express,,Sun
21:49:45,6,Jackson Park Express,,Sat
14:31:10,6,Jackson Park Express,,Sun
12:47:30,146,Inner Lake Shore/Michigan Express,,Sun
12:25:36,29,State,,Sun
13:51:41,146,Inner Lake Shore/Michigan Express,,Sat
05:51:33,146,Inner Lake Shore/Michigan Express,,Mon,Tue,Wed,Thu,Fri
22:33:14,36,Broadway,,Sat
11:03:30,146,Inner Lake Shore/Michigan Express,,Sun
12:57:05,62,Archer,,Sat
10:30:11,146,Inner Lake Shore/Michigan Express,,Mon,Tue,Wed,Thu,Fri
08:52:36,36,Broadway,,Mon,Tue,Wed,Thu,Fri
06:38:18,36,Broadway,,Mon,Tue,Wed,Thu,Fri
13:59:24,146,Inner Lake Shore/Michigan Express,,Mon,Tue,Wed,Thu,Fri
20:18:14,36,Broadway,,Sat
11:29:57,36,Broadway,,Mon,Tue,Wed,Thu,Fri
05:04:53,62,Archer,,Sat
08:41:33,146,Inner Lake Shore/Michigan Express,,Mon,Tue,Wed,Thu,Fri
08:36:00,62,Archer,,Sat
17:02:21,146,Inner Lake Shore/Michigan Express,,Mon,Tue,Wed,Thu,Fri
09:54:02,62,Archer,,Sat
15:07:35,62,Archer,,Sat
15:02:40,6,Jackson Park Express,,Sun
20:40:52,6,Jackson Park Express,,Mon,Tue,Wed,Thu,Fri
14:25:02,29,State,,Mon,Tue,Wed,Thu,Fri
21:04:00,62,Archer,,Sun
13:40:35,62,Archer,,Sat
08:25:35,36,Broadway,,Sun
07:56:20,146,Inner Lake Shore/Michigan Express,,Sun
08:10:01,36,Broadway,,Mon,Tue,Wed,Thu,Fri
10:23:41,146,Inner Lake Shore/Michigan Express,,Mon,Tue,Wed,Thu,Fri
04:50:05,36,Broadway,,Sat
04:50:01,36,Broadway,,Sun
20:41:44,146,Inner Lake Shore/Michigan Express,,Sat
06:43:33,146,Inner Lake Shore/Michigan Express,,Mon,Tue,Wed,Thu,Fri
17:20:40,62,Archer,,Mon,Tue,Wed,Thu,Fri
12:56:30,146,Inner Lake Shore/Michigan Express,,Sun
22:11:09,36,Broadway,,Mon,Tue,Wed,Thu,Fri
08:17:10,2,Hyde Park Express,,Mon,Tue,Wed,Thu,Fri
12:59:49,29,State,,Mon,Tue,Wed,Thu,Fri
19:28:20,6,Jackson Park Express,,Mon,Tue,Wed,Thu,Fri
06:47:38,62,Archer,,Sat
23:51:00,62,Archer,,Mon,Tue,Wed,Thu,Fri
05:58:30,6,Jackson Park Express,,Sun
12:45:16,62,Archer,,Mon,Tue,Wed,Thu,Fri
09:26:03,146,Inner Lake Shore/Michigan Express,,Sun
22:50:30,29,State,,Mon,Tue,Wed,Thu,Fri
13:25:56,29,State,,Mon,Tue,Wed,Thu,Fri
18:16:49,62,Archer,,Mon,Tue,Wed,Thu,Fri
11:50:54,146,Inner Lake Shore/Michigan Express,,Sat
12:42:06,29,State,,Sun
22:58:00,146,Inner Lake Shore/Michigan Express,,Sat
00:49:53,62,Archer,,Sun
18:09:10,6,Jackson Park Express,,Sun
10:36:30,146,Inner Lake Shore/Michigan Express,,Sun
21:05:22,6,Jackson Park Express,,Mon,Tue,Wed,Thu,Fri
04:34:53,62,Archer,,Sun
13:04:48,36,Broadway,,Sun
08:00:36,29,State,,Mon,Tue,Wed,Thu,Fri
15:55:27,146,Inner Lake Shore/Michigan Express,,Sat
12:00:54,62,Archer,,Sat
20:28:25,6,Jackson Park Express,,Sun
05:04:05,6,Jackson Park Express,,Mon,Tue,Wed,Thu,Fri
15:52:22,6,Jackson Park Express,,Sat
13:26:18,36,Broadway,,Sun
11:01:49,29,State,,Mon,Tue,Wed,Thu,Fri
23:35:05,36,Broadway,,Sun
09:00:17,146,Inner Lake Shore/Michigan Express,,Mon,Tue,Wed,Thu,Fri
07:48:39,36,Broadway,,Sat
10:25:14,36,Broadway,,Sun
23:51:53,29,State,,Sun
20:16:52,6,Jackson Park Express,,Mon,Tue,Wed,Thu,Fri
15:13:10,62,Archer,,Mon,Tue,Wed,Thu,Fri
10:30:43,62,Archer,,Sat
20:03:44,36,Broadway,,Sat
23:45:30,6,Jackson Park Express,,Sun
16:28:19,29,State,,Sat
18:32:41,146,Inner Lake Shore/Michigan Express,,Mon,Tue,Wed,Thu,Fri
08:19:01,36,Broadway,,Mon,Tue,Wed,Thu,Fri
07:29:30,29,State,,Sun
18:05:49,62,Archer,,Mon,Tue,Wed,Thu,Fri
20:38:10,6,Jackson Park Express,,Mon,Tue,Wed,Thu,Fri
18:50:40,2,Hyde Park Express,,Mon,Tue,Wed,Thu,Fri
07:44:27,146,Inner Lake Shore/Michigan Express,,Mon,Tue,Wed,Thu,Fri
16:34:44,36,Broadway,,Sun
19:39:30,29,State,,Sun
18:45:13,29,State,,Sun
08:05:09,36,Broadway,,Sun
15:12:43,62,Archer,,Sun
08:00:36,29,State,,Mon,Tue,Wed,Thu,Fri
23:06:44,36,Broadway,,Sat
19:28:00,146,Inner Lake Shore/Michigan Express,,Sun
17:38:45,6,Jackson Park Express,,Mon,Tue,Wed,Thu,Fri
11:45:45,6,Jackson Park Express,,Sun
09:39:10,2,Hyde Park Express,,Mon,Tue,Wed,Thu,Fri
12:46:57,146,Inner Lake Shore/Michigan Express,,Sat
22:57:00,62,Archer,,Sun
19:28:43,29,State,,Mon,Tue,Wed,Thu,Fri
06:49:28,148,Clarendon/Michigan Express,,Mon,Tue,Wed,Thu,Fri
08:29:43,62,Archer,,Mon,Tue,Wed,Thu,Fri
00:16:53,29,State,,Mon
10:13:15,6,Jackson Park Express,,Sat
19:07:49,29,State,,Sat
18:54:27,62,Archer,,Mon,Tue,Wed,Thu,Fri
15:51:05,62,Archer,,Sat
06:28:38,62,Archer,,Sat
16:05:35,62,Archer,,Sat
10:09:14,36,Broadway,,Sun
09:01:36,36,Broadway,,Mon,Tue,Wed,Thu,Fri
08:41:37,148,Clarendon/Michigan Express,,Mon,Tue,Wed,Thu,Fri
18:08:14,146,Inner Lake Shore/Michigan Express,,Sun
14:12:56,29,State,,Mon,Tue,Wed,Thu,Fri
07:17:06,29,State,,Mon,Tue,Wed,Thu,Fri
18:11:14,36,Broadway,,Sun
17:45:00,62,Archer,,Mon,Tue,Wed,Thu,Fri
18:56:55,6,Jackson Park Express,,Sat
22:01:06,29,State,,Sat
09:51:11,146,Inner Lake Shore/Michigan Express,,Sat
22:06:05,36,Broadway,,Sun
22:55:03,146,Inner Lake Shore/Michigan Express,,Sun
17:54:43,29,State,,Sun
17:53:48,36,Broadway,,Sat
20:53:35,36,Broadway,,Sun
13:40:52,6,Jackson Park Express,,Sun
13:28:57,6,Jackson Park Express,,Sat
17:06:14,36,Broadway,,Sun
23:15:03,146,Inner Lake Shore/Michigan Express,,Mon,Tue,Wed,Thu,Fri
21:38:21,62,Archer,,Sat
16:47:40,62,Archer,,Mon,Tue,Wed,Thu,Fri
19:27:09,36,Broadway,,Sun
12:58:24,146,Inner Lake Shore/Michigan Express,,Mon,Tue,Wed,Thu,Fri
09:13:20,146,Inner Lake Shore/Michigan Express,,Sun
23:29:30,6,Jackson Park Express,,Sun
13:37:56,29,State,,Mon,Tue,Wed,Thu,Fri
17:17:13,29,State,,Sun
22:11:30,62,Archer,,Sun
22:56:03,146,Inner Lake Shore/Michigan Express,,Mon,Tue,Wed,Thu,Fri
09:51:11,146,Inner Lake Shore/Michigan Express,,Sat
17:28:00,62,Archer,,Mon,Tue,Wed,Thu,Fri
15:37:19,29,State,,Sun
17:31:22,6,Jackson Park Express,,Sat
14:58:11,146,Inner Lake Shore/Michigan Express,,Sat
13:56:44,146,Inner Lake Shore/Michigan Express,,Sun
05:54:20,6,Jackson Park Express,,Sun
06:23:20,6,Jackson Park Express,,Sun
16:34:44,36,Broadway,,Sun
07:20:05,36,Broadway,,Sun
06:23:30,6,Jackson Park Express,,Mon,Tue,Wed,Thu,Fri
08:09:49,62,Archer,,Sat
16:55:22,6,Jackson Park Express,,Sat
23:28:30,62,Archer,,Mon,Tue,Wed,Thu,Fri
06:47:30,6,Jackson Park Express,,Mon,Tue,Wed,Thu,Fri
08:55:14,36,Broadway,,Sat
16:45:11,146,Inner Lake Shore/Michigan Express,,Sat
08:49:00,62,Archer,,Sat
05:05:05,36,Broadway,,Mon,Tue,Wed,Thu,Fri
00:34:53,62,Archer,,Sun
00:49:53,62,Archer,,Mon
21:58:21,62,Archer,,Sat
13:34:40,6,Jackson Park Express,,Sat
11:29:54,62,Archer,,Mon,Tue,Wed,Thu,Fri
17:11:10,6,Jackson Park Express,,Sat
07:50:03,146,Inner Lake Shore/Michigan Express,,Sat
18:52:19,2,Hyde Park Express,,Mon,Tue,Wed,Thu,Fri
18:50:22,36,Broadway,,Mon,Tue,Wed,Thu,Fri
00:45:30,6,Jackson Park Express,,Sun
13:14:30,146,Inner Lake Shore/Michigan Express,,Sun
17:55:00,62,Archer,,Mon,Tue,Wed,Thu,Fri
10:45:30,29,State,,Sun
16:39:19,29,State,,Sun
18:05:49,62,Archer,,Mon,Tue,Wed,Thu,Fri
10:27:30,146,Inner Lake Shore/Michigan Express,,Sun
20:12:43,29,State,,Sat
08:15:19,62,Archer,,Sun
11:52:19,29,State,,Sat
00:43:20,6,Jackson Park Express,,Tue,Wed,Thu,Fri,Sat
15:13:10,6,Jackson Park Express,,Sun
17:07:20,6,Jackson Park Express,,Sun
10:37:11,146,Inner Lake Shore/Michigan Express,,Mon,Tue,Wed,Thu,Fri
07:13:05,36,Broadway,,Sat
22:50:39,36,Broadway,,Mon,Tue,Wed,Thu,Fri
11:48:48,36,Broadway,,Sat
08:13:03,146,Inner Lake Shore/Michigan Express,,Sat
08:42:13,29,State,,Mon,Tue,Wed,Thu,Fri
17:12:44,36,Broadway,,Mon,Tue,Wed,Thu,Fri
12:32:52,36,Broadway,,Sun
16:46:22,6,Jackson Park Express,,Sat
18:23:44,36,Broadway,,Sun
17:19:11,146,Inner Lake Shore/Michigan Express,,Sat
11:02:45,6,Jackson Park Express,,Sat
10:36:11,146,Inner Lake Shore/Michigan Express,,Sat
16:58:52,36,Broadway,,Sat
18:18:59,2,Hyde Park Express,,Mon,Tue,Wed,Thu,Fri
16:14:19,29,State,,Sun
22:18:44,36,Broadway,,Sat
16:18:49,29,State,,Sat
16:02:54,146,Inner Lake Shore/Michigan Express,,Mon,Tue,Wed,Thu,Fri
10:55:43,62,Archer,,Sat
17:48:44,36,Broadway,,Mon,Tue,Wed,Thu,Fri
17:58:02,29,State,,Mon,Tue,Wed,Thu,Fri
17:30:06,29,State,,Sun
19:48:57,146,Inner Lake Shore/Michigan Express,,Sat
13:25:56,29,State,,Mon,Tue,Wed,Thu,Fri
19:11:13,29,State,,Sun
01:34:53,62,Archer,,Tue,Wed,Thu,Fri,Sat
21:16:47,146,Inner Lake Shore/Michigan Express,,Sun
14:38:18,36,Broadway,,Sat
18:23:40,2,Hyde Park Express,,Mon,Tue,Wed,Thu,Fri
15:59:20,6,Jackson Park Express,,Mon,Tue,Wed,Thu,Fri
22:44:57,6,Jackson Park Express,,Sat
09:54:02,62,Archer,,Sat
16:10:22,6,Jackson Park Express,,Sat
18:21:18,36,Broadway,,Sat
12:38:54,146,Inner Lake Shore/Michigan Express,,Sat
16:39:05,6,Jackson Park Express,,Mon,Tue,Wed,Thu,Fri
08:31:53,29,State,,Sun
11:50:54,146,Inner Lake Shore/Michigan Express,,Sat
20:19:17,146,Inner Lake Shore/Michigan Express,,Sun
09:44:43,62,Archer,,Mon,Tue,Wed,Thu,Fri
05:53:05,36,Broadway,,Sat
18:41:38,62,Archer,,Mon,Tue,Wed,Thu,Fri
21:36:03,146,Inner Lake Shore/Michigan Express,,Sun
06:25:23,29,State,,Sun
20:25:54,62,Archer,,Mon,Tue,Wed,Thu,Fri
14:38:35,62,Archer,,Sat
17:02:11,146,Inner Lake Shore/Michigan Express,,Sat
09:19:44,146,Inner Lake Shore/Michigan Express,,Sat
15:06:10,6,Jackson Park Express,,Sat
17:45:00,62,Archer,,Mon,Tue,Wed,Thu,Fri
15:32:01,36,Broadway,,Mon,Tue,Wed,Thu,Fri
07:56:08,62,Archer,,Sun
14:14:44,146,Inner Lake Shore/Michigan Express,,Sun
08:51:47,146,Inner Lake Shore/Michigan Express,,Mon,Tue,Wed,Thu,Fri
15:46:11,146,Inner Lake Shore/Michigan Express,,Sat
17:39:48,146,Inner Lake Shore/Michigan Express,,Mon,Tue,Wed,Thu,Fri
12:25:25,6,Jackson Park Express,,Sun
12:07:48,36,Broadway,,Sun
08:55:38,146,Inner Lake Shore/Michigan Express,,Mon,Tue,Wed,Thu,Fri
08:51:47,146,Inner Lake Shore/Michigan Express,,Mon,Tue,Wed,Thu,Fri
08:30:56,148,Clarendon/Michigan Express,,Mon,Tue,Wed,Thu,Fri
15:42:14,36,Broadway,,Sun
14:31:25,6,Jackson Park Express,,Sat
08:11:42,148,Clarendon/Michigan Express,,Mon,Tue,Wed,Thu,Fri
18:32:13,29,State,,Sun
13:20:44,146,Inner Lake Shore/Michigan Express,,Sun
14:50:11,146,Inner Lake Shore/Michigan Express,,Sat
12:57:05,62,Archer,,Sat
14:10:19,29,State,,Sat
21:37:17,146,Inner Lake Shore/Michigan Express,,Mon,Tue,Wed,Thu,Fri
08:49:00,62,Archer,,Sat
18:00:11,146,Inner Lake Shore/Michigan Express,,Sat
20:19:17,146,Inner Lake Shore/Michigan Express,,Sun
05:51:40,29,State,,Mon,Tue,Wed,Thu,Fri
20:12:30,29,State,,Sun
00:46:53,29,State,,Sun
09:44:15,6,Jackson Park Express,,Sun
21:36:03,146,Inner Lake Shore/Michigan Express,,Sun
12:20:19,29,State,,Mon,Tue,Wed,Thu,Fri
09:38:32,6,Jackson Park Express,,Sat
17:19:35,62,Archer,,Sat
17:05:56,29,State,,Sat
20:40:00,146,Inner Lake Shore/Michigan Express,,Mon,Tue,Wed,Thu,Fri
16:53:41,146,Inner Lake Shore/Michigan Express,,Sat
23:12:00,29,State,,Mon,Tue,Wed,Thu,Fri
11:18:18,36,Broadway,,Sat
10:25:45,6,Jackson Park Express,,Sat
10:06:11,146,Inner Lake Shore/Michigan Express,,Sat
06:25:23,29,State,,Mon,Tue,Wed,Thu,Fri
21:22:47,146,Inner Lake Shore/Michigan Express,,Mon,Tue,Wed,Thu,Fri
16:55:44,146,Inner Lake Shore/Michigan Express,,Sun
19:17:11,146,Inner Lake Shore/Michigan Express,,Mon,Tue,Wed,Thu,Fri
14:32:44,146,Inner Lake Shore/Michigan Express,,Sun
11:21:30,146,Inner Lake Shore/Michigan Express,,Sun
16:20:43,62,Archer,,Sun
20:30:30,29,State,,Sun
16:01:22,6,Jackson Park Express,,Sat
14:12:56,29,State,,Mon,Tue,Wed,Thu,Fri
00:19:53,62,Archer,,Mon
20:53:35,36,Broadway,,Sun
07:23:21,146,Inner Lake Shore/Michigan Express,,Mon,Tue,Wed,Thu,Fri
15:38:49,29,State,,Sat
09:23:27,6,Jackson Park Express,,Sun
16:28:45,6,Jackson Park Express,,Mon,Tue,Wed,Thu,Fri
19:12:00,146,Inner Lake Shore/Michigan Express,,Sun
16:47:56,29,State,,Sat
09:53:14,36,Broadway,,Sun
23:15:35,36,Broadway,,Sun
13:15:48,36,Broadway,,Sun
06:53:52,146,Inner Lake Shore/Michigan Express,,Sun
15:22:11,146,Inner Lake Shore/Michigan Express,,Sat
20:17:57,6,Jackson Park Express,,Sat
18:23:49,29,State,,Sat
17:11:43,62,Archer,,Sun
23:03:57,6,Jackson Park Express,,Mon,Tue,Wed,Thu,Fri
05:33:40,29,State,,Mon,Tue,Wed,Thu,Fri
10:09:11,146,Inner Lake Shore/Michigan Express,,Mon,Tue,Wed,Thu,Fri
15:20:01,36,Broadway,,Mon,Tue,Wed,Thu,Fri
06:10:50,6,Jackson Park Express,,Mon,Tue,Wed,Thu,Fri
17:22:22,6,Jackson Park Express,,Sat
01:04:53,62,Archer,,Sun
10:13:00,62,Archer,,Sun
11:19:43,29,State,,Sat
19:14:13,29,State,,Mon,Tue,Wed,Thu,Fri
21:32:25,6,Jackson Park Express,,Mon,Tue,Wed,Thu,Fri
16:03:38,29,State,,Mon,Tue,Wed,Thu,Fri
12:07:54,146,Inner Lake Shore/Michigan Express,,Mon,Tue,Wed,Thu,Fri
10:16:11,146,Inner Lake Shore/Michigan Express,,Mon,Tue,Wed,Thu,Fri
22:21:03,146,Inner Lake Shore/Michigan Express,,Mon,Tue,Wed,Thu,Fri
08:10:35,146,Inner Lake Shore/Michigan Express,,Mon,Tue,Wed,Thu,Fri
06:47:05,148,Clarendon/Michigan Express,,Mon,Tue,Wed,Thu,Fri
15:36:10,62,Archer,,Mon,Tue,Wed,Thu,Fri
08:47:37,148,Clarendon/Michigan Express,,Mon,Tue,Wed,Thu,Fri
11:17:10,6,Jackson Park Express,,Mon,Tue,Wed,Thu,Fri
11:00:27,146,Inner Lake Shore/Michigan Express,,Sat
10:06:47,146,Inner Lake Shore/Michigan Express,,Sun
15:52:24,146,Inner Lake Shore/Michigan Express,,Mon,Tue,Wed,Thu,Fri
09:28:22,6,Jackson Park Express,,Mon,Tue,Wed,Thu,Fri
09:28:24,146,Inner Lake Shore/Michigan Express,,Mon,Tue,Wed,Thu,Fri
13:42:57,146,Inner Lake Shore/Michigan Express,,Sat
09:41:24,146,Inner Lake Shore/Michigan Express,,Mon,Tue,Wed,Thu,Fri
17:36:00,62,Archer,,Mon,Tue,Wed,Thu,Fri
06:57:50,6,Jackson Park Express,,Sat
15:36:35,62,Archer,,Sat
13:01:57,36,Broadway,,Mon,Tue,Wed,Thu,Fri
24:04:45,6,Jackson Park Express,,Mon,Tue,Wed,Thu,Fri
22:47:36,29,State,,Sat
17:27:14,36,Broadway,,Sun
20:38:05,36,Broadway,,Sun
19:20:40,2,Hyde Park Express,,Mon,Tue,Wed,Thu,Fri
05:57:35,6,Jackson Park Express,,Mon,Tue,Wed,Thu,Fri
15:30:11,146,Inner Lake Shore/Michigan Express,,Sat
09:57:47,146,Inner Lake Shore/Michigan Express,,Sun
11:13:57,6,Jackson Park Express,,Sat
22:06:05,36,Broadway,,Sun
08:01:59,2,Hyde Park Express,,Mon,Tue,Wed,Thu,Fri
15:29:43,62,Archer,,Sun
10:52:27,146,Inner Lake Shore/Michigan Express,,Sat
09:21:13,29,State,,Mon,Tue,Wed,Thu,Fri
14:43:52,6,Jackson Park Express,,Sun
22:50:30,29,State,,Mon,Tue,Wed,Thu,Fri
16:28:40,62,Archer,,Mon,Tue,Wed,Thu,Fri
13:52:40,6,Jackson Park Express,,Sat
09:18:10,6,Jackson Park Express,,Mon,Tue,Wed,Thu,Fri
11:58:25,6,Jackson Park Express,,Sun
22:16:40,6,Jackson Park Express,,Mon,Tue,Wed,Thu,Fri
11:47:54,62,Archer,,Sat
16:55:44,36,Broadway,,Sun
14:12:22,6,Jackson Park Express,,Sun
09:28:07,148,Clarendon/Michigan Express,,Mon,Tue,Wed,Thu,Fri
18:11:59,2,Hyde Park Express,,Mon,Tue,Wed,Thu,Fri
20:43:13,29,State,,Sat
06:05:44,36,Broadway,,Mon,Tue,Wed,Thu,Fri
14:23:41,146,Inner Lake Shore/Michigan Express,,Sat
09:38:03,146,Inner Lake Shore/Michigan Express,,Sun
15:01:40,62,Archer,,Mon,Tue,Wed,Thu,Fri
14:34:36,29,State,,Sun
12:14:54,146,Inner Lake Shore/Michigan Express,,Sat
05:05:05,36,Broadway,,Mon,Tue,Wed,Thu,Fri
06:54:35,36,Broadway,,Sat
17:50:35,146,Inner Lake Shore/Michigan Express,,Mon,Tue,Wed,Thu,Fri
12:33:19,29,State,,Mon,Tue,Wed,Thu,Fri
10:25:14,36,Broadway,,Sun
23:49:15,6,Jackson Park Express,,Mon,Tue,Wed,Thu,Fri
01:34:53,62,Archer,,Mon
10:23:19,29,State,,Mon,Tue,Wed,Thu,Fri
17:43:41,146,Inner Lake Shore/Michigan Express,,Sat
15:25:52,6,Jackson Park Express,,Sun
07:00:00,29,State,,Mon,Tue,Wed,Thu,Fri
17:52:11,146,Inner Lake Shore/Michigan Express,,Sat
18:31:14,146,Inner Lake Shore/Michigan Express,,Sun
06:40:20,6,Jackson Park Express,,Sat
20:13:45,6,Jackson Park Express,,Sat
11:27:55,6,Jackson Park Express,,Sun
22:28:25,6,Jackson Park Express,,Sun
12:46:19,29,State,,Mon,Tue,Wed,Thu,Fri
10:02:32,6,Jackson Park Express,,Sat
15:32:01,36,Broadway,,Mon,Tue,Wed,Thu,Fri
09:38:45,6,Jackson Park Express,,Sat
08:44:36,36,Broadway,,Mon,Tue,Wed,Thu,Fri
19:43:43,29,State,,Sat
19:00:19,29,State,,Mon,Tue,Wed,Thu,Fri
17:09:05,6,Jackson Park Express,,Mon,Tue,Wed,Thu,Fri
01:05:30,6,Jackson Park Express,,Sun
19:48:40,6,Jackson Park Express,,Sat
21:25:15,6,Jackson Park Express,,Sat
02:34:53,62,Archer,,Mon
07:58:40,148,Clarendon/Michigan Express,,Mon,Tue,Wed,Thu,Fri
18:48:44,36,Broadway,,Sun
16:16:10,6,Jackson Park Express,,Sun
08:16:13,62,Archer,,Mon,Tue,Wed,Thu,Fri
18:45:49,29,State,,Sat
07:28:13,62,Archer,,Mon,Tue,Wed,Thu,Fri
12:37:10,6,Jackson Park Express,,Mon,Tue,Wed,Thu,Fri
12:47:30,146,Inner Lake Shore/Michigan Express,,Sun
15:59:40,2,Hyde Park Express,,Mon,Tue,Wed,Thu,Fri
12:44:52,36,Broadway,,Sun
16:02:44,146,Inner Lake Shore/Michigan Express,,Sun
10:11:13,29,State,,Mon,Tue,Wed,Thu,Fri
15:41:54,146,Inner Lake Shore/Michigan Express,,Mon,Tue,Wed,Thu,Fri
15:48:49,29,State,,Sat
06:14:01,36,Broadway,,Sun
09:48:03,146,Inner Lake Shore/Michigan Express,,Mon,Tue,Wed,Thu,Fri
14:46:19,29,State,,Sat
14:23:44,146,Inner Lake Shore/Michigan Express,,Sun
20:49:00,29,State,,Sun
10:45:30,146,Inner Lake Shore/Michigan Express,,Sun
14:38:48,36,Broadway,,Sun
07:53:57,146,Inner Lake Shore/Michigan Express,,Mon,Tue,Wed,Thu,Fri
04:50:01,36,Broadway,,Sun
11:27:55,6,Jackson Park Express,,Mon,Tue,Wed,Thu,Fri
13:53:31,36,Broadway,,Mon,Tue,Wed,Thu,Fri
20:01:10,6,Jackson Park Express,,Mon,Tue,Wed,Thu,Fri
20:56:47,146,Inner Lake Shore/Michigan Express,,Sun
11:29:57,36,Broadway,,Mon,Tue,Wed,Thu,Fri
17:52:11,146,Inner Lake Shore/Michigan Express,,Sat
08:10:01,36,Broadway,,Mon,Tue,Wed,Thu,Fri
12:04:10,6,Jackson Park Express,,Mon,Tue,Wed,Thu,Fri
05:27:39,36,Broadway,,Mon,Tue,Wed,Thu,Fri
20:49:45,6,Jackson Park Express,,Sat
16:05:40,6,Jackson Park Express,,Sun
19:34:21,62,Archer,,Sun
14:58:02,29,State,,Mon,Tue,Wed,Thu,Fri
22:10:43,29,State,,Mon,Tue,Wed,Thu,Fri
21:14:36,29,State,,Sat
19:00:22,6,Jackson Park Express,,Sun
22:55:03,146,Inner Lake Shore/Michigan Express,,Sun
15:37:19,29,State,,Sun
07:04:30,146,Inner Lake Shore/Michigan Express,,Mon,Tue,Wed,Thu,Fri
07:52:13,62,Archer,,Mon,Tue,Wed,Thu,Fri
21:18:27,6,Jackson Park Express,,Sat
17:53:05,6,Jackson Park Express,,Mon,Tue,Wed,Thu,Fri
17:24:44,36,Broadway,,Mon,Tue,Wed,Thu,Fri
12:07:48,36,Broadway,,Sun
08:33:03,146,Inner Lake Shore/Michigan Express,,Mon,Tue,Wed,Thu,Fri
18:38:41,146,Inner Lake Shore/Michigan Express,,Sat
23:09:30,29,State,,Sun
10:37:57,6,Jackson Park Express,,Sat
23:12:00,29,State,,Mon,Tue,Wed,Thu,Fri
22:32:15,6,Jackson Park Express,,Sun
17:50:35,146,Inner Lake Shore/Michigan Express,,Mon,Tue,Wed,Thu,Fri
10:31:13,29,State,,Sat
13:29:44,146,Inner Lake Shore/Michigan Express,,Sun
05:50:27,62,Archer,,Sat
06:20:33,146,Inner Lake Shore/Michigan Express,,Mon,Tue,Wed,Thu,Fri
19:16:20,6,Jackson Park Express,,Mon,Tue,Wed,Thu,Fri
08:33:03,146,Inner Lake Shore/Michigan Express,,Sat
10:44:43,62,Archer,,Mon,Tue,Wed,Thu,Fri
14:43:31,36,Broadway,,Mon,Tue,Wed,Thu,Fri
12:20:19,29,State,,Mon,Tue,Wed,Thu,Fri
22:21:21,62,Archer,,Mon,Tue,Wed,Thu,Fri
15:49:40,6,Jackson Park Express,,Sat
11:41:14,36,Broadway,,Sun
17:29:13,62,Archer,,Sun
08:23:00,62,Archer,,Sat
06:49:15,6,Jackson Park Express,,Mon,Tue,Wed,Thu,Fri
10:30:10,6,Jackson Park Express,,Mon,Tue,Wed,Thu,Fri
16:08:49,29,State,,Sat
16:48:44,36,Broadway,,Mon,Tue,Wed,Thu,Fri
02:04:53,62,Archer,,Mon
11:08:27,146,Inner Lake Shore/Michigan Express,,Sat
20:35:18,36,Broadway,,Mon,Tue,Wed,Thu,Fri
13:05:19,29,State,,Sat
13:30:38,62,Archer,,Mon,Tue,Wed,Thu,Fri
07:06:38,62,Archer,,Sat
17:47:20,6,Jackson Park Express,,Sun
10:28:41,146,Inner Lake Shore/Michigan Express,,Sat
18:45:49,29,State,,Sat
19:56:51,62,Archer,,Sun
21:58:30,146,Inner Lake Shore/Michigan Express,,Sat
08:28:43,29,State,,Mon,Tue,Wed,Thu,Fri
09:13:50,6,Jackson Park Express,,Sat
16:19:10,62,Archer,,Mon,Tue,Wed,Thu,Fri
07:17:57,62,Archer,,Sun
20:25:00,146,Inner Lake Shore/Michigan Express,,Mon,Tue,Wed,Thu,Fri
14:59:44,146,Inner Lake Shore/Michigan Express,,Sun
10:44:27,146,Inner Lake Shore/Michigan Express,,Sat
17:00:44,36,Broadway,,Mon,Tue,Wed,Thu,Fri
10:08:36,29,State,,Sun
22:32:06,29,State,,Sat
16:11:40,2,Hyde Park Express,,Mon,Tue,Wed,Thu,Fri
12:17:14,146,Inner Lake Shore/Michigan Express,,Sun
09:31:06,29,State,,Sun
16:54:43,62,Archer,,Sun
12:35:57,36,Broadway,,Mon,Tue,Wed,Thu,Fri
20:41:44,146,Inner Lake Shore/Michigan Express,,Sat
13:34:48,36,Broadway,,Sat
07:32:09,36,Broadway,,Sat
16:49:08,146,Inner Lake Shore/Michigan Express,,Mon,Tue,Wed,Thu,Fri
19:30:43,29,State,,Sat
16:57:20,6,Jackson Park Express,,Sun
10:13:41,146,Inner Lake Shore/Michigan Express,,Sat
08:10:53,29,State,,Sun
23:48:57,6,Jackson Park Express,,Mon,Tue,Wed,Thu,Fri
10:14:43,62,Archer,,Mon,Tue,Wed,Thu,Fri
17:15:35,146,Inner Lake Shore/Michigan Express,,Mon,Tue,Wed,Thu,Fri
14:41:44,146,Inner Lake Shore/Michigan Express,,Sun
20:20:21,62,Archer,,Sat
08:26:52,6,Jackson Park Express,,Mon,Tue,Wed,Thu,Fri
01:05:51,62,Archer,,Mon
08:37:24,146,Inner Lake Shore/Michigan Express,,Mon,Tue,Wed,Thu,Fri
19:14:21,62,Archer,,Sun
08:30:50,146,Inner Lake Shore/Michigan Express,,Sun
17:37:44,36,Broadway,,Sun
16:03:43,62,Archer,,Sun
01:34:53,62,Archer,,Sun
21:16:40,6,Jackson Park Express,,Mon,Tue,Wed,Thu,Fri
12:35:14,146,Inner Lake Shore/Michigan Express,,Sun
16:19:17,6,Jackson Park Express,,Mon,Tue,Wed,Thu,Fri
16:22:40,36,Broadway,,Mon,Tue,Wed,Thu,Fri
07:43:31,148,Clarendon/Michigan Express,,Mon,Tue,Wed,Thu,Fri
21:14:44,36,Broadway,,Mon,Tue,Wed,Thu,Fri
00:16:53,29,State,,Mon
14:36:02,29,State,,Mon,Tue,Wed,Thu,Fri
16:28:11,146,Inner Lake Shore/Michigan Express,,Sat
11:39:30,146,Inner Lake Shore/Michigan Express,,Sun
11:07:41,146,Inner Lake Shore/Michigan Express,,Mon,Tue,Wed,Thu,Fri
16:36:24,146,Inner Lake Shore/Michigan Express,,Mon,Tue,Wed,Thu,Fri
16:55:44,146,Inner Lake Shore/Michigan Express,,Sun
07:36:52,6,Jackson Park Express,,Mon,Tue,Wed,Thu,Fri
20:42:15,6,Jackson Park Express,,Sun
13:04:48,36,Broadway,,Sun
14:02:18,36,Broadway,,Sat
22:11:30,62,Archer,,Sun
17:06:52,36,Broadway,,Sat
11:24:27,146,Inner Lake Shore/Michigan Express,,Sat
07:59:57,36,Broadway,,Mon,Tue,Wed,Thu,Fri
23:18:21,62,Archer,,Sat
08:46:24,146,Inner Lake Shore/Michigan Express,,Mon,Tue,Wed,Thu,Fri
16:49:05,6,Jackson Park Express,,Mon,Tue,Wed,Thu,Fri
06:34:36,146,Inner Lake Shore/Michigan Express,,Sat
10:45:30,146,Inner Lake Shore/Michigan Express,,Sun
14:23:41,146,Inner Lake Shore/Michigan Express,,Sat
23:11:39,36,Broadway,,Mon,Tue,Wed,Thu,Fri
09:45:58,148,Clarendon/Michigan Express,,Mon,Tue,Wed,Thu,Fri
14:38:43,62,Archer,,Sun
11:19:43,29,State,,Sat
08:11:59,2,Hyde Park Express,,Mon,Tue,Wed,Thu,Fri
11:03:52,6,Jackson Park Express,,Mon,Tue,Wed,Thu,Fri
07:03:17,29,State,,Sat
11:29:54,62,Archer,,Mon,Tue,Wed,Thu,Fri
18:16:22,6,Jackson Park Express,,Sat
21:16:47,146,Inner Lake Shore/Michigan Express,,Sun
06:35:00,6,Jackson Park Express,,Mon,Tue,Wed,Thu,Fri
07:17:06,29,State,,Mon,Tue,Wed,Thu,Fri
12:14:10,6,Jackson Park Express,,Sun
19:24:10,6,Jackson Park Express,,Mon,Tue,Wed,Thu,Fri
23:36:21,62,Archer,,Sat
20:43:13,29,State,,Sat
21:19:43,62,Archer,,Mon,Tue,Wed,Thu,Fri
22:58:57,6,Jackson Park Express,,Sat
05:44:50,6,Jackson Park Express,,Sat
15:52:24,146,Inner Lake Shore/Michigan Express,,Mon,Tue,Wed,Thu,Fri
11:00:51,62,Archer,,Sun
05:27:39,36,Broadway,,Mon,Tue,Wed,Thu,Fri
11:26:39,36,Broadway,,Sun
14:10:10,6,Jackson Park Express,,Mon,Tue,Wed,Thu,Fri
21:09:00,29,State,,Sun
21:30:06,29,State,,Sat
15:06:11,146,Inner Lake Shore/Michigan Express,,Sat
07:48:39,36,Broadway,,Sat
12:26:10,6,Jackson Park Express,,Mon,Tue,Wed,Thu,Fri
19:19:11,146,Inner Lake Shore/Michigan Express,,Sat
18:21:43,62,Archer,,Sun
19:28:27,146,Inner Lake Shore/Michigan Express,,Mon,Tue,Wed,Thu,Fri
09:08:13,29,State,,Mon,Tue,Wed,Thu,Fri
22:43:45,6,Jackson Park Express,,Sat
16:18:49,29,State,,Sat
18:58:13,29,State,,Sun
22:16:36,29,State,,Sat
11:00:27,36,Broadway,,Mon,Tue,Wed,Thu,Fri
08:14:36,29,State,,Mon,Tue,Wed,Thu,Fri
11:00:45,6,Jackson Park Express,,Sun
12:39:51,62,Archer,,Sun
12:15:55,6,Jackson Park Express,,Mon,Tue,Wed,Thu,Fri
22:38:35,36,Broadway,,Sun
09:01:36,36,Broadway,,Mon,Tue,Wed,Thu,Fri
09:36:14,36,Broadway,,Sun
21:18:21,62,Archer,,Sat
17:04:19,29,State,,Sun
01:04:53,62,Archer,,Tue,Wed,Thu,Fri,Sat
18:51:11,146,Inner Lake Shore/Michigan Express,,Sat
12:44:52,36,Broadway,,Sun
08:16:11,146,Inner Lake Shore/Michigan Express,,Mon,Tue,Wed,Thu,Fri
13:05:19,29,State,,Sat
08:21:49,146,Inner Lake Shore/Michigan Express,,Mon,Tue,Wed,Thu,Fri
19:23:27,62,Archer,,Mon,Tue,Wed,Thu,Fri
20:03:44,36,Broadway,,Sat
15:52:38,29,State,,Mon,Tue,Wed,Thu,Fri
15:08:44,146,Inner Lake Shore/Michigan Express,,Sun
18:39:02,62,Archer,,Sun
19:11:10,6,Jackson Park Express,,Sat
13:18:24,146,Inner Lake Shore/Michigan Express,,Mon,Tue,Wed,Thu,Fri
11:14:49,29,State,,Mon,Tue,Wed,Thu,Fri
15:22:11,146,Inner Lake Shore/Michigan Express,,Sat
16:13:24,146,Inner Lake Shore/Michigan Express,,Mon,Tue,Wed,Thu,Fri
05:41:50,6,Jackson Park Express,,Mon,Tue,Wed,Thu,Fri
16:23:39,2,Hyde Park Express,,Mon,Tue,Wed,Thu,Fri
08:45:23,29,State,,Sat
20:00:17,146,Inner Lake Shore/Michigan Express,,Sun
08:42:56,148,Clarendon/Michigan Express,,Mon,Tue,Wed,Thu,Fri
11:50:21,62,Archer,,Sun
17:24:44,36,Broadway,,Mon,Tue,Wed,Thu,Fri
18:06:43,29,State,,Sun
23:51:39,36,Broadway,,Mon,Tue,Wed,Thu,Fri
09:13:36,36,Broadway,,Mon,Tue,Wed,Thu,Fri
21:56:03,146,Inner Lake Shore/Michigan Express,,Sun
10:45:30,29,State,,Sun
10:40:22,6,Jackson Park Express,,Mon,Tue,Wed,Thu,Fri
17:09:59,2,Hyde Park Express,,Mon,Tue,Wed,Thu,Fri
17:10:08,29,State,,Mon,Tue,Wed,Thu,Fri
08:38:50,6,Jackson Park Express,,Sat
20:16:43,29,State,,Mon,Tue,Wed,Thu,Fri
16:59:05,6,Jackson Park Express,,Mon,Tue,Wed,Thu,Fri
16:14:38,29,State,,Mon,Tue,Wed,Thu,Fri
18:04:13,62,Archer,,Sun
13:39:24,146,Inner Lake Shore/Michigan Express,,Mon,Tue,Wed,Thu,Fri
20:59:06,29,State,,Sat
07:26:33,148,Clarendon/Michigan Express,,Mon,Tue,Wed,Thu,Fri
15:47:40,62,Archer,,Mon,Tue,Wed,Thu,Fri
08:16:11,146,Inner Lake Shore/Michigan Express,,Mon,Tue,Wed,Thu,Fri
22:38:00,146,Inner Lake Shore/Michigan Express,,Sat
20:42:54,62,Archer,,Mon,Tue,Wed,Thu,Fri
21:45:25,6,Jackson Park Express,,Sun
12:07:48,36,Broadway,,Sat
14:10:49,62,Archer,,Mon,Tue,Wed,Thu,Fri
17:06:14,36,Broadway,,Sun
12:48:10,6,Jackson Park Express,,Mon,Tue,Wed,Thu,Fri
14:57:19,29,State,,Sat
15:31:44,36,Broadway,,Sun
05:40:35,6,Jackson Park Express,,Mon,Tue,Wed,Thu,Fri
17:43:56,29,State,,Sat
14:24:00,62,Archer,,Mon,Tue,Wed,Thu,Fri
18:04:08,146,Inner Lake Shore/Michigan Express,,Mon,Tue,Wed,Thu,Fri
12:56:30,146,Inner Lake Shore/Michigan Express,,Sun
14:36:02,29,State,,Mon,Tue,Wed,Thu,Fri
08:36:00,62,Archer,,Sat
18:58:13,29,State,,Sun
11:52:19,29,State,,Sat
16:19:05,6,Jackson Park Express,,Mon,Tue,Wed,Thu,Fri
17:27:14,36,Broadway,,Sun
08:52:27,6,Jackson Park Express,,Sun
10:48:49,29,State,,Mon,Tue,Wed,Thu,Fri
15:19:02,29,State,,Mon,Tue,Wed,Thu,Fri
19:49:10,6,Jackson Park Express,,Mon,Tue,Wed,Thu,Fri
21:31:43,29,State,,Mon,Tue,Wed,Thu,Fri
06:22:20,6,Jackson Park Express,,Sat
22:29:00,29,State,,Sun
10:16:22,6,Jackson Park Express,,Mon,Tue,Wed,Thu,Fri
18:32:41,146,Inner Lake Shore/Michigan Express,,Mon,Tue,Wed,Thu,Fri
15:34:10,6,Jackson Park Express,,Sun
08:55:38,146,Inner Lake Shore/Michigan Express,,Mon,Tue,Wed,Thu,Fri
10:57:48,36,Broadway,,Sat
17:53:26,29,State,,Sat
23:51:21,62,Archer,,Sat
09:17:08,146,Inner Lake Shore/Michigan Express,,Mon,Tue,Wed,Thu,Fri
08:14:20,146,Inner Lake Shore/Michigan Express,,Sun
08:26:20,6,Jackson Park Express,,Sun
16:07:40,6,Jackson Park Express,,Sat
19:42:52,6,Jackson Park Express,,Sun
17:25:18,36,Broadway,,Sat
12:22:54,146,Inner Lake Shore/Michigan Express,,Sat
15:39:20,6,Jackson Park Express,,Mon,Tue,Wed,Thu,Fri
08:36:06,36,Broadway,,Mon,Tue,Wed,Thu,Fri
07:08:44,36,Broadway,,Mon,Tue,Wed,Thu,Fri
06:03:50,6,Jackson Park Express,,Sat
08:06:30,29,State,,Sat
08:54:10,2,Hyde Park Express,,Mon,Tue,Wed,Thu,Fri
12:22:57,36,Broadway,,Mon,Tue,Wed,Thu,Fri
10:01:49,146,Inner Lake Shore/Michigan Express,,Mon,Tue,Wed,Thu,Fri
13:06:18,36,Broadway,,Sat
11:51:55,6,Jackson Park Express,,Mon,Tue,Wed,Thu,Fri
17:26:41,146,Inner Lake Shore/Michigan Express,,Sat
10:42:43,62,Archer,,Sat
23:29:53,29,State,,Sun
08:02:03,146,Inner Lake Shore/Michigan Express,,Sat
14:23:44,146,Inner Lake Shore/Michigan Express,,Sun
20:02:43,62,Archer,,Sat
08:36:56,148,Clarendon/Michigan Express,,Mon,Tue,Wed,Thu,Fri
15:08:32,29,State,,Mon,Tue,Wed,Thu,Fri
07:54:02,6,Jackson Park Express,,Sat
10:16:11,146,Inner Lake Shore/Michigan Express,,Mon,Tue,Wed,Thu,Fri
13:39:24,146,Inner Lake Shore/Michigan Express,,Mon,Tue,Wed,Thu,Fri
14:32:44,146,Inner Lake Shore/Michigan Express,,Sun
10:11:13,29,State,,Mon,Tue,Wed,Thu,Fri
19:55:44,146,Inner Lake Shore/Michigan Express,,Mon,Tue,Wed,Thu,Fri
00:46:23,29,State,,Mon
21:31:10,6,Jackson Park Express,,Mon,Tue,Wed,Thu,Fri
21:24:35,36,Broadway,,Sun
22:09:00,29,State,,Sun
15:15:22,6,Jackson Park Express,,Sun
08:44:31,36,Broadway,,Sun
13:12:49,29,State,,Mon,Tue,Wed,Thu,Fri
22:33:14,36,Broadway,,Sat
23:13:57,6,Jackson Park Express,,Sun
09:01:17,146,Inner Lake Shore/Michigan Express,,Sat
11:25:54,146,Inner Lake Shore/Michigan Express,,Mon,Tue,Wed,Thu,Fri
16:05:35,62,Archer,,Sat
09:48:03,146,Inner Lake Shore/Michigan Express,,Mon,Tue,Wed,Thu,Fri
16:35:10,6,Jackson Park Express,,Sat
13:49:24,146,Inner Lake Shore/Michigan Express,,Mon,Tue,Wed,Thu,Fri
23:03:06,29,State,,Sat
12:08:14,146,Inner Lake Shore/Michigan Express,,Sun
17:40:44,146,Inner Lake Shore/Michigan Express,,Sun
17:59:14,36,Broadway,,Sun
06:43:33,146,Inner Lake Shore/Michigan Express,,Mon,Tue,Wed,Thu,Fri
14:02:36,29,State,,Sun
13:05:30,146,Inner Lake Shore/Michigan Express,,Sun
03:34:53,62,Archer,,Sat
04:04:53,62,Archer,,Mon,Tue,Wed,Thu,Fri
16:26:49,29,State,,Sun
16:31:22,36,Broadway,,Sat
14:09:24,146,Inner Lake Shore/Michigan Express,,Mon,Tue,Wed,Thu,Fri
11:28:19,29,State,,Mon,Tue,Wed,Thu,Fri
09:53:01,36,Broadway,,Mon,Tue,Wed,Thu,Fri
11:34:54,62,Archer,,Sat
11:47:54,62,Archer,,Sat
12:51:52,6,Jackson Park Express,,Mon,Tue,Wed,Thu,Fri
14:53:05,62,Archer,,Sat
22:29:36,29,State,,Mon,Tue,Wed,Thu,Fri
15:29:43,62,Archer,,Sun
07:37:22,36,Broadway,,Mon,Tue,Wed,Thu,Fri
04:34:53,62,Archer,,Sat
10:06:43,62,Archer,,Sat
15:31:24,146,Inner Lake Shore/Michigan Express,,Mon,Tue,Wed,Thu,Fri
12:42:35,62,Archer,,Sat
03:34:53,62,Archer,,Sat
14:57:10,6,Jackson Park Express,,Sat
19:43:43,29,State,,Sat
08:39:32,6,Jackson Park Express,,Sat
09:30:44,36,Broadway,,Sat
14:51:13,29,State,,Sun
15:28:49,29,State,,Sat
08:11:53,148,Clarendon/Michigan Express,,Mon,Tue,Wed,Thu,Fri
08:41:20,6,Jackson Park Express,,Sun
18:34:49,29,State,,Sat
17:02:21,146,Inner Lake Shore/Michigan Express,,Mon,Tue,Wed,Thu,Fri
14:59:48,36,Broadway,,Sun
19:03:50,6,Jackson Park Express,,Mon,Tue,Wed,Thu,Fri
21:21:15,6,Jackson Park Express,,Sun
16:36:38,29,State,,Mon,Tue,Wed,Thu,Fri
18:12:56,29,State,,Sat
14:47:18,36,Broadway,,Sat
07:21:10,2,Hyde Park Express,,Mon,Tue,Wed,Thu,Fri
16:56:56,29,State,,Sat
10:44:45,6,Jackson Park Express,,Sun
20:12:43,29,State,,Sat
09:58:26,148,Clarendon/Michigan Express,,Mon,Tue,Wed,Thu,Fri
15:22:05,62,Archer,,Sat
14:10:49,62,Archer,,Mon,Tue,Wed,Thu,Fri
13:59:24,146,Inner Lake Shore/Michigan Express,,Mon,Tue,Wed,Thu,Fri
11:44:15,6,Jackson Park Express,,Sat
09:13:14,36,Broadway,,Sat
08:53:40,6,Jackson Park Express,,Mon,Tue,Wed,Thu,Fri
16:24:24,146,Inner Lake Shore/Michigan Express,,Mon,Tue,Wed,Thu,Fri
13:56:48,36,Broadway,,Sun
14:50:11,146,Inner Lake Shore/Michigan Express,,Sat
21:31:43,29,State,,Mon,Tue,Wed,Thu,Fri
22:56:35,36,Broadway,,Sun
11:12:25,6,Jackson Park Express,,Sun
12:56:32,62,Archer,,Sun
19:55:30,29,State,,Sun
11:01:57,6,Jackson Park Express,,Sat
21:30:06,29,State,,Sat
13:18:24,146,Inner Lake Shore/Michigan Express,,Mon,Tue,Wed,Thu,Fri
22:21:35,36,Broadway,,Sun
22:58:25,6,Jackson Park Express,,Sun
08:44:36,36,Broadway,,Mon,Tue,Wed,Thu,Fri
09:22:47,146,Inner Lake Shore/Michigan Express,,Mon,Tue,Wed,Thu,Fri
15:04:52,6,Jackson Park Express,,Sun
18:36:57,36,Broadway,,Mon,Tue,Wed,Thu,Fri
17:39:59,2,Hyde Park Express,,Mon,Tue,Wed,Thu,Fri
00:34:53,62,Archer,,Mon
12:25:36,29,State,,Sun
20:02:43,62,Archer,,Sat
19:38:16,62,Archer,,Mon,Tue,Wed,Thu,Fri
12:27:52,36,Broadway,,Sat
11:13:09,36,Broadway,,Sun
05:30:27,62,Archer,,Sat
00:04:53,62,Archer,,Mon
23:51:53,29,State,,Sun
02:04:53,62,Archer,,Sun
20:16:43,29,State,,Mon,Tue,Wed,Thu,Fri
18:27:11,146,Inner Lake Shore/Michigan Express,,Sat
12:07:19,29,State,,Sat
21:08:15,6,Jackson Park Express,,Sun
07:20:35,6,Jackson Park Express,,Sat
16:23:59,2,Hyde Park Express,,Mon,Tue,Wed,Thu,Fri
07:02:05,148,Clarendon/Michigan Express,,Mon,Tue,Wed,Thu,Fri
09:52:22,6,Jackson Park Express,,Mon,Tue,Wed,Thu,Fri
11:34:15,6,Jackson Park Express,,Sat
20:20:21,62,Archer,,Sat
19:53:05,62,Archer,,Mon,Tue,Wed,Thu,Fri
12:42:35,62,Archer,,Sat
07:17:19,148,Clarendon/Michigan Express,,Mon,Tue,Wed,Thu,Fri
03:04:53,62,Archer,,Sun
18:00:11,146,Inner Lake Shore/Michigan Express,,Sat
14:43:31,36,Broadway,,Mon,Tue,Wed,Thu,Fri
06:34:36,146,Inner Lake Shore/Michigan Express,,Sat
20:32:18,36,Broadway,,Sat
06:02:38,62,Archer,,Mon,Tue,Wed,Thu,Fri
09:41:24,146,Inner Lake Shore/Michigan Express,,Mon,Tue,Wed,Thu,Fri
08:55:14,36,Broadway,,Sat
15:14:11,146,Inner Lake Shore/Michigan Express,,Sat
14:38:18,36,Broadway,,Sat
07:50:27,36,Broadway,,Mon,Tue,Wed,Thu,Fri
06:33:33,146,Inner Lake Shore/Michigan Express,,Mon,Tue,Wed,Thu,Fri
14:24:05,62,Archer,,Sat
19:53:05,62,Archer,,Mon,Tue,Wed,Thu,Fri
16:02:44,146,Inner Lake Shore/Michigan Express,,Sun
15:58:40,62,Archer,,Mon,Tue,Wed,Thu,Fri
07:24:25,6,Jackson Park Express,,Mon,Tue,Wed,Thu,Fri
19:11:10,6,Jackson Park Express,,Mon,Tue,Wed,Thu,Fri
11:55:57,36,Broadway,,Mon,Tue,Wed,Thu,Fri
09:13:14,36,Broadway,,Sat
18:18:22,6,Jackson Park Express,,Sun
07:24:18,36,Broadway,,Mon,Tue,Wed,Thu,Fri
16:45:11,146,Inner Lake Shore/Michigan Express,,Sat
11:57:54,146,Inner Lake Shore/Michigan Express,,Mon,Tue,Wed,Thu,Fri
23:31:09,36,Broadway,,Mon,Tue,Wed,Thu,Fri
15:44:01,36,Broadway,,Mon,Tue,Wed,Thu,Fri
09:17:08,146,Inner Lake Shore/Michigan Express,,Mon,Tue,Wed,Thu,Fri
14:05:44,146,Inner Lake Shore/Michigan Express,,Sun
08:24:26,148,Clarendon/Michigan Express,,Mon,Tue,Wed,Thu,Fri
19:06:55,6,Jackson Park Express,,Sat
20:53:22,6,Jackson Park Express,,Mon,Tue,Wed,Thu,Fri
04:34:53,62,Archer,,Mon,Tue,Wed,Thu,Fri
04:34:53,62,Archer,,Mon,Tue,Wed,Thu,Fri
16:08:49,29,State,,Sat
08:51:47,146,Inner Lake Shore/Michigan Express,,Sat
14:34:36,29,State,,Sun
14:31:41,146,Inner Lake Shore/Michigan Express,,Sat
06:19:47,29,State,,Sat
06:54:47,146,Inner Lake Shore/Michigan Express,,Mon,Tue,Wed,Thu,Fri
13:08:24,146,Inner Lake Shore/Michigan Express,,Mon,Tue,Wed,Thu,Fri
00:15:23,29,State,,Tue,Wed,Thu,Fri,Sat
07:04:30,146,Inner Lake Shore/Michigan Express,,Mon,Tue,Wed,Thu,Fri
18:08:11,146,Inner Lake Shore/Michigan Express,,Sat
23:15:03,146,Inner Lake Shore/Michigan Express,,Mon,Tue,Wed,Thu,Fri
19:05:40,2,Hyde Park Express,,Mon,Tue,Wed,Thu,Fri
23:18:21,62,Archer,,Sat
17:13:10,62,Archer,,Mon,Tue,Wed,Thu,Fri
21:01:44,146,Inner Lake Shore/Michigan Express,,Sat
09:48:47,146,Inner Lake Shore/Michigan Express,,Sun
14:10:10,6,Jackson Park Express,,Sun
22:43:51,62,Archer,,Mon,Tue,Wed,Thu,Fri
24:21:44,36,Broadway,,Sat
07:16:02,62,Archer,,Mon,Tue,Wed,Thu,Fri
13:53:18,36,Broadway,,Sat
17:49:15,6,Jackson Park Express,,Mon,Tue,Wed,Thu,Fri
06:47:30,29,State,,Sun
21:29:00,29,State,,Sun
10:15:47,146,Inner Lake Shore/Michigan Express,,Sun
18:31:18,36,Broadway,,Sat
18:57:00,146,Inner Lake Shore/Michigan Express,,Sun
16:11:57,146,Inner Lake Shore/Michigan Express,,Sat
07:50:27,36,Broadway,,Mon,Tue,Wed,Thu,Fri
19:19:19,29,State,,Sat
09:40:13,29,State,,Sat
23:58:44,36,Broadway,,Sat
17:31:44,146,Inner Lake Shore/Michigan Express,,Sun
12:48:24,146,Inner Lake Shore/Michigan Express,,Mon,Tue,Wed,Thu,Fri
20:17:15,6,Jackson Park Express,,Sun
21:21:44,146,Inner Lake Shore/Michigan Express,,Sat
23:51:00,62,Archer,,Mon,Tue,Wed,Thu,Fri
16:24:14,36,Broadway,,Sun
09:53:01,36,Broadway,,Mon,Tue,Wed,Thu,Fri
06:08:47,29,State,,Mon,Tue,Wed,Thu,Fri
17:42:06,29,State,,Sun
10:28:00,29,State,,Sun
11:46:08,146,Inner Lake Shore/Michigan Express,,Mon,Tue,Wed,Thu,Fri
19:21:14,36,Broadway,,Sat
19:06:10,6,Jackson Park Express,,Sun
07:52:20,6,Jackson Park Express,,Sun
17:34:26,29,State,,Sat
09:50:32,6,Jackson Park Express,,Sat
22:06:17,146,Inner Lake Shore/Michigan Express,,Mon,Tue,Wed,Thu,Fri
13:51:22,6,Jackson Park Express,,Sun
05:53:01,36,Broadway,,Sun
09:27:06,36,Broadway,,Mon,Tue,Wed,Thu,Fri
11:08:43,62,Archer,,Sat
15:49:20,6,Jackson Park Express,,Mon,Tue,Wed,Thu,Fri
17:58:22,6,Jackson Park Express,,Sat
08:42:13,29,State,,Mon,Tue,Wed,Thu,Fri
10:14:13,29,State,,Sat
08:14:22,6,Jackson Park Express,,Mon,Tue,Wed,Thu,Fri
22:50:39,36,Broadway,,Mon,Tue,Wed,Thu,Fri
18:21:02,29,State,,Mon,Tue,Wed,Thu,Fri
08:36:06,36,Broadway,,Mon,Tue,Wed,Thu,Fri
23:58:27,6,Jackson Park Express,,Sat
09:28:20,6,Jackson Park Express,,Sun
09:47:13,29,State,,Mon,Tue,Wed,Thu,Fri
14:14:44,146,Inner Lake Shore/Michigan Express,,Sun
11:21:43,62,Archer,,Sat
23:49:53,29,State,,Sat
07:37:22,36,Broadway,,Mon,Tue,Wed,Thu,Fri
13:26:05,62,Archer,,Sat
09:43:41,146,Inner Lake Shore/Michigan Express,,Sat
22:21:35,36,Broadway,,Sun
07:25:38,62,Archer,,Sat
22:38:00,146,Inner Lake Shore/Michigan Express,,Sat
07:04:36,146,Inner Lake Shore/Michigan Express,,Sat
12:56:18,36,Broadway,,Sat
10:52:11,146,Inner Lake Shore/Michigan Express,,Mon,Tue,Wed,Thu,Fri
00:46:20,6,Jackson Park Express,,Sun
20:25:45,6,Jackson Park Express,,Sat
12:07:19,29,State,,Mon,Tue,Wed,Thu,Fri
10:29:43,62,Archer,,Mon,Tue,Wed,Thu,Fri
10:44:49,146,Inner Lake Shore/Michigan Express,,Mon,Tue,Wed,Thu,Fri
11:53:57,6,Jackson Park Express,,Sat
16:29:05,6,Jackson Park Express,,Mon,Tue,Wed,Thu,Fri
11:46:08,146,Inner Lake Shore/Michigan Express,,Mon,Tue,Wed,Thu,Fri
20:10:44,146,Inner Lake Shore/Michigan Express,,Mon,Tue,Wed,Thu,Fri
16:50:22,36,Broadway,,Sat
06:09:38,62,Archer,,Sat
09:05:37,148,Clarendon/Michigan Express,,Mon,Tue,Wed,Thu,Fri
08:14:40,6,Jackson Park Express,,Mon,Tue,Wed,Thu,Fri
11:50:14,146,Inner Lake Shore/Michigan Express,,Sun
11:41:14,36,Broadway,,Sun
14:01:40,6,Jackson Park Express,,Sat
00:26:53,29,State,,Sun
15:23:18,36,Broadway,,Sat
05:57:47,29,State,,Sat
14:31:01,36,Broadway,,Mon,Tue,Wed,Thu,Fri
07:51:28,148,Clarendon/Michigan Express,,Mon,Tue,Wed,Thu,Fri
21:01:44,146,Inner Lake Shore/Michigan Express,,Sat
22:02:44,36,Broadway,,Sat
22:58:15,6,Jackson Park Express,,Sat
07:28:13,62,Archer,,Mon,Tue,Wed,Thu,Fri
21:38:05,36,Broadway,,Sun
13:07:40,6,Jackson Park Express,,Sat
12:09:06,29,State,,Sun
15:40:40,6,Jackson Park Express,,Sat
05:53:05,36,Broadway,,Sat
16:25:38,29,State,,Mon,Tue,Wed,Thu,Fri
07:50:59,2,Hyde Park Express,,Mon,Tue,Wed,Thu,Fri
15:38:11,146,Inner Lake Shore/Michigan Express,,Sat
08:46:20,146,Inner Lake Shore/Michigan Express,,Sun
21:14:44,36,Broadway,,Sat
19:19:11,146,Inner Lake Shore/Michigan Express,,Sat
14:49:24,146,Inner Lake Shore/Michigan Express,,Mon,Tue,Wed,Thu,Fri
19:08:27,62,Archer,,Mon,Tue,Wed,Thu,Fri
16:54:43,62,Archer,,Sun
16:21:52,36,Broadway,,Sat
08:23:03,146,Inner Lake Shore/Michigan Express,,Sat
08:44:43,62,Archer,,Mon,Tue,Wed,Thu,Fri
11:38:18,36,Broadway,,Sat
14:28:18,36,Broadway,,Sun
05:32:05,36,Broadway,,Sat
18:20:40,6,Jackson Park Express,,Sun
14:17:48,36,Broadway,,Sun
06:56:01,36,Broadway,,Sun
08:31:53,29,State,,Sun
18:43:00,146,Inner Lake Shore/Michigan Express,,Sun
13:00:27,62,Archer,,Mon,Tue,Wed,Thu,Fri
16:47:38,29,State,,Mon,Tue,Wed,Thu,Fri
21:18:25,6,Jackson Park Express,,Mon,Tue,Wed,Thu,Fri
14:49:30,62,Archer,,Mon,Tue,Wed,Thu,Fri
23:03:06,29,State,,Sat
18:56:32,62,Archer,,Sun
17:04:18,2,Hyde Park Express,,Mon,Tue,Wed,Thu,Fri
15:36:22,6,Jackson Park Express,,Sun
07:34:36,146,Inner Lake Shore/Michigan Express,,Sun
14:58:25,6,Jackson Park Express,,Sat
17:15:35,146,Inner Lake Shore/Michigan Express,,Mon,Tue,Wed,Thu,Fri
11:52:10,6,Jackson Park Express,,Mon,Tue,Wed,Thu,Fri
15:36:35,62,Archer,,Sat
12:23:21,62,Archer,,Sun
17:42:06,29,State,,Sun
05:11:47,29,State,,Sat
21:40:44,146,Inner Lake Shore/Michigan Express,,Sat
05:36:33,146,Inner Lake Shore/Michigan Express,,Mon,Tue,Wed,Thu,Fri
12:23:21,62,Archer,,Sun
08:02:10,6,Jackson Park Express,,Mon,Tue,Wed,Thu,Fri
16:46:44,146,Inner Lake Shore/Michigan Express,,Sun
10:46:27,36,Broadway,,Mon,Tue,Wed,Thu,Fri
16:28:44,146,Inner Lake Shore/Michigan Express,,Sun
05:22:35,6,Jackson Park Express,,Mon,Tue,Wed,Thu,Fri
00:34:53,62,Archer,,Sun
16:59:59,2,Hyde Park Express,,Mon,Tue,Wed,Thu,Fri
16:37:10,6,Jackson Park Express,,Sun
15:46:43,62,Archer,,Sun
07:25:38,62,Archer,,Sat
23:13:27,6,Jackson Park Express,,Sat
05:11:01,36,Broadway,,Sun
13:11:35,62,Archer,,Sat
12:37:49,29,State,,Sat
13:49:24,146,Inner Lake Shore/Michigan Express,,Mon,Tue,Wed,Thu,Fri
16:00:34,2,Hyde Park Express,,Mon,Tue,Wed,Thu,Fri
03:34:53,62,Archer,,Sun
17:46:02,29,State,,Mon,Tue,Wed,Thu,Fri
15:24:40,62,Archer,,Mon,Tue,Wed,Thu,Fri
08:04:13,62,Archer,,Mon,Tue,Wed,Thu,Fri
10:04:22,6,Jackson Park Express,,Mon,Tue,Wed,Thu,Fri
14:22:25,6,Jackson Park Express,,Sat
06:58:46,62,Archer,,Sun
07:10:19,2,Hyde Park Express,,Mon,Tue,Wed,Thu,Fri
11:55:57,36,Broadway,,Mon,Tue,Wed,Thu,Fri
18:25:31,36,Broadway,,Mon,Tue,Wed,Thu,Fri
20:38:21,62,Archer,,Sat
13:10:57,6,Jackson Park Express,,Sat
18:09:32,29,State,,Mon,Tue,Wed,Thu,Fri
09:05:08,146,Inner Lake Shore/Michigan Express,,Mon,Tue,Wed,Thu,Fri
21:49:00,62,Archer,,Sun
17:48:10,6,Jackson Park Express,,Sat
18:36:55,6,Jackson Park Express,,Sat
18:50:22,36,Broadway,,Mon,Tue,Wed,Thu,Fri
12:15:05,62,Archer,,Mon,Tue,Wed,Thu,Fri
20:29:45,6,Jackson Park Express,,Sun
06:36:45,6,Jackson Park Express,,Mon,Tue,Wed,Thu,Fri
16:36:41,146,Inner Lake Shore/Michigan Express,,Sat
00:46:53,29,State,,Sun
10:28:40,62,Archer,,Sun
17:58:02,29,State,,Mon,Tue,Wed,Thu,Fri
15:34:22,6,Jackson Park Express,,Sat
00:49:30,6,Jackson Park Express,,Mon
13:55:05,62,Archer,,Sat
05:47:16,62,Archer,,Mon,Tue,Wed,Thu,Fri
17:18:10,6,Jackson Park Express,,Sun
17:08:45,6,Jackson Park Express,,Mon,Tue,Wed,Thu,Fri
17:33:38,29,State,,Mon,Tue,Wed,Thu,Fri
17:18:45,6,Jackson Park Express,,Mon,Tue,Wed,Thu,Fri
15:42:52,36,Broadway,,Sat
11:40:27,146,Inner Lake Shore/Michigan Express,,Sat
11:40:10,6,Jackson Park Express,,Mon,Tue,Wed,Thu,Fri
21:50:44,36,Broadway,,Mon,Tue,Wed,Thu,Fri
23:18:36,29,State,,Sat
14:31:41,146,Inner Lake Shore/Michigan Express,,Sat
13:38:44,146,Inner Lake Shore/Michigan Express,,Sun
13:41:01,36,Broadway,,Mon,Tue,Wed,Thu,Fri
17:27:48,146,Inner Lake Shore/Michigan Express,,Mon,Tue,Wed,Thu,Fri
14:52:10,6,Jackson Park Express,,Sun
08:01:52,6,Jackson Park Express,,Mon,Tue,Wed,Thu,Fri
15:30:11,146,Inner Lake Shore/Michigan Express,,Sat
12:18:24,146,Inner Lake Shore/Michigan Express,,Mon,Tue,Wed,Thu,Fri
14:49:30,62,Archer,,Mon,Tue,Wed,Thu,Fri
08:09:49,62,Archer,,Sat
08:26:11,146,Inner Lake Shore/Michigan Express,,Mon,Tue,Wed,Thu,Fri
06:28:30,6,Jackson Park Express,,Sun
02:04:53,62,Archer,,Sun
07:43:09,36,Broadway,,Sun
14:15:20,6,Jackson Park Express,,Mon,Tue,Wed,Thu,Fri
21:00:43,62,Archer,,Mon,Tue,Wed,Thu,Fri
04:45:05,36,Broadway,,Mon,Tue,Wed,Thu,Fri
02:34:53,62,Archer,,Tue,Wed,Thu,Fri,Sat
07:49:22,6,Jackson Park Express,,Mon,Tue,Wed,Thu,Fri
15:17:44,146,Inner Lake Shore/Michigan Express,,Sun
21:06:25,6,Jackson Park Express,,Sun
08:42:24,2,Hyde Park Express,,Mon,Tue,Wed,Thu,Fri
10:20:14,36,Broadway,,Sat
17:37:44,36,Broadway,,Sun
12:06:54,146,Inner Lake Shore/Michigan Express,,Sat
12:28:05,62,Archer,,Sat
22:38:21,62,Archer,,Sat
23:06:00,62,Archer,,Mon,Tue,Wed,Thu,Fri
12:33:19,29,State,,Mon,Tue,Wed,Thu,Fri
13:31:49,29,State,,Sat
11:14:49,29,State,,Mon,Tue,Wed,Thu,Fri
00:19:53,62,Archer,,Mon
20:13:48,36,Broadway,,Mon,Tue,Wed,Thu,Fri
12:48:57,36,Broadway,,Mon,Tue,Wed,Thu,Fri
03:04:53,62,Archer,,Sun
20:04:25,6,Jackson Park Express,,Sun
20:01:40,6,Jackson Park Express,,Sat
08:22:44,36,Broadway,,Sat
10:56:55,6,Jackson Park Express,,Sun
17:34:35,62,Archer,,Sat
00:49:53,62,Archer,,Tue,Wed,Thu,Fri,Sat
20:30:30,29,State,,Sun
16:45:14,36,Broadway,,Sun
21:50:44,36,Broadway,,Mon,Tue,Wed,Thu,Fri
07:24:12,148,Clarendon/Michigan Express,,Mon,Tue,Wed,Thu,Fri
06:55:40,62,Archer,,Mon,Tue,Wed,Thu,Fri
18:31:18,36,Broadway,,Sat
18:17:41,146,Inner Lake Shore/Michigan Express,,Mon,Tue,Wed,Thu,Fri
16:16:40,6,Jackson Park Express,,Sat
18:16:40,6,Jackson Park Express,,Sat
20:35:13,29,State,,Mon,Tue,Wed,Thu,Fri
11:30:30,146,Inner Lake Shore/Michigan Express,,Sun
20:19:21,62,Archer,,Sun
09:48:47,146,Inner Lake Shore/Michigan Express,,Sun
09:27:30,62,Archer,,Sun
14:59:48,36,Broadway,,Sun
17:54:59,2,Hyde Park Express,,Mon,Tue,Wed,Thu,Fri
17:11:43,62,Archer,,Sun
15:33:18,36,Broadway,,Sat
13:56:48,36,Broadway,,Sun
20:21:44,146,Inner Lake Shore/Michigan Express,,Sat
14:20:18,36,Broadway,,Sat
21:58:21,62,Archer,,Sat
16:58:45,6,Jackson Park Express,,Mon,Tue,Wed,Thu,Fri
15:53:22,36,Broadway,,Sat
20:36:47,146,Inner Lake Shore/Michigan Express,,Sun
22:16:03,146,Inner Lake Shore/Michigan Express,,Sun
17:36:44,36,Broadway,,Mon,Tue,Wed,Thu,Fri
10:59:49,146,Inner Lake Shore/Michigan Express,,Mon,Tue,Wed,Thu,Fri
11:08:27,146,Inner Lake Shore/Michigan Express,,Sat
10:09:57,6,Jackson Park Express,,Sun
16:25:38,29,State,,Mon,Tue,Wed,Thu,Fri
20:27:43,29,State,,Sat
07:56:49,62,Archer,,Sat
02:34:53,62,Archer,,Mon
16:47:40,6,Jackson Park Express,,Sun
20:41:51,62,Archer,,Sun
09:26:03,146,Inner Lake Shore/Michigan Express,,Sun
07:17:57,62,Archer,,Sun
15:58:49,29,State,,Sat
11:12:30,146,Inner Lake Shore/Michigan Express,,Sun
07:20:05,36,Broadway,,Sun
19:17:10,6,Jackson Park Express,,Sun
21:49:00,62,Archer,,Sun
16:34:14,2,Hyde Park Express,,Mon,Tue,Wed,Thu,Fri
08:53:07,148,Clarendon/Michigan Express,,Mon,Tue,Wed,Thu,Fri
15:17:44,146,Inner Lake Shore/Michigan Express,,Sun
22:48:57,6,Jackson Park Express,,Mon,Tue,Wed,Thu,Fri
08:26:50,6,Jackson Park Express,,Sat
20:54:27,6,Jackson Park Express,,Sat
22:49:00,29,State,,Sun
09:07:57,6,Jackson Park Express,,Sun
14:15:41,146,Inner Lake Shore/Michigan Express,,Sat
13:51:41,146,Inner Lake Shore/Michigan Express,,Sat
09:34:13,29,State,,Mon,Tue,Wed,Thu,Fri
06:24:20,6,Jackson Park Express,,Mon,Tue,Wed,Thu,Fri
23:16:17,146,Inner Lake Shore/Michigan Express,,Sat
14:01:52,6,Jackson Park Express,,Sun
13:30:43,62,Archer,,Sun
14:56:01,36,Broadway,,Mon,Tue,Wed,Thu,Fri
09:55:11,146,Inner Lake Shore/Michigan Express,,Mon,Tue,Wed,Thu,Fri
03:34:53,62,Archer,,Mon,Tue,Wed,Thu,Fri
16:28:44,146,Inner Lake Shore/Michigan Express,,Sun
11:02:30,29,State,,Sun
10:28:40,62,Archer,,Sun
11:23:45,6,Jackson Park Express,,Sat
16:46:44,146,Inner Lake Shore/Michigan Express,,Sun
11:42:57,36,Broadway,,Mon,Tue,Wed,Thu,Fri
23:57:15,6,Jackson Park Express,,Sat
05:13:40,29,State,,Mon,Tue,Wed,Thu,Fri
22:30:39,36,Broadway,,Mon,Tue,Wed,Thu,Fri
12:03:57,6,Jackson Park Express,,Sat
15:46:11,146,Inner Lake Shore/Michigan Express,,Sat
14:09:35,62,Archer,,Sat
23:42:14,36,Broadway,,Sat
15:46:10,2,Hyde Park Express,,Mon,Tue,Wed,Thu,Fri
07:37:03,146,Inner Lake Shore/Michigan Express,,Sat
13:42:57,146,Inner Lake Shore/Michigan Express,,Sat
21:13:15,6,Jackson Park Express,,Sat
21:39:32,62,Archer,,Mon,Tue,Wed,Thu,Fri
00:33:30,6,Jackson Park Express,,Mon
06:54:35,36,Broadway,,Sat
06:28:44,148,Clarendon/Michigan Express,,Mon,Tue,Wed,Thu,Fri
20:21:44,146,Inner Lake Shore/Michigan Express,,Sat
13:25:40,6,Jackson Park Express,,Sat
16:49:35,62,Archer,,Sat
19:30:18,36,Broadway,,Mon,Tue,Wed,Thu,Fri
22:49:14,36,Broadway,,Sat
08:45:23,29,State,,Sat
22:49:00,29,State,,Sun
14:56:18,36,Broadway,,Sat
16:01:49,29,State,,Sun
16:40:52,36,Broadway,,Sat
09:59:13,29,State,,Mon,Tue,Wed,Thu,Fri
17:35:18,36,Broadway,,Sat
18:16:49,62,Archer,,Mon,Tue,Wed,Thu,Fri
06:47:30,29,State,,Sun
12:58:06,29,State,,Sun
09:03:26,148,Clarendon/Michigan Express,,Mon,Tue,Wed,Thu,Fri
23:18:15,6,Jackson Park Express,,Mon,Tue,Wed,Thu,Fri
12:07:19,29,State,,Mon,Tue,Wed,Thu,Fri
17:37:20,6,Jackson Park Express,,Sun
09:48:56,148,Clarendon/Michigan Express,,Mon,Tue,Wed,Thu,Fri
15:35:44,146,Inner Lake Shore/Michigan Express,,Sun
13:00:27,62,Archer,,Mon,Tue,Wed,Thu,Fri
21:06:27,6,Jackson Park Express,,Sat
19:39:40,6,Jackson Park Express,,Sun
18:26:40,6,Jackson Park Express,,Sat
15:20:01,36,Broadway,,Mon,Tue,Wed,Thu,Fri
07:23:21,146,Inner Lake Shore/Michigan Express,,Mon,Tue,Wed,Thu,Fri
06:32:05,148,Clarendon/Michigan Express,,Mon,Tue,Wed,Thu,Fri
21:14:36,29,State,,Sat
18:17:11,146,Inner Lake Shore/Michigan Express,,Sat
13:16:40,6,Jackson Park Express,,Sat
11:25:54,146,Inner Lake Shore/Michigan Express,,Mon,Tue,Wed,Thu,Fri
07:38:05,146,Inner Lake Shore/Michigan Express,,Mon,Tue,Wed,Thu,Fri
21:46:44,36,Broadway,,Sat
09:38:57,6,Jackson Park Express,,Sun
22:10:43,29,State,,Mon,Tue,Wed,Thu,Fri
10:46:18,36,Broadway,,Sat
17:35:11,146,Inner Lake Shore/Michigan Express,,Sat
12:22:54,146,Inner Lake Shore/Michigan Express,,Sat
19:17:11,146,Inner Lake Shore/Michigan Express,,Mon,Tue,Wed,Thu,Fri
16:31:22,36,Broadway,,Sat
18:54:27,62,Archer,,Mon,Tue,Wed,Thu,Fri
06:00:16,62,Archer,,Sun
20:04:52,6,Jackson Park Express,,Mon,Tue,Wed,Thu,Fri
12:53:10,6,Jackson Park Express,,Sun
16:03:14,36,Broadway,,Sun
14:15:41,146,Inner Lake Shore/Michigan Express,,Sat
15:00:37,6,Jackson Park Express,,Mon,Tue,Wed,Thu,Fri
10:51:52,6,Jackson Park Express,,Mon,Tue,Wed,Thu,Fri
09:36:28,148,Clarendon/Michigan Express,,Mon,Tue,Wed,Thu,Fri
15:31:40,6,Jackson Park Express,,Sat
08:54:24,2,Hyde Park Express,,Mon,Tue,Wed,Thu,Fri
12:39:52,6,Jackson Park Express,,Mon,Tue,Wed,Thu,Fri
17:28:45,6,Jackson Park Express,,Mon,Tue,Wed,Thu,Fri
17:30:06,29,State,,Sun
11:40:27,146,Inner Lake Shore/Michigan Express,,Sat
13:03:22,6,Jackson Park Express,,Mon,Tue,Wed,Thu,Fri
11:50:14,146,Inner Lake Shore/Michigan Express,,Sun
12:58:24,146,Inner Lake Shore/Michigan Express,,Mon,Tue,Wed,Thu,Fri
17:43:41,146,Inner Lake Shore/Michigan Express,,Sat
11:13:15,6,Jackson Park Express,,Sat
17:34:09,2,Hyde Park Express,,Mon,Tue,Wed,Thu,Fri
08:31:59,2,Hyde Park Express,,Mon,Tue,Wed,Thu,Fri
08:51:52,6,Jackson Park Express,,Mon,Tue,Wed,Thu,Fri
05:11:05,36,Broadway,,Sat
05:50:27,62,Archer,,Sat
08:39:22,6,Jackson Park Express,,Mon,Tue,Wed,Thu,Fri
07:00:00,29,State,,Mon,Tue,Wed,Thu,Fri
21:59:21,62,Archer,,Mon,Tue,Wed,Thu,Fri
10:48:49,29,State,,Mon,Tue,Wed,Thu,Fri
17:04:22,6,Jackson Park Express,,Sat
13:10:57,146,Inner Lake Shore/Michigan Express,,Sat
19:23:40,6,Jackson Park Express,,Sat
16:38:45,6,Jackson Park Express,,Mon,Tue,Wed,Thu,Fri
00:19:53,62,Archer,,Tue,Wed,Thu,Fri,Sat
08:28:43,29,State,,Mon,Tue,Wed,Thu,Fri
19:02:41,146,Inner Lake Shore/Michigan Express,,Mon,Tue,Wed,Thu,Fri
20:53:25,6,Jackson Park Express,,Sun
17:21:38,29,State,,Mon,Tue,Wed,Thu,Fri
11:03:43,29,State,,Sat
22:58:21,62,Archer,,Sat
09:50:06,29,State,,Sun
06:11:32,6,Jackson Park Express,,Mon,Tue,Wed,Thu,Fri
14:38:35,62,Archer,,Sat
13:01:57,6,Jackson Park Express,,Sat
13:19:57,6,Jackson Park Express,,Sat
06:18:49,62,Archer,,Mon,Tue,Wed,Thu,Fri
09:21:24,2,Hyde Park Express,,Mon,Tue,Wed,Thu,Fri
09:12:06,29,State,,Sun
08:19:01,36,Broadway,,Mon,Tue,Wed,Thu,Fri
06:06:33,146,Inner Lake Shore/Michigan Express,,Mon,Tue,Wed,Thu,Fri
16:47:59,2,Hyde Park Express,,Mon,Tue,Wed,Thu,Fri
14:19:24,146,Inner Lake Shore/Michigan Express,,Mon,Tue,Wed,Thu,Fri
09:09:10,2,Hyde Park Express,,Mon,Tue,Wed,Thu,Fri
09:59:43,62,Archer,,Mon,Tue,Wed,Thu,Fri