arrival_time,route_short_name,route_long_name,headsign,service_days
17:01:01,62,Archer,,Mon,Tue,Wed,Thu,Fri
07:13:40,6,Jackson Park Express,,Sun
07:54:21,29,State,,Sun
19:16:09,36,Broadway,,Sun
09:45:18,62,Archer,,Sun
18:44:59,2,Hyde Park Express,,Mon,Tue,Wed,Thu,Fri
10:47:07,62,Archer,,Sun
10:05:28,6,Jackson Park Express,,Sat
00:51:23,6,Jackson Park Express,,Mon
14:44:02,146,Inner Lake Shore/Michigan Express,,Mon,Tue,Wed,Thu,Fri
07:09:11,62,Archer,,Sat
06:37:37,36,Broadway,,Sun
18:14:04,6,Jackson Park Express,,Mon,Tue,Wed,Thu,Fri
08:09:42,146,Inner Lake Shore/Michigan Express,,Mon,Tue,Wed,Thu,Fri
11:44:04,6,Jackson Park Express,,Mon,Tue,Wed,Thu,Fri
12:13:14,29,State,,Sun
11:47:46,6,Jackson Park Express,,Sat
17:52:28,6,Jackson Park Express,,Sun
17:19:54,36,Broadway,,Sun
11:12:02,62,Archer,,Sat
12:50:25,36,Broadway,,Sat
14:25:02,62,Archer,,Sun
20:28:51,146,Inner Lake Shore/Michigan Express,,Mon,Tue,Wed,Thu,Fri
22:05:40,6,Jackson Park Express,,Sun
16:31:30,29,State,,Sun
13:48:35,62,Archer,,Mon,Tue,Wed,Thu,Fri
05:18:05,29,State,,Sun
12:42:30,29,State,,Sat
12:39:17,146,Inner Lake Shore/Michigan Express,,Sun
21:21:25,62,Archer,,Sat
09:17:48,62,Archer,,Sat
09:27:44,146,Inner Lake Shore/Michigan Express,,Mon,Tue,Wed,Thu,Fri
22:09:56,146,Inner Lake Shore/Michigan Express,,Mon,Tue,Wed,Thu,Fri
17:23:10,62,Archer,,Sat
13:38:10,36,Broadway,,Sat
12:33:58,62,Archer,,Mon,Tue,Wed,Thu,Fri
21:23:02,62,Archer,,Mon,Tue,Wed,Thu,Fri
05:46:40,6,Jackson Park Express,,Sat
10:22:41,36,Broadway,,Mon,Tue,Wed,Thu,Fri
17:44:47,146,Inner Lake Shore/Michigan Express,,Sun
13:42:28,6,Jackson Park Express,,Sun
07:12:21,29,State,,Sun
15:24:16,29,State,,Mon,Tue,Wed,Thu,Fri
19:33:40,36,Broadway,,Mon,Tue,Wed,Thu,Fri
14:15:00,29,State,,Sat
07:18:47,146,Inner Lake Shore/Michigan Express,,Mon,Tue,Wed,Thu,Fri
17:31:07,6,Jackson Park Express,,Sun
06:56:40,36,Broadway,,Mon,Tue,Wed,Thu,Fri
22:24:31,146,Inner Lake Shore/Michigan Express,,Mon,Tue,Wed,Thu,Fri
09:45:18,62,Archer,,Sun
13:02:58,6,Jackson Park Express,,Sat
18:12:04,2,Hyde Park Express,,Mon,Tue,Wed,Thu,Fri
13:51:47,146,Inner Lake Shore/Michigan Express,,Sun
17:47:40,36,Broadway,,Sat
24:11:28,29,State,,Sat
14:32:40,36,Broadway,,Sat
19:56:23,36,Broadway,,Sun
06:46:21,29,State,,Mon,Tue,Wed,Thu,Fri
21:29:18,62,Archer,,Sun
16:03:28,6,Jackson Park Express,,Mon,Tue,Wed,Thu,Fri
07:58:12,146,Inner Lake Shore/Michigan Express,,Mon,Tue,Wed,Thu,Fri
21:52:51,29,State,,Sun
17:32:28,6,Jackson Park Express,,Sun
02:09:52,62,Archer,,Tue,Wed,Thu,Fri,Sat
15:11:56,36,Broadway,,Mon,Tue,Wed,Thu,Fri
09:44:37,29,State,,Sat
21:00:10,36,Broadway,,Mon,Tue,Wed,Thu,Fri
07:58:41,62,Archer,,Sun
10:09:23,6,Jackson Park Express,,Mon,Tue,Wed,Thu,Fri
18:46:51,146,Inner Lake Shore/Michigan Express,,Sun
18:35:17,146,Inner Lake Shore/Michigan Express,,Sun
08:25:39,148,Clarendon/Michigan Express,,Mon,Tue,Wed,Thu,Fri
11:48:21,62,Archer,,Mon,Tue,Wed,Thu,Fri
12:24:25,36,Broadway,,Sun
09:54:40,36,Broadway,,Sat
13:58:40,62,Archer,,Sat
19:31:51,146,Inner Lake Shore/Michigan Express,,Sun
08:49:36,146,Inner Lake Shore/Michigan Express,,Sun
17:34:28,6,Jackson Park Express,,Mon,Tue,Wed,Thu,Fri
19:30:40,62,Archer,,Sat
10:31:51,29,State,,Sun
07:23:11,146,Inner Lake Shore/Michigan Express,,Sat
14:34:02,146,Inner Lake Shore/Michigan Express,,Mon,Tue,Wed,Thu,Fri
23:13:21,29,State,,Sun
08:09:24,36,Broadway,,Sat
19:01:00,29,State,,Sat
14:44:02,146,Inner Lake Shore/Michigan Express,,Mon,Tue,Wed,Thu,Fri
15:13:00,29,State,,Sat
15:33:43,6,Jackson Park Express,,Mon,Tue,Wed,Thu,Fri
19:53:10,36,Broadway,,Sat
06:16:23,36,Broadway,,Sat
00:24:40,62,Archer,,Sun
20:07:17,146,Inner Lake Shore/Michigan Express,,Sat
15:17:40,36,Broadway,,Sat
10:35:54,36,Broadway,,Sat
09:07:58,29,State,,Sat
18:55:37,146,Inner Lake Shore/Michigan Express,,Sat
13:54:53,29,State,,Mon,Tue,Wed,Thu,Fri
09:35:14,29,State,,Sun
08:59:37,29,State,,Mon,Tue,Wed,Thu,Fri
07:39:41,62,Archer,,Sun
15:35:16,29,State,,Mon,Tue,Wed,Thu,Fri
16:53:55,36,Broadway,,Sat
17:19:55,36,Broadway,,Sat
01:39:52,62,Archer,,Tue,Wed,Thu,Fri,Sat
10:25:37,146,Inner Lake Shore/Michigan Express,,Sat
09:05:10,6,Jackson Park Express,,Sat
23:01:25,62,Archer,,Sat
07:04:53,6,Jackson Park Express,,Mon,Tue,Wed,Thu,Fri
07:53:31,2,Hyde Park Express,,Mon,Tue,Wed,Thu,Fri
14:56:40,62,Archer,,Sat
16:26:58,36,Broadway,,Mon,Tue,Wed,Thu,Fri
08:27:04,2,Hyde Park Express,,Mon,Tue,Wed,Thu,Fri
19:00:51,146,Inner Lake Shore/Michigan Express,,Sun
07:49:43,148,Clarendon/Michigan Express,,Mon,Tue,Wed,Thu,Fri
09:16:36,146,Inner Lake Shore/Michigan Express,,Sun
09:48:02,62,Archer,,Mon,Tue,Wed,Thu,Fri
14:17:46,6,Jackson Park Express,,Sat
04:47:53,36,Broadway,,Mon,Tue,Wed,Thu,Fri
08:10:01,148,Clarendon/Michigan Express,,Mon,Tue,Wed,Thu,Fri
13:24:47,146,Inner Lake Shore/Michigan Express,,Sun
11:20:04,6,Jackson Park Express,,Mon,Tue,Wed,Thu,Fri
13:42:53,29,State,,Mon,Tue,Wed,Thu,Fri
14:22:26,36,Broadway,,Mon,Tue,Wed,Thu,Fri
10:03:02,62,Archer,,Mon,Tue,Wed,Thu,Fri
18:07:53,29,State,,Sat
14:41:12,62,Archer,,Mon,Tue,Wed,Thu,Fri
07:19:14,62,Archer,,Mon,Tue,Wed,Thu,Fri
11:20:37,146,Inner Lake Shore/Michigan Express,,Mon,Tue,Wed,Thu,Fri
08:10:21,29,State,,Sat
13:09:28,6,Jackson Park Express,,Sun
09:13:21,146,Inner Lake Shore/Michigan Express,,Sat
06:27:10,6,Jackson Park Express,,Sat
20:16:23,6,Jackson Park Express,,Mon,Tue,Wed,Thu,Fri
09:54:14,29,State,,Sun
13:59:46,6,Jackson Park Express,,Sat
17:53:25,6,Jackson Park Express,,Sat
10:41:37,146,Inner Lake Shore/Michigan Express,,Mon,Tue,Wed,Thu,Fri
18:16:10,36,Broadway,,Sat
21:06:23,6,Jackson Park Express,,Mon,Tue,Wed,Thu,Fri
13:31:12,146,Inner Lake Shore/Michigan Express,,Sat
06:45:05,29,State,,Sat
20:22:25,62,Archer,,Sun
09:56:24,36,Broadway,,Sun
00:54:40,62,Archer,,Mon
10:32:25,6,Jackson Park Express,,Mon,Tue,Wed,Thu,Fri
08:16:31,146,Inner Lake Shore/Michigan Express,,Sat
16:42:30,29,State,,Sat
22:41:25,62,Archer,,Sat
21:55:37,29,State,,Mon,Tue,Wed,Thu,Fri
08:25:54,36,Broadway,,Sat
11:57:10,36,Broadway,,Sun
16:41:07,146,Inner Lake Shore/Michigan Express,,Sat
11:38:21,62,Archer,,Sat
18:03:43,6,Jackson Park Express,,Mon,Tue,Wed,Thu,Fri
19:04:24,36,Broadway,,Sun
15:14:28,6,Jackson Park Express,,Mon,Tue,Wed,Thu,Fri
13:23:30,29,State,,Sat
14:52:40,36,Broadway,,Sun
19:24:00,29,State,,Sat
09:48:07,146,Inner Lake Shore/Michigan Express,,Sat
18:08:10,62,Archer,,Sat
13:18:21,146,Inner Lake Shore/Michigan Express,,Sun
00:45:28,29,State,,Tue,Wed,Thu,Fri,Sat
07:16:46,146,Inner Lake Shore/Michigan Express,,Sun
22:41:23,36,Broadway,,Sun
21:00:26,146,Inner Lake Shore/Michigan Express,,Sun
09:14:18,62,Archer,,Sun
15:12:30,29,State,,Sun
24:11:28,29,State,,Sat
16:00:37,6,Jackson Park Express,,Sun
11:59:00,29,State,,Mon,Tue,Wed,Thu,Fri
14:52:16,29,State,,Mon,Tue,Wed,Thu,Fri
08:59:37,29,State,,Mon,Tue,Wed,Thu,Fri
21:55:53,36,Broadway,,Sun
20:09:28,6,Jackson Park Express,,Sat
14:55:10,6,Jackson Park Express,,Mon,Tue,Wed,Thu,Fri
20:32:07,29,State,,Sat
15:23:30,29,State,,Sat
18:56:24,36,Broadway,,Sat
12:36:58,6,Jackson Park Express,,Sat
12:17:58,6,Jackson Park Express,,Sat
21:38:10,6,Jackson Park Express,,Sun
08:14:56,146,Inner Lake Shore/Michigan Express,,Mon,Tue,Wed,Thu,Fri
21:51:07,6,Jackson Park Express,,Mon,Tue,Wed,Thu,Fri
00:39:52,62,Archer,,Tue,Wed,Thu,Fri,Sat
12:56:40,36,Broadway,,Sun
17:53:13,36,Broadway,,Mon,Tue,Wed,Thu,Fri
18:55:10,62,Archer,,Sat
07:00:40,6,Jackson Park Express,,Sun
10:33:28,6,Jackson Park Express,,Sun
14:09:47,146,Inner Lake Shore/Michigan Express,,Sun
23:33:28,29,State,,Sun
13:19:17,62,Archer,,Mon,Tue,Wed,Thu,Fri
07:01:04,62,Archer,,Sun
20:03:56,146,Inner Lake Shore/Michigan Express,,Sun
18:32:35,62,Archer,,Mon,Tue,Wed,Thu,Fri
15:48:47,146,Inner Lake Shore/Michigan Express,,Sun
17:53:10,62,Archer,,Sat
20:25:23,36,Broadway,,Sun
17:50:24,36,Broadway,,Sun
07:37:44,29,State,,Mon,Tue,Wed,Thu,Fri
06:50:11,62,Archer,,Sat
18:38:40,62,Archer,,Sat
17:17:25,6,Jackson Park Express,,Sat
23:57:23,36,Broadway,,Sun
10:10:02,62,Archer,,Sat
16:41:47,146,Inner Lake Shore/Michigan Express,,Sun
07:37:41,146,Inner Lake Shore/Michigan Express,,Sun
16:15:55,36,Broadway,,Sat
22:05:14,29,State,,Sat
13:47:40,36,Broadway,,Sat
13:21:37,6,Jackson Park Express,,Sun
20:08:40,6,Jackson Park Express,,Sun
15:24:28,6,Jackson Park Express,,Mon,Tue,Wed,Thu,Fri
07:12:21,29,State,,Sun
13:47:28,6,Jackson Park Express,,Sat
13:50:46,6,Jackson Park Express,,Sat
11:46:00,29,State,,Mon,Tue,Wed,Thu,Fri
23:18:23,36,Broadway,,Sun
08:30:26,36,Broadway,,Mon,Tue,Wed,Thu,Fri
12:01:40,36,Broadway,,Sat
10:47:07,62,Archer,,Sun
20:32:46,6,Jackson Park Express,,Mon,Tue,Wed,Thu,Fri
21:12:51,29,State,,Sun
07:41:40,6,Jackson Park Express,,Sat
21:33:54,36,Broadway,,Sat
10:09:11,36,Broadway,,Mon,Tue,Wed,Thu,Fri
00:18:58,29,State,,Tue,Wed,Thu,Fri,Sat
19:15:37,29,State,,Sun
09:03:36,146,Inner Lake Shore/Michigan Express,,Sun
09:33:23,6,Jackson Park Express,,Mon,Tue,Wed,Thu,Fri
13:19:17,62,Archer,,Mon,Tue,Wed,Thu,Fri
24:15:39,36,Broadway,,Mon,Tue,Wed,Thu,Fri
11:59:00,29,State,,Mon,Tue,Wed,Thu,Fri
21:49:44,29,State,,Sat
23:38:44,29,State,,Sat
22:41:31,146,Inner Lake Shore/Michigan Express,,Mon,Tue,Wed,Thu,Fri
00:49:58,29,State,,Mon
19:12:40,62,Archer,,Sat
10:29:46,6,Jackson Park Express,,Sat
16:15:55,36,Broadway,,Sat
17:41:13,36,Broadway,,Mon,Tue,Wed,Thu,Fri
13:31:43,6,Jackson Park Express,,Mon,Tue,Wed,Thu,Fri
22:09:49,6,Jackson Park Express,,Sat
20:09:53,36,Broadway,,Sun
11:11:40,36,Broadway,,Sat
18:02:17,146,Inner Lake Shore/Michigan Express,,Sun
23:37:21,29,State,,Mon,Tue,Wed,Thu,Fri
12:47:46,6,Jackson Park Express,,Sat
16:13:43,6,Jackson Park Express,,Mon,Tue,Wed,Thu,Fri
07:51:14,29,State,,Mon,Tue,Wed,Thu,Fri
18:34:47,2,Hyde Park Express,,Mon,Tue,Wed,Thu,Fri
14:32:58,6,Jackson Park Express,,Sat
14:53:25,6,Jackson Park Express,,Sat
12:31:25,36,Broadway,,Sat
08:26:31,146,Inner Lake Shore/Michigan Express,,Sat
16:16:54,36,Broadway,,Sun
11:41:40,36,Broadway,,Sat
00:16:40,6,Jackson Park Express,,Sun
12:17:40,62,Archer,,Sat
18:18:12,36,Broadway,,Mon,Tue,Wed,Thu,Fri
00:45:28,29,State,,Tue,Wed,Thu,Fri,Sat
11:16:09,36,Broadway,,Sun
16:42:09,29,State,,Mon,Tue,Wed,Thu,Fri
18:34:04,6,Jackson Park Express,,Mon,Tue,Wed,Thu,Fri
20:46:21,62,Archer,,Mon,Tue,Wed,Thu,Fri
10:50:11,36,Broadway,,Mon,Tue,Wed,Thu,Fri
14:08:46,6,Jackson Park Express,,Sat
13:51:40,6,Jackson Park Express,,Mon,Tue,Wed,Thu,Fri
23:37:21,29,State,,Mon,Tue,Wed,Thu,Fri
11:25:02,62,Archer,,Sat
18:39:10,6,Jackson Park Express,,Mon,Tue,Wed,Thu,Fri
15:45:24,36,Broadway,,Sun
08:27:49,6,Jackson Park Express,,Sat
24:15:39,36,Broadway,,Mon,Tue,Wed,Thu,Fri
11:34:21,146,Inner Lake Shore/Michigan Express,,Sun
16:53:22,6,Jackson Park Express,,Mon,Tue,Wed,Thu,Fri
17:50:02,62,Archer,,Sun
00:20:23,6,Jackson Park Express,,Mon
13:51:02,62,Archer,,Sun
15:13:40,36,Broadway,,Sun
08:56:18,62,Archer,,Sun
06:08:54,36,Broadway,,Mon,Tue,Wed,Thu,Fri
16:03:01,62,Archer,,Mon,Tue,Wed,Thu,Fri
19:44:46,6,Jackson Park Express,,Mon,Tue,Wed,Thu,Fri
16:15:47,146,Inner Lake Shore/Michigan Express,,Sun
15:13:00,29,State,,Sat
18:51:54,36,Broadway,,Sun
19:07:07,146,Inner Lake Shore/Michigan Express,,Mon,Tue,Wed,Thu,Fri
16:19:00,29,State,,Sun
15:34:54,36,Broadway,,Sun
20:39:37,29,State,,Mon,Tue,Wed,Thu,Fri
23:38:44,29,State,,Sat
07:53:26,146,Inner Lake Shore/Michigan Express,,Mon,Tue,Wed,Thu,Fri
17:04:09,29,State,,Mon,Tue,Wed,Thu,Fri
16:41:02,146,Inner Lake Shore/Michigan Express,,Mon,Tue,Wed,Thu,Fri
05:49:34,62,Archer,,Mon,Tue,Wed,Thu,Fri
09:12:37,29,State,,Mon,Tue,Wed,Thu,Fri
16:24:42,146,Inner Lake Shore/Michigan Express,,Sat
08:17:10,6,Jackson Park Express,,Sat
03:09:52,62,Archer,,Mon,Tue,Wed,Thu,Fri
19:24:24,36,Broadway,,Sat
06:07:05,29,State,,Sun
08:37:00,62,Archer,,Sun
08:56:42,36,Broadway,,Mon,Tue,Wed,Thu,Fri
04:09:52,62,Archer,,Sat
18:59:44,62,Archer,,Sun
13:27:40,6,Jackson Park Express,,Mon,Tue,Wed,Thu,Fri
12:37:46,6,Jackson Park Express,,Sat
12:36:25,36,Broadway,,Sun
14:59:56,36,Broadway,,Mon,Tue,Wed,Thu,Fri
21:04:40,6,Jackson Park Express,,Sat
12:27:28,6,Jackson Park Express,,Sat
07:59:36,146,Inner Lake Shore/Michigan Express,,Sun
13:57:26,36,Broadway,,Mon,Tue,Wed,Thu,Fri
18:45:04,6,Jackson Park Express,,Mon,Tue,Wed,Thu,Fri
21:55:37,29,State,,Mon,Tue,Wed,Thu,Fri
00:32:23,6,Jackson Park Express,,Sun
14:12:07,146,Inner Lake Shore/Michigan Express,,Sat
19:12:40,62,Archer,,Sat
17:06:37,146,Inner Lake Shore/Michigan Express,,Sat
19:02:58,6,Jackson Park Express,,Sat
08:09:42,146,Inner Lake Shore/Michigan Express,,Mon,Tue,Wed,Thu,Fri
16:23:40,62,Archer,,Sat
20:43:49,6,Jackson Park Express,,Sun
22:14:09,36,Broadway,,Mon,Tue,Wed,Thu,Fri
17:02:25,36,Broadway,,Sat
10:54:28,6,Jackson Park Express,,Sat
10:53:46,6,Jackson Park Express,,Sat
07:40:40,6,Jackson Park Express,,Mon,Tue,Wed,Thu,Fri
20:40:53,36,Broadway,,Sun
07:45:04,2,Hyde Park Express,,Mon,Tue,Wed,Thu,Fri
09:40:12,146,Inner Lake Shore/Michigan Express,,Sat
16:52:01,62,Archer,,Mon,Tue,Wed,Thu,Fri
17:26:47,146,Inner Lake Shore/Michigan Express,,Sun
08:07:31,2,Hyde Park Express,,Mon,Tue,Wed,Thu,Fri
13:55:43,6,Jackson Park Express,,Mon,Tue,Wed,Thu,Fri
15:47:25,6,Jackson Park Express,,Sat
16:38:10,62,Archer,,Sat
08:12:49,6,Jackson Park Express,,Sat
12:56:30,29,State,,Sat
04:39:52,62,Archer,,Sat
09:16:14,29,State,,Sun
07:35:09,36,Broadway,,Sat
17:40:12,62,Archer,,Mon,Tue,Wed,Thu,Fri
15:43:30,29,State,,Sat
20:25:23,36,Broadway,,Sun
22:21:51,146,Inner Lake Shore/Michigan Express,,Sat
14:26:37,6,Jackson Park Express,,Sun
06:21:30,62,Archer,,Mon,Tue,Wed,Thu,Fri
18:08:57,146,Inner Lake Shore/Michigan Express,,Mon,Tue,Wed,Thu,Fri
09:24:05,148,Clarendon/Michigan Express,,Mon,Tue,Wed,Thu,Fri
17:23:28,6,Jackson Park Express,,Sat
15:50:37,6,Jackson Park Express,,Sun
11:52:10,36,Broadway,,Sat
12:51:00,29,State,,Mon,Tue,Wed,Thu,Fri
23:22:10,6,Jackson Park Express,,Mon,Tue,Wed,Thu,Fri
17:17:47,146,Inner Lake Shore/Michigan Express,,Sun
07:43:32,62,Archer,,Mon,Tue,Wed,Thu,Fri
04:52:53,36,Broadway,,Sat
13:15:10,62,Archer,,Sat
23:16:10,6,Jackson Park Express,,Sat
14:44:07,146,Inner Lake Shore/Michigan Express,,Sat
15:23:43,6,Jackson Park Express,,Mon,Tue,Wed,Thu,Fri
11:33:00,29,State,,Mon,Tue,Wed,Thu,Fri
07:45:41,62,Archer,,Sat
05:34:37,36,Broadway,,Sun
17:04:09,29,State,,Mon,Tue,Wed,Thu,Fri
13:28:10,36,Broadway,,Sat
01:08:23,6,Jackson Park Express,,Mon
10:10:37,146,Inner Lake Shore/Michigan Express,,Sat
21:03:24,36,Broadway,,Sat
11:40:27,146,Inner Lake Shore/Michigan Express,,Mon,Tue,Wed,Thu,Fri
15:58:58,6,Jackson Park Express,,Sun
17:08:10,62,Archer,,Sat
10:10:26,146,Inner Lake Shore/Michigan Express,,Sun
15:11:56,36,Broadway,,Mon,Tue,Wed,Thu,Fri
10:48:42,146,Inner Lake Shore/Michigan Express,,Sat
18:24:40,36,Broadway,,Sat
15:55:54,36,Broadway,,Sun
20:17:10,36,Broadway,,Mon,Tue,Wed,Thu,Fri
18:53:37,6,Jackson Park Express,,Sun
07:55:32,62,Archer,,Mon,Tue,Wed,Thu,Fri
11:36:55,62,Archer,,Sun
17:32:32,62,Archer,,Sun
08:51:02,146,Inner Lake Shore/Michigan Express,,Mon,Tue,Wed,Thu,Fri
07:03:37,6,Jackson Park Express,,Mon,Tue,Wed,Thu,Fri
18:38:46,29,State,,Mon,Tue,Wed,Thu,Fri
09:38:39,148,Clarendon/Michigan Express,,Mon,Tue,Wed,Thu,Fri
12:53:02,146,Inner Lake Shore/Michigan Express,,Mon,Tue,Wed,Thu,Fri
10:03:07,146,Inner Lake Shore/Michigan Express,,Sat
09:41:31,146,Inner Lake Shore/Michigan Express,,Sun
21:33:49,6,Jackson Park Express,,Sat
24:17:23,36,Broadway,,Sun
17:01:01,62,Archer,,Mon,Tue,Wed,Thu,Fri
15:13:46,29,State,,Mon,Tue,Wed,Thu,Fri
18:22:07,146,Inner Lake Shore/Michigan Express,,Mon,Tue,Wed,Thu,Fri
11:46:00,29,State,,Mon,Tue,Wed,Thu,Fri
07:59:30,62,Archer,,Sat
22:21:51,146,Inner Lake Shore/Michigan Express,,Sat
13:33:32,146,Inner Lake Shore/Michigan Express,,Mon,Tue,Wed,Thu,Fri
02:09:52,62,Archer,,Tue,Wed,Thu,Fri,Sat
18:26:54,36,Broadway,,Sun
15:29:01,62,Archer,,Mon,Tue,Wed,Thu,Fri
20:29:21,62,Archer,,Mon,Tue,Wed,Thu,Fri
12:11:10,36,Broadway,,Sat
17:45:12,146,Inner Lake Shore/Michigan Express,,Mon,Tue,Wed,Thu,Fri
18:07:10,6,Jackson Park Express,,Mon,Tue,Wed,Thu,Fri
21:35:24,36,Broadway,,Mon,Tue,Wed,Thu,Fri
18:35:58,6,Jackson Park Express,,Sun
11:03:02,62,Archer,,Mon,Tue,Wed,Thu,Fri
18:56:04,6,Jackson Park Express,,Mon,Tue,Wed,Thu,Fri
11:48:21,62,Archer,,Mon,Tue,Wed,Thu,Fri
23:15:36,146,Inner Lake Shore/Michigan Express,,Sun
08:05:31,146,Inner Lake Shore/Michigan Express,,Sat
18:32:37,6,Jackson Park Express,,Sun
15:29:25,6,Jackson Park Express,,Sat
12:59:12,146,Inner Lake Shore/Michigan Express,,Sat
04:09:52,62,Archer,,Sat
12:56:40,36,Broadway,,Sun
12:11:32,146,Inner Lake Shore/Michigan Express,,Sat
13:32:26,36,Broadway,,Mon,Tue,Wed,Thu,Fri
20:14:47,146,Inner Lake Shore/Michigan Express,,Mon,Tue,Wed,Thu,Fri
23:41:40,6,Jackson Park Express,,Sun
12:08:04,6,Jackson Park Express,,Mon,Tue,Wed,Thu,Fri
18:39:31,2,Hyde Park Express,,Mon,Tue,Wed,Thu,Fri
18:21:37,146,Inner Lake Shore/Michigan Express,,Sat
06:22:34,62,Archer,,Sun
11:31:40,6,Jackson Park Express,,Mon,Tue,Wed,Thu,Fri
09:00:53,148,Clarendon/Michigan Express,,Mon,Tue,Wed,Thu,Fri
11:36:55,62,Archer,,Sun
14:44:07,146,Inner Lake Shore/Michigan Express,,Sat
11:04:22,146,Inner Lake Shore/Michigan Express,,Mon,Tue,Wed,Thu,Fri
06:05:11,62,Archer,,Mon,Tue,Wed,Thu,Fri
16:13:42,36,Broadway,,Mon,Tue,Wed,Thu,Fri
22:05:54,36,Broadway,,Sat
18:39:24,36,Broadway,,Sun
05:15:05,29,State,,Sat
15:54:00,29,State,,Sun
06:36:53,36,Broadway,,Sat
14:34:02,146,Inner Lake Shore/Michigan Express,,Mon,Tue,Wed,Thu,Fri
18:14:24,36,Broadway,,Sun
16:53:09,29,State,,Mon,Tue,Wed,Thu,Fri
23:57:58,29,State,,Mon,Tue,Wed,Thu,Fri
08:42:02,146,Inner Lake Shore/Michigan Express,,Mon,Tue,Wed,Thu,Fri
19:43:21,29,State,,Sun
23:31:40,6,Jackson Park Express,,Sat
01:26:04,62,Archer,,Mon
08:36:31,146,Inner Lake Shore/Michigan Express,,Sat
10:03:37,29,State,,Mon,Tue,Wed,Thu,Fri
11:16:21,146,Inner Lake Shore/Michigan Express,,Sun
13:56:40,36,Broadway,,Sat
17:39:23,29,State,,Sat
15:52:01,62,Archer,,Mon,Tue,Wed,Thu,Fri
08:30:40,6,Jackson Park Express,,Mon,Tue,Wed,Thu,Fri
14:44:40,6,Jackson Park Express,,Mon,Tue,Wed,Thu,Fri
05:08:53,6,Jackson Park Express,,Mon,Tue,Wed,Thu,Fri
09:38:37,29,State,,Mon,Tue,Wed,Thu,Fri
13:15:12,146,Inner Lake Shore/Michigan Express,,Sat
10:46:09,36,Broadway,,Sun
17:53:17,146,Inner Lake Shore/Michigan Express,,Sun
13:20:28,6,Jackson Park Express,,Sun
14:27:40,62,Archer,,Sat
07:16:07,6,Jackson Park Express,,Mon,Tue,Wed,Thu,Fri
07:51:14,29,State,,Mon,Tue,Wed,Thu,Fri
10:01:37,29,State,,Sat
09:03:02,62,Archer,,Mon,Tue,Wed,Thu,Fri
11:20:28,6,Jackson Park Express,,Sun
17:19:55,36,Broadway,,Sat
18:01:28,6,Jackson Park Express,,Sat
22:51:40,6,Jackson Park Express,,Sun
06:01:05,29,State,,Sat
17:53:17,146,Inner Lake Shore/Michigan Express,,Sun
12:43:32,146,Inner Lake Shore/Michigan Express,,Sat
09:16:40,6,Jackson Park Express,,Sun
17:42:58,6,Jackson Park Express,,Sun
11:53:25,62,Archer,,Sun
16:23:40,62,Archer,,Sat
11:18:02,62,Archer,,Mon,Tue,Wed,Thu,Fri
08:28:23,36,Broadway,,Sun
18:30:46,6,Jackson Park Express,,Sat
10:08:40,36,Broadway,,Sat
15:28:00,29,State,,Sun
06:00:23,6,Jackson Park Express,,Mon,Tue,Wed,Thu,Fri
15:11:25,6,Jackson Park Express,,Sat
09:30:18,62,Archer,,Sun
01:22:10,6,Jackson Park Express,,Tue,Wed,Thu,Fri,Sat
13:19:10,36,Broadway,,Sun
15:10:37,146,Inner Lake Shore/Michigan Express,,Sat
09:16:35,148,Clarendon/Michigan Express,,Mon,Tue,Wed,Thu,Fri
07:45:41,62,Archer,,Sat
16:13:42,36,Broadway,,Mon,Tue,Wed,Thu,Fri
15:08:40,36,Broadway,,Sat
14:23:28,6,Jackson Park Express,,Sat
23:45:40,6,Jackson Park Express,,Sat
18:07:32,62,Archer,,Sun
08:04:56,146,Inner Lake Shore/Michigan Express,,Mon,Tue,Wed,Thu,Fri
09:53:58,6,Jackson Park Express,,Sat
13:09:21,146,Inner Lake Shore/Michigan Express,,Sun
14:06:44,29,State,,Sun
00:22:10,6,Jackson Park Express,,Tue,Wed,Thu,Fri,Sat
11:06:30,29,State,,Mon,Tue,Wed,Thu,Fri
19:33:07,29,State,,Mon,Tue,Wed,Thu,Fri
10:44:28,6,Jackson Park Express,,Sun
18:32:35,62,Archer,,Mon,Tue,Wed,Thu,Fri
12:27:46,6,Jackson Park Express,,Sat
22:19:31,146,Inner Lake Shore/Michigan Express,,Sun
17:44:25,6,Jackson Park Express,,Sat
13:08:37,6,Jackson Park Express,,Sun
11:36:42,146,Inner Lake Shore/Michigan Express,,Sat
13:23:12,146,Inner Lake Shore/Michigan Express,,Sat
07:49:21,29,State,,Sat
13:29:40,62,Archer,,Sat
05:49:39,36,Broadway,,Mon,Tue,Wed,Thu,Fri
16:24:47,146,Inner Lake Shore/Michigan Express,,Sun
19:32:42,146,Inner Lake Shore/Michigan Express,,Mon,Tue,Wed,Thu,Fri
09:06:49,6,Jackson Park Express,,Sat
07:35:42,146,Inner Lake Shore/Michigan Express,,Mon,Tue,Wed,Thu,Fri
24:04:23,6,Jackson Park Express,,Sun
14:58:07,6,Jackson Park Express,,Sun
19:47:12,146,Inner Lake Shore/Michigan Express,,Mon,Tue,Wed,Thu,Fri
21:16:37,29,State,,Mon,Tue,Wed,Thu,Fri
19:30:40,62,Archer,,Sat
12:54:28,6,Jackson Park Express,,Sat
02:39:52,62,Archer,,Sun
19:59:55,62,Archer,,Sun
15:04:32,146,Inner Lake Shore/Michigan Express,,Mon,Tue,Wed,Thu,Fri
15:34:28,6,Jackson Park Express,,Mon,Tue,Wed,Thu,Fri
19:06:10,36,Broadway,,Mon,Tue,Wed,Thu,Fri
16:15:47,146,Inner Lake Shore/Michigan Express,,Sun
01:07:23,6,Jackson Park Express,,Tue,Wed,Thu,Fri,Sat
14:42:43,6,Jackson Park Express,,Mon,Tue,Wed,Thu,Fri
09:25:31,148,Clarendon/Michigan Express,,Mon,Tue,Wed,Thu,Fri
19:09:07,146,Inner Lake Shore/Michigan Express,,Sat
19:17:25,62,Archer,,Sun
17:01:28,6,Jackson Park Express,,Sun
19:04:24,36,Broadway,,Sun
16:51:07,6,Jackson Park Express,,Sun
15:56:55,36,Broadway,,Sat
09:44:07,62,Archer,,Sat
13:34:44,29,State,,Sun
11:01:39,36,Broadway,,Sun
22:06:07,6,Jackson Park Express,,Mon,Tue,Wed,Thu,Fri
16:44:25,36,Broadway,,Sat
17:01:53,29,State,,Sat
23:54:39,36,Broadway,,Mon,Tue,Wed,Thu,Fri
07:33:21,29,State,,Sun
14:31:40,36,Broadway,,Sun
16:09:09,29,State,,Mon,Tue,Wed,Thu,Fri
22:21:25,62,Archer,,Sat
18:58:28,6,Jackson Park Express,,Sun
09:07:55,6,Jackson Park Express,,Mon,Tue,Wed,Thu,Fri
12:59:12,146,Inner Lake Shore/Michigan Express,,Sat
13:47:40,36,Broadway,,Sat
09:33:02,62,Archer,,Mon,Tue,Wed,Thu,Fri
16:07:42,146,Inner Lake Shore/Michigan Express,,Sat
12:28:30,29,State,,Sat
19:12:30,29,State,,Sat
18:24:04,6,Jackson Park Express,,Mon,Tue,Wed,Thu,Fri
19:47:37,29,State,,Mon,Tue,Wed,Thu,Fri
08:03:41,36,Broadway,,Mon,Tue,Wed,Thu,Fri
00:54:40,62,Archer,,Sun
18:23:10,62,Archer,,Sat
19:38:10,36,Broadway,,Sat
23:54:25,62,Archer,,Sat
15:26:58,6,Jackson Park Express,,Sat
11:36:42,146,Inner Lake Shore/Michigan Express,,Sat
14:05:40,36,Broadway,,Sat
15:24:24,36,Broadway,,Sun
00:40:04,62,Archer,,Mon
07:23:11,146,Inner Lake Shore/Michigan Express,,Sat
19:45:56,146,Inner Lake Shore/Michigan Express,,Sun
09:04:48,62,Archer,,Sat
21:16:37,29,State,,Mon,Tue,Wed,Thu,Fri
16:10:37,6,Jackson Park Express,,Sun
18:45:35,62,Archer,,Mon,Tue,Wed,Thu,Fri
07:46:09,36,Broadway,,Sun
17:42:28,6,Jackson Park Express,,Sat
14:41:12,62,Archer,,Mon,Tue,Wed,Thu,Fri
09:07:58,29,State,,Sat
22:59:31,146,Inner Lake Shore/Michigan Express,,Mon,Tue,Wed,Thu,Fri
14:25:02,62,Archer,,Sun
12:56:30,29,State,,Sat
19:47:37,29,State,,Mon,Tue,Wed,Thu,Fri
15:26:40,36,Broadway,,Sat
21:54:56,146,Inner Lake Shore/Michigan Express,,Mon,Tue,Wed,Thu,Fri
22:39:31,146,Inner Lake Shore/Michigan Express,,Sun
14:07:43,6,Jackson Park Express,,Mon,Tue,Wed,Thu,Fri
16:53:57,146,Inner Lake Shore/Michigan Express,,Mon,Tue,Wed,Thu,Fri
12:09:55,62,Archer,,Sun
12:18:40,62,Archer,,Mon,Tue,Wed,Thu,Fri
21:27:23,36,Broadway,,Sun
06:45:05,29,State,,Sat
09:26:44,29,State,,Sat
10:01:26,146,Inner Lake Shore/Michigan Express,,Sun
14:09:56,36,Broadway,,Mon,Tue,Wed,Thu,Fri
13:18:40,36,Broadway,,Sat
00:09:52,62,Archer,,Sun
13:39:12,146,Inner Lake Shore/Michigan Express,,Sat
21:29:18,62,Archer,,Sun
17:25:01,62,Archer,,Mon,Tue,Wed,Thu,Fri
13:18:41,36,Broadway,,Mon,Tue,Wed,Thu,Fri
16:32:37,146,Inner Lake Shore/Michigan Express,,Sat
08:26:22,146,Inner Lake Shore/Michigan Express,,Mon,Tue,Wed,Thu,Fri
15:12:30,29,State,,Sun
12:03:40,62,Archer,,Mon,Tue,Wed,Thu,Fri
23:27:24,36,Broadway,,Sat
11:20:41,36,Broadway,,Mon,Tue,Wed,Thu,Fri
16:41:07,6,Jackson Park Express,,Sun
11:21:40,36,Broadway,,Sat
12:30:58,6,Jackson Park Express,,Sun
21:49:54,36,Broadway,,Sat
14:54:47,146,Inner Lake Shore/Michigan Express,,Sun
16:42:30,29,State,,Sat
22:41:31,146,Inner Lake Shore/Michigan Express,,Mon,Tue,Wed,Thu,Fri
10:28:00,29,State,,Mon,Tue,Wed,Thu,Fri
12:03:32,146,Inner Lake Shore/Michigan Express,,Sat
23:39:25,62,Archer,,Sat
10:52:07,29,State,,Sat
18:38:40,62,Archer,,Sat
13:48:35,62,Archer,,Mon,Tue,Wed,Thu,Fri
12:59:44,62,Archer,,Sun
13:50:44,29,State,,Sun
09:40:12,146,Inner Lake Shore/Michigan Express,,Sat
11:47:16,6,Jackson Park Express,,Sun
11:08:23,6,Jackson Park Express,,Mon,Tue,Wed,Thu,Fri
17:26:47,146,Inner Lake Shore/Michigan Express,,Sun
15:04:32,146,Inner Lake Shore/Michigan Express,,Mon,Tue,Wed,Thu,Fri
05:29:34,62,Archer,,Mon,Tue,Wed,Thu,Fri
22:36:14,29,State,,Sat
14:10:40,36,Broadway,,Sun
01:09:52,62,Archer,,Tue,Wed,Thu,Fri,Sat
08:25:48,62,Archer,,Sat
15:59:42,146,Inner Lake Shore/Michigan Express,,Sat
06:42:04,62,Archer,,Sun
10:15:48,62,Archer,,Sun
10:21:23,6,Jackson Park Express,,Mon,Tue,Wed,Thu,Fri
19:35:37,6,Jackson Park Express,,Sun
07:07:41,146,Inner Lake Shore/Michigan Express,,Sat
12:35:32,146,Inner Lake Shore/Michigan Express,,Sat
15:30:47,146,Inner Lake Shore/Michigan Express,,Sun
06:39:48,62,Archer,,Mon,Tue,Wed,Thu,Fri
13:18:14,29,State,,Sun
10:56:42,146,Inner Lake Shore/Michigan Express,,Sat
12:03:28,6,Jackson Park Express,,Sun
22:52:24,36,Broadway,,Sat
13:29:40,36,Broadway,,Sun
15:50:02,62,Archer,,Sun
07:35:42,146,Inner Lake Shore/Michigan Express,,Mon,Tue,Wed,Thu,Fri
19:02:40,6,Jackson Park Express,,Mon,Tue,Wed,Thu,Fri
14:53:43,6,Jackson Park Express,,Mon,Tue,Wed,Thu,Fri
16:42:31,62,Archer,,Mon,Tue,Wed,Thu,Fri
21:17:54,36,Broadway,,Mon,Tue,Wed,Thu,Fri
15:54:40,62,Archer,,Sat
06:52:41,146,Inner Lake Shore/Michigan Express,,Sat
15:25:40,62,Archer,,Sat
10:03:28,6,Jackson Park Express,,Sun
12:24:25,36,Broadway,,Sun
00:15:40,6,Jackson Park Express,,Mon
19:41:58,62,Archer,,Mon,Tue,Wed,Thu,Fri
19:38:12,146,Inner Lake Shore/Michigan Express,,Sat
07:06:35,29,State,,Sat
14:45:28,6,Jackson Park Express,,Sun
20:02:10,36,Broadway,,Mon,Tue,Wed,Thu,Fri
01:07:23,6,Jackson Park Express,,Sun
12:07:58,6,Jackson Park Express,,Sat
21:45:49,6,Jackson Park Express,,Sat
10:18:07,146,Inner Lake Shore/Michigan Express,,Sat
16:02:28,6,Jackson Park Express,,Sat
06:23:05,29,State,,Sat
20:43:51,146,Inner Lake Shore/Michigan Express,,Mon,Tue,Wed,Thu,Fri
11:04:42,146,Inner Lake Shore/Michigan Express,,Sat
11:56:44,29,State,,Sun
18:12:37,146,Inner Lake Shore/Michigan Express,,Sat
06:56:40,36,Broadway,,Mon,Tue,Wed,Thu,Fri
15:15:02,146,Inner Lake Shore/Michigan Express,,Mon,Tue,Wed,Thu,Fri
12:12:00,29,State,,Sat
21:54:56,146,Inner Lake Shore/Michigan Express,,Mon,Tue,Wed,Thu,Fri
09:04:39,36,Broadway,,Sun
13:04:30,29,State,,Mon,Tue,Wed,Thu,Fri
18:22:17,146,Inner Lake Shore/Michigan Express,,Sun
22:24:25,62,Archer,,Mon,Tue,Wed,Thu,Fri
10:31:21,146,Inner Lake Shore/Michigan Express,,Sun
15:57:47,146,Inner Lake Shore/Michigan Express,,Sun
18:50:46,6,Jackson Park Express,,Sat
23:34:09,36,Broadway,,Mon,Tue,Wed,Thu,Fri
14:42:10,36,Broadway,,Sun
21:06:48,62,Archer,,Sun
13:43:43,6,Jackson Park Express,,Mon,Tue,Wed,Thu,Fri
05:55:37,36,Broadway,,Sun
08:54:53,148,Clarendon/Michigan Express,,Mon,Tue,Wed,Thu,Fri
18:11:37,6,Jackson Park Express,,Sun
13:18:14,29,State,,Sun
14:24:02,146,Inner Lake Shore/Michigan Express,,Mon,Tue,Wed,Thu,Fri
14:14:40,36,Broadway,,Sat
07:16:46,146,Inner Lake Shore/Michigan Express,,Sun
16:03:30,29,State,,Sat
08:20:09,148,Clarendon/Michigan Express,,Mon,Tue,Wed,Thu,Fri
20:02:10,36,Broadway,,Mon,Tue,Wed,Thu,Fri
18:06:40,36,Broadway,,Sat
16:20:09,29,State,,Mon,Tue,Wed,Thu,Fri
10:09:11,36,Broadway,,Mon,Tue,Wed,Thu,Fri
22:46:49,6,Jackson Park Express,,Sun
00:25:23,6,Jackson Park Express,,Tue,Wed,Thu,Fri,Sat
16:56:58,6,Jackson Park Express,,Sat
23:45:48,62,Archer,,Sun
18:01:07,6,Jackson Park Express,,Sun
21:44:47,146,Inner Lake Shore/Michigan Express,,Sat
08:52:40,6,Jackson Park Express,,Sat
14:44:25,6,Jackson Park Express,,Sat
00:31:40,6,Jackson Park Express,,Sun
13:23:30,29,State,,Sat
06:25:24,36,Broadway,,Mon,Tue,Wed,Thu,Fri
09:05:14,146,Inner Lake Shore/Michigan Express,,Mon,Tue,Wed,Thu,Fri
20:41:10,6,Jackson Park Express,,Sat
19:40:28,6,Jackson Park Express,,Sat
21:55:53,36,Broadway,,Sun
20:49:40,36,Broadway,,Sat
15:27:28,6,Jackson Park Express,,Sun
12:30:17,146,Inner Lake Shore/Michigan Express,,Sun
14:30:16,29,State,,Mon,Tue,Wed,Thu,Fri
10:22:41,36,Broadway,,Mon,Tue,Wed,Thu,Fri
14:34:56,36,Broadway,,Mon,Tue,Wed,Thu,Fri
19:43:09,36,Broadway,,Sun
19:56:58,6,Jackson Park Express,,Sun
15:20:25,6,Jackson Park Express,,Sat
23:57:23,36,Broadway,,Sun
18:40:41,36,Broadway,,Mon,Tue,Wed,Thu,Fri
05:13:37,36,Broadway,,Sun
18:11:25,6,Jackson Park Express,,Sat
20:38:40,36,Broadway,,Mon,Tue,Wed,Thu,Fri
13:15:40,6,Jackson Park Express,,Mon,Tue,Wed,Thu,Fri
07:26:40,6,Jackson Park Express,,Sun
21:35:24,36,Broadway,,Mon,Tue,Wed,Thu,Fri
07:50:40,6,Jackson Park Express,,Sat
17:48:52,2,Hyde Park Express,,Mon,Tue,Wed,Thu,Fri
17:20:15,2,Hyde Park Express,,Mon,Tue,Wed,Thu,Fri
13:31:12,146,Inner Lake Shore/Michigan Express,,Sat
06:07:05,29,State,,Sun
06:36:46,146,Inner Lake Shore/Michigan Express,,Sun
18:10:58,6,Jackson Park Express,,Sat
09:14:18,62,Archer,,Sun
18:17:10,6,Jackson Park Express,,Mon,Tue,Wed,Thu,Fri
20:02:37,29,State,,Mon,Tue,Wed,Thu,Fri
13:23:12,146,Inner Lake Shore/Michigan Express,,Sat
17:19:54,36,Broadway,,Sun
10:48:02,62,Archer,,Mon,Tue,Wed,Thu,Fri
05:38:05,29,State,,Sat
06:39:48,62,Archer,,Mon,Tue,Wed,Thu,Fri
09:59:37,146,Inner Lake Shore/Michigan Express,,Mon,Tue,Wed,Thu,Fri
15:18:37,146,Inner Lake Shore/Michigan Express,,Sat
12:16:16,6,Jackson Park Express,,Sun
08:56:18,62,Archer,,Sun
10:03:31,148,Clarendon/Michigan Express,,Mon,Tue,Wed,Thu,Fri
12:12:41,36,Broadway,,Mon,Tue,Wed,Thu,Fri
10:49:22,146,Inner Lake Shore/Michigan Express,,Mon,Tue,Wed,Thu,Fri
11:32:10,36,Broadway,,Sat
19:53:10,36,Broadway,,Sat
04:09:52,62,Archer,,Mon,Tue,Wed,Thu,Fri
07:37:44,29,State,,Mon,Tue,Wed,Thu,Fri
12:33:02,146,Inner Lake Shore/Michigan Express,,Mon,Tue,Wed,Thu,Fri
15:36:40,36,Broadway,,Sat
09:21:40,36,Broadway,,Sun
16:40:28,2,Hyde Park Express,,Mon,Tue,Wed,Thu,Fri
12:21:17,146,Inner Lake Shore/Michigan Express,,Sun
07:09:53,2,Hyde Park Express,,Mon,Tue,Wed,Thu,Fri
03:09:52,62,Archer,,Sat
17:32:12,62,Archer,,Mon,Tue,Wed,Thu,Fri
07:35:10,6,Jackson Park Express,,Sun
12:55:46,6,Jackson Park Express,,Sun
13:34:02,62,Archer,,Sun
08:23:27,148,Clarendon/Michigan Express,,Mon,Tue,Wed,Thu,Fri
19:10:29,2,Hyde Park Express,,Mon,Tue,Wed,Thu,Fri
17:05:58,6,Jackson Park Express,,Sat
06:56:46,146,Inner Lake Shore/Michigan Express,,Sun
21:40:40,6,Jackson Park Express,,Sat
19:25:07,6,Jackson Park Express,,Sun
15:16:02,62,Archer,,Sun
19:35:07,29,State,,Sat
05:18:05,29,State,,Sun
10:52:07,29,State,,Sat
22:59:48,62,Archer,,Sun
14:45:47,146,Inner Lake Shore/Michigan Express,,Sun
07:05:10,6,Jackson Park Express,,Sat
10:25:37,146,Inner Lake Shore/Michigan Express,,Sat
14:04:07,146,Inner Lake Shore/Michigan Express,,Sat
07:54:21,29,State,,Sun
21:40:53,36,Broadway,,Sun
04:09:52,62,Archer,,Sun
17:17:31,62,Archer,,Mon,Tue,Wed,Thu,Fri
18:23:37,29,State,,Sun
13:41:46,6,Jackson Park Express,,Sat
14:59:02,62,Archer,,Sun
15:13:40,36,Broadway,,Sun
16:07:02,62,Archer,,Sun
05:54:42,29,State,,Mon,Tue,Wed,Thu,Fri
08:47:07,36,Broadway,,Sun
14:04:07,146,Inner Lake Shore/Michigan Express,,Sat
19:09:07,146,Inner Lake Shore/Michigan Express,,Sat
17:08:10,62,Archer,,Sat
16:58:07,146,Inner Lake Shore/Michigan Express,,Sat
23:27:24,36,Broadway,,Sat
07:28:21,29,State,,Sat
05:43:05,29,State,,Sun
14:08:02,62,Archer,,Sun
13:28:10,36,Broadway,,Sat
16:16:12,146,Inner Lake Shore/Michigan Express,,Sat
12:30:17,146,Inner Lake Shore/Michigan Express,,Sun
22:21:49,6,Jackson Park Express,,Sat
17:54:19,2,Hyde Park Express,,Mon,Tue,Wed,Thu,Fri
23:46:40,6,Jackson Park Express,,Sat
10:28:07,146,Inner Lake Shore/Michigan Express,,Mon,Tue,Wed,Thu,Fri
21:49:44,29,State,,Sat
19:45:56,146,Inner Lake Shore/Michigan Express,,Sun
12:43:02,146,Inner Lake Shore/Michigan Express,,Mon,Tue,Wed,Thu,Fri
12:59:40,36,Broadway,,Sat
12:17:40,62,Archer,,Sat
08:40:35,148,Clarendon/Michigan Express,,Mon,Tue,Wed,Thu,Fri
20:19:49,6,Jackson Park Express,,Sun
06:31:11,62,Archer,,Sat
18:11:07,29,State,,Sun
12:51:12,146,Inner Lake Shore/Michigan Express,,Sat
16:44:00,29,State,,Sun
14:06:23,29,State,,Mon,Tue,Wed,Thu,Fri
20:57:37,29,State,,Mon,Tue,Wed,Thu,Fri
15:36:02,146,Inner Lake Shore/Michigan Express,,Mon,Tue,Wed,Thu,Fri
12:33:58,62,Archer,,Mon,Tue,Wed,Thu,Fri
19:57:07,6,Jackson Park Express,,Sat
13:34:44,29,State,,Sun
15:44:28,6,Jackson Park Express,,Mon,Tue,Wed,Thu,Fri
19:38:10,36,Broadway,,Sat
19:59:47,146,Inner Lake Shore/Michigan Express,,Mon,Tue,Wed,Thu,Fri
17:47:40,36,Broadway,,Sat
21:13:21,146,Inner Lake Shore/Michigan Express,,Mon,Tue,Wed,Thu,Fri
05:10:04,62,Archer,,Sun
20:45:28,6,Jackson Park Express,,Sat
09:39:24,36,Broadway,,Sun
13:33:47,146,Inner Lake Shore/Michigan Express,,Sun
14:08:02,62,Archer,,Sun
19:15:51,146,Inner Lake Shore/Michigan Express,,Sun
12:03:40,62,Archer,,Mon,Tue,Wed,Thu,Fri
14:54:47,146,Inner Lake Shore/Michigan Express,,Sun
20:41:25,62,Archer,,Sat
16:17:22,2,Hyde Park Express,,Mon,Tue,Wed,Thu,Fri
14:42:02,62,Archer,,Sun
17:29:57,2,Hyde Park Express,,Mon,Tue,Wed,Thu,Fri
21:41:25,62,Archer,,Sat
08:19:32,62,Archer,,Mon,Tue,Wed,Thu,Fri
10:58:21,146,Inner Lake Shore/Michigan Express,,Sun
17:59:07,29,State,,Sun
21:13:21,146,Inner Lake Shore/Michigan Express,,Mon,Tue,Wed,Thu,Fri
18:27:40,6,Jackson Park Express,,Mon,Tue,Wed,Thu,Fri
15:48:28,6,Jackson Park Express,,Sun
15:52:52,2,Hyde Park Express,,Mon,Tue,Wed,Thu,Fri
15:06:01,62,Archer,,Mon,Tue,Wed,Thu,Fri
05:49:39,36,Broadway,,Mon,Tue,Wed,Thu,Fri
14:54:02,146,Inner Lake Shore/Michigan Express,,Mon,Tue,Wed,Thu,Fri
13:49:30,29,State,,Sat
12:50:25,36,Broadway,,Sat
21:03:14,29,State,,Sat
11:11:40,36,Broadway,,Sat
19:31:58,6,Jackson Park Express,,Sun
10:40:30,29,State,,Mon,Tue,Wed,Thu,Fri
09:44:25,6,Jackson Park Express,,Mon,Tue,Wed,Thu,Fri
14:24:28,6,Jackson Park Express,,Sun
13:33:37,6,Jackson Park Express,,Sun
09:21:40,36,Broadway,,Sun
12:33:02,146,Inner Lake Shore/Michigan Express,,Mon,Tue,Wed,Thu,Fri
22:02:21,146,Inner Lake Shore/Michigan Express,,Sat
11:46:41,36,Broadway,,Mon,Tue,Wed,Thu,Fri
17:17:13,36,Broadway,,Mon,Tue,Wed,Thu,Fri
15:57:47,146,Inner Lake Shore/Michigan Express,,Sun
03:09:52,62,Archer,,Mon,Tue,Wed,Thu,Fri
10:08:40,36,Broadway,,Sat
17:31:07,146,Inner Lake Shore/Michigan Express,,Sat
17:34:28,2,Hyde Park Express,,Mon,Tue,Wed,Thu,Fri
14:31:43,6,Jackson Park Express,,Mon,Tue,Wed,Thu,Fri
20:53:53,6,Jackson Park Express,,Mon,Tue,Wed,Thu,Fri
08:30:26,36,Broadway,,Mon,Tue,Wed,Thu,Fri
16:06:24,36,Broadway,,Sun
23:09:54,36,Broadway,,Sat
23:37:53,36,Broadway,,Sun
18:31:37,146,Inner Lake Shore/Michigan Express,,Sat
09:57:49,6,Jackson Park Express,,Sun
08:54:49,6,Jackson Park Express,,Sat
14:01:54,62,Archer,,Mon,Tue,Wed,Thu,Fri
12:28:30,29,State,,Sat
15:39:47,146,Inner Lake Shore/Michigan Express,,Sun
10:34:02,62,Archer,,Sat
06:52:53,6,Jackson Park Express,,Sun
19:01:00,29,State,,Sat
19:12:17,62,Archer,,Mon,Tue,Wed,Thu,Fri
15:03:43,6,Jackson Park Express,,Mon,Tue,Wed,Thu,Fri
15:48:47,146,Inner Lake Shore/Michigan Express,,Sun
12:12:41,36,Broadway,,Mon,Tue,Wed,Thu,Fri
14:59:40,36,Broadway,,Sat
17:21:07,6,Jackson Park Express,,Sun
11:27:46,6,Jackson Park Express,,Sat
17:45:28,6,Jackson Park Express,,Mon,Tue,Wed,Thu,Fri
19:32:46,6,Jackson Park Express,,Sat
08:30:37,146,Inner Lake Shore/Michigan Express,,Mon,Tue,Wed,Thu,Fri
08:17:36,146,Inner Lake Shore/Michigan Express,,Sun
16:06:30,29,State,,Sun
15:54:00,29,State,,Sun
22:36:48,62,Archer,,Sun
21:04:02,62,Archer,,Mon,Tue,Wed,Thu,Fri
13:03:40,6,Jackson Park Express,,Mon,Tue,Wed,Thu,Fri
11:20:37,146,Inner Lake Shore/Michigan Express,,Mon,Tue,Wed,Thu,Fri
18:28:30,29,State,,Sat
18:23:10,62,Archer,,Sat
05:10:04,62,Archer,,Sun
09:31:42,146,Inner Lake Shore/Michigan Express,,Sat
18:36:37,29,State,,Sun
15:17:40,36,Broadway,,Sat
10:18:02,62,Archer,,Mon,Tue,Wed,Thu,Fri
17:17:47,146,Inner Lake Shore/Michigan Express,,Sun
17:29:53,29,State,,Sat
18:52:07,146,Inner Lake Shore/Michigan Express,,Mon,Tue,Wed,Thu,Fri
19:59:21,29,State,,Sun
22:34:53,6,Jackson Park Express,,Mon,Tue,Wed,Thu,Fri
08:30:39,148,Clarendon/Michigan Express,,Mon,Tue,Wed,Thu,Fri
09:15:44,146,Inner Lake Shore/Michigan Express,,Mon,Tue,Wed,Thu,Fri
15:55:54,36,Broadway,,Sun
16:24:47,146,Inner Lake Shore/Michigan Express,,Sun
14:24:10,6,Jackson Park Express,,Mon,Tue,Wed,Thu,Fri
14:02:30,29,State,,Sat
08:55:26,146,Inner Lake Shore/Michigan Express,,Sat
12:02:32,146,Inner Lake Shore/Michigan Express,,Mon,Tue,Wed,Thu,Fri
02:39:52,62,Archer,,Tue,Wed,Thu,Fri,Sat
19:47:10,36,Broadway,,Mon,Tue,Wed,Thu,Fri
10:23:24,36,Broadway,,Sat
05:43:05,29,State,,Sun
18:38:46,29,State,,Mon,Tue,Wed,Thu,Fri
17:00:15,2,Hyde Park Express,,Mon,Tue,Wed,Thu,Fri
19:14:37,6,Jackson Park Express,,Sun
11:01:39,36,Broadway,,Sun
23:01:51,146,Inner Lake Shore/Michigan Express,,Sat
14:42:28,6,Jackson Park Express,,Sat
10:36:41,36,Broadway,,Mon,Tue,Wed,Thu,Fri
06:36:53,36,Broadway,,Sat
07:53:31,146,Inner Lake Shore/Michigan Express,,Sat
12:01:40,36,Broadway,,Sat
08:07:32,62,Archer,,Mon,Tue,Wed,Thu,Fri
12:40:25,36,Broadway,,Sat
15:46:25,36,Broadway,,Sat
11:25:21,146,Inner Lake Shore/Michigan Express,,Sun
14:39:30,29,State,,Sat
20:52:51,29,State,,Sun
15:18:28,6,Jackson Park Express,,Sat
21:42:44,62,Archer,,Mon,Tue,Wed,Thu,Fri
16:39:28,36,Broadway,,Mon,Tue,Wed,Thu,Fri
08:48:02,62,Archer,,Mon,Tue,Wed,Thu,Fri
09:26:44,29,State,,Sat
17:48:53,29,State,,Sat
00:09:52,62,Archer,,Tue,Wed,Thu,Fri,Sat
09:15:44,146,Inner Lake Shore/Michigan Express,,Mon,Tue,Wed,Thu,Fri
15:46:16,29,State,,Mon,Tue,Wed,Thu,Fri
14:52:40,36,Broadway,,Sun
10:40:37,146,Inner Lake Shore/Michigan Express,,Sat
06:16:37,36,Broadway,,Sun
11:04:11,36,Broadway,,Mon,Tue,Wed,Thu,Fri
01:02:10,6,Jackson Park Express,,Tue,Wed,Thu,Fri,Sat
12:20:40,36,Broadway,,Sat
19:20:46,6,Jackson Park Express,,Sat
08:33:02,62,Archer,,Mon,Tue,Wed,Thu,Fri
13:33:32,146,Inner Lake Shore/Michigan Express,,Mon,Tue,Wed,Thu,Fri
07:40:31,146,Inner Lake Shore/Michigan Express,,Sat
12:46:14,29,State,,Sun
16:53:10,62,Archer,,Sat
18:39:24,36,Broadway,,Sun
16:32:25,6,Jackson Park Express,,Sat
17:09:00,29,State,,Sun
11:43:21,146,Inner Lake Shore/Michigan Express,,Sun
15:25:32,146,Inner Lake Shore/Michigan Express,,Mon,Tue,Wed,Thu,Fri
08:04:56,146,Inner Lake Shore/Michigan Express,,Mon,Tue,Wed,Thu,Fri
11:01:10,36,Broadway,,Sat
12:56:46,6,Jackson Park Express,,Sat
14:03:40,6,Jackson Park Express,,Mon,Tue,Wed,Thu,Fri
10:34:37,146,Inner Lake Shore/Michigan Express,,Mon,Tue,Wed,Thu,Fri
08:46:01,2,Hyde Park Express,,Mon,Tue,Wed,Thu,Fri
11:34:58,6,Jackson Park Express,,Sun
13:51:02,62,Archer,,Sun
12:20:40,36,Broadway,,Sat
16:56:30,29,State,,Sun
18:25:02,62,Archer,,Sun
10:46:09,36,Broadway,,Sun
14:55:37,29,State,,Sun
06:02:34,62,Archer,,Sun
18:06:12,36,Broadway,,Mon,Tue,Wed,Thu,Fri
21:49:53,6,Jackson Park Express,,Mon,Tue,Wed,Thu,Fri
16:31:07,6,Jackson Park Express,,Sun
22:39:31,146,Inner Lake Shore/Michigan Express,,Sun
16:12:58,6,Jackson Park Express,,Mon,Tue,Wed,Thu,Fri
06:28:58,29,State,,Mon,Tue,Wed,Thu,Fri
06:22:34,62,Archer,,Sun
11:20:42,146,Inner Lake Shore/Michigan Express,,Sat
10:12:44,29,State,,Sun
04:09:52,62,Archer,,Sun
11:03:02,62,Archer,,Mon,Tue,Wed,Thu,Fri
18:52:07,146,Inner Lake Shore/Michigan Express,,Mon,Tue,Wed,Thu,Fri
17:50:02,62,Archer,,Sun
15:28:00,29,State,,Sun
06:07:10,6,Jackson Park Express,,Sat
19:27:17,62,Archer,,Mon,Tue,Wed,Thu,Fri
21:11:53,36,Broadway,,Sun
12:45:28,6,Jackson Park Express,,Sat
23:15:36,146,Inner Lake Shore/Michigan Express,,Sun
18:02:24,36,Broadway,,Sun
08:34:01,2,Hyde Park Express,,Mon,Tue,Wed,Thu,Fri
01:24:40,62,Archer,,Sun
16:49:57,2,Hyde Park Express,,Mon,Tue,Wed,Thu,Fri
19:53:12,146,Inner Lake Shore/Michigan Express,,Sat
13:18:41,36,Broadway,,Mon,Tue,Wed,Thu,Fri
00:24:40,62,Archer,,Tue,Wed,Thu,Fri,Sat
08:46:01,146,Inner Lake Shore/Michigan Express,,Sat
14:35:10,6,Jackson Park Express,,Mon,Tue,Wed,Thu,Fri
08:42:24,36,Broadway,,Sat
09:54:40,36,Broadway,,Sat
19:19:10,36,Broadway,,Mon,Tue,Wed,Thu,Fri
22:20:44,29,State,,Sat
11:18:02,62,Archer,,Mon,Tue,Wed,Thu,Fri
07:27:40,36,Broadway,,Mon,Tue,Wed,Thu,Fri
10:46:02,62,Archer,,Sat
11:07:21,146,Inner Lake Shore/Michigan Express,,Sun
24:24:54,36,Broadway,,Sat
11:28:42,146,Inner Lake Shore/Michigan Express,,Sat
12:12:17,146,Inner Lake Shore/Michigan Express,,Sun
02:09:52,62,Archer,,Mon
05:32:52,62,Archer,,Sat
16:29:02,146,Inner Lake Shore/Michigan Express,,Mon,Tue,Wed,Thu,Fri
09:18:28,6,Jackson Park Express,,Sat
00:15:40,6,Jackson Park Express,,Sun
05:39:40,62,Archer,,Sun
05:40:01,146,Inner Lake Shore/Michigan Express,,Mon,Tue,Wed,Thu,Fri
15:30:47,146,Inner Lake Shore/Michigan Express,,Sun
18:26:16,29,State,,Mon,Tue,Wed,Thu,Fri
13:49:40,36,Broadway,,Sun
23:45:24,36,Broadway,,Sat
13:39:12,146,Inner Lake Shore/Michigan Express,,Sat
13:05:41,36,Broadway,,Mon,Tue,Wed,Thu,Fri
16:24:42,146,Inner Lake Shore/Michigan Express,,Sat
23:31:18,62,Archer,,Mon,Tue,Wed,Thu,Fri
16:38:10,62,Archer,,Sat
12:40:25,36,Broadway,,Sat
15:12:47,146,Inner Lake Shore/Michigan Express,,Sun
06:58:37,36,Broadway,,Sun
22:21:25,62,Archer,,Sat
06:46:10,6,Jackson Park Express,,Sat
18:55:10,62,Archer,,Sat
18:23:37,29,State,,Sun
16:56:30,29,State,,Sun
19:24:29,2,Hyde Park Express,,Mon,Tue,Wed,Thu,Fri
20:16:21,29,State,,Sun
09:30:28,6,Jackson Park Express,,Sat
11:06:21,29,State,,Sun
09:31:42,146,Inner Lake Shore/Michigan Express,,Sat
22:05:23,6,Jackson Park Express,,Mon,Tue,Wed,Thu,Fri
10:18:07,6,Jackson Park Express,,Sat
14:02:30,29,State,,Sat
13:13:02,146,Inner Lake Shore/Michigan Express,,Mon,Tue,Wed,Thu,Fri
11:29:39,36,Broadway,,Sun
19:39:53,6,Jackson Park Express,,Mon,Tue,Wed,Thu,Fri
23:22:44,29,State,,Sat
11:56:44,29,State,,Sun
08:37:00,62,Archer,,Sun
05:39:40,62,Archer,,Sun
01:24:40,62,Archer,,Sun
14:52:16,29,State,,Mon,Tue,Wed,Thu,Fri
20:58:21,146,Inner Lake Shore/Michigan Express,,Mon,Tue,Wed,Thu,Fri
11:37:46,6,Jackson Park Express,,Sat
15:53:30,29,State,,Sat
19:28:21,29,State,,Sun
21:51:10,6,Jackson Park Express,,Sun
11:40:14,29,State,,Sun
20:02:07,29,State,,Sat
09:18:02,62,Archer,,Mon,Tue,Wed,Thu,Fri
22:02:25,62,Archer,,Mon,Tue,Wed,Thu,Fri
03:39:52,62,Archer,,Sun
19:30:09,36,Broadway,,Sun
18:16:10,36,Broadway,,Sat
15:02:00,29,State,,Sat
09:04:48,62,Archer,,Sat
16:16:54,36,Broadway,,Sun
23:57:58,29,State,,Mon,Tue,Wed,Thu,Fri
15:02:37,146,Inner Lake Shore/Michigan Express,,Sat
03:09:52,62,Archer,,Sat
11:20:25,62,Archer,,Sun
07:39:23,2,Hyde Park Express,,Mon,Tue,Wed,Thu,Fri
19:18:37,29,State,,Mon,Tue,Wed,Thu,Fri
23:22:48,62,Archer,,Sun
22:46:55,62,Archer,,Mon,Tue,Wed,Thu,Fri
16:30:28,6,Jackson Park Express,,Sun
06:24:01,146,Inner Lake Shore/Michigan Express,,Mon,Tue,Wed,Thu,Fri
16:27:24,36,Broadway,,Sun
13:39:40,36,Broadway,,Sun
13:39:40,6,Jackson Park Express,,Mon,Tue,Wed,Thu,Fri
13:36:30,29,State,,Sat
09:12:17,2,Hyde Park Express,,Mon,Tue,Wed,Thu,Fri
24:01:54,36,Broadway,,Sat
09:03:02,62,Archer,,Mon,Tue,Wed,Thu,Fri
24:07:10,6,Jackson Park Express,,Mon,Tue,Wed,Thu,Fri
06:28:58,29,State,,Sun
16:39:28,36,Broadway,,Mon,Tue,Wed,Thu,Fri
18:06:40,36,Broadway,,Sat
01:09:53,6,Jackson Park Express,,Mon
17:28:40,36,Broadway,,Sat
18:43:07,6,Jackson Park Express,,Sun
08:39:40,6,Jackson Park Express,,Sun
12:39:41,36,Broadway,,Mon,Tue,Wed,Thu,Fri
05:09:34,62,Archer,,Mon,Tue,Wed,Thu,Fri
18:49:37,29,State,,Sun
01:11:04,62,Archer,,Mon
11:57:58,6,Jackson Park Express,,Sat
20:12:40,62,Archer,,Mon,Tue,Wed,Thu,Fri
08:34:06,146,Inner Lake Shore/Michigan Express,,Sun
09:51:37,29,State,,Mon,Tue,Wed,Thu,Fri
16:23:25,6,Jackson Park Express,,Sat
07:11:54,36,Broadway,,Mon,Tue,Wed,Thu,Fri
19:16:09,36,Broadway,,Sun
07:08:22,148,Clarendon/Michigan Express,,Mon,Tue,Wed,Thu,Fri
18:51:23,29,State,,Mon,Tue,Wed,Thu,Fri
13:49:40,36,Broadway,,Sun
10:40:30,29,State,,Mon,Tue,Wed,Thu,Fri
15:03:47,146,Inner Lake Shore/Michigan Express,,Sun
19:28:21,29,State,,Sun
12:23:02,146,Inner Lake Shore/Michigan Express,,Mon,Tue,Wed,Thu,Fri
21:59:31,146,Inner Lake Shore/Michigan Express,,Sun
06:12:11,62,Archer,,Sat
15:53:58,6,Jackson Park Express,,Mon,Tue,Wed,Thu,Fri
10:56:23,6,Jackson Park Express,,Mon,Tue,Wed,Thu,Fri
09:33:54,36,Broadway,,Sat
08:37:48,146,Inner Lake Shore/Michigan Express,,Mon,Tue,Wed,Thu,Fri
15:17:31,62,Archer,,Mon,Tue,Wed,Thu,Fri
16:48:24,36,Broadway,,Sun
21:22:49,6,Jackson Park Express,,Sun
10:18:28,6,Jackson Park Express,,Sun
14:37:07,6,Jackson Park Express,,Sun
21:01:25,62,Archer,,Sat
23:53:28,29,State,,Sat
21:32:51,29,State,,Sun
16:33:00,29,State,,Sat
12:31:40,62,Archer,,Sat
09:30:48,62,Archer,,Sat
07:53:10,6,Jackson Park Express,,Mon,Tue,Wed,Thu,Fri
07:48:42,146,Inner Lake Shore/Michigan Express,,Mon,Tue,Wed,Thu,Fri
21:11:53,36,Broadway,,Sun
09:38:48,146,Inner Lake Shore/Michigan Express,,Mon,Tue,Wed,Thu,Fri
19:05:00,29,State,,Mon,Tue,Wed,Thu,Fri
14:10:40,36,Broadway,,Sun
14:51:58,6,Jackson Park Express,,Sat
13:31:28,6,Jackson Park Express,,Sun
20:28:53,6,Jackson Park Express,,Mon,Tue,Wed,Thu,Fri
08:09:13,148,Clarendon/Michigan Express,,Mon,Tue,Wed,Thu,Fri
14:13:10,62,Archer,,Sat
23:19:56,146,Inner Lake Shore/Michigan Express,,Sat
09:03:36,146,Inner Lake Shore/Michigan Express,,Sun
14:22:26,36,Broadway,,Mon,Tue,Wed,Thu,Fri
08:18:00,62,Archer,,Sun
06:25:24,36,Broadway,,Mon,Tue,Wed,Thu,Fri
11:03:55,62,Archer,,Sun
22:33:39,36,Broadway,,Mon,Tue,Wed,Thu,Fri
09:00:40,6,Jackson Park Express,,Sun
17:35:47,146,Inner Lake Shore/Michigan Express,,Sun
15:25:32,146,Inner Lake Shore/Michigan Express,,Mon,Tue,Wed,Thu,Fri
18:17:53,29,State,,Sat
20:40:26,146,Inner Lake Shore/Michigan Express,,Sun
15:58:09,29,State,,Mon,Tue,Wed,Thu,Fri
13:17:02,62,Archer,,Sun
19:56:46,6,Jackson Park Express,,Mon,Tue,Wed,Thu,Fri
09:57:23,6,Jackson Park Express,,Mon,Tue,Wed,Thu,Fri
18:45:10,36,Broadway,,Sat
22:21:28,6,Jackson Park Express,,Mon,Tue,Wed,Thu,Fri
09:33:02,146,Inner Lake Shore/Michigan Express,,Mon,Tue,Wed,Thu,Fri
20:49:40,36,Broadway,,Sat
14:22:44,29,State,,Sun
18:02:17,146,Inner Lake Shore/Michigan Express,,Sun
19:47:10,36,Broadway,,Mon,Tue,Wed,Thu,Fri
13:19:43,6,Jackson Park Express,,Mon,Tue,Wed,Thu,Fri
21:52:51,29,State,,Sun
21:25:47,146,Inner Lake Shore/Michigan Express,,Sat
17:24:28,2,Hyde Park Express,,Mon,Tue,Wed,Thu,Fri
16:23:31,62,Archer,,Mon,Tue,Wed,Thu,Fri
16:25:25,36,Broadway,,Sat
07:39:48,148,Clarendon/Michigan Express,,Mon,Tue,Wed,Thu,Fri
17:21:37,29,State,,Sun
13:49:30,29,State,,Sat
17:10:25,36,Broadway,,Sat
14:09:56,36,Broadway,,Mon,Tue,Wed,Thu,Fri
01:09:52,62,Archer,,Sun
19:38:12,146,Inner Lake Shore/Michigan Express,,Sat
19:48:02,62,Archer,,Sat
12:52:41,36,Broadway,,Mon,Tue,Wed,Thu,Fri
20:58:21,146,Inner Lake Shore/Michigan Express,,Mon,Tue,Wed,Thu,Fri
22:33:10,6,Jackson Park Express,,Sat
17:27:09,29,State,,Mon,Tue,Wed,Thu,Fri
10:58:21,146,Inner Lake Shore/Michigan Express,,Sun
18:42:14,62,Archer,,Sun
10:33:07,146,Inner Lake Shore/Michigan Express,,Sat
10:35:54,36,Broadway,,Sat
10:06:22,146,Inner Lake Shore/Michigan Express,,Mon,Tue,Wed,Thu,Fri
02:39:52,62,Archer,,Sun
14:03:28,6,Jackson Park Express,,Sun
12:03:17,146,Inner Lake Shore/Michigan Express,,Sun
15:08:40,36,Broadway,,Sat
23:37:10,6,Jackson Park Express,,Mon,Tue,Wed,Thu,Fri
22:34:49,6,Jackson Park Express,,Sat
01:39:52,62,Archer,,Sun
09:30:48,62,Archer,,Sat
22:32:51,29,State,,Sun
22:19:10,6,Jackson Park Express,,Sat
18:50:40,6,Jackson Park Express,,Mon,Tue,Wed,Thu,Fri
15:59:56,36,Broadway,,Mon,Tue,Wed,Thu,Fri
16:41:47,146,Inner Lake Shore/Michigan Express,,Sun
05:09:34,62,Archer,,Mon,Tue,Wed,Thu,Fri
15:24:24,36,Broadway,,Sun
12:42:55,62,Archer,,Sun
18:45:10,36,Broadway,,Sat
17:29:53,29,State,,Sat
13:07:12,146,Inner Lake Shore/Michigan Express,,Sat
21:17:54,36,Broadway,,Sat
08:56:51,29,State,,Sun
14:12:07,146,Inner Lake Shore/Michigan Express,,Sat
17:11:28,6,Jackson Park Express,,Sun
23:22:48,62,Archer,,Sun
13:17:30,29,State,,Mon,Tue,Wed,Thu,Fri
14:51:00,29,State,,Sat
10:36:41,36,Broadway,,Mon,Tue,Wed,Thu,Fri
08:46:01,146,Inner Lake Shore/Michigan Express,,Sat
09:45:23,6,Jackson Park Express,,Mon,Tue,Wed,Thu,Fri
07:35:18,148,Clarendon/Michigan Express,,Mon,Tue,Wed,Thu,Fri
13:09:40,36,Broadway,,Sat
17:38:40,36,Broadway,,Sat
06:46:21,29,State,,Mon,Tue,Wed,Thu,Fri
23:08:48,62,Archer,,Mon,Tue,Wed,Thu,Fri
15:46:32,146,Inner Lake Shore/Michigan Express,,Mon,Tue,Wed,Thu,Fri
22:51:44,29,State,,Sat
12:04:21,62,Archer,,Sat
09:23:47,146,Inner Lake Shore/Michigan Express,,Sat
06:10:01,146,Inner Lake Shore/Michigan Express,,Mon,Tue,Wed,Thu,Fri
23:05:53,6,Jackson Park Express,,Mon,Tue,Wed,Thu,Fri
07:19:10,6,Jackson Park Express,,Sat
12:48:58,62,Archer,,Mon,Tue,Wed,Thu,Fri
11:32:10,36,Broadway,,Sat
09:17:48,62,Archer,,Sat
15:35:16,29,State,,Mon,Tue,Wed,Thu,Fri
18:43:07,146,Inner Lake Shore/Michigan Express,,Sat
17:23:37,146,Inner Lake Shore/Michigan Express,,Sat
07:43:32,62,Archer,,Mon,Tue,Wed,Thu,Fri
14:21:10,36,Broadway,,Sun
07:15:53,36,Broadway,,Sat
13:44:56,36,Broadway,,Mon,Tue,Wed,Thu,Fri
10:28:49,6,Jackson Park Express,,Sun
05:34:37,36,Broadway,,Sun
09:33:31,148,Clarendon/Michigan Express,,Mon,Tue,Wed,Thu,Fri
08:14:40,6,Jackson Park Express,,Sun
01:24:40,62,Archer,,Tue,Wed,Thu,Fri,Sat
05:09:40,62,Archer,,Sat
07:49:21,29,State,,Sat
12:26:41,36,Broadway,,Mon,Tue,Wed,Thu,Fri
17:08:47,146,Inner Lake Shore/Michigan Express,,Sun
16:13:31,62,Archer,,Mon,Tue,Wed,Thu,Fri
14:06:23,29,State,,Mon,Tue,Wed,Thu,Fri
09:44:43,148,Clarendon/Michigan Express,,Mon,Tue,Wed,Thu,Fri
09:13:21,146,Inner Lake Shore/Michigan Express,,Sat
11:57:10,36,Broadway,,Sun
23:24:40,6,Jackson Park Express,,Sun
16:07:42,146,Inner Lake Shore/Michigan Express,,Sat
11:40:27,146,Inner Lake Shore/Michigan Express,,Mon,Tue,Wed,Thu,Fri
13:02:14,29,State,,Sun
23:58:40,6,Jackson Park Express,,Sun
19:19:10,36,Broadway,,Mon,Tue,Wed,Thu,Fri
11:08:07,29,State,,Sat
09:04:56,146,Inner Lake Shore/Michigan Express,,Sat
12:12:32,146,Inner Lake Shore/Michigan Express,,Mon,Tue,Wed,Thu,Fri
10:13:37,146,Inner Lake Shore/Michigan Express,,Mon,Tue,Wed,Thu,Fri
07:28:21,29,State,,Sat
10:59:02,62,Archer,,Sat
10:22:02,62,Archer,,Sat
12:18:40,6,Jackson Park Express,,Mon,Tue,Wed,Thu,Fri
08:29:51,29,State,,Sat
11:12:07,146,Inner Lake Shore/Michigan Express,,Mon,Tue,Wed,Thu,Fri
08:23:40,6,Jackson Park Express,,Sun
00:33:23,6,Jackson Park Express,,Mon
09:33:02,62,Archer,,Mon,Tue,Wed,Thu,Fri
09:31:12,36,Broadway,,Mon,Tue,Wed,Thu,Fri
22:37:10,6,Jackson Park Express,,Mon,Tue,Wed,Thu,Fri
16:06:25,36,Broadway,,Sat
22:36:48,62,Archer,,Sun
15:11:10,62,Archer,,Sat
06:52:41,146,Inner Lake Shore/Michigan Express,,Sat
14:22:44,29,State,,Sun
10:45:23,6,Jackson Park Express,,Mon,Tue,Wed,Thu,Fri
10:49:40,36,Broadway,,Sat
18:06:12,36,Broadway,,Mon,Tue,Wed,Thu,Fri
00:30:28,29,State,,Sun
16:52:53,29,State,,Sat
14:32:40,36,Broadway,,Sat
17:39:09,29,State,,Mon,Tue,Wed,Thu,Fri
21:26:26,146,Inner Lake Shore/Michigan Express,,Mon,Tue,Wed,Thu,Fri
07:30:47,2,Hyde Park Express,,Mon,Tue,Wed,Thu,Fri
24:17:23,36,Broadway,,Sun
06:37:37,36,Broadway,,Sun
08:46:18,146,Inner Lake Shore/Michigan Express,,Mon,Tue,Wed,Thu,Fri
06:37:01,146,Inner Lake Shore/Michigan Express,,Mon,Tue,Wed,Thu,Fri
18:18:12,36,Broadway,,Mon,Tue,Wed,Thu,Fri
08:18:44,29,State,,Mon,Tue,Wed,Thu,Fri
22:20:40,6,Jackson Park Express,,Sun
20:58:40,6,Jackson Park Express,,Sun
16:47:58,6,Jackson Park Express,,Sat
16:41:25,6,Jackson Park Express,,Sat
15:59:56,36,Broadway,,Mon,Tue,Wed,Thu,Fri
17:32:58,6,Jackson Park Express,,Sat
23:36:53,6,Jackson Park Express,,Mon,Tue,Wed,Thu,Fri
05:38:05,29,State,,Sat
16:42:31,62,Archer,,Mon,Tue,Wed,Thu,Fri
06:42:04,62,Archer,,Sun
17:15:07,146,Inner Lake Shore/Michigan Express,,Sat
22:59:23,36,Broadway,,Sun
08:29:51,29,State,,Sat
07:42:48,148,Clarendon/Michigan Express,,Mon,Tue,Wed,Thu,Fri
16:24:02,62,Archer,,Sun
11:20:41,36,Broadway,,Mon,Tue,Wed,Thu,Fri
14:23:40,36,Broadway,,Sat
18:12:17,146,Inner Lake Shore/Michigan Express,,Sun
18:29:26,36,Broadway,,Mon,Tue,Wed,Thu,Fri
09:18:02,62,Archer,,Mon,Tue,Wed,Thu,Fri
12:43:58,6,Jackson Park Express,,Sun
14:28:12,62,Archer,,Mon,Tue,Wed,Thu,Fri
22:16:49,6,Jackson Park Express,,Sun
17:05:13,36,Broadway,,Mon,Tue,Wed,Thu,Fri
16:06:25,36,Broadway,,Sat
09:19:55,6,Jackson Park Express,,Mon,Tue,Wed,Thu,Fri
20:07:17,146,Inner Lake Shore/Michigan Express,,Sat
18:56:24,36,Broadway,,Sat
19:44:46,6,Jackson Park Express,,Sat
08:07:40,6,Jackson Park Express,,Sun
17:53:10,62,Archer,,Sat
21:00:10,36,Broadway,,Mon,Tue,Wed,Thu,Fri
07:28:31,6,Jackson Park Express,,Mon,Tue,Wed,Thu,Fri
05:26:53,6,Jackson Park Express,,Mon,Tue,Wed,Thu,Fri
08:14:28,29,State,,Sun
13:54:53,29,State,,Mon,Tue,Wed,Thu,Fri
01:26:04,62,Archer,,Mon
13:50:44,29,State,,Sun
10:19:26,146,Inner Lake Shore/Michigan Express,,Sun
05:36:42,29,State,,Mon,Tue,Wed,Thu,Fri
00:09:52,62,Archer,,Tue,Wed,Thu,Fri,Sat
18:07:53,29,State,,Sat
12:17:46,6,Jackson Park Express,,Sat
17:39:37,146,Inner Lake Shore/Michigan Express,,Sat
09:43:26,36,Broadway,,Mon,Tue,Wed,Thu,Fri
06:58:37,62,Archer,,Mon,Tue,Wed,Thu,Fri
00:39:52,62,Archer,,Tue,Wed,Thu,Fri,Sat
13:44:10,62,Archer,,Sat
14:27:30,29,State,,Sat
17:50:24,36,Broadway,,Sun
23:14:39,36,Broadway,,Mon,Tue,Wed,Thu,Fri
19:56:19,6,Jackson Park Express,,Sun
10:56:37,146,Inner Lake Shore/Michigan Express,,Mon,Tue,Wed,Thu,Fri
09:25:37,29,State,,Mon,Tue,Wed,Thu,Fri
00:24:40,62,Archer,,Sun
16:41:02,62,Archer,,Sun
07:53:26,146,Inner Lake Shore/Michigan Express,,Mon,Tue,Wed,Thu,Fri
20:35:40,36,Broadway,,Sat
13:52:58,6,Jackson Park Express,,Sun
11:23:44,29,State,,Sun
17:23:28,6,Jackson Park Express,,Mon,Tue,Wed,Thu,Fri
16:13:31,62,Archer,,Mon,Tue,Wed,Thu,Fri
15:47:56,36,Broadway,,Mon,Tue,Wed,Thu,Fri
09:09:23,6,Jackson Park Express,,Mon,Tue,Wed,Thu,Fri
17:38:10,62,Archer,,Sat
17:20:23,29,State,,Sat
17:58:23,29,State,,Sat
17:10:53,29,State,,Sat
21:57:49,6,Jackson Park Express,,Sat
15:46:16,29,State,,Mon,Tue,Wed,Thu,Fri
13:34:35,62,Archer,,Mon,Tue,Wed,Thu,Fri
08:08:09,36,Broadway,,Sun
11:20:25,62,Archer,,Sun
13:39:40,36,Broadway,,Sun
14:14:40,36,Broadway,,Sat
10:01:37,29,State,,Sat
18:14:46,29,State,,Mon,Tue,Wed,Thu,Fri
05:29:34,62,Archer,,Mon,Tue,Wed,Thu,Fri
13:42:47,146,Inner Lake Shore/Michigan Express,,Sun
12:43:02,146,Inner Lake Shore/Michigan Express,,Mon,Tue,Wed,Thu,Fri
14:59:02,62,Archer,,Sun
13:07:12,146,Inner Lake Shore/Michigan Express,,Sat
22:50:23,6,Jackson Park Express,,Mon,Tue,Wed,Thu,Fri
11:40:07,29,State,,Sat
07:49:40,6,Jackson Park Express,,Sun
20:57:37,29,State,,Mon,Tue,Wed,Thu,Fri
19:43:09,36,Broadway,,Sun
11:23:44,29,State,,Sun
19:06:10,36,Broadway,,Mon,Tue,Wed,Thu,Fri
08:09:24,36,Broadway,,Sat
13:51:47,146,Inner Lake Shore/Michigan Express,,Sun
18:40:58,6,Jackson Park Express,,Sat
07:39:41,62,Archer,,Sun
20:21:24,36,Broadway,,Sat
15:40:31,62,Archer,,Mon,Tue,Wed,Thu,Fri
10:35:37,29,State,,Sat
12:09:55,62,Archer,,Sun
10:41:58,6,Jackson Park Express,,Sat
21:33:54,36,Broadway,,Sat
14:14:28,6,Jackson Park Express,,Sat
07:17:23,6,Jackson Park Express,,Mon,Tue,Wed,Thu,Fri
15:13:43,6,Jackson Park Express,,Mon,Tue,Wed,Thu,Fri
14:39:30,29,State,,Sat
14:27:30,29,State,,Sat
09:38:48,146,Inner Lake Shore/Michigan Express,,Mon,Tue,Wed,Thu,Fri
06:41:40,36,Broadway,,Mon,Tue,Wed,Thu,Fri
10:40:21,146,Inner Lake Shore/Michigan Express,,Sun
11:20:42,146,Inner Lake Shore/Michigan Express,,Sat
10:00:18,62,Archer,,Sun
07:19:22,148,Clarendon/Michigan Express,,Mon,Tue,Wed,Thu,Fri
01:39:52,62,Archer,,Mon
19:37:25,62,Archer,,Sun
09:17:27,148,Clarendon/Michigan Express,,Mon,Tue,Wed,Thu,Fri
17:59:12,62,Archer,,Mon,Tue,Wed,Thu,Fri
05:34:53,36,Broadway,,Sat
00:42:10,6,Jackson Park Express,,Tue,Wed,Thu,Fri,Sat
23:07:40,6,Jackson Park Express,,Sun
11:40:07,29,State,,Sat
19:10:24,36,Broadway,,Sat
09:29:19,6,Jackson Park Express,,Sat
15:33:30,29,State,,Sat
13:17:02,62,Archer,,Sun
14:01:54,62,Archer,,Mon,Tue,Wed,Thu,Fri
06:12:05,29,State,,Mon,Tue,Wed,Thu,Fri
14:50:40,36,Broadway,,Sat
18:08:10,62,Archer,,Sat
20:09:53,36,Broadway,,Sun
22:12:51,29,State,,Sun
18:04:19,2,Hyde Park Express,,Mon,Tue,Wed,Thu,Fri
05:55:01,146,Inner Lake Shore/Michigan Express,,Mon,Tue,Wed,Thu,Fri
10:03:07,146,Inner Lake Shore/Michigan Express,,Sat
12:19:32,146,Inner Lake Shore/Michigan Express,,Sat
17:08:47,146,Inner Lake Shore/Michigan Express,,Sun
09:41:17,2,Hyde Park Express,,Mon,Tue,Wed,Thu,Fri
10:00:18,62,Archer,,Sun
20:33:28,6,Jackson Park Express,,Sat
12:03:17,146,Inner Lake Shore/Michigan Express,,Sun
18:22:17,146,Inner Lake Shore/Michigan Express,,Sun
16:18:02,146,Inner Lake Shore/Michigan Express,,Mon,Tue,Wed,Thu,Fri
05:13:53,36,Broadway,,Sat
10:12:24,36,Broadway,,Sun
18:47:28,6,Jackson Park Express,,Sun
15:03:16,29,State,,Mon,Tue,Wed,Thu,Fri
17:57:10,36,Broadway,,Sat
09:04:39,36,Broadway,,Sun
16:29:58,6,Jackson Park Express,,Sat
09:17:42,36,Broadway,,Mon,Tue,Wed,Thu,Fri
23:30:40,6,Jackson Park Express,,Sat
08:34:39,148,Clarendon/Michigan Express,,Mon,Tue,Wed,Thu,Fri
12:03:32,146,Inner Lake Shore/Michigan Express,,Sat
04:39:52,62,Archer,,Sun
19:47:12,146,Inner Lake Shore/Michigan Express,,Mon,Tue,Wed,Thu,Fri
09:44:07,62,Archer,,Sat
16:58:54,36,Broadway,,Sun
21:40:56,146,Inner Lake Shore/Michigan Express,,Mon,Tue,Wed,Thu,Fri
20:02:07,29,State,,Sat
15:23:30,29,State,,Sat
14:00:47,146,Inner Lake Shore/Michigan Express,,Sun
08:04:10,6,Jackson Park Express,,Sat
03:39:52,62,Archer,,Mon,Tue,Wed,Thu,Fri
15:42:37,146,Inner Lake Shore/Michigan Express,,Sat
18:39:30,29,State,,Sat
17:20:23,29,State,,Sat
07:18:47,146,Inner Lake Shore/Michigan Express,,Mon,Tue,Wed,Thu,Fri
08:42:24,36,Broadway,,Sat
07:42:26,146,Inner Lake Shore/Michigan Express,,Mon,Tue,Wed,Thu,Fri
22:21:54,36,Broadway,,Sat
18:51:23,29,State,,Mon,Tue,Wed,Thu,Fri
09:09:57,146,Inner Lake Shore/Michigan Express,,Mon,Tue,Wed,Thu,Fri
16:07:32,146,Inner Lake Shore/Michigan Express,,Mon,Tue,Wed,Thu,Fri
17:15:07,146,Inner Lake Shore/Michigan Express,,Sat
08:03:01,148,Clarendon/Michigan Express,,Mon,Tue,Wed,Thu,Fri
20:44:55,62,Archer,,Sun
23:45:48,62,Archer,,Sun
21:35:49,6,Jackson Park Express,,Sun
12:42:16,6,Jackson Park Express,,Sun
09:43:26,36,Broadway,,Mon,Tue,Wed,Thu,Fri
12:32:04,6,Jackson Park Express,,Mon,Tue,Wed,Thu,Fri
21:01:25,62,Archer,,Sat
15:15:02,146,Inner Lake Shore/Michigan Express,,Mon,Tue,Wed,Thu,Fri
16:53:13,36,Broadway,,Mon,Tue,Wed,Thu,Fri
17:33:12,146,Inner Lake Shore/Michigan Express,,Mon,Tue,Wed,Thu,Fri
13:18:40,36,Broadway,,Sat
10:33:02,62,Archer,,Mon,Tue,Wed,Thu,Fri
22:33:44,29,State,,Mon,Tue,Wed,Thu,Fri
07:35:10,6,Jackson Park Express,,Sat
17:15:39,29,State,,Mon,Tue,Wed,Thu,Fri
20:12:40,62,Archer,,Mon,Tue,Wed,Thu,Fri
08:43:10,6,Jackson Park Express,,Mon,Tue,Wed,Thu,Fri
16:41:02,62,Archer,,Sun
20:02:37,29,State,,Mon,Tue,Wed,Thu,Fri
01:24:40,62,Archer,,Tue,Wed,Thu,Fri,Sat
18:51:28,6,Jackson Park Express,,Sat
22:05:40,6,Jackson Park Express,,Sat
06:58:26,146,Inner Lake Shore/Michigan Express,,Mon,Tue,Wed,Thu,Fri
10:22:02,62,Archer,,Sat
09:03:05,148,Clarendon/Michigan Express,,Mon,Tue,Wed,Thu,Fri
13:32:26,36,Broadway,,Mon,Tue,Wed,Thu,Fri
16:20:37,6,Jackson Park Express,,Sun
00:09:52,62,Archer,,Sun
11:40:14,29,State,,Sun
19:10:24,36,Broadway,,Sat
12:35:32,146,Inner Lake Shore/Michigan Express,,Sat
08:56:51,29,State,,Sun
16:33:01,62,Archer,,Mon,Tue,Wed,Thu,Fri
19:48:02,62,Archer,,Sat
06:36:46,146,Inner Lake Shore/Michigan Express,,Sun
05:16:42,29,State,,Mon,Tue,Wed,Thu,Fri
10:18:37,29,State,,Sat
09:28:01,2,Hyde Park Express,,Mon,Tue,Wed,Thu,Fri
07:56:43,148,Clarendon/Michigan Express,,Mon,Tue,Wed,Thu,Fri
06:16:23,36,Broadway,,Sat
14:14:02,146,Inner Lake Shore/Michigan Express,,Mon,Tue,Wed,Thu,Fri
21:03:24,36,Broadway,,Sat
17:51:16,29,State,,Mon,Tue,Wed,Thu,Fri
19:56:23,36,Broadway,,Sun
18:02:58,6,Jackson Park Express,,Sun
00:10:04,62,Archer,,Mon
00:54:40,62,Archer,,Tue,Wed,Thu,Fri,Sat
22:01:49,6,Jackson Park Express,,Sun
21:53:10,6,Jackson Park Express,,Sat
14:34:58,6,Jackson Park Express,,Sun
12:51:21,146,Inner Lake Shore/Michigan Express,,Sun
12:29:44,29,State,,Sun
13:56:07,146,Inner Lake Shore/Michigan Express,,Sat
05:55:01,146,Inner Lake Shore/Michigan Express,,Mon,Tue,Wed,Thu,Fri
22:36:24,36,Broadway,,Sat
11:07:21,146,Inner Lake Shore/Michigan Express,,Sun
13:00:40,62,Archer,,Sat
10:34:37,146,Inner Lake Shore/Michigan Express,,Mon,Tue,Wed,Thu,Fri
08:56:42,36,Broadway,,Mon,Tue,Wed,Thu,Fri
06:41:40,36,Broadway,,Mon,Tue,Wed,Thu,Fri
14:04:02,146,Inner Lake Shore/Michigan Express,,Mon,Tue,Wed,Thu,Fri
20:21:24,36,Broadway,,Sat
11:33:41,36,Broadway,,Mon,Tue,Wed,Thu,Fri
05:09:40,62,Archer,,Sat
08:46:18,146,Inner Lake Shore/Michigan Express,,Mon,Tue,Wed,Thu,Fri
08:38:48,62,Archer,,Sat
17:07:22,146,Inner Lake Shore/Michigan Express,,Mon,Tue,Wed,Thu,Fri
09:57:14,62,Archer,,Sat
15:11:10,62,Archer,,Sat
15:06:28,6,Jackson Park Express,,Sun
20:44:46,6,Jackson Park Express,,Mon,Tue,Wed,Thu,Fri
14:30:16,29,State,,Mon,Tue,Wed,Thu,Fri
21:06:48,62,Archer,,Sun
13:44:10,62,Archer,,Sat
08:28:23,36,Broadway,,Sun
07:59:36,146,Inner Lake Shore/Michigan Express,,Sun
08:13:56,36,Broadway,,Mon,Tue,Wed,Thu,Fri
10:28:07,146,Inner Lake Shore/Michigan Express,,Mon,Tue,Wed,Thu,Fri
04:52:53,36,Broadway,,Sat
04:52:37,36,Broadway,,Sun
20:45:47,146,Inner Lake Shore/Michigan Express,,Sat
06:47:01,146,Inner Lake Shore/Michigan Express,,Mon,Tue,Wed,Thu,Fri
17:25:01,62,Archer,,Mon,Tue,Wed,Thu,Fri
13:00:21,146,Inner Lake Shore/Michigan Express,,Sun
22:14:09,36,Broadway,,Mon,Tue,Wed,Thu,Fri
08:21:01,2,Hyde Park Express,,Mon,Tue,Wed,Thu,Fri
13:04:30,29,State,,Mon,Tue,Wed,Thu,Fri
19:32:25,6,Jackson Park Express,,Mon,Tue,Wed,Thu,Fri
06:50:11,62,Archer,,Sat
23:53:48,62,Archer,,Mon,Tue,Wed,Thu,Fri
06:01:23,6,Jackson Park Express,,Sun
12:48:58,62,Archer,,Mon,Tue,Wed,Thu,Fri
09:29:31,146,Inner Lake Shore/Michigan Express,,Sun
22:54:21,29,State,,Mon,Tue,Wed,Thu,Fri
13:30:53,29,State,,Mon,Tue,Wed,Thu,Fri
18:20:54,62,Archer,,Mon,Tue,Wed,Thu,Fri
11:55:32,146,Inner Lake Shore/Michigan Express,,Sat
12:46:14,29,State,,Sun
23:01:51,146,Inner Lake Shore/Michigan Express,,Sat
00:54:40,62,Archer,,Sun
18:12:58,6,Jackson Park Express,,Sun
10:40:21,146,Inner Lake Shore/Michigan Express,,Sun
21:09:07,6,Jackson Park Express,,Mon,Tue,Wed,Thu,Fri
04:39:52,62,Archer,,Sun
13:08:10,36,Broadway,,Sun
08:04:44,29,State,,Mon,Tue,Wed,Thu,Fri
15:59:42,146,Inner Lake Shore/Michigan Express,,Sat
12:04:21,62,Archer,,Sat
20:31:49,6,Jackson Park Express,,Sun
05:07:01,6,Jackson Park Express,,Mon,Tue,Wed,Thu,Fri
15:56:25,6,Jackson Park Express,,Sat
13:29:40,36,Broadway,,Sun
11:06:30,29,State,,Mon,Tue,Wed,Thu,Fri
23:37:53,36,Broadway,,Sun
09:05:14,146,Inner Lake Shore/Michigan Express,,Mon,Tue,Wed,Thu,Fri
07:51:39,36,Broadway,,Sat
10:28:24,36,Broadway,,Sun
23:55:28,29,State,,Sun
20:20:46,6,Jackson Park Express,,Mon,Tue,Wed,Thu,Fri
15:17:31,62,Archer,,Mon,Tue,Wed,Thu,Fri
10:34:02,62,Archer,,Sat
20:06:54,36,Broadway,,Sat
23:48:23,6,Jackson Park Express,,Sun
16:33:00,29,State,,Sat
18:37:07,146,Inner Lake Shore/Michigan Express,,Mon,Tue,Wed,Thu,Fri
08:22:56,36,Broadway,,Mon,Tue,Wed,Thu,Fri
07:33:21,29,State,,Sun
18:09:54,62,Archer,,Mon,Tue,Wed,Thu,Fri
20:41:23,6,Jackson Park Express,,Mon,Tue,Wed,Thu,Fri
18:54:31,2,Hyde Park Express,,Mon,Tue,Wed,Thu,Fri
07:48:42,146,Inner Lake Shore/Michigan Express,,Mon,Tue,Wed,Thu,Fri
16:37:54,36,Broadway,,Sun
19:43:21,29,State,,Sun
18:49:37,29,State,,Sun
08:08:09,36,Broadway,,Sun
15:16:02,62,Archer,,Sun
08:04:44,29,State,,Mon,Tue,Wed,Thu,Fri
23:09:54,36,Broadway,,Sat
19:31:51,146,Inner Lake Shore/Michigan Express,,Sun
17:43:22,6,Jackson Park Express,,Mon,Tue,Wed,Thu,Fri
11:49:28,6,Jackson Park Express,,Sun
09:43:01,2,Hyde Park Express,,Mon,Tue,Wed,Thu,Fri
12:51:12,146,Inner Lake Shore/Michigan Express,,Sat
22:59:48,62,Archer,,Sun
19:33:07,29,State,,Mon,Tue,Wed,Thu,Fri
06:52:26,148,Clarendon/Michigan Express,,Mon,Tue,Wed,Thu,Fri
08:33:02,62,Archer,,Mon,Tue,Wed,Thu,Fri
00:20:28,29,State,,Mon
10:16:58,6,Jackson Park Express,,Sat
19:12:30,29,State,,Sat
18:58:17,62,Archer,,Mon,Tue,Wed,Thu,Fri
15:54:40,62,Archer,,Sat
06:31:11,62,Archer,,Sat
16:09:10,62,Archer,,Sat
10:12:24,36,Broadway,,Sun
09:05:42,36,Broadway,,Mon,Tue,Wed,Thu,Fri
08:45:35,148,Clarendon/Michigan Express,,Mon,Tue,Wed,Thu,Fri
18:12:17,146,Inner Lake Shore/Michigan Express,,Sun
14:17:53,29,State,,Mon,Tue,Wed,Thu,Fri
07:21:14,29,State,,Mon,Tue,Wed,Thu,Fri
18:14:24,36,Broadway,,Sun
17:49:12,62,Archer,,Mon,Tue,Wed,Thu,Fri
19:00:46,6,Jackson Park Express,,Sat
22:05:14,29,State,,Sat
09:55:37,146,Inner Lake Shore/Michigan Express,,Sat
22:08:53,36,Broadway,,Sun
22:58:31,146,Inner Lake Shore/Michigan Express,,Sun
17:59:07,29,State,,Sun
17:57:10,36,Broadway,,Sat
20:56:23,36,Broadway,,Sun
13:44:37,6,Jackson Park Express,,Sun
13:32:46,6,Jackson Park Express,,Sat
17:09:24,36,Broadway,,Sun
23:18:31,146,Inner Lake Shore/Michigan Express,,Mon,Tue,Wed,Thu,Fri
21:41:25,62,Archer,,Sat
16:52:01,62,Archer,,Mon,Tue,Wed,Thu,Fri
19:30:09,36,Broadway,,Sun
13:03:02,146,Inner Lake Shore/Michigan Express,,Mon,Tue,Wed,Thu,Fri
09:16:36,146,Inner Lake Shore/Michigan Express,,Sun
23:32:31,6,Jackson Park Express,,Sun
13:42:53,29,State,,Mon,Tue,Wed,Thu,Fri
17:21:37,29,State,,Sun
22:14:18,62,Archer,,Sun
22:59:31,146,Inner Lake Shore/Michigan Express,,Mon,Tue,Wed,Thu,Fri
09:55:37,146,Inner Lake Shore/Michigan Express,,Sat
17:32:12,62,Archer,,Mon,Tue,Wed,Thu,Fri
15:42:00,29,State,,Sun
17:35:25,6,Jackson Park Express,,Sat
15:02:37,146,Inner Lake Shore/Michigan Express,,Sat
14:00:47,146,Inner Lake Shore/Michigan Express,,Sun
05:57:23,6,Jackson Park Express,,Sun
06:26:23,6,Jackson Park Express,,Sun
16:37:54,36,Broadway,,Sun
07:22:53,36,Broadway,,Sun
06:26:49,6,Jackson Park Express,,Mon,Tue,Wed,Thu,Fri
08:12:30,62,Archer,,Sat
16:59:25,6,Jackson Park Express,,Sat
23:31:18,62,Archer,,Mon,Tue,Wed,Thu,Fri
06:51:07,6,Jackson Park Express,,Mon,Tue,Wed,Thu,Fri
08:58:24,36,Broadway,,Sat
16:49:37,146,Inner Lake Shore/Michigan Express,,Sat
08:51:48,62,Archer,,Sat
05:07:53,36,Broadway,,Mon,Tue,Wed,Thu,Fri
00:39:52,62,Archer,,Sun
00:54:40,62,Archer,,Mon
22:01:25,62,Archer,,Sat
13:38:28,6,Jackson Park Express,,Sat
11:33:21,62,Archer,,Mon,Tue,Wed,Thu,Fri
17:14:58,6,Jackson Park Express,,Sat
07:53:31,146,Inner Lake Shore/Michigan Express,,Sat
18:56:59,2,Hyde Park Express,,Mon,Tue,Wed,Thu,Fri
18:53:55,36,Broadway,,Mon,Tue,Wed,Thu,Fri
00:48:40,6,Jackson Park Express,,Sun
13:18:21,146,Inner Lake Shore/Michigan Express,,Sun
17:59:12,62,Archer,,Mon,Tue,Wed,Thu,Fri
10:49:21,29,State,,Sun
16:44:00,29,State,,Sun
18:09:54,62,Archer,,Mon,Tue,Wed,Thu,Fri
10:31:21,146,Inner Lake Shore/Michigan Express,,Sun
20:17:07,29,State,,Sat
08:18:00,62,Archer,,Sun
11:57:00,29,State,,Sat
00:46:23,6,Jackson Park Express,,Tue,Wed,Thu,Fri,Sat
15:16:58,6,Jackson Park Express,,Sun
17:11:07,6,Jackson Park Express,,Sun
10:41:37,146,Inner Lake Shore/Michigan Express,,Mon,Tue,Wed,Thu,Fri
07:15:53,36,Broadway,,Sat
22:53:39,36,Broadway,,Mon,Tue,Wed,Thu,Fri
11:52:10,36,Broadway,,Sat
08:16:31,146,Inner Lake Shore/Michigan Express,,Sat
08:46:37,29,State,,Mon,Tue,Wed,Thu,Fri
17:17:13,36,Broadway,,Mon,Tue,Wed,Thu,Fri
12:36:25,36,Broadway,,Sun
16:50:25,6,Jackson Park Express,,Sat
18:26:54,36,Broadway,,Sun
17:23:37,146,Inner Lake Shore/Michigan Express,,Sat
11:06:28,6,Jackson Park Express,,Sat
10:40:37,146,Inner Lake Shore/Michigan Express,,Sat
17:02:25,36,Broadway,,Sat
18:24:04,2,Hyde Park Express,,Mon,Tue,Wed,Thu,Fri
16:19:00,29,State,,Sun
22:21:54,36,Broadway,,Sat
16:23:30,29,State,,Sat
16:07:32,146,Inner Lake Shore/Michigan Express,,Mon,Tue,Wed,Thu,Fri
10:59:02,62,Archer,,Sat
17:53:13,36,Broadway,,Mon,Tue,Wed,Thu,Fri
18:03:16,29,State,,Mon,Tue,Wed,Thu,Fri
17:34:14,29,State,,Sun
19:53:12,146,Inner Lake Shore/Michigan Express,,Sat
13:30:53,29,State,,Mon,Tue,Wed,Thu,Fri
19:15:37,29,State,,Sun
01:39:52,62,Archer,,Tue,Wed,Thu,Fri,Sat
21:20:26,146,Inner Lake Shore/Michigan Express,,Sun
14:41:40,36,Broadway,,Sat
18:27:31,2,Hyde Park Express,,Mon,Tue,Wed,Thu,Fri
16:03:43,6,Jackson Park Express,,Mon,Tue,Wed,Thu,Fri
22:48:19,6,Jackson Park Express,,Sat
09:57:14,62,Archer,,Sat
16:14:25,6,Jackson Park Express,,Sat
18:24:40,36,Broadway,,Sat
12:43:32,146,Inner Lake Shore/Michigan Express,,Sat
16:42:58,6,Jackson Park Express,,Mon,Tue,Wed,Thu,Fri
08:35:28,29,State,,Sun
11:55:32,146,Inner Lake Shore/Michigan Express,,Sat
20:22:56,146,Inner Lake Shore/Michigan Express,,Sun
09:48:02,62,Archer,,Mon,Tue,Wed,Thu,Fri
05:55:53,36,Broadway,,Sat
18:45:35,62,Archer,,Mon,Tue,Wed,Thu,Fri
21:39:31,146,Inner Lake Shore/Michigan Express,,Sun
06:28:58,29,State,,Sun
20:29:21,62,Archer,,Mon,Tue,Wed,Thu,Fri
14:42:10,62,Archer,,Sat
17:06:37,146,Inner Lake Shore/Michigan Express,,Sat
09:23:47,146,Inner Lake Shore/Michigan Express,,Sat
15:09:58,6,Jackson Park Express,,Sat
17:49:12,62,Archer,,Mon,Tue,Wed,Thu,Fri
15:35:56,36,Broadway,,Mon,Tue,Wed,Thu,Fri
07:58:41,62,Archer,,Sun
14:18:47,146,Inner Lake Shore/Michigan Express,,Sun
08:56:44,146,Inner Lake Shore/Michigan Express,,Mon,Tue,Wed,Thu,Fri
15:50:37,146,Inner Lake Shore/Michigan Express,,Sat
17:45:12,146,Inner Lake Shore/Michigan Express,,Mon,Tue,Wed,Thu,Fri
12:29:16,6,Jackson Park Express,,Sun
12:11:10,36,Broadway,,Sun
09:00:27,146,Inner Lake Shore/Michigan Express,,Mon,Tue,Wed,Thu,Fri
08:56:44,146,Inner Lake Shore/Michigan Express,,Mon,Tue,Wed,Thu,Fri
08:36:53,148,Clarendon/Michigan Express,,Mon,Tue,Wed,Thu,Fri
15:45:24,36,Broadway,,Sun
14:35:25,6,Jackson Park Express,,Sat
08:17:27,148,Clarendon/Michigan Express,,Mon,Tue,Wed,Thu,Fri
18:36:37,29,State,,Sun
13:24:47,146,Inner Lake Shore/Michigan Express,,Sun
14:54:37,146,Inner Lake Shore/Michigan Express,,Sat
13:00:40,62,Archer,,Sat
14:15:00,29,State,,Sat
21:40:56,146,Inner Lake Shore/Michigan Express,,Mon,Tue,Wed,Thu,Fri
08:51:48,62,Archer,,Sat
18:04:37,146,Inner Lake Shore/Michigan Express,,Sat
20:22:56,146,Inner Lake Shore/Michigan Express,,Sun
05:54:42,29,State,,Mon,Tue,Wed,Thu,Fri
20:16:21,29,State,,Sun
00:50:28,29,State,,Sun
09:47:58,6,Jackson Park Express,,Sun
21:39:31,146,Inner Lake Shore/Michigan Express,,Sun
12:25:00,29,State,,Mon,Tue,Wed,Thu,Fri
09:42:07,6,Jackson Park Express,,Sat
17:23:10,62,Archer,,Sat
17:10:53,29,State,,Sat
20:43:51,146,Inner Lake Shore/Michigan Express,,Mon,Tue,Wed,Thu,Fri
16:58:07,146,Inner Lake Shore/Michigan Express,,Sat
23:15:51,29,State,,Mon,Tue,Wed,Thu,Fri
11:21:40,36,Broadway,,Sat
10:29:28,6,Jackson Park Express,,Sat
10:10:37,146,Inner Lake Shore/Michigan Express,,Sat
06:28:58,29,State,,Mon,Tue,Wed,Thu,Fri
21:26:26,146,Inner Lake Shore/Michigan Express,,Mon,Tue,Wed,Thu,Fri
16:59:47,146,Inner Lake Shore/Michigan Express,,Sun
19:21:37,146,Inner Lake Shore/Michigan Express,,Mon,Tue,Wed,Thu,Fri
14:36:47,146,Inner Lake Shore/Michigan Express,,Sun
11:25:21,146,Inner Lake Shore/Michigan Express,,Sun
16:24:02,62,Archer,,Sun
20:34:21,29,State,,Sun
16:05:25,6,Jackson Park Express,,Sat
14:17:53,29,State,,Mon,Tue,Wed,Thu,Fri
00:24:40,62,Archer,,Mon
20:56:23,36,Broadway,,Sun
07:27:31,146,Inner Lake Shore/Michigan Express,,Mon,Tue,Wed,Thu,Fri
15:43:30,29,State,,Sat
09:26:49,6,Jackson Park Express,,Sun
16:33:22,6,Jackson Park Express,,Mon,Tue,Wed,Thu,Fri
19:15:51,146,Inner Lake Shore/Michigan Express,,Sun
16:52:53,29,State,,Sat
09:56:24,36,Broadway,,Sun
23:18:23,36,Broadway,,Sun
13:19:10,36,Broadway,,Sun
06:56:46,146,Inner Lake Shore/Michigan Express,,Sun
15:26:37,146,Inner Lake Shore/Michigan Express,,Sat
20:21:28,6,Jackson Park Express,,Sat
18:28:30,29,State,,Sat
17:15:02,62,Archer,,Sun
23:07:10,6,Jackson Park Express,,Mon,Tue,Wed,Thu,Fri
05:36:42,29,State,,Mon,Tue,Wed,Thu,Fri
10:13:37,146,Inner Lake Shore/Michigan Express,,Mon,Tue,Wed,Thu,Fri
15:23:56,36,Broadway,,Mon,Tue,Wed,Thu,Fri
06:13:53,6,Jackson Park Express,,Mon,Tue,Wed,Thu,Fri
17:26:25,6,Jackson Park Express,,Sat
01:09:52,62,Archer,,Sun
10:15:48,62,Archer,,Sun
11:24:07,29,State,,Sat
19:18:37,29,State,,Mon,Tue,Wed,Thu,Fri
21:36:07,6,Jackson Park Express,,Mon,Tue,Wed,Thu,Fri
16:09:09,29,State,,Mon,Tue,Wed,Thu,Fri
10:20:37,146,Inner Lake Shore/Michigan Express,,Mon,Tue,Wed,Thu,Fri
12:12:32,146,Inner Lake Shore/Michigan Express,,Mon,Tue,Wed,Thu,Fri
22:24:31,146,Inner Lake Shore/Michigan Express,,Mon,Tue,Wed,Thu,Fri
08:14:56,146,Inner Lake Shore/Michigan Express,,Mon,Tue,Wed,Thu,Fri
06:51:26,148,Clarendon/Michigan Express,,Mon,Tue,Wed,Thu,Fri
15:40:31,62,Archer,,Mon,Tue,Wed,Thu,Fri
08:51:35,148,Clarendon/Michigan Express,,Mon,Tue,Wed,Thu,Fri
11:20:23,6,Jackson Park Express,,Mon,Tue,Wed,Thu,Fri
11:04:42,146,Inner Lake Shore/Michigan Express,,Sat
10:10:26,146,Inner Lake Shore/Michigan Express,,Sun
15:57:02,146,Inner Lake Shore/Michigan Express,,Mon,Tue,Wed,Thu,Fri
09:32:25,6,Jackson Park Express,,Mon,Tue,Wed,Thu,Fri
09:33:02,146,Inner Lake Shore/Michigan Express,,Mon,Tue,Wed,Thu,Fri
13:47:12,146,Inner Lake Shore/Michigan Express,,Sat
09:46:02,146,Inner Lake Shore/Michigan Express,,Mon,Tue,Wed,Thu,Fri
17:40:12,62,Archer,,Mon,Tue,Wed,Thu,Fri
15:40:10,62,Archer,,Sat
07:01:10,6,Jackson Park Express,,Sat
13:05:41,36,Broadway,,Mon,Tue,Wed,Thu,Fri
24:07:53,6,Jackson Park Express,,Mon,Tue,Wed,Thu,Fri
22:51:44,29,State,,Sat
17:30:24,36,Broadway,,Sun
20:40:53,36,Broadway,,Sun
19:24:31,2,Hyde Park Express,,Mon,Tue,Wed,Thu,Fri
06:00:31,6,Jackson Park Express,,Mon,Tue,Wed,Thu,Fri
15:34:37,146,Inner Lake Shore/Michigan Express,,Sat
10:01:26,146,Inner Lake Shore/Michigan Express,,Sun
11:17:46,6,Jackson Park Express,,Sat
22:08:53,36,Broadway,,Sun
15:33:02,62,Archer,,Sun
10:56:42,146,Inner Lake Shore/Michigan Express,,Sat
08:07:04,2,Hyde Park Express,,Mon,Tue,Wed,Thu,Fri
09:25:37,29,State,,Mon,Tue,Wed,Thu,Fri
14:47:37,6,Jackson Park Express,,Sun
22:54:21,29,State,,Mon,Tue,Wed,Thu,Fri
16:33:01,62,Archer,,Mon,Tue,Wed,Thu,Fri
13:56:28,6,Jackson Park Express,,Sat
09:21:23,6,Jackson Park Express,,Mon,Tue,Wed,Thu,Fri
12:02:16,6,Jackson Park Express,,Sun
22:19:53,6,Jackson Park Express,,Mon,Tue,Wed,Thu,Fri
11:51:21,62,Archer,,Sat
16:58:54,36,Broadway,,Sun
14:16:07,6,Jackson Park Express,,Sun
09:32:05,148,Clarendon/Michigan Express,,Mon,Tue,Wed,Thu,Fri
18:16:01,2,Hyde Park Express,,Mon,Tue,Wed,Thu,Fri
20:47:37,29,State,,Sat
14:28:07,146,Inner Lake Shore/Michigan Express,,Sat
06:08:54,36,Broadway,,Mon,Tue,Wed,Thu,Fri
09:41:31,146,Inner Lake Shore/Michigan Express,,Sun
15:06:01,62,Archer,,Mon,Tue,Wed,Thu,Fri
14:38:44,29,State,,Sun
12:19:32,146,Inner Lake Shore/Michigan Express,,Sat
05:07:53,36,Broadway,,Mon,Tue,Wed,Thu,Fri
06:57:23,36,Broadway,,Sat
17:55:47,146,Inner Lake Shore/Michigan Express,,Mon,Tue,Wed,Thu,Fri
12:38:00,29,State,,Mon,Tue,Wed,Thu,Fri
10:28:24,36,Broadway,,Sun
23:52:23,6,Jackson Park Express,,Mon,Tue,Wed,Thu,Fri
01:39:52,62,Archer,,Mon
10:28:00,29,State,,Mon,Tue,Wed,Thu,Fri
17:48:07,146,Inner Lake Shore/Michigan Express,,Sat
15:29:37,6,Jackson Park Express,,Sun
07:03:51,29,State,,Mon,Tue,Wed,Thu,Fri
17:56:37,146,Inner Lake Shore/Michigan Express,,Sat
18:35:17,146,Inner Lake Shore/Michigan Express,,Sun
06:43:23,6,Jackson Park Express,,Sat
20:17:10,6,Jackson Park Express,,Sat
11:31:46,6,Jackson Park Express,,Sun
22:31:49,6,Jackson Park Express,,Sun
12:51:00,29,State,,Mon,Tue,Wed,Thu,Fri
10:06:07,6,Jackson Park Express,,Sat
15:35:56,36,Broadway,,Mon,Tue,Wed,Thu,Fri
09:42:28,6,Jackson Park Express,,Sat
08:48:42,36,Broadway,,Mon,Tue,Wed,Thu,Fri
19:05:00,29,State,,Mon,Tue,Wed,Thu,Fri
19:48:07,29,State,,Sat
17:12:58,6,Jackson Park Express,,Mon,Tue,Wed,Thu,Fri
01:08:40,6,Jackson Park Express,,Sun
19:52:28,6,Jackson Park Express,,Sat
21:28:40,6,Jackson Park Express,,Sat
02:39:52,62,Archer,,Mon
08:02:13,148,Clarendon/Michigan Express,,Mon,Tue,Wed,Thu,Fri
18:51:54,36,Broadway,,Sun
16:19:58,6,Jackson Park Express,,Sun
08:19:32,62,Archer,,Mon,Tue,Wed,Thu,Fri
18:50:30,29,State,,Sat
07:31:32,62,Archer,,Mon,Tue,Wed,Thu,Fri
12:40:40,6,Jackson Park Express,,Mon,Tue,Wed,Thu,Fri
12:51:21,146,Inner Lake Shore/Michigan Express,,Sun
16:03:49,2,Hyde Park Express,,Mon,Tue,Wed,Thu,Fri
12:48:25,36,Broadway,,Sun
16:06:47,146,Inner Lake Shore/Michigan Express,,Sun
10:15:37,29,State,,Mon,Tue,Wed,Thu,Fri
15:46:32,146,Inner Lake Shore/Michigan Express,,Mon,Tue,Wed,Thu,Fri
15:53:30,29,State,,Sat
06:16:37,36,Broadway,,Sun
09:52:48,146,Inner Lake Shore/Michigan Express,,Mon,Tue,Wed,Thu,Fri
14:51:00,29,State,,Sat
14:27:47,146,Inner Lake Shore/Michigan Express,,Sun
20:52:51,29,State,,Sun
10:49:21,146,Inner Lake Shore/Michigan Express,,Sun
14:42:10,36,Broadway,,Sun
07:58:12,146,Inner Lake Shore/Michigan Express,,Mon,Tue,Wed,Thu,Fri
04:52:37,36,Broadway,,Sun
11:32:04,6,Jackson Park Express,,Mon,Tue,Wed,Thu,Fri
13:57:26,36,Broadway,,Mon,Tue,Wed,Thu,Fri
20:04:23,6,Jackson Park Express,,Mon,Tue,Wed,Thu,Fri
21:00:26,146,Inner Lake Shore/Michigan Express,,Sun
11:33:41,36,Broadway,,Mon,Tue,Wed,Thu,Fri
17:56:37,146,Inner Lake Shore/Michigan Express,,Sat
08:13:56,36,Broadway,,Mon,Tue,Wed,Thu,Fri
12:07:40,6,Jackson Park Express,,Mon,Tue,Wed,Thu,Fri
05:30:39,36,Broadway,,Mon,Tue,Wed,Thu,Fri
20:53:10,6,Jackson Park Express,,Sat
16:09:28,6,Jackson Park Express,,Sun
19:37:25,62,Archer,,Sun
15:03:16,29,State,,Mon,Tue,Wed,Thu,Fri
22:15:07,29,State,,Mon,Tue,Wed,Thu,Fri
19:04:07,6,Jackson Park Express,,Sun
21:18:44,29,State,,Sat
22:58:31,146,Inner Lake Shore/Michigan Express,,Sun
15:42:00,29,State,,Sun
07:08:21,146,Inner Lake Shore/Michigan Express,,Mon,Tue,Wed,Thu,Fri
07:55:32,62,Archer,,Mon,Tue,Wed,Thu,Fri
21:21:49,6,Jackson Park Express,,Sat
17:56:49,6,Jackson Park Express,,Mon,Tue,Wed,Thu,Fri
17:29:13,36,Broadway,,Mon,Tue,Wed,Thu,Fri
12:11:10,36,Broadway,,Sun
08:37:48,146,Inner Lake Shore/Michigan Express,,Mon,Tue,Wed,Thu,Fri
18:43:07,146,Inner Lake Shore/Michigan Express,,Sat
23:13:21,29,State,,Sun
10:41:46,6,Jackson Park Express,,Sat
23:15:51,29,State,,Mon,Tue,Wed,Thu,Fri
22:35:40,6,Jackson Park Express,,Sun
17:55:47,146,Inner Lake Shore/Michigan Express,,Mon,Tue,Wed,Thu,Fri
10:35:37,29,State,,Sat
13:33:47,146,Inner Lake Shore/Michigan Express,,Sun
05:52:52,62,Archer,,Sat
06:24:01,146,Inner Lake Shore/Michigan Express,,Mon,Tue,Wed,Thu,Fri
19:20:25,6,Jackson Park Express,,Mon,Tue,Wed,Thu,Fri
08:36:31,146,Inner Lake Shore/Michigan Express,,Sat
10:48:02,62,Archer,,Mon,Tue,Wed,Thu,Fri
14:47:26,36,Broadway,,Mon,Tue,Wed,Thu,Fri
12:25:00,29,State,,Mon,Tue,Wed,Thu,Fri
22:24:25,62,Archer,,Mon,Tue,Wed,Thu,Fri
15:53:28,6,Jackson Park Express,,Sat
11:44:24,36,Broadway,,Sun
17:32:32,62,Archer,,Sun
08:25:48,62,Archer,,Sat
06:52:23,6,Jackson Park Express,,Mon,Tue,Wed,Thu,Fri
10:33:23,6,Jackson Park Express,,Mon,Tue,Wed,Thu,Fri
16:13:30,29,State,,Sat
16:53:13,36,Broadway,,Mon,Tue,Wed,Thu,Fri
02:09:52,62,Archer,,Mon
11:12:42,146,Inner Lake Shore/Michigan Express,,Sat
20:38:40,36,Broadway,,Mon,Tue,Wed,Thu,Fri
13:10:00,29,State,,Sat
13:34:35,62,Archer,,Mon,Tue,Wed,Thu,Fri
07:09:11,62,Archer,,Sat
17:51:07,6,Jackson Park Express,,Sun
10:33:07,146,Inner Lake Shore/Michigan Express,,Sat
18:50:30,29,State,,Sat
19:59:55,62,Archer,,Sun
22:02:21,146,Inner Lake Shore/Michigan Express,,Sat
08:33:07,29,State,,Mon,Tue,Wed,Thu,Fri
09:17:10,6,Jackson Park Express,,Sat
16:23:31,62,Archer,,Mon,Tue,Wed,Thu,Fri
07:20:22,62,Archer,,Sun
20:28:51,146,Inner Lake Shore/Michigan Express,,Mon,Tue,Wed,Thu,Fri
15:03:47,146,Inner Lake Shore/Michigan Express,,Sun
10:48:42,146,Inner Lake Shore/Michigan Express,,Sat
17:05:13,36,Broadway,,Mon,Tue,Wed,Thu,Fri
10:12:44,29,State,,Sun
22:36:14,29,State,,Sat
16:15:49,2,Hyde Park Express,,Mon,Tue,Wed,Thu,Fri
12:21:17,146,Inner Lake Shore/Michigan Express,,Sun
09:35:14,29,State,,Sun
16:58:02,62,Archer,,Sun
12:39:41,36,Broadway,,Mon,Tue,Wed,Thu,Fri
20:45:47,146,Inner Lake Shore/Michigan Express,,Sat
13:38:10,36,Broadway,,Sat
07:35:09,36,Broadway,,Sat
16:53:57,146,Inner Lake Shore/Michigan Express,,Mon,Tue,Wed,Thu,Fri
19:35:07,29,State,,Sat
17:01:07,6,Jackson Park Express,,Sun
10:18:07,146,Inner Lake Shore/Michigan Express,,Sat
08:14:28,29,State,,Sun
23:52:10,6,Jackson Park Express,,Mon,Tue,Wed,Thu,Fri
10:18:02,62,Archer,,Mon,Tue,Wed,Thu,Fri
17:20:47,146,Inner Lake Shore/Michigan Express,,Mon,Tue,Wed,Thu,Fri
14:45:47,146,Inner Lake Shore/Michigan Express,,Sun
20:23:25,62,Archer,,Sat
08:30:46,6,Jackson Park Express,,Mon,Tue,Wed,Thu,Fri
01:11:04,62,Archer,,Mon
08:42:02,146,Inner Lake Shore/Michigan Express,,Mon,Tue,Wed,Thu,Fri
19:17:25,62,Archer,,Sun
08:34:06,146,Inner Lake Shore/Michigan Express,,Sun
17:40:54,36,Broadway,,Sun
16:07:02,62,Archer,,Sun
01:39:52,62,Archer,,Sun
21:19:53,6,Jackson Park Express,,Mon,Tue,Wed,Thu,Fri
12:39:17,146,Inner Lake Shore/Michigan Express,,Sun
16:23:43,6,Jackson Park Express,,Mon,Tue,Wed,Thu,Fri
16:26:58,36,Broadway,,Mon,Tue,Wed,Thu,Fri
07:48:40,148,Clarendon/Michigan Express,,Mon,Tue,Wed,Thu,Fri
21:17:54,36,Broadway,,Mon,Tue,Wed,Thu,Fri
00:20:28,29,State,,Mon
14:41:16,29,State,,Mon,Tue,Wed,Thu,Fri
16:32:37,146,Inner Lake Shore/Michigan Express,,Sat
11:43:21,146,Inner Lake Shore/Michigan Express,,Sun
11:12:07,146,Inner Lake Shore/Michigan Express,,Mon,Tue,Wed,Thu,Fri
16:41:02,146,Inner Lake Shore/Michigan Express,,Mon,Tue,Wed,Thu,Fri
16:59:47,146,Inner Lake Shore/Michigan Express,,Sun
07:40:46,6,Jackson Park Express,,Mon,Tue,Wed,Thu,Fri
20:45:40,6,Jackson Park Express,,Sun
13:08:10,36,Broadway,,Sun
14:05:40,36,Broadway,,Sat
22:14:18,62,Archer,,Sun
17:10:25,36,Broadway,,Sat
11:28:42,146,Inner Lake Shore/Michigan Express,,Sat
08:03:41,36,Broadway,,Mon,Tue,Wed,Thu,Fri
23:21:25,62,Archer,,Sat
08:51:02,146,Inner Lake Shore/Michigan Express,,Mon,Tue,Wed,Thu,Fri
16:52:58,6,Jackson Park Express,,Mon,Tue,Wed,Thu,Fri
06:37:41,146,Inner Lake Shore/Michigan Express,,Sat
10:49:21,146,Inner Lake Shore/Michigan Express,,Sun
14:28:07,146,Inner Lake Shore/Michigan Express,,Sat
23:14:39,36,Broadway,,Mon,Tue,Wed,Thu,Fri
09:51:31,148,Clarendon/Michigan Express,,Mon,Tue,Wed,Thu,Fri
14:42:02,62,Archer,,Sun
11:24:07,29,State,,Sat
08:17:04,2,Hyde Park Express,,Mon,Tue,Wed,Thu,Fri
11:08:04,6,Jackson Park Express,,Mon,Tue,Wed,Thu,Fri
07:06:35,29,State,,Sat
11:33:21,62,Archer,,Mon,Tue,Wed,Thu,Fri
18:20:25,6,Jackson Park Express,,Sat
21:20:26,146,Inner Lake Shore/Michigan Express,,Sun
06:38:37,6,Jackson Park Express,,Mon,Tue,Wed,Thu,Fri
07:21:14,29,State,,Mon,Tue,Wed,Thu,Fri
12:17:58,6,Jackson Park Express,,Sun
19:27:31,6,Jackson Park Express,,Mon,Tue,Wed,Thu,Fri
23:39:25,62,Archer,,Sat
20:47:37,29,State,,Sat
21:23:02,62,Archer,,Mon,Tue,Wed,Thu,Fri
23:02:10,6,Jackson Park Express,,Sat
05:47:53,6,Jackson Park Express,,Sat
15:57:02,146,Inner Lake Shore/Michigan Express,,Mon,Tue,Wed,Thu,Fri
11:03:55,62,Archer,,Sun
05:30:39,36,Broadway,,Mon,Tue,Wed,Thu,Fri
11:29:39,36,Broadway,,Sun
14:13:40,6,Jackson Park Express,,Mon,Tue,Wed,Thu,Fri
21:12:51,29,State,,Sun
21:34:14,29,State,,Sat
15:10:37,146,Inner Lake Shore/Michigan Express,,Sat
07:51:39,36,Broadway,,Sat
12:29:40,6,Jackson Park Express,,Mon,Tue,Wed,Thu,Fri
19:23:37,146,Inner Lake Shore/Michigan Express,,Sat
18:25:02,62,Archer,,Sun
19:32:42,146,Inner Lake Shore/Michigan Express,,Mon,Tue,Wed,Thu,Fri
09:12:37,29,State,,Mon,Tue,Wed,Thu,Fri
22:47:10,6,Jackson Park Express,,Sat
16:23:30,29,State,,Sat
19:02:37,29,State,,Sun
22:20:44,29,State,,Sat
11:04:11,36,Broadway,,Mon,Tue,Wed,Thu,Fri
08:18:44,29,State,,Mon,Tue,Wed,Thu,Fri
11:04:28,6,Jackson Park Express,,Sun
12:42:55,62,Archer,,Sun
12:20:04,6,Jackson Park Express,,Mon,Tue,Wed,Thu,Fri
22:41:23,36,Broadway,,Sun
09:39:24,36,Broadway,,Sun
09:05:42,36,Broadway,,Mon,Tue,Wed,Thu,Fri
21:21:25,62,Archer,,Sat
17:09:00,29,State,,Sun
01:09:52,62,Archer,,Tue,Wed,Thu,Fri,Sat
18:55:37,146,Inner Lake Shore/Michigan Express,,Sat
12:48:25,36,Broadway,,Sun
08:20:37,146,Inner Lake Shore/Michigan Express,,Mon,Tue,Wed,Thu,Fri
13:10:00,29,State,,Sat
08:26:22,146,Inner Lake Shore/Michigan Express,,Mon,Tue,Wed,Thu,Fri
19:27:17,62,Archer,,Mon,Tue,Wed,Thu,Fri
20:06:54,36,Broadway,,Sat
15:58:09,29,State,,Mon,Tue,Wed,Thu,Fri
15:12:47,146,Inner Lake Shore/Michigan Express,,Sun
18:42:14,62,Archer,,Sun
19:14:58,6,Jackson Park Express,,Sat
13:23:02,146,Inner Lake Shore/Michigan Express,,Mon,Tue,Wed,Thu,Fri
11:19:30,29,State,,Mon,Tue,Wed,Thu,Fri
15:26:37,146,Inner Lake Shore/Michigan Express,,Sat
16:18:02,146,Inner Lake Shore/Michigan Express,,Mon,Tue,Wed,Thu,Fri
05:44:53,6,Jackson Park Express,,Mon,Tue,Wed,Thu,Fri
16:29:10,2,Hyde Park Express,,Mon,Tue,Wed,Thu,Fri
08:48:58,29,State,,Sat
20:03:56,146,Inner Lake Shore/Michigan Express,,Sun
08:48:53,148,Clarendon/Michigan Express,,Mon,Tue,Wed,Thu,Fri
11:53:25,62,Archer,,Sun
17:29:13,36,Broadway,,Mon,Tue,Wed,Thu,Fri
18:11:07,29,State,,Sun
23:54:39,36,Broadway,,Mon,Tue,Wed,Thu,Fri
09:17:42,36,Broadway,,Mon,Tue,Wed,Thu,Fri
21:59:31,146,Inner Lake Shore/Michigan Express,,Sun
10:49:21,29,State,,Sun
10:44:25,6,Jackson Park Express,,Mon,Tue,Wed,Thu,Fri
17:14:28,2,Hyde Park Express,,Mon,Tue,Wed,Thu,Fri
17:15:39,29,State,,Mon,Tue,Wed,Thu,Fri
08:42:10,6,Jackson Park Express,,Sat
20:21:07,29,State,,Mon,Tue,Wed,Thu,Fri
17:02:58,6,Jackson Park Express,,Mon,Tue,Wed,Thu,Fri
16:20:09,29,State,,Mon,Tue,Wed,Thu,Fri
18:07:32,62,Archer,,Sun
13:44:02,146,Inner Lake Shore/Michigan Express,,Mon,Tue,Wed,Thu,Fri
21:03:14,29,State,,Sat
07:31:18,148,Clarendon/Michigan Express,,Mon,Tue,Wed,Thu,Fri
15:52:01,62,Archer,,Mon,Tue,Wed,Thu,Fri
08:20:37,146,Inner Lake Shore/Michigan Express,,Mon,Tue,Wed,Thu,Fri
22:41:51,146,Inner Lake Shore/Michigan Express,,Sat
20:46:21,62,Archer,,Mon,Tue,Wed,Thu,Fri
21:48:49,6,Jackson Park Express,,Sun
12:11:10,36,Broadway,,Sat
14:14:54,62,Archer,,Mon,Tue,Wed,Thu,Fri
17:09:24,36,Broadway,,Sun
12:51:40,6,Jackson Park Express,,Mon,Tue,Wed,Thu,Fri
15:02:00,29,State,,Sat
15:34:54,36,Broadway,,Sun
17:48:53,29,State,,Sat
14:28:12,62,Archer,,Mon,Tue,Wed,Thu,Fri
05:43:31,6,Jackson Park Express,,Mon,Tue,Wed,Thu,Fri
18:08:57,146,Inner Lake Shore/Michigan Express,,Mon,Tue,Wed,Thu,Fri
13:00:21,146,Inner Lake Shore/Michigan Express,,Sun
14:41:16,29,State,,Mon,Tue,Wed,Thu,Fri
08:38:48,62,Archer,,Sat
19:02:37,29,State,,Sun
11:57:00,29,State,,Sat
16:22:58,6,Jackson Park Express,,Mon,Tue,Wed,Thu,Fri
17:30:24,36,Broadway,,Sun
08:55:49,6,Jackson Park Express,,Sun
10:53:30,29,State,,Mon,Tue,Wed,Thu,Fri
15:24:16,29,State,,Mon,Tue,Wed,Thu,Fri
19:52:23,6,Jackson Park Express,,Mon,Tue,Wed,Thu,Fri
21:36:07,29,State,,Mon,Tue,Wed,Thu,Fri
06:25:23,6,Jackson Park Express,,Sat
22:32:51,29,State,,Sun
10:20:25,6,Jackson Park Express,,Mon,Tue,Wed,Thu,Fri
18:37:07,146,Inner Lake Shore/Michigan Express,,Mon,Tue,Wed,Thu,Fri
15:37:58,6,Jackson Park Express,,Sun
09:00:27,146,Inner Lake Shore/Michigan Express,,Mon,Tue,Wed,Thu,Fri
11:01:10,36,Broadway,,Sat
17:58:23,29,State,,Sat
23:54:25,62,Archer,,Sat
09:21:57,146,Inner Lake Shore/Michigan Express,,Mon,Tue,Wed,Thu,Fri
08:17:36,146,Inner Lake Shore/Michigan Express,,Sun
08:29:40,6,Jackson Park Express,,Sun
16:11:28,6,Jackson Park Express,,Sat
19:46:37,6,Jackson Park Express,,Sun
17:28:40,36,Broadway,,Sat
12:27:32,146,Inner Lake Shore/Michigan Express,,Sat
15:43:43,6,Jackson Park Express,,Mon,Tue,Wed,Thu,Fri
08:40:12,36,Broadway,,Mon,Tue,Wed,Thu,Fri
07:11:54,36,Broadway,,Mon,Tue,Wed,Thu,Fri
06:06:53,6,Jackson Park Express,,Sat
08:10:21,29,State,,Sat
08:58:01,2,Hyde Park Express,,Mon,Tue,Wed,Thu,Fri
12:26:41,36,Broadway,,Mon,Tue,Wed,Thu,Fri
10:06:22,146,Inner Lake Shore/Michigan Express,,Mon,Tue,Wed,Thu,Fri
13:09:40,36,Broadway,,Sat
11:56:04,6,Jackson Park Express,,Mon,Tue,Wed,Thu,Fri
17:31:07,146,Inner Lake Shore/Michigan Express,,Sat
10:46:02,62,Archer,,Sat
23:33:28,29,State,,Sun
08:05:31,146,Inner Lake Shore/Michigan Express,,Sat
14:27:47,146,Inner Lake Shore/Michigan Express,,Sun
20:06:02,62,Archer,,Sat
08:42:53,148,Clarendon/Michigan Express,,Mon,Tue,Wed,Thu,Fri
15:13:46,29,State,,Mon,Tue,Wed,Thu,Fri
07:57:19,6,Jackson Park Express,,Sat
10:20:37,146,Inner Lake Shore/Michigan Express,,Mon,Tue,Wed,Thu,Fri
13:44:02,146,Inner Lake Shore/Michigan Express,,Mon,Tue,Wed,Thu,Fri
14:36:47,146,Inner Lake Shore/Michigan Express,,Sun
10:15:37,29,State,,Mon,Tue,Wed,Thu,Fri
19:59:47,146,Inner Lake Shore/Michigan Express,,Mon,Tue,Wed,Thu,Fri
00:49:58,29,State,,Mon
21:34:23,6,Jackson Park Express,,Mon,Tue,Wed,Thu,Fri
21:27:23,36,Broadway,,Sun
22:12:51,29,State,,Sun
15:19:07,6,Jackson Park Express,,Sun
08:47:07,36,Broadway,,Sun
13:17:30,29,State,,Mon,Tue,Wed,Thu,Fri
22:36:24,36,Broadway,,Sat
23:17:10,6,Jackson Park Express,,Sun
09:04:56,146,Inner Lake Shore/Michigan Express,,Sat
11:30:32,146,Inner Lake Shore/Michigan Express,,Mon,Tue,Wed,Thu,Fri
16:09:10,62,Archer,,Sat
09:52:48,146,Inner Lake Shore/Michigan Express,,Mon,Tue,Wed,Thu,Fri
16:38:58,6,Jackson Park Express,,Sat
13:54:02,146,Inner Lake Shore/Michigan Express,,Mon,Tue,Wed,Thu,Fri
23:07:14,29,State,,Sat
12:12:17,146,Inner Lake Shore/Michigan Express,,Sun
17:44:47,146,Inner Lake Shore/Michigan Express,,Sun
18:02:24,36,Broadway,,Sun
06:47:01,146,Inner Lake Shore/Michigan Express,,Mon,Tue,Wed,Thu,Fri
14:06:44,29,State,,Sun
13:09:21,146,Inner Lake Shore/Michigan Express,,Sun
03:39:52,62,Archer,,Sat
04:09:52,62,Archer,,Mon,Tue,Wed,Thu,Fri
16:31:30,29,State,,Sun
16:34:55,36,Broadway,,Sat
14:14:02,146,Inner Lake Shore/Michigan Express,,Mon,Tue,Wed,Thu,Fri
11:33:00,29,State,,Mon,Tue,Wed,Thu,Fri
09:56:56,36,Broadway,,Mon,Tue,Wed,Thu,Fri
11:38:21,62,Archer,,Sat
11:51:21,62,Archer,,Sat
12:56:04,6,Jackson Park Express,,Mon,Tue,Wed,Thu,Fri
14:56:40,62,Archer,,Sat
22:33:44,29,State,,Mon,Tue,Wed,Thu,Fri
15:33:02,62,Archer,,Sun
07:40:55,36,Broadway,,Mon,Tue,Wed,Thu,Fri
04:39:52,62,Archer,,Sat
10:10:02,62,Archer,,Sat
15:36:02,146,Inner Lake Shore/Michigan Express,,Mon,Tue,Wed,Thu,Fri
12:46:10,62,Archer,,Sat
03:39:52,62,Archer,,Sat
15:00:58,6,Jackson Park Express,,Sat
19:48:07,29,State,,Sat
08:42:49,6,Jackson Park Express,,Sat
09:33:54,36,Broadway,,Sat
14:55:37,29,State,,Sun
15:33:30,29,State,,Sat
08:15:39,148,Clarendon/Michigan Express,,Mon,Tue,Wed,Thu,Fri
08:44:40,6,Jackson Park Express,,Sun
18:39:30,29,State,,Sat
17:07:22,146,Inner Lake Shore/Michigan Express,,Mon,Tue,Wed,Thu,Fri
15:03:10,36,Broadway,,Sun
19:08:04,6,Jackson Park Express,,Mon,Tue,Wed,Thu,Fri
21:24:40,6,Jackson Park Express,,Sun
16:42:09,29,State,,Mon,Tue,Wed,Thu,Fri
18:17:53,29,State,,Sat
14:50:40,36,Broadway,,Sat
07:24:53,2,Hyde Park Express,,Mon,Tue,Wed,Thu,Fri
17:01:53,29,State,,Sat
10:48:28,6,Jackson Park Express,,Sun
20:17:07,29,State,,Sat
10:01:48,148,Clarendon/Michigan Express,,Mon,Tue,Wed,Thu,Fri
15:25:40,62,Archer,,Sat
14:14:54,62,Archer,,Mon,Tue,Wed,Thu,Fri
14:04:02,146,Inner Lake Shore/Michigan Express,,Mon,Tue,Wed,Thu,Fri
11:47:58,6,Jackson Park Express,,Sat
09:16:24,36,Broadway,,Sat
08:57:01,6,Jackson Park Express,,Mon,Tue,Wed,Thu,Fri
16:29:02,146,Inner Lake Shore/Michigan Express,,Mon,Tue,Wed,Thu,Fri
14:00:10,36,Broadway,,Sun
14:54:37,146,Inner Lake Shore/Michigan Express,,Sat
21:36:07,29,State,,Mon,Tue,Wed,Thu,Fri
22:59:23,36,Broadway,,Sun
11:16:16,6,Jackson Park Express,,Sun
12:59:44,62,Archer,,Sun
19:59:21,29,State,,Sun
11:05:46,6,Jackson Park Express,,Sat
21:34:14,29,State,,Sat
13:23:02,146,Inner Lake Shore/Michigan Express,,Mon,Tue,Wed,Thu,Fri
22:24:23,36,Broadway,,Sun
23:01:49,6,Jackson Park Express,,Sun
08:48:42,36,Broadway,,Mon,Tue,Wed,Thu,Fri
09:27:44,146,Inner Lake Shore/Michigan Express,,Mon,Tue,Wed,Thu,Fri
15:08:37,6,Jackson Park Express,,Sun
18:40:41,36,Broadway,,Mon,Tue,Wed,Thu,Fri
17:44:19,2,Hyde Park Express,,Mon,Tue,Wed,Thu,Fri
00:40:04,62,Archer,,Mon
12:29:44,29,State,,Sun
20:06:02,62,Archer,,Sat
19:41:58,62,Archer,,Mon,Tue,Wed,Thu,Fri
12:31:25,36,Broadway,,Sat
11:16:09,36,Broadway,,Sun
00:10:04,62,Archer,,Mon
23:55:28,29,State,,Sun
05:32:52,62,Archer,,Sat
02:09:52,62,Archer,,Sun
20:21:07,29,State,,Mon,Tue,Wed,Thu,Fri
18:31:37,146,Inner Lake Shore/Michigan Express,,Sat
12:12:00,29,State,,Sat
21:11:40,6,Jackson Park Express,,Sun
07:23:40,6,Jackson Park Express,,Sat
16:28:28,2,Hyde Park Express,,Mon,Tue,Wed,Thu,Fri
07:06:26,148,Clarendon/Michigan Express,,Mon,Tue,Wed,Thu,Fri
09:56:25,6,Jackson Park Express,,Mon,Tue,Wed,Thu,Fri
11:37:58,6,Jackson Park Express,,Sat
20:23:25,62,Archer,,Sat
19:56:40,62,Archer,,Mon,Tue,Wed,Thu,Fri
12:46:10,62,Archer,,Sat
03:09:52,62,Archer,,Sun
18:04:37,146,Inner Lake Shore/Michigan Express,,Sat
07:21:52,148,Clarendon/Michigan Express,,Mon,Tue,Wed,Thu,Fri
14:47:26,36,Broadway,,Mon,Tue,Wed,Thu,Fri
06:37:41,146,Inner Lake Shore/Michigan Express,,Sat
20:35:40,36,Broadway,,Sat
06:05:11,62,Archer,,Mon,Tue,Wed,Thu,Fri
09:46:02,146,Inner Lake Shore/Michigan Express,,Mon,Tue,Wed,Thu,Fri
08:58:24,36,Broadway,,Sat
15:18:37,146,Inner Lake Shore/Michigan Express,,Sat
14:41:40,36,Broadway,,Sat
07:54:11,36,Broadway,,Mon,Tue,Wed,Thu,Fri
06:37:01,146,Inner Lake Shore/Michigan Express,,Mon,Tue,Wed,Thu,Fri
14:27:40,62,Archer,,Sat
19:56:40,62,Archer,,Mon,Tue,Wed,Thu,Fri
16:06:47,146,Inner Lake Shore/Michigan Express,,Sun
16:03:01,62,Archer,,Mon,Tue,Wed,Thu,Fri
07:28:16,6,Jackson Park Express,,Mon,Tue,Wed,Thu,Fri
19:14:40,6,Jackson Park Express,,Mon,Tue,Wed,Thu,Fri
11:59:41,36,Broadway,,Mon,Tue,Wed,Thu,Fri
09:16:24,36,Broadway,,Sat
18:22:07,6,Jackson Park Express,,Sun
07:27:40,36,Broadway,,Mon,Tue,Wed,Thu,Fri
16:49:37,146,Inner Lake Shore/Michigan Express,,Sat
12:02:32,146,Inner Lake Shore/Michigan Express,,Mon,Tue,Wed,Thu,Fri
23:34:09,36,Broadway,,Mon,Tue,Wed,Thu,Fri
15:47:56,36,Broadway,,Mon,Tue,Wed,Thu,Fri
09:21:57,146,Inner Lake Shore/Michigan Express,,Mon,Tue,Wed,Thu,Fri
08:30:23,148,Clarendon/Michigan Express,,Mon,Tue,Wed,Thu,Fri
19:10:46,6,Jackson Park Express,,Sat
14:09:47,146,Inner Lake Shore/Michigan Express,,Sun
20:57:07,6,Jackson Park Express,,Mon,Tue,Wed,Thu,Fri
04:39:40,62,Archer,,Mon,Tue,Wed,Thu,Fri
04:39:40,62,Archer,,Mon,Tue,Wed,Thu,Fri
16:13:30,29,State,,Sat
08:55:26,146,Inner Lake Shore/Michigan Express,,Sat
14:38:44,29,State,,Sun
14:36:07,146,Inner Lake Shore/Michigan Express,,Sat
06:23:05,29,State,,Sat
06:58:26,146,Inner Lake Shore/Michigan Express,,Mon,Tue,Wed,Thu,Fri
13:13:02,146,Inner Lake Shore/Michigan Express,,Mon,Tue,Wed,Thu,Fri
00:18:58,29,State,,Tue,Wed,Thu,Fri,Sat
07:08:21,146,Inner Lake Shore/Michigan Express,,Mon,Tue,Wed,Thu,Fri
18:12:37,146,Inner Lake Shore/Michigan Express,,Sat
23:18:31,146,Inner Lake Shore/Michigan Express,,Mon,Tue,Wed,Thu,Fri
19:09:31,2,Hyde Park Express,,Mon,Tue,Wed,Thu,Fri
23:21:25,62,Archer,,Sat
17:17:31,62,Archer,,Mon,Tue,Wed,Thu,Fri
21:05:47,146,Inner Lake Shore/Michigan Express,,Sat
09:52:26,146,Inner Lake Shore/Michigan Express,,Sun
14:13:58,6,Jackson Park Express,,Sun
22:46:55,62,Archer,,Mon,Tue,Wed,Thu,Fri
24:24:54,36,Broadway,,Sat
07:19:14,62,Archer,,Mon,Tue,Wed,Thu,Fri
13:56:40,36,Broadway,,Sat
17:53:43,6,Jackson Park Express,,Mon,Tue,Wed,Thu,Fri
06:51:21,29,State,,Sun
21:32:51,29,State,,Sun
10:19:26,146,Inner Lake Shore/Michigan Express,,Sun
18:34:40,36,Broadway,,Sat
19:00:51,146,Inner Lake Shore/Michigan Express,,Sun
16:16:12,146,Inner Lake Shore/Michigan Express,,Sat
07:54:11,36,Broadway,,Mon,Tue,Wed,Thu,Fri
19:24:00,29,State,,Sat
09:44:37,29,State,,Sat
24:01:54,36,Broadway,,Sat
17:35:47,146,Inner Lake Shore/Michigan Express,,Sun
12:53:02,146,Inner Lake Shore/Michigan Express,,Mon,Tue,Wed,Thu,Fri
20:20:40,6,Jackson Park Express,,Sun
21:25:47,146,Inner Lake Shore/Michigan Express,,Sat
23:53:48,62,Archer,,Mon,Tue,Wed,Thu,Fri
16:27:24,36,Broadway,,Sun
09:56:56,36,Broadway,,Mon,Tue,Wed,Thu,Fri
06:12:05,29,State,,Mon,Tue,Wed,Thu,Fri
17:46:14,29,State,,Sun
10:31:51,29,State,,Sun
11:50:57,146,Inner Lake Shore/Michigan Express,,Mon,Tue,Wed,Thu,Fri
19:24:24,36,Broadway,,Sat
19:09:58,6,Jackson Park Express,,Sun
07:55:40,6,Jackson Park Express,,Sun
17:39:23,29,State,,Sat
09:54:07,6,Jackson Park Express,,Sat
22:09:56,146,Inner Lake Shore/Michigan Express,,Mon,Tue,Wed,Thu,Fri
13:55:07,6,Jackson Park Express,,Sun
05:55:37,36,Broadway,,Sun
09:31:12,36,Broadway,,Mon,Tue,Wed,Thu,Fri
11:12:02,62,Archer,,Sat
15:53:43,6,Jackson Park Express,,Mon,Tue,Wed,Thu,Fri
18:02:25,6,Jackson Park Express,,Sat
08:46:37,29,State,,Mon,Tue,Wed,Thu,Fri
10:18:37,29,State,,Sat
08:18:16,6,Jackson Park Express,,Mon,Tue,Wed,Thu,Fri
22:53:39,36,Broadway,,Mon,Tue,Wed,Thu,Fri
18:26:16,29,State,,Mon,Tue,Wed,Thu,Fri
08:40:12,36,Broadway,,Mon,Tue,Wed,Thu,Fri
24:01:40,6,Jackson Park Express,,Sat
09:51:37,29,State,,Mon,Tue,Wed,Thu,Fri
09:31:58,6,Jackson Park Express,,Sun
14:18:47,146,Inner Lake Shore/Michigan Express,,Sun
11:25:02,62,Archer,,Sat
23:53:28,29,State,,Sat
07:40:55,36,Broadway,,Mon,Tue,Wed,Thu,Fri
13:29:40,62,Archer,,Sat
09:48:07,146,Inner Lake Shore/Michigan Express,,Sat
22:24:23,36,Broadway,,Sun
07:28:11,62,Archer,,Sat
22:41:51,146,Inner Lake Shore/Michigan Express,,Sat
07:07:41,146,Inner Lake Shore/Michigan Express,,Sat
12:59:40,36,Broadway,,Sat
10:56:37,146,Inner Lake Shore/Michigan Express,,Mon,Tue,Wed,Thu,Fri
00:49:23,6,Jackson Park Express,,Sun
20:29:10,6,Jackson Park Express,,Sat
12:12:00,29,State,,Mon,Tue,Wed,Thu,Fri
14:05:28,6,Jackson Park Express,,Sat
10:33:02,62,Archer,,Mon,Tue,Wed,Thu,Fri
10:49:22,146,Inner Lake Shore/Michigan Express,,Mon,Tue,Wed,Thu,Fri
11:57:46,6,Jackson Park Express,,Sat
16:32:58,6,Jackson Park Express,,Mon,Tue,Wed,Thu,Fri
11:50:57,146,Inner Lake Shore/Michigan Express,,Mon,Tue,Wed,Thu,Fri
20:14:47,146,Inner Lake Shore/Michigan Express,,Mon,Tue,Wed,Thu,Fri
16:53:55,36,Broadway,,Sat
06:12:11,62,Archer,,Sat
09:09:35,148,Clarendon/Michigan Express,,Mon,Tue,Wed,Thu,Fri
08:18:10,6,Jackson Park Express,,Mon,Tue,Wed,Thu,Fri
11:54:17,146,Inner Lake Shore/Michigan Express,,Sun
11:44:24,36,Broadway,,Sun
00:30:28,29,State,,Sun
15:26:40,36,Broadway,,Sat
06:01:05,29,State,,Sat
14:34:56,36,Broadway,,Mon,Tue,Wed,Thu,Fri
07:57:01,148,Clarendon/Michigan Express,,Mon,Tue,Wed,Thu,Fri
21:05:47,146,Inner Lake Shore/Michigan Express,,Sat
22:05:54,36,Broadway,,Sat
23:01:40,6,Jackson Park Express,,Sat
07:31:32,62,Archer,,Mon,Tue,Wed,Thu,Fri
21:40:53,36,Broadway,,Sun
13:11:28,6,Jackson Park Express,,Sat
12:13:14,29,State,,Sun
15:44:28,6,Jackson Park Express,,Sat
05:55:53,36,Broadway,,Sat
16:31:09,29,State,,Mon,Tue,Wed,Thu,Fri
07:56:04,2,Hyde Park Express,,Mon,Tue,Wed,Thu,Fri
15:42:37,146,Inner Lake Shore/Michigan Express,,Sat
08:49:36,146,Inner Lake Shore/Michigan Express,,Sun
21:17:54,36,Broadway,,Sat
19:23:37,146,Inner Lake Shore/Michigan Express,,Sat
14:54:02,146,Inner Lake Shore/Michigan Express,,Mon,Tue,Wed,Thu,Fri
19:12:17,62,Archer,,Mon,Tue,Wed,Thu,Fri
16:58:02,62,Archer,,Sun
16:25:25,36,Broadway,,Sat
08:26:31,146,Inner Lake Shore/Michigan Express,,Sat
08:48:02,62,Archer,,Mon,Tue,Wed,Thu,Fri
11:41:40,36,Broadway,,Sat
14:31:40,36,Broadway,,Sun
05:34:53,36,Broadway,,Sat
18:24:28,6,Jackson Park Express,,Sun
14:21:10,36,Broadway,,Sun
06:58:37,36,Broadway,,Sun
08:35:28,29,State,,Sun
18:46:51,146,Inner Lake Shore/Michigan Express,,Sun
13:04:17,62,Archer,,Mon,Tue,Wed,Thu,Fri
16:53:09,29,State,,Mon,Tue,Wed,Thu,Fri
21:22:07,6,Jackson Park Express,,Mon,Tue,Wed,Thu,Fri
14:53:42,62,Archer,,Mon,Tue,Wed,Thu,Fri
23:07:14,29,State,,Sat
18:59:44,62,Archer,,Sun
17:10:15,2,Hyde Park Express,,Mon,Tue,Wed,Thu,Fri
15:40:07,6,Jackson Park Express,,Sun
07:37:41,146,Inner Lake Shore/Michigan Express,,Sun
15:02:25,6,Jackson Park Express,,Sat
17:20:47,146,Inner Lake Shore/Michigan Express,,Mon,Tue,Wed,Thu,Fri
11:55:40,6,Jackson Park Express,,Mon,Tue,Wed,Thu,Fri
15:40:10,62,Archer,,Sat
12:26:25,62,Archer,,Sun
17:46:14,29,State,,Sun
05:15:05,29,State,,Sat
21:44:47,146,Inner Lake Shore/Michigan Express,,Sat
05:40:01,146,Inner Lake Shore/Michigan Express,,Mon,Tue,Wed,Thu,Fri
12:26:25,62,Archer,,Sun
08:05:40,6,Jackson Park Express,,Mon,Tue,Wed,Thu,Fri
16:50:47,146,Inner Lake Shore/Michigan Express,,Sun
10:50:11,36,Broadway,,Mon,Tue,Wed,Thu,Fri
16:32:47,146,Inner Lake Shore/Michigan Express,,Sun
05:25:31,6,Jackson Park Express,,Mon,Tue,Wed,Thu,Fri
00:39:52,62,Archer,,Sun
17:04:28,2,Hyde Park Express,,Mon,Tue,Wed,Thu,Fri
16:40:58,6,Jackson Park Express,,Sun
15:50:02,62,Archer,,Sun
07:28:11,62,Archer,,Sat
23:16:40,6,Jackson Park Express,,Sat
05:13:37,36,Broadway,,Sun
13:15:10,62,Archer,,Sat
12:42:30,29,State,,Sat
13:54:02,146,Inner Lake Shore/Michigan Express,,Mon,Tue,Wed,Thu,Fri
16:05:52,2,Hyde Park Express,,Mon,Tue,Wed,Thu,Fri
03:39:52,62,Archer,,Sun
17:51:16,29,State,,Mon,Tue,Wed,Thu,Fri
15:29:01,62,Archer,,Mon,Tue,Wed,Thu,Fri
08:07:32,62,Archer,,Mon,Tue,Wed,Thu,Fri
10:08:25,6,Jackson Park Express,,Mon,Tue,Wed,Thu,Fri
14:26:25,6,Jackson Park Express,,Sat
07:01:04,62,Archer,,Sun
07:14:59,2,Hyde Park Express,,Mon,Tue,Wed,Thu,Fri
11:59:41,36,Broadway,,Mon,Tue,Wed,Thu,Fri
18:29:26,36,Broadway,,Mon,Tue,Wed,Thu,Fri
20:41:25,62,Archer,,Sat
13:14:46,6,Jackson Park Express,,Sat
18:14:46,29,State,,Mon,Tue,Wed,Thu,Fri
21:51:48,62,Archer,,Sun
09:09:57,146,Inner Lake Shore/Michigan Express,,Mon,Tue,Wed,Thu,Fri
17:51:58,6,Jackson Park Express,,Sat
18:40:46,6,Jackson Park Express,,Sat
18:53:55,36,Broadway,,Mon,Tue,Wed,Thu,Fri
12:18:40,62,Archer,,Mon,Tue,Wed,Thu,Fri
20:33:10,6,Jackson Park Express,,Sun
06:39:53,6,Jackson Park Express,,Mon,Tue,Wed,Thu,Fri
16:41:07,146,Inner Lake Shore/Michigan Express,,Sat
00:50:28,29,State,,Sun
10:31:37,62,Archer,,Sun
18:03:16,29,State,,Mon,Tue,Wed,Thu,Fri
15:38:25,6,Jackson Park Express,,Sat
00:52:23,6,Jackson Park Express,,Mon
13:58:40,62,Archer,,Sat
05:49:34,62,Archer,,Mon,Tue,Wed,Thu,Fri
17:21:58,6,Jackson Park Express,,Sun
17:13:22,6,Jackson Park Express,,Mon,Tue,Wed,Thu,Fri
17:39:09,29,State,,Mon,Tue,Wed,Thu,Fri
17:23:22,6,Jackson Park Express,,Mon,Tue,Wed,Thu,Fri
15:46:25,36,Broadway,,Sat
11:44:42,146,Inner Lake Shore/Michigan Express,,Sat
11:43:40,6,Jackson Park Express,,Mon,Tue,Wed,Thu,Fri
21:53:54,36,Broadway,,Mon,Tue,Wed,Thu,Fri
23:22:44,29,State,,Sat
14:36:07,146,Inner Lake Shore/Michigan Express,,Sat
13:42:47,146,Inner Lake Shore/Michigan Express,,Sun
13:44:56,36,Broadway,,Mon,Tue,Wed,Thu,Fri
17:33:12,146,Inner Lake Shore/Michigan Express,,Mon,Tue,Wed,Thu,Fri
14:55:58,6,Jackson Park Express,,Sun
08:05:46,6,Jackson Park Express,,Mon,Tue,Wed,Thu,Fri
15:34:37,146,Inner Lake Shore/Michigan Express,,Sat
12:23:02,146,Inner Lake Shore/Michigan Express,,Mon,Tue,Wed,Thu,Fri
14:53:42,62,Archer,,Mon,Tue,Wed,Thu,Fri
08:12:30,62,Archer,,Sat
08:30:37,146,Inner Lake Shore/Michigan Express,,Mon,Tue,Wed,Thu,Fri
06:31:40,6,Jackson Park Express,,Sun
02:09:52,62,Archer,,Sun
07:46:09,36,Broadway,,Sun
14:19:43,6,Jackson Park Express,,Mon,Tue,Wed,Thu,Fri
21:04:02,62,Archer,,Mon,Tue,Wed,Thu,Fri
04:47:53,36,Broadway,,Mon,Tue,Wed,Thu,Fri
02:39:52,62,Archer,,Tue,Wed,Thu,Fri,Sat
15:21:47,146,Inner Lake Shore/Michigan Express,,Sun
07:53:16,6,Jackson Park Express,,Mon,Tue,Wed,Thu,Fri
21:09:49,6,Jackson Park Express,,Sun
08:47:17,2,Hyde Park Express,,Mon,Tue,Wed,Thu,Fri
10:23:24,36,Broadway,,Sat
17:40:54,36,Broadway,,Sun
12:11:32,146,Inner Lake Shore/Michigan Express,,Sat
12:31:40,62,Archer,,Sat
22:41:25,62,Archer,,Sat
23:08:48,62,Archer,,Mon,Tue,Wed,Thu,Fri
12:38:00,29,State,,Mon,Tue,Wed,Thu,Fri
13:36:30,29,State,,Sat
11:19:30,29,State,,Mon,Tue,Wed,Thu,Fri
00:24:40,62,Archer,,Mon
20:17:10,36,Broadway,,Mon,Tue,Wed,Thu,Fri
12:52:41,36,Broadway,,Mon,Tue,Wed,Thu,Fri
03:09:52,62,Archer,,Sun
20:07:49,6,Jackson Park Express,,Sun
20:05:10,6,Jackson Park Express,,Sat
08:25:54,36,Broadway,,Sat
11:00:37,6,Jackson Park Express,,Sun
17:38:10,62,Archer,,Sat
00:54:40,62,Archer,,Tue,Wed,Thu,Fri,Sat
20:34:21,29,State,,Sun
16:48:24,36,Broadway,,Sun
21:53:54,36,Broadway,,Mon,Tue,Wed,Thu,Fri
07:27:22,148,Clarendon/Michigan Express,,Mon,Tue,Wed,Thu,Fri
06:58:37,62,Archer,,Mon,Tue,Wed,Thu,Fri
18:34:40,36,Broadway,,Sat
18:22:07,146,Inner Lake Shore/Michigan Express,,Mon,Tue,Wed,Thu,Fri
16:20:28,6,Jackson Park Express,,Sat
18:20:28,6,Jackson Park Express,,Sat
20:39:37,29,State,,Mon,Tue,Wed,Thu,Fri
11:34:21,146,Inner Lake Shore/Michigan Express,,Sun
20:22:25,62,Archer,,Sun
09:30:18,62,Archer,,Sun
09:52:26,146,Inner Lake Shore/Michigan Express,,Sun
15:03:10,36,Broadway,,Sun
18:00:04,2,Hyde Park Express,,Mon,Tue,Wed,Thu,Fri
17:15:02,62,Archer,,Sun
15:36:40,36,Broadway,,Sat
14:00:10,36,Broadway,,Sun
20:25:47,146,Inner Lake Shore/Michigan Express,,Sat
14:23:40,36,Broadway,,Sat
22:01:25,62,Archer,,Sat
17:03:22,6,Jackson Park Express,,Mon,Tue,Wed,Thu,Fri
15:56:55,36,Broadway,,Sat
20:40:26,146,Inner Lake Shore/Michigan Express,,Sun
22:19:31,146,Inner Lake Shore/Michigan Express,,Sun
17:41:13,36,Broadway,,Mon,Tue,Wed,Thu,Fri
11:04:22,146,Inner Lake Shore/Michigan Express,,Mon,Tue,Wed,Thu,Fri
11:12:42,146,Inner Lake Shore/Michigan Express,,Sat
10:13:19,6,Jackson Park Express,,Sun
16:31:09,29,State,,Mon,Tue,Wed,Thu,Fri
20:32:07,29,State,,Sat
07:59:30,62,Archer,,Sat
02:39:52,62,Archer,,Mon
16:51:28,6,Jackson Park Express,,Sun
20:44:55,62,Archer,,Sun
09:29:31,146,Inner Lake Shore/Michigan Express,,Sun
07:20:22,62,Archer,,Sun
16:03:30,29,State,,Sat
11:16:21,146,Inner Lake Shore/Michigan Express,,Sun
07:22:53,36,Broadway,,Sun
19:20:58,6,Jackson Park Express,,Sun
21:51:48,62,Archer,,Sun
16:39:57,2,Hyde Park Express,,Mon,Tue,Wed,Thu,Fri
15:21:47,146,Inner Lake Shore/Michigan Express,,Sun
22:52:10,6,Jackson Park Express,,Mon,Tue,Wed,Thu,Fri
08:30:10,6,Jackson Park Express,,Sat
20:57:49,6,Jackson Park Express,,Sat
08:57:05,148,Clarendon/Michigan Express,,Mon,Tue,Wed,Thu,Fri
22:52:51,29,State,,Sun
09:11:19,6,Jackson Park Express,,Sun
14:20:07,146,Inner Lake Shore/Michigan Express,,Sat
13:56:07,146,Inner Lake Shore/Michigan Express,,Sat
09:38:37,29,State,,Mon,Tue,Wed,Thu,Fri
06:27:23,6,Jackson Park Express,,Mon,Tue,Wed,Thu,Fri
23:19:56,146,Inner Lake Shore/Michigan Express,,Sat
14:05:37,6,Jackson Park Express,,Sun
13:34:02,62,Archer,,Sun
14:59:56,36,Broadway,,Mon,Tue,Wed,Thu,Fri
09:59:37,146,Inner Lake Shore/Michigan Express,,Mon,Tue,Wed,Thu,Fri
03:39:52,62,Archer,,Mon,Tue,Wed,Thu,Fri
16:32:47,146,Inner Lake Shore/Michigan Express,,Sun
11:06:21,29,State,,Sun
10:31:37,62,Archer,,Sun
11:27:28,6,Jackson Park Express,,Sat
16:50:47,146,Inner Lake Shore/Michigan Express,,Sun
24:00:40,6,Jackson Park Express,,Sat
05:16:42,29,State,,Mon,Tue,Wed,Thu,Fri
11:46:41,36,Broadway,,Mon,Tue,Wed,Thu,Fri
22:33:39,36,Broadway,,Mon,Tue,Wed,Thu,Fri
12:07:46,6,Jackson Park Express,,Sat
15:50:37,146,Inner Lake Shore/Michigan Express,,Sat
14:13:10,62,Archer,,Sat
23:45:24,36,Broadway,,Sat
15:50:19,2,Hyde Park Express,,Mon,Tue,Wed,Thu,Fri
07:40:31,146,Inner Lake Shore/Michigan Express,,Sat
13:47:12,146,Inner Lake Shore/Michigan Express,,Sat
21:16:40,6,Jackson Park Express,,Sat
21:42:44,62,Archer,,Mon,Tue,Wed,Thu,Fri
00:36:23,6,Jackson Park Express,,Mon
06:57:23,36,Broadway,,Sat
06:31:30,148,Clarendon/Michigan Express,,Mon,Tue,Wed,Thu,Fri
20:25:47,146,Inner Lake Shore/Michigan Express,,Sat
13:29:28,6,Jackson Park Express,,Sat
16:53:10,62,Archer,,Sat
19:33:40,36,Broadway,,Mon,Tue,Wed,Thu,Fri
22:52:24,36,Broadway,,Sat
08:48:58,29,State,,Sat
22:52:51,29,State,,Sun
14:59:40,36,Broadway,,Sat
16:06:30,29,State,,Sun
16:44:25,36,Broadway,,Sat
10:03:37,29,State,,Mon,Tue,Wed,Thu,Fri
17:38:40,36,Broadway,,Sat
18:20:54,62,Archer,,Mon,Tue,Wed,Thu,Fri
06:51:21,29,State,,Sun
13:02:14,29,State,,Sun
09:09:23,148,Clarendon/Michigan Express,,Mon,Tue,Wed,Thu,Fri
23:21:23,6,Jackson Park Express,,Mon,Tue,Wed,Thu,Fri
12:12:00,29,State,,Mon,Tue,Wed,Thu,Fri
17:41:07,6,Jackson Park Express,,Sun
09:52:18,148,Clarendon/Michigan Express,,Mon,Tue,Wed,Thu,Fri
15:39:47,146,Inner Lake Shore/Michigan Express,,Sun
13:04:17,62,Archer,,Mon,Tue,Wed,Thu,Fri
21:09:49,6,Jackson Park Express,,Sat
19:43:28,6,Jackson Park Express,,Sun
18:30:28,6,Jackson Park Express,,Sat
15:23:56,36,Broadway,,Mon,Tue,Wed,Thu,Fri
07:27:31,146,Inner Lake Shore/Michigan Express,,Mon,Tue,Wed,Thu,Fri
06:36:26,148,Clarendon/Michigan Express,,Mon,Tue,Wed,Thu,Fri
21:18:44,29,State,,Sat
18:21:37,146,Inner Lake Shore/Michigan Express,,Sat
13:20:28,6,Jackson Park Express,,Sat
11:30:32,146,Inner Lake Shore/Michigan Express,,Mon,Tue,Wed,Thu,Fri
07:42:26,146,Inner Lake Shore/Michigan Express,,Mon,Tue,Wed,Thu,Fri
21:49:54,36,Broadway,,Sat
09:42:19,6,Jackson Park Express,,Sun
22:15:07,29,State,,Mon,Tue,Wed,Thu,Fri
10:49:40,36,Broadway,,Sat
17:39:37,146,Inner Lake Shore/Michigan Express,,Sat
12:27:32,146,Inner Lake Shore/Michigan Express,,Sat
19:21:37,146,Inner Lake Shore/Michigan Express,,Mon,Tue,Wed,Thu,Fri
16:34:55,36,Broadway,,Sat
18:58:17,62,Archer,,Mon,Tue,Wed,Thu,Fri
06:02:34,62,Archer,,Sun
20:08:46,6,Jackson Park Express,,Mon,Tue,Wed,Thu,Fri
12:56:58,6,Jackson Park Express,,Sun
16:06:24,36,Broadway,,Sun
14:20:07,146,Inner Lake Shore/Michigan Express,,Sat
15:04:28,6,Jackson Park Express,,Mon,Tue,Wed,Thu,Fri
10:56:04,6,Jackson Park Express,,Mon,Tue,Wed,Thu,Fri
09:42:01,148,Clarendon/Michigan Express,,Mon,Tue,Wed,Thu,Fri
15:35:28,6,Jackson Park Express,,Sat
08:59:17,2,Hyde Park Express,,Mon,Tue,Wed,Thu,Fri
12:44:04,6,Jackson Park Express,,Mon,Tue,Wed,Thu,Fri
17:33:22,6,Jackson Park Express,,Mon,Tue,Wed,Thu,Fri
17:34:14,29,State,,Sun
11:44:42,146,Inner Lake Shore/Michigan Express,,Sat
11:54:17,146,Inner Lake Shore/Michigan Express,,Sun
13:03:02,146,Inner Lake Shore/Michigan Express,,Mon,Tue,Wed,Thu,Fri
13:07:43,6,Jackson Park Express,,Mon,Tue,Wed,Thu,Fri
17:48:07,146,Inner Lake Shore/Michigan Express,,Sat
11:16:58,6,Jackson Park Express,,Sat
17:39:40,2,Hyde Park Express,,Mon,Tue,Wed,Thu,Fri
08:37:04,2,Hyde Park Express,,Mon,Tue,Wed,Thu,Fri
08:55:46,6,Jackson Park Express,,Mon,Tue,Wed,Thu,Fri
05:13:53,36,Broadway,,Sat
05:52:52,62,Archer,,Sat
08:43:16,6,Jackson Park Express,,Mon,Tue,Wed,Thu,Fri
07:03:51,29,State,,Mon,Tue,Wed,Thu,Fri
22:02:25,62,Archer,,Mon,Tue,Wed,Thu,Fri
10:53:30,29,State,,Mon,Tue,Wed,Thu,Fri
17:08:25,6,Jackson Park Express,,Sat
13:15:12,146,Inner Lake Shore/Michigan Express,,Sat
19:27:28,6,Jackson Park Express,,Sat
16:43:22,6,Jackson Park Express,,Mon,Tue,Wed,Thu,Fri
00:24:40,62,Archer,,Tue,Wed,Thu,Fri,Sat
08:33:07,29,State,,Mon,Tue,Wed,Thu,Fri
19:07:07,146,Inner Lake Shore/Michigan Express,,Mon,Tue,Wed,Thu,Fri
20:56:49,6,Jackson Park Express,,Sun
17:27:09,29,State,,Mon,Tue,Wed,Thu,Fri
11:08:07,29,State,,Sat
23:01:25,62,Archer,,Sat
09:54:14,29,State,,Sun
06:14:40,6,Jackson Park Express,,Mon,Tue,Wed,Thu,Fri
14:42:10,62,Archer,,Sat
13:05:46,6,Jackson Park Express,,Sat
13:23:46,6,Jackson Park Express,,Sat
06:21:30,62,Archer,,Mon,Tue,Wed,Thu,Fri
09:26:17,2,Hyde Park Express,,Mon,Tue,Wed,Thu,Fri
09:16:14,29,State,,Sun
08:22:56,36,Broadway,,Mon,Tue,Wed,Thu,Fri
06:10:01,146,Inner Lake Shore/Michigan Express,,Mon,Tue,Wed,Thu,Fri
16:52:28,2,Hyde Park Express,,Mon,Tue,Wed,Thu,Fri
14:24:02,146,Inner Lake Shore/Michigan Express,,Mon,Tue,Wed,Thu,Fri
09:13:01,2,Hyde Park Express,,Mon,Tue,Wed,Thu,Fri
10:03:02,62,Archer,,Mon,Tue,Wed,Thu,Fri