arrival_time,route_short_name,route_long_name,headsign,service_days
20:40:54,20,Madison,,Sun
17:10:16,60,Blue Island/26th,,Mon,Tue,Wed,Thu,Fri
23:00:04,20,Madison,,Sat
15:21:12,157,Streeterville/Taylor,,Mon,Tue,Wed,Thu,Fri
19:01:47,60,Blue Island/26th,,Sun
09:15:13,20,Madison,,Sat
11:37:55,J14,Jeffery Jump,,Sun
01:44:56,60,Blue Island/26th,,Mon
13:05:56,60,Blue Island/26th,,Sun
10:25:24,20,Madison,,Sun
17:02:16,60,Blue Island/26th,,Mon,Tue,Wed,Thu,Fri
16:55:08,J14,Jeffery Jump,,Sat
21:18:34,20,Madison,,Mon,Tue,Wed,Thu,Fri
11:26:32,60,Blue Island/26th,,Mon,Tue,Wed,Thu,Fri
06:50:00,56,Milwaukee,,Sun
17:29:52,124,Navy Pier,,Sat
12:39:13,20,Madison,,Sat
16:41:25,J14,Jeffery Jump,,Sun
07:50:04,20,Madison,,Sun
16:53:56,60,Blue Island/26th,,Sun
10:20:54,157,Streeterville/Taylor,,Mon,Tue,Wed,Thu,Fri
10:02:13,20,Madison,,Sat
08:36:17,60,Blue Island/26th,,Sat
23:28:34,20,Madison,,Sat
13:06:42,157,Streeterville/Taylor,,Mon,Tue,Wed,Thu,Fri
09:03:47,60,Blue Island/26th,,Sun
15:03:47,20,Madison,,Mon,Tue,Wed,Thu,Fri
16:24:13,20,Madison,,Sat
20:14:02,60,Blue Island/26th,,Mon,Tue,Wed,Thu,Fri
17:12:52,124,Navy Pier,,Sat
10:57:02,60,Blue Island/26th,,Mon,Tue,Wed,Thu,Fri
01:13:58,20,Madison,,Tue,Wed,Thu,Fri,Sat
12:45:56,60,Blue Island/26th,,Sun
06:36:17,60,Blue Island/26th,,Sun
12:52:53,60,Blue Island/26th,,Mon,Tue,Wed,Thu,Fri
19:32:59,124,Navy Pier,,Sat
08:05:47,60,Blue Island/26th,,Sun
08:35:51,56,Milwaukee,,Mon,Tue,Wed,Thu,Fri
19:29:40,56,Milwaukee,,Sat
17:12:55,J14,Jeffery Jump,,Sat
06:00:34,20,Madison,,Sun
14:19:02,60,Blue Island/26th,,Mon,Tue,Wed,Thu,Fri
15:36:00,157,Streeterville/Taylor,,Mon,Tue,Wed,Thu,Fri
18:14:49,20,Madison,,Mon,Tue,Wed,Thu,Fri
12:23:53,60,Blue Island/26th,,Mon,Tue,Wed,Thu,Fri
13:32:43,20,Madison,,Sun
07:57:43,56,Milwaukee,,Sun
20:19:55,J14,Jeffery Jump,,Mon,Tue,Wed,Thu,Fri
05:38:34,20,Madison,,Sat
07:21:17,60,Blue Island/26th,,Sun
17:46:07,60,Blue Island/26th,,Mon,Tue,Wed,Thu,Fri
15:34:24,56,Milwaukee,,Sat
21:48:30,56,Milwaukee,,Sun
15:56:05,56,Milwaukee,,Mon,Tue,Wed,Thu,Fri
09:16:19,J14,Jeffery Jump,,Mon,Tue,Wed,Thu,Fri
08:15:08,J14,Jeffery Jump,,Sun
07:24:51,56,Milwaukee,,Mon,Tue,Wed,Thu,Fri
13:13:25,J14,Jeffery Jump,,Sun
09:46:54,56,Milwaukee,,Mon,Tue,Wed,Thu,Fri
19:24:50,60,Blue Island/26th,,Mon,Tue,Wed,Thu,Fri
20:09:55,J14,Jeffery Jump,,Mon,Tue,Wed,Thu,Fri
18:57:56,60,Blue Island/26th,,Sat
02:14:38,60,Blue Island/26th,,Sun
22:03:34,20,Madison,,Sat
18:22:19,20,Madison,,Mon,Tue,Wed,Thu,Fri
21:10:34,20,Madison,,Sun
07:05:48,157,Streeterville/Taylor,,Mon,Tue,Wed,Thu,Fri
10:35:24,20,Madison,,Sun
14:59:05,60,Blue Island/26th,,Sat
17:14:16,56,Milwaukee,,Mon,Tue,Wed,Thu,Fri
11:02:22,J14,Jeffery Jump,,Mon,Tue,Wed,Thu,Fri
14:31:38,J14,Jeffery Jump,,Sun
13:15:56,60,Blue Island/26th,,Sun
08:08:36,157,Streeterville/Taylor,,Mon,Tue,Wed,Thu,Fri
19:10:40,56,Milwaukee,,Sat
01:14:56,60,Blue Island/26th,,Mon
18:18:26,60,Blue Island/26th,,Sat
19:16:08,56,Milwaukee,,Mon,Tue,Wed,Thu,Fri
19:06:13,20,Madison,,Sat
15:52:27,20,Madison,,Mon,Tue,Wed,Thu,Fri
10:44:13,20,Madison,,Mon,Tue,Wed,Thu,Fri
10:57:55,J14,Jeffery Jump,,Sun
08:54:30,20,Madison,,Mon,Tue,Wed,Thu,Fri
08:28:49,J14,Jeffery Jump,,Mon,Tue,Wed,Thu,Fri
10:25:24,20,Madison,,Sun
09:30:25,124,Navy Pier,,Mon,Tue,Wed,Thu,Fri
19:07:55,J14,Jeffery Jump,,Sat
03:13:58,20,Madison,,Mon,Tue,Wed,Thu,Fri
19:34:41,60,Blue Island/26th,,Mon,Tue,Wed,Thu,Fri
09:55:24,20,Madison,,Sun
22:28:34,20,Madison,,Sun
18:15:54,56,Milwaukee,,Sat
13:37:08,J14,Jeffery Jump,,Sat
23:43:34,20,Madison,,Sat
10:45:24,20,Madison,,Sun
16:40:32,J14,Jeffery Jump,,Mon,Tue,Wed,Thu,Fri
18:05:19,J14,Jeffery Jump,,Mon,Tue,Wed,Thu,Fri
08:02:21,56,Milwaukee,,Mon,Tue,Wed,Thu,Fri
17:30:10,56,Milwaukee,,Sun
19:37:25,J14,Jeffery Jump,,Sat
21:49:05,60,Blue Island/26th,,Mon,Tue,Wed,Thu,Fri
15:21:38,J14,Jeffery Jump,,Sun
20:09:59,124,Navy Pier,,Sat
08:35:13,20,Madison,,Sat
19:59:27,56,Milwaukee,,Sun
21:46:25,J14,Jeffery Jump,,Sat
23:13:34,20,Madison,,Sun
21:09:34,20,Madison,,Mon,Tue,Wed,Thu,Fri
10:35:57,56,Milwaukee,,Sun
18:09:13,20,Madison,,Sat
11:55:24,20,Madison,,Sun
02:13:58,20,Madison,,Sun
14:13:27,56,Milwaukee,,Sun
11:04:13,20,Madison,,Mon,Tue,Wed,Thu,Fri
07:06:08,J14,Jeffery Jump,,Sun
14:49:11,20,Madison,,Mon,Tue,Wed,Thu,Fri
15:41:41,60,Blue Island/26th,,Mon,Tue,Wed,Thu,Fri
18:01:24,20,Madison,,Sun
15:48:13,20,Madison,,Sat
07:12:43,56,Milwaukee,,Sat
21:49:05,60,Blue Island/26th,,Mon,Tue,Wed,Thu,Fri
18:07:02,56,Milwaukee,,Mon,Tue,Wed,Thu,Fri
13:21:51,56,Milwaukee,,Mon,Tue,Wed,Thu,Fri
22:27:04,20,Madison,,Mon,Tue,Wed,Thu,Fri
01:44:47,60,Blue Island/26th,,Sun
19:01:08,J14,Jeffery Jump,,Mon,Tue,Wed,Thu,Fri
13:07:32,20,Madison,,Mon,Tue,Wed,Thu,Fri
20:53:37,124,Navy Pier,,Sun
14:24:51,56,Milwaukee,,Mon,Tue,Wed,Thu,Fri
13:33:08,J14,Jeffery Jump,,Sun
17:16:36,157,Streeterville/Taylor,,Mon,Tue,Wed,Thu,Fri
14:42:43,20,Madison,,Sun
14:03:02,20,Madison,,Mon,Tue,Wed,Thu,Fri
09:33:55,J14,Jeffery Jump,,Sat
22:31:34,20,Madison,,Sat
21:09:08,J14,Jeffery Jump,,Mon,Tue,Wed,Thu,Fri
23:02:58,J14,Jeffery Jump,,Mon,Tue,Wed,Thu,Fri
06:14:17,60,Blue Island/26th,,Sun
12:33:23,60,Blue Island/26th,,Mon,Tue,Wed,Thu,Fri
11:34:26,60,Blue Island/26th,,Sat
02:44:38,60,Blue Island/26th,,Sun
09:42:47,60,Blue Island/26th,,Sun
15:19:05,60,Blue Island/26th,,Sat
13:33:08,J14,Jeffery Jump,,Sun
18:31:24,20,Madison,,Sun
09:49:24,56,Milwaukee,,Mon,Tue,Wed,Thu,Fri
08:17:17,60,Blue Island/26th,,Sat
09:41:56,60,Blue Island/26th,,Sat
18:56:11,J14,Jeffery Jump,,Sun
01:44:38,60,Blue Island/26th,,Tue,Wed,Thu,Fri,Sat
17:03:55,J14,Jeffery Jump,,Sat
21:25:00,56,Milwaukee,,Sun
06:37:34,20,Madison,,Sat
08:48:55,124,Navy Pier,,Mon,Tue,Wed,Thu,Fri
21:42:04,20,Madison,,Sat
00:27:28,20,Madison,,Tue,Wed,Thu,Fri,Sat
12:43:43,20,Madison,,Sun
09:05:24,20,Madison,,Sun
11:35:47,60,Blue Island/26th,,Sun
21:09:00,157,Streeterville/Taylor,,Mon,Tue,Wed,Thu,Fri
03:13:58,20,Madison,,Sun
11:11:08,J14,Jeffery Jump,,Sat
11:36:02,60,Blue Island/26th,,Mon,Tue,Wed,Thu,Fri
13:16:02,20,Madison,,Mon,Tue,Wed,Thu,Fri
17:10:24,56,Milwaukee,,Sat
06:38:48,157,Streeterville/Taylor,,Mon,Tue,Wed,Thu,Fri
18:19:59,124,Navy Pier,,Sun
06:02:34,20,Madison,,Sat
10:02:47,60,Blue Island/26th,,Sun
20:24:58,J14,Jeffery Jump,,Sun
09:03:02,60,Blue Island/26th,,Mon,Tue,Wed,Thu,Fri
10:19:56,60,Blue Island/26th,,Sat
16:40:32,J14,Jeffery Jump,,Mon,Tue,Wed,Thu,Fri
19:24:58,J14,Jeffery Jump,,Sun
17:31:52,J14,Jeffery Jump,,Sat
09:33:55,J14,Jeffery Jump,,Sat
11:08:18,157,Streeterville/Taylor,,Mon,Tue,Wed,Thu,Fri
23:28:34,20,Madison,,Sat
19:01:24,20,Madison,,Sun
09:13:55,J14,Jeffery Jump,,Sat
14:09:02,60,Blue Island/26th,,Mon,Tue,Wed,Thu,Fri
10:38:02,60,Blue Island/26th,,Mon,Tue,Wed,Thu,Fri
10:07:59,124,Navy Pier,,Sat
01:13:58,20,Madison,,Tue,Wed,Thu,Fri,Sat
20:21:24,20,Madison,,Sun
11:17:55,J14,Jeffery Jump,,Sun
18:14:49,20,Madison,,Mon,Tue,Wed,Thu,Fri
10:47:56,60,Blue Island/26th,,Sat
19:11:24,20,Madison,,Sun
10:24:13,20,Madison,,Mon,Tue,Wed,Thu,Fri
04:14:38,60,Blue Island/26th,,Sat
08:55:17,60,Blue Island/26th,,Sat
11:34:26,60,Blue Island/26th,,Sat
12:18:26,60,Blue Island/26th,,Sun
17:29:46,J14,Jeffery Jump,,Mon,Tue,Wed,Thu,Fri
20:50:44,20,Madison,,Sun
10:32:13,20,Madison,,Sat
22:25:47,60,Blue Island/26th,,Sat
06:25:43,56,Milwaukee,,Sat
15:50:24,56,Milwaukee,,Sat
20:16:13,20,Madison,,Sat
12:28:40,56,Milwaukee,,Sat
16:21:27,20,Madison,,Mon,Tue,Wed,Thu,Fri
19:32:38,56,Milwaukee,,Mon,Tue,Wed,Thu,Fri
13:42:53,60,Blue Island/26th,,Mon,Tue,Wed,Thu,Fri
13:18:59,124,Navy Pier,,Sun
22:27:04,20,Madison,,Mon,Tue,Wed,Thu,Fri
10:28:59,124,Navy Pier,,Sun
13:02:43,20,Madison,,Sun
14:35:56,60,Blue Island/26th,,Sun
02:14:56,60,Blue Island/26th,,Mon
06:01:40,56,Milwaukee,,Mon,Tue,Wed,Thu,Fri
18:15:19,J14,Jeffery Jump,,Mon,Tue,Wed,Thu,Fri
10:04:24,56,Milwaukee,,Mon,Tue,Wed,Thu,Fri
07:24:35,J14,Jeffery Jump,,Mon,Tue,Wed,Thu,Fri
14:42:43,20,Madison,,Sun
22:36:57,56,Milwaukee,,Sun
01:14:38,60,Blue Island/26th,,Tue,Wed,Thu,Fri,Sat
16:20:10,124,Navy Pier,,Sat
05:02:31,20,Madison,,Mon,Tue,Wed,Thu,Fri
08:06:04,20,Madison,,Sun
15:32:43,20,Madison,,Sun
13:55:57,56,Milwaukee,,Sun
19:42:09,20,Madison,,Mon,Tue,Wed,Thu,Fri
08:15:08,J14,Jeffery Jump,,Sun
16:20:32,56,Milwaukee,,Mon,Tue,Wed,Thu,Fri
14:42:22,20,Madison,,Mon,Tue,Wed,Thu,Fri
18:15:54,56,Milwaukee,,Sat
23:28:34,20,Madison,,Sun
10:52:36,157,Streeterville/Taylor,,Mon,Tue,Wed,Thu,Fri
17:38:26,60,Blue Island/26th,,Sat
14:51:38,J14,Jeffery Jump,,Sun
15:43:51,56,Milwaukee,,Mon,Tue,Wed,Thu,Fri
13:35:56,60,Blue Island/26th,,Sun
10:53:29,124,Navy Pier,,Sun
10:01:32,60,Blue Island/26th,,Mon,Tue,Wed,Thu,Fri
13:07:55,J14,Jeffery Jump,,Sat
15:03:47,20,Madison,,Mon,Tue,Wed,Thu,Fri
07:30:35,J14,Jeffery Jump,,Mon,Tue,Wed,Thu,Fri
15:14:56,60,Blue Island/26th,,Sun
18:41:24,20,Madison,,Sun
13:22:53,60,Blue Island/26th,,Mon,Tue,Wed,Thu,Fri
12:07:25,J14,Jeffery Jump,,Sun
21:50:41,J14,Jeffery Jump,,Mon,Tue,Wed,Thu,Fri
17:39:13,20,Madison,,Sat
08:55:24,20,Madison,,Sun
12:52:43,20,Madison,,Sun
08:32:50,60,Blue Island/26th,,Mon,Tue,Wed,Thu,Fri
22:42:48,124,Navy Pier,,Mon,Tue,Wed,Thu,Fri
21:53:48,124,Navy Pier,,Mon,Tue,Wed,Thu,Fri
07:26:38,J14,Jeffery Jump,,Sun
05:38:34,20,Madison,,Sat
13:15:56,60,Blue Island/26th,,Sun
08:13:30,20,Madison,,Mon,Tue,Wed,Thu,Fri
21:14:47,60,Blue Island/26th,,Sat
09:13:26,60,Blue Island/26th,,Sat
08:24:51,56,Milwaukee,,Mon,Tue,Wed,Thu,Fri
09:26:35,J14,Jeffery Jump,,Mon,Tue,Wed,Thu,Fri
19:34:58,J14,Jeffery Jump,,Sun
05:59:38,60,Blue Island/26th,,Sat
08:05:47,60,Blue Island/26th,,Sun
07:20:38,J14,Jeffery Jump,,Sat
11:32:13,20,Madison,,Sat
06:40:17,60,Blue Island/26th,,Sat
06:18:40,56,Milwaukee,,Mon,Tue,Wed,Thu,Fri
16:11:38,J14,Jeffery Jump,,Sun
12:57:13,20,Madison,,Sat
17:01:57,20,Madison,,Mon,Tue,Wed,Thu,Fri
19:13:49,20,Madison,,Mon,Tue,Wed,Thu,Fri
17:56:16,56,Milwaukee,,Mon,Tue,Wed,Thu,Fri
19:26:40,124,Navy Pier,,Mon,Tue,Wed,Thu,Fri
16:41:25,J14,Jeffery Jump,,Sun
15:19:51,56,Milwaukee,,Mon,Tue,Wed,Thu,Fri
08:29:30,157,Streeterville/Taylor,,Mon,Tue,Wed,Thu,Fri
17:01:25,J14,Jeffery Jump,,Sun
08:29:30,20,Madison,,Mon,Tue,Wed,Thu,Fri
10:05:24,20,Madison,,Sun
17:02:16,60,Blue Island/26th,,Mon,Tue,Wed,Thu,Fri
03:14:38,60,Blue Island/26th,,Sat
24:04:17,60,Blue Island/26th,,Sun
20:21:47,60,Blue Island/26th,,Sun
22:45:11,J14,Jeffery Jump,,Mon,Tue,Wed,Thu,Fri
11:57:55,J14,Jeffery Jump,,Sun
14:09:02,60,Blue Island/26th,,Mon,Tue,Wed,Thu,Fri
17:29:13,20,Madison,,Sat
07:47:12,157,Streeterville/Taylor,,Mon,Tue,Wed,Thu,Fri
19:21:47,60,Blue Island/26th,,Sun
07:35:13,56,Milwaukee,,Sun
13:33:13,20,Madison,,Sat
13:42:59,124,Navy Pier,,Sun
11:26:32,60,Blue Island/26th,,Mon,Tue,Wed,Thu,Fri
13:12:43,20,Madison,,Sun
21:01:47,60,Blue Island/26th,,Sun
14:27:02,20,Madison,,Mon,Tue,Wed,Thu,Fri
07:51:41,60,Blue Island/26th,,Mon,Tue,Wed,Thu,Fri
16:31:46,56,Milwaukee,,Mon,Tue,Wed,Thu,Fri
05:33:35,60,Blue Island/26th,,Mon,Tue,Wed,Thu,Fri
18:46:19,20,Madison,,Mon,Tue,Wed,Thu,Fri
05:42:10,20,Madison,,Mon,Tue,Wed,Thu,Fri
19:00:10,56,Milwaukee,,Sun
11:14:13,20,Madison,,Mon,Tue,Wed,Thu,Fri
15:22:41,60,Blue Island/26th,,Mon,Tue,Wed,Thu,Fri
20:28:29,124,Navy Pier,,Sat
14:54:13,20,Madison,,Sat
19:27:56,60,Blue Island/26th,,Sat
10:49:38,56,Milwaukee,,Mon,Tue,Wed,Thu,Fri
13:59:05,60,Blue Island/26th,,Sat
11:40:40,56,Milwaukee,,Sat
09:35:00,20,Madison,,Mon,Tue,Wed,Thu,Fri
14:56:38,20,Madison,,Mon,Tue,Wed,Thu,Fri
17:58:26,60,Blue Island/26th,,Sat
19:19:55,J14,Jeffery Jump,,Mon,Tue,Wed,Thu,Fri
11:20:52,J14,Jeffery Jump,,Sat
15:50:22,124,Navy Pier,,Mon,Tue,Wed,Thu,Fri
14:45:56,60,Blue Island/26th,,Sun
13:49:05,60,Blue Island/26th,,Sat
08:55:00,157,Streeterville/Taylor,,Mon,Tue,Wed,Thu,Fri
09:48:08,J14,Jeffery Jump,,Sun
10:34:13,20,Madison,,Mon,Tue,Wed,Thu,Fri
12:30:05,60,Blue Island/26th,,Sat
15:01:38,J14,Jeffery Jump,,Sun
22:14:04,20,Madison,,Sun
13:05:56,60,Blue Island/26th,,Sun
08:30:44,20,Madison,,Sun
13:32:43,20,Madison,,Sun
06:42:10,20,Madison,,Mon,Tue,Wed,Thu,Fri
13:42:13,20,Madison,,Sat
10:02:22,J14,Jeffery Jump,,Mon,Tue,Wed,Thu,Fri
19:11:59,124,Navy Pier,,Sun
13:49:05,60,Blue Island/26th,,Sat
18:56:19,20,Madison,,Mon,Tue,Wed,Thu,Fri
13:52:23,60,Blue Island/26th,,Mon,Tue,Wed,Thu,Fri
20:20:27,56,Milwaukee,,Sun
16:20:49,J14,Jeffery Jump,,Mon,Tue,Wed,Thu,Fri
03:43:58,20,Madison,,Mon,Tue,Wed,Thu,Fri
10:34:13,20,Madison,,Mon,Tue,Wed,Thu,Fri
14:53:21,56,Milwaukee,,Mon,Tue,Wed,Thu,Fri
08:22:04,20,Madison,,Sun
11:13:27,56,Milwaukee,,Sun
18:30:08,J14,Jeffery Jump,,Sat
10:19:24,56,Milwaukee,,Mon,Tue,Wed,Thu,Fri
15:06:51,56,Milwaukee,,Mon,Tue,Wed,Thu,Fri
04:13:58,20,Madison,,Sun
00:43:58,20,Madison,,Sun
21:34:34,20,Madison,,Sat
09:26:32,60,Blue Island/26th,,Mon,Tue,Wed,Thu,Fri
10:48:02,60,Blue Island/26th,,Mon,Tue,Wed,Thu,Fri
17:39:41,J14,Jeffery Jump,,Sun
15:18:24,56,Milwaukee,,Sat
10:24:13,20,Madison,,Mon,Tue,Wed,Thu,Fri
12:42:53,60,Blue Island/26th,,Mon,Tue,Wed,Thu,Fri
11:01:38,J14,Jeffery Jump,,Sat
16:11:40,124,Navy Pier,,Sun
14:34:42,20,Madison,,Mon,Tue,Wed,Thu,Fri
16:51:13,20,Madison,,Sat
19:16:13,20,Madison,,Sat
10:02:22,J14,Jeffery Jump,,Mon,Tue,Wed,Thu,Fri
16:16:27,20,Madison,,Mon,Tue,Wed,Thu,Fri
20:50:44,20,Madison,,Sun
06:38:53,60,Blue Island/26th,,Mon,Tue,Wed,Thu,Fri
08:27:08,J14,Jeffery Jump,,Sun
10:51:47,60,Blue Island/26th,,Sun
14:11:02,20,Madison,,Mon,Tue,Wed,Thu,Fri
14:52:43,20,Madison,,Sun
17:51:08,J14,Jeffery Jump,,Sat
13:16:02,20,Madison,,Mon,Tue,Wed,Thu,Fri
10:10:32,60,Blue Island/26th,,Mon,Tue,Wed,Thu,Fri
08:22:04,20,Madison,,Sun
15:32:27,20,Madison,,Mon,Tue,Wed,Thu,Fri
09:22:42,157,Streeterville/Taylor,,Mon,Tue,Wed,Thu,Fri
00:19:56,60,Blue Island/26th,,Sun
08:16:03,20,Madison,,Sat
20:21:47,60,Blue Island/26th,,Sun
11:52:05,60,Blue Island/26th,,Sat
17:52:33,20,Madison,,Sun
20:01:10,124,Navy Pier,,Mon,Tue,Wed,Thu,Fri
16:06:13,20,Madison,,Sat
17:01:57,20,Madison,,Mon,Tue,Wed,Thu,Fri
06:54:34,20,Madison,,Sat
23:39:47,60,Blue Island/26th,,Sun
00:28:58,20,Madison,,Sun
18:58:25,J14,Jeffery Jump,,Sat
14:39:21,56,Milwaukee,,Mon,Tue,Wed,Thu,Fri
19:14:59,124,Navy Pier,,Sat
06:40:17,60,Blue Island/26th,,Sat
19:07:56,60,Blue Island/26th,,Sat
21:19:37,124,Navy Pier,,Sun
09:43:52,J14,Jeffery Jump,,Mon,Tue,Wed,Thu,Fri
22:28:34,20,Madison,,Sun
21:46:37,124,Navy Pier,,Sun
20:55:44,20,Madison,,Sat
07:20:38,J14,Jeffery Jump,,Sat
22:42:04,20,Madison,,Mon,Tue,Wed,Thu,Fri
14:59:05,60,Blue Island/26th,,Sat
12:48:22,J14,Jeffery Jump,,Sat
22:18:56,60,Blue Island/26th,,Mon,Tue,Wed,Thu,Fri
11:26:47,60,Blue Island/26th,,Sun
17:41:27,20,Madison,,Mon,Tue,Wed,Thu,Fri
18:01:24,20,Madison,,Sun
06:33:54,56,Milwaukee,,Mon,Tue,Wed,Thu,Fri
22:17:34,20,Madison,,Sat
10:27:55,J14,Jeffery Jump,,Sun
10:08:08,J14,Jeffery Jump,,Sun
17:03:56,60,Blue Island/26th,,Sun
18:56:13,20,Madison,,Sat
18:19:13,20,Madison,,Sat
13:52:23,60,Blue Island/26th,,Mon,Tue,Wed,Thu,Fri
19:42:09,20,Madison,,Mon,Tue,Wed,Thu,Fri
13:41:22,J14,Jeffery Jump,,Mon,Tue,Wed,Thu,Fri
15:57:13,20,Madison,,Sat
20:11:43,20,Madison,,Mon,Tue,Wed,Thu,Fri
10:12:25,J14,Jeffery Jump,,Sat
21:07:25,J14,Jeffery Jump,,Sat
20:47:25,J14,Jeffery Jump,,Sat
16:58:26,60,Blue Island/26th,,Sat
07:37:21,56,Milwaukee,,Mon,Tue,Wed,Thu,Fri
08:08:47,60,Blue Island/26th,,Sat
23:16:26,60,Blue Island/26th,,Mon,Tue,Wed,Thu,Fri
15:53:56,60,Blue Island/26th,,Sun
20:04:58,J14,Jeffery Jump,,Sun
15:51:11,60,Blue Island/26th,,Mon,Tue,Wed,Thu,Fri
09:32:05,J14,Jeffery Jump,,Mon,Tue,Wed,Thu,Fri
18:15:28,60,Blue Island/26th,,Mon,Tue,Wed,Thu,Fri
18:49:08,J14,Jeffery Jump,,Sat
13:32:53,60,Blue Island/26th,,Mon,Tue,Wed,Thu,Fri
09:51:26,60,Blue Island/26th,,Sat
11:33:53,20,Madison,,Mon,Tue,Wed,Thu,Fri
17:26:57,20,Madison,,Mon,Tue,Wed,Thu,Fri
19:53:00,157,Streeterville/Taylor,,Mon,Tue,Wed,Thu,Fri
13:51:22,J14,Jeffery Jump,,Mon,Tue,Wed,Thu,Fri
05:14:47,60,Blue Island/26th,,Sun
14:25:56,60,Blue Island/26th,,Sun
22:31:34,20,Madison,,Sat
18:37:56,60,Blue Island/26th,,Sat
10:47:56,60,Blue Island/26th,,Sat
15:59:05,60,Blue Island/26th,,Sat
14:41:22,J14,Jeffery Jump,,Mon,Tue,Wed,Thu,Fri
19:57:56,60,Blue Island/26th,,Sat
13:12:53,60,Blue Island/26th,,Mon,Tue,Wed,Thu,Fri
06:48:55,J14,Jeffery Jump,,Sat
20:46:03,20,Madison,,Sat
17:58:24,56,Milwaukee,,Sat
10:34:24,56,Milwaukee,,Mon,Tue,Wed,Thu,Fri
07:43:17,60,Blue Island/26th,,Sun
08:06:20,60,Blue Island/26th,,Mon,Tue,Wed,Thu,Fri
13:47:08,J14,Jeffery Jump,,Sat
10:42:13,20,Madison,,Sat
12:40:32,20,Madison,,Mon,Tue,Wed,Thu,Fri
14:31:38,J14,Jeffery Jump,,Sun
20:53:23,60,Blue Island/26th,,Mon,Tue,Wed,Thu,Fri
12:12:13,20,Madison,,Sat
23:42:04,20,Madison,,Mon,Tue,Wed,Thu,Fri
18:56:59,124,Navy Pier,,Sat
08:27:21,56,Milwaukee,,Mon,Tue,Wed,Thu,Fri
09:04:30,20,Madison,,Mon,Tue,Wed,Thu,Fri
06:01:40,56,Milwaukee,,Mon,Tue,Wed,Thu,Fri
09:50:14,124,Navy Pier,,Mon,Tue,Wed,Thu,Fri
05:11:00,56,Milwaukee,,Sat
23:39:47,60,Blue Island/26th,,Sun
14:13:27,56,Milwaukee,,Sun
09:52:47,60,Blue Island/26th,,Sun
00:13:58,20,Madison,,Mon
12:34:10,124,Navy Pier,,Sat
12:57:55,J14,Jeffery Jump,,Sat
17:21:57,20,Madison,,Mon,Tue,Wed,Thu,Fri
08:48:38,J14,Jeffery Jump,,Sun
13:53:51,56,Milwaukee,,Mon,Tue,Wed,Thu,Fri
05:14:38,60,Blue Island/26th,,Sat
06:22:10,20,Madison,,Mon,Tue,Wed,Thu,Fri
14:01:38,J14,Jeffery Jump,,Sun
23:03:47,60,Blue Island/26th,,Sat
11:02:22,J14,Jeffery Jump,,Mon,Tue,Wed,Thu,Fri
20:01:24,20,Madison,,Sun
05:12:00,56,Milwaukee,,Sun
05:14:56,60,Blue Island/26th,,Mon,Tue,Wed,Thu,Fri
21:31:40,124,Navy Pier,,Mon,Tue,Wed,Thu,Fri
13:21:22,J14,Jeffery Jump,,Mon,Tue,Wed,Thu,Fri
12:42:22,124,Navy Pier,,Mon,Tue,Wed,Thu,Fri
12:20:32,20,Madison,,Mon,Tue,Wed,Thu,Fri
03:14:29,60,Blue Island/26th,,Mon,Tue,Wed,Thu,Fri
05:57:38,J14,Jeffery Jump,,Mon,Tue,Wed,Thu,Fri
07:12:08,56,Milwaukee,,Mon,Tue,Wed,Thu,Fri
21:33:59,124,Navy Pier,,Sat
06:32:25,J14,Jeffery Jump,,Sat
21:14:58,J14,Jeffery Jump,,Sun
18:23:40,56,Milwaukee,,Sun
12:33:23,60,Blue Island/26th,,Mon,Tue,Wed,Thu,Fri
14:54:13,20,Madison,,Sat
23:10:34,20,Madison,,Sun
10:54:13,20,Madison,,Mon,Tue,Wed,Thu,Fri
16:49:05,60,Blue Island/26th,,Sat
22:12:30,56,Milwaukee,,Sun
15:06:12,157,Streeterville/Taylor,,Mon,Tue,Wed,Thu,Fri
20:24:02,60,Blue Island/26th,,Mon,Tue,Wed,Thu,Fri
14:41:38,J14,Jeffery Jump,,Sun
01:13:58,20,Madison,,Mon
22:18:18,124,Navy Pier,,Mon,Tue,Wed,Thu,Fri
21:59:17,60,Blue Island/26th,,Sun
18:32:17,60,Blue Island/26th,,Sun
10:04:43,20,Madison,,Mon,Tue,Wed,Thu,Fri
22:45:24,56,Milwaukee,,Mon,Tue,Wed,Thu,Fri
22:47:40,56,Milwaukee,,Sat
08:21:13,56,Milwaukee,,Sat
15:52:27,20,Madison,,Mon,Tue,Wed,Thu,Fri
15:18:24,56,Milwaukee,,Sat
10:19:56,60,Blue Island/26th,,Sat
21:00:34,20,Madison,,Sun
22:56:26,60,Blue Island/26th,,Mon,Tue,Wed,Thu,Fri
15:39:13,20,Madison,,Sat
15:59:05,60,Blue Island/26th,,Sat
09:14:30,20,Madison,,Mon,Tue,Wed,Thu,Fri
20:40:54,20,Madison,,Sun
11:06:32,60,Blue Island/26th,,Mon,Tue,Wed,Thu,Fri
08:55:41,60,Blue Island/26th,,Mon,Tue,Wed,Thu,Fri
15:03:41,60,Blue Island/26th,,Mon,Tue,Wed,Thu,Fri
19:31:47,60,Blue Island/26th,,Sun
08:17:49,J14,Jeffery Jump,,Mon,Tue,Wed,Thu,Fri
19:19:55,J14,Jeffery Jump,,Mon,Tue,Wed,Thu,Fri
17:56:16,56,Milwaukee,,Mon,Tue,Wed,Thu,Fri
15:26:52,124,Navy Pier,,Mon,Tue,Wed,Thu,Fri
16:39:05,60,Blue Island/26th,,Sat
17:47:16,J14,Jeffery Jump,,Mon,Tue,Wed,Thu,Fri
17:02:40,124,Navy Pier,,Sun
10:14:13,20,Madison,,Mon,Tue,Wed,Thu,Fri
06:20:34,20,Madison,,Sat
12:15:24,20,Madison,,Sun
14:49:05,60,Blue Island/26th,,Sat
13:45:56,60,Blue Island/26th,,Sun
13:41:22,J14,Jeffery Jump,,Mon,Tue,Wed,Thu,Fri
21:19:37,124,Navy Pier,,Sun
19:16:13,20,Madison,,Sat
20:47:47,60,Blue Island/26th,,Sat
13:02:53,60,Blue Island/26th,,Mon,Tue,Wed,Thu,Fri
06:19:34,20,Madison,,Sun
19:29:55,J14,Jeffery Jump,,Mon,Tue,Wed,Thu,Fri
01:13:58,20,Madison,,Mon
11:20:59,124,Navy Pier,,Sat
09:25:24,20,Madison,,Sun
09:42:32,60,Blue Island/26th,,Mon,Tue,Wed,Thu,Fri
08:32:55,J14,Jeffery Jump,,Sat
21:56:59,124,Navy Pier,,Sat
13:59:05,60,Blue Island/26th,,Sat
04:13:58,20,Madison,,Sat
08:12:50,60,Blue Island/26th,,Mon,Tue,Wed,Thu,Fri
10:57:26,60,Blue Island/26th,,Sat
18:18:49,56,Milwaukee,,Mon,Tue,Wed,Thu,Fri
13:15:40,56,Milwaukee,,Sat
08:46:17,60,Blue Island/26th,,Sat
07:58:57,56,Milwaukee,,Sat
19:51:24,20,Madison,,Sun
14:37:40,124,Navy Pier,,Sat
12:14:52,124,Navy Pier,,Mon,Tue,Wed,Thu,Fri
00:28:58,20,Madison,,Mon
17:09:13,20,Madison,,Sat
11:07:55,J14,Jeffery Jump,,Sun
05:39:08,60,Blue Island/26th,,Sat
14:19:02,20,Madison,,Mon,Tue,Wed,Thu,Fri
07:24:51,56,Milwaukee,,Mon,Tue,Wed,Thu,Fri
09:24:30,20,Madison,,Mon,Tue,Wed,Thu,Fri
09:55:24,20,Madison,,Sun
10:25:52,124,Navy Pier,,Mon,Tue,Wed,Thu,Fri
09:28:08,J14,Jeffery Jump,,Sun
21:46:37,124,Navy Pier,,Sun
10:12:22,J14,Jeffery Jump,,Mon,Tue,Wed,Thu,Fri
06:38:53,60,Blue Island/26th,,Mon,Tue,Wed,Thu,Fri
24:04:17,60,Blue Island/26th,,Sun
13:07:55,J14,Jeffery Jump,,Sat
13:09:10,124,Navy Pier,,Sat
15:39:05,60,Blue Island/26th,,Sat
16:06:13,20,Madison,,Sat
21:24:58,J14,Jeffery Jump,,Sun
09:17:08,56,Milwaukee,,Mon,Tue,Wed,Thu,Fri
06:50:00,56,Milwaukee,,Sun
17:22:08,J14,Jeffery Jump,,Sat
20:31:43,20,Madison,,Mon,Tue,Wed,Thu,Fri
12:28:22,J14,Jeffery Jump,,Sat
09:19:43,56,Milwaukee,,Sun
18:02:56,60,Blue Island/26th,,Sun
20:26:13,20,Madison,,Sat
18:32:17,60,Blue Island/26th,,Sun
21:33:44,60,Blue Island/26th,,Mon,Tue,Wed,Thu,Fri
15:34:24,56,Milwaukee,,Sat
09:03:55,J14,Jeffery Jump,,Sat
23:40:26,60,Blue Island/26th,,Sat
19:20:30,157,Streeterville/Taylor,,Mon,Tue,Wed,Thu,Fri
20:27:47,60,Blue Island/26th,,Sat
15:19:05,60,Blue Island/26th,,Sat
19:07:12,157,Streeterville/Taylor,,Mon,Tue,Wed,Thu,Fri
11:55:24,20,Madison,,Sun
11:40:29,124,Navy Pier,,Sat
19:10:22,124,Navy Pier,,Mon,Tue,Wed,Thu,Fri
19:34:00,157,Streeterville/Taylor,,Mon,Tue,Wed,Thu,Fri
17:47:16,J14,Jeffery Jump,,Mon,Tue,Wed,Thu,Fri
09:09:55,124,Navy Pier,,Mon,Tue,Wed,Thu,Fri
06:02:10,20,Madison,,Mon,Tue,Wed,Thu,Fri
09:41:40,124,Navy Pier,,Sat
08:54:17,60,Blue Island/26th,,Sun
21:47:40,56,Milwaukee,,Sat
08:26:20,60,Blue Island/26th,,Mon,Tue,Wed,Thu,Fri
20:37:47,60,Blue Island/26th,,Sat
04:13:58,20,Madison,,Sun
13:59:10,56,Milwaukee,,Sat
15:40:49,J14,Jeffery Jump,,Mon,Tue,Wed,Thu,Fri
06:59:47,60,Blue Island/26th,,Sat
02:44:47,60,Blue Island/26th,,Mon
12:32:42,157,Streeterville/Taylor,,Mon,Tue,Wed,Thu,Fri
18:56:59,124,Navy Pier,,Sat
19:00:08,56,Milwaukee,,Mon,Tue,Wed,Thu,Fri
09:00:43,56,Milwaukee,,Sun
18:18:26,60,Blue Island/26th,,Sat
11:51:35,J14,Jeffery Jump,,Mon,Tue,Wed,Thu,Fri
07:47:38,J14,Jeffery Jump,,Sat
16:45:08,J14,Jeffery Jump,,Sat
07:36:05,J14,Jeffery Jump,,Mon,Tue,Wed,Thu,Fri
19:51:24,20,Madison,,Sun
19:07:56,60,Blue Island/26th,,Sat
10:27:55,J14,Jeffery Jump,,Sun
19:39:55,J14,Jeffery Jump,,Mon,Tue,Wed,Thu,Fri
16:19:05,60,Blue Island/26th,,Sat
11:17:59,124,Navy Pier,,Sun
15:41:41,60,Blue Island/26th,,Mon,Tue,Wed,Thu,Fri
15:03:13,20,Madison,,Sat
14:44:41,60,Blue Island/26th,,Mon,Tue,Wed,Thu,Fri
08:45:13,20,Madison,,Sat
21:37:25,J14,Jeffery Jump,,Sat
14:09:05,60,Blue Island/26th,,Sat
13:03:40,56,Milwaukee,,Sun
18:46:41,J14,Jeffery Jump,,Sun
08:40:20,60,Blue Island/26th,,Mon,Tue,Wed,Thu,Fri
11:56:51,56,Milwaukee,,Mon,Tue,Wed,Thu,Fri
12:50:05,60,Blue Island/26th,,Sat
19:10:25,J14,Jeffery Jump,,Mon,Tue,Wed,Thu,Fri
20:07:40,56,Milwaukee,,Sat
16:22:24,56,Milwaukee,,Sat
14:30:24,56,Milwaukee,,Sat
10:17:55,J14,Jeffery Jump,,Sun
12:09:10,56,Milwaukee,,Sun
11:31:35,J14,Jeffery Jump,,Mon,Tue,Wed,Thu,Fri
13:21:10,56,Milwaukee,,Sun
19:41:24,20,Madison,,Sun
13:09:52,124,Navy Pier,,Mon,Tue,Wed,Thu,Fri
06:37:22,J14,Jeffery Jump,,Mon,Tue,Wed,Thu,Fri
16:35:08,J14,Jeffery Jump,,Sat
05:44:47,60,Blue Island/26th,,Sun
20:36:13,20,Madison,,Sat
19:22:49,20,Madison,,Mon,Tue,Wed,Thu,Fri
00:44:38,60,Blue Island/26th,,Tue,Wed,Thu,Fri,Sat
19:31:24,20,Madison,,Sun
10:20:02,60,Blue Island/26th,,Mon,Tue,Wed,Thu,Fri
20:06:38,56,Milwaukee,,Mon,Tue,Wed,Thu,Fri
12:45:56,60,Blue Island/26th,,Sun
23:27:04,20,Madison,,Mon,Tue,Wed,Thu,Fri
07:16:32,60,Blue Island/26th,,Mon,Tue,Wed,Thu,Fri
12:09:26,60,Blue Island/26th,,Sun
19:44:11,60,Blue Island/26th,,Mon,Tue,Wed,Thu,Fri
04:14:38,60,Blue Island/26th,,Sat
15:30:49,J14,Jeffery Jump,,Mon,Tue,Wed,Thu,Fri
04:14:47,60,Blue Island/26th,,Sun
08:43:57,56,Milwaukee,,Sat
20:43:40,124,Navy Pier,,Mon,Tue,Wed,Thu,Fri
12:14:23,60,Blue Island/26th,,Mon,Tue,Wed,Thu,Fri
11:48:22,J14,Jeffery Jump,,Sat
16:15:13,20,Madison,,Sat
13:51:22,J14,Jeffery Jump,,Mon,Tue,Wed,Thu,Fri
05:22:10,20,Madison,,Mon,Tue,Wed,Thu,Fri
18:43:22,J14,Jeffery Jump,,Mon,Tue,Wed,Thu,Fri
14:39:05,60,Blue Island/26th,,Sat
08:59:30,20,Madison,,Mon,Tue,Wed,Thu,Fri
22:44:47,60,Blue Island/26th,,Sat
08:48:11,60,Blue Island/26th,,Mon,Tue,Wed,Thu,Fri
17:08:26,60,Blue Island/26th,,Sat
12:21:35,60,Blue Island/26th,,Sat
14:39:05,60,Blue Island/26th,,Sat
12:40:32,20,Madison,,Mon,Tue,Wed,Thu,Fri
16:54:24,56,Milwaukee,,Sat
13:47:02,20,Madison,,Mon,Tue,Wed,Thu,Fri
06:12:10,20,Madison,,Mon,Tue,Wed,Thu,Fri
13:11:22,J14,Jeffery Jump,,Mon,Tue,Wed,Thu,Fri
07:05:38,J14,Jeffery Jump,,Sat
18:25:28,60,Blue Island/26th,,Mon,Tue,Wed,Thu,Fri
12:02:05,60,Blue Island/26th,,Sat
21:50:41,J14,Jeffery Jump,,Mon,Tue,Wed,Thu,Fri
17:30:16,56,Milwaukee,,Mon,Tue,Wed,Thu,Fri
08:07:49,J14,Jeffery Jump,,Mon,Tue,Wed,Thu,Fri
09:30:25,124,Navy Pier,,Mon,Tue,Wed,Thu,Fri
11:59:10,124,Navy Pier,,Sat
10:47:10,56,Milwaukee,,Sat
12:04:32,60,Blue Island/26th,,Mon,Tue,Wed,Thu,Fri
22:02:24,56,Milwaukee,,Mon,Tue,Wed,Thu,Fri
21:04:58,J14,Jeffery Jump,,Sun
21:09:00,157,Streeterville/Taylor,,Mon,Tue,Wed,Thu,Fri
10:28:02,60,Blue Island/26th,,Mon,Tue,Wed,Thu,Fri
20:51:24,20,Madison,,Mon,Tue,Wed,Thu,Fri
01:44:56,60,Blue Island/26th,,Mon
17:02:43,20,Madison,,Sun
13:06:13,20,Madison,,Sat
17:39:41,J14,Jeffery Jump,,Sun
12:12:40,56,Milwaukee,,Sat
09:04:19,J14,Jeffery Jump,,Mon,Tue,Wed,Thu,Fri
11:52:05,60,Blue Island/26th,,Sat
17:48:26,60,Blue Island/26th,,Sat
19:18:57,56,Milwaukee,,Sun
19:10:40,56,Milwaukee,,Sat
14:49:30,157,Streeterville/Taylor,,Mon,Tue,Wed,Thu,Fri
10:12:25,J14,Jeffery Jump,,Sat
05:49:08,J14,Jeffery Jump,,Mon,Tue,Wed,Thu,Fri
21:18:34,20,Madison,,Mon,Tue,Wed,Thu,Fri
17:11:25,J14,Jeffery Jump,,Sun
21:44:58,J14,Jeffery Jump,,Sun
16:24:13,20,Madison,,Sat
09:57:57,56,Milwaukee,,Sun
10:22:13,20,Madison,,Sat
10:58:59,124,Navy Pier,,Sat
20:14:58,J14,Jeffery Jump,,Sun
07:38:00,20,Madison,,Mon,Tue,Wed,Thu,Fri
08:15:51,56,Milwaukee,,Mon,Tue,Wed,Thu,Fri
22:37:17,60,Blue Island/26th,,Sun
16:33:56,60,Blue Island/26th,,Sun
22:18:17,60,Blue Island/26th,,Sun
05:16:27,56,Milwaukee,,Mon,Tue,Wed,Thu,Fri
16:24:40,56,Milwaukee,,Sun
17:12:43,20,Madison,,Sun
09:41:30,20,Madison,,Mon,Tue,Wed,Thu,Fri
08:07:49,J14,Jeffery Jump,,Mon,Tue,Wed,Thu,Fri
06:02:34,20,Madison,,Sat
14:11:02,20,Madison,,Mon,Tue,Wed,Thu,Fri
10:44:13,20,Madison,,Mon,Tue,Wed,Thu,Fri
11:04:13,20,Madison,,Mon,Tue,Wed,Thu,Fri
18:05:06,157,Streeterville/Taylor,,Mon,Tue,Wed,Thu,Fri
07:47:12,157,Streeterville/Taylor,,Mon,Tue,Wed,Thu,Fri
09:20:35,J14,Jeffery Jump,,Mon,Tue,Wed,Thu,Fri
15:03:41,60,Blue Island/26th,,Mon,Tue,Wed,Thu,Fri
06:59:24,56,Milwaukee,,Mon,Tue,Wed,Thu,Fri
12:41:35,J14,Jeffery Jump,,Mon,Tue,Wed,Thu,Fri
16:05:08,J14,Jeffery Jump,,Sat
17:31:57,20,Madison,,Mon,Tue,Wed,Thu,Fri
13:10:05,60,Blue Island/26th,,Sat
13:06:13,20,Madison,,Sat
16:20:49,J14,Jeffery Jump,,Mon,Tue,Wed,Thu,Fri
10:02:55,J14,Jeffery Jump,,Sat
20:07:25,J14,Jeffery Jump,,Sat
09:34:24,56,Milwaukee,,Mon,Tue,Wed,Thu,Fri
09:32:05,J14,Jeffery Jump,,Mon,Tue,Wed,Thu,Fri
15:42:43,20,Madison,,Sun
10:03:59,124,Navy Pier,,Sun
15:39:05,60,Blue Island/26th,,Sat
16:25:08,J14,Jeffery Jump,,Sat
09:24:30,20,Madison,,Mon,Tue,Wed,Thu,Fri
18:37:56,60,Blue Island/26th,,Sat
07:28:00,20,Madison,,Mon,Tue,Wed,Thu,Fri
13:42:43,20,Madison,,Sun
09:53:25,J14,Jeffery Jump,,Sat
10:27:40,56,Milwaukee,,Sat
00:42:28,20,Madison,,Tue,Wed,Thu,Fri,Sat
09:41:30,20,Madison,,Mon,Tue,Wed,Thu,Fri
19:54:11,60,Blue Island/26th,,Mon,Tue,Wed,Thu,Fri
17:53:18,124,Navy Pier,,Mon,Tue,Wed,Thu,Fri
16:33:13,20,Madison,,Sat
08:16:03,20,Madison,,Sat
18:15:28,60,Blue Island/26th,,Mon,Tue,Wed,Thu,Fri
09:38:35,J14,Jeffery Jump,,Mon,Tue,Wed,Thu,Fri
16:18:06,157,Streeterville/Taylor,,Mon,Tue,Wed,Thu,Fri
07:05:35,J14,Jeffery Jump,,Mon,Tue,Wed,Thu,Fri
13:11:22,J14,Jeffery Jump,,Mon,Tue,Wed,Thu,Fri
12:02:13,20,Madison,,Sat
14:52:43,20,Madison,,Sun
12:10:32,20,Madison,,Mon,Tue,Wed,Thu,Fri
07:54:00,20,Madison,,Mon,Tue,Wed,Thu,Fri
17:18:26,60,Blue Island/26th,,Sat
16:01:38,J14,Jeffery Jump,,Sun
13:45:10,124,Navy Pier,,Sat
16:54:16,60,Blue Island/26th,,Mon,Tue,Wed,Thu,Fri
18:31:24,20,Madison,,Sun
09:06:40,56,Milwaukee,,Sat
18:13:06,124,Navy Pier,,Mon,Tue,Wed,Thu,Fri
16:49:46,J14,Jeffery Jump,,Mon,Tue,Wed,Thu,Fri
16:32:43,20,Madison,,Sun
15:28:40,124,Navy Pier,,Sat
07:12:05,J14,Jeffery Jump,,Mon,Tue,Wed,Thu,Fri
19:51:59,124,Navy Pier,,Sat
13:51:13,20,Madison,,Sat
09:42:32,60,Blue Island/26th,,Mon,Tue,Wed,Thu,Fri
03:13:58,20,Madison,,Sat
13:10:05,60,Blue Island/26th,,Sat
08:40:30,157,Streeterville/Taylor,,Mon,Tue,Wed,Thu,Fri
22:45:34,20,Madison,,Sat
16:38:40,124,Navy Pier,,Sun
21:49:34,20,Madison,,Sat
08:02:00,20,Madison,,Mon,Tue,Wed,Thu,Fri
19:49:38,56,Milwaukee,,Mon,Tue,Wed,Thu,Fri
07:28:00,20,Madison,,Mon,Tue,Wed,Thu,Fri
14:31:22,J14,Jeffery Jump,,Mon,Tue,Wed,Thu,Fri
14:37:08,J14,Jeffery Jump,,Sat
18:51:40,56,Milwaukee,,Sat
08:21:13,56,Milwaukee,,Sat
18:57:56,60,Blue Island/26th,,Sat
09:29:30,20,Madison,,Mon,Tue,Wed,Thu,Fri
05:52:35,60,Blue Island/26th,,Mon,Tue,Wed,Thu,Fri
17:00:16,56,Milwaukee,,Mon,Tue,Wed,Thu,Fri
09:56:23,20,Madison,,Mon,Tue,Wed,Thu,Fri
18:27:56,60,Blue Island/26th,,Sat
10:15:24,20,Madison,,Sun
13:24:13,20,Madison,,Sat
19:01:08,J14,Jeffery Jump,,Mon,Tue,Wed,Thu,Fri
16:28:07,60,Blue Island/26th,,Mon,Tue,Wed,Thu,Fri
18:47:56,60,Blue Island/26th,,Sat
08:22:25,J14,Jeffery Jump,,Sat
15:03:13,20,Madison,,Sat
18:11:08,J14,Jeffery Jump,,Sat
21:19:34,20,Madison,,Sat
06:32:10,20,Madison,,Mon,Tue,Wed,Thu,Fri
02:43:58,20,Madison,,Sun
04:43:58,20,Madison,,Sat
08:25:47,60,Blue Island/26th,,Sun
10:09:56,60,Blue Island/26th,,Sat
09:05:13,20,Madison,,Sat
14:18:13,20,Madison,,Sat
10:01:32,60,Blue Island/26th,,Mon,Tue,Wed,Thu,Fri
09:48:23,20,Madison,,Mon,Tue,Wed,Thu,Fri
17:29:41,J14,Jeffery Jump,,Sun
14:30:59,124,Navy Pier,,Sun
06:19:34,20,Madison,,Sun
19:05:19,20,Madison,,Mon,Tue,Wed,Thu,Fri
15:52:40,56,Milwaukee,,Sun
12:59:02,20,Madison,,Mon,Tue,Wed,Thu,Fri
00:43:58,20,Madison,,Sun
05:12:58,20,Madison,,Sat
17:13:10,56,Milwaukee,,Sun
00:44:56,60,Blue Island/26th,,Sun
10:55:24,20,Madison,,Sun
05:43:35,60,Blue Island/26th,,Mon,Tue,Wed,Thu,Fri
09:00:43,56,Milwaukee,,Sun
17:46:07,60,Blue Island/26th,,Mon,Tue,Wed,Thu,Fri
04:14:29,60,Blue Island/26th,,Mon,Tue,Wed,Thu,Fri
19:21:24,20,Madison,,Sun
12:44:40,56,Milwaukee,,Sat
17:43:36,157,Streeterville/Taylor,,Mon,Tue,Wed,Thu,Fri
21:18:44,60,Blue Island/26th,,Mon,Tue,Wed,Thu,Fri
19:34:41,60,Blue Island/26th,,Mon,Tue,Wed,Thu,Fri
13:47:08,J14,Jeffery Jump,,Sat
05:43:35,60,Blue Island/26th,,Mon,Tue,Wed,Thu,Fri
12:20:32,20,Madison,,Mon,Tue,Wed,Thu,Fri
11:42:29,124,Navy Pier,,Sun
15:02:43,20,Madison,,Sun
10:49:38,56,Milwaukee,,Mon,Tue,Wed,Thu,Fri
11:46:52,124,Navy Pier,,Mon,Tue,Wed,Thu,Fri
16:26:27,20,Madison,,Mon,Tue,Wed,Thu,Fri
17:09:46,J14,Jeffery Jump,,Mon,Tue,Wed,Thu,Fri
16:39:55,124,Navy Pier,,Mon,Tue,Wed,Thu,Fri
15:32:43,20,Madison,,Sun
22:42:04,20,Madison,,Mon,Tue,Wed,Thu,Fri
18:11:08,J14,Jeffery Jump,,Sat
09:03:47,60,Blue Island/26th,,Sun
19:11:24,20,Madison,,Sun
18:20:59,124,Navy Pier,,Sat
12:12:13,20,Madison,,Sat
07:59:50,60,Blue Island/26th,,Mon,Tue,Wed,Thu,Fri
06:15:25,J14,Jeffery Jump,,Sat
20:31:00,157,Streeterville/Taylor,,Mon,Tue,Wed,Thu,Fri
08:55:17,60,Blue Island/26th,,Sat
19:07:12,157,Streeterville/Taylor,,Mon,Tue,Wed,Thu,Fri
09:43:43,20,Madison,,Sat
08:08:36,157,Streeterville/Taylor,,Mon,Tue,Wed,Thu,Fri
10:28:56,60,Blue Island/26th,,Sat
09:18:08,J14,Jeffery Jump,,Sun
19:32:19,20,Madison,,Mon,Tue,Wed,Thu,Fri
18:11:24,20,Madison,,Sun
18:39:38,J14,Jeffery Jump,,Sat
19:46:13,20,Madison,,Sat
17:19:13,20,Madison,,Sat
21:28:25,J14,Jeffery Jump,,Mon,Tue,Wed,Thu,Fri
15:04:40,56,Milwaukee,,Sun
12:31:35,J14,Jeffery Jump,,Mon,Tue,Wed,Thu,Fri
13:00:05,60,Blue Island/26th,,Sat
18:21:24,20,Madison,,Sun
13:21:51,56,Milwaukee,,Mon,Tue,Wed,Thu,Fri
14:22:43,20,Madison,,Sun
10:38:56,60,Blue Island/26th,,Sat
18:51:47,60,Blue Island/26th,,Sun
13:40:02,20,Madison,,Mon,Tue,Wed,Thu,Fri
07:11:44,20,Madison,,Sat
14:53:21,56,Milwaukee,,Mon,Tue,Wed,Thu,Fri
10:01:26,60,Blue Island/26th,,Sat
16:16:27,20,Madison,,Mon,Tue,Wed,Thu,Fri
19:16:08,56,Milwaukee,,Mon,Tue,Wed,Thu,Fri
17:42:24,56,Milwaukee,,Sat
02:44:47,60,Blue Island/26th,,Mon
03:44:38,60,Blue Island/26th,,Sun
16:10:27,20,Madison,,Mon,Tue,Wed,Thu,Fri
12:16:40,124,Navy Pier,,Sat
09:15:10,124,Navy Pier,,Sat
07:19:05,J14,Jeffery Jump,,Mon,Tue,Wed,Thu,Fri
17:52:08,20,Madison,,Mon,Tue,Wed,Thu,Fri
21:42:04,20,Madison,,Sat
12:30:59,124,Navy Pier,,Sun
11:29:52,J14,Jeffery Jump,,Sat
16:55:22,124,Navy Pier,,Sat
10:04:24,56,Milwaukee,,Mon,Tue,Wed,Thu,Fri
18:27:44,124,Navy Pier,,Mon,Tue,Wed,Thu,Fri
14:32:30,157,Streeterville/Taylor,,Mon,Tue,Wed,Thu,Fri
06:32:25,J14,Jeffery Jump,,Sat
15:20:40,56,Milwaukee,,Sun
20:57:47,60,Blue Island/26th,,Sat
14:32:30,157,Streeterville/Taylor,,Mon,Tue,Wed,Thu,Fri
15:21:22,J14,Jeffery Jump,,Mon,Tue,Wed,Thu,Fri
19:24:58,J14,Jeffery Jump,,Sun
09:13:55,J14,Jeffery Jump,,Sat
00:57:28,20,Madison,,Tue,Wed,Thu,Fri,Sat
04:27:25,J14,Jeffery Jump,,Mon,Tue,Wed,Thu,Fri
08:30:44,20,Madison,,Sun
08:36:17,60,Blue Island/26th,,Sat
19:04:50,60,Blue Island/26th,,Mon,Tue,Wed,Thu,Fri
20:24:02,60,Blue Island/26th,,Mon,Tue,Wed,Thu,Fri
12:14:52,124,Navy Pier,,Mon,Tue,Wed,Thu,Fri
23:56:17,60,Blue Island/26th,,Mon,Tue,Wed,Thu,Fri
01:43:58,20,Madison,,Mon
22:47:40,56,Milwaukee,,Sat
11:56:51,56,Milwaukee,,Mon,Tue,Wed,Thu,Fri
08:26:47,60,Blue Island/26th,,Sat
19:47:25,J14,Jeffery Jump,,Sat
13:30:10,56,Milwaukee,,Sat
11:47:55,J14,Jeffery Jump,,Sun
01:44:47,60,Blue Island/26th,,Sun
20:01:53,20,Madison,,Mon,Tue,Wed,Thu,Fri
15:49:05,60,Blue Island/26th,,Sat
03:43:58,20,Madison,,Mon,Tue,Wed,Thu,Fri
19:37:56,60,Blue Island/26th,,Sat
17:22:16,56,Milwaukee,,Mon,Tue,Wed,Thu,Fri
06:21:14,60,Blue Island/26th,,Mon,Tue,Wed,Thu,Fri
16:03:10,124,Navy Pier,,Sat
11:52:13,20,Madison,,Sat
17:00:13,20,Madison,,Sat
22:37:17,60,Blue Island/26th,,Sun
21:29:00,157,Streeterville/Taylor,,Mon,Tue,Wed,Thu,Fri
14:01:22,J14,Jeffery Jump,,Mon,Tue,Wed,Thu,Fri
15:13:11,60,Blue Island/26th,,Mon,Tue,Wed,Thu,Fri
09:03:38,56,Milwaukee,,Mon,Tue,Wed,Thu,Fri
07:24:35,J14,Jeffery Jump,,Mon,Tue,Wed,Thu,Fri
18:27:48,157,Streeterville/Taylor,,Mon,Tue,Wed,Thu,Fri
09:48:23,20,Madison,,Mon,Tue,Wed,Thu,Fri
10:36:24,157,Streeterville/Taylor,,Mon,Tue,Wed,Thu,Fri
19:05:19,20,Madison,,Mon,Tue,Wed,Thu,Fri
07:34:38,J14,Jeffery Jump,,Sat
17:19:41,J14,Jeffery Jump,,Sun
07:59:38,J14,Jeffery Jump,,Sat
07:16:32,60,Blue Island/26th,,Mon,Tue,Wed,Thu,Fri
21:49:34,20,Madison,,Sat
09:10:32,60,Blue Island/26th,,Mon,Tue,Wed,Thu,Fri
21:14:17,60,Blue Island/26th,,Sun
20:29:55,J14,Jeffery Jump,,Mon,Tue,Wed,Thu,Fri
05:33:35,60,Blue Island/26th,,Mon,Tue,Wed,Thu,Fri
23:18:47,60,Blue Island/26th,,Sun
18:49:08,J14,Jeffery Jump,,Sat
17:49:13,20,Madison,,Sat
15:34:56,60,Blue Island/26th,,Sun
22:18:17,60,Blue Island/26th,,Sun
11:55:02,60,Blue Island/26th,,Mon,Tue,Wed,Thu,Fri
08:27:08,J14,Jeffery Jump,,Sun
11:52:02,20,Madison,,Mon,Tue,Wed,Thu,Fri
11:52:13,20,Madison,,Sat
06:22:22,J14,Jeffery Jump,,Mon,Tue,Wed,Thu,Fri
07:12:43,56,Milwaukee,,Sat
07:35:13,56,Milwaukee,,Sun
08:19:00,157,Streeterville/Taylor,,Mon,Tue,Wed,Thu,Fri
18:11:24,20,Madison,,Sun
19:51:47,60,Blue Island/26th,,Sun
12:44:55,J14,Jeffery Jump,,Sun
09:38:08,J14,Jeffery Jump,,Sun
10:52:13,20,Madison,,Sat
12:18:22,J14,Jeffery Jump,,Sat
15:18:27,20,Madison,,Mon,Tue,Wed,Thu,Fri
22:44:47,60,Blue Island/26th,,Sat
19:56:13,20,Madison,,Sat
17:16:36,157,Streeterville/Taylor,,Mon,Tue,Wed,Thu,Fri
17:47:22,124,Navy Pier,,Sat
16:41:46,56,Milwaukee,,Mon,Tue,Wed,Thu,Fri
18:55:20,60,Blue Island/26th,,Mon,Tue,Wed,Thu,Fri
10:52:22,J14,Jeffery Jump,,Mon,Tue,Wed,Thu,Fri
11:35:24,20,Madison,,Sun
20:04:58,J14,Jeffery Jump,,Sun
07:34:11,60,Blue Island/26th,,Mon,Tue,Wed,Thu,Fri
18:33:22,J14,Jeffery Jump,,Mon,Tue,Wed,Thu,Fri
18:06:07,60,Blue Island/26th,,Mon,Tue,Wed,Thu,Fri
17:14:16,56,Milwaukee,,Mon,Tue,Wed,Thu,Fri
21:57:04,20,Madison,,Mon,Tue,Wed,Thu,Fri
06:01:30,56,Milwaukee,,Sat
12:49:42,157,Streeterville/Taylor,,Mon,Tue,Wed,Thu,Fri
08:19:43,56,Milwaukee,,Sun
11:09:17,60,Blue Island/26th,,Sun
08:35:13,20,Madison,,Sat
07:18:47,60,Blue Island/26th,,Sat
06:29:53,60,Blue Island/26th,,Mon,Tue,Wed,Thu,Fri
18:22:17,60,Blue Island/26th,,Sun
10:38:02,60,Blue Island/26th,,Mon,Tue,Wed,Thu,Fri
11:14:13,20,Madison,,Mon,Tue,Wed,Thu,Fri
09:08:38,J14,Jeffery Jump,,Sun
09:26:35,J14,Jeffery Jump,,Mon,Tue,Wed,Thu,Fri
06:29:52,J14,Jeffery Jump,,Mon,Tue,Wed,Thu,Fri
08:49:30,20,Madison,,Mon,Tue,Wed,Thu,Fri
08:06:20,60,Blue Island/26th,,Mon,Tue,Wed,Thu,Fri
16:40:40,56,Milwaukee,,Sun
11:35:47,60,Blue Island/26th,,Sun
15:32:27,20,Madison,,Mon,Tue,Wed,Thu,Fri
15:10:57,20,Madison,,Mon,Tue,Wed,Thu,Fri
17:10:16,60,Blue Island/26th,,Mon,Tue,Wed,Thu,Fri
00:19:56,60,Blue Island/26th,,Sun
18:45:59,124,Navy Pier,,Sun
19:54:58,J14,Jeffery Jump,,Sun
06:48:55,J14,Jeffery Jump,,Sat
07:43:11,60,Blue Island/26th,,Mon,Tue,Wed,Thu,Fri
19:07:55,J14,Jeffery Jump,,Sat
13:15:40,56,Milwaukee,,Sat
06:20:08,60,Blue Island/26th,,Sat
06:58:02,60,Blue Island/26th,,Mon,Tue,Wed,Thu,Fri
16:42:43,20,Madison,,Sun
07:18:47,60,Blue Island/26th,,Sat
11:29:52,J14,Jeffery Jump,,Sat
10:12:22,J14,Jeffery Jump,,Mon,Tue,Wed,Thu,Fri
16:00:41,60,Blue Island/26th,,Mon,Tue,Wed,Thu,Fri
12:14:23,60,Blue Island/26th,,Mon,Tue,Wed,Thu,Fri
16:37:10,124,Navy Pier,,Sat
18:24:05,J14,Jeffery Jump,,Mon,Tue,Wed,Thu,Fri
18:29:13,20,Madison,,Sat
05:52:10,20,Madison,,Mon,Tue,Wed,Thu,Fri
13:32:02,20,Madison,,Mon,Tue,Wed,Thu,Fri
19:27:25,J14,Jeffery Jump,,Sat
22:45:11,J14,Jeffery Jump,,Mon,Tue,Wed,Thu,Fri
07:25:48,157,Streeterville/Taylor,,Mon,Tue,Wed,Thu,Fri
18:43:22,J14,Jeffery Jump,,Mon,Tue,Wed,Thu,Fri
03:14:38,60,Blue Island/26th,,Sat
19:22:49,20,Madison,,Mon,Tue,Wed,Thu,Fri
13:42:43,20,Madison,,Sun
16:06:24,56,Milwaukee,,Sat
19:10:22,124,Navy Pier,,Mon,Tue,Wed,Thu,Fri
13:01:22,J14,Jeffery Jump,,Mon,Tue,Wed,Thu,Fri
09:53:43,20,Madison,,Sat
15:11:38,J14,Jeffery Jump,,Sun
08:59:30,20,Madison,,Mon,Tue,Wed,Thu,Fri
09:19:30,20,Madison,,Mon,Tue,Wed,Thu,Fri
21:33:59,124,Navy Pier,,Sat
18:31:35,56,Milwaukee,,Mon,Tue,Wed,Thu,Fri
14:15:56,60,Blue Island/26th,,Sun
07:36:27,56,Milwaukee,,Sat
20:41:47,60,Blue Island/26th,,Sun
10:52:52,124,Navy Pier,,Mon,Tue,Wed,Thu,Fri
15:24:56,60,Blue Island/26th,,Sun
12:35:25,J14,Jeffery Jump,,Sun
21:18:44,60,Blue Island/26th,,Mon,Tue,Wed,Thu,Fri
14:48:40,56,Milwaukee,,Sun
13:42:13,20,Madison,,Sat
09:06:08,56,Milwaukee,,Mon,Tue,Wed,Thu,Fri
11:42:13,20,Madison,,Sat
03:43:58,20,Madison,,Sat
10:12:47,60,Blue Island/26th,,Sun
16:53:56,60,Blue Island/26th,,Sun
10:22:22,J14,Jeffery Jump,,Mon,Tue,Wed,Thu,Fri
06:06:08,J14,Jeffery Jump,,Mon,Tue,Wed,Thu,Fri
17:30:06,157,Streeterville/Taylor,,Mon,Tue,Wed,Thu,Fri
08:47:24,20,Madison,,Sun
18:29:49,20,Madison,,Mon,Tue,Wed,Thu,Fri
16:00:49,J14,Jeffery Jump,,Mon,Tue,Wed,Thu,Fri
18:41:33,124,Navy Pier,,Mon,Tue,Wed,Thu,Fri
11:24:30,157,Streeterville/Taylor,,Mon,Tue,Wed,Thu,Fri
13:57:42,157,Streeterville/Taylor,,Mon,Tue,Wed,Thu,Fri
08:12:49,J14,Jeffery Jump,,Mon,Tue,Wed,Thu,Fri
12:05:24,20,Madison,,Sun
08:08:47,60,Blue Island/26th,,Sat
16:39:05,60,Blue Island/26th,,Sat
10:42:47,60,Blue Island/26th,,Sun
16:23:56,60,Blue Island/26th,,Sun
18:27:44,124,Navy Pier,,Mon,Tue,Wed,Thu,Fri
16:56:57,20,Madison,,Mon,Tue,Wed,Thu,Fri
11:24:30,157,Streeterville/Taylor,,Mon,Tue,Wed,Thu,Fri
17:53:18,124,Navy Pier,,Mon,Tue,Wed,Thu,Fri
14:54:11,60,Blue Island/26th,,Mon,Tue,Wed,Thu,Fri
21:27:25,J14,Jeffery Jump,,Sat
18:41:47,60,Blue Island/26th,,Sun
14:17:08,J14,Jeffery Jump,,Sat
05:59:38,60,Blue Island/26th,,Sat
18:09:41,J14,Jeffery Jump,,Sun
19:54:58,J14,Jeffery Jump,,Sun
10:32:47,60,Blue Island/26th,,Sun
15:29:05,60,Blue Island/26th,,Sat
10:45:24,20,Madison,,Sun
18:46:19,20,Madison,,Mon,Tue,Wed,Thu,Fri
20:01:53,20,Madison,,Mon,Tue,Wed,Thu,Fri
21:34:34,20,Madison,,Sat
16:18:58,60,Blue Island/26th,,Mon,Tue,Wed,Thu,Fri
08:09:51,56,Milwaukee,,Mon,Tue,Wed,Thu,Fri
16:06:24,56,Milwaukee,,Sat
16:59:46,J14,Jeffery Jump,,Mon,Tue,Wed,Thu,Fri
12:21:35,J14,Jeffery Jump,,Mon,Tue,Wed,Thu,Fri
20:06:13,20,Madison,,Sat
12:54:59,124,Navy Pier,,Sun
20:46:03,20,Madison,,Sat
19:32:59,124,Navy Pier,,Sat
15:21:40,124,Navy Pier,,Sun
14:45:13,20,Madison,,Sat
21:49:17,60,Blue Island/26th,,Sat
20:47:59,124,Navy Pier,,Sat
17:49:13,20,Madison,,Sat
12:30:05,60,Blue Island/26th,,Sat
16:20:32,56,Milwaukee,,Mon,Tue,Wed,Thu,Fri
17:56:02,J14,Jeffery Jump,,Mon,Tue,Wed,Thu,Fri
13:03:40,56,Milwaukee,,Sun
20:01:10,124,Navy Pier,,Mon,Tue,Wed,Thu,Fri
07:49:51,56,Milwaukee,,Mon,Tue,Wed,Thu,Fri
06:11:14,60,Blue Island/26th,,Mon,Tue,Wed,Thu,Fri
15:49:05,60,Blue Island/26th,,Sat
14:55:08,J14,Jeffery Jump,,Sat
17:56:07,60,Blue Island/26th,,Mon,Tue,Wed,Thu,Fri
18:45:28,60,Blue Island/26th,,Mon,Tue,Wed,Thu,Fri
04:57:55,J14,Jeffery Jump,,Mon,Tue,Wed,Thu,Fri
18:51:47,60,Blue Island/26th,,Sun
16:51:13,20,Madison,,Sat
14:07:08,J14,Jeffery Jump,,Sat
12:43:43,20,Madison,,Sun
06:45:38,J14,Jeffery Jump,,Sun
08:38:44,20,Madison,,Sun
09:52:22,J14,Jeffery Jump,,Mon,Tue,Wed,Thu,Fri
16:08:19,56,Milwaukee,,Mon,Tue,Wed,Thu,Fri
19:46:13,20,Madison,,Sat
05:21:22,J14,Jeffery Jump,,Mon,Tue,Wed,Thu,Fri
21:00:24,56,Milwaukee,,Mon,Tue,Wed,Thu,Fri
06:50:20,20,Madison,,Mon,Tue,Wed,Thu,Fri
20:07:40,56,Milwaukee,,Sat
05:12:28,20,Madison,,Sun
15:24:56,60,Blue Island/26th,,Sun
05:59:25,J14,Jeffery Jump,,Sat
13:42:59,124,Navy Pier,,Sun
01:44:38,60,Blue Island/26th,,Tue,Wed,Thu,Fri,Sat
10:52:36,157,Streeterville/Taylor,,Mon,Tue,Wed,Thu,Fri
20:03:29,124,Navy Pier,,Sun
20:12:00,157,Streeterville/Taylor,,Mon,Tue,Wed,Thu,Fri
17:13:56,60,Blue Island/26th,,Sun
13:04:51,56,Milwaukee,,Mon,Tue,Wed,Thu,Fri
05:42:10,20,Madison,,Mon,Tue,Wed,Thu,Fri
19:57:56,60,Blue Island/26th,,Sat
08:40:30,157,Streeterville/Taylor,,Mon,Tue,Wed,Thu,Fri
16:30:49,J14,Jeffery Jump,,Mon,Tue,Wed,Thu,Fri
17:56:02,J14,Jeffery Jump,,Mon,Tue,Wed,Thu,Fri
18:22:17,60,Blue Island/26th,,Sun
05:52:10,20,Madison,,Mon,Tue,Wed,Thu,Fri
08:43:25,J14,Jeffery Jump,,Sat
16:12:43,20,Madison,,Sun
16:47:42,157,Streeterville/Taylor,,Mon,Tue,Wed,Thu,Fri
08:28:49,J14,Jeffery Jump,,Mon,Tue,Wed,Thu,Fri
20:11:47,60,Blue Island/26th,,Sun
19:51:47,60,Blue Island/26th,,Sun
07:26:38,J14,Jeffery Jump,,Sun
12:27:26,60,Blue Island/26th,,Sun
12:12:05,60,Blue Island/26th,,Sat
18:53:54,157,Streeterville/Taylor,,Mon,Tue,Wed,Thu,Fri
19:37:56,60,Blue Island/26th,,Sat
06:59:35,J14,Jeffery Jump,,Mon,Tue,Wed,Thu,Fri
07:12:43,56,Milwaukee,,Sun
10:10:32,60,Blue Island/26th,,Mon,Tue,Wed,Thu,Fri
18:41:40,56,Milwaukee,,Sun
11:24:13,20,Madison,,Mon,Tue,Wed,Thu,Fri
08:44:30,20,Madison,,Mon,Tue,Wed,Thu,Fri
15:32:11,60,Blue Island/26th,,Mon,Tue,Wed,Thu,Fri
13:44:40,56,Milwaukee,,Sat
04:43:58,20,Madison,,Sun
11:52:02,20,Madison,,Mon,Tue,Wed,Thu,Fri
13:31:22,J14,Jeffery Jump,,Mon,Tue,Wed,Thu,Fri
08:19:43,56,Milwaukee,,Sun
13:27:08,J14,Jeffery Jump,,Sat
13:02:53,60,Blue Island/26th,,Mon,Tue,Wed,Thu,Fri
08:43:25,J14,Jeffery Jump,,Sat
08:34:47,60,Blue Island/26th,,Sun
09:22:56,60,Blue Island/26th,,Sat
14:41:38,J14,Jeffery Jump,,Sun
20:47:59,124,Navy Pier,,Sat
13:40:02,20,Madison,,Mon,Tue,Wed,Thu,Fri
13:37:22,124,Navy Pier,,Mon,Tue,Wed,Thu,Fri
12:30:32,20,Madison,,Mon,Tue,Wed,Thu,Fri
05:59:25,J14,Jeffery Jump,,Sat
12:39:13,20,Madison,,Sat
17:36:46,60,Blue Island/26th,,Mon,Tue,Wed,Thu,Fri
09:18:08,J14,Jeffery Jump,,Sun
22:36:57,56,Milwaukee,,Sun
14:29:05,60,Blue Island/26th,,Sat
14:21:38,J14,Jeffery Jump,,Sun
14:49:05,60,Blue Island/26th,,Sat
20:24:38,56,Milwaukee,,Mon,Tue,Wed,Thu,Fri
18:58:25,J14,Jeffery Jump,,Sat
12:26:25,J14,Jeffery Jump,,Sun
00:44:38,60,Blue Island/26th,,Tue,Wed,Thu,Fri,Sat
07:25:48,157,Streeterville/Taylor,,Mon,Tue,Wed,Thu,Fri
07:51:35,J14,Jeffery Jump,,Mon,Tue,Wed,Thu,Fri
11:26:47,60,Blue Island/26th,,Sun
01:43:58,20,Madison,,Tue,Wed,Thu,Fri,Sat
12:10:32,20,Madison,,Mon,Tue,Wed,Thu,Fri
14:24:51,56,Milwaukee,,Mon,Tue,Wed,Thu,Fri
20:49:25,J14,Jeffery Jump,,Mon,Tue,Wed,Thu,Fri
19:10:25,J14,Jeffery Jump,,Mon,Tue,Wed,Thu,Fri
08:58:49,J14,Jeffery Jump,,Mon,Tue,Wed,Thu,Fri
12:09:10,56,Milwaukee,,Sun
06:48:53,60,Blue Island/26th,,Mon,Tue,Wed,Thu,Fri
16:41:57,20,Madison,,Mon,Tue,Wed,Thu,Fri
05:22:10,20,Madison,,Mon,Tue,Wed,Thu,Fri
14:55:56,60,Blue Island/26th,,Sun
17:13:56,60,Blue Island/26th,,Sun
10:48:02,60,Blue Island/26th,,Mon,Tue,Wed,Thu,Fri
22:12:30,56,Milwaukee,,Sun
08:30:25,124,Navy Pier,,Mon,Tue,Wed,Thu,Fri
21:10:34,20,Madison,,Sun
09:38:57,56,Milwaukee,,Sun
09:43:43,20,Madison,,Sat
04:43:58,20,Madison,,Sat
09:51:26,60,Blue Island/26th,,Sat
19:44:11,60,Blue Island/26th,,Mon,Tue,Wed,Thu,Fri
20:44:58,J14,Jeffery Jump,,Sun
17:32:43,20,Madison,,Sun
14:54:40,124,Navy Pier,,Sat
12:49:42,157,Streeterville/Taylor,,Mon,Tue,Wed,Thu,Fri
21:24:58,J14,Jeffery Jump,,Sun
21:17:25,J14,Jeffery Jump,,Sat
19:14:50,60,Blue Island/26th,,Mon,Tue,Wed,Thu,Fri
07:49:51,56,Milwaukee,,Mon,Tue,Wed,Thu,Fri
08:58:38,J14,Jeffery Jump,,Sun
11:50:40,56,Milwaukee,,Sun
18:41:47,60,Blue Island/26th,,Sun
11:58:42,157,Streeterville/Taylor,,Mon,Tue,Wed,Thu,Fri
14:27:13,20,Madison,,Sat
13:55:57,56,Milwaukee,,Sun
16:15:03,124,Navy Pier,,Mon,Tue,Wed,Thu,Fri
10:05:24,20,Madison,,Sun
14:21:22,J14,Jeffery Jump,,Mon,Tue,Wed,Thu,Fri
09:35:13,20,Madison,,Sat
17:12:55,J14,Jeffery Jump,,Sat
13:21:10,56,Milwaukee,,Sun
11:02:13,20,Madison,,Sat
11:07:26,60,Blue Island/26th,,Sat
14:51:22,J14,Jeffery Jump,,Mon,Tue,Wed,Thu,Fri
18:40:36,157,Streeterville/Taylor,,Mon,Tue,Wed,Thu,Fri
10:12:13,20,Madison,,Sat
11:12:22,J14,Jeffery Jump,,Mon,Tue,Wed,Thu,Fri
05:40:34,20,Madison,,Sun
10:58:59,124,Navy Pier,,Sat
18:37:49,20,Madison,,Mon,Tue,Wed,Thu,Fri
15:31:51,56,Milwaukee,,Mon,Tue,Wed,Thu,Fri
08:49:30,20,Madison,,Mon,Tue,Wed,Thu,Fri
17:48:26,60,Blue Island/26th,,Sat
20:51:24,20,Madison,,Mon,Tue,Wed,Thu,Fri
04:14:29,60,Blue Island/26th,,Mon,Tue,Wed,Thu,Fri
04:27:25,J14,Jeffery Jump,,Mon,Tue,Wed,Thu,Fri
13:51:38,J14,Jeffery Jump,,Sun
10:02:47,60,Blue Island/26th,,Sun
20:19:55,J14,Jeffery Jump,,Mon,Tue,Wed,Thu,Fri
10:28:59,124,Navy Pier,,Sun
12:16:40,124,Navy Pier,,Sat
23:16:26,60,Blue Island/26th,,Mon,Tue,Wed,Thu,Fri
17:18:46,60,Blue Island/26th,,Mon,Tue,Wed,Thu,Fri
07:58:57,56,Milwaukee,,Sat
13:09:52,124,Navy Pier,,Mon,Tue,Wed,Thu,Fri
11:47:55,J14,Jeffery Jump,,Sun
07:28:54,20,Madison,,Sat
01:14:56,60,Blue Island/26th,,Mon
16:31:25,J14,Jeffery Jump,,Sun
23:58:34,20,Madison,,Sat
09:53:43,20,Madison,,Sat
16:08:19,56,Milwaukee,,Mon,Tue,Wed,Thu,Fri
09:32:47,60,Blue Island/26th,,Sun
06:58:47,60,Blue Island/26th,,Sun
06:25:43,56,Milwaukee,,Sat
23:13:34,20,Madison,,Sun
12:23:53,60,Blue Island/26th,,Mon,Tue,Wed,Thu,Fri
21:46:25,J14,Jeffery Jump,,Sat
16:03:42,157,Streeterville/Taylor,,Mon,Tue,Wed,Thu,Fri
14:09:05,60,Blue Island/26th,,Sat
08:53:55,J14,Jeffery Jump,,Sat
21:00:44,20,Madison,,Mon,Tue,Wed,Thu,Fri
18:35:28,60,Blue Island/26th,,Mon,Tue,Wed,Thu,Fri
09:52:02,60,Blue Island/26th,,Mon,Tue,Wed,Thu,Fri
15:32:11,60,Blue Island/26th,,Mon,Tue,Wed,Thu,Fri
06:38:34,20,Madison,,Sun
12:48:13,20,Madison,,Sat
20:47:40,56,Milwaukee,,Sat
10:28:56,60,Blue Island/26th,,Sat
15:15:08,J14,Jeffery Jump,,Sat
05:52:35,60,Blue Island/26th,,Mon,Tue,Wed,Thu,Fri
13:59:32,60,Blue Island/26th,,Mon,Tue,Wed,Thu,Fri
12:57:13,20,Madison,,Sat
07:56:35,J14,Jeffery Jump,,Mon,Tue,Wed,Thu,Fri
18:33:10,56,Milwaukee,,Sat
09:50:14,124,Navy Pier,,Mon,Tue,Wed,Thu,Fri
12:42:53,60,Blue Island/26th,,Mon,Tue,Wed,Thu,Fri
09:25:13,20,Madison,,Sat
14:14:54,56,Milwaukee,,Sat
17:16:57,20,Madison,,Mon,Tue,Wed,Thu,Fri
22:57:47,60,Blue Island/26th,,Sun
11:33:53,20,Madison,,Mon,Tue,Wed,Thu,Fri
17:11:57,20,Madison,,Mon,Tue,Wed,Thu,Fri
09:49:54,157,Streeterville/Taylor,,Mon,Tue,Wed,Thu,Fri
08:48:11,60,Blue Island/26th,,Mon,Tue,Wed,Thu,Fri
12:00:56,60,Blue Island/26th,,Sun
10:54:57,56,Milwaukee,,Sun
08:53:55,J14,Jeffery Jump,,Sat
10:36:24,157,Streeterville/Taylor,,Mon,Tue,Wed,Thu,Fri
13:12:53,60,Blue Island/26th,,Mon,Tue,Wed,Thu,Fri
17:33:56,60,Blue Island/26th,,Sun
12:52:53,60,Blue Island/26th,,Mon,Tue,Wed,Thu,Fri
22:43:34,20,Madison,,Sun
19:57:25,J14,Jeffery Jump,,Sat
14:37:40,124,Navy Pier,,Sat
10:57:02,60,Blue Island/26th,,Mon,Tue,Wed,Thu,Fri
16:56:40,56,Milwaukee,,Sun
03:13:58,20,Madison,,Sun
21:56:59,124,Navy Pier,,Sat
19:26:13,20,Madison,,Sat
19:59:55,J14,Jeffery Jump,,Mon,Tue,Wed,Thu,Fri
23:03:47,60,Blue Island/26th,,Sat
14:12:43,20,Madison,,Sun
11:41:00,157,Streeterville/Taylor,,Mon,Tue,Wed,Thu,Fri
18:41:40,56,Milwaukee,,Sun
06:45:22,J14,Jeffery Jump,,Mon,Tue,Wed,Thu,Fri
19:38:12,20,Madison,,Mon,Tue,Wed,Thu,Fri
11:15:24,20,Madison,,Sun
09:04:19,J14,Jeffery Jump,,Mon,Tue,Wed,Thu,Fri
10:53:29,124,Navy Pier,,Sun
17:29:41,J14,Jeffery Jump,,Sun
08:39:30,20,Madison,,Mon,Tue,Wed,Thu,Fri
16:03:42,157,Streeterville/Taylor,,Mon,Tue,Wed,Thu,Fri
19:47:56,60,Blue Island/26th,,Sat
15:52:43,20,Madison,,Sun
01:13:58,20,Madison,,Sun
10:35:24,20,Madison,,Sun
17:32:43,20,Madison,,Sun
16:02:43,20,Madison,,Sun
09:34:02,60,Blue Island/26th,,Mon,Tue,Wed,Thu,Fri
21:02:30,56,Milwaukee,,Sun
14:21:22,J14,Jeffery Jump,,Mon,Tue,Wed,Thu,Fri
09:40:30,20,Madison,,Mon,Tue,Wed,Thu,Fri
20:27:25,J14,Jeffery Jump,,Sat
20:14:02,60,Blue Island/26th,,Mon,Tue,Wed,Thu,Fri
11:44:05,60,Blue Island/26th,,Sat
02:43:58,20,Madison,,Tue,Wed,Thu,Fri,Sat
10:20:02,60,Blue Island/26th,,Mon,Tue,Wed,Thu,Fri
11:56:40,56,Milwaukee,,Sat
08:46:17,60,Blue Island/26th,,Sat
14:02:43,20,Madison,,Sun
18:05:06,157,Streeterville/Taylor,,Mon,Tue,Wed,Thu,Fri
12:26:25,J14,Jeffery Jump,,Sun
18:45:59,124,Navy Pier,,Sun
23:18:47,60,Blue Island/26th,,Sun
15:02:24,56,Milwaukee,,Sat
21:57:04,20,Madison,,Mon,Tue,Wed,Thu,Fri
15:01:22,J14,Jeffery Jump,,Mon,Tue,Wed,Thu,Fri
15:12:43,20,Madison,,Sun
21:27:47,60,Blue Island/26th,,Sun
17:46:47,20,Madison,,Mon,Tue,Wed,Thu,Fri
22:12:04,20,Madison,,Mon,Tue,Wed,Thu,Fri
12:30:13,20,Madison,,Sat
08:14:51,56,Milwaukee,,Mon,Tue,Wed,Thu,Fri
09:10:19,J14,Jeffery Jump,,Mon,Tue,Wed,Thu,Fri
09:35:24,20,Madison,,Sun
02:13:58,20,Madison,,Tue,Wed,Thu,Fri,Sat
21:37:55,J14,Jeffery Jump,,Mon,Tue,Wed,Thu,Fri
10:32:22,J14,Jeffery Jump,,Mon,Tue,Wed,Thu,Fri
10:41:55,J14,Jeffery Jump,,Sat
06:25:08,J14,Jeffery Jump,,Sun
15:21:13,20,Madison,,Sat
13:27:08,J14,Jeffery Jump,,Sat
14:21:38,J14,Jeffery Jump,,Sun
08:39:30,20,Madison,,Mon,Tue,Wed,Thu,Fri
21:53:48,124,Navy Pier,,Mon,Tue,Wed,Thu,Fri
12:30:13,20,Madison,,Sat
16:43:56,60,Blue Island/26th,,Sun
08:10:38,J14,Jeffery Jump,,Sat
02:44:38,60,Blue Island/26th,,Tue,Wed,Thu,Fri,Sat
22:45:24,56,Milwaukee,,Mon,Tue,Wed,Thu,Fri
19:47:56,60,Blue Island/26th,,Sat
17:55:12,157,Streeterville/Taylor,,Mon,Tue,Wed,Thu,Fri
06:57:34,20,Madison,,Sun
14:03:02,20,Madison,,Mon,Tue,Wed,Thu,Fri
19:20:30,157,Streeterville/Taylor,,Mon,Tue,Wed,Thu,Fri
18:52:38,J14,Jeffery Jump,,Mon,Tue,Wed,Thu,Fri
20:16:13,20,Madison,,Sat
19:38:12,20,Madison,,Mon,Tue,Wed,Thu,Fri
14:51:38,J14,Jeffery Jump,,Sun
17:41:27,20,Madison,,Mon,Tue,Wed,Thu,Fri
08:40:49,J14,Jeffery Jump,,Mon,Tue,Wed,Thu,Fri
10:07:52,124,Navy Pier,,Mon,Tue,Wed,Thu,Fri
09:52:22,J14,Jeffery Jump,,Mon,Tue,Wed,Thu,Fri
17:26:24,56,Milwaukee,,Sat
15:19:51,56,Milwaukee,,Mon,Tue,Wed,Thu,Fri
14:09:51,56,Milwaukee,,Mon,Tue,Wed,Thu,Fri
11:12:13,20,Madison,,Sat
16:55:08,J14,Jeffery Jump,,Sat
19:43:40,124,Navy Pier,,Mon,Tue,Wed,Thu,Fri
14:00:13,20,Madison,,Sat
11:38:52,J14,Jeffery Jump,,Sat
08:10:38,J14,Jeffery Jump,,Sat
16:33:56,60,Blue Island/26th,,Sun
06:37:22,J14,Jeffery Jump,,Mon,Tue,Wed,Thu,Fri
15:21:22,J14,Jeffery Jump,,Mon,Tue,Wed,Thu,Fri
23:22:26,60,Blue Island/26th,,Sat
17:43:56,60,Blue Island/26th,,Sun
18:02:56,60,Blue Island/26th,,Sun
00:57:28,20,Madison,,Tue,Wed,Thu,Fri,Sat
21:47:04,20,Madison,,Mon,Tue,Wed,Thu,Fri
16:11:38,J14,Jeffery Jump,,Sun
18:20:38,J14,Jeffery Jump,,Sat
18:19:13,20,Madison,,Sat
15:50:49,J14,Jeffery Jump,,Mon,Tue,Wed,Thu,Fri
07:06:08,J14,Jeffery Jump,,Sun
08:48:38,J14,Jeffery Jump,,Sun
19:39:55,J14,Jeffery Jump,,Mon,Tue,Wed,Thu,Fri
11:15:24,20,Madison,,Sun
18:27:56,60,Blue Island/26th,,Sat
03:44:29,60,Blue Island/26th,,Mon,Tue,Wed,Thu,Fri
20:07:56,60,Blue Island/26th,,Sat
18:27:48,157,Streeterville/Taylor,,Mon,Tue,Wed,Thu,Fri
08:19:30,20,Madison,,Mon,Tue,Wed,Thu,Fri
15:35:08,J14,Jeffery Jump,,Sat
15:11:38,J14,Jeffery Jump,,Sun
18:39:38,J14,Jeffery Jump,,Sat
06:33:54,56,Milwaukee,,Mon,Tue,Wed,Thu,Fri
12:48:22,J14,Jeffery Jump,,Sat
08:43:57,56,Milwaukee,,Sat
18:27:41,J14,Jeffery Jump,,Sun
18:09:13,20,Madison,,Sat
18:46:41,J14,Jeffery Jump,,Sun
07:36:30,157,Streeterville/Taylor,,Mon,Tue,Wed,Thu,Fri
15:25:27,20,Madison,,Mon,Tue,Wed,Thu,Fri
11:25:56,60,Blue Island/26th,,Sat
16:52:43,20,Madison,,Sun
12:40:05,60,Blue Island/26th,,Sat
15:39:13,20,Madison,,Sat
18:12:17,60,Blue Island/26th,,Sun
18:18:11,J14,Jeffery Jump,,Sun
09:19:30,20,Madison,,Mon,Tue,Wed,Thu,Fri
09:35:13,20,Madison,,Sat
10:34:24,56,Milwaukee,,Mon,Tue,Wed,Thu,Fri
14:09:13,20,Madison,,Sat
20:07:56,60,Blue Island/26th,,Sat
08:01:35,J14,Jeffery Jump,,Mon,Tue,Wed,Thu,Fri
11:41:00,157,Streeterville/Taylor,,Mon,Tue,Wed,Thu,Fri
21:07:40,124,Navy Pier,,Mon,Tue,Wed,Thu,Fri
05:21:22,J14,Jeffery Jump,,Mon,Tue,Wed,Thu,Fri
09:38:48,124,Navy Pier,,Sun
23:10:34,20,Madison,,Sun
16:32:48,157,Streeterville/Taylor,,Mon,Tue,Wed,Thu,Fri
20:37:47,60,Blue Island/26th,,Sat
13:21:22,J14,Jeffery Jump,,Mon,Tue,Wed,Thu,Fri
09:36:18,157,Streeterville/Taylor,,Mon,Tue,Wed,Thu,Fri
18:08:26,60,Blue Island/26th,,Sat
16:22:43,20,Madison,,Sun
09:03:55,J14,Jeffery Jump,,Sat
06:54:34,20,Madison,,Sat
17:09:13,20,Madison,,Sat
23:43:34,20,Madison,,Sun
05:32:10,20,Madison,,Mon,Tue,Wed,Thu,Fri
17:23:56,60,Blue Island/26th,,Sun
10:37:55,J14,Jeffery Jump,,Sun
12:35:56,60,Blue Island/26th,,Sun
22:07:40,56,Milwaukee,,Sat
20:11:24,20,Madison,,Sun
16:23:56,60,Blue Island/26th,,Sun
04:14:47,60,Blue Island/26th,,Sun
06:46:54,56,Milwaukee,,Mon,Tue,Wed,Thu,Fri
05:39:52,J14,Jeffery Jump,,Mon,Tue,Wed,Thu,Fri
14:11:38,J14,Jeffery Jump,,Sun
08:14:51,56,Milwaukee,,Mon,Tue,Wed,Thu,Fri
19:43:40,124,Navy Pier,,Mon,Tue,Wed,Thu,Fri
17:19:46,J14,Jeffery Jump,,Mon,Tue,Wed,Thu,Fri
16:32:43,20,Madison,,Sun
06:38:48,157,Streeterville/Taylor,,Mon,Tue,Wed,Thu,Fri
17:19:41,J14,Jeffery Jump,,Sun
15:55:08,J14,Jeffery Jump,,Sat
16:08:40,56,Milwaukee,,Sun
11:17:55,J14,Jeffery Jump,,Sun
13:03:55,J14,Jeffery Jump,,Sun
16:26:27,20,Madison,,Mon,Tue,Wed,Thu,Fri
14:32:22,124,Navy Pier,,Mon,Tue,Wed,Thu,Fri
13:24:02,20,Madison,,Mon,Tue,Wed,Thu,Fri
21:27:25,J14,Jeffery Jump,,Sat
18:03:28,20,Madison,,Mon,Tue,Wed,Thu,Fri
05:39:25,J14,Jeffery Jump,,Sat
19:06:13,20,Madison,,Sat
20:01:47,60,Blue Island/26th,,Sun
14:11:22,J14,Jeffery Jump,,Mon,Tue,Wed,Thu,Fri
02:13:58,20,Madison,,Mon
21:03:23,60,Blue Island/26th,,Mon,Tue,Wed,Thu,Fri
17:31:57,20,Madison,,Mon,Tue,Wed,Thu,Fri
12:18:26,60,Blue Island/26th,,Sun
14:07:08,J14,Jeffery Jump,,Sat
20:24:58,J14,Jeffery Jump,,Sun
15:14:56,60,Blue Island/26th,,Sun
16:03:10,124,Navy Pier,,Sat
17:38:16,J14,Jeffery Jump,,Mon,Tue,Wed,Thu,Fri
13:37:51,56,Milwaukee,,Mon,Tue,Wed,Thu,Fri
13:00:10,56,Milwaukee,,Sat
13:26:40,124,Navy Pier,,Sat
17:59:13,20,Madison,,Sat
15:25:08,J14,Jeffery Jump,,Sat
04:44:47,60,Blue Island/26th,,Sun
18:19:59,124,Navy Pier,,Sun
18:55:52,124,Navy Pier,,Mon,Tue,Wed,Thu,Fri
09:18:32,60,Blue Island/26th,,Mon,Tue,Wed,Thu,Fri
15:05:08,J14,Jeffery Jump,,Sat
18:05:19,J14,Jeffery Jump,,Mon,Tue,Wed,Thu,Fri
19:54:11,60,Blue Island/26th,,Mon,Tue,Wed,Thu,Fri
14:19:02,20,Madison,,Mon,Tue,Wed,Thu,Fri
17:38:26,60,Blue Island/26th,,Sat
09:05:17,60,Blue Island/26th,,Sat
17:30:10,56,Milwaukee,,Sun
20:24:38,56,Milwaukee,,Mon,Tue,Wed,Thu,Fri
21:00:44,20,Madison,,Mon,Tue,Wed,Thu,Fri
00:24:56,60,Blue Island/26th,,Mon
21:36:34,20,Madison,,Mon,Tue,Wed,Thu,Fri
18:51:40,56,Milwaukee,,Sat
16:38:24,56,Milwaukee,,Sat
20:06:13,20,Madison,,Sat
22:58:34,20,Madison,,Sun
21:27:04,20,Madison,,Sat
17:18:26,60,Blue Island/26th,,Sat
13:37:22,124,Navy Pier,,Mon,Tue,Wed,Thu,Fri
03:44:38,60,Blue Island/26th,,Sat
06:29:52,J14,Jeffery Jump,,Mon,Tue,Wed,Thu,Fri
11:57:55,J14,Jeffery Jump,,Sun
21:37:25,J14,Jeffery Jump,,Sat
11:08:18,157,Streeterville/Taylor,,Mon,Tue,Wed,Thu,Fri
09:52:02,60,Blue Island/26th,,Mon,Tue,Wed,Thu,Fri
11:16:32,60,Blue Island/26th,,Mon,Tue,Wed,Thu,Fri
17:11:57,20,Madison,,Mon,Tue,Wed,Thu,Fri
14:49:11,20,Madison,,Mon,Tue,Wed,Thu,Fri
17:47:40,56,Milwaukee,,Sun
13:39:35,60,Blue Island/26th,,Sat
17:46:16,56,Milwaukee,,Mon,Tue,Wed,Thu,Fri
07:33:34,20,Madison,,Sun
10:12:13,20,Madison,,Sat
22:45:34,20,Madison,,Sat
12:51:40,124,Navy Pier,,Sat
09:53:25,J14,Jeffery Jump,,Sat
16:37:07,60,Blue Island/26th,,Mon,Tue,Wed,Thu,Fri
20:09:55,J14,Jeffery Jump,,Mon,Tue,Wed,Thu,Fri
14:12:43,20,Madison,,Sun
13:31:22,J14,Jeffery Jump,,Mon,Tue,Wed,Thu,Fri
21:49:00,157,Streeterville/Taylor,,Mon,Tue,Wed,Thu,Fri
09:32:26,60,Blue Island/26th,,Sat
10:32:59,124,Navy Pier,,Sat
11:16:32,60,Blue Island/26th,,Mon,Tue,Wed,Thu,Fri
08:38:08,J14,Jeffery Jump,,Sun
06:59:50,20,Madison,,Mon,Tue,Wed,Thu,Fri
14:27:08,J14,Jeffery Jump,,Sat
23:27:04,20,Madison,,Mon,Tue,Wed,Thu,Fri
17:41:22,J14,Jeffery Jump,,Sat
20:43:23,60,Blue Island/26th,,Mon,Tue,Wed,Thu,Fri
07:54:00,20,Madison,,Mon,Tue,Wed,Thu,Fri
05:37:30,56,Milwaukee,,Sun
11:37:55,J14,Jeffery Jump,,Sun
15:51:38,J14,Jeffery Jump,,Sun
11:22:13,20,Madison,,Sat
10:37:55,J14,Jeffery Jump,,Sun
20:03:29,124,Navy Pier,,Sun
10:32:13,20,Madison,,Sat
17:19:46,J14,Jeffery Jump,,Mon,Tue,Wed,Thu,Fri
15:55:08,J14,Jeffery Jump,,Sat
19:18:57,56,Milwaukee,,Sun
07:36:27,56,Milwaukee,,Sat
09:42:47,60,Blue Island/26th,,Sun
12:01:35,J14,Jeffery Jump,,Mon,Tue,Wed,Thu,Fri
22:25:47,60,Blue Island/26th,,Sat
12:09:26,60,Blue Island/26th,,Sun
09:28:10,56,Milwaukee,,Sat
11:45:24,20,Madison,,Sun
18:06:07,60,Blue Island/26th,,Mon,Tue,Wed,Thu,Fri
17:57:58,20,Madison,,Mon,Tue,Wed,Thu,Fri
12:38:22,J14,Jeffery Jump,,Sat
07:12:08,56,Milwaukee,,Mon,Tue,Wed,Thu,Fri
16:45:08,J14,Jeffery Jump,,Sat
21:09:34,20,Madison,,Mon,Tue,Wed,Thu,Fri
10:09:56,60,Blue Island/26th,,Sat
16:18:58,60,Blue Island/26th,,Mon,Tue,Wed,Thu,Fri
14:27:13,20,Madison,,Sat
09:13:37,124,Navy Pier,,Sun
18:15:19,J14,Jeffery Jump,,Mon,Tue,Wed,Thu,Fri
20:51:47,60,Blue Island/26th,,Sun
05:14:56,60,Blue Island/26th,,Mon,Tue,Wed,Thu,Fri
17:23:56,60,Blue Island/26th,,Sun
11:48:22,J14,Jeffery Jump,,Sat
17:00:13,20,Madison,,Sat
11:55:02,60,Blue Island/26th,,Mon,Tue,Wed,Thu,Fri
12:27:40,56,Milwaukee,,Sun
18:33:10,56,Milwaukee,,Sat
00:28:58,20,Madison,,Sun
10:17:55,J14,Jeffery Jump,,Sun
22:43:34,20,Madison,,Sun
05:16:27,56,Milwaukee,,Mon,Tue,Wed,Thu,Fri
09:35:24,20,Madison,,Sun
22:57:04,20,Madison,,Mon,Tue,Wed,Thu,Fri
23:57:04,20,Madison,,Mon,Tue,Wed,Thu,Fri
16:00:49,J14,Jeffery Jump,,Mon,Tue,Wed,Thu,Fri
23:59:26,60,Blue Island/26th,,Sat
08:52:49,J14,Jeffery Jump,,Mon,Tue,Wed,Thu,Fri
16:39:55,124,Navy Pier,,Mon,Tue,Wed,Thu,Fri
20:04:11,60,Blue Island/26th,,Mon,Tue,Wed,Thu,Fri
11:12:22,J14,Jeffery Jump,,Mon,Tue,Wed,Thu,Fri
14:32:22,124,Navy Pier,,Mon,Tue,Wed,Thu,Fri
23:02:58,J14,Jeffery Jump,,Mon,Tue,Wed,Thu,Fri
14:14:42,157,Streeterville/Taylor,,Mon,Tue,Wed,Thu,Fri
00:28:58,20,Madison,,Mon
17:59:13,20,Madison,,Sat
06:45:38,J14,Jeffery Jump,,Sun
21:34:58,J14,Jeffery Jump,,Sun
14:04:52,124,Navy Pier,,Mon,Tue,Wed,Thu,Fri
17:51:08,J14,Jeffery Jump,,Sat
17:58:24,56,Milwaukee,,Sat
07:05:35,J14,Jeffery Jump,,Mon,Tue,Wed,Thu,Fri
09:34:24,56,Milwaukee,,Mon,Tue,Wed,Thu,Fri
17:00:16,56,Milwaukee,,Mon,Tue,Wed,Thu,Fri
22:57:04,20,Madison,,Mon,Tue,Wed,Thu,Fri
16:11:40,124,Navy Pier,,Sun
10:21:55,J14,Jeffery Jump,,Sat
17:22:08,J14,Jeffery Jump,,Sat
20:27:25,J14,Jeffery Jump,,Sat
15:15:08,J14,Jeffery Jump,,Sat
14:54:11,60,Blue Island/26th,,Mon,Tue,Wed,Thu,Fri
09:10:19,J14,Jeffery Jump,,Mon,Tue,Wed,Thu,Fri
10:38:56,60,Blue Island/26th,,Sat
14:59:52,124,Navy Pier,,Mon,Tue,Wed,Thu,Fri
17:42:33,20,Madison,,Sun
11:19:52,124,Navy Pier,,Mon,Tue,Wed,Thu,Fri
12:42:22,124,Navy Pier,,Mon,Tue,Wed,Thu,Fri
16:36:57,20,Madison,,Mon,Tue,Wed,Thu,Fri
18:33:22,J14,Jeffery Jump,,Mon,Tue,Wed,Thu,Fri
20:21:24,20,Madison,,Sun
14:56:40,124,Navy Pier,,Sun
12:44:40,56,Milwaukee,,Sat
15:22:43,20,Madison,,Sun
19:41:24,20,Madison,,Sun
06:18:40,56,Milwaukee,,Mon,Tue,Wed,Thu,Fri
16:54:24,56,Milwaukee,,Sat
07:59:38,J14,Jeffery Jump,,Sat
00:13:58,20,Madison,,Sun
10:51:55,J14,Jeffery Jump,,Sat
23:58:34,20,Madison,,Sat
06:42:10,20,Madison,,Mon,Tue,Wed,Thu,Fri
12:40:05,60,Blue Island/26th,,Sat
20:39:25,J14,Jeffery Jump,,Mon,Tue,Wed,Thu,Fri
13:20:05,60,Blue Island/26th,,Sat
11:22:22,J14,Jeffery Jump,,Mon,Tue,Wed,Thu,Fri
22:27:40,56,Milwaukee,,Sat
12:55:56,60,Blue Island/26th,,Sun
10:19:24,56,Milwaukee,,Mon,Tue,Wed,Thu,Fri
15:52:40,56,Milwaukee,,Sun
07:15:48,157,Streeterville/Taylor,,Mon,Tue,Wed,Thu,Fri
19:37:25,J14,Jeffery Jump,,Sat
07:25:32,60,Blue Island/26th,,Mon,Tue,Wed,Thu,Fri
15:41:38,J14,Jeffery Jump,,Sun
02:14:56,60,Blue Island/26th,,Mon
11:45:24,20,Madison,,Sun
10:12:47,60,Blue Island/26th,,Sun
08:01:38,J14,Jeffery Jump,,Sun
13:02:43,20,Madison,,Sun
17:53:59,124,Navy Pier,,Sun
14:32:43,20,Madison,,Sun
14:25:56,60,Blue Island/26th,,Sun
09:20:08,56,Milwaukee,,Mon,Tue,Wed,Thu,Fri
19:53:00,157,Streeterville/Taylor,,Mon,Tue,Wed,Thu,Fri
07:08:00,20,Madison,,Mon,Tue,Wed,Thu,Fri
16:43:56,60,Blue Island/26th,,Sun
11:17:47,60,Blue Island/26th,,Sun
08:34:30,20,Madison,,Mon,Tue,Wed,Thu,Fri
17:07:16,56,Milwaukee,,Mon,Tue,Wed,Thu,Fri
10:57:55,J14,Jeffery Jump,,Sun
17:52:33,20,Madison,,Sun
21:42:47,60,Blue Island/26th,,Sun
21:45:04,20,Madison,,Sun
11:41:35,J14,Jeffery Jump,,Mon,Tue,Wed,Thu,Fri
07:33:34,20,Madison,,Sun
01:14:38,60,Blue Island/26th,,Tue,Wed,Thu,Fri,Sat
12:57:55,J14,Jeffery Jump,,Sat
11:05:38,56,Milwaukee,,Mon,Tue,Wed,Thu,Fri
10:17:10,56,Milwaukee,,Sun
14:44:41,60,Blue Island/26th,,Mon,Tue,Wed,Thu,Fri
13:57:08,J14,Jeffery Jump,,Sat
15:05:56,60,Blue Island/26th,,Sun
22:36:26,60,Blue Island/26th,,Mon,Tue,Wed,Thu,Fri
08:38:08,J14,Jeffery Jump,,Sun
07:43:11,60,Blue Island/26th,,Mon,Tue,Wed,Thu,Fri
18:13:06,124,Navy Pier,,Mon,Tue,Wed,Thu,Fri
14:49:30,157,Streeterville/Taylor,,Mon,Tue,Wed,Thu,Fri
15:11:22,J14,Jeffery Jump,,Mon,Tue,Wed,Thu,Fri
09:05:13,20,Madison,,Sat
16:09:50,60,Blue Island/26th,,Mon,Tue,Wed,Thu,Fri
10:20:54,157,Streeterville/Taylor,,Mon,Tue,Wed,Thu,Fri
11:05:24,20,Madison,,Sun
03:14:29,60,Blue Island/26th,,Mon,Tue,Wed,Thu,Fri
19:57:25,J14,Jeffery Jump,,Sat
19:37:59,124,Navy Pier,,Sun
18:23:40,56,Milwaukee,,Sun
21:59:17,60,Blue Island/26th,,Sun
13:38:27,56,Milwaukee,,Sun
12:30:51,56,Milwaukee,,Mon,Tue,Wed,Thu,Fri
09:28:08,J14,Jeffery Jump,,Sun
09:52:47,60,Blue Island/26th,,Sun
18:55:52,124,Navy Pier,,Mon,Tue,Wed,Thu,Fri
17:05:06,124,Navy Pier,,Mon,Tue,Wed,Thu,Fri
12:51:35,J14,Jeffery Jump,,Mon,Tue,Wed,Thu,Fri
07:06:32,60,Blue Island/26th,,Mon,Tue,Wed,Thu,Fri
21:10:59,124,Navy Pier,,Sat
09:15:24,20,Madison,,Sun
15:58:27,20,Madison,,Mon,Tue,Wed,Thu,Fri
09:56:23,20,Madison,,Mon,Tue,Wed,Thu,Fri
19:48:40,56,Milwaukee,,Sat
12:34:03,20,Madison,,Sun
08:58:38,J14,Jeffery Jump,,Sun
13:35:56,60,Blue Island/26th,,Sun
09:43:55,J14,Jeffery Jump,,Sat
06:01:30,56,Milwaukee,,Sat
08:24:30,20,Madison,,Mon,Tue,Wed,Thu,Fri
17:13:10,56,Milwaukee,,Sun
11:40:40,56,Milwaukee,,Sat
07:16:34,20,Madison,,Sun
03:14:38,60,Blue Island/26th,,Sun
17:53:59,124,Navy Pier,,Sun
08:39:21,56,Milwaukee,,Mon,Tue,Wed,Thu,Fri
11:59:10,124,Navy Pier,,Sat
18:38:59,124,Navy Pier,,Sat
14:15:56,60,Blue Island/26th,,Sun
20:27:40,56,Milwaukee,,Sat
20:41:47,60,Blue Island/26th,,Sun
18:45:21,56,Milwaukee,,Mon,Tue,Wed,Thu,Fri
08:40:43,56,Milwaukee,,Sun
12:50:05,60,Blue Island/26th,,Sat
19:36:13,20,Madison,,Sat
09:38:48,124,Navy Pier,,Sun
16:12:43,20,Madison,,Sun
08:52:21,56,Milwaukee,,Mon,Tue,Wed,Thu,Fri
15:12:43,20,Madison,,Sun
02:13:58,20,Madison,,Tue,Wed,Thu,Fri,Sat
18:20:38,J14,Jeffery Jump,,Sat
16:09:05,60,Blue Island/26th,,Sat
18:16:42,157,Streeterville/Taylor,,Mon,Tue,Wed,Thu,Fri
07:28:54,20,Madison,,Sat
11:42:13,20,Madison,,Sat
15:45:08,J14,Jeffery Jump,,Sat
06:01:14,60,Blue Island/26th,,Mon,Tue,Wed,Thu,Fri
08:19:30,20,Madison,,Mon,Tue,Wed,Thu,Fri
16:59:46,J14,Jeffery Jump,,Mon,Tue,Wed,Thu,Fri
03:13:58,20,Madison,,Mon,Tue,Wed,Thu,Fri
05:30:52,J14,Jeffery Jump,,Mon,Tue,Wed,Thu,Fri
12:15:24,20,Madison,,Sun
16:51:25,J14,Jeffery Jump,,Sun
21:30:34,20,Madison,,Sun
17:28:26,60,Blue Island/26th,,Sat
20:01:47,60,Blue Island/26th,,Sun
16:33:13,20,Madison,,Sat
17:49:41,J14,Jeffery Jump,,Sun
09:35:00,20,Madison,,Mon,Tue,Wed,Thu,Fri
11:36:02,60,Blue Island/26th,,Mon,Tue,Wed,Thu,Fri
08:58:49,J14,Jeffery Jump,,Mon,Tue,Wed,Thu,Fri
07:18:00,20,Madison,,Mon,Tue,Wed,Thu,Fri
15:10:57,20,Madison,,Mon,Tue,Wed,Thu,Fri
00:43:58,20,Madison,,Mon
19:11:47,60,Blue Island/26th,,Sun
14:47:08,J14,Jeffery Jump,,Sat
19:26:40,124,Navy Pier,,Mon,Tue,Wed,Thu,Fri
06:57:34,20,Madison,,Sun
20:42:24,56,Milwaukee,,Mon,Tue,Wed,Thu,Fri
08:46:49,J14,Jeffery Jump,,Mon,Tue,Wed,Thu,Fri
10:05:24,157,Streeterville/Taylor,,Mon,Tue,Wed,Thu,Fri
02:43:58,20,Madison,,Sun
18:18:11,J14,Jeffery Jump,,Sun
19:14:50,60,Blue Island/26th,,Mon,Tue,Wed,Thu,Fri
18:45:28,60,Blue Island/26th,,Mon,Tue,Wed,Thu,Fri
05:40:57,56,Milwaukee,,Mon,Tue,Wed,Thu,Fri
06:36:17,60,Blue Island/26th,,Sun
04:43:58,20,Madison,,Mon,Tue,Wed,Thu,Fri
10:04:43,20,Madison,,Mon,Tue,Wed,Thu,Fri
10:22:22,J14,Jeffery Jump,,Mon,Tue,Wed,Thu,Fri
08:40:20,60,Blue Island/26th,,Mon,Tue,Wed,Thu,Fri
00:14:38,60,Blue Island/26th,,Tue,Wed,Thu,Fri,Sat
17:38:16,56,Milwaukee,,Mon,Tue,Wed,Thu,Fri
10:31:55,J14,Jeffery Jump,,Sat
16:28:07,60,Blue Island/26th,,Mon,Tue,Wed,Thu,Fri
15:58:27,20,Madison,,Mon,Tue,Wed,Thu,Fri
11:17:47,60,Blue Island/26th,,Sun
09:22:56,60,Blue Island/26th,,Sat
19:14:58,J14,Jeffery Jump,,Sun
08:54:30,20,Madison,,Mon,Tue,Wed,Thu,Fri
19:17:56,60,Blue Island/26th,,Sat
13:32:53,60,Blue Island/26th,,Mon,Tue,Wed,Thu,Fri
09:20:08,56,Milwaukee,,Mon,Tue,Wed,Thu,Fri
19:21:47,60,Blue Island/26th,,Sun
15:25:08,J14,Jeffery Jump,,Sat
07:47:00,20,Madison,,Mon,Tue,Wed,Thu,Fri
23:56:17,60,Blue Island/26th,,Mon,Tue,Wed,Thu,Fri
07:46:05,J14,Jeffery Jump,,Mon,Tue,Wed,Thu,Fri
13:55:02,20,Madison,,Mon,Tue,Wed,Thu,Fri
17:03:55,J14,Jeffery Jump,,Sat
14:01:38,J14,Jeffery Jump,,Sun
16:42:13,20,Madison,,Sat
11:42:29,124,Navy Pier,,Sun
15:48:13,20,Madison,,Sat
17:53:56,60,Blue Island/26th,,Sun
11:43:26,60,Blue Island/26th,,Sun
18:51:24,20,Madison,,Sun
06:49:13,56,Milwaukee,,Sat
14:45:56,60,Blue Island/26th,,Sun
15:13:11,60,Blue Island/26th,,Mon,Tue,Wed,Thu,Fri
09:22:47,60,Blue Island/26th,,Sun
13:20:05,60,Blue Island/26th,,Sat
07:36:30,157,Streeterville/Taylor,,Mon,Tue,Wed,Thu,Fri
21:31:47,60,Blue Island/26th,,Sat
22:44:48,124,Navy Pier,,Sat
15:30:49,J14,Jeffery Jump,,Mon,Tue,Wed,Thu,Fri
10:42:22,J14,Jeffery Jump,,Mon,Tue,Wed,Thu,Fri
16:10:49,J14,Jeffery Jump,,Mon,Tue,Wed,Thu,Fri
08:29:30,20,Madison,,Mon,Tue,Wed,Thu,Fri
16:04:27,20,Madison,,Mon,Tue,Wed,Thu,Fri
22:14:37,124,Navy Pier,,Sun
23:14:34,20,Madison,,Sat
02:13:58,20,Madison,,Mon
23:42:04,20,Madison,,Mon,Tue,Wed,Thu,Fri
14:09:51,56,Milwaukee,,Mon,Tue,Wed,Thu,Fri
14:20:10,124,Navy Pier,,Sat
20:41:33,20,Madison,,Mon,Tue,Wed,Thu,Fri
17:46:16,56,Milwaukee,,Mon,Tue,Wed,Thu,Fri
12:12:40,56,Milwaukee,,Sat
10:02:13,20,Madison,,Sat
10:32:47,60,Blue Island/26th,,Sun
13:15:13,20,Madison,,Sat
04:44:29,60,Blue Island/26th,,Mon,Tue,Wed,Thu,Fri
06:25:08,J14,Jeffery Jump,,Sun
23:36:26,60,Blue Island/26th,,Mon,Tue,Wed,Thu,Fri
11:45:32,60,Blue Island/26th,,Mon,Tue,Wed,Thu,Fri
21:44:58,J14,Jeffery Jump,,Sun
21:07:34,20,Madison,,Sat
16:55:22,124,Navy Pier,,Sat
14:19:05,60,Blue Island/26th,,Sat
17:31:52,J14,Jeffery Jump,,Sat
09:41:40,124,Navy Pier,,Sat
17:59:41,J14,Jeffery Jump,,Sun
15:21:13,20,Madison,,Sat
16:35:08,J14,Jeffery Jump,,Sat
19:31:24,20,Madison,,Sun
20:34:58,J14,Jeffery Jump,,Sun
16:51:57,20,Madison,,Mon,Tue,Wed,Thu,Fri
20:11:43,20,Madison,,Mon,Tue,Wed,Thu,Fri
20:28:29,124,Navy Pier,,Sat
18:07:02,56,Milwaukee,,Mon,Tue,Wed,Thu,Fri
08:00:54,20,Madison,,Sat
16:21:25,J14,Jeffery Jump,,Sun
22:23:24,56,Milwaukee,,Mon,Tue,Wed,Thu,Fri
08:55:41,60,Blue Island/26th,,Mon,Tue,Wed,Thu,Fri
15:04:40,56,Milwaukee,,Sun
12:54:59,124,Navy Pier,,Sun
16:09:50,60,Blue Island/26th,,Mon,Tue,Wed,Thu,Fri
06:59:35,J14,Jeffery Jump,,Mon,Tue,Wed,Thu,Fri
20:31:24,20,Madison,,Sun
06:48:53,60,Blue Island/26th,,Mon,Tue,Wed,Thu,Fri
03:14:38,60,Blue Island/26th,,Sun
14:05:56,60,Blue Island/26th,,Sun
05:24:56,60,Blue Island/26th,,Mon,Tue,Wed,Thu,Fri
09:38:35,J14,Jeffery Jump,,Mon,Tue,Wed,Thu,Fri
21:31:47,60,Blue Island/26th,,Sat
12:06:59,124,Navy Pier,,Sun
15:26:52,124,Navy Pier,,Mon,Tue,Wed,Thu,Fri
13:45:10,124,Navy Pier,,Sat
16:22:24,56,Milwaukee,,Sat
16:15:13,20,Madison,,Sat
08:32:50,60,Blue Island/26th,,Mon,Tue,Wed,Thu,Fri
21:20:24,56,Milwaukee,,Mon,Tue,Wed,Thu,Fri
15:06:51,56,Milwaukee,,Mon,Tue,Wed,Thu,Fri
08:38:44,20,Madison,,Sun
16:29:05,60,Blue Island/26th,,Sat
15:11:22,J14,Jeffery Jump,,Mon,Tue,Wed,Thu,Fri
11:00:17,60,Blue Island/26th,,Sun
06:22:10,20,Madison,,Mon,Tue,Wed,Thu,Fri
07:05:48,157,Streeterville/Taylor,,Mon,Tue,Wed,Thu,Fri
15:56:05,56,Milwaukee,,Mon,Tue,Wed,Thu,Fri
02:43:58,20,Madison,,Tue,Wed,Thu,Fri,Sat
12:25:24,20,Madison,,Sun
09:10:32,60,Blue Island/26th,,Mon,Tue,Wed,Thu,Fri
09:38:57,56,Milwaukee,,Sun
19:00:08,56,Milwaukee,,Mon,Tue,Wed,Thu,Fri
12:11:35,J14,Jeffery Jump,,Mon,Tue,Wed,Thu,Fri
11:51:56,60,Blue Island/26th,,Sun
13:26:40,124,Navy Pier,,Sat
18:40:36,157,Streeterville/Taylor,,Mon,Tue,Wed,Thu,Fri
13:42:53,60,Blue Island/26th,,Mon,Tue,Wed,Thu,Fri
13:04:51,56,Milwaukee,,Mon,Tue,Wed,Thu,Fri
21:33:44,60,Blue Island/26th,,Mon,Tue,Wed,Thu,Fri
09:04:30,20,Madison,,Mon,Tue,Wed,Thu,Fri
17:19:13,20,Madison,,Sat
19:17:25,J14,Jeffery Jump,,Sat
14:46:24,56,Milwaukee,,Sat
16:47:42,157,Streeterville/Taylor,,Mon,Tue,Wed,Thu,Fri
09:43:55,J14,Jeffery Jump,,Sat
15:50:24,56,Milwaukee,,Sat
18:05:40,56,Milwaukee,,Sun
05:32:10,20,Madison,,Mon,Tue,Wed,Thu,Fri
15:30:13,20,Madison,,Sat
13:39:35,60,Blue Island/26th,,Sat
00:42:28,20,Madison,,Tue,Wed,Thu,Fri,Sat
11:05:24,20,Madison,,Sun
16:21:27,20,Madison,,Mon,Tue,Wed,Thu,Fri
11:51:35,J14,Jeffery Jump,,Mon,Tue,Wed,Thu,Fri
15:05:08,J14,Jeffery Jump,,Sat
22:02:24,56,Milwaukee,,Mon,Tue,Wed,Thu,Fri
02:44:38,60,Blue Island/26th,,Sun
21:14:47,60,Blue Island/26th,,Sat
08:22:25,J14,Jeffery Jump,,Sat
19:59:27,56,Milwaukee,,Sun
05:14:38,60,Blue Island/26th,,Sat
11:12:13,20,Madison,,Sat
04:13:58,20,Madison,,Mon,Tue,Wed,Thu,Fri
14:05:56,60,Blue Island/26th,,Sun
06:58:02,60,Blue Island/26th,,Mon,Tue,Wed,Thu,Fri
17:16:57,20,Madison,,Mon,Tue,Wed,Thu,Fri
11:41:35,J14,Jeffery Jump,,Mon,Tue,Wed,Thu,Fri
18:24:05,J14,Jeffery Jump,,Mon,Tue,Wed,Thu,Fri
19:26:13,20,Madison,,Sat
12:11:35,J14,Jeffery Jump,,Mon,Tue,Wed,Thu,Fri
16:04:27,20,Madison,,Mon,Tue,Wed,Thu,Fri
09:06:40,56,Milwaukee,,Sat
21:47:40,56,Milwaukee,,Sat
07:54:47,60,Blue Island/26th,,Sat
15:05:56,60,Blue Island/26th,,Sun
13:24:02,20,Madison,,Mon,Tue,Wed,Thu,Fri
13:45:56,60,Blue Island/26th,,Sun
17:46:47,20,Madison,,Mon,Tue,Wed,Thu,Fri
09:09:30,20,Madison,,Mon,Tue,Wed,Thu,Fri
21:14:17,60,Blue Island/26th,,Sun
21:02:30,56,Milwaukee,,Sun
21:17:25,J14,Jeffery Jump,,Sat
11:22:13,20,Madison,,Sat
10:25:52,124,Navy Pier,,Mon,Tue,Wed,Thu,Fri
16:41:46,56,Milwaukee,,Mon,Tue,Wed,Thu,Fri
07:34:38,J14,Jeffery Jump,,Sat
22:03:34,20,Madison,,Sat
06:32:10,20,Madison,,Mon,Tue,Wed,Thu,Fri
16:24:40,56,Milwaukee,,Sun
06:58:47,60,Blue Island/26th,,Sun
11:58:22,J14,Jeffery Jump,,Sat
15:02:24,56,Milwaukee,,Sat
18:31:35,56,Milwaukee,,Mon,Tue,Wed,Thu,Fri
18:52:38,J14,Jeffery Jump,,Mon,Tue,Wed,Thu,Fri
09:58:08,J14,Jeffery Jump,,Sun
10:31:55,J14,Jeffery Jump,,Sat
20:47:25,J14,Jeffery Jump,,Sat
13:55:56,60,Blue Island/26th,,Sun
15:39:27,20,Madison,,Mon,Tue,Wed,Thu,Fri
11:27:55,J14,Jeffery Jump,,Sun
14:37:32,60,Blue Island/26th,,Mon,Tue,Wed,Thu,Fri
10:51:47,60,Blue Island/26th,,Sun
11:25:24,20,Madison,,Sun
13:57:08,J14,Jeffery Jump,,Sat
16:32:48,157,Streeterville/Taylor,,Mon,Tue,Wed,Thu,Fri
20:14:58,J14,Jeffery Jump,,Sun
16:38:40,124,Navy Pier,,Sun
14:32:43,20,Madison,,Sun
05:36:30,56,Milwaukee,,Sat
18:51:24,20,Madison,,Sun
18:38:13,20,Madison,,Sat
09:09:30,20,Madison,,Mon,Tue,Wed,Thu,Fri
05:10:38,J14,Jeffery Jump,,Mon,Tue,Wed,Thu,Fri
06:49:13,56,Milwaukee,,Sat
02:13:58,20,Madison,,Sun
21:01:47,60,Blue Island/26th,,Sun
11:44:05,60,Blue Island/26th,,Sat
18:04:52,124,Navy Pier,,Sat
06:15:25,J14,Jeffery Jump,,Sat
14:29:05,60,Blue Island/26th,,Sat
07:06:32,60,Blue Island/26th,,Mon,Tue,Wed,Thu,Fri
08:26:20,60,Blue Island/26th,,Mon,Tue,Wed,Thu,Fri
06:53:48,157,Streeterville/Taylor,,Mon,Tue,Wed,Thu,Fri
08:55:13,20,Madison,,Sat
17:43:36,157,Streeterville/Taylor,,Mon,Tue,Wed,Thu,Fri
15:53:56,60,Blue Island/26th,,Sun
06:59:47,60,Blue Island/26th,,Sat
20:51:47,60,Blue Island/26th,,Sun
07:50:04,20,Madison,,Sun
16:31:46,56,Milwaukee,,Mon,Tue,Wed,Thu,Fri
07:34:11,60,Blue Island/26th,,Mon,Tue,Wed,Thu,Fri
19:06:11,J14,Jeffery Jump,,Sun
00:44:56,60,Blue Island/26th,,Mon
10:35:57,56,Milwaukee,,Sun
21:36:34,20,Madison,,Mon,Tue,Wed,Thu,Fri
14:56:38,20,Madison,,Mon,Tue,Wed,Thu,Fri
09:08:36,157,Streeterville/Taylor,,Mon,Tue,Wed,Thu,Fri
20:17:56,60,Blue Island/26th,,Sat
00:58:58,20,Madison,,Mon
05:40:57,56,Milwaukee,,Mon,Tue,Wed,Thu,Fri
23:58:34,20,Madison,,Sun
13:25:56,60,Blue Island/26th,,Sun
10:03:59,124,Navy Pier,,Sun
14:22:43,20,Madison,,Sun
18:05:40,56,Milwaukee,,Sun
12:18:22,J14,Jeffery Jump,,Sat
11:51:56,60,Blue Island/26th,,Sun
17:29:46,J14,Jeffery Jump,,Mon,Tue,Wed,Thu,Fri
20:42:24,56,Milwaukee,,Mon,Tue,Wed,Thu,Fri
15:01:38,J14,Jeffery Jump,,Sun
16:13:56,60,Blue Island/26th,,Sun
10:55:24,20,Madison,,Sun
12:05:24,20,Madison,,Sun
04:44:29,60,Blue Island/26th,,Mon,Tue,Wed,Thu,Fri
13:06:42,157,Streeterville/Taylor,,Mon,Tue,Wed,Thu,Fri
15:28:40,124,Navy Pier,,Sat
13:59:10,56,Milwaukee,,Sat
08:25:43,20,Madison,,Sat
15:35:08,J14,Jeffery Jump,,Sat
14:42:22,20,Madison,,Mon,Tue,Wed,Thu,Fri
12:51:35,J14,Jeffery Jump,,Mon,Tue,Wed,Thu,Fri
00:58:58,20,Madison,,Mon
14:55:08,J14,Jeffery Jump,,Sat
20:43:40,124,Navy Pier,,Mon,Tue,Wed,Thu,Fri
20:27:47,60,Blue Island/26th,,Sat
07:18:00,20,Madison,,Mon,Tue,Wed,Thu,Fri
00:13:58,20,Madison,,Mon
19:06:11,J14,Jeffery Jump,,Sun
15:21:40,124,Navy Pier,,Sun
21:41:24,56,Milwaukee,,Mon,Tue,Wed,Thu,Fri
07:41:05,J14,Jeffery Jump,,Mon,Tue,Wed,Thu,Fri
09:25:13,20,Madison,,Sat
14:34:42,20,Madison,,Mon,Tue,Wed,Thu,Fri
12:13:51,56,Milwaukee,,Mon,Tue,Wed,Thu,Fri
11:01:38,J14,Jeffery Jump,,Sat
20:57:25,J14,Jeffery Jump,,Sat
19:27:56,60,Blue Island/26th,,Sat
13:03:55,J14,Jeffery Jump,,Sun
09:49:54,157,Streeterville/Taylor,,Mon,Tue,Wed,Thu,Fri
03:44:38,60,Blue Island/26th,,Sun
22:18:18,124,Navy Pier,,Mon,Tue,Wed,Thu,Fri
17:36:57,20,Madison,,Mon,Tue,Wed,Thu,Fri
08:39:21,56,Milwaukee,,Mon,Tue,Wed,Thu,Fri
16:31:25,J14,Jeffery Jump,,Sun
14:46:24,56,Milwaukee,,Sat
06:20:34,20,Madison,,Sat
12:47:51,56,Milwaukee,,Mon,Tue,Wed,Thu,Fri
11:24:13,20,Madison,,Mon,Tue,Wed,Thu,Fri
16:13:56,60,Blue Island/26th,,Sun
12:46:10,56,Milwaukee,,Sun
18:35:28,60,Blue Island/26th,,Mon,Tue,Wed,Thu,Fri
08:29:30,157,Streeterville/Taylor,,Mon,Tue,Wed,Thu,Fri
15:46:40,124,Navy Pier,,Sun
20:28:18,124,Navy Pier,,Sun
09:58:08,J14,Jeffery Jump,,Sun
12:04:32,60,Blue Island/26th,,Mon,Tue,Wed,Thu,Fri
05:39:25,J14,Jeffery Jump,,Sat
21:27:40,56,Milwaukee,,Sat
10:07:52,124,Navy Pier,,Mon,Tue,Wed,Thu,Fri
11:20:52,J14,Jeffery Jump,,Sat
22:04:05,60,Blue Island/26th,,Mon,Tue,Wed,Thu,Fri
22:44:48,124,Navy Pier,,Sat
08:01:35,J14,Jeffery Jump,,Mon,Tue,Wed,Thu,Fri
07:43:17,60,Blue Island/26th,,Sun
16:31:27,20,Madison,,Mon,Tue,Wed,Thu,Fri
18:16:42,157,Streeterville/Taylor,,Mon,Tue,Wed,Thu,Fri
12:59:02,20,Madison,,Mon,Tue,Wed,Thu,Fri
19:11:47,60,Blue Island/26th,,Sun
17:30:16,56,Milwaukee,,Mon,Tue,Wed,Thu,Fri
08:52:49,J14,Jeffery Jump,,Mon,Tue,Wed,Thu,Fri
21:27:34,20,Madison,,Mon,Tue,Wed,Thu,Fri
13:52:43,20,Madison,,Sun
06:14:22,J14,Jeffery Jump,,Mon,Tue,Wed,Thu,Fri
21:34:58,J14,Jeffery Jump,,Sun
09:19:43,56,Milwaukee,,Sun
15:40:49,J14,Jeffery Jump,,Mon,Tue,Wed,Thu,Fri
04:57:55,J14,Jeffery Jump,,Mon,Tue,Wed,Thu,Fri
14:02:40,124,Navy Pier,,Sat
20:41:27,56,Milwaukee,,Sun
14:27:08,J14,Jeffery Jump,,Sat
16:45:46,60,Blue Island/26th,,Mon,Tue,Wed,Thu,Fri
12:00:56,60,Blue Island/26th,,Sun
09:06:08,56,Milwaukee,,Mon,Tue,Wed,Thu,Fri
15:50:49,J14,Jeffery Jump,,Mon,Tue,Wed,Thu,Fri
14:00:13,20,Madison,,Sat
13:32:02,20,Madison,,Mon,Tue,Wed,Thu,Fri
16:52:43,20,Madison,,Sun
19:52:02,20,Madison,,Mon,Tue,Wed,Thu,Fri
10:22:47,60,Blue Island/26th,,Sun
18:47:56,60,Blue Island/26th,,Sat
06:14:22,J14,Jeffery Jump,,Mon,Tue,Wed,Thu,Fri
16:31:27,20,Madison,,Mon,Tue,Wed,Thu,Fri
16:10:27,20,Madison,,Mon,Tue,Wed,Thu,Fri
12:41:35,J14,Jeffery Jump,,Mon,Tue,Wed,Thu,Fri
07:41:05,J14,Jeffery Jump,,Mon,Tue,Wed,Thu,Fri
16:25:08,J14,Jeffery Jump,,Sat
06:59:50,20,Madison,,Mon,Tue,Wed,Thu,Fri
09:03:02,60,Blue Island/26th,,Mon,Tue,Wed,Thu,Fri
09:23:55,J14,Jeffery Jump,,Sat
17:36:57,20,Madison,,Mon,Tue,Wed,Thu,Fri
13:00:10,56,Milwaukee,,Sat
14:02:43,20,Madison,,Sun
20:54:58,J14,Jeffery Jump,,Sun
20:55:44,20,Madison,,Sat
12:31:35,J14,Jeffery Jump,,Mon,Tue,Wed,Thu,Fri
22:57:47,60,Blue Island/26th,,Sun
23:14:34,20,Madison,,Sat
02:44:38,60,Blue Island/26th,,Tue,Wed,Thu,Fri,Sat
19:38:57,56,Milwaukee,,Sun
10:54:13,20,Madison,,Mon,Tue,Wed,Thu,Fri
07:47:38,J14,Jeffery Jump,,Sat
15:30:13,20,Madison,,Sat
08:17:49,J14,Jeffery Jump,,Mon,Tue,Wed,Thu,Fri
21:27:40,56,Milwaukee,,Sat
17:26:57,20,Madison,,Mon,Tue,Wed,Thu,Fri
12:00:32,20,Madison,,Mon,Tue,Wed,Thu,Fri
22:07:40,56,Milwaukee,,Sat
16:10:49,J14,Jeffery Jump,,Mon,Tue,Wed,Thu,Fri
19:17:25,J14,Jeffery Jump,,Sat
17:05:06,124,Navy Pier,,Mon,Tue,Wed,Thu,Fri
14:35:56,60,Blue Island/26th,,Sun
13:44:40,56,Milwaukee,,Sat
11:35:24,20,Madison,,Sun
19:49:55,J14,Jeffery Jump,,Mon,Tue,Wed,Thu,Fri
10:47:55,J14,Jeffery Jump,,Sun
09:57:57,56,Milwaukee,,Sun
07:44:54,20,Madison,,Sat
08:12:49,J14,Jeffery Jump,,Mon,Tue,Wed,Thu,Fri
02:14:38,60,Blue Island/26th,,Sun
14:02:40,124,Navy Pier,,Sat
03:13:58,20,Madison,,Sat
05:12:28,20,Madison,,Sun
19:00:10,56,Milwaukee,,Sun
08:34:49,J14,Jeffery Jump,,Mon,Tue,Wed,Thu,Fri
17:58:26,60,Blue Island/26th,,Sat
23:36:26,60,Blue Island/26th,,Mon,Tue,Wed,Thu,Fri
20:54:58,J14,Jeffery Jump,,Sun
20:59:08,J14,Jeffery Jump,,Mon,Tue,Wed,Thu,Fri
16:51:46,56,Milwaukee,,Mon,Tue,Wed,Thu,Fri
11:39:38,56,Milwaukee,,Mon,Tue,Wed,Thu,Fri
21:07:25,J14,Jeffery Jump,,Sat
16:08:40,56,Milwaukee,,Sun
09:41:56,60,Blue Island/26th,,Sat
15:44:56,60,Blue Island/26th,,Sun
12:32:42,157,Streeterville/Taylor,,Mon,Tue,Wed,Thu,Fri
13:40:42,157,Streeterville/Taylor,,Mon,Tue,Wed,Thu,Fri
06:50:20,20,Madison,,Mon,Tue,Wed,Thu,Fri
00:24:56,60,Blue Island/26th,,Mon
11:00:17,60,Blue Island/26th,,Sun
09:23:55,J14,Jeffery Jump,,Sat
21:48:30,56,Milwaukee,,Sun
14:59:52,124,Navy Pier,,Mon,Tue,Wed,Thu,Fri
18:18:49,56,Milwaukee,,Mon,Tue,Wed,Thu,Fri
23:00:04,20,Madison,,Sat
10:32:22,J14,Jeffery Jump,,Mon,Tue,Wed,Thu,Fri
15:22:43,20,Madison,,Sun
17:28:40,124,Navy Pier,,Sun
11:05:40,56,Milwaukee,,Sat
08:45:51,56,Milwaukee,,Mon,Tue,Wed,Thu,Fri
07:38:00,20,Madison,,Mon,Tue,Wed,Thu,Fri
15:46:27,20,Madison,,Mon,Tue,Wed,Thu,Fri
10:52:13,20,Madison,,Sat
20:06:38,56,Milwaukee,,Mon,Tue,Wed,Thu,Fri
15:21:12,157,Streeterville/Taylor,,Mon,Tue,Wed,Thu,Fri
18:30:08,J14,Jeffery Jump,,Sat
16:42:43,20,Madison,,Sun
14:47:08,J14,Jeffery Jump,,Sat
15:45:40,124,Navy Pier,,Sat
13:22:43,20,Madison,,Sun
15:31:38,J14,Jeffery Jump,,Sun
09:18:32,60,Blue Island/26th,,Mon,Tue,Wed,Thu,Fri
20:20:27,56,Milwaukee,,Sun
08:08:00,20,Madison,,Mon,Tue,Wed,Thu,Fri
07:11:44,20,Madison,,Sat
09:16:19,J14,Jeffery Jump,,Mon,Tue,Wed,Thu,Fri
14:45:13,20,Madison,,Sat
14:30:59,124,Navy Pier,,Sun
09:05:17,60,Blue Island/26th,,Sat
20:27:40,56,Milwaukee,,Sat
19:24:50,60,Blue Island/26th,,Mon,Tue,Wed,Thu,Fri
11:23:40,56,Milwaukee,,Sat
09:05:24,20,Madison,,Sun
15:39:27,20,Madison,,Mon,Tue,Wed,Thu,Fri
19:14:58,J14,Jeffery Jump,,Sun
12:27:26,60,Blue Island/26th,,Sun
14:11:38,J14,Jeffery Jump,,Sun
09:38:08,J14,Jeffery Jump,,Sun
11:42:23,20,Madison,,Mon,Tue,Wed,Thu,Fri
16:22:43,20,Madison,,Sun
12:12:05,60,Blue Island/26th,,Sat
10:01:26,60,Blue Island/26th,,Sat
11:13:27,56,Milwaukee,,Sun
14:56:40,124,Navy Pier,,Sun
07:47:00,20,Madison,,Mon,Tue,Wed,Thu,Fri
16:15:08,J14,Jeffery Jump,,Sat
20:28:18,124,Navy Pier,,Sun
14:28:02,60,Blue Island/26th,,Mon,Tue,Wed,Thu,Fri
14:27:02,20,Madison,,Mon,Tue,Wed,Thu,Fri
08:15:51,56,Milwaukee,,Mon,Tue,Wed,Thu,Fri
02:43:58,20,Madison,,Mon
19:31:47,60,Blue Island/26th,,Sun
09:20:35,J14,Jeffery Jump,,Mon,Tue,Wed,Thu,Fri
16:56:57,20,Madison,,Mon,Tue,Wed,Thu,Fri
12:30:59,124,Navy Pier,,Sun
06:22:22,J14,Jeffery Jump,,Mon,Tue,Wed,Thu,Fri
06:53:48,157,Streeterville/Taylor,,Mon,Tue,Wed,Thu,Fri
09:22:42,157,Streeterville/Taylor,,Mon,Tue,Wed,Thu,Fri
18:03:28,20,Madison,,Mon,Tue,Wed,Thu,Fri
06:01:14,60,Blue Island/26th,,Mon,Tue,Wed,Thu,Fri
12:35:56,60,Blue Island/26th,,Sun
18:38:13,20,Madison,,Sat
11:05:40,56,Milwaukee,,Sat
12:52:43,20,Madison,,Sun
13:29:35,60,Blue Island/26th,,Sat
05:02:31,20,Madison,,Mon,Tue,Wed,Thu,Fri
05:36:30,56,Milwaukee,,Sat
16:02:43,20,Madison,,Sun
05:57:38,J14,Jeffery Jump,,Mon,Tue,Wed,Thu,Fri
11:38:52,J14,Jeffery Jump,,Sat
21:29:00,157,Streeterville/Taylor,,Mon,Tue,Wed,Thu,Fri
20:26:13,20,Madison,,Sat
15:41:38,J14,Jeffery Jump,,Sun
13:33:13,20,Madison,,Sat
13:53:51,56,Milwaukee,,Mon,Tue,Wed,Thu,Fri
21:27:34,20,Madison,,Mon,Tue,Wed,Thu,Fri
07:51:41,60,Blue Island/26th,,Mon,Tue,Wed,Thu,Fri
21:30:34,20,Madison,,Sun
23:22:26,60,Blue Island/26th,,Sat
17:28:26,60,Blue Island/26th,,Sat
20:21:43,20,Madison,,Mon,Tue,Wed,Thu,Fri
18:21:24,20,Madison,,Sun
19:01:47,60,Blue Island/26th,,Sun
20:37:25,J14,Jeffery Jump,,Sat
22:04:05,60,Blue Island/26th,,Mon,Tue,Wed,Thu,Fri
12:48:13,20,Madison,,Sat
18:56:11,J14,Jeffery Jump,,Sun
11:22:38,56,Milwaukee,,Mon,Tue,Wed,Thu,Fri
11:31:57,56,Milwaukee,,Sun
11:43:26,60,Blue Island/26th,,Sun
00:58:58,20,Madison,,Sun
08:55:13,20,Madison,,Sat
19:48:40,56,Milwaukee,,Sat
05:11:00,56,Milwaukee,,Sat
19:49:55,J14,Jeffery Jump,,Mon,Tue,Wed,Thu,Fri
06:11:14,60,Blue Island/26th,,Mon,Tue,Wed,Thu,Fri
20:59:08,J14,Jeffery Jump,,Mon,Tue,Wed,Thu,Fri
10:14:13,20,Madison,,Mon,Tue,Wed,Thu,Fri
17:28:40,124,Navy Pier,,Sun
20:12:00,157,Streeterville/Taylor,,Mon,Tue,Wed,Thu,Fri
21:59:34,20,Madison,,Sun
19:29:40,56,Milwaukee,,Sat
18:56:19,20,Madison,,Mon,Tue,Wed,Thu,Fri
05:12:00,56,Milwaukee,,Sun
18:41:33,124,Navy Pier,,Mon,Tue,Wed,Thu,Fri
15:29:05,60,Blue Island/26th,,Sat
21:27:04,20,Madison,,Sat
20:19:40,124,Navy Pier,,Mon,Tue,Wed,Thu,Fri
03:44:38,60,Blue Island/26th,,Sat
19:21:24,20,Madison,,Sun
06:46:54,56,Milwaukee,,Mon,Tue,Wed,Thu,Fri
18:27:41,J14,Jeffery Jump,,Sun
21:20:24,56,Milwaukee,,Mon,Tue,Wed,Thu,Fri
11:56:40,56,Milwaukee,,Sat
21:07:40,124,Navy Pier,,Mon,Tue,Wed,Thu,Fri
08:45:13,20,Madison,,Sat
08:19:50,60,Blue Island/26th,,Mon,Tue,Wed,Thu,Fri
12:16:55,J14,Jeffery Jump,,Sun
22:14:04,20,Madison,,Sun
21:18:25,J14,Jeffery Jump,,Mon,Tue,Wed,Thu,Fri
19:04:50,60,Blue Island/26th,,Mon,Tue,Wed,Thu,Fri
11:23:40,56,Milwaukee,,Sat
17:18:46,60,Blue Island/26th,,Mon,Tue,Wed,Thu,Fri
23:40:26,60,Blue Island/26th,,Sat
14:37:32,60,Blue Island/26th,,Mon,Tue,Wed,Thu,Fri
20:39:25,J14,Jeffery Jump,,Mon,Tue,Wed,Thu,Fri
14:20:10,124,Navy Pier,,Sat
17:01:25,J14,Jeffery Jump,,Sun
11:58:42,157,Streeterville/Taylor,,Mon,Tue,Wed,Thu,Fri
05:39:08,60,Blue Island/26th,,Sat
22:12:04,20,Madison,,Mon,Tue,Wed,Thu,Fri
14:37:08,J14,Jeffery Jump,,Sat
12:38:22,J14,Jeffery Jump,,Sat
18:45:21,56,Milwaukee,,Mon,Tue,Wed,Thu,Fri
21:27:47,60,Blue Island/26th,,Sun
18:37:11,J14,Jeffery Jump,,Sun
22:14:37,124,Navy Pier,,Sun
17:33:56,60,Blue Island/26th,,Sun
16:37:07,60,Blue Island/26th,,Mon,Tue,Wed,Thu,Fri
06:20:08,60,Blue Island/26th,,Sat
17:03:06,157,Streeterville/Taylor,,Mon,Tue,Wed,Thu,Fri
06:14:17,60,Blue Island/26th,,Sun
16:51:57,20,Madison,,Mon,Tue,Wed,Thu,Fri
06:37:34,20,Madison,,Sat
12:54:25,J14,Jeffery Jump,,Sun
07:19:05,J14,Jeffery Jump,,Mon,Tue,Wed,Thu,Fri
18:56:13,20,Madison,,Sat
00:13:58,20,Madison,,Sun
08:23:19,J14,Jeffery Jump,,Mon,Tue,Wed,Thu,Fri
07:25:32,60,Blue Island/26th,,Mon,Tue,Wed,Thu,Fri
10:47:55,J14,Jeffery Jump,,Sun
20:41:27,56,Milwaukee,,Sun
09:13:26,60,Blue Island/26th,,Sat
08:46:49,J14,Jeffery Jump,,Mon,Tue,Wed,Thu,Fri
11:25:56,60,Blue Island/26th,,Sat
03:43:58,20,Madison,,Sat
12:50:32,20,Madison,,Mon,Tue,Wed,Thu,Fri
07:46:38,J14,Jeffery Jump,,Sun
10:54:57,56,Milwaukee,,Sun
16:36:57,20,Madison,,Mon,Tue,Wed,Thu,Fri
05:37:30,56,Milwaukee,,Sun
21:00:24,56,Milwaukee,,Mon,Tue,Wed,Thu,Fri
16:49:05,60,Blue Island/26th,,Sat
12:30:51,56,Milwaukee,,Mon,Tue,Wed,Thu,Fri
18:08:26,60,Blue Island/26th,,Sat
19:37:59,124,Navy Pier,,Sun
19:34:58,J14,Jeffery Jump,,Sun
12:08:22,J14,Jeffery Jump,,Sat
19:47:25,J14,Jeffery Jump,,Sat
11:07:26,60,Blue Island/26th,,Sat
14:17:08,J14,Jeffery Jump,,Sat
15:09:05,60,Blue Island/26th,,Sat
14:09:13,20,Madison,,Sat
08:34:47,60,Blue Island/26th,,Sun
06:02:30,56,Milwaukee,,Sun
12:35:25,J14,Jeffery Jump,,Sun
08:19:00,157,Streeterville/Taylor,,Mon,Tue,Wed,Thu,Fri
16:19:05,60,Blue Island/26th,,Sat
14:41:22,J14,Jeffery Jump,,Mon,Tue,Wed,Thu,Fri
08:44:17,60,Blue Island/26th,,Sun
15:50:22,124,Navy Pier,,Mon,Tue,Wed,Thu,Fri
20:21:43,20,Madison,,Mon,Tue,Wed,Thu,Fri
03:43:58,20,Madison,,Sun
12:54:25,J14,Jeffery Jump,,Sun
21:07:34,20,Madison,,Sat
07:30:35,J14,Jeffery Jump,,Mon,Tue,Wed,Thu,Fri
17:42:24,56,Milwaukee,,Sat
10:08:10,56,Milwaukee,,Sat
10:57:26,60,Blue Island/26th,,Sat
14:36:13,20,Madison,,Sat
20:19:40,124,Navy Pier,,Mon,Tue,Wed,Thu,Fri
00:44:56,60,Blue Island/26th,,Mon
20:17:25,J14,Jeffery Jump,,Sat
12:13:51,56,Milwaukee,,Mon,Tue,Wed,Thu,Fri
22:56:26,60,Blue Island/26th,,Mon,Tue,Wed,Thu,Fri
09:48:08,J14,Jeffery Jump,,Sun
14:19:02,60,Blue Island/26th,,Mon,Tue,Wed,Thu,Fri
19:32:38,56,Milwaukee,,Mon,Tue,Wed,Thu,Fri
21:10:59,124,Navy Pier,,Sat
11:22:38,56,Milwaukee,,Mon,Tue,Wed,Thu,Fri
15:31:51,56,Milwaukee,,Mon,Tue,Wed,Thu,Fri
17:07:16,56,Milwaukee,,Mon,Tue,Wed,Thu,Fri
15:43:51,56,Milwaukee,,Mon,Tue,Wed,Thu,Fri
07:51:35,J14,Jeffery Jump,,Mon,Tue,Wed,Thu,Fri
11:11:08,J14,Jeffery Jump,,Sat
11:07:55,J14,Jeffery Jump,,Sun
10:51:55,J14,Jeffery Jump,,Sat
17:10:24,56,Milwaukee,,Sat
12:50:32,20,Madison,,Mon,Tue,Wed,Thu,Fri
12:25:24,20,Madison,,Sun
00:58:58,20,Madison,,Sun
01:14:47,60,Blue Island/26th,,Sun
09:08:38,J14,Jeffery Jump,,Sun
13:52:43,20,Madison,,Sun
22:18:56,60,Blue Island/26th,,Mon,Tue,Wed,Thu,Fri
19:49:38,56,Milwaukee,,Mon,Tue,Wed,Thu,Fri
09:25:24,20,Madison,,Sun
12:15:42,157,Streeterville/Taylor,,Mon,Tue,Wed,Thu,Fri
07:12:05,J14,Jeffery Jump,,Mon,Tue,Wed,Thu,Fri
13:55:02,20,Madison,,Mon,Tue,Wed,Thu,Fri
12:30:32,20,Madison,,Mon,Tue,Wed,Thu,Fri
17:29:48,124,Navy Pier,,Mon,Tue,Wed,Thu,Fri
18:29:13,20,Madison,,Sat
12:28:22,J14,Jeffery Jump,,Sat
18:25:28,60,Blue Island/26th,,Mon,Tue,Wed,Thu,Fri
21:45:04,20,Madison,,Sun
07:54:47,60,Blue Island/26th,,Sat
09:13:37,124,Navy Pier,,Sun
18:09:19,20,Madison,,Mon,Tue,Wed,Thu,Fri
06:12:10,20,Madison,,Mon,Tue,Wed,Thu,Fri
15:18:27,20,Madison,,Mon,Tue,Wed,Thu,Fri
17:42:33,20,Madison,,Sun
23:43:34,20,Madison,,Sun
17:39:13,20,Madison,,Sat
19:27:25,J14,Jeffery Jump,,Sat
15:09:05,60,Blue Island/26th,,Sat
10:17:10,56,Milwaukee,,Sun
10:07:59,124,Navy Pier,,Sat
14:01:22,J14,Jeffery Jump,,Mon,Tue,Wed,Thu,Fri
18:37:11,J14,Jeffery Jump,,Sun
20:53:23,60,Blue Island/26th,,Mon,Tue,Wed,Thu,Fri
13:01:22,J14,Jeffery Jump,,Mon,Tue,Wed,Thu,Fri
01:43:58,20,Madison,,Tue,Wed,Thu,Fri,Sat
22:07:17,60,Blue Island/26th,,Sat
14:11:22,J14,Jeffery Jump,,Mon,Tue,Wed,Thu,Fri
13:07:32,20,Madison,,Mon,Tue,Wed,Thu,Fri
09:40:30,20,Madison,,Mon,Tue,Wed,Thu,Fri
18:41:24,20,Madison,,Sun
15:51:38,J14,Jeffery Jump,,Sun
21:37:55,J14,Jeffery Jump,,Mon,Tue,Wed,Thu,Fri
12:06:59,124,Navy Pier,,Sun
15:49:42,157,Streeterville/Taylor,,Mon,Tue,Wed,Thu,Fri
14:06:59,124,Navy Pier,,Sun
09:34:02,60,Blue Island/26th,,Mon,Tue,Wed,Thu,Fri
16:38:24,56,Milwaukee,,Sat
12:27:40,56,Milwaukee,,Sun
09:08:36,157,Streeterville/Taylor,,Mon,Tue,Wed,Thu,Fri
23:59:26,60,Blue Island/26th,,Sat
17:06:57,20,Madison,,Mon,Tue,Wed,Thu,Fri
13:43:08,J14,Jeffery Jump,,Sun
09:45:24,20,Madison,,Sun
19:41:47,60,Blue Island/26th,,Sun
09:49:24,56,Milwaukee,,Mon,Tue,Wed,Thu,Fri
16:37:10,124,Navy Pier,,Sat
06:21:14,60,Blue Island/26th,,Mon,Tue,Wed,Thu,Fri
17:02:40,124,Navy Pier,,Sun
20:47:40,56,Milwaukee,,Sat
12:47:51,56,Milwaukee,,Mon,Tue,Wed,Thu,Fri
17:26:24,56,Milwaukee,,Sat
22:42:48,124,Navy Pier,,Mon,Tue,Wed,Thu,Fri
13:57:42,157,Streeterville/Taylor,,Mon,Tue,Wed,Thu,Fri
17:30:06,157,Streeterville/Taylor,,Mon,Tue,Wed,Thu,Fri
07:59:50,60,Blue Island/26th,,Mon,Tue,Wed,Thu,Fri
22:17:34,20,Madison,,Sat
08:34:30,20,Madison,,Mon,Tue,Wed,Thu,Fri
20:17:25,J14,Jeffery Jump,,Sat
17:38:16,J14,Jeffery Jump,,Mon,Tue,Wed,Thu,Fri
21:49:00,157,Streeterville/Taylor,,Mon,Tue,Wed,Thu,Fri
08:50:25,124,Navy Pier,,Mon,Tue,Wed,Thu,Fri
17:47:22,124,Navy Pier,,Sat
13:24:13,20,Madison,,Sat
06:26:30,56,Milwaukee,,Sun
22:27:40,56,Milwaukee,,Sat
20:57:25,J14,Jeffery Jump,,Sat
08:00:54,20,Madison,,Sat
08:01:38,J14,Jeffery Jump,,Sun
13:22:53,60,Blue Island/26th,,Mon,Tue,Wed,Thu,Fri
22:20:59,124,Navy Pier,,Sat
09:22:47,60,Blue Island/26th,,Sun
09:32:47,60,Blue Island/26th,,Sun
11:16:26,60,Blue Island/26th,,Sat
17:53:56,60,Blue Island/26th,,Sun
12:51:40,124,Navy Pier,,Sat
06:29:53,60,Blue Island/26th,,Mon,Tue,Wed,Thu,Fri
04:13:58,20,Madison,,Mon,Tue,Wed,Thu,Fri
03:44:29,60,Blue Island/26th,,Mon,Tue,Wed,Thu,Fri
10:42:22,J14,Jeffery Jump,,Mon,Tue,Wed,Thu,Fri
13:17:55,J14,Jeffery Jump,,Sat
07:56:35,J14,Jeffery Jump,,Mon,Tue,Wed,Thu,Fri
17:27:46,60,Blue Island/26th,,Mon,Tue,Wed,Thu,Fri
22:58:34,20,Madison,,Sun
08:06:04,20,Madison,,Sun
21:00:34,20,Madison,,Sun
17:12:43,20,Madison,,Sun
20:33:32,60,Blue Island/26th,,Mon,Tue,Wed,Thu,Fri
15:11:40,124,Navy Pier,,Sat
09:13:47,60,Blue Island/26th,,Sun
14:18:13,20,Madison,,Sat
15:31:38,J14,Jeffery Jump,,Sun
20:50:00,157,Streeterville/Taylor,,Mon,Tue,Wed,Thu,Fri
14:36:13,20,Madison,,Sat
17:12:52,124,Navy Pier,,Sat
21:47:04,20,Madison,,Mon,Tue,Wed,Thu,Fri
10:52:22,J14,Jeffery Jump,,Mon,Tue,Wed,Thu,Fri
14:39:21,56,Milwaukee,,Mon,Tue,Wed,Thu,Fri
16:45:46,60,Blue Island/26th,,Mon,Tue,Wed,Thu,Fri
09:10:25,124,Navy Pier,,Mon,Tue,Wed,Thu,Fri
19:14:59,124,Navy Pier,,Sat
09:43:52,J14,Jeffery Jump,,Mon,Tue,Wed,Thu,Fri
13:23:08,J14,Jeffery Jump,,Sun
07:37:47,60,Blue Island/26th,,Sat
22:36:26,60,Blue Island/26th,,Mon,Tue,Wed,Thu,Fri
19:30:52,20,Madison,,Mon,Tue,Wed,Thu,Fri
15:01:22,J14,Jeffery Jump,,Mon,Tue,Wed,Thu,Fri
22:05:41,J14,Jeffery Jump,,Mon,Tue,Wed,Thu,Fri
07:37:21,56,Milwaukee,,Mon,Tue,Wed,Thu,Fri
10:28:02,60,Blue Island/26th,,Mon,Tue,Wed,Thu,Fri
05:49:08,J14,Jeffery Jump,,Mon,Tue,Wed,Thu,Fri
16:40:40,56,Milwaukee,,Sun
13:22:43,20,Madison,,Sun
11:50:40,56,Milwaukee,,Sun
18:20:59,124,Navy Pier,,Sat
22:25:11,J14,Jeffery Jump,,Mon,Tue,Wed,Thu,Fri
13:51:38,J14,Jeffery Jump,,Sun
10:22:47,60,Blue Island/26th,,Sun
10:42:13,20,Madison,,Sat
06:00:34,20,Madison,,Sun
06:26:30,56,Milwaukee,,Sun
19:59:55,J14,Jeffery Jump,,Mon,Tue,Wed,Thu,Fri
19:32:19,20,Madison,,Mon,Tue,Wed,Thu,Fri
04:43:58,20,Madison,,Mon,Tue,Wed,Thu,Fri
14:14:42,157,Streeterville/Taylor,,Mon,Tue,Wed,Thu,Fri
15:46:40,124,Navy Pier,,Sun
08:25:47,60,Blue Island/26th,,Sun
08:52:21,56,Milwaukee,,Mon,Tue,Wed,Thu,Fri
07:46:05,J14,Jeffery Jump,,Mon,Tue,Wed,Thu,Fri
12:21:13,20,Madison,,Sat
01:13:58,20,Madison,,Sun
13:30:10,56,Milwaukee,,Sat
20:17:56,60,Blue Island/26th,,Sat
10:02:55,J14,Jeffery Jump,,Sat
09:15:10,124,Navy Pier,,Sat
08:02:21,56,Milwaukee,,Mon,Tue,Wed,Thu,Fri
16:49:46,J14,Jeffery Jump,,Mon,Tue,Wed,Thu,Fri
02:43:58,20,Madison,,Mon
05:39:52,J14,Jeffery Jump,,Mon,Tue,Wed,Thu,Fri
17:03:06,157,Streeterville/Taylor,,Mon,Tue,Wed,Thu,Fri
00:12:28,20,Madison,,Tue,Wed,Thu,Fri,Sat
10:41:55,J14,Jeffery Jump,,Sat
00:43:58,20,Madison,,Mon
10:32:59,124,Navy Pier,,Sat
22:41:37,124,Navy Pier,,Sun
16:18:06,157,Streeterville/Taylor,,Mon,Tue,Wed,Thu,Fri
07:37:47,60,Blue Island/26th,,Sat
16:46:57,20,Madison,,Mon,Tue,Wed,Thu,Fri
06:06:08,J14,Jeffery Jump,,Mon,Tue,Wed,Thu,Fri
10:21:55,J14,Jeffery Jump,,Sat
09:13:47,60,Blue Island/26th,,Sun
17:22:43,20,Madison,,Sun
18:55:20,60,Blue Island/26th,,Mon,Tue,Wed,Thu,Fri
08:17:17,60,Blue Island/26th,,Sat
21:04:58,J14,Jeffery Jump,,Sun
11:17:59,124,Navy Pier,,Sun
11:42:23,20,Madison,,Mon,Tue,Wed,Thu,Fri
12:15:42,157,Streeterville/Taylor,,Mon,Tue,Wed,Thu,Fri
15:57:13,20,Madison,,Sat
17:29:52,124,Navy Pier,,Sat
19:38:57,56,Milwaukee,,Sun
04:13:58,20,Madison,,Sat
17:47:40,56,Milwaukee,,Sun
22:20:59,124,Navy Pier,,Sat
13:43:08,J14,Jeffery Jump,,Sun
11:20:59,124,Navy Pier,,Sat
22:23:24,56,Milwaukee,,Mon,Tue,Wed,Thu,Fri
04:42:25,J14,Jeffery Jump,,Mon,Tue,Wed,Thu,Fri
08:24:30,20,Madison,,Mon,Tue,Wed,Thu,Fri
06:38:34,20,Madison,,Sun
14:04:52,124,Navy Pier,,Mon,Tue,Wed,Thu,Fri
09:28:10,56,Milwaukee,,Sat
11:31:57,56,Milwaukee,,Sun
08:09:51,56,Milwaukee,,Mon,Tue,Wed,Thu,Fri
06:53:05,J14,Jeffery Jump,,Mon,Tue,Wed,Thu,Fri
15:12:13,20,Madison,,Sat
16:58:26,60,Blue Island/26th,,Sat
01:43:58,20,Madison,,Sun
12:21:13,20,Madison,,Sat
20:53:37,124,Navy Pier,,Sun
15:20:40,56,Milwaukee,,Sun
11:16:26,60,Blue Island/26th,,Sat
07:15:48,157,Streeterville/Taylor,,Mon,Tue,Wed,Thu,Fri
20:11:47,60,Blue Island/26th,,Sun
15:46:27,20,Madison,,Mon,Tue,Wed,Thu,Fri
22:05:41,J14,Jeffery Jump,,Mon,Tue,Wed,Thu,Fri
12:46:10,56,Milwaukee,,Sun
02:14:38,60,Blue Island/26th,,Tue,Wed,Thu,Fri,Sat
11:27:55,J14,Jeffery Jump,,Sun
15:34:56,60,Blue Island/26th,,Sun
13:29:35,60,Blue Island/26th,,Sat
12:28:40,56,Milwaukee,,Sat
18:53:54,157,Streeterville/Taylor,,Mon,Tue,Wed,Thu,Fri
18:01:08,J14,Jeffery Jump,,Sat
10:27:40,56,Milwaukee,,Sat
20:31:24,20,Madison,,Sun
00:12:28,20,Madison,,Tue,Wed,Thu,Fri,Sat
14:55:56,60,Blue Island/26th,,Sun
21:18:25,J14,Jeffery Jump,,Mon,Tue,Wed,Thu,Fri
06:02:30,56,Milwaukee,,Sun
12:16:55,J14,Jeffery Jump,,Sun
08:55:00,157,Streeterville/Taylor,,Mon,Tue,Wed,Thu,Fri
21:41:24,56,Milwaukee,,Mon,Tue,Wed,Thu,Fri
17:03:56,60,Blue Island/26th,,Sun
15:02:43,20,Madison,,Sun
08:34:49,J14,Jeffery Jump,,Mon,Tue,Wed,Thu,Fri
08:54:17,60,Blue Island/26th,,Sun
09:14:30,20,Madison,,Mon,Tue,Wed,Thu,Fri
00:14:38,60,Blue Island/26th,,Tue,Wed,Thu,Fri,Sat
17:49:41,J14,Jeffery Jump,,Sun
12:01:35,J14,Jeffery Jump,,Mon,Tue,Wed,Thu,Fri
07:08:00,20,Madison,,Mon,Tue,Wed,Thu,Fri
08:08:00,20,Madison,,Mon,Tue,Wed,Thu,Fri
05:24:56,60,Blue Island/26th,,Mon,Tue,Wed,Thu,Fri
11:58:22,J14,Jeffery Jump,,Sat
20:43:23,60,Blue Island/26th,,Mon,Tue,Wed,Thu,Fri
09:45:24,20,Madison,,Sun
11:05:38,56,Milwaukee,,Mon,Tue,Wed,Thu,Fri
01:43:58,20,Madison,,Sun
20:37:25,J14,Jeffery Jump,,Sat
17:09:46,J14,Jeffery Jump,,Mon,Tue,Wed,Thu,Fri
19:44:58,J14,Jeffery Jump,,Sun
12:02:05,60,Blue Island/26th,,Sat
08:52:51,56,Milwaukee,,Mon,Tue,Wed,Thu,Fri
13:23:42,157,Streeterville/Taylor,,Mon,Tue,Wed,Thu,Fri
19:34:00,157,Streeterville/Taylor,,Mon,Tue,Wed,Thu,Fri
18:09:19,20,Madison,,Mon,Tue,Wed,Thu,Fri
17:41:22,J14,Jeffery Jump,,Sat
17:59:41,J14,Jeffery Jump,,Sun
04:43:58,20,Madison,,Sun
11:22:22,J14,Jeffery Jump,,Mon,Tue,Wed,Thu,Fri
09:26:32,60,Blue Island/26th,,Mon,Tue,Wed,Thu,Fri
07:46:38,J14,Jeffery Jump,,Sun
07:58:24,157,Streeterville/Taylor,,Mon,Tue,Wed,Thu,Fri
09:32:26,60,Blue Island/26th,,Sat
17:56:07,60,Blue Island/26th,,Mon,Tue,Wed,Thu,Fri
08:55:24,20,Madison,,Sun
19:29:55,J14,Jeffery Jump,,Mon,Tue,Wed,Thu,Fri
16:20:10,124,Navy Pier,,Sat
20:33:32,60,Blue Island/26th,,Mon,Tue,Wed,Thu,Fri
05:14:47,60,Blue Island/26th,,Sun
05:12:58,20,Madison,,Sat
10:15:24,20,Madison,,Sun
13:00:05,60,Blue Island/26th,,Sat
17:52:08,20,Madison,,Mon,Tue,Wed,Thu,Fri
20:34:58,J14,Jeffery Jump,,Sun
19:52:02,20,Madison,,Mon,Tue,Wed,Thu,Fri
18:12:17,60,Blue Island/26th,,Sun
05:10:38,J14,Jeffery Jump,,Mon,Tue,Wed,Thu,Fri
22:41:37,124,Navy Pier,,Sun
09:15:13,20,Madison,,Sat
15:42:43,20,Madison,,Sun
17:02:43,20,Madison,,Sun
18:01:08,J14,Jeffery Jump,,Sat
21:25:00,56,Milwaukee,,Sun
14:31:22,J14,Jeffery Jump,,Mon,Tue,Wed,Thu,Fri
01:43:58,20,Madison,,Mon
13:23:08,J14,Jeffery Jump,,Sun
08:40:43,56,Milwaukee,,Sun
10:22:13,20,Madison,,Sat
18:22:19,20,Madison,,Mon,Tue,Wed,Thu,Fri
20:50:00,157,Streeterville/Taylor,,Mon,Tue,Wed,Thu,Fri
18:04:52,124,Navy Pier,,Sat
08:44:30,20,Madison,,Mon,Tue,Wed,Thu,Fri
17:36:46,60,Blue Island/26th,,Mon,Tue,Wed,Thu,Fri
13:51:13,20,Madison,,Sat
11:09:17,60,Blue Island/26th,,Sun
12:00:32,20,Madison,,Mon,Tue,Wed,Thu,Fri
21:42:47,60,Blue Island/26th,,Sun
23:12:04,20,Madison,,Mon,Tue,Wed,Thu,Fri
21:12:34,20,Madison,,Sun
16:30:49,J14,Jeffery Jump,,Mon,Tue,Wed,Thu,Fri
20:31:43,20,Madison,,Mon,Tue,Wed,Thu,Fri
09:47:57,56,Milwaukee,,Sat
16:51:25,J14,Jeffery Jump,,Sun
16:46:57,20,Madison,,Mon,Tue,Wed,Thu,Fri
19:11:59,124,Navy Pier,,Sun
23:43:34,20,Madison,,Sat
20:57:47,60,Blue Island/26th,,Sat
16:29:05,60,Blue Island/26th,,Sat
13:37:51,56,Milwaukee,,Mon,Tue,Wed,Thu,Fri
15:45:08,J14,Jeffery Jump,,Sat
12:55:56,60,Blue Island/26th,,Sun
13:23:42,157,Streeterville/Taylor,,Mon,Tue,Wed,Thu,Fri
20:31:47,60,Blue Island/26th,,Sun
15:36:40,56,Milwaukee,,Sun
19:51:59,124,Navy Pier,,Sat
21:59:34,20,Madison,,Sun
11:31:35,J14,Jeffery Jump,,Mon,Tue,Wed,Thu,Fri
21:07:40,56,Milwaukee,,Sat
16:42:13,20,Madison,,Sat
14:54:40,124,Navy Pier,,Sat
10:42:47,60,Blue Island/26th,,Sun
19:01:24,20,Madison,,Sun
12:21:35,J14,Jeffery Jump,,Mon,Tue,Wed,Thu,Fri
15:52:43,20,Madison,,Sun
10:52:52,124,Navy Pier,,Mon,Tue,Wed,Thu,Fri
11:02:13,20,Madison,,Sat
15:36:00,157,Streeterville/Taylor,,Mon,Tue,Wed,Thu,Fri
11:39:38,56,Milwaukee,,Mon,Tue,Wed,Thu,Fri
13:12:43,20,Madison,,Sun
16:15:03,124,Navy Pier,,Mon,Tue,Wed,Thu,Fri
13:40:42,157,Streeterville/Taylor,,Mon,Tue,Wed,Thu,Fri
08:25:43,20,Madison,,Sat
13:38:27,56,Milwaukee,,Sun
02:14:38,60,Blue Island/26th,,Tue,Wed,Thu,Fri,Sat
10:47:10,56,Milwaukee,,Sat
20:07:25,J14,Jeffery Jump,,Sat
20:31:47,60,Blue Island/26th,,Sun
19:44:58,J14,Jeffery Jump,,Sun
13:13:25,J14,Jeffery Jump,,Sun
09:36:18,157,Streeterville/Taylor,,Mon,Tue,Wed,Thu,Fri
14:30:24,56,Milwaukee,,Sat
21:19:34,20,Madison,,Sat
23:57:04,20,Madison,,Mon,Tue,Wed,Thu,Fri
17:27:46,60,Blue Island/26th,,Mon,Tue,Wed,Thu,Fri
04:44:47,60,Blue Island/26th,,Sun
18:47:13,20,Madison,,Sat
06:59:24,56,Milwaukee,,Mon,Tue,Wed,Thu,Fri
08:02:00,20,Madison,,Mon,Tue,Wed,Thu,Fri
14:51:22,J14,Jeffery Jump,,Mon,Tue,Wed,Thu,Fri
16:51:46,56,Milwaukee,,Mon,Tue,Wed,Thu,Fri
09:15:24,20,Madison,,Sun
15:22:41,60,Blue Island/26th,,Mon,Tue,Wed,Thu,Fri
00:27:28,20,Madison,,Tue,Wed,Thu,Fri,Sat
08:47:24,20,Madison,,Sun
17:29:13,20,Madison,,Sat
07:16:34,20,Madison,,Sun
14:06:59,124,Navy Pier,,Sun
13:59:32,60,Blue Island/26th,,Mon,Tue,Wed,Thu,Fri
20:01:24,20,Madison,,Sun
07:21:17,60,Blue Island/26th,,Sun
04:44:38,60,Blue Island/26th,,Sat
05:44:47,60,Blue Island/26th,,Sun
13:25:56,60,Blue Island/26th,,Sun
12:34:03,20,Madison,,Sun
12:21:35,60,Blue Island/26th,,Sat
12:02:13,20,Madison,,Sat
21:09:08,J14,Jeffery Jump,,Mon,Tue,Wed,Thu,Fri
15:06:12,157,Streeterville/Taylor,,Mon,Tue,Wed,Thu,Fri
18:38:59,124,Navy Pier,,Sat
10:05:24,157,Streeterville/Taylor,,Mon,Tue,Wed,Thu,Fri
09:29:30,20,Madison,,Mon,Tue,Wed,Thu,Fri
06:53:05,J14,Jeffery Jump,,Mon,Tue,Wed,Thu,Fri
07:57:43,56,Milwaukee,,Sun
08:19:50,60,Blue Island/26th,,Mon,Tue,Wed,Thu,Fri
21:14:58,J14,Jeffery Jump,,Sun
18:09:41,J14,Jeffery Jump,,Sun
15:36:40,56,Milwaukee,,Sun
17:57:58,20,Madison,,Mon,Tue,Wed,Thu,Fri
14:30:57,56,Milwaukee,,Sun
16:05:08,J14,Jeffery Jump,,Sat
20:29:55,J14,Jeffery Jump,,Mon,Tue,Wed,Thu,Fri
08:40:49,J14,Jeffery Jump,,Mon,Tue,Wed,Thu,Fri
15:21:38,J14,Jeffery Jump,,Sun
15:45:40,124,Navy Pier,,Sat
20:36:13,20,Madison,,Sat
07:12:43,56,Milwaukee,,Sun
11:32:13,20,Madison,,Sat
16:00:41,60,Blue Island/26th,,Mon,Tue,Wed,Thu,Fri
10:08:10,56,Milwaukee,,Sat
15:44:56,60,Blue Island/26th,,Sun
07:05:38,J14,Jeffery Jump,,Sat
22:25:11,J14,Jeffery Jump,,Mon,Tue,Wed,Thu,Fri
20:11:24,20,Madison,,Sun
17:21:57,20,Madison,,Mon,Tue,Wed,Thu,Fri
05:40:34,20,Madison,,Sun
07:36:05,J14,Jeffery Jump,,Mon,Tue,Wed,Thu,Fri
12:08:22,J14,Jeffery Jump,,Sat
01:14:47,60,Blue Island/26th,,Sun
07:44:54,20,Madison,,Sat
08:26:47,60,Blue Island/26th,,Sat
16:03:56,60,Blue Island/26th,,Sun
13:47:02,20,Madison,,Mon,Tue,Wed,Thu,Fri
11:25:24,20,Madison,,Sun
11:45:32,60,Blue Island/26th,,Mon,Tue,Wed,Thu,Fri
08:27:21,56,Milwaukee,,Mon,Tue,Wed,Thu,Fri
20:49:25,J14,Jeffery Jump,,Mon,Tue,Wed,Thu,Fri
17:29:48,124,Navy Pier,,Mon,Tue,Wed,Thu,Fri
08:12:50,60,Blue Island/26th,,Mon,Tue,Wed,Thu,Fri
16:41:57,20,Madison,,Mon,Tue,Wed,Thu,Fri
21:28:25,J14,Jeffery Jump,,Mon,Tue,Wed,Thu,Fri
08:44:17,60,Blue Island/26th,,Sun
13:15:13,20,Madison,,Sat
23:28:34,20,Madison,,Sun
11:06:32,60,Blue Island/26th,,Mon,Tue,Wed,Thu,Fri
19:13:49,20,Madison,,Mon,Tue,Wed,Thu,Fri
16:03:56,60,Blue Island/26th,,Sun
18:37:49,20,Madison,,Mon,Tue,Wed,Thu,Fri
16:21:25,J14,Jeffery Jump,,Sun
22:07:17,60,Blue Island/26th,,Sat
16:56:40,56,Milwaukee,,Sun
15:49:42,157,Streeterville/Taylor,,Mon,Tue,Wed,Thu,Fri
21:49:17,60,Blue Island/26th,,Sat
08:23:19,J14,Jeffery Jump,,Mon,Tue,Wed,Thu,Fri
21:12:34,20,Madison,,Sun
17:11:25,J14,Jeffery Jump,,Sun
23:58:34,20,Madison,,Sun
15:12:13,20,Madison,,Sat
10:08:08,J14,Jeffery Jump,,Sun
15:11:40,124,Navy Pier,,Sat
14:30:57,56,Milwaukee,,Sun
20:09:59,124,Navy Pier,,Sat
12:07:25,J14,Jeffery Jump,,Sun
20:31:00,157,Streeterville/Taylor,,Mon,Tue,Wed,Thu,Fri
08:32:55,J14,Jeffery Jump,,Sat
16:09:05,60,Blue Island/26th,,Sat
19:30:52,20,Madison,,Mon,Tue,Wed,Thu,Fri
17:43:56,60,Blue Island/26th,,Sun
11:46:52,124,Navy Pier,,Mon,Tue,Wed,Thu,Fri
13:18:59,124,Navy Pier,,Sun
20:41:33,20,Madison,,Mon,Tue,Wed,Thu,Fri
15:25:27,20,Madison,,Mon,Tue,Wed,Thu,Fri
13:37:08,J14,Jeffery Jump,,Sat
04:44:38,60,Blue Island/26th,,Sat
13:09:10,124,Navy Pier,,Sat
19:41:47,60,Blue Island/26th,,Sun
23:12:04,20,Madison,,Mon,Tue,Wed,Thu,Fri
06:02:10,20,Madison,,Mon,Tue,Wed,Thu,Fri
20:47:47,60,Blue Island/26th,,Sat
17:38:16,56,Milwaukee,,Mon,Tue,Wed,Thu,Fri
09:47:57,56,Milwaukee,,Sat
17:22:43,20,Madison,,Sun
20:04:11,60,Blue Island/26th,,Mon,Tue,Wed,Thu,Fri
21:03:23,60,Blue Island/26th,,Mon,Tue,Wed,Thu,Fri
17:06:57,20,Madison,,Mon,Tue,Wed,Thu,Fri
17:08:26,60,Blue Island/26th,,Sat
12:44:55,J14,Jeffery Jump,,Sun
07:58:24,157,Streeterville/Taylor,,Mon,Tue,Wed,Thu,Fri
17:55:12,157,Streeterville/Taylor,,Mon,Tue,Wed,Thu,Fri
11:19:52,124,Navy Pier,,Mon,Tue,Wed,Thu,Fri
19:36:13,20,Madison,,Sat
05:30:52,J14,Jeffery Jump,,Mon,Tue,Wed,Thu,Fri
16:01:38,J14,Jeffery Jump,,Sun
20:44:58,J14,Jeffery Jump,,Sun
15:51:11,60,Blue Island/26th,,Mon,Tue,Wed,Thu,Fri
08:13:30,20,Madison,,Mon,Tue,Wed,Thu,Fri
19:17:56,60,Blue Island/26th,,Sat
18:47:13,20,Madison,,Sat
17:22:16,56,Milwaukee,,Mon,Tue,Wed,Thu,Fri
21:07:40,56,Milwaukee,,Sat
14:19:05,60,Blue Island/26th,,Sat
07:57:51,56,Milwaukee,,Mon,Tue,Wed,Thu,Fri
16:15:08,J14,Jeffery Jump,,Sat
13:17:55,J14,Jeffery Jump,,Sat
18:29:49,20,Madison,,Mon,Tue,Wed,Thu,Fri
13:55:56,60,Blue Island/26th,,Sun
19:56:13,20,Madison,,Sat
03:43:58,20,Madison,,Sun
14:28:02,60,Blue Island/26th,,Mon,Tue,Wed,Thu,Fri
21:31:40,124,Navy Pier,,Mon,Tue,Wed,Thu,Fri
14:48:40,56,Milwaukee,,Sun
16:54:16,60,Blue Island/26th,,Mon,Tue,Wed,Thu,Fri
04:42:25,J14,Jeffery Jump,,Mon,Tue,Wed,Thu,Fri
06:45:22,J14,Jeffery Jump,,Mon,Tue,Wed,Thu,Fri
14:14:54,56,Milwaukee,,Sat
00:44:56,60,Blue Island/26th,,Sun
12:34:10,124,Navy Pier,,Sat
11:40:29,124,Navy Pier,,Sat