arrival_time,route_short_name,route_long_name,headsign,service_days
17:00:12,62,Archer,,Mon,Tue,Wed,Thu,Fri
07:13:01,6,Jackson Park Express,,Sun
07:53:38,29,State,,Sun
19:15:35,36,Broadway,,Sun
09:44:47,62,Archer,,Sun
18:44:07,2,Hyde Park Express,,Mon,Tue,Wed,Thu,Fri
10:46:34,62,Archer,,Sun
10:04:45,6,Jackson Park Express,,Sat
00:50:48,6,Jackson Park Express,,Mon
14:43:10,146,Inner Lake Shore/Michigan Express,,Mon,Tue,Wed,Thu,Fri
07:08:42,62,Archer,,Sat
06:37:08,36,Broadway,,Sun
18:13:12,6,Jackson Park Express,,Mon,Tue,Wed,Thu,Fri
08:08:54,146,Inner Lake Shore/Michigan Express,,Mon,Tue,Wed,Thu,Fri
11:43:12,6,Jackson Park Express,,Mon,Tue,Wed,Thu,Fri
12:12:28,29,State,,Sun
11:46:58,6,Jackson Park Express,,Sat
17:51:45,6,Jackson Park Express,,Sun
17:19:19,36,Broadway,,Sun
11:11:25,62,Archer,,Sat
12:49:46,36,Broadway,,Sat
14:24:25,62,Archer,,Sun
20:28:08,146,Inner Lake Shore/Michigan Express,,Mon,Tue,Wed,Thu,Fri
22:05:01,6,Jackson Park Express,,Sun
16:30:38,29,State,,Sun
13:47:51,62,Archer,,Mon,Tue,Wed,Thu,Fri
05:17:28,29,State,,Sun
12:41:38,29,State,,Sat
12:38:31,146,Inner Lake Shore/Michigan Express,,Sun
21:20:51,62,Archer,,Sat
09:17:17,62,Archer,,Sat
09:26:48,146,Inner Lake Shore/Michigan Express,,Mon,Tue,Wed,Thu,Fri
22:09:15,146,Inner Lake Shore/Michigan Express,,Mon,Tue,Wed,Thu,Fri
17:22:30,62,Archer,,Sat
13:37:32,36,Broadway,,Sat
12:33:17,62,Archer,,Mon,Tue,Wed,Thu,Fri
21:22:25,62,Archer,,Mon,Tue,Wed,Thu,Fri
05:46:01,6,Jackson Park Express,,Sat
10:21:59,36,Broadway,,Mon,Tue,Wed,Thu,Fri
17:44:01,146,Inner Lake Shore/Michigan Express,,Sun
13:41:45,6,Jackson Park Express,,Sun
07:11:38,29,State,,Sun
15:23:18,29,State,,Mon,Tue,Wed,Thu,Fri
19:33:02,36,Broadway,,Mon,Tue,Wed,Thu,Fri
14:14:08,29,State,,Sat
07:18:01,146,Inner Lake Shore/Michigan Express,,Mon,Tue,Wed,Thu,Fri
17:30:21,6,Jackson Park Express,,Sun
06:56:02,36,Broadway,,Mon,Tue,Wed,Thu,Fri
22:23:52,146,Inner Lake Shore/Michigan Express,,Mon,Tue,Wed,Thu,Fri
09:44:47,62,Archer,,Sun
13:02:15,6,Jackson Park Express,,Sat
18:11:07,2,Hyde Park Express,,Mon,Tue,Wed,Thu,Fri
13:51:01,146,Inner Lake Shore/Michigan Express,,Sun
17:47:02,36,Broadway,,Sat
24:10:48,29,State,,Sat
14:32:02,36,Broadway,,Sat
19:55:52,36,Broadway,,Sun
06:45:38,29,State,,Mon,Tue,Wed,Thu,Fri
21:28:47,62,Archer,,Sun
16:02:45,6,Jackson Park Express,,Mon,Tue,Wed,Thu,Fri
07:57:24,146,Inner Lake Shore/Michigan Express,,Mon,Tue,Wed,Thu,Fri
21:52:08,29,State,,Sun
17:31:45,6,Jackson Park Express,,Sun
02:08:54,62,Archer,,Tue,Wed,Thu,Fri,Sat
15:11:13,36,Broadway,,Mon,Tue,Wed,Thu,Fri
09:43:48,29,State,,Sat
20:59:32,36,Broadway,,Mon,Tue,Wed,Thu,Fri
07:58:12,62,Archer,,Sun
10:08:48,6,Jackson Park Express,,Mon,Tue,Wed,Thu,Fri
18:46:08,146,Inner Lake Shore/Michigan Express,,Sun
18:34:31,146,Inner Lake Shore/Michigan Express,,Sun
08:24:57,148,Clarendon/Michigan Express,,Mon,Tue,Wed,Thu,Fri
11:47:42,62,Archer,,Mon,Tue,Wed,Thu,Fri
12:23:46,36,Broadway,,Sun
09:54:02,36,Broadway,,Sat
13:58:00,62,Archer,,Sat
19:31:08,146,Inner Lake Shore/Michigan Express,,Sun
08:49:00,146,Inner Lake Shore/Michigan Express,,Sun
17:33:45,6,Jackson Park Express,,Mon,Tue,Wed,Thu,Fri
19:30:00,62,Archer,,Sat
10:31:08,29,State,,Sun
07:22:37,146,Inner Lake Shore/Michigan Express,,Sat
14:33:10,146,Inner Lake Shore/Michigan Express,,Mon,Tue,Wed,Thu,Fri
23:12:38,29,State,,Sun
08:08:49,36,Broadway,,Sat
19:00:08,29,State,,Sat
14:43:10,146,Inner Lake Shore/Michigan Express,,Mon,Tue,Wed,Thu,Fri
15:12:08,29,State,,Sat
15:32:48,6,Jackson Park Express,,Mon,Tue,Wed,Thu,Fri
19:52:32,36,Broadway,,Sat
06:15:52,36,Broadway,,Sat
00:23:45,62,Archer,,Sun
20:06:31,146,Inner Lake Shore/Michigan Express,,Sat
15:17:02,36,Broadway,,Sat
10:35:19,36,Broadway,,Sat
09:07:18,29,State,,Sat
18:54:47,146,Inner Lake Shore/Michigan Express,,Sat
13:53:58,29,State,,Mon,Tue,Wed,Thu,Fri
09:34:28,29,State,,Sun
08:58:48,29,State,,Mon,Tue,Wed,Thu,Fri
07:39:12,62,Archer,,Sun
15:34:18,29,State,,Mon,Tue,Wed,Thu,Fri
16:53:16,36,Broadway,,Sat
17:19:16,36,Broadway,,Sat
01:38:54,62,Archer,,Tue,Wed,Thu,Fri,Sat
10:24:47,146,Inner Lake Shore/Michigan Express,,Sat
09:04:31,6,Jackson Park Express,,Sat
23:00:51,62,Archer,,Sat
07:04:18,6,Jackson Park Express,,Mon,Tue,Wed,Thu,Fri
07:52:54,2,Hyde Park Express,,Mon,Tue,Wed,Thu,Fri
14:56:00,62,Archer,,Sat
16:26:10,36,Broadway,,Mon,Tue,Wed,Thu,Fri
08:26:07,2,Hyde Park Express,,Mon,Tue,Wed,Thu,Fri
19:00:08,146,Inner Lake Shore/Michigan Express,,Sun
07:49:04,148,Clarendon/Michigan Express,,Mon,Tue,Wed,Thu,Fri
09:16:00,146,Inner Lake Shore/Michigan Express,,Sun
09:47:25,62,Archer,,Mon,Tue,Wed,Thu,Fri
14:16:58,6,Jackson Park Express,,Sat
04:47:22,36,Broadway,,Mon,Tue,Wed,Thu,Fri
08:08:59,148,Clarendon/Michigan Express,,Mon,Tue,Wed,Thu,Fri
13:24:01,146,Inner Lake Shore/Michigan Express,,Sun
11:19:12,6,Jackson Park Express,,Mon,Tue,Wed,Thu,Fri
13:41:58,29,State,,Mon,Tue,Wed,Thu,Fri
14:21:43,36,Broadway,,Mon,Tue,Wed,Thu,Fri
10:02:25,62,Archer,,Mon,Tue,Wed,Thu,Fri
18:06:58,29,State,,Sat
14:40:25,62,Archer,,Mon,Tue,Wed,Thu,Fri
07:18:38,62,Archer,,Mon,Tue,Wed,Thu,Fri
11:19:47,146,Inner Lake Shore/Michigan Express,,Mon,Tue,Wed,Thu,Fri
08:09:38,29,State,,Sat
13:08:45,6,Jackson Park Express,,Sun
09:12:38,146,Inner Lake Shore/Michigan Express,,Sat
06:26:31,6,Jackson Park Express,,Sat
20:15:48,6,Jackson Park Express,,Mon,Tue,Wed,Thu,Fri
09:53:28,29,State,,Sun
13:58:58,6,Jackson Park Express,,Sat
17:52:35,6,Jackson Park Express,,Sat
10:40:47,146,Inner Lake Shore/Michigan Express,,Mon,Tue,Wed,Thu,Fri
18:15:32,36,Broadway,,Sat
21:05:48,6,Jackson Park Express,,Mon,Tue,Wed,Thu,Fri
13:30:24,146,Inner Lake Shore/Michigan Express,,Sat
06:44:28,29,State,,Sat
20:21:51,62,Archer,,Sun
09:55:49,36,Broadway,,Sun
00:53:45,62,Archer,,Mon
10:31:35,6,Jackson Park Express,,Mon,Tue,Wed,Thu,Fri
08:15:52,146,Inner Lake Shore/Michigan Express,,Sat
16:41:38,29,State,,Sat
22:40:51,62,Archer,,Sat
21:54:48,29,State,,Mon,Tue,Wed,Thu,Fri
08:25:19,36,Broadway,,Sat
11:56:32,36,Broadway,,Sun
16:40:17,146,Inner Lake Shore/Michigan Express,,Sat
11:37:42,62,Archer,,Sat
18:02:48,6,Jackson Park Express,,Mon,Tue,Wed,Thu,Fri
19:03:49,36,Broadway,,Sun
15:13:45,6,Jackson Park Express,,Mon,Tue,Wed,Thu,Fri
13:22:38,29,State,,Sat
14:52:02,36,Broadway,,Sun
19:23:08,29,State,,Sat
09:47:17,146,Inner Lake Shore/Michigan Express,,Sat
18:07:30,62,Archer,,Sat
13:17:38,146,Inner Lake Shore/Michigan Express,,Sun
00:44:48,29,State,,Tue,Wed,Thu,Fri,Sat
07:16:14,146,Inner Lake Shore/Michigan Express,,Sun
22:40:52,36,Broadway,,Sun
20:59:45,146,Inner Lake Shore/Michigan Express,,Sun
09:13:47,62,Archer,,Sun
15:11:38,29,State,,Sun
24:10:48,29,State,,Sat
15:59:51,6,Jackson Park Express,,Sun
11:58:08,29,State,,Mon,Tue,Wed,Thu,Fri
14:51:18,29,State,,Mon,Tue,Wed,Thu,Fri
08:58:48,29,State,,Mon,Tue,Wed,Thu,Fri
21:55:22,36,Broadway,,Sun
20:08:45,6,Jackson Park Express,,Sat
14:54:31,6,Jackson Park Express,,Mon,Tue,Wed,Thu,Fri
20:31:18,29,State,,Sat
15:22:38,29,State,,Sat
18:55:49,36,Broadway,,Sat
12:36:15,6,Jackson Park Express,,Sat
12:17:15,6,Jackson Park Express,,Sat
21:37:31,6,Jackson Park Express,,Sun
08:14:08,146,Inner Lake Shore/Michigan Express,,Mon,Tue,Wed,Thu,Fri
21:50:21,6,Jackson Park Express,,Mon,Tue,Wed,Thu,Fri
00:38:54,62,Archer,,Tue,Wed,Thu,Fri,Sat
12:56:02,36,Broadway,,Sun
17:52:23,36,Broadway,,Mon,Tue,Wed,Thu,Fri
18:54:30,62,Archer,,Sat
07:00:01,6,Jackson Park Express,,Sun
10:32:45,6,Jackson Park Express,,Sun
14:09:01,146,Inner Lake Shore/Michigan Express,,Sun
23:32:48,29,State,,Sun
13:18:34,62,Archer,,Mon,Tue,Wed,Thu,Fri
07:00:38,62,Archer,,Sun
20:03:15,146,Inner Lake Shore/Michigan Express,,Sun
18:31:51,62,Archer,,Mon,Tue,Wed,Thu,Fri
15:48:01,146,Inner Lake Shore/Michigan Express,,Sun
17:52:30,62,Archer,,Sat
20:24:52,36,Broadway,,Sun
17:49:49,36,Broadway,,Sun
07:36:58,29,State,,Mon,Tue,Wed,Thu,Fri
06:49:42,62,Archer,,Sat
18:38:00,62,Archer,,Sat
17:16:35,6,Jackson Park Express,,Sat
23:56:52,36,Broadway,,Sun
10:09:25,62,Archer,,Sat
16:41:01,146,Inner Lake Shore/Michigan Express,,Sun
07:37:07,146,Inner Lake Shore/Michigan Express,,Sun
16:15:16,36,Broadway,,Sat
22:04:28,29,State,,Sat
13:47:02,36,Broadway,,Sat
13:20:51,6,Jackson Park Express,,Sun
20:08:01,6,Jackson Park Express,,Sun
15:23:45,6,Jackson Park Express,,Mon,Tue,Wed,Thu,Fri
07:11:38,29,State,,Sun
13:46:45,6,Jackson Park Express,,Sat
13:49:58,6,Jackson Park Express,,Sat
11:45:08,29,State,,Mon,Tue,Wed,Thu,Fri
23:17:52,36,Broadway,,Sun
08:29:43,36,Broadway,,Mon,Tue,Wed,Thu,Fri
12:01:02,36,Broadway,,Sat
10:46:34,62,Archer,,Sun
20:31:58,6,Jackson Park Express,,Mon,Tue,Wed,Thu,Fri
21:12:08,29,State,,Sun
07:41:01,6,Jackson Park Express,,Sat
21:33:19,36,Broadway,,Sat
10:08:29,36,Broadway,,Mon,Tue,Wed,Thu,Fri
00:18:18,29,State,,Tue,Wed,Thu,Fri,Sat
19:14:48,29,State,,Sun
09:03:00,146,Inner Lake Shore/Michigan Express,,Sun
09:32:48,6,Jackson Park Express,,Mon,Tue,Wed,Thu,Fri
13:18:34,62,Archer,,Mon,Tue,Wed,Thu,Fri
24:15:05,36,Broadway,,Mon,Tue,Wed,Thu,Fri
11:58:08,29,State,,Mon,Tue,Wed,Thu,Fri
21:48:58,29,State,,Sat
23:37:58,29,State,,Sat
22:40:52,146,Inner Lake Shore/Michigan Express,,Mon,Tue,Wed,Thu,Fri
00:49:18,29,State,,Mon
19:12:00,62,Archer,,Sat
10:28:58,6,Jackson Park Express,,Sat
16:15:16,36,Broadway,,Sat
17:40:23,36,Broadway,,Mon,Tue,Wed,Thu,Fri
13:30:48,6,Jackson Park Express,,Mon,Tue,Wed,Thu,Fri
22:09:08,6,Jackson Park Express,,Sat
20:09:22,36,Broadway,,Sun
11:11:02,36,Broadway,,Sat
18:01:31,146,Inner Lake Shore/Michigan Express,,Sun
23:36:38,29,State,,Mon,Tue,Wed,Thu,Fri
12:46:58,6,Jackson Park Express,,Sat
16:12:48,6,Jackson Park Express,,Mon,Tue,Wed,Thu,Fri
07:50:28,29,State,,Mon,Tue,Wed,Thu,Fri
18:33:52,2,Hyde Park Express,,Mon,Tue,Wed,Thu,Fri
14:32:15,6,Jackson Park Express,,Sat
14:52:35,6,Jackson Park Express,,Sat
12:30:46,36,Broadway,,Sat
08:25:52,146,Inner Lake Shore/Michigan Express,,Sat
11:41:02,36,Broadway,,Sat
00:16:01,6,Jackson Park Express,,Sun
12:17:00,62,Archer,,Sat
16:16:19,36,Broadway,,Sun
18:17:26,36,Broadway,,Mon,Tue,Wed,Thu,Fri
00:44:48,29,State,,Tue,Wed,Thu,Fri,Sat
11:15:35,36,Broadway,,Sun
16:41:08,29,State,,Mon,Tue,Wed,Thu,Fri
18:33:12,6,Jackson Park Express,,Mon,Tue,Wed,Thu,Fri
20:45:42,62,Archer,,Mon,Tue,Wed,Thu,Fri
10:49:29,36,Broadway,,Mon,Tue,Wed,Thu,Fri
14:07:58,6,Jackson Park Express,,Sat
13:51:01,6,Jackson Park Express,,Mon,Tue,Wed,Thu,Fri
23:36:38,29,State,,Mon,Tue,Wed,Thu,Fri
11:24:25,62,Archer,,Sat
18:38:31,6,Jackson Park Express,,Mon,Tue,Wed,Thu,Fri
15:44:49,36,Broadway,,Sun
08:27:08,6,Jackson Park Express,,Sat
24:15:05,36,Broadway,,Mon,Tue,Wed,Thu,Fri
11:33:38,146,Inner Lake Shore/Michigan Express,,Sun
16:52:25,6,Jackson Park Express,,Mon,Tue,Wed,Thu,Fri
17:49:25,62,Archer,,Sun
00:19:48,6,Jackson Park Express,,Mon
13:50:25,62,Archer,,Sun
15:13:02,36,Broadway,,Sun
08:55:47,62,Archer,,Sun
06:08:19,36,Broadway,,Mon,Tue,Wed,Thu,Fri
16:02:12,62,Archer,,Mon,Tue,Wed,Thu,Fri
19:43:58,6,Jackson Park Express,,Mon,Tue,Wed,Thu,Fri
16:15:01,146,Inner Lake Shore/Michigan Express,,Sun
15:12:08,29,State,,Sat
18:51:19,36,Broadway,,Sun
19:06:17,146,Inner Lake Shore/Michigan Express,,Mon,Tue,Wed,Thu,Fri
16:18:08,29,State,,Sun
15:34:19,36,Broadway,,Sun
20:38:48,29,State,,Mon,Tue,Wed,Thu,Fri
23:37:58,29,State,,Sat
07:52:38,146,Inner Lake Shore/Michigan Express,,Mon,Tue,Wed,Thu,Fri
17:03:08,29,State,,Mon,Tue,Wed,Thu,Fri
16:40:10,146,Inner Lake Shore/Michigan Express,,Mon,Tue,Wed,Thu,Fri
05:49:08,62,Archer,,Mon,Tue,Wed,Thu,Fri
09:11:48,29,State,,Mon,Tue,Wed,Thu,Fri
16:23:54,146,Inner Lake Shore/Michigan Express,,Sat
08:16:31,6,Jackson Park Express,,Sat
03:08:54,62,Archer,,Mon,Tue,Wed,Thu,Fri
19:23:49,36,Broadway,,Sat
06:06:28,29,State,,Sun
08:36:30,62,Archer,,Sun
08:55:56,36,Broadway,,Mon,Tue,Wed,Thu,Fri
04:08:54,62,Archer,,Sat
18:59:08,62,Archer,,Sun
13:27:01,6,Jackson Park Express,,Mon,Tue,Wed,Thu,Fri
12:36:58,6,Jackson Park Express,,Sat
12:35:46,36,Broadway,,Sun
14:59:13,36,Broadway,,Mon,Tue,Wed,Thu,Fri
21:04:01,6,Jackson Park Express,,Sat
12:26:45,6,Jackson Park Express,,Sat
07:59:00,146,Inner Lake Shore/Michigan Express,,Sun
13:56:43,36,Broadway,,Mon,Tue,Wed,Thu,Fri
18:44:12,6,Jackson Park Express,,Mon,Tue,Wed,Thu,Fri
21:54:48,29,State,,Mon,Tue,Wed,Thu,Fri
00:31:48,6,Jackson Park Express,,Sun
14:11:17,146,Inner Lake Shore/Michigan Express,,Sat
19:12:00,62,Archer,,Sat
17:05:47,146,Inner Lake Shore/Michigan Express,,Sat
19:02:15,6,Jackson Park Express,,Sat
08:08:54,146,Inner Lake Shore/Michigan Express,,Mon,Tue,Wed,Thu,Fri
16:23:00,62,Archer,,Sat
20:43:08,6,Jackson Park Express,,Sun
22:13:35,36,Broadway,,Mon,Tue,Wed,Thu,Fri
17:01:46,36,Broadway,,Sat
10:53:45,6,Jackson Park Express,,Sat
10:52:58,6,Jackson Park Express,,Sat
07:40:01,6,Jackson Park Express,,Mon,Tue,Wed,Thu,Fri
20:40:22,36,Broadway,,Sun
07:44:07,2,Hyde Park Express,,Mon,Tue,Wed,Thu,Fri
09:39:24,146,Inner Lake Shore/Michigan Express,,Sat
16:51:12,62,Archer,,Mon,Tue,Wed,Thu,Fri
17:26:01,146,Inner Lake Shore/Michigan Express,,Sun
08:06:54,2,Hyde Park Express,,Mon,Tue,Wed,Thu,Fri
13:54:48,6,Jackson Park Express,,Mon,Tue,Wed,Thu,Fri
15:46:35,6,Jackson Park Express,,Sat
16:37:30,62,Archer,,Sat
08:12:08,6,Jackson Park Express,,Sat
12:55:38,29,State,,Sat
04:38:54,62,Archer,,Sat
09:15:28,29,State,,Sun
07:34:35,36,Broadway,,Sat
17:39:25,62,Archer,,Mon,Tue,Wed,Thu,Fri
15:42:38,29,State,,Sat
20:24:52,36,Broadway,,Sun
22:21:08,146,Inner Lake Shore/Michigan Express,,Sat
14:25:51,6,Jackson Park Express,,Sun
06:21:00,62,Archer,,Mon,Tue,Wed,Thu,Fri
18:08:03,146,Inner Lake Shore/Michigan Express,,Mon,Tue,Wed,Thu,Fri
09:23:21,148,Clarendon/Michigan Express,,Mon,Tue,Wed,Thu,Fri
17:22:45,6,Jackson Park Express,,Sat
15:49:51,6,Jackson Park Express,,Sun
11:51:32,36,Broadway,,Sat
12:50:08,29,State,,Mon,Tue,Wed,Thu,Fri
23:21:31,6,Jackson Park Express,,Mon,Tue,Wed,Thu,Fri
17:17:01,146,Inner Lake Shore/Michigan Express,,Sun
07:42:55,62,Archer,,Mon,Tue,Wed,Thu,Fri
04:52:22,36,Broadway,,Sat
13:14:30,62,Archer,,Sat
23:15:31,6,Jackson Park Express,,Sat
14:43:17,146,Inner Lake Shore/Michigan Express,,Sat
15:22:48,6,Jackson Park Express,,Mon,Tue,Wed,Thu,Fri
11:32:08,29,State,,Mon,Tue,Wed,Thu,Fri
07:45:12,62,Archer,,Sat
05:34:08,36,Broadway,,Sun
17:03:08,29,State,,Mon,Tue,Wed,Thu,Fri
13:27:32,36,Broadway,,Sat
01:07:48,6,Jackson Park Express,,Mon
10:09:47,146,Inner Lake Shore/Michigan Express,,Sat
21:02:49,36,Broadway,,Sat
11:39:33,146,Inner Lake Shore/Michigan Express,,Mon,Tue,Wed,Thu,Fri
15:58:15,6,Jackson Park Express,,Sun
17:07:30,62,Archer,,Sat
10:09:45,146,Inner Lake Shore/Michigan Express,,Sun
15:11:13,36,Broadway,,Mon,Tue,Wed,Thu,Fri
10:47:54,146,Inner Lake Shore/Michigan Express,,Sat
18:24:02,36,Broadway,,Sat
15:55:19,36,Broadway,,Sun
20:16:32,36,Broadway,,Mon,Tue,Wed,Thu,Fri
18:52:51,6,Jackson Park Express,,Sun
07:54:55,62,Archer,,Mon,Tue,Wed,Thu,Fri
11:36:21,62,Archer,,Sun
17:31:55,62,Archer,,Sun
08:50:10,146,Inner Lake Shore/Michigan Express,,Mon,Tue,Wed,Thu,Fri
07:02:51,6,Jackson Park Express,,Mon,Tue,Wed,Thu,Fri
18:37:48,29,State,,Mon,Tue,Wed,Thu,Fri
09:37:57,148,Clarendon/Michigan Express,,Mon,Tue,Wed,Thu,Fri
12:52:10,146,Inner Lake Shore/Michigan Express,,Mon,Tue,Wed,Thu,Fri
10:02:17,146,Inner Lake Shore/Michigan Express,,Sat
09:40:52,146,Inner Lake Shore/Michigan Express,,Sun
21:33:08,6,Jackson Park Express,,Sat
24:16:52,36,Broadway,,Sun
17:00:12,62,Archer,,Mon,Tue,Wed,Thu,Fri
15:12:48,29,State,,Mon,Tue,Wed,Thu,Fri
18:21:17,146,Inner Lake Shore/Michigan Express,,Mon,Tue,Wed,Thu,Fri
11:45:08,29,State,,Mon,Tue,Wed,Thu,Fri
07:59:00,62,Archer,,Sat
22:21:08,146,Inner Lake Shore/Michigan Express,,Sat
13:32:40,146,Inner Lake Shore/Michigan Express,,Mon,Tue,Wed,Thu,Fri
02:08:54,62,Archer,,Tue,Wed,Thu,Fri,Sat
18:26:19,36,Broadway,,Sun
15:28:12,62,Archer,,Mon,Tue,Wed,Thu,Fri
20:28:42,62,Archer,,Mon,Tue,Wed,Thu,Fri
12:10:32,36,Broadway,,Sat
17:44:12,146,Inner Lake Shore/Michigan Express,,Mon,Tue,Wed,Thu,Fri
18:06:31,6,Jackson Park Express,,Mon,Tue,Wed,Thu,Fri
21:34:49,36,Broadway,,Mon,Tue,Wed,Thu,Fri
18:35:15,6,Jackson Park Express,,Sun
11:02:25,62,Archer,,Mon,Tue,Wed,Thu,Fri
18:55:12,6,Jackson Park Express,,Mon,Tue,Wed,Thu,Fri
11:47:42,62,Archer,,Mon,Tue,Wed,Thu,Fri
23:15:00,146,Inner Lake Shore/Michigan Express,,Sun
08:04:52,146,Inner Lake Shore/Michigan Express,,Sat
18:31:51,6,Jackson Park Express,,Sun
15:28:35,6,Jackson Park Express,,Sat
12:58:24,146,Inner Lake Shore/Michigan Express,,Sat
04:08:54,62,Archer,,Sat
12:56:02,36,Broadway,,Sun
12:10:40,146,Inner Lake Shore/Michigan Express,,Sat
13:31:43,36,Broadway,,Mon,Tue,Wed,Thu,Fri
20:14:01,146,Inner Lake Shore/Michigan Express,,Mon,Tue,Wed,Thu,Fri
23:41:01,6,Jackson Park Express,,Sun
12:07:12,6,Jackson Park Express,,Mon,Tue,Wed,Thu,Fri
18:38:54,2,Hyde Park Express,,Mon,Tue,Wed,Thu,Fri
18:20:47,146,Inner Lake Shore/Michigan Express,,Sat
06:22:08,62,Archer,,Sun
11:31:01,6,Jackson Park Express,,Mon,Tue,Wed,Thu,Fri
08:59:46,148,Clarendon/Michigan Express,,Mon,Tue,Wed,Thu,Fri
11:36:21,62,Archer,,Sun
14:43:17,146,Inner Lake Shore/Michigan Express,,Sat
11:03:31,146,Inner Lake Shore/Michigan Express,,Mon,Tue,Wed,Thu,Fri
06:04:42,62,Archer,,Mon,Tue,Wed,Thu,Fri
16:12:56,36,Broadway,,Mon,Tue,Wed,Thu,Fri
22:05:19,36,Broadway,,Sat
18:38:49,36,Broadway,,Sun
05:14:28,29,State,,Sat
15:53:08,29,State,,Sun
06:36:22,36,Broadway,,Sat
14:33:10,146,Inner Lake Shore/Michigan Express,,Mon,Tue,Wed,Thu,Fri
18:13:49,36,Broadway,,Sun
16:52:08,29,State,,Mon,Tue,Wed,Thu,Fri
23:57:18,29,State,,Mon,Tue,Wed,Thu,Fri
08:41:10,146,Inner Lake Shore/Michigan Express,,Mon,Tue,Wed,Thu,Fri
19:42:38,29,State,,Sun
23:31:01,6,Jackson Park Express,,Sat
01:25:04,62,Archer,,Mon
08:35:52,146,Inner Lake Shore/Michigan Express,,Sat
10:02:48,29,State,,Mon,Tue,Wed,Thu,Fri
11:15:38,146,Inner Lake Shore/Michigan Express,,Sun
13:56:02,36,Broadway,,Sat
17:38:28,29,State,,Sat
15:51:12,62,Archer,,Mon,Tue,Wed,Thu,Fri
08:30:01,6,Jackson Park Express,,Mon,Tue,Wed,Thu,Fri
14:44:01,6,Jackson Park Express,,Mon,Tue,Wed,Thu,Fri
05:08:18,6,Jackson Park Express,,Mon,Tue,Wed,Thu,Fri
09:37:48,29,State,,Mon,Tue,Wed,Thu,Fri
13:14:24,146,Inner Lake Shore/Michigan Express,,Sat
10:45:35,36,Broadway,,Sun
17:52:31,146,Inner Lake Shore/Michigan Express,,Sun
13:19:45,6,Jackson Park Express,,Sun
14:27:00,62,Archer,,Sat
07:15:21,6,Jackson Park Express,,Mon,Tue,Wed,Thu,Fri
07:50:28,29,State,,Mon,Tue,Wed,Thu,Fri
10:00:48,29,State,,Sat
09:02:25,62,Archer,,Mon,Tue,Wed,Thu,Fri
11:19:45,6,Jackson Park Express,,Sun
17:19:16,36,Broadway,,Sat
18:00:45,6,Jackson Park Express,,Sat
22:51:01,6,Jackson Park Express,,Sun
06:00:28,29,State,,Sat
17:52:31,146,Inner Lake Shore/Michigan Express,,Sun
12:42:40,146,Inner Lake Shore/Michigan Express,,Sat
09:16:01,6,Jackson Park Express,,Sun
17:42:15,6,Jackson Park Express,,Sun
11:52:51,62,Archer,,Sun
16:23:00,62,Archer,,Sat
11:17:25,62,Archer,,Mon,Tue,Wed,Thu,Fri
08:27:52,36,Broadway,,Sun
18:29:58,6,Jackson Park Express,,Sat
10:08:02,36,Broadway,,Sat
15:27:08,29,State,,Sun
05:59:48,6,Jackson Park Express,,Mon,Tue,Wed,Thu,Fri
15:10:35,6,Jackson Park Express,,Sat
09:29:47,62,Archer,,Sun
01:21:31,6,Jackson Park Express,,Tue,Wed,Thu,Fri,Sat
13:18:32,36,Broadway,,Sun
15:09:47,146,Inner Lake Shore/Michigan Express,,Sat
09:15:51,148,Clarendon/Michigan Express,,Mon,Tue,Wed,Thu,Fri
07:45:12,62,Archer,,Sat
16:12:56,36,Broadway,,Mon,Tue,Wed,Thu,Fri
15:08:02,36,Broadway,,Sat
14:22:45,6,Jackson Park Express,,Sat
23:45:01,6,Jackson Park Express,,Sat
18:06:55,62,Archer,,Sun
08:04:08,146,Inner Lake Shore/Michigan Express,,Mon,Tue,Wed,Thu,Fri
09:53:15,6,Jackson Park Express,,Sat
13:08:38,146,Inner Lake Shore/Michigan Express,,Sun
14:05:58,29,State,,Sun
00:21:31,6,Jackson Park Express,,Tue,Wed,Thu,Fri,Sat
11:05:38,29,State,,Mon,Tue,Wed,Thu,Fri
19:32:18,29,State,,Mon,Tue,Wed,Thu,Fri
10:43:45,6,Jackson Park Express,,Sun
18:31:51,62,Archer,,Mon,Tue,Wed,Thu,Fri
12:26:58,6,Jackson Park Express,,Sat
22:18:52,146,Inner Lake Shore/Michigan Express,,Sun
17:43:35,6,Jackson Park Express,,Sat
13:07:51,6,Jackson Park Express,,Sun
11:35:54,146,Inner Lake Shore/Michigan Express,,Sat
13:22:24,146,Inner Lake Shore/Michigan Express,,Sat
07:48:38,29,State,,Sat
13:29:00,62,Archer,,Sat
05:49:05,36,Broadway,,Mon,Tue,Wed,Thu,Fri
16:24:01,146,Inner Lake Shore/Michigan Express,,Sun
19:31:54,146,Inner Lake Shore/Michigan Express,,Mon,Tue,Wed,Thu,Fri
09:06:08,6,Jackson Park Express,,Sat
07:34:54,146,Inner Lake Shore/Michigan Express,,Mon,Tue,Wed,Thu,Fri
24:03:48,6,Jackson Park Express,,Sun
14:57:21,6,Jackson Park Express,,Sun
19:46:24,146,Inner Lake Shore/Michigan Express,,Mon,Tue,Wed,Thu,Fri
21:15:48,29,State,,Mon,Tue,Wed,Thu,Fri
19:30:00,62,Archer,,Sat
12:53:45,6,Jackson Park Express,,Sat
02:38:54,62,Archer,,Sun
19:59:21,62,Archer,,Sun
15:03:40,146,Inner Lake Shore/Michigan Express,,Mon,Tue,Wed,Thu,Fri
15:33:45,6,Jackson Park Express,,Mon,Tue,Wed,Thu,Fri
19:05:32,36,Broadway,,Mon,Tue,Wed,Thu,Fri
16:15:01,146,Inner Lake Shore/Michigan Express,,Sun
01:06:48,6,Jackson Park Express,,Tue,Wed,Thu,Fri,Sat
14:41:48,6,Jackson Park Express,,Mon,Tue,Wed,Thu,Fri
19:08:17,146,Inner Lake Shore/Michigan Express,,Sat
09:24:29,148,Clarendon/Michigan Express,,Mon,Tue,Wed,Thu,Fri
19:16:51,62,Archer,,Sun
17:00:45,6,Jackson Park Express,,Sun
19:03:49,36,Broadway,,Sun
16:50:21,6,Jackson Park Express,,Sun
15:56:16,36,Broadway,,Sat
09:43:34,62,Archer,,Sat
13:33:58,29,State,,Sun
11:01:05,36,Broadway,,Sun
22:05:21,6,Jackson Park Express,,Mon,Tue,Wed,Thu,Fri
16:43:46,36,Broadway,,Sat
17:00:58,29,State,,Sat
23:54:05,36,Broadway,,Mon,Tue,Wed,Thu,Fri
07:32:38,29,State,,Sun
14:31:02,36,Broadway,,Sun
16:08:08,29,State,,Mon,Tue,Wed,Thu,Fri
22:20:51,62,Archer,,Sat
18:57:45,6,Jackson Park Express,,Sun
09:07:05,6,Jackson Park Express,,Mon,Tue,Wed,Thu,Fri
12:58:24,146,Inner Lake Shore/Michigan Express,,Sat
13:47:02,36,Broadway,,Sat
09:32:25,62,Archer,,Mon,Tue,Wed,Thu,Fri
16:06:54,146,Inner Lake Shore/Michigan Express,,Sat
12:27:38,29,State,,Sat
19:11:38,29,State,,Sat
18:23:12,6,Jackson Park Express,,Mon,Tue,Wed,Thu,Fri
19:46:48,29,State,,Mon,Tue,Wed,Thu,Fri
08:02:59,36,Broadway,,Mon,Tue,Wed,Thu,Fri
00:53:45,62,Archer,,Sun
18:22:30,62,Archer,,Sat
19:37:32,36,Broadway,,Sat
23:53:51,62,Archer,,Sat
15:26:15,6,Jackson Park Express,,Sat
11:35:54,146,Inner Lake Shore/Michigan Express,,Sat
14:05:02,36,Broadway,,Sat
15:23:49,36,Broadway,,Sun
00:39:04,62,Archer,,Mon
07:22:37,146,Inner Lake Shore/Michigan Express,,Sat
19:45:15,146,Inner Lake Shore/Michigan Express,,Sun
09:04:17,62,Archer,,Sat
21:15:48,29,State,,Mon,Tue,Wed,Thu,Fri
16:09:51,6,Jackson Park Express,,Sun
18:44:51,62,Archer,,Mon,Tue,Wed,Thu,Fri
07:45:35,36,Broadway,,Sun
17:41:45,6,Jackson Park Express,,Sat
14:40:25,62,Archer,,Mon,Tue,Wed,Thu,Fri
09:07:18,29,State,,Sat
22:58:52,146,Inner Lake Shore/Michigan Express,,Mon,Tue,Wed,Thu,Fri
14:24:25,62,Archer,,Sun
12:55:38,29,State,,Sat
19:46:48,29,State,,Mon,Tue,Wed,Thu,Fri
15:26:02,36,Broadway,,Sat
21:54:15,146,Inner Lake Shore/Michigan Express,,Mon,Tue,Wed,Thu,Fri
22:38:52,146,Inner Lake Shore/Michigan Express,,Sun
14:06:48,6,Jackson Park Express,,Mon,Tue,Wed,Thu,Fri
16:53:03,146,Inner Lake Shore/Michigan Express,,Mon,Tue,Wed,Thu,Fri
12:09:21,62,Archer,,Sun
12:18:00,62,Archer,,Mon,Tue,Wed,Thu,Fri
21:26:52,36,Broadway,,Sun
06:44:28,29,State,,Sat
09:25:58,29,State,,Sat
10:00:45,146,Inner Lake Shore/Michigan Express,,Sun
14:09:13,36,Broadway,,Mon,Tue,Wed,Thu,Fri
13:18:02,36,Broadway,,Sat
00:08:54,62,Archer,,Sun
13:38:24,146,Inner Lake Shore/Michigan Express,,Sat
21:28:47,62,Archer,,Sun
17:24:12,62,Archer,,Mon,Tue,Wed,Thu,Fri
13:17:59,36,Broadway,,Mon,Tue,Wed,Thu,Fri
16:31:47,146,Inner Lake Shore/Michigan Express,,Sat
08:25:31,146,Inner Lake Shore/Michigan Express,,Mon,Tue,Wed,Thu,Fri
15:11:38,29,State,,Sun
12:03:00,62,Archer,,Mon,Tue,Wed,Thu,Fri
23:26:49,36,Broadway,,Sat
11:19:59,36,Broadway,,Mon,Tue,Wed,Thu,Fri
16:40:21,6,Jackson Park Express,,Sun
11:21:02,36,Broadway,,Sat
12:30:15,6,Jackson Park Express,,Sun
21:49:19,36,Broadway,,Sat
14:54:01,146,Inner Lake Shore/Michigan Express,,Sun
16:41:38,29,State,,Sat
22:40:52,146,Inner Lake Shore/Michigan Express,,Mon,Tue,Wed,Thu,Fri
10:27:08,29,State,,Mon,Tue,Wed,Thu,Fri
12:02:40,146,Inner Lake Shore/Michigan Express,,Sat
23:38:51,62,Archer,,Sat
10:51:18,29,State,,Sat
18:38:00,62,Archer,,Sat
13:47:51,62,Archer,,Mon,Tue,Wed,Thu,Fri
12:59:08,62,Archer,,Sun
13:49:58,29,State,,Sun
09:39:24,146,Inner Lake Shore/Michigan Express,,Sat
11:46:28,6,Jackson Park Express,,Sun
11:07:48,6,Jackson Park Express,,Mon,Tue,Wed,Thu,Fri
17:26:01,146,Inner Lake Shore/Michigan Express,,Sun
15:03:40,146,Inner Lake Shore/Michigan Express,,Mon,Tue,Wed,Thu,Fri
05:29:08,62,Archer,,Mon,Tue,Wed,Thu,Fri
22:35:28,29,State,,Sat
14:10:02,36,Broadway,,Sun
01:08:54,62,Archer,,Tue,Wed,Thu,Fri,Sat
08:25:17,62,Archer,,Sat
15:58:54,146,Inner Lake Shore/Michigan Express,,Sat
06:41:38,62,Archer,,Sun
10:15:17,62,Archer,,Sun
10:20:48,6,Jackson Park Express,,Mon,Tue,Wed,Thu,Fri
19:34:51,6,Jackson Park Express,,Sun
07:07:07,146,Inner Lake Shore/Michigan Express,,Sat
12:34:40,146,Inner Lake Shore/Michigan Express,,Sat
15:30:01,146,Inner Lake Shore/Michigan Express,,Sun
06:39:17,62,Archer,,Mon,Tue,Wed,Thu,Fri
13:17:28,29,State,,Sun
10:55:54,146,Inner Lake Shore/Michigan Express,,Sat
12:02:45,6,Jackson Park Express,,Sun
22:51:49,36,Broadway,,Sat
13:29:02,36,Broadway,,Sun
15:49:25,62,Archer,,Sun
07:34:54,146,Inner Lake Shore/Michigan Express,,Mon,Tue,Wed,Thu,Fri
19:02:01,6,Jackson Park Express,,Mon,Tue,Wed,Thu,Fri
14:52:48,6,Jackson Park Express,,Mon,Tue,Wed,Thu,Fri
16:41:42,62,Archer,,Mon,Tue,Wed,Thu,Fri
21:17:19,36,Broadway,,Mon,Tue,Wed,Thu,Fri
15:54:00,62,Archer,,Sat
06:52:07,146,Inner Lake Shore/Michigan Express,,Sat
15:25:00,62,Archer,,Sat
10:02:45,6,Jackson Park Express,,Sun
12:23:46,36,Broadway,,Sun
00:15:01,6,Jackson Park Express,,Mon
19:41:17,62,Archer,,Mon,Tue,Wed,Thu,Fri
19:37:24,146,Inner Lake Shore/Michigan Express,,Sat
07:05:58,29,State,,Sat
14:44:45,6,Jackson Park Express,,Sun
20:01:32,36,Broadway,,Mon,Tue,Wed,Thu,Fri
01:06:48,6,Jackson Park Express,,Sun
12:07:15,6,Jackson Park Express,,Sat
21:45:08,6,Jackson Park Express,,Sat
10:17:17,146,Inner Lake Shore/Michigan Express,,Sat
16:01:45,6,Jackson Park Express,,Sat
06:22:28,29,State,,Sat
20:43:08,146,Inner Lake Shore/Michigan Express,,Mon,Tue,Wed,Thu,Fri
11:03:54,146,Inner Lake Shore/Michigan Express,,Sat
11:55:58,29,State,,Sun
18:11:47,146,Inner Lake Shore/Michigan Express,,Sat
06:56:02,36,Broadway,,Mon,Tue,Wed,Thu,Fri
15:14:10,146,Inner Lake Shore/Michigan Express,,Mon,Tue,Wed,Thu,Fri
12:11:08,29,State,,Sat
21:54:15,146,Inner Lake Shore/Michigan Express,,Mon,Tue,Wed,Thu,Fri
09:04:05,36,Broadway,,Sun
13:03:38,29,State,,Mon,Tue,Wed,Thu,Fri
18:21:31,146,Inner Lake Shore/Michigan Express,,Sun
22:23:51,62,Archer,,Mon,Tue,Wed,Thu,Fri
10:30:38,146,Inner Lake Shore/Michigan Express,,Sun
15:57:01,146,Inner Lake Shore/Michigan Express,,Sun
18:49:58,6,Jackson Park Express,,Sat
23:33:35,36,Broadway,,Mon,Tue,Wed,Thu,Fri
14:41:32,36,Broadway,,Sun
21:06:17,62,Archer,,Sun
13:42:48,6,Jackson Park Express,,Mon,Tue,Wed,Thu,Fri
05:55:08,36,Broadway,,Sun
08:53:46,148,Clarendon/Michigan Express,,Mon,Tue,Wed,Thu,Fri
18:10:51,6,Jackson Park Express,,Sun
13:17:28,29,State,,Sun
14:23:10,146,Inner Lake Shore/Michigan Express,,Mon,Tue,Wed,Thu,Fri
14:14:02,36,Broadway,,Sat
07:16:14,146,Inner Lake Shore/Michigan Express,,Sun
16:02:38,29,State,,Sat
08:19:27,148,Clarendon/Michigan Express,,Mon,Tue,Wed,Thu,Fri
20:01:32,36,Broadway,,Mon,Tue,Wed,Thu,Fri
18:06:02,36,Broadway,,Sat
16:19:08,29,State,,Mon,Tue,Wed,Thu,Fri
10:08:29,36,Broadway,,Mon,Tue,Wed,Thu,Fri
22:46:08,6,Jackson Park Express,,Sun
00:24:48,6,Jackson Park Express,,Tue,Wed,Thu,Fri,Sat
16:56:15,6,Jackson Park Express,,Sat
23:45:17,62,Archer,,Sun
18:00:21,6,Jackson Park Express,,Sun
21:44:01,146,Inner Lake Shore/Michigan Express,,Sat
08:52:01,6,Jackson Park Express,,Sat
14:43:35,6,Jackson Park Express,,Sat
00:31:01,6,Jackson Park Express,,Sun
13:22:38,29,State,,Sat
06:24:49,36,Broadway,,Mon,Tue,Wed,Thu,Fri
09:04:18,146,Inner Lake Shore/Michigan Express,,Mon,Tue,Wed,Thu,Fri
20:40:31,6,Jackson Park Express,,Sat
19:39:45,6,Jackson Park Express,,Sat
21:55:22,36,Broadway,,Sun
20:49:02,36,Broadway,,Sat
15:26:45,6,Jackson Park Express,,Sun
12:29:31,146,Inner Lake Shore/Michigan Express,,Sun
14:29:18,29,State,,Mon,Tue,Wed,Thu,Fri
10:21:59,36,Broadway,,Mon,Tue,Wed,Thu,Fri
14:34:13,36,Broadway,,Mon,Tue,Wed,Thu,Fri
19:42:35,36,Broadway,,Sun
19:56:15,6,Jackson Park Express,,Sun
15:19:35,6,Jackson Park Express,,Sat
23:56:52,36,Broadway,,Sun
18:39:59,36,Broadway,,Mon,Tue,Wed,Thu,Fri
05:13:08,36,Broadway,,Sun
18:10:35,6,Jackson Park Express,,Sat
20:38:02,36,Broadway,,Mon,Tue,Wed,Thu,Fri
13:15:01,6,Jackson Park Express,,Mon,Tue,Wed,Thu,Fri
07:26:01,6,Jackson Park Express,,Sun
07:50:01,6,Jackson Park Express,,Sat
21:34:49,36,Broadway,,Mon,Tue,Wed,Thu,Fri
17:47:53,2,Hyde Park Express,,Mon,Tue,Wed,Thu,Fri
17:19:09,2,Hyde Park Express,,Mon,Tue,Wed,Thu,Fri
13:30:24,146,Inner Lake Shore/Michigan Express,,Sat
06:06:28,29,State,,Sun
06:36:14,146,Inner Lake Shore/Michigan Express,,Sun
18:10:15,6,Jackson Park Express,,Sat
09:13:47,62,Archer,,Sun
18:16:31,6,Jackson Park Express,,Mon,Tue,Wed,Thu,Fri
20:01:48,29,State,,Mon,Tue,Wed,Thu,Fri
13:22:24,146,Inner Lake Shore/Michigan Express,,Sat
17:19:19,36,Broadway,,Sun
10:47:25,62,Archer,,Mon,Tue,Wed,Thu,Fri
05:37:28,29,State,,Sat
06:39:17,62,Archer,,Mon,Tue,Wed,Thu,Fri
09:58:47,146,Inner Lake Shore/Michigan Express,,Mon,Tue,Wed,Thu,Fri
15:17:47,146,Inner Lake Shore/Michigan Express,,Sat
12:15:28,6,Jackson Park Express,,Sun
08:55:47,62,Archer,,Sun
10:02:29,148,Clarendon/Michigan Express,,Mon,Tue,Wed,Thu,Fri
12:11:59,36,Broadway,,Mon,Tue,Wed,Thu,Fri
10:48:31,146,Inner Lake Shore/Michigan Express,,Mon,Tue,Wed,Thu,Fri
11:31:32,36,Broadway,,Sat
19:52:32,36,Broadway,,Sat
04:08:54,62,Archer,,Mon,Tue,Wed,Thu,Fri
07:36:58,29,State,,Mon,Tue,Wed,Thu,Fri
12:32:10,146,Inner Lake Shore/Michigan Express,,Mon,Tue,Wed,Thu,Fri
15:36:02,36,Broadway,,Sat
09:21:02,36,Broadway,,Sun
16:39:45,2,Hyde Park Express,,Mon,Tue,Wed,Thu,Fri
12:20:31,146,Inner Lake Shore/Michigan Express,,Sun
07:09:18,2,Hyde Park Express,,Mon,Tue,Wed,Thu,Fri
03:08:54,62,Archer,,Sat
17:31:25,62,Archer,,Mon,Tue,Wed,Thu,Fri
07:34:31,6,Jackson Park Express,,Sun
12:54:58,6,Jackson Park Express,,Sun
13:33:25,62,Archer,,Sun
08:22:23,148,Clarendon/Michigan Express,,Mon,Tue,Wed,Thu,Fri
19:09:37,2,Hyde Park Express,,Mon,Tue,Wed,Thu,Fri
17:05:15,6,Jackson Park Express,,Sat
06:56:14,146,Inner Lake Shore/Michigan Express,,Sun
21:40:01,6,Jackson Park Express,,Sat
19:24:21,6,Jackson Park Express,,Sun
15:15:25,62,Archer,,Sun
19:34:18,29,State,,Sat
05:17:28,29,State,,Sun
10:51:18,29,State,,Sat
22:59:17,62,Archer,,Sun
14:45:01,146,Inner Lake Shore/Michigan Express,,Sun
07:04:31,6,Jackson Park Express,,Sat
10:24:47,146,Inner Lake Shore/Michigan Express,,Sat
14:03:17,146,Inner Lake Shore/Michigan Express,,Sat
07:53:38,29,State,,Sun
21:40:22,36,Broadway,,Sun
04:08:54,62,Archer,,Sun
17:16:42,62,Archer,,Mon,Tue,Wed,Thu,Fri
18:22:48,29,State,,Sun
13:40:58,6,Jackson Park Express,,Sat
14:58:25,62,Archer,,Sun
15:13:02,36,Broadway,,Sun
16:06:25,62,Archer,,Sun
05:54:08,29,State,,Mon,Tue,Wed,Thu,Fri
08:46:38,36,Broadway,,Sun
14:03:17,146,Inner Lake Shore/Michigan Express,,Sat
19:08:17,146,Inner Lake Shore/Michigan Express,,Sat
17:07:30,62,Archer,,Sat
16:57:17,146,Inner Lake Shore/Michigan Express,,Sat
23:26:49,36,Broadway,,Sat
07:27:38,29,State,,Sat
05:42:28,29,State,,Sun
14:07:25,62,Archer,,Sun
13:27:32,36,Broadway,,Sat
16:15:24,146,Inner Lake Shore/Michigan Express,,Sat
12:29:31,146,Inner Lake Shore/Michigan Express,,Sun
22:21:08,6,Jackson Park Express,,Sat
17:53:38,2,Hyde Park Express,,Mon,Tue,Wed,Thu,Fri
23:46:01,6,Jackson Park Express,,Sat
10:27:17,146,Inner Lake Shore/Michigan Express,,Mon,Tue,Wed,Thu,Fri
21:48:58,29,State,,Sat
19:45:15,146,Inner Lake Shore/Michigan Express,,Sun
12:42:10,146,Inner Lake Shore/Michigan Express,,Mon,Tue,Wed,Thu,Fri
12:59:02,36,Broadway,,Sat
12:17:00,62,Archer,,Sat
08:39:51,148,Clarendon/Michigan Express,,Mon,Tue,Wed,Thu,Fri
20:19:08,6,Jackson Park Express,,Sun
06:30:42,62,Archer,,Sat
18:10:18,29,State,,Sun
12:50:24,146,Inner Lake Shore/Michigan Express,,Sat
16:43:08,29,State,,Sun
14:05:28,29,State,,Mon,Tue,Wed,Thu,Fri
20:56:48,29,State,,Mon,Tue,Wed,Thu,Fri
15:35:10,146,Inner Lake Shore/Michigan Express,,Mon,Tue,Wed,Thu,Fri
12:33:17,62,Archer,,Mon,Tue,Wed,Thu,Fri
19:56:21,6,Jackson Park Express,,Sat
13:33:58,29,State,,Sun
15:43:45,6,Jackson Park Express,,Mon,Tue,Wed,Thu,Fri
19:37:32,36,Broadway,,Sat
19:59:01,146,Inner Lake Shore/Michigan Express,,Mon,Tue,Wed,Thu,Fri
17:47:02,36,Broadway,,Sat
21:12:38,146,Inner Lake Shore/Michigan Express,,Mon,Tue,Wed,Thu,Fri
05:09:04,62,Archer,,Sun
20:44:45,6,Jackson Park Express,,Sat
09:38:49,36,Broadway,,Sun
13:33:01,146,Inner Lake Shore/Michigan Express,,Sun
14:07:25,62,Archer,,Sun
19:15:08,146,Inner Lake Shore/Michigan Express,,Sun
12:03:00,62,Archer,,Mon,Tue,Wed,Thu,Fri
14:54:01,146,Inner Lake Shore/Michigan Express,,Sun
20:40:51,62,Archer,,Sat
16:16:23,2,Hyde Park Express,,Mon,Tue,Wed,Thu,Fri
14:41:25,62,Archer,,Sun
17:28:53,2,Hyde Park Express,,Mon,Tue,Wed,Thu,Fri
21:40:51,62,Archer,,Sat
08:18:55,62,Archer,,Mon,Tue,Wed,Thu,Fri
10:57:38,146,Inner Lake Shore/Michigan Express,,Sun
17:58:18,29,State,,Sun
21:12:38,146,Inner Lake Shore/Michigan Express,,Mon,Tue,Wed,Thu,Fri
18:27:01,6,Jackson Park Express,,Mon,Tue,Wed,Thu,Fri
15:47:45,6,Jackson Park Express,,Sun
15:51:53,2,Hyde Park Express,,Mon,Tue,Wed,Thu,Fri
15:05:12,62,Archer,,Mon,Tue,Wed,Thu,Fri
05:49:05,36,Broadway,,Mon,Tue,Wed,Thu,Fri
14:53:10,146,Inner Lake Shore/Michigan Express,,Mon,Tue,Wed,Thu,Fri
13:48:38,29,State,,Sat
12:49:46,36,Broadway,,Sat
21:02:28,29,State,,Sat
11:11:02,36,Broadway,,Sat
19:31:15,6,Jackson Park Express,,Sun
10:39:38,29,State,,Mon,Tue,Wed,Thu,Fri
09:43:35,6,Jackson Park Express,,Mon,Tue,Wed,Thu,Fri
14:23:45,6,Jackson Park Express,,Sun
13:32:51,6,Jackson Park Express,,Sun
09:21:02,36,Broadway,,Sun
12:32:10,146,Inner Lake Shore/Michigan Express,,Mon,Tue,Wed,Thu,Fri
22:01:38,146,Inner Lake Shore/Michigan Express,,Sat
11:45:59,36,Broadway,,Mon,Tue,Wed,Thu,Fri
17:16:23,36,Broadway,,Mon,Tue,Wed,Thu,Fri
15:57:01,146,Inner Lake Shore/Michigan Express,,Sun
03:08:54,62,Archer,,Mon,Tue,Wed,Thu,Fri
10:08:02,36,Broadway,,Sat
17:30:17,146,Inner Lake Shore/Michigan Express,,Sat
17:33:45,2,Hyde Park Express,,Mon,Tue,Wed,Thu,Fri
14:30:48,6,Jackson Park Express,,Mon,Tue,Wed,Thu,Fri
20:53:18,6,Jackson Park Express,,Mon,Tue,Wed,Thu,Fri
08:29:43,36,Broadway,,Mon,Tue,Wed,Thu,Fri
16:05:49,36,Broadway,,Sun
23:09:19,36,Broadway,,Sat
23:37:22,36,Broadway,,Sun
18:30:47,146,Inner Lake Shore/Michigan Express,,Sat
09:57:08,6,Jackson Park Express,,Sun
08:54:08,6,Jackson Park Express,,Sat
14:01:08,62,Archer,,Mon,Tue,Wed,Thu,Fri
12:27:38,29,State,,Sat
15:39:01,146,Inner Lake Shore/Michigan Express,,Sun
10:33:25,62,Archer,,Sat
06:52:18,6,Jackson Park Express,,Sun
19:00:08,29,State,,Sat
19:11:34,62,Archer,,Mon,Tue,Wed,Thu,Fri
15:02:48,6,Jackson Park Express,,Mon,Tue,Wed,Thu,Fri
15:48:01,146,Inner Lake Shore/Michigan Express,,Sun
12:11:59,36,Broadway,,Mon,Tue,Wed,Thu,Fri
14:59:02,36,Broadway,,Sat
17:20:21,6,Jackson Park Express,,Sun
11:26:58,6,Jackson Park Express,,Sat
17:44:45,6,Jackson Park Express,,Mon,Tue,Wed,Thu,Fri
19:31:58,6,Jackson Park Express,,Sat
08:29:47,146,Inner Lake Shore/Michigan Express,,Mon,Tue,Wed,Thu,Fri
08:17:00,146,Inner Lake Shore/Michigan Express,,Sun
16:05:38,29,State,,Sun
15:53:08,29,State,,Sun
22:36:17,62,Archer,,Sun
21:03:25,62,Archer,,Mon,Tue,Wed,Thu,Fri
13:03:01,6,Jackson Park Express,,Mon,Tue,Wed,Thu,Fri
11:19:47,146,Inner Lake Shore/Michigan Express,,Mon,Tue,Wed,Thu,Fri
18:27:38,29,State,,Sat
18:22:30,62,Archer,,Sat
05:09:04,62,Archer,,Sun
09:30:54,146,Inner Lake Shore/Michigan Express,,Sat
18:35:48,29,State,,Sun
15:17:02,36,Broadway,,Sat
10:17:25,62,Archer,,Mon,Tue,Wed,Thu,Fri
17:17:01,146,Inner Lake Shore/Michigan Express,,Sun
17:28:58,29,State,,Sat
18:51:17,146,Inner Lake Shore/Michigan Express,,Mon,Tue,Wed,Thu,Fri
19:58:38,29,State,,Sun
22:34:18,6,Jackson Park Express,,Mon,Tue,Wed,Thu,Fri
08:29:57,148,Clarendon/Michigan Express,,Mon,Tue,Wed,Thu,Fri
09:14:48,146,Inner Lake Shore/Michigan Express,,Mon,Tue,Wed,Thu,Fri
15:55:19,36,Broadway,,Sun
16:24:01,146,Inner Lake Shore/Michigan Express,,Sun
14:23:31,6,Jackson Park Express,,Mon,Tue,Wed,Thu,Fri
14:01:38,29,State,,Sat
08:54:45,146,Inner Lake Shore/Michigan Express,,Sat
12:01:40,146,Inner Lake Shore/Michigan Express,,Mon,Tue,Wed,Thu,Fri
02:38:54,62,Archer,,Tue,Wed,Thu,Fri,Sat
19:46:32,36,Broadway,,Mon,Tue,Wed,Thu,Fri
10:22:49,36,Broadway,,Sat
05:42:28,29,State,,Sun
18:37:48,29,State,,Mon,Tue,Wed,Thu,Fri
16:59:09,2,Hyde Park Express,,Mon,Tue,Wed,Thu,Fri
19:13:51,6,Jackson Park Express,,Sun
11:01:05,36,Broadway,,Sun
23:01:08,146,Inner Lake Shore/Michigan Express,,Sat
14:41:45,6,Jackson Park Express,,Sat
10:35:59,36,Broadway,,Mon,Tue,Wed,Thu,Fri
06:36:22,36,Broadway,,Sat
07:52:52,146,Inner Lake Shore/Michigan Express,,Sat
12:01:02,36,Broadway,,Sat
08:06:55,62,Archer,,Mon,Tue,Wed,Thu,Fri
12:39:46,36,Broadway,,Sat
15:45:46,36,Broadway,,Sat
11:24:38,146,Inner Lake Shore/Michigan Express,,Sun
14:38:38,29,State,,Sat
20:52:08,29,State,,Sun
15:17:45,6,Jackson Park Express,,Sat
21:42:08,62,Archer,,Mon,Tue,Wed,Thu,Fri
16:38:40,36,Broadway,,Mon,Tue,Wed,Thu,Fri
08:47:25,62,Archer,,Mon,Tue,Wed,Thu,Fri
09:25:58,29,State,,Sat
17:47:58,29,State,,Sat
00:08:54,62,Archer,,Tue,Wed,Thu,Fri,Sat
09:14:48,146,Inner Lake Shore/Michigan Express,,Mon,Tue,Wed,Thu,Fri
15:45:18,29,State,,Mon,Tue,Wed,Thu,Fri
14:52:02,36,Broadway,,Sun
10:39:47,146,Inner Lake Shore/Michigan Express,,Sat
06:16:08,36,Broadway,,Sun
11:03:29,36,Broadway,,Mon,Tue,Wed,Thu,Fri
01:01:31,6,Jackson Park Express,,Tue,Wed,Thu,Fri,Sat
12:20:02,36,Broadway,,Sat
19:19:58,6,Jackson Park Express,,Sat
08:32:25,62,Archer,,Mon,Tue,Wed,Thu,Fri
07:39:52,146,Inner Lake Shore/Michigan Express,,Sat
13:32:40,146,Inner Lake Shore/Michigan Express,,Mon,Tue,Wed,Thu,Fri
12:45:28,29,State,,Sun
18:38:49,36,Broadway,,Sun
16:52:30,62,Archer,,Sat
16:31:35,6,Jackson Park Express,,Sat
17:08:08,29,State,,Sun
11:42:38,146,Inner Lake Shore/Michigan Express,,Sun
15:24:40,146,Inner Lake Shore/Michigan Express,,Mon,Tue,Wed,Thu,Fri
08:04:08,146,Inner Lake Shore/Michigan Express,,Mon,Tue,Wed,Thu,Fri
11:00:32,36,Broadway,,Sat
12:55:58,6,Jackson Park Express,,Sat
14:03:01,6,Jackson Park Express,,Mon,Tue,Wed,Thu,Fri
10:33:47,146,Inner Lake Shore/Michigan Express,,Mon,Tue,Wed,Thu,Fri
08:45:24,2,Hyde Park Express,,Mon,Tue,Wed,Thu,Fri
11:34:15,6,Jackson Park Express,,Sun
13:50:25,62,Archer,,Sun
12:20:02,36,Broadway,,Sat
16:55:38,29,State,,Sun
18:24:25,62,Archer,,Sun
10:45:35,36,Broadway,,Sun
14:54:48,29,State,,Sun
06:02:08,62,Archer,,Sun
18:05:26,36,Broadway,,Mon,Tue,Wed,Thu,Fri
21:49:18,6,Jackson Park Express,,Mon,Tue,Wed,Thu,Fri
16:30:21,6,Jackson Park Express,,Sun
22:38:52,146,Inner Lake Shore/Michigan Express,,Sun
16:12:15,6,Jackson Park Express,,Mon,Tue,Wed,Thu,Fri
06:28:18,29,State,,Mon,Tue,Wed,Thu,Fri
06:22:08,62,Archer,,Sun
11:19:54,146,Inner Lake Shore/Michigan Express,,Sat
10:11:58,29,State,,Sun
04:08:54,62,Archer,,Sun
11:02:25,62,Archer,,Mon,Tue,Wed,Thu,Fri
18:51:17,146,Inner Lake Shore/Michigan Express,,Mon,Tue,Wed,Thu,Fri
17:49:25,62,Archer,,Sun
15:27:08,29,State,,Sun
06:06:31,6,Jackson Park Express,,Sat
19:26:34,62,Archer,,Mon,Tue,Wed,Thu,Fri
21:11:22,36,Broadway,,Sun
12:44:45,6,Jackson Park Express,,Sat
23:15:00,146,Inner Lake Shore/Michigan Express,,Sun
18:01:49,36,Broadway,,Sun
08:33:24,2,Hyde Park Express,,Mon,Tue,Wed,Thu,Fri
01:23:45,62,Archer,,Sun
16:48:53,2,Hyde Park Express,,Mon,Tue,Wed,Thu,Fri
19:52:24,146,Inner Lake Shore/Michigan Express,,Sat
13:17:59,36,Broadway,,Mon,Tue,Wed,Thu,Fri
00:23:45,62,Archer,,Tue,Wed,Thu,Fri,Sat
08:45:22,146,Inner Lake Shore/Michigan Express,,Sat
14:34:31,6,Jackson Park Express,,Mon,Tue,Wed,Thu,Fri
08:41:49,36,Broadway,,Sat
09:54:02,36,Broadway,,Sat
19:18:32,36,Broadway,,Mon,Tue,Wed,Thu,Fri
22:19:58,29,State,,Sat
11:17:25,62,Archer,,Mon,Tue,Wed,Thu,Fri
07:27:02,36,Broadway,,Mon,Tue,Wed,Thu,Fri
10:45:25,62,Archer,,Sat
11:06:38,146,Inner Lake Shore/Michigan Express,,Sun
24:24:19,36,Broadway,,Sat
11:27:54,146,Inner Lake Shore/Michigan Express,,Sat
12:11:31,146,Inner Lake Shore/Michigan Express,,Sun
02:08:54,62,Archer,,Mon
05:32:25,62,Archer,,Sat
16:28:10,146,Inner Lake Shore/Michigan Express,,Mon,Tue,Wed,Thu,Fri
09:17:45,6,Jackson Park Express,,Sat
00:15:01,6,Jackson Park Express,,Sun
05:38:45,62,Archer,,Sun
05:39:22,146,Inner Lake Shore/Michigan Express,,Mon,Tue,Wed,Thu,Fri
15:30:01,146,Inner Lake Shore/Michigan Express,,Sun
18:25:18,29,State,,Mon,Tue,Wed,Thu,Fri
13:49:02,36,Broadway,,Sun
23:44:49,36,Broadway,,Sat
13:38:24,146,Inner Lake Shore/Michigan Express,,Sat
13:04:59,36,Broadway,,Mon,Tue,Wed,Thu,Fri
16:23:54,146,Inner Lake Shore/Michigan Express,,Sat
23:30:47,62,Archer,,Mon,Tue,Wed,Thu,Fri
16:37:30,62,Archer,,Sat
12:39:46,36,Broadway,,Sat
15:12:01,146,Inner Lake Shore/Michigan Express,,Sun
06:58:08,36,Broadway,,Sun
22:20:51,62,Archer,,Sat
06:45:31,6,Jackson Park Express,,Sat
18:54:30,62,Archer,,Sat
18:22:48,29,State,,Sun
16:55:38,29,State,,Sun
19:23:37,2,Hyde Park Express,,Mon,Tue,Wed,Thu,Fri
20:15:38,29,State,,Sun
09:29:45,6,Jackson Park Express,,Sat
11:05:38,29,State,,Sun
09:30:54,146,Inner Lake Shore/Michigan Express,,Sat
22:04:48,6,Jackson Park Express,,Mon,Tue,Wed,Thu,Fri
10:17:21,6,Jackson Park Express,,Sat
14:01:38,29,State,,Sat
13:12:10,146,Inner Lake Shore/Michigan Express,,Mon,Tue,Wed,Thu,Fri
11:29:05,36,Broadway,,Sun
19:39:18,6,Jackson Park Express,,Mon,Tue,Wed,Thu,Fri
23:21:58,29,State,,Sat
11:55:58,29,State,,Sun
08:36:30,62,Archer,,Sun
05:38:45,62,Archer,,Sun
01:23:45,62,Archer,,Sun
14:51:18,29,State,,Mon,Tue,Wed,Thu,Fri
20:57:38,146,Inner Lake Shore/Michigan Express,,Mon,Tue,Wed,Thu,Fri
11:36:58,6,Jackson Park Express,,Sat
15:52:38,29,State,,Sat
19:27:38,29,State,,Sun
21:50:31,6,Jackson Park Express,,Sun
11:39:28,29,State,,Sun
20:01:18,29,State,,Sat
09:17:25,62,Archer,,Mon,Tue,Wed,Thu,Fri
22:01:51,62,Archer,,Mon,Tue,Wed,Thu,Fri
03:38:54,62,Archer,,Sun
19:29:35,36,Broadway,,Sun
18:15:32,36,Broadway,,Sat
15:01:08,29,State,,Sat
09:04:17,62,Archer,,Sat
16:16:19,36,Broadway,,Sun
23:57:18,29,State,,Mon,Tue,Wed,Thu,Fri
15:01:47,146,Inner Lake Shore/Michigan Express,,Sat
03:08:54,62,Archer,,Sat
11:19:51,62,Archer,,Sun
07:38:48,2,Hyde Park Express,,Mon,Tue,Wed,Thu,Fri
19:17:48,29,State,,Mon,Tue,Wed,Thu,Fri
23:22:17,62,Archer,,Sun
22:46:21,62,Archer,,Mon,Tue,Wed,Thu,Fri
16:29:45,6,Jackson Park Express,,Sun
06:23:22,146,Inner Lake Shore/Michigan Express,,Mon,Tue,Wed,Thu,Fri
16:26:49,36,Broadway,,Sun
13:39:02,36,Broadway,,Sun
13:39:01,6,Jackson Park Express,,Mon,Tue,Wed,Thu,Fri
13:35:38,29,State,,Sat
09:11:22,2,Hyde Park Express,,Mon,Tue,Wed,Thu,Fri
24:01:19,36,Broadway,,Sat
09:02:25,62,Archer,,Mon,Tue,Wed,Thu,Fri
24:06:31,6,Jackson Park Express,,Mon,Tue,Wed,Thu,Fri
06:28:18,29,State,,Sun
16:38:40,36,Broadway,,Mon,Tue,Wed,Thu,Fri
18:06:02,36,Broadway,,Sat
01:09:18,6,Jackson Park Express,,Mon
17:28:02,36,Broadway,,Sat
18:42:21,6,Jackson Park Express,,Sun
08:39:01,6,Jackson Park Express,,Sun
12:38:59,36,Broadway,,Mon,Tue,Wed,Thu,Fri
05:09:08,62,Archer,,Mon,Tue,Wed,Thu,Fri
18:48:48,29,State,,Sun
01:10:04,62,Archer,,Mon
11:57:15,6,Jackson Park Express,,Sat
20:12:00,62,Archer,,Mon,Tue,Wed,Thu,Fri
08:33:30,146,Inner Lake Shore/Michigan Express,,Sun
09:50:48,29,State,,Mon,Tue,Wed,Thu,Fri
16:22:35,6,Jackson Park Express,,Sat
07:11:19,36,Broadway,,Mon,Tue,Wed,Thu,Fri
19:15:35,36,Broadway,,Sun
07:07:46,148,Clarendon/Michigan Express,,Mon,Tue,Wed,Thu,Fri
18:50:28,29,State,,Mon,Tue,Wed,Thu,Fri
13:49:02,36,Broadway,,Sun
10:39:38,29,State,,Mon,Tue,Wed,Thu,Fri
15:03:01,146,Inner Lake Shore/Michigan Express,,Sun
19:27:38,29,State,,Sun
12:22:10,146,Inner Lake Shore/Michigan Express,,Mon,Tue,Wed,Thu,Fri
21:58:52,146,Inner Lake Shore/Michigan Express,,Sun
06:11:42,62,Archer,,Sat
15:53:15,6,Jackson Park Express,,Mon,Tue,Wed,Thu,Fri
10:55:48,6,Jackson Park Express,,Mon,Tue,Wed,Thu,Fri
09:33:19,36,Broadway,,Sat
08:36:55,146,Inner Lake Shore/Michigan Express,,Mon,Tue,Wed,Thu,Fri
15:16:42,62,Archer,,Mon,Tue,Wed,Thu,Fri
16:47:49,36,Broadway,,Sun
21:22:08,6,Jackson Park Express,,Sun
10:17:45,6,Jackson Park Express,,Sun
14:36:21,6,Jackson Park Express,,Sun
21:00:51,62,Archer,,Sat
23:52:48,29,State,,Sat
21:32:08,29,State,,Sun
16:32:08,29,State,,Sat
12:31:00,62,Archer,,Sat
09:30:17,62,Archer,,Sat
07:52:31,6,Jackson Park Express,,Mon,Tue,Wed,Thu,Fri
07:47:54,146,Inner Lake Shore/Michigan Express,,Mon,Tue,Wed,Thu,Fri
21:11:22,36,Broadway,,Sun
09:37:55,146,Inner Lake Shore/Michigan Express,,Mon,Tue,Wed,Thu,Fri
19:04:08,29,State,,Mon,Tue,Wed,Thu,Fri
14:10:02,36,Broadway,,Sun
14:51:15,6,Jackson Park Express,,Sat
13:30:45,6,Jackson Park Express,,Sun
20:28:18,6,Jackson Park Express,,Mon,Tue,Wed,Thu,Fri
08:08:34,148,Clarendon/Michigan Express,,Mon,Tue,Wed,Thu,Fri
14:12:30,62,Archer,,Sat
23:19:15,146,Inner Lake Shore/Michigan Express,,Sat
09:03:00,146,Inner Lake Shore/Michigan Express,,Sun
14:21:43,36,Broadway,,Mon,Tue,Wed,Thu,Fri
08:17:30,62,Archer,,Sun
06:24:49,36,Broadway,,Mon,Tue,Wed,Thu,Fri
11:03:21,62,Archer,,Sun
22:33:05,36,Broadway,,Mon,Tue,Wed,Thu,Fri
09:00:01,6,Jackson Park Express,,Sun
17:35:01,146,Inner Lake Shore/Michigan Express,,Sun
15:24:40,146,Inner Lake Shore/Michigan Express,,Mon,Tue,Wed,Thu,Fri
18:16:58,29,State,,Sat
20:39:45,146,Inner Lake Shore/Michigan Express,,Sun
15:57:08,29,State,,Mon,Tue,Wed,Thu,Fri
13:16:25,62,Archer,,Sun
19:55:58,6,Jackson Park Express,,Mon,Tue,Wed,Thu,Fri
09:56:48,6,Jackson Park Express,,Mon,Tue,Wed,Thu,Fri
18:44:32,36,Broadway,,Sat
22:20:45,6,Jackson Park Express,,Mon,Tue,Wed,Thu,Fri
09:32:10,146,Inner Lake Shore/Michigan Express,,Mon,Tue,Wed,Thu,Fri
20:49:02,36,Broadway,,Sat
14:21:58,29,State,,Sun
18:01:31,146,Inner Lake Shore/Michigan Express,,Sun
19:46:32,36,Broadway,,Mon,Tue,Wed,Thu,Fri
13:18:48,6,Jackson Park Express,,Mon,Tue,Wed,Thu,Fri
21:52:08,29,State,,Sun
21:25:01,146,Inner Lake Shore/Michigan Express,,Sat
17:23:45,2,Hyde Park Express,,Mon,Tue,Wed,Thu,Fri
16:22:42,62,Archer,,Mon,Tue,Wed,Thu,Fri
16:24:46,36,Broadway,,Sat
07:38:55,148,Clarendon/Michigan Express,,Mon,Tue,Wed,Thu,Fri
17:20:48,29,State,,Sun
13:48:38,29,State,,Sat
17:09:46,36,Broadway,,Sat
14:09:13,36,Broadway,,Mon,Tue,Wed,Thu,Fri
01:08:54,62,Archer,,Sun
19:37:24,146,Inner Lake Shore/Michigan Express,,Sat
19:47:25,62,Archer,,Sat
12:51:59,36,Broadway,,Mon,Tue,Wed,Thu,Fri
20:57:38,146,Inner Lake Shore/Michigan Express,,Mon,Tue,Wed,Thu,Fri
22:32:31,6,Jackson Park Express,,Sat
17:26:08,29,State,,Mon,Tue,Wed,Thu,Fri
10:57:38,146,Inner Lake Shore/Michigan Express,,Sun
18:41:38,62,Archer,,Sun
10:32:17,146,Inner Lake Shore/Michigan Express,,Sat
10:35:19,36,Broadway,,Sat
10:05:31,146,Inner Lake Shore/Michigan Express,,Mon,Tue,Wed,Thu,Fri
02:38:54,62,Archer,,Sun
14:02:45,6,Jackson Park Express,,Sun
12:02:31,146,Inner Lake Shore/Michigan Express,,Sun
15:08:02,36,Broadway,,Sat
23:36:31,6,Jackson Park Express,,Mon,Tue,Wed,Thu,Fri
22:34:08,6,Jackson Park Express,,Sat
01:38:54,62,Archer,,Sun
09:30:17,62,Archer,,Sat
22:32:08,29,State,,Sun
22:18:31,6,Jackson Park Express,,Sat
18:50:01,6,Jackson Park Express,,Mon,Tue,Wed,Thu,Fri
15:59:13,36,Broadway,,Mon,Tue,Wed,Thu,Fri
16:41:01,146,Inner Lake Shore/Michigan Express,,Sun
05:09:08,62,Archer,,Mon,Tue,Wed,Thu,Fri
15:23:49,36,Broadway,,Sun
12:42:21,62,Archer,,Sun
18:44:32,36,Broadway,,Sat
17:28:58,29,State,,Sat
13:06:24,146,Inner Lake Shore/Michigan Express,,Sat
21:17:19,36,Broadway,,Sat
08:56:08,29,State,,Sun
14:11:17,146,Inner Lake Shore/Michigan Express,,Sat
17:10:45,6,Jackson Park Express,,Sun
23:22:17,62,Archer,,Sun
13:16:38,29,State,,Mon,Tue,Wed,Thu,Fri
14:50:08,29,State,,Sat
10:35:59,36,Broadway,,Mon,Tue,Wed,Thu,Fri
08:45:22,146,Inner Lake Shore/Michigan Express,,Sat
09:44:48,6,Jackson Park Express,,Mon,Tue,Wed,Thu,Fri
07:34:40,148,Clarendon/Michigan Express,,Mon,Tue,Wed,Thu,Fri
13:09:02,36,Broadway,,Sat
17:38:02,36,Broadway,,Sat
06:45:38,29,State,,Mon,Tue,Wed,Thu,Fri
23:08:17,62,Archer,,Mon,Tue,Wed,Thu,Fri
15:45:40,146,Inner Lake Shore/Michigan Express,,Mon,Tue,Wed,Thu,Fri
22:50:58,29,State,,Sat
12:03:42,62,Archer,,Sat
09:23:01,146,Inner Lake Shore/Michigan Express,,Sat
06:09:22,146,Inner Lake Shore/Michigan Express,,Mon,Tue,Wed,Thu,Fri
23:05:18,6,Jackson Park Express,,Mon,Tue,Wed,Thu,Fri
07:18:31,6,Jackson Park Express,,Sat
12:48:17,62,Archer,,Mon,Tue,Wed,Thu,Fri
11:31:32,36,Broadway,,Sat
09:17:17,62,Archer,,Sat
15:34:18,29,State,,Mon,Tue,Wed,Thu,Fri
18:42:17,146,Inner Lake Shore/Michigan Express,,Sat
17:22:47,146,Inner Lake Shore/Michigan Express,,Sat
07:42:55,62,Archer,,Mon,Tue,Wed,Thu,Fri
14:20:32,36,Broadway,,Sun
07:15:22,36,Broadway,,Sat
13:44:13,36,Broadway,,Mon,Tue,Wed,Thu,Fri
10:28:08,6,Jackson Park Express,,Sun
05:34:08,36,Broadway,,Sun
09:32:29,148,Clarendon/Michigan Express,,Mon,Tue,Wed,Thu,Fri
08:14:01,6,Jackson Park Express,,Sun
01:23:45,62,Archer,,Tue,Wed,Thu,Fri,Sat
05:08:45,62,Archer,,Sat
07:48:38,29,State,,Sat
12:25:59,36,Broadway,,Mon,Tue,Wed,Thu,Fri
17:08:01,146,Inner Lake Shore/Michigan Express,,Sun
16:12:42,62,Archer,,Mon,Tue,Wed,Thu,Fri
14:05:28,29,State,,Mon,Tue,Wed,Thu,Fri
09:44:04,148,Clarendon/Michigan Express,,Mon,Tue,Wed,Thu,Fri
09:12:38,146,Inner Lake Shore/Michigan Express,,Sat
11:56:32,36,Broadway,,Sun
23:24:01,6,Jackson Park Express,,Sun
16:06:54,146,Inner Lake Shore/Michigan Express,,Sat
11:39:33,146,Inner Lake Shore/Michigan Express,,Mon,Tue,Wed,Thu,Fri
13:01:28,29,State,,Sun
23:58:01,6,Jackson Park Express,,Sun
19:18:32,36,Broadway,,Mon,Tue,Wed,Thu,Fri
11:07:18,29,State,,Sat
09:04:15,146,Inner Lake Shore/Michigan Express,,Sat
12:11:40,146,Inner Lake Shore/Michigan Express,,Mon,Tue,Wed,Thu,Fri
10:12:47,146,Inner Lake Shore/Michigan Express,,Mon,Tue,Wed,Thu,Fri
07:27:38,29,State,,Sat
10:58:25,62,Archer,,Sat
10:21:25,62,Archer,,Sat
12:18:01,6,Jackson Park Express,,Mon,Tue,Wed,Thu,Fri
08:29:08,29,State,,Sat
11:11:17,146,Inner Lake Shore/Michigan Express,,Mon,Tue,Wed,Thu,Fri
08:23:01,6,Jackson Park Express,,Sun
00:32:48,6,Jackson Park Express,,Mon
09:32:25,62,Archer,,Mon,Tue,Wed,Thu,Fri
09:30:26,36,Broadway,,Mon,Tue,Wed,Thu,Fri
22:36:31,6,Jackson Park Express,,Mon,Tue,Wed,Thu,Fri
16:05:46,36,Broadway,,Sat
22:36:17,62,Archer,,Sun
15:10:30,62,Archer,,Sat
06:52:07,146,Inner Lake Shore/Michigan Express,,Sat
14:21:58,29,State,,Sun
10:44:48,6,Jackson Park Express,,Mon,Tue,Wed,Thu,Fri
10:49:02,36,Broadway,,Sat
18:05:26,36,Broadway,,Mon,Tue,Wed,Thu,Fri
00:29:48,29,State,,Sun
16:51:58,29,State,,Sat
14:32:02,36,Broadway,,Sat
17:38:08,29,State,,Mon,Tue,Wed,Thu,Fri
21:25:45,146,Inner Lake Shore/Michigan Express,,Mon,Tue,Wed,Thu,Fri
07:29:52,2,Hyde Park Express,,Mon,Tue,Wed,Thu,Fri
24:16:52,36,Broadway,,Sun
06:37:08,36,Broadway,,Sun
08:45:25,146,Inner Lake Shore/Michigan Express,,Mon,Tue,Wed,Thu,Fri
06:36:22,146,Inner Lake Shore/Michigan Express,,Mon,Tue,Wed,Thu,Fri
18:17:26,36,Broadway,,Mon,Tue,Wed,Thu,Fri
08:17:58,29,State,,Mon,Tue,Wed,Thu,Fri
22:20:01,6,Jackson Park Express,,Sun
20:58:01,6,Jackson Park Express,,Sun
16:47:15,6,Jackson Park Express,,Sat
16:40:35,6,Jackson Park Express,,Sat
15:59:13,36,Broadway,,Mon,Tue,Wed,Thu,Fri
17:32:15,6,Jackson Park Express,,Sat
23:36:18,6,Jackson Park Express,,Mon,Tue,Wed,Thu,Fri
05:37:28,29,State,,Sat
16:41:42,62,Archer,,Mon,Tue,Wed,Thu,Fri
06:41:38,62,Archer,,Sun
17:14:17,146,Inner Lake Shore/Michigan Express,,Sat
22:58:52,36,Broadway,,Sun
08:29:08,29,State,,Sat
07:42:10,148,Clarendon/Michigan Express,,Mon,Tue,Wed,Thu,Fri
16:23:25,62,Archer,,Sun
11:19:59,36,Broadway,,Mon,Tue,Wed,Thu,Fri
14:23:02,36,Broadway,,Sat
18:11:31,146,Inner Lake Shore/Michigan Express,,Sun
18:28:43,36,Broadway,,Mon,Tue,Wed,Thu,Fri
09:17:25,62,Archer,,Mon,Tue,Wed,Thu,Fri
12:43:15,6,Jackson Park Express,,Sun
14:27:25,62,Archer,,Mon,Tue,Wed,Thu,Fri
22:16:08,6,Jackson Park Express,,Sun
17:04:23,36,Broadway,,Mon,Tue,Wed,Thu,Fri
16:05:46,36,Broadway,,Sat
09:19:05,6,Jackson Park Express,,Mon,Tue,Wed,Thu,Fri
20:06:31,146,Inner Lake Shore/Michigan Express,,Sat
18:55:49,36,Broadway,,Sat
19:43:58,6,Jackson Park Express,,Sat
08:07:01,6,Jackson Park Express,,Sun
17:52:30,62,Archer,,Sat
20:59:32,36,Broadway,,Mon,Tue,Wed,Thu,Fri
07:27:54,6,Jackson Park Express,,Mon,Tue,Wed,Thu,Fri
05:26:18,6,Jackson Park Express,,Mon,Tue,Wed,Thu,Fri
08:13:48,29,State,,Sun
13:53:58,29,State,,Mon,Tue,Wed,Thu,Fri
01:25:04,62,Archer,,Mon
13:49:58,29,State,,Sun
10:18:45,146,Inner Lake Shore/Michigan Express,,Sun
05:36:08,29,State,,Mon,Tue,Wed,Thu,Fri
00:08:54,62,Archer,,Tue,Wed,Thu,Fri,Sat
18:06:58,29,State,,Sat
12:16:58,6,Jackson Park Express,,Sat
17:38:47,146,Inner Lake Shore/Michigan Express,,Sat
09:42:43,36,Broadway,,Mon,Tue,Wed,Thu,Fri
06:58:04,62,Archer,,Mon,Tue,Wed,Thu,Fri
00:38:54,62,Archer,,Tue,Wed,Thu,Fri,Sat
13:43:30,62,Archer,,Sat
14:26:38,29,State,,Sat
17:49:49,36,Broadway,,Sun
23:14:05,36,Broadway,,Mon,Tue,Wed,Thu,Fri
19:55:38,6,Jackson Park Express,,Sun
10:55:47,146,Inner Lake Shore/Michigan Express,,Mon,Tue,Wed,Thu,Fri
09:24:48,29,State,,Mon,Tue,Wed,Thu,Fri
00:23:45,62,Archer,,Sun
16:40:25,62,Archer,,Sun
07:52:38,146,Inner Lake Shore/Michigan Express,,Mon,Tue,Wed,Thu,Fri
20:35:02,36,Broadway,,Sat
13:52:15,6,Jackson Park Express,,Sun
11:22:58,29,State,,Sun
17:22:45,6,Jackson Park Express,,Mon,Tue,Wed,Thu,Fri
16:12:42,62,Archer,,Mon,Tue,Wed,Thu,Fri
15:47:13,36,Broadway,,Mon,Tue,Wed,Thu,Fri
09:08:48,6,Jackson Park Express,,Mon,Tue,Wed,Thu,Fri
17:37:30,62,Archer,,Sat
17:19:28,29,State,,Sat
17:57:28,29,State,,Sat
17:09:58,29,State,,Sat
21:57:08,6,Jackson Park Express,,Sat
15:45:18,29,State,,Mon,Tue,Wed,Thu,Fri
13:33:51,62,Archer,,Mon,Tue,Wed,Thu,Fri
08:07:35,36,Broadway,,Sun
11:19:51,62,Archer,,Sun
13:39:02,36,Broadway,,Sun
14:14:02,36,Broadway,,Sat
10:00:48,29,State,,Sat
18:13:48,29,State,,Mon,Tue,Wed,Thu,Fri
05:29:08,62,Archer,,Mon,Tue,Wed,Thu,Fri
13:42:01,146,Inner Lake Shore/Michigan Express,,Sun
12:42:10,146,Inner Lake Shore/Michigan Express,,Mon,Tue,Wed,Thu,Fri
14:58:25,62,Archer,,Sun
13:06:24,146,Inner Lake Shore/Michigan Express,,Sat
22:49:48,6,Jackson Park Express,,Mon,Tue,Wed,Thu,Fri
11:39:18,29,State,,Sat
07:49:01,6,Jackson Park Express,,Sun
20:56:48,29,State,,Mon,Tue,Wed,Thu,Fri
19:42:35,36,Broadway,,Sun
11:22:58,29,State,,Sun
19:05:32,36,Broadway,,Mon,Tue,Wed,Thu,Fri
08:08:49,36,Broadway,,Sat
13:51:01,146,Inner Lake Shore/Michigan Express,,Sun
18:40:15,6,Jackson Park Express,,Sat
07:39:12,62,Archer,,Sun
20:20:49,36,Broadway,,Sat
15:39:42,62,Archer,,Mon,Tue,Wed,Thu,Fri
10:34:48,29,State,,Sat
12:09:21,62,Archer,,Sun
10:41:15,6,Jackson Park Express,,Sat
21:33:19,36,Broadway,,Sat
14:13:45,6,Jackson Park Express,,Sat
07:16:48,6,Jackson Park Express,,Mon,Tue,Wed,Thu,Fri
15:12:48,6,Jackson Park Express,,Mon,Tue,Wed,Thu,Fri
14:38:38,29,State,,Sat
14:26:38,29,State,,Sat
09:37:55,146,Inner Lake Shore/Michigan Express,,Mon,Tue,Wed,Thu,Fri
06:41:02,36,Broadway,,Mon,Tue,Wed,Thu,Fri
10:39:38,146,Inner Lake Shore/Michigan Express,,Sun
11:19:54,146,Inner Lake Shore/Michigan Express,,Sat
09:59:47,62,Archer,,Sun
07:18:46,148,Clarendon/Michigan Express,,Mon,Tue,Wed,Thu,Fri
01:38:54,62,Archer,,Mon
19:36:51,62,Archer,,Sun
09:16:23,148,Clarendon/Michigan Express,,Mon,Tue,Wed,Thu,Fri
17:58:25,62,Archer,,Mon,Tue,Wed,Thu,Fri
05:34:22,36,Broadway,,Sat
00:41:31,6,Jackson Park Express,,Tue,Wed,Thu,Fri,Sat
23:07:01,6,Jackson Park Express,,Sun
11:39:18,29,State,,Sat
19:09:49,36,Broadway,,Sat
09:28:38,6,Jackson Park Express,,Sat
15:32:38,29,State,,Sat
13:16:25,62,Archer,,Sun
14:01:08,62,Archer,,Mon,Tue,Wed,Thu,Fri
06:11:28,29,State,,Mon,Tue,Wed,Thu,Fri
14:50:02,36,Broadway,,Sat
18:07:30,62,Archer,,Sat
20:09:22,36,Broadway,,Sun
22:12:08,29,State,,Sun
18:03:38,2,Hyde Park Express,,Mon,Tue,Wed,Thu,Fri
05:54:22,146,Inner Lake Shore/Michigan Express,,Mon,Tue,Wed,Thu,Fri
10:02:17,146,Inner Lake Shore/Michigan Express,,Sat
12:18:40,146,Inner Lake Shore/Michigan Express,,Sat
17:08:01,146,Inner Lake Shore/Michigan Express,,Sun
09:40:22,2,Hyde Park Express,,Mon,Tue,Wed,Thu,Fri
09:59:47,62,Archer,,Sun
20:32:45,6,Jackson Park Express,,Sat
12:02:31,146,Inner Lake Shore/Michigan Express,,Sun
18:21:31,146,Inner Lake Shore/Michigan Express,,Sun
16:17:10,146,Inner Lake Shore/Michigan Express,,Mon,Tue,Wed,Thu,Fri
05:13:22,36,Broadway,,Sat
10:11:49,36,Broadway,,Sun
18:46:45,6,Jackson Park Express,,Sun
15:02:18,29,State,,Mon,Tue,Wed,Thu,Fri
17:56:32,36,Broadway,,Sat
09:04:05,36,Broadway,,Sun
16:29:15,6,Jackson Park Express,,Sat
09:16:56,36,Broadway,,Mon,Tue,Wed,Thu,Fri
23:30:01,6,Jackson Park Express,,Sat
08:33:57,148,Clarendon/Michigan Express,,Mon,Tue,Wed,Thu,Fri
12:02:40,146,Inner Lake Shore/Michigan Express,,Sat
04:38:54,62,Archer,,Sun
19:46:24,146,Inner Lake Shore/Michigan Express,,Mon,Tue,Wed,Thu,Fri
09:43:34,62,Archer,,Sat
16:58:19,36,Broadway,,Sun
21:40:15,146,Inner Lake Shore/Michigan Express,,Mon,Tue,Wed,Thu,Fri
20:01:18,29,State,,Sat
15:22:38,29,State,,Sat
14:00:01,146,Inner Lake Shore/Michigan Express,,Sun
08:03:31,6,Jackson Park Express,,Sat
03:38:54,62,Archer,,Mon,Tue,Wed,Thu,Fri
15:41:47,146,Inner Lake Shore/Michigan Express,,Sat
18:38:38,29,State,,Sat
17:19:28,29,State,,Sat
07:18:01,146,Inner Lake Shore/Michigan Express,,Mon,Tue,Wed,Thu,Fri
08:41:49,36,Broadway,,Sat
07:41:38,146,Inner Lake Shore/Michigan Express,,Mon,Tue,Wed,Thu,Fri
22:21:19,36,Broadway,,Sat
18:50:28,29,State,,Mon,Tue,Wed,Thu,Fri
09:09:03,146,Inner Lake Shore/Michigan Express,,Mon,Tue,Wed,Thu,Fri
16:06:40,146,Inner Lake Shore/Michigan Express,,Mon,Tue,Wed,Thu,Fri
17:14:17,146,Inner Lake Shore/Michigan Express,,Sat
08:01:59,148,Clarendon/Michigan Express,,Mon,Tue,Wed,Thu,Fri
20:44:21,62,Archer,,Sun
23:45:17,62,Archer,,Sun
21:35:08,6,Jackson Park Express,,Sun
12:41:28,6,Jackson Park Express,,Sun
09:42:43,36,Broadway,,Mon,Tue,Wed,Thu,Fri
12:31:12,6,Jackson Park Express,,Mon,Tue,Wed,Thu,Fri
21:00:51,62,Archer,,Sat
15:14:10,146,Inner Lake Shore/Michigan Express,,Mon,Tue,Wed,Thu,Fri
16:52:23,36,Broadway,,Mon,Tue,Wed,Thu,Fri
17:32:12,146,Inner Lake Shore/Michigan Express,,Mon,Tue,Wed,Thu,Fri
13:18:02,36,Broadway,,Sat
10:32:25,62,Archer,,Mon,Tue,Wed,Thu,Fri
22:32:58,29,State,,Mon,Tue,Wed,Thu,Fri
07:34:31,6,Jackson Park Express,,Sat
17:14:38,29,State,,Mon,Tue,Wed,Thu,Fri
20:12:00,62,Archer,,Mon,Tue,Wed,Thu,Fri
08:42:31,6,Jackson Park Express,,Mon,Tue,Wed,Thu,Fri
16:40:25,62,Archer,,Sun
20:01:48,29,State,,Mon,Tue,Wed,Thu,Fri
01:23:45,62,Archer,,Tue,Wed,Thu,Fri,Sat
18:50:45,6,Jackson Park Express,,Sat
22:05:01,6,Jackson Park Express,,Sat
06:57:45,146,Inner Lake Shore/Michigan Express,,Mon,Tue,Wed,Thu,Fri
10:21:25,62,Archer,,Sat
09:02:21,148,Clarendon/Michigan Express,,Mon,Tue,Wed,Thu,Fri
13:31:43,36,Broadway,,Mon,Tue,Wed,Thu,Fri
16:19:51,6,Jackson Park Express,,Sun
00:08:54,62,Archer,,Sun
11:39:28,29,State,,Sun
19:09:49,36,Broadway,,Sat
12:34:40,146,Inner Lake Shore/Michigan Express,,Sat
08:56:08,29,State,,Sun
16:32:12,62,Archer,,Mon,Tue,Wed,Thu,Fri
19:47:25,62,Archer,,Sat
06:36:14,146,Inner Lake Shore/Michigan Express,,Sun
05:16:08,29,State,,Mon,Tue,Wed,Thu,Fri
10:17:48,29,State,,Sat
09:27:24,2,Hyde Park Express,,Mon,Tue,Wed,Thu,Fri
07:56:04,148,Clarendon/Michigan Express,,Mon,Tue,Wed,Thu,Fri
06:15:52,36,Broadway,,Sat
14:13:10,146,Inner Lake Shore/Michigan Express,,Mon,Tue,Wed,Thu,Fri
21:02:49,36,Broadway,,Sat
17:50:18,29,State,,Mon,Tue,Wed,Thu,Fri
19:55:52,36,Broadway,,Sun
18:02:15,6,Jackson Park Express,,Sun
00:09:04,62,Archer,,Mon
00:53:45,62,Archer,,Tue,Wed,Thu,Fri,Sat
22:01:08,6,Jackson Park Express,,Sun
21:52:31,6,Jackson Park Express,,Sat
14:34:15,6,Jackson Park Express,,Sun
12:50:38,146,Inner Lake Shore/Michigan Express,,Sun
12:28:58,29,State,,Sun
13:55:17,146,Inner Lake Shore/Michigan Express,,Sat
05:54:22,146,Inner Lake Shore/Michigan Express,,Mon,Tue,Wed,Thu,Fri
22:35:49,36,Broadway,,Sat
11:06:38,146,Inner Lake Shore/Michigan Express,,Sun
13:00:00,62,Archer,,Sat
10:33:47,146,Inner Lake Shore/Michigan Express,,Mon,Tue,Wed,Thu,Fri
08:55:56,36,Broadway,,Mon,Tue,Wed,Thu,Fri
06:41:02,36,Broadway,,Mon,Tue,Wed,Thu,Fri
14:03:10,146,Inner Lake Shore/Michigan Express,,Mon,Tue,Wed,Thu,Fri
20:20:49,36,Broadway,,Sat
11:32:59,36,Broadway,,Mon,Tue,Wed,Thu,Fri
05:08:45,62,Archer,,Sat
08:45:25,146,Inner Lake Shore/Michigan Express,,Mon,Tue,Wed,Thu,Fri
08:38:17,62,Archer,,Sat
17:06:26,146,Inner Lake Shore/Michigan Express,,Mon,Tue,Wed,Thu,Fri
09:56:38,62,Archer,,Sat
15:10:30,62,Archer,,Sat
15:05:45,6,Jackson Park Express,,Sun
20:43:58,6,Jackson Park Express,,Mon,Tue,Wed,Thu,Fri
14:29:18,29,State,,Mon,Tue,Wed,Thu,Fri
21:06:17,62,Archer,,Sun
13:43:30,62,Archer,,Sat
08:27:52,36,Broadway,,Sun
07:59:00,146,Inner Lake Shore/Michigan Express,,Sun
08:13:13,36,Broadway,,Mon,Tue,Wed,Thu,Fri
10:27:17,146,Inner Lake Shore/Michigan Express,,Mon,Tue,Wed,Thu,Fri
04:52:22,36,Broadway,,Sat
04:52:08,36,Broadway,,Sun
20:45:01,146,Inner Lake Shore/Michigan Express,,Sat
06:46:22,146,Inner Lake Shore/Michigan Express,,Mon,Tue,Wed,Thu,Fri
17:24:12,62,Archer,,Mon,Tue,Wed,Thu,Fri
12:59:38,146,Inner Lake Shore/Michigan Express,,Sun
22:13:35,36,Broadway,,Mon,Tue,Wed,Thu,Fri
08:20:24,2,Hyde Park Express,,Mon,Tue,Wed,Thu,Fri
13:03:38,29,State,,Mon,Tue,Wed,Thu,Fri
19:31:35,6,Jackson Park Express,,Mon,Tue,Wed,Thu,Fri
06:49:42,62,Archer,,Sat
23:53:17,62,Archer,,Mon,Tue,Wed,Thu,Fri
06:00:48,6,Jackson Park Express,,Sun
12:48:17,62,Archer,,Mon,Tue,Wed,Thu,Fri
09:28:52,146,Inner Lake Shore/Michigan Express,,Sun
22:53:38,29,State,,Mon,Tue,Wed,Thu,Fri
13:29:58,29,State,,Mon,Tue,Wed,Thu,Fri
18:20:08,62,Archer,,Mon,Tue,Wed,Thu,Fri
11:54:40,146,Inner Lake Shore/Michigan Express,,Sat
12:45:28,29,State,,Sun
23:01:08,146,Inner Lake Shore/Michigan Express,,Sat
00:53:45,62,Archer,,Sun
18:12:15,6,Jackson Park Express,,Sun
10:39:38,146,Inner Lake Shore/Michigan Express,,Sun
21:08:21,6,Jackson Park Express,,Mon,Tue,Wed,Thu,Fri
04:38:54,62,Archer,,Sun
13:07:32,36,Broadway,,Sun
08:03:58,29,State,,Mon,Tue,Wed,Thu,Fri
15:58:54,146,Inner Lake Shore/Michigan Express,,Sat
12:03:42,62,Archer,,Sat
20:31:08,6,Jackson Park Express,,Sun
05:06:24,6,Jackson Park Express,,Mon,Tue,Wed,Thu,Fri
15:55:35,6,Jackson Park Express,,Sat
13:29:02,36,Broadway,,Sun
11:05:38,29,State,,Mon,Tue,Wed,Thu,Fri
23:37:22,36,Broadway,,Sun
09:04:18,146,Inner Lake Shore/Michigan Express,,Mon,Tue,Wed,Thu,Fri
07:51:05,36,Broadway,,Sat
10:27:49,36,Broadway,,Sun
23:54:48,29,State,,Sun
20:19:58,6,Jackson Park Express,,Mon,Tue,Wed,Thu,Fri
15:16:42,62,Archer,,Mon,Tue,Wed,Thu,Fri
10:33:25,62,Archer,,Sat
20:06:19,36,Broadway,,Sat
23:47:48,6,Jackson Park Express,,Sun
16:32:08,29,State,,Sat
18:36:17,146,Inner Lake Shore/Michigan Express,,Mon,Tue,Wed,Thu,Fri
08:22:13,36,Broadway,,Mon,Tue,Wed,Thu,Fri
07:32:38,29,State,,Sun
18:09:08,62,Archer,,Mon,Tue,Wed,Thu,Fri
20:40:48,6,Jackson Park Express,,Mon,Tue,Wed,Thu,Fri
18:53:54,2,Hyde Park Express,,Mon,Tue,Wed,Thu,Fri
07:47:54,146,Inner Lake Shore/Michigan Express,,Mon,Tue,Wed,Thu,Fri
16:37:19,36,Broadway,,Sun
19:42:38,29,State,,Sun
18:48:48,29,State,,Sun
08:07:35,36,Broadway,,Sun
15:15:25,62,Archer,,Sun
08:03:58,29,State,,Mon,Tue,Wed,Thu,Fri
23:09:19,36,Broadway,,Sat
19:31:08,146,Inner Lake Shore/Michigan Express,,Sun
17:42:25,6,Jackson Park Express,,Mon,Tue,Wed,Thu,Fri
11:48:45,6,Jackson Park Express,,Sun
09:42:24,2,Hyde Park Express,,Mon,Tue,Wed,Thu,Fri
12:50:24,146,Inner Lake Shore/Michigan Express,,Sat
22:59:17,62,Archer,,Sun
19:32:18,29,State,,Mon,Tue,Wed,Thu,Fri
06:51:53,148,Clarendon/Michigan Express,,Mon,Tue,Wed,Thu,Fri
08:32:25,62,Archer,,Mon,Tue,Wed,Thu,Fri
00:19:48,29,State,,Mon
10:16:15,6,Jackson Park Express,,Sat
19:11:38,29,State,,Sat
18:57:34,62,Archer,,Mon,Tue,Wed,Thu,Fri
15:54:00,62,Archer,,Sat
06:30:42,62,Archer,,Sat
16:08:30,62,Archer,,Sat
10:11:49,36,Broadway,,Sun
09:04:56,36,Broadway,,Mon,Tue,Wed,Thu,Fri
08:44:51,148,Clarendon/Michigan Express,,Mon,Tue,Wed,Thu,Fri
18:11:31,146,Inner Lake Shore/Michigan Express,,Sun
14:16:58,29,State,,Mon,Tue,Wed,Thu,Fri
07:20:28,29,State,,Mon,Tue,Wed,Thu,Fri
18:13:49,36,Broadway,,Sun
17:48:25,62,Archer,,Mon,Tue,Wed,Thu,Fri
18:59:58,6,Jackson Park Express,,Sat
22:04:28,29,State,,Sat
09:54:47,146,Inner Lake Shore/Michigan Express,,Sat
22:08:22,36,Broadway,,Sun
22:57:52,146,Inner Lake Shore/Michigan Express,,Sun
17:58:18,29,State,,Sun
17:56:32,36,Broadway,,Sat
20:55:52,36,Broadway,,Sun
13:43:51,6,Jackson Park Express,,Sun
13:31:58,6,Jackson Park Express,,Sat
17:08:49,36,Broadway,,Sun
23:17:52,146,Inner Lake Shore/Michigan Express,,Mon,Tue,Wed,Thu,Fri
21:40:51,62,Archer,,Sat
16:51:12,62,Archer,,Mon,Tue,Wed,Thu,Fri
19:29:35,36,Broadway,,Sun
13:02:10,146,Inner Lake Shore/Michigan Express,,Mon,Tue,Wed,Thu,Fri
09:16:00,146,Inner Lake Shore/Michigan Express,,Sun
23:31:54,6,Jackson Park Express,,Sun
13:41:58,29,State,,Mon,Tue,Wed,Thu,Fri
17:20:48,29,State,,Sun
22:13:47,62,Archer,,Sun
22:58:52,146,Inner Lake Shore/Michigan Express,,Mon,Tue,Wed,Thu,Fri
09:54:47,146,Inner Lake Shore/Michigan Express,,Sat
17:31:25,62,Archer,,Mon,Tue,Wed,Thu,Fri
15:41:08,29,State,,Sun
17:34:35,6,Jackson Park Express,,Sat
15:01:47,146,Inner Lake Shore/Michigan Express,,Sat
14:00:01,146,Inner Lake Shore/Michigan Express,,Sun
05:56:48,6,Jackson Park Express,,Sun
06:25:48,6,Jackson Park Express,,Sun
16:37:19,36,Broadway,,Sun
07:22:22,36,Broadway,,Sun
06:26:08,6,Jackson Park Express,,Mon,Tue,Wed,Thu,Fri
08:12:00,62,Archer,,Sat
16:58:35,6,Jackson Park Express,,Sat
23:30:47,62,Archer,,Mon,Tue,Wed,Thu,Fri
06:50:21,6,Jackson Park Express,,Mon,Tue,Wed,Thu,Fri
08:57:49,36,Broadway,,Sat
16:48:47,146,Inner Lake Shore/Michigan Express,,Sat
08:51:17,62,Archer,,Sat
05:07:22,36,Broadway,,Mon,Tue,Wed,Thu,Fri
00:38:54,62,Archer,,Sun
00:53:45,62,Archer,,Mon
22:00:51,62,Archer,,Sat
13:37:45,6,Jackson Park Express,,Sat
11:32:42,62,Archer,,Mon,Tue,Wed,Thu,Fri
17:14:15,6,Jackson Park Express,,Sat
07:52:52,146,Inner Lake Shore/Michigan Express,,Sat
18:56:07,2,Hyde Park Express,,Mon,Tue,Wed,Thu,Fri
18:53:16,36,Broadway,,Mon,Tue,Wed,Thu,Fri
00:48:01,6,Jackson Park Express,,Sun
13:17:38,146,Inner Lake Shore/Michigan Express,,Sun
17:58:25,62,Archer,,Mon,Tue,Wed,Thu,Fri
10:48:38,29,State,,Sun
16:43:08,29,State,,Sun
18:09:08,62,Archer,,Mon,Tue,Wed,Thu,Fri
10:30:38,146,Inner Lake Shore/Michigan Express,,Sun
20:16:18,29,State,,Sat
08:17:30,62,Archer,,Sun
11:56:08,29,State,,Sat
00:45:48,6,Jackson Park Express,,Tue,Wed,Thu,Fri,Sat
15:16:15,6,Jackson Park Express,,Sun
17:10:21,6,Jackson Park Express,,Sun
10:40:47,146,Inner Lake Shore/Michigan Express,,Mon,Tue,Wed,Thu,Fri
07:15:22,36,Broadway,,Sat
22:53:05,36,Broadway,,Mon,Tue,Wed,Thu,Fri
11:51:32,36,Broadway,,Sat
08:15:52,146,Inner Lake Shore/Michigan Express,,Sat
08:45:48,29,State,,Mon,Tue,Wed,Thu,Fri
17:16:23,36,Broadway,,Mon,Tue,Wed,Thu,Fri
12:35:46,36,Broadway,,Sun
16:49:35,6,Jackson Park Express,,Sat
18:26:19,36,Broadway,,Sun
17:22:47,146,Inner Lake Shore/Michigan Express,,Sat
11:05:45,6,Jackson Park Express,,Sat
10:39:47,146,Inner Lake Shore/Michigan Express,,Sat
17:01:46,36,Broadway,,Sat
18:23:07,2,Hyde Park Express,,Mon,Tue,Wed,Thu,Fri
16:18:08,29,State,,Sun
22:21:19,36,Broadway,,Sat
16:22:38,29,State,,Sat
16:06:40,146,Inner Lake Shore/Michigan Express,,Mon,Tue,Wed,Thu,Fri
10:58:25,62,Archer,,Sat
17:52:23,36,Broadway,,Mon,Tue,Wed,Thu,Fri
18:02:18,29,State,,Mon,Tue,Wed,Thu,Fri
17:33:28,29,State,,Sun
19:52:24,146,Inner Lake Shore/Michigan Express,,Sat
13:29:58,29,State,,Mon,Tue,Wed,Thu,Fri
19:14:48,29,State,,Sun
01:38:54,62,Archer,,Tue,Wed,Thu,Fri,Sat
21:19:45,146,Inner Lake Shore/Michigan Express,,Sun
14:41:02,36,Broadway,,Sat
18:26:54,2,Hyde Park Express,,Mon,Tue,Wed,Thu,Fri
16:02:48,6,Jackson Park Express,,Mon,Tue,Wed,Thu,Fri
22:47:38,6,Jackson Park Express,,Sat
09:56:38,62,Archer,,Sat
16:13:35,6,Jackson Park Express,,Sat
18:24:02,36,Broadway,,Sat
12:42:40,146,Inner Lake Shore/Michigan Express,,Sat
16:42:15,6,Jackson Park Express,,Mon,Tue,Wed,Thu,Fri
08:34:48,29,State,,Sun
11:54:40,146,Inner Lake Shore/Michigan Express,,Sat
20:22:15,146,Inner Lake Shore/Michigan Express,,Sun
09:47:25,62,Archer,,Mon,Tue,Wed,Thu,Fri
05:55:22,36,Broadway,,Sat
18:44:51,62,Archer,,Mon,Tue,Wed,Thu,Fri
21:38:52,146,Inner Lake Shore/Michigan Express,,Sun
06:28:18,29,State,,Sun
20:28:42,62,Archer,,Mon,Tue,Wed,Thu,Fri
14:41:30,62,Archer,,Sat
17:05:47,146,Inner Lake Shore/Michigan Express,,Sat
09:23:01,146,Inner Lake Shore/Michigan Express,,Sat
15:09:15,6,Jackson Park Express,,Sat
17:48:25,62,Archer,,Mon,Tue,Wed,Thu,Fri
15:35:13,36,Broadway,,Mon,Tue,Wed,Thu,Fri
07:58:12,62,Archer,,Sun
14:18:01,146,Inner Lake Shore/Michigan Express,,Sun
08:55:48,146,Inner Lake Shore/Michigan Express,,Mon,Tue,Wed,Thu,Fri
15:49:47,146,Inner Lake Shore/Michigan Express,,Sat
17:44:12,146,Inner Lake Shore/Michigan Express,,Mon,Tue,Wed,Thu,Fri
12:28:28,6,Jackson Park Express,,Sun
12:10:32,36,Broadway,,Sun
08:59:33,146,Inner Lake Shore/Michigan Express,,Mon,Tue,Wed,Thu,Fri
08:55:48,146,Inner Lake Shore/Michigan Express,,Mon,Tue,Wed,Thu,Fri
08:35:46,148,Clarendon/Michigan Express,,Mon,Tue,Wed,Thu,Fri
15:44:49,36,Broadway,,Sun
14:34:35,6,Jackson Park Express,,Sat
08:16:23,148,Clarendon/Michigan Express,,Mon,Tue,Wed,Thu,Fri
18:35:48,29,State,,Sun
13:24:01,146,Inner Lake Shore/Michigan Express,,Sun
14:53:47,146,Inner Lake Shore/Michigan Express,,Sat
13:00:00,62,Archer,,Sat
14:14:08,29,State,,Sat
21:40:15,146,Inner Lake Shore/Michigan Express,,Mon,Tue,Wed,Thu,Fri
08:51:17,62,Archer,,Sat
18:03:47,146,Inner Lake Shore/Michigan Express,,Sat
20:22:15,146,Inner Lake Shore/Michigan Express,,Sun
05:54:08,29,State,,Mon,Tue,Wed,Thu,Fri
20:15:38,29,State,,Sun
00:49:48,29,State,,Sun
09:47:15,6,Jackson Park Express,,Sun
21:38:52,146,Inner Lake Shore/Michigan Express,,Sun
12:24:08,29,State,,Mon,Tue,Wed,Thu,Fri
09:41:21,6,Jackson Park Express,,Sat
17:22:30,62,Archer,,Sat
17:09:58,29,State,,Sat
20:43:08,146,Inner Lake Shore/Michigan Express,,Mon,Tue,Wed,Thu,Fri
16:57:17,146,Inner Lake Shore/Michigan Express,,Sat
23:15:08,29,State,,Mon,Tue,Wed,Thu,Fri
11:21:02,36,Broadway,,Sat
10:28:45,6,Jackson Park Express,,Sat
10:09:47,146,Inner Lake Shore/Michigan Express,,Sat
06:28:18,29,State,,Mon,Tue,Wed,Thu,Fri
21:25:45,146,Inner Lake Shore/Michigan Express,,Mon,Tue,Wed,Thu,Fri
16:59:01,146,Inner Lake Shore/Michigan Express,,Sun
19:20:47,146,Inner Lake Shore/Michigan Express,,Mon,Tue,Wed,Thu,Fri
14:36:01,146,Inner Lake Shore/Michigan Express,,Sun
11:24:38,146,Inner Lake Shore/Michigan Express,,Sun
16:23:25,62,Archer,,Sun
20:33:38,29,State,,Sun
16:04:35,6,Jackson Park Express,,Sat
14:16:58,29,State,,Mon,Tue,Wed,Thu,Fri
00:23:45,62,Archer,,Mon
20:55:52,36,Broadway,,Sun
07:26:44,146,Inner Lake Shore/Michigan Express,,Mon,Tue,Wed,Thu,Fri
15:42:38,29,State,,Sat
09:26:08,6,Jackson Park Express,,Sun
16:32:25,6,Jackson Park Express,,Mon,Tue,Wed,Thu,Fri
19:15:08,146,Inner Lake Shore/Michigan Express,,Sun
16:51:58,29,State,,Sat
09:55:49,36,Broadway,,Sun
23:17:52,36,Broadway,,Sun
13:18:32,36,Broadway,,Sun
06:56:14,146,Inner Lake Shore/Michigan Express,,Sun
15:25:47,146,Inner Lake Shore/Michigan Express,,Sat
20:20:45,6,Jackson Park Express,,Sat
18:27:38,29,State,,Sat
17:14:25,62,Archer,,Sun
23:06:31,6,Jackson Park Express,,Mon,Tue,Wed,Thu,Fri
05:36:08,29,State,,Mon,Tue,Wed,Thu,Fri
10:12:47,146,Inner Lake Shore/Michigan Express,,Mon,Tue,Wed,Thu,Fri
15:23:13,36,Broadway,,Mon,Tue,Wed,Thu,Fri
06:13:18,6,Jackson Park Express,,Mon,Tue,Wed,Thu,Fri
17:25:35,6,Jackson Park Express,,Sat
01:08:54,62,Archer,,Sun
10:15:17,62,Archer,,Sun
11:23:18,29,State,,Sat
19:17:48,29,State,,Mon,Tue,Wed,Thu,Fri
21:35:21,6,Jackson Park Express,,Mon,Tue,Wed,Thu,Fri
16:08:08,29,State,,Mon,Tue,Wed,Thu,Fri
10:19:47,146,Inner Lake Shore/Michigan Express,,Mon,Tue,Wed,Thu,Fri
12:11:40,146,Inner Lake Shore/Michigan Express,,Mon,Tue,Wed,Thu,Fri
22:23:52,146,Inner Lake Shore/Michigan Express,,Mon,Tue,Wed,Thu,Fri
08:14:08,146,Inner Lake Shore/Michigan Express,,Mon,Tue,Wed,Thu,Fri
06:50:38,148,Clarendon/Michigan Express,,Mon,Tue,Wed,Thu,Fri
15:39:42,62,Archer,,Mon,Tue,Wed,Thu,Fri
08:50:51,148,Clarendon/Michigan Express,,Mon,Tue,Wed,Thu,Fri
11:19:48,6,Jackson Park Express,,Mon,Tue,Wed,Thu,Fri
11:03:54,146,Inner Lake Shore/Michigan Express,,Sat
10:09:45,146,Inner Lake Shore/Michigan Express,,Sun
15:56:10,146,Inner Lake Shore/Michigan Express,,Mon,Tue,Wed,Thu,Fri
09:31:35,6,Jackson Park Express,,Mon,Tue,Wed,Thu,Fri
09:32:10,146,Inner Lake Shore/Michigan Express,,Mon,Tue,Wed,Thu,Fri
13:46:24,146,Inner Lake Shore/Michigan Express,,Sat
09:45:10,146,Inner Lake Shore/Michigan Express,,Mon,Tue,Wed,Thu,Fri
17:39:25,62,Archer,,Mon,Tue,Wed,Thu,Fri
15:39:30,62,Archer,,Sat
07:00:31,6,Jackson Park Express,,Sat
13:04:59,36,Broadway,,Mon,Tue,Wed,Thu,Fri
24:07:18,6,Jackson Park Express,,Mon,Tue,Wed,Thu,Fri
22:50:58,29,State,,Sat
17:29:49,36,Broadway,,Sun
20:40:22,36,Broadway,,Sun
19:23:54,2,Hyde Park Express,,Mon,Tue,Wed,Thu,Fri
05:59:54,6,Jackson Park Express,,Mon,Tue,Wed,Thu,Fri
15:33:47,146,Inner Lake Shore/Michigan Express,,Sat
10:00:45,146,Inner Lake Shore/Michigan Express,,Sun
11:16:58,6,Jackson Park Express,,Sat
22:08:22,36,Broadway,,Sun
15:32:25,62,Archer,,Sun
10:55:54,146,Inner Lake Shore/Michigan Express,,Sat
08:06:07,2,Hyde Park Express,,Mon,Tue,Wed,Thu,Fri
09:24:48,29,State,,Mon,Tue,Wed,Thu,Fri
14:46:51,6,Jackson Park Express,,Sun
22:53:38,29,State,,Mon,Tue,Wed,Thu,Fri
16:32:12,62,Archer,,Mon,Tue,Wed,Thu,Fri
13:55:45,6,Jackson Park Express,,Sat
09:20:48,6,Jackson Park Express,,Mon,Tue,Wed,Thu,Fri
12:01:28,6,Jackson Park Express,,Sun
22:19:18,6,Jackson Park Express,,Mon,Tue,Wed,Thu,Fri
11:50:42,62,Archer,,Sat
16:58:19,36,Broadway,,Sun
14:15:21,6,Jackson Park Express,,Sun
09:31:21,148,Clarendon/Michigan Express,,Mon,Tue,Wed,Thu,Fri
18:15:24,2,Hyde Park Express,,Mon,Tue,Wed,Thu,Fri
20:46:48,29,State,,Sat
14:27:17,146,Inner Lake Shore/Michigan Express,,Sat
06:08:19,36,Broadway,,Mon,Tue,Wed,Thu,Fri
09:40:52,146,Inner Lake Shore/Michigan Express,,Sun
15:05:12,62,Archer,,Mon,Tue,Wed,Thu,Fri
14:37:58,29,State,,Sun
12:18:40,146,Inner Lake Shore/Michigan Express,,Sat
05:07:22,36,Broadway,,Mon,Tue,Wed,Thu,Fri
06:56:52,36,Broadway,,Sat
17:54:49,146,Inner Lake Shore/Michigan Express,,Mon,Tue,Wed,Thu,Fri
12:37:08,29,State,,Mon,Tue,Wed,Thu,Fri
10:27:49,36,Broadway,,Sun
23:51:48,6,Jackson Park Express,,Mon,Tue,Wed,Thu,Fri
01:38:54,62,Archer,,Mon
10:27:08,29,State,,Mon,Tue,Wed,Thu,Fri
17:47:17,146,Inner Lake Shore/Michigan Express,,Sat
15:28:51,6,Jackson Park Express,,Sun
07:03:08,29,State,,Mon,Tue,Wed,Thu,Fri
17:55:47,146,Inner Lake Shore/Michigan Express,,Sat
18:34:31,146,Inner Lake Shore/Michigan Express,,Sun
06:42:48,6,Jackson Park Express,,Sat
20:16:31,6,Jackson Park Express,,Sat
11:30:58,6,Jackson Park Express,,Sun
22:31:08,6,Jackson Park Express,,Sun
12:50:08,29,State,,Mon,Tue,Wed,Thu,Fri
10:05:21,6,Jackson Park Express,,Sat
15:35:13,36,Broadway,,Mon,Tue,Wed,Thu,Fri
09:41:45,6,Jackson Park Express,,Sat
08:47:56,36,Broadway,,Mon,Tue,Wed,Thu,Fri
19:04:08,29,State,,Mon,Tue,Wed,Thu,Fri
19:47:18,29,State,,Sat
17:12:15,6,Jackson Park Express,,Mon,Tue,Wed,Thu,Fri
01:08:01,6,Jackson Park Express,,Sun
19:51:45,6,Jackson Park Express,,Sat
21:28:01,6,Jackson Park Express,,Sat
02:38:54,62,Archer,,Mon
08:01:34,148,Clarendon/Michigan Express,,Mon,Tue,Wed,Thu,Fri
18:51:19,36,Broadway,,Sun
16:19:15,6,Jackson Park Express,,Sun
08:18:55,62,Archer,,Mon,Tue,Wed,Thu,Fri
18:49:38,29,State,,Sat
07:30:55,62,Archer,,Mon,Tue,Wed,Thu,Fri
12:40:01,6,Jackson Park Express,,Mon,Tue,Wed,Thu,Fri
12:50:38,146,Inner Lake Shore/Michigan Express,,Sun
16:03:08,2,Hyde Park Express,,Mon,Tue,Wed,Thu,Fri
12:47:46,36,Broadway,,Sun
16:06:01,146,Inner Lake Shore/Michigan Express,,Sun
10:14:48,29,State,,Mon,Tue,Wed,Thu,Fri
15:45:40,146,Inner Lake Shore/Michigan Express,,Mon,Tue,Wed,Thu,Fri
15:52:38,29,State,,Sat
06:16:08,36,Broadway,,Sun
09:51:55,146,Inner Lake Shore/Michigan Express,,Mon,Tue,Wed,Thu,Fri
14:50:08,29,State,,Sat
14:27:01,146,Inner Lake Shore/Michigan Express,,Sun
20:52:08,29,State,,Sun
10:48:38,146,Inner Lake Shore/Michigan Express,,Sun
14:41:32,36,Broadway,,Sun
07:57:24,146,Inner Lake Shore/Michigan Express,,Mon,Tue,Wed,Thu,Fri
04:52:08,36,Broadway,,Sun
11:31:12,6,Jackson Park Express,,Mon,Tue,Wed,Thu,Fri
13:56:43,36,Broadway,,Mon,Tue,Wed,Thu,Fri
20:03:48,6,Jackson Park Express,,Mon,Tue,Wed,Thu,Fri
20:59:45,146,Inner Lake Shore/Michigan Express,,Sun
11:32:59,36,Broadway,,Mon,Tue,Wed,Thu,Fri
17:55:47,146,Inner Lake Shore/Michigan Express,,Sat
08:13:13,36,Broadway,,Mon,Tue,Wed,Thu,Fri
12:07:01,6,Jackson Park Express,,Mon,Tue,Wed,Thu,Fri
05:30:05,36,Broadway,,Mon,Tue,Wed,Thu,Fri
20:52:31,6,Jackson Park Express,,Sat
16:08:45,6,Jackson Park Express,,Sun
19:36:51,62,Archer,,Sun
15:02:18,29,State,,Mon,Tue,Wed,Thu,Fri
22:14:18,29,State,,Mon,Tue,Wed,Thu,Fri
21:17:58,29,State,,Sat
19:03:21,6,Jackson Park Express,,Sun
22:57:52,146,Inner Lake Shore/Michigan Express,,Sun
15:41:08,29,State,,Sun
07:07:38,146,Inner Lake Shore/Michigan Express,,Mon,Tue,Wed,Thu,Fri
07:54:55,62,Archer,,Mon,Tue,Wed,Thu,Fri
21:21:08,6,Jackson Park Express,,Sat
17:56:08,6,Jackson Park Express,,Mon,Tue,Wed,Thu,Fri
17:28:23,36,Broadway,,Mon,Tue,Wed,Thu,Fri
12:10:32,36,Broadway,,Sun
08:36:55,146,Inner Lake Shore/Michigan Express,,Mon,Tue,Wed,Thu,Fri
18:42:17,146,Inner Lake Shore/Michigan Express,,Sat
23:12:38,29,State,,Sun
10:40:58,6,Jackson Park Express,,Sat
23:15:08,29,State,,Mon,Tue,Wed,Thu,Fri
22:35:01,6,Jackson Park Express,,Sun
17:54:49,146,Inner Lake Shore/Michigan Express,,Mon,Tue,Wed,Thu,Fri
10:34:48,29,State,,Sat
13:33:01,146,Inner Lake Shore/Michigan Express,,Sun
05:52:25,62,Archer,,Sat
06:23:22,146,Inner Lake Shore/Michigan Express,,Mon,Tue,Wed,Thu,Fri
19:19:35,6,Jackson Park Express,,Mon,Tue,Wed,Thu,Fri
08:35:52,146,Inner Lake Shore/Michigan Express,,Sat
10:47:25,62,Archer,,Mon,Tue,Wed,Thu,Fri
14:46:43,36,Broadway,,Mon,Tue,Wed,Thu,Fri
12:24:08,29,State,,Mon,Tue,Wed,Thu,Fri
22:23:51,62,Archer,,Mon,Tue,Wed,Thu,Fri
15:52:45,6,Jackson Park Express,,Sat
11:43:49,36,Broadway,,Sun
17:31:55,62,Archer,,Sun
08:25:17,62,Archer,,Sat
06:51:48,6,Jackson Park Express,,Mon,Tue,Wed,Thu,Fri
10:32:48,6,Jackson Park Express,,Mon,Tue,Wed,Thu,Fri
16:12:38,29,State,,Sat
16:52:23,36,Broadway,,Mon,Tue,Wed,Thu,Fri
02:08:54,62,Archer,,Mon
11:11:54,146,Inner Lake Shore/Michigan Express,,Sat
20:38:02,36,Broadway,,Mon,Tue,Wed,Thu,Fri
13:09:08,29,State,,Sat
13:33:51,62,Archer,,Mon,Tue,Wed,Thu,Fri
07:08:42,62,Archer,,Sat
17:50:21,6,Jackson Park Express,,Sun
10:32:17,146,Inner Lake Shore/Michigan Express,,Sat
18:49:38,29,State,,Sat
19:59:21,62,Archer,,Sun
22:01:38,146,Inner Lake Shore/Michigan Express,,Sat
08:32:18,29,State,,Mon,Tue,Wed,Thu,Fri
09:16:31,6,Jackson Park Express,,Sat
16:22:42,62,Archer,,Mon,Tue,Wed,Thu,Fri
07:19:55,62,Archer,,Sun
20:28:08,146,Inner Lake Shore/Michigan Express,,Mon,Tue,Wed,Thu,Fri
15:03:01,146,Inner Lake Shore/Michigan Express,,Sun
10:47:54,146,Inner Lake Shore/Michigan Express,,Sat
17:04:23,36,Broadway,,Mon,Tue,Wed,Thu,Fri
10:11:58,29,State,,Sun
22:35:28,29,State,,Sat
16:15:08,2,Hyde Park Express,,Mon,Tue,Wed,Thu,Fri
12:20:31,146,Inner Lake Shore/Michigan Express,,Sun
09:34:28,29,State,,Sun
16:57:25,62,Archer,,Sun
12:38:59,36,Broadway,,Mon,Tue,Wed,Thu,Fri
20:45:01,146,Inner Lake Shore/Michigan Express,,Sat
13:37:32,36,Broadway,,Sat
07:34:35,36,Broadway,,Sat
16:53:03,146,Inner Lake Shore/Michigan Express,,Mon,Tue,Wed,Thu,Fri
19:34:18,29,State,,Sat
17:00:21,6,Jackson Park Express,,Sun
10:17:17,146,Inner Lake Shore/Michigan Express,,Sat
08:13:48,29,State,,Sun
23:51:31,6,Jackson Park Express,,Mon,Tue,Wed,Thu,Fri
10:17:25,62,Archer,,Mon,Tue,Wed,Thu,Fri
17:19:49,146,Inner Lake Shore/Michigan Express,,Mon,Tue,Wed,Thu,Fri
14:45:01,146,Inner Lake Shore/Michigan Express,,Sun
20:22:51,62,Archer,,Sat
08:29:58,6,Jackson Park Express,,Mon,Tue,Wed,Thu,Fri
01:10:04,62,Archer,,Mon
08:41:10,146,Inner Lake Shore/Michigan Express,,Mon,Tue,Wed,Thu,Fri
19:16:51,62,Archer,,Sun
08:33:30,146,Inner Lake Shore/Michigan Express,,Sun
17:40:19,36,Broadway,,Sun
16:06:25,62,Archer,,Sun
01:38:54,62,Archer,,Sun
21:19:18,6,Jackson Park Express,,Mon,Tue,Wed,Thu,Fri
12:38:31,146,Inner Lake Shore/Michigan Express,,Sun
16:22:48,6,Jackson Park Express,,Mon,Tue,Wed,Thu,Fri
16:26:10,36,Broadway,,Mon,Tue,Wed,Thu,Fri
07:47:42,148,Clarendon/Michigan Express,,Mon,Tue,Wed,Thu,Fri
21:17:19,36,Broadway,,Mon,Tue,Wed,Thu,Fri
00:19:48,29,State,,Mon
14:40:18,29,State,,Mon,Tue,Wed,Thu,Fri
16:31:47,146,Inner Lake Shore/Michigan Express,,Sat
11:42:38,146,Inner Lake Shore/Michigan Express,,Sun
11:11:17,146,Inner Lake Shore/Michigan Express,,Mon,Tue,Wed,Thu,Fri
16:40:10,146,Inner Lake Shore/Michigan Express,,Mon,Tue,Wed,Thu,Fri
16:59:01,146,Inner Lake Shore/Michigan Express,,Sun
07:39:58,6,Jackson Park Express,,Mon,Tue,Wed,Thu,Fri
20:45:01,6,Jackson Park Express,,Sun
13:07:32,36,Broadway,,Sun
14:05:02,36,Broadway,,Sat
22:13:47,62,Archer,,Sun
17:09:46,36,Broadway,,Sat
11:27:54,146,Inner Lake Shore/Michigan Express,,Sat
08:02:59,36,Broadway,,Mon,Tue,Wed,Thu,Fri
23:20:51,62,Archer,,Sat
08:50:10,146,Inner Lake Shore/Michigan Express,,Mon,Tue,Wed,Thu,Fri
16:52:15,6,Jackson Park Express,,Mon,Tue,Wed,Thu,Fri
06:37:07,146,Inner Lake Shore/Michigan Express,,Sat
10:48:38,146,Inner Lake Shore/Michigan Express,,Sun
14:27:17,146,Inner Lake Shore/Michigan Express,,Sat
23:14:05,36,Broadway,,Mon,Tue,Wed,Thu,Fri
09:50:29,148,Clarendon/Michigan Express,,Mon,Tue,Wed,Thu,Fri
14:41:25,62,Archer,,Sun
11:23:18,29,State,,Sat
08:16:07,2,Hyde Park Express,,Mon,Tue,Wed,Thu,Fri
11:07:12,6,Jackson Park Express,,Mon,Tue,Wed,Thu,Fri
07:05:58,29,State,,Sat
11:32:42,62,Archer,,Mon,Tue,Wed,Thu,Fri
18:19:35,6,Jackson Park Express,,Sat
21:19:45,146,Inner Lake Shore/Michigan Express,,Sun
06:37:51,6,Jackson Park Express,,Mon,Tue,Wed,Thu,Fri
07:20:28,29,State,,Mon,Tue,Wed,Thu,Fri
12:17:15,6,Jackson Park Express,,Sun
19:26:54,6,Jackson Park Express,,Mon,Tue,Wed,Thu,Fri
23:38:51,62,Archer,,Sat
20:46:48,29,State,,Sat
21:22:25,62,Archer,,Mon,Tue,Wed,Thu,Fri
23:01:31,6,Jackson Park Express,,Sat
05:47:18,6,Jackson Park Express,,Sat
15:56:10,146,Inner Lake Shore/Michigan Express,,Mon,Tue,Wed,Thu,Fri
11:03:21,62,Archer,,Sun
05:30:05,36,Broadway,,Mon,Tue,Wed,Thu,Fri
11:29:05,36,Broadway,,Sun
14:13:01,6,Jackson Park Express,,Mon,Tue,Wed,Thu,Fri
21:12:08,29,State,,Sun
21:33:28,29,State,,Sat
15:09:47,146,Inner Lake Shore/Michigan Express,,Sat
07:51:05,36,Broadway,,Sat
12:29:01,6,Jackson Park Express,,Mon,Tue,Wed,Thu,Fri
19:22:47,146,Inner Lake Shore/Michigan Express,,Sat
18:24:25,62,Archer,,Sun
19:31:54,146,Inner Lake Shore/Michigan Express,,Mon,Tue,Wed,Thu,Fri
09:11:48,29,State,,Mon,Tue,Wed,Thu,Fri
22:46:31,6,Jackson Park Express,,Sat
16:22:38,29,State,,Sat
19:01:48,29,State,,Sun
22:19:58,29,State,,Sat
11:03:29,36,Broadway,,Mon,Tue,Wed,Thu,Fri
08:17:58,29,State,,Mon,Tue,Wed,Thu,Fri
11:03:45,6,Jackson Park Express,,Sun
12:42:21,62,Archer,,Sun
12:19:12,6,Jackson Park Express,,Mon,Tue,Wed,Thu,Fri
22:40:52,36,Broadway,,Sun
09:38:49,36,Broadway,,Sun
09:04:56,36,Broadway,,Mon,Tue,Wed,Thu,Fri
21:20:51,62,Archer,,Sat
17:08:08,29,State,,Sun
01:08:54,62,Archer,,Tue,Wed,Thu,Fri,Sat
18:54:47,146,Inner Lake Shore/Michigan Express,,Sat
12:47:46,36,Broadway,,Sun
08:19:47,146,Inner Lake Shore/Michigan Express,,Mon,Tue,Wed,Thu,Fri
13:09:08,29,State,,Sat
08:25:31,146,Inner Lake Shore/Michigan Express,,Mon,Tue,Wed,Thu,Fri
19:26:34,62,Archer,,Mon,Tue,Wed,Thu,Fri
20:06:19,36,Broadway,,Sat
15:57:08,29,State,,Mon,Tue,Wed,Thu,Fri
15:12:01,146,Inner Lake Shore/Michigan Express,,Sun
18:41:38,62,Archer,,Sun
19:14:15,6,Jackson Park Express,,Sat
13:22:10,146,Inner Lake Shore/Michigan Express,,Mon,Tue,Wed,Thu,Fri
11:18:38,29,State,,Mon,Tue,Wed,Thu,Fri
15:25:47,146,Inner Lake Shore/Michigan Express,,Sat
16:17:10,146,Inner Lake Shore/Michigan Express,,Mon,Tue,Wed,Thu,Fri
05:44:18,6,Jackson Park Express,,Mon,Tue,Wed,Thu,Fri
16:28:08,2,Hyde Park Express,,Mon,Tue,Wed,Thu,Fri
08:48:18,29,State,,Sat
20:03:15,146,Inner Lake Shore/Michigan Express,,Sun
08:47:46,148,Clarendon/Michigan Express,,Mon,Tue,Wed,Thu,Fri
11:52:51,62,Archer,,Sun
17:28:23,36,Broadway,,Mon,Tue,Wed,Thu,Fri
18:10:18,29,State,,Sun
23:54:05,36,Broadway,,Mon,Tue,Wed,Thu,Fri
09:16:56,36,Broadway,,Mon,Tue,Wed,Thu,Fri
21:58:52,146,Inner Lake Shore/Michigan Express,,Sun
10:48:38,29,State,,Sun
10:43:35,6,Jackson Park Express,,Mon,Tue,Wed,Thu,Fri
17:13:45,2,Hyde Park Express,,Mon,Tue,Wed,Thu,Fri
17:14:38,29,State,,Mon,Tue,Wed,Thu,Fri
08:41:31,6,Jackson Park Express,,Sat
20:20:18,29,State,,Mon,Tue,Wed,Thu,Fri
17:02:15,6,Jackson Park Express,,Mon,Tue,Wed,Thu,Fri
16:19:08,29,State,,Mon,Tue,Wed,Thu,Fri
18:06:55,62,Archer,,Sun
13:43:10,146,Inner Lake Shore/Michigan Express,,Mon,Tue,Wed,Thu,Fri
21:02:28,29,State,,Sat
07:30:25,148,Clarendon/Michigan Express,,Mon,Tue,Wed,Thu,Fri
15:51:12,62,Archer,,Mon,Tue,Wed,Thu,Fri
08:19:47,146,Inner Lake Shore/Michigan Express,,Mon,Tue,Wed,Thu,Fri
22:41:08,146,Inner Lake Shore/Michigan Express,,Sat
20:45:42,62,Archer,,Mon,Tue,Wed,Thu,Fri
21:48:08,6,Jackson Park Express,,Sun
12:10:32,36,Broadway,,Sat
14:14:08,62,Archer,,Mon,Tue,Wed,Thu,Fri
17:08:49,36,Broadway,,Sun
12:51:01,6,Jackson Park Express,,Mon,Tue,Wed,Thu,Fri
15:01:08,29,State,,Sat
15:34:19,36,Broadway,,Sun
17:47:58,29,State,,Sat
14:27:25,62,Archer,,Mon,Tue,Wed,Thu,Fri
05:42:54,6,Jackson Park Express,,Mon,Tue,Wed,Thu,Fri
18:08:03,146,Inner Lake Shore/Michigan Express,,Mon,Tue,Wed,Thu,Fri
12:59:38,146,Inner Lake Shore/Michigan Express,,Sun
14:40:18,29,State,,Mon,Tue,Wed,Thu,Fri
08:38:17,62,Archer,,Sat
19:01:48,29,State,,Sun
11:56:08,29,State,,Sat
16:22:15,6,Jackson Park Express,,Mon,Tue,Wed,Thu,Fri
17:29:49,36,Broadway,,Sun
08:55:08,6,Jackson Park Express,,Sun
10:52:38,29,State,,Mon,Tue,Wed,Thu,Fri
15:23:18,29,State,,Mon,Tue,Wed,Thu,Fri
19:51:48,6,Jackson Park Express,,Mon,Tue,Wed,Thu,Fri
21:35:18,29,State,,Mon,Tue,Wed,Thu,Fri
06:24:48,6,Jackson Park Express,,Sat
22:32:08,29,State,,Sun
10:19:35,6,Jackson Park Express,,Mon,Tue,Wed,Thu,Fri
18:36:17,146,Inner Lake Shore/Michigan Express,,Mon,Tue,Wed,Thu,Fri
15:37:15,6,Jackson Park Express,,Sun
08:59:33,146,Inner Lake Shore/Michigan Express,,Mon,Tue,Wed,Thu,Fri
11:00:32,36,Broadway,,Sat
17:57:28,29,State,,Sat
23:53:51,62,Archer,,Sat
09:21:03,146,Inner Lake Shore/Michigan Express,,Mon,Tue,Wed,Thu,Fri
08:17:00,146,Inner Lake Shore/Michigan Express,,Sun
08:29:01,6,Jackson Park Express,,Sun
16:10:45,6,Jackson Park Express,,Sat
19:45:51,6,Jackson Park Express,,Sun
17:28:02,36,Broadway,,Sat
12:26:40,146,Inner Lake Shore/Michigan Express,,Sat
15:42:48,6,Jackson Park Express,,Mon,Tue,Wed,Thu,Fri
08:39:26,36,Broadway,,Mon,Tue,Wed,Thu,Fri
07:11:19,36,Broadway,,Mon,Tue,Wed,Thu,Fri
06:06:18,6,Jackson Park Express,,Sat
08:09:38,29,State,,Sat
08:57:24,2,Hyde Park Express,,Mon,Tue,Wed,Thu,Fri
12:25:59,36,Broadway,,Mon,Tue,Wed,Thu,Fri
10:05:31,146,Inner Lake Shore/Michigan Express,,Mon,Tue,Wed,Thu,Fri
13:09:02,36,Broadway,,Sat
11:55:12,6,Jackson Park Express,,Mon,Tue,Wed,Thu,Fri
17:30:17,146,Inner Lake Shore/Michigan Express,,Sat
10:45:25,62,Archer,,Sat
23:32:48,29,State,,Sun
08:04:52,146,Inner Lake Shore/Michigan Express,,Sat
14:27:01,146,Inner Lake Shore/Michigan Express,,Sun
20:05:25,62,Archer,,Sat
08:41:46,148,Clarendon/Michigan Express,,Mon,Tue,Wed,Thu,Fri
15:12:48,29,State,,Mon,Tue,Wed,Thu,Fri
07:56:38,6,Jackson Park Express,,Sat
10:19:47,146,Inner Lake Shore/Michigan Express,,Mon,Tue,Wed,Thu,Fri
13:43:10,146,Inner Lake Shore/Michigan Express,,Mon,Tue,Wed,Thu,Fri
14:36:01,146,Inner Lake Shore/Michigan Express,,Sun
10:14:48,29,State,,Mon,Tue,Wed,Thu,Fri
19:59:01,146,Inner Lake Shore/Michigan Express,,Mon,Tue,Wed,Thu,Fri
00:49:18,29,State,,Mon
21:33:48,6,Jackson Park Express,,Mon,Tue,Wed,Thu,Fri
21:26:52,36,Broadway,,Sun
22:12:08,29,State,,Sun
15:18:21,6,Jackson Park Express,,Sun
08:46:38,36,Broadway,,Sun
13:16:38,29,State,,Mon,Tue,Wed,Thu,Fri
22:35:49,36,Broadway,,Sat
23:16:31,6,Jackson Park Express,,Sun
09:04:15,146,Inner Lake Shore/Michigan Express,,Sat
11:29:40,146,Inner Lake Shore/Michigan Express,,Mon,Tue,Wed,Thu,Fri
16:08:30,62,Archer,,Sat
09:51:55,146,Inner Lake Shore/Michigan Express,,Mon,Tue,Wed,Thu,Fri
16:38:15,6,Jackson Park Express,,Sat
13:53:10,146,Inner Lake Shore/Michigan Express,,Mon,Tue,Wed,Thu,Fri
23:06:28,29,State,,Sat
12:11:31,146,Inner Lake Shore/Michigan Express,,Sun
17:44:01,146,Inner Lake Shore/Michigan Express,,Sun
18:01:49,36,Broadway,,Sun
06:46:22,146,Inner Lake Shore/Michigan Express,,Mon,Tue,Wed,Thu,Fri
14:05:58,29,State,,Sun
13:08:38,146,Inner Lake Shore/Michigan Express,,Sun
03:38:54,62,Archer,,Sat
04:08:54,62,Archer,,Mon,Tue,Wed,Thu,Fri
16:30:38,29,State,,Sun
16:34:16,36,Broadway,,Sat
14:13:10,146,Inner Lake Shore/Michigan Express,,Mon,Tue,Wed,Thu,Fri
11:32:08,29,State,,Mon,Tue,Wed,Thu,Fri
09:56:13,36,Broadway,,Mon,Tue,Wed,Thu,Fri
11:37:42,62,Archer,,Sat
11:50:42,62,Archer,,Sat
12:55:12,6,Jackson Park Express,,Mon,Tue,Wed,Thu,Fri
14:56:00,62,Archer,,Sat
22:32:58,29,State,,Mon,Tue,Wed,Thu,Fri
15:32:25,62,Archer,,Sun
07:40:16,36,Broadway,,Mon,Tue,Wed,Thu,Fri
04:38:54,62,Archer,,Sat
10:09:25,62,Archer,,Sat
15:35:10,146,Inner Lake Shore/Michigan Express,,Mon,Tue,Wed,Thu,Fri
12:45:30,62,Archer,,Sat
03:38:54,62,Archer,,Sat
15:00:15,6,Jackson Park Express,,Sat
19:47:18,29,State,,Sat
08:42:08,6,Jackson Park Express,,Sat
09:33:19,36,Broadway,,Sat
14:54:48,29,State,,Sun
15:32:38,29,State,,Sat
08:14:57,148,Clarendon/Michigan Express,,Mon,Tue,Wed,Thu,Fri
08:44:01,6,Jackson Park Express,,Sun
18:38:38,29,State,,Sat
17:06:26,146,Inner Lake Shore/Michigan Express,,Mon,Tue,Wed,Thu,Fri
15:02:32,36,Broadway,,Sun
19:07:12,6,Jackson Park Express,,Mon,Tue,Wed,Thu,Fri
21:24:01,6,Jackson Park Express,,Sun
16:41:08,29,State,,Mon,Tue,Wed,Thu,Fri
18:16:58,29,State,,Sat
14:50:02,36,Broadway,,Sat
07:24:18,2,Hyde Park Express,,Mon,Tue,Wed,Thu,Fri
17:00:58,29,State,,Sat
10:47:45,6,Jackson Park Express,,Sun
20:16:18,29,State,,Sat
10:01:10,148,Clarendon/Michigan Express,,Mon,Tue,Wed,Thu,Fri
15:25:00,62,Archer,,Sat
14:14:08,62,Archer,,Mon,Tue,Wed,Thu,Fri
14:03:10,146,Inner Lake Shore/Michigan Express,,Mon,Tue,Wed,Thu,Fri
11:47:15,6,Jackson Park Express,,Sat
09:15:49,36,Broadway,,Sat
08:56:24,6,Jackson Park Express,,Mon,Tue,Wed,Thu,Fri
16:28:10,146,Inner Lake Shore/Michigan Express,,Mon,Tue,Wed,Thu,Fri
13:59:32,36,Broadway,,Sun
14:53:47,146,Inner Lake Shore/Michigan Express,,Sat
21:35:18,29,State,,Mon,Tue,Wed,Thu,Fri
22:58:52,36,Broadway,,Sun
11:15:28,6,Jackson Park Express,,Sun
12:59:08,62,Archer,,Sun
19:58:38,29,State,,Sun
11:04:58,6,Jackson Park Express,,Sat
21:33:28,29,State,,Sat
13:22:10,146,Inner Lake Shore/Michigan Express,,Mon,Tue,Wed,Thu,Fri
22:23:52,36,Broadway,,Sun
23:01:08,6,Jackson Park Express,,Sun
08:47:56,36,Broadway,,Mon,Tue,Wed,Thu,Fri
09:26:48,146,Inner Lake Shore/Michigan Express,,Mon,Tue,Wed,Thu,Fri
15:07:51,6,Jackson Park Express,,Sun
18:39:59,36,Broadway,,Mon,Tue,Wed,Thu,Fri
17:43:38,2,Hyde Park Express,,Mon,Tue,Wed,Thu,Fri
00:39:04,62,Archer,,Mon
12:28:58,29,State,,Sun
20:05:25,62,Archer,,Sat
19:41:17,62,Archer,,Mon,Tue,Wed,Thu,Fri
12:30:46,36,Broadway,,Sat
11:15:35,36,Broadway,,Sun
00:09:04,62,Archer,,Mon
23:54:48,29,State,,Sun
05:32:25,62,Archer,,Sat
02:08:54,62,Archer,,Sun
20:20:18,29,State,,Mon,Tue,Wed,Thu,Fri
18:30:47,146,Inner Lake Shore/Michigan Express,,Sat
12:11:08,29,State,,Sat
21:11:01,6,Jackson Park Express,,Sun
07:23:01,6,Jackson Park Express,,Sat
16:27:45,2,Hyde Park Express,,Mon,Tue,Wed,Thu,Fri
07:05:38,148,Clarendon/Michigan Express,,Mon,Tue,Wed,Thu,Fri
09:55:35,6,Jackson Park Express,,Mon,Tue,Wed,Thu,Fri
11:37:15,6,Jackson Park Express,,Sat
20:22:51,62,Archer,,Sat
19:56:00,62,Archer,,Mon,Tue,Wed,Thu,Fri
12:45:30,62,Archer,,Sat
03:08:54,62,Archer,,Sun
18:03:47,146,Inner Lake Shore/Michigan Express,,Sat
07:21:01,148,Clarendon/Michigan Express,,Mon,Tue,Wed,Thu,Fri
14:46:43,36,Broadway,,Mon,Tue,Wed,Thu,Fri
06:37:07,146,Inner Lake Shore/Michigan Express,,Sat
20:35:02,36,Broadway,,Sat
06:04:42,62,Archer,,Mon,Tue,Wed,Thu,Fri
09:45:10,146,Inner Lake Shore/Michigan Express,,Mon,Tue,Wed,Thu,Fri
08:57:49,36,Broadway,,Sat
15:17:47,146,Inner Lake Shore/Michigan Express,,Sat
14:41:02,36,Broadway,,Sat
07:53:29,36,Broadway,,Mon,Tue,Wed,Thu,Fri
06:36:22,146,Inner Lake Shore/Michigan Express,,Mon,Tue,Wed,Thu,Fri
14:27:00,62,Archer,,Sat
19:56:00,62,Archer,,Mon,Tue,Wed,Thu,Fri
16:06:01,146,Inner Lake Shore/Michigan Express,,Sun
16:02:12,62,Archer,,Mon,Tue,Wed,Thu,Fri
07:27:28,6,Jackson Park Express,,Mon,Tue,Wed,Thu,Fri
19:14:01,6,Jackson Park Express,,Mon,Tue,Wed,Thu,Fri
11:58:59,36,Broadway,,Mon,Tue,Wed,Thu,Fri
09:15:49,36,Broadway,,Sat
18:21:21,6,Jackson Park Express,,Sun
07:27:02,36,Broadway,,Mon,Tue,Wed,Thu,Fri
16:48:47,146,Inner Lake Shore/Michigan Express,,Sat
12:01:40,146,Inner Lake Shore/Michigan Express,,Mon,Tue,Wed,Thu,Fri
23:33:35,36,Broadway,,Mon,Tue,Wed,Thu,Fri
15:47:13,36,Broadway,,Mon,Tue,Wed,Thu,Fri
09:21:03,146,Inner Lake Shore/Michigan Express,,Mon,Tue,Wed,Thu,Fri
08:29:16,148,Clarendon/Michigan Express,,Mon,Tue,Wed,Thu,Fri
19:09:58,6,Jackson Park Express,,Sat
14:09:01,146,Inner Lake Shore/Michigan Express,,Sun
20:56:21,6,Jackson Park Express,,Mon,Tue,Wed,Thu,Fri
04:38:45,62,Archer,,Mon,Tue,Wed,Thu,Fri
04:38:45,62,Archer,,Mon,Tue,Wed,Thu,Fri
16:12:38,29,State,,Sat
08:54:45,146,Inner Lake Shore/Michigan Express,,Sat
14:37:58,29,State,,Sun
14:35:17,146,Inner Lake Shore/Michigan Express,,Sat
06:22:28,29,State,,Sat
06:57:45,146,Inner Lake Shore/Michigan Express,,Mon,Tue,Wed,Thu,Fri
13:12:10,146,Inner Lake Shore/Michigan Express,,Mon,Tue,Wed,Thu,Fri
00:18:18,29,State,,Tue,Wed,Thu,Fri,Sat
07:07:38,146,Inner Lake Shore/Michigan Express,,Mon,Tue,Wed,Thu,Fri
18:11:47,146,Inner Lake Shore/Michigan Express,,Sat
23:17:52,146,Inner Lake Shore/Michigan Express,,Mon,Tue,Wed,Thu,Fri
19:08:54,2,Hyde Park Express,,Mon,Tue,Wed,Thu,Fri
23:20:51,62,Archer,,Sat
17:16:42,62,Archer,,Mon,Tue,Wed,Thu,Fri
21:05:01,146,Inner Lake Shore/Michigan Express,,Sat
09:51:45,146,Inner Lake Shore/Michigan Express,,Sun
14:13:15,6,Jackson Park Express,,Sun
22:46:21,62,Archer,,Mon,Tue,Wed,Thu,Fri
24:24:19,36,Broadway,,Sat
07:18:38,62,Archer,,Mon,Tue,Wed,Thu,Fri
13:56:02,36,Broadway,,Sat
17:52:48,6,Jackson Park Express,,Mon,Tue,Wed,Thu,Fri
06:50:38,29,State,,Sun
21:32:08,29,State,,Sun
10:18:45,146,Inner Lake Shore/Michigan Express,,Sun
18:34:02,36,Broadway,,Sat
19:00:08,146,Inner Lake Shore/Michigan Express,,Sun
16:15:24,146,Inner Lake Shore/Michigan Express,,Sat
07:53:29,36,Broadway,,Mon,Tue,Wed,Thu,Fri
19:23:08,29,State,,Sat
09:43:48,29,State,,Sat
24:01:19,36,Broadway,,Sat
17:35:01,146,Inner Lake Shore/Michigan Express,,Sun
12:52:10,146,Inner Lake Shore/Michigan Express,,Mon,Tue,Wed,Thu,Fri
20:20:01,6,Jackson Park Express,,Sun
21:25:01,146,Inner Lake Shore/Michigan Express,,Sat
23:53:17,62,Archer,,Mon,Tue,Wed,Thu,Fri
16:26:49,36,Broadway,,Sun
09:56:13,36,Broadway,,Mon,Tue,Wed,Thu,Fri
06:11:28,29,State,,Mon,Tue,Wed,Thu,Fri
17:45:28,29,State,,Sun
10:31:08,29,State,,Sun
11:50:03,146,Inner Lake Shore/Michigan Express,,Mon,Tue,Wed,Thu,Fri
19:23:49,36,Broadway,,Sat
19:09:15,6,Jackson Park Express,,Sun
07:55:01,6,Jackson Park Express,,Sun
17:38:28,29,State,,Sat
09:53:21,6,Jackson Park Express,,Sat
22:09:15,146,Inner Lake Shore/Michigan Express,,Mon,Tue,Wed,Thu,Fri
13:54:21,6,Jackson Park Express,,Sun
05:55:08,36,Broadway,,Sun
09:30:26,36,Broadway,,Mon,Tue,Wed,Thu,Fri
11:11:25,62,Archer,,Sat
15:52:48,6,Jackson Park Express,,Mon,Tue,Wed,Thu,Fri
18:01:35,6,Jackson Park Express,,Sat
08:45:48,29,State,,Mon,Tue,Wed,Thu,Fri
10:17:48,29,State,,Sat
08:17:28,6,Jackson Park Express,,Mon,Tue,Wed,Thu,Fri
22:53:05,36,Broadway,,Mon,Tue,Wed,Thu,Fri
18:25:18,29,State,,Mon,Tue,Wed,Thu,Fri
08:39:26,36,Broadway,,Mon,Tue,Wed,Thu,Fri
24:01:01,6,Jackson Park Express,,Sat
09:50:48,29,State,,Mon,Tue,Wed,Thu,Fri
09:31:15,6,Jackson Park Express,,Sun
14:18:01,146,Inner Lake Shore/Michigan Express,,Sun
11:24:25,62,Archer,,Sat
23:52:48,29,State,,Sat
07:40:16,36,Broadway,,Mon,Tue,Wed,Thu,Fri
13:29:00,62,Archer,,Sat
09:47:17,146,Inner Lake Shore/Michigan Express,,Sat
22:23:52,36,Broadway,,Sun
07:27:42,62,Archer,,Sat
22:41:08,146,Inner Lake Shore/Michigan Express,,Sat
07:07:07,146,Inner Lake Shore/Michigan Express,,Sat
12:59:02,36,Broadway,,Sat
10:55:47,146,Inner Lake Shore/Michigan Express,,Mon,Tue,Wed,Thu,Fri
00:48:48,6,Jackson Park Express,,Sun
20:28:31,6,Jackson Park Express,,Sat
12:11:08,29,State,,Mon,Tue,Wed,Thu,Fri
14:04:45,6,Jackson Park Express,,Sat
10:32:25,62,Archer,,Mon,Tue,Wed,Thu,Fri
10:48:31,146,Inner Lake Shore/Michigan Express,,Mon,Tue,Wed,Thu,Fri
11:56:58,6,Jackson Park Express,,Sat
16:32:15,6,Jackson Park Express,,Mon,Tue,Wed,Thu,Fri
11:50:03,146,Inner Lake Shore/Michigan Express,,Mon,Tue,Wed,Thu,Fri
20:14:01,146,Inner Lake Shore/Michigan Express,,Mon,Tue,Wed,Thu,Fri
16:53:16,36,Broadway,,Sat
06:11:42,62,Archer,,Sat
09:08:51,148,Clarendon/Michigan Express,,Mon,Tue,Wed,Thu,Fri
08:17:31,6,Jackson Park Express,,Mon,Tue,Wed,Thu,Fri
11:53:31,146,Inner Lake Shore/Michigan Express,,Sun
11:43:49,36,Broadway,,Sun
00:29:48,29,State,,Sun
15:26:02,36,Broadway,,Sat
06:00:28,29,State,,Sat
14:34:13,36,Broadway,,Mon,Tue,Wed,Thu,Fri
07:55:59,148,Clarendon/Michigan Express,,Mon,Tue,Wed,Thu,Fri
21:05:01,146,Inner Lake Shore/Michigan Express,,Sat
22:05:19,36,Broadway,,Sat
23:01:01,6,Jackson Park Express,,Sat
07:30:55,62,Archer,,Mon,Tue,Wed,Thu,Fri
21:40:22,36,Broadway,,Sun
13:10:45,6,Jackson Park Express,,Sat
12:12:28,29,State,,Sun
15:43:45,6,Jackson Park Express,,Sat
05:55:22,36,Broadway,,Sat
16:30:08,29,State,,Mon,Tue,Wed,Thu,Fri
07:55:07,2,Hyde Park Express,,Mon,Tue,Wed,Thu,Fri
15:41:47,146,Inner Lake Shore/Michigan Express,,Sat
08:49:00,146,Inner Lake Shore/Michigan Express,,Sun
21:17:19,36,Broadway,,Sat
19:22:47,146,Inner Lake Shore/Michigan Express,,Sat
14:53:10,146,Inner Lake Shore/Michigan Express,,Mon,Tue,Wed,Thu,Fri
19:11:34,62,Archer,,Mon,Tue,Wed,Thu,Fri
16:57:25,62,Archer,,Sun
16:24:46,36,Broadway,,Sat
08:25:52,146,Inner Lake Shore/Michigan Express,,Sat
08:47:25,62,Archer,,Mon,Tue,Wed,Thu,Fri
11:41:02,36,Broadway,,Sat
14:31:02,36,Broadway,,Sun
05:34:22,36,Broadway,,Sat
18:23:45,6,Jackson Park Express,,Sun
14:20:32,36,Broadway,,Sun
06:58:08,36,Broadway,,Sun
08:34:48,29,State,,Sun
18:46:08,146,Inner Lake Shore/Michigan Express,,Sun
13:03:34,62,Archer,,Mon,Tue,Wed,Thu,Fri
16:52:08,29,State,,Mon,Tue,Wed,Thu,Fri
21:21:21,6,Jackson Park Express,,Mon,Tue,Wed,Thu,Fri
14:52:55,62,Archer,,Mon,Tue,Wed,Thu,Fri
23:06:28,29,State,,Sat
18:59:08,62,Archer,,Sun
17:09:09,2,Hyde Park Express,,Mon,Tue,Wed,Thu,Fri
15:39:21,6,Jackson Park Express,,Sun
07:37:07,146,Inner Lake Shore/Michigan Express,,Sun
15:01:35,6,Jackson Park Express,,Sat
17:19:49,146,Inner Lake Shore/Michigan Express,,Mon,Tue,Wed,Thu,Fri
11:55:01,6,Jackson Park Express,,Mon,Tue,Wed,Thu,Fri
15:39:30,62,Archer,,Sat
12:25:51,62,Archer,,Sun
17:45:28,29,State,,Sun
05:14:28,29,State,,Sat
21:44:01,146,Inner Lake Shore/Michigan Express,,Sat
05:39:22,146,Inner Lake Shore/Michigan Express,,Mon,Tue,Wed,Thu,Fri
12:25:51,62,Archer,,Sun
08:05:01,6,Jackson Park Express,,Mon,Tue,Wed,Thu,Fri
16:50:01,146,Inner Lake Shore/Michigan Express,,Sun
10:49:29,36,Broadway,,Mon,Tue,Wed,Thu,Fri
16:32:01,146,Inner Lake Shore/Michigan Express,,Sun
05:24:54,6,Jackson Park Express,,Mon,Tue,Wed,Thu,Fri
00:38:54,62,Archer,,Sun
17:03:45,2,Hyde Park Express,,Mon,Tue,Wed,Thu,Fri
16:40:15,6,Jackson Park Express,,Sun
15:49:25,62,Archer,,Sun
07:27:42,62,Archer,,Sat
23:16:01,6,Jackson Park Express,,Sat
05:13:08,36,Broadway,,Sun
13:14:30,62,Archer,,Sat
12:41:38,29,State,,Sat
13:53:10,146,Inner Lake Shore/Michigan Express,,Mon,Tue,Wed,Thu,Fri
16:04:53,2,Hyde Park Express,,Mon,Tue,Wed,Thu,Fri
03:38:54,62,Archer,,Sun
17:50:18,29,State,,Mon,Tue,Wed,Thu,Fri
15:28:12,62,Archer,,Mon,Tue,Wed,Thu,Fri
08:06:55,62,Archer,,Mon,Tue,Wed,Thu,Fri
10:07:35,6,Jackson Park Express,,Mon,Tue,Wed,Thu,Fri
14:25:35,6,Jackson Park Express,,Sat
07:00:38,62,Archer,,Sun
07:14:07,2,Hyde Park Express,,Mon,Tue,Wed,Thu,Fri
11:58:59,36,Broadway,,Mon,Tue,Wed,Thu,Fri
18:28:43,36,Broadway,,Mon,Tue,Wed,Thu,Fri
20:40:51,62,Archer,,Sat
13:13:58,6,Jackson Park Express,,Sat
18:13:48,29,State,,Mon,Tue,Wed,Thu,Fri
09:09:03,146,Inner Lake Shore/Michigan Express,,Mon,Tue,Wed,Thu,Fri
21:51:17,62,Archer,,Sun
17:51:15,6,Jackson Park Express,,Sat
18:39:58,6,Jackson Park Express,,Sat
18:53:16,36,Broadway,,Mon,Tue,Wed,Thu,Fri
12:18:00,62,Archer,,Mon,Tue,Wed,Thu,Fri
20:32:31,6,Jackson Park Express,,Sun
06:39:18,6,Jackson Park Express,,Mon,Tue,Wed,Thu,Fri
16:40:17,146,Inner Lake Shore/Michigan Express,,Sat
00:49:48,29,State,,Sun
10:31:04,62,Archer,,Sun
18:02:18,29,State,,Mon,Tue,Wed,Thu,Fri
15:37:35,6,Jackson Park Express,,Sat
00:51:48,6,Jackson Park Express,,Mon
13:58:00,62,Archer,,Sat
05:49:08,62,Archer,,Mon,Tue,Wed,Thu,Fri
17:21:15,6,Jackson Park Express,,Sun
17:12:25,6,Jackson Park Express,,Mon,Tue,Wed,Thu,Fri
17:38:08,29,State,,Mon,Tue,Wed,Thu,Fri
17:22:25,6,Jackson Park Express,,Mon,Tue,Wed,Thu,Fri
15:45:46,36,Broadway,,Sat
11:43:54,146,Inner Lake Shore/Michigan Express,,Sat
11:43:01,6,Jackson Park Express,,Mon,Tue,Wed,Thu,Fri
21:53:19,36,Broadway,,Mon,Tue,Wed,Thu,Fri
23:21:58,29,State,,Sat
14:35:17,146,Inner Lake Shore/Michigan Express,,Sat
13:42:01,146,Inner Lake Shore/Michigan Express,,Sun
13:44:13,36,Broadway,,Mon,Tue,Wed,Thu,Fri
17:32:12,146,Inner Lake Shore/Michigan Express,,Mon,Tue,Wed,Thu,Fri
14:55:15,6,Jackson Park Express,,Sun
08:04:58,6,Jackson Park Express,,Mon,Tue,Wed,Thu,Fri
15:33:47,146,Inner Lake Shore/Michigan Express,,Sat
12:22:10,146,Inner Lake Shore/Michigan Express,,Mon,Tue,Wed,Thu,Fri
14:52:55,62,Archer,,Mon,Tue,Wed,Thu,Fri
08:12:00,62,Archer,,Sat
08:29:47,146,Inner Lake Shore/Michigan Express,,Mon,Tue,Wed,Thu,Fri
06:31:01,6,Jackson Park Express,,Sun
02:08:54,62,Archer,,Sun
07:45:35,36,Broadway,,Sun
14:18:48,6,Jackson Park Express,,Mon,Tue,Wed,Thu,Fri
21:03:25,62,Archer,,Mon,Tue,Wed,Thu,Fri
04:47:22,36,Broadway,,Mon,Tue,Wed,Thu,Fri
02:38:54,62,Archer,,Tue,Wed,Thu,Fri,Sat
15:21:01,146,Inner Lake Shore/Michigan Express,,Sun
07:52:28,6,Jackson Park Express,,Mon,Tue,Wed,Thu,Fri
21:09:08,6,Jackson Park Express,,Sun
08:46:22,2,Hyde Park Express,,Mon,Tue,Wed,Thu,Fri
10:22:49,36,Broadway,,Sat
17:40:19,36,Broadway,,Sun
12:10:40,146,Inner Lake Shore/Michigan Express,,Sat
12:31:00,62,Archer,,Sat
22:40:51,62,Archer,,Sat
23:08:17,62,Archer,,Mon,Tue,Wed,Thu,Fri
12:37:08,29,State,,Mon,Tue,Wed,Thu,Fri
13:35:38,29,State,,Sat
11:18:38,29,State,,Mon,Tue,Wed,Thu,Fri
00:23:45,62,Archer,,Mon
20:16:32,36,Broadway,,Mon,Tue,Wed,Thu,Fri
12:51:59,36,Broadway,,Mon,Tue,Wed,Thu,Fri
03:08:54,62,Archer,,Sun
20:07:08,6,Jackson Park Express,,Sun
20:04:31,6,Jackson Park Express,,Sat
08:25:19,36,Broadway,,Sat
10:59:51,6,Jackson Park Express,,Sun
17:37:30,62,Archer,,Sat
00:53:45,62,Archer,,Tue,Wed,Thu,Fri,Sat
20:33:38,29,State,,Sun
16:47:49,36,Broadway,,Sun
21:53:19,36,Broadway,,Mon,Tue,Wed,Thu,Fri
07:26:46,148,Clarendon/Michigan Express,,Mon,Tue,Wed,Thu,Fri
06:58:04,62,Archer,,Mon,Tue,Wed,Thu,Fri
18:34:02,36,Broadway,,Sat
18:21:17,146,Inner Lake Shore/Michigan Express,,Mon,Tue,Wed,Thu,Fri
16:19:45,6,Jackson Park Express,,Sat
18:19:45,6,Jackson Park Express,,Sat
20:38:48,29,State,,Mon,Tue,Wed,Thu,Fri
11:33:38,146,Inner Lake Shore/Michigan Express,,Sun
20:21:51,62,Archer,,Sun
09:51:45,146,Inner Lake Shore/Michigan Express,,Sun
09:29:47,62,Archer,,Sun
15:02:32,36,Broadway,,Sun
17:59:07,2,Hyde Park Express,,Mon,Tue,Wed,Thu,Fri
17:14:25,62,Archer,,Sun
15:36:02,36,Broadway,,Sat
13:59:32,36,Broadway,,Sun
20:25:01,146,Inner Lake Shore/Michigan Express,,Sat
14:23:02,36,Broadway,,Sat
22:00:51,62,Archer,,Sat
17:02:25,6,Jackson Park Express,,Mon,Tue,Wed,Thu,Fri
15:56:16,36,Broadway,,Sat
20:39:45,146,Inner Lake Shore/Michigan Express,,Sun
22:18:52,146,Inner Lake Shore/Michigan Express,,Sun
17:40:23,36,Broadway,,Mon,Tue,Wed,Thu,Fri
11:03:31,146,Inner Lake Shore/Michigan Express,,Mon,Tue,Wed,Thu,Fri
11:11:54,146,Inner Lake Shore/Michigan Express,,Sat
10:12:38,6,Jackson Park Express,,Sun
16:30:08,29,State,,Mon,Tue,Wed,Thu,Fri
20:31:18,29,State,,Sat
07:59:00,62,Archer,,Sat
02:38:54,62,Archer,,Mon
16:50:45,6,Jackson Park Express,,Sun
20:44:21,62,Archer,,Sun
09:28:52,146,Inner Lake Shore/Michigan Express,,Sun
07:19:55,62,Archer,,Sun
16:02:38,29,State,,Sat
11:15:38,146,Inner Lake Shore/Michigan Express,,Sun
07:22:22,36,Broadway,,Sun
19:20:15,6,Jackson Park Express,,Sun
21:51:17,62,Archer,,Sun
16:38:53,2,Hyde Park Express,,Mon,Tue,Wed,Thu,Fri
08:56:21,148,Clarendon/Michigan Express,,Mon,Tue,Wed,Thu,Fri
15:21:01,146,Inner Lake Shore/Michigan Express,,Sun
22:51:31,6,Jackson Park Express,,Mon,Tue,Wed,Thu,Fri
08:29:31,6,Jackson Park Express,,Sat
20:57:08,6,Jackson Park Express,,Sat
22:52:08,29,State,,Sun
09:10:38,6,Jackson Park Express,,Sun
14:19:17,146,Inner Lake Shore/Michigan Express,,Sat
13:55:17,146,Inner Lake Shore/Michigan Express,,Sat
09:37:48,29,State,,Mon,Tue,Wed,Thu,Fri
06:26:48,6,Jackson Park Express,,Mon,Tue,Wed,Thu,Fri
23:19:15,146,Inner Lake Shore/Michigan Express,,Sat
14:04:51,6,Jackson Park Express,,Sun
13:33:25,62,Archer,,Sun
14:59:13,36,Broadway,,Mon,Tue,Wed,Thu,Fri
09:58:47,146,Inner Lake Shore/Michigan Express,,Mon,Tue,Wed,Thu,Fri
03:38:54,62,Archer,,Mon,Tue,Wed,Thu,Fri
16:32:01,146,Inner Lake Shore/Michigan Express,,Sun
11:05:38,29,State,,Sun
10:31:04,62,Archer,,Sun
11:26:45,6,Jackson Park Express,,Sat
16:50:01,146,Inner Lake Shore/Michigan Express,,Sun
24:00:01,6,Jackson Park Express,,Sat
05:16:08,29,State,,Mon,Tue,Wed,Thu,Fri
11:45:59,36,Broadway,,Mon,Tue,Wed,Thu,Fri
22:33:05,36,Broadway,,Mon,Tue,Wed,Thu,Fri
12:06:58,6,Jackson Park Express,,Sat
15:49:47,146,Inner Lake Shore/Michigan Express,,Sat
14:12:30,62,Archer,,Sat
23:44:49,36,Broadway,,Sat
15:49:38,2,Hyde Park Express,,Mon,Tue,Wed,Thu,Fri
07:39:52,146,Inner Lake Shore/Michigan Express,,Sat
13:46:24,146,Inner Lake Shore/Michigan Express,,Sat
21:16:01,6,Jackson Park Express,,Sat
21:42:08,62,Archer,,Mon,Tue,Wed,Thu,Fri
00:35:48,6,Jackson Park Express,,Mon
06:56:52,36,Broadway,,Sat
06:30:59,148,Clarendon/Michigan Express,,Mon,Tue,Wed,Thu,Fri
20:25:01,146,Inner Lake Shore/Michigan Express,,Sat
13:28:45,6,Jackson Park Express,,Sat
16:52:30,62,Archer,,Sat
19:33:02,36,Broadway,,Mon,Tue,Wed,Thu,Fri
22:51:49,36,Broadway,,Sat
08:48:18,29,State,,Sat
22:52:08,29,State,,Sun
14:59:02,36,Broadway,,Sat
16:05:38,29,State,,Sun
16:43:46,36,Broadway,,Sat
10:02:48,29,State,,Mon,Tue,Wed,Thu,Fri
17:38:02,36,Broadway,,Sat
18:20:08,62,Archer,,Mon,Tue,Wed,Thu,Fri
06:50:38,29,State,,Sun
13:01:28,29,State,,Sun
09:08:16,148,Clarendon/Michigan Express,,Mon,Tue,Wed,Thu,Fri
23:20:48,6,Jackson Park Express,,Mon,Tue,Wed,Thu,Fri
12:11:08,29,State,,Mon,Tue,Wed,Thu,Fri
17:40:21,6,Jackson Park Express,,Sun
09:51:40,148,Clarendon/Michigan Express,,Mon,Tue,Wed,Thu,Fri
15:39:01,146,Inner Lake Shore/Michigan Express,,Sun
13:03:34,62,Archer,,Mon,Tue,Wed,Thu,Fri
21:09:08,6,Jackson Park Express,,Sat
19:42:45,6,Jackson Park Express,,Sun
18:29:45,6,Jackson Park Express,,Sat
15:23:13,36,Broadway,,Mon,Tue,Wed,Thu,Fri
07:26:44,146,Inner Lake Shore/Michigan Express,,Mon,Tue,Wed,Thu,Fri
06:35:38,148,Clarendon/Michigan Express,,Mon,Tue,Wed,Thu,Fri
21:17:58,29,State,,Sat
18:20:47,146,Inner Lake Shore/Michigan Express,,Sat
13:19:45,6,Jackson Park Express,,Sat
11:29:40,146,Inner Lake Shore/Michigan Express,,Mon,Tue,Wed,Thu,Fri
07:41:38,146,Inner Lake Shore/Michigan Express,,Mon,Tue,Wed,Thu,Fri
21:49:19,36,Broadway,,Sat
09:41:38,6,Jackson Park Express,,Sun
22:14:18,29,State,,Mon,Tue,Wed,Thu,Fri
10:49:02,36,Broadway,,Sat
17:38:47,146,Inner Lake Shore/Michigan Express,,Sat
12:26:40,146,Inner Lake Shore/Michigan Express,,Sat
19:20:47,146,Inner Lake Shore/Michigan Express,,Mon,Tue,Wed,Thu,Fri
16:34:16,36,Broadway,,Sat
18:57:34,62,Archer,,Mon,Tue,Wed,Thu,Fri
06:02:08,62,Archer,,Sun
20:07:58,6,Jackson Park Express,,Mon,Tue,Wed,Thu,Fri
12:56:15,6,Jackson Park Express,,Sun
16:05:49,36,Broadway,,Sun
14:19:17,146,Inner Lake Shore/Michigan Express,,Sat
15:03:45,6,Jackson Park Express,,Mon,Tue,Wed,Thu,Fri
10:55:12,6,Jackson Park Express,,Mon,Tue,Wed,Thu,Fri
09:40:59,148,Clarendon/Michigan Express,,Mon,Tue,Wed,Thu,Fri
15:34:45,6,Jackson Park Express,,Sat
08:58:22,2,Hyde Park Express,,Mon,Tue,Wed,Thu,Fri
12:43:12,6,Jackson Park Express,,Mon,Tue,Wed,Thu,Fri
17:32:25,6,Jackson Park Express,,Mon,Tue,Wed,Thu,Fri
17:33:28,29,State,,Sun
11:43:54,146,Inner Lake Shore/Michigan Express,,Sat
13:06:48,6,Jackson Park Express,,Mon,Tue,Wed,Thu,Fri
11:53:31,146,Inner Lake Shore/Michigan Express,,Sun
13:02:10,146,Inner Lake Shore/Michigan Express,,Mon,Tue,Wed,Thu,Fri
17:47:17,146,Inner Lake Shore/Michigan Express,,Sat
11:16:15,6,Jackson Park Express,,Sat
17:38:38,2,Hyde Park Express,,Mon,Tue,Wed,Thu,Fri
08:36:07,2,Hyde Park Express,,Mon,Tue,Wed,Thu,Fri
08:54:58,6,Jackson Park Express,,Mon,Tue,Wed,Thu,Fri
05:13:22,36,Broadway,,Sat
05:52:25,62,Archer,,Sat
08:42:28,6,Jackson Park Express,,Mon,Tue,Wed,Thu,Fri
07:03:08,29,State,,Mon,Tue,Wed,Thu,Fri
22:01:51,62,Archer,,Mon,Tue,Wed,Thu,Fri
10:52:38,29,State,,Mon,Tue,Wed,Thu,Fri
17:07:35,6,Jackson Park Express,,Sat
13:14:24,146,Inner Lake Shore/Michigan Express,,Sat
19:26:45,6,Jackson Park Express,,Sat
16:42:25,6,Jackson Park Express,,Mon,Tue,Wed,Thu,Fri
00:23:45,62,Archer,,Tue,Wed,Thu,Fri,Sat
08:32:18,29,State,,Mon,Tue,Wed,Thu,Fri
19:06:17,146,Inner Lake Shore/Michigan Express,,Mon,Tue,Wed,Thu,Fri
20:56:08,6,Jackson Park Express,,Sun
17:26:08,29,State,,Mon,Tue,Wed,Thu,Fri
11:07:18,29,State,,Sat
23:00:51,62,Archer,,Sat
09:53:28,29,State,,Sun
06:14:01,6,Jackson Park Express,,Mon,Tue,Wed,Thu,Fri
14:41:30,62,Archer,,Sat
13:04:58,6,Jackson Park Express,,Sat
13:22:58,6,Jackson Park Express,,Sat
06:21:00,62,Archer,,Mon,Tue,Wed,Thu,Fri
09:25:22,2,Hyde Park Express,,Mon,Tue,Wed,Thu,Fri
09:15:28,29,State,,Sun
08:22:13,36,Broadway,,Mon,Tue,Wed,Thu,Fri
06:09:22,146,Inner Lake Shore/Michigan Express,,Mon,Tue,Wed,Thu,Fri
16:51:45,2,Hyde Park Express,,Mon,Tue,Wed,Thu,Fri
14:23:10,146,Inner Lake Shore/Michigan Express,,Mon,Tue,Wed,Thu,Fri
09:12:24,2,Hyde Park Express,,Mon,Tue,Wed,Thu,Fri
10:02:25,62,Archer,,Mon,Tue,Wed,Thu,Fri