arrival_time,route_short_name,route_long_name,headsign,service_days
16:54:41,62,Archer,,Mon,Tue,Wed,Thu,Fri
07:09:03,6,Jackson Park Express,,Sun
07:48:50,29,State,,Sun
19:11:48,36,Broadway,,Sun
09:41:12,62,Archer,,Sun
18:38:13,2,Hyde Park Express,,Mon,Tue,Wed,Thu,Fri
10:42:50,62,Archer,,Sun
10:00:18,6,Jackson Park Express,,Sat
00:47:03,6,Jackson Park Express,,Mon
14:37:17,146,Inner Lake Shore/Michigan Express,,Mon,Tue,Wed,Thu,Fri
07:05:28,62,Archer,,Sat
06:33:50,36,Broadway,,Sun
18:08:33,6,Jackson Park Express,,Mon,Tue,Wed,Thu,Fri
08:03:31,146,Inner Lake Shore/Michigan Express,,Mon,Tue,Wed,Thu,Fri
11:38:48,6,Jackson Park Express,,Mon,Tue,Wed,Thu,Fri
12:07:19,29,State,,Sun
11:42:55,6,Jackson Park Express,,Sat
17:47:04,6,Jackson Park Express,,Sun
17:15:18,36,Broadway,,Sun
11:07:12,62,Archer,,Sat
12:45:17,36,Broadway,,Sat
14:20:12,62,Archer,,Sun
20:23:14,146,Inner Lake Shore/Michigan Express,,Mon,Tue,Wed,Thu,Fri
22:00:48,6,Jackson Park Express,,Sun
16:24:48,29,State,,Sun
13:42:49,62,Archer,,Mon,Tue,Wed,Thu,Fri
05:13:21,29,State,,Sun
12:35:47,29,State,,Sat
12:33:22,146,Inner Lake Shore/Michigan Express,,Sun
21:16:57,62,Archer,,Sat
09:13:42,62,Archer,,Sat
09:20:31,146,Inner Lake Shore/Michigan Express,,Mon,Tue,Wed,Thu,Fri
22:04:36,146,Inner Lake Shore/Michigan Express,,Mon,Tue,Wed,Thu,Fri
17:17:57,62,Archer,,Sat
13:33:16,36,Broadway,,Sat
12:28:34,62,Archer,,Mon,Tue,Wed,Thu,Fri
21:18:12,62,Archer,,Mon,Tue,Wed,Thu,Fri
05:42:54,6,Jackson Park Express,,Sat
10:17:18,36,Broadway,,Mon,Tue,Wed,Thu,Fri
17:38:52,146,Inner Lake Shore/Michigan Express,,Sun
13:37:04,6,Jackson Park Express,,Sun
07:06:50,29,State,,Sun
15:16:45,29,State,,Mon,Tue,Wed,Thu,Fri
19:28:47,36,Broadway,,Mon,Tue,Wed,Thu,Fri
07:12:52,146,Inner Lake Shore/Michigan Express,,Mon,Tue,Wed,Thu,Fri
14:08:17,29,State,,Sat
17:26:03,6,Jackson Park Express,,Sun
06:51:50,36,Broadway,,Mon,Tue,Wed,Thu,Fri
22:19:28,146,Inner Lake Shore/Michigan Express,,Mon,Tue,Wed,Thu,Fri
09:41:12,62,Archer,,Sun
12:57:34,6,Jackson Park Express,,Sat
18:04:41,2,Hyde Park Express,,Mon,Tue,Wed,Thu,Fri
13:45:52,146,Inner Lake Shore/Michigan Express,,Sun
17:42:44,36,Broadway,,Sat
24:06:17,29,State,,Sat
14:27:45,36,Broadway,,Sat
19:52:18,36,Broadway,,Sun
06:40:49,29,State,,Mon,Tue,Wed,Thu,Fri
21:25:12,62,Archer,,Sun
15:57:49,6,Jackson Park Express,,Mon,Tue,Wed,Thu,Fri
07:52:01,146,Inner Lake Shore/Michigan Express,,Mon,Tue,Wed,Thu,Fri
21:47:19,29,State,,Sun
17:27:04,6,Jackson Park Express,,Sun
02:03:57,62,Archer,,Tue,Wed,Thu,Fri,Sat
15:06:16,36,Broadway,,Mon,Tue,Wed,Thu,Fri
09:38:19,29,State,,Sat
20:55:18,36,Broadway,,Mon,Tue,Wed,Thu,Fri
07:54:58,62,Archer,,Sun
10:04:34,6,Jackson Park Express,,Mon,Tue,Wed,Thu,Fri
18:41:14,146,Inner Lake Shore/Michigan Express,,Sun
18:29:22,146,Inner Lake Shore/Michigan Express,,Sun
08:20:10,148,Clarendon/Michigan Express,,Mon,Tue,Wed,Thu,Fri
11:43:19,62,Archer,,Mon,Tue,Wed,Thu,Fri
12:19:18,36,Broadway,,Sun
09:49:48,36,Broadway,,Sat
13:53:27,62,Archer,,Sat
19:26:14,146,Inner Lake Shore/Michigan Express,,Sun
08:44:50,146,Inner Lake Shore/Michigan Express,,Sun
17:28:49,6,Jackson Park Express,,Mon,Tue,Wed,Thu,Fri
19:25:27,62,Archer,,Sat
10:26:19,29,State,,Sun
07:18:41,146,Inner Lake Shore/Michigan Express,,Sat
14:27:17,146,Inner Lake Shore/Michigan Express,,Mon,Tue,Wed,Thu,Fri
23:07:50,29,State,,Sun
08:04:51,36,Broadway,,Sat
18:54:16,29,State,,Sat
14:37:17,146,Inner Lake Shore/Michigan Express,,Mon,Tue,Wed,Thu,Fri
15:06:17,29,State,,Sat
15:28:03,6,Jackson Park Express,,Mon,Tue,Wed,Thu,Fri
19:48:12,36,Broadway,,Sat
06:12:21,36,Broadway,,Sat
20:01:22,146,Inner Lake Shore/Michigan Express,,Sat
00:18:57,62,Archer,,Sun
15:12:45,36,Broadway,,Sat
10:31:18,36,Broadway,,Sat
09:02:50,29,State,,Sat
18:49:09,146,Inner Lake Shore/Michigan Express,,Sat
13:47:46,29,State,,Mon,Tue,Wed,Thu,Fri
09:29:20,29,State,,Sun
08:53:17,29,State,,Mon,Tue,Wed,Thu,Fri
07:35:58,62,Archer,,Sun
15:27:45,29,State,,Mon,Tue,Wed,Thu,Fri
16:48:44,36,Broadway,,Sat
17:14:44,36,Broadway,,Sat
01:33:57,62,Archer,,Tue,Wed,Thu,Fri,Sat
10:19:09,146,Inner Lake Shore/Michigan Express,,Sat
09:00:33,6,Jackson Park Express,,Sat
22:56:57,62,Archer,,Sat
07:00:18,6,Jackson Park Express,,Mon,Tue,Wed,Thu,Fri
07:47:19,2,Hyde Park Express,,Mon,Tue,Wed,Thu,Fri
14:51:27,62,Archer,,Sat
16:20:44,36,Broadway,,Mon,Tue,Wed,Thu,Fri
08:19:41,2,Hyde Park Express,,Mon,Tue,Wed,Thu,Fri
18:55:14,146,Inner Lake Shore/Michigan Express,,Sun
07:44:32,148,Clarendon/Michigan Express,,Mon,Tue,Wed,Thu,Fri
09:11:50,146,Inner Lake Shore/Michigan Express,,Sun
09:43:12,62,Archer,,Mon,Tue,Wed,Thu,Fri
14:12:48,6,Jackson Park Express,,Sat
04:43:52,36,Broadway,,Mon,Tue,Wed,Thu,Fri
08:01:56,148,Clarendon/Michigan Express,,Mon,Tue,Wed,Thu,Fri
13:18:52,146,Inner Lake Shore/Michigan Express,,Sun
11:14:48,6,Jackson Park Express,,Mon,Tue,Wed,Thu,Fri
13:35:46,29,State,,Mon,Tue,Wed,Thu,Fri
14:16:46,36,Broadway,,Mon,Tue,Wed,Thu,Fri
09:58:12,62,Archer,,Mon,Tue,Wed,Thu,Fri
18:00:46,29,State,,Sat
14:35:04,62,Archer,,Mon,Tue,Wed,Thu,Fri
07:14:35,62,Archer,,Mon,Tue,Wed,Thu,Fri
11:14:09,146,Inner Lake Shore/Michigan Express,,Mon,Tue,Wed,Thu,Fri
08:04:50,29,State,,Sat
13:04:04,6,Jackson Park Express,,Sun
09:07:44,146,Inner Lake Shore/Michigan Express,,Sat
06:23:17,6,Jackson Park Express,,Sat
20:11:34,6,Jackson Park Express,,Mon,Tue,Wed,Thu,Fri
09:48:20,29,State,,Sun
13:54:55,6,Jackson Park Express,,Sat
17:48:10,6,Jackson Park Express,,Sat
10:35:09,146,Inner Lake Shore/Michigan Express,,Mon,Tue,Wed,Thu,Fri
18:11:14,36,Broadway,,Sat
21:01:34,6,Jackson Park Express,,Mon,Tue,Wed,Thu,Fri
13:25:01,146,Inner Lake Shore/Michigan Express,,Sat
06:40:21,29,State,,Sat
20:17:57,62,Archer,,Sun
09:51:49,36,Broadway,,Sun
00:48:57,62,Archer,,Mon
10:27:10,6,Jackson Park Express,,Mon,Tue,Wed,Thu,Fri
08:11:28,146,Inner Lake Shore/Michigan Express,,Sat
16:35:47,29,State,,Sat
22:36:57,62,Archer,,Sat
21:49:17,29,State,,Mon,Tue,Wed,Thu,Fri
08:21:20,36,Broadway,,Sat
11:52:18,36,Broadway,,Sun
16:34:39,146,Inner Lake Shore/Michigan Express,,Sat
11:33:19,62,Archer,,Sat
17:57:56,6,Jackson Park Express,,Mon,Tue,Wed,Thu,Fri
18:59:48,36,Broadway,,Sun
15:08:49,6,Jackson Park Express,,Mon,Tue,Wed,Thu,Fri
13:16:47,29,State,,Sat
14:47:48,36,Broadway,,Sun
19:17:16,29,State,,Sat
09:41:39,146,Inner Lake Shore/Michigan Express,,Sat
18:02:57,62,Archer,,Sat
13:12:44,146,Inner Lake Shore/Michigan Express,,Sun
00:40:20,29,State,,Tue,Wed,Thu,Fri,Sat
07:12:33,146,Inner Lake Shore/Michigan Express,,Sun
22:37:19,36,Broadway,,Sun
20:55:06,146,Inner Lake Shore/Michigan Express,,Sun
09:10:12,62,Archer,,Sun
15:05:47,29,State,,Sun
24:06:17,29,State,,Sat
15:55:40,6,Jackson Park Express,,Sun
11:52:17,29,State,,Mon,Tue,Wed,Thu,Fri
14:44:46,29,State,,Mon,Tue,Wed,Thu,Fri
08:53:17,29,State,,Mon,Tue,Wed,Thu,Fri
21:51:48,36,Broadway,,Sun
20:04:55,6,Jackson Park Express,,Sat
14:50:04,6,Jackson Park Express,,Mon,Tue,Wed,Thu,Fri
20:25:46,29,State,,Sat
15:16:47,29,State,,Sat
18:51:42,36,Broadway,,Sat
12:31:34,6,Jackson Park Express,,Sat
12:12:34,6,Jackson Park Express,,Sat
21:33:18,6,Jackson Park Express,,Sun
08:08:36,146,Inner Lake Shore/Michigan Express,,Mon,Tue,Wed,Thu,Fri
21:46:18,6,Jackson Park Express,,Mon,Tue,Wed,Thu,Fri
00:33:57,62,Archer,,Tue,Wed,Thu,Fri,Sat
12:51:48,36,Broadway,,Sun
17:46:43,36,Broadway,,Mon,Tue,Wed,Thu,Fri
18:49:57,62,Archer,,Sat
06:56:32,6,Jackson Park Express,,Sun
10:28:18,6,Jackson Park Express,,Sun
14:03:52,146,Inner Lake Shore/Michigan Express,,Sun
23:28:20,29,State,,Sun
13:13:42,62,Archer,,Mon,Tue,Wed,Thu,Fri
06:57:43,62,Archer,,Sun
19:58:36,146,Inner Lake Shore/Michigan Express,,Sun
18:26:49,62,Archer,,Mon,Tue,Wed,Thu,Fri
15:42:52,146,Inner Lake Shore/Michigan Express,,Sun
17:47:57,62,Archer,,Sat
20:21:18,36,Broadway,,Sun
17:45:48,36,Broadway,,Sun
07:31:48,29,State,,Mon,Tue,Wed,Thu,Fri
06:46:28,62,Archer,,Sat
18:33:27,62,Archer,,Sat
17:12:10,6,Jackson Park Express,,Sat
23:53:19,36,Broadway,,Sun
10:05:12,62,Archer,,Sat
16:35:52,146,Inner Lake Shore/Michigan Express,,Sun
16:10:44,36,Broadway,,Sat
07:33:11,146,Inner Lake Shore/Michigan Express,,Sun
21:59:16,29,State,,Sat
13:42:45,36,Broadway,,Sat
13:16:40,6,Jackson Park Express,,Sun
20:03:41,6,Jackson Park Express,,Sun
15:18:49,6,Jackson Park Express,,Mon,Tue,Wed,Thu,Fri
07:06:50,29,State,,Sun
13:42:04,6,Jackson Park Express,,Sat
13:45:55,6,Jackson Park Express,,Sat
11:39:17,29,State,,Mon,Tue,Wed,Thu,Fri
23:14:19,36,Broadway,,Sun
08:24:47,36,Broadway,,Mon,Tue,Wed,Thu,Fri
11:56:48,36,Broadway,,Sat
10:42:50,62,Archer,,Sun
20:27:40,6,Jackson Park Express,,Mon,Tue,Wed,Thu,Fri
21:07:19,29,State,,Sun
07:37:39,6,Jackson Park Express,,Sat
21:29:14,36,Broadway,,Sat
10:03:48,36,Broadway,,Mon,Tue,Wed,Thu,Fri
00:13:49,29,State,,Tue,Wed,Thu,Fri,Sat
19:09:18,29,State,,Sun
08:58:50,146,Inner Lake Shore/Michigan Express,,Sun
09:28:34,6,Jackson Park Express,,Mon,Tue,Wed,Thu,Fri
13:13:42,62,Archer,,Mon,Tue,Wed,Thu,Fri
24:11:20,36,Broadway,,Mon,Tue,Wed,Thu,Fri
11:52:17,29,State,,Mon,Tue,Wed,Thu,Fri
21:43:46,29,State,,Sat
23:32:46,29,State,,Sat
22:36:28,146,Inner Lake Shore/Michigan Express,,Mon,Tue,Wed,Thu,Fri
00:44:50,29,State,,Mon
19:07:27,62,Archer,,Sat
10:24:55,6,Jackson Park Express,,Sat
16:10:44,36,Broadway,,Sat
17:34:43,36,Broadway,,Mon,Tue,Wed,Thu,Fri
13:26:10,6,Jackson Park Express,,Mon,Tue,Wed,Thu,Fri
22:05:25,6,Jackson Park Express,,Sat
20:05:48,36,Broadway,,Sun
11:06:47,36,Broadway,,Sat
17:56:22,146,Inner Lake Shore/Michigan Express,,Sun
23:31:48,29,State,,Mon,Tue,Wed,Thu,Fri
12:42:55,6,Jackson Park Express,,Sat
16:07:56,6,Jackson Park Express,,Mon,Tue,Wed,Thu,Fri
07:45:18,29,State,,Mon,Tue,Wed,Thu,Fri
18:27:42,2,Hyde Park Express,,Mon,Tue,Wed,Thu,Fri
14:27:34,6,Jackson Park Express,,Sat
14:48:18,6,Jackson Park Express,,Sat
12:26:17,36,Broadway,,Sat
08:21:28,146,Inner Lake Shore/Michigan Express,,Sat
11:36:47,36,Broadway,,Sat
00:12:32,6,Jackson Park Express,,Sun
12:12:27,62,Archer,,Sat
16:12:18,36,Broadway,,Sun
18:12:14,36,Broadway,,Mon,Tue,Wed,Thu,Fri
00:40:20,29,State,,Tue,Wed,Thu,Fri,Sat
11:11:48,36,Broadway,,Sun
16:34:15,29,State,,Mon,Tue,Wed,Thu,Fri
18:28:33,6,Jackson Park Express,,Mon,Tue,Wed,Thu,Fri
20:41:19,62,Archer,,Mon,Tue,Wed,Thu,Fri
10:44:48,36,Broadway,,Mon,Tue,Wed,Thu,Fri
14:03:55,6,Jackson Park Express,,Sat
13:46:34,6,Jackson Park Express,,Mon,Tue,Wed,Thu,Fri
23:31:48,29,State,,Mon,Tue,Wed,Thu,Fri
11:20:12,62,Archer,,Sat
18:34:04,6,Jackson Park Express,,Mon,Tue,Wed,Thu,Fri
15:40:48,36,Broadway,,Sun
08:23:39,6,Jackson Park Express,,Sat
24:11:20,36,Broadway,,Mon,Tue,Wed,Thu,Fri
11:28:44,146,Inner Lake Shore/Michigan Express,,Sun
16:47:18,6,Jackson Park Express,,Mon,Tue,Wed,Thu,Fri
17:45:12,62,Archer,,Sun
00:16:32,6,Jackson Park Express,,Mon
13:46:12,62,Archer,,Sun
15:08:48,36,Broadway,,Sun
08:52:12,62,Archer,,Sun
06:04:21,36,Broadway,,Mon,Tue,Wed,Thu,Fri
15:56:41,62,Archer,,Mon,Tue,Wed,Thu,Fri
19:39:40,6,Jackson Park Express,,Mon,Tue,Wed,Thu,Fri
16:09:52,146,Inner Lake Shore/Michigan Express,,Sun
15:06:17,29,State,,Sat
18:47:18,36,Broadway,,Sun
19:00:39,146,Inner Lake Shore/Michigan Express,,Mon,Tue,Wed,Thu,Fri
16:12:18,29,State,,Sun
15:30:18,36,Broadway,,Sun
20:33:17,29,State,,Mon,Tue,Wed,Thu,Fri
23:32:46,29,State,,Sat
07:47:06,146,Inner Lake Shore/Michigan Express,,Mon,Tue,Wed,Thu,Fri
16:56:15,29,State,,Mon,Tue,Wed,Thu,Fri
16:34:17,146,Inner Lake Shore/Michigan Express,,Mon,Tue,Wed,Thu,Fri
05:46:13,62,Archer,,Mon,Tue,Wed,Thu,Fri
09:06:17,29,State,,Mon,Tue,Wed,Thu,Fri
16:18:31,146,Inner Lake Shore/Michigan Express,,Sat
08:12:33,6,Jackson Park Express,,Sat
03:03:57,62,Archer,,Mon,Tue,Wed,Thu,Fri
19:19:41,36,Broadway,,Sat
06:02:21,29,State,,Sun
08:33:05,62,Archer,,Sun
08:50:46,36,Broadway,,Mon,Tue,Wed,Thu,Fri
04:03:57,62,Archer,,Sat
18:55:05,62,Archer,,Sun
13:22:34,6,Jackson Park Express,,Mon,Tue,Wed,Thu,Fri
12:32:55,6,Jackson Park Express,,Sat
12:31:18,36,Broadway,,Sun
14:54:16,36,Broadway,,Mon,Tue,Wed,Thu,Fri
20:59:48,6,Jackson Park Express,,Sat
12:22:04,6,Jackson Park Express,,Sat
07:54:50,146,Inner Lake Shore/Michigan Express,,Sun
13:51:46,36,Broadway,,Mon,Tue,Wed,Thu,Fri
18:39:33,6,Jackson Park Express,,Mon,Tue,Wed,Thu,Fri
21:49:17,29,State,,Mon,Tue,Wed,Thu,Fri
00:27:48,6,Jackson Park Express,,Sun
14:05:39,146,Inner Lake Shore/Michigan Express,,Sat
19:07:27,62,Archer,,Sat
17:00:09,146,Inner Lake Shore/Michigan Express,,Sat
18:57:34,6,Jackson Park Express,,Sat
08:03:31,146,Inner Lake Shore/Michigan Express,,Mon,Tue,Wed,Thu,Fri
16:18:27,62,Archer,,Sat
20:39:18,6,Jackson Park Express,,Sun
22:09:48,36,Broadway,,Mon,Tue,Wed,Thu,Fri
16:57:14,36,Broadway,,Sat
10:49:18,6,Jackson Park Express,,Sat
10:48:55,6,Jackson Park Express,,Sat
07:35:34,6,Jackson Park Express,,Mon,Tue,Wed,Thu,Fri
20:36:48,36,Broadway,,Sun
07:37:41,2,Hyde Park Express,,Mon,Tue,Wed,Thu,Fri
09:34:01,146,Inner Lake Shore/Michigan Express,,Sat
16:45:41,62,Archer,,Mon,Tue,Wed,Thu,Fri
17:20:52,146,Inner Lake Shore/Michigan Express,,Sun
08:01:19,2,Hyde Park Express,,Mon,Tue,Wed,Thu,Fri
13:50:10,6,Jackson Park Express,,Mon,Tue,Wed,Thu,Fri
15:42:10,6,Jackson Park Express,,Sat
16:32:57,62,Archer,,Sat
08:08:39,6,Jackson Park Express,,Sat
12:49:47,29,State,,Sat
04:33:57,62,Archer,,Sat
09:10:20,29,State,,Sun
07:30:50,36,Broadway,,Sat
17:34:04,62,Archer,,Mon,Tue,Wed,Thu,Fri
15:36:47,29,State,,Sat
20:21:18,36,Broadway,,Sun
22:16:14,146,Inner Lake Shore/Michigan Express,,Sat
14:21:40,6,Jackson Park Express,,Sun
06:17:35,62,Archer,,Mon,Tue,Wed,Thu,Fri
18:01:55,146,Inner Lake Shore/Michigan Express,,Mon,Tue,Wed,Thu,Fri
09:18:19,148,Clarendon/Michigan Express,,Mon,Tue,Wed,Thu,Fri
17:18:04,6,Jackson Park Express,,Sat
15:45:40,6,Jackson Park Express,,Sun
11:47:18,36,Broadway,,Sat
12:44:17,29,State,,Mon,Tue,Wed,Thu,Fri
23:17:55,6,Jackson Park Express,,Mon,Tue,Wed,Thu,Fri
17:11:52,146,Inner Lake Shore/Michigan Express,,Sun
07:38:42,62,Archer,,Mon,Tue,Wed,Thu,Fri
04:48:51,36,Broadway,,Sat
13:09:57,62,Archer,,Sat
23:11:18,6,Jackson Park Express,,Sat
14:37:39,146,Inner Lake Shore/Michigan Express,,Sat
15:18:03,6,Jackson Park Express,,Mon,Tue,Wed,Thu,Fri
11:26:17,29,State,,Mon,Tue,Wed,Thu,Fri
07:41:58,62,Archer,,Sat
05:30:50,36,Broadway,,Sun
16:56:15,29,State,,Mon,Tue,Wed,Thu,Fri
13:23:16,36,Broadway,,Sat
01:04:32,6,Jackson Park Express,,Mon
10:04:09,146,Inner Lake Shore/Michigan Express,,Sat
20:58:44,36,Broadway,,Sat
11:33:25,146,Inner Lake Shore/Michigan Express,,Mon,Tue,Wed,Thu,Fri
15:53:34,6,Jackson Park Express,,Sun
17:02:57,62,Archer,,Sat
10:05:06,146,Inner Lake Shore/Michigan Express,,Sun
15:06:16,36,Broadway,,Mon,Tue,Wed,Thu,Fri
10:42:31,146,Inner Lake Shore/Michigan Express,,Sat
18:19:44,36,Broadway,,Sat
15:51:18,36,Broadway,,Sun
20:12:18,36,Broadway,,Mon,Tue,Wed,Thu,Fri
18:48:40,6,Jackson Park Express,,Sun
07:50:42,62,Archer,,Mon,Tue,Wed,Thu,Fri
11:32:27,62,Archer,,Sun
17:27:42,62,Archer,,Sun
08:44:17,146,Inner Lake Shore/Michigan Express,,Mon,Tue,Wed,Thu,Fri
06:59:02,6,Jackson Park Express,,Mon,Tue,Wed,Thu,Fri
18:31:16,29,State,,Mon,Tue,Wed,Thu,Fri
09:33:10,148,Clarendon/Michigan Express,,Mon,Tue,Wed,Thu,Fri
12:46:17,146,Inner Lake Shore/Michigan Express,,Mon,Tue,Wed,Thu,Fri
09:56:39,146,Inner Lake Shore/Michigan Express,,Sat
09:36:28,146,Inner Lake Shore/Michigan Express,,Sun
21:29:25,6,Jackson Park Express,,Sat
24:13:19,36,Broadway,,Sun
16:54:41,62,Archer,,Mon,Tue,Wed,Thu,Fri
15:06:15,29,State,,Mon,Tue,Wed,Thu,Fri
18:15:39,146,Inner Lake Shore/Michigan Express,,Mon,Tue,Wed,Thu,Fri
11:39:17,29,State,,Mon,Tue,Wed,Thu,Fri
07:55:35,62,Archer,,Sat
22:16:14,146,Inner Lake Shore/Michigan Express,,Sat
13:26:47,146,Inner Lake Shore/Michigan Express,,Mon,Tue,Wed,Thu,Fri
02:03:57,62,Archer,,Tue,Wed,Thu,Fri,Sat
18:22:18,36,Broadway,,Sun
15:22:41,62,Archer,,Mon,Tue,Wed,Thu,Fri
20:24:19,62,Archer,,Mon,Tue,Wed,Thu,Fri
12:06:18,36,Broadway,,Sat
17:37:20,146,Inner Lake Shore/Michigan Express,,Mon,Tue,Wed,Thu,Fri
18:01:49,6,Jackson Park Express,,Mon,Tue,Wed,Thu,Fri
21:30:48,36,Broadway,,Mon,Tue,Wed,Thu,Fri
18:30:34,6,Jackson Park Express,,Sun
10:58:12,62,Archer,,Mon,Tue,Wed,Thu,Fri
18:50:33,6,Jackson Park Express,,Mon,Tue,Wed,Thu,Fri
11:43:19,62,Archer,,Mon,Tue,Wed,Thu,Fri
23:10:50,146,Inner Lake Shore/Michigan Express,,Sun
08:00:28,146,Inner Lake Shore/Michigan Express,,Sat
18:27:40,6,Jackson Park Express,,Sun
15:24:10,6,Jackson Park Express,,Sat
12:53:01,146,Inner Lake Shore/Michigan Express,,Sat
04:03:57,62,Archer,,Sat
12:51:48,36,Broadway,,Sun
12:04:47,146,Inner Lake Shore/Michigan Express,,Sat
13:26:46,36,Broadway,,Mon,Tue,Wed,Thu,Fri
20:08:52,146,Inner Lake Shore/Michigan Express,,Mon,Tue,Wed,Thu,Fri
23:36:48,6,Jackson Park Express,,Sun
12:02:48,6,Jackson Park Express,,Mon,Tue,Wed,Thu,Fri
18:33:16,2,Hyde Park Express,,Mon,Tue,Wed,Thu,Fri
18:15:09,146,Inner Lake Shore/Michigan Express,,Sat
06:19:13,62,Archer,,Sun
11:26:34,6,Jackson Park Express,,Mon,Tue,Wed,Thu,Fri
08:52:13,148,Clarendon/Michigan Express,,Mon,Tue,Wed,Thu,Fri
11:32:27,62,Archer,,Sun
14:37:39,146,Inner Lake Shore/Michigan Express,,Sat
10:57:44,146,Inner Lake Shore/Michigan Express,,Mon,Tue,Wed,Thu,Fri
06:01:28,62,Archer,,Mon,Tue,Wed,Thu,Fri
16:07:45,36,Broadway,,Mon,Tue,Wed,Thu,Fri
22:01:14,36,Broadway,,Sat
18:34:48,36,Broadway,,Sun
05:10:21,29,State,,Sat
15:47:18,29,State,,Sun
06:32:51,36,Broadway,,Sat
14:27:17,146,Inner Lake Shore/Michigan Express,,Mon,Tue,Wed,Thu,Fri
18:09:48,36,Broadway,,Sun
16:45:15,29,State,,Mon,Tue,Wed,Thu,Fri
23:52:49,29,State,,Mon,Tue,Wed,Thu,Fri
08:35:17,146,Inner Lake Shore/Michigan Express,,Mon,Tue,Wed,Thu,Fri
19:37:48,29,State,,Sun
23:27:25,6,Jackson Park Express,,Sat
01:19:37,62,Archer,,Mon
08:31:28,146,Inner Lake Shore/Michigan Express,,Sat
09:57:18,29,State,,Mon,Tue,Wed,Thu,Fri
11:10:44,146,Inner Lake Shore/Michigan Express,,Sun
13:51:45,36,Broadway,,Sat
17:32:16,29,State,,Sat
15:45:41,62,Archer,,Mon,Tue,Wed,Thu,Fri
08:25:34,6,Jackson Park Express,,Mon,Tue,Wed,Thu,Fri
14:39:34,6,Jackson Park Express,,Mon,Tue,Wed,Thu,Fri
05:04:33,6,Jackson Park Express,,Mon,Tue,Wed,Thu,Fri
09:32:17,29,State,,Mon,Tue,Wed,Thu,Fri
13:09:01,146,Inner Lake Shore/Michigan Express,,Sat
10:41:49,36,Broadway,,Sun
17:47:22,146,Inner Lake Shore/Michigan Express,,Sun
13:15:04,6,Jackson Park Express,,Sun
14:22:27,62,Archer,,Sat
07:11:25,6,Jackson Park Express,,Mon,Tue,Wed,Thu,Fri
07:45:18,29,State,,Mon,Tue,Wed,Thu,Fri
09:55:19,29,State,,Sat
08:58:12,62,Archer,,Mon,Tue,Wed,Thu,Fri
11:15:18,6,Jackson Park Express,,Sun
17:14:44,36,Broadway,,Sat
17:56:04,6,Jackson Park Express,,Sat
22:46:48,6,Jackson Park Express,,Sun
05:56:21,29,State,,Sat
17:47:22,146,Inner Lake Shore/Michigan Express,,Sun
12:36:47,146,Inner Lake Shore/Michigan Express,,Sat
09:12:03,6,Jackson Park Express,,Sun
17:37:34,6,Jackson Park Express,,Sun
11:48:57,62,Archer,,Sun
16:18:27,62,Archer,,Sat
11:13:12,62,Archer,,Mon,Tue,Wed,Thu,Fri
08:24:21,36,Broadway,,Sun
18:25:40,6,Jackson Park Express,,Sat
10:03:48,36,Broadway,,Sat
15:21:17,29,State,,Sun
05:56:03,6,Jackson Park Express,,Mon,Tue,Wed,Thu,Fri
15:06:10,6,Jackson Park Express,,Sat
09:26:12,62,Archer,,Sun
01:17:55,6,Jackson Park Express,,Tue,Wed,Thu,Fri,Sat
13:14:18,36,Broadway,,Sun
09:10:49,148,Clarendon/Michigan Express,,Mon,Tue,Wed,Thu,Fri
15:04:09,146,Inner Lake Shore/Michigan Express,,Sat
07:41:58,62,Archer,,Sat
16:07:45,36,Broadway,,Mon,Tue,Wed,Thu,Fri
15:03:45,36,Broadway,,Sat
14:18:04,6,Jackson Park Express,,Sat
23:40:48,6,Jackson Park Express,,Sat
18:02:42,62,Archer,,Sun
07:58:36,146,Inner Lake Shore/Michigan Express,,Mon,Tue,Wed,Thu,Fri
09:48:48,6,Jackson Park Express,,Sat
13:03:44,146,Inner Lake Shore/Michigan Express,,Sun
14:00:48,29,State,,Sun
00:17:55,6,Jackson Park Express,,Tue,Wed,Thu,Fri,Sat
10:59:47,29,State,,Mon,Tue,Wed,Thu,Fri
19:26:47,29,State,,Mon,Tue,Wed,Thu,Fri
10:39:55,6,Jackson Park Express,,Sun
18:26:49,62,Archer,,Mon,Tue,Wed,Thu,Fri
12:22:55,6,Jackson Park Express,,Sat
22:14:28,146,Inner Lake Shore/Michigan Express,,Sun
17:39:10,6,Jackson Park Express,,Sat
13:03:40,6,Jackson Park Express,,Sun
11:30:31,146,Inner Lake Shore/Michigan Express,,Sat
13:17:01,146,Inner Lake Shore/Michigan Express,,Sat
07:43:50,29,State,,Sat
13:24:27,62,Archer,,Sat
05:45:21,36,Broadway,,Mon,Tue,Wed,Thu,Fri
16:18:52,146,Inner Lake Shore/Michigan Express,,Sun
19:26:31,146,Inner Lake Shore/Michigan Express,,Mon,Tue,Wed,Thu,Fri
07:29:31,146,Inner Lake Shore/Michigan Express,,Mon,Tue,Wed,Thu,Fri
09:02:39,6,Jackson Park Express,,Sat
24:00:32,6,Jackson Park Express,,Sun
14:53:10,6,Jackson Park Express,,Sun
19:41:01,146,Inner Lake Shore/Michigan Express,,Mon,Tue,Wed,Thu,Fri
21:10:17,29,State,,Mon,Tue,Wed,Thu,Fri
19:25:27,62,Archer,,Sat
12:49:04,6,Jackson Park Express,,Sat
02:33:57,62,Archer,,Sun
19:55:27,62,Archer,,Sun
14:57:47,146,Inner Lake Shore/Michigan Express,,Mon,Tue,Wed,Thu,Fri
15:28:49,6,Jackson Park Express,,Mon,Tue,Wed,Thu,Fri
19:01:15,36,Broadway,,Mon,Tue,Wed,Thu,Fri
16:09:52,146,Inner Lake Shore/Michigan Express,,Sun
01:03:03,6,Jackson Park Express,,Tue,Wed,Thu,Fri,Sat
14:37:03,6,Jackson Park Express,,Mon,Tue,Wed,Thu,Fri
19:02:39,146,Inner Lake Shore/Michigan Express,,Sat
09:17:26,148,Clarendon/Michigan Express,,Mon,Tue,Wed,Thu,Fri
16:56:04,6,Jackson Park Express,,Sun
19:12:57,62,Archer,,Sun
18:59:48,36,Broadway,,Sun
16:46:03,6,Jackson Park Express,,Sun
15:51:44,36,Broadway,,Sat
09:39:50,62,Archer,,Sat
13:28:48,29,State,,Sun
10:57:19,36,Broadway,,Sun
22:01:18,6,Jackson Park Express,,Mon,Tue,Wed,Thu,Fri
16:39:14,36,Broadway,,Sat
16:54:46,29,State,,Sat
23:50:19,36,Broadway,,Mon,Tue,Wed,Thu,Fri
07:27:50,29,State,,Sun
14:26:48,36,Broadway,,Sun
16:01:15,29,State,,Mon,Tue,Wed,Thu,Fri
22:16:57,62,Archer,,Sat
18:53:04,6,Jackson Park Express,,Sun
09:02:40,6,Jackson Park Express,,Mon,Tue,Wed,Thu,Fri
12:53:01,146,Inner Lake Shore/Michigan Express,,Sat
13:42:45,36,Broadway,,Sat
09:28:12,62,Archer,,Mon,Tue,Wed,Thu,Fri
16:01:31,146,Inner Lake Shore/Michigan Express,,Sat
12:21:47,29,State,,Sat
19:05:46,29,State,,Sat
18:18:33,6,Jackson Park Express,,Mon,Tue,Wed,Thu,Fri
19:41:17,29,State,,Mon,Tue,Wed,Thu,Fri
07:58:18,36,Broadway,,Mon,Tue,Wed,Thu,Fri
00:48:57,62,Archer,,Sun
18:17:57,62,Archer,,Sat
19:33:12,36,Broadway,,Sat
23:49:57,62,Archer,,Sat
15:21:34,6,Jackson Park Express,,Sat
11:30:31,146,Inner Lake Shore/Michigan Express,,Sat
14:00:45,36,Broadway,,Sat
15:19:48,36,Broadway,,Sun
00:33:57,62,Archer,,Mon
07:18:41,146,Inner Lake Shore/Michigan Express,,Sat
19:40:36,146,Inner Lake Shore/Michigan Express,,Sun
09:00:42,62,Archer,,Sat
21:10:17,29,State,,Mon,Tue,Wed,Thu,Fri
16:05:40,6,Jackson Park Express,,Sun
18:39:49,62,Archer,,Mon,Tue,Wed,Thu,Fri
07:41:51,36,Broadway,,Sun
17:37:04,6,Jackson Park Express,,Sat
14:35:04,62,Archer,,Mon,Tue,Wed,Thu,Fri
09:02:50,29,State,,Sat
22:54:28,146,Inner Lake Shore/Michigan Express,,Mon,Tue,Wed,Thu,Fri
14:20:12,62,Archer,,Sun
12:49:47,29,State,,Sat
19:41:17,29,State,,Mon,Tue,Wed,Thu,Fri
15:21:45,36,Broadway,,Sat
21:49:36,146,Inner Lake Shore/Michigan Express,,Mon,Tue,Wed,Thu,Fri
22:34:28,146,Inner Lake Shore/Michigan Express,,Sun
14:02:10,6,Jackson Park Express,,Mon,Tue,Wed,Thu,Fri
16:46:55,146,Inner Lake Shore/Michigan Express,,Mon,Tue,Wed,Thu,Fri
12:05:27,62,Archer,,Sun
12:13:27,62,Archer,,Mon,Tue,Wed,Thu,Fri
21:23:18,36,Broadway,,Sun
06:40:21,29,State,,Sat
09:20:49,29,State,,Sat
09:56:06,146,Inner Lake Shore/Michigan Express,,Sun
14:04:16,36,Broadway,,Mon,Tue,Wed,Thu,Fri
13:13:47,36,Broadway,,Sat
00:03:57,62,Archer,,Sun
13:33:01,146,Inner Lake Shore/Michigan Express,,Sat
21:25:12,62,Archer,,Sun
17:18:41,62,Archer,,Mon,Tue,Wed,Thu,Fri
13:13:16,36,Broadway,,Mon,Tue,Wed,Thu,Fri
16:26:09,146,Inner Lake Shore/Michigan Express,,Sat
08:19:44,146,Inner Lake Shore/Michigan Express,,Mon,Tue,Wed,Thu,Fri
15:05:47,29,State,,Sun
11:58:27,62,Archer,,Mon,Tue,Wed,Thu,Fri
23:22:40,36,Broadway,,Sat
11:15:17,36,Broadway,,Mon,Tue,Wed,Thu,Fri
16:36:03,6,Jackson Park Express,,Sun
11:16:47,36,Broadway,,Sat
12:25:34,6,Jackson Park Express,,Sun
21:45:14,36,Broadway,,Sat
14:48:52,146,Inner Lake Shore/Michigan Express,,Sun
16:35:47,29,State,,Sat
22:36:28,146,Inner Lake Shore/Michigan Express,,Mon,Tue,Wed,Thu,Fri
10:21:18,29,State,,Mon,Tue,Wed,Thu,Fri
11:56:47,146,Inner Lake Shore/Michigan Express,,Sat
23:34:57,62,Archer,,Sat
10:45:49,29,State,,Sat
18:33:27,62,Archer,,Sat
13:42:49,62,Archer,,Mon,Tue,Wed,Thu,Fri
12:55:05,62,Archer,,Sun
13:44:48,29,State,,Sun
09:34:01,146,Inner Lake Shore/Michigan Express,,Sat
11:42:18,6,Jackson Park Express,,Sun
11:03:34,6,Jackson Park Express,,Mon,Tue,Wed,Thu,Fri
17:20:52,146,Inner Lake Shore/Michigan Express,,Sun
14:57:47,146,Inner Lake Shore/Michigan Express,,Mon,Tue,Wed,Thu,Fri
05:26:13,62,Archer,,Mon,Tue,Wed,Thu,Fri
22:30:16,29,State,,Sat
14:05:48,36,Broadway,,Sun
01:03:57,62,Archer,,Tue,Wed,Thu,Fri,Sat
08:21:42,62,Archer,,Sat
15:53:31,146,Inner Lake Shore/Michigan Express,,Sat
06:38:43,62,Archer,,Sun
10:11:42,62,Archer,,Sun
10:16:34,6,Jackson Park Express,,Mon,Tue,Wed,Thu,Fri
19:30:40,6,Jackson Park Express,,Sun
07:03:11,146,Inner Lake Shore/Michigan Express,,Sat
12:28:47,146,Inner Lake Shore/Michigan Express,,Sat
15:24:52,146,Inner Lake Shore/Michigan Express,,Sun
06:35:42,62,Archer,,Mon,Tue,Wed,Thu,Fri
13:12:19,29,State,,Sun
10:50:31,146,Inner Lake Shore/Michigan Express,,Sat
11:58:11,6,Jackson Park Express,,Sun
22:47:40,36,Broadway,,Sat
13:24:48,36,Broadway,,Sun
15:45:12,62,Archer,,Sun
07:29:31,146,Inner Lake Shore/Michigan Express,,Mon,Tue,Wed,Thu,Fri
18:57:34,6,Jackson Park Express,,Mon,Tue,Wed,Thu,Fri
14:48:03,6,Jackson Park Express,,Mon,Tue,Wed,Thu,Fri
16:36:11,62,Archer,,Mon,Tue,Wed,Thu,Fri
15:49:27,62,Archer,,Sat
21:13:17,36,Broadway,,Mon,Tue,Wed,Thu,Fri
06:48:11,146,Inner Lake Shore/Michigan Express,,Sat
15:20:27,62,Archer,,Sat
09:58:18,6,Jackson Park Express,,Sun
12:19:18,36,Broadway,,Sun
00:10:48,6,Jackson Park Express,,Mon
19:36:34,62,Archer,,Mon,Tue,Wed,Thu,Fri
19:32:01,146,Inner Lake Shore/Michigan Express,,Sat
07:01:50,29,State,,Sat
01:03:03,6,Jackson Park Express,,Sun
14:40:04,6,Jackson Park Express,,Sun
19:57:18,36,Broadway,,Mon,Tue,Wed,Thu,Fri
12:02:41,6,Jackson Park Express,,Sat
21:41:25,6,Jackson Park Express,,Sat
10:11:39,146,Inner Lake Shore/Michigan Express,,Sat
15:57:04,6,Jackson Park Express,,Sat
06:18:21,29,State,,Sat
20:38:14,146,Inner Lake Shore/Michigan Express,,Mon,Tue,Wed,Thu,Fri
10:58:31,146,Inner Lake Shore/Michigan Express,,Sat
11:50:49,29,State,,Sun
18:06:09,146,Inner Lake Shore/Michigan Express,,Sat
06:51:50,36,Broadway,,Mon,Tue,Wed,Thu,Fri
15:08:17,146,Inner Lake Shore/Michigan Express,,Mon,Tue,Wed,Thu,Fri
09:00:21,36,Broadway,,Sun
12:05:18,29,State,,Sat
21:49:36,146,Inner Lake Shore/Michigan Express,,Mon,Tue,Wed,Thu,Fri
12:57:47,29,State,,Mon,Tue,Wed,Thu,Fri
18:16:22,146,Inner Lake Shore/Michigan Express,,Sun
22:19:57,62,Archer,,Mon,Tue,Wed,Thu,Fri
10:25:44,146,Inner Lake Shore/Michigan Express,,Sun
15:51:52,146,Inner Lake Shore/Michigan Express,,Sun
18:45:48,6,Jackson Park Express,,Sat
23:29:49,36,Broadway,,Mon,Tue,Wed,Thu,Fri
14:37:18,36,Broadway,,Sun
21:02:42,62,Archer,,Sun
13:38:10,6,Jackson Park Express,,Mon,Tue,Wed,Thu,Fri
05:51:50,36,Broadway,,Sun
08:46:13,148,Clarendon/Michigan Express,,Mon,Tue,Wed,Thu,Fri
18:06:40,6,Jackson Park Express,,Sun
13:12:19,29,State,,Sun
14:17:17,146,Inner Lake Shore/Michigan Express,,Mon,Tue,Wed,Thu,Fri
14:09:45,36,Broadway,,Sat
15:56:47,29,State,,Sat
07:12:33,146,Inner Lake Shore/Michigan Express,,Sun
08:14:40,148,Clarendon/Michigan Express,,Mon,Tue,Wed,Thu,Fri
19:57:18,36,Broadway,,Mon,Tue,Wed,Thu,Fri
18:01:44,36,Broadway,,Sat
16:12:15,29,State,,Mon,Tue,Wed,Thu,Fri
10:03:48,36,Broadway,,Mon,Tue,Wed,Thu,Fri
22:42:18,6,Jackson Park Express,,Sun
00:20:48,6,Jackson Park Express,,Tue,Wed,Thu,Fri,Sat
16:51:34,6,Jackson Park Express,,Sat
23:41:42,62,Archer,,Sun
17:56:10,6,Jackson Park Express,,Sun
21:38:52,146,Inner Lake Shore/Michigan Express,,Sat
08:48:03,6,Jackson Park Express,,Sat
14:39:18,6,Jackson Park Express,,Sat
00:27:32,6,Jackson Park Express,,Sun
13:16:47,29,State,,Sat
06:20:51,36,Broadway,,Mon,Tue,Wed,Thu,Fri
08:58:01,146,Inner Lake Shore/Michigan Express,,Mon,Tue,Wed,Thu,Fri
20:36:18,6,Jackson Park Express,,Sat
19:35:04,6,Jackson Park Express,,Sat
21:51:48,36,Broadway,,Sun
15:22:04,6,Jackson Park Express,,Sun
20:44:44,36,Broadway,,Sat
12:24:22,146,Inner Lake Shore/Michigan Express,,Sun
14:22:46,29,State,,Mon,Tue,Wed,Thu,Fri
10:17:18,36,Broadway,,Mon,Tue,Wed,Thu,Fri
14:29:16,36,Broadway,,Mon,Tue,Wed,Thu,Fri
19:38:48,36,Broadway,,Sun
19:52:18,6,Jackson Park Express,,Sun
15:15:10,6,Jackson Park Express,,Sat
23:53:19,36,Broadway,,Sun
18:35:15,36,Broadway,,Mon,Tue,Wed,Thu,Fri
05:09:50,36,Broadway,,Sun
18:06:10,6,Jackson Park Express,,Sat
20:33:48,36,Broadway,,Mon,Tue,Wed,Thu,Fri
13:10:34,6,Jackson Park Express,,Mon,Tue,Wed,Thu,Fri
07:22:32,6,Jackson Park Express,,Sun
07:46:03,6,Jackson Park Express,,Sat
21:30:48,36,Broadway,,Mon,Tue,Wed,Thu,Fri
17:41:11,2,Hyde Park Express,,Mon,Tue,Wed,Thu,Fri
17:11:38,2,Hyde Park Express,,Mon,Tue,Wed,Thu,Fri
13:25:01,146,Inner Lake Shore/Michigan Express,,Sat
06:02:21,29,State,,Sun
06:32:33,146,Inner Lake Shore/Michigan Express,,Sun
18:05:34,6,Jackson Park Express,,Sat
09:10:12,62,Archer,,Sun
18:12:04,6,Jackson Park Express,,Mon,Tue,Wed,Thu,Fri
19:56:17,29,State,,Mon,Tue,Wed,Thu,Fri
13:17:01,146,Inner Lake Shore/Michigan Express,,Sat
17:15:18,36,Broadway,,Sun
10:43:12,62,Archer,,Mon,Tue,Wed,Thu,Fri
05:33:21,29,State,,Sat
06:35:42,62,Archer,,Mon,Tue,Wed,Thu,Fri
09:53:09,146,Inner Lake Shore/Michigan Express,,Mon,Tue,Wed,Thu,Fri
15:12:09,146,Inner Lake Shore/Michigan Express,,Sat
12:11:18,6,Jackson Park Express,,Sun
08:52:12,62,Archer,,Sun
09:55:26,148,Clarendon/Michigan Express,,Mon,Tue,Wed,Thu,Fri
12:07:17,36,Broadway,,Mon,Tue,Wed,Thu,Fri
10:42:44,146,Inner Lake Shore/Michigan Express,,Mon,Tue,Wed,Thu,Fri
11:27:17,36,Broadway,,Sat
19:48:12,36,Broadway,,Sat
04:03:57,62,Archer,,Mon,Tue,Wed,Thu,Fri
07:31:48,29,State,,Mon,Tue,Wed,Thu,Fri
12:26:17,146,Inner Lake Shore/Michigan Express,,Mon,Tue,Wed,Thu,Fri
15:31:45,36,Broadway,,Sat
09:16:51,36,Broadway,,Sun
16:33:14,2,Hyde Park Express,,Mon,Tue,Wed,Thu,Fri
12:15:22,146,Inner Lake Shore/Michigan Express,,Sun
07:03:49,2,Hyde Park Express,,Mon,Tue,Wed,Thu,Fri
03:03:57,62,Archer,,Sat
17:26:04,62,Archer,,Mon,Tue,Wed,Thu,Fri
07:30:33,6,Jackson Park Express,,Sun
12:50:40,6,Jackson Park Express,,Sun
13:29:12,62,Archer,,Sun
08:15:05,148,Clarendon/Michigan Express,,Mon,Tue,Wed,Thu,Fri
19:03:43,2,Hyde Park Express,,Mon,Tue,Wed,Thu,Fri
17:00:34,6,Jackson Park Express,,Sat
06:52:33,146,Inner Lake Shore/Michigan Express,,Sun
21:35:48,6,Jackson Park Express,,Sat
19:20:10,6,Jackson Park Express,,Sun
15:11:12,62,Archer,,Sun
19:28:46,29,State,,Sat
05:13:21,29,State,,Sun
10:45:49,29,State,,Sat
22:55:42,62,Archer,,Sun
14:39:52,146,Inner Lake Shore/Michigan Express,,Sun
07:01:17,6,Jackson Park Express,,Sat
10:19:09,146,Inner Lake Shore/Michigan Express,,Sat
13:57:39,146,Inner Lake Shore/Michigan Express,,Sat
07:48:50,29,State,,Sun
21:36:48,36,Broadway,,Sun
04:03:57,62,Archer,,Sun
17:11:11,62,Archer,,Mon,Tue,Wed,Thu,Fri
18:17:18,29,State,,Sun
13:36:55,6,Jackson Park Express,,Sat
14:54:12,62,Archer,,Sun
15:08:48,36,Broadway,,Sun
16:02:12,62,Archer,,Sun
05:50:20,29,State,,Mon,Tue,Wed,Thu,Fri
08:43:20,36,Broadway,,Sun
13:57:39,146,Inner Lake Shore/Michigan Express,,Sat
19:02:39,146,Inner Lake Shore/Michigan Express,,Sat
17:02:57,62,Archer,,Sat
16:51:39,146,Inner Lake Shore/Michigan Express,,Sat
23:22:40,36,Broadway,,Sat
07:22:50,29,State,,Sat
05:38:21,29,State,,Sun
14:03:12,62,Archer,,Sun
13:23:16,36,Broadway,,Sat
16:10:01,146,Inner Lake Shore/Michigan Express,,Sat
12:24:22,146,Inner Lake Shore/Michigan Express,,Sun
22:17:25,6,Jackson Park Express,,Sat
17:47:14,2,Hyde Park Express,,Mon,Tue,Wed,Thu,Fri
23:42:25,6,Jackson Park Express,,Sat
10:21:39,146,Inner Lake Shore/Michigan Express,,Mon,Tue,Wed,Thu,Fri
21:43:46,29,State,,Sat
19:40:36,146,Inner Lake Shore/Michigan Express,,Sun
12:36:17,146,Inner Lake Shore/Michigan Express,,Mon,Tue,Wed,Thu,Fri
12:54:47,36,Broadway,,Sat
12:12:27,62,Archer,,Sat
08:34:49,148,Clarendon/Michigan Express,,Mon,Tue,Wed,Thu,Fri
20:15:18,6,Jackson Park Express,,Sun
06:27:28,62,Archer,,Sat
18:04:48,29,State,,Sun
12:45:01,146,Inner Lake Shore/Michigan Express,,Sat
16:37:18,29,State,,Sun
13:59:16,29,State,,Mon,Tue,Wed,Thu,Fri
20:51:17,29,State,,Mon,Tue,Wed,Thu,Fri
15:29:17,146,Inner Lake Shore/Michigan Express,,Mon,Tue,Wed,Thu,Fri
12:28:34,62,Archer,,Mon,Tue,Wed,Thu,Fri
19:52:18,6,Jackson Park Express,,Sat
13:28:48,29,State,,Sun
15:38:49,6,Jackson Park Express,,Mon,Tue,Wed,Thu,Fri
19:33:12,36,Broadway,,Sat
19:53:52,146,Inner Lake Shore/Michigan Express,,Mon,Tue,Wed,Thu,Fri
17:42:44,36,Broadway,,Sat
21:07:44,146,Inner Lake Shore/Michigan Express,,Mon,Tue,Wed,Thu,Fri
05:03:57,62,Archer,,Sun
20:40:55,6,Jackson Park Express,,Sat
13:27:52,146,Inner Lake Shore/Michigan Express,,Sun
09:34:50,36,Broadway,,Sun
14:03:12,62,Archer,,Sun
19:10:14,146,Inner Lake Shore/Michigan Express,,Sun
11:58:27,62,Archer,,Mon,Tue,Wed,Thu,Fri
14:48:52,146,Inner Lake Shore/Michigan Express,,Sun
20:36:57,62,Archer,,Sat
16:09:42,2,Hyde Park Express,,Mon,Tue,Wed,Thu,Fri
14:37:12,62,Archer,,Sun
17:21:38,2,Hyde Park Express,,Mon,Tue,Wed,Thu,Fri
21:36:57,62,Archer,,Sat
08:14:42,62,Archer,,Mon,Tue,Wed,Thu,Fri
10:52:44,146,Inner Lake Shore/Michigan Express,,Sun
17:52:47,29,State,,Sun
21:07:44,146,Inner Lake Shore/Michigan Express,,Mon,Tue,Wed,Thu,Fri
18:22:34,6,Jackson Park Express,,Mon,Tue,Wed,Thu,Fri
15:43:04,6,Jackson Park Express,,Sun
15:45:12,2,Hyde Park Express,,Mon,Tue,Wed,Thu,Fri
14:59:41,62,Archer,,Mon,Tue,Wed,Thu,Fri
05:45:21,36,Broadway,,Mon,Tue,Wed,Thu,Fri
14:47:17,146,Inner Lake Shore/Michigan Express,,Mon,Tue,Wed,Thu,Fri
13:42:47,29,State,,Sat
12:45:17,36,Broadway,,Sat
20:57:16,29,State,,Sat
11:06:47,36,Broadway,,Sat
19:26:34,6,Jackson Park Express,,Sun
10:33:48,29,State,,Mon,Tue,Wed,Thu,Fri
09:39:10,6,Jackson Park Express,,Mon,Tue,Wed,Thu,Fri
14:19:04,6,Jackson Park Express,,Sun
13:28:40,6,Jackson Park Express,,Sun
09:16:51,36,Broadway,,Sun
12:26:17,146,Inner Lake Shore/Michigan Express,,Mon,Tue,Wed,Thu,Fri
21:56:44,146,Inner Lake Shore/Michigan Express,,Sat
11:41:17,36,Broadway,,Mon,Tue,Wed,Thu,Fri
17:10:43,36,Broadway,,Mon,Tue,Wed,Thu,Fri
15:51:52,146,Inner Lake Shore/Michigan Express,,Sun
03:03:57,62,Archer,,Mon,Tue,Wed,Thu,Fri
10:03:48,36,Broadway,,Sat
17:24:39,146,Inner Lake Shore/Michigan Express,,Sat
20:49:04,6,Jackson Park Express,,Mon,Tue,Wed,Thu,Fri
17:27:14,2,Hyde Park Express,,Mon,Tue,Wed,Thu,Fri
14:26:03,6,Jackson Park Express,,Mon,Tue,Wed,Thu,Fri
08:24:47,36,Broadway,,Mon,Tue,Wed,Thu,Fri
16:01:48,36,Broadway,,Sun
23:05:10,36,Broadway,,Sat
23:33:49,36,Broadway,,Sun
18:25:09,146,Inner Lake Shore/Michigan Express,,Sat
09:53:25,6,Jackson Park Express,,Sun
08:50:39,6,Jackson Park Express,,Sat
13:55:56,62,Archer,,Mon,Tue,Wed,Thu,Fri
12:21:47,29,State,,Sat
15:33:52,146,Inner Lake Shore/Michigan Express,,Sun
10:29:12,62,Archer,,Sat
06:48:33,6,Jackson Park Express,,Sun
18:54:16,29,State,,Sat
19:06:42,62,Archer,,Mon,Tue,Wed,Thu,Fri
14:58:03,6,Jackson Park Express,,Mon,Tue,Wed,Thu,Fri
15:42:52,146,Inner Lake Shore/Michigan Express,,Sun
12:07:17,36,Broadway,,Mon,Tue,Wed,Thu,Fri
14:54:45,36,Broadway,,Sat
17:16:03,6,Jackson Park Express,,Sun
11:22:55,6,Jackson Park Express,,Sat
17:39:49,6,Jackson Park Express,,Mon,Tue,Wed,Thu,Fri
19:27:48,6,Jackson Park Express,,Sat
08:24:09,146,Inner Lake Shore/Michigan Express,,Mon,Tue,Wed,Thu,Fri
08:12:50,146,Inner Lake Shore/Michigan Express,,Sun
15:59:48,29,State,,Sun
15:47:18,29,State,,Sun
22:32:42,62,Archer,,Sun
20:59:12,62,Archer,,Mon,Tue,Wed,Thu,Fri
12:58:34,6,Jackson Park Express,,Mon,Tue,Wed,Thu,Fri
11:14:09,146,Inner Lake Shore/Michigan Express,,Mon,Tue,Wed,Thu,Fri
18:21:45,29,State,,Sat
18:17:57,62,Archer,,Sat
05:03:57,62,Archer,,Sun
09:25:31,146,Inner Lake Shore/Michigan Express,,Sat
18:30:18,29,State,,Sun
15:12:45,36,Broadway,,Sat
10:13:12,62,Archer,,Mon,Tue,Wed,Thu,Fri
17:11:52,146,Inner Lake Shore/Michigan Express,,Sun
17:22:46,29,State,,Sat
18:45:39,146,Inner Lake Shore/Michigan Express,,Mon,Tue,Wed,Thu,Fri
19:53:48,29,State,,Sun
22:30:04,6,Jackson Park Express,,Mon,Tue,Wed,Thu,Fri
08:25:10,148,Clarendon/Michigan Express,,Mon,Tue,Wed,Thu,Fri
09:08:31,146,Inner Lake Shore/Michigan Express,,Mon,Tue,Wed,Thu,Fri
15:51:18,36,Broadway,,Sun
16:18:52,146,Inner Lake Shore/Michigan Express,,Sun
14:19:04,6,Jackson Park Express,,Mon,Tue,Wed,Thu,Fri
13:55:47,29,State,,Sat
08:50:06,146,Inner Lake Shore/Michigan Express,,Sat
11:55:47,146,Inner Lake Shore/Michigan Express,,Mon,Tue,Wed,Thu,Fri
02:33:57,62,Archer,,Tue,Wed,Thu,Fri,Sat
19:42:18,36,Broadway,,Mon,Tue,Wed,Thu,Fri
10:18:48,36,Broadway,,Sat
05:38:21,29,State,,Sun
18:31:16,29,State,,Mon,Tue,Wed,Thu,Fri
16:51:38,2,Hyde Park Express,,Mon,Tue,Wed,Thu,Fri
19:09:40,6,Jackson Park Express,,Sun
10:57:19,36,Broadway,,Sun
22:56:14,146,Inner Lake Shore/Michigan Express,,Sat
14:37:04,6,Jackson Park Express,,Sat
10:31:18,36,Broadway,,Mon,Tue,Wed,Thu,Fri
06:32:51,36,Broadway,,Sat
07:48:28,146,Inner Lake Shore/Michigan Express,,Sat
11:56:48,36,Broadway,,Sat
08:02:42,62,Archer,,Mon,Tue,Wed,Thu,Fri
12:35:17,36,Broadway,,Sat
15:41:14,36,Broadway,,Sat
11:19:44,146,Inner Lake Shore/Michigan Express,,Sun
21:38:05,62,Archer,,Mon,Tue,Wed,Thu,Fri
14:32:47,29,State,,Sat
20:47:19,29,State,,Sun
15:13:04,6,Jackson Park Express,,Sat
16:33:14,36,Broadway,,Mon,Tue,Wed,Thu,Fri
08:43:12,62,Archer,,Mon,Tue,Wed,Thu,Fri
09:20:49,29,State,,Sat
17:41:46,29,State,,Sat
00:03:57,62,Archer,,Tue,Wed,Thu,Fri,Sat
09:08:31,146,Inner Lake Shore/Michigan Express,,Mon,Tue,Wed,Thu,Fri
15:38:45,29,State,,Mon,Tue,Wed,Thu,Fri
14:47:48,36,Broadway,,Sun
10:34:09,146,Inner Lake Shore/Michigan Express,,Sat
06:12:50,36,Broadway,,Sun
10:58:48,36,Broadway,,Mon,Tue,Wed,Thu,Fri
00:57:55,6,Jackson Park Express,,Tue,Wed,Thu,Fri,Sat
12:15:48,36,Broadway,,Sat
19:15:48,6,Jackson Park Express,,Sat
13:26:47,146,Inner Lake Shore/Michigan Express,,Mon,Tue,Wed,Thu,Fri
08:28:12,62,Archer,,Mon,Tue,Wed,Thu,Fri
07:35:28,146,Inner Lake Shore/Michigan Express,,Sat
12:40:19,29,State,,Sun
18:34:48,36,Broadway,,Sun
16:47:57,62,Archer,,Sat
16:27:10,6,Jackson Park Express,,Sat
17:02:18,29,State,,Sun
11:37:44,146,Inner Lake Shore/Michigan Express,,Sun
15:18:47,146,Inner Lake Shore/Michigan Express,,Mon,Tue,Wed,Thu,Fri
07:58:36,146,Inner Lake Shore/Michigan Express,,Mon,Tue,Wed,Thu,Fri
10:56:17,36,Broadway,,Sat
08:39:49,2,Hyde Park Express,,Mon,Tue,Wed,Thu,Fri
12:51:55,6,Jackson Park Express,,Sat
11:29:48,6,Jackson Park Express,,Sun
13:58:34,6,Jackson Park Express,,Mon,Tue,Wed,Thu,Fri
10:28:09,146,Inner Lake Shore/Michigan Express,,Mon,Tue,Wed,Thu,Fri
13:46:12,62,Archer,,Sun
12:15:48,36,Broadway,,Sat
16:49:48,29,State,,Sun
18:20:12,62,Archer,,Sun
10:41:49,36,Broadway,,Sun
14:49:18,29,State,,Sun
05:59:13,62,Archer,,Sun
18:00:14,36,Broadway,,Mon,Tue,Wed,Thu,Fri
21:45:04,6,Jackson Park Express,,Mon,Tue,Wed,Thu,Fri
16:26:03,6,Jackson Park Express,,Sun
22:34:28,146,Inner Lake Shore/Michigan Express,,Sun
06:23:50,29,State,,Mon,Tue,Wed,Thu,Fri
16:07:19,6,Jackson Park Express,,Mon,Tue,Wed,Thu,Fri
06:19:13,62,Archer,,Sun
11:14:31,146,Inner Lake Shore/Michigan Express,,Sat
10:06:50,29,State,,Sun
04:03:57,62,Archer,,Sun
10:58:12,62,Archer,,Mon,Tue,Wed,Thu,Fri
18:45:39,146,Inner Lake Shore/Michigan Express,,Mon,Tue,Wed,Thu,Fri
17:45:12,62,Archer,,Sun
15:21:17,29,State,,Sun
06:03:24,6,Jackson Park Express,,Sat
19:21:42,62,Archer,,Mon,Tue,Wed,Thu,Fri
21:07:48,36,Broadway,,Sun
12:40:04,6,Jackson Park Express,,Sat
23:10:50,146,Inner Lake Shore/Michigan Express,,Sun
17:57:48,36,Broadway,,Sun
08:27:49,2,Hyde Park Express,,Mon,Tue,Wed,Thu,Fri
01:18:57,62,Archer,,Sun
16:41:39,2,Hyde Park Express,,Mon,Tue,Wed,Thu,Fri
08:40:58,146,Inner Lake Shore/Michigan Express,,Sat
19:47:01,146,Inner Lake Shore/Michigan Express,,Sat
13:13:16,36,Broadway,,Mon,Tue,Wed,Thu,Fri
00:18:57,62,Archer,,Tue,Wed,Thu,Fri,Sat
14:30:04,6,Jackson Park Express,,Mon,Tue,Wed,Thu,Fri
08:37:49,36,Broadway,,Sat
09:49:48,36,Broadway,,Sat
19:14:16,36,Broadway,,Mon,Tue,Wed,Thu,Fri
22:14:46,29,State,,Sat
11:13:12,62,Archer,,Mon,Tue,Wed,Thu,Fri
07:22:49,36,Broadway,,Mon,Tue,Wed,Thu,Fri
10:41:12,62,Archer,,Sat
11:01:44,146,Inner Lake Shore/Michigan Express,,Sun
24:20:17,36,Broadway,,Sat
11:22:31,146,Inner Lake Shore/Michigan Express,,Sat
12:06:22,146,Inner Lake Shore/Michigan Express,,Sun
02:03:57,62,Archer,,Mon
05:29:20,62,Archer,,Sat
16:22:17,146,Inner Lake Shore/Michigan Express,,Mon,Tue,Wed,Thu,Fri
09:14:09,6,Jackson Park Express,,Sat
00:10:48,6,Jackson Park Express,,Sun
05:33:57,62,Archer,,Sun
05:34:58,146,Inner Lake Shore/Michigan Express,,Mon,Tue,Wed,Thu,Fri
15:24:52,146,Inner Lake Shore/Michigan Express,,Sun
18:18:45,29,State,,Mon,Tue,Wed,Thu,Fri
13:44:48,36,Broadway,,Sun
23:40:40,36,Broadway,,Sat
13:33:01,146,Inner Lake Shore/Michigan Express,,Sat
13:00:16,36,Broadway,,Mon,Tue,Wed,Thu,Fri
16:18:31,146,Inner Lake Shore/Michigan Express,,Sat
23:27:12,62,Archer,,Mon,Tue,Wed,Thu,Fri
16:32:57,62,Archer,,Sat
12:35:17,36,Broadway,,Sat
15:06:52,146,Inner Lake Shore/Michigan Express,,Sun
06:54:50,36,Broadway,,Sun
22:16:57,62,Archer,,Sat
06:42:17,6,Jackson Park Express,,Sat
18:49:57,62,Archer,,Sat
18:17:18,29,State,,Sun
16:49:48,29,State,,Sun
19:17:43,2,Hyde Park Express,,Mon,Tue,Wed,Thu,Fri
20:10:48,29,State,,Sun
09:26:09,6,Jackson Park Express,,Sat
11:00:49,29,State,,Sun
09:25:31,146,Inner Lake Shore/Michigan Express,,Sat
22:00:34,6,Jackson Park Express,,Mon,Tue,Wed,Thu,Fri
10:13:32,6,Jackson Park Express,,Sat
13:55:47,29,State,,Sat
13:06:17,146,Inner Lake Shore/Michigan Express,,Mon,Tue,Wed,Thu,Fri
11:25:18,36,Broadway,,Sun
19:35:04,6,Jackson Park Express,,Mon,Tue,Wed,Thu,Fri
23:16:46,29,State,,Sat
11:50:49,29,State,,Sun
08:33:05,62,Archer,,Sun
05:33:57,62,Archer,,Sun
01:18:57,62,Archer,,Sun
14:44:46,29,State,,Mon,Tue,Wed,Thu,Fri
20:52:44,146,Inner Lake Shore/Michigan Express,,Mon,Tue,Wed,Thu,Fri
11:32:55,6,Jackson Park Express,,Sat
15:46:47,29,State,,Sat
19:22:48,29,State,,Sun
21:46:18,6,Jackson Park Express,,Sun
11:34:19,29,State,,Sun
19:55:46,29,State,,Sat
09:13:12,62,Archer,,Mon,Tue,Wed,Thu,Fri
21:57:57,62,Archer,,Mon,Tue,Wed,Thu,Fri
03:33:57,62,Archer,,Sun
19:25:48,36,Broadway,,Sun
18:11:14,36,Broadway,,Sat
14:55:17,29,State,,Sat
09:00:42,62,Archer,,Sat
16:12:18,36,Broadway,,Sun
23:52:49,29,State,,Mon,Tue,Wed,Thu,Fri
14:56:09,146,Inner Lake Shore/Michigan Express,,Sat
03:03:57,62,Archer,,Sat
11:15:57,62,Archer,,Sun
07:33:19,2,Hyde Park Express,,Mon,Tue,Wed,Thu,Fri
19:12:17,29,State,,Mon,Tue,Wed,Thu,Fri
23:18:42,62,Archer,,Sun
22:42:27,62,Archer,,Mon,Tue,Wed,Thu,Fri
16:25:04,6,Jackson Park Express,,Sun
06:18:58,146,Inner Lake Shore/Michigan Express,,Mon,Tue,Wed,Thu,Fri
16:22:48,36,Broadway,,Sun
13:34:48,36,Broadway,,Sun
13:34:34,6,Jackson Park Express,,Mon,Tue,Wed,Thu,Fri
13:29:47,29,State,,Sat
09:05:11,2,Hyde Park Express,,Mon,Tue,Wed,Thu,Fri
23:57:15,36,Broadway,,Sat
08:58:12,62,Archer,,Mon,Tue,Wed,Thu,Fri
24:02:55,6,Jackson Park Express,,Mon,Tue,Wed,Thu,Fri
06:23:51,29,State,,Sun
16:33:14,36,Broadway,,Mon,Tue,Wed,Thu,Fri
18:01:44,36,Broadway,,Sat
01:05:33,6,Jackson Park Express,,Mon
17:23:44,36,Broadway,,Sat
18:38:10,6,Jackson Park Express,,Sun
08:35:32,6,Jackson Park Express,,Sun
12:34:16,36,Broadway,,Mon,Tue,Wed,Thu,Fri
05:06:13,62,Archer,,Mon,Tue,Wed,Thu,Fri
18:43:18,29,State,,Sun
01:04:37,62,Archer,,Mon
11:52:48,6,Jackson Park Express,,Sat
20:07:27,62,Archer,,Mon,Tue,Wed,Thu,Fri
08:29:20,146,Inner Lake Shore/Michigan Express,,Sun
09:45:17,29,State,,Mon,Tue,Wed,Thu,Fri
16:18:10,6,Jackson Park Express,,Sat
07:07:20,36,Broadway,,Mon,Tue,Wed,Thu,Fri
19:11:48,36,Broadway,,Sun
07:03:45,148,Clarendon/Michigan Express,,Mon,Tue,Wed,Thu,Fri
18:44:16,29,State,,Mon,Tue,Wed,Thu,Fri
13:44:48,36,Broadway,,Sun
10:33:48,29,State,,Mon,Tue,Wed,Thu,Fri
14:57:52,146,Inner Lake Shore/Michigan Express,,Sun
19:22:48,29,State,,Sun
12:16:17,146,Inner Lake Shore/Michigan Express,,Mon,Tue,Wed,Thu,Fri
21:54:28,146,Inner Lake Shore/Michigan Express,,Sun
06:08:28,62,Archer,,Sat
15:48:19,6,Jackson Park Express,,Mon,Tue,Wed,Thu,Fri
10:51:34,6,Jackson Park Express,,Mon,Tue,Wed,Thu,Fri
09:29:19,36,Broadway,,Sat
08:30:52,146,Inner Lake Shore/Michigan Express,,Mon,Tue,Wed,Thu,Fri
15:11:11,62,Archer,,Mon,Tue,Wed,Thu,Fri
16:43:48,36,Broadway,,Sun
21:18:18,6,Jackson Park Express,,Sun
10:13:18,6,Jackson Park Express,,Sun
14:32:10,6,Jackson Park Express,,Sun
20:56:57,62,Archer,,Sat
23:48:17,29,State,,Sat
21:27:19,29,State,,Sun
16:26:17,29,State,,Sat
12:26:27,62,Archer,,Sat
09:26:42,62,Archer,,Sat
07:48:04,6,Jackson Park Express,,Mon,Tue,Wed,Thu,Fri
07:42:31,146,Inner Lake Shore/Michigan Express,,Mon,Tue,Wed,Thu,Fri
21:07:48,36,Broadway,,Sun
09:31:52,146,Inner Lake Shore/Michigan Express,,Mon,Tue,Wed,Thu,Fri
18:58:16,29,State,,Mon,Tue,Wed,Thu,Fri
14:05:48,36,Broadway,,Sun
14:46:34,6,Jackson Park Express,,Sat
13:26:04,6,Jackson Park Express,,Sun
20:24:04,6,Jackson Park Express,,Mon,Tue,Wed,Thu,Fri
08:04:02,148,Clarendon/Michigan Express,,Mon,Tue,Wed,Thu,Fri
14:07:57,62,Archer,,Sat
23:14:36,146,Inner Lake Shore/Michigan Express,,Sat
08:58:50,146,Inner Lake Shore/Michigan Express,,Sun
14:16:46,36,Broadway,,Mon,Tue,Wed,Thu,Fri
08:14:05,62,Archer,,Sun
06:20:51,36,Broadway,,Mon,Tue,Wed,Thu,Fri
10:59:27,62,Archer,,Sun
22:29:18,36,Broadway,,Mon,Tue,Wed,Thu,Fri
08:56:03,6,Jackson Park Express,,Sun
17:29:52,146,Inner Lake Shore/Michigan Express,,Sun
15:18:47,146,Inner Lake Shore/Michigan Express,,Mon,Tue,Wed,Thu,Fri
18:10:46,29,State,,Sat
20:35:06,146,Inner Lake Shore/Michigan Express,,Sun
15:50:15,29,State,,Mon,Tue,Wed,Thu,Fri
13:12:12,62,Archer,,Sun
19:51:40,6,Jackson Park Express,,Mon,Tue,Wed,Thu,Fri
09:52:34,6,Jackson Park Express,,Mon,Tue,Wed,Thu,Fri
18:40:13,36,Broadway,,Sat
22:16:48,6,Jackson Park Express,,Mon,Tue,Wed,Thu,Fri
09:26:17,146,Inner Lake Shore/Michigan Express,,Mon,Tue,Wed,Thu,Fri
20:44:44,36,Broadway,,Sat
14:16:48,29,State,,Sun
17:56:22,146,Inner Lake Shore/Michigan Express,,Sun
19:42:18,36,Broadway,,Mon,Tue,Wed,Thu,Fri
13:14:10,6,Jackson Park Express,,Mon,Tue,Wed,Thu,Fri
21:47:19,29,State,,Sun
21:19:52,146,Inner Lake Shore/Michigan Express,,Sat
17:17:14,2,Hyde Park Express,,Mon,Tue,Wed,Thu,Fri
16:17:11,62,Archer,,Mon,Tue,Wed,Thu,Fri
16:20:14,36,Broadway,,Sat
07:32:52,148,Clarendon/Michigan Express,,Mon,Tue,Wed,Thu,Fri
17:15:17,29,State,,Sun
13:42:47,29,State,,Sat
17:05:14,36,Broadway,,Sat
14:04:16,36,Broadway,,Mon,Tue,Wed,Thu,Fri
01:03:57,62,Archer,,Sun
19:32:01,146,Inner Lake Shore/Michigan Express,,Sat
19:43:12,62,Archer,,Sat
12:47:16,36,Broadway,,Mon,Tue,Wed,Thu,Fri
20:52:44,146,Inner Lake Shore/Michigan Express,,Mon,Tue,Wed,Thu,Fri
22:28:18,6,Jackson Park Express,,Sat
17:19:15,29,State,,Mon,Tue,Wed,Thu,Fri
10:52:44,146,Inner Lake Shore/Michigan Express,,Sun
18:37:35,62,Archer,,Sun
10:26:39,146,Inner Lake Shore/Michigan Express,,Sat
10:31:18,36,Broadway,,Sat
09:59:44,146,Inner Lake Shore/Michigan Express,,Mon,Tue,Wed,Thu,Fri
02:33:57,62,Archer,,Sun
13:58:04,6,Jackson Park Express,,Sun
11:57:22,146,Inner Lake Shore/Michigan Express,,Sun
23:32:55,6,Jackson Park Express,,Mon,Tue,Wed,Thu,Fri
22:30:25,6,Jackson Park Express,,Sat
01:33:57,62,Archer,,Sun
09:26:42,62,Archer,,Sat
22:27:19,29,State,,Sun
22:14:18,6,Jackson Park Express,,Sat
18:45:34,6,Jackson Park Express,,Mon,Tue,Wed,Thu,Fri
15:54:16,36,Broadway,,Mon,Tue,Wed,Thu,Fri
16:35:52,146,Inner Lake Shore/Michigan Express,,Sun
05:06:13,62,Archer,,Mon,Tue,Wed,Thu,Fri
15:19:48,36,Broadway,,Sun
12:38:27,62,Archer,,Sun
18:40:13,36,Broadway,,Sat
17:22:46,29,State,,Sat
13:01:01,146,Inner Lake Shore/Michigan Express,,Sat
21:13:14,36,Broadway,,Sat
15:03:45,36,Broadway,,Sat
08:51:20,29,State,,Sun
14:05:39,146,Inner Lake Shore/Michigan Express,,Sat
17:06:04,6,Jackson Park Express,,Sun
23:18:42,62,Archer,,Sun
13:10:47,29,State,,Mon,Tue,Wed,Thu,Fri
14:44:17,29,State,,Sat
10:31:18,36,Broadway,,Mon,Tue,Wed,Thu,Fri
08:40:58,146,Inner Lake Shore/Michigan Express,,Sat
09:40:34,6,Jackson Park Express,,Mon,Tue,Wed,Thu,Fri
07:30:23,148,Clarendon/Michigan Express,,Mon,Tue,Wed,Thu,Fri
13:04:47,36,Broadway,,Sat
17:33:44,36,Broadway,,Sat
06:40:49,29,State,,Mon,Tue,Wed,Thu,Fri
23:04:42,62,Archer,,Mon,Tue,Wed,Thu,Fri
15:39:47,146,Inner Lake Shore/Michigan Express,,Mon,Tue,Wed,Thu,Fri
22:45:46,29,State,,Sat
11:59:19,62,Archer,,Sat
09:17:52,146,Inner Lake Shore/Michigan Express,,Sat
06:04:58,146,Inner Lake Shore/Michigan Express,,Mon,Tue,Wed,Thu,Fri
23:01:04,6,Jackson Park Express,,Mon,Tue,Wed,Thu,Fri
07:14:33,6,Jackson Park Express,,Sat
12:43:34,62,Archer,,Mon,Tue,Wed,Thu,Fri
11:27:17,36,Broadway,,Sat
09:13:42,62,Archer,,Sat
15:27:45,29,State,,Mon,Tue,Wed,Thu,Fri
18:36:39,146,Inner Lake Shore/Michigan Express,,Sat
17:17:09,146,Inner Lake Shore/Michigan Express,,Sat
07:38:42,62,Archer,,Mon,Tue,Wed,Thu,Fri
14:16:18,36,Broadway,,Sun
07:11:51,36,Broadway,,Sat
13:39:16,36,Broadway,,Mon,Tue,Wed,Thu,Fri
10:24:25,6,Jackson Park Express,,Sun
05:30:50,36,Broadway,,Sun
09:25:26,148,Clarendon/Michigan Express,,Mon,Tue,Wed,Thu,Fri
08:10:03,6,Jackson Park Express,,Sun
01:18:57,62,Archer,,Tue,Wed,Thu,Fri,Sat
05:03:57,62,Archer,,Sat
07:43:50,29,State,,Sat
12:21:16,36,Broadway,,Mon,Tue,Wed,Thu,Fri
17:02:52,146,Inner Lake Shore/Michigan Express,,Sun
16:07:11,62,Archer,,Mon,Tue,Wed,Thu,Fri
13:59:16,29,State,,Mon,Tue,Wed,Thu,Fri
09:39:32,148,Clarendon/Michigan Express,,Mon,Tue,Wed,Thu,Fri
09:07:44,146,Inner Lake Shore/Michigan Express,,Sat
11:52:18,36,Broadway,,Sun
23:19:48,6,Jackson Park Express,,Sun
16:01:31,146,Inner Lake Shore/Michigan Express,,Sat
11:33:25,146,Inner Lake Shore/Michigan Express,,Mon,Tue,Wed,Thu,Fri
12:56:19,29,State,,Sun
23:53:48,6,Jackson Park Express,,Sun
19:14:16,36,Broadway,,Mon,Tue,Wed,Thu,Fri
11:01:49,29,State,,Sat
08:59:36,146,Inner Lake Shore/Michigan Express,,Sat
12:05:47,146,Inner Lake Shore/Michigan Express,,Mon,Tue,Wed,Thu,Fri
10:07:09,146,Inner Lake Shore/Michigan Express,,Mon,Tue,Wed,Thu,Fri
07:22:50,29,State,,Sat
10:54:12,62,Archer,,Sat
10:17:12,62,Archer,,Sat
12:13:34,6,Jackson Park Express,,Mon,Tue,Wed,Thu,Fri
08:24:20,29,State,,Sat
11:05:39,146,Inner Lake Shore/Michigan Express,,Mon,Tue,Wed,Thu,Fri
08:19:32,6,Jackson Park Express,,Sun
00:28:48,6,Jackson Park Express,,Mon
09:28:12,62,Archer,,Mon,Tue,Wed,Thu,Fri
09:25:16,36,Broadway,,Mon,Tue,Wed,Thu,Fri
22:32:48,6,Jackson Park Express,,Mon,Tue,Wed,Thu,Fri
16:01:14,36,Broadway,,Sat
22:32:42,62,Archer,,Sun
15:05:57,62,Archer,,Sat
06:48:11,146,Inner Lake Shore/Michigan Express,,Sat
14:16:48,29,State,,Sun
10:40:34,6,Jackson Park Express,,Mon,Tue,Wed,Thu,Fri
10:44:47,36,Broadway,,Sat
18:00:14,36,Broadway,,Mon,Tue,Wed,Thu,Fri
00:25:17,29,State,,Sun
16:45:46,29,State,,Sat
14:27:45,36,Broadway,,Sat
17:31:15,29,State,,Mon,Tue,Wed,Thu,Fri
21:21:06,146,Inner Lake Shore/Michigan Express,,Mon,Tue,Wed,Thu,Fri
07:23:42,2,Hyde Park Express,,Mon,Tue,Wed,Thu,Fri
24:13:19,36,Broadway,,Sun
06:33:50,36,Broadway,,Sun
08:39:22,146,Inner Lake Shore/Michigan Express,,Mon,Tue,Wed,Thu,Fri
06:31:58,146,Inner Lake Shore/Michigan Express,,Mon,Tue,Wed,Thu,Fri
18:12:14,36,Broadway,,Mon,Tue,Wed,Thu,Fri
08:12:47,29,State,,Mon,Tue,Wed,Thu,Fri
22:15:48,6,Jackson Park Express,,Sun
20:53:48,6,Jackson Park Express,,Sun
16:42:34,6,Jackson Park Express,,Sat
16:36:10,6,Jackson Park Express,,Sat
15:54:16,36,Broadway,,Mon,Tue,Wed,Thu,Fri
17:27:34,6,Jackson Park Express,,Sat
23:32:18,6,Jackson Park Express,,Mon,Tue,Wed,Thu,Fri
05:33:21,29,State,,Sat
16:36:11,62,Archer,,Mon,Tue,Wed,Thu,Fri
06:38:43,62,Archer,,Sun
17:08:39,146,Inner Lake Shore/Michigan Express,,Sat
22:55:19,36,Broadway,,Sun
08:24:20,29,State,,Sat
07:37:53,148,Clarendon/Michigan Express,,Mon,Tue,Wed,Thu,Fri
11:15:17,36,Broadway,,Mon,Tue,Wed,Thu,Fri
16:19:12,62,Archer,,Sun
14:18:45,36,Broadway,,Sat
18:06:22,146,Inner Lake Shore/Michigan Express,,Sun
18:23:44,36,Broadway,,Mon,Tue,Wed,Thu,Fri
09:13:12,62,Archer,,Mon,Tue,Wed,Thu,Fri
12:38:34,6,Jackson Park Express,,Sun
14:22:04,62,Archer,,Mon,Tue,Wed,Thu,Fri
22:12:18,6,Jackson Park Express,,Sun
16:58:43,36,Broadway,,Mon,Tue,Wed,Thu,Fri
16:01:14,36,Broadway,,Sat
09:14:40,6,Jackson Park Express,,Mon,Tue,Wed,Thu,Fri
20:01:22,146,Inner Lake Shore/Michigan Express,,Sat
18:51:42,36,Broadway,,Sat
19:39:48,6,Jackson Park Express,,Sat
08:03:32,6,Jackson Park Express,,Sun
17:47:57,62,Archer,,Sat
20:55:18,36,Broadway,,Mon,Tue,Wed,Thu,Fri
07:23:48,6,Jackson Park Express,,Mon,Tue,Wed,Thu,Fri
05:22:33,6,Jackson Park Express,,Mon,Tue,Wed,Thu,Fri
08:09:21,29,State,,Sun
13:47:46,29,State,,Mon,Tue,Wed,Thu,Fri
01:19:37,62,Archer,,Mon
13:44:48,29,State,,Sun
10:14:06,146,Inner Lake Shore/Michigan Express,,Sun
05:32:20,29,State,,Mon,Tue,Wed,Thu,Fri
00:03:57,62,Archer,,Tue,Wed,Thu,Fri,Sat
18:00:46,29,State,,Sat
12:12:55,6,Jackson Park Express,,Sat
17:33:09,146,Inner Lake Shore/Michigan Express,,Sat
09:37:47,36,Broadway,,Mon,Tue,Wed,Thu,Fri
06:54:20,62,Archer,,Mon,Tue,Wed,Thu,Fri
00:33:57,62,Archer,,Tue,Wed,Thu,Fri,Sat
13:38:57,62,Archer,,Sat
14:20:47,29,State,,Sat
17:45:48,36,Broadway,,Sun
23:10:18,36,Broadway,,Mon,Tue,Wed,Thu,Fri
19:51:04,6,Jackson Park Express,,Sun
10:50:09,146,Inner Lake Shore/Michigan Express,,Mon,Tue,Wed,Thu,Fri
09:19:17,29,State,,Mon,Tue,Wed,Thu,Fri
16:36:12,62,Archer,,Sun
00:18:57,62,Archer,,Sun
07:47:06,146,Inner Lake Shore/Michigan Express,,Mon,Tue,Wed,Thu,Fri
20:30:44,36,Broadway,,Sat
13:47:34,6,Jackson Park Express,,Sun
11:17:49,29,State,,Sun
17:17:49,6,Jackson Park Express,,Mon,Tue,Wed,Thu,Fri
16:07:11,62,Archer,,Mon,Tue,Wed,Thu,Fri
15:42:16,36,Broadway,,Mon,Tue,Wed,Thu,Fri
09:04:34,6,Jackson Park Express,,Mon,Tue,Wed,Thu,Fri
17:32:57,62,Archer,,Sat
17:13:16,29,State,,Sat
17:51:16,29,State,,Sat
17:03:46,29,State,,Sat
21:53:25,6,Jackson Park Express,,Sat
15:38:45,29,State,,Mon,Tue,Wed,Thu,Fri
13:28:49,62,Archer,,Mon,Tue,Wed,Thu,Fri
08:03:52,36,Broadway,,Sun
11:15:57,62,Archer,,Sun
13:34:48,36,Broadway,,Sun
14:09:45,36,Broadway,,Sat
09:55:19,29,State,,Sat
18:07:15,29,State,,Mon,Tue,Wed,Thu,Fri
05:26:13,62,Archer,,Mon,Tue,Wed,Thu,Fri
13:36:52,146,Inner Lake Shore/Michigan Express,,Sun
12:36:17,146,Inner Lake Shore/Michigan Express,,Mon,Tue,Wed,Thu,Fri
14:54:12,62,Archer,,Sun
13:01:01,146,Inner Lake Shore/Michigan Express,,Sat
22:45:34,6,Jackson Park Express,,Mon,Tue,Wed,Thu,Fri
11:33:49,29,State,,Sat
07:45:32,6,Jackson Park Express,,Sun
20:51:17,29,State,,Mon,Tue,Wed,Thu,Fri
19:38:48,36,Broadway,,Sun
11:17:49,29,State,,Sun
19:01:15,36,Broadway,,Mon,Tue,Wed,Thu,Fri
08:04:51,36,Broadway,,Sat
13:45:52,146,Inner Lake Shore/Michigan Express,,Sun
18:35:34,6,Jackson Park Express,,Sat
07:35:58,62,Archer,,Sun
20:16:42,36,Broadway,,Sat
15:34:11,62,Archer,,Mon,Tue,Wed,Thu,Fri
10:29:19,29,State,,Sat
12:05:27,62,Archer,,Sun
10:36:48,6,Jackson Park Express,,Sat
21:29:14,36,Broadway,,Sat
14:09:04,6,Jackson Park Express,,Sat
07:12:48,6,Jackson Park Express,,Mon,Tue,Wed,Thu,Fri
15:08:03,6,Jackson Park Express,,Mon,Tue,Wed,Thu,Fri
14:32:47,29,State,,Sat
14:20:47,29,State,,Sat
09:31:52,146,Inner Lake Shore/Michigan Express,,Mon,Tue,Wed,Thu,Fri
06:36:50,36,Broadway,,Mon,Tue,Wed,Thu,Fri
10:34:44,146,Inner Lake Shore/Michigan Express,,Sun
11:14:31,146,Inner Lake Shore/Michigan Express,,Sat
07:14:45,148,Clarendon/Michigan Express,,Mon,Tue,Wed,Thu,Fri
09:56:12,62,Archer,,Sun
01:33:57,62,Archer,,Mon
19:32:57,62,Archer,,Sun
09:09:05,148,Clarendon/Michigan Express,,Mon,Tue,Wed,Thu,Fri
17:53:04,62,Archer,,Mon,Tue,Wed,Thu,Fri
05:30:51,36,Broadway,,Sat
00:37:55,6,Jackson Park Express,,Tue,Wed,Thu,Fri,Sat
23:02:48,6,Jackson Park Express,,Sun
11:33:49,29,State,,Sat
19:05:41,36,Broadway,,Sat
09:24:33,6,Jackson Park Express,,Sat
13:12:12,62,Archer,,Sun
15:26:47,29,State,,Sat
13:55:56,62,Archer,,Mon,Tue,Wed,Thu,Fri
06:07:20,29,State,,Mon,Tue,Wed,Thu,Fri
14:45:45,36,Broadway,,Sat
18:02:57,62,Archer,,Sat
20:05:48,36,Broadway,,Sun
22:07:19,29,State,,Sun
17:57:14,2,Hyde Park Express,,Mon,Tue,Wed,Thu,Fri
05:49:58,146,Inner Lake Shore/Michigan Express,,Mon,Tue,Wed,Thu,Fri
09:56:39,146,Inner Lake Shore/Michigan Express,,Sat
12:12:47,146,Inner Lake Shore/Michigan Express,,Sat
17:02:52,146,Inner Lake Shore/Michigan Express,,Sun
09:34:11,2,Hyde Park Express,,Mon,Tue,Wed,Thu,Fri
09:56:12,62,Archer,,Sun
20:28:55,6,Jackson Park Express,,Sat
11:57:22,146,Inner Lake Shore/Michigan Express,,Sun
18:16:22,146,Inner Lake Shore/Michigan Express,,Sun
16:11:17,146,Inner Lake Shore/Michigan Express,,Mon,Tue,Wed,Thu,Fri
05:09:51,36,Broadway,,Sat
10:07:50,36,Broadway,,Sun
18:42:04,6,Jackson Park Express,,Sun
14:55:45,29,State,,Mon,Tue,Wed,Thu,Fri
17:52:14,36,Broadway,,Sat
09:00:21,36,Broadway,,Sun
16:24:34,6,Jackson Park Express,,Sat
09:11:46,36,Broadway,,Mon,Tue,Wed,Thu,Fri
23:25:48,6,Jackson Park Express,,Sat
08:29:10,148,Clarendon/Michigan Express,,Mon,Tue,Wed,Thu,Fri
11:56:47,146,Inner Lake Shore/Michigan Express,,Sat
04:33:57,62,Archer,,Sun
19:41:01,146,Inner Lake Shore/Michigan Express,,Mon,Tue,Wed,Thu,Fri
09:39:50,62,Archer,,Sat
16:54:18,36,Broadway,,Sun
21:35:36,146,Inner Lake Shore/Michigan Express,,Mon,Tue,Wed,Thu,Fri
19:55:46,29,State,,Sat
15:16:47,29,State,,Sat
13:54:52,146,Inner Lake Shore/Michigan Express,,Sun
07:59:33,6,Jackson Park Express,,Sat
03:33:57,62,Archer,,Mon,Tue,Wed,Thu,Fri
15:36:09,146,Inner Lake Shore/Michigan Express,,Sat
18:32:45,29,State,,Sat
17:13:16,29,State,,Sat
07:12:52,146,Inner Lake Shore/Michigan Express,,Mon,Tue,Wed,Thu,Fri
08:37:49,36,Broadway,,Sat
07:36:06,146,Inner Lake Shore/Michigan Express,,Mon,Tue,Wed,Thu,Fri
22:17:14,36,Broadway,,Sat
18:44:16,29,State,,Mon,Tue,Wed,Thu,Fri
09:02:55,146,Inner Lake Shore/Michigan Express,,Mon,Tue,Wed,Thu,Fri
16:00:47,146,Inner Lake Shore/Michigan Express,,Mon,Tue,Wed,Thu,Fri
17:08:39,146,Inner Lake Shore/Michigan Express,,Sat
07:54:56,148,Clarendon/Michigan Express,,Mon,Tue,Wed,Thu,Fri
20:40:27,62,Archer,,Sun
23:41:42,62,Archer,,Sun
21:31:18,6,Jackson Park Express,,Sun
12:37:18,6,Jackson Park Express,,Sun
09:37:47,36,Broadway,,Mon,Tue,Wed,Thu,Fri
12:26:48,6,Jackson Park Express,,Mon,Tue,Wed,Thu,Fri
20:56:57,62,Archer,,Sat
15:08:17,146,Inner Lake Shore/Michigan Express,,Mon,Tue,Wed,Thu,Fri
16:46:43,36,Broadway,,Mon,Tue,Wed,Thu,Fri
17:25:20,146,Inner Lake Shore/Michigan Express,,Mon,Tue,Wed,Thu,Fri
13:13:47,36,Broadway,,Sat
10:28:12,62,Archer,,Mon,Tue,Wed,Thu,Fri
22:27:48,29,State,,Mon,Tue,Wed,Thu,Fri
07:30:33,6,Jackson Park Express,,Sat
17:07:45,29,State,,Mon,Tue,Wed,Thu,Fri
20:07:27,62,Archer,,Mon,Tue,Wed,Thu,Fri
08:38:04,6,Jackson Park Express,,Mon,Tue,Wed,Thu,Fri
16:36:12,62,Archer,,Sun
19:56:17,29,State,,Mon,Tue,Wed,Thu,Fri
01:18:57,62,Archer,,Tue,Wed,Thu,Fri,Sat
18:46:04,6,Jackson Park Express,,Sat
22:00:48,6,Jackson Park Express,,Sat
06:53:06,146,Inner Lake Shore/Michigan Express,,Mon,Tue,Wed,Thu,Fri
08:57:19,148,Clarendon/Michigan Express,,Mon,Tue,Wed,Thu,Fri
10:17:12,62,Archer,,Sat
13:26:46,36,Broadway,,Mon,Tue,Wed,Thu,Fri
16:15:40,6,Jackson Park Express,,Sun
00:03:57,62,Archer,,Sun
11:34:19,29,State,,Sun
19:05:41,36,Broadway,,Sat
12:28:47,146,Inner Lake Shore/Michigan Express,,Sat
08:51:20,29,State,,Sun
16:26:41,62,Archer,,Mon,Tue,Wed,Thu,Fri
19:43:12,62,Archer,,Sat
06:32:33,146,Inner Lake Shore/Michigan Express,,Sun
05:12:20,29,State,,Mon,Tue,Wed,Thu,Fri
10:12:19,29,State,,Sat
07:51:32,148,Clarendon/Michigan Express,,Mon,Tue,Wed,Thu,Fri
09:21:49,2,Hyde Park Express,,Mon,Tue,Wed,Thu,Fri
06:12:21,36,Broadway,,Sat
14:07:17,146,Inner Lake Shore/Michigan Express,,Mon,Tue,Wed,Thu,Fri
20:58:44,36,Broadway,,Sat
17:43:45,29,State,,Mon,Tue,Wed,Thu,Fri
19:52:18,36,Broadway,,Sun
17:57:34,6,Jackson Park Express,,Sun
00:03:57,62,Archer,,Mon
00:48:57,62,Archer,,Tue,Wed,Thu,Fri,Sat
21:57:18,6,Jackson Park Express,,Sun
21:48:18,6,Jackson Park Express,,Sat
14:29:34,6,Jackson Park Express,,Sun
12:45:44,146,Inner Lake Shore/Michigan Express,,Sun
12:23:49,29,State,,Sun
13:49:39,146,Inner Lake Shore/Michigan Express,,Sat
05:49:58,146,Inner Lake Shore/Michigan Express,,Mon,Tue,Wed,Thu,Fri
22:31:41,36,Broadway,,Sat
11:01:44,146,Inner Lake Shore/Michigan Express,,Sun
12:55:27,62,Archer,,Sat
10:28:09,146,Inner Lake Shore/Michigan Express,,Mon,Tue,Wed,Thu,Fri
08:50:46,36,Broadway,,Mon,Tue,Wed,Thu,Fri
06:36:50,36,Broadway,,Mon,Tue,Wed,Thu,Fri
13:57:17,146,Inner Lake Shore/Michigan Express,,Mon,Tue,Wed,Thu,Fri
20:16:42,36,Broadway,,Sat
11:28:17,36,Broadway,,Mon,Tue,Wed,Thu,Fri
05:03:57,62,Archer,,Sat
08:39:22,146,Inner Lake Shore/Michigan Express,,Mon,Tue,Wed,Thu,Fri
08:34:42,62,Archer,,Sat
17:00:04,146,Inner Lake Shore/Michigan Express,,Mon,Tue,Wed,Thu,Fri
09:52:35,62,Archer,,Sat
15:05:57,62,Archer,,Sat
15:01:04,6,Jackson Park Express,,Sun
20:39:40,6,Jackson Park Express,,Mon,Tue,Wed,Thu,Fri
14:22:46,29,State,,Mon,Tue,Wed,Thu,Fri
21:02:42,62,Archer,,Sun
13:38:57,62,Archer,,Sat
08:24:21,36,Broadway,,Sun
07:54:50,146,Inner Lake Shore/Michigan Express,,Sun
08:08:17,36,Broadway,,Mon,Tue,Wed,Thu,Fri
10:21:39,146,Inner Lake Shore/Michigan Express,,Mon,Tue,Wed,Thu,Fri
04:48:51,36,Broadway,,Sat
04:48:50,36,Broadway,,Sun
20:39:52,146,Inner Lake Shore/Michigan Express,,Sat
06:41:58,146,Inner Lake Shore/Michigan Express,,Mon,Tue,Wed,Thu,Fri
17:18:41,62,Archer,,Mon,Tue,Wed,Thu,Fri
12:54:44,146,Inner Lake Shore/Michigan Express,,Sun
22:09:48,36,Broadway,,Mon,Tue,Wed,Thu,Fri
08:14:49,2,Hyde Park Express,,Mon,Tue,Wed,Thu,Fri
12:57:47,29,State,,Mon,Tue,Wed,Thu,Fri
19:27:03,6,Jackson Park Express,,Mon,Tue,Wed,Thu,Fri
06:46:28,62,Archer,,Sat
23:49:42,62,Archer,,Mon,Tue,Wed,Thu,Fri
05:57:32,6,Jackson Park Express,,Sun
12:43:34,62,Archer,,Mon,Tue,Wed,Thu,Fri
09:24:28,146,Inner Lake Shore/Michigan Express,,Sun
22:48:48,29,State,,Mon,Tue,Wed,Thu,Fri
13:23:46,29,State,,Mon,Tue,Wed,Thu,Fri
18:14:56,62,Archer,,Mon,Tue,Wed,Thu,Fri
11:48:47,146,Inner Lake Shore/Michigan Express,,Sat
12:40:19,29,State,,Sun
22:56:14,146,Inner Lake Shore/Michigan Express,,Sat
00:48:57,62,Archer,,Sun
18:07:34,6,Jackson Park Express,,Sun
10:34:44,146,Inner Lake Shore/Michigan Express,,Sun
21:04:10,6,Jackson Park Express,,Mon,Tue,Wed,Thu,Fri
04:33:57,62,Archer,,Sun
13:03:18,36,Broadway,,Sun
07:58:48,29,State,,Mon,Tue,Wed,Thu,Fri
15:53:31,146,Inner Lake Shore/Michigan Express,,Sat
11:59:19,62,Archer,,Sat
20:27:18,6,Jackson Park Express,,Sun
05:03:17,6,Jackson Park Express,,Mon,Tue,Wed,Thu,Fri
15:51:10,6,Jackson Park Express,,Sat
13:24:48,36,Broadway,,Sun
10:59:47,29,State,,Mon,Tue,Wed,Thu,Fri
23:33:49,36,Broadway,,Sun
08:58:01,146,Inner Lake Shore/Michigan Express,,Mon,Tue,Wed,Thu,Fri
07:47:20,36,Broadway,,Sat
10:23:50,36,Broadway,,Sun
23:50:20,29,State,,Sun
20:15:40,6,Jackson Park Express,,Mon,Tue,Wed,Thu,Fri
15:11:11,62,Archer,,Mon,Tue,Wed,Thu,Fri
10:29:12,62,Archer,,Sat
20:02:11,36,Broadway,,Sat
23:44:32,6,Jackson Park Express,,Sun
16:26:17,29,State,,Sat
18:30:39,146,Inner Lake Shore/Michigan Express,,Mon,Tue,Wed,Thu,Fri
08:17:17,36,Broadway,,Mon,Tue,Wed,Thu,Fri
07:27:50,29,State,,Sun
18:03:56,62,Archer,,Mon,Tue,Wed,Thu,Fri
20:36:34,6,Jackson Park Express,,Mon,Tue,Wed,Thu,Fri
18:48:16,2,Hyde Park Express,,Mon,Tue,Wed,Thu,Fri
07:42:31,146,Inner Lake Shore/Michigan Express,,Mon,Tue,Wed,Thu,Fri
16:33:18,36,Broadway,,Sun
19:37:48,29,State,,Sun
18:43:18,29,State,,Sun
08:03:52,36,Broadway,,Sun
15:11:12,62,Archer,,Sun
07:58:48,29,State,,Mon,Tue,Wed,Thu,Fri
23:05:10,36,Broadway,,Sat
19:26:14,146,Inner Lake Shore/Michigan Express,,Sun
17:37:18,6,Jackson Park Express,,Mon,Tue,Wed,Thu,Fri
11:44:18,6,Jackson Park Express,,Sun
09:36:49,2,Hyde Park Express,,Mon,Tue,Wed,Thu,Fri
12:45:01,146,Inner Lake Shore/Michigan Express,,Sat
22:55:42,62,Archer,,Sun
19:26:47,29,State,,Mon,Tue,Wed,Thu,Fri
06:48:06,148,Clarendon/Michigan Express,,Mon,Tue,Wed,Thu,Fri
08:28:12,62,Archer,,Mon,Tue,Wed,Thu,Fri
00:15:20,29,State,,Mon
10:11:48,6,Jackson Park Express,,Sat
19:05:46,29,State,,Sat
18:52:42,62,Archer,,Mon,Tue,Wed,Thu,Fri
15:49:27,62,Archer,,Sat
06:27:28,62,Archer,,Sat
16:03:57,62,Archer,,Sat
10:07:50,36,Broadway,,Sun
08:59:46,36,Broadway,,Mon,Tue,Wed,Thu,Fri
08:39:49,148,Clarendon/Michigan Express,,Mon,Tue,Wed,Thu,Fri
18:06:22,146,Inner Lake Shore/Michigan Express,,Sun
14:10:46,29,State,,Mon,Tue,Wed,Thu,Fri
07:15:18,29,State,,Mon,Tue,Wed,Thu,Fri
18:09:48,36,Broadway,,Sun
17:43:04,62,Archer,,Mon,Tue,Wed,Thu,Fri
18:55:48,6,Jackson Park Express,,Sat
21:59:16,29,State,,Sat
09:49:09,146,Inner Lake Shore/Michigan Express,,Sat
22:04:49,36,Broadway,,Sun
22:53:28,146,Inner Lake Shore/Michigan Express,,Sun
17:52:47,29,State,,Sun
17:52:14,36,Broadway,,Sat
20:52:18,36,Broadway,,Sun
13:39:40,6,Jackson Park Express,,Sun
13:27:55,6,Jackson Park Express,,Sat
17:04:48,36,Broadway,,Sun
23:13:28,146,Inner Lake Shore/Michigan Express,,Mon,Tue,Wed,Thu,Fri
21:36:57,62,Archer,,Sat
16:45:41,62,Archer,,Mon,Tue,Wed,Thu,Fri
19:25:48,36,Broadway,,Sun
12:56:17,146,Inner Lake Shore/Michigan Express,,Mon,Tue,Wed,Thu,Fri
09:11:50,146,Inner Lake Shore/Michigan Express,,Sun
23:28:32,6,Jackson Park Express,,Sun
13:35:46,29,State,,Mon,Tue,Wed,Thu,Fri
17:15:17,29,State,,Sun
22:10:12,62,Archer,,Sun
22:54:28,146,Inner Lake Shore/Michigan Express,,Mon,Tue,Wed,Thu,Fri
09:49:09,146,Inner Lake Shore/Michigan Express,,Sat
17:26:04,62,Archer,,Mon,Tue,Wed,Thu,Fri
15:35:17,29,State,,Sun
17:30:10,6,Jackson Park Express,,Sat
14:56:09,146,Inner Lake Shore/Michigan Express,,Sat
13:54:52,146,Inner Lake Shore/Michigan Express,,Sun
05:53:03,6,Jackson Park Express,,Sun
06:22:03,6,Jackson Park Express,,Sun
16:33:18,36,Broadway,,Sun
07:18:51,36,Broadway,,Sun
06:22:32,6,Jackson Park Express,,Mon,Tue,Wed,Thu,Fri
08:08:35,62,Archer,,Sat
16:54:10,6,Jackson Park Express,,Sat
23:27:12,62,Archer,,Mon,Tue,Wed,Thu,Fri
06:46:32,6,Jackson Park Express,,Mon,Tue,Wed,Thu,Fri
08:53:49,36,Broadway,,Sat
16:43:09,146,Inner Lake Shore/Michigan Express,,Sat
08:47:42,62,Archer,,Sat
05:03:52,36,Broadway,,Mon,Tue,Wed,Thu,Fri
00:33:57,62,Archer,,Sun
00:48:57,62,Archer,,Mon
21:56:57,62,Archer,,Sat
13:33:04,6,Jackson Park Express,,Sat
11:28:19,62,Archer,,Mon,Tue,Wed,Thu,Fri
17:09:34,6,Jackson Park Express,,Sat
07:48:28,146,Inner Lake Shore/Michigan Express,,Sat
18:50:13,2,Hyde Park Express,,Mon,Tue,Wed,Thu,Fri
18:48:45,36,Broadway,,Mon,Tue,Wed,Thu,Fri
00:44:32,6,Jackson Park Express,,Sun
13:12:44,146,Inner Lake Shore/Michigan Express,,Sun
17:53:04,62,Archer,,Mon,Tue,Wed,Thu,Fri
10:43:49,29,State,,Sun
16:37:18,29,State,,Sun
18:03:56,62,Archer,,Mon,Tue,Wed,Thu,Fri
10:25:44,146,Inner Lake Shore/Michigan Express,,Sun
20:10:46,29,State,,Sat
08:14:05,62,Archer,,Sun
11:50:18,29,State,,Sat
00:42:03,6,Jackson Park Express,,Tue,Wed,Thu,Fri,Sat
15:11:34,6,Jackson Park Express,,Sun
17:06:03,6,Jackson Park Express,,Sun
10:35:09,146,Inner Lake Shore/Michigan Express,,Mon,Tue,Wed,Thu,Fri
07:11:51,36,Broadway,,Sat
22:49:18,36,Broadway,,Mon,Tue,Wed,Thu,Fri
11:47:18,36,Broadway,,Sat
08:11:28,146,Inner Lake Shore/Michigan Express,,Sat
08:40:17,29,State,,Mon,Tue,Wed,Thu,Fri
17:10:43,36,Broadway,,Mon,Tue,Wed,Thu,Fri
12:31:18,36,Broadway,,Sun
16:45:10,6,Jackson Park Express,,Sat
18:22:18,36,Broadway,,Sun
17:17:09,146,Inner Lake Shore/Michigan Express,,Sat
11:01:18,6,Jackson Park Express,,Sat
10:34:09,146,Inner Lake Shore/Michigan Express,,Sat
16:57:14,36,Broadway,,Sat
18:16:41,2,Hyde Park Express,,Mon,Tue,Wed,Thu,Fri
16:12:18,29,State,,Sun
22:17:14,36,Broadway,,Sat
16:16:47,29,State,,Sat
16:00:47,146,Inner Lake Shore/Michigan Express,,Mon,Tue,Wed,Thu,Fri
10:54:12,62,Archer,,Sat
17:46:43,36,Broadway,,Mon,Tue,Wed,Thu,Fri
17:55:45,29,State,,Mon,Tue,Wed,Thu,Fri
17:28:17,29,State,,Sun
19:47:01,146,Inner Lake Shore/Michigan Express,,Sat
13:23:46,29,State,,Mon,Tue,Wed,Thu,Fri
19:09:18,29,State,,Sun
01:33:57,62,Archer,,Tue,Wed,Thu,Fri,Sat
21:15:06,146,Inner Lake Shore/Michigan Express,,Sun
14:36:45,36,Broadway,,Sat
18:21:16,2,Hyde Park Express,,Mon,Tue,Wed,Thu,Fri
15:58:03,6,Jackson Park Express,,Mon,Tue,Wed,Thu,Fri
22:43:55,6,Jackson Park Express,,Sat
09:52:35,62,Archer,,Sat
16:09:10,6,Jackson Park Express,,Sat
18:19:44,36,Broadway,,Sat
12:36:47,146,Inner Lake Shore/Michigan Express,,Sat
16:37:19,6,Jackson Park Express,,Mon,Tue,Wed,Thu,Fri
08:30:21,29,State,,Sun
11:48:47,146,Inner Lake Shore/Michigan Express,,Sat
20:17:36,146,Inner Lake Shore/Michigan Express,,Sun
09:43:12,62,Archer,,Mon,Tue,Wed,Thu,Fri
05:51:51,36,Broadway,,Sat
18:39:49,62,Archer,,Mon,Tue,Wed,Thu,Fri
21:34:28,146,Inner Lake Shore/Michigan Express,,Sun
06:23:51,29,State,,Sun
20:24:19,62,Archer,,Mon,Tue,Wed,Thu,Fri
14:36:57,62,Archer,,Sat
17:00:09,146,Inner Lake Shore/Michigan Express,,Sat
09:17:52,146,Inner Lake Shore/Michigan Express,,Sat
15:04:34,6,Jackson Park Express,,Sat
17:43:04,62,Archer,,Mon,Tue,Wed,Thu,Fri
15:30:16,36,Broadway,,Mon,Tue,Wed,Thu,Fri
07:54:58,62,Archer,,Sun
14:12:52,146,Inner Lake Shore/Michigan Express,,Sun
08:49:31,146,Inner Lake Shore/Michigan Express,,Mon,Tue,Wed,Thu,Fri
15:44:09,146,Inner Lake Shore/Michigan Express,,Sat
17:37:20,146,Inner Lake Shore/Michigan Express,,Mon,Tue,Wed,Thu,Fri
12:24:18,6,Jackson Park Express,,Sun
12:06:18,36,Broadway,,Sun
08:53:25,146,Inner Lake Shore/Michigan Express,,Mon,Tue,Wed,Thu,Fri
08:49:31,146,Inner Lake Shore/Michigan Express,,Mon,Tue,Wed,Thu,Fri
08:28:13,148,Clarendon/Michigan Express,,Mon,Tue,Wed,Thu,Fri
15:40:48,36,Broadway,,Sun
14:30:18,6,Jackson Park Express,,Sat
08:09:05,148,Clarendon/Michigan Express,,Mon,Tue,Wed,Thu,Fri
18:30:18,29,State,,Sun
13:18:52,146,Inner Lake Shore/Michigan Express,,Sun
14:48:09,146,Inner Lake Shore/Michigan Express,,Sat
12:55:27,62,Archer,,Sat
14:08:17,29,State,,Sat
21:35:36,146,Inner Lake Shore/Michigan Express,,Mon,Tue,Wed,Thu,Fri
08:47:42,62,Archer,,Sat
17:58:09,146,Inner Lake Shore/Michigan Express,,Sat
20:17:36,146,Inner Lake Shore/Michigan Express,,Sun
05:50:20,29,State,,Mon,Tue,Wed,Thu,Fri
20:10:48,29,State,,Sun
00:45:17,29,State,,Sun
09:42:48,6,Jackson Park Express,,Sun
21:34:28,146,Inner Lake Shore/Michigan Express,,Sun
12:18:17,29,State,,Mon,Tue,Wed,Thu,Fri
09:37:39,6,Jackson Park Express,,Sat
17:17:57,62,Archer,,Sat
17:03:46,29,State,,Sat
20:38:14,146,Inner Lake Shore/Michigan Express,,Mon,Tue,Wed,Thu,Fri
16:51:39,146,Inner Lake Shore/Michigan Express,,Sat
23:10:18,29,State,,Mon,Tue,Wed,Thu,Fri
11:16:47,36,Broadway,,Sat
10:24:18,6,Jackson Park Express,,Sat
10:04:09,146,Inner Lake Shore/Michigan Express,,Sat
06:23:50,29,State,,Mon,Tue,Wed,Thu,Fri
21:21:06,146,Inner Lake Shore/Michigan Express,,Mon,Tue,Wed,Thu,Fri
16:53:52,146,Inner Lake Shore/Michigan Express,,Sun
19:15:09,146,Inner Lake Shore/Michigan Express,,Mon,Tue,Wed,Thu,Fri
14:30:52,146,Inner Lake Shore/Michigan Express,,Sun
11:19:44,146,Inner Lake Shore/Michigan Express,,Sun
16:19:12,62,Archer,,Sun
20:28:48,29,State,,Sun
16:00:10,6,Jackson Park Express,,Sat
14:10:46,29,State,,Mon,Tue,Wed,Thu,Fri
00:18:57,62,Archer,,Mon
20:52:18,36,Broadway,,Sun
07:21:27,146,Inner Lake Shore/Michigan Express,,Mon,Tue,Wed,Thu,Fri
15:36:47,29,State,,Sat
09:22:25,6,Jackson Park Express,,Sun
16:27:18,6,Jackson Park Express,,Mon,Tue,Wed,Thu,Fri
19:10:14,146,Inner Lake Shore/Michigan Express,,Sun
16:45:46,29,State,,Sat
09:51:49,36,Broadway,,Sun
23:14:19,36,Broadway,,Sun
13:14:18,36,Broadway,,Sun
06:52:33,146,Inner Lake Shore/Michigan Express,,Sun
15:20:09,146,Inner Lake Shore/Michigan Express,,Sat
20:16:55,6,Jackson Park Express,,Sat
18:21:45,29,State,,Sat
17:10:12,62,Archer,,Sun
23:02:55,6,Jackson Park Express,,Mon,Tue,Wed,Thu,Fri
05:32:20,29,State,,Mon,Tue,Wed,Thu,Fri
10:07:09,146,Inner Lake Shore/Michigan Express,,Mon,Tue,Wed,Thu,Fri
15:18:16,36,Broadway,,Mon,Tue,Wed,Thu,Fri
06:09:33,6,Jackson Park Express,,Mon,Tue,Wed,Thu,Fri
17:21:10,6,Jackson Park Express,,Sat
01:03:57,62,Archer,,Sun
10:11:42,62,Archer,,Sun
11:17:49,29,State,,Sat
19:12:17,29,State,,Mon,Tue,Wed,Thu,Fri
21:31:18,6,Jackson Park Express,,Mon,Tue,Wed,Thu,Fri
16:01:15,29,State,,Mon,Tue,Wed,Thu,Fri
12:05:47,146,Inner Lake Shore/Michigan Express,,Mon,Tue,Wed,Thu,Fri
10:14:09,146,Inner Lake Shore/Michigan Express,,Mon,Tue,Wed,Thu,Fri
22:19:28,146,Inner Lake Shore/Michigan Express,,Mon,Tue,Wed,Thu,Fri
08:08:36,146,Inner Lake Shore/Michigan Express,,Mon,Tue,Wed,Thu,Fri
06:45:06,148,Clarendon/Michigan Express,,Mon,Tue,Wed,Thu,Fri
15:34:11,62,Archer,,Mon,Tue,Wed,Thu,Fri
08:45:49,148,Clarendon/Michigan Express,,Mon,Tue,Wed,Thu,Fri
11:15:34,6,Jackson Park Express,,Mon,Tue,Wed,Thu,Fri
10:58:31,146,Inner Lake Shore/Michigan Express,,Sat
10:05:06,146,Inner Lake Shore/Michigan Express,,Sun
15:50:17,146,Inner Lake Shore/Michigan Express,,Mon,Tue,Wed,Thu,Fri
09:27:10,6,Jackson Park Express,,Mon,Tue,Wed,Thu,Fri
09:26:17,146,Inner Lake Shore/Michigan Express,,Mon,Tue,Wed,Thu,Fri
13:41:01,146,Inner Lake Shore/Michigan Express,,Sat
09:39:17,146,Inner Lake Shore/Michigan Express,,Mon,Tue,Wed,Thu,Fri
17:34:04,62,Archer,,Mon,Tue,Wed,Thu,Fri
06:56:33,6,Jackson Park Express,,Sat
15:34:57,62,Archer,,Sat
13:00:16,36,Broadway,,Mon,Tue,Wed,Thu,Fri
24:03:18,6,Jackson Park Express,,Mon,Tue,Wed,Thu,Fri
22:45:46,29,State,,Sat
17:25:48,36,Broadway,,Sun
20:36:48,36,Broadway,,Sun
19:18:16,2,Hyde Park Express,,Mon,Tue,Wed,Thu,Fri
05:56:47,6,Jackson Park Express,,Mon,Tue,Wed,Thu,Fri
15:28:09,146,Inner Lake Shore/Michigan Express,,Sat
09:56:06,146,Inner Lake Shore/Michigan Express,,Sun
11:12:55,6,Jackson Park Express,,Sat
22:04:49,36,Broadway,,Sun
07:59:41,2,Hyde Park Express,,Mon,Tue,Wed,Thu,Fri
15:28:12,62,Archer,,Sun
10:50:31,146,Inner Lake Shore/Michigan Express,,Sat
09:19:17,29,State,,Mon,Tue,Wed,Thu,Fri
14:42:40,6,Jackson Park Express,,Sun
22:48:48,29,State,,Mon,Tue,Wed,Thu,Fri
16:26:41,62,Archer,,Mon,Tue,Wed,Thu,Fri
13:51:04,6,Jackson Park Express,,Sat
09:16:34,6,Jackson Park Express,,Mon,Tue,Wed,Thu,Fri
11:57:18,6,Jackson Park Express,,Sun
22:15:04,6,Jackson Park Express,,Mon,Tue,Wed,Thu,Fri
11:46:19,62,Archer,,Sat
16:54:18,36,Broadway,,Sun
14:11:10,6,Jackson Park Express,,Sun
09:26:19,148,Clarendon/Michigan Express,,Mon,Tue,Wed,Thu,Fri
18:09:16,2,Hyde Park Express,,Mon,Tue,Wed,Thu,Fri
20:41:16,29,State,,Sat
06:04:21,36,Broadway,,Mon,Tue,Wed,Thu,Fri
14:21:39,146,Inner Lake Shore/Michigan Express,,Sat
09:36:28,146,Inner Lake Shore/Michigan Express,,Sun
14:59:41,62,Archer,,Mon,Tue,Wed,Thu,Fri
14:32:48,29,State,,Sun
12:12:47,146,Inner Lake Shore/Michigan Express,,Sat
05:03:52,36,Broadway,,Mon,Tue,Wed,Thu,Fri
06:53:21,36,Broadway,,Sat
17:48:12,146,Inner Lake Shore/Michigan Express,,Mon,Tue,Wed,Thu,Fri
12:31:17,29,State,,Mon,Tue,Wed,Thu,Fri
10:23:50,36,Broadway,,Sun
23:47:48,6,Jackson Park Express,,Mon,Tue,Wed,Thu,Fri
01:33:57,62,Archer,,Mon
10:21:18,29,State,,Mon,Tue,Wed,Thu,Fri
17:41:39,146,Inner Lake Shore/Michigan Express,,Sat
15:24:40,6,Jackson Park Express,,Sun
06:58:18,29,State,,Mon,Tue,Wed,Thu,Fri
17:50:09,146,Inner Lake Shore/Michigan Express,,Sat
18:29:22,146,Inner Lake Shore/Michigan Express,,Sun
06:39:03,6,Jackson Park Express,,Sat
20:12:18,6,Jackson Park Express,,Sat
11:26:48,6,Jackson Park Express,,Sun
22:27:18,6,Jackson Park Express,,Sun
12:44:17,29,State,,Mon,Tue,Wed,Thu,Fri
10:01:39,6,Jackson Park Express,,Sat
15:30:16,36,Broadway,,Mon,Tue,Wed,Thu,Fri
09:37:18,6,Jackson Park Express,,Sat
08:42:46,36,Broadway,,Mon,Tue,Wed,Thu,Fri
19:41:46,29,State,,Sat
18:58:16,29,State,,Mon,Tue,Wed,Thu,Fri
17:07:19,6,Jackson Park Express,,Mon,Tue,Wed,Thu,Fri
01:04:32,6,Jackson Park Express,,Sun
19:47:04,6,Jackson Park Express,,Sat
21:23:48,6,Jackson Park Express,,Sat
02:33:57,62,Archer,,Mon
07:57:02,148,Clarendon/Michigan Express,,Mon,Tue,Wed,Thu,Fri
18:47:18,36,Broadway,,Sun
16:14:34,6,Jackson Park Express,,Sun
08:14:42,62,Archer,,Mon,Tue,Wed,Thu,Fri
18:43:45,29,State,,Sat
07:26:42,62,Archer,,Mon,Tue,Wed,Thu,Fri
12:35:34,6,Jackson Park Express,,Mon,Tue,Wed,Thu,Fri
12:45:44,146,Inner Lake Shore/Michigan Express,,Sun
15:57:16,2,Hyde Park Express,,Mon,Tue,Wed,Thu,Fri
12:43:18,36,Broadway,,Sun
16:00:52,146,Inner Lake Shore/Michigan Express,,Sun
10:09:18,29,State,,Mon,Tue,Wed,Thu,Fri
15:39:47,146,Inner Lake Shore/Michigan Express,,Mon,Tue,Wed,Thu,Fri
15:46:47,29,State,,Sat
06:12:50,36,Broadway,,Sun
09:45:52,146,Inner Lake Shore/Michigan Express,,Mon,Tue,Wed,Thu,Fri
14:44:17,29,State,,Sat
14:21:52,146,Inner Lake Shore/Michigan Express,,Sun
20:47:19,29,State,,Sun
10:43:44,146,Inner Lake Shore/Michigan Express,,Sun
14:37:18,36,Broadway,,Sun
07:52:01,146,Inner Lake Shore/Michigan Express,,Mon,Tue,Wed,Thu,Fri
04:48:50,36,Broadway,,Sun
11:26:48,6,Jackson Park Express,,Mon,Tue,Wed,Thu,Fri
13:51:46,36,Broadway,,Mon,Tue,Wed,Thu,Fri
19:59:34,6,Jackson Park Express,,Mon,Tue,Wed,Thu,Fri
20:55:06,146,Inner Lake Shore/Michigan Express,,Sun
11:28:17,36,Broadway,,Mon,Tue,Wed,Thu,Fri
17:50:09,146,Inner Lake Shore/Michigan Express,,Sat
08:08:17,36,Broadway,,Mon,Tue,Wed,Thu,Fri
12:02:34,6,Jackson Park Express,,Mon,Tue,Wed,Thu,Fri
05:26:21,36,Broadway,,Mon,Tue,Wed,Thu,Fri
20:48:18,6,Jackson Park Express,,Sat
16:04:04,6,Jackson Park Express,,Sun
14:55:45,29,State,,Mon,Tue,Wed,Thu,Fri
19:32:57,62,Archer,,Sun
22:08:47,29,State,,Mon,Tue,Wed,Thu,Fri
21:12:46,29,State,,Sat
18:59:10,6,Jackson Park Express,,Sun
22:53:28,146,Inner Lake Shore/Michigan Express,,Sun
15:35:17,29,State,,Sun
07:02:44,146,Inner Lake Shore/Michigan Express,,Mon,Tue,Wed,Thu,Fri
07:50:42,62,Archer,,Mon,Tue,Wed,Thu,Fri
21:17:25,6,Jackson Park Express,,Sat
17:51:19,6,Jackson Park Express,,Mon,Tue,Wed,Thu,Fri
17:22:43,36,Broadway,,Mon,Tue,Wed,Thu,Fri
12:06:18,36,Broadway,,Sun
08:30:52,146,Inner Lake Shore/Michigan Express,,Mon,Tue,Wed,Thu,Fri
18:36:39,146,Inner Lake Shore/Michigan Express,,Sat
23:07:50,29,State,,Sun
10:36:55,6,Jackson Park Express,,Sat
23:10:18,29,State,,Mon,Tue,Wed,Thu,Fri
22:30:48,6,Jackson Park Express,,Sun
17:48:12,146,Inner Lake Shore/Michigan Express,,Mon,Tue,Wed,Thu,Fri
10:29:19,29,State,,Sat
13:27:52,146,Inner Lake Shore/Michigan Express,,Sun
05:49:20,62,Archer,,Sat
06:18:58,146,Inner Lake Shore/Michigan Express,,Mon,Tue,Wed,Thu,Fri
19:15:03,6,Jackson Park Express,,Mon,Tue,Wed,Thu,Fri
08:31:28,146,Inner Lake Shore/Michigan Express,,Sat
10:43:12,62,Archer,,Mon,Tue,Wed,Thu,Fri
14:41:46,36,Broadway,,Mon,Tue,Wed,Thu,Fri
12:18:17,29,State,,Mon,Tue,Wed,Thu,Fri
22:19:57,62,Archer,,Mon,Tue,Wed,Thu,Fri
15:48:04,6,Jackson Park Express,,Sat
08:21:42,62,Archer,,Sat
11:39:48,36,Broadway,,Sun
17:27:42,62,Archer,,Sun
06:47:48,6,Jackson Park Express,,Mon,Tue,Wed,Thu,Fri
10:28:34,6,Jackson Park Express,,Mon,Tue,Wed,Thu,Fri
16:06:47,29,State,,Sat
16:46:43,36,Broadway,,Mon,Tue,Wed,Thu,Fri
02:03:57,62,Archer,,Mon
11:06:31,146,Inner Lake Shore/Michigan Express,,Sat
20:33:48,36,Broadway,,Mon,Tue,Wed,Thu,Fri
13:03:17,29,State,,Sat
13:28:49,62,Archer,,Mon,Tue,Wed,Thu,Fri
07:05:28,62,Archer,,Sat
17:46:03,6,Jackson Park Express,,Sun
10:26:39,146,Inner Lake Shore/Michigan Express,,Sat
18:43:45,29,State,,Sat
19:55:27,62,Archer,,Sun
21:56:44,146,Inner Lake Shore/Michigan Express,,Sat
08:26:47,29,State,,Mon,Tue,Wed,Thu,Fri
09:12:33,6,Jackson Park Express,,Sat
16:17:11,62,Archer,,Mon,Tue,Wed,Thu,Fri
07:16:50,62,Archer,,Sun
20:23:14,146,Inner Lake Shore/Michigan Express,,Mon,Tue,Wed,Thu,Fri
14:57:52,146,Inner Lake Shore/Michigan Express,,Sun
10:42:31,146,Inner Lake Shore/Michigan Express,,Sat
16:58:43,36,Broadway,,Mon,Tue,Wed,Thu,Fri
10:06:50,29,State,,Sun
22:30:16,29,State,,Sat
16:09:16,2,Hyde Park Express,,Mon,Tue,Wed,Thu,Fri
12:15:22,146,Inner Lake Shore/Michigan Express,,Sun
09:29:20,29,State,,Sun
16:53:12,62,Archer,,Sun
12:34:16,36,Broadway,,Mon,Tue,Wed,Thu,Fri
20:39:52,146,Inner Lake Shore/Michigan Express,,Sat
13:33:16,36,Broadway,,Sat
07:30:50,36,Broadway,,Sat
16:46:55,146,Inner Lake Shore/Michigan Express,,Mon,Tue,Wed,Thu,Fri
19:28:46,29,State,,Sat
16:56:03,6,Jackson Park Express,,Sun
10:11:39,146,Inner Lake Shore/Michigan Express,,Sat
08:09:21,29,State,,Sun
23:47:55,6,Jackson Park Express,,Mon,Tue,Wed,Thu,Fri
10:13:12,62,Archer,,Mon,Tue,Wed,Thu,Fri
17:13:12,146,Inner Lake Shore/Michigan Express,,Mon,Tue,Wed,Thu,Fri
14:39:52,146,Inner Lake Shore/Michigan Express,,Sun
20:18:57,62,Archer,,Sat
08:25:40,6,Jackson Park Express,,Mon,Tue,Wed,Thu,Fri
01:04:37,62,Archer,,Mon
08:35:17,146,Inner Lake Shore/Michigan Express,,Mon,Tue,Wed,Thu,Fri
19:12:57,62,Archer,,Sun
08:29:20,146,Inner Lake Shore/Michigan Express,,Sun
17:36:18,36,Broadway,,Sun
16:02:12,62,Archer,,Sun
01:33:57,62,Archer,,Sun
21:15:04,6,Jackson Park Express,,Mon,Tue,Wed,Thu,Fri
16:17:56,6,Jackson Park Express,,Mon,Tue,Wed,Thu,Fri
12:33:22,146,Inner Lake Shore/Michigan Express,,Sun
16:20:44,36,Broadway,,Mon,Tue,Wed,Thu,Fri
07:41:09,148,Clarendon/Michigan Express,,Mon,Tue,Wed,Thu,Fri
21:13:17,36,Broadway,,Mon,Tue,Wed,Thu,Fri
00:15:20,29,State,,Mon
14:33:46,29,State,,Mon,Tue,Wed,Thu,Fri
16:26:09,146,Inner Lake Shore/Michigan Express,,Sat
11:37:44,146,Inner Lake Shore/Michigan Express,,Sun
11:05:39,146,Inner Lake Shore/Michigan Express,,Mon,Tue,Wed,Thu,Fri
16:34:17,146,Inner Lake Shore/Michigan Express,,Mon,Tue,Wed,Thu,Fri
16:53:52,146,Inner Lake Shore/Michigan Express,,Sun
07:35:40,6,Jackson Park Express,,Mon,Tue,Wed,Thu,Fri
20:40:48,6,Jackson Park Express,,Sun
14:00:45,36,Broadway,,Sat
13:03:18,36,Broadway,,Sun
22:10:12,62,Archer,,Sun
17:05:14,36,Broadway,,Sat
11:22:31,146,Inner Lake Shore/Michigan Express,,Sat
07:58:18,36,Broadway,,Mon,Tue,Wed,Thu,Fri
23:16:57,62,Archer,,Sat
08:44:17,146,Inner Lake Shore/Michigan Express,,Mon,Tue,Wed,Thu,Fri
16:47:19,6,Jackson Park Express,,Mon,Tue,Wed,Thu,Fri
06:33:11,146,Inner Lake Shore/Michigan Express,,Sat
10:43:44,146,Inner Lake Shore/Michigan Express,,Sun
14:21:39,146,Inner Lake Shore/Michigan Express,,Sat
23:10:18,36,Broadway,,Mon,Tue,Wed,Thu,Fri
09:43:26,148,Clarendon/Michigan Express,,Mon,Tue,Wed,Thu,Fri
14:37:12,62,Archer,,Sun
11:17:49,29,State,,Sat
08:09:41,2,Hyde Park Express,,Mon,Tue,Wed,Thu,Fri
11:28:19,62,Archer,,Mon,Tue,Wed,Thu,Fri
11:02:40,6,Jackson Park Express,,Mon,Tue,Wed,Thu,Fri
07:01:50,29,State,,Sat
18:15:10,6,Jackson Park Express,,Sat
21:15:06,146,Inner Lake Shore/Michigan Express,,Sun
06:34:02,6,Jackson Park Express,,Mon,Tue,Wed,Thu,Fri
07:15:18,29,State,,Mon,Tue,Wed,Thu,Fri
12:12:34,6,Jackson Park Express,,Sun
19:22:34,6,Jackson Park Express,,Mon,Tue,Wed,Thu,Fri
23:34:57,62,Archer,,Sat
20:41:16,29,State,,Sat
21:18:12,62,Archer,,Mon,Tue,Wed,Thu,Fri
22:57:55,6,Jackson Park Express,,Sat
05:43:33,6,Jackson Park Express,,Sat
15:50:17,146,Inner Lake Shore/Michigan Express,,Mon,Tue,Wed,Thu,Fri
10:59:27,62,Archer,,Sun
05:26:21,36,Broadway,,Mon,Tue,Wed,Thu,Fri
11:25:18,36,Broadway,,Sun
14:08:34,6,Jackson Park Express,,Mon,Tue,Wed,Thu,Fri
21:07:19,29,State,,Sun
21:28:16,29,State,,Sat
15:04:09,146,Inner Lake Shore/Michigan Express,,Sat
07:47:20,36,Broadway,,Sat
12:24:34,6,Jackson Park Express,,Mon,Tue,Wed,Thu,Fri
19:17:09,146,Inner Lake Shore/Michigan Express,,Sat
18:20:12,62,Archer,,Sun
19:26:31,146,Inner Lake Shore/Michigan Express,,Mon,Tue,Wed,Thu,Fri
09:06:17,29,State,,Mon,Tue,Wed,Thu,Fri
22:42:18,6,Jackson Park Express,,Sat
16:16:47,29,State,,Sat
18:56:18,29,State,,Sun
22:14:46,29,State,,Sat
10:58:48,36,Broadway,,Mon,Tue,Wed,Thu,Fri
08:12:47,29,State,,Mon,Tue,Wed,Thu,Fri
10:59:18,6,Jackson Park Express,,Sun
12:38:27,62,Archer,,Sun
12:14:48,6,Jackson Park Express,,Mon,Tue,Wed,Thu,Fri
22:37:19,36,Broadway,,Sun
08:59:46,36,Broadway,,Mon,Tue,Wed,Thu,Fri
09:34:50,36,Broadway,,Sun
21:16:57,62,Archer,,Sat
17:02:18,29,State,,Sun
01:03:57,62,Archer,,Tue,Wed,Thu,Fri,Sat
18:49:09,146,Inner Lake Shore/Michigan Express,,Sat
12:43:18,36,Broadway,,Sun
08:14:09,146,Inner Lake Shore/Michigan Express,,Mon,Tue,Wed,Thu,Fri
13:03:17,29,State,,Sat
08:19:44,146,Inner Lake Shore/Michigan Express,,Mon,Tue,Wed,Thu,Fri
19:21:42,62,Archer,,Mon,Tue,Wed,Thu,Fri
20:02:11,36,Broadway,,Sat
15:50:15,29,State,,Mon,Tue,Wed,Thu,Fri
15:06:52,146,Inner Lake Shore/Michigan Express,,Sun
18:37:35,62,Archer,,Sun
19:09:34,6,Jackson Park Express,,Sat
13:16:17,146,Inner Lake Shore/Michigan Express,,Mon,Tue,Wed,Thu,Fri
11:12:47,29,State,,Mon,Tue,Wed,Thu,Fri
15:20:09,146,Inner Lake Shore/Michigan Express,,Sat
16:11:17,146,Inner Lake Shore/Michigan Express,,Mon,Tue,Wed,Thu,Fri
05:40:33,6,Jackson Park Express,,Mon,Tue,Wed,Thu,Fri
16:21:11,2,Hyde Park Express,,Mon,Tue,Wed,Thu,Fri
08:43:50,29,State,,Sat
19:58:36,146,Inner Lake Shore/Michigan Express,,Sun
08:40:13,148,Clarendon/Michigan Express,,Mon,Tue,Wed,Thu,Fri
11:48:57,62,Archer,,Sun
17:22:43,36,Broadway,,Mon,Tue,Wed,Thu,Fri
18:04:48,29,State,,Sun
23:50:19,36,Broadway,,Mon,Tue,Wed,Thu,Fri
09:11:46,36,Broadway,,Mon,Tue,Wed,Thu,Fri
21:54:28,146,Inner Lake Shore/Michigan Express,,Sun
10:43:49,29,State,,Sun
10:39:10,6,Jackson Park Express,,Mon,Tue,Wed,Thu,Fri
17:07:14,2,Hyde Park Express,,Mon,Tue,Wed,Thu,Fri
17:07:45,29,State,,Mon,Tue,Wed,Thu,Fri
08:37:33,6,Jackson Park Express,,Sat
20:14:47,29,State,,Mon,Tue,Wed,Thu,Fri
16:57:19,6,Jackson Park Express,,Mon,Tue,Wed,Thu,Fri
16:12:15,29,State,,Mon,Tue,Wed,Thu,Fri
18:02:42,62,Archer,,Sun
13:37:17,146,Inner Lake Shore/Michigan Express,,Mon,Tue,Wed,Thu,Fri
20:57:16,29,State,,Sat
07:24:22,148,Clarendon/Michigan Express,,Mon,Tue,Wed,Thu,Fri
15:45:41,62,Archer,,Mon,Tue,Wed,Thu,Fri
08:14:09,146,Inner Lake Shore/Michigan Express,,Mon,Tue,Wed,Thu,Fri
22:36:14,146,Inner Lake Shore/Michigan Express,,Sat
20:41:19,62,Archer,,Mon,Tue,Wed,Thu,Fri
21:44:18,6,Jackson Park Express,,Sun
12:06:18,36,Broadway,,Sat
14:08:56,62,Archer,,Mon,Tue,Wed,Thu,Fri
17:04:48,36,Broadway,,Sun
12:46:34,6,Jackson Park Express,,Mon,Tue,Wed,Thu,Fri
14:55:17,29,State,,Sat
15:30:18,36,Broadway,,Sun
05:39:47,6,Jackson Park Express,,Mon,Tue,Wed,Thu,Fri
17:41:46,29,State,,Sat
14:22:04,62,Archer,,Mon,Tue,Wed,Thu,Fri
18:01:55,146,Inner Lake Shore/Michigan Express,,Mon,Tue,Wed,Thu,Fri
12:54:44,146,Inner Lake Shore/Michigan Express,,Sun
14:33:46,29,State,,Mon,Tue,Wed,Thu,Fri
08:34:42,62,Archer,,Sat
18:56:18,29,State,,Sun
11:50:18,29,State,,Sat
16:17:19,6,Jackson Park Express,,Mon,Tue,Wed,Thu,Fri
17:25:48,36,Broadway,,Sun
08:51:25,6,Jackson Park Express,,Sun
10:46:47,29,State,,Mon,Tue,Wed,Thu,Fri
15:16:45,29,State,,Mon,Tue,Wed,Thu,Fri
19:47:34,6,Jackson Park Express,,Mon,Tue,Wed,Thu,Fri
21:29:47,29,State,,Mon,Tue,Wed,Thu,Fri
06:21:03,6,Jackson Park Express,,Sat
22:27:19,29,State,,Sun
10:15:10,6,Jackson Park Express,,Mon,Tue,Wed,Thu,Fri
18:30:39,146,Inner Lake Shore/Michigan Express,,Mon,Tue,Wed,Thu,Fri
15:32:34,6,Jackson Park Express,,Sun
08:53:25,146,Inner Lake Shore/Michigan Express,,Mon,Tue,Wed,Thu,Fri
10:56:17,36,Broadway,,Sat
17:51:16,29,State,,Sat
23:49:57,62,Archer,,Sat
09:14:55,146,Inner Lake Shore/Michigan Express,,Mon,Tue,Wed,Thu,Fri
08:12:50,146,Inner Lake Shore/Michigan Express,,Sun
08:25:03,6,Jackson Park Express,,Sun
16:06:04,6,Jackson Park Express,,Sat
19:41:40,6,Jackson Park Express,,Sun
17:23:44,36,Broadway,,Sat
12:20:47,146,Inner Lake Shore/Michigan Express,,Sat
15:38:03,6,Jackson Park Express,,Mon,Tue,Wed,Thu,Fri
07:07:20,36,Broadway,,Mon,Tue,Wed,Thu,Fri
08:34:16,36,Broadway,,Mon,Tue,Wed,Thu,Fri
06:02:33,6,Jackson Park Express,,Sat
08:04:50,29,State,,Sat
08:51:49,2,Hyde Park Express,,Mon,Tue,Wed,Thu,Fri
12:21:16,36,Broadway,,Mon,Tue,Wed,Thu,Fri
09:59:44,146,Inner Lake Shore/Michigan Express,,Mon,Tue,Wed,Thu,Fri
13:04:47,36,Broadway,,Sat
11:50:48,6,Jackson Park Express,,Mon,Tue,Wed,Thu,Fri
17:24:39,146,Inner Lake Shore/Michigan Express,,Sat
10:41:12,62,Archer,,Sat
23:28:20,29,State,,Sun
08:00:28,146,Inner Lake Shore/Michigan Express,,Sat
14:21:52,146,Inner Lake Shore/Michigan Express,,Sun
20:01:12,62,Archer,,Sat
08:34:13,148,Clarendon/Michigan Express,,Mon,Tue,Wed,Thu,Fri
15:06:15,29,State,,Mon,Tue,Wed,Thu,Fri
07:53:09,6,Jackson Park Express,,Sat
10:14:09,146,Inner Lake Shore/Michigan Express,,Mon,Tue,Wed,Thu,Fri
13:37:17,146,Inner Lake Shore/Michigan Express,,Mon,Tue,Wed,Thu,Fri
14:30:52,146,Inner Lake Shore/Michigan Express,,Sun
10:09:18,29,State,,Mon,Tue,Wed,Thu,Fri
19:53:52,146,Inner Lake Shore/Michigan Express,,Mon,Tue,Wed,Thu,Fri
00:44:50,29,State,,Mon
21:29:34,6,Jackson Park Express,,Mon,Tue,Wed,Thu,Fri
21:23:18,36,Broadway,,Sun
22:07:19,29,State,,Sun
15:14:10,6,Jackson Park Express,,Sun
08:43:20,36,Broadway,,Sun
13:10:47,29,State,,Mon,Tue,Wed,Thu,Fri
22:31:41,36,Broadway,,Sat
23:12:55,6,Jackson Park Express,,Sun
08:59:36,146,Inner Lake Shore/Michigan Express,,Sat
11:23:47,146,Inner Lake Shore/Michigan Express,,Mon,Tue,Wed,Thu,Fri
16:03:57,62,Archer,,Sat
09:45:52,146,Inner Lake Shore/Michigan Express,,Mon,Tue,Wed,Thu,Fri
16:33:34,6,Jackson Park Express,,Sat
13:47:17,146,Inner Lake Shore/Michigan Express,,Mon,Tue,Wed,Thu,Fri
23:01:16,29,State,,Sat
12:06:22,146,Inner Lake Shore/Michigan Express,,Sun
17:38:52,146,Inner Lake Shore/Michigan Express,,Sun
17:57:48,36,Broadway,,Sun
06:41:58,146,Inner Lake Shore/Michigan Express,,Mon,Tue,Wed,Thu,Fri
14:00:48,29,State,,Sun
13:03:44,146,Inner Lake Shore/Michigan Express,,Sun
03:33:57,62,Archer,,Sat
04:03:57,62,Archer,,Mon,Tue,Wed,Thu,Fri
16:24:48,29,State,,Sun
16:29:44,36,Broadway,,Sat
14:07:17,146,Inner Lake Shore/Michigan Express,,Mon,Tue,Wed,Thu,Fri
11:26:17,29,State,,Mon,Tue,Wed,Thu,Fri
09:51:17,36,Broadway,,Mon,Tue,Wed,Thu,Fri
11:33:19,62,Archer,,Sat
11:46:19,62,Archer,,Sat
12:50:40,6,Jackson Park Express,,Mon,Tue,Wed,Thu,Fri
14:51:27,62,Archer,,Sat
22:27:48,29,State,,Mon,Tue,Wed,Thu,Fri
15:28:12,62,Archer,,Sun
07:35:48,36,Broadway,,Mon,Tue,Wed,Thu,Fri
04:33:57,62,Archer,,Sat
10:05:12,62,Archer,,Sat
15:29:17,146,Inner Lake Shore/Michigan Express,,Mon,Tue,Wed,Thu,Fri
12:40:57,62,Archer,,Sat
03:33:57,62,Archer,,Sat
14:55:34,6,Jackson Park Express,,Sat
19:41:46,29,State,,Sat
08:38:39,6,Jackson Park Express,,Sat
09:29:19,36,Broadway,,Sat
14:49:18,29,State,,Sun
15:26:47,29,State,,Sat
08:10:10,148,Clarendon/Michigan Express,,Mon,Tue,Wed,Thu,Fri
08:40:03,6,Jackson Park Express,,Sun
18:32:45,29,State,,Sat
17:00:04,146,Inner Lake Shore/Michigan Express,,Mon,Tue,Wed,Thu,Fri
14:58:18,36,Broadway,,Sun
19:02:33,6,Jackson Park Express,,Mon,Tue,Wed,Thu,Fri
21:19:48,6,Jackson Park Express,,Sun
16:34:15,29,State,,Mon,Tue,Wed,Thu,Fri
18:10:46,29,State,,Sat
14:45:45,36,Broadway,,Sat
07:18:49,2,Hyde Park Express,,Mon,Tue,Wed,Thu,Fri
16:54:46,29,State,,Sat
10:43:18,6,Jackson Park Express,,Sun
20:10:46,29,State,,Sat
09:56:53,148,Clarendon/Michigan Express,,Mon,Tue,Wed,Thu,Fri
15:20:27,62,Archer,,Sat
14:08:56,62,Archer,,Mon,Tue,Wed,Thu,Fri
13:57:17,146,Inner Lake Shore/Michigan Express,,Mon,Tue,Wed,Thu,Fri
11:42:48,6,Jackson Park Express,,Sat
09:11:49,36,Broadway,,Sat
08:52:04,6,Jackson Park Express,,Mon,Tue,Wed,Thu,Fri
16:22:17,146,Inner Lake Shore/Michigan Express,,Mon,Tue,Wed,Thu,Fri
13:55:18,36,Broadway,,Sun
14:48:09,146,Inner Lake Shore/Michigan Express,,Sat
21:29:47,29,State,,Mon,Tue,Wed,Thu,Fri
22:55:19,36,Broadway,,Sun
11:11:18,6,Jackson Park Express,,Sun
12:55:05,62,Archer,,Sun
19:53:48,29,State,,Sun
11:00:55,6,Jackson Park Express,,Sat
21:28:16,29,State,,Sat
13:16:17,146,Inner Lake Shore/Michigan Express,,Mon,Tue,Wed,Thu,Fri
22:20:19,36,Broadway,,Sun
22:57:18,6,Jackson Park Express,,Sun
08:42:46,36,Broadway,,Mon,Tue,Wed,Thu,Fri
09:20:31,146,Inner Lake Shore/Michigan Express,,Mon,Tue,Wed,Thu,Fri
15:03:40,6,Jackson Park Express,,Sun
18:35:15,36,Broadway,,Mon,Tue,Wed,Thu,Fri
17:37:14,2,Hyde Park Express,,Mon,Tue,Wed,Thu,Fri
00:33:57,62,Archer,,Mon
12:23:49,29,State,,Sun
20:01:12,62,Archer,,Sat
19:36:34,62,Archer,,Mon,Tue,Wed,Thu,Fri
12:26:17,36,Broadway,,Sat
11:11:48,36,Broadway,,Sun
05:29:20,62,Archer,,Sat
00:03:57,62,Archer,,Mon
23:50:20,29,State,,Sun
02:03:57,62,Archer,,Sun
20:14:47,29,State,,Mon,Tue,Wed,Thu,Fri
18:25:09,146,Inner Lake Shore/Michigan Express,,Sat
12:05:18,29,State,,Sat
21:06:48,6,Jackson Park Express,,Sun
07:19:47,6,Jackson Park Express,,Sat
16:21:16,2,Hyde Park Express,,Mon,Tue,Wed,Thu,Fri
07:00:06,148,Clarendon/Michigan Express,,Mon,Tue,Wed,Thu,Fri
09:51:10,6,Jackson Park Express,,Mon,Tue,Wed,Thu,Fri
11:32:48,6,Jackson Park Express,,Sat
20:18:57,62,Archer,,Sat
19:51:27,62,Archer,,Mon,Tue,Wed,Thu,Fri
12:40:57,62,Archer,,Sat
07:15:14,148,Clarendon/Michigan Express,,Mon,Tue,Wed,Thu,Fri
03:03:57,62,Archer,,Sun
17:58:09,146,Inner Lake Shore/Michigan Express,,Sat
14:41:46,36,Broadway,,Mon,Tue,Wed,Thu,Fri
06:33:11,146,Inner Lake Shore/Michigan Express,,Sat
20:30:44,36,Broadway,,Sat
06:01:28,62,Archer,,Mon,Tue,Wed,Thu,Fri
09:39:17,146,Inner Lake Shore/Michigan Express,,Mon,Tue,Wed,Thu,Fri
08:53:49,36,Broadway,,Sat
15:12:09,146,Inner Lake Shore/Michigan Express,,Sat
14:36:45,36,Broadway,,Sat
07:48:48,36,Broadway,,Mon,Tue,Wed,Thu,Fri
06:31:58,146,Inner Lake Shore/Michigan Express,,Mon,Tue,Wed,Thu,Fri
14:22:27,62,Archer,,Sat
19:51:27,62,Archer,,Mon,Tue,Wed,Thu,Fri
16:00:52,146,Inner Lake Shore/Michigan Express,,Sun
15:56:41,62,Archer,,Mon,Tue,Wed,Thu,Fri
07:23:18,6,Jackson Park Express,,Mon,Tue,Wed,Thu,Fri
19:09:34,6,Jackson Park Express,,Mon,Tue,Wed,Thu,Fri
11:54:17,36,Broadway,,Mon,Tue,Wed,Thu,Fri
09:11:49,36,Broadway,,Sat
18:17:10,6,Jackson Park Express,,Sun
07:22:49,36,Broadway,,Mon,Tue,Wed,Thu,Fri
16:43:09,146,Inner Lake Shore/Michigan Express,,Sat
11:55:47,146,Inner Lake Shore/Michigan Express,,Mon,Tue,Wed,Thu,Fri
23:29:49,36,Broadway,,Mon,Tue,Wed,Thu,Fri
15:42:16,36,Broadway,,Mon,Tue,Wed,Thu,Fri
09:14:55,146,Inner Lake Shore/Michigan Express,,Mon,Tue,Wed,Thu,Fri
14:03:52,146,Inner Lake Shore/Michigan Express,,Sun
08:21:43,148,Clarendon/Michigan Express,,Mon,Tue,Wed,Thu,Fri
19:05:48,6,Jackson Park Express,,Sat
20:52:10,6,Jackson Park Express,,Mon,Tue,Wed,Thu,Fri
04:33:57,62,Archer,,Mon,Tue,Wed,Thu,Fri
04:33:57,62,Archer,,Mon,Tue,Wed,Thu,Fri
16:06:47,29,State,,Sat
08:50:06,146,Inner Lake Shore/Michigan Express,,Sat
14:32:48,29,State,,Sun
14:29:39,146,Inner Lake Shore/Michigan Express,,Sat
06:18:21,29,State,,Sat
06:53:06,146,Inner Lake Shore/Michigan Express,,Mon,Tue,Wed,Thu,Fri
13:06:17,146,Inner Lake Shore/Michigan Express,,Mon,Tue,Wed,Thu,Fri
00:13:49,29,State,,Tue,Wed,Thu,Fri,Sat
07:02:44,146,Inner Lake Shore/Michigan Express,,Mon,Tue,Wed,Thu,Fri
18:06:09,146,Inner Lake Shore/Michigan Express,,Sat
23:13:28,146,Inner Lake Shore/Michigan Express,,Mon,Tue,Wed,Thu,Fri
19:03:16,2,Hyde Park Express,,Mon,Tue,Wed,Thu,Fri
23:16:57,62,Archer,,Sat
17:11:11,62,Archer,,Mon,Tue,Wed,Thu,Fri
20:59:52,146,Inner Lake Shore/Michigan Express,,Sat
09:47:06,146,Inner Lake Shore/Michigan Express,,Sun
14:08:34,6,Jackson Park Express,,Sun
22:42:27,62,Archer,,Mon,Tue,Wed,Thu,Fri
24:20:17,36,Broadway,,Sat
07:14:35,62,Archer,,Mon,Tue,Wed,Thu,Fri
13:51:45,36,Broadway,,Sat
17:47:48,6,Jackson Park Express,,Mon,Tue,Wed,Thu,Fri
06:45:50,29,State,,Sun
21:27:19,29,State,,Sun
10:14:06,146,Inner Lake Shore/Michigan Express,,Sun
18:29:43,36,Broadway,,Sat
18:55:14,146,Inner Lake Shore/Michigan Express,,Sun
16:10:01,146,Inner Lake Shore/Michigan Express,,Sat
07:48:48,36,Broadway,,Mon,Tue,Wed,Thu,Fri
19:17:16,29,State,,Sat
09:38:19,29,State,,Sat
23:57:15,36,Broadway,,Sat
17:29:52,146,Inner Lake Shore/Michigan Express,,Sun
12:46:17,146,Inner Lake Shore/Michigan Express,,Mon,Tue,Wed,Thu,Fri
20:15:48,6,Jackson Park Express,,Sun
21:19:52,146,Inner Lake Shore/Michigan Express,,Sat
23:49:42,62,Archer,,Mon,Tue,Wed,Thu,Fri
16:22:48,36,Broadway,,Sun
09:51:17,36,Broadway,,Mon,Tue,Wed,Thu,Fri
06:07:20,29,State,,Mon,Tue,Wed,Thu,Fri
17:40:17,29,State,,Sun
10:26:19,29,State,,Sun
11:43:55,146,Inner Lake Shore/Michigan Express,,Mon,Tue,Wed,Thu,Fri
19:19:41,36,Broadway,,Sat
19:04:34,6,Jackson Park Express,,Sun
07:51:03,6,Jackson Park Express,,Sun
17:32:16,29,State,,Sat
09:49:39,6,Jackson Park Express,,Sat
22:04:36,146,Inner Lake Shore/Michigan Express,,Mon,Tue,Wed,Thu,Fri
13:50:10,6,Jackson Park Express,,Sun
05:51:50,36,Broadway,,Sun
09:25:16,36,Broadway,,Mon,Tue,Wed,Thu,Fri
11:07:12,62,Archer,,Sat
15:48:03,6,Jackson Park Express,,Mon,Tue,Wed,Thu,Fri
17:57:10,6,Jackson Park Express,,Sat
08:40:17,29,State,,Mon,Tue,Wed,Thu,Fri
10:12:19,29,State,,Sat
08:13:10,6,Jackson Park Express,,Mon,Tue,Wed,Thu,Fri
22:49:18,36,Broadway,,Mon,Tue,Wed,Thu,Fri
18:18:45,29,State,,Mon,Tue,Wed,Thu,Fri
08:34:16,36,Broadway,,Mon,Tue,Wed,Thu,Fri
23:57:25,6,Jackson Park Express,,Sat
09:27:03,6,Jackson Park Express,,Sun
09:45:17,29,State,,Mon,Tue,Wed,Thu,Fri
14:12:52,146,Inner Lake Shore/Michigan Express,,Sun
11:20:12,62,Archer,,Sat
23:48:17,29,State,,Sat
07:35:48,36,Broadway,,Mon,Tue,Wed,Thu,Fri
13:24:27,62,Archer,,Sat
09:41:39,146,Inner Lake Shore/Michigan Express,,Sat
22:20:19,36,Broadway,,Sun
07:24:28,62,Archer,,Sat
22:36:14,146,Inner Lake Shore/Michigan Express,,Sat
07:03:11,146,Inner Lake Shore/Michigan Express,,Sat
12:54:47,36,Broadway,,Sat
10:50:09,146,Inner Lake Shore/Michigan Express,,Mon,Tue,Wed,Thu,Fri
00:45:03,6,Jackson Park Express,,Sun
20:24:18,6,Jackson Park Express,,Sat
12:05:17,29,State,,Mon,Tue,Wed,Thu,Fri
10:28:12,62,Archer,,Mon,Tue,Wed,Thu,Fri
10:42:44,146,Inner Lake Shore/Michigan Express,,Mon,Tue,Wed,Thu,Fri
11:52:55,6,Jackson Park Express,,Sat
16:27:19,6,Jackson Park Express,,Mon,Tue,Wed,Thu,Fri
11:43:55,146,Inner Lake Shore/Michigan Express,,Mon,Tue,Wed,Thu,Fri
20:08:52,146,Inner Lake Shore/Michigan Express,,Mon,Tue,Wed,Thu,Fri
16:48:44,36,Broadway,,Sat
06:08:28,62,Archer,,Sat
09:03:49,148,Clarendon/Michigan Express,,Mon,Tue,Wed,Thu,Fri
08:13:04,6,Jackson Park Express,,Mon,Tue,Wed,Thu,Fri
11:48:22,146,Inner Lake Shore/Michigan Express,,Sun
11:39:48,36,Broadway,,Sun
14:00:04,6,Jackson Park Express,,Sat
00:25:17,29,State,,Sun
15:21:45,36,Broadway,,Sat
05:56:21,29,State,,Sat
14:29:16,36,Broadway,,Mon,Tue,Wed,Thu,Fri
07:48:56,148,Clarendon/Michigan Express,,Mon,Tue,Wed,Thu,Fri
20:59:52,146,Inner Lake Shore/Michigan Express,,Sat
22:01:14,36,Broadway,,Sat
22:56:48,6,Jackson Park Express,,Sat
07:26:42,62,Archer,,Mon,Tue,Wed,Thu,Fri
21:36:48,36,Broadway,,Sun
13:06:04,6,Jackson Park Express,,Sat
12:07:19,29,State,,Sun
15:39:04,6,Jackson Park Express,,Sat
05:51:51,36,Broadway,,Sat
16:23:15,29,State,,Mon,Tue,Wed,Thu,Fri
07:48:41,2,Hyde Park Express,,Mon,Tue,Wed,Thu,Fri
15:36:09,146,Inner Lake Shore/Michigan Express,,Sat
08:44:50,146,Inner Lake Shore/Michigan Express,,Sun
21:13:14,36,Broadway,,Sat
19:17:09,146,Inner Lake Shore/Michigan Express,,Sat
14:47:17,146,Inner Lake Shore/Michigan Express,,Mon,Tue,Wed,Thu,Fri
19:06:42,62,Archer,,Mon,Tue,Wed,Thu,Fri
16:53:12,62,Archer,,Sun
16:20:14,36,Broadway,,Sat
08:21:28,146,Inner Lake Shore/Michigan Express,,Sat
08:43:12,62,Archer,,Mon,Tue,Wed,Thu,Fri
11:36:47,36,Broadway,,Sat
14:26:48,36,Broadway,,Sun
05:30:51,36,Broadway,,Sat
18:19:04,6,Jackson Park Express,,Sun
14:16:18,36,Broadway,,Sun
06:54:50,36,Broadway,,Sun
08:30:21,29,State,,Sun
18:41:14,146,Inner Lake Shore/Michigan Express,,Sun
12:58:42,62,Archer,,Mon,Tue,Wed,Thu,Fri
16:45:15,29,State,,Mon,Tue,Wed,Thu,Fri
21:17:18,6,Jackson Park Express,,Mon,Tue,Wed,Thu,Fri
14:47:34,62,Archer,,Mon,Tue,Wed,Thu,Fri
23:01:16,29,State,,Sat
18:55:05,62,Archer,,Sun
17:01:38,2,Hyde Park Express,,Mon,Tue,Wed,Thu,Fri
15:35:10,6,Jackson Park Express,,Sun
07:33:11,146,Inner Lake Shore/Michigan Express,,Sun
14:57:18,6,Jackson Park Express,,Sat
17:13:12,146,Inner Lake Shore/Michigan Express,,Mon,Tue,Wed,Thu,Fri
11:50:34,6,Jackson Park Express,,Mon,Tue,Wed,Thu,Fri
15:34:57,62,Archer,,Sat
12:21:57,62,Archer,,Sun
17:40:17,29,State,,Sun
05:10:21,29,State,,Sat
21:38:52,146,Inner Lake Shore/Michigan Express,,Sat
05:34:58,146,Inner Lake Shore/Michigan Express,,Mon,Tue,Wed,Thu,Fri
12:21:57,62,Archer,,Sun
08:00:34,6,Jackson Park Express,,Mon,Tue,Wed,Thu,Fri
16:44:52,146,Inner Lake Shore/Michigan Express,,Sun
10:44:48,36,Broadway,,Mon,Tue,Wed,Thu,Fri
16:26:52,146,Inner Lake Shore/Michigan Express,,Sun
05:21:47,6,Jackson Park Express,,Mon,Tue,Wed,Thu,Fri
00:33:57,62,Archer,,Sun
16:57:14,2,Hyde Park Express,,Mon,Tue,Wed,Thu,Fri
16:35:34,6,Jackson Park Express,,Sun
15:45:12,62,Archer,,Sun
07:24:28,62,Archer,,Sat
23:12:25,6,Jackson Park Express,,Sat
05:09:50,36,Broadway,,Sun
13:09:57,62,Archer,,Sat
12:35:47,29,State,,Sat
13:47:17,146,Inner Lake Shore/Michigan Express,,Mon,Tue,Wed,Thu,Fri
15:58:12,2,Hyde Park Express,,Mon,Tue,Wed,Thu,Fri
03:33:57,62,Archer,,Sun
17:43:45,29,State,,Mon,Tue,Wed,Thu,Fri
15:22:41,62,Archer,,Mon,Tue,Wed,Thu,Fri
08:02:42,62,Archer,,Mon,Tue,Wed,Thu,Fri
10:03:10,6,Jackson Park Express,,Mon,Tue,Wed,Thu,Fri
14:21:18,6,Jackson Park Express,,Sat
06:57:43,62,Archer,,Sun
07:08:13,2,Hyde Park Express,,Mon,Tue,Wed,Thu,Fri
11:54:17,36,Broadway,,Mon,Tue,Wed,Thu,Fri
18:23:44,36,Broadway,,Mon,Tue,Wed,Thu,Fri
20:36:57,62,Archer,,Sat
13:09:55,6,Jackson Park Express,,Sat
18:07:15,29,State,,Mon,Tue,Wed,Thu,Fri
09:02:55,146,Inner Lake Shore/Michigan Express,,Mon,Tue,Wed,Thu,Fri
21:47:42,62,Archer,,Sun
17:46:34,6,Jackson Park Express,,Sat
18:35:48,6,Jackson Park Express,,Sat
18:48:45,36,Broadway,,Mon,Tue,Wed,Thu,Fri
12:13:27,62,Archer,,Mon,Tue,Wed,Thu,Fri
20:28:18,6,Jackson Park Express,,Sun
06:35:18,6,Jackson Park Express,,Mon,Tue,Wed,Thu,Fri
16:34:39,146,Inner Lake Shore/Michigan Express,,Sat
00:45:17,29,State,,Sun
10:27:20,62,Archer,,Sun
17:55:45,29,State,,Mon,Tue,Wed,Thu,Fri
15:33:10,6,Jackson Park Express,,Sat
00:48:32,6,Jackson Park Express,,Mon
13:53:27,62,Archer,,Sat
05:46:13,62,Archer,,Mon,Tue,Wed,Thu,Fri
17:16:34,6,Jackson Park Express,,Sun
17:07:18,6,Jackson Park Express,,Mon,Tue,Wed,Thu,Fri
17:31:15,29,State,,Mon,Tue,Wed,Thu,Fri
17:17:18,6,Jackson Park Express,,Mon,Tue,Wed,Thu,Fri
15:41:14,36,Broadway,,Sat
11:38:31,146,Inner Lake Shore/Michigan Express,,Sat
11:38:34,6,Jackson Park Express,,Mon,Tue,Wed,Thu,Fri
21:49:18,36,Broadway,,Mon,Tue,Wed,Thu,Fri
23:16:46,29,State,,Sat
14:29:39,146,Inner Lake Shore/Michigan Express,,Sat
13:36:52,146,Inner Lake Shore/Michigan Express,,Sun
13:39:16,36,Broadway,,Mon,Tue,Wed,Thu,Fri
17:25:20,146,Inner Lake Shore/Michigan Express,,Mon,Tue,Wed,Thu,Fri
14:50:34,6,Jackson Park Express,,Sun
08:00:40,6,Jackson Park Express,,Mon,Tue,Wed,Thu,Fri
15:28:09,146,Inner Lake Shore/Michigan Express,,Sat
12:16:17,146,Inner Lake Shore/Michigan Express,,Mon,Tue,Wed,Thu,Fri
14:47:34,62,Archer,,Mon,Tue,Wed,Thu,Fri
08:08:35,62,Archer,,Sat
08:24:09,146,Inner Lake Shore/Michigan Express,,Mon,Tue,Wed,Thu,Fri
06:27:32,6,Jackson Park Express,,Sun
02:03:57,62,Archer,,Sun
07:41:51,36,Broadway,,Sun
14:14:03,6,Jackson Park Express,,Mon,Tue,Wed,Thu,Fri
20:59:12,62,Archer,,Mon,Tue,Wed,Thu,Fri
04:43:52,36,Broadway,,Mon,Tue,Wed,Thu,Fri
02:33:57,62,Archer,,Tue,Wed,Thu,Fri,Sat
07:48:10,6,Jackson Park Express,,Mon,Tue,Wed,Thu,Fri
15:15:52,146,Inner Lake Shore/Michigan Express,,Sun
21:05:18,6,Jackson Park Express,,Sun
08:40:11,2,Hyde Park Express,,Mon,Tue,Wed,Thu,Fri
10:18:48,36,Broadway,,Sat
17:36:18,36,Broadway,,Sun
12:04:47,146,Inner Lake Shore/Michigan Express,,Sat
12:26:27,62,Archer,,Sat
22:36:57,62,Archer,,Sat
23:04:42,62,Archer,,Mon,Tue,Wed,Thu,Fri
12:31:17,29,State,,Mon,Tue,Wed,Thu,Fri
13:29:47,29,State,,Sat
11:12:47,29,State,,Mon,Tue,Wed,Thu,Fri
00:18:57,62,Archer,,Mon
20:12:18,36,Broadway,,Mon,Tue,Wed,Thu,Fri
12:47:16,36,Broadway,,Mon,Tue,Wed,Thu,Fri
03:03:57,62,Archer,,Sun
20:03:18,6,Jackson Park Express,,Sun
20:00:04,6,Jackson Park Express,,Sat
08:21:20,36,Broadway,,Sat
10:55:48,6,Jackson Park Express,,Sun
17:32:57,62,Archer,,Sat
00:48:57,62,Archer,,Tue,Wed,Thu,Fri,Sat
20:28:48,29,State,,Sun
16:43:48,36,Broadway,,Sun
21:49:18,36,Broadway,,Mon,Tue,Wed,Thu,Fri
07:22:45,148,Clarendon/Michigan Express,,Mon,Tue,Wed,Thu,Fri
06:54:20,62,Archer,,Mon,Tue,Wed,Thu,Fri
18:29:43,36,Broadway,,Sat
18:15:39,146,Inner Lake Shore/Michigan Express,,Mon,Tue,Wed,Thu,Fri
16:15:04,6,Jackson Park Express,,Sat
18:15:04,6,Jackson Park Express,,Sat
20:33:17,29,State,,Mon,Tue,Wed,Thu,Fri
11:28:44,146,Inner Lake Shore/Michigan Express,,Sun
20:17:57,62,Archer,,Sun
09:47:06,146,Inner Lake Shore/Michigan Express,,Sun
09:26:12,62,Archer,,Sun
14:58:18,36,Broadway,,Sun
17:52:41,2,Hyde Park Express,,Mon,Tue,Wed,Thu,Fri
17:10:12,62,Archer,,Sun
15:31:45,36,Broadway,,Sat
13:55:18,36,Broadway,,Sun
20:19:52,146,Inner Lake Shore/Michigan Express,,Sat
14:18:45,36,Broadway,,Sat
21:56:57,62,Archer,,Sat
16:57:18,6,Jackson Park Express,,Mon,Tue,Wed,Thu,Fri
15:51:44,36,Broadway,,Sat
20:35:06,146,Inner Lake Shore/Michigan Express,,Sun
22:14:28,146,Inner Lake Shore/Michigan Express,,Sun
17:34:43,36,Broadway,,Mon,Tue,Wed,Thu,Fri
10:57:44,146,Inner Lake Shore/Michigan Express,,Mon,Tue,Wed,Thu,Fri
11:06:31,146,Inner Lake Shore/Michigan Express,,Sat
10:08:55,6,Jackson Park Express,,Sun
16:23:15,29,State,,Mon,Tue,Wed,Thu,Fri
20:25:46,29,State,,Sat
07:55:35,62,Archer,,Sat
02:33:57,62,Archer,,Mon
16:46:04,6,Jackson Park Express,,Sun
20:40:27,62,Archer,,Sun
09:24:28,146,Inner Lake Shore/Michigan Express,,Sun
07:16:50,62,Archer,,Sun
15:56:47,29,State,,Sat
11:10:44,146,Inner Lake Shore/Michigan Express,,Sun
07:18:51,36,Broadway,,Sun
19:15:34,6,Jackson Park Express,,Sun
21:47:42,62,Archer,,Sun
16:31:39,2,Hyde Park Express,,Mon,Tue,Wed,Thu,Fri
08:51:19,148,Clarendon/Michigan Express,,Mon,Tue,Wed,Thu,Fri
15:15:52,146,Inner Lake Shore/Michigan Express,,Sun
22:47:55,6,Jackson Park Express,,Mon,Tue,Wed,Thu,Fri
08:25:33,6,Jackson Park Express,,Sat
20:53:25,6,Jackson Park Express,,Sat
22:47:19,29,State,,Sun
09:06:55,6,Jackson Park Express,,Sun
14:13:39,146,Inner Lake Shore/Michigan Express,,Sat
13:49:39,146,Inner Lake Shore/Michigan Express,,Sat
09:32:17,29,State,,Mon,Tue,Wed,Thu,Fri
06:23:03,6,Jackson Park Express,,Mon,Tue,Wed,Thu,Fri
23:14:36,146,Inner Lake Shore/Michigan Express,,Sat
14:00:40,6,Jackson Park Express,,Sun
13:29:12,62,Archer,,Sun
14:54:16,36,Broadway,,Mon,Tue,Wed,Thu,Fri
09:53:09,146,Inner Lake Shore/Michigan Express,,Mon,Tue,Wed,Thu,Fri
03:33:57,62,Archer,,Mon,Tue,Wed,Thu,Fri
16:26:52,146,Inner Lake Shore/Michigan Express,,Sun
11:00:49,29,State,,Sun
10:27:20,62,Archer,,Sun
11:22:18,6,Jackson Park Express,,Sat
16:44:52,146,Inner Lake Shore/Michigan Express,,Sun
11:41:17,36,Broadway,,Mon,Tue,Wed,Thu,Fri
23:55:48,6,Jackson Park Express,,Sat
05:12:20,29,State,,Mon,Tue,Wed,Thu,Fri
22:29:18,36,Broadway,,Mon,Tue,Wed,Thu,Fri
12:02:55,6,Jackson Park Express,,Sat
15:44:09,146,Inner Lake Shore/Michigan Express,,Sat
14:07:57,62,Archer,,Sat
23:40:40,36,Broadway,,Sat
15:43:46,2,Hyde Park Express,,Mon,Tue,Wed,Thu,Fri
07:35:28,146,Inner Lake Shore/Michigan Express,,Sat
13:41:01,146,Inner Lake Shore/Michigan Express,,Sat
21:11:48,6,Jackson Park Express,,Sat
21:38:05,62,Archer,,Mon,Tue,Wed,Thu,Fri
00:32:32,6,Jackson Park Express,,Mon
06:53:21,36,Broadway,,Sat
06:27:28,148,Clarendon/Michigan Express,,Mon,Tue,Wed,Thu,Fri
20:19:52,146,Inner Lake Shore/Michigan Express,,Sat
13:24:04,6,Jackson Park Express,,Sat
16:47:57,62,Archer,,Sat
19:28:47,36,Broadway,,Mon,Tue,Wed,Thu,Fri
22:47:40,36,Broadway,,Sat
08:43:50,29,State,,Sat
22:47:19,29,State,,Sun
14:54:45,36,Broadway,,Sat
15:59:48,29,State,,Sun
16:39:14,36,Broadway,,Sat
09:57:18,29,State,,Mon,Tue,Wed,Thu,Fri
17:33:44,36,Broadway,,Sat
18:14:56,62,Archer,,Mon,Tue,Wed,Thu,Fri
06:45:50,29,State,,Sun
12:56:19,29,State,,Sun
09:00:43,148,Clarendon/Michigan Express,,Mon,Tue,Wed,Thu,Fri
23:16:48,6,Jackson Park Express,,Mon,Tue,Wed,Thu,Fri
12:05:17,29,State,,Mon,Tue,Wed,Thu,Fri
17:36:03,6,Jackson Park Express,,Sun
09:47:23,148,Clarendon/Michigan Express,,Mon,Tue,Wed,Thu,Fri
15:33:52,146,Inner Lake Shore/Michigan Express,,Sun
12:58:42,62,Archer,,Mon,Tue,Wed,Thu,Fri
21:05:25,6,Jackson Park Express,,Sat
19:38:04,6,Jackson Park Express,,Sun
18:25:04,6,Jackson Park Express,,Sat
15:18:16,36,Broadway,,Mon,Tue,Wed,Thu,Fri
07:21:27,146,Inner Lake Shore/Michigan Express,,Mon,Tue,Wed,Thu,Fri
06:30:06,148,Clarendon/Michigan Express,,Mon,Tue,Wed,Thu,Fri
21:12:46,29,State,,Sat
18:15:09,146,Inner Lake Shore/Michigan Express,,Sat
13:15:04,6,Jackson Park Express,,Sat
11:23:47,146,Inner Lake Shore/Michigan Express,,Mon,Tue,Wed,Thu,Fri
07:36:06,146,Inner Lake Shore/Michigan Express,,Mon,Tue,Wed,Thu,Fri
21:45:14,36,Broadway,,Sat
09:37:55,6,Jackson Park Express,,Sun
22:08:47,29,State,,Mon,Tue,Wed,Thu,Fri
10:44:47,36,Broadway,,Sat
17:33:09,146,Inner Lake Shore/Michigan Express,,Sat
12:20:47,146,Inner Lake Shore/Michigan Express,,Sat
19:15:09,146,Inner Lake Shore/Michigan Express,,Mon,Tue,Wed,Thu,Fri
16:29:44,36,Broadway,,Sat
18:52:42,62,Archer,,Mon,Tue,Wed,Thu,Fri
05:59:13,62,Archer,,Sun
20:03:40,6,Jackson Park Express,,Mon,Tue,Wed,Thu,Fri
12:51:34,6,Jackson Park Express,,Sun
16:01:48,36,Broadway,,Sun
14:13:39,146,Inner Lake Shore/Michigan Express,,Sat
14:58:57,6,Jackson Park Express,,Mon,Tue,Wed,Thu,Fri
10:50:40,6,Jackson Park Express,,Mon,Tue,Wed,Thu,Fri
09:33:56,148,Clarendon/Michigan Express,,Mon,Tue,Wed,Thu,Fri
15:30:04,6,Jackson Park Express,,Sat
08:52:11,2,Hyde Park Express,,Mon,Tue,Wed,Thu,Fri
12:38:40,6,Jackson Park Express,,Mon,Tue,Wed,Thu,Fri
17:27:18,6,Jackson Park Express,,Mon,Tue,Wed,Thu,Fri
17:28:17,29,State,,Sun
11:38:31,146,Inner Lake Shore/Michigan Express,,Sat
13:02:10,6,Jackson Park Express,,Mon,Tue,Wed,Thu,Fri
11:48:22,146,Inner Lake Shore/Michigan Express,,Sun
12:56:17,146,Inner Lake Shore/Michigan Express,,Mon,Tue,Wed,Thu,Fri
17:41:39,146,Inner Lake Shore/Michigan Express,,Sat
11:11:48,6,Jackson Park Express,,Sat
17:31:39,2,Hyde Park Express,,Mon,Tue,Wed,Thu,Fri
08:29:41,2,Hyde Park Express,,Mon,Tue,Wed,Thu,Fri
08:50:40,6,Jackson Park Express,,Mon,Tue,Wed,Thu,Fri
05:09:51,36,Broadway,,Sat
05:49:20,62,Archer,,Sat
08:38:10,6,Jackson Park Express,,Mon,Tue,Wed,Thu,Fri
06:58:18,29,State,,Mon,Tue,Wed,Thu,Fri
21:57:57,62,Archer,,Mon,Tue,Wed,Thu,Fri
10:46:47,29,State,,Mon,Tue,Wed,Thu,Fri
17:03:10,6,Jackson Park Express,,Sat
13:09:01,146,Inner Lake Shore/Michigan Express,,Sat
19:22:04,6,Jackson Park Express,,Sat
16:37:18,6,Jackson Park Express,,Mon,Tue,Wed,Thu,Fri
00:18:57,62,Archer,,Tue,Wed,Thu,Fri,Sat
08:26:47,29,State,,Mon,Tue,Wed,Thu,Fri
19:00:39,146,Inner Lake Shore/Michigan Express,,Mon,Tue,Wed,Thu,Fri
20:52:18,6,Jackson Park Express,,Sun
17:19:15,29,State,,Mon,Tue,Wed,Thu,Fri
11:01:49,29,State,,Sat
22:56:57,62,Archer,,Sat
09:48:20,29,State,,Sun
06:10:39,6,Jackson Park Express,,Mon,Tue,Wed,Thu,Fri
14:36:57,62,Archer,,Sat
13:00:55,6,Jackson Park Express,,Sat
13:18:55,6,Jackson Park Express,,Sat
06:17:35,62,Archer,,Mon,Tue,Wed,Thu,Fri
09:19:11,2,Hyde Park Express,,Mon,Tue,Wed,Thu,Fri
09:10:20,29,State,,Sun
08:17:17,36,Broadway,,Mon,Tue,Wed,Thu,Fri
06:04:58,146,Inner Lake Shore/Michigan Express,,Mon,Tue,Wed,Thu,Fri
16:45:14,2,Hyde Park Express,,Mon,Tue,Wed,Thu,Fri
14:17:17,146,Inner Lake Shore/Michigan Express,,Mon,Tue,Wed,Thu,Fri
09:06:49,2,Hyde Park Express,,Mon,Tue,Wed,Thu,Fri
09:58:12,62,Archer,,Mon,Tue,Wed,Thu,Fri