arrival_time,route_short_name,route_long_name,headsign,service_days
23:40:34,151,Sheridan,,Sun
18:28:11,146,Inner Lake Shore/Michigan Express,,Sun
14:38:41,146,Inner Lake Shore/Michigan Express,,Mon,Tue,Wed,Thu,Fri
08:01:34,3,King Drive,,Sat
11:37:23,151,Sheridan,,Sun
13:50:49,151,Sheridan,,Mon,Tue,Wed,Thu,Fri
22:15:34,3,King Drive,,Sun
13:14:49,151,Sheridan,,Mon,Tue,Wed,Thu,Fri
06:36:10,3,King Drive,,Sat
21:49:21,3,King Drive,,Sat
15:12:57,147,Outer DuSable Lake Shore Express,,Sat
21:25:58,147,Outer DuSable Lake Shore Express,,Sat
13:17:43,26,South Shore Express,,Mon,Tue,Wed,Thu,Fri
10:18:34,151,Sheridan,,Sat
07:24:58,147,Outer DuSable Lake Shore Express,,Mon,Tue,Wed,Thu,Fri
23:40:31,151,Sheridan,,Sat
06:07:29,147,Outer DuSable Lake Shore Express,,Mon,Tue,Wed,Thu,Fri
06:46:34,3,King Drive,,Mon,Tue,Wed,Thu,Fri
09:21:28,147,Outer DuSable Lake Shore Express,,Mon,Tue,Wed,Thu,Fri
21:14:31,146,Inner Lake Shore/Michigan Express,,Sat
12:45:38,147,Outer DuSable Lake Shore Express,,Sat
18:31:38,147,Outer DuSable Lake Shore Express,,Mon,Tue,Wed,Thu,Fri
20:01:45,3,King Drive,,Mon,Tue,Wed,Thu,Fri
10:49:42,151,Sheridan,,Mon,Tue,Wed,Thu,Fri
19:17:11,146,Inner Lake Shore/Michigan Express,,Sun
12:12:15,3,King Drive,,Sat
10:41:28,147,Outer DuSable Lake Shore Express,,Mon,Tue,Wed,Thu,Fri
11:56:58,147,Outer DuSable Lake Shore Express,,Sat
21:00:08,147,Outer DuSable Lake Shore Express,,Mon,Tue,Wed,Thu,Fri
17:44:42,146,Inner Lake Shore/Michigan Express,,Sat
14:05:15,3,King Drive,,Mon,Tue,Wed,Thu,Fri
23:26:48,147,Outer DuSable Lake Shore Express,,Mon,Tue,Wed,Thu,Fri
17:27:58,147,Outer DuSable Lake Shore Express,,Sun
19:41:48,147,Outer DuSable Lake Shore Express,,Mon,Tue,Wed,Thu,Fri
18:53:08,125,Water Tower Express,,Mon,Tue,Wed,Thu,Fri
18:55:31,151,Sheridan,,Sun
09:36:41,146,Inner Lake Shore/Michigan Express,,Mon,Tue,Wed,Thu,Fri
09:36:41,146,Inner Lake Shore/Michigan Express,,Mon,Tue,Wed,Thu,Fri
09:44:21,125,Water Tower Express,,Mon,Tue,Wed,Thu,Fri
19:16:18,147,Outer DuSable Lake Shore Express,,Sat
23:31:23,151,Sheridan,,Mon,Tue,Wed,Thu,Fri
22:09:41,146,Inner Lake Shore/Michigan Express,,Sun
07:59:48,147,Outer DuSable Lake Shore Express,,Sun
13:44:41,146,Inner Lake Shore/Michigan Express,,Sun
09:35:53,151,Sheridan,,Mon,Tue,Wed,Thu,Fri
15:04:49,151,Sheridan,,Sun
08:14:27,151,Sheridan,,Sun
17:57:58,147,Outer DuSable Lake Shore Express,,Sun
14:47:41,146,Inner Lake Shore/Michigan Express,,Sun
20:24:08,151,Sheridan,,Sat
09:50:27,3,King Drive,,Sun
15:55:38,147,Outer DuSable Lake Shore Express,,Sun
11:34:51,3,King Drive,,Sun
15:18:31,148,Clarendon/Michigan Express,,Mon,Tue,Wed,Thu,Fri
18:25:33,3,King Drive,,Sat
13:14:15,3,King Drive,,Sun
16:38:58,147,Outer DuSable Lake Shore Express,,Sun
22:23:04,151,Sheridan,,Sun
19:03:56,3,King Drive,,Mon,Tue,Wed,Thu,Fri
20:48:53,151,Sheridan,,Sun
17:19:07,143,Stockton/Michigan Express,,Mon,Tue,Wed,Thu,Fri
16:34:31,148,Clarendon/Michigan Express,,Mon,Tue,Wed,Thu,Fri
11:15:21,146,Inner Lake Shore/Michigan Express,,Mon,Tue,Wed,Thu,Fri
10:16:44,26,South Shore Express,,Mon,Tue,Wed,Thu,Fri
18:05:52,148,Clarendon/Michigan Express,,Mon,Tue,Wed,Thu,Fri
12:38:49,151,Sheridan,,Mon,Tue,Wed,Thu,Fri
18:03:47,147,Outer DuSable Lake Shore Express,,Mon,Tue,Wed,Thu,Fri
09:53:57,3,King Drive,,Sat
01:15:08,151,Sheridan,,Sun
11:31:31,151,Sheridan,,Sat
21:22:45,3,King Drive,,Sat
08:41:04,3,King Drive,,Sun
17:00:09,3,King Drive,,Sun
23:29:21,3,King Drive,,Sat
14:54:01,151,Sheridan,,Sat
17:35:54,151,Sheridan,,Mon,Tue,Wed,Thu,Fri
19:54:41,146,Inner Lake Shore/Michigan Express,,Sun
14:50:38,151,Sheridan,,Mon,Tue,Wed,Thu,Fri
23:16:23,151,Sheridan,,Mon,Tue,Wed,Thu,Fri
06:14:38,151,Sheridan,,Mon,Tue,Wed,Thu,Fri
15:06:01,146,Inner Lake Shore/Michigan Express,,Sat
21:53:41,146,Inner Lake Shore/Michigan Express,,Sun
13:54:01,146,Inner Lake Shore/Michigan Express,,Sat
17:55:09,3,King Drive,,Sun
09:49:59,147,Outer DuSable Lake Shore Express,,Sun
15:12:08,147,Outer DuSable Lake Shore Express,,Sun
15:47:44,3,King Drive,,Sat
12:01:21,3,King Drive,,Mon,Tue,Wed,Thu,Fri
16:31:31,151,Sheridan,,Sat
06:46:34,3,King Drive,,Mon,Tue,Wed,Thu,Fri
16:28:28,147,Outer DuSable Lake Shore Express,,Sun
12:23:21,3,King Drive,,Mon,Tue,Wed,Thu,Fri
14:20:33,3,King Drive,,Sat
15:21:09,3,King Drive,,Sun
09:19:11,146,Inner Lake Shore/Michigan Express,,Sun
19:03:56,3,King Drive,,Mon,Tue,Wed,Thu,Fri
15:56:16,151,Sheridan,,Mon,Tue,Wed,Thu,Fri
18:30:46,151,Sheridan,,Sat
17:20:37,147,Outer DuSable Lake Shore Express,,Sat
14:19:38,147,Outer DuSable Lake Shore Express,,Sat
16:34:18,147,Outer DuSable Lake Shore Express,,Mon,Tue,Wed,Thu,Fri
13:55:08,147,Outer DuSable Lake Shore Express,,Mon,Tue,Wed,Thu,Fri
23:00:31,146,Inner Lake Shore/Michigan Express,,Sun
09:29:38,147,Outer DuSable Lake Shore Express,,Sat
18:17:58,147,Outer DuSable Lake Shore Express,,Sun
08:54:51,3,King Drive,,Mon,Tue,Wed,Thu,Fri
12:52:41,146,Inner Lake Shore/Michigan Express,,Sat
16:29:01,146,Inner Lake Shore/Michigan Express,,Mon,Tue,Wed,Thu,Fri
17:31:22,146,Inner Lake Shore/Michigan Express,,Mon,Tue,Wed,Thu,Fri
17:14:49,151,Sheridan,,Sun
12:22:08,151,Sheridan,,Sat
15:40:32,146,Inner Lake Shore/Michigan Express,,Sat
12:06:08,147,Outer DuSable Lake Shore Express,,Mon,Tue,Wed,Thu,Fri
14:45:15,3,King Drive,,Sun
17:39:28,125,Water Tower Express,,Mon,Tue,Wed,Thu,Fri
11:12:21,3,King Drive,,Sat
09:41:14,26,South Shore Express,,Mon,Tue,Wed,Thu,Fri
07:24:58,147,Outer DuSable Lake Shore Express,,Mon,Tue,Wed,Thu,Fri
13:42:18,147,Outer DuSable Lake Shore Express,,Sun
12:28:53,151,Sheridan,,Sun
21:49:21,3,King Drive,,Sat
19:32:38,147,Outer DuSable Lake Shore Express,,Mon,Tue,Wed,Thu,Fri
21:01:12,151,Sheridan,,Mon,Tue,Wed,Thu,Fri
17:52:32,146,Inner Lake Shore/Michigan Express,,Sat
14:10:48,147,Outer DuSable Lake Shore Express,,Sat
16:44:52,146,Inner Lake Shore/Michigan Express,,Mon,Tue,Wed,Thu,Fri
16:46:05,151,Sheridan,,Mon,Tue,Wed,Thu,Fri
16:10:26,3,King Drive,,Mon,Tue,Wed,Thu,Fri
17:59:14,3,King Drive,,Sat
21:10:27,3,King Drive,,Mon,Tue,Wed,Thu,Fri
13:24:48,147,Outer DuSable Lake Shore Express,,Sat
22:34:21,3,King Drive,,Sat
19:50:08,147,Outer DuSable Lake Shore Express,,Sun
06:01:10,3,King Drive,,Mon,Tue,Wed,Thu,Fri
20:01:45,3,King Drive,,Mon,Tue,Wed,Thu,Fri
09:16:34,3,King Drive,,Sat
14:41:04,26,South Shore Express,,Mon,Tue,Wed,Thu,Fri
23:02:04,151,Sheridan,,Sun
01:22:08,151,Sheridan,,Tue,Wed,Thu,Fri,Sat
12:38:49,151,Sheridan,,Mon,Tue,Wed,Thu,Fri
21:10:38,147,Outer DuSable Lake Shore Express,,Sun
20:06:48,147,Outer DuSable Lake Shore Express,,Mon,Tue,Wed,Thu,Fri
20:31:01,151,Sheridan,,Mon,Tue,Wed,Thu,Fri
17:26:37,147,Outer DuSable Lake Shore Express,,Sat
23:06:28,147,Outer DuSable Lake Shore Express,,Sun
15:19:41,146,Inner Lake Shore/Michigan Express,,Mon,Tue,Wed,Thu,Fri
11:12:42,151,Sheridan,,Mon,Tue,Wed,Thu,Fri
21:53:41,146,Inner Lake Shore/Michigan Express,,Sun
16:26:05,151,Sheridan,,Mon,Tue,Wed,Thu,Fri
13:10:15,3,King Drive,,Mon,Tue,Wed,Thu,Fri
06:57:10,3,King Drive,,Sun
15:24:32,146,Inner Lake Shore/Michigan Express,,Sat
09:08:14,26,South Shore Express,,Mon,Tue,Wed,Thu,Fri
20:03:38,147,Outer DuSable Lake Shore Express,,Sun
17:21:22,146,Inner Lake Shore/Michigan Express,,Mon,Tue,Wed,Thu,Fri
11:50:21,3,King Drive,,Mon,Tue,Wed,Thu,Fri
23:46:01,146,Inner Lake Shore/Michigan Express,,Sat
14:07:41,146,Inner Lake Shore/Michigan Express,,Mon,Tue,Wed,Thu,Fri
15:10:01,151,Sheridan,,Sat
15:54:09,3,King Drive,,Sun
09:48:11,146,Inner Lake Shore/Michigan Express,,Mon,Tue,Wed,Thu,Fri
19:29:21,146,Inner Lake Shore/Michigan Express,,Mon,Tue,Wed,Thu,Fri
09:04:34,3,King Drive,,Sat
21:45:58,147,Outer DuSable Lake Shore Express,,Sat
17:19:28,125,Water Tower Express,,Mon,Tue,Wed,Thu,Fri
21:28:51,146,Inner Lake Shore/Michigan Express,,Mon,Tue,Wed,Thu,Fri
23:55:42,151,Sheridan,,Sat
17:12:32,146,Inner Lake Shore/Michigan Express,,Mon,Tue,Wed,Thu,Fri
23:31:23,151,Sheridan,,Mon,Tue,Wed,Thu,Fri
13:35:38,147,Outer DuSable Lake Shore Express,,Sat
05:18:10,3,King Drive,,Sat
18:35:07,147,Outer DuSable Lake Shore Express,,Sat
18:05:56,3,King Drive,,Sat
10:01:28,147,Outer DuSable Lake Shore Express,,Mon,Tue,Wed,Thu,Fri
13:26:49,151,Sheridan,,Mon,Tue,Wed,Thu,Fri
23:01:23,151,Sheridan,,Mon,Tue,Wed,Thu,Fri
13:29:41,146,Inner Lake Shore/Michigan Express,,Sat
10:01:28,147,Outer DuSable Lake Shore Express,,Mon,Tue,Wed,Thu,Fri
11:15:21,146,Inner Lake Shore/Michigan Express,,Mon,Tue,Wed,Thu,Fri
13:00:12,151,Sheridan,,Sun
14:17:41,146,Inner Lake Shore/Michigan Express,,Mon,Tue,Wed,Thu,Fri
10:40:41,146,Inner Lake Shore/Michigan Express,,Sun
13:21:15,3,King Drive,,Mon,Tue,Wed,Thu,Fri
08:24:18,147,Outer DuSable Lake Shore Express,,Sat
22:49:21,3,King Drive,,Sat
05:38:10,3,King Drive,,Sat
17:57:58,147,Outer DuSable Lake Shore Express,,Sun
23:17:34,3,King Drive,,Mon,Tue,Wed,Thu,Fri
22:04:21,3,King Drive,,Sat
17:53:17,147,Outer DuSable Lake Shore Express,,Sat
10:52:58,147,Outer DuSable Lake Shore Express,,Sat
05:38:28,26,South Shore Express,,Mon,Tue,Wed,Thu,Fri
09:15:59,147,Outer DuSable Lake Shore Express,,Sun
10:19:01,146,Inner Lake Shore/Michigan Express,,Sun
14:16:15,3,King Drive,,Mon,Tue,Wed,Thu,Fri
10:01:38,147,Outer DuSable Lake Shore Express,,Sat
18:24:02,146,Inner Lake Shore/Michigan Express,,Sat
16:44:18,147,Outer DuSable Lake Shore Express,,Mon,Tue,Wed,Thu,Fri
08:40:11,146,Inner Lake Shore/Michigan Express,,Sun
21:00:27,3,King Drive,,Mon,Tue,Wed,Thu,Fri
11:55:11,146,Inner Lake Shore/Michigan Express,,Sun
15:04:58,147,Outer DuSable Lake Shore Express,,Mon,Tue,Wed,Thu,Fri
21:17:04,3,King Drive,,Sun
19:27:51,3,King Drive,,Sun
17:25:52,146,Inner Lake Shore/Michigan Express,,Mon,Tue,Wed,Thu,Fri
19:25:45,3,King Drive,,Mon,Tue,Wed,Thu,Fri
15:26:38,151,Sheridan,,Mon,Tue,Wed,Thu,Fri
21:25:58,147,Outer DuSable Lake Shore Express,,Sat
13:09:18,147,Outer DuSable Lake Shore Express,,Sun
06:25:38,151,Sheridan,,Sat
17:06:37,147,Outer DuSable Lake Shore Express,,Sat
07:52:58,147,Outer DuSable Lake Shore Express,,Mon,Tue,Wed,Thu,Fri
20:13:58,147,Outer DuSable Lake Shore Express,,Sat
22:06:58,147,Outer DuSable Lake Shore Express,,Sun
11:12:42,151,Sheridan,,Mon,Tue,Wed,Thu,Fri
19:41:39,3,King Drive,,Sat
22:19:21,3,King Drive,,Sat
21:31:23,151,Sheridan,,Mon,Tue,Wed,Thu,Fri
12:48:01,146,Inner Lake Shore/Michigan Express,,Mon,Tue,Wed,Thu,Fri
07:19:08,151,Sheridan,,Sun
16:47:31,151,Sheridan,,Sat
12:26:11,146,Inner Lake Shore/Michigan Express,,Sun
17:18:44,3,King Drive,,Mon,Tue,Wed,Thu,Fri
07:18:45,151,Sheridan,,Mon,Tue,Wed,Thu,Fri
08:38:27,151,Sheridan,,Sat
10:32:21,3,King Drive,,Sat
20:00:49,151,Sheridan,,Mon,Tue,Wed,Thu,Fri
18:51:28,147,Outer DuSable Lake Shore Express,,Sat
17:44:49,151,Sheridan,,Sun
05:26:10,3,King Drive,,Mon,Tue,Wed,Thu,Fri
17:29:44,3,King Drive,,Mon,Tue,Wed,Thu,Fri
16:05:44,3,King Drive,,Sat
08:59:27,151,Sheridan,,Sun
19:15:51,146,Inner Lake Shore/Michigan Express,,Sat
22:55:34,3,King Drive,,Sun
14:02:18,147,Outer DuSable Lake Shore Express,,Sat
16:56:22,146,Inner Lake Shore/Michigan Express,,Sat
10:43:31,146,Inner Lake Shore/Michigan Express,,Mon,Tue,Wed,Thu,Fri
17:55:54,151,Sheridan,,Mon,Tue,Wed,Thu,Fri
18:47:58,147,Outer DuSable Lake Shore Express,,Sun
12:07:53,151,Sheridan,,Sun
14:46:12,151,Sheridan,,Sat
19:24:49,151,Sheridan,,Mon,Tue,Wed,Thu,Fri
19:09:01,146,Inner Lake Shore/Michigan Express,,Sun
18:35:44,3,King Drive,,Mon,Tue,Wed,Thu,Fri
19:51:31,151,Sheridan,,Sun
15:26:58,147,Outer DuSable Lake Shore Express,,Mon,Tue,Wed,Thu,Fri
15:32:09,3,King Drive,,Sun
19:13:51,3,King Drive,,Sun
19:27:38,147,Outer DuSable Lake Shore Express,,Sun
20:19:45,3,King Drive,,Mon,Tue,Wed,Thu,Fri
17:07:44,3,King Drive,,Mon,Tue,Wed,Thu,Fri
15:15:58,147,Outer DuSable Lake Shore Express,,Mon,Tue,Wed,Thu,Fri
11:16:23,151,Sheridan,,Sun
15:52:18,125,Water Tower Express,,Mon,Tue,Wed,Thu,Fri
11:31:31,151,Sheridan,,Sat
07:35:51,146,Inner Lake Shore/Michigan Express,,Sun
18:57:38,147,Outer DuSable Lake Shore Express,,Sun
18:44:21,146,Inner Lake Shore/Michigan Express,,Sun
16:23:44,3,King Drive,,Sat
08:59:51,125,Water Tower Express,,Mon,Tue,Wed,Thu,Fri
16:50:08,147,Outer DuSable Lake Shore Express,,Mon,Tue,Wed,Thu,Fri
16:12:48,125,Water Tower Express,,Mon,Tue,Wed,Thu,Fri
18:37:58,143,Stockton/Michigan Express,,Mon,Tue,Wed,Thu,Fri
19:01:31,146,Inner Lake Shore/Michigan Express,,Sun
08:44:27,151,Sheridan,,Sun
13:32:15,3,King Drive,,Mon,Tue,Wed,Thu,Fri
09:16:34,3,King Drive,,Sat
10:08:34,151,Sheridan,,Sat
13:38:49,151,Sheridan,,Mon,Tue,Wed,Thu,Fri
16:49:09,3,King Drive,,Sun
19:24:18,147,Outer DuSable Lake Shore Express,,Sat
15:50:01,151,Sheridan,,Sat
11:26:53,151,Sheridan,,Sun
24:10:53,151,Sheridan,,Sat
19:16:45,3,King Drive,,Mon,Tue,Wed,Thu,Fri
12:21:15,3,King Drive,,Sat
18:34:49,151,Sheridan,,Sun
11:17:21,3,King Drive,,Mon,Tue,Wed,Thu,Fri
09:20:14,26,South Shore Express,,Mon,Tue,Wed,Thu,Fri
17:39:31,146,Inner Lake Shore/Michigan Express,,Sun
18:17:09,3,King Drive,,Sun
11:28:21,3,King Drive,,Mon,Tue,Wed,Thu,Fri
13:07:39,3,King Drive,,Sat
21:01:41,146,Inner Lake Shore/Michigan Express,,Mon,Tue,Wed,Thu,Fri
06:32:11,146,Inner Lake Shore/Michigan Express,,Mon,Tue,Wed,Thu,Fri
13:35:41,146,Inner Lake Shore/Michigan Express,,Sun
15:38:27,147,Outer DuSable Lake Shore Express,,Sat
16:03:57,147,Outer DuSable Lake Shore Express,,Sat
14:18:01,146,Inner Lake Shore/Michigan Express,,Sat
20:05:28,147,Outer DuSable Lake Shore Express,,Sat
15:02:44,3,King Drive,,Sat
18:48:27,151,Sheridan,,Mon,Tue,Wed,Thu,Fri
10:24:21,3,King Drive,,Mon,Tue,Wed,Thu,Fri
17:42:01,151,Sheridan,,Sat
16:32:44,3,King Drive,,Sat
10:52:58,147,Outer DuSable Lake Shore Express,,Sat
10:49:42,151,Sheridan,,Mon,Tue,Wed,Thu,Fri
20:05:39,3,King Drive,,Sat
16:52:27,147,Outer DuSable Lake Shore Express,,Sat
12:50:49,151,Sheridan,,Mon,Tue,Wed,Thu,Fri
08:06:27,3,King Drive,,Mon,Tue,Wed,Thu,Fri
19:32:38,147,Outer DuSable Lake Shore Express,,Mon,Tue,Wed,Thu,Fri
18:05:01,146,Inner Lake Shore/Michigan Express,,Sun
15:26:38,151,Sheridan,,Mon,Tue,Wed,Thu,Fri
15:04:49,151,Sheridan,,Sun
07:48:04,3,King Drive,,Mon,Tue,Wed,Thu,Fri
17:39:57,147,Outer DuSable Lake Shore Express,,Sat
06:24:09,147,Outer DuSable Lake Shore Express,,Mon,Tue,Wed,Thu,Fri
21:45:58,147,Outer DuSable Lake Shore Express,,Sat
19:40:28,147,Outer DuSable Lake Shore Express,,Sat
16:30:02,146,Inner Lake Shore/Michigan Express,,Sat
10:21:11,146,Inner Lake Shore/Michigan Express,,Mon,Tue,Wed,Thu,Fri
08:22:44,26,South Shore Express,,Mon,Tue,Wed,Thu,Fri
17:25:52,146,Inner Lake Shore/Michigan Express,,Mon,Tue,Wed,Thu,Fri
21:01:12,151,Sheridan,,Mon,Tue,Wed,Thu,Fri
23:59:34,151,Sheridan,,Sun
11:00:44,26,South Shore Express,,Mon,Tue,Wed,Thu,Fri
17:05:01,146,Inner Lake Shore/Michigan Express,,Sun
06:10:40,3,King Drive,,Mon,Tue,Wed,Thu,Fri
19:25:27,151,Sheridan,,Sat
21:55:34,3,King Drive,,Sun
07:13:30,146,Inner Lake Shore/Michigan Express,,Sun
14:29:41,146,Inner Lake Shore/Michigan Express,,Sun
19:48:48,147,Outer DuSable Lake Shore Express,,Mon,Tue,Wed,Thu,Fri
23:38:11,146,Inner Lake Shore/Michigan Express,,Sun
12:39:23,151,Sheridan,,Sun
17:08:44,3,King Drive,,Sat
17:10:32,148,Clarendon/Michigan Express,,Mon,Tue,Wed,Thu,Fri
15:49:02,146,Inner Lake Shore/Michigan Express,,Sat
10:08:34,151,Sheridan,,Sat
12:30:44,26,South Shore Express,,Mon,Tue,Wed,Thu,Fri
13:02:49,151,Sheridan,,Mon,Tue,Wed,Thu,Fri
23:46:48,147,Outer DuSable Lake Shore Express,,Mon,Tue,Wed,Thu,Fri
14:28:08,147,Outer DuSable Lake Shore Express,,Sun
15:55:27,147,Outer DuSable Lake Shore Express,,Sat
13:03:41,146,Inner Lake Shore/Michigan Express,,Sun
15:46:27,151,Sheridan,,Mon,Tue,Wed,Thu,Fri
20:53:51,3,King Drive,,Mon,Tue,Wed,Thu,Fri
09:04:34,3,King Drive,,Sat
07:48:44,26,South Shore Express,,Mon,Tue,Wed,Thu,Fri
23:12:10,3,King Drive,,Sun
11:28:28,147,Outer DuSable Lake Shore Express,,Sun
18:12:31,146,Inner Lake Shore/Michigan Express,,Sun
16:21:01,146,Inner Lake Shore/Michigan Express,,Mon,Tue,Wed,Thu,Fri
08:40:18,147,Outer DuSable Lake Shore Express,,Sat
20:28:45,3,King Drive,,Mon,Tue,Wed,Thu,Fri
10:30:51,146,Inner Lake Shore/Michigan Express,,Sat
21:31:23,151,Sheridan,,Mon,Tue,Wed,Thu,Fri
19:16:45,3,King Drive,,Mon,Tue,Wed,Thu,Fri
14:28:58,147,Outer DuSable Lake Shore Express,,Sat
11:28:21,3,King Drive,,Mon,Tue,Wed,Thu,Fri
12:22:08,151,Sheridan,,Sat
13:37:45,3,King Drive,,Sun
14:19:08,147,Outer DuSable Lake Shore Express,,Mon,Tue,Wed,Thu,Fri
19:53:39,3,King Drive,,Sat
07:10:06,26,South Shore Express,,Mon,Tue,Wed,Thu,Fri
13:53:41,146,Inner Lake Shore/Michigan Express,,Sun
09:21:51,3,King Drive,,Mon,Tue,Wed,Thu,Fri
18:09:28,147,Outer DuSable Lake Shore Express,,Sat
22:47:58,147,Outer DuSable Lake Shore Express,,Sun
13:47:41,146,Inner Lake Shore/Michigan Express,,Mon,Tue,Wed,Thu,Fri
14:36:56,3,King Drive,,Sat
11:25:01,151,Sheridan,,Mon,Tue,Wed,Thu,Fri
14:12:31,151,Sheridan,,Sun
22:55:31,151,Sheridan,,Sat
07:57:41,146,Inner Lake Shore/Michigan Express,,Sun
13:05:46,151,Sheridan,,Sat
14:02:33,3,King Drive,,Sat
11:37:31,151,Sheridan,,Mon,Tue,Wed,Thu,Fri
13:26:49,151,Sheridan,,Mon,Tue,Wed,Thu,Fri
22:42:11,146,Inner Lake Shore/Michigan Express,,Mon,Tue,Wed,Thu,Fri
17:34:49,151,Sheridan,,Sun
16:23:44,3,King Drive,,Mon,Tue,Wed,Thu,Fri
13:32:16,151,Sheridan,,Sat
12:52:18,147,Outer DuSable Lake Shore Express,,Mon,Tue,Wed,Thu,Fri
14:54:14,3,King Drive,,Sat
15:32:18,125,Water Tower Express,,Mon,Tue,Wed,Thu,Fri
08:38:53,151,Sheridan,,Mon,Tue,Wed,Thu,Fri
08:43:28,147,Outer DuSable Lake Shore Express,,Mon,Tue,Wed,Thu,Fri
18:45:48,147,Outer DuSable Lake Shore Express,,Mon,Tue,Wed,Thu,Fri
15:05:41,146,Inner Lake Shore/Michigan Express,,Sun
07:55:14,26,South Shore Express,,Mon,Tue,Wed,Thu,Fri
22:43:51,146,Inner Lake Shore/Michigan Express,,Sun
22:08:18,147,Outer DuSable Lake Shore Express,,Mon,Tue,Wed,Thu,Fri
12:49:42,151,Sheridan,,Sun
17:06:05,151,Sheridan,,Mon,Tue,Wed,Thu,Fri
14:38:38,151,Sheridan,,Mon,Tue,Wed,Thu,Fri
19:48:49,151,Sheridan,,Mon,Tue,Wed,Thu,Fri
11:08:58,147,Outer DuSable Lake Shore Express,,Sat
07:05:27,151,Sheridan,,Mon,Tue,Wed,Thu,Fri
16:14:44,3,King Drive,,Sat
18:18:01,148,Clarendon/Michigan Express,,Mon,Tue,Wed,Thu,Fri
19:00:21,146,Inner Lake Shore/Michigan Express,,Sat
08:19:11,146,Inner Lake Shore/Michigan Express,,Sun
12:58:01,146,Inner Lake Shore/Michigan Express,,Mon,Tue,Wed,Thu,Fri
11:21:51,146,Inner Lake Shore/Michigan Express,,Sat
14:28:11,146,Inner Lake Shore/Michigan Express,,Mon,Tue,Wed,Thu,Fri
12:12:58,147,Outer DuSable Lake Shore Express,,Sat
22:14:31,146,Inner Lake Shore/Michigan Express,,Sat
16:50:44,3,King Drive,,Sat
21:11:41,146,Inner Lake Shore/Michigan Express,,Sun
09:06:51,3,King Drive,,Mon,Tue,Wed,Thu,Fri
18:52:41,146,Inner Lake Shore/Michigan Express,,Sat
14:28:58,147,Outer DuSable Lake Shore Express,,Sat
15:32:09,3,King Drive,,Sun
09:25:11,146,Inner Lake Shore/Michigan Express,,Mon,Tue,Wed,Thu,Fri
22:40:31,151,Sheridan,,Sat
18:22:35,151,Sheridan,,Sat
18:14:49,151,Sheridan,,Sun
10:33:38,147,Outer DuSable Lake Shore Express,,Sat
15:55:49,151,Sheridan,,Sun
21:46:58,147,Outer DuSable Lake Shore Express,,Sun
14:07:08,147,Outer DuSable Lake Shore Express,,Mon,Tue,Wed,Thu,Fri
21:10:39,3,King Drive,,Sat
12:14:49,151,Sheridan,,Mon,Tue,Wed,Thu,Fri
21:44:31,146,Inner Lake Shore/Michigan Express,,Sat
06:29:34,3,King Drive,,Mon,Tue,Wed,Thu,Fri
18:23:42,146,Inner Lake Shore/Michigan Express,,Mon,Tue,Wed,Thu,Fri
15:09:39,3,King Drive,,Sun
22:06:41,146,Inner Lake Shore/Michigan Express,,Mon,Tue,Wed,Thu,Fri
19:07:18,147,Outer DuSable Lake Shore Express,,Sun
13:53:33,3,King Drive,,Sat
21:28:38,147,Outer DuSable Lake Shore Express,,Sun
08:59:41,146,Inner Lake Shore/Michigan Express,,Sun
15:15:58,147,Outer DuSable Lake Shore Express,,Mon,Tue,Wed,Thu,Fri
11:05:51,146,Inner Lake Shore/Michigan Express,,Mon,Tue,Wed,Thu,Fri
17:37:42,146,Inner Lake Shore/Michigan Express,,Mon,Tue,Wed,Thu,Fri
10:53:34,151,Sheridan,,Sun
14:05:15,3,King Drive,,Mon,Tue,Wed,Thu,Fri
16:22:58,147,Outer DuSable Lake Shore Express,,Mon,Tue,Wed,Thu,Fri
07:48:44,26,South Shore Express,,Mon,Tue,Wed,Thu,Fri
14:17:41,146,Inner Lake Shore/Michigan Express,,Mon,Tue,Wed,Thu,Fri
17:40:54,151,Sheridan,,Mon,Tue,Wed,Thu,Fri
16:09:58,147,Outer DuSable Lake Shore Express,,Mon,Tue,Wed,Thu,Fri
20:03:38,147,Outer DuSable Lake Shore Express,,Sun
23:40:31,151,Sheridan,,Sat
20:39:58,147,Outer DuSable Lake Shore Express,,Sat
12:57:15,3,King Drive,,Sat
18:55:27,151,Sheridan,,Sat
11:24:51,146,Inner Lake Shore/Michigan Express,,Mon,Tue,Wed,Thu,Fri
19:10:09,3,King Drive,,Mon,Tue,Wed,Thu,Fri
16:02:31,146,Inner Lake Shore/Michigan Express,,Mon,Tue,Wed,Thu,Fri
14:28:56,3,King Drive,,Sat
11:35:38,147,Outer DuSable Lake Shore Express,,Mon,Tue,Wed,Thu,Fri
06:39:04,3,King Drive,,Mon,Tue,Wed,Thu,Fri
17:52:32,146,Inner Lake Shore/Michigan Express,,Sat
20:42:04,3,King Drive,,Sun
19:36:49,151,Sheridan,,Mon,Tue,Wed,Thu,Fri
12:59:15,3,King Drive,,Mon,Tue,Wed,Thu,Fri
17:48:07,147,Outer DuSable Lake Shore Express,,Mon,Tue,Wed,Thu,Fri
19:12:38,151,Sheridan,,Mon,Tue,Wed,Thu,Fri
06:54:13,125,Water Tower Express,,Mon,Tue,Wed,Thu,Fri
23:25:21,146,Inner Lake Shore/Michigan Express,,Mon,Tue,Wed,Thu,Fri
20:15:49,151,Sheridan,,Mon,Tue,Wed,Thu,Fri
18:37:58,147,Outer DuSable Lake Shore Express,,Sun
16:44:52,146,Inner Lake Shore/Michigan Express,,Mon,Tue,Wed,Thu,Fri
09:29:21,3,King Drive,,Mon,Tue,Wed,Thu,Fri
14:20:33,3,King Drive,,Sat
08:59:51,125,Water Tower Express,,Mon,Tue,Wed,Thu,Fri
20:17:53,151,Sheridan,,Sun
10:01:38,147,Outer DuSable Lake Shore Express,,Sat
11:00:42,151,Sheridan,,Mon,Tue,Wed,Thu,Fri
07:31:34,3,King Drive,,Sat
21:49:08,147,Outer DuSable Lake Shore Express,,Mon,Tue,Wed,Thu,Fri
16:25:19,151,Sheridan,,Sun
09:01:28,147,Outer DuSable Lake Shore Express,,Mon,Tue,Wed,Thu,Fri
16:59:44,3,King Drive,,Sat
07:15:34,3,King Drive,,Sat
19:12:38,151,Sheridan,,Mon,Tue,Wed,Thu,Fri
15:48:31,148,Clarendon/Michigan Express,,Mon,Tue,Wed,Thu,Fri
17:42:01,151,Sheridan,,Sat
09:21:51,3,King Drive,,Mon,Tue,Wed,Thu,Fri
20:44:49,151,Sheridan,,Sat
08:42:51,3,King Drive,,Mon,Tue,Wed,Thu,Fri
19:03:31,146,Inner Lake Shore/Michigan Express,,Mon,Tue,Wed,Thu,Fri
20:30:31,146,Inner Lake Shore/Michigan Express,,Mon,Tue,Wed,Thu,Fri
21:49:08,147,Outer DuSable Lake Shore Express,,Mon,Tue,Wed,Thu,Fri
22:06:58,147,Outer DuSable Lake Shore Express,,Sun
15:56:16,151,Sheridan,,Mon,Tue,Wed,Thu,Fri
08:09:15,151,Sheridan,,Sat
13:57:41,146,Inner Lake Shore/Michigan Express,,Mon,Tue,Wed,Thu,Fri
06:35:17,26,South Shore Express,,Mon,Tue,Wed,Thu,Fri
15:29:44,3,King Drive,,Sat
18:14:49,151,Sheridan,,Sun
08:22:51,3,King Drive,,Mon,Tue,Wed,Thu,Fri
17:05:02,146,Inner Lake Shore/Michigan Express,,Sat
10:34:21,3,King Drive,,Mon,Tue,Wed,Thu,Fri
15:29:57,147,Outer DuSable Lake Shore Express,,Sat
17:44:09,3,King Drive,,Sun
14:04:58,147,Outer DuSable Lake Shore Express,,Sun
14:06:05,151,Sheridan,,Sat
15:35:28,147,Outer DuSable Lake Shore Express,,Mon,Tue,Wed,Thu,Fri
11:46:51,3,King Drive,,Sun
07:39:44,26,South Shore Express,,Mon,Tue,Wed,Thu,Fri
08:52:15,151,Sheridan,,Sat
13:19:18,147,Outer DuSable Lake Shore Express,,Mon,Tue,Wed,Thu,Fri
14:31:08,147,Outer DuSable Lake Shore Express,,Mon,Tue,Wed,Thu,Fri
19:35:27,151,Sheridan,,Sat
17:16:17,147,Outer DuSable Lake Shore Express,,Mon,Tue,Wed,Thu,Fri
09:32:59,147,Outer DuSable Lake Shore Express,,Sun
21:05:53,151,Sheridan,,Sun
10:32:31,146,Inner Lake Shore/Michigan Express,,Mon,Tue,Wed,Thu,Fri
06:54:13,125,Water Tower Express,,Mon,Tue,Wed,Thu,Fri
17:27:58,147,Outer DuSable Lake Shore Express,,Sun
18:57:20,3,King Drive,,Mon,Tue,Wed,Thu,Fri
17:34:31,151,Sheridan,,Sat
21:26:19,151,Sheridan,,Sat
14:27:15,3,King Drive,,Mon,Tue,Wed,Thu,Fri
19:00:58,147,Outer DuSable Lake Shore Express,,Mon,Tue,Wed,Thu,Fri
13:23:46,151,Sheridan,,Sat
18:37:58,147,Outer DuSable Lake Shore Express,,Sun
17:20:37,147,Outer DuSable Lake Shore Express,,Sat
15:16:11,146,Inner Lake Shore/Michigan Express,,Sun
13:32:16,151,Sheridan,,Sat
16:15:01,151,Sheridan,,Sat
17:40:44,3,King Drive,,Mon,Tue,Wed,Thu,Fri
21:18:38,147,Outer DuSable Lake Shore Express,,Mon,Tue,Wed,Thu,Fri
16:53:08,147,Outer DuSable Lake Shore Express,,Mon,Tue,Wed,Thu,Fri
19:53:39,3,King Drive,,Sat
13:47:41,146,Inner Lake Shore/Michigan Express,,Mon,Tue,Wed,Thu,Fri
00:55:38,151,Sheridan,,Mon
07:04:38,151,Sheridan,,Sat
07:56:57,3,King Drive,,Mon,Tue,Wed,Thu,Fri
05:36:10,3,King Drive,,Mon,Tue,Wed,Thu,Fri
20:46:12,151,Sheridan,,Mon,Tue,Wed,Thu,Fri
15:56:44,3,King Drive,,Sat
15:42:01,151,Sheridan,,Sat
13:05:46,151,Sheridan,,Sat
12:28:01,146,Inner Lake Shore/Michigan Express,,Mon,Tue,Wed,Thu,Fri
15:11:45,3,King Drive,,Mon,Tue,Wed,Thu,Fri
07:05:27,151,Sheridan,,Mon,Tue,Wed,Thu,Fri
09:19:11,146,Inner Lake Shore/Michigan Express,,Sun
09:54:42,151,Sheridan,,Mon,Tue,Wed,Thu,Fri
08:15:51,125,Water Tower Express,,Mon,Tue,Wed,Thu,Fri
23:46:34,151,Sheridan,,Mon,Tue,Wed,Thu,Fri
12:28:58,147,Outer DuSable Lake Shore Express,,Sat
21:22:45,3,King Drive,,Sat
05:45:10,3,King Drive,,Mon,Tue,Wed,Thu,Fri
20:17:39,3,King Drive,,Sat
21:16:23,151,Sheridan,,Mon,Tue,Wed,Thu,Fri
18:06:24,151,Sheridan,,Sat
23:00:31,146,Inner Lake Shore/Michigan Express,,Sun
07:09:04,3,King Drive,,Mon,Tue,Wed,Thu,Fri
17:44:09,3,King Drive,,Sun
15:05:41,146,Inner Lake Shore/Michigan Express,,Sun
23:47:10,3,King Drive,,Mon,Tue,Wed,Thu,Fri
18:02:44,3,King Drive,,Mon,Tue,Wed,Thu,Fri
14:56:41,146,Inner Lake Shore/Michigan Express,,Sun
07:21:57,151,Sheridan,,Sat
16:34:38,125,Water Tower Express,,Mon,Tue,Wed,Thu,Fri
20:04:57,151,Sheridan,,Sat
20:15:31,146,Inner Lake Shore/Michigan Express,,Sat
19:05:27,151,Sheridan,,Sat
19:05:27,151,Sheridan,,Sat
10:31:57,3,King Drive,,Sun
11:56:49,151,Sheridan,,Sat
20:42:39,3,King Drive,,Sat
14:46:20,3,King Drive,,Sat
13:50:43,26,South Shore Express,,Mon,Tue,Wed,Thu,Fri
15:57:32,146,Inner Lake Shore/Michigan Express,,Sat
17:36:07,147,Outer DuSable Lake Shore Express,,Mon,Tue,Wed,Thu,Fri
06:07:29,147,Outer DuSable Lake Shore Express,,Mon,Tue,Wed,Thu,Fri
07:49:21,146,Inner Lake Shore/Michigan Express,,Mon,Tue,Wed,Thu,Fri
19:42:21,3,King Drive,,Sun
15:45:08,147,Outer DuSable Lake Shore Express,,Sun
09:45:38,147,Outer DuSable Lake Shore Express,,Sat
09:12:27,151,Sheridan,,Sun
11:00:42,151,Sheridan,,Mon,Tue,Wed,Thu,Fri
13:38:01,146,Inner Lake Shore/Michigan Express,,Sat
13:12:21,146,Inner Lake Shore/Michigan Express,,Sat
23:06:48,147,Outer DuSable Lake Shore Express,,Mon,Tue,Wed,Thu,Fri
17:33:27,147,Outer DuSable Lake Shore Express,,Sat
07:37:57,151,Sheridan,,Sat
17:50:12,151,Sheridan,,Sat
17:37:42,146,Inner Lake Shore/Michigan Express,,Sat
18:01:17,147,Outer DuSable Lake Shore Express,,Sat
13:26:21,146,Inner Lake Shore/Michigan Express,,Sun
07:37:11,146,Inner Lake Shore/Michigan Express,,Sat
21:06:18,147,Outer DuSable Lake Shore Express,,Sat
17:26:05,151,Sheridan,,Mon,Tue,Wed,Thu,Fri
16:54:49,151,Sheridan,,Sun
13:49:15,3,King Drive,,Sun
14:24:04,26,South Shore Express,,Mon,Tue,Wed,Thu,Fri
20:31:28,147,Outer DuSable Lake Shore Express,,Sat
06:03:49,151,Sheridan,,Sat
22:08:18,147,Outer DuSable Lake Shore Express,,Mon,Tue,Wed,Thu,Fri
23:25:31,151,Sheridan,,Sat
18:54:48,147,Outer DuSable Lake Shore Express,,Mon,Tue,Wed,Thu,Fri
12:48:46,151,Sheridan,,Sat
16:36:27,147,Outer DuSable Lake Shore Express,,Sat
20:24:31,146,Inner Lake Shore/Michigan Express,,Sat
18:46:57,151,Sheridan,,Sat
19:25:38,147,Outer DuSable Lake Shore Express,,Mon,Tue,Wed,Thu,Fri
15:32:32,146,Inner Lake Shore/Michigan Express,,Sat
22:58:21,146,Inner Lake Shore/Michigan Express,,Sat
09:20:14,26,South Shore Express,,Mon,Tue,Wed,Thu,Fri
08:24:27,151,Sheridan,,Sat
14:23:15,3,King Drive,,Sun
07:45:34,151,Sheridan,,Mon,Tue,Wed,Thu,Fri
13:45:08,147,Outer DuSable Lake Shore Express,,Sat
21:21:27,3,King Drive,,Mon,Tue,Wed,Thu,Fri
19:45:27,151,Sheridan,,Sat
13:03:41,146,Inner Lake Shore/Michigan Express,,Sun
18:02:44,3,King Drive,,Mon,Tue,Wed,Thu,Fri
09:01:04,3,King Drive,,Sun
10:43:57,3,King Drive,,Sun
14:34:15,3,King Drive,,Sun
18:55:31,151,Sheridan,,Sun
12:49:42,151,Sheridan,,Sun
19:32:03,3,King Drive,,Sat
08:38:53,151,Sheridan,,Mon,Tue,Wed,Thu,Fri
11:04:51,146,Inner Lake Shore/Michigan Express,,Sat
08:54:51,3,King Drive,,Mon,Tue,Wed,Thu,Fri
20:15:21,146,Inner Lake Shore/Michigan Express,,Mon,Tue,Wed,Thu,Fri
18:50:01,146,Inner Lake Shore/Michigan Express,,Mon,Tue,Wed,Thu,Fri
18:38:46,151,Sheridan,,Sat
17:33:27,147,Outer DuSable Lake Shore Express,,Sat
08:28:11,146,Inner Lake Shore/Michigan Express,,Mon,Tue,Wed,Thu,Fri
17:00:17,143,Stockton/Michigan Express,,Mon,Tue,Wed,Thu,Fri
17:28:44,3,King Drive,,Sat
20:24:48,147,Outer DuSable Lake Shore Express,,Mon,Tue,Wed,Thu,Fri
14:53:08,147,Outer DuSable Lake Shore Express,,Mon,Tue,Wed,Thu,Fri
16:12:27,147,Outer DuSable Lake Shore Express,,Sat
17:45:54,151,Sheridan,,Mon,Tue,Wed,Thu,Fri
09:51:44,26,South Shore Express,,Mon,Tue,Wed,Thu,Fri
07:30:55,26,South Shore Express,,Mon,Tue,Wed,Thu,Fri
15:26:01,151,Sheridan,,Sat
15:54:09,3,King Drive,,Sun
16:37:22,146,Inner Lake Shore/Michigan Express,,Mon,Tue,Wed,Thu,Fri
20:29:39,3,King Drive,,Sat
15:33:31,148,Clarendon/Michigan Express,,Mon,Tue,Wed,Thu,Fri
11:44:44,26,South Shore Express,,Mon,Tue,Wed,Thu,Fri
10:31:57,3,King Drive,,Sun
05:22:28,26,South Shore Express,,Mon,Tue,Wed,Thu,Fri
23:42:31,146,Inner Lake Shore/Michigan Express,,Mon,Tue,Wed,Thu,Fri
18:27:15,3,King Drive,,Sun
19:00:58,147,Outer DuSable Lake Shore Express,,Mon,Tue,Wed,Thu,Fri
13:26:15,3,King Drive,,Sun
16:10:26,3,King Drive,,Mon,Tue,Wed,Thu,Fri
20:25:11,146,Inner Lake Shore/Michigan Express,,Sun
13:15:01,146,Inner Lake Shore/Michigan Express,,Sun
18:28:52,146,Inner Lake Shore/Michigan Express,,Mon,Tue,Wed,Thu,Fri
19:58:48,147,Outer DuSable Lake Shore Express,,Mon,Tue,Wed,Thu,Fri
12:30:44,26,South Shore Express,,Mon,Tue,Wed,Thu,Fri
19:52:45,3,King Drive,,Mon,Tue,Wed,Thu,Fri
19:09:33,3,King Drive,,Sat
18:20:31,146,Inner Lake Shore/Michigan Express,,Sun
09:15:59,147,Outer DuSable Lake Shore Express,,Sun
15:35:49,151,Sheridan,,Sun
15:36:27,151,Sheridan,,Mon,Tue,Wed,Thu,Fri
16:31:31,151,Sheridan,,Sat
15:02:44,3,King Drive,,Sat
07:57:41,146,Inner Lake Shore/Michigan Express,,Sun
12:26:49,151,Sheridan,,Mon,Tue,Wed,Thu,Fri
12:14:44,26,South Shore Express,,Mon,Tue,Wed,Thu,Fri
14:29:54,151,Sheridan,,Sat
12:19:41,146,Inner Lake Shore/Michigan Express,,Sat
08:37:34,3,King Drive,,Sat
07:45:51,125,Water Tower Express,,Mon,Tue,Wed,Thu,Fri
23:46:18,147,Outer DuSable Lake Shore Express,,Sat
07:32:04,151,Sheridan,,Mon,Tue,Wed,Thu,Fri
17:50:12,151,Sheridan,,Sat
18:36:15,3,King Drive,,Sun
17:53:22,148,Clarendon/Michigan Express,,Mon,Tue,Wed,Thu,Fri
20:17:39,3,King Drive,,Sat
23:57:41,146,Inner Lake Shore/Michigan Express,,Sun
13:37:41,146,Inner Lake Shore/Michigan Express,,Mon,Tue,Wed,Thu,Fri
20:22:28,147,Outer DuSable Lake Shore Express,,Sat
19:45:27,151,Sheridan,,Sat
15:12:08,147,Outer DuSable Lake Shore Express,,Sun
07:56:11,146,Inner Lake Shore/Michigan Express,,Sat
11:39:21,3,King Drive,,Mon,Tue,Wed,Thu,Fri
12:58:18,147,Outer DuSable Lake Shore Express,,Sun
14:28:08,147,Outer DuSable Lake Shore Express,,Sun
16:59:44,3,King Drive,,Sat
14:02:01,146,Inner Lake Shore/Michigan Express,,Sat
16:02:58,147,Outer DuSable Lake Shore Express,,Mon,Tue,Wed,Thu,Fri
16:44:27,147,Outer DuSable Lake Shore Express,,Sat
17:12:42,146,Inner Lake Shore/Michigan Express,,Sat
15:11:08,125,Water Tower Express,,Mon,Tue,Wed,Thu,Fri
12:17:11,146,Inner Lake Shore/Michigan Express,,Mon,Tue,Wed,Thu,Fri
09:35:53,151,Sheridan,,Mon,Tue,Wed,Thu,Fri
22:27:28,147,Outer DuSable Lake Shore Express,,Sun
18:33:01,148,Clarendon/Michigan Express,,Mon,Tue,Wed,Thu,Fri
18:38:46,151,Sheridan,,Sat
19:25:27,151,Sheridan,,Sat
10:40:41,146,Inner Lake Shore/Michigan Express,,Sun
23:10:31,151,Sheridan,,Sat
18:39:38,147,Outer DuSable Lake Shore Express,,Mon,Tue,Wed,Thu,Fri
09:51:31,146,Inner Lake Shore/Michigan Express,,Sat
07:49:21,146,Inner Lake Shore/Michigan Express,,Mon,Tue,Wed,Thu,Fri
11:51:18,147,Outer DuSable Lake Shore Express,,Sun
19:55:31,146,Inner Lake Shore/Michigan Express,,Mon,Tue,Wed,Thu,Fri
16:34:17,143,Stockton/Michigan Express,,Mon,Tue,Wed,Thu,Fri
19:15:27,151,Sheridan,,Sat
10:30:51,146,Inner Lake Shore/Michigan Express,,Sat
08:40:11,146,Inner Lake Shore/Michigan Express,,Sun
07:39:48,147,Outer DuSable Lake Shore Express,,Sun
18:09:28,147,Outer DuSable Lake Shore Express,,Sat
05:55:00,151,Sheridan,,Sun
18:27:58,147,Outer DuSable Lake Shore Express,,Sun
07:21:01,146,Inner Lake Shore/Michigan Express,,Mon,Tue,Wed,Thu,Fri
09:13:31,146,Inner Lake Shore/Michigan Express,,Sat
11:15:14,26,South Shore Express,,Mon,Tue,Wed,Thu,Fri
16:05:19,151,Sheridan,,Sun
19:43:45,3,King Drive,,Mon,Tue,Wed,Thu,Fri
21:55:19,151,Sheridan,,Sat
12:18:23,151,Sheridan,,Sun
13:07:39,3,King Drive,,Sat
11:08:58,147,Outer DuSable Lake Shore Express,,Sat
11:06:12,151,Sheridan,,Sat
12:42:41,146,Inner Lake Shore/Michigan Express,,Sat
15:25:49,151,Sheridan,,Sun
15:09:39,3,King Drive,,Sun
08:51:34,3,King Drive,,Sat
11:55:11,146,Inner Lake Shore/Michigan Express,,Sun
20:01:21,146,Inner Lake Shore/Michigan Express,,Mon,Tue,Wed,Thu,Fri
18:12:27,143,Stockton/Michigan Express,,Mon,Tue,Wed,Thu,Fri
12:02:38,147,Outer DuSable Lake Shore Express,,Sun
09:56:21,3,King Drive,,Mon,Tue,Wed,Thu,Fri
17:00:58,147,Outer DuSable Lake Shore Express,,Mon,Tue,Wed,Thu,Fri
14:38:41,146,Inner Lake Shore/Michigan Express,,Sun
14:02:01,146,Inner Lake Shore/Michigan Express,,Sat
15:58:01,151,Sheridan,,Sat
21:21:27,3,King Drive,,Mon,Tue,Wed,Thu,Fri
07:37:10,3,King Drive,,Sun
13:43:18,147,Outer DuSable Lake Shore Express,,Mon,Tue,Wed,Thu,Fri
18:52:51,146,Inner Lake Shore/Michigan Express,,Sun
16:20:27,147,Outer DuSable Lake Shore Express,,Sat
15:04:27,147,Outer DuSable Lake Shore Express,,Sat
21:10:49,151,Sheridan,,Sat
22:56:11,146,Inner Lake Shore/Michigan Express,,Mon,Tue,Wed,Thu,Fri
15:36:27,151,Sheridan,,Mon,Tue,Wed,Thu,Fri
19:36:49,151,Sheridan,,Mon,Tue,Wed,Thu,Fri
11:51:08,147,Outer DuSable Lake Shore Express,,Mon,Tue,Wed,Thu,Fri
19:16:11,146,Inner Lake Shore/Michigan Express,,Mon,Tue,Wed,Thu,Fri
22:10:19,151,Sheridan,,Sat
12:23:21,3,King Drive,,Mon,Tue,Wed,Thu,Fri
18:25:33,3,King Drive,,Sat
06:47:36,26,South Shore Express,,Mon,Tue,Wed,Thu,Fri
17:31:05,151,Sheridan,,Mon,Tue,Wed,Thu,Fri
22:25:31,151,Sheridan,,Sat
19:16:18,147,Outer DuSable Lake Shore Express,,Sat
17:07:44,3,King Drive,,Mon,Tue,Wed,Thu,Fri
08:57:53,151,Sheridan,,Mon,Tue,Wed,Thu,Fri
07:19:08,151,Sheridan,,Sun
18:13:44,3,King Drive,,Mon,Tue,Wed,Thu,Fri
13:54:01,146,Inner Lake Shore/Michigan Express,,Sat
24:10:53,151,Sheridan,,Sat
15:52:01,146,Inner Lake Shore/Michigan Express,,Mon,Tue,Wed,Thu,Fri
09:37:51,3,King Drive,,Mon,Tue,Wed,Thu,Fri
12:50:15,3,King Drive,,Sun
19:09:41,146,Inner Lake Shore/Michigan Express,,Mon,Tue,Wed,Thu,Fri
14:38:41,146,Inner Lake Shore/Michigan Express,,Mon,Tue,Wed,Thu,Fri
08:02:14,26,South Shore Express,,Mon,Tue,Wed,Thu,Fri
08:30:51,125,Water Tower Express,,Mon,Tue,Wed,Thu,Fri
16:41:44,3,King Drive,,Sat
23:26:18,147,Outer DuSable Lake Shore Express,,Sat
17:54:49,151,Sheridan,,Sun
08:19:48,147,Outer DuSable Lake Shore Express,,Sun
23:46:48,147,Outer DuSable Lake Shore Express,,Mon,Tue,Wed,Thu,Fri
17:26:37,147,Outer DuSable Lake Shore Express,,Sat
12:25:08,147,Outer DuSable Lake Shore Express,,Sun
15:26:01,146,Inner Lake Shore/Michigan Express,,Sun
21:41:19,151,Sheridan,,Sat
17:08:44,3,King Drive,,Sat
16:29:48,147,Outer DuSable Lake Shore Express,,Mon,Tue,Wed,Thu,Fri
15:35:49,151,Sheridan,,Sun
17:00:58,147,Outer DuSable Lake Shore Express,,Mon,Tue,Wed,Thu,Fri
14:56:41,146,Inner Lake Shore/Michigan Express,,Sun
09:40:34,3,King Drive,,Sat
22:35:34,3,King Drive,,Sun
16:56:42,146,Inner Lake Shore/Michigan Express,,Mon,Tue,Wed,Thu,Fri
17:46:17,143,Stockton/Michigan Express,,Mon,Tue,Wed,Thu,Fri
13:10:15,3,King Drive,,Mon,Tue,Wed,Thu,Fri
14:29:41,146,Inner Lake Shore/Michigan Express,,Sun
15:46:57,147,Outer DuSable Lake Shore Express,,Sat
15:55:49,151,Sheridan,,Sun
18:00:32,146,Inner Lake Shore/Michigan Express,,Sat
15:41:31,146,Inner Lake Shore/Michigan Express,,Mon,Tue,Wed,Thu,Fri
16:19:17,143,Stockton/Michigan Express,,Mon,Tue,Wed,Thu,Fri
12:01:21,3,King Drive,,Mon,Tue,Wed,Thu,Fri
21:34:21,3,King Drive,,Sat
05:13:49,151,Sheridan,,Mon,Tue,Wed,Thu,Fri
17:44:37,147,Outer DuSable Lake Shore Express,,Mon,Tue,Wed,Thu,Fri
07:48:04,3,King Drive,,Mon,Tue,Wed,Thu,Fri
06:43:29,147,Outer DuSable Lake Shore Express,,Sat
15:26:58,147,Outer DuSable Lake Shore Express,,Mon,Tue,Wed,Thu,Fri
08:42:51,3,King Drive,,Mon,Tue,Wed,Thu,Fri
15:44:45,3,King Drive,,Mon,Tue,Wed,Thu,Fri
08:08:58,147,Outer DuSable Lake Shore Express,,Mon,Tue,Wed,Thu,Fri
24:00:40,3,King Drive,,Sat
16:55:01,148,Clarendon/Michigan Express,,Mon,Tue,Wed,Thu,Fri
14:50:08,147,Outer DuSable Lake Shore Express,,Sun
13:14:46,151,Sheridan,,Sat
16:12:31,148,Clarendon/Michigan Express,,Mon,Tue,Wed,Thu,Fri
16:05:44,3,King Drive,,Sat
12:07:53,151,Sheridan,,Sun
16:06:01,151,Sheridan,,Sat
11:47:23,151,Sheridan,,Sun
22:25:31,151,Sheridan,,Sat
10:21:11,146,Inner Lake Shore/Michigan Express,,Mon,Tue,Wed,Thu,Fri
17:12:32,146,Inner Lake Shore/Michigan Express,,Mon,Tue,Wed,Thu,Fri
11:50:01,151,Sheridan,,Mon,Tue,Wed,Thu,Fri
09:25:11,146,Inner Lake Shore/Michigan Express,,Mon,Tue,Wed,Thu,Fri
13:53:33,3,King Drive,,Sat
16:34:17,143,Stockton/Michigan Express,,Mon,Tue,Wed,Thu,Fri
18:35:44,3,King Drive,,Mon,Tue,Wed,Thu,Fri
09:11:51,125,Water Tower Express,,Mon,Tue,Wed,Thu,Fri
19:56:58,147,Outer DuSable Lake Shore Express,,Sat
18:07:47,147,Outer DuSable Lake Shore Express,,Mon,Tue,Wed,Thu,Fri
24:00:40,3,King Drive,,Sat
09:13:38,147,Outer DuSable Lake Shore Express,,Sat
08:44:27,151,Sheridan,,Sun
20:46:11,146,Inner Lake Shore/Michigan Express,,Mon,Tue,Wed,Thu,Fri
11:22:51,3,King Drive,,Sun
23:32:46,3,King Drive,,Sun
22:01:23,151,Sheridan,,Mon,Tue,Wed,Thu,Fri
11:37:11,146,Inner Lake Shore/Michigan Express,,Sun
18:34:02,146,Inner Lake Shore/Michigan Express,,Mon,Tue,Wed,Thu,Fri
17:16:05,151,Sheridan,,Mon,Tue,Wed,Thu,Fri
23:18:41,146,Inner Lake Shore/Michigan Express,,Sun
16:36:05,151,Sheridan,,Mon,Tue,Wed,Thu,Fri
06:58:36,26,South Shore Express,,Mon,Tue,Wed,Thu,Fri
07:17:10,3,King Drive,,Sun
16:46:11,148,Clarendon/Michigan Express,,Mon,Tue,Wed,Thu,Fri
07:16:34,3,King Drive,,Mon,Tue,Wed,Thu,Fri
20:42:48,147,Outer DuSable Lake Shore Express,,Mon,Tue,Wed,Thu,Fri
22:14:31,146,Inner Lake Shore/Michigan Express,,Sat
20:54:31,146,Inner Lake Shore/Michigan Express,,Sat
14:39:08,147,Outer DuSable Lake Shore Express,,Sun
17:59:14,3,King Drive,,Sat
06:48:27,151,Sheridan,,Mon,Tue,Wed,Thu,Fri
06:01:39,147,Outer DuSable Lake Shore Express,,Sat
20:28:45,3,King Drive,,Mon,Tue,Wed,Thu,Fri
20:18:38,147,Outer DuSable Lake Shore Express,,Sun
19:41:31,146,Inner Lake Shore/Michigan Express,,Mon,Tue,Wed,Thu,Fri
09:47:34,151,Sheridan,,Sat
20:05:28,147,Outer DuSable Lake Shore Express,,Sat
07:35:21,146,Inner Lake Shore/Michigan Express,,Mon,Tue,Wed,Thu,Fri
08:00:51,125,Water Tower Express,,Mon,Tue,Wed,Thu,Fri
18:52:08,143,Stockton/Michigan Express,,Mon,Tue,Wed,Thu,Fri
19:39:31,151,Sheridan,,Sun
12:31:11,146,Inner Lake Shore/Michigan Express,,Sat
08:24:18,147,Outer DuSable Lake Shore Express,,Sat
21:19:41,146,Inner Lake Shore/Michigan Express,,Mon,Tue,Wed,Thu,Fri
18:24:44,3,King Drive,,Mon,Tue,Wed,Thu,Fri
13:31:18,147,Outer DuSable Lake Shore Express,,Sun
17:16:32,146,Inner Lake Shore/Michigan Express,,Mon,Tue,Wed,Thu,Fri
21:10:39,3,King Drive,,Sat
16:20:27,147,Outer DuSable Lake Shore Express,,Sat
12:03:15,3,King Drive,,Sat
15:34:08,147,Outer DuSable Lake Shore Express,,Sun
18:08:02,146,Inner Lake Shore/Michigan Express,,Sat
15:01:08,147,Outer DuSable Lake Shore Express,,Sun
17:48:44,3,King Drive,,Sat
10:16:04,151,Sheridan,,Sun
12:37:15,3,King Drive,,Mon,Tue,Wed,Thu,Fri
19:09:58,147,Outer DuSable Lake Shore Express,,Mon,Tue,Wed,Thu,Fri
01:31:38,151,Sheridan,,Sun
14:56:45,3,King Drive,,Sun
11:04:28,147,Outer DuSable Lake Shore Express,,Sun
16:25:19,151,Sheridan,,Sun
12:30:57,151,Sheridan,,Sat
10:32:31,146,Inner Lake Shore/Michigan Express,,Mon,Tue,Wed,Thu,Fri
18:14:33,3,King Drive,,Sat
23:13:01,146,Inner Lake Shore/Michigan Express,,Sat
08:28:11,146,Inner Lake Shore/Michigan Express,,Mon,Tue,Wed,Thu,Fri
21:15:58,147,Outer DuSable Lake Shore Express,,Sat
08:30:44,26,South Shore Express,,Mon,Tue,Wed,Thu,Fri
18:39:12,146,Inner Lake Shore/Michigan Express,,Mon,Tue,Wed,Thu,Fri
06:53:41,146,Inner Lake Shore/Michigan Express,,Mon,Tue,Wed,Thu,Fri
15:45:08,147,Outer DuSable Lake Shore Express,,Sun
09:39:15,151,Sheridan,,Sun
08:45:21,125,Water Tower Express,,Mon,Tue,Wed,Thu,Fri
15:10:01,151,Sheridan,,Sat
19:07:51,146,Inner Lake Shore/Michigan Express,,Sat
17:00:09,3,King Drive,,Sun
14:53:49,151,Sheridan,,Sun
10:27:42,151,Sheridan,,Mon,Tue,Wed,Thu,Fri
17:11:20,151,Sheridan,,Sat
10:16:04,151,Sheridan,,Sun
20:48:11,146,Inner Lake Shore/Michigan Express,,Sun
09:13:38,147,Outer DuSable Lake Shore Express,,Sat
08:29:27,151,Sheridan,,Sun
13:35:33,3,King Drive,,Sat
20:10:45,3,King Drive,,Mon,Tue,Wed,Thu,Fri
16:55:31,151,Sheridan,,Sat
18:16:05,151,Sheridan,,Mon,Tue,Wed,Thu,Fri
16:16:16,151,Sheridan,,Mon,Tue,Wed,Thu,Fri
14:38:38,151,Sheridan,,Mon,Tue,Wed,Thu,Fri
16:38:09,3,King Drive,,Sun
22:55:34,3,King Drive,,Sun
18:35:07,147,Outer DuSable Lake Shore Express,,Sat
11:48:31,151,Sheridan,,Sat
11:01:18,147,Outer DuSable Lake Shore Express,,Mon,Tue,Wed,Thu,Fri
16:48:58,147,Outer DuSable Lake Shore Express,,Sun
16:16:09,3,King Drive,,Sun
13:57:46,151,Sheridan,,Sat
14:02:49,151,Sheridan,,Mon,Tue,Wed,Thu,Fri
20:32:53,151,Sheridan,,Sun
12:56:46,151,Sheridan,,Sat
05:54:17,26,South Shore Express,,Mon,Tue,Wed,Thu,Fri
18:44:52,146,Inner Lake Shore/Michigan Express,,Mon,Tue,Wed,Thu,Fri
07:01:34,3,King Drive,,Mon,Tue,Wed,Thu,Fri
16:45:44,3,King Drive,,Mon,Tue,Wed,Thu,Fri
12:39:15,3,King Drive,,Sat
06:22:17,26,South Shore Express,,Mon,Tue,Wed,Thu,Fri
20:53:51,3,King Drive,,Mon,Tue,Wed,Thu,Fri
11:50:21,3,King Drive,,Mon,Tue,Wed,Thu,Fri
19:51:31,151,Sheridan,,Sun
08:38:27,151,Sheridan,,Sat
14:16:15,3,King Drive,,Mon,Tue,Wed,Thu,Fri
18:05:56,3,King Drive,,Sat
01:12:08,151,Sheridan,,Mon
09:37:51,3,King Drive,,Mon,Tue,Wed,Thu,Fri
23:31:10,3,King Drive,,Mon,Tue,Wed,Thu,Fri
14:45:15,3,King Drive,,Sun
12:45:38,147,Outer DuSable Lake Shore Express,,Sat
16:28:27,147,Outer DuSable Lake Shore Express,,Sat
17:11:05,151,Sheridan,,Mon,Tue,Wed,Thu,Fri
16:36:05,151,Sheridan,,Mon,Tue,Wed,Thu,Fri
18:03:47,147,Outer DuSable Lake Shore Express,,Mon,Tue,Wed,Thu,Fri
15:40:32,146,Inner Lake Shore/Michigan Express,,Sat
15:42:01,151,Sheridan,,Sat
16:39:02,146,Inner Lake Shore/Michigan Express,,Sat
11:35:38,147,Outer DuSable Lake Shore Express,,Mon,Tue,Wed,Thu,Fri
14:14:38,151,Sheridan,,Mon,Tue,Wed,Thu,Fri
18:14:33,3,King Drive,,Sat
20:48:58,147,Outer DuSable Lake Shore Express,,Sat
09:53:57,3,King Drive,,Sat
00:55:38,151,Sheridan,,Mon
10:17:38,147,Outer DuSable Lake Shore Express,,Sat
22:42:11,146,Inner Lake Shore/Michigan Express,,Mon,Tue,Wed,Thu,Fri
20:14:38,151,Sheridan,,Sat
16:44:27,147,Outer DuSable Lake Shore Express,,Sat
11:06:12,151,Sheridan,,Sat
11:24:58,147,Outer DuSable Lake Shore Express,,Sat
17:14:01,146,Inner Lake Shore/Michigan Express,,Sun
11:34:15,3,King Drive,,Sat
06:46:08,151,Sheridan,,Sat
13:10:31,151,Sheridan,,Sun
20:16:48,147,Outer DuSable Lake Shore Express,,Mon,Tue,Wed,Thu,Fri
18:04:49,151,Sheridan,,Sun
14:43:31,151,Sheridan,,Sun
17:24:49,151,Sheridan,,Sun
16:06:08,147,Outer DuSable Lake Shore Express,,Sun
10:21:21,3,King Drive,,Sat
16:47:22,146,Inner Lake Shore/Michigan Express,,Sat
10:16:42,151,Sheridan,,Mon,Tue,Wed,Thu,Fri
20:15:31,146,Inner Lake Shore/Michigan Express,,Sat
00:42:45,151,Sheridan,,Sun
11:58:51,3,King Drive,,Sun
12:39:23,151,Sheridan,,Sun
17:44:42,146,Inner Lake Shore/Michigan Express,,Sat
20:09:04,3,King Drive,,Sun
12:02:19,151,Sheridan,,Mon,Tue,Wed,Thu,Fri
19:09:33,3,King Drive,,Sat
07:04:38,151,Sheridan,,Sat
21:35:58,147,Outer DuSable Lake Shore Express,,Sat
20:15:21,146,Inner Lake Shore/Michigan Express,,Mon,Tue,Wed,Thu,Fri
18:44:49,151,Sheridan,,Sun
16:55:31,151,Sheridan,,Sat
09:37:04,151,Sheridan,,Sat
19:35:41,146,Inner Lake Shore/Michigan Express,,Sun
13:31:01,151,Sheridan,,Sun
08:02:14,26,South Shore Express,,Mon,Tue,Wed,Thu,Fri
21:38:08,147,Outer DuSable Lake Shore Express,,Mon,Tue,Wed,Thu,Fri
06:48:27,151,Sheridan,,Mon,Tue,Wed,Thu,Fri
09:26:15,151,Sheridan,,Sun
07:36:18,147,Outer DuSable Lake Shore Express,,Sat
19:09:58,147,Outer DuSable Lake Shore Express,,Mon,Tue,Wed,Thu,Fri
13:43:15,3,King Drive,,Mon,Tue,Wed,Thu,Fri
12:47:18,147,Outer DuSable Lake Shore Express,,Sun
21:32:27,3,King Drive,,Mon,Tue,Wed,Thu,Fri
18:23:42,146,Inner Lake Shore/Michigan Express,,Mon,Tue,Wed,Thu,Fri
10:19:01,146,Inner Lake Shore/Michigan Express,,Sun
06:18:40,3,King Drive,,Mon,Tue,Wed,Thu,Fri
18:04:49,151,Sheridan,,Sun
10:53:34,151,Sheridan,,Sun
17:48:44,3,King Drive,,Sat
20:36:11,146,Inner Lake Shore/Michigan Express,,Sun
14:17:08,147,Outer DuSable Lake Shore Express,,Sun
16:47:01,146,Inner Lake Shore/Michigan Express,,Sun
17:00:42,146,Inner Lake Shore/Michigan Express,,Mon,Tue,Wed,Thu,Fri
16:23:31,151,Sheridan,,Sat
21:59:31,146,Inner Lake Shore/Michigan Express,,Sat
16:54:49,151,Sheridan,,Sun
18:52:08,143,Stockton/Michigan Express,,Mon,Tue,Wed,Thu,Fri
22:32:48,147,Outer DuSable Lake Shore Express,,Mon,Tue,Wed,Thu,Fri
21:46:23,151,Sheridan,,Mon,Tue,Wed,Thu,Fri
11:58:51,3,King Drive,,Sun
10:16:42,151,Sheridan,,Mon,Tue,Wed,Thu,Fri
12:13:38,147,Outer DuSable Lake Shore Express,,Sun
17:53:37,147,Outer DuSable Lake Shore Express,,Mon,Tue,Wed,Thu,Fri
13:02:15,3,King Drive,,Sun
08:19:04,3,King Drive,,Sat
14:17:08,147,Outer DuSable Lake Shore Express,,Sun
12:38:15,3,King Drive,,Sun
16:36:27,147,Outer DuSable Lake Shore Express,,Sat
11:55:51,146,Inner Lake Shore/Michigan Express,,Mon,Tue,Wed,Thu,Fri
11:59:44,26,South Shore Express,,Mon,Tue,Wed,Thu,Fri
16:05:32,146,Inner Lake Shore/Michigan Express,,Sat
15:34:01,151,Sheridan,,Sat
10:34:21,3,King Drive,,Mon,Tue,Wed,Thu,Fri
22:44:11,146,Inner Lake Shore/Michigan Express,,Sat
09:51:44,26,South Shore Express,,Mon,Tue,Wed,Thu,Fri
18:39:12,146,Inner Lake Shore/Michigan Express,,Mon,Tue,Wed,Thu,Fri
11:37:23,151,Sheridan,,Sun
20:22:51,146,Inner Lake Shore/Michigan Express,,Mon,Tue,Wed,Thu,Fri
06:57:34,3,King Drive,,Sat
12:39:57,151,Sheridan,,Sat
11:19:38,147,Outer DuSable Lake Shore Express,,Mon,Tue,Wed,Thu,Fri
12:52:18,147,Outer DuSable Lake Shore Express,,Mon,Tue,Wed,Thu,Fri
16:20:01,146,Inner Lake Shore/Michigan Express,,Sun
12:39:15,3,King Drive,,Sat
07:53:45,151,Sheridan,,Sat
01:22:08,151,Sheridan,,Tue,Wed,Thu,Fri,Sat
23:40:34,151,Sheridan,,Sun
06:08:47,26,South Shore Express,,Mon,Tue,Wed,Thu,Fri
13:23:46,151,Sheridan,,Sat
08:29:51,3,King Drive,,Mon,Tue,Wed,Thu,Fri
09:44:21,125,Water Tower Express,,Mon,Tue,Wed,Thu,Fri
00:42:08,151,Sheridan,,Tue,Wed,Thu,Fri,Sat
08:19:11,146,Inner Lake Shore/Michigan Express,,Sun
21:37:04,3,King Drive,,Sun
13:17:33,3,King Drive,,Sat
15:26:01,151,Sheridan,,Sat
11:56:53,151,Sheridan,,Sun
07:18:45,151,Sheridan,,Mon,Tue,Wed,Thu,Fri
17:14:49,151,Sheridan,,Sun
08:54:31,146,Inner Lake Shore/Michigan Express,,Sat
22:04:21,3,King Drive,,Sat
17:33:57,143,Stockton/Michigan Express,,Mon,Tue,Wed,Thu,Fri
09:06:51,3,King Drive,,Mon,Tue,Wed,Thu,Fri
13:45:08,147,Outer DuSable Lake Shore Express,,Sat
13:51:01,151,Sheridan,,Sun
14:38:45,3,King Drive,,Mon,Tue,Wed,Thu,Fri
16:41:44,3,King Drive,,Sat
08:48:51,3,King Drive,,Mon,Tue,Wed,Thu,Fri
17:08:28,147,Outer DuSable Lake Shore Express,,Mon,Tue,Wed,Thu,Fri
06:58:08,151,Sheridan,,Sun
01:15:08,151,Sheridan,,Sun
11:44:45,3,King Drive,,Sat
15:01:08,147,Outer DuSable Lake Shore Express,,Sun
18:16:05,151,Sheridan,,Mon,Tue,Wed,Thu,Fri
20:05:39,3,King Drive,,Sat
16:17:58,147,Outer DuSable Lake Shore Express,,Mon,Tue,Wed,Thu,Fri
08:00:51,125,Water Tower Express,,Mon,Tue,Wed,Thu,Fri
17:05:02,146,Inner Lake Shore/Michigan Express,,Sat
17:21:05,151,Sheridan,,Mon,Tue,Wed,Thu,Fri
14:18:01,146,Inner Lake Shore/Michigan Express,,Sat
11:06:21,3,King Drive,,Mon,Tue,Wed,Thu,Fri
19:50:08,147,Outer DuSable Lake Shore Express,,Sun
09:50:27,3,King Drive,,Sun
18:28:52,146,Inner Lake Shore/Michigan Express,,Mon,Tue,Wed,Thu,Fri
22:17:41,146,Inner Lake Shore/Michigan Express,,Mon,Tue,Wed,Thu,Fri
21:43:53,151,Sheridan,,Sun
16:56:05,151,Sheridan,,Mon,Tue,Wed,Thu,Fri
12:35:48,147,Outer DuSable Lake Shore Express,,Sun
12:21:58,147,Outer DuSable Lake Shore Express,,Mon,Tue,Wed,Thu,Fri
07:45:34,151,Sheridan,,Mon,Tue,Wed,Thu,Fri
16:34:44,3,King Drive,,Mon,Tue,Wed,Thu,Fri
08:22:44,26,South Shore Express,,Mon,Tue,Wed,Thu,Fri
22:49:48,147,Outer DuSable Lake Shore Express,,Sat
18:44:49,151,Sheridan,,Sun
22:42:34,151,Sheridan,,Sun
21:29:08,147,Outer DuSable Lake Shore Express,,Mon,Tue,Wed,Thu,Fri
13:38:49,151,Sheridan,,Mon,Tue,Wed,Thu,Fri
15:26:01,146,Inner Lake Shore/Michigan Express,,Sun
09:16:04,151,Sheridan,,Sat
18:16:48,125,Water Tower Express,,Mon,Tue,Wed,Thu,Fri
21:38:41,146,Inner Lake Shore/Michigan Express,,Sun
23:25:21,146,Inner Lake Shore/Michigan Express,,Mon,Tue,Wed,Thu,Fri
11:01:18,147,Outer DuSable Lake Shore Express,,Mon,Tue,Wed,Thu,Fri
11:23:01,151,Sheridan,,Sat
18:00:32,146,Inner Lake Shore/Michigan Express,,Sat
14:58:04,26,South Shore Express,,Mon,Tue,Wed,Thu,Fri
19:35:41,146,Inner Lake Shore/Michigan Express,,Sun
10:57:42,151,Sheridan,,Sat
09:56:21,3,King Drive,,Mon,Tue,Wed,Thu,Fri
19:15:51,146,Inner Lake Shore/Michigan Express,,Sat
20:42:04,3,King Drive,,Sun
19:24:18,147,Outer DuSable Lake Shore Express,,Sat
17:40:44,3,King Drive,,Mon,Tue,Wed,Thu,Fri
18:55:27,151,Sheridan,,Sat
11:39:48,147,Outer DuSable Lake Shore Express,,Sun
21:44:31,146,Inner Lake Shore/Michigan Express,,Sat
11:21:51,146,Inner Lake Shore/Michigan Express,,Sat
18:36:27,151,Sheridan,,Mon,Tue,Wed,Thu,Fri
08:45:21,125,Water Tower Express,,Mon,Tue,Wed,Thu,Fri
18:36:33,3,King Drive,,Sat
12:48:15,3,King Drive,,Sat
17:05:01,146,Inner Lake Shore/Michigan Express,,Sun
10:11:01,146,Inner Lake Shore/Michigan Express,,Sat
12:21:15,3,King Drive,,Sat
00:36:57,151,Sheridan,,Mon
12:48:01,146,Inner Lake Shore/Michigan Express,,Mon,Tue,Wed,Thu,Fri
18:18:58,147,Outer DuSable Lake Shore Express,,Mon,Tue,Wed,Thu,Fri
07:57:04,151,Sheridan,,Mon,Tue,Wed,Thu,Fri
11:04:51,146,Inner Lake Shore/Michigan Express,,Sat
13:31:01,151,Sheridan,,Sun
14:10:01,146,Inner Lake Shore/Michigan Express,,Sat
19:24:49,151,Sheridan,,Mon,Tue,Wed,Thu,Fri
11:56:58,147,Outer DuSable Lake Shore Express,,Sat
19:41:48,147,Outer DuSable Lake Shore Express,,Mon,Tue,Wed,Thu,Fri
19:55:31,146,Inner Lake Shore/Michigan Express,,Mon,Tue,Wed,Thu,Fri
18:36:15,3,King Drive,,Sun
08:03:11,146,Inner Lake Shore/Michigan Express,,Mon,Tue,Wed,Thu,Fri
21:10:49,151,Sheridan,,Sat
19:27:51,3,King Drive,,Sun
15:49:02,146,Inner Lake Shore/Michigan Express,,Sat
14:00:45,3,King Drive,,Sun
16:19:17,143,Stockton/Michigan Express,,Mon,Tue,Wed,Thu,Fri
16:02:58,147,Outer DuSable Lake Shore Express,,Mon,Tue,Wed,Thu,Fri
10:39:04,151,Sheridan,,Sat
16:40:18,147,Outer DuSable Lake Shore Express,,Mon,Tue,Wed,Thu,Fri
18:36:11,146,Inner Lake Shore/Michigan Express,,Sun
09:26:23,151,Sheridan,,Mon,Tue,Wed,Thu,Fri
11:39:21,3,King Drive,,Mon,Tue,Wed,Thu,Fri
13:43:15,3,King Drive,,Mon,Tue,Wed,Thu,Fri
12:12:21,3,King Drive,,Mon,Tue,Wed,Thu,Fri
10:54:31,146,Inner Lake Shore/Michigan Express,,Mon,Tue,Wed,Thu,Fri
13:26:33,3,King Drive,,Sat
14:07:41,146,Inner Lake Shore/Michigan Express,,Mon,Tue,Wed,Thu,Fri
15:56:39,3,King Drive,,Mon,Tue,Wed,Thu,Fri
07:14:43,125,Water Tower Express,,Mon,Tue,Wed,Thu,Fri
15:24:32,146,Inner Lake Shore/Michigan Express,,Sat
18:39:38,147,Outer DuSable Lake Shore Express,,Mon,Tue,Wed,Thu,Fri
05:38:10,3,King Drive,,Sat
13:49:16,151,Sheridan,,Sat
14:19:08,147,Outer DuSable Lake Shore Express,,Mon,Tue,Wed,Thu,Fri
13:32:15,3,King Drive,,Mon,Tue,Wed,Thu,Fri
06:16:19,151,Sheridan,,Sun
13:12:28,147,Outer DuSable Lake Shore Express,,Sat
07:39:04,3,King Drive,,Mon,Tue,Wed,Thu,Fri
17:31:07,147,Outer DuSable Lake Shore Express,,Mon,Tue,Wed,Thu,Fri
19:11:38,125,Water Tower Express,,Mon,Tue,Wed,Thu,Fri
19:52:45,3,King Drive,,Mon,Tue,Wed,Thu,Fri
18:24:49,151,Sheridan,,Sun
15:44:45,3,King Drive,,Mon,Tue,Wed,Thu,Fri
19:16:38,147,Outer DuSable Lake Shore Express,,Sun
14:49:45,3,King Drive,,Mon,Tue,Wed,Thu,Fri
21:38:41,146,Inner Lake Shore/Michigan Express,,Sun
07:56:57,3,King Drive,,Mon,Tue,Wed,Thu,Fri
18:16:48,125,Water Tower Express,,Mon,Tue,Wed,Thu,Fri
13:17:33,3,King Drive,,Sat
13:35:33,3,King Drive,,Sat
14:01:01,151,Sheridan,,Sun
18:06:09,3,King Drive,,Sun
17:05:02,146,Inner Lake Shore/Michigan Express,,Mon,Tue,Wed,Thu,Fri
05:57:49,151,Sheridan,,Mon,Tue,Wed,Thu,Fri
12:52:11,146,Inner Lake Shore/Michigan Express,,Sun
17:00:42,146,Inner Lake Shore/Michigan Express,,Mon,Tue,Wed,Thu,Fri
15:04:27,147,Outer DuSable Lake Shore Express,,Sat
18:46:57,151,Sheridan,,Sat
15:47:44,3,King Drive,,Sat
09:32:59,147,Outer DuSable Lake Shore Express,,Sun
08:54:31,146,Inner Lake Shore/Michigan Express,,Sat
18:06:05,151,Sheridan,,Mon,Tue,Wed,Thu,Fri
20:06:31,146,Inner Lake Shore/Michigan Express,,Sat
18:05:01,146,Inner Lake Shore/Michigan Express,,Sun
19:17:01,151,Sheridan,,Sun
22:05:58,147,Outer DuSable Lake Shore Express,,Sat
06:54:04,3,King Drive,,Mon,Tue,Wed,Thu,Fri
18:26:16,151,Sheridan,,Mon,Tue,Wed,Thu,Fri
19:16:11,146,Inner Lake Shore/Michigan Express,,Mon,Tue,Wed,Thu,Fri
20:42:39,3,King Drive,,Sat
17:18:44,3,King Drive,,Sat
08:36:51,3,King Drive,,Mon,Tue,Wed,Thu,Fri
17:02:02,148,Clarendon/Michigan Express,,Mon,Tue,Wed,Thu,Fri
17:58:07,147,Outer DuSable Lake Shore Express,,Mon,Tue,Wed,Thu,Fri
16:16:09,3,King Drive,,Sun
14:33:31,151,Sheridan,,Sun
13:54:15,3,King Drive,,Mon,Tue,Wed,Thu,Fri
08:19:04,3,King Drive,,Sat
13:54:15,3,King Drive,,Mon,Tue,Wed,Thu,Fri
20:46:11,146,Inner Lake Shore/Michigan Express,,Mon,Tue,Wed,Thu,Fri
10:38:42,151,Sheridan,,Mon,Tue,Wed,Thu,Fri
11:40:01,151,Sheridan,,Sat
16:05:09,3,King Drive,,Sun
17:17:58,147,Outer DuSable Lake Shore Express,,Sun
16:12:48,125,Water Tower Express,,Mon,Tue,Wed,Thu,Fri
22:47:58,147,Outer DuSable Lake Shore Express,,Sun
16:11:01,146,Inner Lake Shore/Michigan Express,,Sun
08:19:48,147,Outer DuSable Lake Shore Express,,Sun
20:36:11,146,Inner Lake Shore/Michigan Express,,Sun
13:21:01,151,Sheridan,,Sun
10:03:44,26,South Shore Express,,Mon,Tue,Wed,Thu,Fri
09:29:21,3,King Drive,,Mon,Tue,Wed,Thu,Fri
16:47:22,146,Inner Lake Shore/Michigan Express,,Sat
20:54:11,146,Inner Lake Shore/Michigan Express,,Mon,Tue,Wed,Thu,Fri
17:27:52,148,Clarendon/Michigan Express,,Mon,Tue,Wed,Thu,Fri
13:14:15,3,King Drive,,Sun
17:39:37,143,Stockton/Michigan Express,,Mon,Tue,Wed,Thu,Fri
16:56:44,3,King Drive,,Mon,Tue,Wed,Thu,Fri
19:01:31,146,Inner Lake Shore/Michigan Express,,Sun
17:59:28,125,Water Tower Express,,Mon,Tue,Wed,Thu,Fri
18:58:33,3,King Drive,,Sat
06:17:10,3,King Drive,,Sat
20:15:49,151,Sheridan,,Mon,Tue,Wed,Thu,Fri
11:24:58,147,Outer DuSable Lake Shore Express,,Sat
16:00:31,148,Clarendon/Michigan Express,,Mon,Tue,Wed,Thu,Fri
21:55:58,147,Outer DuSable Lake Shore Express,,Sat
10:41:34,151,Sheridan,,Sun
14:39:08,147,Outer DuSable Lake Shore Express,,Sun
21:55:19,151,Sheridan,,Sat
12:50:15,3,King Drive,,Sun
20:33:38,151,Sheridan,,Sat
12:02:19,151,Sheridan,,Mon,Tue,Wed,Thu,Fri
12:35:48,147,Outer DuSable Lake Shore Express,,Sun
11:37:31,151,Sheridan,,Mon,Tue,Wed,Thu,Fri
16:56:48,125,Water Tower Express,,Mon,Tue,Wed,Thu,Fri
15:25:49,151,Sheridan,,Sun
16:53:42,148,Clarendon/Michigan Express,,Mon,Tue,Wed,Thu,Fri
14:02:41,146,Inner Lake Shore/Michigan Express,,Sun
08:51:34,3,King Drive,,Sat
19:32:03,3,King Drive,,Sat
12:38:15,3,King Drive,,Sun
16:49:09,3,King Drive,,Sun
08:09:14,26,South Shore Express,,Mon,Tue,Wed,Thu,Fri
23:21:34,151,Sheridan,,Sun
05:41:30,151,Sheridan,,Sat
11:18:21,146,Inner Lake Shore/Michigan Express,,Sun
15:29:57,147,Outer DuSable Lake Shore Express,,Sat
08:51:41,146,Inner Lake Shore/Michigan Express,,Mon,Tue,Wed,Thu,Fri
18:52:51,146,Inner Lake Shore/Michigan Express,,Sun
18:16:42,146,Inner Lake Shore/Michigan Express,,Mon,Tue,Wed,Thu,Fri
10:38:42,151,Sheridan,,Mon,Tue,Wed,Thu,Fri
11:06:21,3,King Drive,,Mon,Tue,Wed,Thu,Fri
17:19:02,148,Clarendon/Michigan Express,,Mon,Tue,Wed,Thu,Fri
13:40:46,151,Sheridan,,Sat
07:11:58,147,Outer DuSable Lake Shore Express,,Mon,Tue,Wed,Thu,Fri
05:18:10,3,King Drive,,Sat
23:57:41,146,Inner Lake Shore/Michigan Express,,Sun
14:42:08,147,Outer DuSable Lake Shore Express,,Mon,Tue,Wed,Thu,Fri
10:17:38,147,Outer DuSable Lake Shore Express,,Sat
17:05:02,146,Inner Lake Shore/Michigan Express,,Mon,Tue,Wed,Thu,Fri
08:40:18,147,Outer DuSable Lake Shore Express,,Sat
19:11:38,125,Water Tower Express,,Mon,Tue,Wed,Thu,Fri
20:04:11,146,Inner Lake Shore/Michigan Express,,Sun
22:56:11,146,Inner Lake Shore/Michigan Express,,Mon,Tue,Wed,Thu,Fri
21:47:31,146,Inner Lake Shore/Michigan Express,,Mon,Tue,Wed,Thu,Fri
19:31:51,146,Inner Lake Shore/Michigan Express,,Sat
12:39:41,146,Inner Lake Shore/Michigan Express,,Sun
07:38:28,147,Outer DuSable Lake Shore Express,,Mon,Tue,Wed,Thu,Fri
15:56:44,3,King Drive,,Sat
13:21:11,146,Inner Lake Shore/Michigan Express,,Sat
17:21:07,147,Outer DuSable Lake Shore Express,,Mon,Tue,Wed,Thu,Fri
21:14:31,146,Inner Lake Shore/Michigan Express,,Sat
10:42:21,3,King Drive,,Sat
13:43:18,147,Outer DuSable Lake Shore Express,,Mon,Tue,Wed,Thu,Fri
17:51:44,3,King Drive,,Mon,Tue,Wed,Thu,Fri
07:03:18,147,Outer DuSable Lake Shore Express,,Sat
14:50:01,146,Inner Lake Shore/Michigan Express,,Sat
08:08:18,147,Outer DuSable Lake Shore Express,,Sat
11:48:31,151,Sheridan,,Sat
20:30:58,147,Outer DuSable Lake Shore Express,,Sat
13:21:11,146,Inner Lake Shore/Michigan Express,,Sat
08:29:51,3,King Drive,,Mon,Tue,Wed,Thu,Fri
20:46:45,3,King Drive,,Mon,Tue,Wed,Thu,Fri
21:10:41,146,Inner Lake Shore/Michigan Express,,Mon,Tue,Wed,Thu,Fri
12:37:15,3,King Drive,,Mon,Tue,Wed,Thu,Fri
11:54:15,3,King Drive,,Sat
19:47:51,146,Inner Lake Shore/Michigan Express,,Sat
15:52:51,148,Clarendon/Michigan Express,,Mon,Tue,Wed,Thu,Fri
14:38:12,151,Sheridan,,Sat
14:38:12,151,Sheridan,,Sat
07:16:21,146,Inner Lake Shore/Michigan Express,,Sat
23:45:27,3,King Drive,,Sat
21:35:58,147,Outer DuSable Lake Shore Express,,Sat
14:20:41,146,Inner Lake Shore/Michigan Express,,Sun
22:15:58,147,Outer DuSable Lake Shore Express,,Sat
06:01:10,3,King Drive,,Mon,Tue,Wed,Thu,Fri
07:20:18,147,Outer DuSable Lake Shore Express,,Sat
17:29:52,146,Inner Lake Shore/Michigan Express,,Sat
10:48:53,151,Sheridan,,Sat
21:10:08,147,Outer DuSable Lake Shore Express,,Mon,Tue,Wed,Thu,Fri
17:19:20,151,Sheridan,,Sat
13:53:48,147,Outer DuSable Lake Shore Express,,Sat
15:02:38,151,Sheridan,,Mon,Tue,Wed,Thu,Fri
16:28:28,147,Outer DuSable Lake Shore Express,,Sun
06:40:29,147,Outer DuSable Lake Shore Express,,Mon,Tue,Wed,Thu,Fri
17:56:31,146,Inner Lake Shore/Michigan Express,,Sun
09:01:04,3,King Drive,,Sun
07:21:57,151,Sheridan,,Sat
13:34:13,26,South Shore Express,,Mon,Tue,Wed,Thu,Fri
12:47:18,147,Outer DuSable Lake Shore Express,,Sun
06:03:49,151,Sheridan,,Sat
15:14:38,151,Sheridan,,Mon,Tue,Wed,Thu,Fri
11:44:45,3,King Drive,,Sat
15:44:28,147,Outer DuSable Lake Shore Express,,Mon,Tue,Wed,Thu,Fri
17:50:54,151,Sheridan,,Mon,Tue,Wed,Thu,Fri
14:26:38,151,Sheridan,,Mon,Tue,Wed,Thu,Fri
09:54:42,151,Sheridan,,Mon,Tue,Wed,Thu,Fri
17:09:02,146,Inner Lake Shore/Michigan Express,,Mon,Tue,Wed,Thu,Fri
14:21:54,151,Sheridan,,Sat
17:57:12,146,Inner Lake Shore/Michigan Express,,Mon,Tue,Wed,Thu,Fri
14:34:15,3,King Drive,,Sun
21:55:34,3,King Drive,,Sun
15:38:44,3,King Drive,,Sat
00:42:08,151,Sheridan,,Tue,Wed,Thu,Fri,Sat
19:00:08,147,Outer DuSable Lake Shore Express,,Sat
22:16:23,151,Sheridan,,Mon,Tue,Wed,Thu,Fri
19:00:38,151,Sheridan,,Mon,Tue,Wed,Thu,Fri
07:39:08,151,Sheridan,,Sun
20:52:08,147,Outer DuSable Lake Shore Express,,Mon,Tue,Wed,Thu,Fri
16:56:48,125,Water Tower Express,,Mon,Tue,Wed,Thu,Fri
19:58:31,146,Inner Lake Shore/Michigan Express,,Sat
18:36:11,146,Inner Lake Shore/Michigan Express,,Sun
17:22:31,146,Inner Lake Shore/Michigan Express,,Sun
16:34:38,125,Water Tower Express,,Mon,Tue,Wed,Thu,Fri
16:40:18,147,Outer DuSable Lake Shore Express,,Mon,Tue,Wed,Thu,Fri
18:24:37,143,Stockton/Michigan Express,,Mon,Tue,Wed,Thu,Fri
12:05:19,151,Sheridan,,Sat
22:44:11,146,Inner Lake Shore/Michigan Express,,Sat
08:28:53,151,Sheridan,,Mon,Tue,Wed,Thu,Fri
18:12:31,146,Inner Lake Shore/Michigan Express,,Sun
09:13:41,146,Inner Lake Shore/Michigan Express,,Mon,Tue,Wed,Thu,Fri
23:10:11,146,Inner Lake Shore/Michigan Express,,Mon,Tue,Wed,Thu,Fri
16:51:42,146,Inner Lake Shore/Michigan Express,,Mon,Tue,Wed,Thu,Fri
14:42:01,146,Inner Lake Shore/Michigan Express,,Sat
12:50:49,151,Sheridan,,Mon,Tue,Wed,Thu,Fri
17:53:17,147,Outer DuSable Lake Shore Express,,Sat
08:25:58,147,Outer DuSable Lake Shore Express,,Mon,Tue,Wed,Thu,Fri
09:17:34,3,King Drive,,Sun
23:27:31,146,Inner Lake Shore/Michigan Express,,Sat
13:53:48,147,Outer DuSable Lake Shore Express,,Sat
20:31:01,151,Sheridan,,Mon,Tue,Wed,Thu,Fri
20:01:21,146,Inner Lake Shore/Michigan Express,,Mon,Tue,Wed,Thu,Fri
13:57:46,151,Sheridan,,Sat
14:54:01,151,Sheridan,,Sat
13:35:38,147,Outer DuSable Lake Shore Express,,Sat
15:38:44,3,King Drive,,Sat
23:44:28,147,Outer DuSable Lake Shore Express,,Sun
11:12:21,3,King Drive,,Sat
13:14:49,151,Sheridan,,Mon,Tue,Wed,Thu,Fri
14:47:07,147,Outer DuSable Lake Shore Express,,Sat
23:26:18,147,Outer DuSable Lake Shore Express,,Sat
19:28:01,151,Sheridan,,Sun
08:38:18,147,Outer DuSable Lake Shore Express,,Sun
20:52:08,147,Outer DuSable Lake Shore Express,,Mon,Tue,Wed,Thu,Fri
05:31:19,147,Outer DuSable Lake Shore Express,,Mon,Tue,Wed,Thu,Fri
06:29:34,3,King Drive,,Mon,Tue,Wed,Thu,Fri
17:35:54,151,Sheridan,,Mon,Tue,Wed,Thu,Fri
15:11:08,125,Water Tower Express,,Mon,Tue,Wed,Thu,Fri
06:37:08,151,Sheridan,,Sun
16:59:37,147,Outer DuSable Lake Shore Express,,Sat
20:34:48,147,Outer DuSable Lake Shore Express,,Mon,Tue,Wed,Thu,Fri
13:31:18,147,Outer DuSable Lake Shore Express,,Mon,Tue,Wed,Thu,Fri
14:46:12,151,Sheridan,,Sat
21:15:58,147,Outer DuSable Lake Shore Express,,Sat
19:00:38,151,Sheridan,,Mon,Tue,Wed,Thu,Fri
19:48:48,147,Outer DuSable Lake Shore Express,,Mon,Tue,Wed,Thu,Fri
18:20:31,146,Inner Lake Shore/Michigan Express,,Sun
15:54:01,146,Inner Lake Shore/Michigan Express,,Sun
19:55:27,151,Sheridan,,Sat
13:46:01,146,Inner Lake Shore/Michigan Express,,Sat
11:10:51,3,King Drive,,Sun
17:13:37,147,Outer DuSable Lake Shore Express,,Sat
01:48:08,151,Sheridan,,Sun
05:35:49,151,Sheridan,,Mon,Tue,Wed,Thu,Fri
11:35:01,146,Inner Lake Shore/Michigan Express,,Mon,Tue,Wed,Thu,Fri
19:20:33,3,King Drive,,Sat
20:54:11,146,Inner Lake Shore/Michigan Express,,Mon,Tue,Wed,Thu,Fri
08:20:04,3,King Drive,,Sun
12:30:15,3,King Drive,,Sat
18:18:58,147,Outer DuSable Lake Shore Express,,Mon,Tue,Wed,Thu,Fri
06:31:38,151,Sheridan,,Mon,Tue,Wed,Thu,Fri
20:44:31,146,Inner Lake Shore/Michigan Express,,Sat
23:09:21,3,King Drive,,Sat
17:17:58,147,Outer DuSable Lake Shore Express,,Sun
12:13:19,151,Sheridan,,Sat
15:44:28,147,Outer DuSable Lake Shore Express,,Mon,Tue,Wed,Thu,Fri
21:06:18,147,Outer DuSable Lake Shore Express,,Sat
15:33:45,3,King Drive,,Mon,Tue,Wed,Thu,Fri
19:16:28,147,Outer DuSable Lake Shore Express,,Mon,Tue,Wed,Thu,Fri
19:35:27,151,Sheridan,,Sat
18:03:42,146,Inner Lake Shore/Michigan Express,,Mon,Tue,Wed,Thu,Fri
15:53:28,147,Outer DuSable Lake Shore Express,,Mon,Tue,Wed,Thu,Fri
13:18:01,146,Inner Lake Shore/Michigan Express,,Mon,Tue,Wed,Thu,Fri
23:55:42,151,Sheridan,,Sat
15:30:11,146,Inner Lake Shore/Michigan Express,,Mon,Tue,Wed,Thu,Fri
17:03:20,151,Sheridan,,Sat
13:00:12,151,Sheridan,,Sun
17:53:37,147,Outer DuSable Lake Shore Express,,Mon,Tue,Wed,Thu,Fri
07:16:21,146,Inner Lake Shore/Michigan Express,,Sat
19:54:27,3,King Drive,,Sun
06:57:10,3,King Drive,,Sun
15:34:08,147,Outer DuSable Lake Shore Express,,Sun
23:38:11,146,Inner Lake Shore/Michigan Express,,Sun
20:06:31,146,Inner Lake Shore/Michigan Express,,Sat
16:34:21,148,Clarendon/Michigan Express,,Mon,Tue,Wed,Thu,Fri
10:54:31,146,Inner Lake Shore/Michigan Express,,Mon,Tue,Wed,Thu,Fri
18:07:58,147,Outer DuSable Lake Shore Express,,Sun
23:02:04,151,Sheridan,,Sun
09:48:11,146,Inner Lake Shore/Michigan Express,,Mon,Tue,Wed,Thu,Fri
08:40:11,146,Inner Lake Shore/Michigan Express,,Mon,Tue,Wed,Thu,Fri
14:58:41,146,Inner Lake Shore/Michigan Express,,Mon,Tue,Wed,Thu,Fri
07:52:58,147,Outer DuSable Lake Shore Express,,Mon,Tue,Wed,Thu,Fri
07:53:45,151,Sheridan,,Sat
09:38:41,146,Inner Lake Shore/Michigan Express,,Sun
10:16:44,26,South Shore Express,,Mon,Tue,Wed,Thu,Fri
19:32:28,147,Outer DuSable Lake Shore Express,,Sat
23:24:58,147,Outer DuSable Lake Shore Express,,Sun
17:21:22,146,Inner Lake Shore/Michigan Express,,Mon,Tue,Wed,Thu,Fri
13:12:21,146,Inner Lake Shore/Michigan Express,,Sat
21:37:04,3,King Drive,,Sun
08:57:53,151,Sheridan,,Mon,Tue,Wed,Thu,Fri
14:21:54,151,Sheridan,,Sat
17:34:49,151,Sheridan,,Sun
19:39:31,151,Sheridan,,Sun
10:04:51,3,King Drive,,Mon,Tue,Wed,Thu,Fri
11:55:51,146,Inner Lake Shore/Michigan Express,,Mon,Tue,Wed,Thu,Fri
16:29:01,146,Inner Lake Shore/Michigan Express,,Mon,Tue,Wed,Thu,Fri
17:16:32,146,Inner Lake Shore/Michigan Express,,Mon,Tue,Wed,Thu,Fri
23:29:21,3,King Drive,,Sat
09:07:23,151,Sheridan,,Mon,Tue,Wed,Thu,Fri
14:10:01,146,Inner Lake Shore/Michigan Express,,Sat
23:21:34,151,Sheridan,,Sun
09:26:34,151,Sheridan,,Sat
12:25:08,147,Outer DuSable Lake Shore Express,,Sun
12:26:49,151,Sheridan,,Mon,Tue,Wed,Thu,Fri
08:59:41,146,Inner Lake Shore/Michigan Express,,Sun
21:24:53,151,Sheridan,,Sun
19:48:31,146,Inner Lake Shore/Michigan Express,,Mon,Tue,Wed,Thu,Fri
18:10:12,146,Inner Lake Shore/Michigan Express,,Mon,Tue,Wed,Thu,Fri
15:43:09,3,King Drive,,Sun
23:06:18,147,Outer DuSable Lake Shore Express,,Sat
17:45:54,151,Sheridan,,Mon,Tue,Wed,Thu,Fri
13:18:01,146,Inner Lake Shore/Michigan Express,,Mon,Tue,Wed,Thu,Fri
20:00:49,151,Sheridan,,Mon,Tue,Wed,Thu,Fri
17:33:09,3,King Drive,,Sun
14:07:13,26,South Shore Express,,Mon,Tue,Wed,Thu,Fri
12:39:57,151,Sheridan,,Sat
06:37:08,151,Sheridan,,Sun
09:26:23,151,Sheridan,,Mon,Tue,Wed,Thu,Fri
18:46:44,3,King Drive,,Mon,Tue,Wed,Thu,Fri
10:03:44,26,South Shore Express,,Mon,Tue,Wed,Thu,Fri
00:26:04,151,Sheridan,,Sun
09:59:11,146,Inner Lake Shore/Michigan Express,,Mon,Tue,Wed,Thu,Fri
08:35:31,146,Inner Lake Shore/Michigan Express,,Sat
20:10:45,3,King Drive,,Mon,Tue,Wed,Thu,Fri
14:12:15,3,King Drive,,Sun
11:34:51,3,King Drive,,Sun
08:24:27,151,Sheridan,,Sat
05:58:10,3,King Drive,,Sat
15:41:31,146,Inner Lake Shore/Michigan Express,,Mon,Tue,Wed,Thu,Fri
18:16:42,146,Inner Lake Shore/Michigan Express,,Mon,Tue,Wed,Thu,Fri
15:54:01,146,Inner Lake Shore/Michigan Express,,Sun
10:45:44,26,South Shore Express,,Mon,Tue,Wed,Thu,Fri
18:14:17,147,Outer DuSable Lake Shore Express,,Mon,Tue,Wed,Thu,Fri
21:37:31,146,Inner Lake Shore/Michigan Express,,Mon,Tue,Wed,Thu,Fri
18:24:49,151,Sheridan,,Sun
13:20:18,147,Outer DuSable Lake Shore Express,,Sun
15:16:32,146,Inner Lake Shore/Michigan Express,,Sat
18:51:28,147,Outer DuSable Lake Shore Express,,Sat
10:45:44,26,South Shore Express,,Mon,Tue,Wed,Thu,Fri
22:09:41,146,Inner Lake Shore/Michigan Express,,Sun
22:01:23,151,Sheridan,,Mon,Tue,Wed,Thu,Fri
11:46:51,3,King Drive,,Sun
20:48:53,151,Sheridan,,Sun
14:28:11,146,Inner Lake Shore/Michigan Express,,Mon,Tue,Wed,Thu,Fri
09:32:14,26,South Shore Express,,Mon,Tue,Wed,Thu,Fri
06:58:08,151,Sheridan,,Sun
17:11:09,3,King Drive,,Sun
08:19:04,151,Sheridan,,Mon,Tue,Wed,Thu,Fri
15:11:44,3,King Drive,,Sat
11:10:51,3,King Drive,,Sun
07:16:34,3,King Drive,,Mon,Tue,Wed,Thu,Fri
07:39:04,3,King Drive,,Mon,Tue,Wed,Thu,Fri
09:08:14,26,South Shore Express,,Mon,Tue,Wed,Thu,Fri
09:21:28,147,Outer DuSable Lake Shore Express,,Mon,Tue,Wed,Thu,Fri
10:11:01,146,Inner Lake Shore/Michigan Express,,Sat
09:59:11,146,Inner Lake Shore/Michigan Express,,Mon,Tue,Wed,Thu,Fri
20:59:04,3,King Drive,,Sun
16:16:38,147,Outer DuSable Lake Shore Express,,Sun
10:42:21,3,King Drive,,Sat
14:55:57,147,Outer DuSable Lake Shore Express,,Sat
09:29:38,147,Outer DuSable Lake Shore Express,,Sat
18:59:51,3,King Drive,,Sun
05:50:09,147,Outer DuSable Lake Shore Express,,Mon,Tue,Wed,Thu,Fri
10:29:04,151,Sheridan,,Sun
10:23:29,147,Outer DuSable Lake Shore Express,,Sun
18:47:58,147,Outer DuSable Lake Shore Express,,Sun
15:19:41,146,Inner Lake Shore/Michigan Express,,Mon,Tue,Wed,Thu,Fri
09:49:59,147,Outer DuSable Lake Shore Express,,Sun
18:49:51,148,Clarendon/Michigan Express,,Mon,Tue,Wed,Thu,Fri
18:58:33,3,King Drive,,Sat
14:48:41,146,Inner Lake Shore/Michigan Express,,Mon,Tue,Wed,Thu,Fri
12:31:11,146,Inner Lake Shore/Michigan Express,,Sat
14:42:08,147,Outer DuSable Lake Shore Express,,Mon,Tue,Wed,Thu,Fri
05:58:10,3,King Drive,,Sat
13:40:46,151,Sheridan,,Sat
21:11:41,146,Inner Lake Shore/Michigan Express,,Sun
21:16:23,151,Sheridan,,Mon,Tue,Wed,Thu,Fri
18:46:51,3,King Drive,,Sun
15:30:11,146,Inner Lake Shore/Michigan Express,,Mon,Tue,Wed,Thu,Fri
19:17:01,151,Sheridan,,Sun
17:38:44,3,King Drive,,Sat
07:24:04,3,King Drive,,Mon,Tue,Wed,Thu,Fri
15:29:44,3,King Drive,,Sat
06:36:10,3,King Drive,,Sat
17:56:31,146,Inner Lake Shore/Michigan Express,,Sun
14:14:05,151,Sheridan,,Sat
19:26:11,146,Inner Lake Shore/Michigan Express,,Sun
16:38:01,146,Inner Lake Shore/Michigan Express,,Sun
18:03:22,148,Clarendon/Michigan Express,,Mon,Tue,Wed,Thu,Fri
19:43:45,3,King Drive,,Mon,Tue,Wed,Thu,Fri
17:48:07,147,Outer DuSable Lake Shore Express,,Mon,Tue,Wed,Thu,Fri
20:57:58,147,Outer DuSable Lake Shore Express,,Sat
22:18:27,3,King Drive,,Mon,Tue,Wed,Thu,Fri
09:24:21,125,Water Tower Express,,Mon,Tue,Wed,Thu,Fri
18:36:31,148,Clarendon/Michigan Express,,Mon,Tue,Wed,Thu,Fri
12:11:11,146,Inner Lake Shore/Michigan Express,,Sun
08:59:27,151,Sheridan,,Sun
20:25:11,146,Inner Lake Shore/Michigan Express,,Sun
12:59:15,3,King Drive,,Mon,Tue,Wed,Thu,Fri
19:08:18,147,Outer DuSable Lake Shore Express,,Sat
18:45:31,146,Inner Lake Shore/Michigan Express,,Sat
11:24:51,146,Inner Lake Shore/Michigan Express,,Mon,Tue,Wed,Thu,Fri
22:06:41,146,Inner Lake Shore/Michigan Express,,Mon,Tue,Wed,Thu,Fri
06:32:11,146,Inner Lake Shore/Michigan Express,,Mon,Tue,Wed,Thu,Fri
11:37:11,146,Inner Lake Shore/Michigan Express,,Sun
12:11:11,146,Inner Lake Shore/Michigan Express,,Sun
07:57:04,151,Sheridan,,Mon,Tue,Wed,Thu,Fri
21:10:41,146,Inner Lake Shore/Michigan Express,,Mon,Tue,Wed,Thu,Fri
17:33:09,3,King Drive,,Sun
08:15:51,3,King Drive,,Mon,Tue,Wed,Thu,Fri
13:26:21,146,Inner Lake Shore/Michigan Express,,Sun
17:07:58,147,Outer DuSable Lake Shore Express,,Sun
14:58:01,146,Inner Lake Shore/Michigan Express,,Sat
21:57:31,146,Inner Lake Shore/Michigan Express,,Mon,Tue,Wed,Thu,Fri
17:05:58,147,Outer DuSable Lake Shore Express,,Mon,Tue,Wed,Thu,Fri
06:23:29,147,Outer DuSable Lake Shore Express,,Sat
16:23:44,3,King Drive,,Mon,Tue,Wed,Thu,Fri
16:29:01,146,Inner Lake Shore/Michigan Express,,Sun
18:31:12,146,Inner Lake Shore/Michigan Express,,Sat
07:46:34,3,King Drive,,Sat
09:47:34,151,Sheridan,,Sat
12:26:11,146,Inner Lake Shore/Michigan Express,,Sun
21:28:38,147,Outer DuSable Lake Shore Express,,Sun
21:10:27,3,King Drive,,Mon,Tue,Wed,Thu,Fri
07:46:34,3,King Drive,,Sat
15:02:01,151,Sheridan,,Sat
13:49:16,151,Sheridan,,Sat
18:24:02,146,Inner Lake Shore/Michigan Express,,Sat
10:04:04,151,Sheridan,,Sun
17:20:02,148,Clarendon/Michigan Express,,Mon,Tue,Wed,Thu,Fri
17:29:44,3,King Drive,,Mon,Tue,Wed,Thu,Fri
20:39:58,147,Outer DuSable Lake Shore Express,,Sat
17:33:57,143,Stockton/Michigan Express,,Mon,Tue,Wed,Thu,Fri
19:08:18,147,Outer DuSable Lake Shore Express,,Sat
15:21:27,147,Outer DuSable Lake Shore Express,,Sat
17:19:28,125,Water Tower Express,,Mon,Tue,Wed,Thu,Fri
17:37:42,146,Inner Lake Shore/Michigan Express,,Mon,Tue,Wed,Thu,Fri
08:48:51,3,King Drive,,Mon,Tue,Wed,Thu,Fri
23:59:41,146,Inner Lake Shore/Michigan Express,,Mon,Tue,Wed,Thu,Fri
10:05:42,151,Sheridan,,Mon,Tue,Wed,Thu,Fri
19:32:28,147,Outer DuSable Lake Shore Express,,Sat
07:59:48,147,Outer DuSable Lake Shore Express,,Sun
18:06:24,151,Sheridan,,Sat
11:22:51,3,King Drive,,Sun
13:26:33,3,King Drive,,Sat
22:46:34,151,Sheridan,,Mon,Tue,Wed,Thu,Fri
16:06:01,151,Sheridan,,Sat
14:20:41,146,Inner Lake Shore/Michigan Express,,Sun
23:32:46,3,King Drive,,Sun
16:16:16,151,Sheridan,,Mon,Tue,Wed,Thu,Fri
11:34:15,3,King Drive,,Sat
20:32:53,151,Sheridan,,Sun
17:39:07,147,Outer DuSable Lake Shore Express,,Mon,Tue,Wed,Thu,Fri
17:58:12,151,Sheridan,,Sat
19:45:11,146,Inner Lake Shore/Michigan Express,,Sun
11:04:53,151,Sheridan,,Sun
07:13:30,146,Inner Lake Shore/Michigan Express,,Sun
15:38:27,147,Outer DuSable Lake Shore Express,,Sat
22:19:48,147,Outer DuSable Lake Shore Express,,Mon,Tue,Wed,Thu,Fri
06:10:40,3,King Drive,,Mon,Tue,Wed,Thu,Fri
13:08:01,146,Inner Lake Shore/Michigan Express,,Mon,Tue,Wed,Thu,Fri
22:26:41,146,Inner Lake Shore/Michigan Express,,Sun
17:55:54,151,Sheridan,,Mon,Tue,Wed,Thu,Fri
18:36:33,3,King Drive,,Sat
23:31:10,3,King Drive,,Mon,Tue,Wed,Thu,Fri
08:14:27,151,Sheridan,,Sun
15:16:32,146,Inner Lake Shore/Michigan Express,,Sat
06:23:29,147,Outer DuSable Lake Shore Express,,Sat
17:40:54,151,Sheridan,,Mon,Tue,Wed,Thu,Fri
12:03:15,3,King Drive,,Sat
19:38:38,147,Outer DuSable Lake Shore Express,,Sun
17:37:58,147,Outer DuSable Lake Shore Express,,Sun
19:25:38,147,Outer DuSable Lake Shore Express,,Mon,Tue,Wed,Thu,Fri
07:37:57,151,Sheridan,,Sat
00:26:04,151,Sheridan,,Sun
16:12:01,146,Inner Lake Shore/Michigan Express,,Mon,Tue,Wed,Thu,Fri
13:51:01,151,Sheridan,,Sun
07:14:43,125,Water Tower Express,,Mon,Tue,Wed,Thu,Fri
19:41:39,3,King Drive,,Sat
09:24:21,125,Water Tower Express,,Mon,Tue,Wed,Thu,Fri
21:43:27,3,King Drive,,Mon,Tue,Wed,Thu,Fri
09:51:34,151,Sheridan,,Sun
06:56:18,147,Outer DuSable Lake Shore Express,,Mon,Tue,Wed,Thu,Fri
20:48:58,147,Outer DuSable Lake Shore Express,,Sat
14:23:01,151,Sheridan,,Sun
22:42:34,151,Sheridan,,Sun
21:54:27,3,King Drive,,Mon,Tue,Wed,Thu,Fri
22:38:58,147,Outer DuSable Lake Shore Express,,Sat
22:03:34,151,Sheridan,,Sun
16:21:51,148,Clarendon/Michigan Express,,Mon,Tue,Wed,Thu,Fri
05:36:10,3,King Drive,,Mon,Tue,Wed,Thu,Fri
20:46:45,3,King Drive,,Mon,Tue,Wed,Thu,Fri
16:38:09,3,King Drive,,Sun
10:52:21,3,King Drive,,Sat
17:28:44,3,King Drive,,Sat
16:56:22,146,Inner Lake Shore/Michigan Express,,Sat
22:18:27,3,King Drive,,Mon,Tue,Wed,Thu,Fri
21:05:53,151,Sheridan,,Sun
08:09:15,151,Sheridan,,Sat
18:17:09,3,King Drive,,Sun
17:04:49,151,Sheridan,,Sun
06:43:29,147,Outer DuSable Lake Shore Express,,Sat
20:09:04,3,King Drive,,Sun
09:01:28,147,Outer DuSable Lake Shore Express,,Mon,Tue,Wed,Thu,Fri
12:12:15,3,King Drive,,Sat
12:05:19,151,Sheridan,,Sat
23:26:48,147,Outer DuSable Lake Shore Express,,Mon,Tue,Wed,Thu,Fri
13:03:01,146,Inner Lake Shore/Michigan Express,,Sat
12:58:01,146,Inner Lake Shore/Michigan Express,,Mon,Tue,Wed,Thu,Fri
17:55:09,3,King Drive,,Sun
08:15:11,146,Inner Lake Shore/Michigan Express,,Sat
20:52:38,147,Outer DuSable Lake Shore Express,,Sun
22:31:34,151,Sheridan,,Mon,Tue,Wed,Thu,Fri
17:35:52,148,Clarendon/Michigan Express,,Mon,Tue,Wed,Thu,Fri
17:48:01,146,Inner Lake Shore/Michigan Express,,Sun
23:12:10,3,King Drive,,Sun
23:45:27,3,King Drive,,Sat
17:12:42,146,Inner Lake Shore/Michigan Express,,Sat
17:50:54,151,Sheridan,,Mon,Tue,Wed,Thu,Fri
17:00:17,143,Stockton/Michigan Express,,Mon,Tue,Wed,Thu,Fri
12:48:15,3,King Drive,,Mon,Tue,Wed,Thu,Fri
16:14:02,146,Inner Lake Shore/Michigan Express,,Sat
16:48:27,143,Stockton/Michigan Express,,Mon,Tue,Wed,Thu,Fri
18:07:58,147,Outer DuSable Lake Shore Express,,Sun
17:53:57,143,Stockton/Michigan Express,,Mon,Tue,Wed,Thu,Fri
21:10:08,147,Outer DuSable Lake Shore Express,,Mon,Tue,Wed,Thu,Fri
16:56:42,146,Inner Lake Shore/Michigan Express,,Mon,Tue,Wed,Thu,Fri
17:50:42,146,Inner Lake Shore/Michigan Express,,Mon,Tue,Wed,Thu,Fri
18:34:08,125,Water Tower Express,,Mon,Tue,Wed,Thu,Fri
11:02:21,3,King Drive,,Sat
07:57:27,151,Sheridan,,Sun
17:09:02,146,Inner Lake Shore/Michigan Express,,Mon,Tue,Wed,Thu,Fri
11:50:01,151,Sheridan,,Mon,Tue,Wed,Thu,Fri
07:10:06,26,South Shore Express,,Mon,Tue,Wed,Thu,Fri
14:37:47,147,Outer DuSable Lake Shore Express,,Sat
20:34:38,147,Outer DuSable Lake Shore Express,,Sun
07:20:18,147,Outer DuSable Lake Shore Express,,Sat
19:06:01,151,Sheridan,,Sun
18:17:58,147,Outer DuSable Lake Shore Express,,Sun
16:22:02,146,Inner Lake Shore/Michigan Express,,Sat
05:22:28,26,South Shore Express,,Mon,Tue,Wed,Thu,Fri
19:09:01,146,Inner Lake Shore/Michigan Express,,Sun
21:34:21,3,King Drive,,Sat
06:35:17,26,South Shore Express,,Mon,Tue,Wed,Thu,Fri
17:12:12,148,Clarendon/Michigan Express,,Mon,Tue,Wed,Thu,Fri
08:15:41,146,Inner Lake Shore/Michigan Express,,Mon,Tue,Wed,Thu,Fri
22:26:58,147,Outer DuSable Lake Shore Express,,Sat
14:48:41,146,Inner Lake Shore/Michigan Express,,Mon,Tue,Wed,Thu,Fri
14:26:38,151,Sheridan,,Mon,Tue,Wed,Thu,Fri
17:13:37,147,Outer DuSable Lake Shore Express,,Sat
17:44:12,146,Inner Lake Shore/Michigan Express,,Mon,Tue,Wed,Thu,Fri
23:10:11,146,Inner Lake Shore/Michigan Express,,Mon,Tue,Wed,Thu,Fri
17:38:44,3,King Drive,,Sat
20:56:19,151,Sheridan,,Sat
23:01:23,151,Sheridan,,Mon,Tue,Wed,Thu,Fri
20:59:04,3,King Drive,,Sun
16:15:19,151,Sheridan,,Sun
12:42:41,146,Inner Lake Shore/Michigan Express,,Sat
24:03:04,151,Sheridan,,Mon,Tue,Wed,Thu,Fri
11:28:28,147,Outer DuSable Lake Shore Express,,Sun
12:17:11,146,Inner Lake Shore/Michigan Express,,Mon,Tue,Wed,Thu,Fri
22:32:48,147,Outer DuSable Lake Shore Express,,Mon,Tue,Wed,Thu,Fri
11:18:21,146,Inner Lake Shore/Michigan Express,,Sun
23:46:01,146,Inner Lake Shore/Michigan Express,,Sat
10:55:21,3,King Drive,,Mon,Tue,Wed,Thu,Fri
19:35:21,146,Inner Lake Shore/Michigan Express,,Mon,Tue,Wed,Thu,Fri
10:07:57,3,King Drive,,Sat
08:30:51,125,Water Tower Express,,Mon,Tue,Wed,Thu,Fri
18:56:31,146,Inner Lake Shore/Michigan Express,,Mon,Tue,Wed,Thu,Fri
09:16:53,151,Sheridan,,Mon,Tue,Wed,Thu,Fri
20:56:39,3,King Drive,,Sat
18:18:17,147,Outer DuSable Lake Shore Express,,Sat
13:21:01,151,Sheridan,,Sun
22:19:48,147,Outer DuSable Lake Shore Express,,Mon,Tue,Wed,Thu,Fri
14:54:14,3,King Drive,,Sat
14:26:01,146,Inner Lake Shore/Michigan Express,,Sat
06:58:36,26,South Shore Express,,Mon,Tue,Wed,Thu,Fri
14:14:38,151,Sheridan,,Mon,Tue,Wed,Thu,Fri
06:09:41,146,Inner Lake Shore/Michigan Express,,Mon,Tue,Wed,Thu,Fri
16:34:18,147,Outer DuSable Lake Shore Express,,Mon,Tue,Wed,Thu,Fri
11:19:38,147,Outer DuSable Lake Shore Express,,Mon,Tue,Wed,Thu,Fri
08:43:28,147,Outer DuSable Lake Shore Express,,Mon,Tue,Wed,Thu,Fri
19:13:51,3,King Drive,,Sun
14:29:54,151,Sheridan,,Sat
17:05:58,147,Outer DuSable Lake Shore Express,,Mon,Tue,Wed,Thu,Fri
15:23:08,147,Outer DuSable Lake Shore Express,,Sun
11:45:01,146,Inner Lake Shore/Michigan Express,,Mon,Tue,Wed,Thu,Fri
19:29:21,146,Inner Lake Shore/Michigan Express,,Mon,Tue,Wed,Thu,Fri
08:57:44,26,South Shore Express,,Mon,Tue,Wed,Thu,Fri
11:52:31,146,Inner Lake Shore/Michigan Express,,Sat
24:05:01,146,Inner Lake Shore/Michigan Express,,Sat
19:20:33,3,King Drive,,Sat
09:58:04,151,Sheridan,,Sat
18:16:02,146,Inner Lake Shore/Michigan Express,,Sat
22:29:31,146,Inner Lake Shore/Michigan Express,,Sat
10:10:11,146,Inner Lake Shore/Michigan Express,,Mon,Tue,Wed,Thu,Fri
18:02:37,143,Stockton/Michigan Express,,Mon,Tue,Wed,Thu,Fri
21:57:31,146,Inner Lake Shore/Michigan Express,,Mon,Tue,Wed,Thu,Fri
15:00:45,3,King Drive,,Mon,Tue,Wed,Thu,Fri
06:09:41,146,Inner Lake Shore/Michigan Express,,Mon,Tue,Wed,Thu,Fri
09:00:51,3,King Drive,,Mon,Tue,Wed,Thu,Fri
01:42:08,151,Sheridan,,Tue,Wed,Thu,Fri,Sat
07:37:10,3,King Drive,,Sun
17:06:05,151,Sheridan,,Mon,Tue,Wed,Thu,Fri
08:08:04,151,Sheridan,,Mon,Tue,Wed,Thu,Fri
09:03:11,146,Inner Lake Shore/Michigan Express,,Mon,Tue,Wed,Thu,Fri
14:19:38,147,Outer DuSable Lake Shore Express,,Sat
15:19:51,148,Clarendon/Michigan Express,,Mon,Tue,Wed,Thu,Fri
10:10:11,146,Inner Lake Shore/Michigan Express,,Mon,Tue,Wed,Thu,Fri
14:58:41,146,Inner Lake Shore/Michigan Express,,Mon,Tue,Wed,Thu,Fri
17:22:31,146,Inner Lake Shore/Michigan Express,,Sun
12:30:57,151,Sheridan,,Sat
15:56:39,3,King Drive,,Mon,Tue,Wed,Thu,Fri
15:11:44,3,King Drive,,Sat
08:39:14,26,South Shore Express,,Mon,Tue,Wed,Thu,Fri
21:29:31,146,Inner Lake Shore/Michigan Express,,Sat
10:29:04,151,Sheridan,,Sat
17:14:01,146,Inner Lake Shore/Michigan Express,,Sun
16:56:44,3,King Drive,,Mon,Tue,Wed,Thu,Fri
22:40:31,151,Sheridan,,Sat
07:39:08,151,Sheridan,,Sun
16:45:44,3,King Drive,,Mon,Tue,Wed,Thu,Fri
20:42:48,147,Outer DuSable Lake Shore Express,,Mon,Tue,Wed,Thu,Fri
11:05:51,146,Inner Lake Shore/Michigan Express,,Mon,Tue,Wed,Thu,Fri
08:48:23,151,Sheridan,,Mon,Tue,Wed,Thu,Fri
18:03:42,146,Inner Lake Shore/Michigan Express,,Mon,Tue,Wed,Thu,Fri
17:11:09,3,King Drive,,Sun
16:35:19,151,Sheridan,,Sun
00:21:45,151,Sheridan,,Tue,Wed,Thu,Fri,Sat
18:25:58,147,Outer DuSable Lake Shore Express,,Mon,Tue,Wed,Thu,Fri
08:48:14,26,South Shore Express,,Mon,Tue,Wed,Thu,Fri
10:06:59,147,Outer DuSable Lake Shore Express,,Sun
10:04:04,151,Sheridan,,Sun
06:54:04,3,King Drive,,Mon,Tue,Wed,Thu,Fri
21:29:31,146,Inner Lake Shore/Michigan Express,,Sat
21:46:23,151,Sheridan,,Mon,Tue,Wed,Thu,Fri
17:34:31,151,Sheridan,,Sat
15:02:01,151,Sheridan,,Sat
13:31:18,147,Outer DuSable Lake Shore Express,,Mon,Tue,Wed,Thu,Fri
19:25:45,3,King Drive,,Mon,Tue,Wed,Thu,Fri
09:05:15,151,Sheridan,,Sat
23:27:31,146,Inner Lake Shore/Michigan Express,,Sat
15:55:38,147,Outer DuSable Lake Shore Express,,Sun
14:42:01,146,Inner Lake Shore/Michigan Express,,Sat
07:55:14,26,South Shore Express,,Mon,Tue,Wed,Thu,Fri
17:28:37,147,Outer DuSable Lake Shore Express,,Mon,Tue,Wed,Thu,Fri
21:43:27,3,King Drive,,Mon,Tue,Wed,Thu,Fri
21:17:04,3,King Drive,,Sun
16:20:01,146,Inner Lake Shore/Michigan Express,,Sun
19:54:27,3,King Drive,,Sun
20:13:58,147,Outer DuSable Lake Shore Express,,Sat
15:52:18,125,Water Tower Express,,Mon,Tue,Wed,Thu,Fri
09:16:04,151,Sheridan,,Sat
23:16:23,151,Sheridan,,Mon,Tue,Wed,Thu,Fri
20:44:49,151,Sheridan,,Sat
07:57:10,3,King Drive,,Sun
18:57:20,3,King Drive,,Mon,Tue,Wed,Thu,Fri
22:58:21,146,Inner Lake Shore/Michigan Express,,Sat
18:52:41,146,Inner Lake Shore/Michigan Express,,Sat
07:01:34,3,King Drive,,Mon,Tue,Wed,Thu,Fri
17:39:37,143,Stockton/Michigan Express,,Mon,Tue,Wed,Thu,Fri
17:04:49,151,Sheridan,,Sun
08:57:44,26,South Shore Express,,Mon,Tue,Wed,Thu,Fri
09:11:51,125,Water Tower Express,,Mon,Tue,Wed,Thu,Fri
22:29:11,146,Inner Lake Shore/Michigan Express,,Mon,Tue,Wed,Thu,Fri
10:31:14,26,South Shore Express,,Mon,Tue,Wed,Thu,Fri
11:25:01,151,Sheridan,,Mon,Tue,Wed,Thu,Fri
12:38:01,146,Inner Lake Shore/Michigan Express,,Mon,Tue,Wed,Thu,Fri
09:16:53,151,Sheridan,,Mon,Tue,Wed,Thu,Fri
06:47:36,26,South Shore Express,,Mon,Tue,Wed,Thu,Fri
13:21:15,3,King Drive,,Mon,Tue,Wed,Thu,Fri
16:48:58,147,Outer DuSable Lake Shore Express,,Sun
12:13:38,147,Outer DuSable Lake Shore Express,,Sun
17:47:58,147,Outer DuSable Lake Shore Express,,Sun
19:31:51,146,Inner Lake Shore/Michigan Express,,Sat
08:22:51,3,King Drive,,Mon,Tue,Wed,Thu,Fri
18:13:32,148,Clarendon/Michigan Express,,Mon,Tue,Wed,Thu,Fri
18:14:24,151,Sheridan,,Sat
22:15:34,3,King Drive,,Sun
07:39:44,26,South Shore Express,,Mon,Tue,Wed,Thu,Fri
21:59:31,146,Inner Lake Shore/Michigan Express,,Sat
16:12:27,147,Outer DuSable Lake Shore Express,,Sat
07:24:04,3,King Drive,,Mon,Tue,Wed,Thu,Fri
13:44:33,3,King Drive,,Sat
13:28:01,146,Inner Lake Shore/Michigan Express,,Mon,Tue,Wed,Thu,Fri
19:38:38,147,Outer DuSable Lake Shore Express,,Sun
16:53:08,147,Outer DuSable Lake Shore Express,,Mon,Tue,Wed,Thu,Fri
08:56:59,147,Outer DuSable Lake Shore Express,,Sun
07:31:34,3,King Drive,,Sat
11:47:23,151,Sheridan,,Sun
21:55:58,147,Outer DuSable Lake Shore Express,,Sat
21:00:08,147,Outer DuSable Lake Shore Express,,Mon,Tue,Wed,Thu,Fri
15:23:08,147,Outer DuSable Lake Shore Express,,Sun
16:57:58,147,Outer DuSable Lake Shore Express,,Sun
08:15:51,3,King Drive,,Mon,Tue,Wed,Thu,Fri
11:00:44,26,South Shore Express,,Mon,Tue,Wed,Thu,Fri
12:45:44,26,South Shore Express,,Mon,Tue,Wed,Thu,Fri
07:19:55,26,South Shore Express,,Mon,Tue,Wed,Thu,Fri
22:55:31,151,Sheridan,,Sat
17:22:09,3,King Drive,,Sun
19:54:41,146,Inner Lake Shore/Michigan Express,,Sun
23:10:31,151,Sheridan,,Sat
08:01:34,3,King Drive,,Sat
13:50:49,151,Sheridan,,Mon,Tue,Wed,Thu,Fri
10:37:18,147,Outer DuSable Lake Shore Express,,Sun
14:23:01,151,Sheridan,,Sun
22:46:48,147,Outer DuSable Lake Shore Express,,Mon,Tue,Wed,Thu,Fri
17:24:07,147,Outer DuSable Lake Shore Express,,Mon,Tue,Wed,Thu,Fri
21:41:19,151,Sheridan,,Sat
20:06:48,147,Outer DuSable Lake Shore Express,,Mon,Tue,Wed,Thu,Fri
09:41:14,26,South Shore Express,,Mon,Tue,Wed,Thu,Fri
23:06:27,3,King Drive,,Mon,Tue,Wed,Thu,Fri
21:04:31,146,Inner Lake Shore/Michigan Express,,Sat
10:27:42,151,Sheridan,,Mon,Tue,Wed,Thu,Fri
16:03:01,146,Inner Lake Shore/Michigan Express,,Sun
22:05:58,147,Outer DuSable Lake Shore Express,,Sat
22:34:21,3,King Drive,,Sat
12:19:41,146,Inner Lake Shore/Michigan Express,,Sat
00:36:57,151,Sheridan,,Mon
15:20:44,3,King Drive,,Sat
08:56:59,147,Outer DuSable Lake Shore Express,,Sun
18:34:08,125,Water Tower Express,,Mon,Tue,Wed,Thu,Fri
09:26:34,151,Sheridan,,Sat
21:10:38,147,Outer DuSable Lake Shore Express,,Sun
05:45:10,3,King Drive,,Mon,Tue,Wed,Thu,Fri
09:35:27,3,King Drive,,Sun
16:02:31,146,Inner Lake Shore/Michigan Express,,Mon,Tue,Wed,Thu,Fri
16:15:01,151,Sheridan,,Sat
19:48:31,146,Inner Lake Shore/Michigan Express,,Mon,Tue,Wed,Thu,Fri
05:53:40,3,King Drive,,Mon,Tue,Wed,Thu,Fri
17:31:22,146,Inner Lake Shore/Michigan Express,,Mon,Tue,Wed,Thu,Fri
08:06:27,3,King Drive,,Mon,Tue,Wed,Thu,Fri
21:58:08,147,Outer DuSable Lake Shore Express,,Mon,Tue,Wed,Thu,Fri
07:38:28,147,Outer DuSable Lake Shore Express,,Mon,Tue,Wed,Thu,Fri
08:57:08,147,Outer DuSable Lake Shore Express,,Sat
11:17:21,3,King Drive,,Mon,Tue,Wed,Thu,Fri
05:55:00,151,Sheridan,,Sun
09:51:34,151,Sheridan,,Sun
15:06:01,146,Inner Lake Shore/Michigan Express,,Sat
20:34:48,147,Outer DuSable Lake Shore Express,,Mon,Tue,Wed,Thu,Fri
22:35:34,3,King Drive,,Sun
09:05:15,151,Sheridan,,Sat
13:53:18,147,Outer DuSable Lake Shore Express,,Sun
09:38:41,146,Inner Lake Shore/Michigan Express,,Sun
10:57:42,151,Sheridan,,Sat
14:00:45,3,King Drive,,Sun
19:07:18,147,Outer DuSable Lake Shore Express,,Sun
13:09:18,147,Outer DuSable Lake Shore Express,,Sun
13:06:18,147,Outer DuSable Lake Shore Express,,Mon,Tue,Wed,Thu,Fri
17:13:47,147,Outer DuSable Lake Shore Express,,Mon,Tue,Wed,Thu,Fri
10:51:08,147,Outer DuSable Lake Shore Express,,Sun
17:11:20,151,Sheridan,,Sat
18:07:47,147,Outer DuSable Lake Shore Express,,Mon,Tue,Wed,Thu,Fri
11:04:28,147,Outer DuSable Lake Shore Express,,Sun
16:38:58,147,Outer DuSable Lake Shore Express,,Sun
09:45:38,147,Outer DuSable Lake Shore Express,,Sat
15:15:49,151,Sheridan,,Sun
16:14:02,146,Inner Lake Shore/Michigan Express,,Sat
14:33:31,151,Sheridan,,Sun
23:17:34,3,King Drive,,Mon,Tue,Wed,Thu,Fri
01:48:08,151,Sheridan,,Sun
09:13:41,146,Inner Lake Shore/Michigan Express,,Mon,Tue,Wed,Thu,Fri
23:57:46,3,King Drive,,Sun
16:17:58,147,Outer DuSable Lake Shore Express,,Mon,Tue,Wed,Thu,Fri
07:30:51,125,Water Tower Express,,Mon,Tue,Wed,Thu,Fri
11:30:14,26,South Shore Express,,Mon,Tue,Wed,Thu,Fri
17:27:01,151,Sheridan,,Sat
16:27:09,3,King Drive,,Sun
17:21:22,146,Inner Lake Shore/Michigan Express,,Sat
09:40:34,3,King Drive,,Sat
17:19:20,151,Sheridan,,Sat
10:07:57,3,King Drive,,Sat
16:52:27,147,Outer DuSable Lake Shore Express,,Sat
19:26:11,146,Inner Lake Shore/Michigan Express,,Sun
20:59:41,146,Inner Lake Shore/Michigan Express,,Sun
12:48:15,3,King Drive,,Sat
20:08:21,146,Inner Lake Shore/Michigan Express,,Mon,Tue,Wed,Thu,Fri
21:38:08,147,Outer DuSable Lake Shore Express,,Mon,Tue,Wed,Thu,Fri
09:45:23,151,Sheridan,,Mon,Tue,Wed,Thu,Fri
20:34:31,146,Inner Lake Shore/Michigan Express,,Sat
10:44:51,3,King Drive,,Mon,Tue,Wed,Thu,Fri
17:46:17,143,Stockton/Michigan Express,,Mon,Tue,Wed,Thu,Fri
10:55:21,3,King Drive,,Mon,Tue,Wed,Thu,Fri
17:26:05,151,Sheridan,,Mon,Tue,Wed,Thu,Fri
19:23:11,146,Inner Lake Shore/Michigan Express,,Mon,Tue,Wed,Thu,Fri
19:10:09,3,King Drive,,Mon,Tue,Wed,Thu,Fri
15:15:49,151,Sheridan,,Sun
18:44:21,146,Inner Lake Shore/Michigan Express,,Sun
20:22:28,147,Outer DuSable Lake Shore Express,,Sat
19:45:11,146,Inner Lake Shore/Michigan Express,,Sun
15:18:01,151,Sheridan,,Sat
14:10:48,147,Outer DuSable Lake Shore Express,,Sat
15:34:01,151,Sheridan,,Sat
19:55:27,151,Sheridan,,Sat
10:57:51,3,King Drive,,Sun
15:57:32,146,Inner Lake Shore/Michigan Express,,Sat
06:14:38,151,Sheridan,,Mon,Tue,Wed,Thu,Fri
16:32:44,3,King Drive,,Sat
07:56:11,146,Inner Lake Shore/Michigan Express,,Sat
10:29:04,151,Sheridan,,Sat
17:51:44,3,King Drive,,Mon,Tue,Wed,Thu,Fri
17:18:44,3,King Drive,,Sat
16:59:37,147,Outer DuSable Lake Shore Express,,Sat
18:06:05,151,Sheridan,,Mon,Tue,Wed,Thu,Fri
16:16:38,147,Outer DuSable Lake Shore Express,,Sun
18:54:48,147,Outer DuSable Lake Shore Express,,Mon,Tue,Wed,Thu,Fri
14:47:07,147,Outer DuSable Lake Shore Express,,Sat
09:51:31,146,Inner Lake Shore/Michigan Express,,Sat
22:19:21,3,King Drive,,Sat
19:34:45,3,King Drive,,Mon,Tue,Wed,Thu,Fri
16:39:31,151,Sheridan,,Sat
18:38:52,146,Inner Lake Shore/Michigan Express,,Sat
08:20:04,3,King Drive,,Sun
16:09:58,147,Outer DuSable Lake Shore Express,,Mon,Tue,Wed,Thu,Fri
14:36:56,3,King Drive,,Sat
20:29:39,3,King Drive,,Sat
11:56:49,151,Sheridan,,Sat
22:42:27,3,King Drive,,Mon,Tue,Wed,Thu,Fri
13:35:41,146,Inner Lake Shore/Michigan Express,,Sun
14:58:01,146,Inner Lake Shore/Michigan Express,,Sat
07:21:01,146,Inner Lake Shore/Michigan Express,,Mon,Tue,Wed,Thu,Fri
17:19:07,143,Stockton/Michigan Express,,Mon,Tue,Wed,Thu,Fri
08:38:18,147,Outer DuSable Lake Shore Express,,Sun
08:09:14,26,South Shore Express,,Mon,Tue,Wed,Thu,Fri
07:31:34,3,King Drive,,Mon,Tue,Wed,Thu,Fri
17:24:07,147,Outer DuSable Lake Shore Express,,Mon,Tue,Wed,Thu,Fri
08:03:11,146,Inner Lake Shore/Michigan Express,,Mon,Tue,Wed,Thu,Fri
14:12:15,3,King Drive,,Sun
10:51:08,147,Outer DuSable Lake Shore Express,,Sun
16:23:44,3,King Drive,,Sat
07:39:48,147,Outer DuSable Lake Shore Express,,Sun
15:45:49,151,Sheridan,,Sun
17:58:07,147,Outer DuSable Lake Shore Express,,Mon,Tue,Wed,Thu,Fri
17:03:20,151,Sheridan,,Sat
22:31:34,151,Sheridan,,Mon,Tue,Wed,Thu,Fri
14:11:33,3,King Drive,,Sat
14:46:20,3,King Drive,,Sat
18:02:37,143,Stockton/Michigan Express,,Mon,Tue,Wed,Thu,Fri
18:06:09,3,King Drive,,Sun
20:48:11,146,Inner Lake Shore/Michigan Express,,Sun
17:16:17,147,Outer DuSable Lake Shore Express,,Mon,Tue,Wed,Thu,Fri
08:52:15,151,Sheridan,,Sat
09:45:23,151,Sheridan,,Mon,Tue,Wed,Thu,Fri
16:03:01,146,Inner Lake Shore/Michigan Express,,Sun
17:44:22,148,Clarendon/Michigan Express,,Mon,Tue,Wed,Thu,Fri
07:52:18,147,Outer DuSable Lake Shore Express,,Sat
09:28:34,3,King Drive,,Sat
22:06:27,3,King Drive,,Mon,Tue,Wed,Thu,Fri
16:44:22,148,Clarendon/Michigan Express,,Mon,Tue,Wed,Thu,Fri
13:37:45,3,King Drive,,Sun
05:31:19,147,Outer DuSable Lake Shore Express,,Mon,Tue,Wed,Thu,Fri
12:28:58,147,Outer DuSable Lake Shore Express,,Sat
09:12:27,151,Sheridan,,Sun
17:27:01,151,Sheridan,,Sat
22:23:04,151,Sheridan,,Sun
14:31:08,147,Outer DuSable Lake Shore Express,,Mon,Tue,Wed,Thu,Fri
24:05:01,146,Inner Lake Shore/Michigan Express,,Sat
15:20:44,3,King Drive,,Sat
19:35:21,146,Inner Lake Shore/Michigan Express,,Mon,Tue,Wed,Thu,Fri
22:10:19,151,Sheridan,,Sat
13:12:28,147,Outer DuSable Lake Shore Express,,Sat
12:48:46,151,Sheridan,,Sat
12:12:21,3,King Drive,,Mon,Tue,Wed,Thu,Fri
16:22:02,146,Inner Lake Shore/Michigan Express,,Sat
17:24:49,151,Sheridan,,Sun
12:38:01,146,Inner Lake Shore/Michigan Express,,Mon,Tue,Wed,Thu,Fri
20:18:38,147,Outer DuSable Lake Shore Express,,Sun
10:31:14,26,South Shore Express,,Mon,Tue,Wed,Thu,Fri
08:15:11,146,Inner Lake Shore/Michigan Express,,Sat
20:44:31,146,Inner Lake Shore/Michigan Express,,Sat
23:46:34,151,Sheridan,,Mon,Tue,Wed,Thu,Fri
18:45:31,146,Inner Lake Shore/Michigan Express,,Sat
14:06:05,151,Sheridan,,Sat
23:57:46,3,King Drive,,Sun
15:14:38,151,Sheridan,,Mon,Tue,Wed,Thu,Fri
16:58:28,147,Outer DuSable Lake Shore Express,,Mon,Tue,Wed,Thu,Fri
14:47:41,146,Inner Lake Shore/Michigan Express,,Sun
09:07:23,151,Sheridan,,Mon,Tue,Wed,Thu,Fri
17:39:28,125,Water Tower Express,,Mon,Tue,Wed,Thu,Fri
10:44:51,3,King Drive,,Mon,Tue,Wed,Thu,Fri
10:48:53,151,Sheridan,,Sat
13:37:41,146,Inner Lake Shore/Michigan Express,,Mon,Tue,Wed,Thu,Fri
08:35:31,146,Inner Lake Shore/Michigan Express,,Sat
22:46:48,147,Outer DuSable Lake Shore Express,,Mon,Tue,Wed,Thu,Fri
17:26:57,143,Stockton/Michigan Express,,Mon,Tue,Wed,Thu,Fri
17:57:12,146,Inner Lake Shore/Michigan Express,,Mon,Tue,Wed,Thu,Fri
18:45:48,147,Outer DuSable Lake Shore Express,,Mon,Tue,Wed,Thu,Fri
08:48:23,151,Sheridan,,Mon,Tue,Wed,Thu,Fri
14:34:01,146,Inner Lake Shore/Michigan Express,,Sat
20:24:48,147,Outer DuSable Lake Shore Express,,Mon,Tue,Wed,Thu,Fri
16:26:05,151,Sheridan,,Mon,Tue,Wed,Thu,Fri
22:16:23,151,Sheridan,,Mon,Tue,Wed,Thu,Fri
24:03:04,151,Sheridan,,Mon,Tue,Wed,Thu,Fri
12:37:28,147,Outer DuSable Lake Shore Express,,Mon,Tue,Wed,Thu,Fri
13:01:13,26,South Shore Express,,Mon,Tue,Wed,Thu,Fri
08:51:41,146,Inner Lake Shore/Michigan Express,,Mon,Tue,Wed,Thu,Fri
18:13:44,3,King Drive,,Mon,Tue,Wed,Thu,Fri
13:31:18,147,Outer DuSable Lake Shore Express,,Sun
18:44:52,146,Inner Lake Shore/Michigan Express,,Mon,Tue,Wed,Thu,Fri
19:34:45,3,King Drive,,Mon,Tue,Wed,Thu,Fri
21:29:08,147,Outer DuSable Lake Shore Express,,Mon,Tue,Wed,Thu,Fri
16:50:08,147,Outer DuSable Lake Shore Express,,Mon,Tue,Wed,Thu,Fri
15:32:32,146,Inner Lake Shore/Michigan Express,,Sat
06:25:38,151,Sheridan,,Sat
10:59:21,146,Inner Lake Shore/Michigan Express,,Sun
12:05:51,146,Inner Lake Shore/Michigan Express,,Mon,Tue,Wed,Thu,Fri
17:54:49,151,Sheridan,,Sun
11:26:53,151,Sheridan,,Sun
15:58:01,151,Sheridan,,Sat
17:09:57,143,Stockton/Michigan Express,,Mon,Tue,Wed,Thu,Fri
20:38:11,146,Inner Lake Shore/Michigan Express,,Mon,Tue,Wed,Thu,Fri
14:49:45,3,King Drive,,Mon,Tue,Wed,Thu,Fri
17:58:12,151,Sheridan,,Sat
17:46:37,147,Outer DuSable Lake Shore Express,,Sat
12:10:51,3,King Drive,,Sun
07:11:58,147,Outer DuSable Lake Shore Express,,Mon,Tue,Wed,Thu,Fri
16:48:27,143,Stockton/Michigan Express,,Mon,Tue,Wed,Thu,Fri
24:04:10,3,King Drive,,Mon,Tue,Wed,Thu,Fri
14:12:31,151,Sheridan,,Sun
07:30:55,26,South Shore Express,,Mon,Tue,Wed,Thu,Fri
10:57:51,3,King Drive,,Sun
22:38:58,147,Outer DuSable Lake Shore Express,,Sat
17:27:32,148,Clarendon/Michigan Express,,Mon,Tue,Wed,Thu,Fri
08:29:27,151,Sheridan,,Sun
20:24:08,151,Sheridan,,Sat
20:25:34,3,King Drive,,Sun
14:14:05,151,Sheridan,,Sat
22:30:27,3,King Drive,,Mon,Tue,Wed,Thu,Fri
06:22:17,26,South Shore Express,,Mon,Tue,Wed,Thu,Fri
08:08:18,147,Outer DuSable Lake Shore Express,,Sat
22:26:58,147,Outer DuSable Lake Shore Express,,Sat
13:10:31,151,Sheridan,,Sun
15:16:11,146,Inner Lake Shore/Michigan Express,,Sun
10:14:21,3,King Drive,,Mon,Tue,Wed,Thu,Fri
21:04:31,146,Inner Lake Shore/Michigan Express,,Sat
22:54:27,3,King Drive,,Mon,Tue,Wed,Thu,Fri
07:30:51,125,Water Tower Express,,Mon,Tue,Wed,Thu,Fri
11:22:51,3,King Drive,,Sat
19:40:28,147,Outer DuSable Lake Shore Express,,Sat
07:15:34,3,King Drive,,Sat
14:50:38,151,Sheridan,,Mon,Tue,Wed,Thu,Fri
16:05:09,3,King Drive,,Sun
16:34:44,3,King Drive,,Mon,Tue,Wed,Thu,Fri
17:44:37,147,Outer DuSable Lake Shore Express,,Mon,Tue,Wed,Thu,Fri
09:14:21,3,King Drive,,Mon,Tue,Wed,Thu,Fri
01:12:08,151,Sheridan,,Mon
12:39:41,146,Inner Lake Shore/Michigan Express,,Sun
07:00:29,147,Outer DuSable Lake Shore Express,,Sun
16:06:16,151,Sheridan,,Mon,Tue,Wed,Thu,Fri
19:55:51,146,Inner Lake Shore/Michigan Express,,Sat
15:02:38,151,Sheridan,,Mon,Tue,Wed,Thu,Fri
18:34:02,146,Inner Lake Shore/Michigan Express,,Mon,Tue,Wed,Thu,Fri
20:52:38,147,Outer DuSable Lake Shore Express,,Sun
17:48:01,146,Inner Lake Shore/Michigan Express,,Sun
09:46:51,3,King Drive,,Mon,Tue,Wed,Thu,Fri
21:00:27,3,King Drive,,Mon,Tue,Wed,Thu,Fri
16:38:01,146,Inner Lake Shore/Michigan Express,,Sun
17:39:31,146,Inner Lake Shore/Michigan Express,,Sun
23:06:18,147,Outer DuSable Lake Shore Express,,Sat
01:31:38,151,Sheridan,,Sun
11:54:15,3,King Drive,,Sat
15:22:45,3,King Drive,,Mon,Tue,Wed,Thu,Fri
20:22:51,146,Inner Lake Shore/Michigan Express,,Mon,Tue,Wed,Thu,Fri
17:29:52,146,Inner Lake Shore/Michigan Express,,Sat
16:05:19,151,Sheridan,,Sun
16:05:32,146,Inner Lake Shore/Michigan Express,,Sat
10:41:34,151,Sheridan,,Sun
14:24:04,26,South Shore Express,,Mon,Tue,Wed,Thu,Fri
16:15:19,151,Sheridan,,Sun
09:32:14,26,South Shore Express,,Mon,Tue,Wed,Thu,Fri
15:55:27,147,Outer DuSable Lake Shore Express,,Sat
09:28:34,3,King Drive,,Sat
17:26:57,143,Stockton/Michigan Express,,Mon,Tue,Wed,Thu,Fri
16:07:51,148,Clarendon/Michigan Express,,Mon,Tue,Wed,Thu,Fri
24:04:10,3,King Drive,,Mon,Tue,Wed,Thu,Fri
16:12:01,146,Inner Lake Shore/Michigan Express,,Mon,Tue,Wed,Thu,Fri
18:08:02,146,Inner Lake Shore/Michigan Express,,Sat
20:37:45,3,King Drive,,Mon,Tue,Wed,Thu,Fri
14:58:04,26,South Shore Express,,Mon,Tue,Wed,Thu,Fri
13:19:18,147,Outer DuSable Lake Shore Express,,Mon,Tue,Wed,Thu,Fri
21:46:58,147,Outer DuSable Lake Shore Express,,Sun
12:07:21,146,Inner Lake Shore/Michigan Express,,Sat
13:41:01,151,Sheridan,,Sun
08:15:51,125,Water Tower Express,,Mon,Tue,Wed,Thu,Fri
07:57:27,151,Sheridan,,Sun
18:30:46,151,Sheridan,,Sat
17:37:42,146,Inner Lake Shore/Michigan Express,,Sat
11:04:53,151,Sheridan,,Sun
13:15:01,146,Inner Lake Shore/Michigan Express,,Sun
13:28:01,146,Inner Lake Shore/Michigan Express,,Mon,Tue,Wed,Thu,Fri
12:52:11,146,Inner Lake Shore/Michigan Express,,Sun
20:54:31,146,Inner Lake Shore/Michigan Express,,Sat
15:45:01,146,Inner Lake Shore/Michigan Express,,Sun
16:22:58,147,Outer DuSable Lake Shore Express,,Mon,Tue,Wed,Thu,Fri
15:35:28,147,Outer DuSable Lake Shore Express,,Mon,Tue,Wed,Thu,Fri
15:46:27,151,Sheridan,,Mon,Tue,Wed,Thu,Fri
08:08:58,147,Outer DuSable Lake Shore Express,,Mon,Tue,Wed,Thu,Fri
13:34:13,26,South Shore Express,,Mon,Tue,Wed,Thu,Fri
05:57:49,151,Sheridan,,Mon,Tue,Wed,Thu,Fri
07:06:41,146,Inner Lake Shore/Michigan Express,,Mon,Tue,Wed,Thu,Fri
12:45:44,26,South Shore Express,,Mon,Tue,Wed,Thu,Fri
20:14:38,151,Sheridan,,Sat
10:19:57,3,King Drive,,Sun
09:37:04,151,Sheridan,,Sat
17:11:05,151,Sheridan,,Mon,Tue,Wed,Thu,Fri
14:41:04,26,South Shore Express,,Mon,Tue,Wed,Thu,Fri
20:14:11,146,Inner Lake Shore/Michigan Express,,Sun
13:08:01,146,Inner Lake Shore/Michigan Express,,Mon,Tue,Wed,Thu,Fri
13:20:18,147,Outer DuSable Lake Shore Express,,Sun
16:47:31,151,Sheridan,,Sat
14:43:31,151,Sheridan,,Sun
08:16:14,26,South Shore Express,,Mon,Tue,Wed,Thu,Fri
13:46:01,146,Inner Lake Shore/Michigan Express,,Sat
12:06:08,147,Outer DuSable Lake Shore Express,,Mon,Tue,Wed,Thu,Fri
22:26:41,146,Inner Lake Shore/Michigan Express,,Sun
08:28:53,151,Sheridan,,Mon,Tue,Wed,Thu,Fri
16:11:01,146,Inner Lake Shore/Michigan Express,,Sun
00:21:45,151,Sheridan,,Tue,Wed,Thu,Fri,Sat
19:09:41,146,Inner Lake Shore/Michigan Express,,Mon,Tue,Wed,Thu,Fri
00:18:15,151,Sheridan,,Mon
13:49:15,3,King Drive,,Sun
14:27:15,3,King Drive,,Mon,Tue,Wed,Thu,Fri
07:52:18,147,Outer DuSable Lake Shore Express,,Sat
16:30:02,146,Inner Lake Shore/Michigan Express,,Sat
06:18:40,3,King Drive,,Mon,Tue,Wed,Thu,Fri
08:08:04,151,Sheridan,,Mon,Tue,Wed,Thu,Fri
20:04:31,151,Sheridan,,Sun
14:11:41,146,Inner Lake Shore/Michigan Express,,Sun
19:48:28,147,Outer DuSable Lake Shore Express,,Sat
11:16:23,151,Sheridan,,Sun
17:53:57,143,Stockton/Michigan Express,,Mon,Tue,Wed,Thu,Fri
09:26:15,151,Sheridan,,Sun
16:57:58,147,Outer DuSable Lake Shore Express,,Sun
06:40:29,147,Outer DuSable Lake Shore Express,,Mon,Tue,Wed,Thu,Fri
17:39:07,147,Outer DuSable Lake Shore Express,,Mon,Tue,Wed,Thu,Fri
12:56:46,151,Sheridan,,Sat
07:45:51,125,Water Tower Express,,Mon,Tue,Wed,Thu,Fri
21:47:31,146,Inner Lake Shore/Michigan Express,,Mon,Tue,Wed,Thu,Fri
15:09:51,146,Inner Lake Shore/Michigan Express,,Mon,Tue,Wed,Thu,Fri
18:47:33,3,King Drive,,Sat
13:26:15,3,King Drive,,Sun
23:13:01,146,Inner Lake Shore/Michigan Express,,Sat
12:57:15,3,King Drive,,Sat
22:43:51,146,Inner Lake Shore/Michigan Express,,Sun
12:18:23,151,Sheridan,,Sun
11:51:18,147,Outer DuSable Lake Shore Express,,Sun
06:34:13,125,Water Tower Express,,Mon,Tue,Wed,Thu,Fri
14:53:08,147,Outer DuSable Lake Shore Express,,Mon,Tue,Wed,Thu,Fri
15:21:09,3,King Drive,,Sun
10:19:57,3,King Drive,,Sun
19:27:38,147,Outer DuSable Lake Shore Express,,Sun
12:14:49,151,Sheridan,,Mon,Tue,Wed,Thu,Fri
20:19:45,3,King Drive,,Mon,Tue,Wed,Thu,Fri
11:37:21,146,Inner Lake Shore/Michigan Express,,Sat
20:04:57,151,Sheridan,,Sat
19:17:11,146,Inner Lake Shore/Michigan Express,,Sun
12:05:51,146,Inner Lake Shore/Michigan Express,,Mon,Tue,Wed,Thu,Fri
20:24:31,146,Inner Lake Shore/Michigan Express,,Sat
12:22:51,3,King Drive,,Sun
23:46:18,147,Outer DuSable Lake Shore Express,,Sat
17:01:05,151,Sheridan,,Mon,Tue,Wed,Thu,Fri
18:59:51,3,King Drive,,Sun
18:53:08,125,Water Tower Express,,Mon,Tue,Wed,Thu,Fri
09:58:04,151,Sheridan,,Sat
11:45:01,146,Inner Lake Shore/Michigan Express,,Mon,Tue,Wed,Thu,Fri
22:46:34,151,Sheridan,,Mon,Tue,Wed,Thu,Fri
11:17:28,147,Outer DuSable Lake Shore Express,,Sun
06:16:19,151,Sheridan,,Sun
07:19:48,147,Outer DuSable Lake Shore Express,,Sun
12:07:21,146,Inner Lake Shore/Michigan Express,,Sat
23:24:58,147,Outer DuSable Lake Shore Express,,Sun
13:50:43,26,South Shore Express,,Mon,Tue,Wed,Thu,Fri
19:39:51,146,Inner Lake Shore/Michigan Express,,Sat
10:33:38,147,Outer DuSable Lake Shore Express,,Sat
17:50:42,146,Inner Lake Shore/Michigan Express,,Mon,Tue,Wed,Thu,Fri
15:18:01,151,Sheridan,,Sat
21:58:08,147,Outer DuSable Lake Shore Express,,Mon,Tue,Wed,Thu,Fri
15:45:49,151,Sheridan,,Sun
18:43:17,147,Outer DuSable Lake Shore Express,,Sat
16:56:01,146,Inner Lake Shore/Michigan Express,,Sun
23:47:10,3,King Drive,,Mon,Tue,Wed,Thu,Fri
23:44:28,147,Outer DuSable Lake Shore Express,,Sun
16:45:19,151,Sheridan,,Sun
17:36:02,148,Clarendon/Michigan Express,,Mon,Tue,Wed,Thu,Fri
10:21:28,147,Outer DuSable Lake Shore Express,,Mon,Tue,Wed,Thu,Fri
07:35:51,146,Inner Lake Shore/Michigan Express,,Sun
00:58:27,151,Sheridan,,Sun
16:28:27,147,Outer DuSable Lake Shore Express,,Sat
19:16:28,147,Outer DuSable Lake Shore Express,,Mon,Tue,Wed,Thu,Fri
13:55:08,147,Outer DuSable Lake Shore Express,,Mon,Tue,Wed,Thu,Fri
14:11:41,146,Inner Lake Shore/Michigan Express,,Sun
17:37:58,147,Outer DuSable Lake Shore Express,,Sun
05:33:30,151,Sheridan,,Sun
16:56:05,151,Sheridan,,Mon,Tue,Wed,Thu,Fri
10:18:34,151,Sheridan,,Sat
23:42:31,146,Inner Lake Shore/Michigan Express,,Mon,Tue,Wed,Thu,Fri
19:06:01,151,Sheridan,,Sun
18:18:17,147,Outer DuSable Lake Shore Express,,Sat
16:21:01,146,Inner Lake Shore/Michigan Express,,Mon,Tue,Wed,Thu,Fri
18:26:17,147,Outer DuSable Lake Shore Express,,Sat
18:14:17,147,Outer DuSable Lake Shore Express,,Mon,Tue,Wed,Thu,Fri
07:19:48,147,Outer DuSable Lake Shore Express,,Sun
06:17:10,3,King Drive,,Sat
19:23:51,146,Inner Lake Shore/Michigan Express,,Sat
23:06:27,3,King Drive,,Mon,Tue,Wed,Thu,Fri
14:26:01,146,Inner Lake Shore/Michigan Express,,Sat
19:23:51,146,Inner Lake Shore/Michigan Express,,Sat
10:59:21,146,Inner Lake Shore/Michigan Express,,Sun
09:41:28,147,Outer DuSable Lake Shore Express,,Mon,Tue,Wed,Thu,Fri
08:41:04,3,King Drive,,Sun
10:39:04,151,Sheridan,,Sat
10:05:27,3,King Drive,,Sun
19:16:38,147,Outer DuSable Lake Shore Express,,Sun
01:02:08,151,Sheridan,,Tue,Wed,Thu,Fri,Sat
14:28:56,3,King Drive,,Sat
11:40:01,151,Sheridan,,Sat
07:35:21,146,Inner Lake Shore/Michigan Express,,Mon,Tue,Wed,Thu,Fri
18:50:01,146,Inner Lake Shore/Michigan Express,,Mon,Tue,Wed,Thu,Fri
21:19:41,146,Inner Lake Shore/Michigan Express,,Mon,Tue,Wed,Thu,Fri
15:46:57,147,Outer DuSable Lake Shore Express,,Sat
18:27:15,3,King Drive,,Sun
10:37:18,147,Outer DuSable Lake Shore Express,,Sun
19:00:21,146,Inner Lake Shore/Michigan Express,,Sat
21:43:53,151,Sheridan,,Sun
18:24:44,3,King Drive,,Mon,Tue,Wed,Thu,Fri
19:03:31,146,Inner Lake Shore/Michigan Express,,Mon,Tue,Wed,Thu,Fri
17:18:44,3,King Drive,,Mon,Tue,Wed,Thu,Fri
13:02:49,151,Sheridan,,Mon,Tue,Wed,Thu,Fri
16:46:05,151,Sheridan,,Mon,Tue,Wed,Thu,Fri
05:33:30,151,Sheridan,,Sun
20:30:31,146,Inner Lake Shore/Michigan Express,,Mon,Tue,Wed,Thu,Fri
22:17:41,146,Inner Lake Shore/Michigan Express,,Mon,Tue,Wed,Thu,Fri
17:07:58,147,Outer DuSable Lake Shore Express,,Sun
18:48:01,148,Clarendon/Michigan Express,,Mon,Tue,Wed,Thu,Fri
05:53:40,3,King Drive,,Mon,Tue,Wed,Thu,Fri
15:04:58,147,Outer DuSable Lake Shore Express,,Mon,Tue,Wed,Thu,Fri
14:02:18,147,Outer DuSable Lake Shore Express,,Sat
20:08:21,146,Inner Lake Shore/Michigan Express,,Mon,Tue,Wed,Thu,Fri
12:22:51,3,King Drive,,Sun
19:07:51,146,Inner Lake Shore/Michigan Express,,Sat
17:53:02,148,Clarendon/Michigan Express,,Mon,Tue,Wed,Thu,Fri
09:39:15,151,Sheridan,,Sun
12:37:28,147,Outer DuSable Lake Shore Express,,Mon,Tue,Wed,Thu,Fri
18:01:17,147,Outer DuSable Lake Shore Express,,Sat
13:53:41,146,Inner Lake Shore/Michigan Express,,Sun
12:28:53,151,Sheridan,,Sun
22:06:27,3,King Drive,,Mon,Tue,Wed,Thu,Fri
10:41:28,147,Outer DuSable Lake Shore Express,,Mon,Tue,Wed,Thu,Fri
12:58:18,147,Outer DuSable Lake Shore Express,,Sun
11:51:08,147,Outer DuSable Lake Shore Express,,Mon,Tue,Wed,Thu,Fri
17:22:09,3,King Drive,,Sun
09:32:31,146,Inner Lake Shore/Michigan Express,,Sat
05:54:17,26,South Shore Express,,Mon,Tue,Wed,Thu,Fri
12:52:41,146,Inner Lake Shore/Michigan Express,,Sat
14:50:08,147,Outer DuSable Lake Shore Express,,Sun
08:30:44,26,South Shore Express,,Mon,Tue,Wed,Thu,Fri
20:04:11,146,Inner Lake Shore/Michigan Express,,Sun
11:59:44,26,South Shore Express,,Mon,Tue,Wed,Thu,Fri
23:06:28,147,Outer DuSable Lake Shore Express,,Sun
11:14:42,151,Sheridan,,Sat
17:59:28,125,Water Tower Express,,Mon,Tue,Wed,Thu,Fri
21:01:41,146,Inner Lake Shore/Michigan Express,,Mon,Tue,Wed,Thu,Fri
19:42:21,3,King Drive,,Sun
17:21:07,147,Outer DuSable Lake Shore Express,,Mon,Tue,Wed,Thu,Fri
22:29:31,146,Inner Lake Shore/Michigan Express,,Sat
08:25:58,147,Outer DuSable Lake Shore Express,,Mon,Tue,Wed,Thu,Fri
13:24:48,147,Outer DuSable Lake Shore Express,,Sat
17:31:01,146,Inner Lake Shore/Michigan Express,,Sun
00:58:27,151,Sheridan,,Sun
07:00:29,147,Outer DuSable Lake Shore Express,,Sun
23:06:48,147,Outer DuSable Lake Shore Express,,Mon,Tue,Wed,Thu,Fri
17:44:12,146,Inner Lake Shore/Michigan Express,,Mon,Tue,Wed,Thu,Fri
19:41:31,146,Inner Lake Shore/Michigan Express,,Mon,Tue,Wed,Thu,Fri
18:46:51,3,King Drive,,Sun
10:14:21,3,King Drive,,Mon,Tue,Wed,Thu,Fri
18:26:17,147,Outer DuSable Lake Shore Express,,Sat
09:32:31,146,Inner Lake Shore/Michigan Express,,Sat
11:02:21,3,King Drive,,Sat
15:36:51,148,Clarendon/Michigan Express,,Mon,Tue,Wed,Thu,Fri
22:27:28,147,Outer DuSable Lake Shore Express,,Sun
20:46:12,151,Sheridan,,Mon,Tue,Wed,Thu,Fri
00:42:45,151,Sheridan,,Sun
05:35:49,151,Sheridan,,Mon,Tue,Wed,Thu,Fri
20:57:58,147,Outer DuSable Lake Shore Express,,Sat
11:39:48,147,Outer DuSable Lake Shore Express,,Sun
18:12:27,143,Stockton/Michigan Express,,Mon,Tue,Wed,Thu,Fri
06:01:39,147,Outer DuSable Lake Shore Express,,Sat
08:37:34,3,King Drive,,Sat
13:02:15,3,King Drive,,Sun
08:36:51,3,King Drive,,Mon,Tue,Wed,Thu,Fri
15:22:45,3,King Drive,,Mon,Tue,Wed,Thu,Fri
19:58:31,146,Inner Lake Shore/Michigan Express,,Sat
22:42:27,3,King Drive,,Mon,Tue,Wed,Thu,Fri
13:17:43,26,South Shore Express,,Mon,Tue,Wed,Thu,Fri
13:29:41,146,Inner Lake Shore/Michigan Express,,Sat
17:28:37,147,Outer DuSable Lake Shore Express,,Mon,Tue,Wed,Thu,Fri
18:27:58,147,Outer DuSable Lake Shore Express,,Sun
07:37:11,146,Inner Lake Shore/Michigan Express,,Sat
17:21:05,151,Sheridan,,Mon,Tue,Wed,Thu,Fri
18:47:33,3,King Drive,,Sat
13:53:18,147,Outer DuSable Lake Shore Express,,Sun
11:40:58,147,Outer DuSable Lake Shore Express,,Sat
06:08:47,26,South Shore Express,,Mon,Tue,Wed,Thu,Fri
22:29:11,146,Inner Lake Shore/Michigan Express,,Mon,Tue,Wed,Thu,Fri
19:47:51,146,Inner Lake Shore/Michigan Express,,Sat
17:21:22,146,Inner Lake Shore/Michigan Express,,Sat
12:13:19,151,Sheridan,,Sat
10:23:29,147,Outer DuSable Lake Shore Express,,Sun
12:30:15,3,King Drive,,Sat
21:32:27,3,King Drive,,Mon,Tue,Wed,Thu,Fri
10:43:31,146,Inner Lake Shore/Michigan Express,,Mon,Tue,Wed,Thu,Fri
14:07:13,26,South Shore Express,,Mon,Tue,Wed,Thu,Fri
20:33:38,151,Sheridan,,Sat
08:40:11,146,Inner Lake Shore/Michigan Express,,Mon,Tue,Wed,Thu,Fri
16:27:09,3,King Drive,,Sun
10:06:59,147,Outer DuSable Lake Shore Express,,Sun
20:25:34,3,King Drive,,Sun
19:56:58,147,Outer DuSable Lake Shore Express,,Sat
17:06:37,147,Outer DuSable Lake Shore Express,,Sat
06:24:09,147,Outer DuSable Lake Shore Express,,Mon,Tue,Wed,Thu,Fri
05:50:09,147,Outer DuSable Lake Shore Express,,Mon,Tue,Wed,Thu,Fri
05:38:28,26,South Shore Express,,Mon,Tue,Wed,Thu,Fri
23:59:41,146,Inner Lake Shore/Michigan Express,,Mon,Tue,Wed,Thu,Fri
16:45:19,151,Sheridan,,Sun
18:46:44,3,King Drive,,Mon,Tue,Wed,Thu,Fri
10:04:51,3,King Drive,,Mon,Tue,Wed,Thu,Fri
11:44:44,26,South Shore Express,,Mon,Tue,Wed,Thu,Fri
16:56:01,146,Inner Lake Shore/Michigan Express,,Sun
10:05:27,3,King Drive,,Sun
15:21:27,147,Outer DuSable Lake Shore Express,,Sat
07:06:41,146,Inner Lake Shore/Michigan Express,,Mon,Tue,Wed,Thu,Fri
20:37:45,3,King Drive,,Mon,Tue,Wed,Thu,Fri
20:04:31,151,Sheridan,,Sun
18:24:22,148,Clarendon/Michigan Express,,Mon,Tue,Wed,Thu,Fri
15:11:45,3,King Drive,,Mon,Tue,Wed,Thu,Fri
22:15:58,147,Outer DuSable Lake Shore Express,,Sat
14:02:41,146,Inner Lake Shore/Michigan Express,,Sun
12:48:15,3,King Drive,,Mon,Tue,Wed,Thu,Fri
11:14:42,151,Sheridan,,Sat
12:28:01,146,Inner Lake Shore/Michigan Express,,Mon,Tue,Wed,Thu,Fri
20:16:48,147,Outer DuSable Lake Shore Express,,Mon,Tue,Wed,Thu,Fri
12:59:58,147,Outer DuSable Lake Shore Express,,Sat
23:09:21,3,King Drive,,Sat
20:38:11,146,Inner Lake Shore/Michigan Express,,Mon,Tue,Wed,Thu,Fri
16:06:08,147,Outer DuSable Lake Shore Express,,Sun
09:41:28,147,Outer DuSable Lake Shore Express,,Mon,Tue,Wed,Thu,Fri
12:02:38,147,Outer DuSable Lake Shore Express,,Sun
11:37:21,146,Inner Lake Shore/Michigan Express,,Sat
23:59:34,151,Sheridan,,Sun
00:18:15,151,Sheridan,,Mon
10:24:21,3,King Drive,,Mon,Tue,Wed,Thu,Fri
07:36:18,147,Outer DuSable Lake Shore Express,,Sat
18:43:17,147,Outer DuSable Lake Shore Express,,Sat
18:14:24,151,Sheridan,,Sat
09:58:11,146,Inner Lake Shore/Michigan Express,,Sun
15:33:45,3,King Drive,,Mon,Tue,Wed,Thu,Fri
21:24:53,151,Sheridan,,Sun
16:58:28,147,Outer DuSable Lake Shore Express,,Mon,Tue,Wed,Thu,Fri
21:26:19,151,Sheridan,,Sat
15:50:01,151,Sheridan,,Sat
14:37:47,147,Outer DuSable Lake Shore Express,,Sat
16:03:57,147,Outer DuSable Lake Shore Express,,Sat
17:47:58,147,Outer DuSable Lake Shore Express,,Sun
21:28:51,146,Inner Lake Shore/Michigan Express,,Mon,Tue,Wed,Thu,Fri
07:19:55,26,South Shore Express,,Mon,Tue,Wed,Thu,Fri
14:56:45,3,King Drive,,Sun
20:34:38,147,Outer DuSable Lake Shore Express,,Sun
11:52:31,146,Inner Lake Shore/Michigan Express,,Sat
10:21:21,3,King Drive,,Sat
15:12:57,147,Outer DuSable Lake Shore Express,,Sat
15:09:51,146,Inner Lake Shore/Michigan Express,,Mon,Tue,Wed,Thu,Fri
20:34:31,146,Inner Lake Shore/Michigan Express,,Sat
10:52:21,3,King Drive,,Sat
13:01:13,26,South Shore Express,,Mon,Tue,Wed,Thu,Fri
12:21:58,147,Outer DuSable Lake Shore Express,,Mon,Tue,Wed,Thu,Fri
20:56:39,3,King Drive,,Sat
17:01:05,151,Sheridan,,Mon,Tue,Wed,Thu,Fri
14:55:57,147,Outer DuSable Lake Shore Express,,Sat
12:10:51,3,King Drive,,Sun
17:46:37,147,Outer DuSable Lake Shore Express,,Sat
17:31:07,147,Outer DuSable Lake Shore Express,,Mon,Tue,Wed,Thu,Fri
16:44:18,147,Outer DuSable Lake Shore Express,,Mon,Tue,Wed,Thu,Fri
14:38:45,3,King Drive,,Mon,Tue,Wed,Thu,Fri
21:54:27,3,King Drive,,Mon,Tue,Wed,Thu,Fri
10:47:51,146,Inner Lake Shore/Michigan Express,,Sat
17:39:57,147,Outer DuSable Lake Shore Express,,Sat
14:04:58,147,Outer DuSable Lake Shore Express,,Sun
07:17:10,3,King Drive,,Sun
13:06:18,147,Outer DuSable Lake Shore Express,,Mon,Tue,Wed,Thu,Fri
21:24:41,146,Inner Lake Shore/Michigan Express,,Sun
20:59:41,146,Inner Lake Shore/Michigan Express,,Sun
13:42:18,147,Outer DuSable Lake Shore Express,,Sun
08:48:14,26,South Shore Express,,Mon,Tue,Wed,Thu,Fri
11:17:28,147,Outer DuSable Lake Shore Express,,Sun
07:57:10,3,King Drive,,Sun
13:41:01,151,Sheridan,,Sun
16:37:22,146,Inner Lake Shore/Michigan Express,,Mon,Tue,Wed,Thu,Fri
19:39:51,146,Inner Lake Shore/Michigan Express,,Sat
10:29:04,151,Sheridan,,Sun
13:44:33,3,King Drive,,Sat
01:42:08,151,Sheridan,,Tue,Wed,Thu,Fri,Sat
12:12:58,147,Outer DuSable Lake Shore Express,,Sat
07:03:18,147,Outer DuSable Lake Shore Express,,Sat
23:25:31,151,Sheridan,,Sat
14:38:41,146,Inner Lake Shore/Michigan Express,,Sun
06:57:34,3,King Drive,,Sat
22:30:27,3,King Drive,,Mon,Tue,Wed,Thu,Fri
14:01:01,151,Sheridan,,Sun
06:46:08,151,Sheridan,,Sat
13:14:46,151,Sheridan,,Sat
13:38:01,146,Inner Lake Shore/Michigan Express,,Sat
16:50:44,3,King Drive,,Sat
15:53:28,147,Outer DuSable Lake Shore Express,,Mon,Tue,Wed,Thu,Fri
19:48:28,147,Outer DuSable Lake Shore Express,,Sat
11:23:01,151,Sheridan,,Sat
13:03:01,146,Inner Lake Shore/Michigan Express,,Sat
06:34:13,125,Water Tower Express,,Mon,Tue,Wed,Thu,Fri
09:35:27,3,King Drive,,Sun
21:37:31,146,Inner Lake Shore/Michigan Express,,Mon,Tue,Wed,Thu,Fri
16:39:31,151,Sheridan,,Sat
07:09:04,3,King Drive,,Mon,Tue,Wed,Thu,Fri
21:18:38,147,Outer DuSable Lake Shore Express,,Mon,Tue,Wed,Thu,Fri
17:44:32,148,Clarendon/Michigan Express,,Mon,Tue,Wed,Thu,Fri
16:35:19,151,Sheridan,,Sun
06:56:18,147,Outer DuSable Lake Shore Express,,Mon,Tue,Wed,Thu,Fri
15:36:01,146,Inner Lake Shore/Michigan Express,,Sun
16:29:01,146,Inner Lake Shore/Michigan Express,,Sun
15:52:01,146,Inner Lake Shore/Michigan Express,,Mon,Tue,Wed,Thu,Fri
08:16:14,26,South Shore Express,,Mon,Tue,Wed,Thu,Fri
18:38:52,146,Inner Lake Shore/Michigan Express,,Sat
12:59:58,147,Outer DuSable Lake Shore Express,,Sat
18:57:38,147,Outer DuSable Lake Shore Express,,Sun
18:48:27,151,Sheridan,,Mon,Tue,Wed,Thu,Fri
09:17:34,3,King Drive,,Sun
18:24:37,143,Stockton/Michigan Express,,Mon,Tue,Wed,Thu,Fri
07:32:04,151,Sheridan,,Mon,Tue,Wed,Thu,Fri
10:32:21,3,King Drive,,Sat
14:34:01,146,Inner Lake Shore/Michigan Express,,Sat
09:14:21,3,King Drive,,Mon,Tue,Wed,Thu,Fri
16:23:31,151,Sheridan,,Sat
09:58:11,146,Inner Lake Shore/Michigan Express,,Sun
13:57:41,146,Inner Lake Shore/Michigan Express,,Mon,Tue,Wed,Thu,Fri
15:00:45,3,King Drive,,Mon,Tue,Wed,Thu,Fri
15:43:09,3,King Drive,,Sun
05:41:30,151,Sheridan,,Sat
16:14:44,3,King Drive,,Sat
08:15:41,146,Inner Lake Shore/Michigan Express,,Mon,Tue,Wed,Thu,Fri
18:16:02,146,Inner Lake Shore/Michigan Express,,Sat
14:07:08,147,Outer DuSable Lake Shore Express,,Mon,Tue,Wed,Thu,Fri
22:03:34,151,Sheridan,,Sun
20:17:53,151,Sheridan,,Sun
17:13:47,147,Outer DuSable Lake Shore Express,,Mon,Tue,Wed,Thu,Fri
13:44:41,146,Inner Lake Shore/Michigan Express,,Sun
18:36:27,151,Sheridan,,Mon,Tue,Wed,Thu,Fri
14:23:15,3,King Drive,,Sun
21:24:41,146,Inner Lake Shore/Michigan Express,,Sun
11:30:14,26,South Shore Express,,Mon,Tue,Wed,Thu,Fri
22:54:27,3,King Drive,,Mon,Tue,Wed,Thu,Fri
19:00:08,147,Outer DuSable Lake Shore Express,,Sat
22:49:48,147,Outer DuSable Lake Shore Express,,Sat
11:40:58,147,Outer DuSable Lake Shore Express,,Sat
08:19:04,151,Sheridan,,Mon,Tue,Wed,Thu,Fri
10:05:42,151,Sheridan,,Mon,Tue,Wed,Thu,Fri
09:00:51,3,King Drive,,Mon,Tue,Wed,Thu,Fri
07:31:34,3,King Drive,,Mon,Tue,Wed,Thu,Fri
09:46:51,3,King Drive,,Mon,Tue,Wed,Thu,Fri
09:13:31,146,Inner Lake Shore/Michigan Express,,Sat
20:14:11,146,Inner Lake Shore/Michigan Express,,Sun
19:55:51,146,Inner Lake Shore/Michigan Express,,Sat
19:58:48,147,Outer DuSable Lake Shore Express,,Mon,Tue,Wed,Thu,Fri
05:26:10,3,King Drive,,Mon,Tue,Wed,Thu,Fri
18:34:49,151,Sheridan,,Sun
19:15:27,151,Sheridan,,Sat
14:02:33,3,King Drive,,Sat
18:10:12,146,Inner Lake Shore/Michigan Express,,Mon,Tue,Wed,Thu,Fri
17:16:05,151,Sheridan,,Mon,Tue,Wed,Thu,Fri
06:31:38,151,Sheridan,,Mon,Tue,Wed,Thu,Fri
14:50:01,146,Inner Lake Shore/Michigan Express,,Sat
16:47:01,146,Inner Lake Shore/Michigan Express,,Sun
18:31:38,147,Outer DuSable Lake Shore Express,,Mon,Tue,Wed,Thu,Fri
14:11:33,3,King Drive,,Sat
08:57:08,147,Outer DuSable Lake Shore Express,,Sat
14:53:49,151,Sheridan,,Sun
16:39:02,146,Inner Lake Shore/Michigan Express,,Sat
05:13:49,151,Sheridan,,Mon,Tue,Wed,Thu,Fri
16:06:16,151,Sheridan,,Mon,Tue,Wed,Thu,Fri
15:32:18,125,Water Tower Express,,Mon,Tue,Wed,Thu,Fri
09:03:11,146,Inner Lake Shore/Michigan Express,,Mon,Tue,Wed,Thu,Fri
18:22:35,151,Sheridan,,Sat
17:31:05,151,Sheridan,,Mon,Tue,Wed,Thu,Fri
18:26:16,151,Sheridan,,Mon,Tue,Wed,Thu,Fri
22:49:21,3,King Drive,,Sat
18:56:31,146,Inner Lake Shore/Michigan Express,,Mon,Tue,Wed,Thu,Fri
16:29:48,147,Outer DuSable Lake Shore Express,,Mon,Tue,Wed,Thu,Fri
18:31:12,146,Inner Lake Shore/Michigan Express,,Sat
17:44:49,151,Sheridan,,Sun
14:02:49,151,Sheridan,,Mon,Tue,Wed,Thu,Fri
16:51:42,146,Inner Lake Shore/Michigan Express,,Mon,Tue,Wed,Thu,Fri
15:36:01,146,Inner Lake Shore/Michigan Express,,Sun
11:56:53,151,Sheridan,,Sun
16:24:31,148,Clarendon/Michigan Express,,Mon,Tue,Wed,Thu,Fri
20:56:19,151,Sheridan,,Sat
17:08:28,147,Outer DuSable Lake Shore Express,,Mon,Tue,Wed,Thu,Fri
18:37:58,143,Stockton/Michigan Express,,Mon,Tue,Wed,Thu,Fri
06:53:41,146,Inner Lake Shore/Michigan Express,,Mon,Tue,Wed,Thu,Fri
23:18:41,146,Inner Lake Shore/Michigan Express,,Sun
10:43:57,3,King Drive,,Sun
15:45:01,146,Inner Lake Shore/Michigan Express,,Sun
01:02:08,151,Sheridan,,Tue,Wed,Thu,Fri,Sat
17:03:22,148,Clarendon/Michigan Express,,Mon,Tue,Wed,Thu,Fri
19:48:49,151,Sheridan,,Mon,Tue,Wed,Thu,Fri
10:47:51,146,Inner Lake Shore/Michigan Express,,Sat
18:25:58,147,Outer DuSable Lake Shore Express,,Mon,Tue,Wed,Thu,Fri
19:28:01,151,Sheridan,,Sun
06:39:04,3,King Drive,,Mon,Tue,Wed,Thu,Fri
11:15:14,26,South Shore Express,,Mon,Tue,Wed,Thu,Fri
11:35:01,146,Inner Lake Shore/Michigan Express,,Mon,Tue,Wed,Thu,Fri
19:23:11,146,Inner Lake Shore/Michigan Express,,Mon,Tue,Wed,Thu,Fri
17:31:01,146,Inner Lake Shore/Michigan Express,,Sun
12:14:44,26,South Shore Express,,Mon,Tue,Wed,Thu,Fri
10:21:28,147,Outer DuSable Lake Shore Express,,Mon,Tue,Wed,Thu,Fri
17:09:57,143,Stockton/Michigan Express,,Mon,Tue,Wed,Thu,Fri
11:22:51,3,King Drive,,Sat
18:28:11,146,Inner Lake Shore/Michigan Express,,Sun
17:36:07,147,Outer DuSable Lake Shore Express,,Mon,Tue,Wed,Thu,Fri
08:39:14,26,South Shore Express,,Mon,Tue,Wed,Thu,Fri