arrival_time,route_short_name,route_long_name,headsign,service_days
06:58:27,20,Madison,,Sat
16:55:44,124,Navy Pier,,Sun
15:32:20,60,Blue Island/26th,,Mon,Tue,Wed,Thu,Fri
21:31:29,56,Milwaukee,,Sat
09:35:33,56,Milwaukee,,Sat
11:14:44,60,Blue Island/26th,,Sat
17:48:22,60,Blue Island/26th,,Sun
19:32:05,124,Navy Pier,,Sun
14:27:42,J14,Jeffery Jump,,Sat
15:48:22,20,Madison,,Mon,Tue,Wed,Thu,Fri
23:31:12,J14,Jeffery Jump,,Sat
02:04:37,60,Blue Island/26th,,Mon
05:48:52,J14,Jeffery Jump,,Mon,Tue,Wed,Thu,Fri
02:59:51,20,Madison,,Sun
12:30:51,56,Milwaukee,,Mon,Tue,Wed,Thu,Fri
12:46:49,20,Madison,,Mon,Tue,Wed,Thu,Fri
19:51:41,60,Blue Island/26th,,Sat
18:01:41,J14,Jeffery Jump,,Sun
08:15:28,J14,Jeffery Jump,,Sat
14:48:13,20,Madison,,Sun
19:11:20,60,Blue Island/26th,,Mon,Tue,Wed,Thu,Fri
10:34:50,157,Streeterville/Taylor,,Mon,Tue,Wed,Thu,Fri
11:57:16,J14,Jeffery Jump,,Sun
22:14:13,124,Navy Pier,,Mon,Tue,Wed,Thu,Fri
09:21:20,157,Streeterville/Taylor,,Mon,Tue,Wed,Thu,Fri
07:19:19,56,Milwaukee,,Mon,Tue,Wed,Thu,Fri
07:22:05,20,Madison,,Mon,Tue,Wed,Thu,Fri
21:32:55,20,Madison,,Sun
16:47:04,20,Madison,,Sat
22:19:04,60,Blue Island/26th,,Sun
15:43:02,20,Madison,,Mon,Tue,Wed,Thu,Fri
20:49:33,56,Milwaukee,,Sat
18:34:07,20,Madison,,Sat
19:41:23,J14,Jeffery Jump,,Sun
07:46:19,20,Madison,,Sat
08:43:15,20,Madison,,Sat
13:24:34,157,Streeterville/Taylor,,Mon,Tue,Wed,Thu,Fri
11:17:16,J14,Jeffery Jump,,Sun
11:43:51,124,Navy Pier,,Sat
09:37:58,56,Milwaukee,,Mon,Tue,Wed,Thu,Fri
21:23:56,60,Blue Island/26th,,Sat
08:13:12,20,Madison,,Mon,Tue,Wed,Thu,Fri
16:17:30,J14,Jeffery Jump,,Mon,Tue,Wed,Thu,Fri
05:27:27,20,Madison,,Sat
19:41:18,J14,Jeffery Jump,,Mon,Tue,Wed,Thu,Fri
05:58:06,J14,Jeffery Jump,,Mon,Tue,Wed,Thu,Fri
08:00:24,J14,Jeffery Jump,,Sat
19:56:43,20,Madison,,Mon,Tue,Wed,Thu,Fri
17:21:12,124,Navy Pier,,Sun
20:08:57,56,Milwaukee,,Sun
14:55:58,157,Streeterville/Taylor,,Mon,Tue,Wed,Thu,Fri
14:09:21,56,Milwaukee,,Mon,Tue,Wed,Thu,Fri
15:25:37,J14,Jeffery Jump,,Mon,Tue,Wed,Thu,Fri
18:46:12,J14,Jeffery Jump,,Mon,Tue,Wed,Thu,Fri
16:45:25,20,Madison,,Mon,Tue,Wed,Thu,Fri
17:52:40,60,Blue Island/26th,,Sat
15:07:48,J14,Jeffery Jump,,Sat
19:30:31,20,Madison,,Mon,Tue,Wed,Thu,Fri
11:39:04,20,Madison,,Sat
18:56:13,20,Madison,,Sun
15:22:15,56,Milwaukee,,Sun
20:36:05,J14,Jeffery Jump,,Sat
09:57:19,20,Madison,,Mon,Tue,Wed,Thu,Fri
21:02:39,124,Navy Pier,,Sat
11:12:50,60,Blue Island/26th,,Sun
09:07:29,56,Milwaukee,,Sun
19:58:54,60,Blue Island/26th,,Sun
13:53:18,J14,Jeffery Jump,,Sun
15:49:30,J14,Jeffery Jump,,Mon,Tue,Wed,Thu,Fri
03:29:51,20,Madison,,Mon
22:03:35,J14,Jeffery Jump,,Sat
20:21:00,J14,Jeffery Jump,,Sun
16:15:12,60,Blue Island/26th,,Mon,Tue,Wed,Thu,Fri
16:51:22,157,Streeterville/Taylor,,Mon,Tue,Wed,Thu,Fri
09:22:56,60,Blue Island/26th,,Sun
18:12:52,124,Navy Pier,,Sun
13:46:54,60,Blue Island/26th,,Mon,Tue,Wed,Thu,Fri
09:12:00,124,Navy Pier,,Mon,Tue,Wed,Thu,Fri
13:47:04,20,Madison,,Sat
19:57:32,60,Blue Island/26th,,Mon,Tue,Wed,Thu,Fri
12:42:50,60,Blue Island/26th,,Sun
10:50:50,157,Streeterville/Taylor,,Mon,Tue,Wed,Thu,Fri
06:33:11,J14,Jeffery Jump,,Mon,Tue,Wed,Thu,Fri
09:40:11,60,Blue Island/26th,,Mon,Tue,Wed,Thu,Fri
10:32:19,56,Milwaukee,,Sat
19:36:59,124,Navy Pier,,Sat
15:53:04,20,Madison,,Sat
12:46:52,20,Madison,,Mon,Tue,Wed,Thu,Fri
14:14:38,56,Milwaukee,,Sat
17:46:04,20,Madison,,Sat
14:07:48,J14,Jeffery Jump,,Sat
17:26:01,20,Madison,,Sat
05:42:03,60,Blue Island/26th,,Sat
15:25:15,60,Blue Island/26th,,Mon,Tue,Wed,Thu,Fri
18:37:12,J14,Jeffery Jump,,Sat
15:54:15,56,Milwaukee,,Sun
16:50:24,J14,Jeffery Jump,,Mon,Tue,Wed,Thu,Fri
08:58:58,J14,Jeffery Jump,,Sun
06:08:36,60,Blue Island/26th,,Mon,Tue,Wed,Thu,Fri
18:26:13,20,Madison,,Sun
11:09:01,20,Madison,,Sat
04:29:51,20,Madison,,Sun
13:29:04,20,Madison,,Sat
10:07:58,60,Blue Island/26th,,Mon,Tue,Wed,Thu,Fri
20:32:13,20,Madison,,Sat
20:11:18,J14,Jeffery Jump,,Sun
15:38:12,124,Navy Pier,,Sun
21:25:39,124,Navy Pier,,Sat
12:16:54,60,Blue Island/26th,,Mon,Tue,Wed,Thu,Fri
10:57:22,20,Madison,,Mon,Tue,Wed,Thu,Fri
14:53:23,J14,Jeffery Jump,,Sun
09:59:15,20,Madison,,Sat
18:30:37,60,Blue Island/26th,,Sat
06:50:46,157,Streeterville/Taylor,,Mon,Tue,Wed,Thu,Fri
09:49:54,60,Blue Island/26th,,Mon,Tue,Wed,Thu,Fri
07:56:20,60,Blue Island/26th,,Sat
11:39:51,56,Milwaukee,,Mon,Tue,Wed,Thu,Fri
01:08:37,60,Blue Island/26th,,Sun
02:38:12,60,Blue Island/26th,,Sun
16:51:41,J14,Jeffery Jump,,Sun
13:43:42,J14,Jeffery Jump,,Mon,Tue,Wed,Thu,Fri
10:18:13,20,Madison,,Sun
18:53:38,20,Madison,,Mon,Tue,Wed,Thu,Fri
17:35:42,56,Milwaukee,,Mon,Tue,Wed,Thu,Fri
01:05:37,60,Blue Island/26th,,Mon
09:45:46,60,Blue Island/26th,,Sat
10:35:11,60,Blue Island/26th,,Sat
13:33:42,J14,Jeffery Jump,,Mon,Tue,Wed,Thu,Fri
22:04:27,20,Madison,,Sun
11:58:34,157,Streeterville/Taylor,,Mon,Tue,Wed,Thu,Fri
18:23:28,124,Navy Pier,,Sat
06:40:12,60,Blue Island/26th,,Sun
17:14:27,J14,Jeffery Jump,,Mon,Tue,Wed,Thu,Fri
12:04:37,60,Blue Island/26th,,Sat
02:34:12,60,Blue Island/26th,,Tue,Wed,Thu,Fri,Sat
11:17:12,J14,Jeffery Jump,,Sun
16:31:53,60,Blue Island/26th,,Mon,Tue,Wed,Thu,Fri
15:22:41,J14,Jeffery Jump,,Sun
18:59:28,124,Navy Pier,,Sat
11:54:37,60,Blue Island/26th,,Sat
22:13:45,124,Navy Pier,,Mon,Tue,Wed,Thu,Fri
14:23:51,56,Milwaukee,,Mon,Tue,Wed,Thu,Fri
11:07:22,20,Madison,,Mon,Tue,Wed,Thu,Fri
08:49:03,56,Milwaukee,,Sun
11:27:02,60,Blue Island/26th,,Mon,Tue,Wed,Thu,Fri
20:30:12,J14,Jeffery Jump,,Mon,Tue,Wed,Thu,Fri
21:05:34,157,Streeterville/Taylor,,Mon,Tue,Wed,Thu,Fri
20:16:45,20,Madison,,Mon,Tue,Wed,Thu,Fri
15:35:01,20,Madison,,Sat
09:37:54,56,Milwaukee,,Mon,Tue,Wed,Thu,Fri
08:36:15,20,Madison,,Sun
20:10:12,J14,Jeffery Jump,,Mon,Tue,Wed,Thu,Fri
16:20:16,60,Blue Island/26th,,Sun
18:52:15,20,Madison,,Sat
08:19:15,20,Madison,,Sat
08:38:43,20,Madison,,Sun
21:48:47,56,Milwaukee,,Mon,Tue,Wed,Thu,Fri
11:57:56,56,Milwaukee,,Mon,Tue,Wed,Thu,Fri
13:02:50,60,Blue Island/26th,,Sun
23:03:42,J14,Jeffery Jump,,Mon,Tue,Wed,Thu,Fri
08:20:16,157,Streeterville/Taylor,,Mon,Tue,Wed,Thu,Fri
14:16:54,60,Blue Island/26th,,Mon,Tue,Wed,Thu,Fri
16:22:33,60,Blue Island/26th,,Sat
06:47:58,60,Blue Island/26th,,Mon,Tue,Wed,Thu,Fri
19:51:29,56,Milwaukee,,Mon,Tue,Wed,Thu,Fri
16:52:40,60,Blue Island/26th,,Sat
18:51:18,J14,Jeffery Jump,,Sun
15:41:26,60,Blue Island/26th,,Sun
09:37:58,124,Navy Pier,,Sat
17:02:07,56,Milwaukee,,Mon,Tue,Wed,Thu,Fri
08:54:39,56,Milwaukee,,Mon,Tue,Wed,Thu,Fri
18:03:55,20,Madison,,Mon,Tue,Wed,Thu,Fri
06:27:55,20,Madison,,Sun
06:47:51,20,Madison,,Mon,Tue,Wed,Thu,Fri
11:48:13,20,Madison,,Sun
13:23:36,J14,Jeffery Jump,,Sun
07:12:48,20,Madison,,Mon,Tue,Wed,Thu,Fri
15:31:20,60,Blue Island/26th,,Sun
20:20:18,J14,Jeffery Jump,,Mon,Tue,Wed,Thu,Fri
19:25:11,60,Blue Island/26th,,Sat
05:57:42,60,Blue Island/26th,,Sun
08:25:28,J14,Jeffery Jump,,Sat
15:19:34,157,Streeterville/Taylor,,Mon,Tue,Wed,Thu,Fri
16:27:33,56,Milwaukee,,Sun
11:14:37,60,Blue Island/26th,,Sat
07:42:28,J14,Jeffery Jump,,Sat
21:12:15,20,Madison,,Sat
20:22:13,20,Madison,,Sat
08:38:09,20,Madison,,Mon,Tue,Wed,Thu,Fri
16:15:22,20,Madison,,Mon,Tue,Wed,Thu,Fri
15:00:38,20,Madison,,Mon,Tue,Wed,Thu,Fri
22:19:27,20,Madison,,Sun
13:08:12,J14,Jeffery Jump,,Sat
12:12:56,60,Blue Island/26th,,Sun
03:59:50,20,Madison,,Sat
14:03:42,J14,Jeffery Jump,,Mon,Tue,Wed,Thu,Fri
22:34:25,20,Madison,,Sun
16:05:08,56,Milwaukee,,Sat
18:36:02,20,Madison,,Mon,Tue,Wed,Thu,Fri
14:38:13,20,Madison,,Sun
15:58:22,20,Madison,,Mon,Tue,Wed,Thu,Fri
18:55:12,J14,Jeffery Jump,,Mon,Tue,Wed,Thu,Fri
21:24:49,20,Madison,,Mon,Tue,Wed,Thu,Fri
14:32:22,60,Blue Island/26th,,Sun
20:54:56,60,Blue Island/26th,,Sat
12:32:56,60,Blue Island/26th,,Sun
12:18:16,157,Streeterville/Taylor,,Mon,Tue,Wed,Thu,Fri
10:57:12,J14,Jeffery Jump,,Sun
18:38:52,124,Navy Pier,,Sun
07:47:46,20,Madison,,Mon,Tue,Wed,Thu,Fri
08:37:15,20,Madison,,Sun
05:26:44,56,Milwaukee,,Sun
10:02:00,J14,Jeffery Jump,,Sat
15:41:20,60,Blue Island/26th,,Sun
20:45:24,60,Blue Island/26th,,Sun
17:24:18,J14,Jeffery Jump,,Mon,Tue,Wed,Thu,Fri
13:33:49,J14,Jeffery Jump,,Mon,Tue,Wed,Thu,Fri
12:04:44,60,Blue Island/26th,,Sat
08:15:24,J14,Jeffery Jump,,Sat
22:09:24,J14,Jeffery Jump,,Sun
09:28:01,J14,Jeffery Jump,,Mon,Tue,Wed,Thu,Fri
11:54:59,56,Milwaukee,,Sun
07:54:01,56,Milwaukee,,Mon,Tue,Wed,Thu,Fri
09:04:16,157,Streeterville/Taylor,,Mon,Tue,Wed,Thu,Fri
20:21:05,J14,Jeffery Jump,,Sun
09:35:29,56,Milwaukee,,Sat
17:19:18,J14,Jeffery Jump,,Mon,Tue,Wed,Thu,Fri
16:51:36,J14,Jeffery Jump,,Sun
13:38:15,20,Madison,,Sun
18:52:13,20,Madison,,Sat
10:16:42,J14,Jeffery Jump,,Mon,Tue,Wed,Thu,Fri
19:24:57,56,Milwaukee,,Sun
07:00:30,60,Blue Island/26th,,Sat
10:13:33,56,Milwaukee,,Mon,Tue,Wed,Thu,Fri
08:26:26,60,Blue Island/26th,,Sat
19:16:13,20,Madison,,Sun
17:48:16,60,Blue Island/26th,,Sun
17:48:23,60,Blue Island/26th,,Mon,Tue,Wed,Thu,Fri
05:30:42,60,Blue Island/26th,,Sun
15:54:19,56,Milwaukee,,Sun
15:43:33,60,Blue Island/26th,,Sat
20:56:13,20,Madison,,Sun
17:13:15,60,Blue Island/26th,,Mon,Tue,Wed,Thu,Fri
13:07:34,157,Streeterville/Taylor,,Mon,Tue,Wed,Thu,Fri
15:17:01,20,Madison,,Sat
09:08:15,20,Madison,,Sun
08:20:49,20,Madison,,Sun
18:02:40,60,Blue Island/26th,,Sat
14:18:15,20,Madison,,Sun
12:44:01,20,Madison,,Sat
11:24:37,60,Blue Island/26th,,Sat
12:26:01,20,Madison,,Sat
11:43:42,J14,Jeffery Jump,,Mon,Tue,Wed,Thu,Fri
13:28:22,124,Navy Pier,,Sat
09:18:15,20,Madison,,Sun
13:53:35,56,Milwaukee,,Mon,Tue,Wed,Thu,Fri
16:10:25,20,Madison,,Mon,Tue,Wed,Thu,Fri
21:30:58,J14,Jeffery Jump,,Sun
13:02:04,20,Madison,,Sat
13:00:03,124,Navy Pier,,Mon,Tue,Wed,Thu,Fri
17:05:26,60,Blue Island/26th,,Mon,Tue,Wed,Thu,Fri
16:20:22,60,Blue Island/26th,,Sun
06:06:24,J14,Jeffery Jump,,Mon,Tue,Wed,Thu,Fri
11:09:04,20,Madison,,Sat
08:46:26,60,Blue Island/26th,,Sat
11:07:02,60,Blue Island/26th,,Mon,Tue,Wed,Thu,Fri
15:41:15,60,Blue Island/26th,,Mon,Tue,Wed,Thu,Fri
16:47:12,J14,Jeffery Jump,,Sat
13:38:49,20,Madison,,Mon,Tue,Wed,Thu,Fri
22:49:28,J14,Jeffery Jump,,Sun
05:38:07,60,Blue Island/26th,,Mon,Tue,Wed,Thu,Fri
07:56:26,60,Blue Island/26th,,Sat
17:16:03,56,Milwaukee,,Sun
08:48:54,J14,Jeffery Jump,,Sun
17:05:15,60,Blue Island/26th,,Mon,Tue,Wed,Thu,Fri
19:11:23,J14,Jeffery Jump,,Sun
12:56:54,60,Blue Island/26th,,Mon,Tue,Wed,Thu,Fri
24:10:08,60,Blue Island/26th,,Sat
11:06:50,157,Streeterville/Taylor,,Mon,Tue,Wed,Thu,Fri
09:28:54,J14,Jeffery Jump,,Sun
16:20:01,20,Madison,,Sat
23:11:12,J14,Jeffery Jump,,Sat
12:50:19,56,Milwaukee,,Sun
07:06:45,56,Milwaukee,,Mon,Tue,Wed,Thu,Fri
22:54:16,J14,Jeffery Jump,,Sat
08:33:16,157,Streeterville/Taylor,,Mon,Tue,Wed,Thu,Fri
10:17:22,20,Madison,,Mon,Tue,Wed,Thu,Fri
04:59:51,20,Madison,,Sun
21:32:57,20,Madison,,Sun
15:12:33,124,Navy Pier,,Mon,Tue,Wed,Thu,Fri
18:44:15,56,Milwaukee,,Mon,Tue,Wed,Thu,Fri
14:10:52,20,Madison,,Mon,Tue,Wed,Thu,Fri
12:44:48,J14,Jeffery Jump,,Sun
14:53:58,60,Blue Island/26th,,Sat
16:30:22,20,Madison,,Mon,Tue,Wed,Thu,Fri
20:46:43,20,Madison,,Mon,Tue,Wed,Thu,Fri
14:14:01,20,Madison,,Sat
14:14:06,60,Blue Island/26th,,Sat
18:34:51,56,Milwaukee,,Sat
08:43:13,20,Madison,,Sat
14:50:37,J14,Jeffery Jump,,Mon,Tue,Wed,Thu,Fri
20:00:18,J14,Jeffery Jump,,Mon,Tue,Wed,Thu,Fri
09:32:05,J14,Jeffery Jump,,Sat
14:06:54,60,Blue Island/26th,,Mon,Tue,Wed,Thu,Fri
12:23:44,124,Navy Pier,,Sun
09:21:46,157,Streeterville/Taylor,,Mon,Tue,Wed,Thu,Fri
08:58:12,J14,Jeffery Jump,,Mon,Tue,Wed,Thu,Fri
19:03:38,20,Madison,,Mon,Tue,Wed,Thu,Fri
20:46:00,J14,Jeffery Jump,,Sat
20:46:45,20,Madison,,Mon,Tue,Wed,Thu,Fri
17:00:08,J14,Jeffery Jump,,Mon,Tue,Wed,Thu,Fri
21:54:28,J14,Jeffery Jump,,Sun
03:08:12,60,Blue Island/26th,,Sun
14:46:33,56,Milwaukee,,Sat
12:03:42,J14,Jeffery Jump,,Mon,Tue,Wed,Thu,Fri
16:13:07,56,Milwaukee,,Mon,Tue,Wed,Thu,Fri
07:01:58,56,Milwaukee,,Sun
07:23:58,56,Milwaukee,,Sun
13:48:13,20,Madison,,Sun
14:07:02,60,Blue Island/26th,,Mon,Tue,Wed,Thu,Fri
21:16:13,20,Madison,,Sun
09:55:03,157,Streeterville/Taylor,,Mon,Tue,Wed,Thu,Fri
18:46:15,20,Madison,,Sun
12:26:54,60,Blue Island/26th,,Mon,Tue,Wed,Thu,Fri
11:12:56,60,Blue Island/26th,,Sun
19:18:28,124,Navy Pier,,Sat
20:50:37,60,Blue Island/26th,,Mon,Tue,Wed,Thu,Fri
10:50:45,56,Milwaukee,,Sat
18:02:14,J14,Jeffery Jump,,Mon,Tue,Wed,Thu,Fri
21:17:58,124,Navy Pier,,Sun
22:28:27,20,Madison,,Mon,Tue,Wed,Thu,Fri
14:18:13,20,Madison,,Sun
13:27:02,60,Blue Island/26th,,Mon,Tue,Wed,Thu,Fri
09:38:15,20,Madison,,Sun
19:16:11,60,Blue Island/26th,,Sat
15:00:35,20,Madison,,Mon,Tue,Wed,Thu,Fri
08:26:34,60,Blue Island/26th,,Mon,Tue,Wed,Thu,Fri
15:32:28,60,Blue Island/26th,,Mon,Tue,Wed,Thu,Fri
10:04:00,56,Milwaukee,,Sun
19:04:42,J14,Jeffery Jump,,Mon,Tue,Wed,Thu,Fri
09:03:29,60,Blue Island/26th,,Sun
21:13:56,60,Blue Island/26th,,Sat
17:10:22,20,Madison,,Mon,Tue,Wed,Thu,Fri
17:12:12,56,Milwaukee,,Mon,Tue,Wed,Thu,Fri
09:18:19,J14,Jeffery Jump,,Mon,Tue,Wed,Thu,Fri
03:34:42,60,Blue Island/26th,,Mon
20:13:47,56,Milwaukee,,Sat
08:35:24,J14,Jeffery Jump,,Sat
08:59:15,20,Madison,,Sat
19:42:15,20,Madison,,Sat
08:50:23,124,Navy Pier,,Mon,Tue,Wed,Thu,Fri
11:44:37,60,Blue Island/26th,,Sat
19:29:45,60,Blue Island/26th,,Mon,Tue,Wed,Thu,Fri
16:20:22,20,Madison,,Mon,Tue,Wed,Thu,Fri
20:09:00,56,Milwaukee,,Sun
17:31:00,60,Blue Island/26th,,Mon,Tue,Wed,Thu,Fri
08:36:39,56,Milwaukee,,Mon,Tue,Wed,Thu,Fri
12:42:56,60,Blue Island/26th,,Sun
21:49:25,20,Madison,,Sun
08:26:20,60,Blue Island/26th,,Sat
18:37:31,J14,Jeffery Jump,,Mon,Tue,Wed,Thu,Fri
13:34:06,60,Blue Island/26th,,Sat
20:56:05,J14,Jeffery Jump,,Sat
02:38:07,60,Blue Island/26th,,Sun
10:39:07,20,Madison,,Sat
10:39:09,20,Madison,,Sat
11:11:48,J14,Jeffery Jump,,Sat
13:37:35,56,Milwaukee,,Mon,Tue,Wed,Thu,Fri
15:50:35,56,Milwaukee,,Mon,Tue,Wed,Thu,Fri
13:27:42,J14,Jeffery Jump,,Sat
17:44:00,124,Navy Pier,,Mon,Tue,Wed,Thu,Fri
18:00:33,124,Navy Pier,,Mon,Tue,Wed,Thu,Fri
08:04:29,60,Blue Island/26th,,Sun
12:08:04,20,Madison,,Sat
19:26:41,J14,Jeffery Jump,,Sat
15:18:13,20,Madison,,Sun
20:46:05,J14,Jeffery Jump,,Sat
04:04:07,60,Blue Island/26th,,Sat
14:23:12,124,Navy Pier,,Sun
10:22:05,J14,Jeffery Jump,,Sat
14:04:06,60,Blue Island/26th,,Sat
12:26:30,J14,Jeffery Jump,,Sun
10:52:50,60,Blue Island/26th,,Sun
07:13:27,20,Madison,,Sat
14:03:58,60,Blue Island/26th,,Sat
18:53:16,60,Blue Island/26th,,Mon,Tue,Wed,Thu,Fri
15:45:51,124,Navy Pier,,Sat
09:39:07,20,Madison,,Mon,Tue,Wed,Thu,Fri
11:25:52,124,Navy Pier,,Sat
15:53:10,60,Blue Island/26th,,Sat
20:41:00,J14,Jeffery Jump,,Sun
17:44:47,124,Navy Pier,,Mon,Tue,Wed,Thu,Fri
18:46:13,20,Madison,,Sun
10:05:46,157,Streeterville/Taylor,,Mon,Tue,Wed,Thu,Fri
10:27:46,J14,Jeffery Jump,,Sun
20:26:54,60,Blue Island/26th,,Sun
23:31:16,J14,Jeffery Jump,,Sat
20:41:33,60,Blue Island/26th,,Mon,Tue,Wed,Thu,Fri
14:23:42,J14,Jeffery Jump,,Mon,Tue,Wed,Thu,Fri
16:38:04,20,Madison,,Sat
12:35:04,20,Madison,,Sat
08:03:09,20,Madison,,Mon,Tue,Wed,Thu,Fri
23:29:25,20,Madison,,Sun
21:07:17,56,Milwaukee,,Mon,Tue,Wed,Thu,Fri
14:47:02,60,Blue Island/26th,,Mon,Tue,Wed,Thu,Fri
12:34:10,60,Blue Island/26th,,Sat
19:05:51,124,Navy Pier,,Sun
16:40:49,60,Blue Island/26th,,Mon,Tue,Wed,Thu,Fri
12:33:42,J14,Jeffery Jump,,Mon,Tue,Wed,Thu,Fri
06:21:34,60,Blue Island/26th,,Sat
16:33:07,56,Milwaukee,,Mon,Tue,Wed,Thu,Fri
08:07:11,56,Milwaukee,,Sun
23:44:25,20,Madison,,Sat
11:23:34,157,Streeterville/Taylor,,Mon,Tue,Wed,Thu,Fri
18:53:35,20,Madison,,Mon,Tue,Wed,Thu,Fri
17:48:12,56,Milwaukee,,Mon,Tue,Wed,Thu,Fri
14:33:23,J14,Jeffery Jump,,Sun
14:46:38,56,Milwaukee,,Sat
14:26:54,60,Blue Island/26th,,Mon,Tue,Wed,Thu,Fri
09:47:40,56,Milwaukee,,Mon,Tue,Wed,Thu,Fri
16:37:18,J14,Jeffery Jump,,Sat
13:11:01,20,Madison,,Sat
14:40:35,20,Madison,,Mon,Tue,Wed,Thu,Fri
18:41:30,60,Blue Island/26th,,Sun
11:53:49,J14,Jeffery Jump,,Mon,Tue,Wed,Thu,Fri
16:51:50,157,Streeterville/Taylor,,Mon,Tue,Wed,Thu,Fri
15:00:30,J14,Jeffery Jump,,Mon,Tue,Wed,Thu,Fri
09:30:32,20,Madison,,Mon,Tue,Wed,Thu,Fri
06:07:48,20,Madison,,Mon,Tue,Wed,Thu,Fri
21:26:00,J14,Jeffery Jump,,Sat
17:32:33,60,Blue Island/26th,,Sat
08:49:04,60,Blue Island/26th,,Mon,Tue,Wed,Thu,Fri
08:40:04,60,Blue Island/26th,,Sun
06:41:34,60,Blue Island/26th,,Sat
11:58:48,J14,Jeffery Jump,,Sat
19:47:36,124,Navy Pier,,Mon,Tue,Wed,Thu,Fri
12:47:44,124,Navy Pier,,Sun
11:38:15,20,Madison,,Sun
15:44:04,20,Madison,,Sat
22:39:24,60,Blue Island/26th,,Sat
16:57:18,J14,Jeffery Jump,,Sat
08:11:38,60,Blue Island/26th,,Mon,Tue,Wed,Thu,Fri
20:05:34,157,Streeterville/Taylor,,Mon,Tue,Wed,Thu,Fri
18:36:13,20,Madison,,Sun
20:00:41,60,Blue Island/26th,,Sat
16:35:22,20,Madison,,Mon,Tue,Wed,Thu,Fri
08:54:13,56,Milwaukee,,Sat
18:28:49,J14,Jeffery Jump,,Mon,Tue,Wed,Thu,Fri
19:06:13,20,Madison,,Sun
10:36:48,J14,Jeffery Jump,,Mon,Tue,Wed,Thu,Fri
20:10:22,60,Blue Island/26th,,Sat
17:24:27,J14,Jeffery Jump,,Mon,Tue,Wed,Thu,Fri
08:32:33,56,Milwaukee,,Mon,Tue,Wed,Thu,Fri
05:51:58,56,Milwaukee,,Sun
20:36:13,20,Madison,,Sun
22:58:00,60,Blue Island/26th,,Sat
04:29:51,20,Madison,,Mon,Tue,Wed,Thu,Fri
20:51:27,56,Milwaukee,,Sun
23:03:46,J14,Jeffery Jump,,Mon,Tue,Wed,Thu,Fri
13:37:42,J14,Jeffery Jump,,Sat
12:12:50,60,Blue Island/26th,,Sun
16:37:36,157,Streeterville/Taylor,,Mon,Tue,Wed,Thu,Fri
13:48:15,20,Madison,,Sun
15:02:22,60,Blue Island/26th,,Sun
15:23:40,60,Blue Island/26th,,Sat
08:08:12,20,Madison,,Mon,Tue,Wed,Thu,Fri
08:21:47,56,Milwaukee,,Mon,Tue,Wed,Thu,Fri
10:57:19,20,Madison,,Mon,Tue,Wed,Thu,Fri
22:58:27,20,Madison,,Mon,Tue,Wed,Thu,Fri
08:00:00,J14,Jeffery Jump,,Mon,Tue,Wed,Thu,Fri
16:50:22,20,Madison,,Mon,Tue,Wed,Thu,Fri
18:00:38,56,Milwaukee,,Sat
19:32:12,J14,Jeffery Jump,,Mon,Tue,Wed,Thu,Fri
18:06:58,60,Blue Island/26th,,Mon,Tue,Wed,Thu,Fri
09:32:50,60,Blue Island/26th,,Sun
24:10:03,60,Blue Island/26th,,Sat
21:29:59,J14,Jeffery Jump,,Mon,Tue,Wed,Thu,Fri
20:00:12,J14,Jeffery Jump,,Mon,Tue,Wed,Thu,Fri
19:17:59,124,Navy Pier,,Sat
18:07:08,60,Blue Island/26th,,Mon,Tue,Wed,Thu,Fri
13:15:08,56,Milwaukee,,Sat
23:44:27,20,Madison,,Sat
08:11:45,20,Madison,,Sat
10:37:12,J14,Jeffery Jump,,Sun
14:43:58,60,Blue Island/26th,,Sat
20:06:43,20,Madison,,Mon,Tue,Wed,Thu,Fri
16:11:33,56,Milwaukee,,Sun
18:11:25,20,Madison,,Mon,Tue,Wed,Thu,Fri
16:55:22,20,Madison,,Mon,Tue,Wed,Thu,Fri
06:38:02,60,Blue Island/26th,,Mon,Tue,Wed,Thu,Fri
19:02:15,20,Madison,,Sat
15:38:13,20,Madison,,Sun
08:35:28,J14,Jeffery Jump,,Sat
20:49:54,J14,Jeffery Jump,,Mon,Tue,Wed,Thu,Fri
16:53:35,56,Milwaukee,,Sat
18:34:47,56,Milwaukee,,Sat
05:58:46,157,Streeterville/Taylor,,Mon,Tue,Wed,Thu,Fri
15:48:13,20,Madison,,Sun
13:25:19,56,Milwaukee,,Sun
05:05:13,56,Milwaukee,,Mon,Tue,Wed,Thu,Fri
00:59:50,20,Madison,,Mon
16:07:18,J14,Jeffery Jump,,Sat
12:18:18,J14,Jeffery Jump,,Sat
16:55:20,J14,Jeffery Jump,,Mon,Tue,Wed,Thu,Fri
13:11:04,20,Madison,,Sat
21:29:49,20,Madison,,Sat
16:15:25,20,Madison,,Mon,Tue,Wed,Thu,Fri
23:39:07,60,Blue Island/26th,,Mon,Tue,Wed,Thu,Fri
10:44:29,124,Navy Pier,,Mon,Tue,Wed,Thu,Fri
13:22:22,60,Blue Island/26th,,Sun
14:55:34,157,Streeterville/Taylor,,Mon,Tue,Wed,Thu,Fri
11:07:19,20,Madison,,Mon,Tue,Wed,Thu,Fri
12:14:51,56,Milwaukee,,Mon,Tue,Wed,Thu,Fri
24:11:38,60,Blue Island/26th,,Sun
09:49:15,20,Madison,,Sat
04:59:50,20,Madison,,Sat
19:46:43,20,Madison,,Mon,Tue,Wed,Thu,Fri
18:58:59,124,Navy Pier,,Sat
08:22:34,60,Blue Island/26th,,Sun
12:08:18,J14,Jeffery Jump,,Sat
07:25:24,157,Streeterville/Taylor,,Mon,Tue,Wed,Thu,Fri
15:53:03,60,Blue Island/26th,,Sat
10:07:50,60,Blue Island/26th,,Mon,Tue,Wed,Thu,Fri
12:17:01,20,Madison,,Sat
18:07:12,J14,Jeffery Jump,,Sat
22:03:30,J14,Jeffery Jump,,Sat
17:06:04,20,Madison,,Sat
09:08:08,56,Milwaukee,,Mon,Tue,Wed,Thu,Fri
08:32:15,20,Madison,,Sat
09:58:09,124,Navy Pier,,Sun
07:01:57,56,Milwaukee,,Sat
22:58:25,20,Madison,,Mon,Tue,Wed,Thu,Fri
17:08:13,20,Madison,,Sun
10:47:12,J14,Jeffery Jump,,Sun
20:06:41,J14,Jeffery Jump,,Sat
15:08:01,20,Madison,,Sat
10:06:42,J14,Jeffery Jump,,Mon,Tue,Wed,Thu,Fri
18:15:50,60,Blue Island/26th,,Sun
11:58:13,20,Madison,,Sun
15:53:25,20,Madison,,Mon,Tue,Wed,Thu,Fri
03:29:51,20,Madison,,Sun
19:22:58,20,Madison,,Mon,Tue,Wed,Thu,Fri
18:02:33,60,Blue Island/26th,,Sat
15:17:04,20,Madison,,Sat
15:03:40,60,Blue Island/26th,,Sat
08:43:09,20,Madison,,Mon,Tue,Wed,Thu,Fri
08:06:47,56,Milwaukee,,Mon,Tue,Wed,Thu,Fri
13:11:12,124,Navy Pier,,Sun
11:36:29,56,Milwaukee,,Sun
13:13:42,J14,Jeffery Jump,,Mon,Tue,Wed,Thu,Fri
09:53:59,56,Milwaukee,,Sat
09:45:52,60,Blue Island/26th,,Sat
07:33:30,60,Blue Island/26th,,Sat
08:02:54,J14,Jeffery Jump,,Sun
09:04:16,J14,Jeffery Jump,,Sat
17:10:22,60,Blue Island/26th,,Sun
07:27:11,60,Blue Island/26th,,Mon,Tue,Wed,Thu,Fri
12:14:21,56,Milwaukee,,Sat
16:53:40,56,Milwaukee,,Sat
08:48:09,20,Madison,,Mon,Tue,Wed,Thu,Fri
17:48:34,60,Blue Island/26th,,Mon,Tue,Wed,Thu,Fri
21:23:50,60,Blue Island/26th,,Sat
07:35:25,20,Madison,,Sun
17:43:03,56,Milwaukee,,Sat
08:45:50,157,Streeterville/Taylor,,Mon,Tue,Wed,Thu,Fri
08:33:09,20,Madison,,Mon,Tue,Wed,Thu,Fri
18:22:59,124,Navy Pier,,Sat
17:16:01,20,Madison,,Sat
08:04:58,60,Blue Island/26th,,Mon,Tue,Wed,Thu,Fri
16:55:21,124,Navy Pier,,Sat
01:34:37,60,Blue Island/26th,,Tue,Wed,Thu,Fri,Sat
22:29:24,J14,Jeffery Jump,,Sun
16:03:03,60,Blue Island/26th,,Sat
24:06:37,60,Blue Island/26th,,Mon,Tue,Wed,Thu,Fri
19:13:38,20,Madison,,Mon,Tue,Wed,Thu,Fri
15:23:33,60,Blue Island/26th,,Sat
09:47:22,20,Madison,,Mon,Tue,Wed,Thu,Fri
12:47:02,60,Blue Island/26th,,Mon,Tue,Wed,Thu,Fri
21:16:13,20,Madison,,Mon,Tue,Wed,Thu,Fri
09:17:03,56,Milwaukee,,Mon,Tue,Wed,Thu,Fri
09:47:24,J14,Jeffery Jump,,Mon,Tue,Wed,Thu,Fri
22:49:27,20,Madison,,Sun
11:11:29,124,Navy Pier,,Mon,Tue,Wed,Thu,Fri
22:04:54,J14,Jeffery Jump,,Mon,Tue,Wed,Thu,Fri
09:10:16,157,Streeterville/Taylor,,Mon,Tue,Wed,Thu,Fri
08:00:06,J14,Jeffery Jump,,Mon,Tue,Wed,Thu,Fri
16:45:44,J14,Jeffery Jump,,Mon,Tue,Wed,Thu,Fri
17:14:18,J14,Jeffery Jump,,Mon,Tue,Wed,Thu,Fri
20:12:13,20,Madison,,Sat
13:42:16,60,Blue Island/26th,,Sun
20:41:40,60,Blue Island/26th,,Mon,Tue,Wed,Thu,Fri
19:16:36,J14,Jeffery Jump,,Sat
15:41:54,J14,Jeffery Jump,,Sun
08:07:14,56,Milwaukee,,Sun
16:40:22,60,Blue Island/26th,,Sun
22:43:25,20,Madison,,Mon,Tue,Wed,Thu,Fri
16:08:15,20,Madison,,Sun
21:00:07,60,Blue Island/26th,,Mon,Tue,Wed,Thu,Fri
09:48:15,20,Madison,,Sun
10:17:29,124,Navy Pier,,Mon,Tue,Wed,Thu,Fri
21:24:49,20,Madison,,Sun
14:26:49,20,Madison,,Mon,Tue,Wed,Thu,Fri
08:38:19,J14,Jeffery Jump,,Mon,Tue,Wed,Thu,Fri
10:28:15,20,Madison,,Sun
17:02:33,60,Blue Island/26th,,Sat
10:41:29,56,Milwaukee,,Sun
22:54:12,J14,Jeffery Jump,,Sat
05:05:17,56,Milwaukee,,Mon,Tue,Wed,Thu,Fri
19:51:18,J14,Jeffery Jump,,Sun
09:55:46,60,Blue Island/26th,,Sat
16:23:28,60,Blue Island/26th,,Mon,Tue,Wed,Thu,Fri
15:33:33,60,Blue Island/26th,,Sat
21:00:14,60,Blue Island/26th,,Mon,Tue,Wed,Thu,Fri
19:47:27,56,Milwaukee,,Sun
16:38:01,20,Madison,,Sat
07:10:00,J14,Jeffery Jump,,Mon,Tue,Wed,Thu,Fri
18:23:50,60,Blue Island/26th,,Sun
06:08:57,20,Madison,,Sun
08:48:12,20,Madison,,Mon,Tue,Wed,Thu,Fri
01:59:50,20,Madison,,Tue,Wed,Thu,Fri,Sat
23:29:27,20,Madison,,Sat
07:22:24,J14,Jeffery Jump,,Sat
13:14:49,20,Madison,,Mon,Tue,Wed,Thu,Fri
06:17:37,60,Blue Island/26th,,Sun
16:45:36,J14,Jeffery Jump,,Mon,Tue,Wed,Thu,Fri
20:28:49,56,Milwaukee,,Mon,Tue,Wed,Thu,Fri
11:08:22,124,Navy Pier,,Sat
16:20:40,56,Milwaukee,,Sat
17:40:00,60,Blue Island/26th,,Mon,Tue,Wed,Thu,Fri
09:30:52,157,Streeterville/Taylor,,Mon,Tue,Wed,Thu,Fri
17:26:04,20,Madison,,Sat
22:39:30,60,Blue Island/26th,,Sat
04:38:59,60,Blue Island/26th,,Mon,Tue,Wed,Thu,Fri
17:19:27,J14,Jeffery Jump,,Mon,Tue,Wed,Thu,Fri
20:06:54,60,Blue Island/26th,,Mon,Tue,Wed,Thu,Fri
10:46:30,J14,Jeffery Jump,,Mon,Tue,Wed,Thu,Fri
06:18:06,60,Blue Island/26th,,Mon,Tue,Wed,Thu,Fri
16:41:00,60,Blue Island/26th,,Mon,Tue,Wed,Thu,Fri
15:02:16,60,Blue Island/26th,,Sun
23:59:51,20,Madison,,Sat
14:42:30,J14,Jeffery Jump,,Mon,Tue,Wed,Thu,Fri
12:56:49,20,Madison,,Mon,Tue,Wed,Thu,Fri
05:01:44,56,Milwaukee,,Sun
16:59:49,56,Milwaukee,,Sun
22:04:25,20,Madison,,Sat
08:39:59,60,Blue Island/26th,,Sun
16:42:19,56,Milwaukee,,Sun
12:35:53,J14,Jeffery Jump,,Sun
14:22:59,124,Navy Pier,,Mon,Tue,Wed,Thu,Fri
13:57:02,60,Blue Island/26th,,Mon,Tue,Wed,Thu,Fri
20:56:45,20,Madison,,Mon,Tue,Wed,Thu,Fri
12:06:54,60,Blue Island/26th,,Mon,Tue,Wed,Thu,Fri
09:17:08,56,Milwaukee,,Mon,Tue,Wed,Thu,Fri
14:47:38,20,Madison,,Mon,Tue,Wed,Thu,Fri
18:44:19,56,Milwaukee,,Mon,Tue,Wed,Thu,Fri
10:55:24,J14,Jeffery Jump,,Mon,Tue,Wed,Thu,Fri
18:41:24,60,Blue Island/26th,,Sun
15:56:28,157,Streeterville/Taylor,,Mon,Tue,Wed,Thu,Fri
14:37:48,J14,Jeffery Jump,,Sat
12:08:13,20,Madison,,Sun
14:05:01,20,Madison,,Sat
07:50:27,20,Madison,,Sun
13:22:52,20,Madison,,Mon,Tue,Wed,Thu,Fri
15:19:08,20,Madison,,Mon,Tue,Wed,Thu,Fri
21:49:43,124,Navy Pier,,Mon,Tue,Wed,Thu,Fri
19:51:23,J14,Jeffery Jump,,Sun
19:23:12,J14,Jeffery Jump,,Mon,Tue,Wed,Thu,Fri
11:37:19,20,Madison,,Mon,Tue,Wed,Thu,Fri
08:38:12,J14,Jeffery Jump,,Mon,Tue,Wed,Thu,Fri
08:11:51,56,Milwaukee,,Mon,Tue,Wed,Thu,Fri
12:48:13,20,Madison,,Sun
17:51:59,56,Milwaukee,,Sun
08:11:47,56,Milwaukee,,Mon,Tue,Wed,Thu,Fri
18:11:22,20,Madison,,Mon,Tue,Wed,Thu,Fri
15:32:08,56,Milwaukee,,Sat
09:22:50,60,Blue Island/26th,,Sun
14:03:49,J14,Jeffery Jump,,Mon,Tue,Wed,Thu,Fri
06:47:48,20,Madison,,Mon,Tue,Wed,Thu,Fri
20:46:15,20,Madison,,Sun
09:29:13,20,Madison,,Sat
11:21:10,56,Milwaukee,,Mon,Tue,Wed,Thu,Fri
12:22:50,60,Blue Island/26th,,Sun
05:57:48,20,Madison,,Mon,Tue,Wed,Thu,Fri
08:32:38,56,Milwaukee,,Mon,Tue,Wed,Thu,Fri
19:48:20,60,Blue Island/26th,,Mon,Tue,Wed,Thu,Fri
05:58:33,60,Blue Island/26th,,Mon,Tue,Wed,Thu,Fri
12:38:13,20,Madison,,Sun
04:49:15,20,Madison,,Mon,Tue,Wed,Thu,Fri
17:27:13,20,Madison,,Sun
18:48:44,60,Blue Island/26th,,Sat
16:30:22,60,Blue Island/26th,,Sun
08:26:51,56,Milwaukee,,Mon,Tue,Wed,Thu,Fri
06:15:46,J14,Jeffery Jump,,Mon,Tue,Wed,Thu,Fri
06:42:49,56,Milwaukee,,Mon,Tue,Wed,Thu,Fri
14:49:56,124,Navy Pier,,Mon,Tue,Wed,Thu,Fri
07:00:28,J14,Jeffery Jump,,Sat
20:10:18,J14,Jeffery Jump,,Mon,Tue,Wed,Thu,Fri
17:10:03,56,Milwaukee,,Sat
15:35:15,124,Navy Pier,,Mon,Tue,Wed,Thu,Fri
08:32:50,157,Streeterville/Taylor,,Mon,Tue,Wed,Thu,Fri
23:59:50,20,Madison,,Sat
06:17:48,20,Madison,,Mon,Tue,Wed,Thu,Fri
10:23:13,56,Milwaukee,,Sun
19:52:15,20,Madison,,Sat
19:31:39,124,Navy Pier,,Sun
15:50:40,56,Milwaukee,,Mon,Tue,Wed,Thu,Fri
14:41:01,20,Madison,,Sat
05:00:58,56,Milwaukee,,Sat
22:10:28,124,Navy Pier,,Sun
13:07:45,56,Milwaukee,,Sun
11:58:03,56,Milwaukee,,Sat
14:34:22,20,Madison,,Mon,Tue,Wed,Thu,Fri
20:22:58,60,Blue Island/26th,,Mon,Tue,Wed,Thu,Fri
12:54:06,60,Blue Island/26th,,Sat
09:01:03,56,Milwaukee,,Mon,Tue,Wed,Thu,Fri
08:18:19,J14,Jeffery Jump,,Mon,Tue,Wed,Thu,Fri
14:30:38,56,Milwaukee,,Sat
15:03:23,J14,Jeffery Jump,,Sun
21:44:02,124,Navy Pier,,Sun
17:33:59,56,Milwaukee,,Sun
07:23:55,56,Milwaukee,,Sun
07:00:24,J14,Jeffery Jump,,Sat
10:15:11,60,Blue Island/26th,,Sat
06:57:58,60,Blue Island/26th,,Mon,Tue,Wed,Thu,Fri
11:31:41,J14,Jeffery Jump,,Sat
10:51:53,J14,Jeffery Jump,,Sat
10:27:02,60,Blue Island/26th,,Mon,Tue,Wed,Thu,Fri
09:08:12,J14,Jeffery Jump,,Mon,Tue,Wed,Thu,Fri
17:30:22,60,Blue Island/26th,,Sun
13:54:06,60,Blue Island/26th,,Sat
08:09:57,56,Milwaukee,,Sat
18:13:21,124,Navy Pier,,Sun
17:05:22,20,Madison,,Mon,Tue,Wed,Thu,Fri
10:07:19,20,Madison,,Mon,Tue,Wed,Thu,Fri
18:16:43,124,Navy Pier,,Mon,Tue,Wed,Thu,Fri
11:47:12,J14,Jeffery Jump,,Sun
17:51:41,J14,Jeffery Jump,,Sun
22:34:25,20,Madison,,Sat
15:57:22,124,Navy Pier,,Mon,Tue,Wed,Thu,Fri
13:43:49,J14,Jeffery Jump,,Mon,Tue,Wed,Thu,Fri
08:36:20,60,Blue Island/26th,,Sat
05:27:25,20,Madison,,Mon,Tue,Wed,Thu,Fri
09:19:13,20,Madison,,Sat
13:35:12,124,Navy Pier,,Sun
12:23:49,J14,Jeffery Jump,,Mon,Tue,Wed,Thu,Fri
05:28:49,56,Milwaukee,,Mon,Tue,Wed,Thu,Fri
15:45:22,124,Navy Pier,,Sat
21:51:54,J14,Jeffery Jump,,Mon,Tue,Wed,Thu,Fri
11:07:16,J14,Jeffery Jump,,Sun
20:26:13,20,Madison,,Sun
09:14:43,56,Milwaukee,,Sat
18:26:15,20,Madison,,Sun
14:22:16,60,Blue Island/26th,,Sun
11:58:42,J14,Jeffery Jump,,Sat
15:37:12,J14,Jeffery Jump,,Sat
11:18:13,20,Madison,,Sun
15:22:19,56,Milwaukee,,Sun
18:27:12,J14,Jeffery Jump,,Sat
11:53:42,J14,Jeffery Jump,,Mon,Tue,Wed,Thu,Fri
06:57:50,60,Blue Island/26th,,Mon,Tue,Wed,Thu,Fri
20:25:34,157,Streeterville/Taylor,,Mon,Tue,Wed,Thu,Fri
21:00:15,124,Navy Pier,,Mon,Tue,Wed,Thu,Fri
13:47:01,20,Madison,,Sat
22:04:25,20,Madison,,Sun
19:38:54,60,Blue Island/26th,,Sun
10:36:54,60,Blue Island/26th,,Mon,Tue,Wed,Thu,Fri
17:12:07,56,Milwaukee,,Mon,Tue,Wed,Thu,Fri
12:27:02,60,Blue Island/26th,,Mon,Tue,Wed,Thu,Fri
10:00:19,56,Milwaukee,,Mon,Tue,Wed,Thu,Fri
17:14:52,20,Madison,,Mon,Tue,Wed,Thu,Fri
20:01:23,J14,Jeffery Jump,,Sun
18:47:04,157,Streeterville/Taylor,,Mon,Tue,Wed,Thu,Fri
09:07:33,56,Milwaukee,,Sun
12:33:29,124,Navy Pier,,Mon,Tue,Wed,Thu,Fri
19:06:28,157,Streeterville/Taylor,,Mon,Tue,Wed,Thu,Fri
22:58:04,60,Blue Island/26th,,Mon,Tue,Wed,Thu,Fri
11:23:42,J14,Jeffery Jump,,Mon,Tue,Wed,Thu,Fri
12:58:18,J14,Jeffery Jump,,Sat
04:59:50,20,Madison,,Sun
01:08:42,60,Blue Island/26th,,Sun
23:58:51,20,Madison,,Mon,Tue,Wed,Thu,Fri
10:59:04,20,Madison,,Sat
21:09:59,J14,Jeffery Jump,,Mon,Tue,Wed,Thu,Fri
05:48:48,J14,Jeffery Jump,,Mon,Tue,Wed,Thu,Fri
22:10:02,124,Navy Pier,,Sun
07:46:00,60,Blue Island/26th,,Sat
10:36:42,J14,Jeffery Jump,,Mon,Tue,Wed,Thu,Fri
07:19:15,56,Milwaukee,,Mon,Tue,Wed,Thu,Fri
06:03:15,56,Milwaukee,,Mon,Tue,Wed,Thu,Fri
10:46:52,124,Navy Pier,,Sun
08:18:12,J14,Jeffery Jump,,Mon,Tue,Wed,Thu,Fri
16:27:29,56,Milwaukee,,Sun
12:23:42,J14,Jeffery Jump,,Mon,Tue,Wed,Thu,Fri
18:11:18,J14,Jeffery Jump,,Sun
24:14:51,20,Madison,,Sun
15:43:34,157,Streeterville/Taylor,,Mon,Tue,Wed,Thu,Fri
11:57:12,J14,Jeffery Jump,,Sun
10:52:56,60,Blue Island/26th,,Sun
13:56:01,20,Madison,,Sat
17:21:36,J14,Jeffery Jump,,Sun
10:02:56,60,Blue Island/26th,,Sun
18:19:52,20,Madison,,Mon,Tue,Wed,Thu,Fri
09:26:13,56,Milwaukee,,Sun
22:34:27,20,Madison,,Sat
09:10:02,124,Navy Pier,,Sun
15:48:33,56,Milwaukee,,Sat
19:16:15,20,Madison,,Sun
14:54:08,20,Madison,,Mon,Tue,Wed,Thu,Fri
18:31:23,J14,Jeffery Jump,,Sun
02:04:16,60,Blue Island/26th,,Tue,Wed,Thu,Fri,Sat
07:07:45,60,Blue Island/26th,,Mon,Tue,Wed,Thu,Fri
15:04:17,56,Milwaukee,,Mon,Tue,Wed,Thu,Fri
17:27:00,124,Navy Pier,,Mon,Tue,Wed,Thu,Fri
17:21:49,60,Blue Island/26th,,Mon,Tue,Wed,Thu,Fri
13:33:58,60,Blue Island/26th,,Sat
17:36:15,20,Madison,,Sun
12:35:52,124,Navy Pier,,Sat
01:59:50,20,Madison,,Sun
13:03:49,J14,Jeffery Jump,,Mon,Tue,Wed,Thu,Fri
20:42:15,20,Madison,,Sat
16:29:04,20,Madison,,Sat
17:34:03,56,Milwaukee,,Sun
13:52:22,60,Blue Island/26th,,Sun
08:28:59,56,Milwaukee,,Sun
16:50:32,J14,Jeffery Jump,,Mon,Tue,Wed,Thu,Fri
18:41:18,J14,Jeffery Jump,,Sun
11:58:15,20,Madison,,Sun
13:29:08,56,Milwaukee,,Sat
17:17:12,J14,Jeffery Jump,,Sat
09:11:23,124,Navy Pier,,Mon,Tue,Wed,Thu,Fri
12:53:49,J14,Jeffery Jump,,Mon,Tue,Wed,Thu,Fri
08:05:25,20,Madison,,Sun
08:32:13,20,Madison,,Sat
16:58:13,20,Madison,,Sun
06:41:29,60,Blue Island/26th,,Sat
14:02:49,20,Madison,,Mon,Tue,Wed,Thu,Fri
19:56:45,20,Madison,,Mon,Tue,Wed,Thu,Fri
20:11:23,J14,Jeffery Jump,,Sun
19:48:06,124,Navy Pier,,Mon,Tue,Wed,Thu,Fri
14:15:58,157,Streeterville/Taylor,,Mon,Tue,Wed,Thu,Fri
16:25:22,20,Madison,,Mon,Tue,Wed,Thu,Fri
11:52:50,60,Blue Island/26th,,Sun
11:40:34,157,Streeterville/Taylor,,Mon,Tue,Wed,Thu,Fri
19:11:18,J14,Jeffery Jump,,Sun
15:22:16,60,Blue Island/26th,,Sun
09:50:33,124,Navy Pier,,Mon,Tue,Wed,Thu,Fri
05:38:52,J14,Jeffery Jump,,Mon,Tue,Wed,Thu,Fri
11:33:49,J14,Jeffery Jump,,Mon,Tue,Wed,Thu,Fri
07:35:27,20,Madison,,Sun
08:15:51,56,Milwaukee,,Mon,Tue,Wed,Thu,Fri
17:31:41,J14,Jeffery Jump,,Sun
21:16:00,J14,Jeffery Jump,,Sat
11:44:44,60,Blue Island/26th,,Sat
16:40:22,20,Madison,,Mon,Tue,Wed,Thu,Fri
16:17:12,J14,Jeffery Jump,,Sat
18:43:38,20,Madison,,Mon,Tue,Wed,Thu,Fri
12:06:49,20,Madison,,Mon,Tue,Wed,Thu,Fri
22:11:39,124,Navy Pier,,Sat
15:19:58,157,Streeterville/Taylor,,Mon,Tue,Wed,Thu,Fri
18:10:03,56,Milwaukee,,Sun
20:26:41,J14,Jeffery Jump,,Sat
05:27:41,60,Blue Island/26th,,Mon,Tue,Wed,Thu,Fri
08:08:12,J14,Jeffery Jump,,Mon,Tue,Wed,Thu,Fri
13:42:22,60,Blue Island/26th,,Sun
03:04:42,60,Blue Island/26th,,Mon
19:11:11,60,Blue Island/26th,,Mon,Tue,Wed,Thu,Fri
17:12:33,60,Blue Island/26th,,Sat
00:44:50,20,Madison,,Mon
14:33:58,60,Blue Island/26th,,Sat
16:58:15,20,Madison,,Sun
08:04:15,20,Madison,,Sat
10:14:15,56,Milwaukee,,Sat
14:37:51,56,Milwaukee,,Mon,Tue,Wed,Thu,Fri
21:43:27,20,Madison,,Mon,Tue,Wed,Thu,Fri
01:59:51,20,Madison,,Sun
17:12:40,60,Blue Island/26th,,Sat
07:00:24,60,Blue Island/26th,,Sat
16:28:13,20,Madison,,Sun
09:58:15,20,Madison,,Sun
16:42:33,60,Blue Island/26th,,Sat
16:11:59,J14,Jeffery Jump,,Sun
21:29:51,20,Madison,,Sat
17:12:28,124,Navy Pier,,Sat
11:46:54,60,Blue Island/26th,,Mon,Tue,Wed,Thu,Fri
18:53:06,60,Blue Island/26th,,Mon,Tue,Wed,Thu,Fri
21:14:00,56,Milwaukee,,Sun
05:25:48,20,Madison,,Mon,Tue,Wed,Thu,Fri
15:38:15,20,Madison,,Sun
19:30:34,20,Madison,,Mon,Tue,Wed,Thu,Fri
20:54:54,60,Blue Island/26th,,Sun
08:15:50,56,Milwaukee,,Mon,Tue,Wed,Thu,Fri
15:13:40,60,Blue Island/26th,,Sat
23:15:57,20,Madison,,Mon,Tue,Wed,Thu,Fri
12:53:01,20,Madison,,Sat
07:20:06,J14,Jeffery Jump,,Mon,Tue,Wed,Thu,Fri
19:38:09,20,Madison,,Mon,Tue,Wed,Thu,Fri
09:03:58,60,Blue Island/26th,,Mon,Tue,Wed,Thu,Fri
15:01:38,56,Milwaukee,,Sat
17:30:49,60,Blue Island/26th,,Mon,Tue,Wed,Thu,Fri
13:08:15,20,Madison,,Sun
13:36:54,60,Blue Island/26th,,Mon,Tue,Wed,Thu,Fri
15:33:40,60,Blue Island/26th,,Sat
17:37:18,J14,Jeffery Jump,,Sat
20:56:43,20,Madison,,Mon,Tue,Wed,Thu,Fri
14:54:06,60,Blue Island/26th,,Sat
15:16:21,56,Milwaukee,,Mon,Tue,Wed,Thu,Fri
11:17:47,56,Milwaukee,,Sun
16:29:01,20,Madison,,Sat
08:06:26,60,Blue Island/26th,,Sat
09:03:12,20,Madison,,Mon,Tue,Wed,Thu,Fri
16:11:54,J14,Jeffery Jump,,Sun
05:08:17,20,Madison,,Mon,Tue,Wed,Thu,Fri
10:55:11,60,Blue Island/26th,,Sat
13:38:01,20,Madison,,Sat
17:56:01,20,Madison,,Sat
11:47:02,60,Blue Island/26th,,Mon,Tue,Wed,Thu,Fri
19:29:54,60,Blue Island/26th,,Mon,Tue,Wed,Thu,Fri
08:26:50,56,Milwaukee,,Mon,Tue,Wed,Thu,Fri
10:43:56,124,Navy Pier,,Mon,Tue,Wed,Thu,Fri
13:03:36,J14,Jeffery Jump,,Sun
15:17:30,J14,Jeffery Jump,,Mon,Tue,Wed,Thu,Fri
23:29:27,20,Madison,,Sun
24:14:50,20,Madison,,Sun
07:28:27,20,Madison,,Sat
07:25:02,157,Streeterville/Taylor,,Mon,Tue,Wed,Thu,Fri
16:20:15,124,Navy Pier,,Mon,Tue,Wed,Thu,Fri
17:29:18,J14,Jeffery Jump,,Mon,Tue,Wed,Thu,Fri
10:19:15,20,Madison,,Sat
14:23:23,J14,Jeffery Jump,,Sun
11:05:12,J14,Jeffery Jump,,Mon,Tue,Wed,Thu,Fri
15:18:15,20,Madison,,Sun
16:52:33,60,Blue Island/26th,,Sat
16:48:15,20,Madison,,Sun
16:38:15,20,Madison,,Sun
20:39:59,J14,Jeffery Jump,,Mon,Tue,Wed,Thu,Fri
12:48:15,20,Madison,,Sun
12:26:04,20,Madison,,Sat
20:22:15,20,Madison,,Sat
20:46:59,56,Milwaukee,,Mon,Tue,Wed,Thu,Fri
20:23:06,60,Blue Island/26th,,Mon,Tue,Wed,Thu,Fri
20:26:45,20,Madison,,Mon,Tue,Wed,Thu,Fri
15:09:37,J14,Jeffery Jump,,Mon,Tue,Wed,Thu,Fri
22:13:27,20,Madison,,Mon,Tue,Wed,Thu,Fri
02:59:51,20,Madison,,Mon
12:54:06,J14,Jeffery Jump,,Sun
12:44:04,20,Madison,,Sat
10:22:00,J14,Jeffery Jump,,Sat
08:38:12,20,Madison,,Mon,Tue,Wed,Thu,Fri
16:23:12,56,Milwaukee,,Mon,Tue,Wed,Thu,Fri
18:06:26,60,Blue Island/26th,,Sun
11:22:50,60,Blue Island/26th,,Sun
17:05:25,20,Madison,,Mon,Tue,Wed,Thu,Fri
13:21:35,56,Milwaukee,,Mon,Tue,Wed,Thu,Fri
06:43:27,20,Madison,,Sat
17:47:18,J14,Jeffery Jump,,Sat
13:00:33,56,Milwaukee,,Sat
07:45:29,60,Blue Island/26th,,Sun
15:28:15,20,Madison,,Sun
14:48:15,20,Madison,,Sun
11:05:06,J14,Jeffery Jump,,Mon,Tue,Wed,Thu,Fri
11:23:49,J14,Jeffery Jump,,Mon,Tue,Wed,Thu,Fri
19:13:35,20,Madison,,Mon,Tue,Wed,Thu,Fri
22:32:47,56,Milwaukee,,Mon,Tue,Wed,Thu,Fri
07:51:12,60,Blue Island/26th,,Mon,Tue,Wed,Thu,Fri
14:54:22,124,Navy Pier,,Sat
19:49:00,60,Blue Island/26th,,Sun
14:15:34,157,Streeterville/Taylor,,Mon,Tue,Wed,Thu,Fri
19:48:28,60,Blue Island/26th,,Mon,Tue,Wed,Thu,Fri
09:21:46,60,Blue Island/26th,,Mon,Tue,Wed,Thu,Fri
06:21:29,60,Blue Island/26th,,Sat
16:03:44,124,Navy Pier,,Sun
22:01:27,56,Milwaukee,,Sun
17:56:04,20,Madison,,Sat
11:27:16,J14,Jeffery Jump,,Sun
13:23:58,60,Blue Island/26th,,Sat
20:08:45,56,Milwaukee,,Mon,Tue,Wed,Thu,Fri
08:05:27,20,Madison,,Sun
07:50:25,20,Madison,,Sun
15:06:54,60,Blue Island/26th,,Mon,Tue,Wed,Thu,Fri
11:17:22,20,Madison,,Mon,Tue,Wed,Thu,Fri
10:49:43,124,Navy Pier,,Sat
16:04:30,J14,Jeffery Jump,,Mon,Tue,Wed,Thu,Fri
12:24:33,60,Blue Island/26th,,Sat
18:29:15,56,Milwaukee,,Mon,Tue,Wed,Thu,Fri
11:52:56,60,Blue Island/26th,,Sun
19:06:37,60,Blue Island/26th,,Sat
17:16:04,20,Madison,,Sat
20:29:00,56,Milwaukee,,Sun
16:29:30,J14,Jeffery Jump,,Mon,Tue,Wed,Thu,Fri
23:44:25,20,Madison,,Sun
14:13:23,J14,Jeffery Jump,,Sun
20:56:00,J14,Jeffery Jump,,Sat
16:32:40,60,Blue Island/26th,,Sat
16:20:35,56,Milwaukee,,Sat
20:08:24,60,Blue Island/26th,,Sun
18:25:12,60,Blue Island/26th,,Mon,Tue,Wed,Thu,Fri
18:28:59,56,Milwaukee,,Sun
18:46:06,J14,Jeffery Jump,,Mon,Tue,Wed,Thu,Fri
17:11:59,124,Navy Pier,,Sat
22:28:25,20,Madison,,Mon,Tue,Wed,Thu,Fri
09:52:50,60,Blue Island/26th,,Sun
15:48:15,20,Madison,,Sun
17:00:00,J14,Jeffery Jump,,Mon,Tue,Wed,Thu,Fri
07:50:06,J14,Jeffery Jump,,Mon,Tue,Wed,Thu,Fri
19:46:36,J14,Jeffery Jump,,Sat
14:44:06,60,Blue Island/26th,,Sat
21:09:54,J14,Jeffery Jump,,Mon,Tue,Wed,Thu,Fri
07:05:21,20,Madison,,Mon,Tue,Wed,Thu,Fri
17:43:10,157,Streeterville/Taylor,,Mon,Tue,Wed,Thu,Fri
07:44:16,60,Blue Island/26th,,Mon,Tue,Wed,Thu,Fri
08:33:53,60,Blue Island/26th,,Mon,Tue,Wed,Thu,Fri
18:06:15,20,Madison,,Sun
18:12:22,157,Streeterville/Taylor,,Mon,Tue,Wed,Thu,Fri
08:55:46,60,Blue Island/26th,,Sat
20:32:15,20,Madison,,Sat
01:59:50,20,Madison,,Mon
06:26:55,20,Madison,,Sat
13:58:38,56,Milwaukee,,Sat
13:38:52,20,Madison,,Mon,Tue,Wed,Thu,Fri
14:23:01,20,Madison,,Sat
14:43:23,J14,Jeffery Jump,,Sun
12:08:15,20,Madison,,Sun
09:38:13,20,Madison,,Sun
06:14:55,56,Milwaukee,,Sat
06:17:58,60,Blue Island/26th,,Mon,Tue,Wed,Thu,Fri
21:05:58,157,Streeterville/Taylor,,Mon,Tue,Wed,Thu,Fri
20:13:51,56,Milwaukee,,Sat
14:47:48,J14,Jeffery Jump,,Sat
12:48:10,56,Milwaukee,,Mon,Tue,Wed,Thu,Fri
06:38:11,56,Milwaukee,,Sat
09:31:36,60,Blue Island/26th,,Mon,Tue,Wed,Thu,Fri
10:35:18,60,Blue Island/26th,,Sat
15:12:22,60,Blue Island/26th,,Sun
13:59:44,124,Navy Pier,,Sun
15:28:13,20,Madison,,Sun
13:58:15,20,Madison,,Sun
21:07:13,56,Milwaukee,,Mon,Tue,Wed,Thu,Fri
16:10:22,20,Madison,,Mon,Tue,Wed,Thu,Fri
06:53:49,56,Milwaukee,,Mon,Tue,Wed,Thu,Fri
15:37:02,20,Madison,,Mon,Tue,Wed,Thu,Fri
21:37:55,20,Madison,,Sat
20:50:46,J14,Jeffery Jump,,Sun
15:51:20,60,Blue Island/26th,,Sun
01:38:07,60,Blue Island/26th,,Sun
14:37:21,124,Navy Pier,,Sat
21:10:29,56,Milwaukee,,Sat
13:28:51,124,Navy Pier,,Sat
10:26:54,60,Blue Island/26th,,Mon,Tue,Wed,Thu,Fri
19:32:47,56,Milwaukee,,Sat
14:03:23,J14,Jeffery Jump,,Sun
18:04:59,124,Navy Pier,,Sat
20:17:24,60,Blue Island/26th,,Sun
20:45:34,157,Streeterville/Taylor,,Mon,Tue,Wed,Thu,Fri
14:30:28,157,Streeterville/Taylor,,Mon,Tue,Wed,Thu,Fri
21:37:41,60,Blue Island/26th,,Mon,Tue,Wed,Thu,Fri
13:02:56,60,Blue Island/26th,,Sun
23:16:55,20,Madison,,Sun
08:10:00,56,Milwaukee,,Sat
01:05:46,60,Blue Island/26th,,Tue,Wed,Thu,Fri,Sat
23:29:25,20,Madison,,Sat
17:36:22,20,Madison,,Mon,Tue,Wed,Thu,Fri
18:46:59,J14,Jeffery Jump,,Sat
10:22:50,60,Blue Island/26th,,Sun
16:48:49,60,Blue Island/26th,,Mon,Tue,Wed,Thu,Fri
15:03:18,J14,Jeffery Jump,,Sun
21:10:42,J14,Jeffery Jump,,Sun
19:06:41,J14,Jeffery Jump,,Sat
11:37:02,60,Blue Island/26th,,Mon,Tue,Wed,Thu,Fri
10:37:19,20,Madison,,Mon,Tue,Wed,Thu,Fri
05:26:41,56,Milwaukee,,Sun
15:19:05,20,Madison,,Mon,Tue,Wed,Thu,Fri
06:28:02,60,Blue Island/26th,,Mon,Tue,Wed,Thu,Fri
22:04:27,20,Madison,,Sat
18:42:13,20,Madison,,Sat
18:19:55,20,Madison,,Mon,Tue,Wed,Thu,Fri
15:07:42,J14,Jeffery Jump,,Sat
02:29:50,20,Madison,,Tue,Wed,Thu,Fri,Sat
15:58:16,60,Blue Island/26th,,Mon,Tue,Wed,Thu,Fri
19:46:45,20,Madison,,Mon,Tue,Wed,Thu,Fri
17:27:12,J14,Jeffery Jump,,Sat
17:42:25,20,Madison,,Mon,Tue,Wed,Thu,Fri
18:37:24,J14,Jeffery Jump,,Mon,Tue,Wed,Thu,Fri
14:43:18,J14,Jeffery Jump,,Sun
19:16:18,60,Blue Island/26th,,Sat
16:57:26,60,Blue Island/26th,,Mon,Tue,Wed,Thu,Fri
17:02:40,60,Blue Island/26th,,Sat
06:42:24,J14,Jeffery Jump,,Mon,Tue,Wed,Thu,Fri
15:51:59,J14,Jeffery Jump,,Sun
05:25:58,56,Milwaukee,,Sat
14:48:12,124,Navy Pier,,Sun
17:39:46,60,Blue Island/26th,,Sun
21:10:33,56,Milwaukee,,Sat
17:00:22,60,Blue Island/26th,,Sun
20:36:30,60,Blue Island/26th,,Sun
16:55:25,20,Madison,,Mon,Tue,Wed,Thu,Fri
20:56:15,20,Madison,,Sun
13:29:03,56,Milwaukee,,Sat
10:46:54,56,Milwaukee,,Mon,Tue,Wed,Thu,Fri
17:31:36,J14,Jeffery Jump,,Sun
11:37:56,124,Navy Pier,,Mon,Tue,Wed,Thu,Fri
15:31:59,J14,Jeffery Jump,,Sun
14:17:15,56,Milwaukee,,Sun
11:56:54,60,Blue Island/26th,,Mon,Tue,Wed,Thu,Fri
10:47:16,J14,Jeffery Jump,,Sun
08:48:33,56,Milwaukee,,Mon,Tue,Wed,Thu,Fri
17:30:25,157,Streeterville/Taylor,,Mon,Tue,Wed,Thu,Fri
21:32:04,60,Blue Island/26th,,Sun
09:52:56,60,Blue Island/26th,,Sun
16:23:07,56,Milwaukee,,Mon,Tue,Wed,Thu,Fri
16:08:13,20,Madison,,Sun
14:36:54,60,Blue Island/26th,,Mon,Tue,Wed,Thu,Fri
13:53:23,J14,Jeffery Jump,,Sun
20:19:22,60,Blue Island/26th,,Sat
19:09:03,124,Navy Pier,,Mon,Tue,Wed,Thu,Fri
08:58:19,J14,Jeffery Jump,,Mon,Tue,Wed,Thu,Fri
11:43:22,124,Navy Pier,,Sat
15:12:16,60,Blue Island/26th,,Sun
22:26:14,56,Milwaukee,,Sun
19:04:36,J14,Jeffery Jump,,Mon,Tue,Wed,Thu,Fri
17:06:01,20,Madison,,Sat
10:37:02,60,Blue Island/26th,,Mon,Tue,Wed,Thu,Fri
18:21:18,J14,Jeffery Jump,,Sun
20:11:29,124,Navy Pier,,Mon,Tue,Wed,Thu,Fri
08:04:34,60,Blue Island/26th,,Sun
08:43:38,56,Milwaukee,,Mon,Tue,Wed,Thu,Fri
14:47:35,20,Madison,,Mon,Tue,Wed,Thu,Fri
15:33:37,J14,Jeffery Jump,,Mon,Tue,Wed,Thu,Fri
20:40:05,124,Navy Pier,,Sat
10:22:52,124,Navy Pier,,Sun
08:48:12,J14,Jeffery Jump,,Mon,Tue,Wed,Thu,Fri
02:34:42,60,Blue Island/26th,,Mon
22:13:25,20,Madison,,Mon,Tue,Wed,Thu,Fri
18:25:02,60,Blue Island/26th,,Mon,Tue,Wed,Thu,Fri
07:20:27,20,Madison,,Sun
08:03:12,20,Madison,,Mon,Tue,Wed,Thu,Fri
21:37:48,60,Blue Island/26th,,Mon,Tue,Wed,Thu,Fri
02:59:50,20,Madison,,Mon
17:20:25,20,Madison,,Mon,Tue,Wed,Thu,Fri
14:13:42,J14,Jeffery Jump,,Mon,Tue,Wed,Thu,Fri
16:42:07,56,Milwaukee,,Mon,Tue,Wed,Thu,Fri
14:52:22,60,Blue Island/26th,,Sun
19:12:13,20,Madison,,Sat
19:09:00,60,Blue Island/26th,,Sun
18:28:22,20,Madison,,Mon,Tue,Wed,Thu,Fri
18:47:29,56,Milwaukee,,Sun
23:28:25,20,Madison,,Mon,Tue,Wed,Thu,Fri
20:28:16,60,Blue Island/26th,,Sat
13:22:16,60,Blue Island/26th,,Sun
16:11:30,J14,Jeffery Jump,,Mon,Tue,Wed,Thu,Fri
10:03:05,124,Navy Pier,,Sat
10:38:13,20,Madison,,Sun
17:04:50,157,Streeterville/Taylor,,Mon,Tue,Wed,Thu,Fri
12:32:50,60,Blue Island/26th,,Sun
05:57:37,60,Blue Island/26th,,Sun
19:22:15,20,Madison,,Sat
09:28:08,56,Milwaukee,,Mon,Tue,Wed,Thu,Fri
19:26:36,J14,Jeffery Jump,,Sat
15:38:44,124,Navy Pier,,Sun
01:59:51,20,Madison,,Tue,Wed,Thu,Fri,Sat
07:40:06,J14,Jeffery Jump,,Mon,Tue,Wed,Thu,Fri
15:22:22,60,Blue Island/26th,,Sun
19:56:36,J14,Jeffery Jump,,Sat
12:46:54,60,Blue Island/26th,,Mon,Tue,Wed,Thu,Fri
19:22:13,20,Madison,,Sat
24:14:51,20,Madison,,Sat
06:42:45,56,Milwaukee,,Mon,Tue,Wed,Thu,Fri
03:04:12,60,Blue Island/26th,,Tue,Wed,Thu,Fri,Sat
08:18:54,J14,Jeffery Jump,,Sun
14:02:52,20,Madison,,Mon,Tue,Wed,Thu,Fri
19:05:13,56,Milwaukee,,Sun
14:23:44,124,Navy Pier,,Sun
04:34:07,60,Blue Island/26th,,Sat
12:03:49,J14,Jeffery Jump,,Mon,Tue,Wed,Thu,Fri
13:24:58,157,Streeterville/Taylor,,Mon,Tue,Wed,Thu,Fri
14:02:16,60,Blue Island/26th,,Sun
02:29:50,20,Madison,,Sun
15:08:15,20,Madison,,Sun
18:17:12,J14,Jeffery Jump,,Sat
15:47:18,J14,Jeffery Jump,,Sat
17:04:30,J14,Jeffery Jump,,Mon,Tue,Wed,Thu,Fri
21:24:45,124,Navy Pier,,Mon,Tue,Wed,Thu,Fri
20:10:16,60,Blue Island/26th,,Sat
22:19:27,20,Madison,,Sat
13:32:16,60,Blue Island/26th,,Sun
14:23:18,J14,Jeffery Jump,,Sun
14:50:04,20,Madison,,Sat
22:18:59,60,Blue Island/26th,,Sun
07:53:09,20,Madison,,Mon,Tue,Wed,Thu,Fri
01:05:42,60,Blue Island/26th,,Mon
11:21:48,J14,Jeffery Jump,,Sat
14:40:38,20,Madison,,Mon,Tue,Wed,Thu,Fri
21:18:41,60,Blue Island/26th,,Mon,Tue,Wed,Thu,Fri
16:38:03,157,Streeterville/Taylor,,Mon,Tue,Wed,Thu,Fri
08:48:13,20,Madison,,Sun
11:46:52,20,Madison,,Mon,Tue,Wed,Thu,Fri
12:14:56,56,Milwaukee,,Mon,Tue,Wed,Thu,Fri
11:08:51,124,Navy Pier,,Sat
05:38:48,J14,Jeffery Jump,,Mon,Tue,Wed,Thu,Fri
02:29:51,20,Madison,,Tue,Wed,Thu,Fri,Sat
11:40:59,J14,Jeffery Jump,,Sat
09:08:09,56,Milwaukee,,Mon,Tue,Wed,Thu,Fri
18:21:33,60,Blue Island/26th,,Sat
07:20:25,20,Madison,,Sun
08:16:20,60,Blue Island/26th,,Sat
13:43:23,J14,Jeffery Jump,,Sun
21:39:54,J14,Jeffery Jump,,Mon,Tue,Wed,Thu,Fri
08:38:54,J14,Jeffery Jump,,Sun
19:12:15,20,Madison,,Sat
17:30:52,20,Madison,,Mon,Tue,Wed,Thu,Fri
10:41:33,56,Milwaukee,,Sun
19:46:15,20,Madison,,Sun
19:42:41,60,Blue Island/26th,,Sat
15:08:04,20,Madison,,Sat
15:13:06,J14,Jeffery Jump,,Sun
10:46:49,56,Milwaukee,,Mon,Tue,Wed,Thu,Fri
20:17:05,124,Navy Pier,,Sat
07:28:25,20,Madison,,Sat
05:30:18,J14,Jeffery Jump,,Mon,Tue,Wed,Thu,Fri
07:08:36,157,Streeterville/Taylor,,Mon,Tue,Wed,Thu,Fri
10:09:15,20,Madison,,Sat
20:16:39,124,Navy Pier,,Sat
06:09:27,20,Madison,,Sat
02:59:51,20,Madison,,Tue,Wed,Thu,Fri,Sat
12:43:42,J14,Jeffery Jump,,Mon,Tue,Wed,Thu,Fri
11:34:59,124,Navy Pier,,Sun
20:26:36,J14,Jeffery Jump,,Sat
06:27:48,20,Madison,,Mon,Tue,Wed,Thu,Fri
08:18:12,20,Madison,,Mon,Tue,Wed,Thu,Fri
17:04:38,J14,Jeffery Jump,,Mon,Tue,Wed,Thu,Fri
22:02:50,60,Blue Island/26th,,Sat
08:03:28,157,Streeterville/Taylor,,Mon,Tue,Wed,Thu,Fri
16:29:44,124,Navy Pier,,Sun
11:22:56,60,Blue Island/26th,,Sun
07:24:08,60,Blue Island/26th,,Sun
05:30:22,J14,Jeffery Jump,,Mon,Tue,Wed,Thu,Fri
16:01:59,J14,Jeffery Jump,,Sun
13:23:49,J14,Jeffery Jump,,Mon,Tue,Wed,Thu,Fri
07:18:30,60,Blue Island/26th,,Sat
16:13:03,60,Blue Island/26th,,Sat
12:58:12,J14,Jeffery Jump,,Sat
18:29:19,56,Milwaukee,,Mon,Tue,Wed,Thu,Fri
15:13:05,20,Madison,,Mon,Tue,Wed,Thu,Fri
14:00:19,56,Milwaukee,,Sun
12:24:40,60,Blue Island/26th,,Sat
15:25:24,60,Blue Island/26th,,Mon,Tue,Wed,Thu,Fri
20:13:36,60,Blue Island/26th,,Mon,Tue,Wed,Thu,Fri
14:24:06,60,Blue Island/26th,,Sat
05:50:25,20,Madison,,Sat
12:43:51,56,Milwaukee,,Sat
15:01:33,56,Milwaukee,,Sat
21:22:34,60,Blue Island/26th,,Sun
18:14:38,56,Milwaukee,,Mon,Tue,Wed,Thu,Fri
13:58:34,157,Streeterville/Taylor,,Mon,Tue,Wed,Thu,Fri
11:32:56,60,Blue Island/26th,,Sun
18:19:37,J14,Jeffery Jump,,Mon,Tue,Wed,Thu,Fri
15:58:15,20,Madison,,Sun
21:18:48,60,Blue Island/26th,,Mon,Tue,Wed,Thu,Fri
06:30:49,56,Milwaukee,,Mon,Tue,Wed,Thu,Fri
11:10:19,56,Milwaukee,,Sat
07:13:25,20,Madison,,Sat
23:42:04,60,Blue Island/26th,,Sat
20:16:13,20,Madison,,Sun
22:34:27,20,Madison,,Sun
09:51:07,124,Navy Pier,,Mon,Tue,Wed,Thu,Fri
19:19:00,60,Blue Island/26th,,Sun
01:35:07,60,Blue Island/26th,,Mon
10:17:46,J14,Jeffery Jump,,Sun
17:48:07,56,Milwaukee,,Mon,Tue,Wed,Thu,Fri
23:59:50,20,Madison,,Sun
23:00:04,60,Blue Island/26th,,Sun
09:48:13,20,Madison,,Sun
04:29:50,20,Madison,,Sat
09:54:03,56,Milwaukee,,Sat
19:25:58,157,Streeterville/Taylor,,Mon,Tue,Wed,Thu,Fri
08:00:28,J14,Jeffery Jump,,Sat
02:34:16,60,Blue Island/26th,,Tue,Wed,Thu,Fri,Sat
15:31:26,60,Blue Island/26th,,Sun
12:26:49,20,Madison,,Mon,Tue,Wed,Thu,Fri
05:27:48,60,Blue Island/26th,,Mon,Tue,Wed,Thu,Fri
02:59:50,20,Madison,,Sun
06:26:57,20,Madison,,Sat
18:34:00,124,Navy Pier,,Mon,Tue,Wed,Thu,Fri
18:39:07,60,Blue Island/26th,,Sat
17:15:59,56,Milwaukee,,Sun
16:41:41,J14,Jeffery Jump,,Sun
15:22:36,J14,Jeffery Jump,,Sun
11:57:51,56,Milwaukee,,Mon,Tue,Wed,Thu,Fri
19:48:54,60,Blue Island/26th,,Sun
05:47:51,20,Madison,,Mon,Tue,Wed,Thu,Fri
19:17:19,56,Milwaukee,,Mon,Tue,Wed,Thu,Fri
06:02:34,60,Blue Island/26th,,Sat
18:43:35,20,Madison,,Mon,Tue,Wed,Thu,Fri
21:40:34,60,Blue Island/26th,,Sun
06:51:06,157,Streeterville/Taylor,,Mon,Tue,Wed,Thu,Fri
21:00:42,J14,Jeffery Jump,,Sun
18:28:25,20,Madison,,Mon,Tue,Wed,Thu,Fri
09:37:42,J14,Jeffery Jump,,Sun
16:52:07,56,Milwaukee,,Mon,Tue,Wed,Thu,Fri
17:21:44,124,Navy Pier,,Sun
13:53:58,60,Blue Island/26th,,Sat
13:27:48,J14,Jeffery Jump,,Sat
13:13:49,J14,Jeffery Jump,,Mon,Tue,Wed,Thu,Fri
09:31:46,60,Blue Island/26th,,Mon,Tue,Wed,Thu,Fri
23:19:29,60,Blue Island/26th,,Sat
05:48:33,60,Blue Island/26th,,Mon,Tue,Wed,Thu,Fri
10:17:19,20,Madison,,Mon,Tue,Wed,Thu,Fri
12:17:02,60,Blue Island/26th,,Mon,Tue,Wed,Thu,Fri
11:42:50,60,Blue Island/26th,,Sun
19:34:18,60,Blue Island/26th,,Sat
07:37:20,60,Blue Island/26th,,Mon,Tue,Wed,Thu,Fri
05:49:25,20,Madison,,Sun
21:06:15,20,Madison,,Sun
13:54:49,20,Madison,,Mon,Tue,Wed,Thu,Fri
09:09:50,157,Streeterville/Taylor,,Mon,Tue,Wed,Thu,Fri
15:31:02,20,Madison,,Mon,Tue,Wed,Thu,Fri
21:10:46,J14,Jeffery Jump,,Sun
12:16:52,20,Madison,,Mon,Tue,Wed,Thu,Fri
22:20:16,J14,Jeffery Jump,,Sat
11:17:02,60,Blue Island/26th,,Mon,Tue,Wed,Thu,Fri
19:56:22,124,Navy Pier,,Sat
16:45:22,20,Madison,,Mon,Tue,Wed,Thu,Fri
06:27:54,60,Blue Island/26th,,Mon,Tue,Wed,Thu,Fri
08:05:08,60,Blue Island/26th,,Mon,Tue,Wed,Thu,Fri
06:53:45,56,Milwaukee,,Mon,Tue,Wed,Thu,Fri
17:54:24,J14,Jeffery Jump,,Mon,Tue,Wed,Thu,Fri
19:58:35,124,Navy Pier,,Sun
12:44:22,20,Madison,,Mon,Tue,Wed,Thu,Fri
16:18:13,20,Madison,,Sun
13:29:01,20,Madison,,Sat
05:27:25,20,Madison,,Sat
08:18:28,60,Blue Island/26th,,Mon,Tue,Wed,Thu,Fri
09:12:20,124,Navy Pier,,Sat
23:18:46,J14,Jeffery Jump,,Mon,Tue,Wed,Thu,Fri
15:44:01,20,Madison,,Sat
13:04:06,60,Blue Island/26th,,Sat
14:23:58,60,Blue Island/26th,,Sat
08:36:38,56,Milwaukee,,Mon,Tue,Wed,Thu,Fri
11:06:54,60,Blue Island/26th,,Mon,Tue,Wed,Thu,Fri
13:46:52,20,Madison,,Mon,Tue,Wed,Thu,Fri
18:10:48,J14,Jeffery Jump,,Mon,Tue,Wed,Thu,Fri
10:47:02,60,Blue Island/26th,,Mon,Tue,Wed,Thu,Fri
17:18:15,20,Madison,,Sun
11:19:04,20,Madison,,Sat
13:57:42,J14,Jeffery Jump,,Sat
06:33:06,157,Streeterville/Taylor,,Mon,Tue,Wed,Thu,Fri
17:13:26,60,Blue Island/26th,,Mon,Tue,Wed,Thu,Fri
18:34:09,20,Madison,,Sat
12:22:56,60,Blue Island/26th,,Sun
15:17:37,J14,Jeffery Jump,,Mon,Tue,Wed,Thu,Fri
10:42:00,J14,Jeffery Jump,,Sat
12:14:17,56,Milwaukee,,Sat
21:49:15,124,Navy Pier,,Mon,Tue,Wed,Thu,Fri
08:48:15,20,Madison,,Sun
07:25:14,56,Milwaukee,,Sat
00:44:51,20,Madison,,Mon
16:37:05,56,Milwaukee,,Sat
08:53:09,20,Madison,,Mon,Tue,Wed,Thu,Fri
19:00:49,56,Milwaukee,,Mon,Tue,Wed,Thu,Fri
21:16:05,J14,Jeffery Jump,,Sat
18:33:23,124,Navy Pier,,Mon,Tue,Wed,Thu,Fri
05:20:22,J14,Jeffery Jump,,Mon,Tue,Wed,Thu,Fri
14:26:52,20,Madison,,Mon,Tue,Wed,Thu,Fri
09:57:00,J14,Jeffery Jump,,Mon,Tue,Wed,Thu,Fri
13:46:21,124,Navy Pier,,Sat
11:16:54,60,Blue Island/26th,,Mon,Tue,Wed,Thu,Fri
04:29:50,20,Madison,,Mon,Tue,Wed,Thu,Fri
10:55:18,J14,Jeffery Jump,,Mon,Tue,Wed,Thu,Fri
12:08:12,J14,Jeffery Jump,,Sat
13:46:49,20,Madison,,Mon,Tue,Wed,Thu,Fri
14:58:15,20,Madison,,Sun
15:31:54,J14,Jeffery Jump,,Sun
08:28:54,J14,Jeffery Jump,,Sun
13:38:13,20,Madison,,Sun
17:39:38,J14,Jeffery Jump,,Mon,Tue,Wed,Thu,Fri
17:14:55,20,Madison,,Mon,Tue,Wed,Thu,Fri
21:20:54,J14,Jeffery Jump,,Sun
06:37:48,20,Madison,,Mon,Tue,Wed,Thu,Fri
20:06:13,20,Madison,,Sun
05:49:27,20,Madison,,Sun
16:19:52,124,Navy Pier,,Sat
16:54:52,124,Navy Pier,,Sat
16:32:33,60,Blue Island/26th,,Sat
22:34:33,56,Milwaukee,,Sat
13:58:33,56,Milwaukee,,Sat
11:49:24,J14,Jeffery Jump,,Sat
06:33:06,J14,Jeffery Jump,,Mon,Tue,Wed,Thu,Fri
05:01:41,56,Milwaukee,,Sun
19:25:34,157,Streeterville/Taylor,,Mon,Tue,Wed,Thu,Fri
21:51:59,J14,Jeffery Jump,,Mon,Tue,Wed,Thu,Fri
19:05:17,56,Milwaukee,,Sun
12:36:54,60,Blue Island/26th,,Mon,Tue,Wed,Thu,Fri
14:34:06,60,Blue Island/26th,,Sat
07:20:00,J14,Jeffery Jump,,Mon,Tue,Wed,Thu,Fri
17:39:52,60,Blue Island/26th,,Sun
15:41:24,60,Blue Island/26th,,Mon,Tue,Wed,Thu,Fri
16:35:30,J14,Jeffery Jump,,Mon,Tue,Wed,Thu,Fri
12:36:52,20,Madison,,Mon,Tue,Wed,Thu,Fri
10:23:21,124,Navy Pier,,Sun
07:37:22,20,Madison,,Mon,Tue,Wed,Thu,Fri
10:37:16,J14,Jeffery Jump,,Sun
17:20:22,60,Blue Island/26th,,Sun
13:44:06,60,Blue Island/26th,,Sat
15:27:17,56,Milwaukee,,Mon,Tue,Wed,Thu,Fri
06:57:51,20,Madison,,Mon,Tue,Wed,Thu,Fri
10:17:32,60,Blue Island/26th,,Mon,Tue,Wed,Thu,Fri
08:55:52,60,Blue Island/26th,,Sat
11:55:03,56,Milwaukee,,Sun
12:18:12,J14,Jeffery Jump,,Sat
17:46:42,J14,Jeffery Jump,,Mon,Tue,Wed,Thu,Fri
07:30:35,56,Milwaukee,,Mon,Tue,Wed,Thu,Fri
10:42:50,60,Blue Island/26th,,Sun
17:57:12,J14,Jeffery Jump,,Sat
04:29:50,20,Madison,,Sun
12:05:59,124,Navy Pier,,Mon,Tue,Wed,Thu,Fri
14:19:22,124,Navy Pier,,Sat
10:27:19,20,Madison,,Mon,Tue,Wed,Thu,Fri
14:50:29,124,Navy Pier,,Mon,Tue,Wed,Thu,Fri
14:46:54,60,Blue Island/26th,,Mon,Tue,Wed,Thu,Fri
21:20:51,20,Madison,,Sat
23:39:12,60,Blue Island/26th,,Mon,Tue,Wed,Thu,Fri
21:13:57,56,Milwaukee,,Sun
18:15:56,60,Blue Island/26th,,Sun
16:02:56,56,Milwaukee,,Mon,Tue,Wed,Thu,Fri
12:14:15,56,Milwaukee,,Sun
16:30:16,60,Blue Island/26th,,Sun
15:49:50,60,Blue Island/26th,,Mon,Tue,Wed,Thu,Fri
19:01:23,J14,Jeffery Jump,,Sun
13:55:37,124,Navy Pier,,Mon,Tue,Wed,Thu,Fri
08:53:34,60,Blue Island/26th,,Sun
00:38:42,60,Blue Island/26th,,Sun
11:37:16,J14,Jeffery Jump,,Sun
03:29:50,20,Madison,,Tue,Wed,Thu,Fri,Sat
07:50:00,J14,Jeffery Jump,,Mon,Tue,Wed,Thu,Fri
08:45:28,J14,Jeffery Jump,,Sat
14:19:22,20,Madison,,Mon,Tue,Wed,Thu,Fri
07:37:11,60,Blue Island/26th,,Mon,Tue,Wed,Thu,Fri
14:53:18,J14,Jeffery Jump,,Sun
05:58:10,J14,Jeffery Jump,,Mon,Tue,Wed,Thu,Fri
16:56:04,20,Madison,,Sat
11:49:01,20,Madison,,Sat
23:41:59,60,Blue Island/26th,,Sat
16:13:10,60,Blue Island/26th,,Sat
06:25:30,J14,Jeffery Jump,,Mon,Tue,Wed,Thu,Fri
09:35:52,60,Blue Island/26th,,Sat
13:08:13,20,Madison,,Sun
15:06:19,56,Milwaukee,,Sun
01:35:12,60,Blue Island/26th,,Mon
14:13:58,60,Blue Island/26th,,Sat
09:49:13,20,Madison,,Sat
11:33:42,J14,Jeffery Jump,,Mon,Tue,Wed,Thu,Fri
00:35:37,60,Blue Island/26th,,Mon
14:32:16,60,Blue Island/26th,,Sun
15:30:59,20,Madison,,Mon,Tue,Wed,Thu,Fri
16:10:20,157,Streeterville/Taylor,,Mon,Tue,Wed,Thu,Fri
17:35:37,56,Milwaukee,,Mon,Tue,Wed,Thu,Fri
21:12:54,60,Blue Island/26th,,Sun
04:05:07,60,Blue Island/26th,,Mon,Tue,Wed,Thu,Fri
15:07:05,20,Madison,,Mon,Tue,Wed,Thu,Fri
20:42:13,20,Madison,,Sat
11:58:08,56,Milwaukee,,Sat
12:35:16,157,Streeterville/Taylor,,Mon,Tue,Wed,Thu,Fri
15:49:41,60,Blue Island/26th,,Mon,Tue,Wed,Thu,Fri
10:27:42,J14,Jeffery Jump,,Sun
13:59:12,124,Navy Pier,,Sun
16:29:12,124,Navy Pier,,Sun
09:37:42,J14,Jeffery Jump,,Mon,Tue,Wed,Thu,Fri
13:13:36,J14,Jeffery Jump,,Sun
02:04:12,60,Blue Island/26th,,Tue,Wed,Thu,Fri,Sat
07:40:00,J14,Jeffery Jump,,Mon,Tue,Wed,Thu,Fri
13:42:49,56,Milwaukee,,Sun
16:41:18,J14,Jeffery Jump,,Mon,Tue,Wed,Thu,Fri
17:56:15,20,Madison,,Sun
01:29:50,20,Madison,,Mon
17:02:12,56,Milwaukee,,Mon,Tue,Wed,Thu,Fri
13:11:44,124,Navy Pier,,Sun
14:30:04,157,Streeterville/Taylor,,Mon,Tue,Wed,Thu,Fri
18:42:15,20,Madison,,Sat
13:52:16,60,Blue Island/26th,,Sun
19:46:41,J14,Jeffery Jump,,Sat
16:25:25,20,Madison,,Mon,Tue,Wed,Thu,Fri
22:37:30,60,Blue Island/26th,,Mon,Tue,Wed,Thu,Fri
01:38:12,60,Blue Island/26th,,Sun
18:59:24,60,Blue Island/26th,,Sun
08:46:02,124,Navy Pier,,Sun
09:23:05,J14,Jeffery Jump,,Sat
11:47:16,J14,Jeffery Jump,,Sun
13:14:52,20,Madison,,Mon,Tue,Wed,Thu,Fri
05:50:27,20,Madison,,Sat
02:04:42,60,Blue Island/26th,,Mon
21:28:44,60,Blue Island/26th,,Mon,Tue,Wed,Thu,Fri
07:42:49,20,Madison,,Mon,Tue,Wed,Thu,Fri
06:06:28,J14,Jeffery Jump,,Mon,Tue,Wed,Thu,Fri
10:50:49,56,Milwaukee,,Sat
23:18:42,J14,Jeffery Jump,,Mon,Tue,Wed,Thu,Fri
17:22:00,60,Blue Island/26th,,Mon,Tue,Wed,Thu,Fri
04:46:45,20,Madison,,Mon,Tue,Wed,Thu,Fri
21:20:58,J14,Jeffery Jump,,Sun
18:05:28,124,Navy Pier,,Sat
13:11:21,124,Navy Pier,,Sat
21:02:13,20,Madison,,Sat
02:29:51,20,Madison,,Mon
23:28:27,20,Madison,,Mon,Tue,Wed,Thu,Fri
16:03:10,60,Blue Island/26th,,Sat
17:47:12,J14,Jeffery Jump,,Sat
20:59:54,J14,Jeffery Jump,,Mon,Tue,Wed,Thu,Fri
05:47:48,20,Madison,,Mon,Tue,Wed,Thu,Fri
19:16:41,J14,Jeffery Jump,,Sat
01:29:51,20,Madison,,Mon
10:12:50,60,Blue Island/26th,,Sun
15:28:51,124,Navy Pier,,Sat
12:13:42,J14,Jeffery Jump,,Mon,Tue,Wed,Thu,Fri
17:01:41,J14,Jeffery Jump,,Sun
07:17:24,60,Blue Island/26th,,Mon,Tue,Wed,Thu,Fri
18:17:23,124,Navy Pier,,Mon,Tue,Wed,Thu,Fri
16:47:18,J14,Jeffery Jump,,Sat
18:16:01,20,Madison,,Sat
10:13:38,56,Milwaukee,,Mon,Tue,Wed,Thu,Fri
10:12:05,J14,Jeffery Jump,,Sat
03:35:07,60,Blue Island/26th,,Tue,Wed,Thu,Fri,Sat
18:15:58,60,Blue Island/26th,,Mon,Tue,Wed,Thu,Fri
22:09:28,J14,Jeffery Jump,,Sun
09:40:20,60,Blue Island/26th,,Mon,Tue,Wed,Thu,Fri
10:08:13,20,Madison,,Sun
00:35:42,60,Blue Island/26th,,Mon
08:13:09,20,Madison,,Mon,Tue,Wed,Thu,Fri
20:35:45,124,Navy Pier,,Mon,Tue,Wed,Thu,Fri
21:29:54,J14,Jeffery Jump,,Mon,Tue,Wed,Thu,Fri
19:41:12,J14,Jeffery Jump,,Mon,Tue,Wed,Thu,Fri
07:47:11,56,Milwaukee,,Sat
11:27:19,20,Madison,,Mon,Tue,Wed,Thu,Fri
18:21:23,J14,Jeffery Jump,,Sun
09:31:16,124,Navy Pier,,Mon,Tue,Wed,Thu,Fri
21:25:13,124,Navy Pier,,Mon,Tue,Wed,Thu,Fri
19:36:41,J14,Jeffery Jump,,Sat
10:59:43,56,Milwaukee,,Sun
16:02:04,20,Madison,,Sat
24:14:50,20,Madison,,Sat
13:47:42,J14,Jeffery Jump,,Sat
09:08:58,J14,Jeffery Jump,,Sun
19:01:41,60,Blue Island/26th,,Mon,Tue,Wed,Thu,Fri
17:46:01,20,Madison,,Sat
03:59:51,20,Madison,,Sun
13:45:52,124,Navy Pier,,Sat
21:28:37,60,Blue Island/26th,,Mon,Tue,Wed,Thu,Fri
06:46:55,20,Madison,,Sun
12:50:58,157,Streeterville/Taylor,,Mon,Tue,Wed,Thu,Fri
19:25:18,60,Blue Island/26th,,Sat
17:56:20,60,Blue Island/26th,,Sun
09:34:28,124,Navy Pier,,Sun
11:26:54,60,Blue Island/26th,,Mon,Tue,Wed,Thu,Fri
14:37:42,J14,Jeffery Jump,,Sat
09:05:46,60,Blue Island/26th,,Sat
19:41:18,J14,Jeffery Jump,,Sun
13:15:03,56,Milwaukee,,Sat
19:56:15,20,Madison,,Sun
07:18:24,60,Blue Island/26th,,Sat
14:03:51,124,Navy Pier,,Sat
20:34:01,56,Milwaukee,,Sat
17:20:16,60,Blue Island/26th,,Sun
19:50:48,J14,Jeffery Jump,,Mon,Tue,Wed,Thu,Fri
18:23:56,60,Blue Island/26th,,Sun
19:26:13,20,Madison,,Sun
11:39:01,20,Madison,,Sat
14:42:16,60,Blue Island/26th,,Sun
12:53:04,20,Madison,,Sat
15:26:04,20,Madison,,Sat
03:08:16,60,Blue Island/26th,,Sun
08:56:38,60,Blue Island/26th,,Mon,Tue,Wed,Thu,Fri
18:43:46,60,Blue Island/26th,,Mon,Tue,Wed,Thu,Fri
04:04:42,60,Blue Island/26th,,Sun
16:31:59,J14,Jeffery Jump,,Sun
10:09:13,20,Madison,,Sat
04:32:16,60,Blue Island/26th,,Sun
04:39:04,60,Blue Island/26th,,Mon,Tue,Wed,Thu,Fri
21:16:15,20,Madison,,Mon,Tue,Wed,Thu,Fri
16:21:59,J14,Jeffery Jump,,Sun
22:49:05,J14,Jeffery Jump,,Mon,Tue,Wed,Thu,Fri
08:28:12,J14,Jeffery Jump,,Mon,Tue,Wed,Thu,Fri
11:42:56,60,Blue Island/26th,,Sun
08:55:12,J14,Jeffery Jump,,Sat
17:11:36,J14,Jeffery Jump,,Sun
07:12:51,20,Madison,,Mon,Tue,Wed,Thu,Fri
05:38:14,60,Blue Island/26th,,Mon,Tue,Wed,Thu,Fri
13:17:42,J14,Jeffery Jump,,Sat
17:25:22,20,Madison,,Mon,Tue,Wed,Thu,Fri
13:00:38,56,Milwaukee,,Sat
21:33:56,60,Blue Island/26th,,Sat
08:16:26,60,Blue Island/26th,,Sat
09:13:29,60,Blue Island/26th,,Sun
16:41:57,124,Navy Pier,,Mon,Tue,Wed,Thu,Fri
08:43:39,56,Milwaukee,,Mon,Tue,Wed,Thu,Fri
06:08:55,20,Madison,,Sun
19:53:21,56,Milwaukee,,Sat
09:37:36,J14,Jeffery Jump,,Mon,Tue,Wed,Thu,Fri
05:08:15,20,Madison,,Mon,Tue,Wed,Thu,Fri
06:27:57,20,Madison,,Sun
11:10:15,56,Milwaukee,,Sat
05:17:11,60,Blue Island/26th,,Mon,Tue,Wed,Thu,Fri
19:53:17,56,Milwaukee,,Sat
13:23:42,J14,Jeffery Jump,,Mon,Tue,Wed,Thu,Fri
21:43:50,60,Blue Island/26th,,Sat
12:35:01,20,Madison,,Sat
08:59:13,20,Madison,,Sat
14:22:22,60,Blue Island/26th,,Sun
19:57:24,60,Blue Island/26th,,Mon,Tue,Wed,Thu,Fri
21:52:29,56,Milwaukee,,Sat
19:01:18,J14,Jeffery Jump,,Sun
08:34:04,60,Blue Island/26th,,Mon,Tue,Wed,Thu,Fri
18:47:28,157,Streeterville/Taylor,,Mon,Tue,Wed,Thu,Fri
22:34:29,56,Milwaukee,,Sat
06:30:45,56,Milwaukee,,Mon,Tue,Wed,Thu,Fri
17:54:32,J14,Jeffery Jump,,Mon,Tue,Wed,Thu,Fri
03:35:50,20,Madison,,Mon,Tue,Wed,Thu,Fri
16:55:12,124,Navy Pier,,Sun
09:37:46,J14,Jeffery Jump,,Sun
01:29:50,20,Madison,,Tue,Wed,Thu,Fri,Sat
21:04:00,60,Blue Island/26th,,Sun
23:04:27,20,Madison,,Sun
12:00:52,124,Navy Pier,,Sat
17:01:36,J14,Jeffery Jump,,Sun
08:33:12,20,Madison,,Mon,Tue,Wed,Thu,Fri
11:36:54,60,Blue Island/26th,,Mon,Tue,Wed,Thu,Fri
07:06:49,56,Milwaukee,,Mon,Tue,Wed,Thu,Fri
07:02:00,56,Milwaukee,,Sat
14:56:54,60,Blue Island/26th,,Mon,Tue,Wed,Thu,Fri
08:58:09,20,Madison,,Mon,Tue,Wed,Thu,Fri
09:04:12,J14,Jeffery Jump,,Sat
00:44:51,20,Madison,,Tue,Wed,Thu,Fri,Sat
11:18:15,20,Madison,,Sun
17:36:25,20,Madison,,Mon,Tue,Wed,Thu,Fri
17:18:13,20,Madison,,Sun
15:48:38,56,Milwaukee,,Sat
06:09:25,20,Madison,,Sat
10:14:19,56,Milwaukee,,Sat
13:17:02,60,Blue Island/26th,,Mon,Tue,Wed,Thu,Fri
14:50:01,20,Madison,,Sat
05:58:40,60,Blue Island/26th,,Mon,Tue,Wed,Thu,Fri
22:37:16,J14,Jeffery Jump,,Sat
19:08:54,60,Blue Island/26th,,Sun
08:45:24,J14,Jeffery Jump,,Sat
08:58:54,J14,Jeffery Jump,,Sun
19:46:13,20,Madison,,Sun
22:57:59,60,Blue Island/26th,,Mon,Tue,Wed,Thu,Fri
09:42:50,157,Streeterville/Taylor,,Mon,Tue,Wed,Thu,Fri
15:07:08,20,Madison,,Mon,Tue,Wed,Thu,Fri
18:51:09,124,Navy Pier,,Mon,Tue,Wed,Thu,Fri
11:58:58,157,Streeterville/Taylor,,Mon,Tue,Wed,Thu,Fri
20:36:43,20,Madison,,Mon,Tue,Wed,Thu,Fri
21:06:00,J14,Jeffery Jump,,Sat
05:51:42,56,Milwaukee,,Sat
23:16:57,20,Madison,,Sat
22:39:04,60,Blue Island/26th,,Sun
12:53:22,124,Navy Pier,,Sat
13:07:49,56,Milwaukee,,Sun
13:26:54,60,Blue Island/26th,,Mon,Tue,Wed,Thu,Fri
14:23:47,56,Milwaukee,,Mon,Tue,Wed,Thu,Fri
16:11:04,20,Madison,,Sat
13:20:04,20,Madison,,Sat
15:25:30,J14,Jeffery Jump,,Mon,Tue,Wed,Thu,Fri
17:52:03,56,Milwaukee,,Sun
14:42:37,J14,Jeffery Jump,,Mon,Tue,Wed,Thu,Fri
21:33:50,60,Blue Island/26th,,Sat
21:04:20,60,Blue Island/26th,,Sat
18:29:46,157,Streeterville/Taylor,,Mon,Tue,Wed,Thu,Fri
08:26:23,60,Blue Island/26th,,Mon,Tue,Wed,Thu,Fri
14:14:04,20,Madison,,Sat
16:21:54,J14,Jeffery Jump,,Sun
08:46:20,60,Blue Island/26th,,Sat
16:04:37,J14,Jeffery Jump,,Mon,Tue,Wed,Thu,Fri
21:48:39,124,Navy Pier,,Sat
14:59:04,20,Madison,,Sat
15:53:01,20,Madison,,Sat
21:22:29,60,Blue Island/26th,,Sun
16:15:02,60,Blue Island/26th,,Mon,Tue,Wed,Thu,Fri
07:49:00,56,Milwaukee,,Mon,Tue,Wed,Thu,Fri
19:14:12,J14,Jeffery Jump,,Mon,Tue,Wed,Thu,Fri
12:17:12,J14,Jeffery Jump,,Sun
10:00:24,56,Milwaukee,,Mon,Tue,Wed,Thu,Fri
11:07:16,157,Streeterville/Taylor,,Mon,Tue,Wed,Thu,Fri
08:18:58,J14,Jeffery Jump,,Sun
09:18:58,J14,Jeffery Jump,,Sun
09:57:22,20,Madison,,Mon,Tue,Wed,Thu,Fri
14:48:44,124,Navy Pier,,Sun
15:27:48,J14,Jeffery Jump,,Sat
20:28:57,56,Milwaukee,,Sun
17:36:13,20,Madison,,Sun
23:21:29,60,Blue Island/26th,,Sun
13:06:52,20,Madison,,Mon,Tue,Wed,Thu,Fri
09:58:35,124,Navy Pier,,Sun
11:36:33,56,Milwaukee,,Sun
18:03:52,20,Madison,,Mon,Tue,Wed,Thu,Fri
15:13:07,124,Navy Pier,,Mon,Tue,Wed,Thu,Fri
12:54:11,J14,Jeffery Jump,,Sun
13:47:48,J14,Jeffery Jump,,Sat
08:46:25,124,Navy Pier,,Sat
09:57:42,J14,Jeffery Jump,,Sun
18:29:03,56,Milwaukee,,Sun
15:28:22,124,Navy Pier,,Sat
20:16:15,20,Madison,,Sun
13:03:58,60,Blue Island/26th,,Sat
14:57:42,J14,Jeffery Jump,,Sat
22:12:05,124,Navy Pier,,Sat
10:05:20,157,Streeterville/Taylor,,Mon,Tue,Wed,Thu,Fri
10:49:04,20,Madison,,Sat
10:03:57,56,Milwaukee,,Sun
19:51:33,56,Milwaukee,,Mon,Tue,Wed,Thu,Fri
12:36:49,20,Madison,,Mon,Tue,Wed,Thu,Fri
11:59:06,124,Navy Pier,,Sun
09:08:19,J14,Jeffery Jump,,Mon,Tue,Wed,Thu,Fri
07:42:46,20,Madison,,Mon,Tue,Wed,Thu,Fri
09:23:00,J14,Jeffery Jump,,Sat
15:25:05,20,Madison,,Mon,Tue,Wed,Thu,Fri
22:16:56,60,Blue Island/26th,,Mon,Tue,Wed,Thu,Fri
18:55:06,J14,Jeffery Jump,,Mon,Tue,Wed,Thu,Fri
19:26:15,20,Madison,,Sun
11:37:22,20,Madison,,Mon,Tue,Wed,Thu,Fri
17:29:29,124,Navy Pier,,Sat
11:29:01,20,Madison,,Sat
20:30:18,J14,Jeffery Jump,,Mon,Tue,Wed,Thu,Fri
07:49:05,56,Milwaukee,,Mon,Tue,Wed,Thu,Fri
18:46:54,J14,Jeffery Jump,,Sat
21:28:43,56,Milwaukee,,Mon,Tue,Wed,Thu,Fri
13:18:15,20,Madison,,Sun
20:26:15,20,Madison,,Sun
12:18:15,20,Madison,,Sun
07:45:34,60,Blue Island/26th,,Sun
20:13:28,60,Blue Island/26th,,Mon,Tue,Wed,Thu,Fri
06:39:55,56,Milwaukee,,Sun
03:34:37,60,Blue Island/26th,,Mon
08:41:23,60,Blue Island/26th,,Mon,Tue,Wed,Thu,Fri
15:57:12,J14,Jeffery Jump,,Sat
11:29:04,20,Madison,,Sat
20:02:13,20,Madison,,Sat
16:07:12,J14,Jeffery Jump,,Sat
12:07:02,60,Blue Island/26th,,Mon,Tue,Wed,Thu,Fri
12:44:53,J14,Jeffery Jump,,Sun
10:22:56,60,Blue Island/26th,,Sun
07:22:28,J14,Jeffery Jump,,Sat
13:30:52,20,Madison,,Mon,Tue,Wed,Thu,Fri
21:03:05,124,Navy Pier,,Sat
16:11:29,56,Milwaukee,,Sun
16:28:15,20,Madison,,Sun
16:23:37,J14,Jeffery Jump,,Mon,Tue,Wed,Thu,Fri
18:16:04,20,Madison,,Sat
04:34:12,60,Blue Island/26th,,Sat
20:24:32,124,Navy Pier,,Sun
12:02:50,60,Blue Island/26th,,Sun
13:37:48,J14,Jeffery Jump,,Sat
21:39:59,J14,Jeffery Jump,,Mon,Tue,Wed,Thu,Fri
19:06:36,J14,Jeffery Jump,,Sat
17:42:33,60,Blue Island/26th,,Sat
01:34:42,60,Blue Island/26th,,Tue,Wed,Thu,Fri,Sat
08:54:17,56,Milwaukee,,Sat
09:52:00,J14,Jeffery Jump,,Sat
19:38:50,60,Blue Island/26th,,Mon,Tue,Wed,Thu,Fri
16:42:15,56,Milwaukee,,Sun
05:42:08,60,Blue Island/26th,,Sat
05:46:45,56,Milwaukee,,Mon,Tue,Wed,Thu,Fri
21:48:43,56,Milwaukee,,Mon,Tue,Wed,Thu,Fri
09:39:15,20,Madison,,Sat
07:44:06,60,Blue Island/26th,,Mon,Tue,Wed,Thu,Fri
19:02:13,20,Madison,,Sat
00:44:50,20,Madison,,Sun
16:33:12,56,Milwaukee,,Mon,Tue,Wed,Thu,Fri
23:45:59,60,Blue Island/26th,,Sun
14:50:19,56,Milwaukee,,Sun
20:05:58,157,Streeterville/Taylor,,Mon,Tue,Wed,Thu,Fri
22:49:25,20,Madison,,Sat
15:42:59,20,Madison,,Mon,Tue,Wed,Thu,Fri
22:16:50,60,Blue Island/26th,,Mon,Tue,Wed,Thu,Fri
08:04:13,20,Madison,,Sat
21:54:24,J14,Jeffery Jump,,Sun
21:30:54,J14,Jeffery Jump,,Sun
07:45:55,56,Milwaukee,,Sun
16:29:37,J14,Jeffery Jump,,Mon,Tue,Wed,Thu,Fri
10:07:42,J14,Jeffery Jump,,Sun
11:15:01,J14,Jeffery Jump,,Mon,Tue,Wed,Thu,Fri
10:45:11,60,Blue Island/26th,,Sat
05:21:33,60,Blue Island/26th,,Sat
10:25:18,60,Blue Island/26th,,Sat
19:06:15,20,Madison,,Sun
19:42:13,20,Madison,,Sat
21:26:05,J14,Jeffery Jump,,Sat
10:18:15,20,Madison,,Sun
10:55:18,60,Blue Island/26th,,Sat
14:23:49,J14,Jeffery Jump,,Mon,Tue,Wed,Thu,Fri
19:56:41,J14,Jeffery Jump,,Sat
18:29:20,157,Streeterville/Taylor,,Mon,Tue,Wed,Thu,Fri
17:09:18,J14,Jeffery Jump,,Mon,Tue,Wed,Thu,Fri
17:34:27,J14,Jeffery Jump,,Mon,Tue,Wed,Thu,Fri
09:31:20,157,Streeterville/Taylor,,Mon,Tue,Wed,Thu,Fri
16:37:22,124,Navy Pier,,Sat
12:48:05,56,Milwaukee,,Mon,Tue,Wed,Thu,Fri
21:56:16,60,Blue Island/26th,,Mon,Tue,Wed,Thu,Fri
20:34:05,56,Milwaukee,,Sat
16:02:51,124,Navy Pier,,Sat
11:39:56,56,Milwaukee,,Mon,Tue,Wed,Thu,Fri
10:46:36,J14,Jeffery Jump,,Mon,Tue,Wed,Thu,Fri
14:08:15,20,Madison,,Sun
24:11:33,60,Blue Island/26th,,Sun
00:44:51,20,Madison,,Sun
16:22:40,60,Blue Island/26th,,Sat
17:46:13,20,Madison,,Sun
18:36:15,20,Madison,,Sun
09:47:18,J14,Jeffery Jump,,Mon,Tue,Wed,Thu,Fri
02:29:51,20,Madison,,Sun
06:40:07,60,Blue Island/26th,,Sun
14:08:13,20,Madison,,Sun
18:59:30,60,Blue Island/26th,,Sun
20:39:39,124,Navy Pier,,Sat
11:49:04,20,Madison,,Sat
14:57:02,60,Blue Island/26th,,Mon,Tue,Wed,Thu,Fri
22:13:29,56,Milwaukee,,Sat
19:56:13,20,Madison,,Sun
11:59:01,20,Madison,,Sat
13:54:52,20,Madison,,Mon,Tue,Wed,Thu,Fri
13:06:54,60,Blue Island/26th,,Mon,Tue,Wed,Thu,Fri
15:48:25,20,Madison,,Mon,Tue,Wed,Thu,Fri
16:49:00,60,Blue Island/26th,,Mon,Tue,Wed,Thu,Fri
17:43:08,56,Milwaukee,,Sat
11:07:12,J14,Jeffery Jump,,Sun
22:49:27,20,Madison,,Sat
11:42:03,56,Milwaukee,,Sat
10:27:43,124,Navy Pier,,Sat
01:29:51,20,Madison,,Sun
15:58:25,20,Madison,,Mon,Tue,Wed,Thu,Fri
09:47:35,56,Milwaukee,,Mon,Tue,Wed,Thu,Fri
22:34:23,J14,Jeffery Jump,,Mon,Tue,Wed,Thu,Fri
16:38:13,20,Madison,,Sun
11:35:28,124,Navy Pier,,Sun
20:45:20,60,Blue Island/26th,,Sat
15:41:30,J14,Jeffery Jump,,Mon,Tue,Wed,Thu,Fri
12:06:52,20,Madison,,Mon,Tue,Wed,Thu,Fri
15:03:33,60,Blue Island/26th,,Sat
08:28:12,20,Madison,,Mon,Tue,Wed,Thu,Fri
05:48:40,60,Blue Island/26th,,Mon,Tue,Wed,Thu,Fri
21:37:27,56,Milwaukee,,Sun
20:08:30,60,Blue Island/26th,,Sun
13:47:02,60,Blue Island/26th,,Mon,Tue,Wed,Thu,Fri
21:49:25,20,Madison,,Sat
08:54:38,56,Milwaukee,,Mon,Tue,Wed,Thu,Fri
12:44:10,60,Blue Island/26th,,Sat
14:28:13,20,Madison,,Sun
19:39:00,60,Blue Island/26th,,Sun
21:40:29,60,Blue Island/26th,,Sun
15:43:40,60,Blue Island/26th,,Sat
11:34:44,60,Blue Island/26th,,Sat
17:23:42,56,Milwaukee,,Mon,Tue,Wed,Thu,Fri
19:31:18,J14,Jeffery Jump,,Sun
20:06:36,J14,Jeffery Jump,,Sat
13:12:56,60,Blue Island/26th,,Sun
09:42:05,J14,Jeffery Jump,,Sat
09:15:42,20,Madison,,Mon,Tue,Wed,Thu,Fri
08:18:09,20,Madison,,Mon,Tue,Wed,Thu,Fri
19:32:06,J14,Jeffery Jump,,Mon,Tue,Wed,Thu,Fri
13:35:44,124,Navy Pier,,Sun
17:30:16,60,Blue Island/26th,,Sun
03:29:50,20,Madison,,Mon
19:03:35,20,Madison,,Mon,Tue,Wed,Thu,Fri
21:49:27,20,Madison,,Sat
05:27:27,20,Madison,,Mon,Tue,Wed,Thu,Fri
10:48:15,20,Madison,,Sun
08:01:05,56,Milwaukee,,Mon,Tue,Wed,Thu,Fri
15:07:02,60,Blue Island/26th,,Mon,Tue,Wed,Thu,Fri
13:02:01,20,Madison,,Sat
21:04:26,60,Blue Island/26th,,Sat
19:56:51,124,Navy Pier,,Sat
18:34:32,60,Blue Island/26th,,Mon,Tue,Wed,Thu,Fri
14:36:52,124,Navy Pier,,Sat
18:47:33,56,Milwaukee,,Sun
02:29:50,20,Madison,,Mon
13:06:49,20,Madison,,Mon,Tue,Wed,Thu,Fri
19:20:24,60,Blue Island/26th,,Mon,Tue,Wed,Thu,Fri
07:27:20,60,Blue Island/26th,,Mon,Tue,Wed,Thu,Fri
08:58:13,20,Madison,,Sun
20:26:43,20,Madison,,Mon,Tue,Wed,Thu,Fri
11:59:36,124,Navy Pier,,Sun
06:58:25,20,Madison,,Sat
14:30:33,56,Milwaukee,,Sat
14:58:13,20,Madison,,Sun
11:59:04,20,Madison,,Sat
21:28:47,56,Milwaukee,,Mon,Tue,Wed,Thu,Fri
10:23:17,56,Milwaukee,,Sun
16:50:25,20,Madison,,Mon,Tue,Wed,Thu,Fri
18:56:15,20,Madison,,Sun
12:14:19,56,Milwaukee,,Sun
18:01:16,124,Navy Pier,,Mon,Tue,Wed,Thu,Fri
08:21:51,56,Milwaukee,,Mon,Tue,Wed,Thu,Fri
09:39:13,20,Madison,,Sat
18:16:13,20,Madison,,Sun
11:56:52,20,Madison,,Mon,Tue,Wed,Thu,Fri
23:46:04,60,Blue Island/26th,,Sun
08:28:19,J14,Jeffery Jump,,Mon,Tue,Wed,Thu,Fri
08:36:26,60,Blue Island/26th,,Sat
13:33:41,J14,Jeffery Jump,,Sun
17:17:22,157,Streeterville/Taylor,,Mon,Tue,Wed,Thu,Fri
09:13:00,J14,Jeffery Jump,,Sat
16:35:25,20,Madison,,Mon,Tue,Wed,Thu,Fri
17:58:04,60,Blue Island/26th,,Mon,Tue,Wed,Thu,Fri
23:19:34,60,Blue Island/26th,,Sat
18:28:42,J14,Jeffery Jump,,Mon,Tue,Wed,Thu,Fri
18:33:26,60,Blue Island/26th,,Sun
15:31:34,157,Streeterville/Taylor,,Mon,Tue,Wed,Thu,Fri
09:08:13,20,Madison,,Sun
15:15:33,56,Milwaukee,,Sat
20:36:45,20,Madison,,Mon,Tue,Wed,Thu,Fri
21:36:05,J14,Jeffery Jump,,Sat
20:59:59,J14,Jeffery Jump,,Mon,Tue,Wed,Thu,Fri
09:58:13,20,Madison,,Sun
06:25:35,J14,Jeffery Jump,,Mon,Tue,Wed,Thu,Fri
08:41:34,60,Blue Island/26th,,Mon,Tue,Wed,Thu,Fri
06:37:54,60,Blue Island/26th,,Mon,Tue,Wed,Thu,Fri
12:53:58,60,Blue Island/26th,,Sat
12:18:22,124,Navy Pier,,Sat
14:33:08,20,Madison,,Mon,Tue,Wed,Thu,Fri
10:57:16,J14,Jeffery Jump,,Sun
07:45:54,60,Blue Island/26th,,Sat
14:22:26,124,Navy Pier,,Mon,Tue,Wed,Thu,Fri
18:57:44,60,Blue Island/26th,,Sat
06:03:19,56,Milwaukee,,Mon,Tue,Wed,Thu,Fri
10:47:22,20,Madison,,Mon,Tue,Wed,Thu,Fri
08:52:43,20,Madison,,Sat
14:32:04,20,Madison,,Sat
18:41:23,J14,Jeffery Jump,,Sun
20:12:15,20,Madison,,Sat
10:17:42,J14,Jeffery Jump,,Sun
07:10:06,J14,Jeffery Jump,,Mon,Tue,Wed,Thu,Fri
17:22:40,60,Blue Island/26th,,Sat
16:02:01,20,Madison,,Sat
07:08:16,157,Streeterville/Taylor,,Mon,Tue,Wed,Thu,Fri
11:21:05,56,Milwaukee,,Mon,Tue,Wed,Thu,Fri
01:05:42,60,Blue Island/26th,,Tue,Wed,Thu,Fri,Sat
05:01:08,60,Blue Island/26th,,Sat
13:27:33,124,Navy Pier,,Mon,Tue,Wed,Thu,Fri
20:36:13,124,Navy Pier,,Mon,Tue,Wed,Thu,Fri
09:45:13,56,Milwaukee,,Sun
24:28:51,20,Madison,,Mon,Tue,Wed,Thu,Fri
08:38:58,J14,Jeffery Jump,,Sun
09:22:02,60,Blue Island/26th,,Mon,Tue,Wed,Thu,Fri
15:27:42,J14,Jeffery Jump,,Sat
15:16:02,60,Blue Island/26th,,Mon,Tue,Wed,Thu,Fri
08:28:58,J14,Jeffery Jump,,Sun
09:35:46,60,Blue Island/26th,,Sat
12:18:51,124,Navy Pier,,Sat
21:44:28,124,Navy Pier,,Sun
20:07:02,60,Blue Island/26th,,Mon,Tue,Wed,Thu,Fri
20:06:45,20,Madison,,Mon,Tue,Wed,Thu,Fri
10:32:50,60,Blue Island/26th,,Sun
13:56:54,60,Blue Island/26th,,Mon,Tue,Wed,Thu,Fri
21:16:15,20,Madison,,Sun
18:48:37,60,Blue Island/26th,,Sat
20:45:58,157,Streeterville/Taylor,,Mon,Tue,Wed,Thu,Fri
13:24:06,60,Blue Island/26th,,Sat
23:58:50,20,Madison,,Mon,Tue,Wed,Thu,Fri
17:37:12,J14,Jeffery Jump,,Sat
21:48:05,J14,Jeffery Jump,,Sat
18:54:51,56,Milwaukee,,Sat
12:18:13,20,Madison,,Sun
21:06:13,20,Madison,,Sun
14:51:21,56,Milwaukee,,Mon,Tue,Wed,Thu,Fri
08:58:16,157,Streeterville/Taylor,,Mon,Tue,Wed,Thu,Fri
17:29:58,124,Navy Pier,,Sat
18:14:33,56,Milwaukee,,Mon,Tue,Wed,Thu,Fri
14:50:30,J14,Jeffery Jump,,Mon,Tue,Wed,Thu,Fri
16:11:01,20,Madison,,Sat
11:38:29,124,Navy Pier,,Mon,Tue,Wed,Thu,Fri
09:25:52,60,Blue Island/26th,,Sat
13:28:15,20,Madison,,Sun
24:29:50,20,Madison,,Sun
22:26:11,56,Milwaukee,,Sun
16:03:12,124,Navy Pier,,Sun
10:28:13,20,Madison,,Sun
23:04:25,20,Madison,,Sat
24:29:51,20,Madison,,Sat
11:03:35,56,Milwaukee,,Mon,Tue,Wed,Thu,Fri
20:02:15,20,Madison,,Sat
18:06:20,60,Blue Island/26th,,Sun
11:23:58,157,Streeterville/Taylor,,Mon,Tue,Wed,Thu,Fri
22:21:20,60,Blue Island/26th,,Sat
12:38:12,J14,Jeffery Jump,,Sat
05:25:51,20,Madison,,Mon,Tue,Wed,Thu,Fri
22:19:59,J14,Jeffery Jump,,Mon,Tue,Wed,Thu,Fri
20:50:44,60,Blue Island/26th,,Mon,Tue,Wed,Thu,Fri
07:01:55,56,Milwaukee,,Sun
11:17:43,56,Milwaukee,,Sun
10:58:15,20,Madison,,Sun
20:27:00,60,Blue Island/26th,,Sun
14:17:19,56,Milwaukee,,Sun
11:56:49,20,Madison,,Mon,Tue,Wed,Thu,Fri
19:34:49,56,Milwaukee,,Mon,Tue,Wed,Thu,Fri
12:52:50,60,Blue Island/26th,,Sun
13:23:41,J14,Jeffery Jump,,Sun
18:27:18,J14,Jeffery Jump,,Sat
14:33:05,20,Madison,,Mon,Tue,Wed,Thu,Fri
07:47:49,20,Madison,,Mon,Tue,Wed,Thu,Fri
12:13:49,J14,Jeffery Jump,,Mon,Tue,Wed,Thu,Fri
18:40:59,124,Navy Pier,,Sat
19:06:44,60,Blue Island/26th,,Sat
14:27:02,60,Blue Island/26th,,Mon,Tue,Wed,Thu,Fri
22:37:24,60,Blue Island/26th,,Mon,Tue,Wed,Thu,Fri
15:47:12,J14,Jeffery Jump,,Sat
13:53:42,J14,Jeffery Jump,,Mon,Tue,Wed,Thu,Fri
08:06:20,60,Blue Island/26th,,Sat
12:58:13,20,Madison,,Sun
20:45:26,60,Blue Island/26th,,Sat
10:02:05,J14,Jeffery Jump,,Sat
21:58:27,20,Madison,,Mon,Tue,Wed,Thu,Fri
17:47:44,124,Navy Pier,,Sun
17:27:47,124,Navy Pier,,Mon,Tue,Wed,Thu,Fri
20:08:49,56,Milwaukee,,Mon,Tue,Wed,Thu,Fri
15:07:34,157,Streeterville/Taylor,,Mon,Tue,Wed,Thu,Fri
15:07:58,157,Streeterville/Taylor,,Mon,Tue,Wed,Thu,Fri
16:02:51,56,Milwaukee,,Mon,Tue,Wed,Thu,Fri
13:05:35,56,Milwaukee,,Mon,Tue,Wed,Thu,Fri
19:31:23,J14,Jeffery Jump,,Sun
22:29:28,J14,Jeffery Jump,,Sun
07:40:31,56,Milwaukee,,Mon,Tue,Wed,Thu,Fri
11:24:44,60,Blue Island/26th,,Sat
09:12:12,60,Blue Island/26th,,Mon,Tue,Wed,Thu,Fri
14:17:02,60,Blue Island/26th,,Mon,Tue,Wed,Thu,Fri
07:04:25,20,Madison,,Sun
08:32:13,56,Milwaukee,,Sat
05:00:55,56,Milwaukee,,Sat
21:13:00,60,Blue Island/26th,,Sun
15:41:59,J14,Jeffery Jump,,Sun
15:13:44,124,Navy Pier,,Sun
17:21:41,J14,Jeffery Jump,,Sun
12:28:13,20,Madison,,Sun
05:20:18,J14,Jeffery Jump,,Mon,Tue,Wed,Thu,Fri
09:26:17,56,Milwaukee,,Sun
00:44:50,20,Madison,,Tue,Wed,Thu,Fri,Sat
17:17:18,J14,Jeffery Jump,,Sat
20:20:12,J14,Jeffery Jump,,Mon,Tue,Wed,Thu,Fri
12:35:48,J14,Jeffery Jump,,Sun
24:29:51,20,Madison,,Sun
16:42:12,56,Milwaukee,,Mon,Tue,Wed,Thu,Fri
16:07:02,60,Blue Island/26th,,Mon,Tue,Wed,Thu,Fri
05:37:51,20,Madison,,Mon,Tue,Wed,Thu,Fri
07:46:21,20,Madison,,Sat
16:50:22,60,Blue Island/26th,,Sun
07:30:31,56,Milwaukee,,Mon,Tue,Wed,Thu,Fri
10:20:16,157,Streeterville/Taylor,,Mon,Tue,Wed,Thu,Fri
21:00:43,124,Navy Pier,,Mon,Tue,Wed,Thu,Fri
12:17:04,20,Madison,,Sat
15:11:22,124,Navy Pier,,Sat
16:27:18,J14,Jeffery Jump,,Sat
07:07:54,60,Blue Island/26th,,Mon,Tue,Wed,Thu,Fri
13:03:42,J14,Jeffery Jump,,Mon,Tue,Wed,Thu,Fri
07:04:27,20,Madison,,Sun
22:19:25,20,Madison,,Sun
05:27:57,20,Madison,,Sun
12:50:34,157,Streeterville/Taylor,,Mon,Tue,Wed,Thu,Fri
12:37:02,60,Blue Island/26th,,Mon,Tue,Wed,Thu,Fri
15:26:01,20,Madison,,Sat
16:37:51,124,Navy Pier,,Sat
19:18:54,60,Blue Island/26th,,Sun
06:17:42,60,Blue Island/26th,,Sun
09:29:15,20,Madison,,Sat
08:48:38,56,Milwaukee,,Mon,Tue,Wed,Thu,Fri
18:06:01,20,Madison,,Sat
10:08:15,20,Madison,,Sun
19:22:55,20,Madison,,Mon,Tue,Wed,Thu,Fri
08:01:01,56,Milwaukee,,Mon,Tue,Wed,Thu,Fri
10:07:22,20,Madison,,Mon,Tue,Wed,Thu,Fri
06:15:28,56,Milwaukee,,Sun
12:28:12,J14,Jeffery Jump,,Sat
17:10:16,60,Blue Island/26th,,Sun
16:57:12,J14,Jeffery Jump,,Sat
12:32:45,56,Milwaukee,,Sun
02:08:07,60,Blue Island/26th,,Sun
09:39:10,20,Madison,,Mon,Tue,Wed,Thu,Fri
21:49:05,124,Navy Pier,,Sat
09:08:12,20,Madison,,Mon,Tue,Wed,Thu,Fri
19:29:00,60,Blue Island/26th,,Sun
14:19:19,20,Madison,,Mon,Tue,Wed,Thu,Fri
08:43:12,20,Madison,,Mon,Tue,Wed,Thu,Fri
17:52:33,60,Blue Island/26th,,Sat
19:21:23,J14,Jeffery Jump,,Sun
05:03:12,60,Blue Island/26th,,Sun
18:49:54,60,Blue Island/26th,,Sun
10:51:48,J14,Jeffery Jump,,Sat
16:41:36,J14,Jeffery Jump,,Sun
19:38:07,20,Madison,,Mon,Tue,Wed,Thu,Fri
03:29:50,20,Madison,,Sun
08:58:15,20,Madison,,Sun
14:32:01,20,Madison,,Sat
12:32:49,56,Milwaukee,,Sun
11:42:08,56,Milwaukee,,Sat
09:23:12,20,Madison,,Mon,Tue,Wed,Thu,Fri
08:08:19,J14,Jeffery Jump,,Mon,Tue,Wed,Thu,Fri
13:43:58,60,Blue Island/26th,,Sat
20:51:30,56,Milwaukee,,Sun
09:32:00,J14,Jeffery Jump,,Sat
09:18:54,J14,Jeffery Jump,,Sun
17:56:55,157,Streeterville/Taylor,,Mon,Tue,Wed,Thu,Fri
12:58:15,20,Madison,,Sun
11:34:37,60,Blue Island/26th,,Sat
13:57:48,J14,Jeffery Jump,,Sat
18:17:18,J14,Jeffery Jump,,Sat
16:23:38,60,Blue Island/26th,,Mon,Tue,Wed,Thu,Fri
13:08:18,J14,Jeffery Jump,,Sat
18:00:51,56,Milwaukee,,Mon,Tue,Wed,Thu,Fri
17:00:16,60,Blue Island/26th,,Sun
21:17:32,124,Navy Pier,,Sun
14:34:15,56,Milwaukee,,Sun
18:15:51,56,Milwaukee,,Sat
13:30:49,20,Madison,,Mon,Tue,Wed,Thu,Fri
15:57:18,J14,Jeffery Jump,,Sat
12:34:03,60,Blue Island/26th,,Sat
12:28:15,20,Madison,,Sun
22:57:54,60,Blue Island/26th,,Sat
19:25:00,56,Milwaukee,,Sun
13:20:01,20,Madison,,Sat
19:27:59,124,Navy Pier,,Mon,Tue,Wed,Thu,Fri
07:25:11,56,Milwaukee,,Sat
18:51:45,124,Navy Pier,,Mon,Tue,Wed,Thu,Fri
08:32:17,56,Milwaukee,,Sat
09:27:54,J14,Jeffery Jump,,Mon,Tue,Wed,Thu,Fri
08:57:50,157,Streeterville/Taylor,,Mon,Tue,Wed,Thu,Fri
04:49:17,20,Madison,,Mon,Tue,Wed,Thu,Fri
09:47:42,J14,Jeffery Jump,,Sun
10:02:39,124,Navy Pier,,Sat
10:42:05,J14,Jeffery Jump,,Sat
10:06:48,J14,Jeffery Jump,,Mon,Tue,Wed,Thu,Fri
06:17:45,56,Milwaukee,,Mon,Tue,Wed,Thu,Fri
07:30:02,20,Madison,,Mon,Tue,Wed,Thu,Fri
12:30:56,56,Milwaukee,,Mon,Tue,Wed,Thu,Fri
18:30:44,60,Blue Island/26th,,Sat
17:08:15,20,Madison,,Sun
15:51:26,60,Blue Island/26th,,Sun
12:38:15,20,Madison,,Sun
14:17:42,J14,Jeffery Jump,,Sat
19:59:00,60,Blue Island/26th,,Sun
21:19:59,J14,Jeffery Jump,,Mon,Tue,Wed,Thu,Fri
14:50:15,56,Milwaukee,,Sun
14:28:15,20,Madison,,Sun
05:57:51,20,Madison,,Mon,Tue,Wed,Thu,Fri
10:02:50,60,Blue Island/26th,,Sun
07:57:42,60,Blue Island/26th,,Mon,Tue,Wed,Thu,Fri
10:47:21,124,Navy Pier,,Sun
06:27:51,20,Madison,,Mon,Tue,Wed,Thu,Fri
15:35:04,20,Madison,,Sat
03:04:37,60,Blue Island/26th,,Mon
17:56:13,20,Madison,,Sun
05:21:38,60,Blue Island/26th,,Sat
06:43:25,20,Madison,,Sat
21:41:54,J14,Jeffery Jump,,Sun
20:55:00,60,Blue Island/26th,,Sun
09:28:58,J14,Jeffery Jump,,Sun
04:04:46,60,Blue Island/26th,,Sun
14:37:02,60,Blue Island/26th,,Mon,Tue,Wed,Thu,Fri
07:01:38,60,Blue Island/26th,,Sun
09:08:54,J14,Jeffery Jump,,Sun
20:51:02,124,Navy Pier,,Sun
08:46:16,157,Streeterville/Taylor,,Mon,Tue,Wed,Thu,Fri
10:32:05,J14,Jeffery Jump,,Sat
06:46:57,20,Madison,,Sun
09:15:46,60,Blue Island/26th,,Sat
10:42:56,60,Blue Island/26th,,Sun
17:07:18,J14,Jeffery Jump,,Sat
17:30:55,20,Madison,,Mon,Tue,Wed,Thu,Fri
17:05:39,124,Navy Pier,,Mon,Tue,Wed,Thu,Fri
15:37:18,J14,Jeffery Jump,,Sat
05:51:39,56,Milwaukee,,Sat
18:06:13,20,Madison,,Sun
13:42:45,56,Milwaukee,,Sun
18:51:23,J14,Jeffery Jump,,Sun
15:43:58,157,Streeterville/Taylor,,Mon,Tue,Wed,Thu,Fri
13:43:38,56,Milwaukee,,Sat
17:22:33,60,Blue Island/26th,,Sat
15:09:30,J14,Jeffery Jump,,Mon,Tue,Wed,Thu,Fri
12:48:12,J14,Jeffery Jump,,Sat
23:17:38,60,Blue Island/26th,,Mon,Tue,Wed,Thu,Fri
15:13:08,20,Madison,,Mon,Tue,Wed,Thu,Fri
18:16:15,20,Madison,,Sun
18:01:36,J14,Jeffery Jump,,Sun
20:41:05,J14,Jeffery Jump,,Sun
07:00:00,J14,Jeffery Jump,,Mon,Tue,Wed,Thu,Fri
11:08:15,20,Madison,,Sun
09:18:12,J14,Jeffery Jump,,Mon,Tue,Wed,Thu,Fri
22:19:25,20,Madison,,Sat
17:46:50,J14,Jeffery Jump,,Mon,Tue,Wed,Thu,Fri
10:49:01,20,Madison,,Sat
09:03:34,60,Blue Island/26th,,Sun
12:56:52,20,Madison,,Mon,Tue,Wed,Thu,Fri
20:36:24,60,Blue Island/26th,,Sun
17:07:12,J14,Jeffery Jump,,Sat
11:38:13,20,Madison,,Sun
01:03:50,20,Madison,,Tue,Wed,Thu,Fri,Sat
04:04:12,60,Blue Island/26th,,Sat
07:42:28,J14,Jeffery Jump,,Sun
14:19:51,124,Navy Pier,,Sat
21:20:49,20,Madison,,Sat
15:58:13,20,Madison,,Sun
22:19:54,J14,Jeffery Jump,,Mon,Tue,Wed,Thu,Fri
10:38:15,20,Madison,,Sun
05:46:49,56,Milwaukee,,Mon,Tue,Wed,Thu,Fri
17:10:25,20,Madison,,Mon,Tue,Wed,Thu,Fri
23:04:25,20,Madison,,Sun
09:42:00,J14,Jeffery Jump,,Sat
20:31:05,J14,Jeffery Jump,,Sun
22:04:59,J14,Jeffery Jump,,Mon,Tue,Wed,Thu,Fri
17:56:22,20,Madison,,Mon,Tue,Wed,Thu,Fri
21:56:22,60,Blue Island/26th,,Mon,Tue,Wed,Thu,Fri
10:19:13,20,Madison,,Sat
05:51:55,56,Milwaukee,,Sun
09:23:09,20,Madison,,Mon,Tue,Wed,Thu,Fri
12:52:56,60,Blue Island/26th,,Sun
15:06:15,56,Milwaukee,,Sun
07:01:33,60,Blue Island/26th,,Sun
11:08:13,20,Madison,,Sun
16:37:10,56,Milwaukee,,Sat
16:42:39,124,Navy Pier,,Mon,Tue,Wed,Thu,Fri
15:53:22,20,Madison,,Mon,Tue,Wed,Thu,Fri
07:47:14,56,Milwaukee,,Sat
17:39:30,J14,Jeffery Jump,,Mon,Tue,Wed,Thu,Fri
11:40:54,J14,Jeffery Jump,,Sat
16:19:36,124,Navy Pier,,Mon,Tue,Wed,Thu,Fri
10:05:48,60,Blue Island/26th,,Sat
01:29:50,20,Madison,,Sun
13:28:13,20,Madison,,Sun
19:01:50,60,Blue Island/26th,,Mon,Tue,Wed,Thu,Fri
13:53:40,56,Milwaukee,,Mon,Tue,Wed,Thu,Fri
15:51:54,J14,Jeffery Jump,,Sun
16:32:04,60,Blue Island/26th,,Mon,Tue,Wed,Thu,Fri
21:09:18,60,Blue Island/26th,,Mon,Tue,Wed,Thu,Fri
08:46:50,124,Navy Pier,,Sat
18:37:18,J14,Jeffery Jump,,Sat
09:13:02,60,Blue Island/26th,,Mon,Tue,Wed,Thu,Fri
10:27:22,20,Madison,,Mon,Tue,Wed,Thu,Fri
20:49:29,56,Milwaukee,,Sat
16:10:16,60,Blue Island/26th,,Sun
18:06:04,20,Madison,,Sat
19:34:45,56,Milwaukee,,Mon,Tue,Wed,Thu,Fri
18:39:21,124,Navy Pier,,Sun
10:12:56,60,Blue Island/26th,,Sun
13:16:54,60,Blue Island/26th,,Mon,Tue,Wed,Thu,Fri
08:20:45,20,Madison,,Sun
07:51:02,60,Blue Island/26th,,Mon,Tue,Wed,Thu,Fri
11:21:53,J14,Jeffery Jump,,Sat
10:05:41,60,Blue Island/26th,,Sat
07:58:09,20,Madison,,Mon,Tue,Wed,Thu,Fri
16:17:18,J14,Jeffery Jump,,Sat
19:45:58,157,Streeterville/Taylor,,Mon,Tue,Wed,Thu,Fri
20:50:42,J14,Jeffery Jump,,Sun
16:10:22,60,Blue Island/26th,,Sun
15:00:37,J14,Jeffery Jump,,Mon,Tue,Wed,Thu,Fri
17:27:15,20,Madison,,Sun
08:56:53,60,Blue Island/26th,,Mon,Tue,Wed,Thu,Fri
22:20:12,J14,Jeffery Jump,,Sat
08:19:50,157,Streeterville/Taylor,,Mon,Tue,Wed,Thu,Fri
17:57:18,J14,Jeffery Jump,,Sat
13:10:52,124,Navy Pier,,Sat
09:01:08,56,Milwaukee,,Mon,Tue,Wed,Thu,Fri
16:40:16,60,Blue Island/26th,,Sun
23:44:27,20,Madison,,Sun
21:41:58,J14,Jeffery Jump,,Sun
24:28:50,20,Madison,,Mon,Tue,Wed,Thu,Fri
15:17:42,J14,Jeffery Jump,,Sat
20:32:10,60,Blue Island/26th,,Mon,Tue,Wed,Thu,Fri
11:10:52,124,Navy Pier,,Sun
03:04:16,60,Blue Island/26th,,Tue,Wed,Thu,Fri,Sat
03:29:50,20,Madison,,Sat
19:15:21,56,Milwaukee,,Sat
11:28:13,20,Madison,,Sun
10:16:56,124,Navy Pier,,Mon,Tue,Wed,Thu,Fri
09:15:39,20,Madison,,Mon,Tue,Wed,Thu,Fri
13:22:49,20,Madison,,Mon,Tue,Wed,Thu,Fri
05:28:45,56,Milwaukee,,Mon,Tue,Wed,Thu,Fri
14:34:19,20,Madison,,Mon,Tue,Wed,Thu,Fri
12:43:47,56,Milwaukee,,Sat
18:39:14,60,Blue Island/26th,,Sat
18:11:23,J14,Jeffery Jump,,Sun
18:02:06,J14,Jeffery Jump,,Mon,Tue,Wed,Thu,Fri
21:09:11,60,Blue Island/26th,,Mon,Tue,Wed,Thu,Fri
16:00:22,60,Blue Island/26th,,Sun
12:16:49,20,Madison,,Mon,Tue,Wed,Thu,Fri
18:00:33,56,Milwaukee,,Sat
09:11:55,124,Navy Pier,,Sat
17:00:22,20,Madison,,Mon,Tue,Wed,Thu,Fri
17:46:59,124,Navy Pier,,Sat
06:15:36,157,Streeterville/Taylor,,Mon,Tue,Wed,Thu,Fri
19:09:37,124,Navy Pier,,Mon,Tue,Wed,Thu,Fri
14:05:04,20,Madison,,Sat
08:53:45,20,Madison,,Sat
11:49:29,J14,Jeffery Jump,,Sat
13:03:41,J14,Jeffery Jump,,Sun
20:25:58,157,Streeterville/Taylor,,Mon,Tue,Wed,Thu,Fri
01:29:51,20,Madison,,Tue,Wed,Thu,Fri,Sat
20:54:50,60,Blue Island/26th,,Sat
17:42:22,20,Madison,,Mon,Tue,Wed,Thu,Fri
04:32:12,60,Blue Island/26th,,Sun
22:49:24,J14,Jeffery Jump,,Sun
09:55:52,60,Blue Island/26th,,Sat
16:57:15,60,Blue Island/26th,,Mon,Tue,Wed,Thu,Fri
06:15:42,J14,Jeffery Jump,,Mon,Tue,Wed,Thu,Fri
09:47:19,20,Madison,,Mon,Tue,Wed,Thu,Fri
21:52:33,56,Milwaukee,,Sat
00:59:51,20,Madison,,Mon
04:29:51,20,Madison,,Sat
20:19:16,60,Blue Island/26th,,Sat
13:14:06,60,Blue Island/26th,,Sat
07:44:18,157,Streeterville/Taylor,,Mon,Tue,Wed,Thu,Fri
16:42:40,60,Blue Island/26th,,Sat
02:34:37,60,Blue Island/26th,,Mon
11:02:50,60,Blue Island/26th,,Sun
15:39:03,56,Milwaukee,,Mon,Tue,Wed,Thu,Fri
18:50:00,60,Blue Island/26th,,Sun
20:36:00,J14,Jeffery Jump,,Sat
09:05:52,60,Blue Island/26th,,Sat
10:59:01,20,Madison,,Sat
12:43:49,J14,Jeffery Jump,,Mon,Tue,Wed,Thu,Fri
06:51:12,J14,Jeffery Jump,,Mon,Tue,Wed,Thu,Fri
21:00:46,J14,Jeffery Jump,,Sun
11:11:21,124,Navy Pier,,Sun
17:47:28,124,Navy Pier,,Sat
04:05:12,60,Blue Island/26th,,Mon,Tue,Wed,Thu,Fri
20:00:48,60,Blue Island/26th,,Sat
05:03:07,60,Blue Island/26th,,Sun
21:59:29,60,Blue Island/26th,,Sun
14:33:30,J14,Jeffery Jump,,Mon,Tue,Wed,Thu,Fri
13:28:07,124,Navy Pier,,Mon,Tue,Wed,Thu,Fri
16:30:25,20,Madison,,Mon,Tue,Wed,Thu,Fri
14:12:16,60,Blue Island/26th,,Sun
19:14:06,J14,Jeffery Jump,,Mon,Tue,Wed,Thu,Fri
07:57:32,60,Blue Island/26th,,Mon,Tue,Wed,Thu,Fri
07:45:58,56,Milwaukee,,Sun
18:35:59,20,Madison,,Mon,Tue,Wed,Thu,Fri
17:42:40,60,Blue Island/26th,,Sat
16:13:12,56,Milwaukee,,Mon,Tue,Wed,Thu,Fri
15:34:39,124,Navy Pier,,Mon,Tue,Wed,Thu,Fri
19:36:13,20,Madison,,Sun
06:14:58,56,Milwaukee,,Sat
20:06:15,20,Madison,,Sun
17:34:18,J14,Jeffery Jump,,Mon,Tue,Wed,Thu,Fri
18:15:47,56,Milwaukee,,Sat
17:29:54,157,Streeterville/Taylor,,Mon,Tue,Wed,Thu,Fri
16:05:03,56,Milwaukee,,Sat
10:45:18,60,Blue Island/26th,,Sat
23:21:34,60,Blue Island/26th,,Sun
19:47:30,56,Milwaukee,,Sun
09:57:06,J14,Jeffery Jump,,Mon,Tue,Wed,Thu,Fri
08:48:53,60,Blue Island/26th,,Mon,Tue,Wed,Thu,Fri
09:09:15,20,Madison,,Sat
09:15:52,60,Blue Island/26th,,Sat
12:50:15,56,Milwaukee,,Sun
08:08:09,20,Madison,,Mon,Tue,Wed,Thu,Fri
13:55:03,124,Navy Pier,,Mon,Tue,Wed,Thu,Fri
18:41:28,124,Navy Pier,,Sat
11:54:44,60,Blue Island/26th,,Sat
15:38:19,56,Milwaukee,,Sun
16:55:12,J14,Jeffery Jump,,Mon,Tue,Wed,Thu,Fri
14:27:48,J14,Jeffery Jump,,Sat
16:24:03,157,Streeterville/Taylor,,Mon,Tue,Wed,Thu,Fri
09:09:13,20,Madison,,Sat
21:36:00,J14,Jeffery Jump,,Sat
10:27:15,124,Navy Pier,,Sat
22:32:43,56,Milwaukee,,Mon,Tue,Wed,Thu,Fri
18:56:59,J14,Jeffery Jump,,Sat
16:41:25,J14,Jeffery Jump,,Mon,Tue,Wed,Thu,Fri
11:26:05,56,Milwaukee,,Sat
16:20:25,20,Madison,,Mon,Tue,Wed,Thu,Fri
03:38:12,60,Blue Island/26th,,Sun
21:31:33,56,Milwaukee,,Sat
09:25:46,60,Blue Island/26th,,Sat
14:37:47,56,Milwaukee,,Mon,Tue,Wed,Thu,Fri
20:28:22,60,Blue Island/26th,,Sat
05:01:22,60,Blue Island/26th,,Mon,Tue,Wed,Thu,Fri
03:38:16,60,Blue Island/26th,,Sun
13:18:13,20,Madison,,Sun
17:29:27,J14,Jeffery Jump,,Mon,Tue,Wed,Thu,Fri
16:18:15,20,Madison,,Sun
14:42:22,60,Blue Island/26th,,Sun
05:01:16,60,Blue Island/26th,,Mon,Tue,Wed,Thu,Fri
19:27:26,124,Navy Pier,,Mon,Tue,Wed,Thu,Fri
20:31:00,J14,Jeffery Jump,,Sun
09:02:08,60,Blue Island/26th,,Mon,Tue,Wed,Thu,Fri
12:17:50,157,Streeterville/Taylor,,Mon,Tue,Wed,Thu,Fri
07:33:24,60,Blue Island/26th,,Sat
12:07:12,J14,Jeffery Jump,,Sun
22:02:56,60,Blue Island/26th,,Sat
19:34:11,60,Blue Island/26th,,Sat
16:20:04,20,Madison,,Sat
18:09:59,56,Milwaukee,,Sun
14:33:37,J14,Jeffery Jump,,Mon,Tue,Wed,Thu,Fri
12:28:51,56,Milwaukee,,Sat
19:28:54,60,Blue Island/26th,,Sun
21:58:25,20,Madison,,Mon,Tue,Wed,Thu,Fri
08:18:38,60,Blue Island/26th,,Mon,Tue,Wed,Thu,Fri
09:57:46,J14,Jeffery Jump,,Sun
07:40:35,56,Milwaukee,,Mon,Tue,Wed,Thu,Fri
17:41:36,J14,Jeffery Jump,,Sun
24:13:51,20,Madison,,Mon,Tue,Wed,Thu,Fri
20:11:58,124,Navy Pier,,Mon,Tue,Wed,Thu,Fri
09:19:15,20,Madison,,Sat
11:14:54,J14,Jeffery Jump,,Mon,Tue,Wed,Thu,Fri
19:42:48,60,Blue Island/26th,,Sat
14:17:48,J14,Jeffery Jump,,Sat
15:08:13,20,Madison,,Sun
13:38:04,20,Madison,,Sat
07:53:12,20,Madison,,Mon,Tue,Wed,Thu,Fri
09:42:50,60,Blue Island/26th,,Sun
07:58:12,20,Madison,,Mon,Tue,Wed,Thu,Fri
06:38:14,56,Milwaukee,,Sat
21:37:30,56,Milwaukee,,Sun
12:38:18,J14,Jeffery Jump,,Sat
08:23:12,20,Madison,,Mon,Tue,Wed,Thu,Fri
13:53:49,J14,Jeffery Jump,,Mon,Tue,Wed,Thu,Fri
06:37:51,20,Madison,,Mon,Tue,Wed,Thu,Fri
20:24:58,124,Navy Pier,,Sun
02:59:50,20,Madison,,Tue,Wed,Thu,Fri,Sat
05:25:55,56,Milwaukee,,Sat
17:00:25,20,Madison,,Mon,Tue,Wed,Thu,Fri
09:49:45,60,Blue Island/26th,,Mon,Tue,Wed,Thu,Fri
10:26:48,J14,Jeffery Jump,,Mon,Tue,Wed,Thu,Fri
22:13:33,56,Milwaukee,,Sat
22:34:18,J14,Jeffery Jump,,Mon,Tue,Wed,Thu,Fri
18:31:18,J14,Jeffery Jump,,Sun
08:51:00,124,Navy Pier,,Mon,Tue,Wed,Thu,Fri
13:13:41,J14,Jeffery Jump,,Sun
15:56:04,157,Streeterville/Taylor,,Mon,Tue,Wed,Thu,Fri
07:29:59,20,Madison,,Mon,Tue,Wed,Thu,Fri
08:29:03,56,Milwaukee,,Sun
19:51:48,60,Blue Island/26th,,Sat
12:44:03,60,Blue Island/26th,,Sat
17:04:54,124,Navy Pier,,Mon,Tue,Wed,Thu,Fri
16:47:01,20,Madison,,Sat
14:34:19,56,Milwaukee,,Sun
19:45:34,157,Streeterville/Taylor,,Mon,Tue,Wed,Thu,Fri
20:45:30,60,Blue Island/26th,,Sun
09:58:45,60,Blue Island/26th,,Mon,Tue,Wed,Thu,Fri
09:28:13,20,Madison,,Sun
14:51:17,56,Milwaukee,,Mon,Tue,Wed,Thu,Fri
08:03:04,157,Streeterville/Taylor,,Mon,Tue,Wed,Thu,Fri
17:20:22,20,Madison,,Mon,Tue,Wed,Thu,Fri
20:52:13,20,Madison,,Sat
10:32:56,60,Blue Island/26th,,Sun
10:12:00,J14,Jeffery Jump,,Sat
19:36:15,20,Madison,,Sun
23:11:16,J14,Jeffery Jump,,Sat
10:56:54,60,Blue Island/26th,,Mon,Tue,Wed,Thu,Fri
13:56:04,20,Madison,,Sat
18:00:56,56,Milwaukee,,Mon,Tue,Wed,Thu,Fri
11:57:02,60,Blue Island/26th,,Mon,Tue,Wed,Thu,Fri
05:01:03,60,Blue Island/26th,,Sat
14:12:22,60,Blue Island/26th,,Sun
17:25:25,20,Madison,,Mon,Tue,Wed,Thu,Fri
11:01:53,J14,Jeffery Jump,,Sat
12:02:56,60,Blue Island/26th,,Sun
21:37:57,20,Madison,,Sat
17:46:15,20,Madison,,Sun
09:14:47,56,Milwaukee,,Sat
09:54:36,157,Streeterville/Taylor,,Mon,Tue,Wed,Thu,Fri
17:04:22,157,Streeterville/Taylor,,Mon,Tue,Wed,Thu,Fri
12:32:56,124,Navy Pier,,Mon,Tue,Wed,Thu,Fri
09:42:22,157,Streeterville/Taylor,,Mon,Tue,Wed,Thu,Fri
14:59:01,20,Madison,,Sat
20:52:15,20,Madison,,Sat
14:54:51,124,Navy Pier,,Sat
21:43:56,60,Blue Island/26th,,Sat
03:59:51,20,Madison,,Mon,Tue,Wed,Thu,Fri
15:13:33,60,Blue Island/26th,,Sat
20:16:43,20,Madison,,Mon,Tue,Wed,Thu,Fri
10:30:49,56,Milwaukee,,Mon,Tue,Wed,Thu,Fri
15:41:37,J14,Jeffery Jump,,Mon,Tue,Wed,Thu,Fri
19:32:15,20,Madison,,Sat
10:32:15,56,Milwaukee,,Sat
17:10:08,56,Milwaukee,,Sat
08:53:29,60,Blue Island/26th,,Sun
13:07:02,60,Blue Island/26th,,Mon,Tue,Wed,Thu,Fri
13:33:36,J14,Jeffery Jump,,Sun
17:56:25,20,Madison,,Mon,Tue,Wed,Thu,Fri
07:42:24,J14,Jeffery Jump,,Sun
05:37:48,20,Madison,,Mon,Tue,Wed,Thu,Fri
14:57:48,J14,Jeffery Jump,,Sat
22:38:59,60,Blue Island/26th,,Sun
05:17:18,60,Blue Island/26th,,Mon,Tue,Wed,Thu,Fri
20:49:59,J14,Jeffery Jump,,Mon,Tue,Wed,Thu,Fri
17:48:55,20,Madison,,Mon,Tue,Wed,Thu,Fri
19:32:13,20,Madison,,Sat
15:36:59,20,Madison,,Mon,Tue,Wed,Thu,Fri
06:47:50,60,Blue Island/26th,,Mon,Tue,Wed,Thu,Fri
13:00:37,124,Navy Pier,,Mon,Tue,Wed,Thu,Fri
12:44:19,20,Madison,,Mon,Tue,Wed,Thu,Fri
20:16:36,J14,Jeffery Jump,,Sat
15:11:51,124,Navy Pier,,Sat
16:04:22,20,Madison,,Mon,Tue,Wed,Thu,Fri
14:13:49,J14,Jeffery Jump,,Mon,Tue,Wed,Thu,Fri
20:47:03,56,Milwaukee,,Mon,Tue,Wed,Thu,Fri
12:28:47,56,Milwaukee,,Sat
24:06:42,60,Blue Island/26th,,Mon,Tue,Wed,Thu,Fri
24:29:50,20,Madison,,Sat
08:20:51,20,Madison,,Sun
14:00:15,56,Milwaukee,,Sun
20:28:45,56,Milwaukee,,Mon,Tue,Wed,Thu,Fri
09:28:15,20,Madison,,Sun
03:29:51,20,Madison,,Tue,Wed,Thu,Fri,Sat
07:42:24,J14,Jeffery Jump,,Sat
16:56:01,20,Madison,,Sat
17:26:33,56,Milwaukee,,Sat
21:06:45,20,Madison,,Mon,Tue,Wed,Thu,Fri
13:12:50,60,Blue Island/26th,,Sun
09:18:13,20,Madison,,Sun
18:10:55,J14,Jeffery Jump,,Mon,Tue,Wed,Thu,Fri
16:27:12,J14,Jeffery Jump,,Sat
15:57:07,J14,Jeffery Jump,,Mon,Tue,Wed,Thu,Fri
22:10:47,56,Milwaukee,,Mon,Tue,Wed,Thu,Fri
13:17:48,J14,Jeffery Jump,,Sat
16:52:12,56,Milwaukee,,Mon,Tue,Wed,Thu,Fri
17:56:26,60,Blue Island/26th,,Sun
06:07:51,20,Madison,,Mon,Tue,Wed,Thu,Fri
21:06:05,J14,Jeffery Jump,,Sat
22:49:25,20,Madison,,Sun
13:32:22,60,Blue Island/26th,,Sun
15:58:06,60,Blue Island/26th,,Mon,Tue,Wed,Thu,Fri
24:36:42,60,Blue Island/26th,,Mon,Tue,Wed,Thu,Fri
09:10:28,124,Navy Pier,,Sun
10:16:48,J14,Jeffery Jump,,Mon,Tue,Wed,Thu,Fri
20:36:16,60,Blue Island/26th,,Sat
16:00:16,60,Blue Island/26th,,Sun
14:09:17,56,Milwaukee,,Mon,Tue,Wed,Thu,Fri
06:42:29,J14,Jeffery Jump,,Mon,Tue,Wed,Thu,Fri
06:51:18,J14,Jeffery Jump,,Mon,Tue,Wed,Thu,Fri
10:59:47,56,Milwaukee,,Sun
20:01:18,J14,Jeffery Jump,,Sun
09:30:35,20,Madison,,Mon,Tue,Wed,Thu,Fri
07:00:06,J14,Jeffery Jump,,Mon,Tue,Wed,Thu,Fri
13:58:13,20,Madison,,Sun
06:15:25,56,Milwaukee,,Sun
12:07:16,J14,Jeffery Jump,,Sun
12:14:33,60,Blue Island/26th,,Sat
19:52:13,20,Madison,,Sat
11:32:50,60,Blue Island/26th,,Sun
14:13:18,J14,Jeffery Jump,,Sun
10:15:18,60,Blue Island/26th,,Sat
13:41:58,157,Streeterville/Taylor,,Mon,Tue,Wed,Thu,Fri
09:03:50,157,Streeterville/Taylor,,Mon,Tue,Wed,Thu,Fri
10:35:16,157,Streeterville/Taylor,,Mon,Tue,Wed,Thu,Fri
15:38:15,56,Milwaukee,,Sun
11:26:01,56,Milwaukee,,Sat
17:36:01,20,Madison,,Sat
21:12:13,20,Madison,,Sat
23:16:55,20,Madison,,Sat
09:28:03,56,Milwaukee,,Mon,Tue,Wed,Thu,Fri
18:25:09,20,Madison,,Sat
11:31:36,J14,Jeffery Jump,,Sat
11:02:56,60,Blue Island/26th,,Sun
06:17:51,20,Madison,,Mon,Tue,Wed,Thu,Fri
05:59:06,157,Streeterville/Taylor,,Mon,Tue,Wed,Thu,Fri
10:47:19,20,Madison,,Mon,Tue,Wed,Thu,Fri
11:28:15,20,Madison,,Sun
15:56:46,124,Navy Pier,,Mon,Tue,Wed,Thu,Fri
08:02:58,J14,Jeffery Jump,,Sun
06:32:46,157,Streeterville/Taylor,,Mon,Tue,Wed,Thu,Fri
15:13:11,J14,Jeffery Jump,,Sun
20:16:41,J14,Jeffery Jump,,Sat
13:07:58,157,Streeterville/Taylor,,Mon,Tue,Wed,Thu,Fri
12:28:18,J14,Jeffery Jump,,Sat
18:12:03,60,Blue Island/26th,,Sat
19:20:15,60,Blue Island/26th,,Mon,Tue,Wed,Thu,Fri
03:59:50,20,Madison,,Sun
12:08:01,20,Madison,,Sat
22:43:27,20,Madison,,Mon,Tue,Wed,Thu,Fri
17:57:53,60,Blue Island/26th,,Mon,Tue,Wed,Thu,Fri
19:50:42,J14,Jeffery Jump,,Mon,Tue,Wed,Thu,Fri
08:22:13,20,Madison,,Sun
11:04:41,60,Blue Island/26th,,Sat
18:33:20,60,Blue Island/26th,,Sun
20:36:22,60,Blue Island/26th,,Sat
11:27:12,J14,Jeffery Jump,,Sun
21:24:51,20,Madison,,Mon,Tue,Wed,Thu,Fri
09:31:52,124,Navy Pier,,Mon,Tue,Wed,Thu,Fri
14:03:22,124,Navy Pier,,Sat
12:53:51,124,Navy Pier,,Sat
18:16:08,60,Blue Island/26th,,Mon,Tue,Wed,Thu,Fri
06:57:48,20,Madison,,Mon,Tue,Wed,Thu,Fri
19:23:06,J14,Jeffery Jump,,Mon,Tue,Wed,Thu,Fri
06:08:28,60,Blue Island/26th,,Mon,Tue,Wed,Thu,Fri
14:38:15,20,Madison,,Sun
11:26:21,124,Navy Pier,,Sat
16:11:37,J14,Jeffery Jump,,Mon,Tue,Wed,Thu,Fri
16:23:36,157,Streeterville/Taylor,,Mon,Tue,Wed,Thu,Fri
22:10:43,56,Milwaukee,,Mon,Tue,Wed,Thu,Fri
16:20:21,124,Navy Pier,,Sat
11:17:19,20,Madison,,Mon,Tue,Wed,Thu,Fri
19:38:58,60,Blue Island/26th,,Mon,Tue,Wed,Thu,Fri
14:03:18,J14,Jeffery Jump,,Sun
17:32:40,60,Blue Island/26th,,Sat
19:36:36,J14,Jeffery Jump,,Sat
00:59:50,20,Madison,,Sun
12:53:42,J14,Jeffery Jump,,Mon,Tue,Wed,Thu,Fri
19:00:45,56,Milwaukee,,Mon,Tue,Wed,Thu,Fri
10:17:24,60,Blue Island/26th,,Mon,Tue,Wed,Thu,Fri
14:23:04,20,Madison,,Sat
15:15:54,60,Blue Island/26th,,Mon,Tue,Wed,Thu,Fri
15:33:30,J14,Jeffery Jump,,Mon,Tue,Wed,Thu,Fri
19:17:15,56,Milwaukee,,Mon,Tue,Wed,Thu,Fri
08:19:13,20,Madison,,Sat
02:08:12,60,Blue Island/26th,,Sun
08:23:09,20,Madison,,Mon,Tue,Wed,Thu,Fri
14:14:33,56,Milwaukee,,Sat
15:04:21,56,Milwaukee,,Mon,Tue,Wed,Thu,Fri
18:19:30,J14,Jeffery Jump,,Mon,Tue,Wed,Thu,Fri
07:30:00,J14,Jeffery Jump,,Mon,Tue,Wed,Thu,Fri
10:29:09,20,Madison,,Sat
10:57:02,60,Blue Island/26th,,Mon,Tue,Wed,Thu,Fri
08:11:28,60,Blue Island/26th,,Mon,Tue,Wed,Thu,Fri
23:59:51,20,Madison,,Sun
08:58:12,20,Madison,,Mon,Tue,Wed,Thu,Fri
08:48:58,J14,Jeffery Jump,,Sun
19:15:17,56,Milwaukee,,Sat
16:50:16,60,Blue Island/26th,,Sun
08:48:59,56,Milwaukee,,Sun
11:40:58,157,Streeterville/Taylor,,Mon,Tue,Wed,Thu,Fri
19:06:04,157,Streeterville/Taylor,,Mon,Tue,Wed,Thu,Fri
08:06:51,56,Milwaukee,,Mon,Tue,Wed,Thu,Fri
13:37:02,60,Blue Island/26th,,Mon,Tue,Wed,Thu,Fri
15:49:37,J14,Jeffery Jump,,Mon,Tue,Wed,Thu,Fri
12:05:26,124,Navy Pier,,Mon,Tue,Wed,Thu,Fri
05:30:37,60,Blue Island/26th,,Sun
20:36:15,20,Madison,,Sun
15:13:12,124,Navy Pier,,Sun
19:37:28,124,Navy Pier,,Sat
11:11:53,J14,Jeffery Jump,,Sat
10:51:16,157,Streeterville/Taylor,,Mon,Tue,Wed,Thu,Fri
23:43:25,20,Madison,,Mon,Tue,Wed,Thu,Fri
16:17:37,J14,Jeffery Jump,,Mon,Tue,Wed,Thu,Fri
14:43:58,157,Streeterville/Taylor,,Mon,Tue,Wed,Thu,Fri
14:41:04,20,Madison,,Sat
16:04:25,20,Madison,,Mon,Tue,Wed,Thu,Fri
21:33:25,20,Madison,,Mon,Tue,Wed,Thu,Fri
12:47:12,124,Navy Pier,,Sun
08:25:24,J14,Jeffery Jump,,Sat
10:07:46,J14,Jeffery Jump,,Sun
16:02:22,124,Navy Pier,,Sat
09:13:34,60,Blue Island/26th,,Sun
06:15:16,157,Streeterville/Taylor,,Mon,Tue,Wed,Thu,Fri
18:34:42,60,Blue Island/26th,,Mon,Tue,Wed,Thu,Fri
11:27:22,20,Madison,,Mon,Tue,Wed,Thu,Fri
18:07:18,J14,Jeffery Jump,,Sat
23:43:27,20,Madison,,Mon,Tue,Wed,Thu,Fri
18:21:40,60,Blue Island/26th,,Sat
18:25:07,20,Madison,,Sat
18:57:37,60,Blue Island/26th,,Sat
18:54:47,56,Milwaukee,,Sat
12:14:40,60,Blue Island/26th,,Sat
21:19:54,J14,Jeffery Jump,,Mon,Tue,Wed,Thu,Fri
21:43:25,20,Madison,,Mon,Tue,Wed,Thu,Fri
08:53:12,20,Madison,,Mon,Tue,Wed,Thu,Fri
13:58:58,157,Streeterville/Taylor,,Mon,Tue,Wed,Thu,Fri
08:48:19,J14,Jeffery Jump,,Mon,Tue,Wed,Thu,Fri
00:59:51,20,Madison,,Sun
04:46:47,20,Madison,,Mon,Tue,Wed,Thu,Fri
13:21:40,56,Milwaukee,,Mon,Tue,Wed,Thu,Fri
17:27:18,J14,Jeffery Jump,,Sat
13:05:40,56,Milwaukee,,Mon,Tue,Wed,Thu,Fri
13:37:40,56,Milwaukee,,Mon,Tue,Wed,Thu,Fri
11:37:12,J14,Jeffery Jump,,Sun
13:13:58,60,Blue Island/26th,,Sat
14:52:16,60,Blue Island/26th,,Sun
17:43:42,157,Streeterville/Taylor,,Mon,Tue,Wed,Thu,Fri
08:11:43,20,Madison,,Sat
21:13:50,60,Blue Island/26th,,Sat
14:02:22,60,Blue Island/26th,,Sun
15:57:00,J14,Jeffery Jump,,Mon,Tue,Wed,Thu,Fri
08:28:09,20,Madison,,Mon,Tue,Wed,Thu,Fri
22:01:30,56,Milwaukee,,Sun
24:13:50,20,Madison,,Mon,Tue,Wed,Thu,Fri
16:01:54,J14,Jeffery Jump,,Sun
09:32:56,60,Blue Island/26th,,Sun
12:17:16,J14,Jeffery Jump,,Sun
21:49:27,20,Madison,,Sun
11:01:48,J14,Jeffery Jump,,Sat
08:55:16,J14,Jeffery Jump,,Sat
16:37:12,J14,Jeffery Jump,,Sat
16:10:46,157,Streeterville/Taylor,,Mon,Tue,Wed,Thu,Fri
17:56:24,157,Streeterville/Taylor,,Mon,Tue,Wed,Thu,Fri
17:48:52,20,Madison,,Mon,Tue,Wed,Thu,Fri
22:49:00,J14,Jeffery Jump,,Mon,Tue,Wed,Thu,Fri
12:48:18,J14,Jeffery Jump,,Sat
15:39:08,56,Milwaukee,,Mon,Tue,Wed,Thu,Fri
03:35:12,60,Blue Island/26th,,Tue,Wed,Thu,Fri,Sat
11:48:15,20,Madison,,Sun
22:59:59,60,Blue Island/26th,,Sun
07:30:06,J14,Jeffery Jump,,Mon,Tue,Wed,Thu,Fri
03:29:51,20,Madison,,Sat
11:43:49,J14,Jeffery Jump,,Mon,Tue,Wed,Thu,Fri
04:59:51,20,Madison,,Sat
17:17:50,157,Streeterville/Taylor,,Mon,Tue,Wed,Thu,Fri
15:16:17,56,Milwaukee,,Mon,Tue,Wed,Thu,Fri
06:17:49,56,Milwaukee,,Mon,Tue,Wed,Thu,Fri
14:47:42,J14,Jeffery Jump,,Sat
21:59:34,60,Blue Island/26th,,Sun
18:12:50,157,Streeterville/Taylor,,Mon,Tue,Wed,Thu,Fri
08:36:13,20,Madison,,Sun
16:35:37,J14,Jeffery Jump,,Mon,Tue,Wed,Thu,Fri
16:23:30,J14,Jeffery Jump,,Mon,Tue,Wed,Thu,Fri
23:15:55,20,Madison,,Mon,Tue,Wed,Thu,Fri
09:08:09,20,Madison,,Mon,Tue,Wed,Thu,Fri
17:51:36,J14,Jeffery Jump,,Sun
10:26:42,J14,Jeffery Jump,,Mon,Tue,Wed,Thu,Fri
10:19:50,157,Streeterville/Taylor,,Mon,Tue,Wed,Thu,Fri
01:03:51,20,Madison,,Tue,Wed,Thu,Fri,Sat
15:25:08,20,Madison,,Mon,Tue,Wed,Thu,Fri
17:26:38,56,Milwaukee,,Sat
20:39:54,J14,Jeffery Jump,,Mon,Tue,Wed,Thu,Fri
22:21:26,60,Blue Island/26th,,Sat
11:03:40,56,Milwaukee,,Mon,Tue,Wed,Thu,Fri
14:54:05,20,Madison,,Mon,Tue,Wed,Thu,Fri
21:02:15,20,Madison,,Sat
10:37:22,20,Madison,,Mon,Tue,Wed,Thu,Fri
17:39:49,60,Blue Island/26th,,Mon,Tue,Wed,Thu,Fri
09:03:09,20,Madison,,Mon,Tue,Wed,Thu,Fri
05:27:55,20,Madison,,Sun
10:29:07,20,Madison,,Sat
19:58:09,124,Navy Pier,,Sun
10:58:13,20,Madison,,Sun
10:25:11,60,Blue Island/26th,,Sat
11:10:56,124,Navy Pier,,Mon,Tue,Wed,Thu,Fri
12:36:21,124,Navy Pier,,Sat
14:43:34,157,Streeterville/Taylor,,Mon,Tue,Wed,Thu,Fri
15:31:58,157,Streeterville/Taylor,,Mon,Tue,Wed,Thu,Fri
16:31:54,J14,Jeffery Jump,,Sun
07:05:18,20,Madison,,Mon,Tue,Wed,Thu,Fri
09:37:32,124,Navy Pier,,Sat
09:47:46,J14,Jeffery Jump,,Sun
10:32:00,J14,Jeffery Jump,,Sat
08:46:28,124,Navy Pier,,Sun
16:07:12,60,Blue Island/26th,,Mon,Tue,Wed,Thu,Fri
12:26:35,J14,Jeffery Jump,,Sun
12:34:50,157,Streeterville/Taylor,,Mon,Tue,Wed,Thu,Fri
00:38:37,60,Blue Island/26th,,Sun
09:52:05,J14,Jeffery Jump,,Sat
22:37:12,J14,Jeffery Jump,,Sat
20:32:03,60,Blue Island/26th,,Mon,Tue,Wed,Thu,Fri
07:22:08,20,Madison,,Mon,Tue,Wed,Thu,Fri
16:48:13,20,Madison,,Sun
12:01:21,124,Navy Pier,,Sat
15:32:03,56,Milwaukee,,Sat
01:59:51,20,Madison,,Mon
12:33:49,J14,Jeffery Jump,,Mon,Tue,Wed,Thu,Fri
21:31:59,60,Blue Island/26th,,Sun
21:06:43,20,Madison,,Mon,Tue,Wed,Thu,Fri
17:41:41,J14,Jeffery Jump,,Sun
17:36:04,20,Madison,,Sat
13:43:33,56,Milwaukee,,Sat
14:10:49,20,Madison,,Mon,Tue,Wed,Thu,Fri
24:36:37,60,Blue Island/26th,,Mon,Tue,Wed,Thu,Fri
21:26:05,124,Navy Pier,,Sat
11:46:49,20,Madison,,Mon,Tue,Wed,Thu,Fri
12:23:12,124,Navy Pier,,Sun
10:49:15,124,Navy Pier,,Sat
07:17:15,60,Blue Island/26th,,Mon,Tue,Wed,Thu,Fri
10:30:54,56,Milwaukee,,Mon,Tue,Wed,Thu,Fri
23:17:33,60,Blue Island/26th,,Mon,Tue,Wed,Thu,Fri
12:26:52,20,Madison,,Mon,Tue,Wed,Thu,Fri
09:13:05,J14,Jeffery Jump,,Sat
07:37:25,20,Madison,,Mon,Tue,Wed,Thu,Fri
11:04:48,60,Blue Island/26th,,Sat
21:03:54,60,Blue Island/26th,,Sun
15:27:21,56,Milwaukee,,Mon,Tue,Wed,Thu,Fri
18:43:36,60,Blue Island/26th,,Mon,Tue,Wed,Thu,Fri
20:51:28,124,Navy Pier,,Sun
03:59:50,20,Madison,,Mon,Tue,Wed,Thu,Fri
18:12:10,60,Blue Island/26th,,Sat
13:43:18,J14,Jeffery Jump,,Sun
17:47:12,124,Navy Pier,,Sun
10:46:54,60,Blue Island/26th,,Mon,Tue,Wed,Thu,Fri
16:40:25,20,Madison,,Mon,Tue,Wed,Thu,Fri
19:05:22,124,Navy Pier,,Sun
17:09:27,J14,Jeffery Jump,,Mon,Tue,Wed,Thu,Fri
09:59:13,20,Madison,,Sat
09:42:56,60,Blue Island/26th,,Sun
11:19:01,20,Madison,,Sat
15:17:48,J14,Jeffery Jump,,Sat
14:33:18,J14,Jeffery Jump,,Sun
10:48:13,20,Madison,,Sun
16:59:45,56,Milwaukee,,Sun
19:21:18,J14,Jeffery Jump,,Sun
18:56:54,J14,Jeffery Jump,,Sat
23:04:27,20,Madison,,Sat
17:11:41,J14,Jeffery Jump,,Sun
07:44:41,157,Streeterville/Taylor,,Mon,Tue,Wed,Thu,Fri
19:32:51,56,Milwaukee,,Sat
07:24:03,60,Blue Island/26th,,Sun
13:25:15,56,Milwaukee,,Sun
21:48:00,J14,Jeffery Jump,,Sat
09:45:17,56,Milwaukee,,Sun
03:59:51,20,Madison,,Sat
06:02:29,60,Blue Island/26th,,Sat
20:46:13,20,Madison,,Sun
08:22:29,60,Blue Island/26th,,Sun
03:35:51,20,Madison,,Mon,Tue,Wed,Thu,Fri
06:39:58,56,Milwaukee,,Sun
09:34:02,124,Navy Pier,,Sun
21:24:51,20,Madison,,Sun
13:41:34,157,Streeterville/Taylor,,Mon,Tue,Wed,Thu,Fri
23:16:57,20,Madison,,Sun
12:57:02,60,Blue Island/26th,,Mon,Tue,Wed,Thu,Fri
21:33:27,20,Madison,,Mon,Tue,Wed,Thu,Fri
14:07:42,J14,Jeffery Jump,,Sat
20:17:30,60,Blue Island/26th,,Sun
07:54:05,56,Milwaukee,,Mon,Tue,Wed,Thu,Fri
09:58:54,60,Blue Island/26th,,Mon,Tue,Wed,Thu,Fri
17:23:37,56,Milwaukee,,Mon,Tue,Wed,Thu,Fri
15:15:38,56,Milwaukee,,Sat