arrival_time,route_short_name,route_long_name,headsign,service_days
16:37:51,X4,Cottage Grove Express,,Mon,Tue,Wed,Thu,Fri
11:36:36,6,Jackson Park Express,,Sat
11:32:46,J14,Jeffery Jump,,Sun
13:56:36,4,Cottage Grove,,Mon,Tue,Wed,Thu,Fri
07:51:49,3,King Drive,,Sat
19:35:38,6,Jackson Park Express,,Sat
09:15:08,6,Jackson Park Express,,Sat
16:48:43,J14,Jeffery Jump,,Sat
22:05:49,3,King Drive,,Sun
06:27:14,3,King Drive,,Sat
04:39:09,6,Jackson Park Express,,Mon,Tue,Wed,Thu,Fri
09:29:38,4,Cottage Grove,,Sun
16:36:07,J14,Jeffery Jump,,Sun
21:38:00,3,King Drive,,Sat
11:57:51,4,Cottage Grove,,Sat
13:06:35,26,South Shore Express,,Mon,Tue,Wed,Thu,Fri
16:50:52,6,Jackson Park Express,,Sat
05:36:39,4,Cottage Grove,,Sun
09:43:37,4,Cottage Grove,,Sat
08:08:07,4,Cottage Grove,,Mon,Tue,Wed,Thu,Fri
06:36:24,3,King Drive,,Mon,Tue,Wed,Thu,Fri
17:07:01,J14,Jeffery Jump,,Sat
13:12:35,4,Cottage Grove,,Sat
11:31:54,6,Jackson Park Express,,Sun
15:03:36,4,Cottage Grove,,Mon,Tue,Wed,Thu,Fri
19:50:00,3,King Drive,,Mon,Tue,Wed,Thu,Fri
11:58:26,3,King Drive,,Sat
07:35:31,6,Jackson Park Express,,Mon,Tue,Wed,Thu,Fri
20:14:46,J14,Jeffery Jump,,Mon,Tue,Wed,Thu,Fri
13:53:05,3,King Drive,,Mon,Tue,Wed,Thu,Fri
12:26:52,4,Cottage Grove,,Sun
10:49:22,4,Cottage Grove,,Sun
08:35:53,4,Cottage Grove,,Sat
07:04:38,4,Cottage Grove,,Sat
08:05:53,4,Cottage Grove,,Sat
22:52:38,4,Cottage Grove,,Sun
24:54:40,4,Cottage Grove,,Sun
07:49:22,4,Cottage Grove,,Mon,Tue,Wed,Thu,Fri
09:09:13,J14,Jeffery Jump,,Mon,Tue,Wed,Thu,Fri
08:10:04,J14,Jeffery Jump,,Sun
13:08:16,J14,Jeffery Jump,,Sun
12:30:51,4,Cottage Grove,,Sat
01:52:40,4,Cottage Grove,,Mon
18:39:54,6,Jackson Park Express,,Sat
20:44:22,6,Jackson Park Express,,Mon,Tue,Wed,Thu,Fri
24:13:15,4,Cottage Grove,,Sat
15:40:24,6,Jackson Park Express,,Sun
20:04:46,J14,Jeffery Jump,,Mon,Tue,Wed,Thu,Fri
09:39:54,3,King Drive,,Sun
11:23:05,3,King Drive,,Sun
18:11:46,3,King Drive,,Sat
13:01:40,3,King Drive,,Sun
10:56:28,J14,Jeffery Jump,,Mon,Tue,Wed,Thu,Fri
14:26:16,J14,Jeffery Jump,,Sun
21:21:53,4,Cottage Grove,,Sat
18:50:10,3,King Drive,,Mon,Tue,Wed,Thu,Fri
11:30:06,6,Jackson Park Express,,Sun
17:00:12,143,Stockton/Michigan Express,,Mon,Tue,Wed,Thu,Fri
11:17:06,6,Jackson Park Express,,Sat
08:29:05,X4,Cottage Grove Express,,Mon,Tue,Wed,Thu,Fri
07:10:54,6,Jackson Park Express,,Sun
10:06:20,26,South Shore Express,,Mon,Tue,Wed,Thu,Fri
24:21:55,6,Jackson Park Express,,Sat
09:43:00,3,King Drive,,Sat
17:49:24,6,Jackson Park Express,,Sat
12:46:52,4,Cottage Grove,,Sun
21:10:35,3,King Drive,,Sat
08:31:44,3,King Drive,,Sun
10:52:46,J14,Jeffery Jump,,Sun
05:27:55,6,Jackson Park Express,,Mon,Tue,Wed,Thu,Fri
12:17:52,4,Cottage Grove,,Sun
08:21:43,J14,Jeffery Jump,,Mon,Tue,Wed,Thu,Fri
16:46:21,3,King Drive,,Sun
06:11:25,6,Jackson Park Express,,Mon,Tue,Wed,Thu,Fri
19:04:09,6,Jackson Park Express,,Mon,Tue,Wed,Thu,Fri
19:02:46,J14,Jeffery Jump,,Sat
23:18:00,3,King Drive,,Sat
16:47:52,6,Jackson Park Express,,Mon,Tue,Wed,Thu,Fri
08:19:54,6,Jackson Park Express,,Sun
13:31:10,J14,Jeffery Jump,,Sat
17:41:21,3,King Drive,,Sun
16:33:49,J14,Jeffery Jump,,Mon,Tue,Wed,Thu,Fri
17:58:49,J14,Jeffery Jump,,Mon,Tue,Wed,Thu,Fri
17:11:49,X4,Cottage Grove Express,,Mon,Tue,Wed,Thu,Fri
15:31:07,3,King Drive,,Sat
11:50:00,3,King Drive,,Mon,Tue,Wed,Thu,Fri
19:32:16,J14,Jeffery Jump,,Sat
16:19:06,4,Cottage Grove,,Mon,Tue,Wed,Thu,Fri
06:36:24,3,King Drive,,Mon,Tue,Wed,Thu,Fri
15:16:16,J14,Jeffery Jump,,Sun
18:51:36,4,Cottage Grove,,Mon,Tue,Wed,Thu,Fri
12:12:00,3,King Drive,,Mon,Tue,Wed,Thu,Fri
02:53:40,4,Cottage Grove,,Sun
14:05:07,3,King Drive,,Sat
21:41:25,J14,Jeffery Jump,,Sat
15:07:21,3,King Drive,,Sun
06:38:38,4,Cottage Grove,,Sat
15:34:46,6,Jackson Park Express,,Sat
18:50:10,3,King Drive,,Mon,Tue,Wed,Thu,Fri
05:34:54,6,Jackson Park Express,,Sun
07:01:04,J14,Jeffery Jump,,Sun
11:43:06,6,Jackson Park Express,,Sun
08:43:05,3,King Drive,,Mon,Tue,Wed,Thu,Fri
21:01:22,6,Jackson Park Express,,Mon,Tue,Wed,Thu,Fri
12:06:21,4,Cottage Grove,,Sat
07:43:08,4,Cottage Grove,,Sun
17:25:05,4,Cottage Grove,,Mon,Tue,Wed,Thu,Fri
18:55:46,J14,Jeffery Jump,,Mon,Tue,Wed,Thu,Fri
18:32:06,4,Cottage Grove,,Mon,Tue,Wed,Thu,Fri
07:12:08,6,Jackson Park Express,,Mon,Tue,Wed,Thu,Fri
14:32:40,3,King Drive,,Sun
13:27:46,J14,Jeffery Jump,,Sun
11:00:35,3,King Drive,,Sat
08:15:53,4,Cottage Grove,,Sat
09:30:07,26,South Shore Express,,Mon,Tue,Wed,Thu,Fri
09:28:37,J14,Jeffery Jump,,Sat
19:19:39,6,Jackson Park Express,,Mon,Tue,Wed,Thu,Fri
21:04:04,J14,Jeffery Jump,,Mon,Tue,Wed,Thu,Fri
14:13:46,6,Jackson Park Express,,Sat
22:58:34,J14,Jeffery Jump,,Mon,Tue,Wed,Thu,Fri
21:38:00,3,King Drive,,Sat
12:58:36,6,Jackson Park Express,,Sun
13:27:46,J14,Jeffery Jump,,Sun
09:26:39,6,Jackson Park Express,,Sat
23:57:39,6,Jackson Park Express,,Mon,Tue,Wed,Thu,Fri
21:44:08,4,Cottage Grove,,Mon,Tue,Wed,Thu,Fri
18:51:25,J14,Jeffery Jump,,Sun
16:57:52,J14,Jeffery Jump,,Sat
22:07:38,4,Cottage Grove,,Sun
15:56:40,3,King Drive,,Mon,Tue,Wed,Thu,Fri
09:02:08,4,Cottage Grove,,Sun
17:43:02,3,King Drive,,Sat
23:05:38,4,Cottage Grove,,Sat
21:00:19,3,King Drive,,Mon,Tue,Wed,Thu,Fri
22:23:00,3,King Drive,,Sat
05:51:49,3,King Drive,,Mon,Tue,Wed,Thu,Fri
09:49:22,4,Cottage Grove,,Sun
06:43:54,4,Cottage Grove,,Sun
19:50:00,3,King Drive,,Mon,Tue,Wed,Thu,Fri
09:06:00,3,King Drive,,Sat
20:54:55,6,Jackson Park Express,,Mon,Tue,Wed,Thu,Fri
14:29:50,26,South Shore Express,,Mon,Tue,Wed,Thu,Fri
11:05:28,J14,Jeffery Jump,,Sat
19:55:52,4,Cottage Grove,,Sat
07:02:08,4,Cottage Grove,,Sun
12:08:22,4,Cottage Grove,,Sun
14:06:06,4,Cottage Grove,,Mon,Tue,Wed,Thu,Fri
16:35:52,6,Jackson Park Express,,Mon,Tue,Wed,Thu,Fri
20:20:34,J14,Jeffery Jump,,Sun
12:58:05,3,King Drive,,Mon,Tue,Wed,Thu,Fri
15:21:04,4,Cottage Grove,,Sat
06:48:14,3,King Drive,,Sun
07:58:07,4,Cottage Grove,,Mon,Tue,Wed,Thu,Fri
08:56:53,26,South Shore Express,,Mon,Tue,Wed,Thu,Fri
16:33:49,J14,Jeffery Jump,,Mon,Tue,Wed,Thu,Fri
19:20:34,J14,Jeffery Jump,,Sun
17:25:49,J14,Jeffery Jump,,Sat
10:24:37,4,Cottage Grove,,Sat
09:28:37,J14,Jeffery Jump,,Sat
11:39:00,3,King Drive,,Mon,Tue,Wed,Thu,Fri
12:17:52,4,Cottage Grove,,Sun
09:08:37,J14,Jeffery Jump,,Sat
21:49:24,6,Jackson Park Express,,Sun
05:28:09,4,Cottage Grove,,Mon,Tue,Wed,Thu,Fri
12:55:20,4,Cottage Grove,,Sat
15:40:21,3,King Drive,,Sun
20:42:38,4,Cottage Grove,,Sat
04:52:39,4,Cottage Grove,,Mon,Tue,Wed,Thu,Fri
11:12:46,J14,Jeffery Jump,,Sun
08:54:00,3,King Drive,,Sat
19:14:36,4,Cottage Grove,,Sat
08:25:53,4,Cottage Grove,,Sat
07:25:54,6,Jackson Park Express,,Sat
11:13:52,4,Cottage Grove,,Mon,Tue,Wed,Thu,Fri
21:34:08,4,Cottage Grove,,Mon,Tue,Wed,Thu,Fri
19:13:38,4,Cottage Grove,,Mon,Tue,Wed,Thu,Fri
12:49:01,6,Jackson Park Express,,Mon,Tue,Wed,Thu,Fri
11:39:22,4,Cottage Grove,,Sun
05:09:14,3,King Drive,,Sat
15:13:36,4,Cottage Grove,,Mon,Tue,Wed,Thu,Fri
17:50:56,3,King Drive,,Sat
17:22:31,J14,Jeffery Jump,,Mon,Tue,Wed,Thu,Fri
08:17:52,4,Cottage Grove,,Mon,Tue,Wed,Thu,Fri
16:23:34,4,Cottage Grove,,Sat
23:34:09,4,Cottage Grove,,Sat
12:47:36,4,Cottage Grove,,Mon,Tue,Wed,Thu,Fri
13:09:05,3,King Drive,,Mon,Tue,Wed,Thu,Fri
20:51:08,4,Cottage Grove,,Sat
15:13:04,4,Cottage Grove,,Sat
22:38:00,3,King Drive,,Sat
05:29:14,3,King Drive,,Sat
17:57:35,4,Cottage Grove,,Sat
23:08:14,3,King Drive,,Mon,Tue,Wed,Thu,Fri
21:53:00,3,King Drive,,Sat
22:22:38,4,Cottage Grove,,Sun
11:11:37,4,Cottage Grove,,Sat
05:30:02,26,South Shore Express,,Mon,Tue,Wed,Thu,Fri
14:04:05,3,King Drive,,Mon,Tue,Wed,Thu,Fri
18:08:49,J14,Jeffery Jump,,Mon,Tue,Wed,Thu,Fri
07:18:19,J14,Jeffery Jump,,Mon,Tue,Wed,Thu,Fri
20:50:19,3,King Drive,,Mon,Tue,Wed,Thu,Fri
21:07:19,3,King Drive,,Sun
12:00:09,6,Jackson Park Express,,Mon,Tue,Wed,Thu,Fri
19:16:30,3,King Drive,,Sun
19:14:00,3,King Drive,,Mon,Tue,Wed,Thu,Fri
14:34:06,4,Cottage Grove,,Mon,Tue,Wed,Thu,Fri
09:14:08,4,Cottage Grove,,Sat
08:10:04,J14,Jeffery Jump,,Sun
16:33:04,4,Cottage Grove,,Sat
19:28:40,3,King Drive,,Sat
22:08:00,3,King Drive,,Sat
13:02:10,J14,Jeffery Jump,,Sat
19:44:36,4,Cottage Grove,,Sat
07:24:10,J14,Jeffery Jump,,Mon,Tue,Wed,Thu,Fri
09:38:08,6,Jackson Park Express,,Sat
14:46:16,J14,Jeffery Jump,,Sun
18:05:50,4,Cottage Grove,,Sat
17:03:46,3,King Drive,,Mon,Tue,Wed,Thu,Fri
14:57:22,6,Jackson Park Express,,Mon,Tue,Wed,Thu,Fri
12:02:16,J14,Jeffery Jump,,Sun
20:41:08,4,Cottage Grove,,Sat
21:45:46,J14,Jeffery Jump,,Mon,Tue,Wed,Thu,Fri
10:20:35,3,King Drive,,Sat
06:26:39,4,Cottage Grove,,Sun
05:16:49,3,King Drive,,Mon,Tue,Wed,Thu,Fri
17:14:46,3,King Drive,,Mon,Tue,Wed,Thu,Fri
15:49:07,3,King Drive,,Sat
07:21:34,J14,Jeffery Jump,,Sun
11:21:22,4,Cottage Grove,,Sat
22:45:49,3,King Drive,,Sun
16:06:36,4,Cottage Grove,,Sun
12:57:06,4,Cottage Grove,,Mon,Tue,Wed,Thu,Fri
09:20:01,J14,Jeffery Jump,,Mon,Tue,Wed,Thu,Fri
20:13:08,6,Jackson Park Express,,Sat
19:30:34,J14,Jeffery Jump,,Sun
16:49:05,X4,Cottage Grove Express,,Mon,Tue,Wed,Thu,Fri
15:06:36,4,Cottage Grove,,Sun
07:15:25,J14,Jeffery Jump,,Sat
14:16:36,4,Cottage Grove,,Sun
17:35:05,4,Cottage Grove,,Mon,Tue,Wed,Thu,Fri
16:19:46,6,Jackson Park Express,,Sat
16:06:16,J14,Jeffery Jump,,Sun
18:20:46,3,King Drive,,Mon,Tue,Wed,Thu,Fri
02:24:15,4,Cottage Grove,,Mon
12:47:36,6,Jackson Park Express,,Sat
16:36:07,J14,Jeffery Jump,,Sun
09:39:52,4,Cottage Grove,,Sun
15:18:21,3,King Drive,,Sun
19:02:30,3,King Drive,,Sun
20:08:00,3,King Drive,,Mon,Tue,Wed,Thu,Fri
16:52:46,3,King Drive,,Mon,Tue,Wed,Thu,Fri
16:56:07,J14,Jeffery Jump,,Sun
14:54:06,6,Jackson Park Express,,Sat
08:15:38,6,Jackson Park Express,,Mon,Tue,Wed,Thu,Fri
16:01:51,X4,Cottage Grove Express,,Mon,Tue,Wed,Thu,Fri
22:40:25,J14,Jeffery Jump,,Mon,Tue,Wed,Thu,Fri
17:53:31,6,Jackson Park Express,,Sun
11:52:46,J14,Jeffery Jump,,Sun
05:52:39,4,Cottage Grove,,Sat
16:07:07,3,King Drive,,Sat
18:23:21,143,Stockton/Michigan Express,,Mon,Tue,Wed,Thu,Fri
19:07:07,4,Cottage Grove,,Mon,Tue,Wed,Thu,Fri
13:20:05,3,King Drive,,Mon,Tue,Wed,Thu,Fri
09:06:00,3,King Drive,,Sat
21:38:08,4,Cottage Grove,,Sat
16:35:21,3,King Drive,,Sun
12:39:21,4,Cottage Grove,,Sat
18:50:38,6,Jackson Park Express,,Sun
11:55:54,6,Jackson Park Express,,Mon,Tue,Wed,Thu,Fri
19:05:00,3,King Drive,,Mon,Tue,Wed,Thu,Fri
12:07:26,3,King Drive,,Sat
11:06:00,3,King Drive,,Mon,Tue,Wed,Thu,Fri
09:08:53,26,South Shore Express,,Mon,Tue,Wed,Thu,Fri
14:36:36,6,Jackson Park Express,,Sat
11:36:09,6,Jackson Park Express,,Mon,Tue,Wed,Thu,Fri
18:03:21,3,King Drive,,Sun
18:03:35,4,Cottage Grove,,Sat
24:32:40,4,Cottage Grove,,Sat
19:36:38,4,Cottage Grove,,Sun
11:17:00,3,King Drive,,Mon,Tue,Wed,Thu,Fri
12:53:02,3,King Drive,,Sat
23:06:17,6,Jackson Park Express,,Sat
17:22:31,6,Jackson Park Express,,Sun
20:37:38,6,Jackson Park Express,,Sat
14:46:07,3,King Drive,,Sat
09:49:22,4,Cottage Grove,,Sun
24:08:54,6,Jackson Park Express,,Sat
21:24:08,4,Cottage Grove,,Mon,Tue,Wed,Thu,Fri
16:19:06,4,Cottage Grove,,Mon,Tue,Wed,Thu,Fri
05:56:39,4,Cottage Grove,,Sun
10:13:00,3,King Drive,,Mon,Tue,Wed,Thu,Fri
16:16:07,3,King Drive,,Sat
19:14:46,J14,Jeffery Jump,,Mon,Tue,Wed,Thu,Fri
11:14:58,J14,Jeffery Jump,,Sat
02:24:40,4,Cottage Grove,,Tue,Wed,Thu,Fri,Sat
22:20:38,4,Cottage Grove,,Sat
14:05:36,4,Cottage Grove,,Mon,Tue,Wed,Thu,Fri
19:52:40,3,King Drive,,Sat
09:42:55,J14,Jeffery Jump,,Sun
07:55:30,3,King Drive,,Mon,Tue,Wed,Thu,Fri
14:56:16,J14,Jeffery Jump,,Sun
19:05:52,4,Cottage Grove,,Mon,Tue,Wed,Thu,Fri
20:55:08,4,Cottage Grove,,Mon,Tue,Wed,Thu,Fri
07:37:54,3,King Drive,,Mon,Tue,Wed,Thu,Fri
09:56:28,J14,Jeffery Jump,,Mon,Tue,Wed,Thu,Fri
19:24:36,4,Cottage Grove,,Sat
15:59:22,6,Jackson Park Express,,Mon,Tue,Wed,Thu,Fri
08:11:23,26,South Shore Express,,Mon,Tue,Wed,Thu,Fri
17:06:36,4,Cottage Grove,,Sun
10:50:20,26,South Shore Express,,Mon,Tue,Wed,Thu,Fri
16:14:28,J14,Jeffery Jump,,Mon,Tue,Wed,Thu,Fri
18:24:46,J14,Jeffery Jump,,Sat
08:16:54,6,Jackson Park Express,,Sat
10:33:52,4,Cottage Grove,,Mon,Tue,Wed,Thu,Fri
06:01:19,3,King Drive,,Mon,Tue,Wed,Thu,Fri
12:25:54,6,Jackson Park Express,,Sun
21:45:49,3,King Drive,,Sun
13:28:46,6,Jackson Park Express,,Sat
09:16:22,4,Cottage Grove,,Mon,Tue,Wed,Thu,Fri
17:34:46,J14,Jeffery Jump,,Sun
16:52:07,3,King Drive,,Sat
20:37:25,6,Jackson Park Express,,Mon,Tue,Wed,Thu,Fri
10:55:58,J14,Jeffery Jump,,Sat
02:24:15,4,Cottage Grove,,Tue,Wed,Thu,Fri,Sat
14:39:34,4,Cottage Grove,,Sat
03:24:15,4,Cottage Grove,,Mon
21:48:08,4,Cottage Grove,,Sat
23:49:45,4,Cottage Grove,,Mon,Tue,Wed,Thu,Fri
09:02:08,4,Cottage Grove,,Sun
15:29:54,6,Jackson Park Express,,Sun
05:43:39,6,Jackson Park Express,,Mon,Tue,Wed,Thu,Fri
12:20:20,26,South Shore Express,,Mon,Tue,Wed,Thu,Fri
09:56:28,J14,Jeffery Jump,,Mon,Tue,Wed,Thu,Fri
15:06:36,4,Cottage Grove,,Sun
15:11:34,4,Cottage Grove,,Sat
08:22:04,J14,Jeffery Jump,,Sun
20:42:54,3,King Drive,,Mon,Tue,Wed,Thu,Fri
08:54:00,3,King Drive,,Sat
15:01:24,6,Jackson Park Express,,Mon,Tue,Wed,Thu,Fri
07:12:17,6,Jackson Park Express,,Mon,Tue,Wed,Thu,Fri
23:03:14,3,King Drive,,Sun
07:37:23,26,South Shore Express,,Mon,Tue,Wed,Thu,Fri
23:36:54,6,Jackson Park Express,,Sat
17:43:04,4,Cottage Grove,,Sat
20:17:00,3,King Drive,,Mon,Tue,Wed,Thu,Fri
17:45:28,J14,Jeffery Jump,,Sat
19:05:00,3,King Drive,,Mon,Tue,Wed,Thu,Fri
08:28:08,4,Cottage Grove,,Sun
08:07:05,X4,Cottage Grove Express,,Mon,Tue,Wed,Thu,Fri
14:24:36,4,Cottage Grove,,Mon,Tue,Wed,Thu,Fri
11:17:00,3,King Drive,,Mon,Tue,Wed,Thu,Fri
11:40:52,4,Cottage Grove,,Mon,Tue,Wed,Thu,Fri
14:56:36,4,Cottage Grove,,Sun
13:25:10,3,King Drive,,Sun
18:37:06,4,Cottage Grove,,Sat
20:11:08,4,Cottage Grove,,Sat
09:57:06,X4,Cottage Grove Express,,Mon,Tue,Wed,Thu,Fri
07:55:38,6,Jackson Park Express,,Mon,Tue,Wed,Thu,Fri
13:16:52,4,Cottage Grove,,Sun
10:19:22,4,Cottage Grove,,Sun
20:36:38,4,Cottage Grove,,Sun
19:40:40,3,King Drive,,Sat
07:00:05,26,South Shore Express,,Mon,Tue,Wed,Thu,Fri
04:24:15,4,Cottage Grove,,Sat
17:42:22,4,Cottage Grove,,Sun
20:55:08,4,Cottage Grove,,Mon,Tue,Wed,Thu,Fri
09:10:05,3,King Drive,,Mon,Tue,Wed,Thu,Fri
14:21:07,3,King Drive,,Sat
18:53:16,J14,Jeffery Jump,,Sat
18:22:06,4,Cottage Grove,,Mon,Tue,Wed,Thu,Fri
13:47:07,3,King Drive,,Sat
09:37:58,J14,Jeffery Jump,,Mon,Tue,Wed,Thu,Fri
21:47:38,4,Cottage Grove,,Sun
16:33:14,6,Jackson Park Express,,Sat
07:15:25,J14,Jeffery Jump,,Sat
13:45:04,4,Cottage Grove,,Sat
12:42:28,J14,Jeffery Jump,,Sat
09:28:21,X4,Cottage Grove Express,,Mon,Tue,Wed,Thu,Fri
22:26:38,4,Cottage Grove,,Mon,Tue,Wed,Thu,Fri
16:08:46,3,King Drive,,Mon,Tue,Wed,Thu,Fri
05:34:47,6,Jackson Park Express,,Sun
15:36:36,4,Cottage Grove,,Sun
14:37:37,3,King Drive,,Sat
10:22:46,J14,Jeffery Jump,,Sun
13:07:06,4,Cottage Grove,,Mon,Tue,Wed,Thu,Fri
07:43:53,26,South Shore Express,,Mon,Tue,Wed,Thu,Fri
10:02:55,J14,Jeffery Jump,,Sun
15:56:36,4,Cottage Grove,,Sun
20:26:09,6,Jackson Park Express,,Sun
13:35:19,J14,Jeffery Jump,,Mon,Tue,Wed,Thu,Fri
14:49:04,4,Cottage Grove,,Sat
10:06:58,J14,Jeffery Jump,,Sat
10:18:38,6,Jackson Park Express,,Sun
21:02:16,J14,Jeffery Jump,,Sat
17:37:04,4,Cottage Grove,,Sat
15:35:22,6,Jackson Park Express,,Mon,Tue,Wed,Thu,Fri
20:42:16,J14,Jeffery Jump,,Sat
21:29:46,6,Jackson Park Express,,Sun
16:41:04,4,Cottage Grove,,Sat
20:13:22,6,Jackson Park Express,,Mon,Tue,Wed,Thu,Fri
09:19:53,4,Cottage Grove,,Sun
05:16:45,4,Cottage Grove,,Sun
08:26:54,6,Jackson Park Express,,Sat
15:58:07,3,King Drive,,Sat
20:00:34,J14,Jeffery Jump,,Sun
11:32:22,4,Cottage Grove,,Mon,Tue,Wed,Thu,Fri
09:25:40,J14,Jeffery Jump,,Mon,Tue,Wed,Thu,Fri
19:48:09,6,Jackson Park Express,,Sun
06:20:08,4,Cottage Grove,,Mon,Tue,Wed,Thu,Fri
09:15:51,X4,Cottage Grove Express,,Mon,Tue,Wed,Thu,Fri
18:43:46,J14,Jeffery Jump,,Sat
13:03:54,6,Jackson Park Express,,Sun
19:33:38,4,Cottage Grove,,Mon,Tue,Wed,Thu,Fri
13:45:19,J14,Jeffery Jump,,Mon,Tue,Wed,Thu,Fri
21:41:39,6,Jackson Park Express,,Sun
16:34:07,3,King Drive,,Sat
19:46:38,4,Cottage Grove,,Sun
13:56:36,4,Cottage Grove,,Mon,Tue,Wed,Thu,Fri
09:44:37,4,Cottage Grove,,Sat
16:46:06,4,Cottage Grove,,Mon,Tue,Wed,Thu,Fri
08:55:05,3,King Drive,,Mon,Tue,Wed,Thu,Fri
15:18:21,3,King Drive,,Sun
05:58:39,6,Jackson Park Express,,Mon,Tue,Wed,Thu,Fri
14:35:19,J14,Jeffery Jump,,Mon,Tue,Wed,Thu,Fri
15:53:04,4,Cottage Grove,,Sat
06:43:55,J14,Jeffery Jump,,Sat
11:03:24,6,Jackson Park Express,,Sun
20:57:40,3,King Drive,,Sat
01:52:40,4,Cottage Grove,,Sun
10:52:52,4,Cottage Grove,,Mon,Tue,Wed,Thu,Fri
06:19:24,3,King Drive,,Mon,Tue,Wed,Thu,Fri
13:41:10,J14,Jeffery Jump,,Sat
09:59:22,4,Cottage Grove,,Sun
14:26:16,J14,Jeffery Jump,,Sun
15:36:51,X4,Cottage Grove Express,,Mon,Tue,Wed,Thu,Fri
09:59:22,4,Cottage Grove,,Sun
14:56:16,3,King Drive,,Sun
13:38:07,3,King Drive,,Sat
22:08:08,4,Cottage Grove,,Sat
20:01:23,4,Cottage Grove,,Mon,Tue,Wed,Thu,Fri
13:53:05,3,King Drive,,Mon,Tue,Wed,Thu,Fri
14:09:22,6,Jackson Park Express,,Mon,Tue,Wed,Thu,Fri
07:37:23,26,South Shore Express,,Mon,Tue,Wed,Thu,Fri
08:36:22,4,Cottage Grove,,Mon,Tue,Wed,Thu,Fri
12:09:22,4,Cottage Grove,,Mon,Tue,Wed,Thu,Fri
22:51:54,6,Jackson Park Express,,Sat
12:13:36,6,Jackson Park Express,,Sat
12:43:26,3,King Drive,,Sat
12:52:10,J14,Jeffery Jump,,Sat
08:43:34,J14,Jeffery Jump,,Sun
18:57:35,3,King Drive,,Mon,Tue,Wed,Thu,Fri
14:13:07,3,King Drive,,Sat
13:56:16,J14,Jeffery Jump,,Sun
23:51:54,6,Jackson Park Express,,Sat
06:28:54,3,King Drive,,Mon,Tue,Wed,Thu,Fri
10:56:28,J14,Jeffery Jump,,Mon,Tue,Wed,Thu,Fri
20:32:19,3,King Drive,,Sun
12:47:05,3,King Drive,,Mon,Tue,Wed,Thu,Fri
05:23:25,6,Jackson Park Express,,Sat
13:15:19,J14,Jeffery Jump,,Mon,Tue,Wed,Thu,Fri
14:25:04,4,Cottage Grove,,Sat
09:17:35,3,King Drive,,Mon,Tue,Wed,Thu,Fri
05:52:16,J14,Jeffery Jump,,Mon,Tue,Wed,Thu,Fri
14:05:07,3,King Drive,,Sat
21:10:34,J14,Jeffery Jump,,Sun
22:14:08,4,Cottage Grove,,Mon,Tue,Wed,Thu,Fri
06:27:25,J14,Jeffery Jump,,Sat
10:49:36,6,Jackson Park Express,,Sun
11:59:52,4,Cottage Grove,,Mon,Tue,Wed,Thu,Fri
07:21:49,3,King Drive,,Sat
14:36:16,J14,Jeffery Jump,,Sun
17:27:04,4,Cottage Grove,,Sat
16:43:07,3,King Drive,,Sat
12:19:54,6,Jackson Park Express,,Mon,Tue,Wed,Thu,Fri
20:48:38,4,Cottage Grove,,Mon,Tue,Wed,Thu,Fri
08:05:38,6,Jackson Park Express,,Mon,Tue,Wed,Thu,Fri
07:05:49,3,King Drive,,Sat
12:07:54,6,Jackson Park Express,,Mon,Tue,Wed,Thu,Fri
09:46:31,6,Jackson Park Express,,Sun
07:17:07,X4,Cottage Grove Express,,Mon,Tue,Wed,Thu,Fri
08:57:16,6,Jackson Park Express,,Mon,Tue,Wed,Thu,Fri
09:10:05,3,King Drive,,Mon,Tue,Wed,Thu,Fri
10:12:06,X4,Cottage Grove Express,,Mon,Tue,Wed,Thu,Fri
08:31:05,3,King Drive,,Mon,Tue,Wed,Thu,Fri
14:44:36,4,Cottage Grove,,Mon,Tue,Wed,Thu,Fri
19:34:36,4,Cottage Grove,,Sat
13:26:52,4,Cottage Grove,,Sun
18:31:36,4,Cottage Grove,,Mon,Tue,Wed,Thu,Fri
06:26:04,26,South Shore Express,,Mon,Tue,Wed,Thu,Fri
18:04:20,4,Cottage Grove,,Mon,Tue,Wed,Thu,Fri
15:13:07,3,King Drive,,Sat
08:11:05,3,King Drive,,Mon,Tue,Wed,Thu,Fri
08:10:52,J14,Jeffery Jump,,Mon,Tue,Wed,Thu,Fri
19:14:46,J14,Jeffery Jump,,Mon,Tue,Wed,Thu,Fri
10:23:00,3,King Drive,,Mon,Tue,Wed,Thu,Fri
00:44:54,6,Jackson Park Express,,Sun
17:40:10,J14,Jeffery Jump,,Mon,Tue,Wed,Thu,Fri
17:30:21,3,King Drive,,Sun
09:05:52,4,Cottage Grove,,Mon,Tue,Wed,Thu,Fri
20:12:38,4,Cottage Grove,,Sat
11:19:54,6,Jackson Park Express,,Mon,Tue,Wed,Thu,Fri
22:35:38,4,Cottage Grove,,Sat
11:35:05,3,King Drive,,Sun
13:35:19,J14,Jeffery Jump,,Mon,Tue,Wed,Thu,Fri
15:38:16,6,Jackson Park Express,,Mon,Tue,Wed,Thu,Fri
06:44:54,4,Cottage Grove,,Sun
15:29:04,4,Cottage Grove,,Sat
21:54:08,4,Cottage Grove,,Mon,Tue,Wed,Thu,Fri
07:28:37,26,South Shore Express,,Mon,Tue,Wed,Thu,Fri
19:24:46,J14,Jeffery Jump,,Mon,Tue,Wed,Thu,Fri
23:20:39,4,Cottage Grove,,Mon,Tue,Wed,Thu,Fri
11:27:06,6,Jackson Park Express,,Sat
08:27:37,J14,Jeffery Jump,,Sat
07:28:37,X4,Cottage Grove Express,,Mon,Tue,Wed,Thu,Fri
11:02:46,J14,Jeffery Jump,,Sun
15:26:36,4,Cottage Grove,,Sun
18:42:46,3,King Drive,,Mon,Tue,Wed,Thu,Fri
14:15:05,3,King Drive,,Mon,Tue,Wed,Thu,Fri
09:22:55,J14,Jeffery Jump,,Sun
14:04:46,6,Jackson Park Express,,Sat
10:06:28,J14,Jeffery Jump,,Mon,Tue,Wed,Thu,Fri
06:24:09,6,Jackson Park Express,,Mon,Tue,Wed,Thu,Fri
17:25:46,3,King Drive,,Mon,Tue,Wed,Thu,Fri
13:02:10,J14,Jeffery Jump,,Sat
09:34:52,4,Cottage Grove,,Mon,Tue,Wed,Thu,Fri
21:20:34,J14,Jeffery Jump,,Sun
15:05:04,4,Cottage Grove,,Sat
14:45:22,6,Jackson Park Express,,Mon,Tue,Wed,Thu,Fri
17:16:10,J14,Jeffery Jump,,Sat
12:22:28,J14,Jeffery Jump,,Sat
19:40:40,3,King Drive,,Sat
08:35:52,4,Cottage Grove,,Mon,Tue,Wed,Thu,Fri
14:57:06,4,Cottage Grove,,Fri
19:23:38,4,Cottage Grove,,Mon,Tue,Wed,Thu,Fri
24:30:10,4,Cottage Grove,,Mon,Tue,Wed,Thu,Fri
08:58:37,J14,Jeffery Jump,,Sat
16:52:31,6,Jackson Park Express,,Sun
14:41:04,4,Cottage Grove,,Sat
05:16:40,4,Cottage Grove,,Sun
18:33:39,6,Jackson Park Express,,Mon,Tue,Wed,Thu,Fri
07:46:00,3,King Drive,,Mon,Tue,Wed,Thu,Fri
05:26:49,3,King Drive,,Mon,Tue,Wed,Thu,Fri
04:54:09,4,Cottage Grove,,Sat
15:24:21,X4,Cottage Grove Express,,Mon,Tue,Wed,Thu,Fri
15:40:07,3,King Drive,,Sat
13:49:01,6,Jackson Park Express,,Mon,Tue,Wed,Thu,Fri
20:53:09,6,Jackson Park Express,,Sat
14:59:35,3,King Drive,,Mon,Tue,Wed,Thu,Fri
18:53:09,6,Jackson Park Express,,Sun
21:10:35,3,King Drive,,Sat
08:36:38,4,Cottage Grove,,Sun
05:35:49,3,King Drive,,Mon,Tue,Wed,Thu,Fri
20:04:40,3,King Drive,,Sat
17:40:10,J14,Jeffery Jump,,Mon,Tue,Wed,Thu,Fri
12:46:51,4,Cottage Grove,,Sat
18:40:52,4,Cottage Grove,,Sun
06:58:54,3,King Drive,,Mon,Tue,Wed,Thu,Fri
17:30:21,3,King Drive,,Sun
13:20:16,6,Jackson Park Express,,Sat
23:38:39,3,King Drive,,Mon,Tue,Wed,Thu,Fri
15:34:28,J14,Jeffery Jump,,Mon,Tue,Wed,Thu,Fri
17:47:46,3,King Drive,,Mon,Tue,Wed,Thu,Fri
07:42:25,J14,Jeffery Jump,,Sat
16:38:43,J14,Jeffery Jump,,Sat
07:29:40,J14,Jeffery Jump,,Mon,Tue,Wed,Thu,Fri
13:28:34,4,Cottage Grove,,Sat
17:54:30,6,Jackson Park Express,,Mon,Tue,Wed,Thu,Fri
10:22:46,J14,Jeffery Jump,,Sun
19:34:46,J14,Jeffery Jump,,Mon,Tue,Wed,Thu,Fri
18:36:09,6,Jackson Park Express,,Sun
21:32:16,J14,Jeffery Jump,,Sat
00:36:55,6,Jackson Park Express,,Mon
13:45:22,6,Jackson Park Express,,Mon,Tue,Wed,Thu,Fri
08:51:08,6,Jackson Park Express,,Sat
15:15:36,6,Jackson Park Express,,Sun
18:41:55,J14,Jeffery Jump,,Sun
17:53:04,4,Cottage Grove,,Sat
19:05:16,J14,Jeffery Jump,,Mon,Tue,Wed,Thu,Fri
13:56:36,4,Cottage Grove,,Sun
11:45:37,J14,Jeffery Jump,,Mon,Tue,Wed,Thu,Fri
10:21:24,3,King Drive,,Sun
20:29:40,3,King Drive,,Sat
14:30:07,3,King Drive,,Sat
15:11:36,6,Jackson Park Express,,Sat
13:39:35,26,South Shore Express,,Mon,Tue,Wed,Thu,Fri
10:12:46,J14,Jeffery Jump,,Sun
11:25:37,J14,Jeffery Jump,,Mon,Tue,Wed,Thu,Fri
06:31:46,J14,Jeffery Jump,,Mon,Tue,Wed,Thu,Fri
16:28:43,J14,Jeffery Jump,,Sat
14:31:34,4,Cottage Grove,,Sat
19:31:00,3,King Drive,,Sun
11:22:07,4,Cottage Grove,,Sat
13:46:36,4,Cottage Grove,,Mon,Tue,Wed,Thu,Fri
20:18:38,4,Cottage Grove,,Mon,Tue,Wed,Thu,Fri
20:56:08,4,Cottage Grove,,Sun
17:28:52,6,Jackson Park Express,,Sat
13:25:01,6,Jackson Park Express,,Mon,Tue,Wed,Thu,Fri
15:35:34,4,Cottage Grove,,Sat
19:27:23,4,Cottage Grove,,Sun
13:56:54,6,Jackson Park Express,,Sun
15:24:28,J14,Jeffery Jump,,Mon,Tue,Wed,Thu,Fri
10:52:37,4,Cottage Grove,,Sat
11:42:28,J14,Jeffery Jump,,Sat
07:17:08,4,Cottage Grove,,Sun
13:45:19,J14,Jeffery Jump,,Mon,Tue,Wed,Thu,Fri
22:57:52,6,Jackson Park Express,,Mon,Tue,Wed,Thu,Fri
15:16:46,6,Jackson Park Express,,Sat
13:36:40,3,King Drive,,Sun
09:23:52,4,Cottage Grove,,Sat
18:37:37,J14,Jeffery Jump,,Mon,Tue,Wed,Thu,Fri
19:12:22,4,Cottage Grove,,Sun
14:12:50,26,South Shore Express,,Mon,Tue,Wed,Thu,Fri
18:35:38,6,Jackson Park Express,,Sun
07:30:54,6,Jackson Park Express,,Sun
17:46:22,6,Jackson Park Express,,Mon,Tue,Wed,Thu,Fri
24:54:15,4,Cottage Grove,,Sun
22:21:08,4,Cottage Grove,,Sun
10:56:06,6,Jackson Park Express,,Sat
06:48:54,6,Jackson Park Express,,Mon,Tue,Wed,Thu,Fri
14:14:06,4,Cottage Grove,,Mon,Tue,Wed,Thu,Fri
09:08:53,26,South Shore Express,,Mon,Tue,Wed,Thu,Fri
14:10:40,3,King Drive,,Sun
09:15:01,6,Jackson Park Express,,Mon,Tue,Wed,Thu,Fri
13:05:19,J14,Jeffery Jump,,Mon,Tue,Wed,Thu,Fri
07:00:25,J14,Jeffery Jump,,Sat
21:11:19,3,King Drive,,Mon,Tue,Wed,Thu,Fri
11:29:22,4,Cottage Grove,,Sun
17:00:22,6,Jackson Park Express,,Sat
15:26:16,6,Jackson Park Express,,Mon,Tue,Wed,Thu,Fri
21:45:46,J14,Jeffery Jump,,Mon,Tue,Wed,Thu,Fri
17:47:46,3,King Drive,,Mon,Tue,Wed,Thu,Fri
15:19:34,4,Cottage Grove,,Sat
19:13:09,6,Jackson Park Express,,Sat
06:19:38,4,Cottage Grove,,Mon,Tue,Wed,Thu,Fri
08:51:44,3,King Drive,,Sun
10:44:07,4,Cottage Grove,,Sat
10:33:24,3,King Drive,,Sun
14:21:40,3,King Drive,,Sun
08:00:52,J14,Jeffery Jump,,Mon,Tue,Wed,Thu,Fri
23:34:39,4,Cottage Grove,,Mon,Tue,Wed,Thu,Fri
23:07:38,4,Cottage Grove,,Mon,Tue,Wed,Thu,Fri
12:14:51,4,Cottage Grove,,Sat
17:16:36,4,Cottage Grove,,Sun
19:18:16,3,King Drive,,Sat
21:00:34,J14,Jeffery Jump,,Sun
08:43:05,3,King Drive,,Mon,Tue,Wed,Thu,Fri
06:36:47,6,Jackson Park Express,,Mon,Tue,Wed,Thu,Fri
22:07:24,6,Jackson Park Express,,Sat
17:34:46,J14,Jeffery Jump,,Sun
16:43:02,143,Stockton/Michigan Express,,Mon,Tue,Wed,Thu,Fri
23:11:54,4,Cottage Grove,,Sun
09:55:54,6,Jackson Park Express,,Mon,Tue,Wed,Thu,Fri
08:57:13,J14,Jeffery Jump,,Mon,Tue,Wed,Thu,Fri
10:02:01,6,Jackson Park Express,,Sat
17:12:07,3,King Drive,,Sat
12:45:24,6,Jackson Park Express,,Sat
08:10:08,4,Cottage Grove,,Sun
10:06:58,J14,Jeffery Jump,,Sat
05:43:46,J14,Jeffery Jump,,Mon,Tue,Wed,Thu,Fri
17:06:07,J14,Jeffery Jump,,Sun
21:40:34,J14,Jeffery Jump,,Sun
11:49:21,4,Cottage Grove,,Sat
20:10:34,J14,Jeffery Jump,,Sun
18:50:24,6,Jackson Park Express,,Sat
09:40:51,26,South Shore Express,,Mon,Tue,Wed,Thu,Fri
07:20:21,26,South Shore Express,,Mon,Tue,Wed,Thu,Fri
07:59:22,4,Cottage Grove,,Mon,Tue,Wed,Thu,Fri
15:40:21,3,King Drive,,Sun
22:37:55,6,Jackson Park Express,,Sun
20:16:40,3,King Drive,,Sat
16:25:51,X4,Cottage Grove Express,,Mon,Tue,Wed,Thu,Fri
17:50:49,4,Cottage Grove,,Sat
11:34:20,26,South Shore Express,,Mon,Tue,Wed,Thu,Fri
10:21:24,3,King Drive,,Sun
05:14:02,26,South Shore Express,,Mon,Tue,Wed,Thu,Fri
18:14:16,3,King Drive,,Sun
20:21:08,4,Cottage Grove,,Sat
07:01:17,6,Jackson Park Express,,Mon,Tue,Wed,Thu,Fri
16:28:36,6,Jackson Park Express,,Sun
08:16:39,6,Jackson Park Express,,Sat
13:13:40,3,King Drive,,Sun
15:56:40,3,King Drive,,Mon,Tue,Wed,Thu,Fri
07:32:08,4,Cottage Grove,,Sun
08:00:52,J14,Jeffery Jump,,Mon,Tue,Wed,Thu,Fri
03:54:15,4,Cottage Grove,,Sun
06:49:53,4,Cottage Grove,,Mon,Tue,Wed,Thu,Fri
21:27:08,4,Cottage Grove,,Sat
09:13:52,J14,Jeffery Jump,,Mon,Tue,Wed,Thu,Fri
12:20:20,26,South Shore Express,,Mon,Tue,Wed,Thu,Fri
19:41:00,3,King Drive,,Mon,Tue,Wed,Thu,Fri
18:55:46,3,King Drive,,Sat
12:35:28,J14,Jeffery Jump,,Mon,Tue,Wed,Thu,Fri
15:58:43,J14,Jeffery Jump,,Sat
15:02:36,6,Jackson Park Express,,Sat
13:59:34,4,Cottage Grove,,Sat
14:46:07,3,King Drive,,Sat
16:14:28,J14,Jeffery Jump,,Mon,Tue,Wed,Thu,Fri
22:06:08,4,Cottage Grove,,Sun
09:57:28,J14,Jeffery Jump,,Sat
20:02:16,J14,Jeffery Jump,,Sat
12:04:20,26,South Shore Express,,Mon,Tue,Wed,Thu,Fri
08:27:00,3,King Drive,,Sat
12:47:21,4,Cottage Grove,,Sat
11:03:52,4,Cottage Grove,,Mon,Tue,Wed,Thu,Fri
09:25:40,J14,Jeffery Jump,,Mon,Tue,Wed,Thu,Fri
18:24:05,3,King Drive,,Sun
20:04:40,3,King Drive,,Sat
16:18:43,J14,Jeffery Jump,,Sat
09:47:58,J14,Jeffery Jump,,Sat
11:18:31,6,Jackson Park Express,,Sat
17:55:05,4,Cottage Grove,,Mon,Tue,Wed,Thu,Fri
11:28:00,3,King Drive,,Mon,Tue,Wed,Thu,Fri
12:51:54,6,Jackson Park Express,,Sun
09:22:38,6,Jackson Park Express,,Mon,Tue,Wed,Thu,Fri
18:23:22,6,Jackson Park Express,,Sun
16:43:07,3,King Drive,,Sat
18:10:06,4,Cottage Grove,,Sat
02:24:15,4,Cottage Grove,,Sun
22:04:08,4,Cottage Grove,,Mon,Tue,Wed,Thu,Fri
09:32:10,J14,Jeffery Jump,,Mon,Tue,Wed,Thu,Fri
15:46:36,4,Cottage Grove,,Sun
11:19:22,4,Cottage Grove,,Sun
06:59:28,J14,Jeffery Jump,,Mon,Tue,Wed,Thu,Fri
13:05:19,J14,Jeffery Jump,,Mon,Tue,Wed,Thu,Fri
19:44:38,4,Cottage Grove,,Mon,Tue,Wed,Thu,Fri
13:57:22,6,Jackson Park Express,,Mon,Tue,Wed,Thu,Fri
20:05:25,6,Jackson Park Express,,Mon,Tue,Wed,Thu,Fri
15:56:16,J14,Jeffery Jump,,Sun
14:16:36,4,Cottage Grove,,Sun
09:34:22,4,Cottage Grove,,Mon,Tue,Wed,Thu,Fri
17:22:24,6,Jackson Park Express,,Sat
18:14:31,6,Jackson Park Express,,Sun
16:46:36,4,Cottage Grove,,Sun
17:34:52,6,Jackson Park Express,,Mon,Tue,Wed,Thu,Fri
14:16:24,6,Jackson Park Express,,Sun
09:26:22,4,Cottage Grove,,Mon,Tue,Wed,Thu,Fri
17:31:24,6,Jackson Park Express,,Sat
18:52:22,4,Cottage Grove,,Sun
16:42:40,J14,Jeffery Jump,,Mon,Tue,Wed,Thu,Fri
20:57:38,4,Cottage Grove,,Sun
07:05:58,J14,Jeffery Jump,,Mon,Tue,Wed,Thu,Fri
09:43:54,6,Jackson Park Express,,Mon,Tue,Wed,Thu,Fri
23:34:39,4,Cottage Grove,,Mon,Tue,Wed,Thu,Fri
14:01:01,6,Jackson Park Express,,Mon,Tue,Wed,Thu,Fri
13:56:52,4,Cottage Grove,,Sun
13:16:52,4,Cottage Grove,,Sun
10:46:31,6,Jackson Park Express,,Sun
16:18:41,143,Stockton/Michigan Express,,Mon,Tue,Wed,Thu,Fri
06:29:38,4,Cottage Grove,,Mon,Tue,Wed,Thu,Fri
04:24:40,4,Cottage Grove,,Sun
13:20:34,4,Cottage Grove,,Sat
23:29:24,6,Jackson Park Express,,Sun
14:25:19,J14,Jeffery Jump,,Mon,Tue,Wed,Thu,Fri
08:39:08,6,Jackson Park Express,,Sat
14:30:43,J14,Jeffery Jump,,Sat
14:35:22,X4,Cottage Grove Express,,Mon,Tue,Wed,Thu,Fri
07:08:38,4,Cottage Grove,,Mon,Tue,Wed,Thu,Fri
16:13:51,X4,Cottage Grove Express,,Mon,Tue,Wed,Thu,Fri
23:07:38,4,Cottage Grove,,Mon,Tue,Wed,Thu,Fri
19:25:39,6,Jackson Park Express,,Sat
19:11:09,6,Jackson Park Express,,Sun
16:38:52,6,Jackson Park Express,,Sun
17:50:05,X4,Cottage Grove Express,,Mon,Tue,Wed,Thu,Fri
11:04:50,26,South Shore Express,,Mon,Tue,Wed,Thu,Fri
19:32:00,3,King Drive,,Mon,Tue,Wed,Thu,Fri
09:03:39,6,Jackson Park Express,,Sat
18:55:46,J14,Jeffery Jump,,Mon,Tue,Wed,Thu,Fri
23:29:39,4,Cottage Grove,,Sun
08:17:07,J14,Jeffery Jump,,Sat
18:05:28,J14,Jeffery Jump,,Sat
12:53:02,3,King Drive,,Sat
09:49:01,6,Jackson Park Express,,Mon,Tue,Wed,Thu,Fri
21:11:08,6,Jackson Park Express,,Sun
14:56:16,3,King Drive,,Sun
08:41:00,3,King Drive,,Sat
11:28:31,6,Jackson Park Express,,Sat
22:09:24,6,Jackson Park Express,,Sun
17:55:51,143,Stockton/Michigan Express,,Mon,Tue,Wed,Thu,Fri
09:44:35,3,King Drive,,Mon,Tue,Wed,Thu,Fri
18:18:06,4,Cottage Grove,,Sat
08:34:38,6,Jackson Park Express,,Sun
08:54:53,4,Cottage Grove,,Sat
16:00:06,4,Cottage Grove,,Mon,Tue,Wed,Thu,Fri
17:25:52,4,Cottage Grove,,Sun
22:06:38,4,Cottage Grove,,Sat
16:49:04,4,Cottage Grove,,Sat
17:24:46,J14,Jeffery Jump,,Sun
09:30:31,6,Jackson Park Express,,Sun
21:11:19,3,King Drive,,Mon,Tue,Wed,Thu,Fri
19:48:08,4,Cottage Grove,,Sun
07:28:14,3,King Drive,,Sun
18:04:05,4,Cottage Grove,,Mon,Tue,Wed,Thu,Fri
20:49:38,6,Jackson Park Express,,Sat
20:38:08,4,Cottage Grove,,Sun
10:37:01,6,Jackson Park Express,,Sat
17:21:04,4,Cottage Grove,,Sat
15:38:36,6,Jackson Park Express,,Sat
06:02:54,6,Jackson Park Express,,Sat
16:56:06,4,Cottage Grove,,Mon,Tue,Wed,Thu,Fri
14:15:34,4,Cottage Grove,,Sat
16:09:36,4,Cottage Grove,,Mon,Tue,Wed,Thu,Fri
06:37:50,26,South Shore Express,,Mon,Tue,Wed,Thu,Fri
18:11:46,3,King Drive,,Sat
15:45:04,4,Cottage Grove,,Sat
13:41:10,J14,Jeffery Jump,,Sat
11:09:22,4,Cottage Grove,,Sun
10:43:54,6,Jackson Park Express,,Mon,Tue,Wed,Thu,Fri
13:09:22,6,Jackson Park Express,,Mon,Tue,Wed,Thu,Fri
16:52:46,3,King Drive,,Mon,Tue,Wed,Thu,Fri
20:52:08,6,Jackson Park Express,,Sun
16:37:51,X4,Cottage Grove Express,,Mon,Tue,Wed,Thu,Fri
22:36:08,4,Cottage Grove,,Sun
16:01:04,4,Cottage Grove,,Sat
21:11:08,4,Cottage Grove,,Sat
20:08:38,4,Cottage Grove,,Mon,Tue,Wed,Thu,Fri
17:58:46,3,King Drive,,Mon,Tue,Wed,Thu,Fri
16:02:16,6,Jackson Park Express,,Mon,Tue,Wed,Thu,Fri
19:13:22,6,Jackson Park Express,,Mon,Tue,Wed,Thu,Fri
09:26:05,3,King Drive,,Mon,Tue,Wed,Thu,Fri
18:29:24,6,Jackson Park Express,,Sat
12:37:40,3,King Drive,,Sun
09:15:09,6,Jackson Park Express,,Sat
17:02:31,J14,Jeffery Jump,,Mon,Tue,Wed,Thu,Fri
12:12:00,3,King Drive,,Mon,Tue,Wed,Thu,Fri
07:50:53,26,South Shore Express,,Mon,Tue,Wed,Thu,Fri
18:05:28,J14,Jeffery Jump,,Sat
16:25:07,3,King Drive,,Sat
06:10:34,J14,Jeffery Jump,,Sat
20:18:38,4,Cottage Grove,,Mon,Tue,Wed,Thu,Fri
08:53:38,4,Cottage Grove,,Sun
14:12:36,6,Jackson Park Express,,Sun
09:12:55,J14,Jeffery Jump,,Sun
13:36:36,4,Cottage Grove,,Mon,Tue,Wed,Thu,Fri
18:34:16,J14,Jeffery Jump,,Sat
11:31:54,6,Jackson Park Express,,Mon,Tue,Wed,Thu,Fri
16:52:07,3,King Drive,,Sat
06:53:52,X4,Cottage Grove Express,,Mon,Tue,Wed,Thu,Fri
21:23:25,J14,Jeffery Jump,,Mon,Tue,Wed,Thu,Fri
15:10:51,X4,Cottage Grove Express,,Mon,Tue,Wed,Thu,Fri
14:22:46,6,Jackson Park Express,,Sat
15:25:46,6,Jackson Park Express,,Sat
12:25:28,J14,Jeffery Jump,,Mon,Tue,Wed,Thu,Fri
16:31:34,4,Cottage Grove,,Sat
09:30:00,3,King Drive,,Sat
22:25:49,3,King Drive,,Sun
17:12:31,6,Jackson Park Express,,Sun
16:04:51,4,Cottage Grove,,Mon,Tue,Wed,Thu
16:04:51,4,Cottage Grove,,Mon,Tue,Wed,Thu
16:56:36,4,Cottage Grove,,Sun
17:28:02,143,Stockton/Michigan Express,,Mon,Tue,Wed,Thu,Fri
12:58:05,3,King Drive,,Mon,Tue,Wed,Thu,Fri
18:00:22,6,Jackson Park Express,,Mon,Tue,Wed,Thu,Fri
19:36:06,4,Cottage Grove,,Sat
21:23:00,3,King Drive,,Sat
16:03:41,143,Stockton/Michigan Express,,Mon,Tue,Wed,Thu,Fri
11:50:00,3,King Drive,,Mon,Tue,Wed,Thu,Fri
07:37:54,3,King Drive,,Mon,Tue,Wed,Thu,Fri
09:05:54,6,Jackson Park Express,,Mon,Tue,Wed,Thu,Fri
08:31:05,3,King Drive,,Mon,Tue,Wed,Thu,Fri
13:37:46,6,Jackson Park Express,,Sat
21:53:24,6,Jackson Park Express,,Sat
07:12:49,J14,Jeffery Jump,,Mon,Tue,Wed,Thu,Fri
17:31:07,4,Cottage Grove,,Sun
15:32:35,3,King Drive,,Mon,Tue,Wed,Thu,Fri
06:28:54,6,Jackson Park Express,,Sun
23:51:44,3,King Drive,,Sat
20:28:08,4,Cottage Grove,,Sun
15:49:07,3,King Drive,,Sat
04:52:39,4,Cottage Grove,,Mon,Tue,Wed,Thu,Fri
14:40:46,6,Jackson Park Express,,Sat
13:38:07,3,King Drive,,Sat
16:18:41,143,Stockton/Michigan Express,,Mon,Tue,Wed,Thu,Fri
11:23:58,J14,Jeffery Jump,,Sat
18:20:46,3,King Drive,,Mon,Tue,Wed,Thu,Fri
10:22:52,4,Cottage Grove,,Mon,Tue,Wed,Thu,Fri
06:27:25,J14,Jeffery Jump,,Sat
23:51:44,3,King Drive,,Sat
15:31:36,4,Cottage Grove,,Mon,Tue,Wed,Thu,Fri
11:11:05,3,King Drive,,Sun
16:16:36,4,Cottage Grove,,Sun
23:25:03,3,King Drive,,Sun
15:15:19,J14,Jeffery Jump,,Mon,Tue,Wed,Thu,Fri
08:40:05,X4,Cottage Grove Express,,Mon,Tue,Wed,Thu,Fri
24:28:15,4,Cottage Grove,,Sun
19:20:34,J14,Jeffery Jump,,Sun
09:08:37,J14,Jeffery Jump,,Sat
04:22:42,J14,Jeffery Jump,,Mon,Tue,Wed,Thu,Fri
06:48:50,26,South Shore Express,,Mon,Tue,Wed,Thu,Fri
14:07:34,4,Cottage Grove,,Sat
07:08:14,3,King Drive,,Sun
14:49:01,6,Jackson Park Express,,Mon,Tue,Wed,Thu,Fri
06:38:38,4,Cottage Grove,,Sat
09:21:38,4,Cottage Grove,,Sun
24:09:40,4,Cottage Grove,,Sun
19:34:17,6,Jackson Park Express,,Mon,Tue,Wed,Thu,Fri
07:06:24,3,King Drive,,Mon,Tue,Wed,Thu,Fri
10:39:22,4,Cottage Grove,,Sun
19:42:16,J14,Jeffery Jump,,Sat
09:43:22,4,Cottage Grove,,Mon,Tue,Wed,Thu,Fri
21:46:38,4,Cottage Grove,,Sat
11:32:22,4,Cottage Grove,,Mon,Tue,Wed,Thu,Fri
11:42:46,J14,Jeffery Jump,,Sun
17:43:02,3,King Drive,,Sat
20:17:00,3,King Drive,,Mon,Tue,Wed,Thu,Fri
08:45:53,4,Cottage Grove,,Sat
22:29:24,6,Jackson Park Express,,Sun
13:55:19,J14,Jeffery Jump,,Mon,Tue,Wed,Thu,Fri
12:26:52,4,Cottage Grove,,Sun
18:38:11,143,Stockton/Michigan Express,,Mon,Tue,Wed,Thu,Fri
07:18:19,J14,Jeffery Jump,,Mon,Tue,Wed,Thu,Fri
07:29:25,J14,Jeffery Jump,,Sat
10:29:22,4,Cottage Grove,,Sun
18:03:35,X4,Cottage Grove Express,,Mon,Tue,Wed,Thu,Fri
17:14:46,J14,Jeffery Jump,,Sun
07:54:25,J14,Jeffery Jump,,Sat
18:09:46,3,King Drive,,Mon,Tue,Wed,Thu,Fri
22:01:39,6,Jackson Park Express,,Sun
15:47:36,6,Jackson Park Express,,Sat
20:57:40,3,King Drive,,Sat
11:49:26,3,King Drive,,Sat
20:24:46,J14,Jeffery Jump,,Mon,Tue,Wed,Thu,Fri
13:06:52,4,Cottage Grove,,Sun
18:43:46,J14,Jeffery Jump,,Sat
13:37:01,6,Jackson Park Express,,Mon,Tue,Wed,Thu,Fri
12:25:05,3,King Drive,,Mon,Tue,Wed,Thu,Fri
16:52:30,6,Jackson Park Express,,Mon,Tue,Wed,Thu,Fri
08:22:04,J14,Jeffery Jump,,Sun
06:26:23,X4,Cottage Grove Express,,Mon,Tue,Wed,Thu,Fri
07:19:38,4,Cottage Grove,,Mon,Tue,Wed,Thu,Fri
15:49:21,X4,Cottage Grove Express,,Mon,Tue,Wed,Thu,Fri
14:43:46,3,King Drive,,Sun
06:16:46,J14,Jeffery Jump,,Mon,Tue,Wed,Thu,Fri
07:09:38,4,Cottage Grove,,Mon,Tue,Wed,Thu,Fri
12:39:46,J14,Jeffery Jump,,Sun
09:32:55,J14,Jeffery Jump,,Sun
05:36:39,4,Cottage Grove,,Sun
18:00:46,3,King Drive,,Sat
17:32:07,3,King Drive,,Sat
12:12:28,J14,Jeffery Jump,,Sat
16:06:36,4,Cottage Grove,,Sun
08:19:23,26,South Shore Express,,Mon,Tue,Wed,Thu,Fri
06:11:39,4,Cottage Grove,,Sun
13:14:36,6,Jackson Park Express,,Sat
10:46:28,J14,Jeffery Jump,,Mon,Tue,Wed,Thu,Fri
17:41:00,6,Jackson Park Express,,Mon,Tue,Wed,Thu,Fri
16:37:24,6,Jackson Park Express,,Sat
16:46:21,3,King Drive,,Sun
20:00:34,J14,Jeffery Jump,,Sun
15:36:36,4,Cottage Grove,,Sun
18:27:37,J14,Jeffery Jump,,Mon,Tue,Wed,Thu,Fri
14:06:36,4,Cottage Grove,,Sun
13:20:07,3,King Drive,,Sat
19:59:00,3,King Drive,,Mon,Tue,Wed,Thu,Fri
13:13:01,6,Jackson Park Express,,Mon,Tue,Wed,Thu,Fri
15:50:36,4,Cottage Grove,,Mon,Tue,Wed,Thu,Fri
21:01:38,6,Jackson Park Express,,Sat
10:53:52,4,Cottage Grove,,Mon,Tue,Wed,Thu,Fri
16:24:21,3,King Drive,,Sun
22:45:49,3,King Drive,,Sun
07:47:24,6,Jackson Park Express,,Sun
09:03:34,J14,Jeffery Jump,,Sun
16:02:21,3,King Drive,,Sun
09:20:01,J14,Jeffery Jump,,Mon,Tue,Wed,Thu,Fri
06:24:16,J14,Jeffery Jump,,Mon,Tue,Wed,Thu,Fri
17:38:52,6,Jackson Park Express,,Sat
06:38:38,X4,Cottage Grove Express,,Mon,Tue,Wed,Thu,Fri
05:45:32,26,South Shore Express,,Mon,Tue,Wed,Thu,Fri
16:23:22,6,Jackson Park Express,,Mon,Tue,Wed,Thu,Fri
14:57:06,4,Cottage Grove,,Fri
06:51:24,3,King Drive,,Mon,Tue,Wed,Thu,Fri
16:30:46,3,King Drive,,Mon,Tue,Wed,Thu,Fri
19:50:34,J14,Jeffery Jump,,Sun
02:23:10,4,Cottage Grove,,Mon
12:25:26,3,King Drive,,Sat
19:29:23,4,Cottage Grove,,Sun
06:43:55,J14,Jeffery Jump,,Sat
06:13:04,26,South Shore Express,,Mon,Tue,Wed,Thu,Fri
20:42:54,3,King Drive,,Mon,Tue,Wed,Thu,Fri
11:39:00,3,King Drive,,Mon,Tue,Wed,Thu,Fri
19:02:46,J14,Jeffery Jump,,Sat
07:54:51,X4,Cottage Grove Express,,Mon,Tue,Wed,Thu,Fri
14:04:05,3,King Drive,,Mon,Tue,Wed,Thu,Fri
17:50:56,3,King Drive,,Sat
09:26:05,3,King Drive,,Mon,Tue,Wed,Thu,Fri
23:22:39,3,King Drive,,Mon,Tue,Wed,Thu,Fri
11:23:58,J14,Jeffery Jump,,Sat
10:06:28,J14,Jeffery Jump,,Mon,Tue,Wed,Thu,Fri
14:32:40,3,King Drive,,Sun
02:53:40,4,Cottage Grove,,Mon
18:17:58,J14,Jeffery Jump,,Mon,Tue,Wed,Thu,Fri
19:22:16,J14,Jeffery Jump,,Sat
17:40:52,4,Cottage Grove,,Sun
10:07:54,6,Jackson Park Express,,Mon,Tue,Wed,Thu,Fri
22:40:25,J14,Jeffery Jump,,Mon,Tue,Wed,Thu,Fri
18:37:37,J14,Jeffery Jump,,Mon,Tue,Wed,Thu,Fri
18:00:46,3,King Drive,,Sat
05:12:55,6,Jackson Park Express,,Mon,Tue,Wed,Thu,Fri
13:06:36,4,Cottage Grove,,Mon,Tue,Wed,Thu,Fri
09:43:00,3,King Drive,,Sat
20:46:38,4,Cottage Grove,,Sun
15:26:06,6,Jackson Park Express,,Sun
12:08:54,6,Jackson Park Express,,Sat
12:55:19,J14,Jeffery Jump,,Mon,Tue,Wed,Thu,Fri
15:06:16,J14,Jeffery Jump,,Sun
10:12:38,6,Jackson Park Express,,Sat
17:59:35,4,Cottage Grove,,Sat
11:21:16,3,King Drive,,Sat
07:17:08,4,Cottage Grove,,Sun
20:14:38,6,Jackson Park Express,,Sun
20:00:08,6,Jackson Park Express,,Sat
12:30:16,J14,Jeffery Jump,,Sun
10:09:35,3,King Drive,,Sat
07:52:08,4,Cottage Grove,,Sun
10:09:22,4,Cottage Grove,,Sun
11:47:05,3,King Drive,,Sun
18:12:51,4,Cottage Grove,,Mon,Tue,Wed,Thu,Fri
19:59:19,3,King Drive,,Sun
18:55:46,3,King Drive,,Sat
10:16:28,J14,Jeffery Jump,,Mon,Tue,Wed,Thu,Fri
09:53:37,4,Cottage Grove,,Sat
06:00:46,J14,Jeffery Jump,,Mon,Tue,Wed,Thu,Fri
12:57:22,6,Jackson Park Express,,Mon,Tue,Wed,Thu,Fri
16:06:06,6,Jackson Park Express,,Sat
15:54:28,J14,Jeffery Jump,,Mon,Tue,Wed,Thu,Fri
07:41:22,X4,Cottage Grove Express,,Mon,Tue,Wed,Thu,Fri
08:05:53,4,Cottage Grove,,Sat
22:37:08,4,Cottage Grove,,Sat
03:24:40,4,Cottage Grove,,Tue,Wed,Thu,Fri,Sat
07:50:53,26,South Shore Express,,Mon,Tue,Wed,Thu,Fri
08:05:52,J14,Jeffery Jump,,Mon,Tue,Wed,Thu,Fri
19:20:08,4,Cottage Grove,,Sun
09:32:16,6,Jackson Park Express,,Mon,Tue,Wed,Thu,Fri
06:51:38,4,Cottage Grove,,Sat
22:52:38,4,Cottage Grove,,Mon,Tue,Wed,Thu,Fri
14:37:24,6,Jackson Park Express,,Sun
12:36:54,6,Jackson Park Express,,Sat
13:31:05,3,King Drive,,Mon,Tue,Wed,Thu,Fri
17:24:22,4,Cottage Grove,,Sun
02:54:40,4,Cottage Grove,,Tue,Wed,Thu,Fri,Sat
21:22:19,3,King Drive,,Mon,Tue,Wed,Thu,Fri
06:09:19,3,King Drive,,Mon,Tue,Wed,Thu,Fri
17:32:07,3,King Drive,,Sat
07:02:08,4,Cottage Grove,,Sun
21:22:16,J14,Jeffery Jump,,Sat
14:11:10,J14,Jeffery Jump,,Sat
18:04:46,J14,Jeffery Jump,,Sun
19:50:34,J14,Jeffery Jump,,Sun
18:38:11,143,Stockton/Michigan Express,,Mon,Tue,Wed,Thu,Fri
18:20:52,6,Jackson Park Express,,Sat
10:55:54,6,Jackson Park Express,,Mon,Tue,Wed,Thu,Fri
21:14:08,4,Cottage Grove,,Mon,Tue,Wed,Thu,Fri
16:52:31,J14,Jeffery Jump,,Mon,Tue,Wed,Thu,Fri
21:13:25,6,Jackson Park Express,,Mon,Tue,Wed,Thu,Fri
12:15:28,J14,Jeffery Jump,,Mon,Tue,Wed,Thu,Fri
11:47:05,3,King Drive,,Sun
09:34:52,4,Cottage Grove,,Sat
11:17:06,6,Jackson Park Express,,Sun
17:41:22,6,Jackson Park Express,,Sun
11:49:07,4,Cottage Grove,,Sun
12:49:40,3,King Drive,,Sun
08:08:54,3,King Drive,,Sat
23:52:40,4,Cottage Grove,,Sat
17:20:52,6,Jackson Park Express,,Sun
12:25:40,3,King Drive,,Sun
11:49:20,26,South Shore Express,,Mon,Tue,Wed,Thu,Fri
18:09:22,6,Jackson Park Express,,Sat
10:23:00,3,King Drive,,Mon,Tue,Wed,Thu,Fri
09:40:51,26,South Shore Express,,Mon,Tue,Wed,Thu,Fri
16:42:22,6,Jackson Park Express,,Sat
21:13:38,6,Jackson Park Express,,Sat
17:49:19,J14,Jeffery Jump,,Mon,Tue,Wed,Thu,Fri
08:27:22,4,Cottage Grove,,Mon,Tue,Wed,Thu,Fri
06:47:49,3,King Drive,,Sat
18:42:22,4,Cottage Grove,,Sun
12:25:26,3,King Drive,,Sat
17:13:24,6,Jackson Park Express,,Sat
05:25:24,6,Jackson Park Express,,Sat
18:46:06,4,Cottage Grove,,Sat
14:48:43,J14,Jeffery Jump,,Sat
22:22:08,4,Cottage Grove,,Sat
20:28:09,6,Jackson Park Express,,Sat
05:59:48,26,South Shore Express,,Mon,Tue,Wed,Thu,Fri
08:18:05,3,King Drive,,Mon,Tue,Wed,Thu,Fri
10:24:09,6,Jackson Park Express,,Mon,Tue,Wed,Thu,Fri
04:53:04,J14,Jeffery Jump,,Mon,Tue,Wed,Thu,Fri
14:01:10,J14,Jeffery Jump,,Sat
05:56:39,4,Cottage Grove,,Sun
06:40:08,4,Cottage Grove,,Mon,Tue,Wed,Thu,Fri
21:27:19,3,King Drive,,Sun
13:02:07,3,King Drive,,Sat
06:40:34,J14,Jeffery Jump,,Sun
09:46:28,J14,Jeffery Jump,,Mon,Tue,Wed,Thu,Fri
14:55:34,4,Cottage Grove,,Sat
21:53:00,3,King Drive,,Sat
17:14:22,143,Stockton/Michigan Express,,Mon,Tue,Wed,Thu,Fri
08:55:05,3,King Drive,,Mon,Tue,Wed,Thu,Fri
14:26:35,3,King Drive,,Mon,Tue,Wed,Thu,Fri
16:25:07,3,King Drive,,Sat
18:58:22,6,Jackson Park Express,,Mon,Tue,Wed,Thu,Fri
13:16:36,4,Cottage Grove,,Mon,Tue,Wed,Thu,Fri
05:15:55,J14,Jeffery Jump,,Mon,Tue,Wed,Thu,Fri
10:34:37,4,Cottage Grove,,Sat
15:49:21,X4,Cottage Grove Express,,Mon,Tue,Wed,Thu,Fri
13:50:36,6,Jackson Park Express,,Sat
08:37:05,3,King Drive,,Mon,Tue,Wed,Thu,Fri
15:20:36,6,Jackson Park Express,,Sat
07:44:53,4,Cottage Grove,,Sat
11:31:21,3,King Drive,,Sat
05:54:34,J14,Jeffery Jump,,Sat
21:20:23,4,Cottage Grove,,Sat
13:41:36,6,Jackson Park Express,,Sat
11:46:06,6,Jackson Park Express,,Sat
19:52:40,3,King Drive,,Sat
12:23:21,4,Cottage Grove,,Sat
16:24:19,J14,Jeffery Jump,,Mon,Tue,Wed,Thu,Fri
10:55:00,3,King Drive,,Mon,Tue,Wed,Thu,Fri
10:19:22,4,Cottage Grove,,Sun
09:39:54,3,King Drive,,Sun
03:54:15,4,Cottage Grove,,Sat
17:49:19,J14,Jeffery Jump,,Mon,Tue,Wed,Thu,Fri
08:38:07,J14,Jeffery Jump,,Sat
08:21:43,J14,Jeffery Jump,,Mon,Tue,Wed,Thu,Fri
22:12:55,6,Jackson Park Express,,Mon,Tue,Wed,Thu,Fri
07:21:34,J14,Jeffery Jump,,Sun
11:06:36,6,Jackson Park Express,,Sat
06:53:28,J14,Jeffery Jump,,Mon,Tue,Wed,Thu,Fri
10:53:37,4,Cottage Grove,,Sat
16:19:46,3,King Drive,,Mon,Tue,Wed,Thu,Fri
08:11:23,26,South Shore Express,,Mon,Tue,Wed,Thu,Fri
23:36:17,6,Jackson Park Express,,Sat
17:14:50,4,Cottage Grove,,Mon,Tue,Wed,Thu,Fri
07:29:38,4,Cottage Grove,,Mon,Tue,Wed,Thu,Fri
14:56:36,4,Cottage Grove,,Sun
13:25:19,J14,Jeffery Jump,,Mon,Tue,Wed,Thu,Fri
13:21:10,J14,Jeffery Jump,,Sat
08:38:07,J14,Jeffery Jump,,Sat
12:56:36,6,Jackson Park Express,,Sat
05:44:24,6,Jackson Park Express,,Sat
14:36:16,J14,Jeffery Jump,,Sun
12:21:36,6,Jackson Park Express,,Sat
14:26:54,6,Jackson Park Express,,Sun
13:36:36,4,Cottage Grove,,Mon,Tue,Wed,Thu,Fri
05:54:34,J14,Jeffery Jump,,Sat
20:03:22,4,Cottage Grove,,Sat
09:12:55,J14,Jeffery Jump,,Sun
14:46:50,26,South Shore Express,,Mon,Tue,Wed,Thu,Fri
14:16:16,J14,Jeffery Jump,,Sun
13:06:52,4,Cottage Grove,,Sun
06:54:24,6,Jackson Park Express,,Sat
09:44:35,3,King Drive,,Mon,Tue,Wed,Thu,Fri
20:32:19,3,King Drive,,Sun
18:53:16,J14,Jeffery Jump,,Sat
12:21:16,J14,Jeffery Jump,,Sun
17:25:46,3,King Drive,,Mon,Tue,Wed,Thu,Fri
07:45:01,J14,Jeffery Jump,,Mon,Tue,Wed,Thu,Fri
18:02:52,6,Jackson Park Express,,Sun
19:26:06,4,Cottage Grove,,Sat
20:44:25,J14,Jeffery Jump,,Mon,Tue,Wed,Thu,Fri
19:05:16,J14,Jeffery Jump,,Mon,Tue,Wed,Thu,Fri
11:57:06,6,Jackson Park Express,,Sun
11:55:36,6,Jackson Park Express,,Sat
08:51:43,J14,Jeffery Jump,,Mon,Tue,Wed,Thu,Fri
22:39:38,4,Cottage Grove,,Mon,Tue,Wed,Thu,Fri
20:33:08,6,Jackson Park Express,,Sun
18:22:46,3,King Drive,,Sat
05:11:09,4,Cottage Grove,,Mon,Tue,Wed,Thu,Fri
19:39:38,6,Jackson Park Express,,Sun
12:34:26,3,King Drive,,Sat
18:59:52,4,Cottage Grove,,Mon,Tue,Wed,Thu,Fri
12:07:26,3,King Drive,,Sat
10:39:22,4,Cottage Grove,,Sun
24:17:24,6,Jackson Park Express,,Sun
16:01:24,6,Jackson Park Express,,Sun
15:14:16,6,Jackson Park Express,,Mon,Tue,Wed,Thu,Fri
20:40:34,J14,Jeffery Jump,,Sun
18:24:05,3,King Drive,,Sun
19:16:30,3,King Drive,,Sun
12:18:52,4,Cottage Grove,,Mon,Tue,Wed,Thu,Fri
21:20:34,J14,Jeffery Jump,,Sun
21:12:16,J14,Jeffery Jump,,Sat
11:49:21,4,Cottage Grove,,Sat
13:48:10,3,King Drive,,Sun
16:03:41,143,Stockton/Michigan Express,,Mon,Tue,Wed,Thu,Fri
08:53:34,J14,Jeffery Jump,,Sun
16:25:04,4,Cottage Grove,,Sat
11:28:00,3,King Drive,,Mon,Tue,Wed,Thu,Fri
13:31:05,3,King Drive,,Mon,Tue,Wed,Thu,Fri
12:01:00,3,King Drive,,Mon,Tue,Wed,Thu,Fri
13:11:07,3,King Drive,,Sat
15:44:05,3,King Drive,,Mon,Tue,Wed,Thu,Fri
17:05:04,4,Cottage Grove,,Sat
05:29:14,3,King Drive,,Sat
14:15:19,J14,Jeffery Jump,,Mon,Tue,Wed,Thu,Fri
17:07:01,J14,Jeffery Jump,,Sat
18:32:22,4,Cottage Grove,,Sun
13:20:05,3,King Drive,,Mon,Tue,Wed,Thu,Fri
14:45:19,J14,Jeffery Jump,,Mon,Tue,Wed,Thu,Fri
11:06:28,J14,Jeffery Jump,,Mon,Tue,Wed,Thu,Fri
07:28:54,3,King Drive,,Mon,Tue,Wed,Thu,Fri
08:45:52,4,Cottage Grove,,Mon,Tue,Wed,Thu,Fri
19:41:00,3,King Drive,,Mon,Tue,Wed,Thu,Fri
15:32:35,3,King Drive,,Mon,Tue,Wed,Thu,Fri
04:22:42,J14,Jeffery Jump,,Mon,Tue,Wed,Thu,Fri
14:37:35,3,King Drive,,Mon,Tue,Wed,Thu,Fri
08:18:05,X4,Cottage Grove Express,,Mon,Tue,Wed,Thu,Fri
07:48:22,4,Cottage Grove,,Mon,Tue,Wed,Thu,Fri
13:46:16,J14,Jeffery Jump,,Sun
16:36:36,4,Cottage Grove,,Sun
07:46:00,3,King Drive,,Mon,Tue,Wed,Thu,Fri
20:14:46,J14,Jeffery Jump,,Mon,Tue,Wed,Thu,Fri
23:49:40,4,Cottage Grove,,Mon,Tue,Wed,Thu,Fri
11:23:22,4,Cottage Grove,,Mon,Tue,Wed,Thu,Fri
13:02:07,3,King Drive,,Sat
13:20:07,3,King Drive,,Sat
11:42:46,J14,Jeffery Jump,,Sun
17:52:21,3,King Drive,,Sun
16:59:52,6,Jackson Park Express,,Sun
18:20:06,4,Cottage Grove,,Sat
16:26:07,J14,Jeffery Jump,,Sun
14:57:04,4,Cottage Grove,,Sat
09:25:08,4,Cottage Grove,,Sat
08:50:38,6,Jackson Park Express,,Sun
21:41:25,J14,Jeffery Jump,,Sat
14:33:22,6,Jackson Park Express,,Mon,Tue,Wed,Thu,Fri
08:48:37,J14,Jeffery Jump,,Sat
12:14:51,4,Cottage Grove,,Sat
20:40:39,6,Jackson Park Express,,Sat
15:31:07,3,King Drive,,Sat
14:58:46,6,Jackson Park Express,,Sat
09:33:52,4,Cottage Grove,,Sat
19:23:08,6,Jackson Park Express,,Sat
10:43:52,4,Cottage Grove,,Mon,Tue,Wed,Thu,Fri
15:04:06,4,Cottage Grove,,Mon,Tue,Wed,Thu,Fri
15:08:43,J14,Jeffery Jump,,Sat
09:30:52,4,Cottage Grove,,Sun
03:54:40,4,Cottage Grove,,Sat
06:43:54,3,King Drive,,Mon,Tue,Wed,Thu,Fri
20:29:40,3,King Drive,,Sat
07:43:08,4,Cottage Grove,,Sun
17:02:07,3,King Drive,,Sat
08:25:05,3,King Drive,,Mon,Tue,Wed,Thu,Fri
13:26:52,4,Cottage Grove,,Sun
21:24:08,4,Cottage Grove,,Mon,Tue,Wed,Thu,Fri
07:50:01,J14,Jeffery Jump,,Mon,Tue,Wed,Thu,Fri
23:20:24,4,Cottage Grove,,Mon,Tue,Wed,Thu,Fri
05:29:24,4,Cottage Grove,,Mon,Tue,Wed,Thu,Fri
16:02:21,3,King Drive,,Sun
13:42:05,3,King Drive,,Mon,Tue,Wed,Thu,Fri
08:08:54,3,King Drive,,Sat
13:42:05,3,King Drive,,Mon,Tue,Wed,Thu,Fri
14:14:36,4,Cottage Grove,,Mon,Tue,Wed,Thu,Fri
16:15:06,6,Jackson Park Express,,Sat
15:36:36,6,Jackson Park Express,,Sun
08:27:39,6,Jackson Park Express,,Sun
12:48:06,4,Cottage Grove,,Mon,Tue,Wed,Thu,Fri
08:48:37,J14,Jeffery Jump,,Sat
15:51:21,3,King Drive,,Sun
07:38:38,4,Cottage Grove,,Mon,Tue,Wed,Thu,Fri
14:58:24,6,Jackson Park Express,,Sun
19:52:16,J14,Jeffery Jump,,Sat
19:21:38,4,Cottage Grove,,Sun
17:31:22,6,Jackson Park Express,,Sun
11:08:31,6,Jackson Park Express,,Sat
04:24:40,4,Cottage Grove,,Mon,Tue,Wed,Thu,Fri
11:02:07,4,Cottage Grove,,Sat
09:53:05,26,South Shore Express,,Mon,Tue,Wed,Thu,Fri
04:24:15,4,Cottage Grove,,Mon,Tue,Wed,Thu,Fri
09:17:35,3,King Drive,,Mon,Tue,Wed,Thu,Fri
19:54:46,J14,Jeffery Jump,,Mon,Tue,Wed,Thu,Fri
24:54:10,4,Cottage Grove,,Mon,Tue,Wed,Thu,Fri
21:32:55,6,Jackson Park Express,,Mon,Tue,Wed,Thu,Fri
16:46:24,6,Jackson Park Express,,Sat
12:38:06,4,Cottage Grove,,Mon,Tue,Wed,Thu,Fri
07:52:08,4,Cottage Grove,,Sun
24:32:45,4,Cottage Grove,,Sat
12:32:38,6,Jackson Park Express,,Mon,Tue,Wed,Thu,Fri
06:39:37,J14,Jeffery Jump,,Mon,Tue,Wed,Thu,Fri
17:54:20,4,Cottage Grove,,Mon,Tue,Wed,Thu,Fri
13:01:40,3,King Drive,,Sun
10:01:31,6,Jackson Park Express,,Sun
17:21:02,143,Stockton/Michigan Express,,Mon,Tue,Wed,Thu,Fri
16:41:46,3,King Drive,,Mon,Tue,Wed,Thu,Fri
08:57:13,J14,Jeffery Jump,,Mon,Tue,Wed,Thu,Fri
18:44:46,3,King Drive,,Sat
06:08:14,3,King Drive,,Sat
17:24:46,J14,Jeffery Jump,,Sun
12:37:40,3,King Drive,,Sun
21:14:08,4,Cottage Grove,,Mon,Tue,Wed,Thu,Fri
15:51:34,4,Cottage Grove,,Sat
19:16:06,4,Cottage Grove,,Sat
09:28:21,X4,Cottage Grove Express,,Mon,Tue,Wed,Thu,Fri
14:15:19,J14,Jeffery Jump,,Mon,Tue,Wed,Thu,Fri
08:41:00,3,King Drive,,Sat
19:49:25,6,Jackson Park Express,,Mon,Tue,Wed,Thu,Fri
19:18:16,3,King Drive,,Sat
17:06:36,4,Cottage Grove,,Sun
20:22:16,J14,Jeffery Jump,,Sat
12:25:40,3,King Drive,,Sun
16:35:21,3,King Drive,,Sun
07:57:53,26,South Shore Express,,Mon,Tue,Wed,Thu,Fri
17:24:19,X4,Cottage Grove Express,,Mon,Tue,Wed,Thu,Fri
16:36:36,4,Cottage Grove,,Sun
07:00:46,6,Jackson Park Express,,Mon,Tue,Wed,Thu,Fri
04:24:15,4,Cottage Grove,,Sun
20:00:23,4,Cottage Grove,,Mon,Tue,Wed,Thu,Fri
13:46:36,4,Cottage Grove,,Mon,Tue,Wed,Thu,Fri
13:46:52,4,Cottage Grove,,Sun
10:55:00,3,King Drive,,Mon,Tue,Wed,Thu,Fri
12:21:16,J14,Jeffery Jump,,Sun
05:09:14,3,King Drive,,Sat
14:55:19,J14,Jeffery Jump,,Mon,Tue,Wed,Thu,Fri
06:40:39,6,Jackson Park Express,,Sat
08:52:09,6,Jackson Park Express,,Sat
11:07:54,6,Jackson Park Express,,Mon,Tue,Wed,Thu,Fri
15:37:04,4,Cottage Grove,,Sat
10:33:52,6,Jackson Park Express,,Sun
19:38:09,6,Jackson Park Express,,Sat
08:29:05,X4,Cottage Grove Express,,Mon,Tue,Wed,Thu,Fri
09:03:13,J14,Jeffery Jump,,Mon,Tue,Wed,Thu,Fri
15:40:07,3,King Drive,,Sat
01:24:15,4,Cottage Grove,,Sun
21:32:55,J14,Jeffery Jump,,Mon,Tue,Wed,Thu,Fri
10:26:28,J14,Jeffery Jump,,Mon,Tue,Wed,Thu,Fri
10:36:28,J14,Jeffery Jump,,Sat
21:38:54,6,Jackson Park Express,,Sat
06:20:04,J14,Jeffery Jump,,Sun
09:50:31,6,Jackson Park Express,,Sat
10:30:35,3,King Drive,,Sat
17:36:46,3,King Drive,,Mon,Tue,Wed,Thu,Fri
07:44:53,4,Cottage Grove,,Sat
13:21:10,J14,Jeffery Jump,,Sat
14:16:16,J14,Jeffery Jump,,Sun
18:43:52,6,Jackson Park Express,,Mon,Tue,Wed,Thu,Fri
24:54:10,4,Cottage Grove,,Sat
21:34:08,4,Cottage Grove,,Mon,Tue,Wed,Thu,Fri
08:18:05,3,King Drive,,Mon,Tue,Wed,Thu,Fri
08:05:25,J14,Jeffery Jump,,Sat
13:46:54,6,Jackson Park Express,,Sun
20:35:00,3,King Drive,,Mon,Tue,Wed,Thu,Fri
13:12:19,4,Cottage Grove,,Sat
15:47:06,6,Jackson Park Express,,Sun
12:25:05,3,King Drive,,Mon,Tue,Wed,Thu,Fri
11:40:26,3,King Drive,,Sat
07:46:24,6,Jackson Park Express,,Mon,Tue,Wed,Thu,Fri
13:23:36,6,Jackson Park Express,,Sat
06:08:24,4,Cottage Grove,,Sat
18:47:07,J14,Jeffery Jump,,Mon,Tue,Wed,Thu,Fri
18:51:06,4,Cottage Grove,,Mon,Tue,Wed,Thu,Fri
23:34:54,3,King Drive,,Sat
14:46:16,J14,Jeffery Jump,,Sun
17:05:05,4,Cottage Grove,,Mon,Tue,Wed,Thu,Fri
08:33:43,J14,Jeffery Jump,,Mon,Tue,Wed,Thu,Fri
05:51:49,3,King Drive,,Mon,Tue,Wed,Thu,Fri
06:12:09,6,Jackson Park Express,,Mon,Tue,Wed,Thu,Fri
09:46:28,J14,Jeffery Jump,,Mon,Tue,Wed,Thu,Fri
21:04:38,4,Cottage Grove,,Mon,Tue,Wed,Thu,Fri
16:48:43,J14,Jeffery Jump,,Sat
11:45:54,6,Jackson Park Express,,Sun
08:51:44,3,King Drive,,Sun
15:27:34,4,Cottage Grove,,Sat
11:32:58,J14,Jeffery Jump,,Sat
08:05:25,J14,Jeffery Jump,,Sat
15:15:19,J14,Jeffery Jump,,Mon,Tue,Wed,Thu,Fri
13:23:05,26,South Shore Express,,Mon,Tue,Wed,Thu,Fri
15:47:22,6,Jackson Park Express,,Mon,Tue,Wed,Thu,Fri
06:31:46,J14,Jeffery Jump,,Mon,Tue,Wed,Thu,Fri
17:13:04,4,Cottage Grove,,Sat
11:31:21,3,King Drive,,Sat
16:26:36,4,Cottage Grove,,Sun
14:09:36,6,Jackson Park Express,,Sat
12:24:06,6,Jackson Park Express,,Sun
15:52:46,6,Jackson Park Express,,Sat
09:53:52,4,Cottage Grove,,Mon,Tue,Wed,Thu,Fri
14:21:40,3,King Drive,,Sun
21:45:49,3,King Drive,,Sun
23:41:55,6,Jackson Park Express,,Sun
15:22:07,3,King Drive,,Sat
16:06:16,J14,Jeffery Jump,,Sun
20:48:08,4,Cottage Grove,,Sun
09:25:01,6,Jackson Park Express,,Mon,Tue,Wed,Thu,Fri
18:15:07,J14,Jeffery Jump,,Sat
08:45:53,4,Cottage Grove,,Sat
11:03:07,4,Cottage Grove,,Sat
16:49:22,6,Jackson Park Express,,Sun
11:31:22,4,Cottage Grove,,Sat
15:44:28,J14,Jeffery Jump,,Mon,Tue,Wed,Thu,Fri
07:01:04,J14,Jeffery Jump,,Sun
08:43:34,J14,Jeffery Jump,,Sun
19:34:46,J14,Jeffery Jump,,Mon,Tue,Wed,Thu,Fri
08:10:08,4,Cottage Grove,,Sun
18:08:41,143,Stockton/Michigan Express,,Mon,Tue,Wed,Thu,Fri
20:08:08,4,Cottage Grove,,Sun
14:01:04,4,Cottage Grove,,Sat
22:14:08,4,Cottage Grove,,Mon,Tue,Wed,Thu,Fri
12:57:36,4,Cottage Grove,,Mon,Tue,Wed,Thu,Fri
12:22:51,4,Cottage Grove,,Sat
23:09:24,6,Jackson Park Express,,Sun
15:28:43,J14,Jeffery Jump,,Sat
15:06:16,J14,Jeffery Jump,,Sun
18:34:16,J14,Jeffery Jump,,Sat
16:11:54,6,Jackson Park Express,,Sun
07:10:54,6,Jackson Park Express,,Sat
12:42:28,J14,Jeffery Jump,,Sat
12:12:54,6,Jackson Park Express,,Sun
18:22:55,J14,Jeffery Jump,,Sun
14:00:06,6,Jackson Park Express,,Sat
16:39:34,4,Cottage Grove,,Sat
18:41:55,J14,Jeffery Jump,,Sun
09:07:49,3,King Drive,,Sun
21:01:08,4,Cottage Grove,,Sat
16:22:24,6,Jackson Park Express,,Sun
07:17:07,X4,Cottage Grove Express,,Mon,Tue,Wed,Thu,Fri
18:13:25,J14,Jeffery Jump,,Sun
17:58:52,6,Jackson Park Express,,Sat
18:44:36,4,Cottage Grove,,Sat
07:18:38,4,Cottage Grove,,Mon,Tue,Wed,Thu,Fri
10:23:52,4,Cottage Grove,,Mon,Tue,Wed,Thu,Fri
21:37:38,4,Cottage Grove,,Sun
12:55:35,4,Cottage Grove,,Sat
15:46:36,4,Cottage Grove,,Sun
10:12:52,4,Cottage Grove,,Mon,Tue,Wed,Thu,Fri
15:22:07,3,King Drive,,Sat
13:46:52,4,Cottage Grove,,Sun
11:00:35,3,King Drive,,Sat
07:55:01,J14,Jeffery Jump,,Mon,Tue,Wed,Thu,Fri
06:19:24,3,King Drive,,Mon,Tue,Wed,Thu,Fri
05:15:55,J14,Jeffery Jump,,Mon,Tue,Wed,Thu,Fri
16:26:46,6,Jackson Park Express,,Mon,Tue,Wed,Thu,Fri
15:50:36,4,Cottage Grove,,Mon,Tue,Wed,Thu,Fri
16:11:22,6,Jackson Park Express,,Mon,Tue,Wed,Thu,Fri
13:15:19,J14,Jeffery Jump,,Mon,Tue,Wed,Thu,Fri
13:37:04,4,Cottage Grove,,Sat
22:22:09,6,Jackson Park Express,,Sat
08:58:37,J14,Jeffery Jump,,Sat
19:06:06,4,Cottage Grove,,Sat
21:43:09,6,Jackson Park Express,,Sat
00:36:41,6,Jackson Park Express,,Tue,Wed,Thu,Fri,Sat
10:32:46,J14,Jeffery Jump,,Sun
07:45:08,6,Jackson Park Express,,Mon,Tue,Wed,Thu,Fri
14:13:01,6,Jackson Park Express,,Mon,Tue,Wed,Thu,Fri
24:05:25,6,Jackson Park Express,,Sat
05:34:25,J14,Jeffery Jump,,Mon,Tue,Wed,Thu,Fri
14:06:16,J14,Jeffery Jump,,Sun
12:37:01,6,Jackson Park Express,,Mon,Tue,Wed,Thu,Fri
10:59:05,3,King Drive,,Sun
06:49:54,6,Jackson Park Express,,Sun
08:10:44,3,King Drive,,Sun
19:06:46,3,King Drive,,Sat
17:12:31,J14,Jeffery Jump,,Mon,Tue,Wed,Thu,Fri
06:39:23,4,Cottage Grove,,Mon,Tue,Wed,Thu,Fri
12:16:26,3,King Drive,,Sat
22:58:00,3,King Drive,,Sat
15:21:35,3,King Drive,,Mon,Tue,Wed,Thu,Fri
17:14:46,J14,Jeffery Jump,,Sun
15:48:43,J14,Jeffery Jump,,Sat
14:49:46,6,Jackson Park Express,,Sat
11:12:46,J14,Jeffery Jump,,Sun
14:44:06,4,Cottage Grove,,Mon,Tue,Wed,Thu,Fri
08:15:53,4,Cottage Grove,,Sat
12:58:46,J14,Jeffery Jump,,Sun
10:16:31,6,Jackson Park Express,,Sun
17:03:34,4,Cottage Grove,,Sat
14:02:06,6,Jackson Park Express,,Sun
20:28:38,4,Cottage Grove,,Mon,Tue,Wed,Thu,Fri
19:43:54,3,King Drive,,Sun
06:48:14,3,King Drive,,Sun
11:40:22,4,Cottage Grove,,Mon,Tue,Wed,Thu,Fri
21:22:16,J14,Jeffery Jump,,Sat
05:34:34,J14,Jeffery Jump,,Sat
17:37:19,X4,Cottage Grove Express,,Mon,Tue,Wed,Thu,Fri
14:05:19,J14,Jeffery Jump,,Mon,Tue,Wed,Thu,Fri
17:15:20,4,Cottage Grove,,Mon,Tue,Wed,Thu,Fri
14:01:10,J14,Jeffery Jump,,Sat
20:20:34,J14,Jeffery Jump,,Sun
24:15:11,6,Jackson Park Express,,Mon,Tue,Wed,Thu,Fri
19:10:52,4,Cottage Grove,,Sun
12:06:21,4,Cottage Grove,,Sat
12:38:51,4,Cottage Grove,,Sat
17:31:10,J14,Jeffery Jump,,Mon,Tue,Wed,Thu,Fri
10:06:20,26,South Shore Express,,Mon,Tue,Wed,Thu,Fri
15:50:54,6,Jackson Park Express,,Sun
07:55:53,4,Cottage Grove,,Sat
21:29:23,4,Cottage Grove,,Sat
15:18:43,J14,Jeffery Jump,,Sat
21:27:19,3,King Drive,,Sun
17:05:35,4,Cottage Grove,,Mon,Tue,Wed,Thu,Fri
17:16:22,4,Cottage Grove,,Sun
08:01:08,4,Cottage Grove,,Sun
09:53:30,3,King Drive,,Mon,Tue,Wed,Thu,Fri
10:12:09,6,Jackson Park Express,,Mon,Tue,Wed,Thu,Fri
14:58:43,J14,Jeffery Jump,,Sat
17:58:49,J14,Jeffery Jump,,Mon,Tue,Wed,Thu,Fri
08:25:38,6,Jackson Park Express,,Mon,Tue,Wed,Thu,Fri
18:18:39,6,Jackson Park Express,,Mon,Tue,Wed,Thu,Fri
23:18:00,3,King Drive,,Sat
13:46:46,6,Jackson Park Express,,Sat
16:14:16,6,Jackson Park Express,,Mon,Tue,Wed,Thu,Fri
19:56:38,4,Cottage Grove,,Sun
07:39:24,6,Jackson Park Express,,Sat
15:29:21,3,King Drive,,Sun
10:59:22,4,Cottage Grove,,Sun
06:24:16,J14,Jeffery Jump,,Mon,Tue,Wed,Thu,Fri
09:13:08,6,Jackson Park Express,,Mon,Tue,Wed,Thu,Fri
11:38:54,6,Jackson Park Express,,Sat
11:52:46,J14,Jeffery Jump,,Sun
21:32:16,J14,Jeffery Jump,,Sat
17:19:21,3,King Drive,,Sun
13:56:05,26,South Shore Express,,Mon,Tue,Wed,Thu,Fri
13:53:04,4,Cottage Grove,,Sat
18:31:46,3,King Drive,,Mon,Tue,Wed,Thu,Fri
11:58:54,6,Jackson Park Express,,Sat
13:36:52,4,Cottage Grove,,Sun
09:53:05,26,South Shore Express,,Mon,Tue,Wed,Thu,Fri
12:25:01,6,Jackson Park Express,,Mon,Tue,Wed,Thu,Fri
19:59:00,3,King Drive,,Mon,Tue,Wed,Thu,Fri
13:59:40,3,King Drive,,Sun
10:48:09,6,Jackson Park Express,,Mon,Tue,Wed,Thu,Fri
11:23:05,3,King Drive,,Sun
05:49:14,3,King Drive,,Sat
09:47:58,J14,Jeffery Jump,,Sat
18:19:24,6,Jackson Park Express,,Sat
20:04:46,J14,Jeffery Jump,,Mon,Tue,Wed,Thu,Fri
17:29:04,4,Cottage Grove,,Sat
10:32:52,4,Cottage Grove,,Mon,Tue,Wed,Thu,Fri
23:05:54,4,Cottage Grove,,Sat
17:10:52,6,Jackson Park Express,,Mon,Tue,Wed,Thu,Fri
20:31:08,4,Cottage Grove,,Sat
10:35:20,26,South Shore Express,,Mon,Tue,Wed,Thu,Fri
15:16:36,4,Cottage Grove,,Sun
16:55:21,4,Cottage Grove,,Mon,Tue,Wed,Thu,Fri
15:09:52,6,Jackson Park Express,,Mon,Tue,Wed,Thu,Fri
13:25:19,J14,Jeffery Jump,,Mon,Tue,Wed,Thu,Fri
16:01:46,6,Jackson Park Express,,Sat
10:43:07,4,Cottage Grove,,Sat
04:38:25,6,Jackson Park Express,,Mon,Tue,Wed,Thu,Fri
10:35:20,26,South Shore Express,,Mon,Tue,Wed,Thu,Fri
08:33:04,J14,Jeffery Jump,,Sun
14:20:43,J14,Jeffery Jump,,Sat
16:56:36,4,Cottage Grove,,Sun
11:35:05,3,King Drive,,Sun
17:35:28,J14,Jeffery Jump,,Sat
09:20:53,26,South Shore Express,,Mon,Tue,Wed,Thu,Fri
16:57:21,3,King Drive,,Sun
07:32:53,4,Cottage Grove,,Sat
11:32:46,J14,Jeffery Jump,,Sun
15:07:46,6,Jackson Park Express,,Sat
14:55:07,3,King Drive,,Sat
10:59:05,3,King Drive,,Sun
07:06:24,3,King Drive,,Mon,Tue,Wed,Thu,Fri
15:46:16,J14,Jeffery Jump,,Sun
07:28:54,3,King Drive,,Mon,Tue,Wed,Thu,Fri
22:37:52,6,Jackson Park Express,,Mon,Tue,Wed,Thu,Fri
10:32:46,J14,Jeffery Jump,,Sun
05:37:39,4,Cottage Grove,,Sat
08:56:53,26,South Shore Express,,Mon,Tue,Wed,Thu,Fri
14:25:01,6,Jackson Park Express,,Mon,Tue,Wed,Thu,Fri
20:49:19,3,King Drive,,Sun
17:12:31,J14,Jeffery Jump,,Mon,Tue,Wed,Thu,Fri
10:30:35,3,King Drive,,Sat
15:48:43,J14,Jeffery Jump,,Sat
11:55:28,J14,Jeffery Jump,,Mon,Tue,Wed,Thu,Fri
18:48:30,3,King Drive,,Sun
06:59:09,6,Jackson Park Express,,Sat
17:11:34,4,Cottage Grove,,Sat
22:21:54,6,Jackson Park Express,,Sat
10:19:54,6,Jackson Park Express,,Mon,Tue,Wed,Thu,Fri
12:32:28,J14,Jeffery Jump,,Sat
16:38:43,J14,Jeffery Jump,,Sat
18:44:46,3,King Drive,,Sat
18:08:49,J14,Jeffery Jump,,Mon,Tue,Wed,Thu,Fri
04:57:09,6,Jackson Park Express,,Mon,Tue,Wed,Thu,Fri
05:49:14,3,King Drive,,Sat
06:38:38,X4,Cottage Grove Express,,Mon,Tue,Wed,Thu,Fri
19:24:38,4,Cottage Grove,,Mon,Tue,Wed,Thu,Fri
18:35:30,3,King Drive,,Sun
19:28:22,6,Jackson Park Express,,Mon,Tue,Wed,Thu,Fri
17:22:07,3,King Drive,,Sat
18:04:01,6,Jackson Park Express,,Sun
14:26:36,4,Cottage Grove,,Sun
07:13:54,3,King Drive,,Mon,Tue,Wed,Thu,Fri
11:42:28,J14,Jeffery Jump,,Sat
08:53:38,4,Cottage Grove,,Sun
15:13:07,3,King Drive,,Sat
06:27:14,3,King Drive,,Sat
01:54:15,4,Cottage Grove,,Tue,Wed,Thu,Fri,Sat
10:12:46,J14,Jeffery Jump,,Sun
21:02:38,4,Cottage Grove,,Sat
19:32:00,3,King Drive,,Mon,Tue,Wed,Thu,Fri
19:54:07,4,Cottage Grove,,Sat
21:04:08,4,Cottage Grove,,Mon,Tue,Wed,Thu,Fri
13:36:52,4,Cottage Grove,,Sun
15:54:28,J14,Jeffery Jump,,Mon,Tue,Wed,Thu,Fri
22:08:19,3,King Drive,,Mon,Tue,Wed,Thu,Fri
08:45:43,J14,Jeffery Jump,,Mon,Tue,Wed,Thu,Fri
22:57:55,6,Jackson Park Express,,Sun
11:06:28,J14,Jeffery Jump,,Mon,Tue,Wed,Thu,Fri
06:51:38,4,Cottage Grove,,Sat
11:59:54,6,Jackson Park Express,,Sun
17:33:07,4,Cottage Grove,,Sun
22:58:34,J14,Jeffery Jump,,Mon,Tue,Wed,Thu,Fri
12:47:05,3,King Drive,,Mon,Tue,Wed,Thu,Fri
13:20:06,6,Jackson Park Express,,Sun
03:54:40,4,Cottage Grove,,Mon,Tue,Wed,Thu,Fri
01:24:40,4,Cottage Grove,,Tue,Wed,Thu,Fri,Sat
06:40:34,J14,Jeffery Jump,,Sun
21:30:34,J14,Jeffery Jump,,Sun
17:45:28,J14,Jeffery Jump,,Sat
10:04:37,4,Cottage Grove,,Sat
06:59:28,J14,Jeffery Jump,,Mon,Tue,Wed,Thu,Fri
17:19:21,3,King Drive,,Sun
15:23:22,6,Jackson Park Express,,Mon,Tue,Wed,Thu,Fri
08:04:05,3,King Drive,,Mon,Tue,Wed,Thu,Fri
08:29:09,6,Jackson Park Express,,Sat
10:16:28,J14,Jeffery Jump,,Sat
17:16:10,J14,Jeffery Jump,,Sat
20:22:16,J14,Jeffery Jump,,Sat
16:37:06,4,Cottage Grove,,Mon,Tue,Wed,Thu,Fri
15:08:43,J14,Jeffery Jump,,Sat
18:12:22,4,Cottage Grove,,Sun
09:03:13,J14,Jeffery Jump,,Mon,Tue,Wed,Thu,Fri
15:19:24,6,Jackson Park Express,,Sun
16:08:46,3,King Drive,,Mon,Tue,Wed,Thu,Fri
21:03:39,6,Jackson Park Express,,Sun
07:36:49,3,King Drive,,Sat
18:27:37,J14,Jeffery Jump,,Mon,Tue,Wed,Thu,Fri
21:36:38,4,Cottage Grove,,Sat
21:00:19,3,King Drive,,Mon,Tue,Wed,Thu,Fri
14:33:04,4,Cottage Grove,,Sat
07:36:49,3,King Drive,,Sat
20:09:08,4,Cottage Grove,,Mon,Tue,Wed,Thu,Fri
17:14:46,3,King Drive,,Mon,Tue,Wed,Thu,Fri
17:14:22,143,Stockton/Michigan Express,,Mon,Tue,Wed,Thu,Fri
07:54:25,J14,Jeffery Jump,,Sat
10:46:28,J14,Jeffery Jump,,Sat
08:37:05,3,King Drive,,Mon,Tue,Wed,Thu,Fri
20:34:25,J14,Jeffery Jump,,Mon,Tue,Wed,Thu,Fri
11:16:28,J14,Jeffery Jump,,Mon,Tue,Wed,Thu,Fri
19:32:16,J14,Jeffery Jump,,Sat
18:56:06,4,Cottage Grove,,Sat
08:45:08,4,Cottage Grove,,Sun
11:11:05,3,King Drive,,Sun
15:36:16,J14,Jeffery Jump,,Sun
13:11:07,3,King Drive,,Sat
20:32:38,4,Cottage Grove,,Sat
23:25:03,3,King Drive,,Sun
07:56:34,J14,Jeffery Jump,,Sun
18:59:07,4,Cottage Grove,,Mon,Tue,Wed,Thu,Fri
07:39:38,4,Cottage Grove,,Mon,Tue,Wed,Thu,Fri
08:05:24,6,Jackson Park Express,,Sat
23:18:24,4,Cottage Grove,,Sat
20:26:38,4,Cottage Grove,,Sun
11:21:16,3,King Drive,,Sat
06:06:39,6,Jackson Park Express,,Sun
08:19:08,4,Cottage Grove,,Sun
07:24:09,6,Jackson Park Express,,Mon,Tue,Wed,Thu,Fri
05:28:39,6,Jackson Park Express,,Mon,Tue,Wed,Thu,Fri
21:38:52,6,Jackson Park Express,,Mon,Tue,Wed,Thu,Fri
10:52:46,J14,Jeffery Jump,,Sun
11:35:37,J14,Jeffery Jump,,Mon,Tue,Wed,Thu,Fri
12:52:10,J14,Jeffery Jump,,Sat
16:15:34,4,Cottage Grove,,Sat
13:51:10,J14,Jeffery Jump,,Sat
11:31:06,4,Cottage Grove,,Sat
08:33:04,J14,Jeffery Jump,,Sun
15:05:19,J14,Jeffery Jump,,Mon,Tue,Wed,Thu,Fri
22:52:33,6,Jackson Park Express,,Mon,Tue,Wed,Thu,Fri
18:12:51,4,Cottage Grove,,Mon,Tue,Wed,Thu,Fri
06:01:19,3,King Drive,,Mon,Tue,Wed,Thu,Fri
15:13:06,4,Cottage Grove,,Mon,Tue,Wed,Thu,Fri
19:52:16,J14,Jeffery Jump,,Sat
18:22:46,3,King Drive,,Sat
23:22:39,3,King Drive,,Mon,Tue,Wed,Thu,Fri
09:22:55,J14,Jeffery Jump,,Sun
07:24:09,6,Jackson Park Express,,Sun
11:49:26,3,King Drive,,Sat
14:54:36,6,Jackson Park Express,,Sun
12:45:28,J14,Jeffery Jump,,Mon,Tue,Wed,Thu,Fri
19:58:22,6,Jackson Park Express,,Mon,Tue,Wed,Thu,Fri
10:13:31,6,Jackson Park Express,,Sat
12:28:22,4,Cottage Grove,,Mon,Tue,Wed,Thu,Fri
20:18:08,4,Cottage Grove,,Sun
10:31:31,6,Jackson Park Express,,Sun
19:28:40,3,King Drive,,Sat
09:57:06,X4,Cottage Grove Express,,Mon,Tue,Wed,Thu,Fri
21:33:19,3,King Drive,,Mon,Tue,Wed,Thu,Fri
10:03:52,4,Cottage Grove,,Mon,Tue,Wed,Thu,Fri
08:53:34,J14,Jeffery Jump,,Sun
09:38:28,J14,Jeffery Jump,,Sat
21:44:19,3,King Drive,,Mon,Tue,Wed,Thu,Fri
16:28:06,4,Cottage Grove,,Mon,Tue,Wed,Thu,Fri
05:26:49,3,King Drive,,Mon,Tue,Wed,Thu,Fri
20:35:00,3,King Drive,,Mon,Tue,Wed,Thu,Fri
16:24:21,3,King Drive,,Sun
10:40:35,3,King Drive,,Sat
17:12:07,3,King Drive,,Sat
18:15:07,J14,Jeffery Jump,,Sat
22:08:19,3,King Drive,,Mon,Tue,Wed,Thu,Fri
15:38:43,J14,Jeffery Jump,,Sat
06:49:17,6,Jackson Park Express,,Mon,Tue,Wed,Thu,Fri
11:02:52,4,Cottage Grove,,Mon,Tue,Wed,Thu,Fri
18:03:21,3,King Drive,,Sun
23:36:09,6,Jackson Park Express,,Mon,Tue,Wed,Thu,Fri
13:36:24,6,Jackson Park Express,,Sun
19:59:19,3,King Drive,,Sun
24:12:40,4,Cottage Grove,,Sat
16:52:31,J14,Jeffery Jump,,Mon,Tue,Wed,Thu,Fri
08:18:22,4,Cottage Grove,,Mon,Tue,Wed,Thu,Fri
11:58:26,3,King Drive,,Sat
23:19:54,4,Cottage Grove,,Sat
18:41:06,4,Cottage Grove,,Mon,Tue,Wed,Thu,Fri
05:25:25,J14,Jeffery Jump,,Mon,Tue,Wed,Thu,Fri
17:41:21,3,King Drive,,Sun
09:10:53,4,Cottage Grove,,Sun
16:46:07,J14,Jeffery Jump,,Sun
16:10:46,6,Jackson Park Express,,Sat
20:03:09,6,Jackson Park Express,,Sat
21:52:55,6,Jackson Park Express,,Mon,Tue,Wed,Thu,Fri
06:30:08,4,Cottage Grove,,Mon,Tue,Wed,Thu,Fri
23:03:14,3,King Drive,,Sun
23:34:54,3,King Drive,,Sat
22:51:17,6,Jackson Park Express,,Sat
16:49:05,X4,Cottage Grove Express,,Mon,Tue,Wed,Thu,Fri
13:32:36,6,Jackson Park Express,,Sat
15:43:46,6,Jackson Park Express,,Sat
09:05:23,4,Cottage Grove,,Sat
17:44:46,J14,Jeffery Jump,,Sun
08:51:43,J14,Jeffery Jump,,Mon,Tue,Wed,Thu,Fri
09:11:53,4,Cottage Grove,,Sun
16:43:02,143,Stockton/Michigan Express,,Mon,Tue,Wed,Thu,Fri
12:36:05,3,King Drive,,Mon,Tue,Wed,Thu,Fri
16:31:51,143,Stockton/Michigan Express,,Mon,Tue,Wed,Thu,Fri
11:24:09,6,Jackson Park Express,,Mon,Tue,Wed,Thu,Fri
14:40:43,J14,Jeffery Jump,,Sat
17:36:02,143,Stockton/Michigan Express,,Mon,Tue,Wed,Thu,Fri
12:45:22,6,Jackson Park Express,,Mon,Tue,Wed,Thu,Fri
18:28:06,4,Cottage Grove,,Sat
08:39:43,J14,Jeffery Jump,,Mon,Tue,Wed,Thu,Fri
09:03:08,6,Jackson Park Express,,Sat
18:13:25,J14,Jeffery Jump,,Sun
06:02:55,6,Jackson Park Express,,Sat
10:50:35,3,King Drive,,Sat
11:40:21,4,Cottage Grove,,Sat
01:24:15,4,Cottage Grove,,Mon
07:00:05,26,South Shore Express,,Mon,Tue,Wed,Thu,Fri
10:16:28,J14,Jeffery Jump,,Mon,Tue,Wed,Thu,Fri
21:22:39,6,Jackson Park Express,,Sun
13:05:36,6,Jackson Park Express,,Sat
02:54:15,4,Cottage Grove,,Tue,Wed,Thu,Fri,Sat
05:14:02,26,South Shore Express,,Mon,Tue,Wed,Thu,Fri
21:23:00,3,King Drive,,Sat
10:26:28,J14,Jeffery Jump,,Sat
16:09:36,4,Cottage Grove,,Mon,Tue,Wed,Thu,Fri
06:26:04,26,South Shore Express,,Mon,Tue,Wed,Thu,Fri
11:04:06,6,Jackson Park Express,,Sun
08:51:35,X4,Cottage Grove Express,,Mon,Tue,Wed,Thu,Fri
19:10:34,J14,Jeffery Jump,,Sun
07:32:23,4,Cottage Grove,,Sat
17:22:07,3,King Drive,,Sat
06:00:08,4,Cottage Grove,,Mon,Tue,Wed,Thu,Fri
24:29:40,4,Cottage Grove,,Sun
12:53:54,6,Jackson Park Express,,Sat
20:49:19,3,King Drive,,Sun
18:29:22,6,Jackson Park Express,,Mon,Tue,Wed,Thu,Fri
15:18:43,J14,Jeffery Jump,,Sat
19:23:08,6,Jackson Park Express,,Sun
07:39:40,J14,Jeffery Jump,,Mon,Tue,Wed,Thu,Fri
13:26:36,4,Cottage Grove,,Mon,Tue,Wed,Thu,Fri
16:57:52,J14,Jeffery Jump,,Sat
13:56:16,J14,Jeffery Jump,,Sun
10:44:00,3,King Drive,,Mon,Tue,Wed,Thu,Fri
11:58:37,4,Cottage Grove,,Sun
09:56:35,3,King Drive,,Sat
16:42:01,6,Jackson Park Express,,Sun
12:56:52,4,Cottage Grove,,Sun
20:43:40,3,King Drive,,Sat
11:40:36,4,Cottage Grove,,Sat
14:37:37,3,King Drive,,Sat
08:17:16,6,Jackson Park Express,,Mon,Tue,Wed,Thu,Fri
04:56:25,6,Jackson Park Express,,Mon,Tue,Wed,Thu,Fri
06:48:50,26,South Shore Express,,Mon,Tue,Wed,Thu,Fri
17:51:22,6,Jackson Park Express,,Sun
21:06:08,4,Cottage Grove,,Sun
15:24:28,J14,Jeffery Jump,,Mon,Tue,Wed,Thu,Fri
19:02:30,3,King Drive,,Sun
10:36:28,J14,Jeffery Jump,,Mon,Tue,Wed,Thu,Fri
16:04:28,J14,Jeffery Jump,,Mon,Tue,Wed,Thu,Fri
18:48:39,6,Jackson Park Express,,Mon,Tue,Wed,Thu,Fri
08:35:38,6,Jackson Park Express,,Mon,Tue,Wed,Thu,Fri
14:54:06,4,Cottage Grove,,Mon,Tue,Wed,Thu,Fri
17:09:52,6,Jackson Park Express,,Sat
08:46:23,26,South Shore Express,,Mon,Tue,Wed,Thu,Fri
07:47:09,6,Jackson Park Express,,Sat
19:06:46,3,King Drive,,Sat
11:43:54,6,Jackson Park Express,,Mon,Tue,Wed,Thu,Fri
06:20:04,J14,Jeffery Jump,,Sun
21:40:34,J14,Jeffery Jump,,Sun
17:45:02,143,Stockton/Michigan Express,,Mon,Tue,Wed,Thu,Fri
18:50:52,4,Cottage Grove,,Sun
11:48:54,6,Jackson Park Express,,Sat
09:39:22,4,Cottage Grove,,Sun
17:25:49,J14,Jeffery Jump,,Sat
17:54:46,J14,Jeffery Jump,,Sun
14:48:35,3,King Drive,,Mon,Tue,Wed,Thu,Fri
14:19:06,6,Jackson Park Express,,Sat
22:50:38,4,Cottage Grove,,Sat
16:28:43,J14,Jeffery Jump,,Sat
06:25:38,4,Cottage Grove,,Sat
17:00:05,X4,Cottage Grove Express,,Mon,Tue,Wed,Thu,Fri
20:30:34,J14,Jeffery Jump,,Sun
08:49:05,3,King Drive,,Mon,Tue,Wed,Thu,Fri
07:28:14,3,King Drive,,Sun
15:41:06,4,Cottage Grove,,Mon,Tue,Wed,Thu,Fri
09:15:23,4,Cottage Grove,,Sat
11:49:07,4,Cottage Grove,,Sun
15:44:05,3,King Drive,,Mon,Tue,Wed,Thu,Fri
14:55:07,3,King Drive,,Sat
16:16:07,J14,Jeffery Jump,,Sun
08:27:53,26,South Shore Express,,Mon,Tue,Wed,Thu,Fri
17:37:19,X4,Cottage Grove Express,,Mon,Tue,Wed,Thu,Fri
16:41:46,3,King Drive,,Mon,Tue,Wed,Thu,Fri
17:04:30,6,Jackson Park Express,,Mon,Tue,Wed,Thu,Fri
10:02:52,4,Cottage Grove,,Mon,Tue,Wed,Thu,Fri
16:30:46,3,King Drive,,Mon,Tue,Wed,Thu,Fri
06:53:28,J14,Jeffery Jump,,Mon,Tue,Wed,Thu,Fri
19:58:08,4,Cottage Grove,,Sun
16:57:21,3,King Drive,,Sun
19:04:36,4,Cottage Grove,,Sat
06:35:39,6,Jackson Park Express,,Sun
09:32:10,J14,Jeffery Jump,,Mon,Tue,Wed,Thu,Fri
16:00:06,4,Cottage Grove,,Mon,Tue,Wed,Thu,Fri
08:47:16,6,Jackson Park Express,,Mon,Tue,Wed,Thu,Fri
08:36:53,26,South Shore Express,,Mon,Tue,Wed,Thu,Fri
15:57:36,6,Jackson Park Express,,Sun
06:43:54,3,King Drive,,Mon,Tue,Wed,Thu,Fri
12:47:36,6,Jackson Park Express,,Sun
03:54:40,4,Cottage Grove,,Sun
19:14:00,3,King Drive,,Mon,Tue,Wed,Thu,Fri
15:05:19,J14,Jeffery Jump,,Mon,Tue,Wed,Thu,Fri
13:09:36,6,Jackson Park Express,,Sun
07:43:53,26,South Shore Express,,Mon,Tue,Wed,Thu,Fri
08:46:22,4,Cottage Grove,,Mon,Tue,Wed,Thu,Fri
21:33:19,3,King Drive,,Mon,Tue,Wed,Thu,Fri
21:07:19,3,King Drive,,Sun
19:43:54,3,King Drive,,Sun
12:05:28,J14,Jeffery Jump,,Mon,Tue,Wed,Thu,Fri
07:48:14,3,King Drive,,Sun
24:18:39,6,Jackson Park Express,,Mon,Tue,Wed,Thu,Fri
18:42:46,3,King Drive,,Mon,Tue,Wed,Thu,Fri
06:51:24,3,King Drive,,Mon,Tue,Wed,Thu,Fri
17:21:02,143,Stockton/Michigan Express,,Mon,Tue,Wed,Thu,Fri
08:46:23,26,South Shore Express,,Mon,Tue,Wed,Thu,Fri
19:12:16,J14,Jeffery Jump,,Sat
01:22:40,4,Cottage Grove,,Mon
09:38:28,J14,Jeffery Jump,,Sat
21:07:38,4,Cottage Grove,,Sun
10:20:50,26,South Shore Express,,Mon,Tue,Wed,Thu,Fri
21:26:08,4,Cottage Grove,,Sun
11:45:37,J14,Jeffery Jump,,Mon,Tue,Wed,Thu,Fri
14:58:43,J14,Jeffery Jump,,Sat
22:36:54,6,Jackson Park Express,,Sat
06:37:50,26,South Shore Express,,Mon,Tue,Wed,Thu,Fri
13:09:05,3,King Drive,,Mon,Tue,Wed,Thu,Fri
16:16:36,4,Cottage Grove,,Sun
08:11:05,3,King Drive,,Mon,Tue,Wed,Thu,Fri
08:17:07,J14,Jeffery Jump,,Sat
07:05:37,X4,Cottage Grove Express,,Mon,Tue,Wed,Thu,Fri
16:07:34,4,Cottage Grove,,Sat
07:28:37,26,South Shore Express,,Mon,Tue,Wed,Thu,Fri
22:05:49,3,King Drive,,Sun
07:13:54,3,King Drive,,Mon,Tue,Wed,Thu,Fri
13:29:07,3,King Drive,,Sat
11:35:37,J14,Jeffery Jump,,Mon,Tue,Wed,Thu,Fri
18:17:58,J14,Jeffery Jump,,Mon,Tue,Wed,Thu,Fri
08:01:08,4,Cottage Grove,,Sun
07:21:49,3,King Drive,,Sat
12:36:36,6,Jackson Park Express,,Sun
12:05:28,J14,Jeffery Jump,,Mon,Tue,Wed,Thu,Fri
19:01:01,6,Jackson Park Express,,Sat
17:40:24,6,Jackson Park Express,,Sat
08:04:05,3,King Drive,,Mon,Tue,Wed,Thu,Fri
15:56:36,4,Cottage Grove,,Sun
10:50:20,26,South Shore Express,,Mon,Tue,Wed,Thu,Fri
21:36:08,4,Cottage Grove,,Sun
10:03:37,4,Cottage Grove,,Sat
21:12:16,J14,Jeffery Jump,,Sat
24:08:45,4,Cottage Grove,,Mon,Tue,Wed,Thu,Fri
23:49:45,4,Cottage Grove,,Sun
12:35:20,26,South Shore Express,,Mon,Tue,Wed,Thu,Fri
06:14:53,X4,Cottage Grove Express,,Mon,Tue,Wed,Thu,Fri
07:29:25,J14,Jeffery Jump,,Sat
07:09:21,26,South Shore Express,,Mon,Tue,Wed,Thu,Fri
17:08:21,3,King Drive,,Sun
21:19:52,6,Jackson Park Express,,Mon,Tue,Wed,Thu,Fri
07:51:49,3,King Drive,,Sat
18:22:22,4,Cottage Grove,,Sun
10:13:37,4,Cottage Grove,,Sat
11:52:28,J14,Jeffery Jump,,Sat
08:45:08,4,Cottage Grove,,Sun
03:24:10,4,Cottage Grove,,Mon
08:27:16,6,Jackson Park Express,,Mon,Tue,Wed,Thu,Fri
14:31:46,6,Jackson Park Express,,Sat
09:30:07,26,South Shore Express,,Mon,Tue,Wed,Thu,Fri
22:56:19,3,King Drive,,Mon,Tue,Wed,Thu,Fri
17:52:22,4,Cottage Grove,,Sun
08:36:38,4,Cottage Grove,,Sun
18:47:07,J14,Jeffery Jump,,Mon,Tue,Wed,Thu,Fri
20:38:38,4,Cottage Grove,,Mon,Tue,Wed,Thu,Fri
09:52:55,J14,Jeffery Jump,,Sun
23:12:11,6,Jackson Park Express,,Mon,Tue,Wed,Thu,Fri
10:26:28,J14,Jeffery Jump,,Sat
19:52:53,4,Cottage Grove,,Mon,Tue,Wed,Thu,Fri
20:42:16,J14,Jeffery Jump,,Sat
22:23:00,3,King Drive,,Sat
15:04:07,3,King Drive,,Sat
21:30:39,6,Jackson Park Express,,Sat
07:01:39,6,Jackson Park Express,,Sun
11:22:46,J14,Jeffery Jump,,Sun
13:51:10,J14,Jeffery Jump,,Sat
20:10:34,J14,Jeffery Jump,,Sun
05:35:49,3,King Drive,,Mon,Tue,Wed,Thu,Fri
09:24:54,3,King Drive,,Sun
05:05:34,J14,Jeffery Jump,,Mon,Tue,Wed,Thu,Fri
07:16:39,6,Jackson Park Express,,Sat
15:10:51,X4,Cottage Grove Express,,Mon,Tue,Wed,Thu,Fri
06:10:34,J14,Jeffery Jump,,Sat
05:44:19,3,King Drive,,Mon,Tue,Wed,Thu,Fri
06:59:53,4,Cottage Grove,,Mon,Tue,Wed,Thu,Fri
19:01:25,J14,Jeffery Jump,,Sun
07:55:30,3,King Drive,,Mon,Tue,Wed,Thu,Fri
10:33:37,4,Cottage Grove,,Sat
11:06:00,3,King Drive,,Mon,Tue,Wed,Thu,Fri
15:24:21,X4,Cottage Grove Express,,Mon,Tue,Wed,Thu,Fri
19:43:38,4,Cottage Grove,,Mon,Tue,Wed,Thu,Fri
22:25:49,3,King Drive,,Sun
16:26:36,4,Cottage Grove,,Sun
13:30:36,6,Jackson Park Express,,Sun
09:26:38,6,Jackson Park Express,,Sat
23:51:17,6,Jackson Park Express,,Sat
14:46:36,4,Cottage Grove,,Sun
12:12:28,J14,Jeffery Jump,,Sat
23:10:54,4,Cottage Grove,,Sun
13:48:10,3,King Drive,,Sun
14:33:36,6,Jackson Park Express,,Sun
08:18:05,X4,Cottage Grove Express,,Mon,Tue,Wed,Thu,Fri
17:22:31,J14,Jeffery Jump,,Mon,Tue,Wed,Thu,Fri
14:56:16,J14,Jeffery Jump,,Sun
18:06:24,6,Jackson Park Express,,Mon,Tue,Wed,Thu,Fri
07:42:39,6,Jackson Park Express,,Sun
06:59:08,4,Cottage Grove,,Mon,Tue,Wed,Thu,Fri
23:49:40,4,Cottage Grove,,Sun
10:36:09,6,Jackson Park Express,,Mon,Tue,Wed,Thu,Fri
15:29:36,6,Jackson Park Express,,Sat
15:28:43,J14,Jeffery Jump,,Sat
23:08:14,3,King Drive,,Mon,Tue,Wed,Thu,Fri
17:50:52,4,Cottage Grove,,Sun
09:15:51,X4,Cottage Grove Express,,Mon,Tue,Wed,Thu,Fri
12:45:28,J14,Jeffery Jump,,Mon,Tue,Wed,Thu,Fri
14:48:43,J14,Jeffery Jump,,Sat
23:50:03,3,King Drive,,Sun
03:24:10,4,Cottage Grove,,Sun
18:42:06,4,Cottage Grove,,Mon,Tue,Wed,Thu,Fri
19:01:25,J14,Jeffery Jump,,Sun
11:19:50,26,South Shore Express,,Mon,Tue,Wed,Thu,Fri
11:48:09,6,Jackson Park Express,,Mon,Tue,Wed,Thu,Fri
09:42:36,X4,Cottage Grove Express,,Mon,Tue,Wed,Thu,Fri
06:23:55,6,Jackson Park Express,,Mon,Tue,Wed,Thu,Fri
13:51:34,4,Cottage Grove,,Sat
07:34:40,J14,Jeffery Jump,,Mon,Tue,Wed,Thu,Fri
07:32:09,6,Jackson Park Express,,Sat
16:13:21,3,King Drive,,Sun
10:55:58,J14,Jeffery Jump,,Sat
20:52:16,J14,Jeffery Jump,,Sat
20:44:39,6,Jackson Park Express,,Sun
12:58:46,J14,Jeffery Jump,,Sun
09:30:00,3,King Drive,,Sat
19:15:08,4,Cottage Grove,,Mon,Tue,Wed,Thu,Fri
09:56:35,3,King Drive,,Sat
12:34:26,3,King Drive,,Sat
21:18:09,6,Jackson Park Express,,Sat
16:26:07,J14,Jeffery Jump,,Sun
19:34:38,4,Cottage Grove,,Mon,Tue,Wed,Thu,Fri
22:36:17,6,Jackson Park Express,,Sat
12:18:54,6,Jackson Park Express,,Sat
06:09:38,4,Cottage Grove,,Mon,Tue,Wed,Thu,Fri
18:44:38,6,Jackson Park Express,,Sat
10:33:30,3,King Drive,,Mon,Tue,Wed,Thu,Fri
16:47:34,4,Cottage Grove,,Sat
17:28:02,143,Stockton/Michigan Express,,Mon,Tue,Wed,Thu,Fri
10:44:00,3,King Drive,,Mon,Tue,Wed,Thu,Fri
19:38:38,4,Cottage Grove,,Sun
04:54:15,4,Cottage Grove,,Sun
21:17:38,4,Cottage Grove,,Sun
11:50:22,4,Cottage Grove,,Mon,Tue,Wed,Thu,Fri
10:35:44,6,Jackson Park Express,,Sat
18:57:35,3,King Drive,,Mon,Tue,Wed,Thu,Fri
17:24:35,4,Cottage Grove,,Mon,Tue,Wed,Thu,Fri
06:37:24,6,Jackson Park Express,,Sat
19:50:39,6,Jackson Park Express,,Sat
17:34:35,4,Cottage Grove,,Mon,Tue,Wed,Thu,Fri
09:52:55,J14,Jeffery Jump,,Sun
05:34:34,J14,Jeffery Jump,,Sat
01:54:15,4,Cottage Grove,,Sun
22:39:38,4,Cottage Grove,,Mon,Tue,Wed,Thu,Fri
11:14:58,J14,Jeffery Jump,,Sat
14:45:36,6,Jackson Park Express,,Sat
10:46:30,3,King Drive,,Sun
07:55:01,J14,Jeffery Jump,,Mon,Tue,Wed,Thu,Fri
11:50:22,4,Cottage Grove,,Mon,Tue,Wed,Thu,Fri
17:19:22,6,Jackson Park Express,,Sat
16:16:07,3,King Drive,,Sat
08:45:43,J14,Jeffery Jump,,Mon,Tue,Wed,Thu,Fri
12:38:36,4,Cottage Grove,,Mon,Tue,Wed,Thu,Fri
17:36:46,3,King Drive,,Mon,Tue,Wed,Thu,Fri
17:02:07,3,King Drive,,Sat
06:08:46,J14,Jeffery Jump,,Mon,Tue,Wed,Thu,Fri
01:54:15,4,Cottage Grove,,Mon
21:30:34,J14,Jeffery Jump,,Sun
15:34:28,J14,Jeffery Jump,,Mon,Tue,Wed,Thu,Fri
04:53:04,J14,Jeffery Jump,,Mon,Tue,Wed,Thu,Fri
14:20:43,J14,Jeffery Jump,,Sat
22:20:17,6,Jackson Park Express,,Sun
22:08:00,3,King Drive,,Sat
09:05:38,6,Jackson Park Express,,Sun
15:44:28,J14,Jeffery Jump,,Mon,Tue,Wed,Thu,Fri
19:23:00,3,King Drive,,Mon,Tue,Wed,Thu,Fri
20:07:09,6,Jackson Park Express,,Sun
08:10:44,3,King Drive,,Sun
06:08:46,J14,Jeffery Jump,,Mon,Tue,Wed,Thu,Fri
06:49:23,4,Cottage Grove,,Mon,Tue,Wed,Thu,Fri
15:03:34,4,Cottage Grove,,Sat
14:21:07,3,King Drive,,Sat
20:16:40,3,King Drive,,Sat
12:35:28,J14,Jeffery Jump,,Mon,Tue,Wed,Thu,Fri
07:34:40,J14,Jeffery Jump,,Mon,Tue,Wed,Thu,Fri
22:32:19,3,King Drive,,Mon,Tue,Wed,Thu,Fri
10:42:52,4,Cottage Grove,,Mon,Tue,Wed,Thu,Fri
16:18:43,J14,Jeffery Jump,,Sat
07:55:53,4,Cottage Grove,,Sat
17:00:12,143,Stockton/Michigan Express,,Mon,Tue,Wed,Thu,Fri
09:18:37,J14,Jeffery Jump,,Sat
07:57:53,26,South Shore Express,,Mon,Tue,Wed,Thu,Fri
07:21:24,3,King Drive,,Mon,Tue,Wed,Thu,Fri
20:50:34,J14,Jeffery Jump,,Sun
12:25:28,J14,Jeffery Jump,,Mon,Tue,Wed,Thu,Fri
16:59:52,6,Jackson Park Express,,Mon,Tue,Wed,Thu,Fri
13:59:40,3,King Drive,,Sun
13:16:36,4,Cottage Grove,,Mon,Tue,Wed,Thu,Fri
16:55:24,6,Jackson Park Express,,Sat
07:42:25,J14,Jeffery Jump,,Sat
21:57:52,6,Jackson Park Express,,Mon,Tue,Wed,Thu,Fri
08:10:52,J14,Jeffery Jump,,Mon,Tue,Wed,Thu,Fri
12:27:54,6,Jackson Park Express,,Sat
16:07:07,3,King Drive,,Sat
06:03:54,6,Jackson Park Express,,Sun
16:04:28,J14,Jeffery Jump,,Mon,Tue,Wed,Thu,Fri
19:12:16,J14,Jeffery Jump,,Sat
13:56:07,3,King Drive,,Sat
19:44:46,J14,Jeffery Jump,,Mon,Tue,Wed,Thu,Fri
10:42:46,J14,Jeffery Jump,,Sun
08:55:23,4,Cottage Grove,,Sat
14:30:07,3,King Drive,,Sat
17:45:02,143,Stockton/Michigan Express,,Mon,Tue,Wed,Thu,Fri
17:52:21,3,King Drive,,Sun
04:54:10,4,Cottage Grove,,Sun
08:05:52,J14,Jeffery Jump,,Mon,Tue,Wed,Thu,Fri
20:48:08,4,Cottage Grove,,Mon,Tue,Wed,Thu,Fri
15:31:36,4,Cottage Grove,,Mon,Tue,Wed,Thu,Fri
04:24:40,4,Cottage Grove,,Sat
20:28:38,4,Cottage Grove,,Mon,Tue,Wed,Thu,Fri
12:13:01,6,Jackson Park Express,,Mon,Tue,Wed,Thu,Fri
06:10:08,4,Cottage Grove,,Mon,Tue,Wed,Thu,Fri
08:27:43,J14,Jeffery Jump,,Mon,Tue,Wed,Thu,Fri
19:10:08,6,Jackson Park Express,,Sat
09:18:00,3,King Drive,,Sat
08:57:39,6,Jackson Park Express,,Sun
21:56:19,3,King Drive,,Mon,Tue,Wed,Thu,Fri
20:50:34,J14,Jeffery Jump,,Sun
21:02:16,J14,Jeffery Jump,,Sat
20:54:04,J14,Jeffery Jump,,Mon,Tue,Wed,Thu,Fri
13:25:10,3,King Drive,,Sun
21:54:08,4,Cottage Grove,,Mon,Tue,Wed,Thu,Fri
14:47:34,4,Cottage Grove,,Sat
09:18:37,J14,Jeffery Jump,,Sat
23:51:54,6,Jackson Park Express,,Sun
23:21:17,6,Jackson Park Express,,Sat
15:04:07,3,King Drive,,Sat
03:54:15,4,Cottage Grove,,Mon,Tue,Wed,Thu,Fri
08:55:52,4,Cottage Grove,,Mon,Tue,Wed,Thu,Fri
09:52:52,4,Cottage Grove,,Mon,Tue,Wed,Thu,Fri
13:14:54,6,Jackson Park Express,,Sun
10:26:28,J14,Jeffery Jump,,Mon,Tue,Wed,Thu,Fri
12:31:21,4,Cottage Grove,,Sat
12:01:00,3,King Drive,,Mon,Tue,Wed,Thu,Fri
09:06:22,4,Cottage Grove,,Mon,Tue,Wed,Thu,Fri
14:54:06,4,Cottage Grove,,Mon,Tue,Wed,Thu,Fri
05:19:39,4,Cottage Grove,,Sat
18:24:46,J14,Jeffery Jump,,Sat
18:32:30,6,Jackson Park Express,,Sat
14:40:43,J14,Jeffery Jump,,Sat
10:20:50,26,South Shore Express,,Mon,Tue,Wed,Thu,Fri
15:26:16,J14,Jeffery Jump,,Sun
09:09:13,J14,Jeffery Jump,,Mon,Tue,Wed,Thu,Fri
23:50:03,3,King Drive,,Sun
10:59:22,4,Cottage Grove,,Sun
10:33:30,3,King Drive,,Mon,Tue,Wed,Thu,Fri
12:09:22,4,Cottage Grove,,Mon,Tue,Wed,Thu,Fri
16:57:04,4,Cottage Grove,,Sat
19:10:34,J14,Jeffery Jump,,Sun
16:17:04,4,Cottage Grove,,Sat
14:09:04,4,Cottage Grove,,Sat
14:06:16,J14,Jeffery Jump,,Sun
09:32:55,J14,Jeffery Jump,,Sun
11:12:52,4,Cottage Grove,,Mon,Tue,Wed,Thu,Fri
17:07:22,143,Stockton/Michigan Express,,Mon,Tue,Wed,Thu,Fri
16:08:43,J14,Jeffery Jump,,Sat
20:21:25,6,Jackson Park Express,,Mon,Tue,Wed,Thu,Fri
13:26:36,4,Cottage Grove,,Mon,Tue,Wed,Thu,Fri
10:01:01,6,Jackson Park Express,,Mon,Tue,Wed,Thu,Fri
07:28:37,X4,Cottage Grove Express,,Mon,Tue,Wed,Thu,Fri
12:50:20,26,South Shore Express,,Mon,Tue,Wed,Thu,Fri
10:46:06,6,Jackson Park Express,,Sat
14:28:06,6,Jackson Park Express,,Sat
09:13:52,J14,Jeffery Jump,,Mon,Tue,Wed,Thu,Fri
17:58:46,3,King Drive,,Mon,Tue,Wed,Thu,Fri
19:23:00,3,King Drive,,Mon,Tue,Wed,Thu,Fri
06:16:46,J14,Jeffery Jump,,Mon,Tue,Wed,Thu,Fri
13:21:04,4,Cottage Grove,,Sat
16:52:02,143,Stockton/Michigan Express,,Mon,Tue,Wed,Thu,Fri
07:52:24,6,Jackson Park Express,,Sat
08:03:54,6,Jackson Park Express,,Sun
14:37:35,3,King Drive,,Mon,Tue,Wed,Thu,Fri
23:06:54,6,Jackson Park Express,,Sat
11:59:05,3,King Drive,,Sun
05:52:16,J14,Jeffery Jump,,Mon,Tue,Wed,Thu,Fri
11:32:58,J14,Jeffery Jump,,Sat
16:31:51,143,Stockton/Michigan Express,,Mon,Tue,Wed,Thu,Fri
23:55:39,3,King Drive,,Mon,Tue,Wed,Thu,Fri
07:32:38,6,Jackson Park Express,,Mon,Tue,Wed,Thu,Fri
11:57:51,4,Cottage Grove,,Sat
07:20:21,26,South Shore Express,,Mon,Tue,Wed,Thu,Fri
13:21:22,6,Jackson Park Express,,Mon,Tue,Wed,Thu,Fri
10:46:30,3,King Drive,,Sun
15:36:16,J14,Jeffery Jump,,Sun
10:58:31,6,Jackson Park Express,,Sat
08:40:05,X4,Cottage Grove Express,,Mon,Tue,Wed,Thu,Fri
20:15:49,3,King Drive,,Sun
20:32:16,J14,Jeffery Jump,,Sat
10:14:37,4,Cottage Grove,,Sat
22:20:19,3,King Drive,,Mon,Tue,Wed,Thu,Fri
18:51:25,J14,Jeffery Jump,,Sun
06:13:04,26,South Shore Express,,Mon,Tue,Wed,Thu,Fri
07:17:08,4,Cottage Grove,,Sat
14:34:36,4,Cottage Grove,,Mon,Tue,Wed,Thu,Fri
19:44:46,J14,Jeffery Jump,,Mon,Tue,Wed,Thu,Fri
10:03:00,3,King Drive,,Mon,Tue,Wed,Thu,Fri
20:54:04,J14,Jeffery Jump,,Mon,Tue,Wed,Thu,Fri
22:44:19,3,King Drive,,Mon,Tue,Wed,Thu,Fri
14:54:06,X4,Cottage Grove Express,,Mon,Tue,Wed,Thu,Fri
11:10:40,3,King Drive,,Sat
12:08:52,4,Cottage Grove,,Sun
07:05:49,3,King Drive,,Sat
15:51:21,3,King Drive,,Sun
16:19:46,3,King Drive,,Mon,Tue,Wed,Thu,Fri
16:01:51,X4,Cottage Grove Express,,Mon,Tue,Wed,Thu,Fri
07:57:39,6,Jackson Park Express,,Sun
22:17:22,6,Jackson Park Express,,Mon,Tue,Wed,Thu,Fri
18:22:55,J14,Jeffery Jump,,Sun
09:02:35,3,King Drive,,Mon,Tue,Wed,Thu,Fri
23:32:39,4,Cottage Grove,,Sat
12:11:46,J14,Jeffery Jump,,Sun
21:13:25,J14,Jeffery Jump,,Mon,Tue,Wed,Thu,Fri
23:15:39,6,Jackson Park Express,,Mon,Tue,Wed,Thu,Fri
17:35:04,4,Cottage Grove,,Sat
09:35:05,3,King Drive,,Mon,Tue,Wed,Thu,Fri
20:34:25,J14,Jeffery Jump,,Mon,Tue,Wed,Thu,Fri
07:32:08,4,Cottage Grove,,Sun
16:56:07,J14,Jeffery Jump,,Sun
20:50:19,3,King Drive,,Mon,Tue,Wed,Thu,Fri
14:30:43,J14,Jeffery Jump,,Sat
12:32:28,J14,Jeffery Jump,,Sat
16:09:04,4,Cottage Grove,,Sat
19:29:09,6,Jackson Park Express,,Sun
23:17:55,6,Jackson Park Express,,Sun
17:45:05,4,Cottage Grove,,Mon,Tue,Wed,Thu,Fri
10:13:52,4,Cottage Grove,,Mon,Tue,Wed,Thu,Fri
18:32:25,J14,Jeffery Jump,,Sun
19:43:22,6,Jackson Park Express,,Mon,Tue,Wed,Thu,Fri
15:50:16,6,Jackson Park Express,,Mon,Tue,Wed,Thu,Fri
11:40:26,3,King Drive,,Sat
15:10:35,3,King Drive,,Mon,Tue,Wed,Thu,Fri
12:49:16,J14,Jeffery Jump,,Sun
07:12:49,J14,Jeffery Jump,,Mon,Tue,Wed,Thu,Fri
13:33:22,6,Jackson Park Express,,Mon,Tue,Wed,Thu,Fri
08:16:13,J14,Jeffery Jump,,Mon,Tue,Wed,Thu,Fri
08:07:16,6,Jackson Park Express,,Mon,Tue,Wed,Thu,Fri
14:12:50,26,South Shore Express,,Mon,Tue,Wed,Thu,Fri
09:20:53,26,South Shore Express,,Mon,Tue,Wed,Thu,Fri
09:12:39,6,Jackson Park Express,,Sun
09:18:00,3,King Drive,,Sat
10:42:46,J14,Jeffery Jump,,Sun
17:07:22,143,Stockton/Michigan Express,,Mon,Tue,Wed,Thu,Fri
23:55:39,3,King Drive,,Mon,Tue,Wed,Thu,Fri
08:39:43,J14,Jeffery Jump,,Mon,Tue,Wed,Thu,Fri
12:46:52,4,Cottage Grove,,Sun
18:10:52,4,Cottage Grove,,Sun
20:26:00,3,King Drive,,Mon,Tue,Wed,Thu,Fri
14:26:36,4,Cottage Grove,,Sun
14:46:50,26,South Shore Express,,Mon,Tue,Wed,Thu,Fri
08:56:22,4,Cottage Grove,,Mon,Tue,Wed,Thu,Fri
07:41:34,J14,Jeffery Jump,,Sun
07:19:53,4,Cottage Grove,,Sat
22:52:38,4,Cottage Grove,,Sun
19:30:34,J14,Jeffery Jump,,Sun
12:02:28,J14,Jeffery Jump,,Sat
05:57:55,6,Jackson Park Express,,Mon,Tue,Wed,Thu,Fri
19:56:38,6,Jackson Park Express,,Sun
19:42:16,J14,Jeffery Jump,,Sat
14:11:10,J14,Jeffery Jump,,Sat
07:04:08,4,Cottage Grove,,Sat
13:51:36,6,Jackson Park Express,,Sun
21:56:08,4,Cottage Grove,,Sun
23:21:54,6,Jackson Park Express,,Sat
12:30:16,J14,Jeffery Jump,,Sun
21:16:08,4,Cottage Grove,,Sun
14:35:19,J14,Jeffery Jump,,Mon,Tue,Wed,Thu,Fri
13:23:05,26,South Shore Express,,Mon,Tue,Wed,Thu,Fri
12:49:16,J14,Jeffery Jump,,Sun
15:43:34,4,Cottage Grove,,Sat
07:24:10,J14,Jeffery Jump,,Mon,Tue,Wed,Thu,Fri
18:34:36,4,Cottage Grove,,Sat
12:35:20,26,South Shore Express,,Mon,Tue,Wed,Thu,Fri
17:10:22,6,Jackson Park Express,,Sun
09:44:22,4,Cottage Grove,,Mon,Tue,Wed,Thu,Fri
19:46:06,4,Cottage Grove,,Sat
12:05:06,6,Jackson Park Express,,Sat
20:12:16,J14,Jeffery Jump,,Sat
09:42:55,J14,Jeffery Jump,,Sun
10:09:24,3,King Drive,,Sun
14:29:50,26,South Shore Express,,Mon,Tue,Wed,Thu,Fri
07:45:01,J14,Jeffery Jump,,Mon,Tue,Wed,Thu,Fri
13:36:34,4,Cottage Grove,,Sat
13:01:01,6,Jackson Park Express,,Mon,Tue,Wed,Thu,Fri
11:05:28,J14,Jeffery Jump,,Sat
08:04:53,26,South Shore Express,,Mon,Tue,Wed,Thu,Fri
16:39:38,6,Jackson Park Express,,Mon,Tue,Wed,Thu,Fri
11:02:46,J14,Jeffery Jump,,Sun
10:46:28,J14,Jeffery Jump,,Sat
09:03:34,J14,Jeffery Jump,,Sun
03:24:15,4,Cottage Grove,,Sun
10:12:06,X4,Cottage Grove Express,,Mon,Tue,Wed,Thu,Fri
07:57:16,6,Jackson Park Express,,Mon,Tue,Wed,Thu,Fri
20:16:38,4,Cottage Grove,,Sun
11:19:22,4,Cottage Grove,,Sun
07:05:58,J14,Jeffery Jump,,Mon,Tue,Wed,Thu,Fri
21:26:08,6,Jackson Park Express,,Sat
17:32:31,6,Jackson Park Express,,Sun
12:22:28,J14,Jeffery Jump,,Sat
15:08:54,6,Jackson Park Express,,Sun
13:36:40,3,King Drive,,Sun
14:15:05,3,King Drive,,Mon,Tue,Wed,Thu,Fri
20:28:52,6,Jackson Park Express,,Mon,Tue,Wed,Thu,Fri
06:09:19,3,King Drive,,Mon,Tue,Wed,Thu,Fri
15:23:06,4,Cottage Grove,,Mon,Tue,Wed,Thu,Fri
13:02:24,6,Jackson Park Express,,Sat
20:25:38,6,Jackson Park Express,,Sat
14:34:52,X4,Cottage Grove Express,,Mon,Tue,Wed,Thu,Fri
16:13:51,X4,Cottage Grove Express,,Mon,Tue,Wed,Thu,Fri
17:36:02,143,Stockton/Michigan Express,,Mon,Tue,Wed,Thu,Fri
19:22:16,J14,Jeffery Jump,,Sat
09:04:23,4,Cottage Grove,,Sat
19:02:22,4,Cottage Grove,,Sun
10:48:31,6,Jackson Park Express,,Sat
18:33:46,3,King Drive,,Sat
13:13:40,3,King Drive,,Sun
13:55:19,J14,Jeffery Jump,,Mon,Tue,Wed,Thu,Fri
18:32:25,J14,Jeffery Jump,,Sun
12:55:19,J14,Jeffery Jump,,Mon,Tue,Wed,Thu,Fri
14:05:19,J14,Jeffery Jump,,Mon,Tue,Wed,Thu,Fri
12:43:26,3,King Drive,,Sat
06:19:53,X4,Cottage Grove Express,,Mon,Tue,Wed,Thu,Fri
06:25:38,4,Cottage Grove,,Sat
15:46:16,J14,Jeffery Jump,,Sun
21:32:55,J14,Jeffery Jump,,Mon,Tue,Wed,Thu,Fri
15:07:21,3,King Drive,,Sun
10:09:24,3,King Drive,,Sun
20:08:00,3,King Drive,,Mon,Tue,Wed,Thu,Fri
18:54:36,4,Cottage Grove,,Sat
06:26:39,4,Cottage Grove,,Sun
13:04:05,4,Cottage Grove,,Sat
09:20:38,6,Jackson Park Express,,Sun
20:15:39,6,Jackson Park Express,,Sat
13:37:46,J14,Jeffery Jump,,Sun
12:11:05,3,King Drive,,Sun
13:55:46,6,Jackson Park Express,,Sat
01:24:15,4,Cottage Grove,,Tue,Wed,Thu,Fri,Sat
20:06:38,4,Cottage Grove,,Sun
16:24:06,6,Jackson Park Express,,Sat
16:37:06,4,Cottage Grove,,Mon,Tue,Wed,Thu,Fri
18:48:30,3,King Drive,,Sun
17:00:05,X4,Cottage Grove Express,,Mon,Tue,Wed,Thu,Fri
00:47:24,6,Jackson Park Express,,Mon
13:39:35,26,South Shore Express,,Mon,Tue,Wed,Thu,Fri
12:30:06,6,Jackson Park Express,,Sat
06:53:52,X4,Cottage Grove Express,,Mon,Tue,Wed,Thu,Fri
20:12:16,J14,Jeffery Jump,,Sat
13:44:34,4,Cottage Grove,,Sat
08:42:39,6,Jackson Park Express,,Sun
17:31:10,J14,Jeffery Jump,,Mon,Tue,Wed,Thu,Fri
12:38:36,6,Jackson Park Express,,Sat
07:22:38,6,Jackson Park Express,,Mon,Tue,Wed,Thu,Fri
20:52:16,J14,Jeffery Jump,,Sat
23:38:39,3,King Drive,,Mon,Tue,Wed,Thu,Fri
06:20:54,6,Jackson Park Express,,Sat
11:00:09,6,Jackson Park Express,,Mon,Tue,Wed,Thu,Fri
05:42:55,6,Jackson Park Express,,Mon,Tue,Wed,Thu,Fri
10:25:01,6,Jackson Park Express,,Sat
21:58:08,4,Cottage Grove,,Sat
07:56:34,J14,Jeffery Jump,,Sun
12:18:52,4,Cottage Grove,,Mon,Tue,Wed,Thu,Fri
00:40:55,6,Jackson Park Express,,Sun
15:36:51,X4,Cottage Grove Express,,Mon,Tue,Wed,Thu,Fri
13:41:06,6,Jackson Park Express,,Sun
10:36:28,J14,Jeffery Jump,,Mon,Tue,Wed,Thu,Fri
13:12:10,J14,Jeffery Jump,,Sat
07:50:01,J14,Jeffery Jump,,Mon,Tue,Wed,Thu,Fri
06:08:14,3,King Drive,,Sat
16:08:06,6,Jackson Park Express,,Sun
22:56:19,3,King Drive,,Mon,Tue,Wed,Thu,Fri
15:26:16,J14,Jeffery Jump,,Sun
17:19:34,4,Cottage Grove,,Sat
09:25:22,4,Cottage Grove,,Mon,Tue,Wed,Thu,Fri
08:31:44,3,King Drive,,Sun
09:54:37,4,Cottage Grove,,Sat
09:54:54,3,King Drive,,Sun
11:17:54,6,Jackson Park Express,,Sun
10:46:28,J14,Jeffery Jump,,Mon,Tue,Wed,Thu,Fri
22:49:24,6,Jackson Park Express,,Sun
14:24:06,4,Cottage Grove,,Mon,Tue,Wed,Thu,Fri
18:30:52,4,Cottage Grove,,Sun
14:13:07,3,King Drive,,Sat
11:59:07,4,Cottage Grove,,Sun
09:37:58,J14,Jeffery Jump,,Mon,Tue,Wed,Thu,Fri
13:17:46,J14,Jeffery Jump,,Sun
14:06:36,4,Cottage Grove,,Sun
11:39:22,4,Cottage Grove,,Sun
14:55:19,J14,Jeffery Jump,,Mon,Tue,Wed,Thu,Fri
22:00:46,J14,Jeffery Jump,,Mon,Tue,Wed,Thu,Fri
18:14:16,3,King Drive,,Sun
06:08:24,4,Cottage Grove,,Sat
05:43:46,J14,Jeffery Jump,,Mon,Tue,Wed,Thu,Fri
22:20:25,J14,Jeffery Jump,,Mon,Tue,Wed,Thu,Fri
18:09:46,3,King Drive,,Mon,Tue,Wed,Thu,Fri
13:46:16,J14,Jeffery Jump,,Sun
17:03:46,3,King Drive,,Mon,Tue,Wed,Thu,Fri
19:54:46,J14,Jeffery Jump,,Mon,Tue,Wed,Thu,Fri
09:03:35,X4,Cottage Grove Express,,Mon,Tue,Wed,Thu,Fri
14:46:36,4,Cottage Grove,,Sun
07:39:40,J14,Jeffery Jump,,Mon,Tue,Wed,Thu,Fri
17:43:01,6,Jackson Park Express,,Sun
08:09:07,4,Cottage Grove,,Mon,Tue,Wed,Thu,Fri
08:19:08,4,Cottage Grove,,Sun
05:44:19,3,King Drive,,Mon,Tue,Wed,Thu,Fri
10:23:37,4,Cottage Grove,,Sat
14:23:06,6,Jackson Park Express,,Sun
09:57:28,J14,Jeffery Jump,,Sat
15:41:06,4,Cottage Grove,,Mon,Tue,Wed,Thu,Fri
09:35:38,6,Jackson Park Express,,Sun
12:11:05,3,King Drive,,Sun
16:42:40,J14,Jeffery Jump,,Mon,Tue,Wed,Thu,Fri
05:34:25,J14,Jeffery Jump,,Mon,Tue,Wed,Thu,Fri
10:36:28,J14,Jeffery Jump,,Sat
11:59:52,4,Cottage Grove,,Mon,Tue,Wed,Thu,Fri
06:00:46,J14,Jeffery Jump,,Mon,Tue,Wed,Thu,Fri
08:51:35,X4,Cottage Grove Express,,Mon,Tue,Wed,Thu,Fri
10:16:28,J14,Jeffery Jump,,Sat
14:36:36,4,Cottage Grove,,Sun
21:57:38,4,Cottage Grove,,Sun
21:56:19,3,King Drive,,Mon,Tue,Wed,Thu,Fri
17:45:04,4,Cottage Grove,,Sat
21:00:34,J14,Jeffery Jump,,Sun
18:57:08,6,Jackson Park Express,,Sat
17:08:21,3,King Drive,,Sun
05:45:32,26,South Shore Express,,Mon,Tue,Wed,Thu,Fri
21:44:08,4,Cottage Grove,,Mon,Tue,Wed,Thu,Fri
14:47:54,6,Jackson Park Express,,Sun
08:19:23,26,South Shore Express,,Mon,Tue,Wed,Thu,Fri
11:49:20,26,South Shore Express,,Mon,Tue,Wed,Thu,Fri
13:37:46,J14,Jeffery Jump,,Sun
19:31:00,3,King Drive,,Sun
04:37:42,J14,Jeffery Jump,,Mon,Tue,Wed,Thu,Fri
17:44:35,4,Cottage Grove,,Mon,Tue,Wed,Thu,Fri
06:47:07,J14,Jeffery Jump,,Mon,Tue,Wed,Thu,Fri
19:47:38,6,Jackson Park Express,,Sat
09:03:35,X4,Cottage Grove Express,,Mon,Tue,Wed,Thu,Fri
18:35:30,3,King Drive,,Sun
17:22:52,6,Jackson Park Express,,Mon,Tue,Wed,Thu,Fri
22:00:46,J14,Jeffery Jump,,Mon,Tue,Wed,Thu,Fri
11:22:46,J14,Jeffery Jump,,Sun
10:03:00,3,King Drive,,Mon,Tue,Wed,Thu,Fri
18:26:06,4,Cottage Grove,,Sat
22:51:54,4,Cottage Grove,,Sat
17:59:24,6,Jackson Park Express,,Sat
10:50:35,3,King Drive,,Sat
06:36:54,6,Jackson Park Express,,Mon,Tue,Wed,Thu,Fri
12:56:52,4,Cottage Grove,,Sun
17:55:28,J14,Jeffery Jump,,Sat
12:36:52,4,Cottage Grove,,Sun
07:05:37,X4,Cottage Grove Express,,Mon,Tue,Wed,Thu,Fri
21:13:25,J14,Jeffery Jump,,Mon,Tue,Wed,Thu,Fri
12:11:46,J14,Jeffery Jump,,Sun
08:27:22,4,Cottage Grove,,Mon,Tue,Wed,Thu,Fri
03:24:15,4,Cottage Grove,,Tue,Wed,Thu,Fri,Sat
22:26:38,4,Cottage Grove,,Mon,Tue,Wed,Thu,Fri
18:20:52,4,Cottage Grove,,Sun
17:55:51,143,Stockton/Michigan Express,,Mon,Tue,Wed,Thu,Fri
24:09:40,4,Cottage Grove,,Mon,Tue,Wed,Thu,Fri
08:27:00,3,King Drive,,Sat
12:49:40,3,King Drive,,Sun
24:08:45,4,Cottage Grove,,Sun
08:25:05,3,King Drive,,Mon,Tue,Wed,Thu,Fri
14:23:34,4,Cottage Grove,,Sat
15:10:35,3,King Drive,,Mon,Tue,Wed,Thu,Fri
15:26:36,4,Cottage Grove,,Sun
08:27:43,J14,Jeffery Jump,,Mon,Tue,Wed,Thu,Fri
08:37:16,6,Jackson Park Express,,Mon,Tue,Wed,Thu,Fri
22:32:19,3,King Drive,,Mon,Tue,Wed,Thu,Fri
22:32:55,6,Jackson Park Express,,Mon,Tue,Wed,Thu,Fri
13:06:35,26,South Shore Express,,Mon,Tue,Wed,Thu,Fri
17:44:46,J14,Jeffery Jump,,Sun
14:17:04,4,Cottage Grove,,Sat
11:55:28,J14,Jeffery Jump,,Mon,Tue,Wed,Thu,Fri
11:52:28,J14,Jeffery Jump,,Sat
20:22:38,4,Cottage Grove,,Sat
14:44:06,6,Jackson Park Express,,Sun
20:32:16,J14,Jeffery Jump,,Sat
17:02:31,J14,Jeffery Jump,,Mon,Tue,Wed,Thu,Fri
11:09:22,4,Cottage Grove,,Sun
10:31:54,6,Jackson Park Express,,Mon,Tue,Wed,Thu,Fri
19:40:34,J14,Jeffery Jump,,Sun
01:22:10,4,Cottage Grove,,Sun
18:33:46,3,King Drive,,Sat
24:54:15,4,Cottage Grove,,Sat
12:28:52,4,Cottage Grove,,Mon,Tue,Wed,Thu,Fri
05:59:48,26,South Shore Express,,Mon,Tue,Wed,Thu,Fri
20:01:52,4,Cottage Grove,,Sat
17:35:28,J14,Jeffery Jump,,Sat
17:54:46,J14,Jeffery Jump,,Sun
11:16:28,J14,Jeffery Jump,,Mon,Tue,Wed,Thu,Fri
05:37:39,4,Cottage Grove,,Sat
07:41:34,J14,Jeffery Jump,,Sun
12:16:26,3,King Drive,,Sat
21:56:38,4,Cottage Grove,,Sat
18:00:52,4,Cottage Grove,,Sun
21:22:19,3,King Drive,,Mon,Tue,Wed,Thu,Fri
17:28:30,6,Jackson Park Express,,Mon,Tue,Wed,Thu,Fri
15:59:34,4,Cottage Grove,,Sat
13:56:05,26,South Shore Express,,Mon,Tue,Wed,Thu,Fri
08:25:53,4,Cottage Grove,,Sat
18:02:22,4,Cottage Grove,,Sun
16:13:21,3,King Drive,,Sun
20:15:49,3,King Drive,,Sun
07:41:22,X4,Cottage Grove Express,,Mon,Tue,Wed,Thu,Fri
19:24:46,J14,Jeffery Jump,,Mon,Tue,Wed,Thu,Fri
17:51:05,X4,Cottage Grove Express,,Mon,Tue,Wed,Thu,Fri
20:30:34,J14,Jeffery Jump,,Sun
05:30:02,26,South Shore Express,,Mon,Tue,Wed,Thu,Fri
18:12:21,4,Cottage Grove,,Sat
18:31:46,3,King Drive,,Mon,Tue,Wed,Thu,Fri
09:53:30,3,King Drive,,Mon,Tue,Wed,Thu,Fri
05:05:34,J14,Jeffery Jump,,Mon,Tue,Wed,Thu,Fri
11:34:20,26,South Shore Express,,Mon,Tue,Wed,Thu,Fri
09:54:54,3,King Drive,,Sun
11:22:52,4,Cottage Grove,,Mon,Tue,Wed,Thu,Fri
17:55:28,J14,Jeffery Jump,,Sat
20:26:00,3,King Drive,,Mon,Tue,Wed,Thu,Fri
14:59:35,3,King Drive,,Mon,Tue,Wed,Thu,Fri
14:25:19,J14,Jeffery Jump,,Mon,Tue,Wed,Thu,Fri
13:17:46,J14,Jeffery Jump,,Sun
12:36:05,3,King Drive,,Mon,Tue,Wed,Thu,Fri
05:19:39,4,Cottage Grove,,Sat
14:37:01,6,Jackson Park Express,,Mon,Tue,Wed,Thu,Fri
24:26:54,6,Jackson Park Express,,Sat
22:58:00,3,King Drive,,Sat
13:25:54,6,Jackson Park Express,,Sun
10:49:22,4,Cottage Grove,,Sun
19:00:52,4,Cottage Grove,,Sun
17:11:49,X4,Cottage Grove Express,,Mon,Tue,Wed,Thu,Fri
16:24:19,J14,Jeffery Jump,,Mon,Tue,Wed,Thu,Fri
14:21:22,6,Jackson Park Express,,Mon,Tue,Wed,Thu,Fri
23:53:41,6,Jackson Park Express,,Mon,Tue,Wed,Thu,Fri
10:29:22,4,Cottage Grove,,Sun
10:13:00,3,King Drive,,Mon,Tue,Wed,Thu,Fri
07:54:51,X4,Cottage Grove Express,,Mon,Tue,Wed,Thu,Fri
16:46:07,J14,Jeffery Jump,,Sun
15:21:35,3,King Drive,,Mon,Tue,Wed,Thu,Fri
05:45:54,4,Cottage Grove,,Mon,Tue,Wed,Thu,Fri
10:01:08,6,Jackson Park Express,,Sat
08:12:39,6,Jackson Park Express,,Sun
05:47:38,4,Cottage Grove,,Mon,Tue,Wed,Thu,Fri
16:46:36,4,Cottage Grove,,Mon,Tue,Wed,Thu,Fri
06:11:39,4,Cottage Grove,,Sun
07:09:21,26,South Shore Express,,Mon,Tue,Wed,Thu,Fri
14:43:46,3,King Drive,,Sun
15:38:43,J14,Jeffery Jump,,Sat
16:18:36,6,Jackson Park Express,,Sun
10:09:35,3,King Drive,,Sat
10:40:35,3,King Drive,,Sat
12:50:20,26,South Shore Express,,Mon,Tue,Wed,Thu,Fri
17:02:31,6,Jackson Park Express,,Sun
18:13:22,6,Jackson Park Express,,Sun
08:40:39,6,Jackson Park Express,,Sat
20:43:40,3,King Drive,,Sat
11:59:05,3,King Drive,,Sun
11:25:37,J14,Jeffery Jump,,Mon,Tue,Wed,Thu,Fri
14:26:35,3,King Drive,,Mon,Tue,Wed,Thu,Fri
21:44:19,3,King Drive,,Mon,Tue,Wed,Thu,Fri
09:15:52,4,Cottage Grove,,Mon,Tue,Wed,Thu,Fri
15:57:06,6,Jackson Park Express,,Sat
07:08:14,3,King Drive,,Sun
08:28:08,4,Cottage Grove,,Sun
12:15:28,J14,Jeffery Jump,,Mon,Tue,Wed,Thu,Fri
08:36:53,26,South Shore Express,,Mon,Tue,Wed,Thu,Fri
13:11:46,6,Jackson Park Express,,Sat
07:48:14,3,King Drive,,Sun
12:11:06,6,Jackson Park Express,,Sun
13:03:50,4,Cottage Grove,,Sat
13:29:07,3,King Drive,,Sat
24:54:15,4,Cottage Grove,,Mon,Tue,Wed,Thu,Fri
20:02:16,J14,Jeffery Jump,,Sat
19:40:34,J14,Jeffery Jump,,Sun
18:24:31,6,Jackson Park Express,,Sun
09:49:38,6,Jackson Park Express,,Sat
06:47:49,3,King Drive,,Sat
05:11:09,4,Cottage Grove,,Mon,Tue,Wed,Thu,Fri
22:20:19,3,King Drive,,Mon,Tue,Wed,Thu,Fri
13:08:16,J14,Jeffery Jump,,Sun
16:25:51,X4,Cottage Grove Express,,Mon,Tue,Wed,Thu,Fri
22:52:38,4,Cottage Grove,,Mon,Tue,Wed,Thu,Fri
16:34:07,3,King Drive,,Sat
14:45:19,J14,Jeffery Jump,,Mon,Tue,Wed,Thu,Fri
24:28:15,4,Cottage Grove,,Mon,Tue,Wed,Thu,Fri
08:55:38,6,Jackson Park Express,,Mon,Tue,Wed,Thu,Fri
09:50:08,6,Jackson Park Express,,Sun
18:22:36,4,Cottage Grove,,Mon,Tue,Wed,Thu,Fri
09:37:01,6,Jackson Park Express,,Mon,Tue,Wed,Thu,Fri
09:24:54,3,King Drive,,Sun
14:06:24,6,Jackson Park Express,,Sun
21:05:39,6,Jackson Park Express,,Sat
21:04:04,J14,Jeffery Jump,,Mon,Tue,Wed,Thu,Fri
21:27:38,4,Cottage Grove,,Sun
17:24:19,X4,Cottage Grove Express,,Mon,Tue,Wed,Thu,Fri
06:58:54,3,King Drive,,Mon,Tue,Wed,Thu,Fri
06:47:07,J14,Jeffery Jump,,Mon,Tue,Wed,Thu,Fri
21:12:38,4,Cottage Grove,,Sat
21:10:34,J14,Jeffery Jump,,Sun
18:04:46,J14,Jeffery Jump,,Sun
06:21:47,6,Jackson Park Express,,Sat
15:58:43,J14,Jeffery Jump,,Sat
08:04:53,26,South Shore Express,,Mon,Tue,Wed,Thu,Fri
20:24:46,J14,Jeffery Jump,,Mon,Tue,Wed,Thu,Fri
08:33:43,J14,Jeffery Jump,,Mon,Tue,Wed,Thu,Fri
15:16:16,J14,Jeffery Jump,,Sun
08:45:38,6,Jackson Park Express,,Mon,Tue,Wed,Thu,Fri
10:04:38,6,Jackson Park Express,,Sun
05:43:25,6,Jackson Park Express,,Sat
23:29:39,4,Cottage Grove,,Sun
09:39:01,6,Jackson Park Express,,Sat
09:07:49,3,King Drive,,Sun
05:52:39,4,Cottage Grove,,Sat
18:08:41,143,Stockton/Michigan Express,,Mon,Tue,Wed,Thu,Fri
11:12:09,6,Jackson Park Express,,Mon,Tue,Wed,Thu,Fri
10:20:35,3,King Drive,,Sat
09:02:35,3,King Drive,,Mon,Tue,Wed,Thu,Fri
19:06:38,6,Jackson Park Express,,Sun
23:53:15,4,Cottage Grove,,Sat
10:23:38,6,Jackson Park Express,,Sat
07:00:25,J14,Jeffery Jump,,Sat
09:42:36,X4,Cottage Grove Express,,Mon,Tue,Wed,Thu,Fri
22:20:25,J14,Jeffery Jump,,Mon,Tue,Wed,Thu,Fri
14:48:35,3,King Drive,,Mon,Tue,Wed,Thu,Fri
15:29:21,3,King Drive,,Sun
07:29:40,J14,Jeffery Jump,,Mon,Tue,Wed,Thu,Fri
12:36:52,4,Cottage Grove,,Sun
15:58:07,3,King Drive,,Sat
12:02:28,J14,Jeffery Jump,,Sat
12:38:54,6,Jackson Park Express,,Sun
20:52:38,4,Cottage Grove,,Sat
22:04:08,4,Cottage Grove,,Mon,Tue,Wed,Thu,Fri
21:55:39,6,Jackson Park Express,,Sat
02:54:15,4,Cottage Grove,,Sun
19:53:53,4,Cottage Grove,,Mon,Tue,Wed,Thu,Fri
11:12:37,4,Cottage Grove,,Sat
05:13:39,6,Jackson Park Express,,Mon,Tue,Wed,Thu,Fri
05:59:38,4,Cottage Grove,,Mon,Tue,Wed,Thu,Fri
21:46:08,4,Cottage Grove,,Sun
20:44:25,J14,Jeffery Jump,,Mon,Tue,Wed,Thu,Fri
14:10:40,3,King Drive,,Sun
01:54:40,4,Cottage Grove,,Tue,Wed,Thu,Fri,Sat
22:44:19,3,King Drive,,Mon,Tue,Wed,Thu,Fri
11:19:50,26,South Shore Express,,Mon,Tue,Wed,Thu,Fri
02:54:15,4,Cottage Grove,,Mon
21:23:25,J14,Jeffery Jump,,Mon,Tue,Wed,Thu,Fri
08:49:05,3,King Drive,,Mon,Tue,Wed,Thu,Fri
07:21:24,3,King Drive,,Mon,Tue,Wed,Thu,Fri
09:35:05,3,King Drive,,Mon,Tue,Wed,Thu,Fri
07:28:38,4,Cottage Grove,,Mon,Tue,Wed,Thu,Fri
16:16:07,J14,Jeffery Jump,,Sun
18:09:24,6,Jackson Park Express,,Sat
08:02:09,6,Jackson Park Express,,Sat
05:16:49,3,King Drive,,Mon,Tue,Wed,Thu,Fri
22:37:38,4,Cottage Grove,,Sun
13:47:07,3,King Drive,,Sat
08:16:13,J14,Jeffery Jump,,Mon,Tue,Wed,Thu,Fri
08:35:53,4,Cottage Grove,,Sat
02:23:10,4,Cottage Grove,,Sun
17:06:07,J14,Jeffery Jump,,Sun
13:56:07,3,King Drive,,Sat
17:16:30,6,Jackson Park Express,,Mon,Tue,Wed,Thu,Fri
10:02:55,J14,Jeffery Jump,,Sun
16:28:46,6,Jackson Park Express,,Sat
12:02:16,J14,Jeffery Jump,,Sun
22:38:00,3,King Drive,,Sat
10:09:22,4,Cottage Grove,,Sun
08:27:37,J14,Jeffery Jump,,Sat
04:54:39,4,Cottage Grove,,Sat
16:46:36,4,Cottage Grove,,Sun
13:29:04,4,Cottage Grove,,Sat
20:38:38,4,Cottage Grove,,Mon,Tue,Wed,Thu,Fri
15:16:36,4,Cottage Grove,,Sun
16:28:06,4,Cottage Grove,,Mon,Tue,Wed,Thu,Fri
13:31:10,J14,Jeffery Jump,,Sat
23:32:11,6,Jackson Park Express,,Mon,Tue,Wed,Thu,Fri
18:23:21,143,Stockton/Michigan Express,,Mon,Tue,Wed,Thu,Fri
00:39:39,6,Jackson Park Express,,Tue,Wed,Thu,Fri,Sat
10:33:24,3,King Drive,,Sun
08:07:05,X4,Cottage Grove Express,,Mon,Tue,Wed,Thu,Fri
09:05:38,6,Jackson Park Express,,Mon,Tue,Wed,Thu,Fri
22:08:39,6,Jackson Park Express,,Sat
14:36:36,4,Cottage Grove,,Sun
12:39:46,J14,Jeffery Jump,,Sun
05:25:25,J14,Jeffery Jump,,Mon,Tue,Wed,Thu,Fri
15:56:16,J14,Jeffery Jump,,Sun
20:40:34,J14,Jeffery Jump,,Sun
17:48:22,6,Jackson Park Express,,Sat
15:05:06,6,Jackson Park Express,,Sun
06:28:54,3,King Drive,,Mon,Tue,Wed,Thu,Fri
11:04:50,26,South Shore Express,,Mon,Tue,Wed,Thu,Fri
14:54:06,X4,Cottage Grove Express,,Mon,Tue,Wed,Thu,Fri
18:14:52,6,Jackson Park Express,,Mon,Tue,Wed,Thu,Fri
16:32:01,6,Jackson Park Express,,Sun
16:08:43,J14,Jeffery Jump,,Sat
13:12:10,J14,Jeffery Jump,,Sat
12:04:20,26,South Shore Express,,Mon,Tue,Wed,Thu,Fri
16:52:02,143,Stockton/Michigan Express,,Mon,Tue,Wed,Thu,Fri
11:10:40,3,King Drive,,Sat
16:55:34,4,Cottage Grove,,Sat
24:06:55,6,Jackson Park Express,,Sun
15:22:06,4,Cottage Grove,,Mon,Tue,Wed,Thu,Fri
17:04:24,6,Jackson Park Express,,Sat
11:29:22,4,Cottage Grove,,Sun
04:37:42,J14,Jeffery Jump,,Mon,Tue,Wed,Thu,Fri
06:39:37,J14,Jeffery Jump,,Mon,Tue,Wed,Thu,Fri
08:27:53,26,South Shore Express,,Mon,Tue,Wed,Thu,Fri