arrival_time,route_short_name,route_long_name,headsign,service_days
07:21:37,151,Sheridan,,Sun
15:08:01,157,Streeterville/Taylor,,Mon,Tue,Wed,Thu,Fri
16:30:15,147,Outer DuSable Lake Shore Express,,Sat
14:53:20,3,King Drive,,Mon,Tue,Wed,Thu,Fri
20:22:47,147,Outer DuSable Lake Shore Express,,Mon,Tue,Wed,Thu,Fri
18:32:53,2,Hyde Park Express,,Mon,Tue,Wed,Thu,Fri
18:31:47,147,Outer DuSable Lake Shore Express,,Sun
14:30:44,146,Inner Lake Shore/Michigan Express,,Mon,Tue,Wed,Thu,Fri
06:57:37,147,Outer DuSable Lake Shore Express,,Sun
07:58:01,146,Inner Lake Shore/Michigan Express,,Mon,Tue,Wed,Thu,Fri
05:04:19,147,Outer DuSable Lake Shore Express,,Mon,Tue,Wed,Thu,Fri
10:09:55,157,Streeterville/Taylor,,Mon,Tue,Wed,Thu,Fri
11:16:17,151,Sheridan,,Sat
23:08:24,151,Sheridan,,Mon,Tue,Wed,Thu,Fri
13:25:50,3,King Drive,,Mon,Tue,Wed,Thu,Fri
06:47:42,147,Outer DuSable Lake Shore Express,,Mon,Tue,Wed,Thu,Fri
14:37:38,3,King Drive,,Sun
20:50:05,147,Outer DuSable Lake Shore Express,,Sat
14:29:28,151,Sheridan,,Sat
12:53:59,157,Streeterville/Taylor,,Mon,Tue,Wed,Thu,Fri
05:19:19,147,Outer DuSable Lake Shore Express,,Mon,Tue,Wed,Thu,Fri
17:54:43,3,King Drive,,Sat
17:25:40,151,Sheridan,,Sun
20:18:01,146,Inner Lake Shore/Michigan Express,,Mon,Tue,Wed,Thu,Fri
08:20:52,143,Stockton/Michigan Express,,Mon,Tue,Wed,Thu,Fri
22:01:37,151,Sheridan,,Sun
15:14:40,151,Sheridan,,Sun
15:22:33,157,Streeterville/Taylor,,Mon,Tue,Wed,Thu,Fri
12:27:51,146,Inner Lake Shore/Michigan Express,,Sun
07:53:47,147,Outer DuSable Lake Shore Express,,Mon,Tue,Wed,Thu,Fri
15:14:53,26,South Shore Express,,Mon,Tue,Wed,Thu,Fri
10:44:17,147,Outer DuSable Lake Shore Express,,Sun
13:26:20,3,King Drive,,Sun
16:25:35,147,Outer DuSable Lake Shore Express,,Sun
09:14:03,146,Inner Lake Shore/Michigan Express,,Mon,Tue,Wed,Thu,Fri
21:59:49,146,Inner Lake Shore/Michigan Express,,Mon,Tue,Wed,Thu,Fri
18:44:21,151,Sheridan,,Sat
19:44:26,3,King Drive,,Sat
17:33:03,146,Inner Lake Shore/Michigan Express,,Sun
18:44:26,3,King Drive,,Sat
10:17:05,151,Sheridan,,Mon,Tue,Wed,Thu,Fri
17:39:43,3,King Drive,,Mon,Tue,Wed,Thu,Fri
07:07:40,146,Inner Lake Shore/Michigan Express,,Mon,Tue,Wed,Thu,Fri
18:34:21,151,Sheridan,,Sat
21:18:47,147,Outer DuSable Lake Shore Express,,Sat
09:59:32,3,King Drive,,Mon,Tue,Wed,Thu,Fri
15:55:08,3,King Drive,,Mon,Tue,Wed,Thu,Fri
19:03:38,3,King Drive,,Mon,Tue,Wed,Thu,Fri
09:17:35,147,Outer DuSable Lake Shore Express,,Mon,Tue,Wed,Thu,Fri
12:53:40,151,Sheridan,,Mon,Tue,Wed,Thu,Fri
10:22:42,151,Sheridan,,Sun
20:04:26,3,King Drive,,Sat
22:14:58,146,Inner Lake Shore/Michigan Express,,Mon,Tue,Wed,Thu,Fri
15:09:08,3,King Drive,,Mon,Tue,Wed,Thu,Fri
17:58:31,2,Hyde Park Express,,Mon,Tue,Wed,Thu,Fri
13:50:05,147,Outer DuSable Lake Shore Express,,Sun
15:50:03,151,Sheridan,,Sat
13:40:03,146,Inner Lake Shore/Michigan Express,,Sun
21:45:38,3,King Drive,,Sat
12:08:50,3,King Drive,,Mon,Tue,Wed,Thu,Fri
17:34:35,147,Outer DuSable Lake Shore Express,,Sun
22:04:12,147,Outer DuSable Lake Shore Express,,Sat
07:34:39,3,King Drive,,Sat
16:43:08,3,King Drive,,Sun
14:47:58,147,Outer DuSable Lake Shore Express,,Sat
07:46:31,146,Inner Lake Shore/Michigan Express,,Mon,Tue,Wed,Thu,Fri
18:34:26,3,King Drive,,Sat
06:55:34,157,Streeterville/Taylor,,Mon,Tue,Wed,Thu,Fri
06:17:39,3,King Drive,,Sat
21:56:35,151,Sheridan,,Sat
07:56:25,157,Streeterville/Taylor,,Mon,Tue,Wed,Thu,Fri
19:12:38,3,King Drive,,Mon,Tue,Wed,Thu,Fri
05:57:39,3,King Drive,,Sat
18:35:42,146,Inner Lake Shore/Michigan Express,,Sun
18:23:42,146,Inner Lake Shore/Michigan Express,,Sun
08:14:51,148,Clarendon/Michigan Express,,Mon,Tue,Wed,Thu,Fri
07:17:39,3,King Drive,,Sat
20:05:47,147,Outer DuSable Lake Shore Express,,Mon,Tue,Wed,Thu,Fri
19:20:42,146,Inner Lake Shore/Michigan Express,,Sun
08:40:28,146,Inner Lake Shore/Michigan Express,,Sun
14:07:10,151,Sheridan,,Mon,Tue,Wed,Thu,Fri
09:46:35,147,Outer DuSable Lake Shore Express,,Mon,Tue,Wed,Thu,Fri
07:14:47,146,Inner Lake Shore/Michigan Express,,Sat
15:24:40,151,Sheridan,,Sun
14:20:44,146,Inner Lake Shore/Michigan Express,,Mon,Tue,Wed,Thu,Fri
12:12:47,147,Outer DuSable Lake Shore Express,,Sat
14:24:40,151,Sheridan,,Sun
14:30:44,146,Inner Lake Shore/Michigan Express,,Mon,Tue,Wed,Thu,Fri
15:48:53,26,South Shore Express,,Mon,Tue,Wed,Thu,Fri
07:51:39,3,King Drive,,Sat
18:31:47,147,Outer DuSable Lake Shore Express,,Sun
11:49:02,3,King Drive,,Mon,Tue,Wed,Thu,Fri
11:33:47,151,Sheridan,,Sun
08:39:02,3,King Drive,,Mon,Tue,Wed,Thu,Fri
12:19:08,3,King Drive,,Sat
12:08:50,3,King Drive,,Sat
11:17:05,151,Sheridan,,Mon,Tue,Wed,Thu,Fri
19:55:42,146,Inner Lake Shore/Michigan Express,,Sat
08:14:47,151,Sheridan,,Mon,Tue,Wed,Thu,Fri
18:42:25,146,Inner Lake Shore/Michigan Express,,Sat
14:45:50,3,King Drive,,Mon,Tue,Wed,Thu,Fri
20:13:54,26,South Shore Express,,Mon,Tue,Wed,Thu,Fri
13:08:13,3,King Drive,,Sat
10:44:17,151,Sheridan,,Sat
24:06:14,151,Sheridan,,Mon,Tue,Wed,Thu,Fri
15:07:05,147,Outer DuSable Lake Shore Express,,Sun
18:14:43,3,King Drive,,Sat
18:19:08,3,King Drive,,Sun
10:13:31,146,Inner Lake Shore/Michigan Express,,Sat
14:06:50,3,King Drive,,Mon,Tue,Wed,Thu,Fri
16:13:58,147,Outer DuSable Lake Shore Express,,Mon,Tue,Wed,Thu,Fri
13:14:40,147,Outer DuSable Lake Shore Express,,Sat
07:43:48,2,Hyde Park Express,,Mon,Tue,Wed,Thu,Fri
10:43:45,3,King Drive,,Sat
13:46:10,147,Outer DuSable Lake Shore Express,,Mon,Tue,Wed,Thu,Fri
12:27:22,147,Outer DuSable Lake Shore Express,,Mon,Tue,Wed,Thu,Fri
08:13:31,2,Hyde Park Express,,Mon,Tue,Wed,Thu,Fri
18:49:42,146,Inner Lake Shore/Michigan Express,,Sun
07:39:40,148,Clarendon/Michigan Express,,Mon,Tue,Wed,Thu,Fri
09:07:28,146,Inner Lake Shore/Michigan Express,,Sun
20:21:05,147,Outer DuSable Lake Shore Express,,Sat
21:21:54,151,Sheridan,,Sun
07:55:31,148,Clarendon/Michigan Express,,Mon,Tue,Wed,Thu,Fri
08:45:54,147,Outer DuSable Lake Shore Express,,Sat
19:34:17,151,Sheridan,,Sun
11:32:17,151,Sheridan,,Sat
13:13:03,146,Inner Lake Shore/Michigan Express,,Sun
20:14:17,151,Sheridan,,Mon,Tue,Wed,Thu,Fri
20:02:12,147,Outer DuSable Lake Shore Express,,Sun
06:22:37,151,Sheridan,,Mon,Tue,Wed,Thu,Fri
10:21:32,3,King Drive,,Mon,Tue,Wed,Thu,Fri
16:59:00,157,Streeterville/Taylor,,Mon,Tue,Wed,Thu,Fri
10:53:45,3,King Drive,,Sun
11:41:22,151,Sheridan,,Mon,Tue,Wed,Thu,Fri
11:08:12,146,Inner Lake Shore/Michigan Express,,Mon,Tue,Wed,Thu,Fri
09:02:49,146,Inner Lake Shore/Michigan Express,,Sat
06:54:42,147,Outer DuSable Lake Shore Express,,Mon,Tue,Wed,Thu,Fri
10:29:12,146,Inner Lake Shore/Michigan Express,,Mon,Tue,Wed,Thu,Fri
16:14:45,151,Sheridan,,Mon,Tue,Wed,Thu,Fri
19:58:28,151,Sheridan,,Sat
17:32:45,147,Outer DuSable Lake Shore Express,,Mon,Tue,Wed,Thu,Fri
13:18:53,146,Inner Lake Shore/Michigan Express,,Sat
14:04:22,151,Sheridan,,Sun
06:22:49,147,Outer DuSable Lake Shore Express,,Sat
08:06:58,146,Inner Lake Shore/Michigan Express,,Sat
16:04:40,151,Sheridan,,Sun
19:49:20,3,King Drive,,Mon,Tue,Wed,Thu,Fri
21:07:02,3,King Drive,,Sun
20:58:53,157,Streeterville/Taylor,,Mon,Tue,Wed,Thu,Fri
19:04:26,3,King Drive,,Sat
22:15:12,147,Outer DuSable Lake Shore Express,,Mon,Tue,Wed,Thu,Fri
16:55:13,3,King Drive,,Mon,Tue,Wed,Thu,Fri
13:41:28,151,Sheridan,,Sat
16:27:46,146,Inner Lake Shore/Michigan Express,,Sat
13:59:10,147,Outer DuSable Lake Shore Express,,Mon,Tue,Wed,Thu,Fri
06:28:34,157,Streeterville/Taylor,,Mon,Tue,Wed,Thu,Fri
18:47:40,151,Sheridan,,Mon,Tue,Wed,Thu,Fri
08:39:47,151,Sheridan,,Mon,Tue,Wed,Thu,Fri
01:10:08,151,Sheridan,,Tue,Wed,Thu,Fri,Sat
09:40:12,147,Outer DuSable Lake Shore Express,,Sun
11:16:47,147,Outer DuSable Lake Shore Express,,Sun
05:34:49,147,Outer DuSable Lake Shore Express,,Sat
09:25:24,151,Sheridan,,Sat
17:16:43,3,King Drive,,Sat
19:45:45,151,Sheridan,,Sat
10:56:41,157,Streeterville/Taylor,,Mon,Tue,Wed,Thu,Fri
09:36:01,146,Inner Lake Shore/Michigan Express,,Sat
13:06:44,146,Inner Lake Shore/Michigan Express,,Sun
07:21:30,147,Outer DuSable Lake Shore Express,,Mon,Tue,Wed,Thu,Fri
22:52:24,151,Sheridan,,Mon,Tue,Wed,Thu,Fri
12:16:22,147,Outer DuSable Lake Shore Express,,Mon,Tue,Wed,Thu,Fri
07:08:38,146,Inner Lake Shore/Michigan Express,,Sun
12:00:47,147,Outer DuSable Lake Shore Express,,Sun
07:17:00,147,Outer DuSable Lake Shore Express,,Mon,Tue,Wed,Thu,Fri
20:50:28,146,Inner Lake Shore/Michigan Express,,Sun
08:50:58,143,Stockton/Michigan Express,,Mon,Tue,Wed,Thu,Fri
23:01:37,151,Sheridan,,Sun
19:28:47,147,Outer DuSable Lake Shore Express,,Mon,Tue,Wed,Thu,Fri
08:08:39,3,King Drive,,Sat
14:34:40,151,Sheridan,,Sun
19:58:28,151,Sheridan,,Sat
09:28:32,3,King Drive,,Mon,Tue,Wed,Thu,Fri
21:45:38,3,King Drive,,Sat
13:57:28,151,Sheridan,,Sat
21:06:38,3,King Drive,,Sat
08:38:39,3,King Drive,,Sun
08:03:01,146,Inner Lake Shore/Michigan Express,,Mon,Tue,Wed,Thu,Fri
17:26:21,151,Sheridan,,Sat
18:55:38,3,King Drive,,Mon,Tue,Wed,Thu,Fri
16:14:03,147,Outer DuSable Lake Shore Express,,Sat
17:27:58,147,Outer DuSable Lake Shore Express,,Sat
17:25:43,3,King Drive,,Sat
08:19:47,151,Sheridan,,Mon,Tue,Wed,Thu,Fri
18:15:38,3,King Drive,,Mon,Tue,Wed,Thu,Fri
09:19:39,3,King Drive,,Sun
13:58:03,146,Inner Lake Shore/Michigan Express,,Sun
14:14:38,3,King Drive,,Sun
11:17:05,151,Sheridan,,Mon,Tue,Wed,Thu,Fri
20:30:54,26,South Shore Express,,Mon,Tue,Wed,Thu,Fri
13:13:52,151,Sheridan,,Sun
19:53:31,146,Inner Lake Shore/Michigan Express,,Sun
15:41:08,3,King Drive,,Mon,Tue,Wed,Thu,Fri
15:37:03,146,Inner Lake Shore/Michigan Express,,Sun
08:25:07,151,Sheridan,,Sat
13:34:52,147,Outer DuSable Lake Shore Express,,Mon,Tue,Wed,Thu,Fri
15:36:28,147,Outer DuSable Lake Shore Express,,Mon,Tue,Wed,Thu,Fri
13:36:20,3,King Drive,,Mon,Tue,Wed,Thu,Fri
05:52:49,147,Outer DuSable Lake Shore Express,,Sat
09:45:42,151,Sheridan,,Sat
18:52:52,151,Sheridan,,Sun
14:10:10,147,Outer DuSable Lake Shore Express,,Mon,Tue,Wed,Thu,Fri
14:45:05,147,Outer DuSable Lake Shore Express,,Sun
16:52:33,151,Sheridan,,Mon,Tue,Wed,Thu,Fri
17:19:28,147,Outer DuSable Lake Shore Express,,Sat
14:47:13,3,King Drive,,Sat
19:26:28,147,Outer DuSable Lake Shore Express,,Sat
10:41:11,157,Streeterville/Taylor,,Mon,Tue,Wed,Thu,Fri
16:30:03,146,Inner Lake Shore/Michigan Express,,Sun
07:00:12,147,Outer DuSable Lake Shore Express,,Mon,Tue,Wed,Thu,Fri
07:29:08,146,Inner Lake Shore/Michigan Express,,Sun
13:34:52,147,Outer DuSable Lake Shore Express,,Mon,Tue,Wed,Thu,Fri
18:04:43,3,King Drive,,Sat
07:39:47,151,Sheridan,,Mon,Tue,Wed,Thu,Fri
23:57:37,151,Sheridan,,Sat
16:20:13,26,South Shore Express,,Mon,Tue,Wed,Thu,Fri
08:37:35,147,Outer DuSable Lake Shore Express,,Mon,Tue,Wed,Thu,Fri
09:39:45,3,King Drive,,Sat
12:19:08,3,King Drive,,Sat
07:17:00,147,Outer DuSable Lake Shore Express,,Mon,Tue,Wed,Thu,Fri
11:19:45,3,King Drive,,Sun
13:35:13,3,King Drive,,Sat
08:54:28,146,Inner Lake Shore/Michigan Express,,Sun
08:23:07,151,Sheridan,,Sun
12:45:28,151,Sheridan,,Sat
09:05:24,151,Sheridan,,Sat
21:16:07,147,Outer DuSable Lake Shore Express,,Sun
22:31:58,146,Inner Lake Shore/Michigan Express,,Mon,Tue,Wed,Thu,Fri
12:29:10,151,Sheridan,,Sat
08:29:02,3,King Drive,,Mon,Tue,Wed,Thu,Fri
19:58:20,3,King Drive,,Mon,Tue,Wed,Thu,Fri
24:01:19,151,Sheridan,,Sun
08:25:39,3,King Drive,,Sat
05:37:01,151,Sheridan,,Mon,Tue,Wed,Thu,Fri
17:50:42,146,Inner Lake Shore/Michigan Express,,Sun
23:57:37,151,Sheridan,,Sat
14:22:10,147,Outer DuSable Lake Shore Express,,Mon,Tue,Wed,Thu,Fri
10:54:32,3,King Drive,,Mon,Tue,Wed,Thu,Fri
15:26:03,151,Sheridan,,Sat
18:39:38,3,King Drive,,Mon,Tue,Wed,Thu,Fri
08:16:27,157,Streeterville/Taylor,,Mon,Tue,Wed,Thu,Fri
18:21:57,2,Hyde Park Express,,Mon,Tue,Wed,Thu,Fri
06:46:37,151,Sheridan,,Mon,Tue,Wed,Thu,Fri
08:16:58,146,Inner Lake Shore/Michigan Express,,Sat
08:55:07,151,Sheridan,,Sat
11:06:50,3,King Drive,,Sat
06:29:01,151,Sheridan,,Sat
16:42:45,151,Sheridan,,Mon,Tue,Wed,Thu,Fri
10:30:47,147,Outer DuSable Lake Shore Express,,Sat
17:04:45,147,Outer DuSable Lake Shore Express,,Mon,Tue,Wed,Thu,Fri
07:36:07,157,Streeterville/Taylor,,Mon,Tue,Wed,Thu,Fri
12:43:47,147,Outer DuSable Lake Shore Express,,Sun
11:04:47,147,Outer DuSable Lake Shore Express,,Sun
19:21:38,3,King Drive,,Mon,Tue,Wed,Thu,Fri
09:03:35,147,Outer DuSable Lake Shore Express,,Mon,Tue,Wed,Thu,Fri
15:23:38,3,King Drive,,Sun
00:49:08,151,Sheridan,,Tue,Wed,Thu,Fri,Sat
19:17:58,147,Outer DuSable Lake Shore Express,,Sat
17:02:28,147,Outer DuSable Lake Shore Express,,Sat
08:54:47,151,Sheridan,,Mon,Tue,Wed,Thu,Fri
16:37:45,147,Outer DuSable Lake Shore Express,,Sat
22:18:12,147,Outer DuSable Lake Shore Express,,Sat
12:37:28,151,Sheridan,,Sat
10:17:05,151,Sheridan,,Mon,Tue,Wed,Thu,Fri
11:23:31,146,Inner Lake Shore/Michigan Express,,Sun
07:38:00,147,Outer DuSable Lake Shore Express,,Mon,Tue,Wed,Thu,Fri
12:41:50,3,King Drive,,Mon,Tue,Wed,Thu,Fri
15:40:03,147,Outer DuSable Lake Shore Express,,Sat
14:05:28,151,Sheridan,,Sat
07:13:27,3,King Drive,,Mon,Tue,Wed,Thu,Fri
13:53:13,3,King Drive,,Sat
16:04:03,146,Inner Lake Shore/Michigan Express,,Sun
00:55:44,151,Sheridan,,Sun
12:08:50,3,King Drive,,Sat
18:54:23,146,Inner Lake Shore/Michigan Express,,Mon,Tue,Wed,Thu,Fri
06:37:39,3,King Drive,,Sat
12:54:47,147,Outer DuSable Lake Shore Express,,Sun
21:39:30,147,Outer DuSable Lake Shore Express,,Sat
10:36:22,147,Outer DuSable Lake Shore Express,,Mon,Tue,Wed,Thu,Fri
07:41:31,146,Inner Lake Shore/Michigan Express,,Mon,Tue,Wed,Thu,Fri
15:26:53,26,South Shore Express,,Mon,Tue,Wed,Thu,Fri
16:27:44,146,Inner Lake Shore/Michigan Express,,Mon,Tue,Wed,Thu,Fri
18:47:38,3,King Drive,,Mon,Tue,Wed,Thu,Fri
17:54:43,3,King Drive,,Sat
06:54:42,147,Outer DuSable Lake Shore Express,,Mon,Tue,Wed,Thu,Fri
07:56:39,3,King Drive,,Sun
19:34:26,3,King Drive,,Sat
16:11:46,146,Inner Lake Shore/Michigan Express,,Sat
12:34:05,151,Sheridan,,Sun
09:09:54,147,Outer DuSable Lake Shore Express,,Sun
08:41:57,157,Streeterville/Taylor,,Mon,Tue,Wed,Thu,Fri
10:55:17,147,Outer DuSable Lake Shore Express,,Sun
11:41:22,151,Sheridan,,Mon,Tue,Wed,Thu,Fri
08:18:05,147,Outer DuSable Lake Shore Express,,Mon,Tue,Wed,Thu,Fri
13:57:28,151,Sheridan,,Sat
12:19:50,3,King Drive,,Mon,Tue,Wed,Thu,Fri
20:22:12,151,Sheridan,,Sun
22:04:42,151,Sheridan,,Mon,Tue,Wed,Thu,Fri
23:45:19,151,Sheridan,,Mon,Tue,Wed,Thu,Fri
20:53:38,3,King Drive,,Sat
07:50:28,146,Inner Lake Shore/Michigan Express,,Sun
06:58:54,151,Sheridan,,Mon,Tue,Wed,Thu,Fri
18:28:33,26,South Shore Express,,Mon,Tue,Wed,Thu,Fri
13:59:23,146,Inner Lake Shore/Michigan Express,,Sat
21:36:37,147,Outer DuSable Lake Shore Express,,Sun
17:46:45,147,Outer DuSable Lake Shore Express,,Mon,Tue,Wed,Thu,Fri
12:54:47,147,Outer DuSable Lake Shore Express,,Sun
10:54:32,3,King Drive,,Mon,Tue,Wed,Thu,Fri
22:20:02,3,King Drive,,Mon,Tue,Wed,Thu,Fri
10:53:45,3,King Drive,,Sun
16:53:16,146,Inner Lake Shore/Michigan Express,,Sat
19:09:33,26,South Shore Express,,Mon,Tue,Wed,Thu,Fri
07:58:01,146,Inner Lake Shore/Michigan Express,,Mon,Tue,Wed,Thu,Fri
21:51:30,147,Outer DuSable Lake Shore Express,,Sat
18:18:58,147,Outer DuSable Lake Shore Express,,Sat
15:46:38,3,King Drive,,Sun
22:26:00,151,Sheridan,,Sat
07:31:31,2,Hyde Park Express,,Mon,Tue,Wed,Thu,Fri
09:28:31,146,Inner Lake Shore/Michigan Express,,Sat
17:15:03,146,Inner Lake Shore/Michigan Express,,Sun
07:57:43,2,Hyde Park Express,,Mon,Tue,Wed,Thu,Fri
15:14:33,147,Outer DuSable Lake Shore Express,,Sat
22:11:17,151,Sheridan,,Sat
10:10:32,3,King Drive,,Mon,Tue,Wed,Thu,Fri
14:26:20,3,King Drive,,Mon,Tue,Wed,Thu,Fri
16:54:08,3,King Drive,,Sun
14:05:40,147,Outer DuSable Lake Shore Express,,Sat
22:11:10,146,Inner Lake Shore/Michigan Express,,Sat
17:55:14,146,Inner Lake Shore/Michigan Express,,Mon,Tue,Wed,Thu,Fri
07:14:39,3,King Drive,,Sun
09:13:52,143,Stockton/Michigan Express,,Mon,Tue,Wed,Thu,Fri
09:12:42,148,Clarendon/Michigan Express,,Mon,Tue,Wed,Thu,Fri
14:54:40,151,Sheridan,,Sun
18:23:38,3,King Drive,,Mon,Tue,Wed,Thu,Fri
16:53:58,147,Outer DuSable Lake Shore Express,,Sat
17:06:03,146,Inner Lake Shore/Michigan Express,,Sun
15:41:35,147,Outer DuSable Lake Shore Express,,Sun
15:44:40,151,Sheridan,,Sun
19:11:35,147,Outer DuSable Lake Shore Express,,Mon,Tue,Wed,Thu,Fri
14:31:23,146,Inner Lake Shore/Michigan Express,,Sat
11:58:02,3,King Drive,,Sun
13:48:40,147,Outer DuSable Lake Shore Express,,Sat
21:26:52,151,Sheridan,,Sat
17:02:02,26,South Shore Express,,Mon,Tue,Wed,Thu,Fri
21:18:00,147,Outer DuSable Lake Shore Express,,Mon,Tue,Wed,Thu,Fri
10:15:17,147,Outer DuSable Lake Shore Express,,Sun
15:14:40,151,Sheridan,,Sun
14:38:13,3,King Drive,,Sat
09:10:41,157,Streeterville/Taylor,,Mon,Tue,Wed,Thu,Fri
06:37:37,147,Outer DuSable Lake Shore Express,,Sun
09:58:31,146,Inner Lake Shore/Michigan Express,,Sat
11:47:22,147,Outer DuSable Lake Shore Express,,Mon,Tue,Wed,Thu,Fri
10:18:45,3,King Drive,,Sat
11:27:12,146,Inner Lake Shore/Michigan Express,,Mon,Tue,Wed,Thu,Fri
14:13:28,151,Sheridan,,Sat
12:36:22,147,Outer DuSable Lake Shore Express,,Mon,Tue,Wed,Thu,Fri
18:51:20,3,King Drive,,Sun
12:43:47,147,Outer DuSable Lake Shore Express,,Sun
10:00:10,146,Inner Lake Shore/Michigan Express,,Sun
16:24:15,151,Sheridan,,Mon,Tue,Wed,Thu,Fri
08:44:47,151,Sheridan,,Mon,Tue,Wed,Thu,Fri
10:36:42,146,Inner Lake Shore/Michigan Express,,Sat
21:41:35,151,Sheridan,,Sat
08:19:24,147,Outer DuSable Lake Shore Express,,Sat
20:02:12,147,Outer DuSable Lake Shore Express,,Sun
08:17:39,3,King Drive,,Sun
10:27:22,147,Outer DuSable Lake Shore Express,,Mon,Tue,Wed,Thu,Fri
08:38:12,146,Inner Lake Shore/Michigan Express,,Mon,Tue,Wed,Thu,Fri
21:20:50,3,King Drive,,Mon,Tue,Wed,Thu,Fri
11:24:17,151,Sheridan,,Sat
09:27:51,148,Clarendon/Michigan Express,,Mon,Tue,Wed,Thu,Fri
12:39:44,146,Inner Lake Shore/Michigan Express,,Mon,Tue,Wed,Thu,Fri
07:49:02,3,King Drive,,Mon,Tue,Wed,Thu,Fri
09:51:01,146,Inner Lake Shore/Michigan Express,,Sat
09:31:49,146,Inner Lake Shore/Michigan Express,,Sun
19:57:24,26,South Shore Express,,Mon,Tue,Wed,Thu,Fri
12:39:17,147,Outer DuSable Lake Shore Express,,Sat
06:43:57,3,King Drive,,Mon,Tue,Wed,Thu,Fri
15:24:28,147,Outer DuSable Lake Shore Express,,Mon,Tue,Wed,Thu,Fri
08:35:07,151,Sheridan,,Sat
17:16:43,3,King Drive,,Sat
18:18:58,147,Outer DuSable Lake Shore Express,,Sat
18:09:23,146,Inner Lake Shore/Michigan Express,,Mon,Tue,Wed,Thu,Fri
22:11:10,146,Inner Lake Shore/Michigan Express,,Sat
17:36:28,147,Outer DuSable Lake Shore Express,,Sat
18:47:40,151,Sheridan,,Mon,Tue,Wed,Thu,Fri
13:20:14,146,Inner Lake Shore/Michigan Express,,Mon,Tue,Wed,Thu,Fri
18:14:21,151,Sheridan,,Sat
12:12:52,151,Sheridan,,Sat
21:01:17,151,Sheridan,,Mon,Tue,Wed,Thu,Fri
11:38:50,3,King Drive,,Sat
07:37:37,147,Outer DuSable Lake Shore Express,,Sat
14:03:08,3,King Drive,,Sun
07:25:37,147,Outer DuSable Lake Shore Express,,Sat
17:02:28,147,Outer DuSable Lake Shore Express,,Sat
18:20:10,147,Outer DuSable Lake Shore Express,,Mon,Tue,Wed,Thu,Fri
09:28:47,147,Outer DuSable Lake Shore Express,,Mon,Tue,Wed,Thu,Fri
17:29:55,146,Inner Lake Shore/Michigan Express,,Mon,Tue,Wed,Thu,Fri
23:06:47,146,Inner Lake Shore/Michigan Express,,Sun
07:55:58,146,Inner Lake Shore/Michigan Express,,Sat
18:04:43,3,King Drive,,Sat
16:09:38,3,King Drive,,Sun
08:08:07,151,Sheridan,,Sun
08:09:54,147,Outer DuSable Lake Shore Express,,Sun
19:42:53,157,Streeterville/Taylor,,Mon,Tue,Wed,Thu,Fri
12:46:53,146,Inner Lake Shore/Michigan Express,,Sat
06:22:31,151,Sheridan,,Sun
08:15:05,143,Stockton/Michigan Express,,Mon,Tue,Wed,Thu,Fri
16:58:43,3,King Drive,,Sat
09:22:05,147,Outer DuSable Lake Shore Express,,Mon,Tue,Wed,Thu,Fri
11:38:47,147,Outer DuSable Lake Shore Express,,Sat
15:26:03,151,Sheridan,,Sat
16:50:13,3,King Drive,,Sat
18:29:10,151,Sheridan,,Sun
11:58:42,146,Inner Lake Shore/Michigan Express,,Sat
20:03:21,146,Inner Lake Shore/Michigan Express,,Mon,Tue,Wed,Thu,Fri
16:20:13,26,South Shore Express,,Mon,Tue,Wed,Thu,Fri
08:59:39,3,King Drive,,Sun
18:29:02,2,Hyde Park Express,,Mon,Tue,Wed,Thu,Fri
18:08:25,146,Inner Lake Shore/Michigan Express,,Sat
17:10:58,147,Outer DuSable Lake Shore Express,,Sat
08:45:12,148,Clarendon/Michigan Express,,Mon,Tue,Wed,Thu,Fri
13:25:50,3,King Drive,,Mon,Tue,Wed,Thu,Fri
14:58:15,147,Outer DuSable Lake Shore Express,,Sat
15:54:40,151,Sheridan,,Sun
14:31:23,146,Inner Lake Shore/Michigan Express,,Sat
10:51:42,146,Inner Lake Shore/Michigan Express,,Mon,Tue,Wed,Thu,Fri
17:09:32,26,South Shore Express,,Mon,Tue,Wed,Thu,Fri
16:44:40,151,Sheridan,,Sun
16:33:26,3,King Drive,,Mon,Tue,Wed,Thu,Fri
07:00:12,147,Outer DuSable Lake Shore Express,,Mon,Tue,Wed,Thu,Fri
16:05:52,147,Outer DuSable Lake Shore Express,,Sun
22:55:37,147,Outer DuSable Lake Shore Express,,Sun
18:04:58,151,Sheridan,,Mon,Tue,Wed,Thu,Fri
14:20:44,146,Inner Lake Shore/Michigan Express,,Mon,Tue,Wed,Thu,Fri
11:24:17,151,Sheridan,,Sat
11:40:17,151,Sheridan,,Sat
08:29:12,146,Inner Lake Shore/Michigan Express,,Mon,Tue,Wed,Thu,Fri
11:04:47,147,Outer DuSable Lake Shore Express,,Sat
14:26:08,3,King Drive,,Sun
08:10:05,143,Stockton/Michigan Express,,Mon,Tue,Wed,Thu,Fri
08:26:58,146,Inner Lake Shore/Michigan Express,,Sat
11:05:31,146,Inner Lake Shore/Michigan Express,,Sun
19:31:20,3,King Drive,,Mon,Tue,Wed,Thu,Fri
20:40:38,3,King Drive,,Sat
13:02:53,146,Inner Lake Shore/Michigan Express,,Sat
08:13:05,147,Outer DuSable Lake Shore Express,,Mon,Tue,Wed,Thu,Fri
17:41:42,146,Inner Lake Shore/Michigan Express,,Sun
08:09:02,3,King Drive,,Mon,Tue,Wed,Thu,Fri
13:09:28,151,Sheridan,,Sat
10:10:32,3,King Drive,,Mon,Tue,Wed,Thu,Fri
00:40:08,151,Sheridan,,Mon
17:54:21,151,Sheridan,,Sat
21:17:17,151,Sheridan,,Mon,Tue,Wed,Thu,Fri
12:57:40,147,Outer DuSable Lake Shore Express,,Sat
12:30:42,146,Inner Lake Shore/Michigan Express,,Sat
17:41:42,146,Inner Lake Shore/Michigan Express,,Sun
09:05:10,143,Stockton/Michigan Express,,Mon,Tue,Wed,Thu,Fri
18:54:26,3,King Drive,,Sat
20:05:00,151,Sheridan,,Sun
21:09:35,147,Outer DuSable Lake Shore Express,,Sat
16:14:05,147,Outer DuSable Lake Shore Express,,Sun
18:24:26,3,King Drive,,Sat
14:53:15,157,Streeterville/Taylor,,Mon,Tue,Wed,Thu,Fri
15:24:40,151,Sheridan,,Sun
13:36:20,3,King Drive,,Mon,Tue,Wed,Thu,Fri
08:27:54,147,Outer DuSable Lake Shore Express,,Sat
18:52:58,147,Outer DuSable Lake Shore Express,,Sat
00:13:39,3,King Drive,,Tue,Wed,Thu,Fri,Sat
09:05:12,148,Clarendon/Michigan Express,,Mon,Tue,Wed,Thu,Fri
23:45:19,151,Sheridan,,Mon,Tue,Wed,Thu,Fri
14:57:25,146,Inner Lake Shore/Michigan Express,,Sat
12:52:50,3,King Drive,,Mon,Tue,Wed,Thu,Fri
07:46:54,147,Outer DuSable Lake Shore Express,,Sun
09:15:24,151,Sheridan,,Sat
16:54:08,3,King Drive,,Sun
09:52:45,3,King Drive,,Sat
11:33:02,3,King Drive,,Sun
22:04:12,147,Outer DuSable Lake Shore Express,,Sat
11:38:50,3,King Drive,,Sat
11:06:45,3,King Drive,,Sun
13:20:14,26,South Shore Express,,Mon,Tue,Wed,Thu,Fri
07:53:01,146,Inner Lake Shore/Michigan Express,,Mon,Tue,Wed,Thu,Fri
09:31:12,147,Outer DuSable Lake Shore Express,,Sun
19:17:58,147,Outer DuSable Lake Shore Express,,Sat
09:52:45,3,King Drive,,Sat
21:46:02,3,King Drive,,Mon,Tue,Wed,Thu,Fri
15:18:35,147,Outer DuSable Lake Shore Express,,Sun
14:20:13,3,King Drive,,Sat
12:57:44,146,Inner Lake Shore/Michigan Express,,Sun
15:26:53,26,South Shore Express,,Mon,Tue,Wed,Thu,Fri
16:37:45,147,Outer DuSable Lake Shore Express,,Mon,Tue,Wed,Thu,Fri
09:23:47,143,Stockton/Michigan Express,,Mon,Tue,Wed,Thu,Fri
01:15:44,151,Sheridan,,Sun
12:40:13,3,King Drive,,Sat
22:09:58,146,Inner Lake Shore/Michigan Express,,Sun
15:38:23,26,South Shore Express,,Mon,Tue,Wed,Thu,Fri
14:38:13,3,King Drive,,Sat
11:24:42,146,Inner Lake Shore/Michigan Express,,Sat
12:10:32,3,King Drive,,Sun
18:05:33,26,South Shore Express,,Mon,Tue,Wed,Thu,Fri
13:10:53,146,Inner Lake Shore/Michigan Express,,Sat
16:13:03,146,Inner Lake Shore/Michigan Express,,Sun
23:21:37,151,Sheridan,,Sun
19:20:42,146,Inner Lake Shore/Michigan Express,,Mon,Tue,Wed,Thu,Fri
12:50:13,3,King Drive,,Sat
11:29:05,151,Sheridan,,Mon,Tue,Wed,Thu,Fri
08:58:54,147,Outer DuSable Lake Shore Express,,Sun
07:24:01,146,Inner Lake Shore/Michigan Express,,Mon,Tue,Wed,Thu,Fri
09:35:24,151,Sheridan,,Sun
19:35:12,146,Inner Lake Shore/Michigan Express,,Mon,Tue,Wed,Thu,Fri
18:54:26,3,King Drive,,Sat
21:36:12,147,Outer DuSable Lake Shore Express,,Mon,Tue,Wed,Thu,Fri
14:51:14,146,Inner Lake Shore/Michigan Express,,Mon,Tue,Wed,Thu,Fri
15:29:13,3,King Drive,,Sat
16:04:03,146,Inner Lake Shore/Michigan Express,,Sun
15:35:08,3,King Drive,,Sun
09:44:47,151,Sheridan,,Mon,Tue,Wed,Thu,Fri
14:45:28,151,Sheridan,,Sat
19:24:03,151,Sheridan,,Sat
10:10:45,3,King Drive,,Sun
09:15:24,151,Sheridan,,Sat
13:23:52,147,Outer DuSable Lake Shore Express,,Mon,Tue,Wed,Thu,Fri
18:55:55,146,Inner Lake Shore/Michigan Express,,Sat
09:10:42,148,Clarendon/Michigan Express,,Mon,Tue,Wed,Thu,Fri
17:36:10,151,Sheridan,,Sun
11:14:17,147,Outer DuSable Lake Shore Express,,Sat
14:59:40,147,Outer DuSable Lake Shore Express,,Mon,Tue,Wed,Thu,Fri
15:31:33,147,Outer DuSable Lake Shore Express,,Sat
18:39:38,3,King Drive,,Mon,Tue,Wed,Thu,Fri
14:49:08,3,King Drive,,Sun
06:33:57,3,King Drive,,Mon,Tue,Wed,Thu,Fri
11:36:22,147,Outer DuSable Lake Shore Express,,Mon,Tue,Wed,Thu,Fri
17:25:03,151,Sheridan,,Mon,Tue,Wed,Thu,Fri
17:36:10,151,Sheridan,,Sun
13:44:22,151,Sheridan,,Sun
20:27:38,3,King Drive,,Sat
15:26:08,3,King Drive,,Mon,Tue,Wed,Thu,Fri
14:13:10,147,Outer DuSable Lake Shore Express,,Sat
17:34:35,147,Outer DuSable Lake Shore Express,,Sun
11:38:32,3,King Drive,,Mon,Tue,Wed,Thu,Fri
15:54:22,147,Outer DuSable Lake Shore Express,,Sun
07:33:47,143,Stockton/Michigan Express,,Mon,Tue,Wed,Thu,Fri
06:35:19,147,Outer DuSable Lake Shore Express,,Sat
12:46:53,146,Inner Lake Shore/Michigan Express,,Sat
19:10:09,157,Streeterville/Taylor,,Mon,Tue,Wed,Thu,Fri
16:54:32,26,South Shore Express,,Mon,Tue,Wed,Thu,Fri
09:19:02,3,King Drive,,Mon,Tue,Wed,Thu,Fri
22:20:24,151,Sheridan,,Mon,Tue,Wed,Thu,Fri
22:46:15,3,King Drive,,Mon,Tue,Wed,Thu,Fri
22:41:37,151,Sheridan,,Sun
15:54:46,146,Inner Lake Shore/Michigan Express,,Sat
19:19:35,151,Sheridan,,Sun
18:40:52,151,Sheridan,,Sun
18:56:25,157,Streeterville/Taylor,,Mon,Tue,Wed,Thu,Fri
12:08:50,3,King Drive,,Mon,Tue,Wed,Thu,Fri
11:05:05,151,Sheridan,,Mon,Tue,Wed,Thu,Fri
23:56:39,3,King Drive,,Mon,Tue,Wed,Thu,Fri
16:44:13,3,King Drive,,Mon,Tue,Wed,Thu,Fri
13:56:10,147,Outer DuSable Lake Shore Express,,Sat
19:23:53,157,Streeterville/Taylor,,Mon,Tue,Wed,Thu,Fri
23:41:00,151,Sheridan,,Sat
23:56:39,3,King Drive,,Mon,Tue,Wed,Thu,Fri
14:44:40,151,Sheridan,,Sun
15:26:08,3,King Drive,,Mon,Tue,Wed,Thu,Fri
09:28:47,147,Outer DuSable Lake Shore Express,,Mon,Tue,Wed,Thu,Fri
11:24:42,146,Inner Lake Shore/Michigan Express,,Sat
22:37:07,147,Outer DuSable Lake Shore Express,,Sun
07:14:47,146,Inner Lake Shore/Michigan Express,,Sat
19:35:31,146,Inner Lake Shore/Michigan Express,,Sun
07:59:24,147,Outer DuSable Lake Shore Express,,Sat
10:27:22,147,Outer DuSable Lake Shore Express,,Mon,Tue,Wed,Thu,Fri
12:19:59,157,Streeterville/Taylor,,Mon,Tue,Wed,Thu,Fri
19:11:35,147,Outer DuSable Lake Shore Express,,Mon,Tue,Wed,Thu,Fri
05:52:49,147,Outer DuSable Lake Shore Express,,Sat
08:15:05,143,Stockton/Michigan Express,,Mon,Tue,Wed,Thu,Fri
22:49:58,146,Inner Lake Shore/Michigan Express,,Mon,Tue,Wed,Thu,Fri
20:42:10,151,Sheridan,,Sat
08:39:47,151,Sheridan,,Mon,Tue,Wed,Thu,Fri
13:54:40,151,Sheridan,,Mon,Tue,Wed,Thu,Fri
21:44:49,146,Inner Lake Shore/Michigan Express,,Mon,Tue,Wed,Thu,Fri
22:29:58,146,Inner Lake Shore/Michigan Express,,Sun
16:34:40,151,Sheridan,,Sun
12:41:40,151,Sheridan,,Mon,Tue,Wed,Thu,Fri
16:40:14,146,Inner Lake Shore/Michigan Express,,Mon,Tue,Wed,Thu,Fri
14:37:28,151,Sheridan,,Sat
09:51:10,146,Inner Lake Shore/Michigan Express,,Sun
05:04:19,147,Outer DuSable Lake Shore Express,,Mon,Tue,Wed,Thu,Fri
23:27:09,3,King Drive,,Mon,Tue,Wed,Thu,Fri
21:00:05,147,Outer DuSable Lake Shore Express,,Sat
11:31:17,147,Outer DuSable Lake Shore Express,,Sat
13:26:53,146,Inner Lake Shore/Michigan Express,,Sat
10:36:17,151,Sheridan,,Sat
16:19:16,146,Inner Lake Shore/Michigan Express,,Sat
17:46:05,147,Outer DuSable Lake Shore Express,,Sun
08:13:51,146,Inner Lake Shore/Michigan Express,,Mon,Tue,Wed,Thu,Fri
15:48:53,26,South Shore Express,,Mon,Tue,Wed,Thu,Fri
09:28:32,3,King Drive,,Mon,Tue,Wed,Thu,Fri
16:14:45,151,Sheridan,,Mon,Tue,Wed,Thu,Fri
11:48:47,147,Outer DuSable Lake Shore Express,,Sun
11:16:32,3,King Drive,,Mon,Tue,Wed,Thu,Fri
19:02:20,3,King Drive,,Sun
20:19:02,3,King Drive,,Sun
11:04:47,147,Outer DuSable Lake Shore Express,,Sat
14:43:03,146,Inner Lake Shore/Michigan Express,,Sun
22:31:58,146,Inner Lake Shore/Michigan Express,,Mon,Tue,Wed,Thu,Fri
11:50:42,146,Inner Lake Shore/Michigan Express,,Sat
22:35:12,147,Outer DuSable Lake Shore Express,,Mon,Tue,Wed,Thu,Fri
15:48:08,3,King Drive,,Mon,Tue,Wed,Thu,Fri
09:28:31,146,Inner Lake Shore/Michigan Express,,Sat
14:51:14,146,Inner Lake Shore/Michigan Express,,Mon,Tue,Wed,Thu,Fri
17:15:03,146,Inner Lake Shore/Michigan Express,,Sun
13:00:32,3,King Drive,,Sun
06:14:09,3,King Drive,,Mon,Tue,Wed,Thu,Fri
15:46:46,146,Inner Lake Shore/Michigan Express,,Sat
06:59:17,146,Inner Lake Shore/Michigan Express,,Sat
12:22:42,146,Inner Lake Shore/Michigan Express,,Sat
15:19:03,146,Inner Lake Shore/Michigan Express,,Sun
10:44:42,146,Inner Lake Shore/Michigan Express,,Sat
15:34:08,3,King Drive,,Mon,Tue,Wed,Thu,Fri
14:30:28,147,Outer DuSable Lake Shore Express,,Sat
12:29:40,151,Sheridan,,Mon,Tue,Wed,Thu,Fri
07:24:01,146,Inner Lake Shore/Michigan Express,,Mon,Tue,Wed,Thu,Fri
09:55:27,3,King Drive,,Sun
19:12:52,151,Sheridan,,Mon,Tue,Wed,Thu,Fri
17:52:56,3,King Drive,,Mon,Tue,Wed,Thu,Fri
06:44:17,146,Inner Lake Shore/Michigan Express,,Sat
19:43:40,147,Outer DuSable Lake Shore Express,,Sat
20:58:53,157,Streeterville/Taylor,,Mon,Tue,Wed,Thu,Fri
15:41:35,147,Outer DuSable Lake Shore Express,,Sun
08:25:52,143,Stockton/Michigan Express,,Mon,Tue,Wed,Thu,Fri
19:25:53,146,Inner Lake Shore/Michigan Express,,Sat
17:09:32,26,South Shore Express,,Mon,Tue,Wed,Thu,Fri
10:10:45,3,King Drive,,Sun
06:02:31,151,Sheridan,,Sun
17:03:03,151,Sheridan,,Mon,Tue,Wed,Thu,Fri
14:36:45,157,Streeterville/Taylor,,Mon,Tue,Wed,Thu,Fri
17:56:40,151,Sheridan,,Sun
10:06:01,146,Inner Lake Shore/Michigan Express,,Sat
15:18:03,151,Sheridan,,Sat
19:59:05,151,Sheridan,,Mon,Tue,Wed,Thu,Fri
20:33:01,146,Inner Lake Shore/Michigan Express,,Mon,Tue,Wed,Thu,Fri
10:52:42,146,Inner Lake Shore/Michigan Express,,Sat
13:13:02,3,King Drive,,Sun
17:55:23,26,South Shore Express,,Mon,Tue,Wed,Thu,Fri
17:59:25,146,Inner Lake Shore/Michigan Express,,Sat
18:59:40,151,Sheridan,,Mon,Tue,Wed,Thu,Fri
15:01:44,146,Inner Lake Shore/Michigan Express,,Mon,Tue,Wed,Thu,Fri
21:44:49,146,Inner Lake Shore/Michigan Express,,Mon,Tue,Wed,Thu,Fri
21:24:54,26,South Shore Express,,Mon,Tue,Wed,Thu,Fri
12:03:47,151,Sheridan,,Sun
15:21:13,3,King Drive,,Sat
18:10:42,146,Inner Lake Shore/Michigan Express,,Sun
10:20:31,146,Inner Lake Shore/Michigan Express,,Sun
17:22:43,3,King Drive,,Mon,Tue,Wed,Thu,Fri
23:26:00,151,Sheridan,,Sat
10:22:42,151,Sheridan,,Sun
14:01:05,147,Outer DuSable Lake Shore Express,,Sun
15:46:03,146,Inner Lake Shore/Michigan Express,,Sun
07:29:32,3,King Drive,,Mon,Tue,Wed,Thu,Fri
08:47:24,151,Sheridan,,Sun
19:31:20,3,King Drive,,Mon,Tue,Wed,Thu,Fri
07:39:02,3,King Drive,,Mon,Tue,Wed,Thu,Fri
12:21:47,147,Outer DuSable Lake Shore Express,,Sun
16:14:03,147,Outer DuSable Lake Shore Express,,Sat
08:39:12,148,Clarendon/Michigan Express,,Mon,Tue,Wed,Thu,Fri
08:09:47,151,Sheridan,,Mon,Tue,Wed,Thu,Fri
08:42:39,3,King Drive,,Sat
05:22:01,151,Sheridan,,Mon,Tue,Wed,Thu,Fri
14:10:44,146,Inner Lake Shore/Michigan Express,,Mon,Tue,Wed,Thu,Fri
07:08:38,146,Inner Lake Shore/Michigan Express,,Sun
17:50:21,157,Streeterville/Taylor,,Mon,Tue,Wed,Thu,Fri
07:36:07,157,Streeterville/Taylor,,Mon,Tue,Wed,Thu,Fri
08:09:31,148,Clarendon/Michigan Express,,Mon,Tue,Wed,Thu,Fri
10:40:17,147,Outer DuSable Lake Shore Express,,Sat
21:33:21,146,Inner Lake Shore/Michigan Express,,Sat
08:29:54,147,Outer DuSable Lake Shore Express,,Sun
21:07:20,3,King Drive,,Mon,Tue,Wed,Thu,Fri
05:22:01,151,Sheridan,,Mon,Tue,Wed,Thu,Fri
18:27:28,147,Outer DuSable Lake Shore Express,,Sat
12:34:05,151,Sheridan,,Sun
21:58:38,3,King Drive,,Sat
22:21:37,151,Sheridan,,Sun
12:00:47,147,Outer DuSable Lake Shore Express,,Sun
08:51:33,146,Inner Lake Shore/Michigan Express,,Mon,Tue,Wed,Thu,Fri
09:44:47,151,Sheridan,,Mon,Tue,Wed,Thu,Fri
10:47:22,147,Outer DuSable Lake Shore Express,,Mon,Tue,Wed,Thu,Fri
12:18:51,146,Inner Lake Shore/Michigan Express,,Sun
19:40:20,3,King Drive,,Mon,Tue,Wed,Thu,Fri
23:15:07,147,Outer DuSable Lake Shore Express,,Sun
12:50:13,3,King Drive,,Sat
08:09:54,147,Outer DuSable Lake Shore Express,,Sun
17:57:35,147,Outer DuSable Lake Shore Express,,Sun
16:03:35,157,Streeterville/Taylor,,Mon,Tue,Wed,Thu,Fri
17:35:01,2,Hyde Park Express,,Mon,Tue,Wed,Thu,Fri
22:36:45,3,King Drive,,Sun
16:22:33,147,Outer DuSable Lake Shore Express,,Sat
17:04:39,2,Hyde Park Express,,Mon,Tue,Wed,Thu,Fri
14:45:05,147,Outer DuSable Lake Shore Express,,Sun
06:43:57,3,King Drive,,Mon,Tue,Wed,Thu,Fri
13:18:53,146,Inner Lake Shore/Michigan Express,,Sat
06:28:38,146,Inner Lake Shore/Michigan Express,,Sun
10:36:22,147,Outer DuSable Lake Shore Express,,Mon,Tue,Wed,Thu,Fri
16:46:32,26,South Shore Express,,Mon,Tue,Wed,Thu,Fri
13:10:53,146,Inner Lake Shore/Michigan Express,,Sat
11:58:20,3,King Drive,,Mon,Tue,Wed,Thu,Fri
18:19:10,151,Sheridan,,Mon,Tue,Wed,Thu,Fri
09:47:03,146,Inner Lake Shore/Michigan Express,,Mon,Tue,Wed,Thu,Fri
15:05:25,146,Inner Lake Shore/Michigan Express,,Sat
19:14:03,151,Sheridan,,Sat
09:49:19,148,Clarendon/Michigan Express,,Mon,Tue,Wed,Thu,Fri
21:36:12,147,Outer DuSable Lake Shore Express,,Mon,Tue,Wed,Thu,Fri
10:36:42,146,Inner Lake Shore/Michigan Express,,Mon,Tue,Wed,Thu,Fri
08:18:54,147,Outer DuSable Lake Shore Express,,Sun
20:35:02,3,King Drive,,Sun
06:07:19,151,Sheridan,,Mon,Tue,Wed,Thu,Fri
09:11:24,151,Sheridan,,Sun
20:41:47,147,Outer DuSable Lake Shore Express,,Mon,Tue,Wed,Thu,Fri
12:19:44,146,Inner Lake Shore/Michigan Express,,Mon,Tue,Wed,Thu,Fri
24:21:19,151,Sheridan,,Sun
16:28:16,2,Hyde Park Express,,Mon,Tue,Wed,Thu,Fri
08:27:27,157,Streeterville/Taylor,,Mon,Tue,Wed,Thu,Fri
12:09:51,146,Inner Lake Shore/Michigan Express,,Sun
20:37:20,3,King Drive,,Mon,Tue,Wed,Thu,Fri
07:00:24,2,Hyde Park Express,,Mon,Tue,Wed,Thu,Fri
15:50:03,151,Sheridan,,Sat
10:55:32,3,King Drive,,Sat
23:26:07,151,Sheridan,,Mon,Tue,Wed,Thu,Fri
06:24:27,3,King Drive,,Mon,Tue,Wed,Thu,Fri
17:26:02,26,South Shore Express,,Mon,Tue,Wed,Thu,Fri
08:08:31,148,Clarendon/Michigan Express,,Mon,Tue,Wed,Thu,Fri
17:27:08,3,King Drive,,Sun
10:44:17,147,Outer DuSable Lake Shore Express,,Sun
18:58:23,2,Hyde Park Express,,Mon,Tue,Wed,Thu,Fri
06:48:38,146,Inner Lake Shore/Michigan Express,,Sun
12:05:17,147,Outer DuSable Lake Shore Express,,Sat
16:38:38,151,Sheridan,,Sat
23:30:32,3,King Drive,,Sat
10:55:17,147,Outer DuSable Lake Shore Express,,Sun
07:31:07,147,Outer DuSable Lake Shore Express,,Sun
07:34:12,151,Sheridan,,Mon,Tue,Wed,Thu,Fri
09:33:17,147,Outer DuSable Lake Shore Express,,Mon,Tue,Wed,Thu,Fri
15:48:33,147,Outer DuSable Lake Shore Express,,Sat
06:07:19,151,Sheridan,,Mon,Tue,Wed,Thu,Fri
17:11:35,147,Outer DuSable Lake Shore Express,,Sun
20:22:12,151,Sheridan,,Sun
14:34:03,146,Inner Lake Shore/Michigan Express,,Sun
10:13:31,146,Inner Lake Shore/Michigan Express,,Sat
12:05:22,151,Sheridan,,Mon,Tue,Wed,Thu,Fri
13:51:23,146,Inner Lake Shore/Michigan Express,,Sat
22:41:00,151,Sheridan,,Sat
18:54:03,151,Sheridan,,Sat
18:23:38,3,King Drive,,Mon,Tue,Wed,Thu,Fri
16:14:40,151,Sheridan,,Sun
13:51:23,146,Inner Lake Shore/Michigan Express,,Sat
14:34:40,147,Outer DuSable Lake Shore Express,,Mon,Tue,Wed,Thu,Fri
10:08:52,147,Outer DuSable Lake Shore Express,,Mon,Tue,Wed,Thu,Fri
08:20:52,143,Stockton/Michigan Express,,Mon,Tue,Wed,Thu,Fri
18:55:55,146,Inner Lake Shore/Michigan Express,,Sat
16:44:46,146,Inner Lake Shore/Michigan Express,,Sat
11:31:17,147,Outer DuSable Lake Shore Express,,Sat
20:37:20,3,King Drive,,Mon,Tue,Wed,Thu,Fri
23:15:57,3,King Drive,,Sun
14:47:13,3,King Drive,,Sat
15:48:08,3,King Drive,,Mon,Tue,Wed,Thu,Fri
16:03:16,146,Inner Lake Shore/Michigan Express,,Sat
12:18:51,146,Inner Lake Shore/Michigan Express,,Sun
16:38:38,151,Sheridan,,Sat
10:23:17,147,Outer DuSable Lake Shore Express,,Sat
20:21:05,147,Outer DuSable Lake Shore Express,,Sat
17:42:16,2,Hyde Park Express,,Mon,Tue,Wed,Thu,Fri
12:29:10,151,Sheridan,,Sat
10:15:33,146,Inner Lake Shore/Michigan Express,,Mon,Tue,Wed,Thu,Fri
19:35:31,146,Inner Lake Shore/Michigan Express,,Sun
08:25:05,147,Outer DuSable Lake Shore Express,,Mon,Tue,Wed,Thu,Fri
12:29:44,146,Inner Lake Shore/Michigan Express,,Mon,Tue,Wed,Thu,Fri
07:02:49,151,Sheridan,,Sun
08:29:21,148,Clarendon/Michigan Express,,Mon,Tue,Wed,Thu,Fri
14:23:05,147,Outer DuSable Lake Shore Express,,Sun
12:38:53,146,Inner Lake Shore/Michigan Express,,Sat
19:49:17,151,Sheridan,,Sun
08:13:07,151,Sheridan,,Sat
17:28:13,3,King Drive,,Mon,Tue,Wed,Thu,Fri
15:55:28,151,Sheridan,,Mon,Tue,Wed,Thu,Fri
15:22:44,146,Inner Lake Shore/Michigan Express,,Mon,Tue,Wed,Thu,Fri
19:28:22,151,Sheridan,,Mon,Tue,Wed,Thu,Fri
23:39:39,3,King Drive,,Mon,Tue,Wed,Thu,Fri
14:32:10,151,Sheridan,,Mon,Tue,Wed,Thu,Fri
08:42:05,147,Outer DuSable Lake Shore Express,,Mon,Tue,Wed,Thu,Fri
16:54:32,26,South Shore Express,,Mon,Tue,Wed,Thu,Fri
11:53:47,151,Sheridan,,Sun
06:45:31,151,Sheridan,,Sat
17:07:43,3,King Drive,,Sat
07:13:27,3,King Drive,,Mon,Tue,Wed,Thu,Fri
17:26:00,157,Streeterville/Taylor,,Mon,Tue,Wed,Thu,Fri
19:17:42,147,Outer DuSable Lake Shore Express,,Sun
19:48:21,146,Inner Lake Shore/Michigan Express,,Mon,Tue,Wed,Thu,Fri
09:35:24,151,Sheridan,,Sun
15:47:13,3,King Drive,,Sat
22:41:37,151,Sheridan,,Sun
21:02:31,146,Inner Lake Shore/Michigan Express,,Mon,Tue,Wed,Thu,Fri
12:21:47,147,Outer DuSable Lake Shore Express,,Sun
11:38:47,147,Outer DuSable Lake Shore Express,,Sun
09:04:47,151,Sheridan,,Mon,Tue,Wed,Thu,Fri
15:30:05,147,Outer DuSable Lake Shore Express,,Sun
11:27:22,147,Outer DuSable Lake Shore Express,,Mon,Tue,Wed,Thu,Fri
20:20:53,157,Streeterville/Taylor,,Mon,Tue,Wed,Thu,Fri
06:00:39,3,King Drive,,Mon,Tue,Wed,Thu,Fri
13:22:03,146,Inner Lake Shore/Michigan Express,,Sun
18:56:25,157,Streeterville/Taylor,,Mon,Tue,Wed,Thu,Fri
17:10:38,151,Sheridan,,Sat
19:04:42,146,Inner Lake Shore/Michigan Express,,Sun
11:16:22,147,Outer DuSable Lake Shore Express,,Mon,Tue,Wed,Thu,Fri
07:56:25,157,Streeterville/Taylor,,Mon,Tue,Wed,Thu,Fri
07:13:37,147,Outer DuSable Lake Shore Express,,Sat
17:28:13,3,King Drive,,Mon,Tue,Wed,Thu,Fri
21:57:02,3,King Drive,,Mon,Tue,Wed,Thu,Fri
13:27:47,147,Outer DuSable Lake Shore Express,,Sun
16:05:13,3,King Drive,,Sat
17:00:05,147,Outer DuSable Lake Shore Express,,Sun
08:31:40,143,Stockton/Michigan Express,,Mon,Tue,Wed,Thu,Fri
14:43:03,146,Inner Lake Shore/Michigan Express,,Sun
16:03:57,2,Hyde Park Express,,Mon,Tue,Wed,Thu,Fri
17:14:39,2,Hyde Park Express,,Mon,Tue,Wed,Thu,Fri
10:47:31,146,Inner Lake Shore/Michigan Express,,Sun
22:55:57,3,King Drive,,Sun
21:02:31,146,Inner Lake Shore/Michigan Express,,Mon,Tue,Wed,Thu,Fri
08:37:35,147,Outer DuSable Lake Shore Express,,Mon,Tue,Wed,Thu,Fri
15:39:27,2,Hyde Park Express,,Mon,Tue,Wed,Thu,Fri
19:49:20,3,King Drive,,Mon,Tue,Wed,Thu,Fri
08:50:58,143,Stockton/Michigan Express,,Mon,Tue,Wed,Thu,Fri
14:40:44,146,Inner Lake Shore/Michigan Express,,Mon,Tue,Wed,Thu,Fri
10:25:45,3,King Drive,,Sun
18:35:58,147,Outer DuSable Lake Shore Express,,Sat
11:16:22,147,Outer DuSable Lake Shore Express,,Mon,Tue,Wed,Thu,Fri
12:22:17,147,Outer DuSable Lake Shore Express,,Sat
13:38:47,147,Outer DuSable Lake Shore Express,,Sun
16:32:08,3,King Drive,,Sun
17:34:43,3,King Drive,,Sat
05:37:39,3,King Drive,,Sat
20:27:20,3,King Drive,,Mon,Tue,Wed,Thu,Fri
11:58:02,3,King Drive,,Sun
07:29:12,151,Sheridan,,Mon,Tue,Wed,Thu,Fri
13:38:47,147,Outer DuSable Lake Shore Express,,Sun
14:22:10,147,Outer DuSable Lake Shore Express,,Mon,Tue,Wed,Thu,Fri
17:36:33,151,Sheridan,,Mon,Tue,Wed,Thu,Fri
12:19:44,146,Inner Lake Shore/Michigan Express,,Mon,Tue,Wed,Thu,Fri
21:51:31,146,Inner Lake Shore/Michigan Express,,Sat
06:53:57,3,King Drive,,Mon,Tue,Wed,Thu,Fri
09:40:17,147,Outer DuSable Lake Shore Express,,Mon,Tue,Wed,Thu,Fri
15:46:03,146,Inner Lake Shore/Michigan Express,,Sun
21:26:52,151,Sheridan,,Sat
16:49:43,3,King Drive,,Mon,Tue,Wed,Thu,Fri
19:02:20,3,King Drive,,Sun
20:59:30,147,Outer DuSable Lake Shore Express,,Mon,Tue,Wed,Thu,Fri
17:17:55,146,Inner Lake Shore/Michigan Express,,Sat
17:22:16,2,Hyde Park Express,,Mon,Tue,Wed,Thu,Fri
19:43:35,151,Sheridan,,Mon,Tue,Wed,Thu,Fri
18:18:25,146,Inner Lake Shore/Michigan Express,,Sat
17:02:38,151,Sheridan,,Sat
13:46:10,147,Outer DuSable Lake Shore Express,,Mon,Tue,Wed,Thu,Fri
17:00:05,147,Outer DuSable Lake Shore Express,,Sun
13:20:14,26,South Shore Express,,Mon,Tue,Wed,Thu,Fri
16:58:43,3,King Drive,,Sat
13:25:28,151,Sheridan,,Sat
11:58:50,3,King Drive,,Sat
19:44:26,3,King Drive,,Sat
00:49:08,151,Sheridan,,Tue,Wed,Thu,Fri,Sat
15:28:03,146,Inner Lake Shore/Michigan Express,,Sun
14:19:45,157,Streeterville/Taylor,,Mon,Tue,Wed,Thu,Fri
11:48:50,3,King Drive,,Sat
17:25:43,3,King Drive,,Sat
15:37:03,146,Inner Lake Shore/Michigan Express,,Sun
14:19:45,157,Streeterville/Taylor,,Mon,Tue,Wed,Thu,Fri
23:27:09,3,King Drive,,Mon,Tue,Wed,Thu,Fri
06:17:39,3,King Drive,,Sat
11:43:47,151,Sheridan,,Sun
14:45:28,151,Sheridan,,Sat
08:08:28,146,Inner Lake Shore/Michigan Express,,Sun
21:40:45,3,King Drive,,Sun
08:18:21,146,Inner Lake Shore/Michigan Express,,Mon,Tue,Wed,Thu,Fri
06:57:39,3,King Drive,,Sat
15:31:33,147,Outer DuSable Lake Shore Express,,Sat
20:41:54,151,Sheridan,,Sun
21:41:37,151,Sheridan,,Sun
11:08:12,146,Inner Lake Shore/Michigan Express,,Mon,Tue,Wed,Thu,Fri
07:22:15,3,King Drive,,Mon,Tue,Wed,Thu,Fri
17:06:13,3,King Drive,,Mon,Tue,Wed,Thu,Fri
09:20:10,146,Inner Lake Shore/Michigan Express,,Sat
09:23:24,151,Sheridan,,Sun
07:49:47,151,Sheridan,,Mon,Tue,Wed,Thu,Fri
20:17:20,3,King Drive,,Mon,Tue,Wed,Thu,Fri
17:06:03,146,Inner Lake Shore/Michigan Express,,Sun
18:39:23,146,Inner Lake Shore/Michigan Express,,Mon,Tue,Wed,Thu,Fri
08:19:51,148,Clarendon/Michigan Express,,Mon,Tue,Wed,Thu,Fri
09:18:54,147,Outer DuSable Lake Shore Express,,Sun
09:02:03,146,Inner Lake Shore/Michigan Express,,Mon,Tue,Wed,Thu,Fri
21:18:53,157,Streeterville/Taylor,,Mon,Tue,Wed,Thu,Fri
16:13:03,146,Inner Lake Shore/Michigan Express,,Sun
16:23:13,3,King Drive,,Sat
08:45:28,146,Inner Lake Shore/Michigan Express,,Sat
10:25:25,157,Streeterville/Taylor,,Mon,Tue,Wed,Thu,Fri
18:15:29,157,Streeterville/Taylor,,Mon,Tue,Wed,Thu,Fri
11:49:23,146,Inner Lake Shore/Michigan Express,,Mon,Tue,Wed,Thu,Fri
13:17:28,151,Sheridan,,Sat
16:51:15,147,Outer DuSable Lake Shore Express,,Mon,Tue,Wed,Thu,Fri
23:39:39,3,King Drive,,Mon,Tue,Wed,Thu,Fri
16:27:26,3,King Drive,,Mon,Tue,Wed,Thu,Fri
20:12:05,147,Outer DuSable Lake Shore Express,,Sat
12:17:40,151,Sheridan,,Mon,Tue,Wed,Thu,Fri
16:44:39,2,Hyde Park Express,,Mon,Tue,Wed,Thu,Fri
10:29:05,151,Sheridan,,Mon,Tue,Wed,Thu,Fri
22:01:37,151,Sheridan,,Sun
21:07:20,3,King Drive,,Mon,Tue,Wed,Thu,Fri
07:28:30,147,Outer DuSable Lake Shore Express,,Mon,Tue,Wed,Thu,Fri
22:51:10,146,Inner Lake Shore/Michigan Express,,Sat
09:02:54,147,Outer DuSable Lake Shore Express,,Sat
17:27:58,147,Outer DuSable Lake Shore Express,,Sat
12:21:10,151,Sheridan,,Sat
17:07:43,3,King Drive,,Sat
07:43:58,146,Inner Lake Shore/Michigan Express,,Sat
20:27:10,151,Sheridan,,Sat
09:53:00,147,Outer DuSable Lake Shore Express,,Sun
13:22:10,147,Outer DuSable Lake Shore Express,,Sat
17:46:13,3,King Drive,,Mon,Tue,Wed,Thu,Fri
08:08:54,147,Outer DuSable Lake Shore Express,,Sat
14:29:28,151,Sheridan,,Sat
14:31:33,26,South Shore Express,,Mon,Tue,Wed,Thu,Fri
11:16:32,3,King Drive,,Mon,Tue,Wed,Thu,Fri
11:14:31,146,Inner Lake Shore/Michigan Express,,Sun
07:08:54,151,Sheridan,,Mon,Tue,Wed,Thu,Fri
16:14:38,151,Sheridan,,Sat
10:24:17,147,Outer DuSable Lake Shore Express,,Sun
10:05:30,147,Outer DuSable Lake Shore Express,,Sat
19:12:52,151,Sheridan,,Mon,Tue,Wed,Thu,Fri
09:28:54,147,Outer DuSable Lake Shore Express,,Sat
08:06:11,157,Streeterville/Taylor,,Mon,Tue,Wed,Thu,Fri
09:02:03,146,Inner Lake Shore/Michigan Express,,Mon,Tue,Wed,Thu,Fri
14:14:22,151,Sheridan,,Sun
05:35:49,147,Outer DuSable Lake Shore Express,,Mon,Tue,Wed,Thu,Fri
10:28:31,146,Inner Lake Shore/Michigan Express,,Sat
14:12:05,147,Outer DuSable Lake Shore Express,,Sun
14:26:20,3,King Drive,,Mon,Tue,Wed,Thu,Fri
10:13:47,147,Outer DuSable Lake Shore Express,,Sat
08:45:07,151,Sheridan,,Sat
16:59:00,157,Streeterville/Taylor,,Mon,Tue,Wed,Thu,Fri
13:20:14,146,Inner Lake Shore/Michigan Express,,Mon,Tue,Wed,Thu,Fri
12:07:22,147,Outer DuSable Lake Shore Express,,Mon,Tue,Wed,Thu,Fri
07:30:58,146,Inner Lake Shore/Michigan Express,,Sat
08:19:47,151,Sheridan,,Mon,Tue,Wed,Thu,Fri
14:22:40,147,Outer DuSable Lake Shore Express,,Sat
11:55:47,147,Outer DuSable Lake Shore Express,,Sat
13:31:40,147,Outer DuSable Lake Shore Express,,Sat
11:32:31,146,Inner Lake Shore/Michigan Express,,Sun
14:19:40,151,Sheridan,,Mon,Tue,Wed,Thu,Fri
15:12:14,146,Inner Lake Shore/Michigan Express,,Mon,Tue,Wed,Thu,Fri
07:53:01,146,Inner Lake Shore/Michigan Express,,Mon,Tue,Wed,Thu,Fri
23:41:19,151,Sheridan,,Sun
16:34:40,151,Sheridan,,Sun
19:04:03,151,Sheridan,,Sat
17:32:45,147,Outer DuSable Lake Shore Express,,Mon,Tue,Wed,Thu,Fri
08:19:02,3,King Drive,,Mon,Tue,Wed,Thu,Fri
20:07:20,3,King Drive,,Mon,Tue,Wed,Thu,Fri
15:24:28,147,Outer DuSable Lake Shore Express,,Mon,Tue,Wed,Thu,Fri
19:14:03,151,Sheridan,,Sat
10:18:45,3,King Drive,,Sat
16:32:13,3,King Drive,,Sat
12:36:59,157,Streeterville/Taylor,,Mon,Tue,Wed,Thu,Fri
08:36:13,2,Hyde Park Express,,Mon,Tue,Wed,Thu,Fri
16:25:35,147,Outer DuSable Lake Shore Express,,Sun
17:05:08,3,King Drive,,Sun
10:22:12,146,Inner Lake Shore/Michigan Express,,Mon,Tue,Wed,Thu,Fri
13:04:22,151,Sheridan,,Sun
11:40:17,151,Sheridan,,Sat
11:58:50,3,King Drive,,Sat
07:56:39,3,King Drive,,Sun
22:08:02,3,King Drive,,Mon,Tue,Wed,Thu,Fri
16:14:13,3,King Drive,,Sat
08:24:47,151,Sheridan,,Mon,Tue,Wed,Thu,Fri
22:29:58,146,Inner Lake Shore/Michigan Express,,Sun
11:23:47,151,Sheridan,,Sun
08:29:02,3,King Drive,,Mon,Tue,Wed,Thu,Fri
18:09:05,147,Outer DuSable Lake Shore Express,,Sun
14:56:05,147,Outer DuSable Lake Shore Express,,Sun
11:08:42,146,Inner Lake Shore/Michigan Express,,Sat
15:09:08,3,King Drive,,Mon,Tue,Wed,Thu,Fri
18:39:23,146,Inner Lake Shore/Michigan Express,,Mon,Tue,Wed,Thu,Fri
17:46:05,147,Outer DuSable Lake Shore Express,,Sun
22:34:12,147,Outer DuSable Lake Shore Express,,Sat
23:06:47,146,Inner Lake Shore/Michigan Express,,Sun
16:54:38,151,Sheridan,,Sat
08:24:13,2,Hyde Park Express,,Mon,Tue,Wed,Thu,Fri
05:45:39,3,King Drive,,Mon,Tue,Wed,Thu,Fri
06:17:24,147,Outer DuSable Lake Shore Express,,Mon,Tue,Wed,Thu,Fri
18:43:17,147,Outer DuSable Lake Shore Express,,Sun
16:35:05,2,Hyde Park Express,,Mon,Tue,Wed,Thu,Fri
08:36:28,146,Inner Lake Shore/Michigan Express,,Sat
19:41:03,146,Inner Lake Shore/Michigan Express,,Sat
18:17:10,151,Sheridan,,Sun
07:15:34,157,Streeterville/Taylor,,Mon,Tue,Wed,Thu,Fri
08:37:58,143,Stockton/Michigan Express,,Mon,Tue,Wed,Thu,Fri
08:14:47,151,Sheridan,,Mon,Tue,Wed,Thu,Fri
22:41:00,151,Sheridan,,Sat
10:56:31,146,Inner Lake Shore/Michigan Express,,Sun
11:16:42,146,Inner Lake Shore/Michigan Express,,Sat
18:54:00,147,Outer DuSable Lake Shore Express,,Sun
12:00:51,146,Inner Lake Shore/Michigan Express,,Sun
22:56:00,151,Sheridan,,Sat
16:15:44,146,Inner Lake Shore/Michigan Express,,Mon,Tue,Wed,Thu,Fri
11:56:22,147,Outer DuSable Lake Shore Express,,Mon,Tue,Wed,Thu,Fri
18:20:35,147,Outer DuSable Lake Shore Express,,Sun
12:29:40,151,Sheridan,,Mon,Tue,Wed,Thu,Fri
05:30:38,146,Inner Lake Shore/Michigan Express,,Mon,Tue,Wed,Thu,Fri
16:14:38,151,Sheridan,,Sat
15:19:03,146,Inner Lake Shore/Michigan Express,,Sun
16:30:38,151,Sheridan,,Sat
15:41:08,3,King Drive,,Mon,Tue,Wed,Thu,Fri
13:26:53,146,Inner Lake Shore/Michigan Express,,Sat
21:23:15,3,King Drive,,Sun
16:11:46,146,Inner Lake Shore/Michigan Express,,Sat
10:43:45,3,King Drive,,Sat
15:01:03,146,Inner Lake Shore/Michigan Express,,Sun
13:56:44,26,South Shore Express,,Mon,Tue,Wed,Thu,Fri
09:19:24,147,Outer DuSable Lake Shore Express,,Sat
19:12:23,2,Hyde Park Express,,Mon,Tue,Wed,Thu,Fri
17:12:30,157,Streeterville/Taylor,,Mon,Tue,Wed,Thu,Fri
12:05:17,147,Outer DuSable Lake Shore Express,,Sat
14:20:13,3,King Drive,,Sat
11:12:27,157,Streeterville/Taylor,,Mon,Tue,Wed,Thu,Fri
09:20:10,146,Inner Lake Shore/Michigan Express,,Sat
00:15:57,3,King Drive,,Mon
07:00:31,151,Sheridan,,Sat
19:12:38,3,King Drive,,Mon,Tue,Wed,Thu,Fri
14:03:08,3,King Drive,,Sun
13:44:59,157,Streeterville/Taylor,,Mon,Tue,Wed,Thu,Fri
21:06:24,26,South Shore Express,,Mon,Tue,Wed,Thu,Fri
12:59:44,146,Inner Lake Shore/Michigan Express,,Mon,Tue,Wed,Thu,Fri
07:38:07,151,Sheridan,,Sun
20:47:20,3,King Drive,,Mon,Tue,Wed,Thu,Fri
16:48:35,147,Outer DuSable Lake Shore Express,,Sun
20:47:31,146,Inner Lake Shore/Michigan Express,,Mon,Tue,Wed,Thu,Fri
17:47:08,3,King Drive,,Sun
14:41:40,151,Sheridan,,Mon,Tue,Wed,Thu,Fri
12:12:47,147,Outer DuSable Lake Shore Express,,Sat
11:12:27,157,Streeterville/Taylor,,Mon,Tue,Wed,Thu,Fri
22:56:00,151,Sheridan,,Sat
12:57:40,147,Outer DuSable Lake Shore Express,,Sat
09:23:47,143,Stockton/Michigan Express,,Mon,Tue,Wed,Thu,Fri
08:35:07,151,Sheridan,,Sun
16:08:08,3,King Drive,,Mon,Tue,Wed,Thu,Fri
16:24:15,151,Sheridan,,Mon,Tue,Wed,Thu,Fri
18:00:26,3,King Drive,,Mon,Tue,Wed,Thu,Fri
22:52:24,151,Sheridan,,Mon,Tue,Wed,Thu,Fri
13:35:13,3,King Drive,,Sat
18:10:28,147,Outer DuSable Lake Shore Express,,Sat
11:43:47,151,Sheridan,,Sun
19:25:14,26,South Shore Express,,Mon,Tue,Wed,Thu,Fri
08:08:07,151,Sheridan,,Sun
13:14:50,3,King Drive,,Mon,Tue,Wed,Thu,Fri
14:59:40,147,Outer DuSable Lake Shore Express,,Mon,Tue,Wed,Thu,Fri
14:49:25,146,Inner Lake Shore/Michigan Express,,Sat
07:29:54,2,Hyde Park Express,,Mon,Tue,Wed,Thu,Fri
20:07:20,3,King Drive,,Mon,Tue,Wed,Thu,Fri
17:44:43,3,King Drive,,Sat
13:51:08,3,King Drive,,Sun
06:14:38,146,Inner Lake Shore/Michigan Express,,Mon,Tue,Wed,Thu,Fri
20:27:10,151,Sheridan,,Sat
15:00:38,3,King Drive,,Sun
12:13:47,151,Sheridan,,Sun
08:59:01,2,Hyde Park Express,,Mon,Tue,Wed,Thu,Fri
09:54:35,147,Outer DuSable Lake Shore Express,,Mon,Tue,Wed,Thu,Fri
15:01:38,3,King Drive,,Mon,Tue,Wed,Thu,Fri
14:19:40,151,Sheridan,,Mon,Tue,Wed,Thu,Fri
09:55:30,147,Outer DuSable Lake Shore Express,,Sat
11:29:05,151,Sheridan,,Mon,Tue,Wed,Thu,Fri
14:47:33,26,South Shore Express,,Mon,Tue,Wed,Thu,Fri
08:24:58,146,Inner Lake Shore/Michigan Express,,Sun
16:09:38,3,King Drive,,Sun
13:13:02,3,King Drive,,Sun
18:20:35,147,Outer DuSable Lake Shore Express,,Sun
11:56:22,147,Outer DuSable Lake Shore Express,,Mon,Tue,Wed,Thu,Fri
06:59:28,148,Clarendon/Michigan Express,,Mon,Tue,Wed,Thu,Fri
14:52:03,146,Inner Lake Shore/Michigan Express,,Sun
12:09:44,146,Inner Lake Shore/Michigan Express,,Mon,Tue,Wed,Thu,Fri
09:36:42,147,Outer DuSable Lake Shore Express,,Sat
17:00:43,3,King Drive,,Mon,Tue,Wed,Thu,Fri
21:49:58,146,Inner Lake Shore/Michigan Express,,Sun
17:15:10,151,Sheridan,,Sun
11:13:47,151,Sheridan,,Sun
10:04:00,151,Sheridan,,Sat
08:08:39,3,King Drive,,Sat
14:53:28,151,Sheridan,,Sat
16:41:13,3,King Drive,,Sat
08:24:42,146,Inner Lake Shore/Michigan Express,,Mon,Tue,Wed,Thu,Fri
23:15:12,147,Outer DuSable Lake Shore Express,,Mon,Tue,Wed,Thu,Fri
10:53:05,151,Sheridan,,Mon,Tue,Wed,Thu,Fri
17:02:38,151,Sheridan,,Sat
09:38:32,3,King Drive,,Mon,Tue,Wed,Thu,Fri
11:28:50,3,King Drive,,Sat
08:13:07,151,Sheridan,,Sat
15:05:45,147,Outer DuSable Lake Shore Express,,Sat
10:41:11,157,Streeterville/Taylor,,Mon,Tue,Wed,Thu,Fri
14:30:28,147,Outer DuSable Lake Shore Express,,Sat
16:08:08,3,King Drive,,Mon,Tue,Wed,Thu,Fri
07:33:47,143,Stockton/Michigan Express,,Mon,Tue,Wed,Thu,Fri
20:01:53,157,Streeterville/Taylor,,Mon,Tue,Wed,Thu,Fri
18:24:21,151,Sheridan,,Sat
08:43:58,143,Stockton/Michigan Express,,Mon,Tue,Wed,Thu,Fri
08:27:27,157,Streeterville/Taylor,,Mon,Tue,Wed,Thu,Fri
08:42:05,147,Outer DuSable Lake Shore Express,,Mon,Tue,Wed,Thu,Fri
07:37:01,146,Inner Lake Shore/Michigan Express,,Mon,Tue,Wed,Thu,Fri
15:02:03,26,South Shore Express,,Mon,Tue,Wed,Thu,Fri
09:25:42,146,Inner Lake Shore/Michigan Express,,Mon,Tue,Wed,Thu,Fri
17:50:45,151,Sheridan,,Mon,Tue,Wed,Thu,Fri
05:37:01,151,Sheridan,,Mon,Tue,Wed,Thu,Fri
21:09:35,147,Outer DuSable Lake Shore Express,,Sat
16:02:08,3,King Drive,,Mon,Tue,Wed,Thu,Fri
16:31:12,157,Streeterville/Taylor,,Mon,Tue,Wed,Thu,Fri
17:23:05,147,Outer DuSable Lake Shore Express,,Sun
23:14:39,3,King Drive,,Mon,Tue,Wed,Thu,Fri
13:10:52,147,Outer DuSable Lake Shore Express,,Mon,Tue,Wed,Thu,Fri
16:10:13,26,South Shore Express,,Mon,Tue,Wed,Thu,Fri
18:24:26,3,King Drive,,Sat
07:59:01,148,Clarendon/Michigan Express,,Mon,Tue,Wed,Thu,Fri
23:09:49,146,Inner Lake Shore/Michigan Express,,Sat
08:54:28,146,Inner Lake Shore/Michigan Express,,Sun
10:55:32,3,King Drive,,Sat
18:42:41,157,Streeterville/Taylor,,Mon,Tue,Wed,Thu,Fri
17:24:03,146,Inner Lake Shore/Michigan Express,,Sun
15:12:14,146,Inner Lake Shore/Michigan Express,,Mon,Tue,Wed,Thu,Fri
15:58:03,151,Sheridan,,Sat
22:40:38,3,King Drive,,Sat
13:03:50,3,King Drive,,Mon,Tue,Wed,Thu,Fri
20:30:28,146,Inner Lake Shore/Michigan Express,,Sun
07:39:02,3,King Drive,,Mon,Tue,Wed,Thu,Fri
15:46:38,3,King Drive,,Sun
16:05:13,3,King Drive,,Sat
10:28:17,151,Sheridan,,Sat
17:44:21,151,Sheridan,,Sat
17:04:40,151,Sheridan,,Sun
17:37:08,3,King Drive,,Sun
09:20:12,146,Inner Lake Shore/Michigan Express,,Mon,Tue,Wed,Thu,Fri
11:03:47,151,Sheridan,,Sun
18:59:40,151,Sheridan,,Mon,Tue,Wed,Thu,Fri
16:30:15,147,Outer DuSable Lake Shore Express,,Sat
14:53:20,3,King Drive,,Mon,Tue,Wed,Thu,Fri
17:50:42,146,Inner Lake Shore/Michigan Express,,Sun
07:31:07,147,Outer DuSable Lake Shore Express,,Sun
15:57:03,147,Outer DuSable Lake Shore Express,,Sat
11:58:20,3,King Drive,,Mon,Tue,Wed,Thu,Fri
10:13:47,147,Outer DuSable Lake Shore Express,,Sat
09:45:42,151,Sheridan,,Sat
21:14:12,146,Inner Lake Shore/Michigan Express,,Sat
13:54:22,151,Sheridan,,Sun
19:52:52,147,Outer DuSable Lake Shore Express,,Sat
07:15:34,157,Streeterville/Taylor,,Mon,Tue,Wed,Thu,Fri
08:04:05,143,Stockton/Michigan Express,,Mon,Tue,Wed,Thu,Fri
08:19:24,147,Outer DuSable Lake Shore Express,,Sat
17:12:16,2,Hyde Park Express,,Mon,Tue,Wed,Thu,Fri
17:46:45,147,Outer DuSable Lake Shore Express,,Mon,Tue,Wed,Thu,Fri
07:27:01,148,Clarendon/Michigan Express,,Mon,Tue,Wed,Thu,Fri
17:17:32,26,South Shore Express,,Mon,Tue,Wed,Thu,Fri
08:25:39,3,King Drive,,Sat
19:25:53,146,Inner Lake Shore/Michigan Express,,Sat
19:08:58,147,Outer DuSable Lake Shore Express,,Sat
20:47:31,146,Inner Lake Shore/Michigan Express,,Mon,Tue,Wed,Thu,Fri
09:37:39,3,King Drive,,Sun
17:15:10,151,Sheridan,,Sun
07:58:54,147,Outer DuSable Lake Shore Express,,Sun
18:00:26,3,King Drive,,Mon,Tue,Wed,Thu,Fri
13:25:28,151,Sheridan,,Sat
10:47:31,146,Inner Lake Shore/Michigan Express,,Sun
20:04:02,3,King Drive,,Sun
05:52:19,151,Sheridan,,Mon,Tue,Wed,Thu,Fri
10:21:01,146,Inner Lake Shore/Michigan Express,,Sat
09:53:33,146,Inner Lake Shore/Michigan Express,,Mon,Tue,Wed,Thu,Fri
22:55:37,147,Outer DuSable Lake Shore Express,,Sun
17:06:13,3,King Drive,,Mon,Tue,Wed,Thu,Fri
17:57:08,3,King Drive,,Sun
12:04:35,151,Sheridan,,Sat
11:51:51,146,Inner Lake Shore/Michigan Express,,Sun
12:36:59,157,Streeterville/Taylor,,Mon,Tue,Wed,Thu,Fri
20:29:47,151,Sheridan,,Mon,Tue,Wed,Thu,Fri
08:27:54,147,Outer DuSable Lake Shore Express,,Sat
11:45:59,157,Streeterville/Taylor,,Mon,Tue,Wed,Thu,Fri
09:48:32,3,King Drive,,Mon,Tue,Wed,Thu,Fri
16:30:03,146,Inner Lake Shore/Michigan Express,,Sun
13:54:22,151,Sheridan,,Sun
12:54:53,146,Inner Lake Shore/Michigan Express,,Sat
18:16:33,26,South Shore Express,,Mon,Tue,Wed,Thu,Fri
15:27:40,151,Sheridan,,Mon,Tue,Wed,Thu,Fri
13:44:13,3,King Drive,,Sat
01:15:44,151,Sheridan,,Sun
18:28:57,157,Streeterville/Taylor,,Mon,Tue,Wed,Thu,Fri
17:56:40,151,Sheridan,,Sun
05:09:38,151,Sheridan,,Sat
07:59:47,151,Sheridan,,Mon,Tue,Wed,Thu,Fri
15:00:40,151,Sheridan,,Mon,Tue,Wed,Thu,Fri
09:26:45,3,King Drive,,Sat
13:59:23,146,Inner Lake Shore/Michigan Express,,Sat
20:22:47,147,Outer DuSable Lake Shore Express,,Mon,Tue,Wed,Thu,Fri
22:11:38,3,King Drive,,Sat
15:05:13,3,King Drive,,Sat
08:36:28,146,Inner Lake Shore/Michigan Express,,Sat
14:47:10,147,Outer DuSable Lake Shore Express,,Mon,Tue,Wed,Thu,Fri
07:25:49,148,Clarendon/Michigan Express,,Mon,Tue,Wed,Thu,Fri
11:07:22,147,Outer DuSable Lake Shore Express,,Mon,Tue,Wed,Thu,Fri
11:00:17,151,Sheridan,,Sat
15:33:14,146,Inner Lake Shore/Michigan Express,,Mon,Tue,Wed,Thu,Fri
06:48:54,143,Stockton/Michigan Express,,Mon,Tue,Wed,Thu,Fri
09:12:40,146,Inner Lake Shore/Michigan Express,,Sat
06:00:38,146,Inner Lake Shore/Michigan Express,,Mon,Tue,Wed,Thu,Fri
12:58:52,147,Outer DuSable Lake Shore Express,,Mon,Tue,Wed,Thu,Fri
11:06:45,3,King Drive,,Sun
20:56:07,147,Outer DuSable Lake Shore Express,,Sun
08:23:07,151,Sheridan,,Sun
00:21:15,3,King Drive,,Sun
18:29:55,146,Inner Lake Shore/Michigan Express,,Sat
17:10:16,146,Inner Lake Shore/Michigan Express,,Sat
09:55:27,3,King Drive,,Sun
15:49:49,157,Streeterville/Taylor,,Mon,Tue,Wed,Thu,Fri
07:14:39,3,King Drive,,Sun
09:19:19,148,Clarendon/Michigan Express,,Mon,Tue,Wed,Thu,Fri
07:39:47,151,Sheridan,,Mon,Tue,Wed,Thu,Fri
08:55:24,147,Outer DuSable Lake Shore Express,,Sat
07:49:02,3,King Drive,,Mon,Tue,Wed,Thu,Fri
19:34:17,151,Sheridan,,Sun
10:33:30,151,Sheridan,,Sun
18:37:22,147,Outer DuSable Lake Shore Express,,Mon,Tue,Wed,Thu,Fri
16:57:03,146,Inner Lake Shore/Michigan Express,,Sun
14:16:20,3,King Drive,,Mon,Tue,Wed,Thu,Fri
21:06:38,3,King Drive,,Sat
15:49:28,147,Outer DuSable Lake Shore Express,,Mon,Tue,Wed,Thu,Fri
08:10:05,143,Stockton/Michigan Express,,Mon,Tue,Wed,Thu,Fri
09:34:31,148,Clarendon/Michigan Express,,Mon,Tue,Wed,Thu,Fri
09:02:49,146,Inner Lake Shore/Michigan Express,,Sat
18:29:20,3,King Drive,,Sun
15:54:46,146,Inner Lake Shore/Michigan Express,,Sat
11:27:12,146,Inner Lake Shore/Michigan Express,,Mon,Tue,Wed,Thu,Fri
07:17:39,3,King Drive,,Sat
07:48:24,147,Outer DuSable Lake Shore Express,,Sat
08:54:49,146,Inner Lake Shore/Michigan Express,,Sat
11:59:23,146,Inner Lake Shore/Michigan Express,,Mon,Tue,Wed,Thu,Fri
10:01:03,146,Inner Lake Shore/Michigan Express,,Mon,Tue,Wed,Thu,Fri
09:11:24,151,Sheridan,,Sun
11:48:17,151,Sheridan,,Sat
09:38:55,157,Streeterville/Taylor,,Mon,Tue,Wed,Thu,Fri
11:45:32,3,King Drive,,Sun
14:41:40,151,Sheridan,,Mon,Tue,Wed,Thu,Fri
08:55:35,147,Outer DuSable Lake Shore Express,,Mon,Tue,Wed,Thu,Fri
10:25:25,157,Streeterville/Taylor,,Mon,Tue,Wed,Thu,Fri
10:59:42,146,Inner Lake Shore/Michigan Express,,Mon,Tue,Wed,Thu,Fri
13:39:08,3,King Drive,,Sun
18:33:40,151,Sheridan,,Mon,Tue,Wed,Thu,Fri
09:39:45,3,King Drive,,Sat
18:33:40,151,Sheridan,,Mon,Tue,Wed,Thu,Fri
09:13:52,143,Stockton/Michigan Express,,Mon,Tue,Wed,Thu,Fri
11:27:22,147,Outer DuSable Lake Shore Express,,Mon,Tue,Wed,Thu,Fri
23:11:00,151,Sheridan,,Sat
15:58:03,151,Sheridan,,Sat
19:28:47,147,Outer DuSable Lake Shore Express,,Mon,Tue,Wed,Thu,Fri
20:57:20,3,King Drive,,Mon,Tue,Wed,Thu,Fri
06:44:17,146,Inner Lake Shore/Michigan Express,,Sat
07:38:00,147,Outer DuSable Lake Shore Express,,Mon,Tue,Wed,Thu,Fri
18:43:17,147,Outer DuSable Lake Shore Express,,Sun
24:27:26,151,Sheridan,,Mon,Tue,Wed,Thu,Fri
14:14:38,3,King Drive,,Sun
11:28:43,157,Streeterville/Taylor,,Mon,Tue,Wed,Thu,Fri
18:31:38,3,King Drive,,Mon,Tue,Wed,Thu,Fri
21:16:01,146,Inner Lake Shore/Michigan Express,,Mon,Tue,Wed,Thu,Fri
06:02:31,151,Sheridan,,Sun
10:35:17,147,Outer DuSable Lake Shore Express,,Sun
07:17:57,2,Hyde Park Express,,Mon,Tue,Wed,Thu,Fri
10:47:47,147,Outer DuSable Lake Shore Express,,Sat
13:05:10,147,Outer DuSable Lake Shore Express,,Sat
06:34:37,151,Sheridan,,Mon,Tue,Wed,Thu,Fri
08:33:12,146,Inner Lake Shore/Michigan Express,,Mon,Tue,Wed,Thu,Fri
06:27:38,146,Inner Lake Shore/Michigan Express,,Mon,Tue,Wed,Thu,Fri
17:17:32,26,South Shore Express,,Mon,Tue,Wed,Thu,Fri
17:53:28,147,Outer DuSable Lake Shore Express,,Sat
18:40:20,3,King Drive,,Sun
15:49:49,157,Streeterville/Taylor,,Mon,Tue,Wed,Thu,Fri
08:18:05,147,Outer DuSable Lake Shore Express,,Mon,Tue,Wed,Thu,Fri
22:36:24,151,Sheridan,,Mon,Tue,Wed,Thu,Fri
20:57:10,151,Sheridan,,Sat
15:59:23,26,South Shore Express,,Mon,Tue,Wed,Thu,Fri
06:10:31,151,Sheridan,,Sat
07:04:54,143,Stockton/Michigan Express,,Mon,Tue,Wed,Thu,Fri
17:01:46,146,Inner Lake Shore/Michigan Express,,Sat
19:28:22,151,Sheridan,,Mon,Tue,Wed,Thu,Fri
14:13:28,151,Sheridan,,Sat
15:48:33,147,Outer DuSable Lake Shore Express,,Sat
07:33:10,148,Clarendon/Michigan Express,,Mon,Tue,Wed,Thu,Fri
18:00:42,146,Inner Lake Shore/Michigan Express,,Sun
12:30:50,3,King Drive,,Mon,Tue,Wed,Thu,Fri
07:11:12,147,Outer DuSable Lake Shore Express,,Mon,Tue,Wed,Thu,Fri
23:15:57,3,King Drive,,Sun
09:55:30,147,Outer DuSable Lake Shore Express,,Sat
08:24:47,151,Sheridan,,Mon,Tue,Wed,Thu,Fri
15:18:08,3,King Drive,,Mon,Tue,Wed,Thu,Fri
20:41:47,147,Outer DuSable Lake Shore Express,,Mon,Tue,Wed,Thu,Fri
14:53:28,151,Sheridan,,Sat
22:04:42,151,Sheridan,,Mon,Tue,Wed,Thu,Fri
17:50:21,157,Streeterville/Taylor,,Mon,Tue,Wed,Thu,Fri
19:55:42,146,Inner Lake Shore/Michigan Express,,Sat
23:26:07,151,Sheridan,,Mon,Tue,Wed,Thu,Fri
13:26:13,3,King Drive,,Sat
06:22:49,147,Outer DuSable Lake Shore Express,,Sat
07:48:24,147,Outer DuSable Lake Shore Express,,Sat
21:01:17,151,Sheridan,,Mon,Tue,Wed,Thu,Fri
15:42:03,151,Sheridan,,Sat
24:15:44,151,Sheridan,,Sat
06:35:19,147,Outer DuSable Lake Shore Express,,Sat
17:45:13,26,South Shore Express,,Mon,Tue,Wed,Thu,Fri
08:55:24,147,Outer DuSable Lake Shore Express,,Sat
06:46:37,151,Sheridan,,Mon,Tue,Wed,Thu,Fri
08:00:07,151,Sheridan,,Sat
10:09:10,146,Inner Lake Shore/Michigan Express,,Sun
05:45:39,3,King Drive,,Mon,Tue,Wed,Thu,Fri
10:44:17,151,Sheridan,,Sat
15:54:22,147,Outer DuSable Lake Shore Express,,Sun
19:49:17,151,Sheridan,,Sun
17:26:25,146,Inner Lake Shore/Michigan Express,,Sat
06:48:37,147,Outer DuSable Lake Shore Express,,Sat
07:58:54,147,Outer DuSable Lake Shore Express,,Sun
20:41:54,151,Sheridan,,Sun
22:21:37,151,Sheridan,,Sun
10:44:12,146,Inner Lake Shore/Michigan Express,,Mon,Tue,Wed,Thu,Fri
17:38:42,157,Streeterville/Taylor,,Mon,Tue,Wed,Thu,Fri
16:22:38,151,Sheridan,,Sat
19:10:09,157,Streeterville/Taylor,,Mon,Tue,Wed,Thu,Fri
22:08:02,3,King Drive,,Mon,Tue,Wed,Thu,Fri
07:13:37,147,Outer DuSable Lake Shore Express,,Sat
07:41:31,146,Inner Lake Shore/Michigan Express,,Mon,Tue,Wed,Thu,Fri
11:32:17,151,Sheridan,,Sat
21:41:35,151,Sheridan,,Sat
07:18:54,151,Sheridan,,Mon,Tue,Wed,Thu,Fri
09:33:17,147,Outer DuSable Lake Shore Express,,Mon,Tue,Wed,Thu,Fri
09:35:17,151,Sheridan,,Mon,Tue,Wed,Thu,Fri
16:14:13,3,King Drive,,Sat
10:31:45,3,King Drive,,Sat
18:28:33,26,South Shore Express,,Mon,Tue,Wed,Thu,Fri
12:41:40,151,Sheridan,,Mon,Tue,Wed,Thu,Fri
15:49:28,147,Outer DuSable Lake Shore Express,,Mon,Tue,Wed,Thu,Fri
17:26:21,151,Sheridan,,Sat
13:03:50,3,King Drive,,Mon,Tue,Wed,Thu,Fri
16:43:08,3,King Drive,,Sun
18:51:20,3,King Drive,,Sun
12:48:10,147,Outer DuSable Lake Shore Express,,Sat
18:10:28,147,Outer DuSable Lake Shore Express,,Sat
18:20:10,147,Outer DuSable Lake Shore Express,,Mon,Tue,Wed,Thu,Fri
07:53:07,151,Sheridan,,Sun
19:24:03,151,Sheridan,,Sat
13:31:03,146,Inner Lake Shore/Michigan Express,,Sun
09:05:10,143,Stockton/Michigan Express,,Mon,Tue,Wed,Thu,Fri
12:29:44,146,Inner Lake Shore/Michigan Express,,Mon,Tue,Wed,Thu,Fri
12:54:53,146,Inner Lake Shore/Michigan Express,,Sat
05:01:38,151,Sheridan,,Sun
13:46:50,3,King Drive,,Mon,Tue,Wed,Thu,Fri
06:34:37,151,Sheridan,,Mon,Tue,Wed,Thu,Fri
11:33:47,151,Sheridan,,Sun
13:40:03,146,Inner Lake Shore/Michigan Express,,Sun
24:01:19,151,Sheridan,,Sun
10:28:17,151,Sheridan,,Sat
09:34:47,151,Sheridan,,Mon,Tue,Wed,Thu,Fri
17:44:43,3,King Drive,,Sat
13:34:22,151,Sheridan,,Sun
22:25:38,3,King Drive,,Sat
22:54:12,147,Outer DuSable Lake Shore Express,,Sat
12:03:47,151,Sheridan,,Sun
20:50:05,147,Outer DuSable Lake Shore Express,,Sat
09:25:42,146,Inner Lake Shore/Michigan Express,,Mon,Tue,Wed,Thu,Fri
07:51:39,3,King Drive,,Sat
12:29:47,147,Outer DuSable Lake Shore Express,,Sat
07:35:39,3,King Drive,,Sun
10:29:31,146,Inner Lake Shore/Michigan Express,,Sun
18:15:29,157,Streeterville/Taylor,,Mon,Tue,Wed,Thu,Fri
11:08:42,146,Inner Lake Shore/Michigan Express,,Sat
07:10:19,148,Clarendon/Michigan Express,,Mon,Tue,Wed,Thu,Fri
20:41:05,147,Outer DuSable Lake Shore Express,,Sat
11:28:50,3,King Drive,,Sat
16:33:45,151,Sheridan,,Mon,Tue,Wed,Thu,Fri
11:45:32,3,King Drive,,Sun
07:25:51,157,Streeterville/Taylor,,Mon,Tue,Wed,Thu,Fri
09:02:12,148,Clarendon/Michigan Express,,Mon,Tue,Wed,Thu,Fri
10:20:00,151,Sheridan,,Sat
23:55:57,3,King Drive,,Sun
07:59:47,151,Sheridan,,Mon,Tue,Wed,Thu,Fri
11:55:47,147,Outer DuSable Lake Shore Express,,Sat
13:10:52,147,Outer DuSable Lake Shore Express,,Mon,Tue,Wed,Thu,Fri
20:12:10,151,Sheridan,,Sat
11:17:50,3,King Drive,,Sat
13:50:05,147,Outer DuSable Lake Shore Express,,Sun
11:28:43,157,Streeterville/Taylor,,Mon,Tue,Wed,Thu,Fri
17:52:16,2,Hyde Park Express,,Mon,Tue,Wed,Thu,Fri
13:16:47,147,Outer DuSable Lake Shore Express,,Sun
05:45:38,146,Inner Lake Shore/Michigan Express,,Mon,Tue,Wed,Thu,Fri
08:38:54,147,Outer DuSable Lake Shore Express,,Sun
09:13:45,3,King Drive,,Sat
09:51:01,146,Inner Lake Shore/Michigan Express,,Sat
12:06:42,146,Inner Lake Shore/Michigan Express,,Sat
16:17:23,157,Streeterville/Taylor,,Mon,Tue,Wed,Thu,Fri
15:12:08,3,King Drive,,Sun
16:57:03,146,Inner Lake Shore/Michigan Express,,Sun
12:22:17,147,Outer DuSable Lake Shore Express,,Sat
08:54:47,151,Sheridan,,Mon,Tue,Wed,Thu,Fri
18:15:38,3,King Drive,,Mon,Tue,Wed,Thu,Fri
09:24:41,157,Streeterville/Taylor,,Mon,Tue,Wed,Thu,Fri
09:28:01,2,Hyde Park Express,,Mon,Tue,Wed,Thu,Fri
17:33:43,3,King Drive,,Mon,Tue,Wed,Thu,Fri
11:51:51,146,Inner Lake Shore/Michigan Express,,Sun
18:10:42,146,Inner Lake Shore/Michigan Express,,Sun
16:04:44,146,Inner Lake Shore/Michigan Express,,Mon,Tue,Wed,Thu,Fri
08:49:02,3,King Drive,,Mon,Tue,Wed,Thu,Fri
17:10:38,151,Sheridan,,Sat
14:34:40,147,Outer DuSable Lake Shore Express,,Mon,Tue,Wed,Thu,Fri
08:23:51,148,Clarendon/Michigan Express,,Mon,Tue,Wed,Thu,Fri
11:50:42,146,Inner Lake Shore/Michigan Express,,Sat
11:38:47,147,Outer DuSable Lake Shore Express,,Sun
19:35:12,146,Inner Lake Shore/Michigan Express,,Mon,Tue,Wed,Thu,Fri
13:53:13,3,King Drive,,Sat
20:14:17,151,Sheridan,,Mon,Tue,Wed,Thu,Fri
21:30:40,146,Inner Lake Shore/Michigan Express,,Mon,Tue,Wed,Thu,Fri
10:25:45,3,King Drive,,Sun
06:28:34,157,Streeterville/Taylor,,Mon,Tue,Wed,Thu,Fri
12:21:10,151,Sheridan,,Sat
22:11:17,151,Sheridan,,Sat
13:49:03,146,Inner Lake Shore/Michigan Express,,Sun
15:19:10,151,Sheridan,,Mon,Tue,Wed,Thu,Fri
20:57:20,3,King Drive,,Mon,Tue,Wed,Thu,Fri
15:29:25,146,Inner Lake Shore/Michigan Express,,Sat
07:07:40,146,Inner Lake Shore/Michigan Express,,Mon,Tue,Wed,Thu,Fri
11:27:32,3,King Drive,,Mon,Tue,Wed,Thu,Fri
22:40:38,3,King Drive,,Sat
10:15:17,147,Outer DuSable Lake Shore Express,,Sun
07:30:31,146,Inner Lake Shore/Michigan Express,,Mon,Tue,Wed,Thu,Fri
13:24:22,151,Sheridan,,Sun
20:13:54,26,South Shore Express,,Mon,Tue,Wed,Thu,Fri
17:44:58,147,Outer DuSable Lake Shore Express,,Sat
06:28:24,147,Outer DuSable Lake Shore Express,,Mon,Tue,Wed,Thu,Fri
09:24:47,151,Sheridan,,Mon,Tue,Wed,Thu,Fri
16:50:13,3,King Drive,,Sat
12:41:50,3,King Drive,,Mon,Tue,Wed,Thu,Fri
07:29:12,151,Sheridan,,Mon,Tue,Wed,Thu,Fri
14:01:05,147,Outer DuSable Lake Shore Express,,Sun
08:56:33,146,Inner Lake Shore/Michigan Express,,Mon,Tue,Wed,Thu,Fri
15:54:14,146,Inner Lake Shore/Michigan Express,,Mon,Tue,Wed,Thu,Fri
17:01:46,146,Inner Lake Shore/Michigan Express,,Sat
13:23:52,147,Outer DuSable Lake Shore Express,,Mon,Tue,Wed,Thu,Fri
07:48:31,148,Clarendon/Michigan Express,,Mon,Tue,Wed,Thu,Fri
10:16:22,147,Outer DuSable Lake Shore Express,,Mon,Tue,Wed,Thu,Fri
12:10:32,3,King Drive,,Sun
09:46:42,147,Outer DuSable Lake Shore Express,,Sat
17:35:02,26,South Shore Express,,Mon,Tue,Wed,Thu,Fri
16:01:58,147,Outer DuSable Lake Shore Express,,Mon,Tue,Wed,Thu,Fri
15:01:44,146,Inner Lake Shore/Michigan Express,,Mon,Tue,Wed,Thu,Fri
09:24:47,151,Sheridan,,Mon,Tue,Wed,Thu,Fri
18:16:33,26,South Shore Express,,Mon,Tue,Wed,Thu,Fri
08:31:40,143,Stockton/Michigan Express,,Mon,Tue,Wed,Thu,Fri
16:01:58,147,Outer DuSable Lake Shore Express,,Mon,Tue,Wed,Thu,Fri
17:17:55,146,Inner Lake Shore/Michigan Express,,Mon,Tue,Wed,Thu,Fri
15:10:40,151,Sheridan,,Mon,Tue,Wed,Thu,Fri
07:00:31,151,Sheridan,,Sat
16:06:03,151,Sheridan,,Sat
00:13:39,3,King Drive,,Tue,Wed,Thu,Fri,Sat
20:05:00,151,Sheridan,,Sun
15:07:05,147,Outer DuSable Lake Shore Express,,Sun
06:37:37,147,Outer DuSable Lake Shore Express,,Sun
17:39:43,3,King Drive,,Mon,Tue,Wed,Thu,Fri
07:50:17,143,Stockton/Michigan Express,,Mon,Tue,Wed,Thu,Fri
17:50:45,151,Sheridan,,Mon,Tue,Wed,Thu,Fri
09:59:32,3,King Drive,,Mon,Tue,Wed,Thu,Fri
06:48:28,146,Inner Lake Shore/Michigan Express,,Mon,Tue,Wed,Thu,Fri
12:48:22,147,Outer DuSable Lake Shore Express,,Mon,Tue,Wed,Thu,Fri
15:36:58,151,Sheridan,,Mon,Tue,Wed,Thu,Fri
07:37:37,147,Outer DuSable Lake Shore Express,,Sat
08:51:42,148,Clarendon/Michigan Express,,Mon,Tue,Wed,Thu,Fri
17:34:21,151,Sheridan,,Sat
18:40:20,3,King Drive,,Sun
10:32:32,3,King Drive,,Mon,Tue,Wed,Thu,Fri
17:17:13,3,King Drive,,Mon,Tue,Wed,Thu,Fri
07:57:05,143,Stockton/Michigan Express,,Mon,Tue,Wed,Thu,Fri
08:39:02,3,King Drive,,Mon,Tue,Wed,Thu,Fri
12:22:42,146,Inner Lake Shore/Michigan Express,,Sat
15:11:40,147,Outer DuSable Lake Shore Express,,Mon,Tue,Wed,Thu,Fri
06:28:38,146,Inner Lake Shore/Michigan Express,,Sun
14:31:33,26,South Shore Express,,Mon,Tue,Wed,Thu,Fri
11:53:22,151,Sheridan,,Mon,Tue,Wed,Thu,Fri
14:39:58,147,Outer DuSable Lake Shore Express,,Sat
07:46:40,148,Clarendon/Michigan Express,,Mon,Tue,Wed,Thu,Fri
09:18:13,2,Hyde Park Express,,Mon,Tue,Wed,Thu,Fri
09:19:02,3,King Drive,,Mon,Tue,Wed,Thu,Fri
12:48:22,147,Outer DuSable Lake Shore Express,,Mon,Tue,Wed,Thu,Fri
08:37:58,143,Stockton/Michigan Express,,Mon,Tue,Wed,Thu,Fri
14:00:44,146,Inner Lake Shore/Michigan Express,,Mon,Tue,Wed,Thu,Fri
11:23:47,151,Sheridan,,Sun
08:45:54,147,Outer DuSable Lake Shore Express,,Sat
15:01:28,151,Sheridan,,Sat
08:08:54,147,Outer DuSable Lake Shore Express,,Sat
11:14:17,147,Outer DuSable Lake Shore Express,,Sat
10:56:41,157,Streeterville/Taylor,,Mon,Tue,Wed,Thu,Fri
20:20:12,147,Outer DuSable Lake Shore Express,,Sun
10:05:45,3,King Drive,,Sat
14:54:40,151,Sheridan,,Sun
05:21:38,151,Sheridan,,Sun
12:39:44,146,Inner Lake Shore/Michigan Express,,Sun
13:43:23,146,Inner Lake Shore/Michigan Express,,Sat
05:45:38,146,Inner Lake Shore/Michigan Express,,Mon,Tue,Wed,Thu,Fri
16:22:33,147,Outer DuSable Lake Shore Express,,Sat
10:56:31,146,Inner Lake Shore/Michigan Express,,Sun
10:22:12,146,Inner Lake Shore/Michigan Express,,Mon,Tue,Wed,Thu,Fri
13:50:44,146,Inner Lake Shore/Michigan Express,,Mon,Tue,Wed,Thu,Fri
19:43:40,147,Outer DuSable Lake Shore Express,,Sat
08:33:12,146,Inner Lake Shore/Michigan Express,,Mon,Tue,Wed,Thu,Fri
16:53:05,146,Inner Lake Shore/Michigan Express,,Mon,Tue,Wed,Thu,Fri
18:01:58,147,Outer DuSable Lake Shore Express,,Sat
19:54:26,3,King Drive,,Sat
11:48:47,147,Outer DuSable Lake Shore Express,,Sun
10:52:17,151,Sheridan,,Sat
08:49:54,147,Outer DuSable Lake Shore Express,,Sun
21:38:53,157,Streeterville/Taylor,,Mon,Tue,Wed,Thu,Fri
07:50:28,146,Inner Lake Shore/Michigan Express,,Sun
11:38:47,147,Outer DuSable Lake Shore Express,,Sat
23:30:32,3,King Drive,,Sat
10:15:33,146,Inner Lake Shore/Michigan Express,,Mon,Tue,Wed,Thu,Fri
19:40:54,26,South Shore Express,,Mon,Tue,Wed,Thu,Fri
20:34:12,146,Inner Lake Shore/Michigan Express,,Sat
06:37:38,146,Inner Lake Shore/Michigan Express,,Mon,Tue,Wed,Thu,Fri
24:15:44,151,Sheridan,,Sat
21:58:38,3,King Drive,,Sat
11:48:50,3,King Drive,,Sat
12:37:28,151,Sheridan,,Sat
09:53:00,147,Outer DuSable Lake Shore Express,,Sun
08:47:24,151,Sheridan,,Sun
12:48:44,146,Inner Lake Shore/Michigan Express,,Sun
12:17:40,151,Sheridan,,Mon,Tue,Wed,Thu,Fri
21:33:00,151,Sheridan,,Mon,Tue,Wed,Thu,Fri
08:11:13,2,Hyde Park Express,,Mon,Tue,Wed,Thu,Fri
09:31:12,147,Outer DuSable Lake Shore Express,,Sun
10:33:30,151,Sheridan,,Sun
14:39:58,147,Outer DuSable Lake Shore Express,,Sat
16:22:38,151,Sheridan,,Sat
14:49:08,3,King Drive,,Sun
12:44:05,151,Sheridan,,Sun
10:53:05,151,Sheridan,,Mon,Tue,Wed,Thu,Fri
13:27:47,147,Outer DuSable Lake Shore Express,,Sun
21:46:02,3,King Drive,,Mon,Tue,Wed,Thu,Fri
09:19:49,146,Inner Lake Shore/Michigan Express,,Sun
13:17:40,151,Sheridan,,Mon,Tue,Wed,Thu,Fri
11:42:42,146,Inner Lake Shore/Michigan Express,,Sat
17:04:40,151,Sheridan,,Sun
22:51:10,146,Inner Lake Shore/Michigan Express,,Sat
07:42:17,143,Stockton/Michigan Express,,Mon,Tue,Wed,Thu,Fri
10:29:31,146,Inner Lake Shore/Michigan Express,,Sun
20:57:10,151,Sheridan,,Sat
09:12:24,147,Outer DuSable Lake Shore Express,,Sat
20:12:10,151,Sheridan,,Sat
18:37:22,147,Outer DuSable Lake Shore Express,,Mon,Tue,Wed,Thu,Fri
09:14:47,151,Sheridan,,Mon,Tue,Wed,Thu,Fri
24:35:44,151,Sheridan,,Sat
16:13:58,147,Outer DuSable Lake Shore Express,,Mon,Tue,Wed,Thu,Fri
12:23:02,3,King Drive,,Sun
15:46:46,146,Inner Lake Shore/Michigan Express,,Sat
22:26:00,151,Sheridan,,Sat
08:51:33,146,Inner Lake Shore/Michigan Express,,Mon,Tue,Wed,Thu,Fri
16:54:38,151,Sheridan,,Sat
11:06:50,3,King Drive,,Sat
19:35:10,147,Outer DuSable Lake Shore Express,,Sat
00:30:39,3,King Drive,,Tue,Wed,Thu,Fri,Sat
18:24:23,146,Inner Lake Shore/Michigan Express,,Mon,Tue,Wed,Thu,Fri
05:50:31,151,Sheridan,,Sat
18:44:02,2,Hyde Park Express,,Mon,Tue,Wed,Thu,Fri
08:57:40,143,Stockton/Michigan Express,,Mon,Tue,Wed,Thu,Fri
07:37:01,146,Inner Lake Shore/Michigan Express,,Mon,Tue,Wed,Thu,Fri
12:44:05,151,Sheridan,,Sun
19:20:42,146,Inner Lake Shore/Michigan Express,,Sun
16:48:35,147,Outer DuSable Lake Shore Express,,Sun
00:55:44,151,Sheridan,,Sun
09:33:13,2,Hyde Park Express,,Mon,Tue,Wed,Thu,Fri
12:38:53,146,Inner Lake Shore/Michigan Express,,Sat
15:58:08,3,King Drive,,Sun
16:44:13,3,King Drive,,Mon,Tue,Wed,Thu,Fri
15:58:08,3,King Drive,,Sun
19:47:17,147,Outer DuSable Lake Shore Express,,Mon,Tue,Wed,Thu,Fri
06:44:08,148,Clarendon/Michigan Express,,Mon,Tue,Wed,Thu,Fri
13:29:40,151,Sheridan,,Mon,Tue,Wed,Thu,Fri
11:48:17,151,Sheridan,,Sat
22:11:38,3,King Drive,,Sat
14:01:59,157,Streeterville/Taylor,,Mon,Tue,Wed,Thu,Fri
06:53:57,3,King Drive,,Mon,Tue,Wed,Thu,Fri
08:34:12,148,Clarendon/Michigan Express,,Mon,Tue,Wed,Thu,Fri
15:54:40,151,Sheridan,,Sun
20:45:17,151,Sheridan,,Mon,Tue,Wed,Thu,Fri
18:00:42,146,Inner Lake Shore/Michigan Express,,Sun
17:47:08,3,King Drive,,Sun
21:41:37,151,Sheridan,,Sun
22:55:12,147,Outer DuSable Lake Shore Express,,Mon,Tue,Wed,Thu,Fri
18:29:20,3,King Drive,,Sun
07:15:07,147,Outer DuSable Lake Shore Express,,Sun
19:40:54,26,South Shore Express,,Mon,Tue,Wed,Thu,Fri
09:43:31,146,Inner Lake Shore/Michigan Express,,Sat
09:55:05,151,Sheridan,,Mon,Tue,Wed,Thu,Fri
22:49:08,146,Inner Lake Shore/Michigan Express,,Sun
07:11:12,147,Outer DuSable Lake Shore Express,,Mon,Tue,Wed,Thu,Fri
06:37:39,3,King Drive,,Sat
09:26:45,3,King Drive,,Sat
10:56:22,147,Outer DuSable Lake Shore Express,,Mon,Tue,Wed,Thu,Fri
06:08:49,147,Outer DuSable Lake Shore Express,,Sat
23:08:58,146,Inner Lake Shore/Michigan Express,,Mon,Tue,Wed,Thu,Fri
19:34:26,3,King Drive,,Sat
07:31:07,151,Sheridan,,Sat
08:59:45,3,King Drive,,Sat
09:09:02,3,King Drive,,Mon,Tue,Wed,Thu,Fri
12:49:44,146,Inner Lake Shore/Michigan Express,,Mon,Tue,Wed,Thu,Fri
17:27:08,3,King Drive,,Sun
19:59:05,151,Sheridan,,Mon,Tue,Wed,Thu,Fri
09:07:28,146,Inner Lake Shore/Michigan Express,,Sun
07:02:49,151,Sheridan,,Sun
11:26:47,147,Outer DuSable Lake Shore Express,,Sun
07:00:37,147,Outer DuSable Lake Shore Express,,Sat
22:49:58,146,Inner Lake Shore/Michigan Express,,Mon,Tue,Wed,Thu,Fri
09:43:31,146,Inner Lake Shore/Michigan Express,,Sat
16:14:40,151,Sheridan,,Sun
12:59:13,3,King Drive,,Sat
14:49:25,146,Inner Lake Shore/Michigan Express,,Sat
13:49:03,146,Inner Lake Shore/Michigan Express,,Sun
19:09:33,26,South Shore Express,,Mon,Tue,Wed,Thu,Fri
07:05:34,157,Streeterville/Taylor,,Mon,Tue,Wed,Thu,Fri
13:01:28,151,Sheridan,,Sat
17:46:10,151,Sheridan,,Sun
08:37:54,147,Outer DuSable Lake Shore Express,,Sat
21:17:17,151,Sheridan,,Mon,Tue,Wed,Thu,Fri
10:11:42,151,Sheridan,,Sun
09:02:54,147,Outer DuSable Lake Shore Express,,Sat
08:35:07,151,Sheridan,,Sun
16:36:16,146,Inner Lake Shore/Michigan Express,,Sat
19:42:53,157,Streeterville/Taylor,,Mon,Tue,Wed,Thu,Fri
06:28:24,147,Outer DuSable Lake Shore Express,,Mon,Tue,Wed,Thu,Fri
22:15:12,147,Outer DuSable Lake Shore Express,,Mon,Tue,Wed,Thu,Fri
07:46:07,151,Sheridan,,Sat
08:49:54,147,Outer DuSable Lake Shore Express,,Sun
06:58:54,151,Sheridan,,Mon,Tue,Wed,Thu,Fri
07:43:58,146,Inner Lake Shore/Michigan Express,,Sat
11:53:22,151,Sheridan,,Mon,Tue,Wed,Thu,Fri
18:44:53,2,Hyde Park Express,,Mon,Tue,Wed,Thu,Fri
07:15:49,151,Sheridan,,Sat
17:11:35,147,Outer DuSable Lake Shore Express,,Sun
15:14:33,147,Outer DuSable Lake Shore Express,,Sat
13:06:44,146,Inner Lake Shore/Michigan Express,,Sun
23:47:15,3,King Drive,,Sat
08:59:24,151,Sheridan,,Sun
10:20:31,146,Inner Lake Shore/Michigan Express,,Sun
10:16:22,147,Outer DuSable Lake Shore Express,,Mon,Tue,Wed,Thu,Fri
14:36:45,157,Streeterville/Taylor,,Mon,Tue,Wed,Thu,Fri
24:35:44,151,Sheridan,,Sat
10:09:55,157,Streeterville/Taylor,,Mon,Tue,Wed,Thu,Fri
08:37:54,147,Outer DuSable Lake Shore Express,,Sat
17:17:13,3,King Drive,,Mon,Tue,Wed,Thu,Fri
10:29:12,146,Inner Lake Shore/Michigan Express,,Mon,Tue,Wed,Thu,Fri
11:21:47,147,Outer DuSable Lake Shore Express,,Sat
08:59:02,3,King Drive,,Mon,Tue,Wed,Thu,Fri
13:05:40,151,Sheridan,,Mon,Tue,Wed,Thu,Fri
17:00:43,3,King Drive,,Mon,Tue,Wed,Thu,Fri
14:44:40,151,Sheridan,,Sun
15:05:45,147,Outer DuSable Lake Shore Express,,Sat
08:06:58,146,Inner Lake Shore/Michigan Express,,Sat
10:20:00,151,Sheridan,,Sat
11:07:22,147,Outer DuSable Lake Shore Express,,Mon,Tue,Wed,Thu,Fri
20:38:12,147,Outer DuSable Lake Shore Express,,Sun
19:19:35,151,Sheridan,,Sun
17:10:16,146,Inner Lake Shore/Michigan Express,,Sat
16:14:05,147,Outer DuSable Lake Shore Express,,Sun
10:28:31,146,Inner Lake Shore/Michigan Express,,Sat
16:02:08,3,King Drive,,Mon,Tue,Wed,Thu,Fri
18:10:31,2,Hyde Park Express,,Mon,Tue,Wed,Thu,Fri
10:40:45,3,King Drive,,Sun
08:50:05,147,Outer DuSable Lake Shore Express,,Mon,Tue,Wed,Thu,Fri
15:54:14,146,Inner Lake Shore/Michigan Express,,Mon,Tue,Wed,Thu,Fri
19:54:26,3,King Drive,,Sat
19:41:03,146,Inner Lake Shore/Michigan Express,,Sat
21:18:00,147,Outer DuSable Lake Shore Express,,Mon,Tue,Wed,Thu,Fri
21:10:28,146,Inner Lake Shore/Michigan Express,,Sun
18:17:02,2,Hyde Park Express,,Mon,Tue,Wed,Thu,Fri
18:03:10,147,Outer DuSable Lake Shore Express,,Mon,Tue,Wed,Thu,Fri
20:31:05,147,Outer DuSable Lake Shore Express,,Sat
12:30:42,146,Inner Lake Shore/Michigan Express,,Sat
15:35:08,3,King Drive,,Sun
11:42:42,146,Inner Lake Shore/Michigan Express,,Sat
20:12:31,146,Inner Lake Shore/Michigan Express,,Sun
07:57:05,143,Stockton/Michigan Express,,Mon,Tue,Wed,Thu,Fri
16:23:13,3,King Drive,,Sat
18:03:03,157,Streeterville/Taylor,,Mon,Tue,Wed,Thu,Fri
21:29:58,146,Inner Lake Shore/Michigan Express,,Sun
12:30:50,3,King Drive,,Mon,Tue,Wed,Thu,Fri
21:55:42,147,Outer DuSable Lake Shore Express,,Mon,Tue,Wed,Thu,Fri
08:44:47,151,Sheridan,,Mon,Tue,Wed,Thu,Fri
16:53:16,146,Inner Lake Shore/Michigan Express,,Sat
19:04:35,151,Sheridan,,Sun
08:30:35,147,Outer DuSable Lake Shore Express,,Mon,Tue,Wed,Thu,Fri
10:03:00,147,Outer DuSable Lake Shore Express,,Sun
09:12:40,146,Inner Lake Shore/Michigan Express,,Sat
08:55:07,151,Sheridan,,Sat
14:14:33,26,South Shore Express,,Mon,Tue,Wed,Thu,Fri
14:07:03,146,Inner Lake Shore/Michigan Express,,Sun
08:13:05,147,Outer DuSable Lake Shore Express,,Mon,Tue,Wed,Thu,Fri
08:43:03,146,Inner Lake Shore/Michigan Express,,Mon,Tue,Wed,Thu,Fri
19:05:42,147,Outer DuSable Lake Shore Express,,Sun
15:37:25,146,Inner Lake Shore/Michigan Express,,Sat
17:29:55,146,Inner Lake Shore/Michigan Express,,Mon,Tue,Wed,Thu,Fri
10:43:30,151,Sheridan,,Sun
18:35:58,147,Outer DuSable Lake Shore Express,,Sat
11:00:17,151,Sheridan,,Sat
07:44:30,151,Sheridan,,Mon,Tue,Wed,Thu,Fri
08:47:03,146,Inner Lake Shore/Michigan Express,,Mon,Tue,Wed,Thu,Fri
08:43:03,146,Inner Lake Shore/Michigan Express,,Mon,Tue,Wed,Thu,Fri
08:21:12,148,Clarendon/Michigan Express,,Mon,Tue,Wed,Thu,Fri
11:56:35,151,Sheridan,,Sat
16:46:38,151,Sheridan,,Sat
20:29:47,151,Sheridan,,Mon,Tue,Wed,Thu,Fri
15:27:40,151,Sheridan,,Mon,Tue,Wed,Thu,Fri
17:55:23,26,South Shore Express,,Mon,Tue,Wed,Thu,Fri
17:14:03,151,Sheridan,,Mon,Tue,Wed,Thu,Fri
09:54:25,157,Streeterville/Taylor,,Mon,Tue,Wed,Thu,Fri
22:34:12,147,Outer DuSable Lake Shore Express,,Sat
19:31:12,147,Outer DuSable Lake Shore Express,,Sun
14:22:40,147,Outer DuSable Lake Shore Express,,Sat
08:02:31,148,Clarendon/Michigan Express,,Mon,Tue,Wed,Thu,Fri
13:13:03,146,Inner Lake Shore/Michigan Express,,Sun
09:00:05,151,Sheridan,,Mon,Tue,Wed,Thu,Fri
18:04:21,151,Sheridan,,Sat
14:41:25,146,Inner Lake Shore/Michigan Express,,Sat
18:55:33,26,South Shore Express,,Mon,Tue,Wed,Thu,Fri
19:00:58,147,Outer DuSable Lake Shore Express,,Sat
15:04:40,151,Sheridan,,Sun
21:30:40,146,Inner Lake Shore/Michigan Express,,Mon,Tue,Wed,Thu,Fri
17:34:21,151,Sheridan,,Sat
17:51:25,146,Inner Lake Shore/Michigan Express,,Sat
20:12:31,146,Inner Lake Shore/Michigan Express,,Sun
18:17:10,151,Sheridan,,Sun
21:29:58,146,Inner Lake Shore/Michigan Express,,Sun
16:44:40,151,Sheridan,,Sun
21:57:02,3,King Drive,,Mon,Tue,Wed,Thu,Fri
22:32:02,3,King Drive,,Mon,Tue,Wed,Thu,Fri
13:17:13,3,King Drive,,Sat
13:26:13,3,King Drive,,Sat
21:11:52,151,Sheridan,,Sat
19:58:20,3,King Drive,,Mon,Tue,Wed,Thu,Fri
14:56:13,3,King Drive,,Sat
20:33:01,146,Inner Lake Shore/Michigan Express,,Mon,Tue,Wed,Thu,Fri
16:44:46,146,Inner Lake Shore/Michigan Express,,Sat
05:57:39,3,King Drive,,Sat
10:24:17,147,Outer DuSable Lake Shore Express,,Sun
09:58:31,146,Inner Lake Shore/Michigan Express,,Sat
21:16:01,146,Inner Lake Shore/Michigan Express,,Mon,Tue,Wed,Thu,Fri
16:48:03,146,Inner Lake Shore/Michigan Express,,Sun
19:08:53,146,Inner Lake Shore/Michigan Express,,Mon,Tue,Wed,Thu,Fri
06:05:07,147,Outer DuSable Lake Shore Express,,Mon,Tue,Wed,Thu,Fri
20:05:47,147,Outer DuSable Lake Shore Express,,Mon,Tue,Wed,Thu,Fri
14:25:03,146,Inner Lake Shore/Michigan Express,,Sun
21:39:30,147,Outer DuSable Lake Shore Express,,Sat
20:27:38,3,King Drive,,Sat
11:14:31,146,Inner Lake Shore/Michigan Express,,Sun
19:31:12,147,Outer DuSable Lake Shore Express,,Sun
13:42:10,151,Sheridan,,Mon,Tue,Wed,Thu,Fri
12:48:02,3,King Drive,,Sun
07:16:10,146,Inner Lake Shore/Michigan Express,,Mon,Tue,Wed,Thu,Fri
14:47:33,26,South Shore Express,,Mon,Tue,Wed,Thu,Fri
19:43:35,151,Sheridan,,Mon,Tue,Wed,Thu,Fri
07:49:47,151,Sheridan,,Mon,Tue,Wed,Thu,Fri
05:37:39,3,King Drive,,Sat
17:03:03,151,Sheridan,,Mon,Tue,Wed,Thu,Fri
19:04:42,146,Inner Lake Shore/Michigan Express,,Sun
14:11:13,3,King Drive,,Sat
08:17:39,3,King Drive,,Sun
07:25:51,157,Streeterville/Taylor,,Mon,Tue,Wed,Thu,Fri
13:05:40,151,Sheridan,,Mon,Tue,Wed,Thu,Fri
06:48:38,146,Inner Lake Shore/Michigan Express,,Sun
15:13:25,146,Inner Lake Shore/Michigan Express,,Sat
15:38:13,3,King Drive,,Sat
10:29:05,151,Sheridan,,Mon,Tue,Wed,Thu,Fri
20:27:20,3,King Drive,,Mon,Tue,Wed,Thu,Fri
10:01:03,146,Inner Lake Shore/Michigan Express,,Mon,Tue,Wed,Thu,Fri
12:39:17,147,Outer DuSable Lake Shore Express,,Sat
22:57:38,3,King Drive,,Sat
07:50:17,143,Stockton/Michigan Express,,Mon,Tue,Wed,Thu,Fri
10:05:05,151,Sheridan,,Mon,Tue,Wed,Thu,Fri
11:38:32,3,King Drive,,Mon,Tue,Wed,Thu,Fri
11:59:23,146,Inner Lake Shore/Michigan Express,,Mon,Tue,Wed,Thu,Fri
10:08:03,146,Inner Lake Shore/Michigan Express,,Mon,Tue,Wed,Thu,Fri
08:03:01,146,Inner Lake Shore/Michigan Express,,Mon,Tue,Wed,Thu,Fri
22:14:58,146,Inner Lake Shore/Michigan Express,,Mon,Tue,Wed,Thu,Fri
14:37:38,3,King Drive,,Sun
12:59:13,3,King Drive,,Sat
06:40:08,148,Clarendon/Michigan Express,,Mon,Tue,Wed,Thu,Fri
19:46:12,147,Outer DuSable Lake Shore Express,,Sun
08:40:12,148,Clarendon/Michigan Express,,Mon,Tue,Wed,Thu,Fri
16:46:32,26,South Shore Express,,Mon,Tue,Wed,Thu,Fri
09:59:24,151,Sheridan,,Sun
17:36:28,147,Outer DuSable Lake Shore Express,,Sat
11:08:17,151,Sheridan,,Sat
09:09:02,3,King Drive,,Mon,Tue,Wed,Thu,Fri
10:52:42,146,Inner Lake Shore/Michigan Express,,Sat
10:00:10,146,Inner Lake Shore/Michigan Express,,Sun
15:43:44,146,Inner Lake Shore/Michigan Express,,Mon,Tue,Wed,Thu,Fri
16:38:32,26,South Shore Express,,Mon,Tue,Wed,Thu,Fri
16:19:56,3,King Drive,,Mon,Tue,Wed,Thu,Fri
06:22:31,151,Sheridan,,Sun
12:16:22,147,Outer DuSable Lake Shore Express,,Mon,Tue,Wed,Thu,Fri
09:20:12,146,Inner Lake Shore/Michigan Express,,Mon,Tue,Wed,Thu,Fri
13:34:53,146,Inner Lake Shore/Michigan Express,,Sat
23:21:37,151,Sheridan,,Sun
09:33:12,146,Inner Lake Shore/Michigan Express,,Mon,Tue,Wed,Thu,Fri
15:00:40,151,Sheridan,,Mon,Tue,Wed,Thu,Fri
07:08:54,151,Sheridan,,Mon,Tue,Wed,Thu,Fri
19:35:10,147,Outer DuSable Lake Shore Express,,Sat
19:24:26,3,King Drive,,Sat
17:18:38,151,Sheridan,,Sat
17:05:08,3,King Drive,,Sun
15:47:13,3,King Drive,,Sat
19:14:02,2,Hyde Park Express,,Mon,Tue,Wed,Thu,Fri
06:14:09,3,King Drive,,Mon,Tue,Wed,Thu,Fri
12:04:35,151,Sheridan,,Sat
15:21:25,146,Inner Lake Shore/Michigan Express,,Sat
16:42:45,151,Sheridan,,Mon,Tue,Wed,Thu,Fri
07:42:17,147,Outer DuSable Lake Shore Express,,Mon,Tue,Wed,Thu,Fri
09:51:10,146,Inner Lake Shore/Michigan Express,,Sun
11:48:17,147,Outer DuSable Lake Shore Express,,Sat
07:53:31,2,Hyde Park Express,,Mon,Tue,Wed,Thu,Fri
07:42:17,143,Stockton/Michigan Express,,Mon,Tue,Wed,Thu,Fri
10:44:42,146,Inner Lake Shore/Michigan Express,,Sat
15:29:13,3,King Drive,,Sat
23:11:00,151,Sheridan,,Sat
22:18:37,147,Outer DuSable Lake Shore Express,,Sun
15:38:23,26,South Shore Express,,Mon,Tue,Wed,Thu,Fri
22:20:02,3,King Drive,,Mon,Tue,Wed,Thu,Fri
12:12:52,151,Sheridan,,Sat
12:29:56,3,King Drive,,Sat
09:20:42,148,Clarendon/Michigan Express,,Mon,Tue,Wed,Thu,Fri
18:04:52,2,Hyde Park Express,,Mon,Tue,Wed,Thu,Fri
14:15:23,146,Inner Lake Shore/Michigan Express,,Sat
06:55:34,157,Streeterville/Taylor,,Mon,Tue,Wed,Thu,Fri
09:31:49,146,Inner Lake Shore/Michigan Express,,Sun
11:33:02,3,King Drive,,Sun
14:02:13,3,King Drive,,Sat
13:08:13,3,King Drive,,Sat
08:04:47,151,Sheridan,,Mon,Tue,Wed,Thu,Fri
07:03:57,3,King Drive,,Mon,Tue,Wed,Thu,Fri
10:00:35,147,Outer DuSable Lake Shore Express,,Mon,Tue,Wed,Thu,Fri
12:06:42,146,Inner Lake Shore/Michigan Express,,Sat
08:25:07,151,Sheridan,,Sat
18:28:57,157,Streeterville/Taylor,,Mon,Tue,Wed,Thu,Fri
17:41:05,146,Inner Lake Shore/Michigan Express,,Mon,Tue,Wed,Thu,Fri
05:29:56,151,Sheridan,,Sat
15:09:28,151,Sheridan,,Sat
12:40:13,3,King Drive,,Sat
14:02:13,3,King Drive,,Sat
16:31:12,157,Streeterville/Taylor,,Mon,Tue,Wed,Thu,Fri
19:57:24,26,South Shore Express,,Mon,Tue,Wed,Thu,Fri
17:34:55,146,Inner Lake Shore/Michigan Express,,Sat
17:43:25,146,Inner Lake Shore/Michigan Express,,Sat
18:23:42,146,Inner Lake Shore/Michigan Express,,Sun
23:55:57,3,King Drive,,Sun
07:54:30,151,Sheridan,,Mon,Tue,Wed,Thu,Fri
10:00:35,147,Outer DuSable Lake Shore Express,,Mon,Tue,Wed,Thu,Fri
11:21:47,147,Outer DuSable Lake Shore Express,,Sat
18:08:08,3,King Drive,,Sun
07:20:12,143,Stockton/Michigan Express,,Mon,Tue,Wed,Thu,Fri
13:33:28,151,Sheridan,,Sat
18:29:10,151,Sheridan,,Sun
12:23:47,151,Sheridan,,Sun
07:52:10,148,Clarendon/Michigan Express,,Mon,Tue,Wed,Thu,Fri
10:53:30,151,Sheridan,,Sun
16:04:40,151,Sheridan,,Sun
11:05:05,151,Sheridan,,Mon,Tue,Wed,Thu,Fri
17:18:38,151,Sheridan,,Sat
19:24:26,3,King Drive,,Sat
12:39:44,146,Inner Lake Shore/Michigan Express,,Sun
10:47:47,147,Outer DuSable Lake Shore Express,,Sat
15:52:52,2,Hyde Park Express,,Mon,Tue,Wed,Thu,Fri
10:05:45,3,King Drive,,Sat
05:51:37,147,Outer DuSable Lake Shore Express,,Mon,Tue,Wed,Thu,Fri
13:46:50,3,King Drive,,Mon,Tue,Wed,Thu,Fri
15:55:03,146,Inner Lake Shore/Michigan Express,,Sun
15:33:14,146,Inner Lake Shore/Michigan Express,,Mon,Tue,Wed,Thu,Fri
17:33:43,3,King Drive,,Mon,Tue,Wed,Thu,Fri
09:39:42,146,Inner Lake Shore/Michigan Express,,Mon,Tue,Wed,Thu,Fri
20:38:12,147,Outer DuSable Lake Shore Express,,Sun
07:59:02,3,King Drive,,Mon,Tue,Wed,Thu,Fri
13:17:40,151,Sheridan,,Mon,Tue,Wed,Thu,Fri
14:16:03,146,Inner Lake Shore/Michigan Express,,Sun
10:38:31,146,Inner Lake Shore/Michigan Express,,Sun
09:47:24,151,Sheridan,,Sun
05:51:37,147,Outer DuSable Lake Shore Express,,Mon,Tue,Wed,Thu,Fri
07:46:31,146,Inner Lake Shore/Michigan Express,,Mon,Tue,Wed,Thu,Fri
15:34:03,151,Sheridan,,Sat
15:12:08,3,King Drive,,Sun
20:50:28,146,Inner Lake Shore/Michigan Express,,Sun
16:37:05,147,Outer DuSable Lake Shore Express,,Sun
17:43:25,146,Inner Lake Shore/Michigan Express,,Sat
17:44:21,151,Sheridan,,Sat
24:04:15,3,King Drive,,Sat
18:01:58,147,Outer DuSable Lake Shore Express,,Sat
07:38:07,151,Sheridan,,Sun
06:33:57,3,King Drive,,Mon,Tue,Wed,Thu,Fri
16:24:40,151,Sheridan,,Sun
22:49:08,146,Inner Lake Shore/Michigan Express,,Sun
06:57:49,146,Inner Lake Shore/Michigan Express,,Mon,Tue,Wed,Thu,Fri
12:19:50,3,King Drive,,Mon,Tue,Wed,Thu,Fri
17:52:56,3,King Drive,,Mon,Tue,Wed,Thu,Fri
14:56:05,147,Outer DuSable Lake Shore Express,,Sun
16:17:23,157,Streeterville/Taylor,,Mon,Tue,Wed,Thu,Fri
08:24:42,146,Inner Lake Shore/Michigan Express,,Mon,Tue,Wed,Thu,Fri
18:29:55,146,Inner Lake Shore/Michigan Express,,Sat
06:05:07,147,Outer DuSable Lake Shore Express,,Mon,Tue,Wed,Thu,Fri
17:41:05,146,Inner Lake Shore/Michigan Express,,Mon,Tue,Wed,Thu,Fri
15:44:40,151,Sheridan,,Sun
21:32:38,3,King Drive,,Sat
18:44:21,151,Sheridan,,Sat
17:57:08,3,King Drive,,Sun
13:22:03,146,Inner Lake Shore/Michigan Express,,Sun
13:56:10,147,Outer DuSable Lake Shore Express,,Sat
06:14:38,146,Inner Lake Shore/Michigan Express,,Mon,Tue,Wed,Thu,Fri
14:34:40,151,Sheridan,,Sun
18:55:33,26,South Shore Express,,Mon,Tue,Wed,Thu,Fri
15:34:08,3,King Drive,,Mon,Tue,Wed,Thu,Fri
01:10:08,151,Sheridan,,Tue,Wed,Thu,Fri,Sat
06:43:34,157,Streeterville/Taylor,,Mon,Tue,Wed,Thu,Fri
08:26:58,146,Inner Lake Shore/Michigan Express,,Sat
17:26:00,157,Streeterville/Taylor,,Mon,Tue,Wed,Thu,Fri
11:13:47,151,Sheridan,,Sun
08:56:11,157,Streeterville/Taylor,,Mon,Tue,Wed,Thu,Fri
13:14:50,3,King Drive,,Mon,Tue,Wed,Thu,Fri
20:45:17,151,Sheridan,,Mon,Tue,Wed,Thu,Fri
09:18:54,147,Outer DuSable Lake Shore Express,,Sun
07:32:00,147,Outer DuSable Lake Shore Express,,Mon,Tue,Wed,Thu,Fri
08:59:02,3,King Drive,,Mon,Tue,Wed,Thu,Fri
21:55:42,147,Outer DuSable Lake Shore Express,,Mon,Tue,Wed,Thu,Fri
17:44:58,147,Outer DuSable Lake Shore Express,,Sat
15:56:13,3,King Drive,,Sat
21:28:47,147,Outer DuSable Lake Shore Express,,Sat
18:14:21,151,Sheridan,,Sat
23:15:07,147,Outer DuSable Lake Shore Express,,Sun
11:00:42,146,Inner Lake Shore/Michigan Express,,Sat
14:51:10,151,Sheridan,,Mon,Tue,Wed,Thu,Fri
19:14:26,3,King Drive,,Sat
10:21:01,146,Inner Lake Shore/Michigan Express,,Sat
13:39:10,147,Outer DuSable Lake Shore Express,,Sat
24:04:15,3,King Drive,,Sat
10:47:22,147,Outer DuSable Lake Shore Express,,Mon,Tue,Wed,Thu,Fri
07:49:17,147,Outer DuSable Lake Shore Express,,Mon,Tue,Wed,Thu,Fri
21:51:31,146,Inner Lake Shore/Michigan Express,,Sat
13:44:22,151,Sheridan,,Sun
17:36:33,151,Sheridan,,Mon,Tue,Wed,Thu,Fri
12:53:59,157,Streeterville/Taylor,,Mon,Tue,Wed,Thu,Fri
20:18:01,146,Inner Lake Shore/Michigan Express,,Mon,Tue,Wed,Thu,Fri
10:21:32,3,King Drive,,Mon,Tue,Wed,Thu,Fri
07:53:47,147,Outer DuSable Lake Shore Express,,Mon,Tue,Wed,Thu,Fri
14:37:28,151,Sheridan,,Sat
15:23:38,3,King Drive,,Sun
14:52:03,146,Inner Lake Shore/Michigan Express,,Sun
10:36:42,146,Inner Lake Shore/Michigan Express,,Sat
21:07:02,3,King Drive,,Sun
08:25:52,143,Stockton/Michigan Express,,Mon,Tue,Wed,Thu,Fri
16:55:13,3,King Drive,,Mon,Tue,Wed,Thu,Fri
19:14:26,3,King Drive,,Sat
13:01:28,151,Sheridan,,Sat
17:23:05,147,Outer DuSable Lake Shore Express,,Sun
16:04:52,2,Hyde Park Express,,Mon,Tue,Wed,Thu,Fri
13:56:44,26,South Shore Express,,Mon,Tue,Wed,Thu,Fri
18:34:21,151,Sheridan,,Sat
12:09:51,146,Inner Lake Shore/Michigan Express,,Sun
13:17:13,3,King Drive,,Sat
20:34:12,146,Inner Lake Shore/Michigan Express,,Sat
09:59:24,151,Sheridan,,Sun
21:19:38,3,King Drive,,Sat
09:38:55,157,Streeterville/Taylor,,Mon,Tue,Wed,Thu,Fri
13:05:10,147,Outer DuSable Lake Shore Express,,Sat
09:09:54,147,Outer DuSable Lake Shore Express,,Sun
16:14:08,3,King Drive,,Mon,Tue,Wed,Thu,Fri
23:14:12,147,Outer DuSable Lake Shore Express,,Sat
09:47:24,151,Sheridan,,Sun
22:36:45,3,King Drive,,Sun
19:50:20,3,King Drive,,Sun
07:46:07,151,Sheridan,,Sat
16:40:14,146,Inner Lake Shore/Michigan Express,,Mon,Tue,Wed,Thu,Fri
14:21:28,151,Sheridan,,Sat
06:47:42,147,Outer DuSable Lake Shore Express,,Mon,Tue,Wed,Thu,Fri
07:44:30,151,Sheridan,,Mon,Tue,Wed,Thu,Fri
16:30:38,151,Sheridan,,Sat
16:06:03,151,Sheridan,,Sat
10:06:01,146,Inner Lake Shore/Michigan Express,,Sat
08:16:27,157,Streeterville/Taylor,,Mon,Tue,Wed,Thu,Fri
22:35:12,147,Outer DuSable Lake Shore Express,,Mon,Tue,Wed,Thu,Fri
22:46:15,3,King Drive,,Mon,Tue,Wed,Thu,Fri
09:13:45,3,King Drive,,Sat
17:05:55,146,Inner Lake Shore/Michigan Express,,Mon,Tue,Wed,Thu,Fri
13:31:40,147,Outer DuSable Lake Shore Express,,Sat
15:55:28,151,Sheridan,,Mon,Tue,Wed,Thu,Fri
14:34:03,146,Inner Lake Shore/Michigan Express,,Sun
08:19:02,3,King Drive,,Mon,Tue,Wed,Thu,Fri
12:23:47,151,Sheridan,,Sun
13:48:40,147,Outer DuSable Lake Shore Express,,Sat
07:34:12,151,Sheridan,,Mon,Tue,Wed,Thu,Fri
08:29:12,146,Inner Lake Shore/Michigan Express,,Mon,Tue,Wed,Thu,Fri
07:34:39,3,King Drive,,Sat
08:24:58,146,Inner Lake Shore/Michigan Express,,Sun
18:03:03,157,Streeterville/Taylor,,Mon,Tue,Wed,Thu,Fri
07:21:37,151,Sheridan,,Sun
18:24:21,151,Sheridan,,Sat
12:27:51,146,Inner Lake Shore/Michigan Express,,Sun
10:36:17,151,Sheridan,,Sat
16:19:56,3,King Drive,,Mon,Tue,Wed,Thu,Fri
11:05:32,3,King Drive,,Mon,Tue,Wed,Thu,Fri
07:35:01,148,Clarendon/Michigan Express,,Mon,Tue,Wed,Thu,Fri
14:21:28,151,Sheridan,,Sat
13:14:40,147,Outer DuSable Lake Shore Express,,Sat
11:32:31,146,Inner Lake Shore/Michigan Express,,Sun
17:11:43,3,King Drive,,Mon,Tue,Wed,Thu,Fri
16:19:16,146,Inner Lake Shore/Michigan Express,,Sat
10:04:00,151,Sheridan,,Sat
10:59:42,146,Inner Lake Shore/Michigan Express,,Mon,Tue,Wed,Thu,Fri
16:14:08,3,King Drive,,Mon,Tue,Wed,Thu,Fri
16:27:44,146,Inner Lake Shore/Michigan Express,,Mon,Tue,Wed,Thu,Fri
16:48:03,146,Inner Lake Shore/Michigan Express,,Sun
08:42:39,3,King Drive,,Sat
10:31:45,3,King Drive,,Sat
08:49:47,151,Sheridan,,Mon,Tue,Wed,Thu,Fri
06:17:37,147,Outer DuSable Lake Shore Express,,Sun
13:49:28,151,Sheridan,,Sat
18:44:28,147,Outer DuSable Lake Shore Express,,Sat
16:52:33,151,Sheridan,,Mon,Tue,Wed,Thu,Fri
13:05:47,147,Outer DuSable Lake Shore Express,,Sun
11:16:42,146,Inner Lake Shore/Michigan Express,,Sat
08:38:12,146,Inner Lake Shore/Michigan Express,,Mon,Tue,Wed,Thu,Fri
13:38:44,26,South Shore Express,,Mon,Tue,Wed,Thu,Fri
15:30:05,147,Outer DuSable Lake Shore Express,,Sun
06:29:17,146,Inner Lake Shore/Michigan Express,,Sat
10:38:31,146,Inner Lake Shore/Michigan Express,,Sun
08:25:05,147,Outer DuSable Lake Shore Express,,Mon,Tue,Wed,Thu,Fri
22:16:45,3,King Drive,,Sun
14:15:23,146,Inner Lake Shore/Michigan Express,,Sat
11:03:47,151,Sheridan,,Sun
09:37:19,148,Clarendon/Michigan Express,,Mon,Tue,Wed,Thu,Fri
08:03:31,2,Hyde Park Express,,Mon,Tue,Wed,Thu,Fri
13:56:20,3,King Drive,,Mon,Tue,Wed,Thu,Fri
21:10:28,146,Inner Lake Shore/Michigan Express,,Sun
22:57:38,3,King Drive,,Sat
13:44:13,3,King Drive,,Sat
15:10:40,151,Sheridan,,Mon,Tue,Wed,Thu,Fri
08:29:47,151,Sheridan,,Mon,Tue,Wed,Thu,Fri
21:06:24,26,South Shore Express,,Mon,Tue,Wed,Thu,Fri
19:04:03,151,Sheridan,,Sat
23:47:15,3,King Drive,,Sat
09:40:12,147,Outer DuSable Lake Shore Express,,Sun
17:14:03,151,Sheridan,,Mon,Tue,Wed,Thu,Fri
05:01:44,151,Sheridan,,Mon,Tue,Wed,Thu,Fri
15:43:44,146,Inner Lake Shore/Michigan Express,,Mon,Tue,Wed,Thu,Fri
19:46:12,147,Outer DuSable Lake Shore Express,,Sun
07:18:54,151,Sheridan,,Mon,Tue,Wed,Thu,Fri
12:54:22,151,Sheridan,,Sun
12:10:47,147,Outer DuSable Lake Shore Express,,Sun
18:06:40,151,Sheridan,,Sun
17:46:10,151,Sheridan,,Sun
11:36:22,147,Outer DuSable Lake Shore Express,,Mon,Tue,Wed,Thu,Fri
14:57:25,146,Inner Lake Shore/Michigan Express,,Sat
12:48:02,3,King Drive,,Sun
05:42:14,151,Sheridan,,Sun
09:00:05,151,Sheridan,,Mon,Tue,Wed,Thu,Fri
21:19:38,3,King Drive,,Sat
18:42:03,26,South Shore Express,,Mon,Tue,Wed,Thu,Fri
19:10:35,146,Inner Lake Shore/Michigan Express,,Sat
15:45:58,151,Sheridan,,Mon,Tue,Wed,Thu,Fri
21:51:30,147,Outer DuSable Lake Shore Express,,Sat
19:20:42,146,Inner Lake Shore/Michigan Express,,Mon,Tue,Wed,Thu,Fri
12:13:47,151,Sheridan,,Sun
11:16:17,151,Sheridan,,Sat
16:33:26,3,King Drive,,Mon,Tue,Wed,Thu,Fri
14:07:10,151,Sheridan,,Mon,Tue,Wed,Thu,Fri
20:30:54,26,South Shore Express,,Mon,Tue,Wed,Thu,Fri
20:51:02,3,King Drive,,Sun
23:41:00,151,Sheridan,,Sat
17:11:43,3,King Drive,,Mon,Tue,Wed,Thu,Fri
08:08:21,146,Inner Lake Shore/Michigan Express,,Mon,Tue,Wed,Thu,Fri
13:59:10,147,Outer DuSable Lake Shore Express,,Mon,Tue,Wed,Thu,Fri
08:04:47,151,Sheridan,,Mon,Tue,Wed,Thu,Fri
21:32:38,3,King Drive,,Sat
08:13:51,146,Inner Lake Shore/Michigan Express,,Mon,Tue,Wed,Thu,Fri
11:56:35,151,Sheridan,,Sat
12:19:59,157,Streeterville/Taylor,,Mon,Tue,Wed,Thu,Fri
13:27:59,157,Streeterville/Taylor,,Mon,Tue,Wed,Thu,Fri
09:14:47,151,Sheridan,,Mon,Tue,Wed,Thu,Fri
05:01:44,151,Sheridan,,Mon,Tue,Wed,Thu,Fri
15:01:03,146,Inner Lake Shore/Michigan Express,,Sun
13:51:08,3,King Drive,,Sun
12:52:50,3,King Drive,,Mon,Tue,Wed,Thu,Fri
13:09:44,146,Inner Lake Shore/Michigan Express,,Mon,Tue,Wed,Thu,Fri
15:13:25,146,Inner Lake Shore/Michigan Express,,Sat
16:04:44,146,Inner Lake Shore/Michigan Express,,Mon,Tue,Wed,Thu,Fri
18:05:33,26,South Shore Express,,Mon,Tue,Wed,Thu,Fri
19:13:20,3,King Drive,,Sun
16:15:01,2,Hyde Park Express,,Mon,Tue,Wed,Thu,Fri
18:31:38,3,King Drive,,Mon,Tue,Wed,Thu,Fri
19:53:31,146,Inner Lake Shore/Michigan Express,,Sun
08:33:12,148,Clarendon/Michigan Express,,Mon,Tue,Wed,Thu,Fri
09:55:42,151,Sheridan,,Sat
18:42:25,146,Inner Lake Shore/Michigan Express,,Sat
19:40:20,3,King Drive,,Mon,Tue,Wed,Thu,Fri
17:53:28,147,Outer DuSable Lake Shore Express,,Sat
21:49:58,146,Inner Lake Shore/Michigan Express,,Sun
07:00:37,147,Outer DuSable Lake Shore Express,,Sat
10:03:00,147,Outer DuSable Lake Shore Express,,Sun
09:55:05,151,Sheridan,,Mon,Tue,Wed,Thu,Fri
17:02:16,2,Hyde Park Express,,Mon,Tue,Wed,Thu,Fri
21:57:07,147,Outer DuSable Lake Shore Express,,Sun
16:38:32,26,South Shore Express,,Mon,Tue,Wed,Thu,Fri
22:20:24,151,Sheridan,,Mon,Tue,Wed,Thu,Fri
23:02:09,3,King Drive,,Mon,Tue,Wed,Thu,Fri
10:40:45,3,King Drive,,Sun
13:30:44,146,Inner Lake Shore/Michigan Express,,Mon,Tue,Wed,Thu,Fri
07:18:40,148,Clarendon/Michigan Express,,Mon,Tue,Wed,Thu,Fri
08:08:21,146,Inner Lake Shore/Michigan Express,,Mon,Tue,Wed,Thu,Fri
22:31:10,146,Inner Lake Shore/Michigan Express,,Sat
15:08:01,157,Streeterville/Taylor,,Mon,Tue,Wed,Thu,Fri
20:56:07,147,Outer DuSable Lake Shore Express,,Sun
22:55:12,147,Outer DuSable Lake Shore Express,,Mon,Tue,Wed,Thu,Fri
12:32:47,147,Outer DuSable Lake Shore Express,,Sun
22:18:37,147,Outer DuSable Lake Shore Express,,Sun
20:48:24,26,South Shore Express,,Mon,Tue,Wed,Thu,Fri
16:27:26,3,King Drive,,Mon,Tue,Wed,Thu,Fri
17:55:14,146,Inner Lake Shore/Michigan Express,,Mon,Tue,Wed,Thu,Fri
12:48:44,146,Inner Lake Shore/Michigan Express,,Sun
12:45:28,151,Sheridan,,Sat
17:16:08,3,King Drive,,Sun
08:59:39,3,King Drive,,Sun
10:05:30,147,Outer DuSable Lake Shore Express,,Sat
14:36:20,3,King Drive,,Mon,Tue,Wed,Thu,Fri
20:12:05,147,Outer DuSable Lake Shore Express,,Sat
18:24:23,146,Inner Lake Shore/Michigan Express,,Mon,Tue,Wed,Thu,Fri
13:29:40,151,Sheridan,,Mon,Tue,Wed,Thu,Fri
08:47:03,146,Inner Lake Shore/Michigan Express,,Mon,Tue,Wed,Thu,Fri
09:08:33,146,Inner Lake Shore/Michigan Express,,Mon,Tue,Wed,Thu,Fri
23:08:24,151,Sheridan,,Mon,Tue,Wed,Thu,Fri
08:08:28,146,Inner Lake Shore/Michigan Express,,Sun
09:04:47,151,Sheridan,,Mon,Tue,Wed,Thu,Fri
21:57:07,147,Outer DuSable Lake Shore Express,,Sun
13:05:47,147,Outer DuSable Lake Shore Express,,Sun
12:14:42,146,Inner Lake Shore/Michigan Express,,Sat
14:10:10,147,Outer DuSable Lake Shore Express,,Mon,Tue,Wed,Thu,Fri
08:48:13,2,Hyde Park Express,,Mon,Tue,Wed,Thu,Fri
09:53:33,146,Inner Lake Shore/Michigan Express,,Mon,Tue,Wed,Thu,Fri
19:25:20,3,King Drive,,Sun
17:17:55,146,Inner Lake Shore/Michigan Express,,Sat
17:19:15,147,Outer DuSable Lake Shore Express,,Mon,Tue,Wed,Thu,Fri
06:43:34,157,Streeterville/Taylor,,Mon,Tue,Wed,Thu,Fri
08:34:47,151,Sheridan,,Mon,Tue,Wed,Thu,Fri
11:49:02,3,King Drive,,Mon,Tue,Wed,Thu,Fri
09:10:41,157,Streeterville/Taylor,,Mon,Tue,Wed,Thu,Fri
13:04:22,151,Sheridan,,Sun
07:55:58,146,Inner Lake Shore/Michigan Express,,Sat
14:16:03,146,Inner Lake Shore/Michigan Express,,Sun
08:27:12,148,Clarendon/Michigan Express,,Mon,Tue,Wed,Thu,Fri
18:19:08,3,King Drive,,Sun
18:34:26,3,King Drive,,Sat
10:43:32,3,King Drive,,Mon,Tue,Wed,Thu,Fri
10:08:03,146,Inner Lake Shore/Michigan Express,,Mon,Tue,Wed,Thu,Fri
13:30:44,146,Inner Lake Shore/Michigan Express,,Mon,Tue,Wed,Thu,Fri
15:34:40,151,Sheridan,,Sun
20:42:10,151,Sheridan,,Sat
14:25:03,146,Inner Lake Shore/Michigan Express,,Sun
21:18:53,157,Streeterville/Taylor,,Mon,Tue,Wed,Thu,Fri
06:41:12,147,Outer DuSable Lake Shore Express,,Mon,Tue,Wed,Thu,Fri
19:48:21,146,Inner Lake Shore/Michigan Express,,Mon,Tue,Wed,Thu,Fri
23:14:20,3,King Drive,,Sat
17:45:13,26,South Shore Express,,Mon,Tue,Wed,Thu,Fri
08:38:39,3,King Drive,,Sun
10:41:05,151,Sheridan,,Mon,Tue,Wed,Thu,Fri
21:56:35,151,Sheridan,,Sat
08:54:49,146,Inner Lake Shore/Michigan Express,,Sat
00:30:39,3,King Drive,,Tue,Wed,Thu,Fri,Sat
11:17:42,146,Inner Lake Shore/Michigan Express,,Mon,Tue,Wed,Thu,Fri
09:39:42,146,Inner Lake Shore/Michigan Express,,Mon,Tue,Wed,Thu,Fri
13:40:44,146,Inner Lake Shore/Michigan Express,,Mon,Tue,Wed,Thu,Fri
06:29:01,151,Sheridan,,Sat
12:35:32,3,King Drive,,Sun
08:38:54,147,Outer DuSable Lake Shore Express,,Sun
11:27:32,3,King Drive,,Mon,Tue,Wed,Thu,Fri
06:24:27,3,King Drive,,Mon,Tue,Wed,Thu,Fri
12:00:51,146,Inner Lake Shore/Michigan Express,,Sun
17:33:03,146,Inner Lake Shore/Michigan Express,,Sun
06:37:38,146,Inner Lake Shore/Michigan Express,,Mon,Tue,Wed,Thu,Fri
12:57:44,146,Inner Lake Shore/Michigan Express,,Sun
20:01:53,157,Streeterville/Taylor,,Mon,Tue,Wed,Thu,Fri
14:00:44,146,Inner Lake Shore/Michigan Express,,Mon,Tue,Wed,Thu,Fri
07:35:39,3,King Drive,,Sun
00:40:08,151,Sheridan,,Mon
18:14:43,3,King Drive,,Sat
09:46:42,147,Outer DuSable Lake Shore Express,,Sat
21:28:47,147,Outer DuSable Lake Shore Express,,Sat
06:10:31,151,Sheridan,,Sat
17:57:35,147,Outer DuSable Lake Shore Express,,Sun
07:15:49,151,Sheridan,,Sat
15:22:44,146,Inner Lake Shore/Michigan Express,,Mon,Tue,Wed,Thu,Fri
18:54:00,147,Outer DuSable Lake Shore Express,,Sun
21:02:12,151,Sheridan,,Sun
07:22:15,3,King Drive,,Mon,Tue,Wed,Thu,Fri
15:13:13,3,King Drive,,Sat
23:41:19,151,Sheridan,,Sun
15:01:38,3,King Drive,,Mon,Tue,Wed,Thu,Fri
11:45:59,157,Streeterville/Taylor,,Mon,Tue,Wed,Thu,Fri
20:31:05,147,Outer DuSable Lake Shore Express,,Sat
19:47:17,147,Outer DuSable Lake Shore Express,,Mon,Tue,Wed,Thu,Fri
08:05:01,148,Clarendon/Michigan Express,,Mon,Tue,Wed,Thu,Fri
21:33:00,151,Sheridan,,Mon,Tue,Wed,Thu,Fri
08:04:05,143,Stockton/Michigan Express,,Mon,Tue,Wed,Thu,Fri
16:45:30,157,Streeterville/Taylor,,Mon,Tue,Wed,Thu,Fri
16:53:05,146,Inner Lake Shore/Michigan Express,,Mon,Tue,Wed,Thu,Fri
16:30:02,26,South Shore Express,,Mon,Tue,Wed,Thu,Fri
07:15:24,2,Hyde Park Express,,Mon,Tue,Wed,Thu,Fri
08:34:47,151,Sheridan,,Mon,Tue,Wed,Thu,Fri
21:36:37,147,Outer DuSable Lake Shore Express,,Sun
09:52:10,148,Clarendon/Michigan Express,,Mon,Tue,Wed,Thu,Fri
13:38:44,26,South Shore Express,,Mon,Tue,Wed,Thu,Fri
10:52:17,151,Sheridan,,Sat
13:50:44,146,Inner Lake Shore/Michigan Express,,Mon,Tue,Wed,Thu,Fri
21:02:12,151,Sheridan,,Sun
13:56:20,3,King Drive,,Mon,Tue,Wed,Thu,Fri
06:08:49,147,Outer DuSable Lake Shore Express,,Sat
11:19:45,3,King Drive,,Sun
16:15:44,146,Inner Lake Shore/Michigan Express,,Mon,Tue,Wed,Thu,Fri
19:50:20,3,King Drive,,Sun
15:02:03,26,South Shore Express,,Mon,Tue,Wed,Thu,Fri
12:07:22,147,Outer DuSable Lake Shore Express,,Mon,Tue,Wed,Thu,Fri
17:26:02,26,South Shore Express,,Mon,Tue,Wed,Thu,Fri
14:41:25,146,Inner Lake Shore/Michigan Express,,Sat
23:01:37,151,Sheridan,,Sun
10:40:17,147,Outer DuSable Lake Shore Express,,Sat
13:22:10,147,Outer DuSable Lake Shore Express,,Sat
19:00:58,147,Outer DuSable Lake Shore Express,,Sat
14:26:08,3,King Drive,,Sun
08:06:11,157,Streeterville/Taylor,,Mon,Tue,Wed,Thu,Fri
13:09:44,146,Inner Lake Shore/Michigan Express,,Mon,Tue,Wed,Thu,Fri
07:07:42,147,Outer DuSable Lake Shore Express,,Mon,Tue,Wed,Thu,Fri
09:14:03,146,Inner Lake Shore/Michigan Express,,Mon,Tue,Wed,Thu,Fri
15:05:13,3,King Drive,,Sat
17:32:16,2,Hyde Park Express,,Mon,Tue,Wed,Thu,Fri
20:16:26,3,King Drive,,Sat
09:36:42,147,Outer DuSable Lake Shore Express,,Sat
08:59:45,3,King Drive,,Sat
18:18:25,146,Inner Lake Shore/Michigan Express,,Sat
18:04:21,151,Sheridan,,Sat
16:16:52,2,Hyde Park Express,,Mon,Tue,Wed,Thu,Fri
06:55:08,148,Clarendon/Michigan Express,,Mon,Tue,Wed,Thu,Fri
18:08:38,3,King Drive,,Mon,Tue,Wed,Thu,Fri
15:23:03,147,Outer DuSable Lake Shore Express,,Sat
07:54:30,151,Sheridan,,Mon,Tue,Wed,Thu,Fri
06:45:31,151,Sheridan,,Sat
07:10:08,148,Clarendon/Michigan Express,,Mon,Tue,Wed,Thu,Fri
17:51:25,146,Inner Lake Shore/Michigan Express,,Sat
13:33:28,151,Sheridan,,Sat
07:46:54,147,Outer DuSable Lake Shore Express,,Sun
12:53:28,151,Sheridan,,Sat
06:29:17,146,Inner Lake Shore/Michigan Express,,Sat
11:05:32,3,King Drive,,Mon,Tue,Wed,Thu,Fri
09:33:12,146,Inner Lake Shore/Michigan Express,,Mon,Tue,Wed,Thu,Fri
15:05:25,146,Inner Lake Shore/Michigan Express,,Sat
12:36:22,147,Outer DuSable Lake Shore Express,,Mon,Tue,Wed,Thu,Fri
18:19:10,151,Sheridan,,Mon,Tue,Wed,Thu,Fri
06:27:38,146,Inner Lake Shore/Michigan Express,,Mon,Tue,Wed,Thu,Fri
08:57:40,143,Stockton/Michigan Express,,Mon,Tue,Wed,Thu,Fri
18:03:10,147,Outer DuSable Lake Shore Express,,Mon,Tue,Wed,Thu,Fri
18:08:08,3,King Drive,,Sun
18:44:26,3,King Drive,,Sat
09:12:24,147,Outer DuSable Lake Shore Express,,Sat
15:55:03,146,Inner Lake Shore/Michigan Express,,Sun
19:04:35,151,Sheridan,,Sun
18:47:38,3,King Drive,,Mon,Tue,Wed,Thu,Fri
21:21:54,151,Sheridan,,Sun
07:04:54,143,Stockton/Michigan Express,,Mon,Tue,Wed,Thu,Fri
15:57:03,147,Outer DuSable Lake Shore Express,,Sat
14:34:05,147,Outer DuSable Lake Shore Express,,Sun
12:02:59,157,Streeterville/Taylor,,Mon,Tue,Wed,Thu,Fri
10:57:17,147,Outer DuSable Lake Shore Express,,Sat
07:03:57,3,King Drive,,Mon,Tue,Wed,Thu,Fri
23:15:12,147,Outer DuSable Lake Shore Express,,Mon,Tue,Wed,Thu,Fri
16:36:16,146,Inner Lake Shore/Michigan Express,,Sat
11:49:23,146,Inner Lake Shore/Michigan Express,,Mon,Tue,Wed,Thu,Fri
12:58:52,147,Outer DuSable Lake Shore Express,,Mon,Tue,Wed,Thu,Fri
09:23:24,151,Sheridan,,Sun
05:35:49,147,Outer DuSable Lake Shore Express,,Mon,Tue,Wed,Thu,Fri
09:08:33,146,Inner Lake Shore/Michigan Express,,Mon,Tue,Wed,Thu,Fri
21:40:45,3,King Drive,,Sun
13:58:03,146,Inner Lake Shore/Michigan Express,,Sun
08:14:51,148,Clarendon/Michigan Express,,Mon,Tue,Wed,Thu,Fri
17:37:08,3,King Drive,,Sun
08:45:28,146,Inner Lake Shore/Michigan Express,,Sat
06:17:24,147,Outer DuSable Lake Shore Express,,Mon,Tue,Wed,Thu,Fri
14:23:23,146,Inner Lake Shore/Michigan Express,,Sat
13:16:47,147,Outer DuSable Lake Shore Express,,Sun
14:51:10,151,Sheridan,,Mon,Tue,Wed,Thu,Fri
09:03:35,147,Outer DuSable Lake Shore Express,,Mon,Tue,Wed,Thu,Fri
17:25:40,151,Sheridan,,Sun
06:48:28,146,Inner Lake Shore/Michigan Express,,Mon,Tue,Wed,Thu,Fri
15:36:03,157,Streeterville/Taylor,,Mon,Tue,Wed,Thu,Fri
10:35:17,147,Outer DuSable Lake Shore Express,,Sun
12:59:44,146,Inner Lake Shore/Michigan Express,,Mon,Tue,Wed,Thu,Fri
17:59:25,146,Inner Lake Shore/Michigan Express,,Sat
23:08:58,146,Inner Lake Shore/Michigan Express,,Mon,Tue,Wed,Thu,Fri
06:57:49,146,Inner Lake Shore/Michigan Express,,Mon,Tue,Wed,Thu,Fri
16:38:43,3,King Drive,,Mon,Tue,Wed,Thu,Fri
18:59:02,2,Hyde Park Express,,Mon,Tue,Wed,Thu,Fri
19:03:38,3,King Drive,,Mon,Tue,Wed,Thu,Fri
20:54:12,146,Inner Lake Shore/Michigan Express,,Sat
16:25:45,147,Outer DuSable Lake Shore Express,,Mon,Tue,Wed,Thu,Fri
21:58:45,3,King Drive,,Sun
08:56:11,157,Streeterville/Taylor,,Mon,Tue,Wed,Thu,Fri
09:42:10,146,Inner Lake Shore/Michigan Express,,Sun
06:57:37,147,Outer DuSable Lake Shore Express,,Sun
09:17:35,147,Outer DuSable Lake Shore Express,,Mon,Tue,Wed,Thu,Fri
20:41:05,147,Outer DuSable Lake Shore Express,,Sat
21:20:50,3,King Drive,,Mon,Tue,Wed,Thu,Fri
12:53:40,151,Sheridan,,Mon,Tue,Wed,Thu,Fri
22:36:24,151,Sheridan,,Mon,Tue,Wed,Thu,Fri
07:29:32,3,King Drive,,Mon,Tue,Wed,Thu,Fri
08:09:47,151,Sheridan,,Mon,Tue,Wed,Thu,Fri
11:16:47,147,Outer DuSable Lake Shore Express,,Sun
09:22:05,147,Outer DuSable Lake Shore Express,,Mon,Tue,Wed,Thu,Fri
10:09:10,146,Inner Lake Shore/Michigan Express,,Sun
16:30:02,26,South Shore Express,,Mon,Tue,Wed,Thu,Fri
14:13:10,147,Outer DuSable Lake Shore Express,,Sat
18:49:42,146,Inner Lake Shore/Michigan Express,,Sun
16:03:16,146,Inner Lake Shore/Michigan Express,,Sat
07:20:12,143,Stockton/Michigan Express,,Mon,Tue,Wed,Thu,Fri
18:06:40,151,Sheridan,,Sun
22:18:12,147,Outer DuSable Lake Shore Express,,Sat
17:24:03,146,Inner Lake Shore/Michigan Express,,Sun
12:39:44,146,Inner Lake Shore/Michigan Express,,Mon,Tue,Wed,Thu,Fri
21:14:12,146,Inner Lake Shore/Michigan Express,,Sat
15:19:10,151,Sheridan,,Mon,Tue,Wed,Thu,Fri
13:44:59,157,Streeterville/Taylor,,Mon,Tue,Wed,Thu,Fri
05:29:56,151,Sheridan,,Sat
17:12:30,157,Streeterville/Taylor,,Mon,Tue,Wed,Thu,Fri
07:59:24,147,Outer DuSable Lake Shore Express,,Sat
11:37:33,146,Inner Lake Shore/Michigan Express,,Mon,Tue,Wed,Thu,Fri
14:05:28,151,Sheridan,,Sat
14:45:50,3,King Drive,,Mon,Tue,Wed,Thu,Fri
21:38:53,157,Streeterville/Taylor,,Mon,Tue,Wed,Thu,Fri
20:53:38,3,King Drive,,Sat
21:59:49,146,Inner Lake Shore/Michigan Express,,Mon,Tue,Wed,Thu,Fri
09:09:35,147,Outer DuSable Lake Shore Express,,Mon,Tue,Wed,Thu,Fri
22:16:45,3,King Drive,,Sun
17:46:13,3,King Drive,,Mon,Tue,Wed,Thu,Fri
09:09:35,147,Outer DuSable Lake Shore Express,,Mon,Tue,Wed,Thu,Fri
09:28:54,147,Outer DuSable Lake Shore Express,,Sat
14:04:22,151,Sheridan,,Sun
16:38:43,3,King Drive,,Mon,Tue,Wed,Thu,Fri
14:36:20,3,King Drive,,Mon,Tue,Wed,Thu,Fri
08:43:58,143,Stockton/Michigan Express,,Mon,Tue,Wed,Thu,Fri
05:19:19,147,Outer DuSable Lake Shore Express,,Mon,Tue,Wed,Thu,Fri
16:51:15,147,Outer DuSable Lake Shore Express,,Mon,Tue,Wed,Thu,Fri
14:07:03,146,Inner Lake Shore/Michigan Express,,Sun
19:21:38,3,King Drive,,Mon,Tue,Wed,Thu,Fri
09:36:01,146,Inner Lake Shore/Michigan Express,,Sat
10:32:32,3,King Drive,,Mon,Tue,Wed,Thu,Fri
10:23:17,147,Outer DuSable Lake Shore Express,,Sat
12:29:56,3,King Drive,,Sat
09:48:32,3,King Drive,,Mon,Tue,Wed,Thu,Fri
19:08:58,147,Outer DuSable Lake Shore Express,,Sat
16:37:45,147,Outer DuSable Lake Shore Express,,Sat
16:41:13,3,King Drive,,Sat
12:27:22,147,Outer DuSable Lake Shore Express,,Mon,Tue,Wed,Thu,Fri
09:19:39,3,King Drive,,Sun
16:46:38,151,Sheridan,,Sat
19:25:20,3,King Drive,,Sun
10:56:22,147,Outer DuSable Lake Shore Express,,Mon,Tue,Wed,Thu,Fri
22:31:10,146,Inner Lake Shore/Michigan Express,,Sat
06:59:17,146,Inner Lake Shore/Michigan Express,,Sat
10:44:12,146,Inner Lake Shore/Michigan Express,,Mon,Tue,Wed,Thu,Fri
10:12:00,151,Sheridan,,Sat
14:06:50,3,King Drive,,Mon,Tue,Wed,Thu,Fri
20:39:53,157,Streeterville/Taylor,,Mon,Tue,Wed,Thu,Fri
07:28:30,147,Outer DuSable Lake Shore Express,,Mon,Tue,Wed,Thu,Fri
23:02:09,3,King Drive,,Mon,Tue,Wed,Thu,Fri
09:35:42,151,Sheridan,,Sat
10:36:42,146,Inner Lake Shore/Michigan Express,,Mon,Tue,Wed,Thu,Fri
06:48:54,143,Stockton/Michigan Express,,Mon,Tue,Wed,Thu,Fri
11:37:33,146,Inner Lake Shore/Michigan Express,,Mon,Tue,Wed,Thu,Fri
21:24:54,26,South Shore Express,,Mon,Tue,Wed,Thu,Fri
20:03:21,146,Inner Lake Shore/Michigan Express,,Mon,Tue,Wed,Thu,Fri
06:42:31,151,Sheridan,,Sun
20:47:20,3,King Drive,,Mon,Tue,Wed,Thu,Fri
08:58:12,148,Clarendon/Michigan Express,,Mon,Tue,Wed,Thu,Fri
21:49:00,151,Sheridan,,Mon,Tue,Wed,Thu,Fri
11:42:51,146,Inner Lake Shore/Michigan Express,,Sun
19:37:20,3,King Drive,,Sun
18:27:28,147,Outer DuSable Lake Shore Express,,Sat
05:34:49,147,Outer DuSable Lake Shore Express,,Sat
20:35:02,3,King Drive,,Sun
18:04:58,151,Sheridan,,Mon,Tue,Wed,Thu,Fri
17:19:15,147,Outer DuSable Lake Shore Express,,Mon,Tue,Wed,Thu,Fri
15:36:58,151,Sheridan,,Mon,Tue,Wed,Thu,Fri
16:45:28,147,Outer DuSable Lake Shore Express,,Sat
14:01:59,157,Streeterville/Taylor,,Mon,Tue,Wed,Thu,Fri
15:18:03,151,Sheridan,,Sat
07:42:31,148,Clarendon/Michigan Express,,Mon,Tue,Wed,Thu,Fri
20:54:12,146,Inner Lake Shore/Michigan Express,,Sat
10:43:30,151,Sheridan,,Sun
14:16:20,3,King Drive,,Mon,Tue,Wed,Thu,Fri
16:49:43,3,King Drive,,Mon,Tue,Wed,Thu,Fri
11:04:47,147,Outer DuSable Lake Shore Express,,Sun
09:54:35,147,Outer DuSable Lake Shore Express,,Mon,Tue,Wed,Thu,Fri
07:49:17,147,Outer DuSable Lake Shore Express,,Mon,Tue,Wed,Thu,Fri
13:34:22,151,Sheridan,,Sun
07:42:31,2,Hyde Park Express,,Mon,Tue,Wed,Thu,Fri
23:35:57,3,King Drive,,Sun
15:29:25,146,Inner Lake Shore/Michigan Express,,Sat
23:14:20,3,King Drive,,Sat
08:35:07,151,Sheridan,,Sat
08:40:28,146,Inner Lake Shore/Michigan Express,,Sun
19:10:35,146,Inner Lake Shore/Michigan Express,,Sat
14:40:44,146,Inner Lake Shore/Michigan Express,,Mon,Tue,Wed,Thu,Fri
21:18:47,147,Outer DuSable Lake Shore Express,,Sat
16:45:30,157,Streeterville/Taylor,,Mon,Tue,Wed,Thu,Fri
05:52:19,151,Sheridan,,Mon,Tue,Wed,Thu,Fri
08:16:58,146,Inner Lake Shore/Michigan Express,,Sat
08:00:07,151,Sheridan,,Sat
13:17:28,151,Sheridan,,Sat
16:03:35,157,Streeterville/Taylor,,Mon,Tue,Wed,Thu,Fri
10:43:32,3,King Drive,,Mon,Tue,Wed,Thu,Fri
23:14:39,3,King Drive,,Mon,Tue,Wed,Thu,Fri
06:48:37,147,Outer DuSable Lake Shore Express,,Sat
18:35:42,146,Inner Lake Shore/Michigan Express,,Sun
15:18:35,147,Outer DuSable Lake Shore Express,,Sun
20:04:02,3,King Drive,,Sun
12:02:59,157,Streeterville/Taylor,,Mon,Tue,Wed,Thu,Fri
20:02:35,147,Outer DuSable Lake Shore Express,,Sat
15:01:28,151,Sheridan,,Sat
19:04:26,3,King Drive,,Sat
18:40:52,151,Sheridan,,Sun
16:54:39,2,Hyde Park Express,,Mon,Tue,Wed,Thu,Fri
07:29:08,146,Inner Lake Shore/Michigan Express,,Sun
09:40:17,147,Outer DuSable Lake Shore Express,,Mon,Tue,Wed,Thu,Fri
17:05:55,146,Inner Lake Shore/Michigan Express,,Mon,Tue,Wed,Thu,Fri
11:26:47,147,Outer DuSable Lake Shore Express,,Sun
22:54:12,147,Outer DuSable Lake Shore Express,,Sat
20:20:12,147,Outer DuSable Lake Shore Express,,Sun
21:33:21,146,Inner Lake Shore/Michigan Express,,Sat
05:30:38,146,Inner Lake Shore/Michigan Express,,Mon,Tue,Wed,Thu,Fri
19:34:03,151,Sheridan,,Sat
20:02:35,147,Outer DuSable Lake Shore Express,,Sat
16:39:03,146,Inner Lake Shore/Michigan Express,,Sun
18:08:38,3,King Drive,,Mon,Tue,Wed,Thu,Fri
14:47:10,147,Outer DuSable Lake Shore Express,,Mon,Tue,Wed,Thu,Fri
16:21:08,3,King Drive,,Sun
19:13:20,3,King Drive,,Sun
16:21:03,146,Inner Lake Shore/Michigan Express,,Sun
07:05:34,157,Streeterville/Taylor,,Mon,Tue,Wed,Thu,Fri
13:24:22,151,Sheridan,,Sun
16:52:16,2,Hyde Park Express,,Mon,Tue,Wed,Thu,Fri
04:41:26,151,Sheridan,,Mon,Tue,Wed,Thu,Fri
24:27:26,151,Sheridan,,Mon,Tue,Wed,Thu,Fri
15:21:13,3,King Drive,,Sat
13:40:44,146,Inner Lake Shore/Michigan Express,,Mon,Tue,Wed,Thu,Fri
15:52:27,2,Hyde Park Express,,Mon,Tue,Wed,Thu,Fri
05:01:38,151,Sheridan,,Sun
18:42:41,157,Streeterville/Taylor,,Mon,Tue,Wed,Thu,Fri
20:59:30,147,Outer DuSable Lake Shore Express,,Mon,Tue,Wed,Thu,Fri
18:52:58,147,Outer DuSable Lake Shore Express,,Sat
13:41:28,151,Sheridan,,Sat
17:25:03,151,Sheridan,,Mon,Tue,Wed,Thu,Fri
08:49:02,3,King Drive,,Mon,Tue,Wed,Thu,Fri
16:32:13,3,King Drive,,Sat
07:02:53,2,Hyde Park Express,,Mon,Tue,Wed,Thu,Fri
08:45:07,151,Sheridan,,Sat
08:41:57,157,Streeterville/Taylor,,Mon,Tue,Wed,Thu,Fri
08:30:35,147,Outer DuSable Lake Shore Express,,Mon,Tue,Wed,Thu,Fri
08:56:33,146,Inner Lake Shore/Michigan Express,,Mon,Tue,Wed,Thu,Fri
14:14:33,26,South Shore Express,,Mon,Tue,Wed,Thu,Fri
19:45:45,151,Sheridan,,Sat
16:27:46,146,Inner Lake Shore/Michigan Express,,Sat
14:23:05,147,Outer DuSable Lake Shore Express,,Sun
11:17:50,3,King Drive,,Sat
06:57:39,3,King Drive,,Sat
08:01:05,147,Outer DuSable Lake Shore Express,,Mon,Tue,Wed,Thu,Fri
11:48:17,147,Outer DuSable Lake Shore Express,,Sat
08:58:54,147,Outer DuSable Lake Shore Express,,Sun
19:26:28,147,Outer DuSable Lake Shore Express,,Sat
10:11:42,151,Sheridan,,Sun
11:32:42,146,Inner Lake Shore/Michigan Express,,Sat
13:10:59,157,Streeterville/Taylor,,Mon,Tue,Wed,Thu,Fri
14:24:40,151,Sheridan,,Sun
19:23:53,157,Streeterville/Taylor,,Mon,Tue,Wed,Thu,Fri
12:10:47,147,Outer DuSable Lake Shore Express,,Sun
09:35:42,151,Sheridan,,Sat
19:05:42,147,Outer DuSable Lake Shore Express,,Sun
09:19:24,147,Outer DuSable Lake Shore Express,,Sat
15:13:13,3,King Drive,,Sat
14:23:23,146,Inner Lake Shore/Michigan Express,,Sat
13:31:03,146,Inner Lake Shore/Michigan Express,,Sun
07:46:39,157,Streeterville/Taylor,,Mon,Tue,Wed,Thu,Fri
17:17:55,146,Inner Lake Shore/Michigan Express,,Mon,Tue,Wed,Thu,Fri
15:38:13,3,King Drive,,Sat
15:23:03,147,Outer DuSable Lake Shore Express,,Sat
07:42:17,147,Outer DuSable Lake Shore Express,,Mon,Tue,Wed,Thu,Fri
16:54:40,151,Sheridan,,Sun
15:21:25,146,Inner Lake Shore/Michigan Express,,Sat
16:04:58,151,Sheridan,,Mon,Tue,Wed,Thu,Fri
12:09:44,146,Inner Lake Shore/Michigan Express,,Mon,Tue,Wed,Thu,Fri
16:37:45,147,Outer DuSable Lake Shore Express,,Mon,Tue,Wed,Thu,Fri
08:18:21,146,Inner Lake Shore/Michigan Express,,Mon,Tue,Wed,Thu,Fri
15:59:23,26,South Shore Express,,Mon,Tue,Wed,Thu,Fri
17:19:28,147,Outer DuSable Lake Shore Express,,Sat
15:00:38,3,King Drive,,Sun
12:32:47,147,Outer DuSable Lake Shore Express,,Sun
16:33:45,151,Sheridan,,Mon,Tue,Wed,Thu,Fri
12:48:10,147,Outer DuSable Lake Shore Express,,Sat
18:09:05,147,Outer DuSable Lake Shore Express,,Sun
08:06:05,147,Outer DuSable Lake Shore Express,,Mon,Tue,Wed,Thu,Fri
21:00:05,147,Outer DuSable Lake Shore Express,,Sat
10:41:05,151,Sheridan,,Mon,Tue,Wed,Thu,Fri
15:10:03,146,Inner Lake Shore/Michigan Express,,Sun
08:34:01,2,Hyde Park Express,,Mon,Tue,Wed,Thu,Fri
15:40:03,147,Outer DuSable Lake Shore Express,,Sat
11:58:42,146,Inner Lake Shore/Michigan Express,,Sat
05:50:31,151,Sheridan,,Sat
20:39:53,157,Streeterville/Taylor,,Mon,Tue,Wed,Thu,Fri
16:54:40,151,Sheridan,,Sun
17:34:43,3,King Drive,,Sat
13:39:08,3,King Drive,,Sun
21:35:02,3,King Drive,,Mon,Tue,Wed,Thu,Fri
24:06:14,151,Sheridan,,Mon,Tue,Wed,Thu,Fri
08:49:47,151,Sheridan,,Mon,Tue,Wed,Thu,Fri
15:18:08,3,King Drive,,Mon,Tue,Wed,Thu,Fri
13:13:52,151,Sheridan,,Sun
07:15:07,147,Outer DuSable Lake Shore Express,,Sun
16:25:45,147,Outer DuSable Lake Shore Express,,Mon,Tue,Wed,Thu,Fri
07:53:07,151,Sheridan,,Sun
16:45:28,147,Outer DuSable Lake Shore Express,,Sat
16:53:58,147,Outer DuSable Lake Shore Express,,Sat
07:21:30,147,Outer DuSable Lake Shore Express,,Mon,Tue,Wed,Thu,Fri
19:25:14,26,South Shore Express,,Mon,Tue,Wed,Thu,Fri
19:37:20,3,King Drive,,Sun
23:14:12,147,Outer DuSable Lake Shore Express,,Sat
07:18:19,148,Clarendon/Michigan Express,,Mon,Tue,Wed,Thu,Fri
19:52:52,147,Outer DuSable Lake Shore Express,,Sat
06:42:31,151,Sheridan,,Sun
13:10:59,157,Streeterville/Taylor,,Mon,Tue,Wed,Thu,Fri
16:32:08,3,King Drive,,Sun
18:09:23,146,Inner Lake Shore/Michigan Express,,Mon,Tue,Wed,Thu,Fri
12:53:28,151,Sheridan,,Sat
22:25:38,3,King Drive,,Sat
23:35:57,3,King Drive,,Sun
13:39:10,147,Outer DuSable Lake Shore Express,,Sat
14:12:05,147,Outer DuSable Lake Shore Express,,Sun
08:55:35,147,Outer DuSable Lake Shore Express,,Mon,Tue,Wed,Thu,Fri
15:55:08,3,King Drive,,Mon,Tue,Wed,Thu,Fri
11:23:31,146,Inner Lake Shore/Michigan Express,,Sun
06:17:37,147,Outer DuSable Lake Shore Express,,Sun
22:55:57,3,King Drive,,Sun
09:42:10,146,Inner Lake Shore/Michigan Express,,Sun
04:41:26,151,Sheridan,,Mon,Tue,Wed,Thu,Fri
14:29:13,3,King Drive,,Sat
16:05:33,147,Outer DuSable Lake Shore Express,,Sat
10:57:17,147,Outer DuSable Lake Shore Express,,Sat
17:46:31,2,Hyde Park Express,,Mon,Tue,Wed,Thu,Fri
15:22:33,157,Streeterville/Taylor,,Mon,Tue,Wed,Thu,Fri
12:54:22,151,Sheridan,,Sun
09:05:24,151,Sheridan,,Sat
07:25:37,147,Outer DuSable Lake Shore Express,,Sat
17:22:43,3,King Drive,,Mon,Tue,Wed,Thu,Fri
20:14:12,146,Inner Lake Shore/Michigan Express,,Sat
21:35:02,3,King Drive,,Mon,Tue,Wed,Thu,Fri
14:14:22,151,Sheridan,,Sun
18:55:38,3,King Drive,,Mon,Tue,Wed,Thu,Fri
13:27:59,157,Streeterville/Taylor,,Mon,Tue,Wed,Thu,Fri
20:51:02,3,King Drive,,Sun
20:30:28,146,Inner Lake Shore/Michigan Express,,Sun
22:09:58,146,Inner Lake Shore/Michigan Express,,Sun
17:16:08,3,King Drive,,Sun
21:16:07,147,Outer DuSable Lake Shore Express,,Sun
10:51:42,146,Inner Lake Shore/Michigan Express,,Mon,Tue,Wed,Thu,Fri
11:00:42,146,Inner Lake Shore/Michigan Express,,Sat
07:31:07,151,Sheridan,,Sat
16:04:58,151,Sheridan,,Mon,Tue,Wed,Thu,Fri
07:32:00,147,Outer DuSable Lake Shore Express,,Mon,Tue,Wed,Thu,Fri
12:23:02,3,King Drive,,Sun
15:34:03,151,Sheridan,,Sat
10:08:52,147,Outer DuSable Lake Shore Express,,Mon,Tue,Wed,Thu,Fri
09:24:41,157,Streeterville/Taylor,,Mon,Tue,Wed,Thu,Fri
13:54:40,151,Sheridan,,Mon,Tue,Wed,Thu,Fri
12:29:47,147,Outer DuSable Lake Shore Express,,Sat
09:19:49,146,Inner Lake Shore/Michigan Express,,Sun
18:54:03,151,Sheridan,,Sat
11:53:47,151,Sheridan,,Sun
11:05:31,146,Inner Lake Shore/Michigan Express,,Sun
05:42:14,151,Sheridan,,Sun
10:30:47,147,Outer DuSable Lake Shore Express,,Sat
07:59:02,3,King Drive,,Mon,Tue,Wed,Thu,Fri
18:42:03,26,South Shore Express,,Mon,Tue,Wed,Thu,Fri
16:25:05,2,Hyde Park Express,,Mon,Tue,Wed,Thu,Fri
08:45:42,148,Clarendon/Michigan Express,,Mon,Tue,Wed,Thu,Fri
15:10:03,146,Inner Lake Shore/Michigan Express,,Sun
17:10:58,147,Outer DuSable Lake Shore Express,,Sat
14:56:13,3,King Drive,,Sat
08:18:54,147,Outer DuSable Lake Shore Express,,Sun
13:49:28,151,Sheridan,,Sat
13:42:10,151,Sheridan,,Mon,Tue,Wed,Thu,Fri
14:53:15,157,Streeterville/Taylor,,Mon,Tue,Wed,Thu,Fri
14:07:23,146,Inner Lake Shore/Michigan Express,,Sat
09:54:25,157,Streeterville/Taylor,,Mon,Tue,Wed,Thu,Fri
13:43:23,146,Inner Lake Shore/Michigan Express,,Sat
21:23:15,3,King Drive,,Sun
23:09:49,146,Inner Lake Shore/Michigan Express,,Sat
12:35:32,3,King Drive,,Sun
09:47:03,146,Inner Lake Shore/Michigan Express,,Mon,Tue,Wed,Thu,Fri
16:21:03,146,Inner Lake Shore/Michigan Express,,Sun
08:29:54,147,Outer DuSable Lake Shore Express,,Sun
08:09:02,3,King Drive,,Mon,Tue,Wed,Thu,Fri
16:39:03,146,Inner Lake Shore/Michigan Express,,Sun
13:26:20,3,King Drive,,Sun
10:05:05,151,Sheridan,,Mon,Tue,Wed,Thu,Fri
08:06:05,147,Outer DuSable Lake Shore Express,,Mon,Tue,Wed,Thu,Fri
15:11:40,147,Outer DuSable Lake Shore Express,,Mon,Tue,Wed,Thu,Fri
15:04:40,151,Sheridan,,Sun
21:49:00,151,Sheridan,,Mon,Tue,Wed,Thu,Fri
10:12:00,151,Sheridan,,Sat
15:37:25,146,Inner Lake Shore/Michigan Express,,Sat
18:52:52,151,Sheridan,,Sun
05:21:38,151,Sheridan,,Sun
15:39:22,2,Hyde Park Express,,Mon,Tue,Wed,Thu,Fri
07:30:58,146,Inner Lake Shore/Michigan Express,,Sat
13:34:53,146,Inner Lake Shore/Michigan Express,,Sat
05:09:38,151,Sheridan,,Sat
07:07:42,147,Outer DuSable Lake Shore Express,,Mon,Tue,Wed,Thu,Fri
14:29:13,3,King Drive,,Sat
20:16:26,3,King Drive,,Sat
06:23:47,148,Clarendon/Michigan Express,,Mon,Tue,Wed,Thu,Fri
20:14:12,146,Inner Lake Shore/Michigan Express,,Sat
13:00:32,3,King Drive,,Sun
15:36:28,147,Outer DuSable Lake Shore Express,,Mon,Tue,Wed,Thu,Fri
16:05:33,147,Outer DuSable Lake Shore Express,,Sat
21:11:52,151,Sheridan,,Sat
15:56:13,3,King Drive,,Sat
19:17:42,147,Outer DuSable Lake Shore Express,,Sun
08:29:47,151,Sheridan,,Mon,Tue,Wed,Thu,Fri
12:05:22,151,Sheridan,,Mon,Tue,Wed,Thu,Fri
15:42:03,151,Sheridan,,Sat
15:45:58,151,Sheridan,,Mon,Tue,Wed,Thu,Fri
16:24:40,151,Sheridan,,Sun
20:17:20,3,King Drive,,Mon,Tue,Wed,Thu,Fri
16:21:08,3,King Drive,,Sun
23:26:00,151,Sheridan,,Sat
08:53:42,148,Clarendon/Michigan Express,,Mon,Tue,Wed,Thu,Fri
15:14:53,26,South Shore Express,,Mon,Tue,Wed,Thu,Fri
09:42:40,148,Clarendon/Michigan Express,,Mon,Tue,Wed,Thu,Fri
15:28:03,146,Inner Lake Shore/Michigan Express,,Sun
22:37:07,147,Outer DuSable Lake Shore Express,,Sun
15:36:03,157,Streeterville/Taylor,,Mon,Tue,Wed,Thu,Fri
07:16:10,146,Inner Lake Shore/Michigan Express,,Mon,Tue,Wed,Thu,Fri
06:25:08,148,Clarendon/Michigan Express,,Mon,Tue,Wed,Thu,Fri
14:11:13,3,King Drive,,Sat
18:08:25,146,Inner Lake Shore/Michigan Express,,Sat
11:17:42,146,Inner Lake Shore/Michigan Express,,Mon,Tue,Wed,Thu,Fri
07:30:31,146,Inner Lake Shore/Michigan Express,,Mon,Tue,Wed,Thu,Fri
16:10:13,26,South Shore Express,,Mon,Tue,Wed,Thu,Fri
20:19:02,3,King Drive,,Sun
09:25:24,151,Sheridan,,Sat
06:00:39,3,King Drive,,Mon,Tue,Wed,Thu,Fri
09:37:39,3,King Drive,,Sun
17:26:25,146,Inner Lake Shore/Michigan Express,,Sat
12:14:42,146,Inner Lake Shore/Michigan Express,,Sat
21:58:45,3,King Drive,,Sun
19:08:53,146,Inner Lake Shore/Michigan Express,,Mon,Tue,Wed,Thu,Fri
20:48:24,26,South Shore Express,,Mon,Tue,Wed,Thu,Fri
20:20:53,157,Streeterville/Taylor,,Mon,Tue,Wed,Thu,Fri
06:41:12,147,Outer DuSable Lake Shore Express,,Mon,Tue,Wed,Thu,Fri
09:46:35,147,Outer DuSable Lake Shore Express,,Mon,Tue,Wed,Thu,Fri
18:54:05,147,Outer DuSable Lake Shore Express,,Mon,Tue,Wed,Thu,Fri
20:40:38,3,King Drive,,Sat
24:21:19,151,Sheridan,,Sun
14:07:23,146,Inner Lake Shore/Michigan Express,,Sat
09:55:42,151,Sheridan,,Sat
14:05:40,147,Outer DuSable Lake Shore Express,,Sat
09:27:49,148,Clarendon/Michigan Express,,Mon,Tue,Wed,Thu,Fri
13:09:28,151,Sheridan,,Sat
08:46:01,2,Hyde Park Express,,Mon,Tue,Wed,Thu,Fri
17:02:02,26,South Shore Express,,Mon,Tue,Wed,Thu,Fri
17:54:21,151,Sheridan,,Sat
17:35:02,26,South Shore Express,,Mon,Tue,Wed,Thu,Fri
11:47:22,147,Outer DuSable Lake Shore Express,,Mon,Tue,Wed,Thu,Fri
11:32:42,146,Inner Lake Shore/Michigan Express,,Sat
11:42:51,146,Inner Lake Shore/Michigan Express,,Sun
12:49:44,146,Inner Lake Shore/Michigan Express,,Mon,Tue,Wed,Thu,Fri
17:34:55,146,Inner Lake Shore/Michigan Express,,Sat
15:34:40,151,Sheridan,,Sun
08:01:05,147,Outer DuSable Lake Shore Express,,Mon,Tue,Wed,Thu,Fri
15:09:28,151,Sheridan,,Sat
14:47:58,147,Outer DuSable Lake Shore Express,,Sat
17:25:05,2,Hyde Park Express,,Mon,Tue,Wed,Thu,Fri
08:23:31,2,Hyde Park Express,,Mon,Tue,Wed,Thu,Fri
07:46:39,157,Streeterville/Taylor,,Mon,Tue,Wed,Thu,Fri
17:38:42,157,Streeterville/Taylor,,Mon,Tue,Wed,Thu,Fri
18:54:05,147,Outer DuSable Lake Shore Express,,Mon,Tue,Wed,Thu,Fri
17:04:45,147,Outer DuSable Lake Shore Express,,Mon,Tue,Wed,Thu,Fri
14:34:05,147,Outer DuSable Lake Shore Express,,Sun
11:08:17,151,Sheridan,,Sat
14:58:15,147,Outer DuSable Lake Shore Express,,Sat
16:05:52,147,Outer DuSable Lake Shore Express,,Sun
13:02:53,146,Inner Lake Shore/Michigan Express,,Sat
09:38:32,3,King Drive,,Mon,Tue,Wed,Thu,Fri
22:32:02,3,King Drive,,Mon,Tue,Wed,Thu,Fri
00:21:15,3,King Drive,,Sun
16:37:05,147,Outer DuSable Lake Shore Express,,Sun
08:59:24,151,Sheridan,,Sun
18:54:23,146,Inner Lake Shore/Michigan Express,,Mon,Tue,Wed,Thu,Fri
18:44:28,147,Outer DuSable Lake Shore Express,,Sat
10:53:30,151,Sheridan,,Sun
14:32:10,151,Sheridan,,Mon,Tue,Wed,Thu,Fri
09:13:01,2,Hyde Park Express,,Mon,Tue,Wed,Thu,Fri
06:00:38,146,Inner Lake Shore/Michigan Express,,Mon,Tue,Wed,Thu,Fri
16:40:16,2,Hyde Park Express,,Mon,Tue,Wed,Thu,Fri
20:04:26,3,King Drive,,Sat
06:22:37,151,Sheridan,,Mon,Tue,Wed,Thu,Fri
19:34:03,151,Sheridan,,Sat
08:50:05,147,Outer DuSable Lake Shore Express,,Mon,Tue,Wed,Thu,Fri
00:15:57,3,King Drive,,Mon
14:10:44,146,Inner Lake Shore/Michigan Express,,Mon,Tue,Wed,Thu,Fri
09:03:13,2,Hyde Park Express,,Mon,Tue,Wed,Thu,Fri