arrival_time,route_short_name,route_long_name,headsign,service_days
23:38:34,151,Sheridan,,Sun
18:25:27,146,Inner Lake Shore/Michigan Express,,Sun
14:35:57,146,Inner Lake Shore/Michigan Express,,Mon,Tue,Wed,Thu,Fri
07:59:48,3,King Drive,,Sat
11:35:13,151,Sheridan,,Sun
13:48:12,151,Sheridan,,Mon,Tue,Wed,Thu,Fri
22:13:48,3,King Drive,,Sun
13:12:12,151,Sheridan,,Mon,Tue,Wed,Thu,Fri
06:34:36,3,King Drive,,Sat
21:47:12,3,King Drive,,Sat
15:09:12,147,Outer DuSable Lake Shore Express,,Sat
21:23:28,147,Outer DuSable Lake Shore Express,,Sat
13:15:09,26,South Shore Express,,Mon,Tue,Wed,Thu,Fri
10:45:19,157,Streeterville/Taylor,,Mon,Tue,Wed,Thu,Fri
10:16:34,151,Sheridan,,Sat
07:22:53,147,Outer DuSable Lake Shore Express,,Mon,Tue,Wed,Thu,Fri
23:38:02,151,Sheridan,,Sat
06:05:48,147,Outer DuSable Lake Shore Express,,Mon,Tue,Wed,Thu,Fri
09:30:55,157,Streeterville/Taylor,,Mon,Tue,Wed,Thu,Fri
06:44:48,3,King Drive,,Mon,Tue,Wed,Thu,Fri
09:19:23,147,Outer DuSable Lake Shore Express,,Mon,Tue,Wed,Thu,Fri
21:11:38,146,Inner Lake Shore/Michigan Express,,Sat
12:42:51,147,Outer DuSable Lake Shore Express,,Sat
18:28:25,147,Outer DuSable Lake Shore Express,,Mon,Tue,Wed,Thu,Fri
19:59:24,3,King Drive,,Mon,Tue,Wed,Thu,Fri
10:47:23,151,Sheridan,,Mon,Tue,Wed,Thu,Fri
06:53:25,2,Hyde Park Express,,Mon,Tue,Wed,Thu,Fri
19:14:51,146,Inner Lake Shore/Michigan Express,,Sun
12:09:54,3,King Drive,,Sat
13:34:36,157,Streeterville/Taylor,,Mon,Tue,Wed,Thu,Fri
10:39:23,147,Outer DuSable Lake Shore Express,,Mon,Tue,Wed,Thu,Fri
11:54:28,147,Outer DuSable Lake Shore Express,,Sat
20:57:46,147,Outer DuSable Lake Shore Express,,Mon,Tue,Wed,Thu,Fri
17:41:08,146,Inner Lake Shore/Michigan Express,,Sat
14:02:54,3,King Drive,,Mon,Tue,Wed,Thu,Fri
23:24:34,147,Outer DuSable Lake Shore Express,,Mon,Tue,Wed,Thu,Fri
17:25:02,147,Outer DuSable Lake Shore Express,,Sun
19:39:09,147,Outer DuSable Lake Shore Express,,Mon,Tue,Wed,Thu,Fri
18:53:02,151,Sheridan,,Sun
09:34:21,146,Inner Lake Shore/Michigan Express,,Mon,Tue,Wed,Thu,Fri
09:34:21,146,Inner Lake Shore/Michigan Express,,Mon,Tue,Wed,Thu,Fri
19:13:14,147,Outer DuSable Lake Shore Express,,Sat
23:29:13,151,Sheridan,,Mon,Tue,Wed,Thu,Fri
22:07:21,146,Inner Lake Shore/Michigan Express,,Sun
07:58:00,147,Outer DuSable Lake Shore Express,,Sun
13:41:57,146,Inner Lake Shore/Michigan Express,,Sun
09:33:43,151,Sheridan,,Mon,Tue,Wed,Thu,Fri
15:02:12,151,Sheridan,,Sun
08:12:45,151,Sheridan,,Sun
15:05:36,157,Streeterville/Taylor,,Mon,Tue,Wed,Thu,Fri
17:55:02,147,Outer DuSable Lake Shore Express,,Sun
14:44:57,146,Inner Lake Shore/Michigan Express,,Sun
20:21:21,151,Sheridan,,Sat
09:48:30,3,King Drive,,Sun
15:52:51,147,Outer DuSable Lake Shore Express,,Sun
10:00:22,2,Hyde Park Express,,Mon,Tue,Wed,Thu,Fri
11:32:42,3,King Drive,,Sun
15:15:14,148,Clarendon/Michigan Express,,Mon,Tue,Wed,Thu,Fri
18:22:48,3,King Drive,,Sat
13:11:54,3,King Drive,,Sun
16:36:02,147,Outer DuSable Lake Shore Express,,Sun
22:21:04,151,Sheridan,,Sun
19:01:01,3,King Drive,,Mon,Tue,Wed,Thu,Fri
20:46:43,151,Sheridan,,Sun
17:14:39,143,Stockton/Michigan Express,,Mon,Tue,Wed,Thu,Fri
16:31:14,148,Clarendon/Michigan Express,,Mon,Tue,Wed,Thu,Fri
11:12:45,146,Inner Lake Shore/Michigan Express,,Mon,Tue,Wed,Thu,Fri
10:14:24,26,South Shore Express,,Mon,Tue,Wed,Thu,Fri
18:02:26,148,Clarendon/Michigan Express,,Mon,Tue,Wed,Thu,Fri
12:36:12,151,Sheridan,,Mon,Tue,Wed,Thu,Fri
18:00:18,147,Outer DuSable Lake Shore Express,,Mon,Tue,Wed,Thu,Fri
09:52:00,3,King Drive,,Sat
01:13:35,151,Sheridan,,Sun
11:29:02,151,Sheridan,,Sat
21:20:24,3,King Drive,,Sat
08:39:18,3,King Drive,,Sun
16:57:36,3,King Drive,,Sun
23:27:12,3,King Drive,,Sat
14:50:19,151,Sheridan,,Sat
17:03:53,157,Streeterville/Taylor,,Mon,Tue,Wed,Thu,Fri
17:32:30,151,Sheridan,,Mon,Tue,Wed,Thu,Fri
19:52:21,146,Inner Lake Shore/Michigan Express,,Sun
14:47:51,151,Sheridan,,Mon,Tue,Wed,Thu,Fri
11:01:19,157,Streeterville/Taylor,,Mon,Tue,Wed,Thu,Fri
06:13:05,151,Sheridan,,Mon,Tue,Wed,Thu,Fri
23:14:13,151,Sheridan,,Mon,Tue,Wed,Thu,Fri
15:02:44,146,Inner Lake Shore/Michigan Express,,Sat
21:51:21,146,Inner Lake Shore/Michigan Express,,Sun
13:50:44,146,Inner Lake Shore/Michigan Express,,Sat
17:52:36,3,King Drive,,Sun
09:48:18,147,Outer DuSable Lake Shore Express,,Sun
15:09:21,147,Outer DuSable Lake Shore Express,,Sun
15:44:25,3,King Drive,,Sat
11:59:12,3,King Drive,,Mon,Tue,Wed,Thu,Fri
16:27:49,151,Sheridan,,Sat
06:44:48,3,King Drive,,Mon,Tue,Wed,Thu,Fri
16:25:32,147,Outer DuSable Lake Shore Express,,Sun
12:21:12,3,King Drive,,Mon,Tue,Wed,Thu,Fri
14:17:48,3,King Drive,,Sat
15:18:36,3,King Drive,,Sun
09:17:15,146,Inner Lake Shore/Michigan Express,,Sun
19:01:01,3,King Drive,,Mon,Tue,Wed,Thu,Fri
15:53:10,151,Sheridan,,Mon,Tue,Wed,Thu,Fri
18:27:40,151,Sheridan,,Sat
17:17:00,147,Outer DuSable Lake Shore Express,,Sat
14:16:25,147,Outer DuSable Lake Shore Express,,Sat
16:31:14,147,Outer DuSable Lake Shore Express,,Mon,Tue,Wed,Thu,Fri
13:52:21,147,Outer DuSable Lake Shore Express,,Mon,Tue,Wed,Thu,Fri
22:58:27,146,Inner Lake Shore/Michigan Express,,Sun
09:27:41,147,Outer DuSable Lake Shore Express,,Sat
06:58:45,157,Streeterville/Taylor,,Mon,Tue,Wed,Thu,Fri
18:15:02,147,Outer DuSable Lake Shore Express,,Sun
08:52:42,3,King Drive,,Mon,Tue,Wed,Thu,Fri
12:49:57,146,Inner Lake Shore/Michigan Express,,Sat
16:25:44,146,Inner Lake Shore/Michigan Express,,Mon,Tue,Wed,Thu,Fri
17:27:31,146,Inner Lake Shore/Michigan Express,,Mon,Tue,Wed,Thu,Fri
17:12:12,151,Sheridan,,Sun
12:19:21,151,Sheridan,,Sat
15:36:50,146,Inner Lake Shore/Michigan Express,,Sat
12:03:46,147,Outer DuSable Lake Shore Express,,Mon,Tue,Wed,Thu,Fri
14:42:54,3,King Drive,,Sun
11:10:12,3,King Drive,,Sat
09:38:54,26,South Shore Express,,Mon,Tue,Wed,Thu,Fri
07:22:53,147,Outer DuSable Lake Shore Express,,Mon,Tue,Wed,Thu,Fri
13:40:04,147,Outer DuSable Lake Shore Express,,Sun
12:26:43,151,Sheridan,,Sun
21:47:12,3,King Drive,,Sat
19:29:51,147,Outer DuSable Lake Shore Express,,Mon,Tue,Wed,Thu,Fri
12:08:22,157,Streeterville/Taylor,,Mon,Tue,Wed,Thu,Fri
20:58:53,151,Sheridan,,Mon,Tue,Wed,Thu,Fri
17:48:50,146,Inner Lake Shore/Michigan Express,,Sat
14:07:44,147,Outer DuSable Lake Shore Express,,Sat
16:41:26,146,Inner Lake Shore/Michigan Express,,Mon,Tue,Wed,Thu,Fri
16:42:50,151,Sheridan,,Mon,Tue,Wed,Thu,Fri
16:07:31,3,King Drive,,Mon,Tue,Wed,Thu,Fri
17:55:55,3,King Drive,,Sat
21:08:30,3,King Drive,,Mon,Tue,Wed,Thu,Fri
13:21:44,147,Outer DuSable Lake Shore Express,,Sat
22:32:12,3,King Drive,,Sat
19:47:46,147,Outer DuSable Lake Shore Express,,Sun
05:59:36,3,King Drive,,Mon,Tue,Wed,Thu,Fri
19:59:24,3,King Drive,,Mon,Tue,Wed,Thu,Fri
09:14:48,3,King Drive,,Sat
21:14:55,157,Streeterville/Taylor,,Mon,Tue,Wed,Thu,Fri
14:38:19,26,South Shore Express,,Mon,Tue,Wed,Thu,Fri
23:00:04,151,Sheridan,,Sun
01:20:35,151,Sheridan,,Tue,Wed,Thu,Fri,Sat
12:36:12,151,Sheridan,,Mon,Tue,Wed,Thu,Fri
21:08:16,147,Outer DuSable Lake Shore Express,,Sun
20:04:09,147,Outer DuSable Lake Shore Express,,Mon,Tue,Wed,Thu,Fri
20:28:32,151,Sheridan,,Mon,Tue,Wed,Thu,Fri
17:23:00,147,Outer DuSable Lake Shore Express,,Sat
23:04:23,147,Outer DuSable Lake Shore Express,,Sun
15:16:32,146,Inner Lake Shore/Michigan Express,,Mon,Tue,Wed,Thu,Fri
11:10:23,151,Sheridan,,Mon,Tue,Wed,Thu,Fri
21:51:21,146,Inner Lake Shore/Michigan Express,,Sun
16:22:50,151,Sheridan,,Mon,Tue,Wed,Thu,Fri
08:29:25,157,Streeterville/Taylor,,Mon,Tue,Wed,Thu,Fri
13:07:54,3,King Drive,,Mon,Tue,Wed,Thu,Fri
06:55:36,3,King Drive,,Sun
15:20:50,146,Inner Lake Shore/Michigan Express,,Sat
09:05:54,26,South Shore Express,,Mon,Tue,Wed,Thu,Fri
20:01:16,147,Outer DuSable Lake Shore Express,,Sun
17:17:31,146,Inner Lake Shore/Michigan Express,,Mon,Tue,Wed,Thu,Fri
11:48:12,3,King Drive,,Mon,Tue,Wed,Thu,Fri
23:43:33,146,Inner Lake Shore/Michigan Express,,Sat
14:04:57,146,Inner Lake Shore/Michigan Express,,Mon,Tue,Wed,Thu,Fri
15:06:19,151,Sheridan,,Sat
15:51:36,3,King Drive,,Sun
09:45:51,146,Inner Lake Shore/Michigan Express,,Mon,Tue,Wed,Thu,Fri
19:26:20,146,Inner Lake Shore/Michigan Express,,Mon,Tue,Wed,Thu,Fri
09:02:48,3,King Drive,,Sat
21:43:28,147,Outer DuSable Lake Shore Express,,Sat
21:26:15,146,Inner Lake Shore/Michigan Express,,Mon,Tue,Wed,Thu,Fri
23:53:23,151,Sheridan,,Sat
17:08:50,146,Inner Lake Shore/Michigan Express,,Mon,Tue,Wed,Thu,Fri
23:29:13,151,Sheridan,,Mon,Tue,Wed,Thu,Fri
13:32:25,147,Outer DuSable Lake Shore Express,,Sat
05:16:36,3,King Drive,,Sat
18:31:30,147,Outer DuSable Lake Shore Express,,Sat
15:29:36,157,Streeterville/Taylor,,Mon,Tue,Wed,Thu,Fri
18:03:01,3,King Drive,,Sat
09:59:23,147,Outer DuSable Lake Shore Express,,Mon,Tue,Wed,Thu,Fri
13:24:12,151,Sheridan,,Mon,Tue,Wed,Thu,Fri
22:59:13,151,Sheridan,,Mon,Tue,Wed,Thu,Fri
13:26:32,146,Inner Lake Shore/Michigan Express,,Sat
09:59:23,147,Outer DuSable Lake Shore Express,,Mon,Tue,Wed,Thu,Fri
11:12:45,146,Inner Lake Shore/Michigan Express,,Mon,Tue,Wed,Thu,Fri
12:57:53,151,Sheridan,,Sun
14:14:57,146,Inner Lake Shore/Michigan Express,,Mon,Tue,Wed,Thu,Fri
10:38:21,146,Inner Lake Shore/Michigan Express,,Sun
13:18:54,3,King Drive,,Mon,Tue,Wed,Thu,Fri
08:22:30,147,Outer DuSable Lake Shore Express,,Sat
22:47:12,3,King Drive,,Sat
05:36:36,3,King Drive,,Sat
17:55:02,147,Outer DuSable Lake Shore Express,,Sun
23:15:48,3,King Drive,,Mon,Tue,Wed,Thu,Fri
22:02:12,3,King Drive,,Sat
17:49:48,147,Outer DuSable Lake Shore Express,,Sat
10:50:28,147,Outer DuSable Lake Shore Express,,Sat
05:36:45,26,South Shore Express,,Mon,Tue,Wed,Thu,Fri
09:14:18,147,Outer DuSable Lake Shore Express,,Sun
10:16:57,146,Inner Lake Shore/Michigan Express,,Sun
14:13:54,3,King Drive,,Mon,Tue,Wed,Thu,Fri
09:59:41,147,Outer DuSable Lake Shore Express,,Sat
18:20:20,146,Inner Lake Shore/Michigan Express,,Sat
16:41:14,147,Outer DuSable Lake Shore Express,,Mon,Tue,Wed,Thu,Fri
08:38:15,146,Inner Lake Shore/Michigan Express,,Sun
20:58:30,3,King Drive,,Mon,Tue,Wed,Thu,Fri
11:52:51,146,Inner Lake Shore/Michigan Express,,Sun
07:49:12,2,Hyde Park Express,,Mon,Tue,Wed,Thu,Fri
15:02:02,147,Outer DuSable Lake Shore Express,,Mon,Tue,Wed,Thu,Fri
21:15:18,3,King Drive,,Sun
19:25:42,3,King Drive,,Sun
17:22:01,146,Inner Lake Shore/Michigan Express,,Mon,Tue,Wed,Thu,Fri
12:27:39,157,Streeterville/Taylor,,Mon,Tue,Wed,Thu,Fri
19:23:24,3,King Drive,,Mon,Tue,Wed,Thu,Fri
15:23:51,151,Sheridan,,Mon,Tue,Wed,Thu,Fri
21:23:28,147,Outer DuSable Lake Shore Express,,Sat
13:07:04,147,Outer DuSable Lake Shore Express,,Sun
06:24:05,151,Sheridan,,Sat
17:03:00,147,Outer DuSable Lake Shore Express,,Sat
07:50:53,147,Outer DuSable Lake Shore Express,,Mon,Tue,Wed,Thu,Fri
20:11:02,147,Outer DuSable Lake Shore Express,,Sat
22:04:53,147,Outer DuSable Lake Shore Express,,Sun
11:10:23,151,Sheridan,,Mon,Tue,Wed,Thu,Fri
19:39:06,3,King Drive,,Sat
22:17:12,3,King Drive,,Sat
21:29:13,151,Sheridan,,Mon,Tue,Wed,Thu,Fri
12:45:08,146,Inner Lake Shore/Michigan Express,,Mon,Tue,Wed,Thu,Fri
07:17:35,151,Sheridan,,Sun
16:43:49,151,Sheridan,,Sat
12:23:51,146,Inner Lake Shore/Michigan Express,,Sun
17:15:25,3,King Drive,,Mon,Tue,Wed,Thu,Fri
07:16:54,151,Sheridan,,Mon,Tue,Wed,Thu,Fri
09:13:25,157,Streeterville/Taylor,,Mon,Tue,Wed,Thu,Fri
08:36:45,151,Sheridan,,Sat
10:30:12,3,King Drive,,Sat
19:58:12,151,Sheridan,,Mon,Tue,Wed,Thu,Fri
18:48:07,147,Outer DuSable Lake Shore Express,,Sat
17:42:12,151,Sheridan,,Sun
05:24:36,3,King Drive,,Mon,Tue,Wed,Thu,Fri
17:26:25,3,King Drive,,Mon,Tue,Wed,Thu,Fri
16:02:25,3,King Drive,,Sat
08:57:45,151,Sheridan,,Sun
19:12:50,146,Inner Lake Shore/Michigan Express,,Sat
09:18:49,2,Hyde Park Express,,Mon,Tue,Wed,Thu,Fri
22:53:48,3,King Drive,,Sun
13:59:14,147,Outer DuSable Lake Shore Express,,Sat
16:52:31,146,Inner Lake Shore/Michigan Express,,Sat
10:41:03,146,Inner Lake Shore/Michigan Express,,Mon,Tue,Wed,Thu,Fri
17:52:30,151,Sheridan,,Mon,Tue,Wed,Thu,Fri
13:17:36,157,Streeterville/Taylor,,Mon,Tue,Wed,Thu,Fri
18:45:02,147,Outer DuSable Lake Shore Express,,Sun
12:05:43,151,Sheridan,,Sun
14:42:39,151,Sheridan,,Sat
19:22:12,151,Sheridan,,Mon,Tue,Wed,Thu,Fri
19:06:33,146,Inner Lake Shore/Michigan Express,,Sun
18:32:25,3,King Drive,,Mon,Tue,Wed,Thu,Fri
19:49:02,151,Sheridan,,Sun
08:37:24,2,Hyde Park Express,,Mon,Tue,Wed,Thu,Fri
15:24:02,147,Outer DuSable Lake Shore Express,,Mon,Tue,Wed,Thu,Fri
15:29:36,3,King Drive,,Sun
19:11:42,3,King Drive,,Sun
19:25:16,147,Outer DuSable Lake Shore Express,,Sun
20:17:24,3,King Drive,,Mon,Tue,Wed,Thu,Fri
17:04:25,3,King Drive,,Mon,Tue,Wed,Thu,Fri
15:13:02,147,Outer DuSable Lake Shore Express,,Mon,Tue,Wed,Thu,Fri
11:14:13,151,Sheridan,,Sun
11:29:02,151,Sheridan,,Sat
07:34:04,146,Inner Lake Shore/Michigan Express,,Sun
18:54:51,147,Outer DuSable Lake Shore Express,,Sun
18:41:45,146,Inner Lake Shore/Michigan Express,,Sun
16:20:25,3,King Drive,,Sat
16:46:55,147,Outer DuSable Lake Shore Express,,Mon,Tue,Wed,Thu,Fri
18:34:37,143,Stockton/Michigan Express,,Mon,Tue,Wed,Thu,Fri
18:59:03,146,Inner Lake Shore/Michigan Express,,Sun
08:42:45,151,Sheridan,,Sun
13:29:54,3,King Drive,,Mon,Tue,Wed,Thu,Fri
09:14:48,3,King Drive,,Sat
10:06:34,151,Sheridan,,Sat
13:36:12,151,Sheridan,,Mon,Tue,Wed,Thu,Fri
16:46:36,3,King Drive,,Sun
19:21:14,147,Outer DuSable Lake Shore Express,,Sat
15:46:19,151,Sheridan,,Sat
11:17:19,157,Streeterville/Taylor,,Mon,Tue,Wed,Thu,Fri
11:24:43,151,Sheridan,,Sun
24:08:43,151,Sheridan,,Sat
19:14:24,3,King Drive,,Mon,Tue,Wed,Thu,Fri
12:18:54,3,King Drive,,Sat
18:32:12,151,Sheridan,,Sun
11:15:12,3,King Drive,,Mon,Tue,Wed,Thu,Fri
09:17:54,26,South Shore Express,,Mon,Tue,Wed,Thu,Fri
17:36:38,146,Inner Lake Shore/Michigan Express,,Sun
08:42:25,157,Streeterville/Taylor,,Mon,Tue,Wed,Thu,Fri
18:14:36,3,King Drive,,Sun
11:26:12,3,King Drive,,Mon,Tue,Wed,Thu,Fri
08:32:19,2,Hyde Park Express,,Mon,Tue,Wed,Thu,Fri
13:05:06,3,King Drive,,Sat
20:58:57,146,Inner Lake Shore/Michigan Express,,Mon,Tue,Wed,Thu,Fri
06:30:15,146,Inner Lake Shore/Michigan Express,,Mon,Tue,Wed,Thu,Fri
13:32:57,146,Inner Lake Shore/Michigan Express,,Sun
08:00:22,2,Hyde Park Express,,Mon,Tue,Wed,Thu,Fri
15:34:42,147,Outer DuSable Lake Shore Express,,Sat
16:00:12,147,Outer DuSable Lake Shore Express,,Sat
14:14:44,146,Inner Lake Shore/Michigan Express,,Sat
20:02:32,147,Outer DuSable Lake Shore Express,,Sat
14:59:25,3,King Drive,,Sat
18:45:31,151,Sheridan,,Mon,Tue,Wed,Thu,Fri
10:22:12,3,King Drive,,Mon,Tue,Wed,Thu,Fri
17:38:19,151,Sheridan,,Sat
16:29:25,3,King Drive,,Sat
10:50:28,147,Outer DuSable Lake Shore Express,,Sat
09:30:55,157,Streeterville/Taylor,,Mon,Tue,Wed,Thu,Fri
10:47:23,151,Sheridan,,Mon,Tue,Wed,Thu,Fri
20:03:06,3,King Drive,,Sat
16:48:42,147,Outer DuSable Lake Shore Express,,Sat
12:48:12,151,Sheridan,,Mon,Tue,Wed,Thu,Fri
08:04:30,3,King Drive,,Mon,Tue,Wed,Thu,Fri
19:29:51,147,Outer DuSable Lake Shore Express,,Mon,Tue,Wed,Thu,Fri
18:02:08,146,Inner Lake Shore/Michigan Express,,Sun
15:23:51,151,Sheridan,,Mon,Tue,Wed,Thu,Fri
15:02:12,151,Sheridan,,Sun
07:46:18,3,King Drive,,Mon,Tue,Wed,Thu,Fri
17:36:12,147,Outer DuSable Lake Shore Express,,Sat
06:22:37,147,Outer DuSable Lake Shore Express,,Mon,Tue,Wed,Thu,Fri
21:43:28,147,Outer DuSable Lake Shore Express,,Sat
10:05:06,157,Streeterville/Taylor,,Mon,Tue,Wed,Thu,Fri
19:37:32,147,Outer DuSable Lake Shore Express,,Sat
16:26:20,146,Inner Lake Shore/Michigan Express,,Sat
10:18:51,146,Inner Lake Shore/Michigan Express,,Mon,Tue,Wed,Thu,Fri
08:20:24,26,South Shore Express,,Mon,Tue,Wed,Thu,Fri
17:22:01,146,Inner Lake Shore/Michigan Express,,Mon,Tue,Wed,Thu,Fri
20:58:53,151,Sheridan,,Mon,Tue,Wed,Thu,Fri
23:57:34,151,Sheridan,,Sun
10:58:24,26,South Shore Express,,Mon,Tue,Wed,Thu,Fri
17:02:08,146,Inner Lake Shore/Michigan Express,,Sun
06:09:06,3,King Drive,,Mon,Tue,Wed,Thu,Fri
19:22:31,151,Sheridan,,Sat
21:53:48,3,King Drive,,Sun
07:11:52,146,Inner Lake Shore/Michigan Express,,Sun
14:26:57,146,Inner Lake Shore/Michigan Express,,Sun
19:46:09,147,Outer DuSable Lake Shore Express,,Mon,Tue,Wed,Thu,Fri
23:36:15,146,Inner Lake Shore/Michigan Express,,Sun
12:37:13,151,Sheridan,,Sun
17:05:25,3,King Drive,,Sat
17:06:25,148,Clarendon/Michigan Express,,Mon,Tue,Wed,Thu,Fri
15:45:20,146,Inner Lake Shore/Michigan Express,,Sat
10:06:34,151,Sheridan,,Sat
12:28:24,26,South Shore Express,,Mon,Tue,Wed,Thu,Fri
13:00:12,151,Sheridan,,Mon,Tue,Wed,Thu,Fri
23:44:34,147,Outer DuSable Lake Shore Express,,Mon,Tue,Wed,Thu,Fri
14:25:21,147,Outer DuSable Lake Shore Express,,Sun
15:51:42,147,Outer DuSable Lake Shore Express,,Sat
13:01:21,146,Inner Lake Shore/Michigan Express,,Sun
15:43:31,151,Sheridan,,Mon,Tue,Wed,Thu,Fri
20:51:42,3,King Drive,,Mon,Tue,Wed,Thu,Fri
09:02:48,3,King Drive,,Sat
07:46:24,26,South Shore Express,,Mon,Tue,Wed,Thu,Fri
23:10:36,3,King Drive,,Sun
11:26:23,147,Outer DuSable Lake Shore Express,,Sun
18:09:38,146,Inner Lake Shore/Michigan Express,,Sun
16:17:44,146,Inner Lake Shore/Michigan Express,,Mon,Tue,Wed,Thu,Fri
08:38:30,147,Outer DuSable Lake Shore Express,,Sat
20:26:24,3,King Drive,,Mon,Tue,Wed,Thu,Fri
10:28:39,146,Inner Lake Shore/Michigan Express,,Sat
21:29:13,151,Sheridan,,Mon,Tue,Wed,Thu,Fri
19:14:24,3,King Drive,,Mon,Tue,Wed,Thu,Fri
14:25:37,147,Outer DuSable Lake Shore Express,,Sat
11:26:12,3,King Drive,,Mon,Tue,Wed,Thu,Fri
12:19:21,151,Sheridan,,Sat
13:35:24,3,King Drive,,Sun
14:16:21,147,Outer DuSable Lake Shore Express,,Mon,Tue,Wed,Thu,Fri
19:51:06,3,King Drive,,Sat
07:08:05,26,South Shore Express,,Mon,Tue,Wed,Thu,Fri
13:50:57,146,Inner Lake Shore/Michigan Express,,Sun
18:06:07,147,Outer DuSable Lake Shore Express,,Sat
22:45:53,147,Outer DuSable Lake Shore Express,,Sun
13:44:57,146,Inner Lake Shore/Michigan Express,,Mon,Tue,Wed,Thu,Fri
09:19:42,3,King Drive,,Mon,Tue,Wed,Thu,Fri
14:34:01,3,King Drive,,Sat
11:22:32,151,Sheridan,,Mon,Tue,Wed,Thu,Fri
14:10:02,151,Sheridan,,Sun
22:53:02,151,Sheridan,,Sat
07:55:45,146,Inner Lake Shore/Michigan Express,,Sun
13:02:40,151,Sheridan,,Sat
13:59:48,3,King Drive,,Sat
11:35:02,151,Sheridan,,Mon,Tue,Wed,Thu,Fri
13:24:12,151,Sheridan,,Mon,Tue,Wed,Thu,Fri
22:39:51,146,Inner Lake Shore/Michigan Express,,Mon,Tue,Wed,Thu,Fri
17:32:12,151,Sheridan,,Sun
16:20:25,3,King Drive,,Mon,Tue,Wed,Thu,Fri
13:29:10,151,Sheridan,,Sat
12:49:39,147,Outer DuSable Lake Shore Express,,Mon,Tue,Wed,Thu,Fri
14:50:55,3,King Drive,,Sat
08:36:43,151,Sheridan,,Mon,Tue,Wed,Thu,Fri
10:15:49,157,Streeterville/Taylor,,Mon,Tue,Wed,Thu,Fri
08:41:23,147,Outer DuSable Lake Shore Express,,Mon,Tue,Wed,Thu,Fri
18:42:44,147,Outer DuSable Lake Shore Express,,Mon,Tue,Wed,Thu,Fri
15:02:57,146,Inner Lake Shore/Michigan Express,,Sun
07:52:54,26,South Shore Express,,Mon,Tue,Wed,Thu,Fri
22:41:39,146,Inner Lake Shore/Michigan Express,,Sun
22:06:04,147,Outer DuSable Lake Shore Express,,Mon,Tue,Wed,Thu,Fri
12:47:23,151,Sheridan,,Sun
17:02:50,151,Sheridan,,Mon,Tue,Wed,Thu,Fri
14:35:51,151,Sheridan,,Mon,Tue,Wed,Thu,Fri
11:33:22,157,Streeterville/Taylor,,Mon,Tue,Wed,Thu,Fri
19:46:12,151,Sheridan,,Mon,Tue,Wed,Thu,Fri
11:06:28,147,Outer DuSable Lake Shore Express,,Sat
07:03:45,151,Sheridan,,Mon,Tue,Wed,Thu,Fri
16:11:25,3,King Drive,,Sat
18:14:44,148,Clarendon/Michigan Express,,Mon,Tue,Wed,Thu,Fri
18:57:20,146,Inner Lake Shore/Michigan Express,,Sat
17:03:53,157,Streeterville/Taylor,,Mon,Tue,Wed,Thu,Fri
08:17:15,146,Inner Lake Shore/Michigan Express,,Sun
12:55:08,146,Inner Lake Shore/Michigan Express,,Mon,Tue,Wed,Thu,Fri
11:19:39,146,Inner Lake Shore/Michigan Express,,Sat
14:25:27,146,Inner Lake Shore/Michigan Express,,Mon,Tue,Wed,Thu,Fri
12:10:28,147,Outer DuSable Lake Shore Express,,Sat
22:11:38,146,Inner Lake Shore/Michigan Express,,Sat
16:47:25,3,King Drive,,Sat
21:09:21,146,Inner Lake Shore/Michigan Express,,Sun
09:04:42,3,King Drive,,Mon,Tue,Wed,Thu,Fri
18:49:32,146,Inner Lake Shore/Michigan Express,,Sat
14:25:37,147,Outer DuSable Lake Shore Express,,Sat
15:29:36,3,King Drive,,Sun
09:22:51,146,Inner Lake Shore/Michigan Express,,Mon,Tue,Wed,Thu,Fri
20:14:55,157,Streeterville/Taylor,,Mon,Tue,Wed,Thu,Fri
22:38:02,151,Sheridan,,Sat
18:19:20,151,Sheridan,,Sat
18:12:12,151,Sheridan,,Sun
10:31:41,147,Outer DuSable Lake Shore Express,,Sat
15:53:12,151,Sheridan,,Sun
21:44:53,147,Outer DuSable Lake Shore Express,,Sun
14:04:21,147,Outer DuSable Lake Shore Express,,Mon,Tue,Wed,Thu,Fri
21:08:06,3,King Drive,,Sat
12:12:12,151,Sheridan,,Mon,Tue,Wed,Thu,Fri
21:41:38,146,Inner Lake Shore/Michigan Express,,Sat
06:27:48,3,King Drive,,Mon,Tue,Wed,Thu,Fri
08:13:24,2,Hyde Park Express,,Mon,Tue,Wed,Thu,Fri
18:19:43,146,Inner Lake Shore/Michigan Express,,Mon,Tue,Wed,Thu,Fri
15:07:06,3,King Drive,,Sun
22:04:21,146,Inner Lake Shore/Michigan Express,,Mon,Tue,Wed,Thu,Fri
19:04:39,147,Outer DuSable Lake Shore Express,,Sun
13:50:48,3,King Drive,,Sat
21:26:16,147,Outer DuSable Lake Shore Express,,Sun
08:57:45,146,Inner Lake Shore/Michigan Express,,Sun
15:13:02,147,Outer DuSable Lake Shore Express,,Mon,Tue,Wed,Thu,Fri
16:49:26,157,Streeterville/Taylor,,Mon,Tue,Wed,Thu,Fri
11:03:15,146,Inner Lake Shore/Michigan Express,,Mon,Tue,Wed,Thu,Fri
17:33:43,146,Inner Lake Shore/Michigan Express,,Mon,Tue,Wed,Thu,Fri
10:51:34,151,Sheridan,,Sun
14:02:54,3,King Drive,,Mon,Tue,Wed,Thu,Fri
16:20:02,147,Outer DuSable Lake Shore Express,,Mon,Tue,Wed,Thu,Fri
07:46:24,26,South Shore Express,,Mon,Tue,Wed,Thu,Fri
14:14:57,146,Inner Lake Shore/Michigan Express,,Mon,Tue,Wed,Thu,Fri
17:37:30,151,Sheridan,,Mon,Tue,Wed,Thu,Fri
16:07:02,147,Outer DuSable Lake Shore Express,,Mon,Tue,Wed,Thu,Fri
20:01:16,147,Outer DuSable Lake Shore Express,,Sun
23:38:02,151,Sheridan,,Sat
20:37:02,147,Outer DuSable Lake Shore Express,,Sat
12:54:54,3,King Drive,,Sat
18:52:31,151,Sheridan,,Sat
11:22:15,146,Inner Lake Shore/Michigan Express,,Mon,Tue,Wed,Thu,Fri
19:07:36,3,King Drive,,Mon,Tue,Wed,Thu,Fri
15:59:14,146,Inner Lake Shore/Michigan Express,,Mon,Tue,Wed,Thu,Fri
14:26:01,3,King Drive,,Sat
11:33:16,147,Outer DuSable Lake Shore Express,,Mon,Tue,Wed,Thu,Fri
06:37:18,3,King Drive,,Mon,Tue,Wed,Thu,Fri
17:48:50,146,Inner Lake Shore/Michigan Express,,Sat
20:40:18,3,King Drive,,Sun
19:34:12,151,Sheridan,,Mon,Tue,Wed,Thu,Fri
12:56:54,3,King Drive,,Mon,Tue,Wed,Thu,Fri
17:44:30,147,Outer DuSable Lake Shore Express,,Mon,Tue,Wed,Thu,Fri
18:54:13,2,Hyde Park Express,,Mon,Tue,Wed,Thu,Fri
19:09:51,151,Sheridan,,Mon,Tue,Wed,Thu,Fri
23:23:09,146,Inner Lake Shore/Michigan Express,,Mon,Tue,Wed,Thu,Fri
20:13:12,151,Sheridan,,Mon,Tue,Wed,Thu,Fri
18:35:02,147,Outer DuSable Lake Shore Express,,Sun
16:41:26,146,Inner Lake Shore/Michigan Express,,Mon,Tue,Wed,Thu,Fri
09:27:12,3,King Drive,,Mon,Tue,Wed,Thu,Fri
14:17:48,3,King Drive,,Sat
20:15:43,151,Sheridan,,Sun
09:59:41,147,Outer DuSable Lake Shore Express,,Sat
10:58:23,151,Sheridan,,Mon,Tue,Wed,Thu,Fri
07:29:48,3,King Drive,,Sat
21:46:46,147,Outer DuSable Lake Shore Express,,Mon,Tue,Wed,Thu,Fri
16:22:42,151,Sheridan,,Sun
08:59:23,147,Outer DuSable Lake Shore Express,,Mon,Tue,Wed,Thu,Fri
06:06:18,157,Streeterville/Taylor,,Mon,Tue,Wed,Thu,Fri
16:56:25,3,King Drive,,Sat
07:13:48,3,King Drive,,Sat
19:09:51,151,Sheridan,,Mon,Tue,Wed,Thu,Fri
15:45:14,148,Clarendon/Michigan Express,,Mon,Tue,Wed,Thu,Fri
17:38:19,151,Sheridan,,Sat
09:19:42,3,King Drive,,Mon,Tue,Wed,Thu,Fri
20:42:12,151,Sheridan,,Sat
08:40:42,3,King Drive,,Mon,Tue,Wed,Thu,Fri
19:00:14,146,Inner Lake Shore/Michigan Express,,Mon,Tue,Wed,Thu,Fri
20:27:38,146,Inner Lake Shore/Michigan Express,,Mon,Tue,Wed,Thu,Fri
21:46:46,147,Outer DuSable Lake Shore Express,,Mon,Tue,Wed,Thu,Fri
15:05:36,157,Streeterville/Taylor,,Mon,Tue,Wed,Thu,Fri
22:04:53,147,Outer DuSable Lake Shore Express,,Sun
15:53:10,151,Sheridan,,Mon,Tue,Wed,Thu,Fri
08:07:24,151,Sheridan,,Sat
13:54:57,146,Inner Lake Shore/Michigan Express,,Mon,Tue,Wed,Thu,Fri
06:33:25,26,South Shore Express,,Mon,Tue,Wed,Thu,Fri
15:26:25,3,King Drive,,Sat
18:12:12,151,Sheridan,,Sun
08:20:42,3,King Drive,,Mon,Tue,Wed,Thu,Fri
07:33:28,157,Streeterville/Taylor,,Mon,Tue,Wed,Thu,Fri
17:01:20,146,Inner Lake Shore/Michigan Express,,Sat
10:32:12,3,King Drive,,Mon,Tue,Wed,Thu,Fri
15:26:12,147,Outer DuSable Lake Shore Express,,Sat
17:41:36,3,King Drive,,Sun
14:02:28,147,Outer DuSable Lake Shore Express,,Sun
14:02:50,151,Sheridan,,Sat
15:32:32,147,Outer DuSable Lake Shore Express,,Mon,Tue,Wed,Thu,Fri
11:44:42,3,King Drive,,Sun
07:37:24,26,South Shore Express,,Mon,Tue,Wed,Thu,Fri
08:50:24,151,Sheridan,,Sat
13:16:39,147,Outer DuSable Lake Shore Express,,Mon,Tue,Wed,Thu,Fri
14:28:21,147,Outer DuSable Lake Shore Express,,Mon,Tue,Wed,Thu,Fri
19:32:31,151,Sheridan,,Sat
17:12:48,147,Outer DuSable Lake Shore Express,,Mon,Tue,Wed,Thu,Fri
09:31:18,147,Outer DuSable Lake Shore Express,,Sun
21:03:43,151,Sheridan,,Sun
10:30:03,146,Inner Lake Shore/Michigan Express,,Mon,Tue,Wed,Thu,Fri
17:25:02,147,Outer DuSable Lake Shore Express,,Sun
17:08:19,2,Hyde Park Express,,Mon,Tue,Wed,Thu,Fri
18:54:13,3,King Drive,,Mon,Tue,Wed,Thu,Fri
17:30:49,151,Sheridan,,Sat
21:23:42,151,Sheridan,,Sat
14:24:54,3,King Drive,,Mon,Tue,Wed,Thu,Fri
18:58:02,147,Outer DuSable Lake Shore Express,,Mon,Tue,Wed,Thu,Fri
13:20:40,151,Sheridan,,Sat
18:35:02,147,Outer DuSable Lake Shore Express,,Sun
17:17:00,147,Outer DuSable Lake Shore Express,,Sat
17:32:19,2,Hyde Park Express,,Mon,Tue,Wed,Thu,Fri
15:13:27,146,Inner Lake Shore/Michigan Express,,Sun
13:29:10,151,Sheridan,,Sat
16:11:19,151,Sheridan,,Sat
17:37:25,3,King Drive,,Mon,Tue,Wed,Thu,Fri
21:16:16,147,Outer DuSable Lake Shore Express,,Mon,Tue,Wed,Thu,Fri
16:49:55,147,Outer DuSable Lake Shore Express,,Mon,Tue,Wed,Thu,Fri
19:51:06,3,King Drive,,Sat
13:44:57,146,Inner Lake Shore/Michigan Express,,Mon,Tue,Wed,Thu,Fri
00:54:05,151,Sheridan,,Mon
08:55:25,157,Streeterville/Taylor,,Mon,Tue,Wed,Thu,Fri
07:03:05,151,Sheridan,,Sat
07:55:00,3,King Drive,,Mon,Tue,Wed,Thu,Fri
05:34:36,3,King Drive,,Mon,Tue,Wed,Thu,Fri
20:43:53,151,Sheridan,,Mon,Tue,Wed,Thu,Fri
15:53:25,3,King Drive,,Sat
15:38:19,151,Sheridan,,Sat
13:02:40,151,Sheridan,,Sat
12:25:08,146,Inner Lake Shore/Michigan Express,,Mon,Tue,Wed,Thu,Fri
15:09:24,3,King Drive,,Mon,Tue,Wed,Thu,Fri
07:03:45,151,Sheridan,,Mon,Tue,Wed,Thu,Fri
09:17:15,146,Inner Lake Shore/Michigan Express,,Sun
09:52:23,151,Sheridan,,Mon,Tue,Wed,Thu,Fri
23:44:34,151,Sheridan,,Mon,Tue,Wed,Thu,Fri
12:26:28,147,Outer DuSable Lake Shore Express,,Sat
21:20:24,3,King Drive,,Sat
09:19:25,157,Streeterville/Taylor,,Mon,Tue,Wed,Thu,Fri
05:43:36,3,King Drive,,Mon,Tue,Wed,Thu,Fri
20:15:06,3,King Drive,,Sat
21:14:13,151,Sheridan,,Mon,Tue,Wed,Thu,Fri
18:03:00,151,Sheridan,,Sat
18:35:13,2,Hyde Park Express,,Mon,Tue,Wed,Thu,Fri
22:58:27,146,Inner Lake Shore/Michigan Express,,Sun
07:07:18,3,King Drive,,Mon,Tue,Wed,Thu,Fri
17:41:36,3,King Drive,,Sun
15:02:57,146,Inner Lake Shore/Michigan Express,,Sun
23:45:36,3,King Drive,,Mon,Tue,Wed,Thu,Fri
17:59:25,3,King Drive,,Mon,Tue,Wed,Thu,Fri
14:53:57,146,Inner Lake Shore/Michigan Express,,Sun
07:20:15,151,Sheridan,,Sat
20:02:01,151,Sheridan,,Sat
20:12:38,146,Inner Lake Shore/Michigan Express,,Sat
19:02:31,151,Sheridan,,Sat
19:02:31,151,Sheridan,,Sat
10:30:00,3,King Drive,,Sun
11:54:12,151,Sheridan,,Sat
20:40:06,3,King Drive,,Sat
14:43:13,3,King Drive,,Sat
13:48:09,26,South Shore Express,,Mon,Tue,Wed,Thu,Fri
15:53:50,146,Inner Lake Shore/Michigan Express,,Sat
17:32:30,147,Outer DuSable Lake Shore Express,,Mon,Tue,Wed,Thu,Fri
06:05:48,147,Outer DuSable Lake Shore Express,,Mon,Tue,Wed,Thu,Fri
07:47:09,146,Inner Lake Shore/Michigan Express,,Mon,Tue,Wed,Thu,Fri
19:40:12,3,King Drive,,Sun
15:42:21,147,Outer DuSable Lake Shore Express,,Sun
09:41:22,157,Streeterville/Taylor,,Mon,Tue,Wed,Thu,Fri
09:43:41,147,Outer DuSable Lake Shore Express,,Sat
09:10:45,151,Sheridan,,Sun
10:58:23,151,Sheridan,,Mon,Tue,Wed,Thu,Fri
13:34:44,146,Inner Lake Shore/Michigan Express,,Sat
17:29:42,147,Outer DuSable Lake Shore Express,,Sat
13:09:20,146,Inner Lake Shore/Michigan Express,,Sat
23:04:34,147,Outer DuSable Lake Shore Express,,Mon,Tue,Wed,Thu,Fri
07:36:15,151,Sheridan,,Sat
17:46:39,151,Sheridan,,Sat
17:34:08,146,Inner Lake Shore/Michigan Express,,Sat
17:57:48,147,Outer DuSable Lake Shore Express,,Sat
13:23:45,146,Inner Lake Shore/Michigan Express,,Sun
07:35:15,146,Inner Lake Shore/Michigan Express,,Sat
21:03:39,147,Outer DuSable Lake Shore Express,,Sat
17:22:50,151,Sheridan,,Mon,Tue,Wed,Thu,Fri
16:52:12,151,Sheridan,,Sun
13:46:54,3,King Drive,,Sun
14:21:19,26,South Shore Express,,Mon,Tue,Wed,Thu,Fri
20:28:32,147,Outer DuSable Lake Shore Express,,Sat
06:02:25,151,Sheridan,,Sat
22:06:04,147,Outer DuSable Lake Shore Express,,Mon,Tue,Wed,Thu,Fri
23:23:02,151,Sheridan,,Sat
18:51:44,147,Outer DuSable Lake Shore Express,,Mon,Tue,Wed,Thu,Fri
12:45:40,151,Sheridan,,Sat
16:32:42,147,Outer DuSable Lake Shore Express,,Sat
16:06:19,157,Streeterville/Taylor,,Mon,Tue,Wed,Thu,Fri
20:21:38,146,Inner Lake Shore/Michigan Express,,Sat
18:44:01,151,Sheridan,,Sat
19:22:51,147,Outer DuSable Lake Shore Express,,Mon,Tue,Wed,Thu,Fri
15:28:50,146,Inner Lake Shore/Michigan Express,,Sat
22:55:45,146,Inner Lake Shore/Michigan Express,,Sat
09:17:54,26,South Shore Express,,Mon,Tue,Wed,Thu,Fri
08:22:45,151,Sheridan,,Sat
14:20:54,3,King Drive,,Sun
07:43:34,151,Sheridan,,Mon,Tue,Wed,Thu,Fri
13:41:55,147,Outer DuSable Lake Shore Express,,Sat
21:19:30,3,King Drive,,Mon,Tue,Wed,Thu,Fri
19:42:31,151,Sheridan,,Sat
13:01:21,146,Inner Lake Shore/Michigan Express,,Sun
17:59:25,3,King Drive,,Mon,Tue,Wed,Thu,Fri
08:59:18,3,King Drive,,Sun
10:42:00,3,King Drive,,Sun
14:31:54,3,King Drive,,Sun
18:53:02,151,Sheridan,,Sun
12:47:23,151,Sheridan,,Sun
19:29:18,3,King Drive,,Sat
08:36:43,151,Sheridan,,Mon,Tue,Wed,Thu,Fri
11:02:39,146,Inner Lake Shore/Michigan Express,,Sat
08:52:42,3,King Drive,,Mon,Tue,Wed,Thu,Fri
20:12:20,146,Inner Lake Shore/Michigan Express,,Mon,Tue,Wed,Thu,Fri
18:46:44,146,Inner Lake Shore/Michigan Express,,Mon,Tue,Wed,Thu,Fri
18:35:40,151,Sheridan,,Sat
17:29:42,147,Outer DuSable Lake Shore Express,,Sat
08:25:51,146,Inner Lake Shore/Michigan Express,,Mon,Tue,Wed,Thu,Fri
16:56:23,143,Stockton/Michigan Express,,Mon,Tue,Wed,Thu,Fri
17:25:25,3,King Drive,,Sat
20:22:09,147,Outer DuSable Lake Shore Express,,Mon,Tue,Wed,Thu,Fri
14:50:21,147,Outer DuSable Lake Shore Express,,Mon,Tue,Wed,Thu,Fri
16:08:42,147,Outer DuSable Lake Shore Express,,Sat
17:42:30,151,Sheridan,,Mon,Tue,Wed,Thu,Fri
08:42:25,157,Streeterville/Taylor,,Mon,Tue,Wed,Thu,Fri
09:49:24,26,South Shore Express,,Mon,Tue,Wed,Thu,Fri
18:07:40,2,Hyde Park Express,,Mon,Tue,Wed,Thu,Fri
07:28:44,26,South Shore Express,,Mon,Tue,Wed,Thu,Fri
15:22:19,151,Sheridan,,Sat
15:51:36,3,King Drive,,Sun
16:33:56,146,Inner Lake Shore/Michigan Express,,Mon,Tue,Wed,Thu,Fri
20:27:06,3,King Drive,,Sat
15:30:14,148,Clarendon/Michigan Express,,Mon,Tue,Wed,Thu,Fri
11:42:24,26,South Shore Express,,Mon,Tue,Wed,Thu,Fri
10:30:00,3,King Drive,,Sun
05:20:45,26,South Shore Express,,Mon,Tue,Wed,Thu,Fri
23:40:27,146,Inner Lake Shore/Michigan Express,,Mon,Tue,Wed,Thu,Fri
18:24:54,3,King Drive,,Sun
16:53:49,2,Hyde Park Express,,Mon,Tue,Wed,Thu,Fri
18:58:02,147,Outer DuSable Lake Shore Express,,Mon,Tue,Wed,Thu,Fri
13:23:54,3,King Drive,,Sun
16:07:31,3,King Drive,,Mon,Tue,Wed,Thu,Fri
20:22:51,146,Inner Lake Shore/Michigan Express,,Sun
13:12:33,146,Inner Lake Shore/Michigan Express,,Sun
18:25:01,146,Inner Lake Shore/Michigan Express,,Mon,Tue,Wed,Thu,Fri
19:56:09,147,Outer DuSable Lake Shore Express,,Mon,Tue,Wed,Thu,Fri
12:28:24,26,South Shore Express,,Mon,Tue,Wed,Thu,Fri
19:50:24,3,King Drive,,Mon,Tue,Wed,Thu,Fri
19:06:48,3,King Drive,,Sat
18:17:38,146,Inner Lake Shore/Michigan Express,,Sun
09:14:18,147,Outer DuSable Lake Shore Express,,Sun
15:33:12,151,Sheridan,,Sun
15:33:31,151,Sheridan,,Mon,Tue,Wed,Thu,Fri
16:27:49,151,Sheridan,,Sat
14:59:25,3,King Drive,,Sat
07:55:45,146,Inner Lake Shore/Michigan Express,,Sun
12:24:12,151,Sheridan,,Mon,Tue,Wed,Thu,Fri
12:12:24,26,South Shore Express,,Mon,Tue,Wed,Thu,Fri
14:26:30,151,Sheridan,,Sat
12:16:57,146,Inner Lake Shore/Michigan Express,,Sat
08:35:48,3,King Drive,,Sat
23:44:04,147,Outer DuSable Lake Shore Express,,Sat
07:30:04,151,Sheridan,,Mon,Tue,Wed,Thu,Fri
17:46:39,151,Sheridan,,Sat
18:33:54,3,King Drive,,Sun
17:49:31,148,Clarendon/Michigan Express,,Mon,Tue,Wed,Thu,Fri
20:15:06,3,King Drive,,Sat
23:55:45,146,Inner Lake Shore/Michigan Express,,Sun
13:34:57,146,Inner Lake Shore/Michigan Express,,Mon,Tue,Wed,Thu,Fri
20:19:32,147,Outer DuSable Lake Shore Express,,Sat
19:42:31,151,Sheridan,,Sat
15:09:21,147,Outer DuSable Lake Shore Express,,Sun
07:54:15,146,Inner Lake Shore/Michigan Express,,Sat
11:37:12,3,King Drive,,Mon,Tue,Wed,Thu,Fri
12:56:04,147,Outer DuSable Lake Shore Express,,Sun
14:25:21,147,Outer DuSable Lake Shore Express,,Sun
16:56:25,3,King Drive,,Sat
13:58:44,146,Inner Lake Shore/Michigan Express,,Sat
16:00:02,147,Outer DuSable Lake Shore Express,,Mon,Tue,Wed,Thu,Fri
16:40:42,147,Outer DuSable Lake Shore Express,,Sat
17:09:08,146,Inner Lake Shore/Michigan Express,,Sat
12:14:27,146,Inner Lake Shore/Michigan Express,,Mon,Tue,Wed,Thu,Fri
09:33:43,151,Sheridan,,Mon,Tue,Wed,Thu,Fri
22:25:23,147,Outer DuSable Lake Shore Express,,Sun
18:29:44,148,Clarendon/Michigan Express,,Mon,Tue,Wed,Thu,Fri
18:35:40,151,Sheridan,,Sat
08:21:49,2,Hyde Park Express,,Mon,Tue,Wed,Thu,Fri
19:22:31,151,Sheridan,,Sat
20:34:55,157,Streeterville/Taylor,,Mon,Tue,Wed,Thu,Fri
10:38:21,146,Inner Lake Shore/Michigan Express,,Sun
23:08:02,151,Sheridan,,Sat
18:36:25,147,Outer DuSable Lake Shore Express,,Mon,Tue,Wed,Thu,Fri
09:49:27,146,Inner Lake Shore/Michigan Express,,Sat
07:47:09,146,Inner Lake Shore/Michigan Express,,Mon,Tue,Wed,Thu,Fri
11:49:04,147,Outer DuSable Lake Shore Express,,Sun
19:52:38,146,Inner Lake Shore/Michigan Express,,Mon,Tue,Wed,Thu,Fri
16:30:48,143,Stockton/Michigan Express,,Mon,Tue,Wed,Thu,Fri
19:12:31,151,Sheridan,,Sat
10:28:39,146,Inner Lake Shore/Michigan Express,,Sat
08:38:15,146,Inner Lake Shore/Michigan Express,,Sun
07:38:00,147,Outer DuSable Lake Shore Express,,Sun
18:06:07,147,Outer DuSable Lake Shore Express,,Sat
18:50:13,2,Hyde Park Express,,Mon,Tue,Wed,Thu,Fri
05:53:46,151,Sheridan,,Sun
18:56:39,157,Streeterville/Taylor,,Mon,Tue,Wed,Thu,Fri
18:25:02,147,Outer DuSable Lake Shore Express,,Sun
07:18:57,146,Inner Lake Shore/Michigan Express,,Mon,Tue,Wed,Thu,Fri
19:15:25,157,Streeterville/Taylor,,Mon,Tue,Wed,Thu,Fri
09:11:27,146,Inner Lake Shore/Michigan Express,,Sat
11:12:54,26,South Shore Express,,Mon,Tue,Wed,Thu,Fri
16:02:42,151,Sheridan,,Sun
19:41:24,3,King Drive,,Mon,Tue,Wed,Thu,Fri
21:52:42,151,Sheridan,,Sat
12:16:13,151,Sheridan,,Sun
13:05:06,3,King Drive,,Sat
11:06:28,147,Outer DuSable Lake Shore Express,,Sat
11:03:53,151,Sheridan,,Sat
12:39:57,146,Inner Lake Shore/Michigan Express,,Sat
15:23:12,151,Sheridan,,Sun
15:07:06,3,King Drive,,Sun
08:49:48,3,King Drive,,Sat
15:53:36,157,Streeterville/Taylor,,Mon,Tue,Wed,Thu,Fri
11:52:51,146,Inner Lake Shore/Michigan Express,,Sun
19:58:20,146,Inner Lake Shore/Michigan Express,,Mon,Tue,Wed,Thu,Fri
18:08:42,143,Stockton/Michigan Express,,Mon,Tue,Wed,Thu,Fri
12:00:16,147,Outer DuSable Lake Shore Express,,Sun
09:54:12,3,King Drive,,Mon,Tue,Wed,Thu,Fri
16:57:37,147,Outer DuSable Lake Shore Express,,Mon,Tue,Wed,Thu,Fri
08:49:24,2,Hyde Park Express,,Mon,Tue,Wed,Thu,Fri
14:35:57,146,Inner Lake Shore/Michigan Express,,Sun
08:01:24,2,Hyde Park Express,,Mon,Tue,Wed,Thu,Fri
13:58:44,146,Inner Lake Shore/Michigan Express,,Sat
15:54:19,151,Sheridan,,Sat
21:19:30,3,King Drive,,Mon,Tue,Wed,Thu,Fri
07:35:36,3,King Drive,,Sun
13:40:39,147,Outer DuSable Lake Shore Express,,Mon,Tue,Wed,Thu,Fri
18:50:15,146,Inner Lake Shore/Michigan Express,,Sun
16:16:42,147,Outer DuSable Lake Shore Express,,Sat
15:00:42,147,Outer DuSable Lake Shore Express,,Sat
21:08:12,151,Sheridan,,Sat
22:53:51,146,Inner Lake Shore/Michigan Express,,Mon,Tue,Wed,Thu,Fri
15:33:31,151,Sheridan,,Mon,Tue,Wed,Thu,Fri
19:34:12,151,Sheridan,,Mon,Tue,Wed,Thu,Fri
11:48:46,147,Outer DuSable Lake Shore Express,,Mon,Tue,Wed,Thu,Fri
19:13:02,146,Inner Lake Shore/Michigan Express,,Mon,Tue,Wed,Thu,Fri
22:07:42,151,Sheridan,,Sat
12:21:12,3,King Drive,,Mon,Tue,Wed,Thu,Fri
18:22:48,3,King Drive,,Sat
06:45:35,26,South Shore Express,,Mon,Tue,Wed,Thu,Fri
17:27:50,151,Sheridan,,Mon,Tue,Wed,Thu,Fri
22:23:02,151,Sheridan,,Sat
19:13:14,147,Outer DuSable Lake Shore Express,,Sat
17:04:25,3,King Drive,,Mon,Tue,Wed,Thu,Fri
08:55:43,151,Sheridan,,Mon,Tue,Wed,Thu,Fri
07:17:35,151,Sheridan,,Sun
18:10:25,3,King Drive,,Mon,Tue,Wed,Thu,Fri
13:50:44,146,Inner Lake Shore/Michigan Express,,Sat
24:08:43,151,Sheridan,,Sat
15:48:44,146,Inner Lake Shore/Michigan Express,,Mon,Tue,Wed,Thu,Fri
14:25:36,157,Streeterville/Taylor,,Mon,Tue,Wed,Thu,Fri
09:35:42,3,King Drive,,Mon,Tue,Wed,Thu,Fri
12:47:54,3,King Drive,,Sun
19:06:32,146,Inner Lake Shore/Michigan Express,,Mon,Tue,Wed,Thu,Fri
11:50:22,157,Streeterville/Taylor,,Mon,Tue,Wed,Thu,Fri
14:35:57,146,Inner Lake Shore/Michigan Express,,Mon,Tue,Wed,Thu,Fri
07:59:54,26,South Shore Express,,Mon,Tue,Wed,Thu,Fri
16:38:25,3,King Drive,,Sat
23:24:04,147,Outer DuSable Lake Shore Express,,Sat
17:52:12,151,Sheridan,,Sun
08:18:00,147,Outer DuSable Lake Shore Express,,Sun
23:44:34,147,Outer DuSable Lake Shore Express,,Mon,Tue,Wed,Thu,Fri
17:23:00,147,Outer DuSable Lake Shore Express,,Sat
15:29:36,157,Streeterville/Taylor,,Mon,Tue,Wed,Thu,Fri
12:22:46,147,Outer DuSable Lake Shore Express,,Sun
15:23:08,146,Inner Lake Shore/Michigan Express,,Sun
21:38:42,151,Sheridan,,Sat
17:05:25,3,King Drive,,Sat
16:26:44,147,Outer DuSable Lake Shore Express,,Mon,Tue,Wed,Thu,Fri
15:33:12,151,Sheridan,,Sun
16:57:37,147,Outer DuSable Lake Shore Express,,Mon,Tue,Wed,Thu,Fri
14:53:57,146,Inner Lake Shore/Michigan Express,,Sun
09:38:48,3,King Drive,,Sat
22:33:48,3,King Drive,,Sun
16:53:08,146,Inner Lake Shore/Michigan Express,,Mon,Tue,Wed,Thu,Fri
17:41:58,143,Stockton/Michigan Express,,Mon,Tue,Wed,Thu,Fri
13:07:54,3,King Drive,,Mon,Tue,Wed,Thu,Fri
14:26:57,146,Inner Lake Shore/Michigan Express,,Sun
15:43:12,147,Outer DuSable Lake Shore Express,,Sat
15:53:12,151,Sheridan,,Sun
17:56:50,146,Inner Lake Shore/Michigan Express,,Sat
15:38:14,146,Inner Lake Shore/Michigan Express,,Mon,Tue,Wed,Thu,Fri
16:15:48,143,Stockton/Michigan Express,,Mon,Tue,Wed,Thu,Fri
11:59:12,3,King Drive,,Mon,Tue,Wed,Thu,Fri
21:32:12,3,King Drive,,Sat
05:12:25,151,Sheridan,,Mon,Tue,Wed,Thu,Fri
17:41:00,147,Outer DuSable Lake Shore Express,,Mon,Tue,Wed,Thu,Fri
07:46:18,3,King Drive,,Mon,Tue,Wed,Thu,Fri
06:41:48,147,Outer DuSable Lake Shore Express,,Sat
15:24:02,147,Outer DuSable Lake Shore Express,,Mon,Tue,Wed,Thu,Fri
08:40:42,3,King Drive,,Mon,Tue,Wed,Thu,Fri
15:42:24,3,King Drive,,Mon,Tue,Wed,Thu,Fri
08:06:53,147,Outer DuSable Lake Shore Express,,Mon,Tue,Wed,Thu,Fri
23:59:06,3,King Drive,,Sat
16:51:44,148,Clarendon/Michigan Express,,Mon,Tue,Wed,Thu,Fri
14:47:21,147,Outer DuSable Lake Shore Express,,Sun
13:11:40,151,Sheridan,,Sat
16:09:14,148,Clarendon/Michigan Express,,Mon,Tue,Wed,Thu,Fri
16:02:25,3,King Drive,,Sat
12:05:43,151,Sheridan,,Sun
16:02:19,151,Sheridan,,Sat
11:45:13,151,Sheridan,,Sun
22:23:02,151,Sheridan,,Sat
10:18:51,146,Inner Lake Shore/Michigan Express,,Mon,Tue,Wed,Thu,Fri
17:08:50,146,Inner Lake Shore/Michigan Express,,Mon,Tue,Wed,Thu,Fri
11:47:32,151,Sheridan,,Mon,Tue,Wed,Thu,Fri
09:22:51,146,Inner Lake Shore/Michigan Express,,Mon,Tue,Wed,Thu,Fri
13:50:48,3,King Drive,,Sat
16:30:48,143,Stockton/Michigan Express,,Mon,Tue,Wed,Thu,Fri
18:32:25,3,King Drive,,Mon,Tue,Wed,Thu,Fri
19:54:02,147,Outer DuSable Lake Shore Express,,Sat
18:04:18,147,Outer DuSable Lake Shore Express,,Mon,Tue,Wed,Thu,Fri
23:59:06,3,King Drive,,Sat
09:11:41,147,Outer DuSable Lake Shore Express,,Sat
08:42:45,151,Sheridan,,Sun
20:43:27,146,Inner Lake Shore/Michigan Express,,Mon,Tue,Wed,Thu,Fri
11:20:42,3,King Drive,,Sun
23:31:24,3,King Drive,,Sun
21:59:13,151,Sheridan,,Mon,Tue,Wed,Thu,Fri
11:34:51,146,Inner Lake Shore/Michigan Express,,Sun
18:30:20,146,Inner Lake Shore/Michigan Express,,Mon,Tue,Wed,Thu,Fri
17:12:50,151,Sheridan,,Mon,Tue,Wed,Thu,Fri
23:16:45,146,Inner Lake Shore/Michigan Express,,Sun
16:32:50,151,Sheridan,,Mon,Tue,Wed,Thu,Fri
06:56:35,26,South Shore Express,,Mon,Tue,Wed,Thu,Fri
07:15:36,3,King Drive,,Sun
16:43:02,148,Clarendon/Michigan Express,,Mon,Tue,Wed,Thu,Fri
07:14:48,3,King Drive,,Mon,Tue,Wed,Thu,Fri
20:40:09,147,Outer DuSable Lake Shore Express,,Mon,Tue,Wed,Thu,Fri
22:11:38,146,Inner Lake Shore/Michigan Express,,Sat
20:51:38,146,Inner Lake Shore/Michigan Express,,Sat
14:36:21,147,Outer DuSable Lake Shore Express,,Sun
17:55:55,3,King Drive,,Sat
06:46:45,151,Sheridan,,Mon,Tue,Wed,Thu,Fri
06:00:07,147,Outer DuSable Lake Shore Express,,Sat
20:26:24,3,King Drive,,Mon,Tue,Wed,Thu,Fri
20:16:16,147,Outer DuSable Lake Shore Express,,Sun
19:38:38,146,Inner Lake Shore/Michigan Express,,Mon,Tue,Wed,Thu,Fri
09:45:34,151,Sheridan,,Sat
20:02:32,147,Outer DuSable Lake Shore Express,,Sat
07:33:09,146,Inner Lake Shore/Michigan Express,,Mon,Tue,Wed,Thu,Fri
18:48:55,143,Stockton/Michigan Express,,Mon,Tue,Wed,Thu,Fri
07:33:28,157,Streeterville/Taylor,,Mon,Tue,Wed,Thu,Fri
19:37:02,151,Sheridan,,Sun
12:28:27,146,Inner Lake Shore/Michigan Express,,Sat
08:22:30,147,Outer DuSable Lake Shore Express,,Sat
21:16:57,146,Inner Lake Shore/Michigan Express,,Mon,Tue,Wed,Thu,Fri
18:21:25,3,King Drive,,Mon,Tue,Wed,Thu,Fri
13:29:04,147,Outer DuSable Lake Shore Express,,Sun
17:12:50,146,Inner Lake Shore/Michigan Express,,Mon,Tue,Wed,Thu,Fri
21:08:06,3,King Drive,,Sat
16:16:42,147,Outer DuSable Lake Shore Express,,Sat
12:00:54,3,King Drive,,Sat
15:31:21,147,Outer DuSable Lake Shore Express,,Sun
18:04:20,146,Inner Lake Shore/Michigan Express,,Sat
14:58:21,147,Outer DuSable Lake Shore Express,,Sun
17:45:25,3,King Drive,,Sat
10:14:04,151,Sheridan,,Sun
12:34:54,3,King Drive,,Mon,Tue,Wed,Thu,Fri
19:07:02,147,Outer DuSable Lake Shore Express,,Mon,Tue,Wed,Thu,Fri
01:30:05,151,Sheridan,,Sun
14:54:24,3,King Drive,,Sun
11:02:23,147,Outer DuSable Lake Shore Express,,Sun
16:22:42,151,Sheridan,,Sun
12:28:01,151,Sheridan,,Sat
10:30:03,146,Inner Lake Shore/Michigan Express,,Mon,Tue,Wed,Thu,Fri
18:11:48,3,King Drive,,Sat
23:10:33,146,Inner Lake Shore/Michigan Express,,Sat
08:25:51,146,Inner Lake Shore/Michigan Express,,Mon,Tue,Wed,Thu,Fri
21:13:28,147,Outer DuSable Lake Shore Express,,Sat
08:28:24,26,South Shore Express,,Mon,Tue,Wed,Thu,Fri
18:35:38,146,Inner Lake Shore/Michigan Express,,Mon,Tue,Wed,Thu,Fri
06:51:45,146,Inner Lake Shore/Michigan Express,,Mon,Tue,Wed,Thu,Fri
15:42:21,147,Outer DuSable Lake Shore Express,,Sun
09:37:24,151,Sheridan,,Sun
15:06:19,151,Sheridan,,Sat
19:04:50,146,Inner Lake Shore/Michigan Express,,Sat
16:57:36,3,King Drive,,Sun
14:51:12,151,Sheridan,,Sun
10:14:04,151,Sheridan,,Sun
10:25:23,151,Sheridan,,Mon,Tue,Wed,Thu,Fri
17:07:28,151,Sheridan,,Sat
20:45:51,146,Inner Lake Shore/Michigan Express,,Sun
09:11:41,147,Outer DuSable Lake Shore Express,,Sat
08:27:45,151,Sheridan,,Sun
13:32:48,3,King Drive,,Sat
20:08:24,3,King Drive,,Mon,Tue,Wed,Thu,Fri
16:51:49,151,Sheridan,,Sat
18:12:50,151,Sheridan,,Mon,Tue,Wed,Thu,Fri
16:13:10,151,Sheridan,,Mon,Tue,Wed,Thu,Fri
14:35:51,151,Sheridan,,Mon,Tue,Wed,Thu,Fri
16:35:36,3,King Drive,,Sun
22:53:48,3,King Drive,,Sun
14:25:36,157,Streeterville/Taylor,,Mon,Tue,Wed,Thu,Fri
18:31:30,147,Outer DuSable Lake Shore Express,,Sat
11:46:02,151,Sheridan,,Sat
10:59:04,147,Outer DuSable Lake Shore Express,,Mon,Tue,Wed,Thu,Fri
16:46:02,147,Outer DuSable Lake Shore Express,,Sun
16:13:36,3,King Drive,,Sun
13:54:40,151,Sheridan,,Sat
14:00:12,151,Sheridan,,Mon,Tue,Wed,Thu,Fri
20:30:43,151,Sheridan,,Sun
12:53:40,151,Sheridan,,Sat
05:52:25,26,South Shore Express,,Mon,Tue,Wed,Thu,Fri
18:41:26,146,Inner Lake Shore/Michigan Express,,Mon,Tue,Wed,Thu,Fri
06:59:48,3,King Drive,,Mon,Tue,Wed,Thu,Fri
16:42:25,3,King Drive,,Mon,Tue,Wed,Thu,Fri
12:36:54,3,King Drive,,Sat
06:20:25,26,South Shore Express,,Mon,Tue,Wed,Thu,Fri
20:51:42,3,King Drive,,Mon,Tue,Wed,Thu,Fri
11:48:12,3,King Drive,,Mon,Tue,Wed,Thu,Fri
19:49:02,151,Sheridan,,Sun
08:36:45,151,Sheridan,,Sat
14:13:54,3,King Drive,,Mon,Tue,Wed,Thu,Fri
18:03:01,3,King Drive,,Sat
01:10:35,151,Sheridan,,Mon
09:35:42,3,King Drive,,Mon,Tue,Wed,Thu,Fri
23:29:36,3,King Drive,,Mon,Tue,Wed,Thu,Fri
14:42:54,3,King Drive,,Sun
12:42:51,147,Outer DuSable Lake Shore Express,,Sat
16:24:42,147,Outer DuSable Lake Shore Express,,Sat
17:07:50,151,Sheridan,,Mon,Tue,Wed,Thu,Fri
16:32:50,151,Sheridan,,Mon,Tue,Wed,Thu,Fri
18:00:18,147,Outer DuSable Lake Shore Express,,Mon,Tue,Wed,Thu,Fri
15:36:50,146,Inner Lake Shore/Michigan Express,,Sat
15:38:19,151,Sheridan,,Sat
16:35:20,146,Inner Lake Shore/Michigan Express,,Sat
11:33:16,147,Outer DuSable Lake Shore Express,,Mon,Tue,Wed,Thu,Fri
14:11:51,151,Sheridan,,Mon,Tue,Wed,Thu,Fri
18:11:48,3,King Drive,,Sat
17:20:19,2,Hyde Park Express,,Mon,Tue,Wed,Thu,Fri
20:46:02,147,Outer DuSable Lake Shore Express,,Sat
08:42:49,2,Hyde Park Express,,Mon,Tue,Wed,Thu,Fri
09:52:00,3,King Drive,,Sat
00:54:05,151,Sheridan,,Mon
10:15:41,147,Outer DuSable Lake Shore Express,,Sat
22:39:51,146,Inner Lake Shore/Michigan Express,,Mon,Tue,Wed,Thu,Fri
20:11:51,151,Sheridan,,Sat
16:40:42,147,Outer DuSable Lake Shore Express,,Sat
11:03:53,151,Sheridan,,Sat
17:56:10,157,Streeterville/Taylor,,Mon,Tue,Wed,Thu,Fri
11:22:28,147,Outer DuSable Lake Shore Express,,Sat
18:23:59,157,Streeterville/Taylor,,Mon,Tue,Wed,Thu,Fri
17:11:08,146,Inner Lake Shore/Michigan Express,,Sun
11:31:54,3,King Drive,,Sat
06:44:35,151,Sheridan,,Sat
13:08:02,151,Sheridan,,Sun
20:14:09,147,Outer DuSable Lake Shore Express,,Mon,Tue,Wed,Thu,Fri
18:02:12,151,Sheridan,,Sun
14:41:02,151,Sheridan,,Sun
17:22:12,151,Sheridan,,Sun
16:03:21,147,Outer DuSable Lake Shore Express,,Sun
10:19:12,3,King Drive,,Sat
16:43:31,146,Inner Lake Shore/Michigan Express,,Sat
10:14:23,151,Sheridan,,Mon,Tue,Wed,Thu,Fri
20:12:38,146,Inner Lake Shore/Michigan Express,,Sat
00:40:54,151,Sheridan,,Sun
11:56:42,3,King Drive,,Sun
12:37:13,151,Sheridan,,Sun
17:41:08,146,Inner Lake Shore/Michigan Express,,Sat
20:07:18,3,King Drive,,Sun
11:59:42,151,Sheridan,,Mon,Tue,Wed,Thu,Fri
19:06:48,3,King Drive,,Sat
17:56:43,2,Hyde Park Express,,Mon,Tue,Wed,Thu,Fri
07:03:05,151,Sheridan,,Sat
21:14:55,157,Streeterville/Taylor,,Mon,Tue,Wed,Thu,Fri
21:33:28,147,Outer DuSable Lake Shore Express,,Sat
20:12:20,146,Inner Lake Shore/Michigan Express,,Mon,Tue,Wed,Thu,Fri
18:42:12,151,Sheridan,,Sun
16:51:49,151,Sheridan,,Sat
09:35:04,151,Sheridan,,Sat
19:33:21,146,Inner Lake Shore/Michigan Express,,Sun
13:28:32,151,Sheridan,,Sun
07:59:54,26,South Shore Express,,Mon,Tue,Wed,Thu,Fri
21:35:46,147,Outer DuSable Lake Shore Express,,Mon,Tue,Wed,Thu,Fri
06:46:45,151,Sheridan,,Mon,Tue,Wed,Thu,Fri
09:24:24,151,Sheridan,,Sun
07:34:30,147,Outer DuSable Lake Shore Express,,Sat
19:07:02,147,Outer DuSable Lake Shore Express,,Mon,Tue,Wed,Thu,Fri
13:40:54,3,King Drive,,Mon,Tue,Wed,Thu,Fri
12:45:04,147,Outer DuSable Lake Shore Express,,Sun
21:30:30,3,King Drive,,Mon,Tue,Wed,Thu,Fri
18:19:43,146,Inner Lake Shore/Michigan Express,,Mon,Tue,Wed,Thu,Fri
10:16:57,146,Inner Lake Shore/Michigan Express,,Sun
06:17:06,3,King Drive,,Mon,Tue,Wed,Thu,Fri
20:54:55,157,Streeterville/Taylor,,Mon,Tue,Wed,Thu,Fri
18:02:12,151,Sheridan,,Sun
14:40:06,157,Streeterville/Taylor,,Mon,Tue,Wed,Thu,Fri
10:51:34,151,Sheridan,,Sun
17:45:25,3,King Drive,,Sat
20:33:51,146,Inner Lake Shore/Michigan Express,,Sun
14:14:21,147,Outer DuSable Lake Shore Express,,Sun
16:44:08,146,Inner Lake Shore/Michigan Express,,Sun
16:57:08,146,Inner Lake Shore/Michigan Express,,Mon,Tue,Wed,Thu,Fri
16:19:49,151,Sheridan,,Sat
21:56:38,146,Inner Lake Shore/Michigan Express,,Sat
16:52:12,151,Sheridan,,Sun
18:48:55,143,Stockton/Michigan Express,,Mon,Tue,Wed,Thu,Fri
22:30:34,147,Outer DuSable Lake Shore Express,,Mon,Tue,Wed,Thu,Fri
21:44:13,151,Sheridan,,Mon,Tue,Wed,Thu,Fri
11:56:42,3,King Drive,,Sun
10:14:23,151,Sheridan,,Mon,Tue,Wed,Thu,Fri
12:11:16,147,Outer DuSable Lake Shore Express,,Sun
17:50:00,147,Outer DuSable Lake Shore Express,,Mon,Tue,Wed,Thu,Fri
06:37:55,2,Hyde Park Express,,Mon,Tue,Wed,Thu,Fri
12:59:54,3,King Drive,,Sun
08:17:18,3,King Drive,,Sat
14:14:21,147,Outer DuSable Lake Shore Express,,Sun
12:35:54,3,King Drive,,Sun
16:32:42,147,Outer DuSable Lake Shore Express,,Sat
11:53:15,146,Inner Lake Shore/Michigan Express,,Mon,Tue,Wed,Thu,Fri
11:57:24,26,South Shore Express,,Mon,Tue,Wed,Thu,Fri
16:01:50,146,Inner Lake Shore/Michigan Express,,Sat
15:30:19,151,Sheridan,,Sat
10:32:12,3,King Drive,,Mon,Tue,Wed,Thu,Fri
17:09:37,2,Hyde Park Express,,Mon,Tue,Wed,Thu,Fri
22:41:27,146,Inner Lake Shore/Michigan Express,,Sat
09:49:24,26,South Shore Express,,Mon,Tue,Wed,Thu,Fri
18:35:38,146,Inner Lake Shore/Michigan Express,,Mon,Tue,Wed,Thu,Fri
11:35:13,151,Sheridan,,Sun
20:19:50,146,Inner Lake Shore/Michigan Express,,Mon,Tue,Wed,Thu,Fri
06:55:48,3,King Drive,,Sat
12:37:01,151,Sheridan,,Sat
09:01:24,2,Hyde Park Express,,Mon,Tue,Wed,Thu,Fri
11:17:16,147,Outer DuSable Lake Shore Express,,Mon,Tue,Wed,Thu,Fri
12:49:39,147,Outer DuSable Lake Shore Express,,Mon,Tue,Wed,Thu,Fri
16:17:08,146,Inner Lake Shore/Michigan Express,,Sun
12:36:54,3,King Drive,,Sat
07:51:54,151,Sheridan,,Sat
01:20:35,151,Sheridan,,Tue,Wed,Thu,Fri,Sat
23:38:34,151,Sheridan,,Sun
06:06:55,26,South Shore Express,,Mon,Tue,Wed,Thu,Fri
13:20:40,151,Sheridan,,Sat
08:27:42,3,King Drive,,Mon,Tue,Wed,Thu,Fri
00:40:35,151,Sheridan,,Tue,Wed,Thu,Fri,Sat
08:17:15,146,Inner Lake Shore/Michigan Express,,Sun
21:35:18,3,King Drive,,Sun
13:14:48,3,King Drive,,Sat
15:22:19,151,Sheridan,,Sat
11:54:43,151,Sheridan,,Sun
07:16:54,151,Sheridan,,Mon,Tue,Wed,Thu,Fri
17:12:12,151,Sheridan,,Sun
17:42:53,157,Streeterville/Taylor,,Mon,Tue,Wed,Thu,Fri
08:52:27,146,Inner Lake Shore/Michigan Express,,Sat
22:02:12,3,King Drive,,Sat
17:29:21,143,Stockton/Michigan Express,,Mon,Tue,Wed,Thu,Fri
09:04:42,3,King Drive,,Mon,Tue,Wed,Thu,Fri
13:41:55,147,Outer DuSable Lake Shore Express,,Sat
13:48:32,151,Sheridan,,Sun
14:36:24,3,King Drive,,Mon,Tue,Wed,Thu,Fri
16:38:25,3,King Drive,,Sat
08:46:42,3,King Drive,,Mon,Tue,Wed,Thu,Fri
17:05:07,147,Outer DuSable Lake Shore Express,,Mon,Tue,Wed,Thu,Fri
06:56:35,151,Sheridan,,Sun
01:13:35,151,Sheridan,,Sun
11:42:24,3,King Drive,,Sat
14:58:21,147,Outer DuSable Lake Shore Express,,Sun
18:12:50,151,Sheridan,,Mon,Tue,Wed,Thu,Fri
20:03:06,3,King Drive,,Sat
16:15:02,147,Outer DuSable Lake Shore Express,,Mon,Tue,Wed,Thu,Fri
17:01:20,146,Inner Lake Shore/Michigan Express,,Sat
17:17:50,151,Sheridan,,Mon,Tue,Wed,Thu,Fri
14:14:44,146,Inner Lake Shore/Michigan Express,,Sat
11:04:12,3,King Drive,,Mon,Tue,Wed,Thu,Fri
19:47:46,147,Outer DuSable Lake Shore Express,,Sun
09:48:30,3,King Drive,,Sun
22:15:21,146,Inner Lake Shore/Michigan Express,,Mon,Tue,Wed,Thu,Fri
18:25:01,146,Inner Lake Shore/Michigan Express,,Mon,Tue,Wed,Thu,Fri
21:41:43,151,Sheridan,,Sun
16:52:50,151,Sheridan,,Mon,Tue,Wed,Thu,Fri
12:33:34,147,Outer DuSable Lake Shore Express,,Sun
12:19:28,147,Outer DuSable Lake Shore Express,,Mon,Tue,Wed,Thu,Fri
07:43:34,151,Sheridan,,Mon,Tue,Wed,Thu,Fri
17:16:53,157,Streeterville/Taylor,,Mon,Tue,Wed,Thu,Fri
16:31:25,3,King Drive,,Mon,Tue,Wed,Thu,Fri
08:20:24,26,South Shore Express,,Mon,Tue,Wed,Thu,Fri
22:47:34,147,Outer DuSable Lake Shore Express,,Sat
18:42:12,151,Sheridan,,Sun
22:40:34,151,Sheridan,,Sun
13:36:12,151,Sheridan,,Mon,Tue,Wed,Thu,Fri
21:26:46,147,Outer DuSable Lake Shore Express,,Mon,Tue,Wed,Thu,Fri
15:23:08,146,Inner Lake Shore/Michigan Express,,Sun
09:14:04,151,Sheridan,,Sat
21:36:21,146,Inner Lake Shore/Michigan Express,,Sun
23:23:09,146,Inner Lake Shore/Michigan Express,,Mon,Tue,Wed,Thu,Fri
10:59:04,147,Outer DuSable Lake Shore Express,,Mon,Tue,Wed,Thu,Fri
11:20:32,151,Sheridan,,Sat
17:56:50,146,Inner Lake Shore/Michigan Express,,Sat
14:55:19,26,South Shore Express,,Mon,Tue,Wed,Thu,Fri
19:33:21,146,Inner Lake Shore/Michigan Express,,Sun
10:55:23,151,Sheridan,,Sat
09:54:12,3,King Drive,,Mon,Tue,Wed,Thu,Fri
19:12:50,146,Inner Lake Shore/Michigan Express,,Sat
20:40:18,3,King Drive,,Sun
19:21:14,147,Outer DuSable Lake Shore Express,,Sat
17:37:25,3,King Drive,,Mon,Tue,Wed,Thu,Fri
18:52:31,151,Sheridan,,Sat
18:09:13,2,Hyde Park Express,,Mon,Tue,Wed,Thu,Fri
11:37:34,147,Outer DuSable Lake Shore Express,,Sun
21:41:38,146,Inner Lake Shore/Michigan Express,,Sat
11:19:39,146,Inner Lake Shore/Michigan Express,,Sat
18:33:31,151,Sheridan,,Mon,Tue,Wed,Thu,Fri
18:33:48,3,King Drive,,Sat
13:34:36,157,Streeterville/Taylor,,Mon,Tue,Wed,Thu,Fri
12:45:54,3,King Drive,,Sat
17:02:08,146,Inner Lake Shore/Michigan Express,,Sun
10:08:57,146,Inner Lake Shore/Michigan Express,,Sat
12:18:54,3,King Drive,,Sat
00:35:15,151,Sheridan,,Mon
12:45:08,146,Inner Lake Shore/Michigan Express,,Mon,Tue,Wed,Thu,Fri
18:15:37,147,Outer DuSable Lake Shore Express,,Mon,Tue,Wed,Thu,Fri
07:55:04,151,Sheridan,,Mon,Tue,Wed,Thu,Fri
11:02:39,146,Inner Lake Shore/Michigan Express,,Sat
13:28:32,151,Sheridan,,Sun
14:06:44,146,Inner Lake Shore/Michigan Express,,Sat
19:22:12,151,Sheridan,,Mon,Tue,Wed,Thu,Fri
11:54:28,147,Outer DuSable Lake Shore Express,,Sat
19:39:09,147,Outer DuSable Lake Shore Express,,Mon,Tue,Wed,Thu,Fri
19:52:38,146,Inner Lake Shore/Michigan Express,,Mon,Tue,Wed,Thu,Fri
18:33:54,3,King Drive,,Sun
08:00:51,146,Inner Lake Shore/Michigan Express,,Mon,Tue,Wed,Thu,Fri
08:10:49,2,Hyde Park Express,,Mon,Tue,Wed,Thu,Fri
21:08:12,151,Sheridan,,Sat
19:25:42,3,King Drive,,Sun
16:49:26,157,Streeterville/Taylor,,Mon,Tue,Wed,Thu,Fri
15:45:20,146,Inner Lake Shore/Michigan Express,,Sat
13:58:24,3,King Drive,,Sun
16:15:48,143,Stockton/Michigan Express,,Mon,Tue,Wed,Thu,Fri
16:00:02,147,Outer DuSable Lake Shore Express,,Mon,Tue,Wed,Thu,Fri
10:37:04,151,Sheridan,,Sat
16:37:14,147,Outer DuSable Lake Shore Express,,Mon,Tue,Wed,Thu,Fri
18:33:27,146,Inner Lake Shore/Michigan Express,,Sun
09:24:13,151,Sheridan,,Mon,Tue,Wed,Thu,Fri
11:37:12,3,King Drive,,Mon,Tue,Wed,Thu,Fri
13:40:54,3,King Drive,,Mon,Tue,Wed,Thu,Fri
12:10:12,3,King Drive,,Mon,Tue,Wed,Thu,Fri
10:52:03,146,Inner Lake Shore/Michigan Express,,Mon,Tue,Wed,Thu,Fri
13:23:48,3,King Drive,,Sat
14:04:57,146,Inner Lake Shore/Michigan Express,,Mon,Tue,Wed,Thu,Fri
15:54:06,3,King Drive,,Mon,Tue,Wed,Thu,Fri
15:20:50,146,Inner Lake Shore/Michigan Express,,Sat
18:36:25,147,Outer DuSable Lake Shore Express,,Mon,Tue,Wed,Thu,Fri
05:36:36,3,King Drive,,Sat
13:46:10,151,Sheridan,,Sat
14:16:21,147,Outer DuSable Lake Shore Express,,Mon,Tue,Wed,Thu,Fri
13:29:54,3,King Drive,,Mon,Tue,Wed,Thu,Fri
06:14:55,151,Sheridan,,Sun
07:16:15,157,Streeterville/Taylor,,Mon,Tue,Wed,Thu,Fri
13:09:32,147,Outer DuSable Lake Shore Express,,Sat
07:37:18,3,King Drive,,Mon,Tue,Wed,Thu,Fri
17:27:30,147,Outer DuSable Lake Shore Express,,Mon,Tue,Wed,Thu,Fri
19:50:24,3,King Drive,,Mon,Tue,Wed,Thu,Fri
18:22:12,151,Sheridan,,Sun
15:42:24,3,King Drive,,Mon,Tue,Wed,Thu,Fri
19:14:16,147,Outer DuSable Lake Shore Express,,Sun
14:47:24,3,King Drive,,Mon,Tue,Wed,Thu,Fri
21:36:21,146,Inner Lake Shore/Michigan Express,,Sun
07:55:00,3,King Drive,,Mon,Tue,Wed,Thu,Fri
07:40:55,2,Hyde Park Express,,Mon,Tue,Wed,Thu,Fri
08:12:12,157,Streeterville/Taylor,,Mon,Tue,Wed,Thu,Fri
13:14:48,3,King Drive,,Sat
13:32:48,3,King Drive,,Sat
13:58:32,151,Sheridan,,Sun
18:03:36,3,King Drive,,Sun
17:01:20,146,Inner Lake Shore/Michigan Express,,Mon,Tue,Wed,Thu,Fri
05:56:25,151,Sheridan,,Mon,Tue,Wed,Thu,Fri
12:49:51,146,Inner Lake Shore/Michigan Express,,Sun
16:57:08,146,Inner Lake Shore/Michigan Express,,Mon,Tue,Wed,Thu,Fri
15:00:42,147,Outer DuSable Lake Shore Express,,Sat
18:24:13,2,Hyde Park Express,,Mon,Tue,Wed,Thu,Fri
18:44:01,151,Sheridan,,Sat
15:44:25,3,King Drive,,Sat
09:31:18,147,Outer DuSable Lake Shore Express,,Sun
14:08:36,157,Streeterville/Taylor,,Mon,Tue,Wed,Thu,Fri
08:52:27,146,Inner Lake Shore/Michigan Express,,Sat
18:02:50,151,Sheridan,,Mon,Tue,Wed,Thu,Fri
20:03:38,146,Inner Lake Shore/Michigan Express,,Sat
18:02:08,146,Inner Lake Shore/Michigan Express,,Sun
19:14:32,151,Sheridan,,Sun
22:03:28,147,Outer DuSable Lake Shore Express,,Sat
06:52:18,3,King Drive,,Mon,Tue,Wed,Thu,Fri
18:23:10,151,Sheridan,,Mon,Tue,Wed,Thu,Fri
19:13:02,146,Inner Lake Shore/Michigan Express,,Mon,Tue,Wed,Thu,Fri
20:40:06,3,King Drive,,Sat
17:15:25,3,King Drive,,Sat
08:34:42,3,King Drive,,Mon,Tue,Wed,Thu,Fri
16:57:55,148,Clarendon/Michigan Express,,Mon,Tue,Wed,Thu,Fri
17:54:30,147,Outer DuSable Lake Shore Express,,Mon,Tue,Wed,Thu,Fri
16:13:36,3,King Drive,,Sun
14:31:02,151,Sheridan,,Sun
13:51:54,3,King Drive,,Mon,Tue,Wed,Thu,Fri
08:17:18,3,King Drive,,Sat
13:51:54,3,King Drive,,Mon,Tue,Wed,Thu,Fri
20:43:27,146,Inner Lake Shore/Michigan Express,,Mon,Tue,Wed,Thu,Fri
10:36:23,151,Sheridan,,Mon,Tue,Wed,Thu,Fri
19:34:55,157,Streeterville/Taylor,,Mon,Tue,Wed,Thu,Fri
11:37:32,151,Sheridan,,Sat
16:02:36,3,King Drive,,Sun
17:15:02,147,Outer DuSable Lake Shore Express,,Sun
22:45:53,147,Outer DuSable Lake Shore Express,,Sun
16:08:08,146,Inner Lake Shore/Michigan Express,,Sun
08:18:00,147,Outer DuSable Lake Shore Express,,Sun
20:33:51,146,Inner Lake Shore/Michigan Express,,Sun
13:18:32,151,Sheridan,,Sun
10:01:24,26,South Shore Express,,Mon,Tue,Wed,Thu,Fri
09:27:12,3,King Drive,,Mon,Tue,Wed,Thu,Fri
16:43:31,146,Inner Lake Shore/Michigan Express,,Sat
20:51:27,146,Inner Lake Shore/Michigan Express,,Mon,Tue,Wed,Thu,Fri
17:24:01,148,Clarendon/Michigan Express,,Mon,Tue,Wed,Thu,Fri
13:11:54,3,King Drive,,Sun
17:35:09,143,Stockton/Michigan Express,,Mon,Tue,Wed,Thu,Fri
06:58:45,157,Streeterville/Taylor,,Mon,Tue,Wed,Thu,Fri
16:53:25,3,King Drive,,Mon,Tue,Wed,Thu,Fri
18:59:03,146,Inner Lake Shore/Michigan Express,,Sun
20:13:12,151,Sheridan,,Mon,Tue,Wed,Thu,Fri
18:55:48,3,King Drive,,Sat
06:15:36,3,King Drive,,Sat
11:22:28,147,Outer DuSable Lake Shore Express,,Sat
15:57:14,148,Clarendon/Michigan Express,,Mon,Tue,Wed,Thu,Fri
21:53:28,147,Outer DuSable Lake Shore Express,,Sat
10:39:34,151,Sheridan,,Sun
14:36:21,147,Outer DuSable Lake Shore Express,,Sun
21:52:42,151,Sheridan,,Sat
12:47:54,3,King Drive,,Sun
20:30:51,151,Sheridan,,Sat
16:39:19,2,Hyde Park Express,,Mon,Tue,Wed,Thu,Fri
11:59:42,151,Sheridan,,Mon,Tue,Wed,Thu,Fri
12:33:34,147,Outer DuSable Lake Shore Express,,Sun
11:35:02,151,Sheridan,,Mon,Tue,Wed,Thu,Fri
15:23:12,151,Sheridan,,Sun
16:49:43,148,Clarendon/Michigan Express,,Mon,Tue,Wed,Thu,Fri
13:59:57,146,Inner Lake Shore/Michigan Express,,Sun
08:49:48,3,King Drive,,Sat
19:29:18,3,King Drive,,Sat
12:35:54,3,King Drive,,Sun
16:46:36,3,King Drive,,Sun
08:06:54,26,South Shore Express,,Mon,Tue,Wed,Thu,Fri
09:19:25,157,Streeterville/Taylor,,Mon,Tue,Wed,Thu,Fri
23:19:34,151,Sheridan,,Sun
05:40:16,151,Sheridan,,Sat
11:16:09,146,Inner Lake Shore/Michigan Express,,Sun
15:26:12,147,Outer DuSable Lake Shore Express,,Sat
08:49:21,146,Inner Lake Shore/Michigan Express,,Mon,Tue,Wed,Thu,Fri
18:50:15,146,Inner Lake Shore/Michigan Express,,Sun
18:12:43,146,Inner Lake Shore/Michigan Express,,Mon,Tue,Wed,Thu,Fri
08:25:24,2,Hyde Park Express,,Mon,Tue,Wed,Thu,Fri
10:36:23,151,Sheridan,,Mon,Tue,Wed,Thu,Fri
11:04:12,3,King Drive,,Mon,Tue,Wed,Thu,Fri
17:14:55,148,Clarendon/Michigan Express,,Mon,Tue,Wed,Thu,Fri
13:37:40,151,Sheridan,,Sat
07:09:53,147,Outer DuSable Lake Shore Express,,Mon,Tue,Wed,Thu,Fri
05:16:36,3,King Drive,,Sat
23:55:45,146,Inner Lake Shore/Michigan Express,,Sun
14:39:21,147,Outer DuSable Lake Shore Express,,Mon,Tue,Wed,Thu,Fri
10:15:41,147,Outer DuSable Lake Shore Express,,Sat
17:01:20,146,Inner Lake Shore/Michigan Express,,Mon,Tue,Wed,Thu,Fri
08:38:30,147,Outer DuSable Lake Shore Express,,Sat
20:01:51,146,Inner Lake Shore/Michigan Express,,Sun
22:53:51,146,Inner Lake Shore/Michigan Express,,Mon,Tue,Wed,Thu,Fri
21:45:03,146,Inner Lake Shore/Michigan Express,,Mon,Tue,Wed,Thu,Fri
19:28:50,146,Inner Lake Shore/Michigan Express,,Sat
12:37:21,146,Inner Lake Shore/Michigan Express,,Sun
07:36:23,147,Outer DuSable Lake Shore Express,,Mon,Tue,Wed,Thu,Fri
15:53:25,3,King Drive,,Sat
13:18:02,146,Inner Lake Shore/Michigan Express,,Sat
06:40:31,157,Streeterville/Taylor,,Mon,Tue,Wed,Thu,Fri
17:17:30,147,Outer DuSable Lake Shore Express,,Mon,Tue,Wed,Thu,Fri
21:11:38,146,Inner Lake Shore/Michigan Express,,Sat
10:40:12,3,King Drive,,Sat
13:40:39,147,Outer DuSable Lake Shore Express,,Mon,Tue,Wed,Thu,Fri
17:48:25,3,King Drive,,Mon,Tue,Wed,Thu,Fri
07:01:30,147,Outer DuSable Lake Shore Express,,Sat
14:46:44,146,Inner Lake Shore/Michigan Express,,Sat
08:06:30,147,Outer DuSable Lake Shore Express,,Sat
11:46:02,151,Sheridan,,Sat
20:28:02,147,Outer DuSable Lake Shore Express,,Sat
13:18:02,146,Inner Lake Shore/Michigan Express,,Sat
08:27:42,3,King Drive,,Mon,Tue,Wed,Thu,Fri
20:44:24,3,King Drive,,Mon,Tue,Wed,Thu,Fri
21:07:57,146,Inner Lake Shore/Michigan Express,,Mon,Tue,Wed,Thu,Fri
12:34:54,3,King Drive,,Mon,Tue,Wed,Thu,Fri
11:51:54,3,King Drive,,Sat
10:09:12,2,Hyde Park Express,,Mon,Tue,Wed,Thu,Fri
19:44:50,146,Inner Lake Shore/Michigan Express,,Sat
15:49:50,148,Clarendon/Michigan Express,,Mon,Tue,Wed,Thu,Fri
14:34:39,151,Sheridan,,Sat
14:34:39,151,Sheridan,,Sat
07:14:34,146,Inner Lake Shore/Michigan Express,,Sat
23:43:30,3,King Drive,,Sat
17:44:19,2,Hyde Park Express,,Mon,Tue,Wed,Thu,Fri
21:33:28,147,Outer DuSable Lake Shore Express,,Sat
14:17:57,146,Inner Lake Shore/Michigan Express,,Sun
22:13:28,147,Outer DuSable Lake Shore Express,,Sat
05:59:36,3,King Drive,,Mon,Tue,Wed,Thu,Fri
07:18:30,147,Outer DuSable Lake Shore Express,,Sat
17:26:26,146,Inner Lake Shore/Michigan Express,,Sat
10:46:43,151,Sheridan,,Sat
21:07:46,147,Outer DuSable Lake Shore Express,,Mon,Tue,Wed,Thu,Fri
17:15:28,151,Sheridan,,Sat
19:34:55,157,Streeterville/Taylor,,Mon,Tue,Wed,Thu,Fri
13:50:44,147,Outer DuSable Lake Shore Express,,Sat
14:59:51,151,Sheridan,,Mon,Tue,Wed,Thu,Fri
16:25:32,147,Outer DuSable Lake Shore Express,,Sun
06:38:48,147,Outer DuSable Lake Shore Express,,Mon,Tue,Wed,Thu,Fri
17:53:38,146,Inner Lake Shore/Michigan Express,,Sun
08:59:18,3,King Drive,,Sun
07:20:15,151,Sheridan,,Sat
13:31:39,26,South Shore Express,,Mon,Tue,Wed,Thu,Fri
12:45:04,147,Outer DuSable Lake Shore Express,,Sun
06:02:25,151,Sheridan,,Sat
15:11:51,151,Sheridan,,Mon,Tue,Wed,Thu,Fri
11:42:24,3,King Drive,,Sat
15:41:32,147,Outer DuSable Lake Shore Express,,Mon,Tue,Wed,Thu,Fri
07:36:12,2,Hyde Park Express,,Mon,Tue,Wed,Thu,Fri
17:47:30,151,Sheridan,,Mon,Tue,Wed,Thu,Fri
14:23:51,151,Sheridan,,Mon,Tue,Wed,Thu,Fri
09:52:23,151,Sheridan,,Mon,Tue,Wed,Thu,Fri
17:05:20,146,Inner Lake Shore/Michigan Express,,Mon,Tue,Wed,Thu,Fri
14:18:30,151,Sheridan,,Sat
17:53:13,146,Inner Lake Shore/Michigan Express,,Mon,Tue,Wed,Thu,Fri
14:31:54,3,King Drive,,Sun
21:53:48,3,King Drive,,Sun
15:35:25,3,King Drive,,Sat
00:40:35,151,Sheridan,,Tue,Wed,Thu,Fri,Sat
18:56:55,147,Outer DuSable Lake Shore Express,,Sat
22:14:13,151,Sheridan,,Mon,Tue,Wed,Thu,Fri
18:57:51,151,Sheridan,,Mon,Tue,Wed,Thu,Fri
07:37:35,151,Sheridan,,Sun
20:49:46,147,Outer DuSable Lake Shore Express,,Mon,Tue,Wed,Thu,Fri
19:55:38,146,Inner Lake Shore/Michigan Express,,Sat
18:33:27,146,Inner Lake Shore/Michigan Express,,Sun
17:19:38,146,Inner Lake Shore/Michigan Express,,Sun
16:37:14,147,Outer DuSable Lake Shore Express,,Mon,Tue,Wed,Thu,Fri
18:21:00,143,Stockton/Michigan Express,,Mon,Tue,Wed,Thu,Fri
12:02:42,151,Sheridan,,Sat
22:41:27,146,Inner Lake Shore/Michigan Express,,Sat
08:26:43,151,Sheridan,,Mon,Tue,Wed,Thu,Fri
18:09:38,146,Inner Lake Shore/Michigan Express,,Sun
09:11:21,146,Inner Lake Shore/Michigan Express,,Mon,Tue,Wed,Thu,Fri
23:07:51,146,Inner Lake Shore/Michigan Express,,Mon,Tue,Wed,Thu,Fri
16:48:08,146,Inner Lake Shore/Michigan Express,,Mon,Tue,Wed,Thu,Fri
14:38:44,146,Inner Lake Shore/Michigan Express,,Sat
12:48:12,151,Sheridan,,Mon,Tue,Wed,Thu,Fri
17:49:48,147,Outer DuSable Lake Shore Express,,Sat
08:23:53,147,Outer DuSable Lake Shore Express,,Mon,Tue,Wed,Thu,Fri
09:15:48,3,King Drive,,Sun
23:25:03,146,Inner Lake Shore/Michigan Express,,Sat
13:50:44,147,Outer DuSable Lake Shore Express,,Sat
20:28:32,151,Sheridan,,Mon,Tue,Wed,Thu,Fri
19:58:20,146,Inner Lake Shore/Michigan Express,,Mon,Tue,Wed,Thu,Fri
13:54:40,151,Sheridan,,Sat
14:50:19,151,Sheridan,,Sat
13:32:25,147,Outer DuSable Lake Shore Express,,Sat
15:35:25,3,King Drive,,Sat
23:42:23,147,Outer DuSable Lake Shore Express,,Sun
11:10:12,3,King Drive,,Sat
13:12:12,151,Sheridan,,Mon,Tue,Wed,Thu,Fri
14:43:30,147,Outer DuSable Lake Shore Express,,Sat
23:24:04,147,Outer DuSable Lake Shore Express,,Sat
19:25:32,151,Sheridan,,Sun
08:36:30,147,Outer DuSable Lake Shore Express,,Sun
20:49:46,147,Outer DuSable Lake Shore Express,,Mon,Tue,Wed,Thu,Fri
05:29:55,147,Outer DuSable Lake Shore Express,,Mon,Tue,Wed,Thu,Fri
06:27:48,3,King Drive,,Mon,Tue,Wed,Thu,Fri
17:32:30,151,Sheridan,,Mon,Tue,Wed,Thu,Fri
06:35:35,151,Sheridan,,Sun
16:56:00,147,Outer DuSable Lake Shore Express,,Sat
16:21:16,157,Streeterville/Taylor,,Mon,Tue,Wed,Thu,Fri
20:32:09,147,Outer DuSable Lake Shore Express,,Mon,Tue,Wed,Thu,Fri
13:28:39,147,Outer DuSable Lake Shore Express,,Mon,Tue,Wed,Thu,Fri
14:42:39,151,Sheridan,,Sat
21:13:28,147,Outer DuSable Lake Shore Express,,Sat
12:44:39,157,Streeterville/Taylor,,Mon,Tue,Wed,Thu,Fri
18:57:51,151,Sheridan,,Mon,Tue,Wed,Thu,Fri
19:46:09,147,Outer DuSable Lake Shore Express,,Mon,Tue,Wed,Thu,Fri
18:17:38,146,Inner Lake Shore/Michigan Express,,Sun
15:51:08,146,Inner Lake Shore/Michigan Express,,Sun
19:52:31,151,Sheridan,,Sat
13:42:44,146,Inner Lake Shore/Michigan Express,,Sat
16:44:07,2,Hyde Park Express,,Mon,Tue,Wed,Thu,Fri
14:40:06,157,Streeterville/Taylor,,Mon,Tue,Wed,Thu,Fri
11:08:42,3,King Drive,,Sun
17:10:00,147,Outer DuSable Lake Shore Express,,Sat
01:46:35,151,Sheridan,,Sun
05:34:25,151,Sheridan,,Mon,Tue,Wed,Thu,Fri
11:32:33,146,Inner Lake Shore/Michigan Express,,Mon,Tue,Wed,Thu,Fri
19:17:48,3,King Drive,,Sat
20:51:27,146,Inner Lake Shore/Michigan Express,,Mon,Tue,Wed,Thu,Fri
08:18:18,3,King Drive,,Sun
12:27:54,3,King Drive,,Sat
18:15:37,147,Outer DuSable Lake Shore Express,,Mon,Tue,Wed,Thu,Fri
06:30:05,151,Sheridan,,Mon,Tue,Wed,Thu,Fri
20:41:38,146,Inner Lake Shore/Michigan Express,,Sat
23:07:12,3,King Drive,,Sat
17:15:02,147,Outer DuSable Lake Shore Express,,Sun
15:31:24,3,King Drive,,Mon,Tue,Wed,Thu,Fri
12:10:42,151,Sheridan,,Sat
15:41:32,147,Outer DuSable Lake Shore Express,,Mon,Tue,Wed,Thu,Fri
21:03:39,147,Outer DuSable Lake Shore Express,,Sat
19:13:32,147,Outer DuSable Lake Shore Express,,Mon,Tue,Wed,Thu,Fri
19:32:31,151,Sheridan,,Sat
17:59:43,146,Inner Lake Shore/Michigan Express,,Mon,Tue,Wed,Thu,Fri
15:50:32,147,Outer DuSable Lake Shore Express,,Mon,Tue,Wed,Thu,Fri
13:15:08,146,Inner Lake Shore/Michigan Express,,Mon,Tue,Wed,Thu,Fri
23:53:23,151,Sheridan,,Sat
15:27:02,146,Inner Lake Shore/Michigan Express,,Mon,Tue,Wed,Thu,Fri
16:59:28,151,Sheridan,,Sat
12:57:53,151,Sheridan,,Sun
17:50:00,147,Outer DuSable Lake Shore Express,,Mon,Tue,Wed,Thu,Fri
07:14:34,146,Inner Lake Shore/Michigan Express,,Sat
19:52:30,3,King Drive,,Sun
06:55:36,3,King Drive,,Sun
15:31:21,147,Outer DuSable Lake Shore Express,,Sun
23:36:15,146,Inner Lake Shore/Michigan Express,,Sun
20:03:38,146,Inner Lake Shore/Michigan Express,,Sat
16:31:20,148,Clarendon/Michigan Express,,Mon,Tue,Wed,Thu,Fri
10:52:03,146,Inner Lake Shore/Michigan Express,,Mon,Tue,Wed,Thu,Fri
18:05:02,147,Outer DuSable Lake Shore Express,,Sun
23:00:04,151,Sheridan,,Sun
09:45:51,146,Inner Lake Shore/Michigan Express,,Mon,Tue,Wed,Thu,Fri
08:37:51,146,Inner Lake Shore/Michigan Express,,Mon,Tue,Wed,Thu,Fri
14:55:57,146,Inner Lake Shore/Michigan Express,,Mon,Tue,Wed,Thu,Fri
07:50:53,147,Outer DuSable Lake Shore Express,,Mon,Tue,Wed,Thu,Fri
07:51:54,151,Sheridan,,Sat
09:36:45,146,Inner Lake Shore/Michigan Express,,Sun
10:14:24,26,South Shore Express,,Mon,Tue,Wed,Thu,Fri
19:29:32,147,Outer DuSable Lake Shore Express,,Sat
23:22:53,147,Outer DuSable Lake Shore Express,,Sun
17:17:31,146,Inner Lake Shore/Michigan Express,,Mon,Tue,Wed,Thu,Fri
13:09:20,146,Inner Lake Shore/Michigan Express,,Sat
21:35:18,3,King Drive,,Sun
08:55:43,151,Sheridan,,Mon,Tue,Wed,Thu,Fri
14:18:30,151,Sheridan,,Sat
17:32:12,151,Sheridan,,Sun
19:37:02,151,Sheridan,,Sun
10:02:42,3,King Drive,,Mon,Tue,Wed,Thu,Fri
11:53:15,146,Inner Lake Shore/Michigan Express,,Mon,Tue,Wed,Thu,Fri
16:25:44,146,Inner Lake Shore/Michigan Express,,Mon,Tue,Wed,Thu,Fri
17:12:50,146,Inner Lake Shore/Michigan Express,,Mon,Tue,Wed,Thu,Fri
23:27:12,3,King Drive,,Sat
09:05:13,151,Sheridan,,Mon,Tue,Wed,Thu,Fri
14:06:44,146,Inner Lake Shore/Michigan Express,,Sat
23:19:34,151,Sheridan,,Sun
09:24:34,151,Sheridan,,Sat
12:22:46,147,Outer DuSable Lake Shore Express,,Sun
12:24:12,151,Sheridan,,Mon,Tue,Wed,Thu,Fri
08:57:45,146,Inner Lake Shore/Michigan Express,,Sun
21:22:43,151,Sheridan,,Sun
13:00:36,157,Streeterville/Taylor,,Mon,Tue,Wed,Thu,Fri
19:45:38,146,Inner Lake Shore/Michigan Express,,Mon,Tue,Wed,Thu,Fri
18:06:13,146,Inner Lake Shore/Michigan Express,,Mon,Tue,Wed,Thu,Fri
15:40:36,3,King Drive,,Sun
23:04:04,147,Outer DuSable Lake Shore Express,,Sat
17:42:30,151,Sheridan,,Mon,Tue,Wed,Thu,Fri
13:15:08,146,Inner Lake Shore/Michigan Express,,Mon,Tue,Wed,Thu,Fri
19:58:12,151,Sheridan,,Mon,Tue,Wed,Thu,Fri
17:30:36,3,King Drive,,Sun
14:04:39,26,South Shore Express,,Mon,Tue,Wed,Thu,Fri
12:37:01,151,Sheridan,,Sat
06:35:35,151,Sheridan,,Sun
09:24:13,151,Sheridan,,Mon,Tue,Wed,Thu,Fri
18:43:25,3,King Drive,,Mon,Tue,Wed,Thu,Fri
10:01:24,26,South Shore Express,,Mon,Tue,Wed,Thu,Fri
00:24:04,151,Sheridan,,Sun
09:56:51,146,Inner Lake Shore/Michigan Express,,Mon,Tue,Wed,Thu,Fri
08:33:27,146,Inner Lake Shore/Michigan Express,,Sat
20:08:24,3,King Drive,,Mon,Tue,Wed,Thu,Fri
14:09:54,3,King Drive,,Sun
11:32:42,3,King Drive,,Sun
08:22:45,151,Sheridan,,Sat
05:56:36,3,King Drive,,Sat
15:38:14,146,Inner Lake Shore/Michigan Express,,Mon,Tue,Wed,Thu,Fri
18:12:43,146,Inner Lake Shore/Michigan Express,,Mon,Tue,Wed,Thu,Fri
15:51:08,146,Inner Lake Shore/Michigan Express,,Sun
10:43:24,26,South Shore Express,,Mon,Tue,Wed,Thu,Fri
18:10:48,147,Outer DuSable Lake Shore Express,,Mon,Tue,Wed,Thu,Fri
21:35:03,146,Inner Lake Shore/Michigan Express,,Mon,Tue,Wed,Thu,Fri
18:22:12,151,Sheridan,,Sun
13:18:04,147,Outer DuSable Lake Shore Express,,Sun
18:39:13,2,Hyde Park Express,,Mon,Tue,Wed,Thu,Fri
15:12:50,146,Inner Lake Shore/Michigan Express,,Sat
18:48:07,147,Outer DuSable Lake Shore Express,,Sat
10:43:24,26,South Shore Express,,Mon,Tue,Wed,Thu,Fri
22:07:21,146,Inner Lake Shore/Michigan Express,,Sun
21:59:13,151,Sheridan,,Mon,Tue,Wed,Thu,Fri
11:44:42,3,King Drive,,Sun
20:46:43,151,Sheridan,,Sun
14:25:27,146,Inner Lake Shore/Michigan Express,,Mon,Tue,Wed,Thu,Fri
09:29:54,26,South Shore Express,,Mon,Tue,Wed,Thu,Fri
06:56:35,151,Sheridan,,Sun
17:08:36,3,King Drive,,Sun
08:17:04,151,Sheridan,,Mon,Tue,Wed,Thu,Fri
15:08:25,3,King Drive,,Sat
11:08:42,3,King Drive,,Sun
07:14:48,3,King Drive,,Mon,Tue,Wed,Thu,Fri
07:37:18,3,King Drive,,Mon,Tue,Wed,Thu,Fri
09:05:54,26,South Shore Express,,Mon,Tue,Wed,Thu,Fri
09:19:23,147,Outer DuSable Lake Shore Express,,Mon,Tue,Wed,Thu,Fri
10:08:57,146,Inner Lake Shore/Michigan Express,,Sat
18:56:39,157,Streeterville/Taylor,,Mon,Tue,Wed,Thu,Fri
09:56:51,146,Inner Lake Shore/Michigan Express,,Mon,Tue,Wed,Thu,Fri
20:57:18,3,King Drive,,Sun
16:13:51,147,Outer DuSable Lake Shore Express,,Sun
10:40:12,3,King Drive,,Sat
14:52:12,147,Outer DuSable Lake Shore Express,,Sat
09:27:41,147,Outer DuSable Lake Shore Express,,Sat
10:21:48,147,Outer DuSable Lake Shore Express,,Sun
18:57:42,3,King Drive,,Sun
05:48:37,147,Outer DuSable Lake Shore Express,,Mon,Tue,Wed,Thu,Fri
10:27:04,151,Sheridan,,Sun
18:45:02,147,Outer DuSable Lake Shore Express,,Sun
15:16:32,146,Inner Lake Shore/Michigan Express,,Mon,Tue,Wed,Thu,Fri
09:48:18,147,Outer DuSable Lake Shore Express,,Sun
18:46:50,148,Clarendon/Michigan Express,,Mon,Tue,Wed,Thu,Fri
18:55:48,3,King Drive,,Sat
14:45:57,146,Inner Lake Shore/Michigan Express,,Mon,Tue,Wed,Thu,Fri
12:28:27,146,Inner Lake Shore/Michigan Express,,Sat
13:37:40,151,Sheridan,,Sat
14:39:21,147,Outer DuSable Lake Shore Express,,Mon,Tue,Wed,Thu,Fri
05:56:36,3,King Drive,,Sat
21:09:21,146,Inner Lake Shore/Michigan Express,,Sun
21:14:13,151,Sheridan,,Mon,Tue,Wed,Thu,Fri
18:44:42,3,King Drive,,Sun
15:27:02,146,Inner Lake Shore/Michigan Express,,Mon,Tue,Wed,Thu,Fri
19:14:32,151,Sheridan,,Sun
17:35:25,3,King Drive,,Sat
07:22:18,3,King Drive,,Mon,Tue,Wed,Thu,Fri
15:26:25,3,King Drive,,Sat
06:34:36,3,King Drive,,Sat
17:53:38,146,Inner Lake Shore/Michigan Express,,Sun
14:10:50,151,Sheridan,,Sat
18:20:13,2,Hyde Park Express,,Mon,Tue,Wed,Thu,Fri
19:23:51,146,Inner Lake Shore/Michigan Express,,Sun
16:35:08,146,Inner Lake Shore/Michigan Express,,Sun
09:52:52,157,Streeterville/Taylor,,Mon,Tue,Wed,Thu,Fri
17:59:31,148,Clarendon/Michigan Express,,Mon,Tue,Wed,Thu,Fri
19:41:24,3,King Drive,,Mon,Tue,Wed,Thu,Fri
17:44:30,147,Outer DuSable Lake Shore Express,,Mon,Tue,Wed,Thu,Fri
12:08:22,157,Streeterville/Taylor,,Mon,Tue,Wed,Thu,Fri
20:55:02,147,Outer DuSable Lake Shore Express,,Sat
22:16:30,3,King Drive,,Mon,Tue,Wed,Thu,Fri
18:33:14,148,Clarendon/Michigan Express,,Mon,Tue,Wed,Thu,Fri
12:08:51,146,Inner Lake Shore/Michigan Express,,Sun
08:57:45,151,Sheridan,,Sun
20:22:51,146,Inner Lake Shore/Michigan Express,,Sun
18:39:49,157,Streeterville/Taylor,,Mon,Tue,Wed,Thu,Fri
12:56:54,3,King Drive,,Mon,Tue,Wed,Thu,Fri
19:05:14,147,Outer DuSable Lake Shore Express,,Sat
18:42:14,146,Inner Lake Shore/Michigan Express,,Sat
11:22:15,146,Inner Lake Shore/Michigan Express,,Mon,Tue,Wed,Thu,Fri
22:04:21,146,Inner Lake Shore/Michigan Express,,Mon,Tue,Wed,Thu,Fri
06:30:15,146,Inner Lake Shore/Michigan Express,,Mon,Tue,Wed,Thu,Fri
11:34:51,146,Inner Lake Shore/Michigan Express,,Sun
12:08:51,146,Inner Lake Shore/Michigan Express,,Sun
07:55:04,151,Sheridan,,Mon,Tue,Wed,Thu,Fri
21:07:57,146,Inner Lake Shore/Michigan Express,,Mon,Tue,Wed,Thu,Fri
17:30:36,3,King Drive,,Sun
08:13:42,3,King Drive,,Mon,Tue,Wed,Thu,Fri
13:23:45,146,Inner Lake Shore/Michigan Express,,Sun
17:05:02,147,Outer DuSable Lake Shore Express,,Sun
14:54:44,146,Inner Lake Shore/Michigan Express,,Sat
21:55:03,146,Inner Lake Shore/Michigan Express,,Mon,Tue,Wed,Thu,Fri
17:02:37,147,Outer DuSable Lake Shore Express,,Mon,Tue,Wed,Thu,Fri
11:17:19,157,Streeterville/Taylor,,Mon,Tue,Wed,Thu,Fri
06:21:48,147,Outer DuSable Lake Shore Express,,Sat
16:20:25,3,King Drive,,Mon,Tue,Wed,Thu,Fri
16:26:08,146,Inner Lake Shore/Michigan Express,,Sun
18:27:38,146,Inner Lake Shore/Michigan Express,,Sat
07:44:48,3,King Drive,,Sat
09:45:34,151,Sheridan,,Sat
12:23:51,146,Inner Lake Shore/Michigan Express,,Sun
21:26:16,147,Outer DuSable Lake Shore Express,,Sun
21:08:30,3,King Drive,,Mon,Tue,Wed,Thu,Fri
07:44:48,3,King Drive,,Sat
14:58:19,151,Sheridan,,Sat
13:46:10,151,Sheridan,,Sat
18:20:20,146,Inner Lake Shore/Michigan Express,,Sat
10:02:04,151,Sheridan,,Sun
17:16:20,148,Clarendon/Michigan Express,,Mon,Tue,Wed,Thu,Fri
17:26:25,3,King Drive,,Mon,Tue,Wed,Thu,Fri
20:37:02,147,Outer DuSable Lake Shore Express,,Sat
17:29:21,143,Stockton/Michigan Express,,Mon,Tue,Wed,Thu,Fri
19:05:14,147,Outer DuSable Lake Shore Express,,Sat
15:17:42,147,Outer DuSable Lake Shore Express,,Sat
17:33:43,146,Inner Lake Shore/Michigan Express,,Mon,Tue,Wed,Thu,Fri
10:15:49,157,Streeterville/Taylor,,Mon,Tue,Wed,Thu,Fri
08:46:42,3,King Drive,,Mon,Tue,Wed,Thu,Fri
23:57:45,146,Inner Lake Shore/Michigan Express,,Mon,Tue,Wed,Thu,Fri
10:03:23,151,Sheridan,,Mon,Tue,Wed,Thu,Fri
09:14:54,2,Hyde Park Express,,Mon,Tue,Wed,Thu,Fri
19:29:32,147,Outer DuSable Lake Shore Express,,Sat
07:58:00,147,Outer DuSable Lake Shore Express,,Sun
18:03:00,151,Sheridan,,Sat
11:20:42,3,King Drive,,Sun
13:23:48,3,King Drive,,Sat
22:44:34,151,Sheridan,,Mon,Tue,Wed,Thu,Fri
16:02:19,151,Sheridan,,Sat
14:17:57,146,Inner Lake Shore/Michigan Express,,Sun
23:31:24,3,King Drive,,Sun
16:13:10,151,Sheridan,,Mon,Tue,Wed,Thu,Fri
11:31:54,3,King Drive,,Sat
20:30:43,151,Sheridan,,Sun
17:35:30,147,Outer DuSable Lake Shore Express,,Mon,Tue,Wed,Thu,Fri
17:54:39,151,Sheridan,,Sat
19:42:51,146,Inner Lake Shore/Michigan Express,,Sun
11:02:43,151,Sheridan,,Sun
07:11:52,146,Inner Lake Shore/Michigan Express,,Sun
07:30:55,2,Hyde Park Express,,Mon,Tue,Wed,Thu,Fri
15:34:42,147,Outer DuSable Lake Shore Express,,Sat
22:17:34,147,Outer DuSable Lake Shore Express,,Mon,Tue,Wed,Thu,Fri
06:09:06,3,King Drive,,Mon,Tue,Wed,Thu,Fri
13:05:08,146,Inner Lake Shore/Michigan Express,,Mon,Tue,Wed,Thu,Fri
22:24:21,146,Inner Lake Shore/Michigan Express,,Sun
17:52:30,151,Sheridan,,Mon,Tue,Wed,Thu,Fri
18:33:48,3,King Drive,,Sat
23:29:36,3,King Drive,,Mon,Tue,Wed,Thu,Fri
08:12:45,151,Sheridan,,Sun
15:12:50,146,Inner Lake Shore/Michigan Express,,Sat
06:21:48,147,Outer DuSable Lake Shore Express,,Sat
17:37:30,151,Sheridan,,Mon,Tue,Wed,Thu,Fri
12:00:54,3,King Drive,,Sat
19:36:16,147,Outer DuSable Lake Shore Express,,Sun
17:35:02,147,Outer DuSable Lake Shore Express,,Sun
19:22:51,147,Outer DuSable Lake Shore Express,,Mon,Tue,Wed,Thu,Fri
07:36:15,151,Sheridan,,Sat
00:24:04,151,Sheridan,,Sun
20:14:55,157,Streeterville/Taylor,,Mon,Tue,Wed,Thu,Fri
16:08:44,146,Inner Lake Shore/Michigan Express,,Mon,Tue,Wed,Thu,Fri
13:48:32,151,Sheridan,,Sun
19:39:06,3,King Drive,,Sat
21:41:30,3,King Drive,,Mon,Tue,Wed,Thu,Fri
09:49:34,151,Sheridan,,Sun
06:54:30,147,Outer DuSable Lake Shore Express,,Mon,Tue,Wed,Thu,Fri
20:46:02,147,Outer DuSable Lake Shore Express,,Sat
14:20:32,151,Sheridan,,Sun
22:40:34,151,Sheridan,,Sun
21:52:30,3,King Drive,,Mon,Tue,Wed,Thu,Fri
22:36:28,147,Outer DuSable Lake Shore Express,,Sat
22:01:34,151,Sheridan,,Sun
16:18:50,148,Clarendon/Michigan Express,,Mon,Tue,Wed,Thu,Fri
05:34:36,3,King Drive,,Mon,Tue,Wed,Thu,Fri
20:44:24,3,King Drive,,Mon,Tue,Wed,Thu,Fri
18:39:49,157,Streeterville/Taylor,,Mon,Tue,Wed,Thu,Fri
16:35:36,3,King Drive,,Sun
09:41:22,157,Streeterville/Taylor,,Mon,Tue,Wed,Thu,Fri
10:50:12,3,King Drive,,Sat
17:25:25,3,King Drive,,Sat
16:52:31,146,Inner Lake Shore/Michigan Express,,Sat
22:16:30,3,King Drive,,Mon,Tue,Wed,Thu,Fri
21:03:43,151,Sheridan,,Sun
08:07:24,151,Sheridan,,Sat
18:14:36,3,King Drive,,Sun
17:02:12,151,Sheridan,,Sun
06:41:48,147,Outer DuSable Lake Shore Express,,Sat
20:07:18,3,King Drive,,Sun
08:59:23,147,Outer DuSable Lake Shore Express,,Mon,Tue,Wed,Thu,Fri
12:09:54,3,King Drive,,Sat
12:02:42,151,Sheridan,,Sat
23:24:34,147,Outer DuSable Lake Shore Express,,Mon,Tue,Wed,Thu,Fri
13:00:08,146,Inner Lake Shore/Michigan Express,,Sat
12:55:08,146,Inner Lake Shore/Michigan Express,,Mon,Tue,Wed,Thu,Fri
17:52:36,3,King Drive,,Sun
08:13:15,146,Inner Lake Shore/Michigan Express,,Sat
20:50:16,147,Outer DuSable Lake Shore Express,,Sun
22:29:34,151,Sheridan,,Mon,Tue,Wed,Thu,Fri
17:32:01,148,Clarendon/Michigan Express,,Mon,Tue,Wed,Thu,Fri
17:45:08,146,Inner Lake Shore/Michigan Express,,Sun
23:10:36,3,King Drive,,Sun
23:43:30,3,King Drive,,Sat
17:09:08,146,Inner Lake Shore/Michigan Express,,Sat
17:47:30,151,Sheridan,,Mon,Tue,Wed,Thu,Fri
16:56:23,143,Stockton/Michigan Express,,Mon,Tue,Wed,Thu,Fri
12:45:54,3,King Drive,,Mon,Tue,Wed,Thu,Fri
16:10:20,146,Inner Lake Shore/Michigan Express,,Sat
16:44:42,143,Stockton/Michigan Express,,Mon,Tue,Wed,Thu,Fri
18:05:02,147,Outer DuSable Lake Shore Express,,Sun
17:49:46,143,Stockton/Michigan Express,,Mon,Tue,Wed,Thu,Fri
21:07:46,147,Outer DuSable Lake Shore Express,,Mon,Tue,Wed,Thu,Fri
16:53:08,146,Inner Lake Shore/Michigan Express,,Mon,Tue,Wed,Thu,Fri
17:46:43,146,Inner Lake Shore/Michigan Express,,Mon,Tue,Wed,Thu,Fri
11:00:12,3,King Drive,,Sat
07:55:45,151,Sheridan,,Sun
17:05:20,146,Inner Lake Shore/Michigan Express,,Mon,Tue,Wed,Thu,Fri
11:47:32,151,Sheridan,,Mon,Tue,Wed,Thu,Fri
07:08:05,26,South Shore Express,,Mon,Tue,Wed,Thu,Fri
14:34:18,147,Outer DuSable Lake Shore Express,,Sat
20:32:16,147,Outer DuSable Lake Shore Express,,Sun
07:18:30,147,Outer DuSable Lake Shore Express,,Sat
19:03:32,151,Sheridan,,Sun
18:15:02,147,Outer DuSable Lake Shore Express,,Sun
16:18:20,146,Inner Lake Shore/Michigan Express,,Sat
05:20:45,26,South Shore Express,,Mon,Tue,Wed,Thu,Fri
19:06:33,146,Inner Lake Shore/Michigan Express,,Sun
21:32:12,3,King Drive,,Sat
06:33:25,26,South Shore Express,,Mon,Tue,Wed,Thu,Fri
17:08:38,148,Clarendon/Michigan Express,,Mon,Tue,Wed,Thu,Fri
08:13:21,146,Inner Lake Shore/Michigan Express,,Mon,Tue,Wed,Thu,Fri
22:24:28,147,Outer DuSable Lake Shore Express,,Sat
14:45:57,146,Inner Lake Shore/Michigan Express,,Mon,Tue,Wed,Thu,Fri
14:23:51,151,Sheridan,,Mon,Tue,Wed,Thu,Fri
17:10:00,147,Outer DuSable Lake Shore Express,,Sat
17:40:13,146,Inner Lake Shore/Michigan Express,,Mon,Tue,Wed,Thu,Fri
23:07:51,146,Inner Lake Shore/Michigan Express,,Mon,Tue,Wed,Thu,Fri
17:35:25,3,King Drive,,Sat
20:53:42,151,Sheridan,,Sat
22:59:13,151,Sheridan,,Mon,Tue,Wed,Thu,Fri
20:57:18,3,King Drive,,Sun
16:12:42,151,Sheridan,,Sun
12:39:57,146,Inner Lake Shore/Michigan Express,,Sat
24:01:04,151,Sheridan,,Mon,Tue,Wed,Thu,Fri
11:26:23,147,Outer DuSable Lake Shore Express,,Sun
12:14:27,146,Inner Lake Shore/Michigan Express,,Mon,Tue,Wed,Thu,Fri
22:30:34,147,Outer DuSable Lake Shore Express,,Mon,Tue,Wed,Thu,Fri
11:16:09,146,Inner Lake Shore/Michigan Express,,Sun
23:43:33,146,Inner Lake Shore/Michigan Express,,Sat
10:53:12,3,King Drive,,Mon,Tue,Wed,Thu,Fri
19:32:20,146,Inner Lake Shore/Michigan Express,,Mon,Tue,Wed,Thu,Fri
10:06:00,3,King Drive,,Sat
18:53:14,146,Inner Lake Shore/Michigan Express,,Mon,Tue,Wed,Thu,Fri
09:14:43,151,Sheridan,,Mon,Tue,Wed,Thu,Fri
20:54:06,3,King Drive,,Sat
18:14:48,147,Outer DuSable Lake Shore Express,,Sat
13:18:32,151,Sheridan,,Sun
22:17:34,147,Outer DuSable Lake Shore Express,,Mon,Tue,Wed,Thu,Fri
14:50:55,3,King Drive,,Sat
16:24:49,2,Hyde Park Express,,Mon,Tue,Wed,Thu,Fri
14:22:44,146,Inner Lake Shore/Michigan Express,,Sat
06:56:35,26,South Shore Express,,Mon,Tue,Wed,Thu,Fri
14:11:51,151,Sheridan,,Mon,Tue,Wed,Thu,Fri
06:07:45,146,Inner Lake Shore/Michigan Express,,Mon,Tue,Wed,Thu,Fri
16:31:14,147,Outer DuSable Lake Shore Express,,Mon,Tue,Wed,Thu,Fri
11:17:16,147,Outer DuSable Lake Shore Express,,Mon,Tue,Wed,Thu,Fri
08:41:23,147,Outer DuSable Lake Shore Express,,Mon,Tue,Wed,Thu,Fri
19:11:42,3,King Drive,,Sun
14:26:30,151,Sheridan,,Sat
17:02:37,147,Outer DuSable Lake Shore Express,,Mon,Tue,Wed,Thu,Fri
16:26:43,2,Hyde Park Express,,Mon,Tue,Wed,Thu,Fri
15:20:21,147,Outer DuSable Lake Shore Express,,Sun
11:42:33,146,Inner Lake Shore/Michigan Express,,Mon,Tue,Wed,Thu,Fri
19:26:20,146,Inner Lake Shore/Michigan Express,,Mon,Tue,Wed,Thu,Fri
08:55:24,26,South Shore Express,,Mon,Tue,Wed,Thu,Fri
11:50:03,146,Inner Lake Shore/Michigan Express,,Sat
24:02:33,146,Inner Lake Shore/Michigan Express,,Sat
19:17:48,3,King Drive,,Sat
09:56:04,151,Sheridan,,Sat
18:12:20,146,Inner Lake Shore/Michigan Express,,Sat
22:26:38,146,Inner Lake Shore/Michigan Express,,Sat
10:07:51,146,Inner Lake Shore/Michigan Express,,Mon,Tue,Wed,Thu,Fri
17:58:35,143,Stockton/Michigan Express,,Mon,Tue,Wed,Thu,Fri
21:55:03,146,Inner Lake Shore/Michigan Express,,Mon,Tue,Wed,Thu,Fri
14:58:24,3,King Drive,,Mon,Tue,Wed,Thu,Fri
17:29:53,157,Streeterville/Taylor,,Mon,Tue,Wed,Thu,Fri
06:07:45,146,Inner Lake Shore/Michigan Express,,Mon,Tue,Wed,Thu,Fri
08:58:42,3,King Drive,,Mon,Tue,Wed,Thu,Fri
01:40:35,151,Sheridan,,Tue,Wed,Thu,Fri,Sat
07:35:36,3,King Drive,,Sun
17:02:50,151,Sheridan,,Mon,Tue,Wed,Thu,Fri
08:06:04,151,Sheridan,,Mon,Tue,Wed,Thu,Fri
09:00:51,146,Inner Lake Shore/Michigan Express,,Mon,Tue,Wed,Thu,Fri
14:16:25,147,Outer DuSable Lake Shore Express,,Sat
15:16:50,148,Clarendon/Michigan Express,,Mon,Tue,Wed,Thu,Fri
10:07:51,146,Inner Lake Shore/Michigan Express,,Mon,Tue,Wed,Thu,Fri
14:55:57,146,Inner Lake Shore/Michigan Express,,Mon,Tue,Wed,Thu,Fri
17:19:38,146,Inner Lake Shore/Michigan Express,,Sun
12:28:01,151,Sheridan,,Sat
15:54:06,3,King Drive,,Mon,Tue,Wed,Thu,Fri
15:08:25,3,King Drive,,Sat
08:36:54,26,South Shore Express,,Mon,Tue,Wed,Thu,Fri
21:26:38,146,Inner Lake Shore/Michigan Express,,Sat
10:27:04,151,Sheridan,,Sat
15:41:36,157,Streeterville/Taylor,,Mon,Tue,Wed,Thu,Fri
17:11:08,146,Inner Lake Shore/Michigan Express,,Sun
16:53:25,3,King Drive,,Mon,Tue,Wed,Thu,Fri
22:38:02,151,Sheridan,,Sat
07:37:35,151,Sheridan,,Sun
16:42:25,3,King Drive,,Mon,Tue,Wed,Thu,Fri
20:40:09,147,Outer DuSable Lake Shore Express,,Mon,Tue,Wed,Thu,Fri
11:03:15,146,Inner Lake Shore/Michigan Express,,Mon,Tue,Wed,Thu,Fri
08:46:13,151,Sheridan,,Mon,Tue,Wed,Thu,Fri
17:59:43,146,Inner Lake Shore/Michigan Express,,Mon,Tue,Wed,Thu,Fri
17:08:36,3,King Drive,,Sun
16:32:42,151,Sheridan,,Sun
00:19:54,151,Sheridan,,Tue,Wed,Thu,Fri,Sat
18:22:37,147,Outer DuSable Lake Shore Express,,Mon,Tue,Wed,Thu,Fri
08:45:54,26,South Shore Express,,Mon,Tue,Wed,Thu,Fri
10:05:18,147,Outer DuSable Lake Shore Express,,Sun
10:02:04,151,Sheridan,,Sun
06:52:18,3,King Drive,,Mon,Tue,Wed,Thu,Fri
21:26:38,146,Inner Lake Shore/Michigan Express,,Sat
21:44:13,151,Sheridan,,Mon,Tue,Wed,Thu,Fri
17:30:49,151,Sheridan,,Sat
13:28:39,147,Outer DuSable Lake Shore Express,,Mon,Tue,Wed,Thu,Fri
14:58:19,151,Sheridan,,Sat
19:23:24,3,King Drive,,Mon,Tue,Wed,Thu,Fri
09:03:24,151,Sheridan,,Sat
23:25:03,146,Inner Lake Shore/Michigan Express,,Sat
15:52:51,147,Outer DuSable Lake Shore Express,,Sun
14:38:44,146,Inner Lake Shore/Michigan Express,,Sat
07:52:54,26,South Shore Express,,Mon,Tue,Wed,Thu,Fri
17:25:00,147,Outer DuSable Lake Shore Express,,Mon,Tue,Wed,Thu,Fri
21:41:30,3,King Drive,,Mon,Tue,Wed,Thu,Fri
21:15:18,3,King Drive,,Sun
16:17:08,146,Inner Lake Shore/Michigan Express,,Sun
19:52:30,3,King Drive,,Sun
20:11:02,147,Outer DuSable Lake Shore Express,,Sat
07:16:15,157,Streeterville/Taylor,,Mon,Tue,Wed,Thu,Fri
09:14:04,151,Sheridan,,Sat
23:14:13,151,Sheridan,,Mon,Tue,Wed,Thu,Fri
20:42:12,151,Sheridan,,Sat
07:55:36,3,King Drive,,Sun
18:54:13,3,King Drive,,Mon,Tue,Wed,Thu,Fri
22:55:45,146,Inner Lake Shore/Michigan Express,,Sat
18:49:32,146,Inner Lake Shore/Michigan Express,,Sat
06:59:48,3,King Drive,,Mon,Tue,Wed,Thu,Fri
17:35:09,143,Stockton/Michigan Express,,Mon,Tue,Wed,Thu,Fri
17:02:12,151,Sheridan,,Sun
08:55:24,26,South Shore Express,,Mon,Tue,Wed,Thu,Fri
22:26:51,146,Inner Lake Shore/Michigan Express,,Mon,Tue,Wed,Thu,Fri
10:28:54,26,South Shore Express,,Mon,Tue,Wed,Thu,Fri
11:22:32,151,Sheridan,,Mon,Tue,Wed,Thu,Fri
12:35:08,146,Inner Lake Shore/Michigan Express,,Mon,Tue,Wed,Thu,Fri
20:54:55,157,Streeterville/Taylor,,Mon,Tue,Wed,Thu,Fri
09:14:43,151,Sheridan,,Mon,Tue,Wed,Thu,Fri
06:45:35,26,South Shore Express,,Mon,Tue,Wed,Thu,Fri
13:18:54,3,King Drive,,Mon,Tue,Wed,Thu,Fri
16:46:02,147,Outer DuSable Lake Shore Express,,Sun
12:11:16,147,Outer DuSable Lake Shore Express,,Sun
07:07:05,2,Hyde Park Express,,Mon,Tue,Wed,Thu,Fri
17:45:02,147,Outer DuSable Lake Shore Express,,Sun
19:28:50,146,Inner Lake Shore/Michigan Express,,Sat
08:20:42,3,King Drive,,Mon,Tue,Wed,Thu,Fri
09:07:25,157,Streeterville/Taylor,,Mon,Tue,Wed,Thu,Fri
18:09:50,148,Clarendon/Michigan Express,,Mon,Tue,Wed,Thu,Fri
18:11:00,151,Sheridan,,Sat
22:13:48,3,King Drive,,Sun
07:37:24,26,South Shore Express,,Mon,Tue,Wed,Thu,Fri
21:56:38,146,Inner Lake Shore/Michigan Express,,Sat
16:08:42,147,Outer DuSable Lake Shore Express,,Sat
07:22:18,3,King Drive,,Mon,Tue,Wed,Thu,Fri
13:41:48,3,King Drive,,Sat
13:25:08,146,Inner Lake Shore/Michigan Express,,Mon,Tue,Wed,Thu,Fri
19:36:16,147,Outer DuSable Lake Shore Express,,Sun
16:49:55,147,Outer DuSable Lake Shore Express,,Mon,Tue,Wed,Thu,Fri
08:55:18,147,Outer DuSable Lake Shore Express,,Sun
07:29:48,3,King Drive,,Sat
11:45:13,151,Sheridan,,Sun
21:53:28,147,Outer DuSable Lake Shore Express,,Sat
20:57:46,147,Outer DuSable Lake Shore Express,,Mon,Tue,Wed,Thu,Fri
15:20:21,147,Outer DuSable Lake Shore Express,,Sun
16:55:02,147,Outer DuSable Lake Shore Express,,Sun
08:13:42,3,King Drive,,Mon,Tue,Wed,Thu,Fri
09:55:12,2,Hyde Park Express,,Mon,Tue,Wed,Thu,Fri
07:21:35,2,Hyde Park Express,,Mon,Tue,Wed,Thu,Fri
11:33:22,157,Streeterville/Taylor,,Mon,Tue,Wed,Thu,Fri
10:58:24,26,South Shore Express,,Mon,Tue,Wed,Thu,Fri
12:43:24,26,South Shore Express,,Mon,Tue,Wed,Thu,Fri
07:17:44,26,South Shore Express,,Mon,Tue,Wed,Thu,Fri
22:53:02,151,Sheridan,,Sat
17:19:36,3,King Drive,,Sun
19:52:21,146,Inner Lake Shore/Michigan Express,,Sun
23:08:02,151,Sheridan,,Sat
07:59:48,3,King Drive,,Sat
13:48:12,151,Sheridan,,Mon,Tue,Wed,Thu,Fri
10:35:30,147,Outer DuSable Lake Shore Express,,Sun
14:20:32,151,Sheridan,,Sun
22:44:34,147,Outer DuSable Lake Shore Express,,Mon,Tue,Wed,Thu,Fri
17:20:30,147,Outer DuSable Lake Shore Express,,Mon,Tue,Wed,Thu,Fri
21:38:42,151,Sheridan,,Sat
20:04:09,147,Outer DuSable Lake Shore Express,,Mon,Tue,Wed,Thu,Fri
09:38:54,26,South Shore Express,,Mon,Tue,Wed,Thu,Fri
23:04:30,3,King Drive,,Mon,Tue,Wed,Thu,Fri
21:01:38,146,Inner Lake Shore/Michigan Express,,Sat
10:25:23,151,Sheridan,,Mon,Tue,Wed,Thu,Fri
16:00:08,146,Inner Lake Shore/Michigan Express,,Sun
22:03:28,147,Outer DuSable Lake Shore Express,,Sat
22:32:12,3,King Drive,,Sat
15:17:25,3,King Drive,,Sat
12:16:57,146,Inner Lake Shore/Michigan Express,,Sat
00:35:15,151,Sheridan,,Mon
08:55:18,147,Outer DuSable Lake Shore Express,,Sun
09:24:34,151,Sheridan,,Sat
21:08:16,147,Outer DuSable Lake Shore Express,,Sun
15:17:36,157,Streeterville/Taylor,,Mon,Tue,Wed,Thu,Fri
15:17:36,157,Streeterville/Taylor,,Mon,Tue,Wed,Thu,Fri
05:43:36,3,King Drive,,Mon,Tue,Wed,Thu,Fri
09:33:30,3,King Drive,,Sun
15:59:14,146,Inner Lake Shore/Michigan Express,,Mon,Tue,Wed,Thu,Fri
16:11:19,151,Sheridan,,Sat
19:45:38,146,Inner Lake Shore/Michigan Express,,Mon,Tue,Wed,Thu,Fri
05:52:06,3,King Drive,,Mon,Tue,Wed,Thu,Fri
17:27:31,146,Inner Lake Shore/Michigan Express,,Mon,Tue,Wed,Thu,Fri
08:04:30,3,King Drive,,Mon,Tue,Wed,Thu,Fri
21:55:46,147,Outer DuSable Lake Shore Express,,Mon,Tue,Wed,Thu,Fri
07:36:23,147,Outer DuSable Lake Shore Express,,Mon,Tue,Wed,Thu,Fri
08:55:11,147,Outer DuSable Lake Shore Express,,Sat
11:15:12,3,King Drive,,Mon,Tue,Wed,Thu,Fri
05:53:46,151,Sheridan,,Sun
09:49:34,151,Sheridan,,Sun
15:02:44,146,Inner Lake Shore/Michigan Express,,Sat
20:32:09,147,Outer DuSable Lake Shore Express,,Mon,Tue,Wed,Thu,Fri
22:33:48,3,King Drive,,Sun
09:03:24,151,Sheridan,,Sat
10:30:19,157,Streeterville/Taylor,,Mon,Tue,Wed,Thu,Fri
13:51:04,147,Outer DuSable Lake Shore Express,,Sun
09:36:45,146,Inner Lake Shore/Michigan Express,,Sun
10:55:23,151,Sheridan,,Sat
17:56:10,2,Hyde Park Express,,Mon,Tue,Wed,Thu,Fri
13:58:24,3,King Drive,,Sun
19:04:39,147,Outer DuSable Lake Shore Express,,Sun
13:07:04,147,Outer DuSable Lake Shore Express,,Sun
13:03:39,147,Outer DuSable Lake Shore Express,,Mon,Tue,Wed,Thu,Fri
17:10:18,147,Outer DuSable Lake Shore Express,,Mon,Tue,Wed,Thu,Fri
10:49:11,147,Outer DuSable Lake Shore Express,,Sun
17:07:28,151,Sheridan,,Sat
18:04:18,147,Outer DuSable Lake Shore Express,,Mon,Tue,Wed,Thu,Fri
07:07:55,2,Hyde Park Express,,Mon,Tue,Wed,Thu,Fri
11:02:23,147,Outer DuSable Lake Shore Express,,Sun
16:36:02,147,Outer DuSable Lake Shore Express,,Sun
09:43:41,147,Outer DuSable Lake Shore Express,,Sat
13:00:36,157,Streeterville/Taylor,,Mon,Tue,Wed,Thu,Fri
15:13:12,151,Sheridan,,Sun
16:10:20,146,Inner Lake Shore/Michigan Express,,Sat
14:31:02,151,Sheridan,,Sun
23:15:48,3,King Drive,,Mon,Tue,Wed,Thu,Fri
01:46:35,151,Sheridan,,Sun
09:11:21,146,Inner Lake Shore/Michigan Express,,Mon,Tue,Wed,Thu,Fri
23:56:24,3,King Drive,,Sun
16:15:02,147,Outer DuSable Lake Shore Express,,Mon,Tue,Wed,Thu,Fri
11:27:54,26,South Shore Express,,Mon,Tue,Wed,Thu,Fri
17:23:19,151,Sheridan,,Sat
16:24:36,3,King Drive,,Sun
17:17:56,146,Inner Lake Shore/Michigan Express,,Sat
09:38:48,3,King Drive,,Sat
17:15:28,151,Sheridan,,Sat
10:06:00,3,King Drive,,Sat
16:48:42,147,Outer DuSable Lake Shore Express,,Sat
19:23:51,146,Inner Lake Shore/Michigan Express,,Sun
20:57:21,146,Inner Lake Shore/Michigan Express,,Sun
12:45:54,3,King Drive,,Sat
20:05:20,146,Inner Lake Shore/Michigan Express,,Mon,Tue,Wed,Thu,Fri
21:35:46,147,Outer DuSable Lake Shore Express,,Mon,Tue,Wed,Thu,Fri
09:43:13,151,Sheridan,,Mon,Tue,Wed,Thu,Fri
20:31:38,146,Inner Lake Shore/Michigan Express,,Sat
10:42:42,3,King Drive,,Mon,Tue,Wed,Thu,Fri
17:41:58,143,Stockton/Michigan Express,,Mon,Tue,Wed,Thu,Fri
10:53:12,3,King Drive,,Mon,Tue,Wed,Thu,Fri
17:22:50,151,Sheridan,,Mon,Tue,Wed,Thu,Fri
19:20:02,146,Inner Lake Shore/Michigan Express,,Mon,Tue,Wed,Thu,Fri
19:07:36,3,King Drive,,Mon,Tue,Wed,Thu,Fri
15:13:12,151,Sheridan,,Sun
18:41:45,146,Inner Lake Shore/Michigan Express,,Sun
20:19:32,147,Outer DuSable Lake Shore Express,,Sat
19:42:51,146,Inner Lake Shore/Michigan Express,,Sun
15:14:19,151,Sheridan,,Sat
14:07:44,147,Outer DuSable Lake Shore Express,,Sat
15:30:19,151,Sheridan,,Sat
19:52:31,151,Sheridan,,Sat
10:55:42,3,King Drive,,Sun
15:53:50,146,Inner Lake Shore/Michigan Express,,Sat
06:13:05,151,Sheridan,,Mon,Tue,Wed,Thu,Fri
16:29:25,3,King Drive,,Sat
07:54:15,146,Inner Lake Shore/Michigan Express,,Sat
18:08:56,157,Streeterville/Taylor,,Mon,Tue,Wed,Thu,Fri
10:27:04,151,Sheridan,,Sat
17:48:25,3,King Drive,,Mon,Tue,Wed,Thu,Fri
17:15:25,3,King Drive,,Sat
16:56:00,147,Outer DuSable Lake Shore Express,,Sat
18:02:50,151,Sheridan,,Mon,Tue,Wed,Thu,Fri
16:13:51,147,Outer DuSable Lake Shore Express,,Sun
18:51:44,147,Outer DuSable Lake Shore Express,,Mon,Tue,Wed,Thu,Fri
14:43:30,147,Outer DuSable Lake Shore Express,,Sat
09:49:27,146,Inner Lake Shore/Michigan Express,,Sat
22:17:12,3,King Drive,,Sat
19:32:24,3,King Drive,,Mon,Tue,Wed,Thu,Fri
16:35:49,151,Sheridan,,Sat
18:35:26,146,Inner Lake Shore/Michigan Express,,Sat
08:18:18,3,King Drive,,Sun
16:07:02,147,Outer DuSable Lake Shore Express,,Mon,Tue,Wed,Thu,Fri
14:34:01,3,King Drive,,Sat
20:27:06,3,King Drive,,Sat
09:07:25,157,Streeterville/Taylor,,Mon,Tue,Wed,Thu,Fri
11:54:12,151,Sheridan,,Sat
22:40:30,3,King Drive,,Mon,Tue,Wed,Thu,Fri
13:32:57,146,Inner Lake Shore/Michigan Express,,Sun
14:54:44,146,Inner Lake Shore/Michigan Express,,Sat
07:18:57,146,Inner Lake Shore/Michigan Express,,Mon,Tue,Wed,Thu,Fri
17:14:39,143,Stockton/Michigan Express,,Mon,Tue,Wed,Thu,Fri
08:36:30,147,Outer DuSable Lake Shore Express,,Sun
08:06:54,26,South Shore Express,,Mon,Tue,Wed,Thu,Fri
07:29:48,3,King Drive,,Mon,Tue,Wed,Thu,Fri
17:20:30,147,Outer DuSable Lake Shore Express,,Mon,Tue,Wed,Thu,Fri
08:00:51,146,Inner Lake Shore/Michigan Express,,Mon,Tue,Wed,Thu,Fri
14:09:54,3,King Drive,,Sun
10:49:11,147,Outer DuSable Lake Shore Express,,Sun
16:20:25,3,King Drive,,Sat
07:38:00,147,Outer DuSable Lake Shore Express,,Sun
15:43:12,151,Sheridan,,Sun
17:54:30,147,Outer DuSable Lake Shore Express,,Mon,Tue,Wed,Thu,Fri
16:59:28,151,Sheridan,,Sat
22:29:34,151,Sheridan,,Mon,Tue,Wed,Thu,Fri
14:08:48,3,King Drive,,Sat
14:43:13,3,King Drive,,Sat
17:58:35,143,Stockton/Michigan Express,,Mon,Tue,Wed,Thu,Fri
18:03:36,3,King Drive,,Sun
20:45:51,146,Inner Lake Shore/Michigan Express,,Sun
17:12:48,147,Outer DuSable Lake Shore Express,,Mon,Tue,Wed,Thu,Fri
08:50:24,151,Sheridan,,Sat
08:55:25,157,Streeterville/Taylor,,Mon,Tue,Wed,Thu,Fri
09:43:13,151,Sheridan,,Mon,Tue,Wed,Thu,Fri
16:00:08,146,Inner Lake Shore/Michigan Express,,Sun
17:40:31,148,Clarendon/Michigan Express,,Mon,Tue,Wed,Thu,Fri
07:50:30,147,Outer DuSable Lake Shore Express,,Sat
09:26:48,3,King Drive,,Sat
22:04:30,3,King Drive,,Mon,Tue,Wed,Thu,Fri
16:40:56,148,Clarendon/Michigan Express,,Mon,Tue,Wed,Thu,Fri
13:35:24,3,King Drive,,Sun
05:29:55,147,Outer DuSable Lake Shore Express,,Mon,Tue,Wed,Thu,Fri
12:26:28,147,Outer DuSable Lake Shore Express,,Sat
09:10:45,151,Sheridan,,Sun
17:23:19,151,Sheridan,,Sat
22:21:04,151,Sheridan,,Sun
14:28:21,147,Outer DuSable Lake Shore Express,,Mon,Tue,Wed,Thu,Fri
15:53:36,157,Streeterville/Taylor,,Mon,Tue,Wed,Thu,Fri
24:02:33,146,Inner Lake Shore/Michigan Express,,Sat
15:17:25,3,King Drive,,Sat
17:21:37,2,Hyde Park Express,,Mon,Tue,Wed,Thu,Fri
19:32:20,146,Inner Lake Shore/Michigan Express,,Mon,Tue,Wed,Thu,Fri
22:07:42,151,Sheridan,,Sat
13:09:32,147,Outer DuSable Lake Shore Express,,Sat
07:49:55,2,Hyde Park Express,,Mon,Tue,Wed,Thu,Fri
12:45:40,151,Sheridan,,Sat
12:10:12,3,King Drive,,Mon,Tue,Wed,Thu,Fri
16:18:20,146,Inner Lake Shore/Michigan Express,,Sat
17:22:12,151,Sheridan,,Sun
12:35:08,146,Inner Lake Shore/Michigan Express,,Mon,Tue,Wed,Thu,Fri
20:16:16,147,Outer DuSable Lake Shore Express,,Sun
10:28:54,26,South Shore Express,,Mon,Tue,Wed,Thu,Fri
08:13:15,146,Inner Lake Shore/Michigan Express,,Sat
20:41:38,146,Inner Lake Shore/Michigan Express,,Sat
23:44:34,151,Sheridan,,Mon,Tue,Wed,Thu,Fri
18:42:14,146,Inner Lake Shore/Michigan Express,,Sat
14:02:50,151,Sheridan,,Sat
23:56:24,3,King Drive,,Sun
15:11:51,151,Sheridan,,Mon,Tue,Wed,Thu,Fri
16:55:07,147,Outer DuSable Lake Shore Express,,Mon,Tue,Wed,Thu,Fri
14:44:57,146,Inner Lake Shore/Michigan Express,,Sun
09:05:13,151,Sheridan,,Mon,Tue,Wed,Thu,Fri
10:42:42,3,King Drive,,Mon,Tue,Wed,Thu,Fri
10:46:43,151,Sheridan,,Sat
13:34:57,146,Inner Lake Shore/Michigan Express,,Mon,Tue,Wed,Thu,Fri
17:33:37,2,Hyde Park Express,,Mon,Tue,Wed,Thu,Fri
08:33:27,146,Inner Lake Shore/Michigan Express,,Sat
22:44:34,147,Outer DuSable Lake Shore Express,,Mon,Tue,Wed,Thu,Fri
17:22:21,143,Stockton/Michigan Express,,Mon,Tue,Wed,Thu,Fri
17:53:13,146,Inner Lake Shore/Michigan Express,,Mon,Tue,Wed,Thu,Fri
18:42:44,147,Outer DuSable Lake Shore Express,,Mon,Tue,Wed,Thu,Fri
08:46:13,151,Sheridan,,Mon,Tue,Wed,Thu,Fri
14:30:44,146,Inner Lake Shore/Michigan Express,,Sat
20:22:09,147,Outer DuSable Lake Shore Express,,Mon,Tue,Wed,Thu,Fri
16:22:50,151,Sheridan,,Mon,Tue,Wed,Thu,Fri
22:14:13,151,Sheridan,,Mon,Tue,Wed,Thu,Fri
24:01:04,151,Sheridan,,Mon,Tue,Wed,Thu,Fri
12:34:58,147,Outer DuSable Lake Shore Express,,Mon,Tue,Wed,Thu,Fri
12:58:39,26,South Shore Express,,Mon,Tue,Wed,Thu,Fri
08:49:21,146,Inner Lake Shore/Michigan Express,,Mon,Tue,Wed,Thu,Fri
18:10:25,3,King Drive,,Mon,Tue,Wed,Thu,Fri
13:29:04,147,Outer DuSable Lake Shore Express,,Sun
18:41:26,146,Inner Lake Shore/Michigan Express,,Mon,Tue,Wed,Thu,Fri
19:32:24,3,King Drive,,Mon,Tue,Wed,Thu,Fri
21:26:46,147,Outer DuSable Lake Shore Express,,Mon,Tue,Wed,Thu,Fri
16:46:55,147,Outer DuSable Lake Shore Express,,Mon,Tue,Wed,Thu,Fri
15:28:50,146,Inner Lake Shore/Michigan Express,,Sat
06:24:05,151,Sheridan,,Sat
10:57:09,146,Inner Lake Shore/Michigan Express,,Sun
12:03:15,146,Inner Lake Shore/Michigan Express,,Mon,Tue,Wed,Thu,Fri
17:52:12,151,Sheridan,,Sun
11:24:43,151,Sheridan,,Sun
15:54:19,151,Sheridan,,Sat
17:05:46,143,Stockton/Michigan Express,,Mon,Tue,Wed,Thu,Fri
20:35:27,146,Inner Lake Shore/Michigan Express,,Mon,Tue,Wed,Thu,Fri
14:47:24,3,King Drive,,Mon,Tue,Wed,Thu,Fri
17:54:39,151,Sheridan,,Sat
17:43:00,147,Outer DuSable Lake Shore Express,,Sat
12:08:42,3,King Drive,,Sun
07:09:53,147,Outer DuSable Lake Shore Express,,Mon,Tue,Wed,Thu,Fri
16:44:42,143,Stockton/Michigan Express,,Mon,Tue,Wed,Thu,Fri
24:02:36,3,King Drive,,Mon,Tue,Wed,Thu,Fri
14:10:02,151,Sheridan,,Sun
07:28:44,26,South Shore Express,,Mon,Tue,Wed,Thu,Fri
10:55:42,3,King Drive,,Sun
08:27:45,151,Sheridan,,Sun
22:36:28,147,Outer DuSable Lake Shore Express,,Sat
17:23:25,148,Clarendon/Michigan Express,,Mon,Tue,Wed,Thu,Fri
20:21:21,151,Sheridan,,Sat
20:23:48,3,King Drive,,Sun
14:10:50,151,Sheridan,,Sat
22:28:30,3,King Drive,,Mon,Tue,Wed,Thu,Fri
06:20:25,26,South Shore Express,,Mon,Tue,Wed,Thu,Fri
08:06:30,147,Outer DuSable Lake Shore Express,,Sat
19:54:55,157,Streeterville/Taylor,,Mon,Tue,Wed,Thu,Fri
22:24:28,147,Outer DuSable Lake Shore Express,,Sat
13:08:02,151,Sheridan,,Sun
15:13:27,146,Inner Lake Shore/Michigan Express,,Sun
10:12:12,3,King Drive,,Mon,Tue,Wed,Thu,Fri
21:01:38,146,Inner Lake Shore/Michigan Express,,Sat
22:52:30,3,King Drive,,Mon,Tue,Wed,Thu,Fri
08:29:25,157,Streeterville/Taylor,,Mon,Tue,Wed,Thu,Fri
11:20:42,3,King Drive,,Sat
06:52:05,2,Hyde Park Express,,Mon,Tue,Wed,Thu,Fri
19:37:32,147,Outer DuSable Lake Shore Express,,Sat
07:13:48,3,King Drive,,Sat
14:47:51,151,Sheridan,,Mon,Tue,Wed,Thu,Fri
16:02:36,3,King Drive,,Sun
16:31:25,3,King Drive,,Mon,Tue,Wed,Thu,Fri
17:41:00,147,Outer DuSable Lake Shore Express,,Mon,Tue,Wed,Thu,Fri
09:12:12,3,King Drive,,Mon,Tue,Wed,Thu,Fri
01:10:35,151,Sheridan,,Mon
12:37:21,146,Inner Lake Shore/Michigan Express,,Sun
06:58:48,147,Outer DuSable Lake Shore Express,,Sun
16:03:10,151,Sheridan,,Mon,Tue,Wed,Thu,Fri
19:52:50,146,Inner Lake Shore/Michigan Express,,Sat
18:30:20,146,Inner Lake Shore/Michigan Express,,Mon,Tue,Wed,Thu,Fri
14:59:51,151,Sheridan,,Mon,Tue,Wed,Thu,Fri
20:50:16,147,Outer DuSable Lake Shore Express,,Sun
17:45:08,146,Inner Lake Shore/Michigan Express,,Sun
09:44:42,3,King Drive,,Mon,Tue,Wed,Thu,Fri
20:58:30,3,King Drive,,Mon,Tue,Wed,Thu,Fri
16:35:08,146,Inner Lake Shore/Michigan Express,,Sun
17:36:38,146,Inner Lake Shore/Michigan Express,,Sun
23:04:04,147,Outer DuSable Lake Shore Express,,Sat
01:30:05,151,Sheridan,,Sun
11:51:54,3,King Drive,,Sat
15:20:24,3,King Drive,,Mon,Tue,Wed,Thu,Fri
20:19:50,146,Inner Lake Shore/Michigan Express,,Mon,Tue,Wed,Thu,Fri
06:22:48,157,Streeterville/Taylor,,Mon,Tue,Wed,Thu,Fri
17:26:26,146,Inner Lake Shore/Michigan Express,,Sat
16:02:42,151,Sheridan,,Sun
16:01:50,146,Inner Lake Shore/Michigan Express,,Sat
10:39:34,151,Sheridan,,Sun
14:21:19,26,South Shore Express,,Mon,Tue,Wed,Thu,Fri
16:12:42,151,Sheridan,,Sun
09:29:54,26,South Shore Express,,Mon,Tue,Wed,Thu,Fri
15:51:42,147,Outer DuSable Lake Shore Express,,Sat
09:26:48,3,King Drive,,Sat
20:34:55,157,Streeterville/Taylor,,Mon,Tue,Wed,Thu,Fri
17:22:21,143,Stockton/Michigan Express,,Mon,Tue,Wed,Thu,Fri
16:04:50,148,Clarendon/Michigan Express,,Mon,Tue,Wed,Thu,Fri
24:02:36,3,King Drive,,Mon,Tue,Wed,Thu,Fri
16:08:44,146,Inner Lake Shore/Michigan Express,,Mon,Tue,Wed,Thu,Fri
18:04:20,146,Inner Lake Shore/Michigan Express,,Sat
20:35:24,3,King Drive,,Mon,Tue,Wed,Thu,Fri
14:55:19,26,South Shore Express,,Mon,Tue,Wed,Thu,Fri
13:16:39,147,Outer DuSable Lake Shore Express,,Mon,Tue,Wed,Thu,Fri
21:44:53,147,Outer DuSable Lake Shore Express,,Sun
12:04:45,146,Inner Lake Shore/Michigan Express,,Sat
13:38:32,151,Sheridan,,Sun
07:53:12,157,Streeterville/Taylor,,Mon,Tue,Wed,Thu,Fri
07:55:45,151,Sheridan,,Sun
18:27:40,151,Sheridan,,Sat
17:34:08,146,Inner Lake Shore/Michigan Express,,Sat
11:02:43,151,Sheridan,,Sun
13:12:33,146,Inner Lake Shore/Michigan Express,,Sun
13:25:08,146,Inner Lake Shore/Michigan Express,,Mon,Tue,Wed,Thu,Fri
12:49:51,146,Inner Lake Shore/Michigan Express,,Sun
20:51:38,146,Inner Lake Shore/Michigan Express,,Sat
15:42:08,146,Inner Lake Shore/Michigan Express,,Sun
16:20:02,147,Outer DuSable Lake Shore Express,,Mon,Tue,Wed,Thu,Fri
15:32:32,147,Outer DuSable Lake Shore Express,,Mon,Tue,Wed,Thu,Fri
15:43:31,151,Sheridan,,Mon,Tue,Wed,Thu,Fri
08:06:53,147,Outer DuSable Lake Shore Express,,Mon,Tue,Wed,Thu,Fri
13:31:39,26,South Shore Express,,Mon,Tue,Wed,Thu,Fri
05:56:25,151,Sheridan,,Mon,Tue,Wed,Thu,Fri
07:04:45,146,Inner Lake Shore/Michigan Express,,Mon,Tue,Wed,Thu,Fri
12:43:24,26,South Shore Express,,Mon,Tue,Wed,Thu,Fri
20:11:51,151,Sheridan,,Sat
17:42:53,157,Streeterville/Taylor,,Mon,Tue,Wed,Thu,Fri
10:18:00,3,King Drive,,Sun
09:35:04,151,Sheridan,,Sat
17:07:50,151,Sheridan,,Mon,Tue,Wed,Thu,Fri
14:38:19,26,South Shore Express,,Mon,Tue,Wed,Thu,Fri
20:11:51,146,Inner Lake Shore/Michigan Express,,Sun
13:05:08,146,Inner Lake Shore/Michigan Express,,Mon,Tue,Wed,Thu,Fri
13:18:04,147,Outer DuSable Lake Shore Express,,Sun
16:43:49,151,Sheridan,,Sat
14:41:02,151,Sheridan,,Sun
08:13:54,26,South Shore Express,,Mon,Tue,Wed,Thu,Fri
13:42:44,146,Inner Lake Shore/Michigan Express,,Sat
12:03:46,147,Outer DuSable Lake Shore Express,,Mon,Tue,Wed,Thu,Fri
22:24:21,146,Inner Lake Shore/Michigan Express,,Sun
08:26:43,151,Sheridan,,Mon,Tue,Wed,Thu,Fri
16:34:59,157,Streeterville/Taylor,,Mon,Tue,Wed,Thu,Fri
16:08:08,146,Inner Lake Shore/Michigan Express,,Sun
00:19:54,151,Sheridan,,Tue,Wed,Thu,Fri,Sat
19:06:32,146,Inner Lake Shore/Michigan Express,,Mon,Tue,Wed,Thu,Fri
00:16:24,151,Sheridan,,Mon
13:46:54,3,King Drive,,Sun
14:24:54,3,King Drive,,Mon,Tue,Wed,Thu,Fri
07:50:30,147,Outer DuSable Lake Shore Express,,Sat
16:26:20,146,Inner Lake Shore/Michigan Express,,Sat
06:17:06,3,King Drive,,Mon,Tue,Wed,Thu,Fri
08:06:04,151,Sheridan,,Mon,Tue,Wed,Thu,Fri
20:02:02,151,Sheridan,,Sun
14:08:57,146,Inner Lake Shore/Michigan Express,,Sun
19:45:32,147,Outer DuSable Lake Shore Express,,Sat
17:49:46,143,Stockton/Michigan Express,,Mon,Tue,Wed,Thu,Fri
09:24:24,151,Sheridan,,Sun
16:55:02,147,Outer DuSable Lake Shore Express,,Sun
17:35:30,147,Outer DuSable Lake Shore Express,,Mon,Tue,Wed,Thu,Fri
12:27:39,157,Streeterville/Taylor,,Mon,Tue,Wed,Thu,Fri
12:53:40,151,Sheridan,,Sat
06:38:48,147,Outer DuSable Lake Shore Express,,Mon,Tue,Wed,Thu,Fri
21:45:03,146,Inner Lake Shore/Michigan Express,,Mon,Tue,Wed,Thu,Fri
15:06:50,146,Inner Lake Shore/Michigan Express,,Mon,Tue,Wed,Thu,Fri
18:44:48,3,King Drive,,Sat
13:23:54,3,King Drive,,Sun
23:10:33,146,Inner Lake Shore/Michigan Express,,Sat
12:54:54,3,King Drive,,Sat
22:41:39,146,Inner Lake Shore/Michigan Express,,Sun
12:16:13,151,Sheridan,,Sun
11:49:04,147,Outer DuSable Lake Shore Express,,Sun
09:28:52,2,Hyde Park Express,,Mon,Tue,Wed,Thu,Fri
14:50:21,147,Outer DuSable Lake Shore Express,,Mon,Tue,Wed,Thu,Fri
11:14:13,151,Sheridan,,Sun
15:18:36,3,King Drive,,Sun
10:18:00,3,King Drive,,Sun
19:25:16,147,Outer DuSable Lake Shore Express,,Sun
12:12:12,151,Sheridan,,Mon,Tue,Wed,Thu,Fri
20:17:24,3,King Drive,,Mon,Tue,Wed,Thu,Fri
11:35:09,146,Inner Lake Shore/Michigan Express,,Sat
20:02:01,151,Sheridan,,Sat
19:14:51,146,Inner Lake Shore/Michigan Express,,Sun
12:03:15,146,Inner Lake Shore/Michigan Express,,Mon,Tue,Wed,Thu,Fri
20:21:38,146,Inner Lake Shore/Michigan Express,,Sat
12:20:42,3,King Drive,,Sun
23:44:04,147,Outer DuSable Lake Shore Express,,Sat
16:57:50,151,Sheridan,,Mon,Tue,Wed,Thu,Fri
18:57:42,3,King Drive,,Sun
09:56:04,151,Sheridan,,Sat
11:42:33,146,Inner Lake Shore/Michigan Express,,Mon,Tue,Wed,Thu,Fri
22:44:34,151,Sheridan,,Mon,Tue,Wed,Thu,Fri
11:15:23,147,Outer DuSable Lake Shore Express,,Sun
06:14:55,151,Sheridan,,Sun
16:06:19,157,Streeterville/Taylor,,Mon,Tue,Wed,Thu,Fri
07:18:00,147,Outer DuSable Lake Shore Express,,Sun
12:04:45,146,Inner Lake Shore/Michigan Express,,Sat
23:22:53,147,Outer DuSable Lake Shore Express,,Sun
13:48:09,26,South Shore Express,,Mon,Tue,Wed,Thu,Fri
19:36:50,146,Inner Lake Shore/Michigan Express,,Sat
10:31:41,147,Outer DuSable Lake Shore Express,,Sat
17:46:43,146,Inner Lake Shore/Michigan Express,,Mon,Tue,Wed,Thu,Fri
15:14:19,151,Sheridan,,Sat
19:54:55,157,Streeterville/Taylor,,Mon,Tue,Wed,Thu,Fri
21:55:46,147,Outer DuSable Lake Shore Express,,Mon,Tue,Wed,Thu,Fri
15:43:12,151,Sheridan,,Sun
18:39:48,147,Outer DuSable Lake Shore Express,,Sat
16:53:08,146,Inner Lake Shore/Michigan Express,,Sun
08:12:12,157,Streeterville/Taylor,,Mon,Tue,Wed,Thu,Fri
23:45:36,3,King Drive,,Mon,Tue,Wed,Thu,Fri
23:42:23,147,Outer DuSable Lake Shore Express,,Sun
16:42:42,151,Sheridan,,Sun
17:31:55,148,Clarendon/Michigan Express,,Mon,Tue,Wed,Thu,Fri
10:19:23,147,Outer DuSable Lake Shore Express,,Mon,Tue,Wed,Thu,Fri
07:34:04,146,Inner Lake Shore/Michigan Express,,Sun
00:56:45,151,Sheridan,,Sun
16:24:42,147,Outer DuSable Lake Shore Express,,Sat
19:13:32,147,Outer DuSable Lake Shore Express,,Mon,Tue,Wed,Thu,Fri
13:52:21,147,Outer DuSable Lake Shore Express,,Mon,Tue,Wed,Thu,Fri
14:08:57,146,Inner Lake Shore/Michigan Express,,Sun
17:35:02,147,Outer DuSable Lake Shore Express,,Sun
05:32:16,151,Sheridan,,Sun
16:52:50,151,Sheridan,,Mon,Tue,Wed,Thu,Fri
10:16:34,151,Sheridan,,Sat
23:40:27,146,Inner Lake Shore/Michigan Express,,Mon,Tue,Wed,Thu,Fri
19:03:32,151,Sheridan,,Sun
18:14:48,147,Outer DuSable Lake Shore Express,,Sat
16:17:44,146,Inner Lake Shore/Michigan Express,,Mon,Tue,Wed,Thu,Fri
18:22:48,147,Outer DuSable Lake Shore Express,,Sat
18:10:48,147,Outer DuSable Lake Shore Express,,Mon,Tue,Wed,Thu,Fri
07:18:00,147,Outer DuSable Lake Shore Express,,Sun
17:16:53,157,Streeterville/Taylor,,Mon,Tue,Wed,Thu,Fri
06:15:36,3,King Drive,,Sat
10:05:06,157,Streeterville/Taylor,,Mon,Tue,Wed,Thu,Fri
09:52:52,157,Streeterville/Taylor,,Mon,Tue,Wed,Thu,Fri
19:20:50,146,Inner Lake Shore/Michigan Express,,Sat
23:04:30,3,King Drive,,Mon,Tue,Wed,Thu,Fri
14:22:44,146,Inner Lake Shore/Michigan Express,,Sat
19:20:50,146,Inner Lake Shore/Michigan Express,,Sat
10:57:09,146,Inner Lake Shore/Michigan Express,,Sun
09:39:23,147,Outer DuSable Lake Shore Express,,Mon,Tue,Wed,Thu,Fri
08:39:18,3,King Drive,,Sun
10:37:04,151,Sheridan,,Sat
10:03:30,3,King Drive,,Sun
19:14:16,147,Outer DuSable Lake Shore Express,,Sun
01:00:35,151,Sheridan,,Tue,Wed,Thu,Fri,Sat
14:26:01,3,King Drive,,Sat
11:37:32,151,Sheridan,,Sat
07:33:09,146,Inner Lake Shore/Michigan Express,,Mon,Tue,Wed,Thu,Fri
18:46:44,146,Inner Lake Shore/Michigan Express,,Mon,Tue,Wed,Thu,Fri
21:16:57,146,Inner Lake Shore/Michigan Express,,Mon,Tue,Wed,Thu,Fri
15:43:12,147,Outer DuSable Lake Shore Express,,Sat
18:24:54,3,King Drive,,Sun
07:19:55,2,Hyde Park Express,,Mon,Tue,Wed,Thu,Fri
10:35:30,147,Outer DuSable Lake Shore Express,,Sun
18:57:20,146,Inner Lake Shore/Michigan Express,,Sat
21:41:43,151,Sheridan,,Sun
18:21:25,3,King Drive,,Mon,Tue,Wed,Thu,Fri
19:00:14,146,Inner Lake Shore/Michigan Express,,Mon,Tue,Wed,Thu,Fri
17:15:25,3,King Drive,,Mon,Tue,Wed,Thu,Fri
13:00:12,151,Sheridan,,Mon,Tue,Wed,Thu,Fri
16:42:50,151,Sheridan,,Mon,Tue,Wed,Thu,Fri
05:32:16,151,Sheridan,,Sun
20:27:38,146,Inner Lake Shore/Michigan Express,,Mon,Tue,Wed,Thu,Fri
22:15:21,146,Inner Lake Shore/Michigan Express,,Mon,Tue,Wed,Thu,Fri
17:05:02,147,Outer DuSable Lake Shore Express,,Sun
18:44:44,148,Clarendon/Michigan Express,,Mon,Tue,Wed,Thu,Fri
05:52:06,3,King Drive,,Mon,Tue,Wed,Thu,Fri
15:02:02,147,Outer DuSable Lake Shore Express,,Mon,Tue,Wed,Thu,Fri
13:59:14,147,Outer DuSable Lake Shore Express,,Sat
20:05:20,146,Inner Lake Shore/Michigan Express,,Mon,Tue,Wed,Thu,Fri
12:20:42,3,King Drive,,Sun
19:04:50,146,Inner Lake Shore/Michigan Express,,Sat
17:48:55,148,Clarendon/Michigan Express,,Mon,Tue,Wed,Thu,Fri
09:37:24,151,Sheridan,,Sun
12:34:58,147,Outer DuSable Lake Shore Express,,Mon,Tue,Wed,Thu,Fri
17:57:48,147,Outer DuSable Lake Shore Express,,Sat
13:50:57,146,Inner Lake Shore/Michigan Express,,Sun
12:26:43,151,Sheridan,,Sun
22:04:30,3,King Drive,,Mon,Tue,Wed,Thu,Fri
10:39:23,147,Outer DuSable Lake Shore Express,,Mon,Tue,Wed,Thu,Fri
12:56:04,147,Outer DuSable Lake Shore Express,,Sun
11:48:46,147,Outer DuSable Lake Shore Express,,Mon,Tue,Wed,Thu,Fri
17:19:36,3,King Drive,,Sun
09:30:27,146,Inner Lake Shore/Michigan Express,,Sat
05:52:25,26,South Shore Express,,Mon,Tue,Wed,Thu,Fri
12:49:57,146,Inner Lake Shore/Michigan Express,,Sat
14:47:21,147,Outer DuSable Lake Shore Express,,Sun
08:28:24,26,South Shore Express,,Mon,Tue,Wed,Thu,Fri
20:01:51,146,Inner Lake Shore/Michigan Express,,Sun
11:57:24,26,South Shore Express,,Mon,Tue,Wed,Thu,Fri
23:04:23,147,Outer DuSable Lake Shore Express,,Sun
11:12:23,151,Sheridan,,Sat
20:58:57,146,Inner Lake Shore/Michigan Express,,Mon,Tue,Wed,Thu,Fri
19:40:12,3,King Drive,,Sun
17:17:30,147,Outer DuSable Lake Shore Express,,Mon,Tue,Wed,Thu,Fri
22:26:38,146,Inner Lake Shore/Michigan Express,,Sat
08:23:53,147,Outer DuSable Lake Shore Express,,Mon,Tue,Wed,Thu,Fri
13:21:44,147,Outer DuSable Lake Shore Express,,Sat
17:28:08,146,Inner Lake Shore/Michigan Express,,Sun
00:56:45,151,Sheridan,,Sun
06:58:48,147,Outer DuSable Lake Shore Express,,Sun
23:04:34,147,Outer DuSable Lake Shore Express,,Mon,Tue,Wed,Thu,Fri
08:53:19,2,Hyde Park Express,,Mon,Tue,Wed,Thu,Fri
17:40:13,146,Inner Lake Shore/Michigan Express,,Mon,Tue,Wed,Thu,Fri
19:38:38,146,Inner Lake Shore/Michigan Express,,Mon,Tue,Wed,Thu,Fri
18:44:42,3,King Drive,,Sun
10:12:12,3,King Drive,,Mon,Tue,Wed,Thu,Fri
18:22:48,147,Outer DuSable Lake Shore Express,,Sat
09:30:27,146,Inner Lake Shore/Michigan Express,,Sat
11:00:12,3,King Drive,,Sat
13:51:36,157,Streeterville/Taylor,,Mon,Tue,Wed,Thu,Fri
15:33:50,148,Clarendon/Michigan Express,,Mon,Tue,Wed,Thu,Fri
09:13:25,157,Streeterville/Taylor,,Mon,Tue,Wed,Thu,Fri
10:45:19,157,Streeterville/Taylor,,Mon,Tue,Wed,Thu,Fri
22:25:23,147,Outer DuSable Lake Shore Express,,Sun
20:43:53,151,Sheridan,,Mon,Tue,Wed,Thu,Fri
00:40:54,151,Sheridan,,Sun
06:06:18,157,Streeterville/Taylor,,Mon,Tue,Wed,Thu,Fri
05:34:25,151,Sheridan,,Mon,Tue,Wed,Thu,Fri
20:55:02,147,Outer DuSable Lake Shore Express,,Sat
11:37:34,147,Outer DuSable Lake Shore Express,,Sun
18:08:42,143,Stockton/Michigan Express,,Mon,Tue,Wed,Thu,Fri
06:00:07,147,Outer DuSable Lake Shore Express,,Sat
08:35:48,3,King Drive,,Sat
12:59:54,3,King Drive,,Sun
08:34:42,3,King Drive,,Mon,Tue,Wed,Thu,Fri
06:40:31,157,Streeterville/Taylor,,Mon,Tue,Wed,Thu,Fri
15:20:24,3,King Drive,,Mon,Tue,Wed,Thu,Fri
19:55:38,146,Inner Lake Shore/Michigan Express,,Sat
13:17:36,157,Streeterville/Taylor,,Mon,Tue,Wed,Thu,Fri
22:40:30,3,King Drive,,Mon,Tue,Wed,Thu,Fri
13:15:09,26,South Shore Express,,Mon,Tue,Wed,Thu,Fri
13:26:32,146,Inner Lake Shore/Michigan Express,,Sat
17:25:00,147,Outer DuSable Lake Shore Express,,Mon,Tue,Wed,Thu,Fri
18:25:02,147,Outer DuSable Lake Shore Express,,Sun
07:35:15,146,Inner Lake Shore/Michigan Express,,Sat
17:17:50,151,Sheridan,,Mon,Tue,Wed,Thu,Fri
18:44:48,3,King Drive,,Sat
13:51:04,147,Outer DuSable Lake Shore Express,,Sun
11:38:28,147,Outer DuSable Lake Shore Express,,Sat
06:06:55,26,South Shore Express,,Mon,Tue,Wed,Thu,Fri
22:26:51,146,Inner Lake Shore/Michigan Express,,Mon,Tue,Wed,Thu,Fri
19:44:50,146,Inner Lake Shore/Michigan Express,,Sat
17:17:56,146,Inner Lake Shore/Michigan Express,,Sat
12:10:42,151,Sheridan,,Sat
10:21:48,147,Outer DuSable Lake Shore Express,,Sun
12:27:54,3,King Drive,,Sat
10:41:03,146,Inner Lake Shore/Michigan Express,,Mon,Tue,Wed,Thu,Fri
21:30:30,3,King Drive,,Mon,Tue,Wed,Thu,Fri
14:04:39,26,South Shore Express,,Mon,Tue,Wed,Thu,Fri
20:30:51,151,Sheridan,,Sat
08:37:51,146,Inner Lake Shore/Michigan Express,,Mon,Tue,Wed,Thu,Fri
16:24:36,3,King Drive,,Sun
10:05:18,147,Outer DuSable Lake Shore Express,,Sun
20:23:48,3,King Drive,,Sun
19:54:02,147,Outer DuSable Lake Shore Express,,Sat
17:03:00,147,Outer DuSable Lake Shore Express,,Sat
06:22:37,147,Outer DuSable Lake Shore Express,,Mon,Tue,Wed,Thu,Fri
05:48:37,147,Outer DuSable Lake Shore Express,,Mon,Tue,Wed,Thu,Fri
16:34:59,157,Streeterville/Taylor,,Mon,Tue,Wed,Thu,Fri
05:36:45,26,South Shore Express,,Mon,Tue,Wed,Thu,Fri
23:57:45,146,Inner Lake Shore/Michigan Express,,Mon,Tue,Wed,Thu,Fri
16:42:42,151,Sheridan,,Sun
18:43:25,3,King Drive,,Mon,Tue,Wed,Thu,Fri
10:02:42,3,King Drive,,Mon,Tue,Wed,Thu,Fri
11:42:24,26,South Shore Express,,Mon,Tue,Wed,Thu,Fri
16:53:08,146,Inner Lake Shore/Michigan Express,,Sun
10:03:30,3,King Drive,,Sun
15:17:42,147,Outer DuSable Lake Shore Express,,Sat
07:04:45,146,Inner Lake Shore/Michigan Express,,Mon,Tue,Wed,Thu,Fri
20:35:24,3,King Drive,,Mon,Tue,Wed,Thu,Fri
17:45:37,2,Hyde Park Express,,Mon,Tue,Wed,Thu,Fri
20:02:02,151,Sheridan,,Sun
18:20:56,148,Clarendon/Michigan Express,,Mon,Tue,Wed,Thu,Fri
15:09:24,3,King Drive,,Mon,Tue,Wed,Thu,Fri
22:13:28,147,Outer DuSable Lake Shore Express,,Sat
13:59:57,146,Inner Lake Shore/Michigan Express,,Sun
09:27:48,2,Hyde Park Express,,Mon,Tue,Wed,Thu,Fri
12:45:54,3,King Drive,,Mon,Tue,Wed,Thu,Fri
11:12:23,151,Sheridan,,Sat
12:25:08,146,Inner Lake Shore/Michigan Express,,Mon,Tue,Wed,Thu,Fri
20:14:09,147,Outer DuSable Lake Shore Express,,Mon,Tue,Wed,Thu,Fri
12:57:02,147,Outer DuSable Lake Shore Express,,Sat
23:07:12,3,King Drive,,Sat
20:35:27,146,Inner Lake Shore/Michigan Express,,Mon,Tue,Wed,Thu,Fri
16:03:21,147,Outer DuSable Lake Shore Express,,Sun
09:39:23,147,Outer DuSable Lake Shore Express,,Mon,Tue,Wed,Thu,Fri
12:00:16,147,Outer DuSable Lake Shore Express,,Sun
11:35:09,146,Inner Lake Shore/Michigan Express,,Sat
23:57:34,151,Sheridan,,Sun
11:50:22,157,Streeterville/Taylor,,Mon,Tue,Wed,Thu,Fri
19:15:25,157,Streeterville/Taylor,,Mon,Tue,Wed,Thu,Fri
00:16:24,151,Sheridan,,Mon
10:22:12,3,King Drive,,Mon,Tue,Wed,Thu,Fri
07:34:30,147,Outer DuSable Lake Shore Express,,Sat
18:39:48,147,Outer DuSable Lake Shore Express,,Sat
18:11:00,151,Sheridan,,Sat
09:56:15,146,Inner Lake Shore/Michigan Express,,Sun
15:31:24,3,King Drive,,Mon,Tue,Wed,Thu,Fri
21:22:43,151,Sheridan,,Sun
16:55:07,147,Outer DuSable Lake Shore Express,,Mon,Tue,Wed,Thu,Fri
21:23:42,151,Sheridan,,Sat
15:46:19,151,Sheridan,,Sat
14:34:18,147,Outer DuSable Lake Shore Express,,Sat
16:00:12,147,Outer DuSable Lake Shore Express,,Sat
17:45:02,147,Outer DuSable Lake Shore Express,,Sun
21:26:15,146,Inner Lake Shore/Michigan Express,,Mon,Tue,Wed,Thu,Fri
11:01:19,157,Streeterville/Taylor,,Mon,Tue,Wed,Thu,Fri
07:17:44,26,South Shore Express,,Mon,Tue,Wed,Thu,Fri
14:54:24,3,King Drive,,Sun
14:53:36,157,Streeterville/Taylor,,Mon,Tue,Wed,Thu,Fri
20:32:16,147,Outer DuSable Lake Shore Express,,Sun
11:50:03,146,Inner Lake Shore/Michigan Express,,Sat
10:19:12,3,King Drive,,Sat
15:09:12,147,Outer DuSable Lake Shore Express,,Sat
15:06:50,146,Inner Lake Shore/Michigan Express,,Mon,Tue,Wed,Thu,Fri
20:31:38,146,Inner Lake Shore/Michigan Express,,Sat
10:50:12,3,King Drive,,Sat
12:58:39,26,South Shore Express,,Mon,Tue,Wed,Thu,Fri
12:19:28,147,Outer DuSable Lake Shore Express,,Mon,Tue,Wed,Thu,Fri
20:54:06,3,King Drive,,Sat
16:57:50,151,Sheridan,,Mon,Tue,Wed,Thu,Fri
09:40:22,2,Hyde Park Express,,Mon,Tue,Wed,Thu,Fri
14:52:12,147,Outer DuSable Lake Shore Express,,Sat
12:08:42,3,King Drive,,Sun
17:43:00,147,Outer DuSable Lake Shore Express,,Sat
17:27:30,147,Outer DuSable Lake Shore Express,,Mon,Tue,Wed,Thu,Fri
16:41:14,147,Outer DuSable Lake Shore Express,,Mon,Tue,Wed,Thu,Fri
06:22:48,157,Streeterville/Taylor,,Mon,Tue,Wed,Thu,Fri
14:36:24,3,King Drive,,Mon,Tue,Wed,Thu,Fri
21:52:30,3,King Drive,,Mon,Tue,Wed,Thu,Fri
10:45:39,146,Inner Lake Shore/Michigan Express,,Sat
17:36:12,147,Outer DuSable Lake Shore Express,,Sat
14:02:28,147,Outer DuSable Lake Shore Express,,Sun
07:15:36,3,King Drive,,Sun
13:03:39,147,Outer DuSable Lake Shore Express,,Mon,Tue,Wed,Thu,Fri
21:22:21,146,Inner Lake Shore/Michigan Express,,Sun
20:57:21,146,Inner Lake Shore/Michigan Express,,Sun
13:40:04,147,Outer DuSable Lake Shore Express,,Sun
08:45:54,26,South Shore Express,,Mon,Tue,Wed,Thu,Fri
11:15:23,147,Outer DuSable Lake Shore Express,,Sun
07:55:36,3,King Drive,,Sun
13:38:32,151,Sheridan,,Sun
16:33:56,146,Inner Lake Shore/Michigan Express,,Mon,Tue,Wed,Thu,Fri
19:36:50,146,Inner Lake Shore/Michigan Express,,Sat
10:27:04,151,Sheridan,,Sun
14:08:36,157,Streeterville/Taylor,,Mon,Tue,Wed,Thu,Fri
13:41:48,3,King Drive,,Sat
01:40:35,151,Sheridan,,Tue,Wed,Thu,Fri,Sat
12:10:28,147,Outer DuSable Lake Shore Express,,Sat
07:01:30,147,Outer DuSable Lake Shore Express,,Sat
23:23:02,151,Sheridan,,Sat
14:35:57,146,Inner Lake Shore/Michigan Express,,Sun
06:55:48,3,King Drive,,Sat
17:56:10,157,Streeterville/Taylor,,Mon,Tue,Wed,Thu,Fri
22:28:30,3,King Drive,,Mon,Tue,Wed,Thu,Fri
13:58:32,151,Sheridan,,Sun
06:44:35,151,Sheridan,,Sat
13:11:40,151,Sheridan,,Sat
13:34:44,146,Inner Lake Shore/Michigan Express,,Sat
16:47:25,3,King Drive,,Sat
15:50:32,147,Outer DuSable Lake Shore Express,,Mon,Tue,Wed,Thu,Fri
19:45:32,147,Outer DuSable Lake Shore Express,,Sat
16:21:16,157,Streeterville/Taylor,,Mon,Tue,Wed,Thu,Fri
18:08:56,157,Streeterville/Taylor,,Mon,Tue,Wed,Thu,Fri
11:20:32,151,Sheridan,,Sat
13:00:08,146,Inner Lake Shore/Michigan Express,,Sat
09:33:30,3,King Drive,,Sun
21:35:03,146,Inner Lake Shore/Michigan Express,,Mon,Tue,Wed,Thu,Fri
16:35:49,151,Sheridan,,Sat
21:16:16,147,Outer DuSable Lake Shore Express,,Mon,Tue,Wed,Thu,Fri
07:07:18,3,King Drive,,Mon,Tue,Wed,Thu,Fri
17:40:25,148,Clarendon/Michigan Express,,Mon,Tue,Wed,Thu,Fri
16:32:42,151,Sheridan,,Sun
06:54:30,147,Outer DuSable Lake Shore Express,,Mon,Tue,Wed,Thu,Fri
15:33:08,146,Inner Lake Shore/Michigan Express,,Sun
16:26:08,146,Inner Lake Shore/Michigan Express,,Sun
17:29:53,157,Streeterville/Taylor,,Mon,Tue,Wed,Thu,Fri
15:48:44,146,Inner Lake Shore/Michigan Express,,Mon,Tue,Wed,Thu,Fri
08:13:54,26,South Shore Express,,Mon,Tue,Wed,Thu,Fri
12:57:02,147,Outer DuSable Lake Shore Express,,Sat
18:35:26,146,Inner Lake Shore/Michigan Express,,Sat
18:54:51,147,Outer DuSable Lake Shore Express,,Sun
18:45:31,151,Sheridan,,Mon,Tue,Wed,Thu,Fri
09:15:48,3,King Drive,,Sun
18:21:00,143,Stockton/Michigan Express,,Mon,Tue,Wed,Thu,Fri
18:23:59,157,Streeterville/Taylor,,Mon,Tue,Wed,Thu,Fri
07:30:04,151,Sheridan,,Mon,Tue,Wed,Thu,Fri
10:30:12,3,King Drive,,Sat
14:30:44,146,Inner Lake Shore/Michigan Express,,Sat
09:12:12,3,King Drive,,Mon,Tue,Wed,Thu,Fri
10:30:19,157,Streeterville/Taylor,,Mon,Tue,Wed,Thu,Fri
16:19:49,151,Sheridan,,Sat
09:56:15,146,Inner Lake Shore/Michigan Express,,Sun
13:54:57,146,Inner Lake Shore/Michigan Express,,Mon,Tue,Wed,Thu,Fri
14:58:24,3,King Drive,,Mon,Tue,Wed,Thu,Fri
15:40:36,3,King Drive,,Sun
05:40:16,151,Sheridan,,Sat
16:11:25,3,King Drive,,Sat
08:13:21,146,Inner Lake Shore/Michigan Express,,Mon,Tue,Wed,Thu,Fri
18:12:20,146,Inner Lake Shore/Michigan Express,,Sat
14:04:21,147,Outer DuSable Lake Shore Express,,Mon,Tue,Wed,Thu,Fri
09:04:49,2,Hyde Park Express,,Mon,Tue,Wed,Thu,Fri
22:01:34,151,Sheridan,,Sun
20:15:43,151,Sheridan,,Sun
17:10:18,147,Outer DuSable Lake Shore Express,,Mon,Tue,Wed,Thu,Fri
09:40:42,2,Hyde Park Express,,Mon,Tue,Wed,Thu,Fri
13:41:57,146,Inner Lake Shore/Michigan Express,,Sun
18:33:31,151,Sheridan,,Mon,Tue,Wed,Thu,Fri
14:20:54,3,King Drive,,Sun
21:22:21,146,Inner Lake Shore/Michigan Express,,Sun
22:52:30,3,King Drive,,Mon,Tue,Wed,Thu,Fri
11:27:54,26,South Shore Express,,Mon,Tue,Wed,Thu,Fri
14:53:36,157,Streeterville/Taylor,,Mon,Tue,Wed,Thu,Fri
18:56:55,147,Outer DuSable Lake Shore Express,,Sat
22:47:34,147,Outer DuSable Lake Shore Express,,Sat
15:41:36,157,Streeterville/Taylor,,Mon,Tue,Wed,Thu,Fri
11:38:28,147,Outer DuSable Lake Shore Express,,Sat
08:17:04,151,Sheridan,,Mon,Tue,Wed,Thu,Fri
10:03:23,151,Sheridan,,Mon,Tue,Wed,Thu,Fri
08:58:42,3,King Drive,,Mon,Tue,Wed,Thu,Fri
07:29:48,3,King Drive,,Mon,Tue,Wed,Thu,Fri
09:44:42,3,King Drive,,Mon,Tue,Wed,Thu,Fri
06:36:59,2,Hyde Park Express,,Mon,Tue,Wed,Thu,Fri
09:11:27,146,Inner Lake Shore/Michigan Express,,Sat
16:57:07,2,Hyde Park Express,,Mon,Tue,Wed,Thu,Fri
12:44:39,157,Streeterville/Taylor,,Mon,Tue,Wed,Thu,Fri
20:11:51,146,Inner Lake Shore/Michigan Express,,Sun
19:52:50,146,Inner Lake Shore/Michigan Express,,Sat
19:56:09,147,Outer DuSable Lake Shore Express,,Mon,Tue,Wed,Thu,Fri
05:24:36,3,King Drive,,Mon,Tue,Wed,Thu,Fri
18:32:12,151,Sheridan,,Sun
19:12:31,151,Sheridan,,Sat
13:59:48,3,King Drive,,Sat
18:06:13,146,Inner Lake Shore/Michigan Express,,Mon,Tue,Wed,Thu,Fri
17:12:50,151,Sheridan,,Mon,Tue,Wed,Thu,Fri
06:30:05,151,Sheridan,,Mon,Tue,Wed,Thu,Fri
14:46:44,146,Inner Lake Shore/Michigan Express,,Sat
16:44:08,146,Inner Lake Shore/Michigan Express,,Sun
18:28:25,147,Outer DuSable Lake Shore Express,,Mon,Tue,Wed,Thu,Fri
14:08:48,3,King Drive,,Sat
08:55:11,147,Outer DuSable Lake Shore Express,,Sat
14:51:12,151,Sheridan,,Sun
16:35:20,146,Inner Lake Shore/Michigan Express,,Sat
05:12:25,151,Sheridan,,Mon,Tue,Wed,Thu,Fri
16:03:10,151,Sheridan,,Mon,Tue,Wed,Thu,Fri
09:00:51,146,Inner Lake Shore/Michigan Express,,Mon,Tue,Wed,Thu,Fri
18:19:20,151,Sheridan,,Sat
17:27:50,151,Sheridan,,Mon,Tue,Wed,Thu,Fri
18:23:10,151,Sheridan,,Mon,Tue,Wed,Thu,Fri
22:47:12,3,King Drive,,Sat
18:53:14,146,Inner Lake Shore/Michigan Express,,Mon,Tue,Wed,Thu,Fri
16:26:44,147,Outer DuSable Lake Shore Express,,Mon,Tue,Wed,Thu,Fri
18:27:38,146,Inner Lake Shore/Michigan Express,,Sat
17:42:12,151,Sheridan,,Sun
14:00:12,151,Sheridan,,Mon,Tue,Wed,Thu,Fri
16:48:08,146,Inner Lake Shore/Michigan Express,,Mon,Tue,Wed,Thu,Fri
15:33:08,146,Inner Lake Shore/Michigan Express,,Sun
11:54:43,151,Sheridan,,Sun
16:21:14,148,Clarendon/Michigan Express,,Mon,Tue,Wed,Thu,Fri
20:53:42,151,Sheridan,,Sat
17:05:07,147,Outer DuSable Lake Shore Express,,Mon,Tue,Wed,Thu,Fri
18:34:37,143,Stockton/Michigan Express,,Mon,Tue,Wed,Thu,Fri
06:51:45,146,Inner Lake Shore/Michigan Express,,Mon,Tue,Wed,Thu,Fri
23:16:45,146,Inner Lake Shore/Michigan Express,,Sun
10:42:00,3,King Drive,,Sun
15:42:08,146,Inner Lake Shore/Michigan Express,,Sun
01:00:35,151,Sheridan,,Tue,Wed,Thu,Fri,Sat
16:59:56,148,Clarendon/Michigan Express,,Mon,Tue,Wed,Thu,Fri
19:46:12,151,Sheridan,,Mon,Tue,Wed,Thu,Fri
10:45:39,146,Inner Lake Shore/Michigan Express,,Sat
07:53:12,157,Streeterville/Taylor,,Mon,Tue,Wed,Thu,Fri
18:22:37,147,Outer DuSable Lake Shore Express,,Mon,Tue,Wed,Thu,Fri
19:25:32,151,Sheridan,,Sun
06:37:18,3,King Drive,,Mon,Tue,Wed,Thu,Fri
11:12:54,26,South Shore Express,,Mon,Tue,Wed,Thu,Fri
11:32:33,146,Inner Lake Shore/Michigan Express,,Mon,Tue,Wed,Thu,Fri
19:20:02,146,Inner Lake Shore/Michigan Express,,Mon,Tue,Wed,Thu,Fri
17:28:08,146,Inner Lake Shore/Michigan Express,,Sun
13:51:36,157,Streeterville/Taylor,,Mon,Tue,Wed,Thu,Fri
12:12:24,26,South Shore Express,,Mon,Tue,Wed,Thu,Fri
10:19:23,147,Outer DuSable Lake Shore Express,,Mon,Tue,Wed,Thu,Fri
17:05:46,143,Stockton/Michigan Express,,Mon,Tue,Wed,Thu,Fri
11:20:42,3,King Drive,,Sat
18:25:27,146,Inner Lake Shore/Michigan Express,,Sun
17:32:30,147,Outer DuSable Lake Shore Express,,Mon,Tue,Wed,Thu,Fri
08:36:54,26,South Shore Express,,Mon,Tue,Wed,Thu,Fri