arrival_time,route_short_name,route_long_name,headsign,service_days
20:38:17,20,Madison,,Sun
17:06:28,60,Blue Island/26th,,Mon,Tue,Wed,Thu,Fri
22:57:45,20,Madison,,Sat
15:17:37,157,Streeterville/Taylor,,Mon,Tue,Wed,Thu,Fri
18:59:42,60,Blue Island/26th,,Sun
09:12:19,20,Madison,,Sat
11:35:14,J14,Jeffery Jump,,Sun
02:32:25,66,Chicago,,Sun
01:42:19,60,Blue Island/26th,,Mon
13:03:40,60,Blue Island/26th,,Sun
10:22:47,20,Madison,,Sun
16:58:28,60,Blue Island/26th,,Mon,Tue,Wed,Thu,Fri
21:16:15,20,Madison,,Mon,Tue,Wed,Thu,Fri
16:52:15,J14,Jeffery Jump,,Sat
11:23:34,60,Blue Island/26th,,Mon,Tue,Wed,Thu,Fri
06:47:45,56,Milwaukee,,Sun
17:27:02,124,Navy Pier,,Sat
12:36:19,20,Madison,,Sat
16:38:44,J14,Jeffery Jump,,Sun
07:47:45,20,Madison,,Sun
16:51:38,60,Blue Island/26th,,Sun
10:17:47,157,Streeterville/Taylor,,Mon,Tue,Wed,Thu,Fri
02:02:22,66,Chicago,,Tue,Wed,Thu,Fri,Sat
09:59:19,20,Madison,,Sat
08:34:08,60,Blue Island/26th,,Sat
23:26:15,20,Madison,,Sat
13:03:07,157,Streeterville/Taylor,,Mon,Tue,Wed,Thu,Fri
09:01:40,60,Blue Island/26th,,Sun
14:59:51,20,Madison,,Mon,Tue,Wed,Thu,Fri
16:21:19,20,Madison,,Sat
20:11:04,60,Blue Island/26th,,Mon,Tue,Wed,Thu,Fri
17:10:00,124,Navy Pier,,Sat
10:54:04,60,Blue Island/26th,,Mon,Tue,Wed,Thu,Fri
01:11:49,20,Madison,,Tue,Wed,Thu,Fri,Sat
12:43:40,60,Blue Island/26th,,Sun
06:34:14,60,Blue Island/26th,,Sun
12:50:04,60,Blue Island/26th,,Mon,Tue,Wed,Thu,Fri
19:30:35,124,Navy Pier,,Sat
08:03:42,60,Blue Island/26th,,Sun
08:32:23,56,Milwaukee,,Mon,Tue,Wed,Thu,Fri
19:26:49,56,Milwaukee,,Sat
17:10:14,J14,Jeffery Jump,,Sat
05:58:15,20,Madison,,Sun
14:16:04,60,Blue Island/26th,,Mon,Tue,Wed,Thu,Fri
15:32:32,157,Streeterville/Taylor,,Mon,Tue,Wed,Thu,Fri
18:11:18,20,Madison,,Mon,Tue,Wed,Thu,Fri
12:21:04,60,Blue Island/26th,,Mon,Tue,Wed,Thu,Fri
13:29:49,20,Madison,,Sun
07:55:16,56,Milwaukee,,Sun
03:01:25,66,Chicago,,Tue,Wed,Thu,Fri,Sat
20:17:14,J14,Jeffery Jump,,Mon,Tue,Wed,Thu,Fri
05:36:15,20,Madison,,Sat
07:19:14,60,Blue Island/26th,,Sun
17:42:28,60,Blue Island/26th,,Mon,Tue,Wed,Thu,Fri
15:31:20,56,Milwaukee,,Sat
21:46:15,56,Milwaukee,,Sun
15:52:24,56,Milwaukee,,Mon,Tue,Wed,Thu,Fri
09:12:48,J14,Jeffery Jump,,Mon,Tue,Wed,Thu,Fri
08:12:15,J14,Jeffery Jump,,Sun
07:21:23,56,Milwaukee,,Mon,Tue,Wed,Thu,Fri
13:10:44,J14,Jeffery Jump,,Sun
09:43:50,56,Milwaukee,,Mon,Tue,Wed,Thu,Fri
19:21:32,60,Blue Island/26th,,Mon,Tue,Wed,Thu,Fri
20:07:14,J14,Jeffery Jump,,Mon,Tue,Wed,Thu,Fri
18:55:40,60,Blue Island/26th,,Sat
02:12:19,60,Blue Island/26th,,Sun
22:01:15,20,Madison,,Sat
18:18:48,20,Madison,,Mon,Tue,Wed,Thu,Fri
02:32:22,66,Chicago,,Tue,Wed,Thu,Fri,Sat
21:08:15,20,Madison,,Sun
07:02:27,157,Streeterville/Taylor,,Mon,Tue,Wed,Thu,Fri
10:32:47,20,Madison,,Sun
14:56:36,60,Blue Island/26th,,Sat
17:09:58,56,Milwaukee,,Mon,Tue,Wed,Thu,Fri
10:59:16,J14,Jeffery Jump,,Mon,Tue,Wed,Thu,Fri
14:28:45,J14,Jeffery Jump,,Sun
13:13:40,60,Blue Island/26th,,Sun
08:04:47,157,Streeterville/Taylor,,Mon,Tue,Wed,Thu,Fri
19:07:49,56,Milwaukee,,Sat
01:12:19,60,Blue Island/26th,,Mon
18:16:08,60,Blue Island/26th,,Sat
19:12:51,56,Milwaukee,,Mon,Tue,Wed,Thu,Fri
19:03:19,20,Madison,,Sat
15:48:21,20,Madison,,Mon,Tue,Wed,Thu,Fri
10:41:19,20,Madison,,Mon,Tue,Wed,Thu,Fri
10:55:14,J14,Jeffery Jump,,Sun
08:51:17,20,Madison,,Mon,Tue,Wed,Thu,Fri
08:25:18,J14,Jeffery Jump,,Mon,Tue,Wed,Thu,Fri
10:22:47,20,Madison,,Sun
09:26:58,124,Navy Pier,,Mon,Tue,Wed,Thu,Fri
19:05:14,J14,Jeffery Jump,,Sat
03:11:49,20,Madison,,Mon,Tue,Wed,Thu,Fri
19:31:32,60,Blue Island/26th,,Mon,Tue,Wed,Thu,Fri
09:52:47,20,Madison,,Sun
22:26:15,20,Madison,,Sun
18:12:50,56,Milwaukee,,Sat
13:34:15,J14,Jeffery Jump,,Sat
23:41:15,20,Madison,,Sat
10:42:47,20,Madison,,Sun
16:36:49,J14,Jeffery Jump,,Mon,Tue,Wed,Thu,Fri
18:01:48,J14,Jeffery Jump,,Mon,Tue,Wed,Thu,Fri
07:58:53,56,Milwaukee,,Mon,Tue,Wed,Thu,Fri
17:27:19,56,Milwaukee,,Sun
19:34:44,J14,Jeffery Jump,,Sat
21:46:38,60,Blue Island/26th,,Mon,Tue,Wed,Thu,Fri
15:18:45,J14,Jeffery Jump,,Sun
20:07:39,124,Navy Pier,,Sat
08:32:19,20,Madison,,Sat
19:56:47,56,Milwaukee,,Sun
21:43:44,J14,Jeffery Jump,,Sat
23:11:15,20,Madison,,Sun
21:07:15,20,Madison,,Mon,Tue,Wed,Thu,Fri
10:33:17,56,Milwaukee,,Sun
18:06:19,20,Madison,,Sat
11:52:47,20,Madison,,Sun
02:11:49,20,Madison,,Sun
14:10:47,56,Milwaukee,,Sun
11:01:19,20,Madison,,Mon,Tue,Wed,Thu,Fri
07:03:15,J14,Jeffery Jump,,Sun
14:45:25,20,Madison,,Mon,Tue,Wed,Thu,Fri
15:38:34,60,Blue Island/26th,,Mon,Tue,Wed,Thu,Fri
17:58:47,20,Madison,,Sun
15:45:19,20,Madison,,Sat
07:10:16,56,Milwaukee,,Sat
21:46:38,60,Blue Island/26th,,Mon,Tue,Wed,Thu,Fri
18:02:57,56,Milwaukee,,Mon,Tue,Wed,Thu,Fri
13:18:23,56,Milwaukee,,Mon,Tue,Wed,Thu,Fri
22:24:45,20,Madison,,Mon,Tue,Wed,Thu,Fri
01:42:19,60,Blue Island/26th,,Sun
18:58:15,J14,Jeffery Jump,,Mon,Tue,Wed,Thu,Fri
13:04:21,20,Madison,,Mon,Tue,Wed,Thu,Fri
20:51:49,124,Navy Pier,,Sun
14:21:23,56,Milwaukee,,Mon,Tue,Wed,Thu,Fri
13:30:15,J14,Jeffery Jump,,Sun
17:12:12,157,Streeterville/Taylor,,Mon,Tue,Wed,Thu,Fri
14:39:49,20,Madison,,Sun
13:59:51,20,Madison,,Mon,Tue,Wed,Thu,Fri
09:31:14,J14,Jeffery Jump,,Sat
22:29:15,20,Madison,,Sat
21:06:15,J14,Jeffery Jump,,Mon,Tue,Wed,Thu,Fri
23:00:42,J14,Jeffery Jump,,Mon,Tue,Wed,Thu,Fri
06:12:14,60,Blue Island/26th,,Sun
12:30:34,60,Blue Island/26th,,Mon,Tue,Wed,Thu,Fri
11:32:06,60,Blue Island/26th,,Sat
02:42:19,60,Blue Island/26th,,Sun
09:40:40,60,Blue Island/26th,,Sun
15:16:36,60,Blue Island/26th,,Sat
13:30:15,J14,Jeffery Jump,,Sun
18:28:47,20,Madison,,Sun
09:46:20,56,Milwaukee,,Mon,Tue,Wed,Thu,Fri
08:15:08,60,Blue Island/26th,,Sat
09:39:38,60,Blue Island/26th,,Sat
18:53:43,J14,Jeffery Jump,,Sun
01:42:19,60,Blue Island/26th,,Tue,Wed,Thu,Fri,Sat
17:01:14,J14,Jeffery Jump,,Sat
21:22:45,56,Milwaukee,,Sun
06:35:15,20,Madison,,Sat
08:45:26,124,Navy Pier,,Mon,Tue,Wed,Thu,Fri
21:39:45,20,Madison,,Sat
00:25:19,20,Madison,,Tue,Wed,Thu,Fri,Sat
12:40:49,20,Madison,,Sun
09:02:47,20,Madison,,Sun
11:33:40,60,Blue Island/26th,,Sun
21:06:06,157,Streeterville/Taylor,,Mon,Tue,Wed,Thu,Fri
03:11:49,20,Madison,,Sun
11:08:15,J14,Jeffery Jump,,Sat
11:33:04,60,Blue Island/26th,,Mon,Tue,Wed,Thu,Fri
13:12:51,20,Madison,,Mon,Tue,Wed,Thu,Fri
17:07:20,56,Milwaukee,,Sat
06:35:27,157,Streeterville/Taylor,,Mon,Tue,Wed,Thu,Fri
18:17:42,124,Navy Pier,,Sun
06:00:15,20,Madison,,Sat
10:00:40,60,Blue Island/26th,,Sun
20:22:42,J14,Jeffery Jump,,Sun
10:17:38,60,Blue Island/26th,,Sat
16:36:49,J14,Jeffery Jump,,Mon,Tue,Wed,Thu,Fri
09:00:02,60,Blue Island/26th,,Mon,Tue,Wed,Thu,Fri
19:22:42,J14,Jeffery Jump,,Sun
17:28:46,J14,Jeffery Jump,,Sat
09:31:14,J14,Jeffery Jump,,Sat
11:04:57,157,Streeterville/Taylor,,Mon,Tue,Wed,Thu,Fri
23:26:15,20,Madison,,Sat
18:58:47,20,Madison,,Sun
09:11:14,J14,Jeffery Jump,,Sat
14:06:04,60,Blue Island/26th,,Mon,Tue,Wed,Thu,Fri
10:35:04,60,Blue Island/26th,,Mon,Tue,Wed,Thu,Fri
10:05:44,124,Navy Pier,,Sat
01:11:49,20,Madison,,Tue,Wed,Thu,Fri,Sat
20:18:47,20,Madison,,Sun
11:15:14,J14,Jeffery Jump,,Sun
18:11:18,20,Madison,,Mon,Tue,Wed,Thu,Fri
10:45:36,60,Blue Island/26th,,Sat
19:08:47,20,Madison,,Sun
10:21:19,20,Madison,,Mon,Tue,Wed,Thu,Fri
04:12:19,60,Blue Island/26th,,Sat
08:53:08,60,Blue Island/26th,,Sat
11:32:06,60,Blue Island/26th,,Sat
12:16:10,60,Blue Island/26th,,Sun
17:25:50,J14,Jeffery Jump,,Mon,Tue,Wed,Thu,Fri
20:48:16,20,Madison,,Sun
10:29:19,20,Madison,,Sat
22:23:40,60,Blue Island/26th,,Sat
06:23:16,56,Milwaukee,,Sat
15:47:20,56,Milwaukee,,Sat
20:13:19,20,Madison,,Sat
12:25:49,56,Milwaukee,,Sat
16:17:21,20,Madison,,Mon,Tue,Wed,Thu,Fri
19:29:21,56,Milwaukee,,Mon,Tue,Wed,Thu,Fri
13:40:04,60,Blue Island/26th,,Mon,Tue,Wed,Thu,Fri
13:16:46,124,Navy Pier,,Sun
22:24:45,20,Madison,,Mon,Tue,Wed,Thu,Fri
10:26:46,124,Navy Pier,,Sun
12:59:49,20,Madison,,Sun
14:33:40,60,Blue Island/26th,,Sun
02:12:19,60,Blue Island/26th,,Mon
05:58:49,56,Milwaukee,,Mon,Tue,Wed,Thu,Fri
18:11:48,J14,Jeffery Jump,,Mon,Tue,Wed,Thu,Fri
10:01:20,56,Milwaukee,,Mon,Tue,Wed,Thu,Fri
07:21:17,J14,Jeffery Jump,,Mon,Tue,Wed,Thu,Fri
14:39:49,20,Madison,,Sun
22:34:17,56,Milwaukee,,Sun
01:12:19,60,Blue Island/26th,,Tue,Wed,Thu,Fri,Sat
16:17:32,124,Navy Pier,,Sat
04:59:44,20,Madison,,Mon,Tue,Wed,Thu,Fri
08:03:45,20,Madison,,Sun
15:29:49,20,Madison,,Sun
13:53:17,56,Milwaukee,,Sun
03:31:25,66,Chicago,,Mon
19:38:47,20,Madison,,Mon,Tue,Wed,Thu,Fri
08:12:15,J14,Jeffery Jump,,Sun
16:16:27,56,Milwaukee,,Mon,Tue,Wed,Thu,Fri
14:38:53,20,Madison,,Mon,Tue,Wed,Thu,Fri
18:12:50,56,Milwaukee,,Sat
23:26:15,20,Madison,,Sun
10:49:22,157,Streeterville/Taylor,,Mon,Tue,Wed,Thu,Fri
17:36:08,60,Blue Island/26th,,Sat
15:40:23,56,Milwaukee,,Mon,Tue,Wed,Thu,Fri
13:33:40,60,Blue Island/26th,,Sun
04:33:52,66,Chicago,,Sat
10:51:16,124,Navy Pier,,Sun
09:58:34,60,Blue Island/26th,,Mon,Tue,Wed,Thu,Fri
13:05:14,J14,Jeffery Jump,,Sat
14:59:51,20,Madison,,Mon,Tue,Wed,Thu,Fri
07:27:17,J14,Jeffery Jump,,Mon,Tue,Wed,Thu,Fri
15:12:40,60,Blue Island/26th,,Sun
14:48:45,J14,Jeffery Jump,,Sun
18:38:47,20,Madison,,Sun
13:20:04,60,Blue Island/26th,,Mon,Tue,Wed,Thu,Fri
12:04:44,J14,Jeffery Jump,,Sun
21:48:13,J14,Jeffery Jump,,Mon,Tue,Wed,Thu,Fri
17:36:19,20,Madison,,Sat
08:52:47,20,Madison,,Sun
12:49:49,20,Madison,,Sun
08:29:32,60,Blue Island/26th,,Mon,Tue,Wed,Thu,Fri
22:40:49,124,Navy Pier,,Mon,Tue,Wed,Thu,Fri
21:51:49,124,Navy Pier,,Mon,Tue,Wed,Thu,Fri
07:23:45,J14,Jeffery Jump,,Sun
05:36:15,20,Madison,,Sat
13:13:40,60,Blue Island/26th,,Sun
08:10:17,20,Madison,,Mon,Tue,Wed,Thu,Fri
21:12:40,60,Blue Island/26th,,Sat
09:11:08,60,Blue Island/26th,,Sat
08:21:23,56,Milwaukee,,Mon,Tue,Wed,Thu,Fri
09:23:17,J14,Jeffery Jump,,Mon,Tue,Wed,Thu,Fri
19:32:42,J14,Jeffery Jump,,Sun
05:57:42,60,Blue Island/26th,,Sat
08:03:42,60,Blue Island/26th,,Sun
07:17:45,J14,Jeffery Jump,,Sat
11:29:19,20,Madison,,Sat
06:38:10,60,Blue Island/26th,,Sat
06:15:49,56,Milwaukee,,Mon,Tue,Wed,Thu,Fri
16:08:45,J14,Jeffery Jump,,Sun
12:54:19,20,Madison,,Sat
16:57:51,20,Madison,,Mon,Tue,Wed,Thu,Fri
19:10:18,20,Madison,,Mon,Tue,Wed,Thu,Fri
17:51:58,56,Milwaukee,,Mon,Tue,Wed,Thu,Fri
19:24:09,124,Navy Pier,,Mon,Tue,Wed,Thu,Fri
16:38:44,J14,Jeffery Jump,,Sun
15:16:23,56,Milwaukee,,Mon,Tue,Wed,Thu,Fri
08:25:27,157,Streeterville/Taylor,,Mon,Tue,Wed,Thu,Fri
16:58:44,J14,Jeffery Jump,,Sun
08:26:17,20,Madison,,Mon,Tue,Wed,Thu,Fri
10:02:47,20,Madison,,Sun
16:58:28,60,Blue Island/26th,,Mon,Tue,Wed,Thu,Fri
03:12:19,60,Blue Island/26th,,Sat
24:02:12,60,Blue Island/26th,,Sun
20:19:42,60,Blue Island/26th,,Sun
22:42:43,J14,Jeffery Jump,,Mon,Tue,Wed,Thu,Fri
11:55:14,J14,Jeffery Jump,,Sun
14:06:04,60,Blue Island/26th,,Mon,Tue,Wed,Thu,Fri
17:26:19,20,Madison,,Sat
07:43:37,157,Streeterville/Taylor,,Mon,Tue,Wed,Thu,Fri
19:19:42,60,Blue Island/26th,,Sun
07:32:46,56,Milwaukee,,Sun
13:30:19,20,Madison,,Sat
13:40:46,124,Navy Pier,,Sun
11:23:34,60,Blue Island/26th,,Mon,Tue,Wed,Thu,Fri
13:09:49,20,Madison,,Sun
20:59:42,60,Blue Island/26th,,Sun
14:23:51,20,Madison,,Mon,Tue,Wed,Thu,Fri
07:48:32,60,Blue Island/26th,,Mon,Tue,Wed,Thu,Fri
16:27:28,56,Milwaukee,,Mon,Tue,Wed,Thu,Fri
05:31:06,60,Blue Island/26th,,Mon,Tue,Wed,Thu,Fri
18:42:48,20,Madison,,Mon,Tue,Wed,Thu,Fri
05:39:15,20,Madison,,Mon,Tue,Wed,Thu,Fri
18:57:19,56,Milwaukee,,Sun
11:11:19,20,Madison,,Mon,Tue,Wed,Thu,Fri
15:19:34,60,Blue Island/26th,,Mon,Tue,Wed,Thu,Fri
20:26:10,124,Navy Pier,,Sat
14:51:19,20,Madison,,Sat
19:25:40,60,Blue Island/26th,,Sat
10:46:21,56,Milwaukee,,Mon,Tue,Wed,Thu,Fri
13:56:36,60,Blue Island/26th,,Sat
11:37:49,56,Milwaukee,,Sat
09:31:47,20,Madison,,Mon,Tue,Wed,Thu,Fri
14:52:50,20,Madison,,Mon,Tue,Wed,Thu,Fri
17:56:08,60,Blue Island/26th,,Sat
19:17:14,J14,Jeffery Jump,,Mon,Tue,Wed,Thu,Fri
11:17:46,J14,Jeffery Jump,,Sat
15:47:32,124,Navy Pier,,Mon,Tue,Wed,Thu,Fri
14:43:40,60,Blue Island/26th,,Sun
13:46:36,60,Blue Island/26th,,Sat
08:50:57,157,Streeterville/Taylor,,Mon,Tue,Wed,Thu,Fri
09:45:15,J14,Jeffery Jump,,Sun
10:31:19,20,Madison,,Mon,Tue,Wed,Thu,Fri
12:27:36,60,Blue Island/26th,,Sat
14:58:45,J14,Jeffery Jump,,Sun
22:11:45,20,Madison,,Sun
13:03:40,60,Blue Island/26th,,Sun
08:28:16,20,Madison,,Sun
13:29:49,20,Madison,,Sun
06:39:15,20,Madison,,Mon,Tue,Wed,Thu,Fri
13:39:19,20,Madison,,Sat
09:59:16,J14,Jeffery Jump,,Mon,Tue,Wed,Thu,Fri
19:09:42,124,Navy Pier,,Sun
13:46:36,60,Blue Island/26th,,Sat
18:52:48,20,Madison,,Mon,Tue,Wed,Thu,Fri
13:49:34,60,Blue Island/26th,,Mon,Tue,Wed,Thu,Fri
20:17:47,56,Milwaukee,,Sun
16:17:18,J14,Jeffery Jump,,Mon,Tue,Wed,Thu,Fri
03:41:49,20,Madison,,Mon,Tue,Wed,Thu,Fri
10:31:19,20,Madison,,Mon,Tue,Wed,Thu,Fri
14:49:53,56,Milwaukee,,Mon,Tue,Wed,Thu,Fri
08:19:45,20,Madison,,Sun
11:10:47,56,Milwaukee,,Sun
18:27:15,J14,Jeffery Jump,,Sat
10:16:20,56,Milwaukee,,Mon,Tue,Wed,Thu,Fri
15:03:23,56,Milwaukee,,Mon,Tue,Wed,Thu,Fri
04:11:49,20,Madison,,Sun
00:41:49,20,Madison,,Sun
21:32:15,20,Madison,,Sat
09:23:34,60,Blue Island/26th,,Mon,Tue,Wed,Thu,Fri
10:45:04,60,Blue Island/26th,,Mon,Tue,Wed,Thu,Fri
17:37:13,J14,Jeffery Jump,,Sun
15:15:20,56,Milwaukee,,Sat
10:21:19,20,Madison,,Mon,Tue,Wed,Thu,Fri
12:40:04,60,Blue Island/26th,,Mon,Tue,Wed,Thu,Fri
10:58:45,J14,Jeffery Jump,,Sat
16:09:10,124,Navy Pier,,Sun
14:31:22,20,Madison,,Mon,Tue,Wed,Thu,Fri
16:48:19,20,Madison,,Sat
19:13:19,20,Madison,,Sat
09:59:16,J14,Jeffery Jump,,Mon,Tue,Wed,Thu,Fri
16:12:21,20,Madison,,Mon,Tue,Wed,Thu,Fri
20:48:16,20,Madison,,Sun
06:36:04,60,Blue Island/26th,,Mon,Tue,Wed,Thu,Fri
08:24:15,J14,Jeffery Jump,,Sun
10:49:40,60,Blue Island/26th,,Sun
14:07:51,20,Madison,,Mon,Tue,Wed,Thu,Fri
14:49:49,20,Madison,,Sun
17:48:15,J14,Jeffery Jump,,Sat
13:12:51,20,Madison,,Mon,Tue,Wed,Thu,Fri
10:07:34,60,Blue Island/26th,,Mon,Tue,Wed,Thu,Fri
08:19:45,20,Madison,,Sun
15:28:21,20,Madison,,Mon,Tue,Wed,Thu,Fri
09:19:07,157,Streeterville/Taylor,,Mon,Tue,Wed,Thu,Fri
00:17:19,60,Blue Island/26th,,Sun
08:13:18,20,Madison,,Sat
20:19:42,60,Blue Island/26th,,Sun
11:49:36,60,Blue Island/26th,,Sat
17:49:48,20,Madison,,Sun
19:58:42,124,Navy Pier,,Mon,Tue,Wed,Thu,Fri
16:03:19,20,Madison,,Sat
16:57:51,20,Madison,,Mon,Tue,Wed,Thu,Fri
06:52:15,20,Madison,,Sat
23:37:42,60,Blue Island/26th,,Sun
00:26:49,20,Madison,,Sun
18:55:44,J14,Jeffery Jump,,Sat
14:35:53,56,Milwaukee,,Mon,Tue,Wed,Thu,Fri
19:12:35,124,Navy Pier,,Sat
06:38:10,60,Blue Island/26th,,Sat
19:05:40,60,Blue Island/26th,,Sat
21:17:49,124,Navy Pier,,Sun
09:40:46,J14,Jeffery Jump,,Mon,Tue,Wed,Thu,Fri
22:26:15,20,Madison,,Sun
21:44:49,124,Navy Pier,,Sun
20:53:16,20,Madison,,Sat
07:17:45,J14,Jeffery Jump,,Sat
22:39:45,20,Madison,,Mon,Tue,Wed,Thu,Fri
14:56:36,60,Blue Island/26th,,Sat
12:45:16,J14,Jeffery Jump,,Sat
22:16:40,60,Blue Island/26th,,Mon,Tue,Wed,Thu,Fri
11:24:40,60,Blue Island/26th,,Sun
17:37:21,20,Madison,,Mon,Tue,Wed,Thu,Fri
17:58:47,20,Madison,,Sun
06:30:50,56,Milwaukee,,Mon,Tue,Wed,Thu,Fri
22:15:15,20,Madison,,Sat
10:25:14,J14,Jeffery Jump,,Sun
10:05:15,J14,Jeffery Jump,,Sun
17:01:38,60,Blue Island/26th,,Sun
18:53:19,20,Madison,,Sat
18:16:19,20,Madison,,Sat
13:49:34,60,Blue Island/26th,,Mon,Tue,Wed,Thu,Fri
19:38:47,20,Madison,,Mon,Tue,Wed,Thu,Fri
13:38:16,J14,Jeffery Jump,,Mon,Tue,Wed,Thu,Fri
15:54:19,20,Madison,,Sat
20:08:49,20,Madison,,Mon,Tue,Wed,Thu,Fri
10:09:44,J14,Jeffery Jump,,Sat
21:04:44,J14,Jeffery Jump,,Sat
20:44:44,J14,Jeffery Jump,,Sat
16:56:08,60,Blue Island/26th,,Sat
07:33:53,56,Milwaukee,,Mon,Tue,Wed,Thu,Fri
08:06:38,60,Blue Island/26th,,Sat
23:14:12,60,Blue Island/26th,,Mon,Tue,Wed,Thu,Fri
15:51:40,60,Blue Island/26th,,Sun
20:02:42,J14,Jeffery Jump,,Sun
15:48:04,60,Blue Island/26th,,Mon,Tue,Wed,Thu,Fri
09:28:47,J14,Jeffery Jump,,Mon,Tue,Wed,Thu,Fri
18:12:00,60,Blue Island/26th,,Mon,Tue,Wed,Thu,Fri
18:46:15,J14,Jeffery Jump,,Sat
13:30:04,60,Blue Island/26th,,Mon,Tue,Wed,Thu,Fri
09:49:08,60,Blue Island/26th,,Sat
11:30:50,20,Madison,,Mon,Tue,Wed,Thu,Fri
17:22:51,20,Madison,,Mon,Tue,Wed,Thu,Fri
19:50:06,157,Streeterville/Taylor,,Mon,Tue,Wed,Thu,Fri
13:48:16,J14,Jeffery Jump,,Mon,Tue,Wed,Thu,Fri
05:12:19,60,Blue Island/26th,,Sun
14:23:40,60,Blue Island/26th,,Sun
22:29:15,20,Madison,,Sat
18:35:40,60,Blue Island/26th,,Sat
15:56:36,60,Blue Island/26th,,Sat
10:45:36,60,Blue Island/26th,,Sat
14:38:16,J14,Jeffery Jump,,Mon,Tue,Wed,Thu,Fri
19:55:40,60,Blue Island/26th,,Sat
13:10:04,60,Blue Island/26th,,Mon,Tue,Wed,Thu,Fri
06:46:14,J14,Jeffery Jump,,Sat
20:43:18,20,Madison,,Sat
17:55:20,56,Milwaukee,,Sat
10:31:20,56,Milwaukee,,Mon,Tue,Wed,Thu,Fri
07:41:14,60,Blue Island/26th,,Sun
08:03:02,60,Blue Island/26th,,Mon,Tue,Wed,Thu,Fri
13:44:15,J14,Jeffery Jump,,Sat
10:39:19,20,Madison,,Sat
12:37:21,20,Madison,,Mon,Tue,Wed,Thu,Fri
14:28:45,J14,Jeffery Jump,,Sun
03:31:25,66,Chicago,,Mon
20:50:36,60,Blue Island/26th,,Mon,Tue,Wed,Thu,Fri
23:39:45,20,Madison,,Mon,Tue,Wed,Thu,Fri
18:54:35,124,Navy Pier,,Sat
08:23:53,56,Milwaukee,,Mon,Tue,Wed,Thu,Fri
09:01:17,20,Madison,,Mon,Tue,Wed,Thu,Fri
05:58:49,56,Milwaukee,,Mon,Tue,Wed,Thu,Fri
09:47:02,124,Navy Pier,,Mon,Tue,Wed,Thu,Fri
05:08:45,56,Milwaukee,,Sat
23:37:42,60,Blue Island/26th,,Sun
14:10:47,56,Milwaukee,,Sun
09:50:40,60,Blue Island/26th,,Sun
00:11:49,20,Madison,,Mon
12:09:19,20,Madison,,Sat
01:02:52,66,Chicago,,Sun
12:31:37,124,Navy Pier,,Sat
12:55:14,J14,Jeffery Jump,,Sat
17:17:51,20,Madison,,Mon,Tue,Wed,Thu,Fri
08:45:45,J14,Jeffery Jump,,Sun
13:50:23,56,Milwaukee,,Mon,Tue,Wed,Thu,Fri
05:12:19,60,Blue Island/26th,,Sat
06:19:15,20,Madison,,Mon,Tue,Wed,Thu,Fri
13:58:45,J14,Jeffery Jump,,Sun
23:01:40,60,Blue Island/26th,,Sat
10:59:16,J14,Jeffery Jump,,Mon,Tue,Wed,Thu,Fri
05:12:19,60,Blue Island/26th,,Mon,Tue,Wed,Thu,Fri
19:58:47,20,Madison,,Sun
05:09:45,56,Milwaukee,,Sun
21:29:14,124,Navy Pier,,Mon,Tue,Wed,Thu,Fri
13:18:16,J14,Jeffery Jump,,Mon,Tue,Wed,Thu,Fri
12:39:32,124,Navy Pier,,Mon,Tue,Wed,Thu,Fri
12:17:21,20,Madison,,Mon,Tue,Wed,Thu,Fri
03:12:19,60,Blue Island/26th,,Mon,Tue,Wed,Thu,Fri
05:54:45,J14,Jeffery Jump,,Mon,Tue,Wed,Thu,Fri
07:08:51,56,Milwaukee,,Mon,Tue,Wed,Thu,Fri
21:31:40,124,Navy Pier,,Sat
06:29:44,J14,Jeffery Jump,,Sat
21:12:42,J14,Jeffery Jump,,Sun
18:20:49,56,Milwaukee,,Sun
12:30:34,60,Blue Island/26th,,Mon,Tue,Wed,Thu,Fri
14:51:19,20,Madison,,Sat
23:08:15,20,Madison,,Sun
10:51:19,20,Madison,,Mon,Tue,Wed,Thu,Fri
16:46:36,60,Blue Island/26th,,Sat
22:10:15,56,Milwaukee,,Sun
15:02:37,157,Streeterville/Taylor,,Mon,Tue,Wed,Thu,Fri
20:21:04,60,Blue Island/26th,,Mon,Tue,Wed,Thu,Fri
14:38:45,J14,Jeffery Jump,,Sun
01:11:49,20,Madison,,Mon
22:16:19,124,Navy Pier,,Mon,Tue,Wed,Thu,Fri
21:57:12,60,Blue Island/26th,,Sun
18:30:10,60,Blue Island/26th,,Sun
10:01:49,20,Madison,,Mon,Tue,Wed,Thu,Fri
22:42:20,56,Milwaukee,,Mon,Tue,Wed,Thu,Fri
22:44:49,56,Milwaukee,,Sat
08:18:46,56,Milwaukee,,Sat
15:48:21,20,Madison,,Mon,Tue,Wed,Thu,Fri
15:15:20,56,Milwaukee,,Sat
10:17:38,60,Blue Island/26th,,Sat
20:58:15,20,Madison,,Sun
22:54:12,60,Blue Island/26th,,Mon,Tue,Wed,Thu,Fri
15:36:19,20,Madison,,Sat
01:32:22,66,Chicago,,Mon
15:56:36,60,Blue Island/26th,,Sat
09:11:17,20,Madison,,Mon,Tue,Wed,Thu,Fri
20:38:17,20,Madison,,Sun
11:03:34,60,Blue Island/26th,,Mon,Tue,Wed,Thu,Fri
08:52:32,60,Blue Island/26th,,Mon,Tue,Wed,Thu,Fri
15:00:34,60,Blue Island/26th,,Mon,Tue,Wed,Thu,Fri
19:29:42,60,Blue Island/26th,,Sun
08:14:18,J14,Jeffery Jump,,Mon,Tue,Wed,Thu,Fri
19:17:14,J14,Jeffery Jump,,Mon,Tue,Wed,Thu,Fri
17:51:58,56,Milwaukee,,Mon,Tue,Wed,Thu,Fri
15:24:02,124,Navy Pier,,Mon,Tue,Wed,Thu,Fri
16:36:36,60,Blue Island/26th,,Sat
17:43:20,J14,Jeffery Jump,,Mon,Tue,Wed,Thu,Fri
17:00:10,124,Navy Pier,,Sun
10:11:19,20,Madison,,Mon,Tue,Wed,Thu,Fri
06:18:15,20,Madison,,Sat
12:12:47,20,Madison,,Sun
14:46:36,60,Blue Island/26th,,Sat
13:43:40,60,Blue Island/26th,,Sun
13:38:16,J14,Jeffery Jump,,Mon,Tue,Wed,Thu,Fri
21:17:49,124,Navy Pier,,Sun
19:13:19,20,Madison,,Sat
20:45:40,60,Blue Island/26th,,Sat
13:00:04,60,Blue Island/26th,,Mon,Tue,Wed,Thu,Fri
06:17:15,20,Madison,,Sun
19:27:14,J14,Jeffery Jump,,Mon,Tue,Wed,Thu,Fri
01:11:49,20,Madison,,Mon
11:18:40,124,Navy Pier,,Sat
09:22:47,20,Madison,,Sun
09:39:34,60,Blue Island/26th,,Mon,Tue,Wed,Thu,Fri
08:30:14,J14,Jeffery Jump,,Sat
21:54:40,124,Navy Pier,,Sat
13:56:36,60,Blue Island/26th,,Sat
04:11:49,20,Madison,,Sat
08:09:32,60,Blue Island/26th,,Mon,Tue,Wed,Thu,Fri
10:55:06,60,Blue Island/26th,,Sat
18:14:55,56,Milwaukee,,Mon,Tue,Wed,Thu,Fri
13:12:49,56,Milwaukee,,Sat
08:44:08,60,Blue Island/26th,,Sat
07:56:17,56,Milwaukee,,Sat
19:48:47,20,Madison,,Sun
14:35:03,124,Navy Pier,,Sat
12:12:02,124,Navy Pier,,Mon,Tue,Wed,Thu,Fri
00:26:49,20,Madison,,Mon
17:06:19,20,Madison,,Sat
11:05:14,J14,Jeffery Jump,,Sun
05:37:12,60,Blue Island/26th,,Sat
14:15:51,20,Madison,,Mon,Tue,Wed,Thu,Fri
07:21:23,56,Milwaukee,,Mon,Tue,Wed,Thu,Fri
09:21:17,20,Madison,,Mon,Tue,Wed,Thu,Fri
09:52:47,20,Madison,,Sun
10:23:09,124,Navy Pier,,Mon,Tue,Wed,Thu,Fri
09:25:15,J14,Jeffery Jump,,Sun
21:44:49,124,Navy Pier,,Sun
10:09:16,J14,Jeffery Jump,,Mon,Tue,Wed,Thu,Fri
06:36:04,60,Blue Island/26th,,Mon,Tue,Wed,Thu,Fri
24:02:12,60,Blue Island/26th,,Sun
13:05:14,J14,Jeffery Jump,,Sat
13:06:37,124,Navy Pier,,Sat
16:03:19,20,Madison,,Sat
21:22:42,J14,Jeffery Jump,,Sun
09:13:51,56,Milwaukee,,Mon,Tue,Wed,Thu,Fri
06:47:45,56,Milwaukee,,Sun
17:19:15,J14,Jeffery Jump,,Sat
20:28:49,20,Madison,,Mon,Tue,Wed,Thu,Fri
12:25:16,J14,Jeffery Jump,,Sat
15:36:36,60,Blue Island/26th,,Sat
09:17:16,56,Milwaukee,,Sun
18:00:38,60,Blue Island/26th,,Sun
20:23:19,20,Madison,,Sat
18:30:10,60,Blue Island/26th,,Sun
21:31:08,60,Blue Island/26th,,Mon,Tue,Wed,Thu,Fri
15:31:20,56,Milwaukee,,Sat
09:01:14,J14,Jeffery Jump,,Sat
23:38:12,60,Blue Island/26th,,Sat
19:17:36,157,Streeterville/Taylor,,Mon,Tue,Wed,Thu,Fri
20:25:40,60,Blue Island/26th,,Sat
15:16:36,60,Blue Island/26th,,Sat
19:04:12,157,Streeterville/Taylor,,Mon,Tue,Wed,Thu,Fri
11:52:47,20,Madison,,Sun
11:38:10,124,Navy Pier,,Sat
19:07:37,124,Navy Pier,,Mon,Tue,Wed,Thu,Fri
19:31:06,157,Streeterville/Taylor,,Mon,Tue,Wed,Thu,Fri
17:43:20,J14,Jeffery Jump,,Mon,Tue,Wed,Thu,Fri
09:06:26,124,Navy Pier,,Mon,Tue,Wed,Thu,Fri
05:59:15,20,Madison,,Mon,Tue,Wed,Thu,Fri
09:39:17,124,Navy Pier,,Sat
08:52:10,60,Blue Island/26th,,Sun
21:44:49,56,Milwaukee,,Sat
08:23:02,60,Blue Island/26th,,Mon,Tue,Wed,Thu,Fri
20:35:40,60,Blue Island/26th,,Sat
04:11:49,20,Madison,,Sun
13:56:19,56,Milwaukee,,Sat
15:37:18,J14,Jeffery Jump,,Mon,Tue,Wed,Thu,Fri
06:57:40,60,Blue Island/26th,,Sat
02:42:19,60,Blue Island/26th,,Mon
12:29:07,157,Streeterville/Taylor,,Mon,Tue,Wed,Thu,Fri
18:54:35,124,Navy Pier,,Sat
18:56:51,56,Milwaukee,,Mon,Tue,Wed,Thu,Fri
08:58:16,56,Milwaukee,,Sun
18:16:08,60,Blue Island/26th,,Sat
07:44:45,J14,Jeffery Jump,,Sat
16:42:15,J14,Jeffery Jump,,Sat
02:02:22,66,Chicago,,Mon
07:32:47,J14,Jeffery Jump,,Mon,Tue,Wed,Thu,Fri
19:48:47,20,Madison,,Sun
19:05:40,60,Blue Island/26th,,Sat
10:25:14,J14,Jeffery Jump,,Sun
19:37:14,J14,Jeffery Jump,,Mon,Tue,Wed,Thu,Fri
16:16:36,60,Blue Island/26th,,Sat
11:15:46,124,Navy Pier,,Sun
15:38:34,60,Blue Island/26th,,Mon,Tue,Wed,Thu,Fri
15:00:19,20,Madison,,Sat
14:41:34,60,Blue Island/26th,,Mon,Tue,Wed,Thu,Fri
08:42:19,20,Madison,,Sat
21:34:44,J14,Jeffery Jump,,Sat
14:06:36,60,Blue Island/26th,,Sat
13:00:49,56,Milwaukee,,Sun
18:44:13,J14,Jeffery Jump,,Sun
08:37:02,60,Blue Island/26th,,Mon,Tue,Wed,Thu,Fri
11:53:23,56,Milwaukee,,Mon,Tue,Wed,Thu,Fri
12:47:36,60,Blue Island/26th,,Sat
19:07:44,J14,Jeffery Jump,,Mon,Tue,Wed,Thu,Fri
20:04:49,56,Milwaukee,,Sat
11:48:17,J14,Jeffery Jump,,Mon,Tue,Wed,Thu,Fri
16:19:20,56,Milwaukee,,Sat
14:27:20,56,Milwaukee,,Sat
10:15:14,J14,Jeffery Jump,,Sun
12:06:19,56,Milwaukee,,Sun
11:28:17,J14,Jeffery Jump,,Mon,Tue,Wed,Thu,Fri
13:18:19,56,Milwaukee,,Sun
19:38:47,20,Madison,,Sun
13:07:02,124,Navy Pier,,Mon,Tue,Wed,Thu,Fri
06:34:16,J14,Jeffery Jump,,Mon,Tue,Wed,Thu,Fri
16:32:15,J14,Jeffery Jump,,Sat
05:42:19,60,Blue Island/26th,,Sun
20:33:19,20,Madison,,Sat
19:19:18,20,Madison,,Mon,Tue,Wed,Thu,Fri
00:42:19,60,Blue Island/26th,,Tue,Wed,Thu,Fri,Sat
19:28:47,20,Madison,,Sun
03:31:29,66,Chicago,,Sun
10:17:04,60,Blue Island/26th,,Mon,Tue,Wed,Thu,Fri
20:03:21,56,Milwaukee,,Mon,Tue,Wed,Thu,Fri
23:24:45,20,Madison,,Mon,Tue,Wed,Thu,Fri
12:43:40,60,Blue Island/26th,,Sun
07:13:32,60,Blue Island/26th,,Mon,Tue,Wed,Thu,Fri
12:07:10,60,Blue Island/26th,,Sun
19:41:04,60,Blue Island/26th,,Mon,Tue,Wed,Thu,Fri
15:27:18,J14,Jeffery Jump,,Mon,Tue,Wed,Thu,Fri
04:12:19,60,Blue Island/26th,,Sat
04:12:19,60,Blue Island/26th,,Sun
08:41:17,56,Milwaukee,,Sat
20:41:14,124,Navy Pier,,Mon,Tue,Wed,Thu,Fri
12:11:34,60,Blue Island/26th,,Mon,Tue,Wed,Thu,Fri
11:45:16,J14,Jeffery Jump,,Sat
16:12:19,20,Madison,,Sat
13:48:16,J14,Jeffery Jump,,Mon,Tue,Wed,Thu,Fri
05:19:15,20,Madison,,Mon,Tue,Wed,Thu,Fri
18:40:16,J14,Jeffery Jump,,Mon,Tue,Wed,Thu,Fri
14:36:36,60,Blue Island/26th,,Sat
08:56:17,20,Madison,,Mon,Tue,Wed,Thu,Fri
22:42:40,60,Blue Island/26th,,Sat
08:45:02,60,Blue Island/26th,,Mon,Tue,Wed,Thu,Fri
17:06:08,60,Blue Island/26th,,Sat
03:01:25,66,Chicago,,Mon
12:19:06,60,Blue Island/26th,,Sat
14:36:36,60,Blue Island/26th,,Sat
12:37:21,20,Madison,,Mon,Tue,Wed,Thu,Fri
16:51:20,56,Milwaukee,,Sat
13:08:16,J14,Jeffery Jump,,Mon,Tue,Wed,Thu,Fri
13:43:51,20,Madison,,Mon,Tue,Wed,Thu,Fri
06:09:15,20,Madison,,Mon,Tue,Wed,Thu,Fri
07:02:45,J14,Jeffery Jump,,Sat
18:22:00,60,Blue Island/26th,,Mon,Tue,Wed,Thu,Fri
11:59:36,60,Blue Island/26th,,Sat
21:48:13,J14,Jeffery Jump,,Mon,Tue,Wed,Thu,Fri
17:25:58,56,Milwaukee,,Mon,Tue,Wed,Thu,Fri
08:04:18,J14,Jeffery Jump,,Mon,Tue,Wed,Thu,Fri
09:26:58,124,Navy Pier,,Mon,Tue,Wed,Thu,Fri
11:56:37,124,Navy Pier,,Sat
10:44:19,56,Milwaukee,,Sat
12:01:34,60,Blue Island/26th,,Mon,Tue,Wed,Thu,Fri
21:59:20,56,Milwaukee,,Mon,Tue,Wed,Thu,Fri
21:02:42,J14,Jeffery Jump,,Sun
21:06:06,157,Streeterville/Taylor,,Mon,Tue,Wed,Thu,Fri
10:25:04,60,Blue Island/26th,,Mon,Tue,Wed,Thu,Fri
20:48:47,20,Madison,,Mon,Tue,Wed,Thu,Fri
01:42:19,60,Blue Island/26th,,Mon
17:37:13,J14,Jeffery Jump,,Sun
16:59:49,20,Madison,,Sun
13:03:19,20,Madison,,Sat
12:09:49,56,Milwaukee,,Sat
09:00:48,J14,Jeffery Jump,,Mon,Tue,Wed,Thu,Fri
11:49:36,60,Blue Island/26th,,Sat
17:46:08,60,Blue Island/26th,,Sat
19:16:17,56,Milwaukee,,Sun
19:07:49,56,Milwaukee,,Sat
14:46:02,157,Streeterville/Taylor,,Mon,Tue,Wed,Thu,Fri
10:09:44,J14,Jeffery Jump,,Sat
05:46:15,J14,Jeffery Jump,,Mon,Tue,Wed,Thu,Fri
21:16:15,20,Madison,,Mon,Tue,Wed,Thu,Fri
17:08:44,J14,Jeffery Jump,,Sun
21:42:42,J14,Jeffery Jump,,Sun
16:21:19,20,Madison,,Sat
09:55:17,56,Milwaukee,,Sun
10:19:19,20,Madison,,Sat
10:56:40,124,Navy Pier,,Sat
20:12:42,J14,Jeffery Jump,,Sun
07:34:47,20,Madison,,Mon,Tue,Wed,Thu,Fri
08:12:23,56,Milwaukee,,Mon,Tue,Wed,Thu,Fri
22:35:12,60,Blue Island/26th,,Sun
16:31:40,60,Blue Island/26th,,Sun
22:16:12,60,Blue Island/26th,,Sun
05:13:47,56,Milwaukee,,Mon,Tue,Wed,Thu,Fri
16:21:49,56,Milwaukee,,Sun
17:09:49,20,Madison,,Sun
09:38:17,20,Madison,,Mon,Tue,Wed,Thu,Fri
06:00:15,20,Madison,,Sat
08:04:18,J14,Jeffery Jump,,Mon,Tue,Wed,Thu,Fri
14:07:51,20,Madison,,Mon,Tue,Wed,Thu,Fri
10:41:19,20,Madison,,Mon,Tue,Wed,Thu,Fri
11:01:19,20,Madison,,Mon,Tue,Wed,Thu,Fri
18:01:17,157,Streeterville/Taylor,,Mon,Tue,Wed,Thu,Fri
07:43:37,157,Streeterville/Taylor,,Mon,Tue,Wed,Thu,Fri
09:17:17,J14,Jeffery Jump,,Mon,Tue,Wed,Thu,Fri
15:00:34,60,Blue Island/26th,,Mon,Tue,Wed,Thu,Fri
06:56:20,56,Milwaukee,,Mon,Tue,Wed,Thu,Fri
12:38:17,J14,Jeffery Jump,,Mon,Tue,Wed,Thu,Fri
16:02:15,J14,Jeffery Jump,,Sat
17:27:51,20,Madison,,Mon,Tue,Wed,Thu,Fri
13:07:36,60,Blue Island/26th,,Sat
13:03:19,20,Madison,,Sat
16:17:18,J14,Jeffery Jump,,Mon,Tue,Wed,Thu,Fri
10:00:14,J14,Jeffery Jump,,Sat
20:04:44,J14,Jeffery Jump,,Sat
09:31:20,56,Milwaukee,,Mon,Tue,Wed,Thu,Fri
09:28:47,J14,Jeffery Jump,,Mon,Tue,Wed,Thu,Fri
15:39:49,20,Madison,,Sun
10:01:47,124,Navy Pier,,Sun
15:36:36,60,Blue Island/26th,,Sat
16:22:15,J14,Jeffery Jump,,Sat
09:21:17,20,Madison,,Mon,Tue,Wed,Thu,Fri
18:35:40,60,Blue Island/26th,,Sat
07:24:47,20,Madison,,Mon,Tue,Wed,Thu,Fri
13:39:49,20,Madison,,Sun
09:50:44,J14,Jeffery Jump,,Sat
10:24:49,56,Milwaukee,,Sat
00:40:19,20,Madison,,Tue,Wed,Thu,Fri,Sat
09:38:17,20,Madison,,Mon,Tue,Wed,Thu,Fri
19:51:04,60,Blue Island/26th,,Mon,Tue,Wed,Thu,Fri
17:49:16,124,Navy Pier,,Mon,Tue,Wed,Thu,Fri
16:30:19,20,Madison,,Sat
08:13:18,20,Madison,,Sat
18:12:00,60,Blue Island/26th,,Mon,Tue,Wed,Thu,Fri
09:35:17,J14,Jeffery Jump,,Mon,Tue,Wed,Thu,Fri
16:14:17,157,Streeterville/Taylor,,Mon,Tue,Wed,Thu,Fri
07:02:17,J14,Jeffery Jump,,Mon,Tue,Wed,Thu,Fri
13:08:16,J14,Jeffery Jump,,Mon,Tue,Wed,Thu,Fri
11:59:19,20,Madison,,Sat
14:49:49,20,Madison,,Sun
12:07:21,20,Madison,,Mon,Tue,Wed,Thu,Fri
07:50:47,20,Madison,,Mon,Tue,Wed,Thu,Fri
17:16:08,60,Blue Island/26th,,Sat
15:58:45,J14,Jeffery Jump,,Sun
13:42:33,124,Navy Pier,,Sat
16:50:28,60,Blue Island/26th,,Mon,Tue,Wed,Thu,Fri
18:28:47,20,Madison,,Sun
09:03:49,56,Milwaukee,,Sat
18:09:25,124,Navy Pier,,Mon,Tue,Wed,Thu,Fri
16:45:50,J14,Jeffery Jump,,Mon,Tue,Wed,Thu,Fri
16:29:49,20,Madison,,Sun
15:26:03,124,Navy Pier,,Sat
07:08:47,J14,Jeffery Jump,,Mon,Tue,Wed,Thu,Fri
19:49:35,124,Navy Pier,,Sat
13:48:19,20,Madison,,Sat
09:39:34,60,Blue Island/26th,,Mon,Tue,Wed,Thu,Fri
03:11:49,20,Madison,,Sat
13:07:36,60,Blue Island/26th,,Sat
08:36:27,157,Streeterville/Taylor,,Mon,Tue,Wed,Thu,Fri
22:43:15,20,Madison,,Sat
16:36:03,124,Navy Pier,,Sun
21:47:15,20,Madison,,Sat
07:58:47,20,Madison,,Mon,Tue,Wed,Thu,Fri
19:46:21,56,Milwaukee,,Mon,Tue,Wed,Thu,Fri
07:24:47,20,Madison,,Mon,Tue,Wed,Thu,Fri
14:28:16,J14,Jeffery Jump,,Mon,Tue,Wed,Thu,Fri
14:34:15,J14,Jeffery Jump,,Sat
18:48:49,56,Milwaukee,,Sat
08:18:46,56,Milwaukee,,Sat
18:55:40,60,Blue Island/26th,,Sat
09:26:17,20,Madison,,Mon,Tue,Wed,Thu,Fri
05:50:06,60,Blue Island/26th,,Mon,Tue,Wed,Thu,Fri
16:55:58,56,Milwaukee,,Mon,Tue,Wed,Thu,Fri
09:53:20,20,Madison,,Mon,Tue,Wed,Thu,Fri
18:25:40,60,Blue Island/26th,,Sat
10:12:47,20,Madison,,Sun
13:21:19,20,Madison,,Sat
18:58:15,J14,Jeffery Jump,,Mon,Tue,Wed,Thu,Fri
16:24:30,60,Blue Island/26th,,Mon,Tue,Wed,Thu,Fri
18:45:40,60,Blue Island/26th,,Sat
08:19:44,J14,Jeffery Jump,,Sat
15:00:19,20,Madison,,Sat
18:08:15,J14,Jeffery Jump,,Sat
21:17:15,20,Madison,,Sat
06:29:15,20,Madison,,Mon,Tue,Wed,Thu,Fri
02:41:49,20,Madison,,Sun
04:41:49,20,Madison,,Sat
08:23:42,60,Blue Island/26th,,Sun
10:07:38,60,Blue Island/26th,,Sat
09:02:19,20,Madison,,Sat
14:15:19,20,Madison,,Sat
09:58:34,60,Blue Island/26th,,Mon,Tue,Wed,Thu,Fri
09:45:20,20,Madison,,Mon,Tue,Wed,Thu,Fri
17:27:13,J14,Jeffery Jump,,Sun
14:28:46,124,Navy Pier,,Sun
06:17:15,20,Madison,,Sun
19:01:48,20,Madison,,Mon,Tue,Wed,Thu,Fri
15:49:49,56,Milwaukee,,Sun
12:55:51,20,Madison,,Mon,Tue,Wed,Thu,Fri
00:41:49,20,Madison,,Sun
05:10:49,20,Madison,,Sat
17:10:19,56,Milwaukee,,Sun
00:42:19,60,Blue Island/26th,,Sun
10:52:47,20,Madison,,Sun
05:41:06,60,Blue Island/26th,,Mon,Tue,Wed,Thu,Fri
08:58:16,56,Milwaukee,,Sun
17:42:28,60,Blue Island/26th,,Mon,Tue,Wed,Thu,Fri
04:12:19,60,Blue Island/26th,,Mon,Tue,Wed,Thu,Fri
01:02:22,66,Chicago,,Mon
19:18:47,20,Madison,,Sun
12:41:49,56,Milwaukee,,Sat
17:39:12,157,Streeterville/Taylor,,Mon,Tue,Wed,Thu,Fri
21:16:08,60,Blue Island/26th,,Mon,Tue,Wed,Thu,Fri
19:31:32,60,Blue Island/26th,,Mon,Tue,Wed,Thu,Fri
13:44:15,J14,Jeffery Jump,,Sat
05:41:06,60,Blue Island/26th,,Mon,Tue,Wed,Thu,Fri
12:17:21,20,Madison,,Mon,Tue,Wed,Thu,Fri
11:40:16,124,Navy Pier,,Sun
14:59:49,20,Madison,,Sun
10:46:21,56,Milwaukee,,Mon,Tue,Wed,Thu,Fri
01:02:22,66,Chicago,,Sun
11:44:05,124,Navy Pier,,Mon,Tue,Wed,Thu,Fri
16:22:21,20,Madison,,Mon,Tue,Wed,Thu,Fri
17:05:50,J14,Jeffery Jump,,Mon,Tue,Wed,Thu,Fri
16:36:25,124,Navy Pier,,Mon,Tue,Wed,Thu,Fri
15:29:49,20,Madison,,Sun
22:39:45,20,Madison,,Mon,Tue,Wed,Thu,Fri
18:08:15,J14,Jeffery Jump,,Sat
09:01:40,60,Blue Island/26th,,Sun
19:08:47,20,Madison,,Sun
18:18:35,124,Navy Pier,,Sat
12:09:19,20,Madison,,Sat
07:56:32,60,Blue Island/26th,,Mon,Tue,Wed,Thu,Fri
06:12:44,J14,Jeffery Jump,,Sat
20:28:06,157,Streeterville/Taylor,,Mon,Tue,Wed,Thu,Fri
08:53:08,60,Blue Island/26th,,Sat
19:04:12,157,Streeterville/Taylor,,Mon,Tue,Wed,Thu,Fri
09:40:49,20,Madison,,Sat
18:08:47,20,Madison,,Sun
08:04:47,157,Streeterville/Taylor,,Mon,Tue,Wed,Thu,Fri
10:26:36,60,Blue Island/26th,,Sat
09:15:15,J14,Jeffery Jump,,Sun
19:28:48,20,Madison,,Mon,Tue,Wed,Thu,Fri
18:36:45,J14,Jeffery Jump,,Sat
19:43:19,20,Madison,,Sat
17:16:19,20,Madison,,Sat
21:25:44,J14,Jeffery Jump,,Mon,Tue,Wed,Thu,Fri
15:01:49,56,Milwaukee,,Sun
12:28:17,J14,Jeffery Jump,,Mon,Tue,Wed,Thu,Fri
12:57:36,60,Blue Island/26th,,Sat
18:18:47,20,Madison,,Sun
04:34:25,66,Chicago,,Mon,Tue,Wed,Thu,Fri
13:18:23,56,Milwaukee,,Mon,Tue,Wed,Thu,Fri
14:19:49,20,Madison,,Sun
10:36:36,60,Blue Island/26th,,Sat
18:49:42,60,Blue Island/26th,,Sun
13:36:51,20,Madison,,Mon,Tue,Wed,Thu,Fri
07:09:16,20,Madison,,Sat
14:49:53,56,Milwaukee,,Mon,Tue,Wed,Thu,Fri
09:59:08,60,Blue Island/26th,,Sat
03:01:25,66,Chicago,,Tue,Wed,Thu,Fri,Sat
16:12:21,20,Madison,,Mon,Tue,Wed,Thu,Fri
19:12:51,56,Milwaukee,,Mon,Tue,Wed,Thu,Fri
17:39:20,56,Milwaukee,,Sat
02:42:19,60,Blue Island/26th,,Mon
03:42:19,60,Blue Island/26th,,Sun
16:06:21,20,Madison,,Mon,Tue,Wed,Thu,Fri
07:15:47,J14,Jeffery Jump,,Mon,Tue,Wed,Thu,Fri
12:14:07,124,Navy Pier,,Sat
09:12:47,124,Navy Pier,,Sat
17:48:20,20,Madison,,Mon,Tue,Wed,Thu,Fri
21:39:45,20,Madison,,Sat
12:28:46,124,Navy Pier,,Sun
11:26:46,J14,Jeffery Jump,,Sat
16:52:30,124,Navy Pier,,Sat
10:01:20,56,Milwaukee,,Mon,Tue,Wed,Thu,Fri
18:24:32,124,Navy Pier,,Mon,Tue,Wed,Thu,Fri
14:29:02,157,Streeterville/Taylor,,Mon,Tue,Wed,Thu,Fri
06:29:44,J14,Jeffery Jump,,Sat
15:17:49,56,Milwaukee,,Sun
01:32:22,66,Chicago,,Tue,Wed,Thu,Fri,Sat
20:55:40,60,Blue Island/26th,,Sat
14:29:02,157,Streeterville/Taylor,,Mon,Tue,Wed,Thu,Fri
15:18:16,J14,Jeffery Jump,,Mon,Tue,Wed,Thu,Fri
19:22:42,J14,Jeffery Jump,,Sun
09:11:14,J14,Jeffery Jump,,Sat
00:55:19,20,Madison,,Tue,Wed,Thu,Fri,Sat
04:24:44,J14,Jeffery Jump,,Mon,Tue,Wed,Thu,Fri
08:28:16,20,Madison,,Sun
08:34:08,60,Blue Island/26th,,Sat
19:01:32,60,Blue Island/26th,,Mon,Tue,Wed,Thu,Fri
20:21:04,60,Blue Island/26th,,Mon,Tue,Wed,Thu,Fri
12:12:02,124,Navy Pier,,Mon,Tue,Wed,Thu,Fri
01:41:49,20,Madison,,Mon
23:54:12,60,Blue Island/26th,,Mon,Tue,Wed,Thu,Fri
22:44:49,56,Milwaukee,,Sat
11:53:23,56,Milwaukee,,Mon,Tue,Wed,Thu,Fri
08:24:38,60,Blue Island/26th,,Sat
19:44:44,J14,Jeffery Jump,,Sat
13:27:19,56,Milwaukee,,Sat
11:45:14,J14,Jeffery Jump,,Sun
01:42:19,60,Blue Island/26th,,Sun
19:58:50,20,Madison,,Mon,Tue,Wed,Thu,Fri
15:46:36,60,Blue Island/26th,,Sat
03:41:49,20,Madison,,Mon,Tue,Wed,Thu,Fri
19:35:40,60,Blue Island/26th,,Sat
17:17:58,56,Milwaukee,,Mon,Tue,Wed,Thu,Fri
06:18:34,60,Blue Island/26th,,Mon,Tue,Wed,Thu,Fri
16:00:32,124,Navy Pier,,Sat
11:49:19,20,Madison,,Sat
16:57:19,20,Madison,,Sat
22:35:12,60,Blue Island/26th,,Sun
21:26:06,157,Streeterville/Taylor,,Mon,Tue,Wed,Thu,Fri
13:58:16,J14,Jeffery Jump,,Mon,Tue,Wed,Thu,Fri
15:10:04,60,Blue Island/26th,,Mon,Tue,Wed,Thu,Fri
09:00:21,56,Milwaukee,,Mon,Tue,Wed,Thu,Fri
07:21:17,J14,Jeffery Jump,,Mon,Tue,Wed,Thu,Fri
18:24:27,157,Streeterville/Taylor,,Mon,Tue,Wed,Thu,Fri
09:45:20,20,Madison,,Mon,Tue,Wed,Thu,Fri
10:33:17,157,Streeterville/Taylor,,Mon,Tue,Wed,Thu,Fri
19:01:48,20,Madison,,Mon,Tue,Wed,Thu,Fri
07:31:45,J14,Jeffery Jump,,Sat
17:17:13,J14,Jeffery Jump,,Sun
07:56:45,J14,Jeffery Jump,,Sat
07:13:32,60,Blue Island/26th,,Mon,Tue,Wed,Thu,Fri
21:47:15,20,Madison,,Sat
09:07:34,60,Blue Island/26th,,Mon,Tue,Wed,Thu,Fri
21:12:12,60,Blue Island/26th,,Sun
20:27:14,J14,Jeffery Jump,,Mon,Tue,Wed,Thu,Fri
05:31:06,60,Blue Island/26th,,Mon,Tue,Wed,Thu,Fri
23:16:42,60,Blue Island/26th,,Sun
18:46:15,J14,Jeffery Jump,,Sat
17:46:19,20,Madison,,Sat
22:16:12,60,Blue Island/26th,,Sun
15:32:40,60,Blue Island/26th,,Sun
11:52:04,60,Blue Island/26th,,Mon,Tue,Wed,Thu,Fri
08:24:15,J14,Jeffery Jump,,Sun
11:48:51,20,Madison,,Mon,Tue,Wed,Thu,Fri
11:49:19,20,Madison,,Sat
06:19:16,J14,Jeffery Jump,,Mon,Tue,Wed,Thu,Fri
07:10:16,56,Milwaukee,,Sat
07:32:46,56,Milwaukee,,Sun
08:14:57,157,Streeterville/Taylor,,Mon,Tue,Wed,Thu,Fri
18:08:47,20,Madison,,Sun
19:49:42,60,Blue Island/26th,,Sun
12:42:14,J14,Jeffery Jump,,Sun
09:35:15,J14,Jeffery Jump,,Sun
10:49:19,20,Madison,,Sat
12:15:16,J14,Jeffery Jump,,Sat
15:14:21,20,Madison,,Mon,Tue,Wed,Thu,Fri
22:42:40,60,Blue Island/26th,,Sat
19:53:19,20,Madison,,Sat
17:12:12,157,Streeterville/Taylor,,Mon,Tue,Wed,Thu,Fri
17:44:32,124,Navy Pier,,Sat
16:37:28,56,Milwaukee,,Mon,Tue,Wed,Thu,Fri
18:52:00,60,Blue Island/26th,,Mon,Tue,Wed,Thu,Fri
10:49:16,J14,Jeffery Jump,,Mon,Tue,Wed,Thu,Fri
11:32:47,20,Madison,,Sun
20:02:42,J14,Jeffery Jump,,Sun
18:02:28,60,Blue Island/26th,,Mon,Tue,Wed,Thu,Fri
07:31:02,60,Blue Island/26th,,Mon,Tue,Wed,Thu,Fri
18:30:16,J14,Jeffery Jump,,Mon,Tue,Wed,Thu,Fri
17:09:58,56,Milwaukee,,Mon,Tue,Wed,Thu,Fri
04:01:55,66,Chicago,,Sun
21:54:45,20,Madison,,Mon,Tue,Wed,Thu,Fri
05:59:15,56,Milwaukee,,Sat
12:46:07,157,Streeterville/Taylor,,Mon,Tue,Wed,Thu,Fri
08:17:16,56,Milwaukee,,Sun
11:07:10,60,Blue Island/26th,,Sun
08:32:19,20,Madison,,Sat
07:16:40,60,Blue Island/26th,,Sat
06:27:04,60,Blue Island/26th,,Mon,Tue,Wed,Thu,Fri
18:20:10,60,Blue Island/26th,,Sun
10:35:04,60,Blue Island/26th,,Mon,Tue,Wed,Thu,Fri
11:11:19,20,Madison,,Mon,Tue,Wed,Thu,Fri
09:05:45,J14,Jeffery Jump,,Sun
09:23:17,J14,Jeffery Jump,,Mon,Tue,Wed,Thu,Fri
06:26:46,J14,Jeffery Jump,,Mon,Tue,Wed,Thu,Fri
08:46:17,20,Madison,,Mon,Tue,Wed,Thu,Fri
08:03:02,60,Blue Island/26th,,Mon,Tue,Wed,Thu,Fri
16:37:49,56,Milwaukee,,Sun
11:33:40,60,Blue Island/26th,,Sun
15:28:21,20,Madison,,Mon,Tue,Wed,Thu,Fri
15:06:51,20,Madison,,Mon,Tue,Wed,Thu,Fri
17:06:28,60,Blue Island/26th,,Mon,Tue,Wed,Thu,Fri
00:17:19,60,Blue Island/26th,,Sun
18:43:42,124,Navy Pier,,Sun
19:52:42,J14,Jeffery Jump,,Sun
06:46:14,J14,Jeffery Jump,,Sat
07:40:02,60,Blue Island/26th,,Mon,Tue,Wed,Thu,Fri
19:05:14,J14,Jeffery Jump,,Sat
13:12:49,56,Milwaukee,,Sat
06:18:12,60,Blue Island/26th,,Sat
06:55:04,60,Blue Island/26th,,Mon,Tue,Wed,Thu,Fri
16:39:49,20,Madison,,Sun
07:16:40,60,Blue Island/26th,,Sat
11:26:46,J14,Jeffery Jump,,Sat
10:09:16,J14,Jeffery Jump,,Mon,Tue,Wed,Thu,Fri
15:57:32,60,Blue Island/26th,,Mon,Tue,Wed,Thu,Fri
12:11:34,60,Blue Island/26th,,Mon,Tue,Wed,Thu,Fri
16:34:32,124,Navy Pier,,Sat
18:20:47,J14,Jeffery Jump,,Mon,Tue,Wed,Thu,Fri
18:26:19,20,Madison,,Sat
04:01:55,66,Chicago,,Sun
05:49:15,20,Madison,,Mon,Tue,Wed,Thu,Fri
13:28:51,20,Madison,,Mon,Tue,Wed,Thu,Fri
19:24:44,J14,Jeffery Jump,,Sat
22:42:43,J14,Jeffery Jump,,Mon,Tue,Wed,Thu,Fri
07:22:27,157,Streeterville/Taylor,,Mon,Tue,Wed,Thu,Fri
02:02:22,66,Chicago,,Sun
18:40:16,J14,Jeffery Jump,,Mon,Tue,Wed,Thu,Fri
03:12:19,60,Blue Island/26th,,Sat
19:19:18,20,Madison,,Mon,Tue,Wed,Thu,Fri
13:39:49,20,Madison,,Sun
04:33:25,66,Chicago,,Sat
16:03:20,56,Milwaukee,,Sat
19:07:37,124,Navy Pier,,Mon,Tue,Wed,Thu,Fri
12:58:16,J14,Jeffery Jump,,Mon,Tue,Wed,Thu,Fri
09:50:49,20,Madison,,Sat
15:08:45,J14,Jeffery Jump,,Sun
08:56:17,20,Madison,,Mon,Tue,Wed,Thu,Fri
09:16:17,20,Madison,,Mon,Tue,Wed,Thu,Fri
21:31:40,124,Navy Pier,,Sat
18:27:54,56,Milwaukee,,Mon,Tue,Wed,Thu,Fri
14:13:40,60,Blue Island/26th,,Sun
07:33:47,56,Milwaukee,,Sat
20:39:42,60,Blue Island/26th,,Sun
10:50:05,124,Navy Pier,,Mon,Tue,Wed,Thu,Fri
15:22:40,60,Blue Island/26th,,Sun
12:32:44,J14,Jeffery Jump,,Sun
21:16:08,60,Blue Island/26th,,Mon,Tue,Wed,Thu,Fri
14:45:49,56,Milwaukee,,Sun
09:02:51,56,Milwaukee,,Mon,Tue,Wed,Thu,Fri
13:39:19,20,Madison,,Sat
11:39:19,20,Madison,,Sat
03:41:49,20,Madison,,Sat
10:10:40,60,Blue Island/26th,,Sun
16:51:38,60,Blue Island/26th,,Sun
10:19:16,J14,Jeffery Jump,,Mon,Tue,Wed,Thu,Fri
06:03:15,J14,Jeffery Jump,,Mon,Tue,Wed,Thu,Fri
17:25:42,157,Streeterville/Taylor,,Mon,Tue,Wed,Thu,Fri
08:44:47,20,Madison,,Sun
18:26:18,20,Madison,,Mon,Tue,Wed,Thu,Fri
15:57:18,J14,Jeffery Jump,,Mon,Tue,Wed,Thu,Fri
18:38:33,124,Navy Pier,,Mon,Tue,Wed,Thu,Fri
11:21:02,157,Streeterville/Taylor,,Mon,Tue,Wed,Thu,Fri
13:54:07,157,Streeterville/Taylor,,Mon,Tue,Wed,Thu,Fri
08:09:18,J14,Jeffery Jump,,Mon,Tue,Wed,Thu,Fri
12:02:47,20,Madison,,Sun
08:06:38,60,Blue Island/26th,,Sat
16:36:36,60,Blue Island/26th,,Sat
10:40:40,60,Blue Island/26th,,Sun
16:21:40,60,Blue Island/26th,,Sun
18:24:32,124,Navy Pier,,Mon,Tue,Wed,Thu,Fri
16:52:51,20,Madison,,Mon,Tue,Wed,Thu,Fri
11:21:02,157,Streeterville/Taylor,,Mon,Tue,Wed,Thu,Fri
02:02:22,66,Chicago,,Sun
17:49:16,124,Navy Pier,,Mon,Tue,Wed,Thu,Fri
14:51:04,60,Blue Island/26th,,Mon,Tue,Wed,Thu,Fri
21:24:44,J14,Jeffery Jump,,Sat
18:39:42,60,Blue Island/26th,,Sun
14:14:15,J14,Jeffery Jump,,Sat
05:57:42,60,Blue Island/26th,,Sat
18:07:13,J14,Jeffery Jump,,Sun
19:52:42,J14,Jeffery Jump,,Sun
10:30:40,60,Blue Island/26th,,Sun
15:26:36,60,Blue Island/26th,,Sat
10:42:47,20,Madison,,Sun
18:42:48,20,Madison,,Mon,Tue,Wed,Thu,Fri
19:58:50,20,Madison,,Mon,Tue,Wed,Thu,Fri
21:32:15,20,Madison,,Sat
16:15:30,60,Blue Island/26th,,Mon,Tue,Wed,Thu,Fri
08:06:23,56,Milwaukee,,Mon,Tue,Wed,Thu,Fri
16:03:20,56,Milwaukee,,Sat
16:55:50,J14,Jeffery Jump,,Mon,Tue,Wed,Thu,Fri
12:18:17,J14,Jeffery Jump,,Mon,Tue,Wed,Thu,Fri
20:03:19,20,Madison,,Sat
12:52:46,124,Navy Pier,,Sun
20:43:18,20,Madison,,Sat
19:30:35,124,Navy Pier,,Sat
15:19:10,124,Navy Pier,,Sun
14:42:19,20,Madison,,Sat
21:47:10,60,Blue Island/26th,,Sat
20:45:40,124,Navy Pier,,Sat
17:46:19,20,Madison,,Sat
12:27:36,60,Blue Island/26th,,Sat
16:16:27,56,Milwaukee,,Mon,Tue,Wed,Thu,Fri
17:52:19,J14,Jeffery Jump,,Mon,Tue,Wed,Thu,Fri
13:00:49,56,Milwaukee,,Sun
19:58:42,124,Navy Pier,,Mon,Tue,Wed,Thu,Fri
07:46:23,56,Milwaukee,,Mon,Tue,Wed,Thu,Fri
06:08:34,60,Blue Island/26th,,Mon,Tue,Wed,Thu,Fri
15:46:36,60,Blue Island/26th,,Sat
14:52:15,J14,Jeffery Jump,,Sat
17:52:28,60,Blue Island/26th,,Mon,Tue,Wed,Thu,Fri
18:42:00,60,Blue Island/26th,,Mon,Tue,Wed,Thu,Fri
04:55:14,J14,Jeffery Jump,,Mon,Tue,Wed,Thu,Fri
18:49:42,60,Blue Island/26th,,Sun
16:48:19,20,Madison,,Sat
14:04:15,J14,Jeffery Jump,,Sat
12:40:49,20,Madison,,Sun
06:42:45,J14,Jeffery Jump,,Sun
08:36:16,20,Madison,,Sun
09:49:16,J14,Jeffery Jump,,Mon,Tue,Wed,Thu,Fri
16:04:25,56,Milwaukee,,Mon,Tue,Wed,Thu,Fri
19:43:19,20,Madison,,Sat
05:18:16,J14,Jeffery Jump,,Mon,Tue,Wed,Thu,Fri
20:57:20,56,Milwaukee,,Mon,Tue,Wed,Thu,Fri
06:47:16,20,Madison,,Mon,Tue,Wed,Thu,Fri
20:04:49,56,Milwaukee,,Sat
05:10:19,20,Madison,,Sun
15:22:40,60,Blue Island/26th,,Sun
05:56:44,J14,Jeffery Jump,,Sat
13:40:46,124,Navy Pier,,Sun
01:42:19,60,Blue Island/26th,,Tue,Wed,Thu,Fri,Sat
10:49:22,157,Streeterville/Taylor,,Mon,Tue,Wed,Thu,Fri
20:01:14,124,Navy Pier,,Sun
20:09:06,157,Streeterville/Taylor,,Mon,Tue,Wed,Thu,Fri
17:11:38,60,Blue Island/26th,,Sun
13:01:23,56,Milwaukee,,Mon,Tue,Wed,Thu,Fri
05:39:15,20,Madison,,Mon,Tue,Wed,Thu,Fri
04:33:25,66,Chicago,,Sun
19:55:40,60,Blue Island/26th,,Sat
08:36:27,157,Streeterville/Taylor,,Mon,Tue,Wed,Thu,Fri
16:27:18,J14,Jeffery Jump,,Mon,Tue,Wed,Thu,Fri
17:52:19,J14,Jeffery Jump,,Mon,Tue,Wed,Thu,Fri
18:20:10,60,Blue Island/26th,,Sun
05:49:15,20,Madison,,Mon,Tue,Wed,Thu,Fri
08:40:44,J14,Jeffery Jump,,Sat
16:09:49,20,Madison,,Sun
16:43:32,157,Streeterville/Taylor,,Mon,Tue,Wed,Thu,Fri
08:25:18,J14,Jeffery Jump,,Mon,Tue,Wed,Thu,Fri
20:09:42,60,Blue Island/26th,,Sun
19:49:42,60,Blue Island/26th,,Sun
07:23:45,J14,Jeffery Jump,,Sun
12:25:10,60,Blue Island/26th,,Sun
12:09:36,60,Blue Island/26th,,Sat
18:50:47,157,Streeterville/Taylor,,Mon,Tue,Wed,Thu,Fri
19:35:40,60,Blue Island/26th,,Sat
06:56:17,J14,Jeffery Jump,,Mon,Tue,Wed,Thu,Fri
07:10:16,56,Milwaukee,,Sun
10:07:34,60,Blue Island/26th,,Mon,Tue,Wed,Thu,Fri
18:38:49,56,Milwaukee,,Sun
11:21:19,20,Madison,,Mon,Tue,Wed,Thu,Fri
08:41:17,20,Madison,,Mon,Tue,Wed,Thu,Fri
15:29:04,60,Blue Island/26th,,Mon,Tue,Wed,Thu,Fri
13:41:49,56,Milwaukee,,Sat
04:41:49,20,Madison,,Sun
11:48:51,20,Madison,,Mon,Tue,Wed,Thu,Fri
13:28:16,J14,Jeffery Jump,,Mon,Tue,Wed,Thu,Fri
08:17:16,56,Milwaukee,,Sun
13:24:15,J14,Jeffery Jump,,Sat
13:00:04,60,Blue Island/26th,,Mon,Tue,Wed,Thu,Fri
08:40:44,J14,Jeffery Jump,,Sat
08:32:40,60,Blue Island/26th,,Sun
09:20:38,60,Blue Island/26th,,Sat
14:38:45,J14,Jeffery Jump,,Sun
20:45:40,124,Navy Pier,,Sat
13:36:51,20,Madison,,Mon,Tue,Wed,Thu,Fri
13:34:32,124,Navy Pier,,Mon,Tue,Wed,Thu,Fri
12:27:21,20,Madison,,Mon,Tue,Wed,Thu,Fri
05:56:44,J14,Jeffery Jump,,Sat
12:36:19,20,Madison,,Sat
17:32:58,60,Blue Island/26th,,Mon,Tue,Wed,Thu,Fri
09:15:15,J14,Jeffery Jump,,Sun
22:34:17,56,Milwaukee,,Sun
14:26:36,60,Blue Island/26th,,Sat
14:18:45,J14,Jeffery Jump,,Sun
14:46:36,60,Blue Island/26th,,Sat
20:21:21,56,Milwaukee,,Mon,Tue,Wed,Thu,Fri
18:55:44,J14,Jeffery Jump,,Sat
12:23:44,J14,Jeffery Jump,,Sun
00:42:19,60,Blue Island/26th,,Tue,Wed,Thu,Fri,Sat
07:22:27,157,Streeterville/Taylor,,Mon,Tue,Wed,Thu,Fri
07:48:17,J14,Jeffery Jump,,Mon,Tue,Wed,Thu,Fri
11:24:40,60,Blue Island/26th,,Sun
01:41:49,20,Madison,,Tue,Wed,Thu,Fri,Sat
12:07:21,20,Madison,,Mon,Tue,Wed,Thu,Fri
14:21:23,56,Milwaukee,,Mon,Tue,Wed,Thu,Fri
20:46:44,J14,Jeffery Jump,,Mon,Tue,Wed,Thu,Fri
19:07:44,J14,Jeffery Jump,,Mon,Tue,Wed,Thu,Fri
08:55:18,J14,Jeffery Jump,,Mon,Tue,Wed,Thu,Fri
12:06:19,56,Milwaukee,,Sun
06:46:04,60,Blue Island/26th,,Mon,Tue,Wed,Thu,Fri
16:37:51,20,Madison,,Mon,Tue,Wed,Thu,Fri
05:19:15,20,Madison,,Mon,Tue,Wed,Thu,Fri
14:53:40,60,Blue Island/26th,,Sun
17:11:38,60,Blue Island/26th,,Sun
10:45:04,60,Blue Island/26th,,Mon,Tue,Wed,Thu,Fri
22:10:15,56,Milwaukee,,Sun
08:26:56,124,Navy Pier,,Mon,Tue,Wed,Thu,Fri
21:08:15,20,Madison,,Sun
09:36:17,56,Milwaukee,,Sun
09:40:49,20,Madison,,Sat
04:41:49,20,Madison,,Sat
09:49:08,60,Blue Island/26th,,Sat
19:41:04,60,Blue Island/26th,,Mon,Tue,Wed,Thu,Fri
20:42:42,J14,Jeffery Jump,,Sun
17:29:49,20,Madison,,Sun
14:52:03,124,Navy Pier,,Sat
12:46:07,157,Streeterville/Taylor,,Mon,Tue,Wed,Thu,Fri
21:22:42,J14,Jeffery Jump,,Sun
21:14:44,J14,Jeffery Jump,,Sat
19:11:32,60,Blue Island/26th,,Mon,Tue,Wed,Thu,Fri
07:46:23,56,Milwaukee,,Mon,Tue,Wed,Thu,Fri
08:55:45,J14,Jeffery Jump,,Sun
11:47:49,56,Milwaukee,,Sun
18:39:42,60,Blue Island/26th,,Sun
11:55:07,157,Streeterville/Taylor,,Mon,Tue,Wed,Thu,Fri
14:24:19,20,Madison,,Sat
13:53:17,56,Milwaukee,,Sun
01:32:22,66,Chicago,,Tue,Wed,Thu,Fri,Sat
16:11:58,124,Navy Pier,,Mon,Tue,Wed,Thu,Fri
10:02:47,20,Madison,,Sun
14:18:16,J14,Jeffery Jump,,Mon,Tue,Wed,Thu,Fri
09:32:19,20,Madison,,Sat
17:10:14,J14,Jeffery Jump,,Sat
13:18:19,56,Milwaukee,,Sun
10:59:19,20,Madison,,Sat
11:05:06,60,Blue Island/26th,,Sat
14:48:16,J14,Jeffery Jump,,Mon,Tue,Wed,Thu,Fri
18:37:22,157,Streeterville/Taylor,,Mon,Tue,Wed,Thu,Fri
10:09:19,20,Madison,,Sat
11:09:16,J14,Jeffery Jump,,Mon,Tue,Wed,Thu,Fri
05:38:15,20,Madison,,Sun
10:56:40,124,Navy Pier,,Sat
18:34:18,20,Madison,,Mon,Tue,Wed,Thu,Fri
15:28:23,56,Milwaukee,,Mon,Tue,Wed,Thu,Fri
08:46:17,20,Madison,,Mon,Tue,Wed,Thu,Fri
17:46:08,60,Blue Island/26th,,Sat
20:48:47,20,Madison,,Mon,Tue,Wed,Thu,Fri
04:12:19,60,Blue Island/26th,,Mon,Tue,Wed,Thu,Fri
04:24:44,J14,Jeffery Jump,,Mon,Tue,Wed,Thu,Fri
13:48:45,J14,Jeffery Jump,,Sun
10:00:40,60,Blue Island/26th,,Sun
20:17:14,J14,Jeffery Jump,,Mon,Tue,Wed,Thu,Fri
10:26:46,124,Navy Pier,,Sun
12:14:07,124,Navy Pier,,Sat
23:14:12,60,Blue Island/26th,,Mon,Tue,Wed,Thu,Fri
07:56:17,56,Milwaukee,,Sat
17:14:58,60,Blue Island/26th,,Mon,Tue,Wed,Thu,Fri
13:07:02,124,Navy Pier,,Mon,Tue,Wed,Thu,Fri
11:45:14,J14,Jeffery Jump,,Sun
07:26:17,20,Madison,,Sat
01:12:19,60,Blue Island/26th,,Mon
16:28:44,J14,Jeffery Jump,,Sun
23:56:15,20,Madison,,Sat
09:50:49,20,Madison,,Sat
16:04:25,56,Milwaukee,,Mon,Tue,Wed,Thu,Fri
09:30:40,60,Blue Island/26th,,Sun
06:56:44,60,Blue Island/26th,,Sun
06:23:16,56,Milwaukee,,Sat
23:11:15,20,Madison,,Sun
12:21:04,60,Blue Island/26th,,Mon,Tue,Wed,Thu,Fri
21:43:44,J14,Jeffery Jump,,Sat
16:00:07,157,Streeterville/Taylor,,Mon,Tue,Wed,Thu,Fri
14:06:36,60,Blue Island/26th,,Sat
08:51:14,J14,Jeffery Jump,,Sat
20:58:16,20,Madison,,Mon,Tue,Wed,Thu,Fri
18:32:00,60,Blue Island/26th,,Mon,Tue,Wed,Thu,Fri
09:49:04,60,Blue Island/26th,,Mon,Tue,Wed,Thu,Fri
15:29:04,60,Blue Island/26th,,Mon,Tue,Wed,Thu,Fri
06:36:15,20,Madison,,Sun
12:45:19,20,Madison,,Sat
20:44:49,56,Milwaukee,,Sat
10:26:36,60,Blue Island/26th,,Sat
15:12:15,J14,Jeffery Jump,,Sat
05:50:06,60,Blue Island/26th,,Mon,Tue,Wed,Thu,Fri
13:56:34,60,Blue Island/26th,,Mon,Tue,Wed,Thu,Fri
12:54:19,20,Madison,,Sat
07:53:17,J14,Jeffery Jump,,Mon,Tue,Wed,Thu,Fri
18:30:19,56,Milwaukee,,Sat
09:47:02,124,Navy Pier,,Mon,Tue,Wed,Thu,Fri
12:40:04,60,Blue Island/26th,,Mon,Tue,Wed,Thu,Fri
09:22:19,20,Madison,,Sat
14:11:50,56,Milwaukee,,Sat
17:12:51,20,Madison,,Mon,Tue,Wed,Thu,Fri
22:55:42,60,Blue Island/26th,,Sun
11:30:50,20,Madison,,Mon,Tue,Wed,Thu,Fri
17:07:51,20,Madison,,Mon,Tue,Wed,Thu,Fri
09:46:47,157,Streeterville/Taylor,,Mon,Tue,Wed,Thu,Fri
08:45:02,60,Blue Island/26th,,Mon,Tue,Wed,Thu,Fri
11:58:40,60,Blue Island/26th,,Sun
10:52:17,56,Milwaukee,,Sun
08:51:14,J14,Jeffery Jump,,Sat
10:33:17,157,Streeterville/Taylor,,Mon,Tue,Wed,Thu,Fri
13:10:04,60,Blue Island/26th,,Mon,Tue,Wed,Thu,Fri
17:31:38,60,Blue Island/26th,,Sun
12:50:04,60,Blue Island/26th,,Mon,Tue,Wed,Thu,Fri
22:41:15,20,Madison,,Sun
19:54:44,J14,Jeffery Jump,,Sat
14:35:03,124,Navy Pier,,Sat
10:54:04,60,Blue Island/26th,,Mon,Tue,Wed,Thu,Fri
16:53:49,56,Milwaukee,,Sun
03:11:49,20,Madison,,Sun
21:54:40,124,Navy Pier,,Sat
19:23:19,20,Madison,,Sat
19:57:14,J14,Jeffery Jump,,Mon,Tue,Wed,Thu,Fri
23:01:40,60,Blue Island/26th,,Sat
14:09:49,20,Madison,,Sun
11:37:32,157,Streeterville/Taylor,,Mon,Tue,Wed,Thu,Fri
18:38:49,56,Milwaukee,,Sun
06:42:16,J14,Jeffery Jump,,Mon,Tue,Wed,Thu,Fri
19:34:52,20,Madison,,Mon,Tue,Wed,Thu,Fri
11:12:47,20,Madison,,Sun
09:00:48,J14,Jeffery Jump,,Mon,Tue,Wed,Thu,Fri
10:51:16,124,Navy Pier,,Sun
17:27:13,J14,Jeffery Jump,,Sun
08:36:17,20,Madison,,Mon,Tue,Wed,Thu,Fri
16:00:07,157,Streeterville/Taylor,,Mon,Tue,Wed,Thu,Fri
19:45:40,60,Blue Island/26th,,Sat
15:49:49,20,Madison,,Sun
01:11:49,20,Madison,,Sun
10:32:47,20,Madison,,Sun
17:29:49,20,Madison,,Sun
15:59:49,20,Madison,,Sun
09:31:04,60,Blue Island/26th,,Mon,Tue,Wed,Thu,Fri
21:00:15,56,Milwaukee,,Sun
14:18:16,J14,Jeffery Jump,,Mon,Tue,Wed,Thu,Fri
09:37:17,20,Madison,,Mon,Tue,Wed,Thu,Fri
20:24:44,J14,Jeffery Jump,,Sat
20:11:04,60,Blue Island/26th,,Mon,Tue,Wed,Thu,Fri
11:41:36,60,Blue Island/26th,,Sat
02:41:49,20,Madison,,Tue,Wed,Thu,Fri,Sat
10:17:04,60,Blue Island/26th,,Mon,Tue,Wed,Thu,Fri
11:53:49,56,Milwaukee,,Sat
08:44:08,60,Blue Island/26th,,Sat
13:59:49,20,Madison,,Sun
18:01:17,157,Streeterville/Taylor,,Mon,Tue,Wed,Thu,Fri
12:23:44,J14,Jeffery Jump,,Sun
18:43:42,124,Navy Pier,,Sun
23:16:42,60,Blue Island/26th,,Sun
14:59:20,56,Milwaukee,,Sat
21:54:45,20,Madison,,Mon,Tue,Wed,Thu,Fri
14:58:16,J14,Jeffery Jump,,Mon,Tue,Wed,Thu,Fri
15:09:49,20,Madison,,Sun
21:25:42,60,Blue Island/26th,,Sun
17:42:51,20,Madison,,Mon,Tue,Wed,Thu,Fri
22:09:45,20,Madison,,Mon,Tue,Wed,Thu,Fri
12:27:19,20,Madison,,Sat
08:11:23,56,Milwaukee,,Mon,Tue,Wed,Thu,Fri
09:06:48,J14,Jeffery Jump,,Mon,Tue,Wed,Thu,Fri
09:32:47,20,Madison,,Sun
02:11:49,20,Madison,,Tue,Wed,Thu,Fri,Sat
21:35:14,J14,Jeffery Jump,,Mon,Tue,Wed,Thu,Fri
10:29:16,J14,Jeffery Jump,,Mon,Tue,Wed,Thu,Fri
10:39:14,J14,Jeffery Jump,,Sat
06:22:15,J14,Jeffery Jump,,Sun
15:18:19,20,Madison,,Sat
13:24:15,J14,Jeffery Jump,,Sat
14:18:45,J14,Jeffery Jump,,Sun
08:36:17,20,Madison,,Mon,Tue,Wed,Thu,Fri
21:51:49,124,Navy Pier,,Mon,Tue,Wed,Thu,Fri
12:27:19,20,Madison,,Sat
16:41:38,60,Blue Island/26th,,Sun
08:07:45,J14,Jeffery Jump,,Sat
02:42:19,60,Blue Island/26th,,Tue,Wed,Thu,Fri,Sat
22:42:20,56,Milwaukee,,Mon,Tue,Wed,Thu,Fri
19:45:40,60,Blue Island/26th,,Sat
17:51:02,157,Streeterville/Taylor,,Mon,Tue,Wed,Thu,Fri
06:55:15,20,Madison,,Sun
13:59:51,20,Madison,,Mon,Tue,Wed,Thu,Fri
19:17:36,157,Streeterville/Taylor,,Mon,Tue,Wed,Thu,Fri
18:49:45,J14,Jeffery Jump,,Mon,Tue,Wed,Thu,Fri
20:13:19,20,Madison,,Sat
19:34:52,20,Madison,,Mon,Tue,Wed,Thu,Fri
14:48:45,J14,Jeffery Jump,,Sun
17:37:21,20,Madison,,Mon,Tue,Wed,Thu,Fri
08:37:18,J14,Jeffery Jump,,Mon,Tue,Wed,Thu,Fri
10:05:07,124,Navy Pier,,Mon,Tue,Wed,Thu,Fri
09:49:16,J14,Jeffery Jump,,Mon,Tue,Wed,Thu,Fri
17:23:20,56,Milwaukee,,Sat
15:16:23,56,Milwaukee,,Mon,Tue,Wed,Thu,Fri
14:06:23,56,Milwaukee,,Mon,Tue,Wed,Thu,Fri
11:09:19,20,Madison,,Sat
16:52:15,J14,Jeffery Jump,,Sat
19:41:10,124,Navy Pier,,Mon,Tue,Wed,Thu,Fri
13:57:19,20,Madison,,Sat
11:35:46,J14,Jeffery Jump,,Sat
08:07:45,J14,Jeffery Jump,,Sat
15:18:16,J14,Jeffery Jump,,Mon,Tue,Wed,Thu,Fri
16:31:40,60,Blue Island/26th,,Sun
06:34:16,J14,Jeffery Jump,,Mon,Tue,Wed,Thu,Fri
23:20:12,60,Blue Island/26th,,Sat
17:41:38,60,Blue Island/26th,,Sun
18:00:38,60,Blue Island/26th,,Sun
00:55:19,20,Madison,,Tue,Wed,Thu,Fri,Sat
21:44:45,20,Madison,,Mon,Tue,Wed,Thu,Fri
16:08:45,J14,Jeffery Jump,,Sun
18:17:45,J14,Jeffery Jump,,Sat
18:16:19,20,Madison,,Sat
15:47:18,J14,Jeffery Jump,,Mon,Tue,Wed,Thu,Fri
07:03:15,J14,Jeffery Jump,,Sun
08:45:45,J14,Jeffery Jump,,Sun
19:37:14,J14,Jeffery Jump,,Mon,Tue,Wed,Thu,Fri
02:02:22,66,Chicago,,Mon
11:12:47,20,Madison,,Sun
18:25:40,60,Blue Island/26th,,Sat
03:42:19,60,Blue Island/26th,,Mon,Tue,Wed,Thu,Fri
20:05:40,60,Blue Island/26th,,Sat
18:24:27,157,Streeterville/Taylor,,Mon,Tue,Wed,Thu,Fri
08:16:17,20,Madison,,Mon,Tue,Wed,Thu,Fri
15:32:15,J14,Jeffery Jump,,Sat
15:08:45,J14,Jeffery Jump,,Sun
18:36:45,J14,Jeffery Jump,,Sat
06:30:50,56,Milwaukee,,Mon,Tue,Wed,Thu,Fri
12:45:16,J14,Jeffery Jump,,Sat
08:41:17,56,Milwaukee,,Sat
18:25:13,J14,Jeffery Jump,,Sun
18:06:19,20,Madison,,Sat
18:44:13,J14,Jeffery Jump,,Sun
07:33:02,157,Streeterville/Taylor,,Mon,Tue,Wed,Thu,Fri
15:21:21,20,Madison,,Mon,Tue,Wed,Thu,Fri
11:23:36,60,Blue Island/26th,,Sat
16:49:49,20,Madison,,Sun
12:37:36,60,Blue Island/26th,,Sat
15:36:19,20,Madison,,Sat
18:10:10,60,Blue Island/26th,,Sun
18:15:43,J14,Jeffery Jump,,Sun
03:31:25,66,Chicago,,Tue,Wed,Thu,Fri,Sat
09:16:17,20,Madison,,Mon,Tue,Wed,Thu,Fri
09:32:19,20,Madison,,Sat
10:31:20,56,Milwaukee,,Mon,Tue,Wed,Thu,Fri
14:06:19,20,Madison,,Sat
20:05:40,60,Blue Island/26th,,Sat
07:58:17,J14,Jeffery Jump,,Mon,Tue,Wed,Thu,Fri
11:37:32,157,Streeterville/Taylor,,Mon,Tue,Wed,Thu,Fri
21:05:14,124,Navy Pier,,Mon,Tue,Wed,Thu,Fri
05:18:16,J14,Jeffery Jump,,Mon,Tue,Wed,Thu,Fri
09:36:49,124,Navy Pier,,Sun
23:08:15,20,Madison,,Sun
16:28:52,157,Streeterville/Taylor,,Mon,Tue,Wed,Thu,Fri
20:35:40,60,Blue Island/26th,,Sat
13:18:16,J14,Jeffery Jump,,Mon,Tue,Wed,Thu,Fri
09:32:57,157,Streeterville/Taylor,,Mon,Tue,Wed,Thu,Fri
18:06:08,60,Blue Island/26th,,Sat
16:19:49,20,Madison,,Sun
09:01:14,J14,Jeffery Jump,,Sat
06:52:15,20,Madison,,Sat
17:06:19,20,Madison,,Sat
23:41:15,20,Madison,,Sun
05:29:15,20,Madison,,Mon,Tue,Wed,Thu,Fri
17:21:38,60,Blue Island/26th,,Sun
10:35:14,J14,Jeffery Jump,,Sun
12:33:40,60,Blue Island/26th,,Sun
22:04:49,56,Milwaukee,,Sat
20:08:47,20,Madison,,Sun
16:21:40,60,Blue Island/26th,,Sun
04:12:19,60,Blue Island/26th,,Sun
06:43:50,56,Milwaukee,,Mon,Tue,Wed,Thu,Fri
05:36:46,J14,Jeffery Jump,,Mon,Tue,Wed,Thu,Fri
14:08:45,J14,Jeffery Jump,,Sun
08:11:23,56,Milwaukee,,Mon,Tue,Wed,Thu,Fri
19:41:10,124,Navy Pier,,Mon,Tue,Wed,Thu,Fri
17:15:50,J14,Jeffery Jump,,Mon,Tue,Wed,Thu,Fri
16:29:49,20,Madison,,Sun
06:35:27,157,Streeterville/Taylor,,Mon,Tue,Wed,Thu,Fri
17:17:13,J14,Jeffery Jump,,Sun
15:52:15,J14,Jeffery Jump,,Sat
16:05:49,56,Milwaukee,,Sun
11:15:14,J14,Jeffery Jump,,Sun
13:01:14,J14,Jeffery Jump,,Sun
16:22:21,20,Madison,,Mon,Tue,Wed,Thu,Fri
01:02:22,66,Chicago,,Mon
14:29:32,124,Navy Pier,,Mon,Tue,Wed,Thu,Fri
13:20:51,20,Madison,,Mon,Tue,Wed,Thu,Fri
21:24:44,J14,Jeffery Jump,,Sat
17:59:49,20,Madison,,Mon,Tue,Wed,Thu,Fri
05:36:44,J14,Jeffery Jump,,Sat
19:03:19,20,Madison,,Sat
19:59:42,60,Blue Island/26th,,Sun
14:08:16,J14,Jeffery Jump,,Mon,Tue,Wed,Thu,Fri
02:11:49,20,Madison,,Mon
21:00:36,60,Blue Island/26th,,Mon,Tue,Wed,Thu,Fri
17:27:51,20,Madison,,Mon,Tue,Wed,Thu,Fri
12:16:10,60,Blue Island/26th,,Sun
14:04:15,J14,Jeffery Jump,,Sat
20:22:42,J14,Jeffery Jump,,Sun
15:12:40,60,Blue Island/26th,,Sun
16:00:32,124,Navy Pier,,Sat
17:34:20,J14,Jeffery Jump,,Mon,Tue,Wed,Thu,Fri
13:34:23,56,Milwaukee,,Mon,Tue,Wed,Thu,Fri
12:57:19,56,Milwaukee,,Sat
13:24:07,124,Navy Pier,,Sat
17:56:19,20,Madison,,Sat
15:22:15,J14,Jeffery Jump,,Sat
04:42:19,60,Blue Island/26th,,Sun
18:17:42,124,Navy Pier,,Sun
18:53:05,124,Navy Pier,,Mon,Tue,Wed,Thu,Fri
09:15:34,60,Blue Island/26th,,Mon,Tue,Wed,Thu,Fri
15:02:15,J14,Jeffery Jump,,Sat
18:01:48,J14,Jeffery Jump,,Mon,Tue,Wed,Thu,Fri
19:51:04,60,Blue Island/26th,,Mon,Tue,Wed,Thu,Fri
14:15:51,20,Madison,,Mon,Tue,Wed,Thu,Fri
17:36:08,60,Blue Island/26th,,Sat
09:03:08,60,Blue Island/26th,,Sat
17:27:19,56,Milwaukee,,Sun
20:21:21,56,Milwaukee,,Mon,Tue,Wed,Thu,Fri
20:58:16,20,Madison,,Mon,Tue,Wed,Thu,Fri
00:22:19,60,Blue Island/26th,,Mon
21:34:15,20,Madison,,Mon,Tue,Wed,Thu,Fri
18:48:49,56,Milwaukee,,Sat
16:35:20,56,Milwaukee,,Sat
20:03:19,20,Madison,,Sat
22:56:15,20,Madison,,Sun
21:24:45,20,Madison,,Sat
17:16:08,60,Blue Island/26th,,Sat
13:34:32,124,Navy Pier,,Mon,Tue,Wed,Thu,Fri
03:42:19,60,Blue Island/26th,,Sat
06:26:46,J14,Jeffery Jump,,Mon,Tue,Wed,Thu,Fri
01:32:22,66,Chicago,,Sun
11:55:14,J14,Jeffery Jump,,Sun
21:34:44,J14,Jeffery Jump,,Sat
11:04:57,157,Streeterville/Taylor,,Mon,Tue,Wed,Thu,Fri
09:49:04,60,Blue Island/26th,,Mon,Tue,Wed,Thu,Fri
11:13:34,60,Blue Island/26th,,Mon,Tue,Wed,Thu,Fri
17:07:51,20,Madison,,Mon,Tue,Wed,Thu,Fri
14:45:25,20,Madison,,Mon,Tue,Wed,Thu,Fri
17:44:49,56,Milwaukee,,Sun
17:41:58,56,Milwaukee,,Mon,Tue,Wed,Thu,Fri
13:37:06,60,Blue Island/26th,,Sat
07:31:15,20,Madison,,Sun
10:09:19,20,Madison,,Sat
22:43:15,20,Madison,,Sat
12:49:07,124,Navy Pier,,Sat
09:50:44,J14,Jeffery Jump,,Sat
16:33:28,60,Blue Island/26th,,Mon,Tue,Wed,Thu,Fri
20:07:14,J14,Jeffery Jump,,Mon,Tue,Wed,Thu,Fri
14:09:49,20,Madison,,Sun
03:58:29,66,Chicago,,Sat
13:28:16,J14,Jeffery Jump,,Mon,Tue,Wed,Thu,Fri
21:46:06,157,Streeterville/Taylor,,Mon,Tue,Wed,Thu,Fri
09:30:08,60,Blue Island/26th,,Sat
10:30:44,124,Navy Pier,,Sat
11:13:34,60,Blue Island/26th,,Mon,Tue,Wed,Thu,Fri
08:35:15,J14,Jeffery Jump,,Sun
06:56:46,20,Madison,,Mon,Tue,Wed,Thu,Fri
14:24:15,J14,Jeffery Jump,,Sat
23:24:45,20,Madison,,Mon,Tue,Wed,Thu,Fri
17:38:16,J14,Jeffery Jump,,Sat
20:40:36,60,Blue Island/26th,,Mon,Tue,Wed,Thu,Fri
07:50:47,20,Madison,,Mon,Tue,Wed,Thu,Fri
05:35:15,56,Milwaukee,,Sun
11:35:14,J14,Jeffery Jump,,Sun
15:48:45,J14,Jeffery Jump,,Sun
10:35:14,J14,Jeffery Jump,,Sun
11:19:19,20,Madison,,Sat
20:01:14,124,Navy Pier,,Sun
10:29:19,20,Madison,,Sat
17:15:50,J14,Jeffery Jump,,Mon,Tue,Wed,Thu,Fri
02:32:22,66,Chicago,,Tue,Wed,Thu,Fri,Sat
15:52:15,J14,Jeffery Jump,,Sat
19:16:17,56,Milwaukee,,Sun
07:33:47,56,Milwaukee,,Sat
09:40:40,60,Blue Island/26th,,Sun
11:58:17,J14,Jeffery Jump,,Mon,Tue,Wed,Thu,Fri
22:23:40,60,Blue Island/26th,,Sat
12:07:10,60,Blue Island/26th,,Sun
09:25:19,56,Milwaukee,,Sat
11:42:47,20,Madison,,Sun
18:02:28,60,Blue Island/26th,,Mon,Tue,Wed,Thu,Fri
17:54:19,20,Madison,,Mon,Tue,Wed,Thu,Fri
12:35:16,J14,Jeffery Jump,,Sat
07:08:51,56,Milwaukee,,Mon,Tue,Wed,Thu,Fri
16:42:15,J14,Jeffery Jump,,Sat
21:07:15,20,Madison,,Mon,Tue,Wed,Thu,Fri
10:07:38,60,Blue Island/26th,,Sat
16:15:30,60,Blue Island/26th,,Mon,Tue,Wed,Thu,Fri
14:24:19,20,Madison,,Sat
09:11:51,124,Navy Pier,,Sun
18:11:48,J14,Jeffery Jump,,Mon,Tue,Wed,Thu,Fri
20:49:42,60,Blue Island/26th,,Sun
05:12:19,60,Blue Island/26th,,Mon,Tue,Wed,Thu,Fri
17:21:38,60,Blue Island/26th,,Sun
11:45:16,J14,Jeffery Jump,,Sat
16:57:19,20,Madison,,Sat
11:52:04,60,Blue Island/26th,,Mon,Tue,Wed,Thu,Fri
12:24:49,56,Milwaukee,,Sun
18:30:19,56,Milwaukee,,Sat
00:26:49,20,Madison,,Sun
10:15:14,J14,Jeffery Jump,,Sun
22:41:15,20,Madison,,Sun
05:13:47,56,Milwaukee,,Mon,Tue,Wed,Thu,Fri
09:32:47,20,Madison,,Sun
22:54:45,20,Madison,,Mon,Tue,Wed,Thu,Fri
23:54:45,20,Madison,,Mon,Tue,Wed,Thu,Fri
15:57:18,J14,Jeffery Jump,,Mon,Tue,Wed,Thu,Fri
23:57:12,60,Blue Island/26th,,Sat
08:49:18,J14,Jeffery Jump,,Mon,Tue,Wed,Thu,Fri
16:36:25,124,Navy Pier,,Mon,Tue,Wed,Thu,Fri
20:01:04,60,Blue Island/26th,,Mon,Tue,Wed,Thu,Fri
03:01:29,66,Chicago,,Sun
11:09:16,J14,Jeffery Jump,,Mon,Tue,Wed,Thu,Fri
14:29:32,124,Navy Pier,,Mon,Tue,Wed,Thu,Fri
23:00:42,J14,Jeffery Jump,,Mon,Tue,Wed,Thu,Fri
14:11:07,157,Streeterville/Taylor,,Mon,Tue,Wed,Thu,Fri
00:26:49,20,Madison,,Mon
17:56:19,20,Madison,,Sat
06:42:45,J14,Jeffery Jump,,Sun
21:32:42,J14,Jeffery Jump,,Sun
14:02:02,124,Navy Pier,,Mon,Tue,Wed,Thu,Fri
17:48:15,J14,Jeffery Jump,,Sat
17:55:20,56,Milwaukee,,Sat
07:02:17,J14,Jeffery Jump,,Mon,Tue,Wed,Thu,Fri
09:31:20,56,Milwaukee,,Mon,Tue,Wed,Thu,Fri
16:55:58,56,Milwaukee,,Mon,Tue,Wed,Thu,Fri
22:54:45,20,Madison,,Mon,Tue,Wed,Thu,Fri
16:09:10,124,Navy Pier,,Sun
10:19:14,J14,Jeffery Jump,,Sat
17:19:15,J14,Jeffery Jump,,Sat
20:24:44,J14,Jeffery Jump,,Sat
15:12:15,J14,Jeffery Jump,,Sat
01:02:22,66,Chicago,,Tue,Wed,Thu,Fri,Sat
14:57:02,124,Navy Pier,,Mon,Tue,Wed,Thu,Fri
14:51:04,60,Blue Island/26th,,Mon,Tue,Wed,Thu,Fri
09:06:48,J14,Jeffery Jump,,Mon,Tue,Wed,Thu,Fri
10:36:36,60,Blue Island/26th,,Sat
17:39:48,20,Madison,,Sun
11:17:05,124,Navy Pier,,Mon,Tue,Wed,Thu,Fri
12:39:32,124,Navy Pier,,Mon,Tue,Wed,Thu,Fri
16:32:51,20,Madison,,Mon,Tue,Wed,Thu,Fri
18:30:16,J14,Jeffery Jump,,Mon,Tue,Wed,Thu,Fri
20:18:47,20,Madison,,Sun
14:54:10,124,Navy Pier,,Sun
03:01:29,66,Chicago,,Sun
12:41:49,56,Milwaukee,,Sat
15:19:49,20,Madison,,Sun
19:38:47,20,Madison,,Sun
06:15:49,56,Milwaukee,,Mon,Tue,Wed,Thu,Fri
02:32:25,66,Chicago,,Mon
16:51:20,56,Milwaukee,,Sat
07:56:45,J14,Jeffery Jump,,Sat
00:11:49,20,Madison,,Sun
10:49:14,J14,Jeffery Jump,,Sat
23:56:15,20,Madison,,Sat
06:39:15,20,Madison,,Mon,Tue,Wed,Thu,Fri
12:37:36,60,Blue Island/26th,,Sat
20:36:44,J14,Jeffery Jump,,Mon,Tue,Wed,Thu,Fri
13:17:36,60,Blue Island/26th,,Sat
11:19:16,J14,Jeffery Jump,,Mon,Tue,Wed,Thu,Fri
22:24:49,56,Milwaukee,,Sat
12:53:40,60,Blue Island/26th,,Sun
10:16:20,56,Milwaukee,,Mon,Tue,Wed,Thu,Fri
15:49:49,56,Milwaukee,,Sun
07:12:27,157,Streeterville/Taylor,,Mon,Tue,Wed,Thu,Fri
19:34:44,J14,Jeffery Jump,,Sat
07:22:32,60,Blue Island/26th,,Mon,Tue,Wed,Thu,Fri
15:38:45,J14,Jeffery Jump,,Sun
02:12:19,60,Blue Island/26th,,Mon
11:42:47,20,Madison,,Sun
10:10:40,60,Blue Island/26th,,Sun
04:00:03,66,Chicago,,Mon,Tue,Wed,Thu,Fri
07:58:45,J14,Jeffery Jump,,Sun
12:59:49,20,Madison,,Sun
17:51:42,124,Navy Pier,,Sun
14:29:49,20,Madison,,Sun
14:23:40,60,Blue Island/26th,,Sun
09:16:51,56,Milwaukee,,Mon,Tue,Wed,Thu,Fri
19:50:06,157,Streeterville/Taylor,,Mon,Tue,Wed,Thu,Fri
07:04:47,20,Madison,,Mon,Tue,Wed,Thu,Fri
16:41:38,60,Blue Island/26th,,Sun
11:15:40,60,Blue Island/26th,,Sun
08:31:17,20,Madison,,Mon,Tue,Wed,Thu,Fri
17:02:58,56,Milwaukee,,Mon,Tue,Wed,Thu,Fri
10:55:14,J14,Jeffery Jump,,Sun
17:49:48,20,Madison,,Sun
21:40:42,60,Blue Island/26th,,Sun
21:42:45,20,Madison,,Sun
11:38:17,J14,Jeffery Jump,,Mon,Tue,Wed,Thu,Fri
07:31:15,20,Madison,,Sun
01:12:19,60,Blue Island/26th,,Tue,Wed,Thu,Fri,Sat
12:55:14,J14,Jeffery Jump,,Sat
11:02:21,56,Milwaukee,,Mon,Tue,Wed,Thu,Fri
10:14:19,56,Milwaukee,,Sun
14:41:34,60,Blue Island/26th,,Mon,Tue,Wed,Thu,Fri
13:54:15,J14,Jeffery Jump,,Sat
15:03:40,60,Blue Island/26th,,Sun
04:33:25,66,Chicago,,Mon,Tue,Wed,Thu,Fri
22:34:12,60,Blue Island/26th,,Mon,Tue,Wed,Thu,Fri
08:35:15,J14,Jeffery Jump,,Sun
07:40:02,60,Blue Island/26th,,Mon,Tue,Wed,Thu,Fri
18:09:25,124,Navy Pier,,Mon,Tue,Wed,Thu,Fri
14:46:02,157,Streeterville/Taylor,,Mon,Tue,Wed,Thu,Fri
15:08:16,J14,Jeffery Jump,,Mon,Tue,Wed,Thu,Fri
09:02:19,20,Madison,,Sat
16:06:32,60,Blue Island/26th,,Mon,Tue,Wed,Thu,Fri
10:17:47,157,Streeterville/Taylor,,Mon,Tue,Wed,Thu,Fri
11:02:47,20,Madison,,Sun
03:12:19,60,Blue Island/26th,,Mon,Tue,Wed,Thu,Fri
19:54:44,J14,Jeffery Jump,,Sat
19:35:42,124,Navy Pier,,Sun
18:20:49,56,Milwaukee,,Sun
21:57:12,60,Blue Island/26th,,Sun
13:35:47,56,Milwaukee,,Sun
12:27:23,56,Milwaukee,,Mon,Tue,Wed,Thu,Fri
09:25:15,J14,Jeffery Jump,,Sun
09:50:40,60,Blue Island/26th,,Sun
18:53:05,124,Navy Pier,,Mon,Tue,Wed,Thu,Fri
17:01:19,124,Navy Pier,,Mon,Tue,Wed,Thu,Fri
12:48:17,J14,Jeffery Jump,,Mon,Tue,Wed,Thu,Fri
07:03:32,60,Blue Island/26th,,Mon,Tue,Wed,Thu,Fri
21:08:40,124,Navy Pier,,Sat
09:12:47,20,Madison,,Sun
15:54:21,20,Madison,,Mon,Tue,Wed,Thu,Fri
09:53:20,20,Madison,,Mon,Tue,Wed,Thu,Fri
19:45:49,56,Milwaukee,,Sat
12:31:18,20,Madison,,Sun
08:55:45,J14,Jeffery Jump,,Sun
13:33:40,60,Blue Island/26th,,Sun
09:41:14,J14,Jeffery Jump,,Sat
05:59:15,56,Milwaukee,,Sat
08:21:17,20,Madison,,Mon,Tue,Wed,Thu,Fri
17:10:19,56,Milwaukee,,Sun
11:37:49,56,Milwaukee,,Sat
07:14:15,20,Madison,,Sun
03:12:19,60,Blue Island/26th,,Sun
17:51:42,124,Navy Pier,,Sun
08:35:53,56,Milwaukee,,Mon,Tue,Wed,Thu,Fri
11:56:37,124,Navy Pier,,Sat
18:36:35,124,Navy Pier,,Sat
14:13:40,60,Blue Island/26th,,Sun
20:24:49,56,Milwaukee,,Sat
20:39:42,60,Blue Island/26th,,Sun
08:38:16,56,Milwaukee,,Sun
18:41:53,56,Milwaukee,,Mon,Tue,Wed,Thu,Fri
12:47:36,60,Blue Island/26th,,Sat
19:33:19,20,Madison,,Sat
09:36:49,124,Navy Pier,,Sun
16:09:49,20,Madison,,Sun
08:48:53,56,Milwaukee,,Mon,Tue,Wed,Thu,Fri
15:09:49,20,Madison,,Sun
02:11:49,20,Madison,,Tue,Wed,Thu,Fri,Sat
18:17:45,J14,Jeffery Jump,,Sat
16:06:36,60,Blue Island/26th,,Sat
18:13:07,157,Streeterville/Taylor,,Mon,Tue,Wed,Thu,Fri
07:26:17,20,Madison,,Sat
11:39:19,20,Madison,,Sat
15:42:15,J14,Jeffery Jump,,Sat
05:58:34,60,Blue Island/26th,,Mon,Tue,Wed,Thu,Fri
08:16:17,20,Madison,,Mon,Tue,Wed,Thu,Fri
16:55:50,J14,Jeffery Jump,,Mon,Tue,Wed,Thu,Fri
03:11:49,20,Madison,,Mon,Tue,Wed,Thu,Fri
05:27:46,J14,Jeffery Jump,,Mon,Tue,Wed,Thu,Fri
12:12:47,20,Madison,,Sun
16:48:44,J14,Jeffery Jump,,Sun
21:28:15,20,Madison,,Sun
17:26:08,60,Blue Island/26th,,Sat
19:59:42,60,Blue Island/26th,,Sun
16:30:19,20,Madison,,Sat
17:47:13,J14,Jeffery Jump,,Sun
09:31:47,20,Madison,,Mon,Tue,Wed,Thu,Fri
11:33:04,60,Blue Island/26th,,Mon,Tue,Wed,Thu,Fri
08:55:18,J14,Jeffery Jump,,Mon,Tue,Wed,Thu,Fri
07:14:47,20,Madison,,Mon,Tue,Wed,Thu,Fri
15:06:51,20,Madison,,Mon,Tue,Wed,Thu,Fri
00:41:49,20,Madison,,Mon
19:09:42,60,Blue Island/26th,,Sun
14:44:15,J14,Jeffery Jump,,Sat
19:24:09,124,Navy Pier,,Mon,Tue,Wed,Thu,Fri
06:55:15,20,Madison,,Sun
20:39:20,56,Milwaukee,,Mon,Tue,Wed,Thu,Fri
08:43:18,J14,Jeffery Jump,,Mon,Tue,Wed,Thu,Fri
10:02:17,157,Streeterville/Taylor,,Mon,Tue,Wed,Thu,Fri
02:41:49,20,Madison,,Sun
18:15:43,J14,Jeffery Jump,,Sun
19:11:32,60,Blue Island/26th,,Mon,Tue,Wed,Thu,Fri
18:42:00,60,Blue Island/26th,,Mon,Tue,Wed,Thu,Fri
05:38:17,56,Milwaukee,,Mon,Tue,Wed,Thu,Fri
06:34:14,60,Blue Island/26th,,Sun
04:41:49,20,Madison,,Mon,Tue,Wed,Thu,Fri
10:01:49,20,Madison,,Mon,Tue,Wed,Thu,Fri
10:19:16,J14,Jeffery Jump,,Mon,Tue,Wed,Thu,Fri
08:37:02,60,Blue Island/26th,,Mon,Tue,Wed,Thu,Fri
00:12:19,60,Blue Island/26th,,Tue,Wed,Thu,Fri,Sat
17:33:58,56,Milwaukee,,Mon,Tue,Wed,Thu,Fri
10:29:14,J14,Jeffery Jump,,Sat
16:24:30,60,Blue Island/26th,,Mon,Tue,Wed,Thu,Fri
15:54:21,20,Madison,,Mon,Tue,Wed,Thu,Fri
11:15:40,60,Blue Island/26th,,Sun
09:20:38,60,Blue Island/26th,,Sat
08:51:17,20,Madison,,Mon,Tue,Wed,Thu,Fri
19:12:42,J14,Jeffery Jump,,Sun
19:15:40,60,Blue Island/26th,,Sat
13:30:04,60,Blue Island/26th,,Mon,Tue,Wed,Thu,Fri
09:16:51,56,Milwaukee,,Mon,Tue,Wed,Thu,Fri
19:19:42,60,Blue Island/26th,,Sun
15:22:15,J14,Jeffery Jump,,Sat
07:43:47,20,Madison,,Mon,Tue,Wed,Thu,Fri
23:54:12,60,Blue Island/26th,,Mon,Tue,Wed,Thu,Fri
07:42:47,J14,Jeffery Jump,,Mon,Tue,Wed,Thu,Fri
13:51:51,20,Madison,,Mon,Tue,Wed,Thu,Fri
17:01:14,J14,Jeffery Jump,,Sat
13:58:45,J14,Jeffery Jump,,Sun
16:39:19,20,Madison,,Sat
11:40:16,124,Navy Pier,,Sun
15:45:19,20,Madison,,Sat
17:51:38,60,Blue Island/26th,,Sun
11:41:10,60,Blue Island/26th,,Sun
18:48:47,20,Madison,,Sun
06:46:46,56,Milwaukee,,Sat
14:43:40,60,Blue Island/26th,,Sun
15:10:04,60,Blue Island/26th,,Mon,Tue,Wed,Thu,Fri
09:20:40,60,Blue Island/26th,,Sun
13:17:36,60,Blue Island/26th,,Sat
07:33:02,157,Streeterville/Taylor,,Mon,Tue,Wed,Thu,Fri
21:29:40,60,Blue Island/26th,,Sat
22:42:42,124,Navy Pier,,Sat
15:27:18,J14,Jeffery Jump,,Mon,Tue,Wed,Thu,Fri
10:39:16,J14,Jeffery Jump,,Mon,Tue,Wed,Thu,Fri
16:07:18,J14,Jeffery Jump,,Mon,Tue,Wed,Thu,Fri
08:26:17,20,Madison,,Mon,Tue,Wed,Thu,Fri
16:00:21,20,Madison,,Mon,Tue,Wed,Thu,Fri
02:11:49,20,Madison,,Mon
22:12:49,124,Navy Pier,,Sun
23:12:15,20,Madison,,Sat
23:39:45,20,Madison,,Mon,Tue,Wed,Thu,Fri
14:06:23,56,Milwaukee,,Mon,Tue,Wed,Thu,Fri
14:17:33,124,Navy Pier,,Sat
20:38:48,20,Madison,,Mon,Tue,Wed,Thu,Fri
17:41:58,56,Milwaukee,,Mon,Tue,Wed,Thu,Fri
12:09:49,56,Milwaukee,,Sat
09:59:19,20,Madison,,Sat
10:30:40,60,Blue Island/26th,,Sun
13:12:19,20,Madison,,Sat
04:42:19,60,Blue Island/26th,,Mon,Tue,Wed,Thu,Fri
06:22:15,J14,Jeffery Jump,,Sun
23:34:12,60,Blue Island/26th,,Mon,Tue,Wed,Thu,Fri
11:42:34,60,Blue Island/26th,,Mon,Tue,Wed,Thu,Fri
21:42:42,J14,Jeffery Jump,,Sun
21:05:15,20,Madison,,Sat
16:52:30,124,Navy Pier,,Sat
14:16:36,60,Blue Island/26th,,Sat
17:28:46,J14,Jeffery Jump,,Sat
09:39:17,124,Navy Pier,,Sat
17:57:13,J14,Jeffery Jump,,Sun
15:18:19,20,Madison,,Sat
16:32:15,J14,Jeffery Jump,,Sat
19:28:47,20,Madison,,Sun
20:32:42,J14,Jeffery Jump,,Sun
16:47:51,20,Madison,,Mon,Tue,Wed,Thu,Fri
20:08:49,20,Madison,,Mon,Tue,Wed,Thu,Fri
20:26:10,124,Navy Pier,,Sat
18:02:57,56,Milwaukee,,Mon,Tue,Wed,Thu,Fri
07:58:17,20,Madison,,Sat
16:18:44,J14,Jeffery Jump,,Sun
22:20:20,56,Milwaukee,,Mon,Tue,Wed,Thu,Fri
08:52:32,60,Blue Island/26th,,Mon,Tue,Wed,Thu,Fri
15:01:49,56,Milwaukee,,Sun
12:52:46,124,Navy Pier,,Sun
16:06:32,60,Blue Island/26th,,Mon,Tue,Wed,Thu,Fri
06:56:17,J14,Jeffery Jump,,Mon,Tue,Wed,Thu,Fri
20:28:47,20,Madison,,Sun
06:46:04,60,Blue Island/26th,,Mon,Tue,Wed,Thu,Fri
03:12:19,60,Blue Island/26th,,Sun
14:03:40,60,Blue Island/26th,,Sun
05:22:36,60,Blue Island/26th,,Mon,Tue,Wed,Thu,Fri
09:35:17,J14,Jeffery Jump,,Mon,Tue,Wed,Thu,Fri
21:29:40,60,Blue Island/26th,,Sat
12:04:46,124,Navy Pier,,Sun
15:24:02,124,Navy Pier,,Mon,Tue,Wed,Thu,Fri
13:42:33,124,Navy Pier,,Sat
16:19:20,56,Milwaukee,,Sat
16:12:19,20,Madison,,Sat
08:29:32,60,Blue Island/26th,,Mon,Tue,Wed,Thu,Fri
21:17:20,56,Milwaukee,,Mon,Tue,Wed,Thu,Fri
15:03:23,56,Milwaukee,,Mon,Tue,Wed,Thu,Fri
08:36:16,20,Madison,,Sun
16:26:36,60,Blue Island/26th,,Sat
15:08:16,J14,Jeffery Jump,,Mon,Tue,Wed,Thu,Fri
10:58:10,60,Blue Island/26th,,Sun
06:19:15,20,Madison,,Mon,Tue,Wed,Thu,Fri
07:02:27,157,Streeterville/Taylor,,Mon,Tue,Wed,Thu,Fri
15:52:24,56,Milwaukee,,Mon,Tue,Wed,Thu,Fri
02:41:49,20,Madison,,Tue,Wed,Thu,Fri,Sat
12:22:47,20,Madison,,Sun
09:07:34,60,Blue Island/26th,,Mon,Tue,Wed,Thu,Fri
09:36:17,56,Milwaukee,,Sun
18:56:51,56,Milwaukee,,Mon,Tue,Wed,Thu,Fri
12:08:17,J14,Jeffery Jump,,Mon,Tue,Wed,Thu,Fri
11:49:40,60,Blue Island/26th,,Sun
13:24:07,124,Navy Pier,,Sat
18:37:22,157,Streeterville/Taylor,,Mon,Tue,Wed,Thu,Fri
13:40:04,60,Blue Island/26th,,Mon,Tue,Wed,Thu,Fri
13:01:23,56,Milwaukee,,Mon,Tue,Wed,Thu,Fri
21:31:08,60,Blue Island/26th,,Mon,Tue,Wed,Thu,Fri
09:01:17,20,Madison,,Mon,Tue,Wed,Thu,Fri
17:16:19,20,Madison,,Sat
19:14:44,J14,Jeffery Jump,,Sat
14:43:20,56,Milwaukee,,Sat
16:43:32,157,Streeterville/Taylor,,Mon,Tue,Wed,Thu,Fri
09:41:14,J14,Jeffery Jump,,Sat
15:47:20,56,Milwaukee,,Sat
18:02:49,56,Milwaukee,,Sun
05:29:15,20,Madison,,Mon,Tue,Wed,Thu,Fri
15:27:19,20,Madison,,Sat
13:37:06,60,Blue Island/26th,,Sat
00:40:19,20,Madison,,Tue,Wed,Thu,Fri,Sat
11:02:47,20,Madison,,Sun
16:17:21,20,Madison,,Mon,Tue,Wed,Thu,Fri
11:48:17,J14,Jeffery Jump,,Mon,Tue,Wed,Thu,Fri
15:02:15,J14,Jeffery Jump,,Sat
21:59:20,56,Milwaukee,,Mon,Tue,Wed,Thu,Fri
02:42:19,60,Blue Island/26th,,Sun
21:12:40,60,Blue Island/26th,,Sat
08:19:44,J14,Jeffery Jump,,Sat
19:56:47,56,Milwaukee,,Sun
05:12:19,60,Blue Island/26th,,Sat
11:09:19,20,Madison,,Sat
04:11:49,20,Madison,,Mon,Tue,Wed,Thu,Fri
14:03:40,60,Blue Island/26th,,Sun
06:55:04,60,Blue Island/26th,,Mon,Tue,Wed,Thu,Fri
17:12:51,20,Madison,,Mon,Tue,Wed,Thu,Fri
11:38:17,J14,Jeffery Jump,,Mon,Tue,Wed,Thu,Fri
18:20:47,J14,Jeffery Jump,,Mon,Tue,Wed,Thu,Fri
19:23:19,20,Madison,,Sat
12:08:17,J14,Jeffery Jump,,Mon,Tue,Wed,Thu,Fri
16:00:21,20,Madison,,Mon,Tue,Wed,Thu,Fri
09:03:49,56,Milwaukee,,Sat
21:44:49,56,Milwaukee,,Sat
07:52:40,60,Blue Island/26th,,Sat
15:03:40,60,Blue Island/26th,,Sun
13:20:51,20,Madison,,Mon,Tue,Wed,Thu,Fri
13:43:40,60,Blue Island/26th,,Sun
17:42:51,20,Madison,,Mon,Tue,Wed,Thu,Fri
09:06:17,20,Madison,,Mon,Tue,Wed,Thu,Fri
21:12:12,60,Blue Island/26th,,Sun
21:00:15,56,Milwaukee,,Sun
21:14:44,J14,Jeffery Jump,,Sat
02:32:25,66,Chicago,,Mon
11:19:19,20,Madison,,Sat
10:23:09,124,Navy Pier,,Mon,Tue,Wed,Thu,Fri
16:37:28,56,Milwaukee,,Mon,Tue,Wed,Thu,Fri
22:01:15,20,Madison,,Sat
07:31:45,J14,Jeffery Jump,,Sat
06:29:15,20,Madison,,Mon,Tue,Wed,Thu,Fri
16:21:49,56,Milwaukee,,Sun
06:56:44,60,Blue Island/26th,,Sun
11:55:16,J14,Jeffery Jump,,Sat
14:59:20,56,Milwaukee,,Sat
18:27:54,56,Milwaukee,,Mon,Tue,Wed,Thu,Fri
18:49:45,J14,Jeffery Jump,,Mon,Tue,Wed,Thu,Fri
09:55:15,J14,Jeffery Jump,,Sun
10:29:14,J14,Jeffery Jump,,Sat
20:44:44,J14,Jeffery Jump,,Sat
13:53:40,60,Blue Island/26th,,Sun
15:35:21,20,Madison,,Mon,Tue,Wed,Thu,Fri
11:25:14,J14,Jeffery Jump,,Sun
14:34:34,60,Blue Island/26th,,Mon,Tue,Wed,Thu,Fri
10:49:40,60,Blue Island/26th,,Sun
11:22:47,20,Madison,,Sun
13:54:15,J14,Jeffery Jump,,Sat
16:28:52,157,Streeterville/Taylor,,Mon,Tue,Wed,Thu,Fri
20:12:42,J14,Jeffery Jump,,Sun
16:36:03,124,Navy Pier,,Sun
14:29:49,20,Madison,,Sun
05:34:15,56,Milwaukee,,Sat
18:48:47,20,Madison,,Sun
18:35:19,20,Madison,,Sat
09:06:17,20,Madison,,Mon,Tue,Wed,Thu,Fri
05:07:45,J14,Jeffery Jump,,Mon,Tue,Wed,Thu,Fri
06:46:46,56,Milwaukee,,Sat
02:11:49,20,Madison,,Sun
20:59:42,60,Blue Island/26th,,Sun
11:41:36,60,Blue Island/26th,,Sat
18:02:02,124,Navy Pier,,Sat
06:12:44,J14,Jeffery Jump,,Sat
14:26:36,60,Blue Island/26th,,Sat
07:03:32,60,Blue Island/26th,,Mon,Tue,Wed,Thu,Fri
08:23:02,60,Blue Island/26th,,Mon,Tue,Wed,Thu,Fri
06:50:27,157,Streeterville/Taylor,,Mon,Tue,Wed,Thu,Fri
08:52:19,20,Madison,,Sat
17:39:12,157,Streeterville/Taylor,,Mon,Tue,Wed,Thu,Fri
15:51:40,60,Blue Island/26th,,Sun
06:57:40,60,Blue Island/26th,,Sat
20:49:42,60,Blue Island/26th,,Sun
07:47:45,20,Madison,,Sun
16:27:28,56,Milwaukee,,Mon,Tue,Wed,Thu,Fri
07:31:02,60,Blue Island/26th,,Mon,Tue,Wed,Thu,Fri
19:03:43,J14,Jeffery Jump,,Sun
00:42:19,60,Blue Island/26th,,Mon
10:33:17,56,Milwaukee,,Sun
21:34:15,20,Madison,,Mon,Tue,Wed,Thu,Fri
14:52:50,20,Madison,,Mon,Tue,Wed,Thu,Fri
09:04:47,157,Streeterville/Taylor,,Mon,Tue,Wed,Thu,Fri
20:15:40,60,Blue Island/26th,,Sat
00:56:49,20,Madison,,Mon
05:38:17,56,Milwaukee,,Mon,Tue,Wed,Thu,Fri
23:56:15,20,Madison,,Sun
13:23:40,60,Blue Island/26th,,Sun
10:01:47,124,Navy Pier,,Sun
14:19:49,20,Madison,,Sun
18:02:49,56,Milwaukee,,Sun
12:15:16,J14,Jeffery Jump,,Sat
11:49:40,60,Blue Island/26th,,Sun
17:25:50,J14,Jeffery Jump,,Mon,Tue,Wed,Thu,Fri
20:39:20,56,Milwaukee,,Mon,Tue,Wed,Thu,Fri
14:58:45,J14,Jeffery Jump,,Sun
16:11:40,60,Blue Island/26th,,Sun
10:52:47,20,Madison,,Sun
12:02:47,20,Madison,,Sun
04:42:19,60,Blue Island/26th,,Mon,Tue,Wed,Thu,Fri
13:03:07,157,Streeterville/Taylor,,Mon,Tue,Wed,Thu,Fri
15:26:03,124,Navy Pier,,Sat
13:56:19,56,Milwaukee,,Sat
08:22:49,20,Madison,,Sat
15:32:15,J14,Jeffery Jump,,Sat
14:38:53,20,Madison,,Mon,Tue,Wed,Thu,Fri
12:48:17,J14,Jeffery Jump,,Mon,Tue,Wed,Thu,Fri
00:56:49,20,Madison,,Mon
14:52:15,J14,Jeffery Jump,,Sat
20:41:14,124,Navy Pier,,Mon,Tue,Wed,Thu,Fri
20:25:40,60,Blue Island/26th,,Sat
07:14:47,20,Madison,,Mon,Tue,Wed,Thu,Fri
00:11:49,20,Madison,,Mon
19:03:43,J14,Jeffery Jump,,Sun
15:19:10,124,Navy Pier,,Sun
21:38:20,56,Milwaukee,,Mon,Tue,Wed,Thu,Fri
01:02:22,66,Chicago,,Tue,Wed,Thu,Fri,Sat
07:37:47,J14,Jeffery Jump,,Mon,Tue,Wed,Thu,Fri
09:22:19,20,Madison,,Sat
14:31:22,20,Madison,,Mon,Tue,Wed,Thu,Fri
12:10:23,56,Milwaukee,,Mon,Tue,Wed,Thu,Fri
10:58:45,J14,Jeffery Jump,,Sat
20:54:44,J14,Jeffery Jump,,Sat
19:25:40,60,Blue Island/26th,,Sat
13:01:14,J14,Jeffery Jump,,Sun
09:46:47,157,Streeterville/Taylor,,Mon,Tue,Wed,Thu,Fri
03:42:19,60,Blue Island/26th,,Sun
22:16:19,124,Navy Pier,,Mon,Tue,Wed,Thu,Fri
17:32:51,20,Madison,,Mon,Tue,Wed,Thu,Fri
08:35:53,56,Milwaukee,,Mon,Tue,Wed,Thu,Fri
16:28:44,J14,Jeffery Jump,,Sun
14:43:20,56,Milwaukee,,Sat
06:18:15,20,Madison,,Sat
12:44:23,56,Milwaukee,,Mon,Tue,Wed,Thu,Fri
11:21:19,20,Madison,,Mon,Tue,Wed,Thu,Fri
16:11:40,60,Blue Island/26th,,Sun
12:43:19,56,Milwaukee,,Sun
18:32:00,60,Blue Island/26th,,Mon,Tue,Wed,Thu,Fri
08:25:27,157,Streeterville/Taylor,,Mon,Tue,Wed,Thu,Fri
15:44:10,124,Navy Pier,,Sun
20:26:17,124,Navy Pier,,Sun
09:55:15,J14,Jeffery Jump,,Sun
12:01:34,60,Blue Island/26th,,Mon,Tue,Wed,Thu,Fri
05:36:44,J14,Jeffery Jump,,Sat
21:24:49,56,Milwaukee,,Sat
10:05:07,124,Navy Pier,,Mon,Tue,Wed,Thu,Fri
11:17:46,J14,Jeffery Jump,,Sat
22:01:40,60,Blue Island/26th,,Mon,Tue,Wed,Thu,Fri
22:42:42,124,Navy Pier,,Sat
07:58:17,J14,Jeffery Jump,,Mon,Tue,Wed,Thu,Fri
07:41:14,60,Blue Island/26th,,Sun
16:27:21,20,Madison,,Mon,Tue,Wed,Thu,Fri
18:13:07,157,Streeterville/Taylor,,Mon,Tue,Wed,Thu,Fri
12:55:51,20,Madison,,Mon,Tue,Wed,Thu,Fri
19:09:42,60,Blue Island/26th,,Sun
17:25:58,56,Milwaukee,,Mon,Tue,Wed,Thu,Fri
08:49:18,J14,Jeffery Jump,,Mon,Tue,Wed,Thu,Fri
21:25:15,20,Madison,,Mon,Tue,Wed,Thu,Fri
13:49:49,20,Madison,,Sun
06:11:16,J14,Jeffery Jump,,Mon,Tue,Wed,Thu,Fri
21:32:42,J14,Jeffery Jump,,Sun
09:17:16,56,Milwaukee,,Sun
15:37:18,J14,Jeffery Jump,,Mon,Tue,Wed,Thu,Fri
04:55:14,J14,Jeffery Jump,,Mon,Tue,Wed,Thu,Fri
14:00:03,124,Navy Pier,,Sat
20:38:47,56,Milwaukee,,Sun
14:24:15,J14,Jeffery Jump,,Sat
16:41:58,60,Blue Island/26th,,Mon,Tue,Wed,Thu,Fri
11:58:40,60,Blue Island/26th,,Sun
09:02:51,56,Milwaukee,,Mon,Tue,Wed,Thu,Fri
15:47:18,J14,Jeffery Jump,,Mon,Tue,Wed,Thu,Fri
13:57:19,20,Madison,,Sat
13:28:51,20,Madison,,Mon,Tue,Wed,Thu,Fri
16:49:49,20,Madison,,Sun
19:48:51,20,Madison,,Mon,Tue,Wed,Thu,Fri
10:20:40,60,Blue Island/26th,,Sun
18:45:40,60,Blue Island/26th,,Sat
06:11:16,J14,Jeffery Jump,,Mon,Tue,Wed,Thu,Fri
16:27:21,20,Madison,,Mon,Tue,Wed,Thu,Fri
16:06:21,20,Madison,,Mon,Tue,Wed,Thu,Fri
12:38:17,J14,Jeffery Jump,,Mon,Tue,Wed,Thu,Fri
07:37:47,J14,Jeffery Jump,,Mon,Tue,Wed,Thu,Fri
16:22:15,J14,Jeffery Jump,,Sat
06:56:46,20,Madison,,Mon,Tue,Wed,Thu,Fri
09:00:02,60,Blue Island/26th,,Mon,Tue,Wed,Thu,Fri
09:21:14,J14,Jeffery Jump,,Sat
17:32:51,20,Madison,,Mon,Tue,Wed,Thu,Fri
12:57:19,56,Milwaukee,,Sat
13:59:49,20,Madison,,Sun
20:52:42,J14,Jeffery Jump,,Sun
20:53:16,20,Madison,,Sat
12:28:17,J14,Jeffery Jump,,Mon,Tue,Wed,Thu,Fri
22:55:42,60,Blue Island/26th,,Sun
23:12:15,20,Madison,,Sat
02:42:19,60,Blue Island/26th,,Tue,Wed,Thu,Fri,Sat
19:36:17,56,Milwaukee,,Sun
10:51:19,20,Madison,,Mon,Tue,Wed,Thu,Fri
07:44:45,J14,Jeffery Jump,,Sat
15:27:19,20,Madison,,Sat
08:14:18,J14,Jeffery Jump,,Mon,Tue,Wed,Thu,Fri
21:24:49,56,Milwaukee,,Sat
17:22:51,20,Madison,,Mon,Tue,Wed,Thu,Fri
11:57:21,20,Madison,,Mon,Tue,Wed,Thu,Fri
22:04:49,56,Milwaukee,,Sat
16:07:18,J14,Jeffery Jump,,Mon,Tue,Wed,Thu,Fri
19:14:44,J14,Jeffery Jump,,Sat
17:01:19,124,Navy Pier,,Mon,Tue,Wed,Thu,Fri
14:33:40,60,Blue Island/26th,,Sun
13:41:49,56,Milwaukee,,Sat
11:32:47,20,Madison,,Sun
19:47:14,J14,Jeffery Jump,,Mon,Tue,Wed,Thu,Fri
10:45:14,J14,Jeffery Jump,,Sun
09:55:17,56,Milwaukee,,Sun
07:42:17,20,Madison,,Sat
08:09:18,J14,Jeffery Jump,,Mon,Tue,Wed,Thu,Fri
02:12:19,60,Blue Island/26th,,Sun
14:00:03,124,Navy Pier,,Sat
03:11:49,20,Madison,,Sat
05:10:19,20,Madison,,Sun
18:57:19,56,Milwaukee,,Sun
08:31:18,J14,Jeffery Jump,,Mon,Tue,Wed,Thu,Fri
17:56:08,60,Blue Island/26th,,Sat
23:34:12,60,Blue Island/26th,,Mon,Tue,Wed,Thu,Fri
20:52:42,J14,Jeffery Jump,,Sun
21:04:44,J14,Jeffery Jump,,Sat
20:56:15,J14,Jeffery Jump,,Mon,Tue,Wed,Thu,Fri
11:36:21,56,Milwaukee,,Mon,Tue,Wed,Thu,Fri
16:47:28,56,Milwaukee,,Mon,Tue,Wed,Thu,Fri
09:39:38,60,Blue Island/26th,,Sat
16:05:49,56,Milwaukee,,Sun
15:42:40,60,Blue Island/26th,,Sun
12:29:07,157,Streeterville/Taylor,,Mon,Tue,Wed,Thu,Fri
13:37:07,157,Streeterville/Taylor,,Mon,Tue,Wed,Thu,Fri
06:47:16,20,Madison,,Mon,Tue,Wed,Thu,Fri
00:22:19,60,Blue Island/26th,,Mon
10:58:10,60,Blue Island/26th,,Sun
09:21:14,J14,Jeffery Jump,,Sat
21:46:15,56,Milwaukee,,Sun
04:00:03,66,Chicago,,Mon,Tue,Wed,Thu,Fri
14:57:02,124,Navy Pier,,Mon,Tue,Wed,Thu,Fri
18:14:55,56,Milwaukee,,Mon,Tue,Wed,Thu,Fri
22:57:45,20,Madison,,Sat
10:29:16,J14,Jeffery Jump,,Mon,Tue,Wed,Thu,Fri
15:19:49,20,Madison,,Sun
17:26:10,124,Navy Pier,,Sun
11:02:49,56,Milwaukee,,Sat
08:42:23,56,Milwaukee,,Mon,Tue,Wed,Thu,Fri
07:34:47,20,Madison,,Mon,Tue,Wed,Thu,Fri
15:42:21,20,Madison,,Mon,Tue,Wed,Thu,Fri
10:49:19,20,Madison,,Sat
20:03:21,56,Milwaukee,,Mon,Tue,Wed,Thu,Fri
15:17:37,157,Streeterville/Taylor,,Mon,Tue,Wed,Thu,Fri
18:27:15,J14,Jeffery Jump,,Sat
16:39:49,20,Madison,,Sun
14:44:15,J14,Jeffery Jump,,Sat
15:43:03,124,Navy Pier,,Sat
13:19:49,20,Madison,,Sun
15:28:45,J14,Jeffery Jump,,Sun
09:15:34,60,Blue Island/26th,,Mon,Tue,Wed,Thu,Fri
20:17:47,56,Milwaukee,,Sun
08:04:47,20,Madison,,Mon,Tue,Wed,Thu,Fri
07:09:16,20,Madison,,Sat
09:12:48,J14,Jeffery Jump,,Mon,Tue,Wed,Thu,Fri
14:42:19,20,Madison,,Sat
14:28:46,124,Navy Pier,,Sun
09:03:08,60,Blue Island/26th,,Sat
20:24:49,56,Milwaukee,,Sat
19:21:32,60,Blue Island/26th,,Mon,Tue,Wed,Thu,Fri
11:20:49,56,Milwaukee,,Sat
09:02:47,20,Madison,,Sun
15:35:21,20,Madison,,Mon,Tue,Wed,Thu,Fri
19:12:42,J14,Jeffery Jump,,Sun
12:25:10,60,Blue Island/26th,,Sun
14:08:45,J14,Jeffery Jump,,Sun
09:35:15,J14,Jeffery Jump,,Sun
11:39:20,20,Madison,,Mon,Tue,Wed,Thu,Fri
16:19:49,20,Madison,,Sun
12:09:36,60,Blue Island/26th,,Sat
09:59:08,60,Blue Island/26th,,Sat
11:10:47,56,Milwaukee,,Sun
14:54:10,124,Navy Pier,,Sun
07:43:47,20,Madison,,Mon,Tue,Wed,Thu,Fri
16:12:15,J14,Jeffery Jump,,Sat
20:26:17,124,Navy Pier,,Sun
14:25:04,60,Blue Island/26th,,Mon,Tue,Wed,Thu,Fri
14:23:51,20,Madison,,Mon,Tue,Wed,Thu,Fri
08:12:23,56,Milwaukee,,Mon,Tue,Wed,Thu,Fri
02:41:49,20,Madison,,Mon
19:29:42,60,Blue Island/26th,,Sun
09:17:17,J14,Jeffery Jump,,Mon,Tue,Wed,Thu,Fri
16:52:51,20,Madison,,Mon,Tue,Wed,Thu,Fri
12:28:46,124,Navy Pier,,Sun
06:19:16,J14,Jeffery Jump,,Mon,Tue,Wed,Thu,Fri
06:50:27,157,Streeterville/Taylor,,Mon,Tue,Wed,Thu,Fri
09:19:07,157,Streeterville/Taylor,,Mon,Tue,Wed,Thu,Fri
17:59:49,20,Madison,,Mon,Tue,Wed,Thu,Fri
05:58:34,60,Blue Island/26th,,Mon,Tue,Wed,Thu,Fri
12:33:40,60,Blue Island/26th,,Sun
18:35:19,20,Madison,,Sat
11:02:49,56,Milwaukee,,Sat
03:31:25,66,Chicago,,Tue,Wed,Thu,Fri,Sat
12:49:49,20,Madison,,Sun
13:27:06,60,Blue Island/26th,,Sat
04:59:44,20,Madison,,Mon,Tue,Wed,Thu,Fri
05:34:15,56,Milwaukee,,Sat
15:59:49,20,Madison,,Sun
05:54:45,J14,Jeffery Jump,,Mon,Tue,Wed,Thu,Fri
11:35:46,J14,Jeffery Jump,,Sat
21:26:06,157,Streeterville/Taylor,,Mon,Tue,Wed,Thu,Fri
20:23:19,20,Madison,,Sat
15:38:45,J14,Jeffery Jump,,Sun
13:30:19,20,Madison,,Sat
13:50:23,56,Milwaukee,,Mon,Tue,Wed,Thu,Fri
21:25:15,20,Madison,,Mon,Tue,Wed,Thu,Fri
07:48:32,60,Blue Island/26th,,Mon,Tue,Wed,Thu,Fri
21:28:15,20,Madison,,Sun
23:20:12,60,Blue Island/26th,,Sat
17:26:08,60,Blue Island/26th,,Sat
20:18:49,20,Madison,,Mon,Tue,Wed,Thu,Fri
18:18:47,20,Madison,,Sun
18:59:42,60,Blue Island/26th,,Sun
20:34:44,J14,Jeffery Jump,,Sat
22:01:40,60,Blue Island/26th,,Mon,Tue,Wed,Thu,Fri
12:45:19,20,Madison,,Sat
18:53:43,J14,Jeffery Jump,,Sun
11:19:21,56,Milwaukee,,Mon,Tue,Wed,Thu,Fri
11:29:17,56,Milwaukee,,Sun
11:41:10,60,Blue Island/26th,,Sun
00:56:49,20,Madison,,Sun
08:52:19,20,Madison,,Sat
02:32:25,66,Chicago,,Sun
19:45:49,56,Milwaukee,,Sat
05:08:45,56,Milwaukee,,Sat
19:47:14,J14,Jeffery Jump,,Mon,Tue,Wed,Thu,Fri
06:08:34,60,Blue Island/26th,,Mon,Tue,Wed,Thu,Fri
20:56:15,J14,Jeffery Jump,,Mon,Tue,Wed,Thu,Fri
10:11:19,20,Madison,,Mon,Tue,Wed,Thu,Fri
17:26:10,124,Navy Pier,,Sun
20:09:06,157,Streeterville/Taylor,,Mon,Tue,Wed,Thu,Fri
21:57:15,20,Madison,,Sun
19:26:49,56,Milwaukee,,Sat
18:52:48,20,Madison,,Mon,Tue,Wed,Thu,Fri
05:09:45,56,Milwaukee,,Sun
18:38:33,124,Navy Pier,,Mon,Tue,Wed,Thu,Fri
15:26:36,60,Blue Island/26th,,Sat
21:24:45,20,Madison,,Sat
20:17:14,124,Navy Pier,,Mon,Tue,Wed,Thu,Fri
03:42:19,60,Blue Island/26th,,Sat
19:18:47,20,Madison,,Sun
06:43:50,56,Milwaukee,,Mon,Tue,Wed,Thu,Fri
18:25:13,J14,Jeffery Jump,,Sun
21:17:20,56,Milwaukee,,Mon,Tue,Wed,Thu,Fri
11:53:49,56,Milwaukee,,Sat
21:05:14,124,Navy Pier,,Mon,Tue,Wed,Thu,Fri
08:42:19,20,Madison,,Sat
08:16:32,60,Blue Island/26th,,Mon,Tue,Wed,Thu,Fri
12:14:14,J14,Jeffery Jump,,Sun
22:11:45,20,Madison,,Sun
21:15:44,J14,Jeffery Jump,,Mon,Tue,Wed,Thu,Fri
19:01:32,60,Blue Island/26th,,Mon,Tue,Wed,Thu,Fri
11:20:49,56,Milwaukee,,Sat
17:14:58,60,Blue Island/26th,,Mon,Tue,Wed,Thu,Fri
23:38:12,60,Blue Island/26th,,Sat
14:34:34,60,Blue Island/26th,,Mon,Tue,Wed,Thu,Fri
20:36:44,J14,Jeffery Jump,,Mon,Tue,Wed,Thu,Fri
14:17:33,124,Navy Pier,,Sat
16:58:44,J14,Jeffery Jump,,Sun
11:55:07,157,Streeterville/Taylor,,Mon,Tue,Wed,Thu,Fri
05:37:12,60,Blue Island/26th,,Sat
22:09:45,20,Madison,,Mon,Tue,Wed,Thu,Fri
14:34:15,J14,Jeffery Jump,,Sat
12:35:16,J14,Jeffery Jump,,Sat
18:41:53,56,Milwaukee,,Mon,Tue,Wed,Thu,Fri
21:25:42,60,Blue Island/26th,,Sun
18:34:43,J14,Jeffery Jump,,Sun
22:12:49,124,Navy Pier,,Sun
17:31:38,60,Blue Island/26th,,Sun
16:33:28,60,Blue Island/26th,,Mon,Tue,Wed,Thu,Fri
06:18:12,60,Blue Island/26th,,Sat
16:58:42,157,Streeterville/Taylor,,Mon,Tue,Wed,Thu,Fri
06:12:14,60,Blue Island/26th,,Sun
16:47:51,20,Madison,,Mon,Tue,Wed,Thu,Fri
06:35:15,20,Madison,,Sat
12:51:44,J14,Jeffery Jump,,Sun
07:15:47,J14,Jeffery Jump,,Mon,Tue,Wed,Thu,Fri
18:53:19,20,Madison,,Sat
00:11:49,20,Madison,,Sun
08:19:48,J14,Jeffery Jump,,Mon,Tue,Wed,Thu,Fri
07:22:32,60,Blue Island/26th,,Mon,Tue,Wed,Thu,Fri
10:45:14,J14,Jeffery Jump,,Sun
20:38:47,56,Milwaukee,,Sun
09:11:08,60,Blue Island/26th,,Sat
08:43:18,J14,Jeffery Jump,,Mon,Tue,Wed,Thu,Fri
11:23:36,60,Blue Island/26th,,Sat
03:41:49,20,Madison,,Sat
12:47:21,20,Madison,,Mon,Tue,Wed,Thu,Fri
07:43:45,J14,Jeffery Jump,,Sun
10:52:17,56,Milwaukee,,Sun
16:32:51,20,Madison,,Mon,Tue,Wed,Thu,Fri
05:35:15,56,Milwaukee,,Sun
20:57:20,56,Milwaukee,,Mon,Tue,Wed,Thu,Fri
16:46:36,60,Blue Island/26th,,Sat
12:27:23,56,Milwaukee,,Mon,Tue,Wed,Thu,Fri
18:06:08,60,Blue Island/26th,,Sat
19:32:42,J14,Jeffery Jump,,Sun
19:35:42,124,Navy Pier,,Sun
12:05:16,J14,Jeffery Jump,,Sat
19:44:44,J14,Jeffery Jump,,Sat
11:05:06,60,Blue Island/26th,,Sat
14:14:15,J14,Jeffery Jump,,Sat
15:06:36,60,Blue Island/26th,,Sat
14:06:19,20,Madison,,Sat
08:32:40,60,Blue Island/26th,,Sun
06:00:15,56,Milwaukee,,Sun
12:32:44,J14,Jeffery Jump,,Sun
08:14:57,157,Streeterville/Taylor,,Mon,Tue,Wed,Thu,Fri
16:16:36,60,Blue Island/26th,,Sat
14:38:16,J14,Jeffery Jump,,Mon,Tue,Wed,Thu,Fri
03:41:49,20,Madison,,Sun
08:42:10,60,Blue Island/26th,,Sun
15:47:32,124,Navy Pier,,Mon,Tue,Wed,Thu,Fri
20:18:49,20,Madison,,Mon,Tue,Wed,Thu,Fri
12:51:44,J14,Jeffery Jump,,Sun
21:05:15,20,Madison,,Sat
07:27:17,J14,Jeffery Jump,,Mon,Tue,Wed,Thu,Fri
17:39:20,56,Milwaukee,,Sat
10:05:19,56,Milwaukee,,Sat
10:55:06,60,Blue Island/26th,,Sat
14:33:19,20,Madison,,Sat
03:31:29,66,Chicago,,Sun
20:17:14,124,Navy Pier,,Mon,Tue,Wed,Thu,Fri
00:42:19,60,Blue Island/26th,,Mon
20:14:44,J14,Jeffery Jump,,Sat
12:10:23,56,Milwaukee,,Mon,Tue,Wed,Thu,Fri
22:54:12,60,Blue Island/26th,,Mon,Tue,Wed,Thu,Fri
09:45:15,J14,Jeffery Jump,,Sun
14:16:04,60,Blue Island/26th,,Mon,Tue,Wed,Thu,Fri
19:29:21,56,Milwaukee,,Mon,Tue,Wed,Thu,Fri
21:08:40,124,Navy Pier,,Sat
11:19:21,56,Milwaukee,,Mon,Tue,Wed,Thu,Fri
15:28:23,56,Milwaukee,,Mon,Tue,Wed,Thu,Fri
17:02:58,56,Milwaukee,,Mon,Tue,Wed,Thu,Fri
15:40:23,56,Milwaukee,,Mon,Tue,Wed,Thu,Fri
07:48:17,J14,Jeffery Jump,,Mon,Tue,Wed,Thu,Fri
11:08:15,J14,Jeffery Jump,,Sat
11:05:14,J14,Jeffery Jump,,Sun
10:49:14,J14,Jeffery Jump,,Sat
17:07:20,56,Milwaukee,,Sat
12:47:21,20,Madison,,Mon,Tue,Wed,Thu,Fri
12:22:47,20,Madison,,Sun
00:56:49,20,Madison,,Sun
01:12:19,60,Blue Island/26th,,Sun
09:05:45,J14,Jeffery Jump,,Sun
13:49:49,20,Madison,,Sun
22:16:40,60,Blue Island/26th,,Mon,Tue,Wed,Thu,Fri
19:46:21,56,Milwaukee,,Mon,Tue,Wed,Thu,Fri
09:22:47,20,Madison,,Sun
07:08:47,J14,Jeffery Jump,,Mon,Tue,Wed,Thu,Fri
13:51:51,20,Madison,,Mon,Tue,Wed,Thu,Fri
12:27:21,20,Madison,,Mon,Tue,Wed,Thu,Fri
17:25:46,124,Navy Pier,,Mon,Tue,Wed,Thu,Fri
18:26:19,20,Madison,,Sat
12:25:16,J14,Jeffery Jump,,Sat
18:22:00,60,Blue Island/26th,,Mon,Tue,Wed,Thu,Fri
21:42:45,20,Madison,,Sun
07:52:40,60,Blue Island/26th,,Sat
09:11:51,124,Navy Pier,,Sun
18:05:48,20,Madison,,Mon,Tue,Wed,Thu,Fri
06:09:15,20,Madison,,Mon,Tue,Wed,Thu,Fri
15:14:21,20,Madison,,Mon,Tue,Wed,Thu,Fri
03:58:29,66,Chicago,,Sat
17:39:48,20,Madison,,Sun
23:41:15,20,Madison,,Sun
12:12:07,157,Streeterville/Taylor,,Mon,Tue,Wed,Thu,Fri
17:36:19,20,Madison,,Sat
19:24:44,J14,Jeffery Jump,,Sat
15:06:36,60,Blue Island/26th,,Sat
10:14:19,56,Milwaukee,,Sun
10:05:44,124,Navy Pier,,Sat
13:58:16,J14,Jeffery Jump,,Mon,Tue,Wed,Thu,Fri
18:34:43,J14,Jeffery Jump,,Sun
20:50:36,60,Blue Island/26th,,Mon,Tue,Wed,Thu,Fri
12:58:16,J14,Jeffery Jump,,Mon,Tue,Wed,Thu,Fri
01:41:49,20,Madison,,Tue,Wed,Thu,Fri,Sat
22:05:10,60,Blue Island/26th,,Sat
14:08:16,J14,Jeffery Jump,,Mon,Tue,Wed,Thu,Fri
13:04:21,20,Madison,,Mon,Tue,Wed,Thu,Fri
09:37:17,20,Madison,,Mon,Tue,Wed,Thu,Fri
18:38:47,20,Madison,,Sun
15:48:45,J14,Jeffery Jump,,Sun
21:35:14,J14,Jeffery Jump,,Mon,Tue,Wed,Thu,Fri
12:04:46,124,Navy Pier,,Sun
15:46:07,157,Streeterville/Taylor,,Mon,Tue,Wed,Thu,Fri
14:04:46,124,Navy Pier,,Sun
09:31:04,60,Blue Island/26th,,Mon,Tue,Wed,Thu,Fri
16:35:20,56,Milwaukee,,Sat
12:24:49,56,Milwaukee,,Sun
09:04:47,157,Streeterville/Taylor,,Mon,Tue,Wed,Thu,Fri
02:02:22,66,Chicago,,Tue,Wed,Thu,Fri,Sat
23:57:12,60,Blue Island/26th,,Sat
17:02:51,20,Madison,,Mon,Tue,Wed,Thu,Fri
13:40:15,J14,Jeffery Jump,,Sun
09:42:47,20,Madison,,Sun
19:39:42,60,Blue Island/26th,,Sun
09:46:20,56,Milwaukee,,Mon,Tue,Wed,Thu,Fri
16:34:32,124,Navy Pier,,Sat
06:18:34,60,Blue Island/26th,,Mon,Tue,Wed,Thu,Fri
17:00:10,124,Navy Pier,,Sun
20:44:49,56,Milwaukee,,Sat
12:44:23,56,Milwaukee,,Mon,Tue,Wed,Thu,Fri
17:23:20,56,Milwaukee,,Sat
22:40:49,124,Navy Pier,,Mon,Tue,Wed,Thu,Fri
13:54:07,157,Streeterville/Taylor,,Mon,Tue,Wed,Thu,Fri
17:25:42,157,Streeterville/Taylor,,Mon,Tue,Wed,Thu,Fri
07:56:32,60,Blue Island/26th,,Mon,Tue,Wed,Thu,Fri
22:15:15,20,Madison,,Sat
08:31:17,20,Madison,,Mon,Tue,Wed,Thu,Fri
20:14:44,J14,Jeffery Jump,,Sat
17:34:20,J14,Jeffery Jump,,Mon,Tue,Wed,Thu,Fri
21:46:06,157,Streeterville/Taylor,,Mon,Tue,Wed,Thu,Fri
08:46:56,124,Navy Pier,,Mon,Tue,Wed,Thu,Fri
17:44:32,124,Navy Pier,,Sat
13:21:19,20,Madison,,Sat
06:24:15,56,Milwaukee,,Sun
22:24:49,56,Milwaukee,,Sat
20:54:44,J14,Jeffery Jump,,Sat
07:58:17,20,Madison,,Sat
07:58:45,J14,Jeffery Jump,,Sun
13:20:04,60,Blue Island/26th,,Mon,Tue,Wed,Thu,Fri
22:18:40,124,Navy Pier,,Sat
09:20:40,60,Blue Island/26th,,Sun
09:30:40,60,Blue Island/26th,,Sun
11:14:06,60,Blue Island/26th,,Sat
17:51:38,60,Blue Island/26th,,Sun
12:49:07,124,Navy Pier,,Sat
06:27:04,60,Blue Island/26th,,Mon,Tue,Wed,Thu,Fri
04:11:49,20,Madison,,Mon,Tue,Wed,Thu,Fri
03:42:19,60,Blue Island/26th,,Mon,Tue,Wed,Thu,Fri
10:39:16,J14,Jeffery Jump,,Mon,Tue,Wed,Thu,Fri
13:15:14,J14,Jeffery Jump,,Sat
17:23:58,60,Blue Island/26th,,Mon,Tue,Wed,Thu,Fri
07:53:17,J14,Jeffery Jump,,Mon,Tue,Wed,Thu,Fri
22:56:15,20,Madison,,Sun
08:03:45,20,Madison,,Sun
20:58:15,20,Madison,,Sun
17:09:49,20,Madison,,Sun
20:30:36,60,Blue Island/26th,,Mon,Tue,Wed,Thu,Fri
15:09:03,124,Navy Pier,,Sat
09:11:40,60,Blue Island/26th,,Sun
14:15:19,20,Madison,,Sat
15:28:45,J14,Jeffery Jump,,Sun
20:47:06,157,Streeterville/Taylor,,Mon,Tue,Wed,Thu,Fri
14:33:19,20,Madison,,Sat
17:10:00,124,Navy Pier,,Sat
21:44:45,20,Madison,,Mon,Tue,Wed,Thu,Fri
10:49:16,J14,Jeffery Jump,,Mon,Tue,Wed,Thu,Fri
14:35:53,56,Milwaukee,,Mon,Tue,Wed,Thu,Fri
16:41:58,60,Blue Island/26th,,Mon,Tue,Wed,Thu,Fri
09:06:56,124,Navy Pier,,Mon,Tue,Wed,Thu,Fri
19:12:35,124,Navy Pier,,Sat
09:40:46,J14,Jeffery Jump,,Mon,Tue,Wed,Thu,Fri
13:20:15,J14,Jeffery Jump,,Sun
07:35:40,60,Blue Island/26th,,Sat
22:34:12,60,Blue Island/26th,,Mon,Tue,Wed,Thu,Fri
19:27:23,20,Madison,,Mon,Tue,Wed,Thu,Fri
14:58:16,J14,Jeffery Jump,,Mon,Tue,Wed,Thu,Fri
22:03:13,J14,Jeffery Jump,,Mon,Tue,Wed,Thu,Fri
07:33:53,56,Milwaukee,,Mon,Tue,Wed,Thu,Fri
10:25:04,60,Blue Island/26th,,Mon,Tue,Wed,Thu,Fri
05:46:15,J14,Jeffery Jump,,Mon,Tue,Wed,Thu,Fri
16:37:49,56,Milwaukee,,Sun
13:19:49,20,Madison,,Sun
11:47:49,56,Milwaukee,,Sun
18:18:35,124,Navy Pier,,Sat
22:22:43,J14,Jeffery Jump,,Mon,Tue,Wed,Thu,Fri
13:48:45,J14,Jeffery Jump,,Sun
10:20:40,60,Blue Island/26th,,Sun
10:39:19,20,Madison,,Sat
05:58:15,20,Madison,,Sun
06:24:15,56,Milwaukee,,Sun
19:57:14,J14,Jeffery Jump,,Mon,Tue,Wed,Thu,Fri
19:28:48,20,Madison,,Mon,Tue,Wed,Thu,Fri
08:23:42,60,Blue Island/26th,,Sun
04:41:49,20,Madison,,Mon,Tue,Wed,Thu,Fri
14:11:07,157,Streeterville/Taylor,,Mon,Tue,Wed,Thu,Fri
15:44:10,124,Navy Pier,,Sun
08:48:53,56,Milwaukee,,Mon,Tue,Wed,Thu,Fri
07:42:47,J14,Jeffery Jump,,Mon,Tue,Wed,Thu,Fri
12:18:19,20,Madison,,Sat
01:11:49,20,Madison,,Sun
13:27:19,56,Milwaukee,,Sat
20:15:40,60,Blue Island/26th,,Sat
10:00:14,J14,Jeffery Jump,,Sat
09:12:47,124,Navy Pier,,Sat
01:32:22,66,Chicago,,Sun
07:58:53,56,Milwaukee,,Mon,Tue,Wed,Thu,Fri
16:45:50,J14,Jeffery Jump,,Mon,Tue,Wed,Thu,Fri
02:41:49,20,Madison,,Mon
05:36:46,J14,Jeffery Jump,,Mon,Tue,Wed,Thu,Fri
16:58:42,157,Streeterville/Taylor,,Mon,Tue,Wed,Thu,Fri
00:10:19,20,Madison,,Tue,Wed,Thu,Fri,Sat
10:39:14,J14,Jeffery Jump,,Sat
00:41:49,20,Madison,,Mon
10:30:44,124,Navy Pier,,Sat
22:39:53,124,Navy Pier,,Sun
16:14:17,157,Streeterville/Taylor,,Mon,Tue,Wed,Thu,Fri
07:35:40,60,Blue Island/26th,,Sat
16:42:51,20,Madison,,Mon,Tue,Wed,Thu,Fri
06:03:15,J14,Jeffery Jump,,Mon,Tue,Wed,Thu,Fri
10:19:14,J14,Jeffery Jump,,Sat
09:11:40,60,Blue Island/26th,,Sun
17:19:49,20,Madison,,Sun
18:52:00,60,Blue Island/26th,,Mon,Tue,Wed,Thu,Fri
08:15:08,60,Blue Island/26th,,Sat
21:02:42,J14,Jeffery Jump,,Sun
11:15:46,124,Navy Pier,,Sun
11:39:20,20,Madison,,Mon,Tue,Wed,Thu,Fri
12:12:07,157,Streeterville/Taylor,,Mon,Tue,Wed,Thu,Fri
15:54:19,20,Madison,,Sat
19:36:17,56,Milwaukee,,Sun
17:27:02,124,Navy Pier,,Sat
04:11:49,20,Madison,,Sat
17:44:49,56,Milwaukee,,Sun
22:18:40,124,Navy Pier,,Sat
13:40:15,J14,Jeffery Jump,,Sun
11:18:40,124,Navy Pier,,Sat
22:20:20,56,Milwaukee,,Mon,Tue,Wed,Thu,Fri
04:39:44,J14,Jeffery Jump,,Mon,Tue,Wed,Thu,Fri
08:21:17,20,Madison,,Mon,Tue,Wed,Thu,Fri
06:36:15,20,Madison,,Sun
14:02:02,124,Navy Pier,,Mon,Tue,Wed,Thu,Fri
09:25:19,56,Milwaukee,,Sat
11:29:17,56,Milwaukee,,Sun
08:06:23,56,Milwaukee,,Mon,Tue,Wed,Thu,Fri
06:49:47,J14,Jeffery Jump,,Mon,Tue,Wed,Thu,Fri
15:09:19,20,Madison,,Sat
16:56:08,60,Blue Island/26th,,Sat
01:41:49,20,Madison,,Sun
12:18:19,20,Madison,,Sat
20:51:49,124,Navy Pier,,Sun
15:17:49,56,Milwaukee,,Sun
11:14:06,60,Blue Island/26th,,Sat
07:12:27,157,Streeterville/Taylor,,Mon,Tue,Wed,Thu,Fri
20:09:42,60,Blue Island/26th,,Sun
15:42:21,20,Madison,,Mon,Tue,Wed,Thu,Fri
22:03:13,J14,Jeffery Jump,,Mon,Tue,Wed,Thu,Fri
12:43:19,56,Milwaukee,,Sun
02:12:19,60,Blue Island/26th,,Tue,Wed,Thu,Fri,Sat
11:25:14,J14,Jeffery Jump,,Sun
15:32:40,60,Blue Island/26th,,Sun
13:27:06,60,Blue Island/26th,,Sat
12:25:49,56,Milwaukee,,Sat
04:33:25,66,Chicago,,Sun
18:50:47,157,Streeterville/Taylor,,Mon,Tue,Wed,Thu,Fri
17:58:15,J14,Jeffery Jump,,Sat
10:24:49,56,Milwaukee,,Sat
20:28:47,20,Madison,,Sun
00:10:19,20,Madison,,Tue,Wed,Thu,Fri,Sat
14:53:40,60,Blue Island/26th,,Sun
21:15:44,J14,Jeffery Jump,,Mon,Tue,Wed,Thu,Fri
06:00:15,56,Milwaukee,,Sun
12:14:14,J14,Jeffery Jump,,Sun
08:50:57,157,Streeterville/Taylor,,Mon,Tue,Wed,Thu,Fri
21:38:20,56,Milwaukee,,Mon,Tue,Wed,Thu,Fri
17:01:38,60,Blue Island/26th,,Sun
14:59:49,20,Madison,,Sun
08:31:18,J14,Jeffery Jump,,Mon,Tue,Wed,Thu,Fri
08:52:10,60,Blue Island/26th,,Sun
09:11:17,20,Madison,,Mon,Tue,Wed,Thu,Fri
00:12:19,60,Blue Island/26th,,Tue,Wed,Thu,Fri,Sat
17:47:13,J14,Jeffery Jump,,Sun
11:58:17,J14,Jeffery Jump,,Mon,Tue,Wed,Thu,Fri
07:04:47,20,Madison,,Mon,Tue,Wed,Thu,Fri
08:04:47,20,Madison,,Mon,Tue,Wed,Thu,Fri
05:22:36,60,Blue Island/26th,,Mon,Tue,Wed,Thu,Fri
11:55:16,J14,Jeffery Jump,,Sat
20:40:36,60,Blue Island/26th,,Mon,Tue,Wed,Thu,Fri
09:42:47,20,Madison,,Sun
11:02:21,56,Milwaukee,,Mon,Tue,Wed,Thu,Fri
01:41:49,20,Madison,,Sun
20:34:44,J14,Jeffery Jump,,Sat
17:05:50,J14,Jeffery Jump,,Mon,Tue,Wed,Thu,Fri
19:42:42,J14,Jeffery Jump,,Sun
11:59:36,60,Blue Island/26th,,Sat
08:49:23,56,Milwaukee,,Mon,Tue,Wed,Thu,Fri
13:20:07,157,Streeterville/Taylor,,Mon,Tue,Wed,Thu,Fri
19:31:06,157,Streeterville/Taylor,,Mon,Tue,Wed,Thu,Fri
18:05:48,20,Madison,,Mon,Tue,Wed,Thu,Fri
17:38:16,J14,Jeffery Jump,,Sat
17:57:13,J14,Jeffery Jump,,Sun
04:41:49,20,Madison,,Sun
11:19:16,J14,Jeffery Jump,,Mon,Tue,Wed,Thu,Fri
09:23:34,60,Blue Island/26th,,Mon,Tue,Wed,Thu,Fri
07:43:45,J14,Jeffery Jump,,Sun
07:54:42,157,Streeterville/Taylor,,Mon,Tue,Wed,Thu,Fri
09:30:08,60,Blue Island/26th,,Sat
17:52:28,60,Blue Island/26th,,Mon,Tue,Wed,Thu,Fri
08:52:47,20,Madison,,Sun
19:27:14,J14,Jeffery Jump,,Mon,Tue,Wed,Thu,Fri
16:17:32,124,Navy Pier,,Sat
20:30:36,60,Blue Island/26th,,Mon,Tue,Wed,Thu,Fri
05:12:19,60,Blue Island/26th,,Sun
05:10:49,20,Madison,,Sat
10:12:47,20,Madison,,Sun
17:48:20,20,Madison,,Mon,Tue,Wed,Thu,Fri
12:57:36,60,Blue Island/26th,,Sat
20:32:42,J14,Jeffery Jump,,Sun
19:48:51,20,Madison,,Mon,Tue,Wed,Thu,Fri
18:10:10,60,Blue Island/26th,,Sun
05:07:45,J14,Jeffery Jump,,Mon,Tue,Wed,Thu,Fri
22:39:53,124,Navy Pier,,Sun
09:12:19,20,Madison,,Sat
15:39:49,20,Madison,,Sun
16:59:49,20,Madison,,Sun
17:58:15,J14,Jeffery Jump,,Sat
21:22:45,56,Milwaukee,,Sun
14:28:16,J14,Jeffery Jump,,Mon,Tue,Wed,Thu,Fri
01:41:49,20,Madison,,Mon
13:20:15,J14,Jeffery Jump,,Sun
08:38:16,56,Milwaukee,,Sun
10:19:19,20,Madison,,Sat
18:18:48,20,Madison,,Mon,Tue,Wed,Thu,Fri
20:47:06,157,Streeterville/Taylor,,Mon,Tue,Wed,Thu,Fri
18:02:02,124,Navy Pier,,Sat
08:41:17,20,Madison,,Mon,Tue,Wed,Thu,Fri
17:32:58,60,Blue Island/26th,,Mon,Tue,Wed,Thu,Fri
13:48:19,20,Madison,,Sat
11:07:10,60,Blue Island/26th,,Sun
11:57:21,20,Madison,,Mon,Tue,Wed,Thu,Fri
21:40:42,60,Blue Island/26th,,Sun
23:09:45,20,Madison,,Mon,Tue,Wed,Thu,Fri
21:10:15,20,Madison,,Sun
16:27:18,J14,Jeffery Jump,,Mon,Tue,Wed,Thu,Fri
20:28:49,20,Madison,,Mon,Tue,Wed,Thu,Fri
09:45:17,56,Milwaukee,,Sat
16:48:44,J14,Jeffery Jump,,Sun
16:42:51,20,Madison,,Mon,Tue,Wed,Thu,Fri
19:09:42,124,Navy Pier,,Sun
23:41:15,20,Madison,,Sat
20:55:40,60,Blue Island/26th,,Sat
16:26:36,60,Blue Island/26th,,Sat
13:34:23,56,Milwaukee,,Mon,Tue,Wed,Thu,Fri
15:42:15,J14,Jeffery Jump,,Sat
12:53:40,60,Blue Island/26th,,Sun
13:20:07,157,Streeterville/Taylor,,Mon,Tue,Wed,Thu,Fri
20:29:42,60,Blue Island/26th,,Sun
15:33:49,56,Milwaukee,,Sun
19:49:35,124,Navy Pier,,Sat
21:57:15,20,Madison,,Sun
11:28:17,J14,Jeffery Jump,,Mon,Tue,Wed,Thu,Fri
21:04:49,56,Milwaukee,,Sat
16:39:19,20,Madison,,Sat
14:52:03,124,Navy Pier,,Sat
01:32:22,66,Chicago,,Mon
10:40:40,60,Blue Island/26th,,Sun
18:58:47,20,Madison,,Sun
12:18:17,J14,Jeffery Jump,,Mon,Tue,Wed,Thu,Fri
15:49:49,20,Madison,,Sun
10:50:05,124,Navy Pier,,Mon,Tue,Wed,Thu,Fri
10:59:19,20,Madison,,Sat
15:32:32,157,Streeterville/Taylor,,Mon,Tue,Wed,Thu,Fri
11:36:21,56,Milwaukee,,Mon,Tue,Wed,Thu,Fri
13:09:49,20,Madison,,Sun
16:11:58,124,Navy Pier,,Mon,Tue,Wed,Thu,Fri
13:37:07,157,Streeterville/Taylor,,Mon,Tue,Wed,Thu,Fri
08:22:49,20,Madison,,Sat
13:35:47,56,Milwaukee,,Sun
02:12:19,60,Blue Island/26th,,Tue,Wed,Thu,Fri,Sat
10:44:19,56,Milwaukee,,Sat
20:04:44,J14,Jeffery Jump,,Sat
20:29:42,60,Blue Island/26th,,Sun
19:42:42,J14,Jeffery Jump,,Sun
13:10:44,J14,Jeffery Jump,,Sun
09:32:57,157,Streeterville/Taylor,,Mon,Tue,Wed,Thu,Fri
14:27:20,56,Milwaukee,,Sat
21:17:15,20,Madison,,Sat
23:54:45,20,Madison,,Mon,Tue,Wed,Thu,Fri
17:23:58,60,Blue Island/26th,,Mon,Tue,Wed,Thu,Fri
04:42:19,60,Blue Island/26th,,Sun
18:44:19,20,Madison,,Sat
06:56:20,56,Milwaukee,,Mon,Tue,Wed,Thu,Fri
07:58:47,20,Madison,,Mon,Tue,Wed,Thu,Fri
14:48:16,J14,Jeffery Jump,,Mon,Tue,Wed,Thu,Fri
16:47:28,56,Milwaukee,,Mon,Tue,Wed,Thu,Fri
09:12:47,20,Madison,,Sun
15:19:34,60,Blue Island/26th,,Mon,Tue,Wed,Thu,Fri
00:25:19,20,Madison,,Tue,Wed,Thu,Fri,Sat
08:44:47,20,Madison,,Sun
17:26:19,20,Madison,,Sat
07:14:15,20,Madison,,Sun
14:04:46,124,Navy Pier,,Sun
13:56:34,60,Blue Island/26th,,Mon,Tue,Wed,Thu,Fri
19:58:47,20,Madison,,Sun
07:19:14,60,Blue Island/26th,,Sun
04:42:19,60,Blue Island/26th,,Sat
05:42:19,60,Blue Island/26th,,Sun
13:23:40,60,Blue Island/26th,,Sun
12:31:18,20,Madison,,Sun
12:19:06,60,Blue Island/26th,,Sat
11:59:19,20,Madison,,Sat
21:06:15,J14,Jeffery Jump,,Mon,Tue,Wed,Thu,Fri
15:02:37,157,Streeterville/Taylor,,Mon,Tue,Wed,Thu,Fri
18:36:35,124,Navy Pier,,Sat
10:02:17,157,Streeterville/Taylor,,Mon,Tue,Wed,Thu,Fri
09:26:17,20,Madison,,Mon,Tue,Wed,Thu,Fri
06:49:47,J14,Jeffery Jump,,Mon,Tue,Wed,Thu,Fri
07:55:16,56,Milwaukee,,Sun
08:16:32,60,Blue Island/26th,,Mon,Tue,Wed,Thu,Fri
21:12:42,J14,Jeffery Jump,,Sun
18:07:13,J14,Jeffery Jump,,Sun
15:33:49,56,Milwaukee,,Sun
17:54:19,20,Madison,,Mon,Tue,Wed,Thu,Fri
14:28:17,56,Milwaukee,,Sun
16:02:15,J14,Jeffery Jump,,Sat
20:27:14,J14,Jeffery Jump,,Mon,Tue,Wed,Thu,Fri
08:37:18,J14,Jeffery Jump,,Mon,Tue,Wed,Thu,Fri
15:18:45,J14,Jeffery Jump,,Sun
15:43:03,124,Navy Pier,,Sat
20:33:19,20,Madison,,Sat
07:10:16,56,Milwaukee,,Sun
11:29:19,20,Madison,,Sat
15:57:32,60,Blue Island/26th,,Mon,Tue,Wed,Thu,Fri
10:05:19,56,Milwaukee,,Sat
15:42:40,60,Blue Island/26th,,Sun
07:02:45,J14,Jeffery Jump,,Sat
22:22:43,J14,Jeffery Jump,,Mon,Tue,Wed,Thu,Fri
20:08:47,20,Madison,,Sun
17:17:51,20,Madison,,Mon,Tue,Wed,Thu,Fri
05:38:15,20,Madison,,Sun
07:32:47,J14,Jeffery Jump,,Mon,Tue,Wed,Thu,Fri
12:05:16,J14,Jeffery Jump,,Sat
01:12:19,60,Blue Island/26th,,Sun
07:42:17,20,Madison,,Sat
08:24:38,60,Blue Island/26th,,Sat
03:01:25,66,Chicago,,Mon
16:01:40,60,Blue Island/26th,,Sun
13:43:51,20,Madison,,Mon,Tue,Wed,Thu,Fri
11:22:47,20,Madison,,Sun
11:42:34,60,Blue Island/26th,,Mon,Tue,Wed,Thu,Fri
08:23:53,56,Milwaukee,,Mon,Tue,Wed,Thu,Fri
20:46:44,J14,Jeffery Jump,,Mon,Tue,Wed,Thu,Fri
17:25:46,124,Navy Pier,,Mon,Tue,Wed,Thu,Fri
08:09:32,60,Blue Island/26th,,Mon,Tue,Wed,Thu,Fri
16:37:51,20,Madison,,Mon,Tue,Wed,Thu,Fri
21:25:44,J14,Jeffery Jump,,Mon,Tue,Wed,Thu,Fri
08:42:10,60,Blue Island/26th,,Sun
13:12:19,20,Madison,,Sat
23:26:15,20,Madison,,Sun
11:03:34,60,Blue Island/26th,,Mon,Tue,Wed,Thu,Fri
19:10:18,20,Madison,,Mon,Tue,Wed,Thu,Fri
16:01:40,60,Blue Island/26th,,Sun
18:34:18,20,Madison,,Mon,Tue,Wed,Thu,Fri
16:18:44,J14,Jeffery Jump,,Sun
22:05:10,60,Blue Island/26th,,Sat
16:53:49,56,Milwaukee,,Sun
15:46:07,157,Streeterville/Taylor,,Mon,Tue,Wed,Thu,Fri
21:47:10,60,Blue Island/26th,,Sat
08:19:48,J14,Jeffery Jump,,Mon,Tue,Wed,Thu,Fri
21:10:15,20,Madison,,Sun
17:08:44,J14,Jeffery Jump,,Sun
23:56:15,20,Madison,,Sun
15:09:19,20,Madison,,Sat
10:05:15,J14,Jeffery Jump,,Sun
15:09:03,124,Navy Pier,,Sat
14:28:17,56,Milwaukee,,Sun
20:07:39,124,Navy Pier,,Sat
12:04:44,J14,Jeffery Jump,,Sun
20:28:06,157,Streeterville/Taylor,,Mon,Tue,Wed,Thu,Fri
08:30:14,J14,Jeffery Jump,,Sat
16:06:36,60,Blue Island/26th,,Sat
19:27:23,20,Madison,,Mon,Tue,Wed,Thu,Fri
17:41:38,60,Blue Island/26th,,Sun
11:44:05,124,Navy Pier,,Mon,Tue,Wed,Thu,Fri
13:16:46,124,Navy Pier,,Sun
20:38:48,20,Madison,,Mon,Tue,Wed,Thu,Fri
15:21:21,20,Madison,,Mon,Tue,Wed,Thu,Fri
19:39:42,60,Blue Island/26th,,Sun
13:34:15,J14,Jeffery Jump,,Sat
04:42:19,60,Blue Island/26th,,Sat
13:06:37,124,Navy Pier,,Sat
23:09:45,20,Madison,,Mon,Tue,Wed,Thu,Fri
05:59:15,20,Madison,,Mon,Tue,Wed,Thu,Fri
20:45:40,60,Blue Island/26th,,Sat
17:33:58,56,Milwaukee,,Mon,Tue,Wed,Thu,Fri
09:45:17,56,Milwaukee,,Sat
17:19:49,20,Madison,,Sun
20:01:04,60,Blue Island/26th,,Mon,Tue,Wed,Thu,Fri
21:00:36,60,Blue Island/26th,,Mon,Tue,Wed,Thu,Fri
17:02:51,20,Madison,,Mon,Tue,Wed,Thu,Fri
17:06:08,60,Blue Island/26th,,Sat
12:42:14,J14,Jeffery Jump,,Sun
07:54:42,157,Streeterville/Taylor,,Mon,Tue,Wed,Thu,Fri
17:51:02,157,Streeterville/Taylor,,Mon,Tue,Wed,Thu,Fri
11:17:05,124,Navy Pier,,Mon,Tue,Wed,Thu,Fri
19:33:19,20,Madison,,Sat
05:27:46,J14,Jeffery Jump,,Mon,Tue,Wed,Thu,Fri
15:58:45,J14,Jeffery Jump,,Sun
20:42:42,J14,Jeffery Jump,,Sun
15:48:04,60,Blue Island/26th,,Mon,Tue,Wed,Thu,Fri
08:10:17,20,Madison,,Mon,Tue,Wed,Thu,Fri
19:15:40,60,Blue Island/26th,,Sat
18:44:19,20,Madison,,Sat
17:17:58,56,Milwaukee,,Mon,Tue,Wed,Thu,Fri
21:04:49,56,Milwaukee,,Sat
14:16:36,60,Blue Island/26th,,Sat
07:54:23,56,Milwaukee,,Mon,Tue,Wed,Thu,Fri
16:12:15,J14,Jeffery Jump,,Sat
13:15:14,J14,Jeffery Jump,,Sat
18:26:18,20,Madison,,Mon,Tue,Wed,Thu,Fri
13:53:40,60,Blue Island/26th,,Sun
19:53:19,20,Madison,,Sat
03:41:49,20,Madison,,Sun
14:25:04,60,Blue Island/26th,,Mon,Tue,Wed,Thu,Fri
21:29:14,124,Navy Pier,,Mon,Tue,Wed,Thu,Fri
14:45:49,56,Milwaukee,,Sun
16:50:28,60,Blue Island/26th,,Mon,Tue,Wed,Thu,Fri
04:39:44,J14,Jeffery Jump,,Mon,Tue,Wed,Thu,Fri
06:42:16,J14,Jeffery Jump,,Mon,Tue,Wed,Thu,Fri
14:11:50,56,Milwaukee,,Sat
11:38:10,124,Navy Pier,,Sat
00:42:19,60,Blue Island/26th,,Sun
12:31:37,124,Navy Pier,,Sat