arrival_time,route_short_name,route_long_name,headsign,service_days
23:35:29,151,Sheridan,,Sun
11:43:36,6,Jackson Park Express,,Sat
07:56:52,3,King Drive,,Sat
19:42:06,6,Jackson Park Express,,Sat
11:31:51,151,Sheridan,,Sun
13:43:59,151,Sheridan,,Mon,Tue,Wed,Thu,Fri
09:20:55,6,Jackson Park Express,,Sat
22:10:52,3,King Drive,,Sun
13:07:59,151,Sheridan,,Mon,Tue,Wed,Thu,Fri
06:31:56,3,King Drive,,Sat
15:53:03,20,Madison,,Mon,Tue,Wed,Thu,Fri
04:43:44,6,Jackson Park Express,,Mon,Tue,Wed,Thu,Fri
21:43:43,3,King Drive,,Sat
15:03:42,147,Outer DuSable Lake Shore Express,,Sat
21:19:47,147,Outer DuSable Lake Shore Express,,Sat
13:11:25,26,South Shore Express,,Mon,Tue,Wed,Thu,Fri
10:40:56,157,Streeterville/Taylor,,Mon,Tue,Wed,Thu,Fri
16:57:36,6,Jackson Park Express,,Sat
10:13:21,151,Sheridan,,Sat
07:19:47,147,Outer DuSable Lake Shore Express,,Mon,Tue,Wed,Thu,Fri
23:34:21,151,Sheridan,,Sat
06:03:19,147,Outer DuSable Lake Shore Express,,Mon,Tue,Wed,Thu,Fri
09:27:12,157,Streeterville/Taylor,,Mon,Tue,Wed,Thu,Fri
06:41:47,3,King Drive,,Mon,Tue,Wed,Thu,Fri
09:16:16,147,Outer DuSable Lake Shore Express,,Mon,Tue,Wed,Thu,Fri
07:26:02,20,Madison,,Mon,Tue,Wed,Thu,Fri
15:47:33,20,Madison,,Mon,Tue,Wed,Thu,Fri
11:38:47,6,Jackson Park Express,,Sun
12:38:45,147,Outer DuSable Lake Shore Express,,Sat
18:23:43,147,Outer DuSable Lake Shore Express,,Mon,Tue,Wed,Thu,Fri
19:55:43,3,King Drive,,Mon,Tue,Wed,Thu,Fri
10:43:41,151,Sheridan,,Mon,Tue,Wed,Thu,Fri
12:05:50,3,King Drive,,Sat
13:30:22,157,Streeterville/Taylor,,Mon,Tue,Wed,Thu,Fri
10:36:16,147,Outer DuSable Lake Shore Express,,Mon,Tue,Wed,Thu,Fri
11:50:46,147,Outer DuSable Lake Shore Express,,Sat
20:54:16,147,Outer DuSable Lake Shore Express,,Mon,Tue,Wed,Thu,Fri
07:42:17,6,Jackson Park Express,,Mon,Tue,Wed,Thu,Fri
08:18:03,20,Madison,,Mon,Tue,Wed,Thu,Fri
13:59:08,3,King Drive,,Mon,Tue,Wed,Thu,Fri
23:21:17,147,Outer DuSable Lake Shore Express,,Mon,Tue,Wed,Thu,Fri
17:20:46,147,Outer DuSable Lake Shore Express,,Sun
19:35:08,147,Outer DuSable Lake Shore Express,,Mon,Tue,Wed,Thu,Fri
02:12:16,66,Chicago,,Sun
18:49:19,151,Sheridan,,Sun
19:08:45,147,Outer DuSable Lake Shore Express,,Sat
23:25:59,151,Sheridan,,Mon,Tue,Wed,Thu,Fri
07:55:19,147,Outer DuSable Lake Shore Express,,Sun
09:30:09,151,Sheridan,,Mon,Tue,Wed,Thu,Fri
14:58:09,151,Sheridan,,Sun
08:10:01,151,Sheridan,,Sun
15:01:22,157,Streeterville/Taylor,,Mon,Tue,Wed,Thu,Fri
18:47:28,6,Jackson Park Express,,Sat
16:50:23,20,Madison,,Mon,Tue,Wed,Thu,Fri
17:50:46,147,Outer DuSable Lake Shore Express,,Sun
20:17:19,151,Sheridan,,Sat
20:49:44,6,Jackson Park Express,,Mon,Tue,Wed,Thu,Fri
15:47:17,6,Jackson Park Express,,Sun
09:45:17,3,King Drive,,Sun
15:48:46,147,Outer DuSable Lake Shore Express,,Sun
11:29:08,3,King Drive,,Sun
18:18:29,3,King Drive,,Sat
13:08:04,3,King Drive,,Sun
16:31:45,147,Outer DuSable Lake Shore Express,,Sun
22:17:56,151,Sheridan,,Sun
18:56:34,3,King Drive,,Mon,Tue,Wed,Thu,Fri
20:43:26,151,Sheridan,,Sun
11:37:06,6,Jackson Park Express,,Sun
17:08:11,143,Stockton/Michigan Express,,Mon,Tue,Wed,Thu,Fri
11:24:06,6,Jackson Park Express,,Sat
10:10:57,26,South Shore Express,,Mon,Tue,Wed,Thu,Fri
07:16:25,6,Jackson Park Express,,Sun
12:31:59,151,Sheridan,,Mon,Tue,Wed,Thu,Fri
24:27:36,6,Jackson Park Express,,Sat
17:55:03,147,Outer DuSable Lake Shore Express,,Mon,Tue,Wed,Thu,Fri
09:48:43,3,King Drive,,Sat
01:11:01,151,Sheridan,,Sun
11:25:14,151,Sheridan,,Sat
17:56:58,6,Jackson Park Express,,Sat
21:16:38,3,King Drive,,Sat
08:36:26,3,King Drive,,Sun
05:33:36,6,Jackson Park Express,,Mon,Tue,Wed,Thu,Fri
06:17:06,6,Jackson Park Express,,Mon,Tue,Wed,Thu,Fri
16:53:25,3,King Drive,,Sun
19:11:07,6,Jackson Park Express,,Mon,Tue,Wed,Thu,Fri
23:23:43,3,King Drive,,Sat
14:44:59,151,Sheridan,,Sat
16:58:19,157,Streeterville/Taylor,,Mon,Tue,Wed,Thu,Fri
17:27:11,151,Sheridan,,Mon,Tue,Wed,Thu,Fri
14:43:29,151,Sheridan,,Mon,Tue,Wed,Thu,Fri
16:54:36,6,Jackson Park Express,,Mon,Tue,Wed,Thu,Fri
08:25:25,6,Jackson Park Express,,Sun
10:56:56,157,Streeterville/Taylor,,Mon,Tue,Wed,Thu,Fri
06:10:31,151,Sheridan,,Mon,Tue,Wed,Thu,Fri
23:10:56,151,Sheridan,,Mon,Tue,Wed,Thu,Fri
17:48:25,3,King Drive,,Sun
09:45:48,147,Outer DuSable Lake Shore Express,,Sun
15:05:16,147,Outer DuSable Lake Shore Express,,Sun
15:39:11,3,King Drive,,Sat
11:55:43,3,King Drive,,Mon,Tue,Wed,Thu,Fri
04:12:24,66,Chicago,,Sat
16:22:29,151,Sheridan,,Sat
06:41:47,3,King Drive,,Mon,Tue,Wed,Thu,Fri
16:21:15,147,Outer DuSable Lake Shore Express,,Sun
12:17:43,3,King Drive,,Mon,Tue,Wed,Thu,Fri
14:13:11,3,King Drive,,Sat
15:14:25,3,King Drive,,Sun
15:42:28,6,Jackson Park Express,,Sat
18:56:34,3,King Drive,,Mon,Tue,Wed,Thu,Fri
05:40:25,6,Jackson Park Express,,Sun
15:48:24,151,Sheridan,,Mon,Tue,Wed,Thu,Fri
18:23:11,151,Sheridan,,Sat
17:11:42,147,Outer DuSable Lake Shore Express,,Sat
14:11:43,147,Outer DuSable Lake Shore Express,,Sat
16:26:42,147,Outer DuSable Lake Shore Express,,Mon,Tue,Wed,Thu,Fri
13:48:13,147,Outer DuSable Lake Shore Express,,Mon,Tue,Wed,Thu,Fri
09:24:48,147,Outer DuSable Lake Shore Express,,Sat
11:50:06,6,Jackson Park Express,,Sun
06:55:32,157,Streeterville/Taylor,,Mon,Tue,Wed,Thu,Fri
18:10:46,147,Outer DuSable Lake Shore Express,,Sun
08:49:08,3,King Drive,,Mon,Tue,Wed,Thu,Fri
21:06:44,6,Jackson Park Express,,Mon,Tue,Wed,Thu,Fri
17:08:14,151,Sheridan,,Sun
12:15:06,151,Sheridan,,Sat
12:00:15,147,Outer DuSable Lake Shore Express,,Mon,Tue,Wed,Thu,Fri
07:17:14,6,Jackson Park Express,,Mon,Tue,Wed,Thu,Fri
14:39:04,3,King Drive,,Sun
11:06:38,3,King Drive,,Sat
18:58:23,20,Madison,,Mon,Tue,Wed,Thu,Fri
09:35:20,26,South Shore Express,,Mon,Tue,Wed,Thu,Fri
07:19:47,147,Outer DuSable Lake Shore Express,,Mon,Tue,Wed,Thu,Fri
19:26:37,6,Jackson Park Express,,Mon,Tue,Wed,Thu,Fri
13:36:46,147,Outer DuSable Lake Shore Express,,Sun
14:21:28,6,Jackson Park Express,,Sat
12:23:21,151,Sheridan,,Sun
21:43:43,3,King Drive,,Sat
13:05:36,6,Jackson Park Express,,Sun
19:25:46,147,Outer DuSable Lake Shore Express,,Mon,Tue,Wed,Thu,Fri
12:04:19,157,Streeterville/Taylor,,Mon,Tue,Wed,Thu,Fri
09:33:17,6,Jackson Park Express,,Sat
24:02:14,6,Jackson Park Express,,Mon,Tue,Wed,Thu,Fri
20:55:21,151,Sheridan,,Mon,Tue,Wed,Thu,Fri
14:03:13,147,Outer DuSable Lake Shore Express,,Sat
16:37:46,151,Sheridan,,Mon,Tue,Wed,Thu,Fri
16:03:04,3,King Drive,,Mon,Tue,Wed,Thu,Fri
17:50:46,3,King Drive,,Sat
21:05:22,3,King Drive,,Mon,Tue,Wed,Thu,Fri
13:17:13,147,Outer DuSable Lake Shore Express,,Sat
22:28:43,3,King Drive,,Sat
19:44:18,147,Outer DuSable Lake Shore Express,,Sun
05:56:52,3,King Drive,,Mon,Tue,Wed,Thu,Fri
19:55:43,3,King Drive,,Mon,Tue,Wed,Thu,Fri
09:11:43,3,King Drive,,Sat
21:11:12,157,Streeterville/Taylor,,Mon,Tue,Wed,Thu,Fri
21:00:36,6,Jackson Park Express,,Mon,Tue,Wed,Thu,Fri
14:34:27,26,South Shore Express,,Mon,Tue,Wed,Thu,Fri
22:56:59,151,Sheridan,,Sun
01:18:01,151,Sheridan,,Tue,Wed,Thu,Fri,Sat
12:31:59,151,Sheridan,,Mon,Tue,Wed,Thu,Fri
21:04:48,147,Outer DuSable Lake Shore Express,,Sun
20:00:16,147,Outer DuSable Lake Shore Express,,Mon,Tue,Wed,Thu,Fri
20:24:46,151,Sheridan,,Mon,Tue,Wed,Thu,Fri
17:17:43,147,Outer DuSable Lake Shore Express,,Sat
23:01:19,147,Outer DuSable Lake Shore Express,,Sun
11:06:39,151,Sheridan,,Mon,Tue,Wed,Thu,Fri
16:42:36,6,Jackson Park Express,,Mon,Tue,Wed,Thu,Fri
16:17:46,151,Sheridan,,Mon,Tue,Wed,Thu,Fri
08:25:42,157,Streeterville/Taylor,,Mon,Tue,Wed,Thu,Fri
13:04:08,3,King Drive,,Mon,Tue,Wed,Thu,Fri
06:52:56,3,King Drive,,Sun
09:02:17,26,South Shore Express,,Mon,Tue,Wed,Thu,Fri
19:57:48,147,Outer DuSable Lake Shore Express,,Sun
04:42:24,66,Chicago,,Sun
11:44:43,3,King Drive,,Mon,Tue,Wed,Thu,Fri
21:54:55,6,Jackson Park Express,,Sun
15:00:59,151,Sheridan,,Sat
15:47:25,3,King Drive,,Sun
18:08:53,20,Madison,,Mon,Tue,Wed,Thu,Fri
08:59:43,3,King Drive,,Sat
06:51:22,20,Madison,,Mon,Tue,Wed,Thu,Fri
21:39:47,147,Outer DuSable Lake Shore Express,,Sat
23:49:59,151,Sheridan,,Sat
07:16:22,20,Madison,,Mon,Tue,Wed,Thu,Fri
07:31:25,6,Jackson Park Express,,Sat
12:56:07,6,Jackson Park Express,,Mon,Tue,Wed,Thu,Fri
23:25:59,151,Sheridan,,Mon,Tue,Wed,Thu,Fri
13:27:43,147,Outer DuSable Lake Shore Express,,Sat
05:13:56,3,King Drive,,Sat
18:26:15,147,Outer DuSable Lake Shore Express,,Sat
15:25:22,157,Streeterville/Taylor,,Mon,Tue,Wed,Thu,Fri
17:58:20,3,King Drive,,Sat
09:56:16,147,Outer DuSable Lake Shore Express,,Mon,Tue,Wed,Thu,Fri
13:19:59,151,Sheridan,,Mon,Tue,Wed,Thu,Fri
22:55:54,151,Sheridan,,Mon,Tue,Wed,Thu,Fri
09:56:16,147,Outer DuSable Lake Shore Express,,Mon,Tue,Wed,Thu,Fri
12:54:16,151,Sheridan,,Sun
08:43:03,20,Madison,,Mon,Tue,Wed,Thu,Fri
16:20:23,20,Madison,,Mon,Tue,Wed,Thu,Fri
13:15:08,3,King Drive,,Mon,Tue,Wed,Thu,Fri
08:19:49,147,Outer DuSable Lake Shore Express,,Sat
15:04:42,20,Madison,,Mon,Tue,Wed,Thu,Fri
22:43:43,3,King Drive,,Sat
05:33:56,3,King Drive,,Sat
17:50:46,147,Outer DuSable Lake Shore Express,,Sun
23:12:56,3,King Drive,,Mon,Tue,Wed,Thu,Fri
21:58:43,3,King Drive,,Sat
17:44:45,147,Outer DuSable Lake Shore Express,,Sat
10:46:46,147,Outer DuSable Lake Shore Express,,Sat
05:34:05,26,South Shore Express,,Mon,Tue,Wed,Thu,Fri
09:11:48,147,Outer DuSable Lake Shore Express,,Sun
14:10:08,3,King Drive,,Mon,Tue,Wed,Thu,Fri
09:56:48,147,Outer DuSable Lake Shore Express,,Sat
16:36:42,147,Outer DuSable Lake Shore Express,,Mon,Tue,Wed,Thu,Fri
18:40:53,20,Madison,,Mon,Tue,Wed,Thu,Fri
16:03:23,20,Madison,,Mon,Tue,Wed,Thu,Fri
03:42:24,66,Chicago,,Sat
20:55:22,3,King Drive,,Mon,Tue,Wed,Thu,Fri
14:57:43,147,Outer DuSable Lake Shore Express,,Mon,Tue,Wed,Thu,Fri
21:12:22,3,King Drive,,Sun
12:06:47,6,Jackson Park Express,,Mon,Tue,Wed,Thu,Fri
19:22:13,3,King Drive,,Sun
12:23:46,157,Streeterville/Taylor,,Mon,Tue,Wed,Thu,Fri
02:12:16,66,Chicago,,Sun
19:19:43,3,King Drive,,Mon,Tue,Wed,Thu,Fri
15:19:26,151,Sheridan,,Mon,Tue,Wed,Thu,Fri
21:19:47,147,Outer DuSable Lake Shore Express,,Sat
07:52:33,20,Madison,,Mon,Tue,Wed,Thu,Fri
13:03:46,147,Outer DuSable Lake Shore Express,,Sun
06:21:34,151,Sheridan,,Sat
16:57:42,147,Outer DuSable Lake Shore Express,,Sat
07:47:47,147,Outer DuSable Lake Shore Express,,Mon,Tue,Wed,Thu,Fri
20:06:47,147,Outer DuSable Lake Shore Express,,Sat
22:01:49,147,Outer DuSable Lake Shore Express,,Sun
11:06:39,151,Sheridan,,Mon,Tue,Wed,Thu,Fri
19:35:04,3,King Drive,,Sat
22:13:43,3,King Drive,,Sat
03:12:07,66,Chicago,,Sat
21:25:54,151,Sheridan,,Mon,Tue,Wed,Thu,Fri
07:15:04,151,Sheridan,,Sun
16:38:29,151,Sheridan,,Sat
09:43:55,6,Jackson Park Express,,Sat
17:10:29,3,King Drive,,Mon,Tue,Wed,Thu,Fri
15:04:06,6,Jackson Park Express,,Mon,Tue,Wed,Thu,Fri
07:13:51,151,Sheridan,,Mon,Tue,Wed,Thu,Fri
09:09:42,157,Streeterville/Taylor,,Mon,Tue,Wed,Thu,Fri
08:33:59,151,Sheridan,,Sat
10:26:38,3,King Drive,,Sat
19:54:11,151,Sheridan,,Mon,Tue,Wed,Thu,Fri
18:43:15,147,Outer DuSable Lake Shore Express,,Sat
17:38:14,151,Sheridan,,Sun
05:21:52,3,King Drive,,Mon,Tue,Wed,Thu,Fri
17:21:29,3,King Drive,,Mon,Tue,Wed,Thu,Fri
15:57:11,3,King Drive,,Sat
08:55:01,151,Sheridan,,Sun
22:50:52,3,King Drive,,Sun
13:54:43,147,Outer DuSable Lake Shore Express,,Sat
17:47:13,151,Sheridan,,Mon,Tue,Wed,Thu,Fri
20:19:36,6,Jackson Park Express,,Sat
13:13:22,157,Streeterville/Taylor,,Mon,Tue,Wed,Thu,Fri
18:40:46,147,Outer DuSable Lake Shore Express,,Sun
16:27:28,6,Jackson Park Express,,Sat
12:02:21,151,Sheridan,,Sun
14:37:29,151,Sheridan,,Sat
19:18:09,151,Sheridan,,Mon,Tue,Wed,Thu,Fri
18:27:29,3,King Drive,,Mon,Tue,Wed,Thu,Fri
19:45:19,151,Sheridan,,Sun
15:19:33,147,Outer DuSable Lake Shore Express,,Mon,Tue,Wed,Thu,Fri
12:54:36,6,Jackson Park Express,,Sat
15:25:25,3,King Drive,,Sun
19:08:13,3,King Drive,,Sun
19:21:48,147,Outer DuSable Lake Shore Express,,Sun
20:13:43,3,King Drive,,Mon,Tue,Wed,Thu,Fri
16:59:29,3,King Drive,,Mon,Tue,Wed,Thu,Fri
15:08:43,147,Outer DuSable Lake Shore Express,,Mon,Tue,Wed,Thu,Fri
15:01:06,6,Jackson Park Express,,Sat
16:15:23,20,Madison,,Mon,Tue,Wed,Thu,Fri
08:22:06,6,Jackson Park Express,,Mon,Tue,Wed,Thu,Fri
17:59:56,6,Jackson Park Express,,Sun
11:10:51,151,Sheridan,,Sun
11:25:14,151,Sheridan,,Sat
18:50:46,147,Outer DuSable Lake Shore Express,,Sun
16:15:11,3,King Drive,,Sat
16:42:03,147,Outer DuSable Lake Shore Express,,Mon,Tue,Wed,Thu,Fri
18:29:44,143,Stockton/Michigan Express,,Mon,Tue,Wed,Thu,Fri
08:40:01,151,Sheridan,,Sun
13:26:08,3,King Drive,,Mon,Tue,Wed,Thu,Fri
09:11:43,3,King Drive,,Sat
10:03:21,151,Sheridan,,Sat
13:31:59,151,Sheridan,,Mon,Tue,Wed,Thu,Fri
16:42:25,3,King Drive,,Sun
19:16:46,147,Outer DuSable Lake Shore Express,,Sat
15:40:59,151,Sheridan,,Sat
18:57:06,6,Jackson Park Express,,Sun
11:12:56,157,Streeterville/Taylor,,Mon,Tue,Wed,Thu,Fri
11:21:21,151,Sheridan,,Sun
24:05:29,151,Sheridan,,Sat
12:02:06,6,Jackson Park Express,,Mon,Tue,Wed,Thu,Fri
19:10:43,3,King Drive,,Mon,Tue,Wed,Thu,Fri
12:14:50,3,King Drive,,Sat
18:28:19,151,Sheridan,,Sun
11:11:43,3,King Drive,,Mon,Tue,Wed,Thu,Fri
09:14:17,26,South Shore Express,,Mon,Tue,Wed,Thu,Fri
14:43:36,6,Jackson Park Express,,Sat
11:42:47,6,Jackson Park Express,,Mon,Tue,Wed,Thu,Fri
08:38:42,157,Streeterville/Taylor,,Mon,Tue,Wed,Thu,Fri
18:10:25,3,King Drive,,Sun
11:22:43,3,King Drive,,Mon,Tue,Wed,Thu,Fri
13:00:46,3,King Drive,,Sat
23:12:26,6,Jackson Park Express,,Sat
15:29:12,147,Outer DuSable Lake Shore Express,,Sat
15:54:42,147,Outer DuSable Lake Shore Express,,Sat
17:28:56,6,Jackson Park Express,,Sun
16:35:23,20,Madison,,Mon,Tue,Wed,Thu,Fri
20:43:25,6,Jackson Park Express,,Sat
19:58:17,147,Outer DuSable Lake Shore Express,,Sat
14:54:11,3,King Drive,,Sat
24:14:25,6,Jackson Park Express,,Sat
18:41:04,151,Sheridan,,Mon,Tue,Wed,Thu,Fri
10:18:43,3,King Drive,,Mon,Tue,Wed,Thu,Fri
17:33:09,151,Sheridan,,Sat
16:24:11,3,King Drive,,Sat
10:46:46,147,Outer DuSable Lake Shore Express,,Sat
09:27:12,157,Streeterville/Taylor,,Mon,Tue,Wed,Thu,Fri
10:43:41,151,Sheridan,,Mon,Tue,Wed,Thu,Fri
19:08:23,20,Madison,,Mon,Tue,Wed,Thu,Fri
19:59:04,3,King Drive,,Sat
16:43:12,147,Outer DuSable Lake Shore Express,,Sat
12:43:59,151,Sheridan,,Mon,Tue,Wed,Thu,Fri
08:01:13,3,King Drive,,Mon,Tue,Wed,Thu,Fri
19:25:46,147,Outer DuSable Lake Shore Express,,Mon,Tue,Wed,Thu,Fri
15:19:26,151,Sheridan,,Mon,Tue,Wed,Thu,Fri
14:58:09,151,Sheridan,,Sun
07:43:17,3,King Drive,,Mon,Tue,Wed,Thu,Fri
17:30:44,147,Outer DuSable Lake Shore Express,,Sat
06:20:18,147,Outer DuSable Lake Shore Express,,Mon,Tue,Wed,Thu,Fri
21:39:47,147,Outer DuSable Lake Shore Express,,Sat
10:00:52,157,Streeterville/Taylor,,Mon,Tue,Wed,Thu,Fri
19:33:16,147,Outer DuSable Lake Shore Express,,Sat
16:06:06,6,Jackson Park Express,,Mon,Tue,Wed,Thu,Fri
08:16:47,26,South Shore Express,,Mon,Tue,Wed,Thu,Fri
20:55:21,151,Sheridan,,Mon,Tue,Wed,Thu,Fri
23:54:29,151,Sheridan,,Sun
10:54:57,26,South Shore Express,,Mon,Tue,Wed,Thu,Fri
01:42:24,66,Chicago,,Mon
15:04:42,20,Madison,,Mon,Tue,Wed,Thu,Fri
08:22:25,6,Jackson Park Express,,Sat
06:06:22,3,King Drive,,Mon,Tue,Wed,Thu,Fri
12:32:47,6,Jackson Park Express,,Sun
19:18:14,151,Sheridan,,Sat
21:50:52,3,King Drive,,Sun
03:12:07,66,Chicago,,Sat
13:36:28,6,Jackson Park Express,,Sat
19:42:16,147,Outer DuSable Lake Shore Express,,Mon,Tue,Wed,Thu,Fri
17:15:23,20,Madison,,Mon,Tue,Wed,Thu,Fri
12:33:49,151,Sheridan,,Sun
17:00:11,3,King Drive,,Sat
20:43:06,6,Jackson Park Express,,Mon,Tue,Wed,Thu,Fri
10:03:21,151,Sheridan,,Sat
15:36:47,6,Jackson Park Express,,Sun
05:48:14,6,Jackson Park Express,,Mon,Tue,Wed,Thu,Fri
16:25:23,20,Madison,,Mon,Tue,Wed,Thu,Fri
12:24:57,26,South Shore Express,,Mon,Tue,Wed,Thu,Fri
12:55:59,151,Sheridan,,Mon,Tue,Wed,Thu,Fri
23:41:17,147,Outer DuSable Lake Shore Express,,Mon,Tue,Wed,Thu,Fri
14:21:16,147,Outer DuSable Lake Shore Express,,Sun
15:46:12,147,Outer DuSable Lake Shore Express,,Sat
15:38:54,151,Sheridan,,Mon,Tue,Wed,Thu,Fri
20:48:17,3,King Drive,,Mon,Tue,Wed,Thu,Fri
08:59:43,3,King Drive,,Sat
15:08:37,6,Jackson Park Express,,Mon,Tue,Wed,Thu,Fri
07:18:26,6,Jackson Park Express,,Mon,Tue,Wed,Thu,Fri
23:07:56,3,King Drive,,Sun
07:42:47,26,South Shore Express,,Mon,Tue,Wed,Thu,Fri
11:23:18,147,Outer DuSable Lake Shore Express,,Sun
23:42:25,6,Jackson Park Express,,Sat
08:35:49,147,Outer DuSable Lake Shore Express,,Sat
20:22:43,3,King Drive,,Mon,Tue,Wed,Thu,Fri
21:25:54,151,Sheridan,,Mon,Tue,Wed,Thu,Fri
19:10:43,3,King Drive,,Mon,Tue,Wed,Thu,Fri
14:20:42,147,Outer DuSable Lake Shore Express,,Sat
11:22:43,3,King Drive,,Mon,Tue,Wed,Thu,Fri
12:15:06,151,Sheridan,,Sat
13:31:34,3,King Drive,,Sun
08:02:06,6,Jackson Park Express,,Mon,Tue,Wed,Thu,Fri
14:12:13,147,Outer DuSable Lake Shore Express,,Mon,Tue,Wed,Thu,Fri
19:47:04,3,King Drive,,Sat
07:04:55,26,South Shore Express,,Mon,Tue,Wed,Thu,Fri
18:01:15,147,Outer DuSable Lake Shore Express,,Sat
22:42:49,147,Outer DuSable Lake Shore Express,,Sun
09:16:08,3,King Drive,,Mon,Tue,Wed,Thu,Fri
14:29:11,3,King Drive,,Sat
11:18:36,151,Sheridan,,Mon,Tue,Wed,Thu,Fri
14:06:16,151,Sheridan,,Sun
22:49:21,151,Sheridan,,Sat
12:58:01,151,Sheridan,,Sat
13:55:11,3,King Drive,,Sat
16:40:06,6,Jackson Park Express,,Sat
11:31:04,151,Sheridan,,Mon,Tue,Wed,Thu,Fri
13:19:59,151,Sheridan,,Mon,Tue,Wed,Thu,Fri
17:28:14,151,Sheridan,,Sun
16:15:29,3,King Drive,,Mon,Tue,Wed,Thu,Fri
05:40:36,6,Jackson Park Express,,Sun
13:24:31,151,Sheridan,,Sat
12:45:43,147,Outer DuSable Lake Shore Express,,Mon,Tue,Wed,Thu,Fri
14:45:41,3,King Drive,,Sat
08:33:06,151,Sheridan,,Mon,Tue,Wed,Thu,Fri
10:11:26,157,Streeterville/Taylor,,Mon,Tue,Wed,Thu,Fri
08:38:16,147,Outer DuSable Lake Shore Express,,Mon,Tue,Wed,Thu,Fri
18:38:14,147,Outer DuSable Lake Shore Express,,Mon,Tue,Wed,Thu,Fri
07:49:17,26,South Shore Express,,Mon,Tue,Wed,Thu,Fri
22:02:47,147,Outer DuSable Lake Shore Express,,Mon,Tue,Wed,Thu,Fri
20:32:06,6,Jackson Park Express,,Sun
12:43:49,151,Sheridan,,Sun
08:08:03,20,Madison,,Mon,Tue,Wed,Thu,Fri
16:57:46,151,Sheridan,,Mon,Tue,Wed,Thu,Fri
14:31:29,151,Sheridan,,Mon,Tue,Wed,Thu,Fri
10:24:25,6,Jackson Park Express,,Sun
15:42:06,6,Jackson Park Express,,Mon,Tue,Wed,Thu,Fri
11:29:19,157,Streeterville/Taylor,,Mon,Tue,Wed,Thu,Fri
18:58:23,20,Madison,,Mon,Tue,Wed,Thu,Fri
21:35:25,6,Jackson Park Express,,Sun
19:42:11,151,Sheridan,,Mon,Tue,Wed,Thu,Fri
11:02:46,147,Outer DuSable Lake Shore Express,,Sat
20:18:44,6,Jackson Park Express,,Mon,Tue,Wed,Thu,Fri
07:00:54,151,Sheridan,,Mon,Tue,Wed,Thu,Fri
08:32:25,6,Jackson Park Express,,Sat
16:06:11,3,King Drive,,Sat
14:44:42,20,Madison,,Mon,Tue,Wed,Thu,Fri
19:54:26,6,Jackson Park Express,,Sun
16:58:19,157,Streeterville/Taylor,,Mon,Tue,Wed,Thu,Fri
06:11:22,20,Madison,,Mon,Tue,Wed,Thu,Fri
13:10:47,6,Jackson Park Express,,Sun
12:06:46,147,Outer DuSable Lake Shore Express,,Sat
21:47:15,6,Jackson Park Express,,Sun
16:42:11,3,King Drive,,Sat
09:01:08,3,King Drive,,Mon,Tue,Wed,Thu,Fri
14:20:42,147,Outer DuSable Lake Shore Express,,Sat
15:25:25,3,King Drive,,Sun
20:11:12,157,Streeterville/Taylor,,Mon,Tue,Wed,Thu,Fri
22:34:21,151,Sheridan,,Sat
06:03:14,6,Jackson Park Express,,Mon,Tue,Wed,Thu,Fri
18:14:41,151,Sheridan,,Sat
11:10:17,6,Jackson Park Express,,Sun
18:08:19,151,Sheridan,,Sun
10:28:48,147,Outer DuSable Lake Shore Express,,Sat
15:49:09,151,Sheridan,,Sun
16:40:23,20,Madison,,Mon,Tue,Wed,Thu,Fri
21:41:49,147,Outer DuSable Lake Shore Express,,Sun
14:00:13,147,Outer DuSable Lake Shore Express,,Mon,Tue,Wed,Thu,Fri
21:04:04,3,King Drive,,Sat
12:07:59,151,Sheridan,,Mon,Tue,Wed,Thu,Fri
06:24:47,3,King Drive,,Mon,Tue,Wed,Thu,Fri
15:02:59,3,King Drive,,Sun
19:00:47,147,Outer DuSable Lake Shore Express,,Sun
13:46:11,3,King Drive,,Sat
21:22:48,147,Outer DuSable Lake Shore Express,,Sun
15:08:43,147,Outer DuSable Lake Shore Express,,Mon,Tue,Wed,Thu,Fri
16:44:12,157,Streeterville/Taylor,,Mon,Tue,Wed,Thu,Fri
08:13:03,20,Madison,,Mon,Tue,Wed,Thu,Fri
14:16:06,6,Jackson Park Express,,Mon,Tue,Wed,Thu,Fri
10:48:21,151,Sheridan,,Sun
13:59:08,3,King Drive,,Mon,Tue,Wed,Thu,Fri
16:15:42,147,Outer DuSable Lake Shore Express,,Mon,Tue,Wed,Thu,Fri
07:42:47,26,South Shore Express,,Mon,Tue,Wed,Thu,Fri
22:57:25,6,Jackson Park Express,,Sat
12:20:36,6,Jackson Park Express,,Sat
17:32:08,151,Sheridan,,Mon,Tue,Wed,Thu,Fri
16:02:42,147,Outer DuSable Lake Shore Express,,Mon,Tue,Wed,Thu,Fri
19:57:48,147,Outer DuSable Lake Shore Express,,Sun
23:34:21,151,Sheridan,,Sat
20:32:47,147,Outer DuSable Lake Shore Express,,Sat
12:50:50,3,King Drive,,Sat
16:55:23,20,Madison,,Mon,Tue,Wed,Thu,Fri
18:48:14,151,Sheridan,,Sat
19:03:38,3,King Drive,,Mon,Tue,Wed,Thu,Fri
14:21:11,3,King Drive,,Sat
11:29:45,147,Outer DuSable Lake Shore Express,,Mon,Tue,Wed,Thu,Fri
23:57:25,6,Jackson Park Express,,Sat
06:34:17,3,King Drive,,Mon,Tue,Wed,Thu,Fri
20:37:22,3,King Drive,,Sun
19:30:11,151,Sheridan,,Mon,Tue,Wed,Thu,Fri
12:53:08,3,King Drive,,Mon,Tue,Wed,Thu,Fri
17:39:10,147,Outer DuSable Lake Shore Express,,Mon,Tue,Wed,Thu,Fri
19:05:39,151,Sheridan,,Mon,Tue,Wed,Thu,Fri
05:29:06,6,Jackson Park Express,,Sat
20:09:14,151,Sheridan,,Mon,Tue,Wed,Thu,Fri
18:30:46,147,Outer DuSable Lake Shore Express,,Sun
09:23:38,3,King Drive,,Mon,Tue,Wed,Thu,Fri
14:13:11,3,King Drive,,Sat
20:12:26,151,Sheridan,,Sun
10:56:36,6,Jackson Park Express,,Sun
09:56:48,147,Outer DuSable Lake Shore Express,,Sat
18:16:23,20,Madison,,Mon,Tue,Wed,Thu,Fri
17:00:23,20,Madison,,Mon,Tue,Wed,Thu,Fri
10:54:41,151,Sheridan,,Mon,Tue,Wed,Thu,Fri
07:26:52,3,King Drive,,Sat
21:43:08,147,Outer DuSable Lake Shore Express,,Mon,Tue,Wed,Thu,Fri
16:18:41,151,Sheridan,,Sun
08:56:16,147,Outer DuSable Lake Shore Express,,Mon,Tue,Wed,Thu,Fri
06:03:26,157,Streeterville/Taylor,,Mon,Tue,Wed,Thu,Fri
16:51:11,3,King Drive,,Sat
12:26:06,6,Jackson Park Express,,Mon,Tue,Wed,Thu,Fri
07:10:52,3,King Drive,,Sat
19:05:39,151,Sheridan,,Mon,Tue,Wed,Thu,Fri
08:12:06,6,Jackson Park Express,,Mon,Tue,Wed,Thu,Fri
12:14:06,6,Jackson Park Express,,Mon,Tue,Wed,Thu,Fri
17:33:09,151,Sheridan,,Sat
09:52:56,6,Jackson Park Express,,Sun
09:04:17,6,Jackson Park Express,,Mon,Tue,Wed,Thu,Fri
09:16:08,3,King Drive,,Mon,Tue,Wed,Thu,Fri
20:38:21,151,Sheridan,,Sat
08:37:08,3,King Drive,,Mon,Tue,Wed,Thu,Fri
16:20:23,20,Madison,,Mon,Tue,Wed,Thu,Fri
15:01:22,157,Streeterville/Taylor,,Mon,Tue,Wed,Thu,Fri
21:43:08,147,Outer DuSable Lake Shore Express,,Mon,Tue,Wed,Thu,Fri
22:01:49,147,Outer DuSable Lake Shore Express,,Sun
15:48:24,151,Sheridan,,Mon,Tue,Wed,Thu,Fri
08:04:31,151,Sheridan,,Sat
06:30:30,26,South Shore Express,,Mon,Tue,Wed,Thu,Fri
03:42:24,66,Chicago,,Sun
15:21:11,3,King Drive,,Sat
18:08:19,151,Sheridan,,Sun
08:17:08,3,King Drive,,Mon,Tue,Wed,Thu,Fri
07:30:06,157,Streeterville/Taylor,,Mon,Tue,Wed,Thu,Fri
10:28:43,3,King Drive,,Mon,Tue,Wed,Thu,Fri
00:50:25,6,Jackson Park Express,,Sun
04:12:24,66,Chicago,,Mon,Tue,Wed,Thu,Fri
04:12:24,66,Chicago,,Sat
15:20:42,147,Outer DuSable Lake Shore Express,,Sat
17:37:25,3,King Drive,,Sun
13:58:46,147,Outer DuSable Lake Shore Express,,Sun
13:57:59,151,Sheridan,,Sat
11:26:06,6,Jackson Park Express,,Mon,Tue,Wed,Thu,Fri
15:28:13,147,Outer DuSable Lake Shore Express,,Mon,Tue,Wed,Thu,Fri
11:41:08,3,King Drive,,Sun
15:45:37,6,Jackson Park Express,,Mon,Tue,Wed,Thu,Fri
07:33:50,26,South Shore Express,,Mon,Tue,Wed,Thu,Fri
08:47:26,151,Sheridan,,Sat
13:12:43,147,Outer DuSable Lake Shore Express,,Mon,Tue,Wed,Thu,Fri
11:34:06,6,Jackson Park Express,,Sat
14:24:13,147,Outer DuSable Lake Shore Express,,Mon,Tue,Wed,Thu,Fri
19:28:14,151,Sheridan,,Sat
15:58:23,20,Madison,,Mon,Tue,Wed,Thu,Fri
17:07:40,147,Outer DuSable Lake Shore Express,,Mon,Tue,Wed,Thu,Fri
09:28:48,147,Outer DuSable Lake Shore Express,,Sun
21:00:26,151,Sheridan,,Sun
17:20:46,147,Outer DuSable Lake Shore Express,,Sun
18:49:29,3,King Drive,,Mon,Tue,Wed,Thu,Fri
17:25:36,151,Sheridan,,Sat
21:19:54,151,Sheridan,,Sat
14:21:08,3,King Drive,,Mon,Tue,Wed,Thu,Fri
18:53:45,147,Outer DuSable Lake Shore Express,,Mon,Tue,Wed,Thu,Fri
08:48:03,20,Madison,,Mon,Tue,Wed,Thu,Fri
14:12:28,6,Jackson Park Express,,Sat
13:16:01,151,Sheridan,,Sat
06:28:44,6,Jackson Park Express,,Mon,Tue,Wed,Thu,Fri
18:30:46,147,Outer DuSable Lake Shore Express,,Sun
17:11:42,147,Outer DuSable Lake Shore Express,,Sat
13:24:31,151,Sheridan,,Sat
16:05:59,151,Sheridan,,Sat
17:32:29,3,King Drive,,Mon,Tue,Wed,Thu,Fri
21:12:46,147,Outer DuSable Lake Shore Express,,Mon,Tue,Wed,Thu,Fri
16:45:12,147,Outer DuSable Lake Shore Express,,Mon,Tue,Wed,Thu,Fri
14:52:06,6,Jackson Park Express,,Mon,Tue,Wed,Thu,Fri
19:47:04,3,King Drive,,Sat
00:51:31,151,Sheridan,,Mon
08:53:03,20,Madison,,Mon,Tue,Wed,Thu,Fri
16:58:56,6,Jackson Park Express,,Sun
08:51:42,157,Streeterville/Taylor,,Mon,Tue,Wed,Thu,Fri
07:00:31,151,Sheridan,,Sat
18:40:37,6,Jackson Park Express,,Mon,Tue,Wed,Thu,Fri
07:51:43,3,King Drive,,Mon,Tue,Wed,Thu,Fri
08:38:03,20,Madison,,Mon,Tue,Wed,Thu,Fri
05:31:52,3,King Drive,,Mon,Tue,Wed,Thu,Fri
20:40:19,151,Sheridan,,Mon,Tue,Wed,Thu,Fri
15:48:11,3,King Drive,,Sat
15:32:59,151,Sheridan,,Sat
12:58:01,151,Sheridan,,Sat
13:56:07,6,Jackson Park Express,,Mon,Tue,Wed,Thu,Fri
20:59:26,6,Jackson Park Express,,Sat
15:05:38,3,King Drive,,Mon,Tue,Wed,Thu,Fri
07:00:54,151,Sheridan,,Mon,Tue,Wed,Thu,Fri
19:18:23,20,Madison,,Mon,Tue,Wed,Thu,Fri
18:59:26,6,Jackson Park Express,,Sun
09:48:41,151,Sheridan,,Mon,Tue,Wed,Thu,Fri
23:41:29,151,Sheridan,,Mon,Tue,Wed,Thu,Fri
12:22:46,147,Outer DuSable Lake Shore Express,,Sat
21:16:38,3,King Drive,,Sat
09:15:42,157,Streeterville/Taylor,,Mon,Tue,Wed,Thu,Fri
05:40:52,3,King Drive,,Mon,Tue,Wed,Thu,Fri
20:11:04,3,King Drive,,Sat
21:10:51,151,Sheridan,,Mon,Tue,Wed,Thu,Fri
17:58:09,151,Sheridan,,Sat
07:04:17,3,King Drive,,Mon,Tue,Wed,Thu,Fri
17:37:25,3,King Drive,,Sun
13:27:58,6,Jackson Park Express,,Sat
23:43:01,3,King Drive,,Mon,Tue,Wed,Thu,Fri
17:54:29,3,King Drive,,Mon,Tue,Wed,Thu,Fri
07:17:31,151,Sheridan,,Sat
18:02:48,6,Jackson Park Express,,Mon,Tue,Wed,Thu,Fri
18:42:26,6,Jackson Park Express,,Sun
19:57:44,151,Sheridan,,Sat
02:42:16,66,Chicago,,Sun
00:41:55,6,Jackson Park Express,,Mon
13:52:06,6,Jackson Park Express,,Mon,Tue,Wed,Thu,Fri
08:56:55,6,Jackson Park Express,,Sat
15:22:36,6,Jackson Park Express,,Sun
18:58:14,151,Sheridan,,Sat
18:58:14,151,Sheridan,,Sat
10:26:47,3,King Drive,,Sun
11:50:11,151,Sheridan,,Sat
20:36:04,3,King Drive,,Sat
14:38:11,3,King Drive,,Sat
15:18:36,6,Jackson Park Express,,Sat
08:53:03,20,Madison,,Mon,Tue,Wed,Thu,Fri
13:44:25,26,South Shore Express,,Mon,Tue,Wed,Thu,Fri
17:27:03,147,Outer DuSable Lake Shore Express,,Mon,Tue,Wed,Thu,Fri
06:03:19,147,Outer DuSable Lake Shore Express,,Mon,Tue,Wed,Thu,Fri
19:36:43,3,King Drive,,Sun
15:38:16,147,Outer DuSable Lake Shore Express,,Sun
09:37:19,157,Streeterville/Taylor,,Mon,Tue,Wed,Thu,Fri
09:40:48,147,Outer DuSable Lake Shore Express,,Sat
17:35:36,6,Jackson Park Express,,Sat
09:07:59,151,Sheridan,,Sun
13:32:07,6,Jackson Park Express,,Mon,Tue,Wed,Thu,Fri
10:54:41,151,Sheridan,,Mon,Tue,Wed,Thu,Fri
17:24:13,147,Outer DuSable Lake Shore Express,,Sat
23:01:17,147,Outer DuSable Lake Shore Express,,Mon,Tue,Wed,Thu,Fri
07:33:31,151,Sheridan,,Sat
14:03:47,6,Jackson Park Express,,Sun
17:41:39,151,Sheridan,,Sat
17:52:45,147,Outer DuSable Lake Shore Express,,Sat
20:59:47,147,Outer DuSable Lake Shore Express,,Sat
17:17:43,151,Sheridan,,Mon,Tue,Wed,Thu,Fri
16:48:14,151,Sheridan,,Sun
23:03:14,6,Jackson Park Express,,Mon,Tue,Wed,Thu,Fri
15:24:28,6,Jackson Park Express,,Sat
13:43:04,3,King Drive,,Sun
14:17:27,26,South Shore Express,,Mon,Tue,Wed,Thu,Fri
20:24:17,147,Outer DuSable Lake Shore Express,,Sat
14:51:42,20,Madison,,Mon,Tue,Wed,Thu,Fri
06:00:06,151,Sheridan,,Sat
18:42:06,6,Jackson Park Express,,Sun
07:36:25,6,Jackson Park Express,,Sun
22:02:47,147,Outer DuSable Lake Shore Express,,Mon,Tue,Wed,Thu,Fri
23:19:21,151,Sheridan,,Sat
17:53:06,6,Jackson Park Express,,Mon,Tue,Wed,Thu,Fri
18:47:08,147,Outer DuSable Lake Shore Express,,Mon,Tue,Wed,Thu,Fri
12:41:01,151,Sheridan,,Sat
16:27:12,147,Outer DuSable Lake Shore Express,,Sat
16:01:56,157,Streeterville/Taylor,,Mon,Tue,Wed,Thu,Fri
18:39:41,151,Sheridan,,Sat
19:18:38,147,Outer DuSable Lake Shore Express,,Mon,Tue,Wed,Thu,Fri
11:03:06,6,Jackson Park Express,,Sat
06:53:44,6,Jackson Park Express,,Mon,Tue,Wed,Thu,Fri
09:14:17,26,South Shore Express,,Mon,Tue,Wed,Thu,Fri
08:20:01,151,Sheridan,,Sat
14:17:04,3,King Drive,,Sun
15:23:12,20,Madison,,Mon,Tue,Wed,Thu,Fri
07:40:16,151,Sheridan,,Mon,Tue,Wed,Thu,Fri
13:37:13,147,Outer DuSable Lake Shore Express,,Sat
09:21:26,6,Jackson Park Express,,Mon,Tue,Wed,Thu,Fri
21:16:22,3,King Drive,,Mon,Tue,Wed,Thu,Fri
17:07:06,6,Jackson Park Express,,Sat
15:33:37,6,Jackson Park Express,,Mon,Tue,Wed,Thu,Fri
19:38:14,151,Sheridan,,Sat
17:54:29,3,King Drive,,Mon,Tue,Wed,Thu,Fri
19:19:26,6,Jackson Park Express,,Sat
08:56:26,3,King Drive,,Sun
12:52:37,6,Jackson Park Express,,Sat
18:16:23,20,Madison,,Mon,Tue,Wed,Thu,Fri
10:38:47,3,King Drive,,Sun
14:28:04,3,King Drive,,Sun
18:49:19,151,Sheridan,,Sun
06:51:22,20,Madison,,Mon,Tue,Wed,Thu,Fri
12:43:49,151,Sheridan,,Sun
19:24:59,3,King Drive,,Sat
08:33:06,151,Sheridan,,Mon,Tue,Wed,Thu,Fri
08:49:08,3,King Drive,,Mon,Tue,Wed,Thu,Fri
06:01:22,20,Madison,,Mon,Tue,Wed,Thu,Fri
18:31:11,151,Sheridan,,Sat
06:42:56,6,Jackson Park Express,,Mon,Tue,Wed,Thu,Fri
17:24:13,147,Outer DuSable Lake Shore Express,,Sat
22:12:55,6,Jackson Park Express,,Sat
16:50:41,143,Stockton/Michigan Express,,Mon,Tue,Wed,Thu,Fri
04:52:22,20,Madison,,Mon,Tue,Wed,Thu,Fri
10:02:06,6,Jackson Park Express,,Mon,Tue,Wed,Thu,Fri
10:08:47,6,Jackson Park Express,,Sat
17:20:11,3,King Drive,,Sat
20:18:16,147,Outer DuSable Lake Shore Express,,Mon,Tue,Wed,Thu,Fri
14:46:13,147,Outer DuSable Lake Shore Express,,Mon,Tue,Wed,Thu,Fri
18:57:58,6,Jackson Park Express,,Sat
16:03:12,147,Outer DuSable Lake Shore Express,,Sat
17:37:08,151,Sheridan,,Mon,Tue,Wed,Thu,Fri
08:38:42,157,Streeterville/Taylor,,Mon,Tue,Wed,Thu,Fri
09:45:52,26,South Shore Express,,Mon,Tue,Wed,Thu,Fri
07:25:22,26,South Shore Express,,Mon,Tue,Wed,Thu,Fri
15:16:59,151,Sheridan,,Sat
15:47:25,3,King Drive,,Sun
22:42:55,6,Jackson Park Express,,Sun
06:21:22,20,Madison,,Mon,Tue,Wed,Thu,Fri
20:23:04,3,King Drive,,Sat
11:38:57,26,South Shore Express,,Mon,Tue,Wed,Thu,Fri
10:26:47,3,King Drive,,Sun
05:18:05,26,South Shore Express,,Mon,Tue,Wed,Thu,Fri
18:20:59,3,King Drive,,Sun
07:07:26,6,Jackson Park Express,,Mon,Tue,Wed,Thu,Fri
16:35:36,6,Jackson Park Express,,Sun
18:53:45,147,Outer DuSable Lake Shore Express,,Mon,Tue,Wed,Thu,Fri
08:23:17,6,Jackson Park Express,,Sat
13:20:04,3,King Drive,,Sun
16:03:04,3,King Drive,,Mon,Tue,Wed,Thu,Fri
19:52:08,147,Outer DuSable Lake Shore Express,,Mon,Tue,Wed,Thu,Fri
12:24:57,26,South Shore Express,,Mon,Tue,Wed,Thu,Fri
19:46:43,3,King Drive,,Mon,Tue,Wed,Thu,Fri
19:02:29,3,King Drive,,Sat
15:09:36,6,Jackson Park Express,,Sat
09:11:48,147,Outer DuSable Lake Shore Express,,Sun
15:29:09,151,Sheridan,,Sun
15:28:56,151,Sheridan,,Mon,Tue,Wed,Thu,Fri
16:22:29,151,Sheridan,,Sat
14:54:11,3,King Drive,,Sat
12:19:59,151,Sheridan,,Mon,Tue,Wed,Thu,Fri
12:08:57,26,South Shore Express,,Mon,Tue,Wed,Thu,Fri
14:21:29,151,Sheridan,,Sat
08:32:43,3,King Drive,,Sat
17:10:23,20,Madison,,Mon,Tue,Wed,Thu,Fri
23:40:48,147,Outer DuSable Lake Shore Express,,Sat
07:26:49,151,Sheridan,,Mon,Tue,Wed,Thu,Fri
17:41:39,151,Sheridan,,Sat
18:30:08,3,King Drive,,Sun
20:11:04,3,King Drive,,Sat
20:15:17,147,Outer DuSable Lake Shore Express,,Sat
05:30:52,20,Madison,,Mon,Tue,Wed,Thu,Fri
11:25:17,6,Jackson Park Express,,Sat
19:38:14,151,Sheridan,,Sat
15:05:16,147,Outer DuSable Lake Shore Express,,Sun
11:33:43,3,King Drive,,Mon,Tue,Wed,Thu,Fri
12:52:46,147,Outer DuSable Lake Shore Express,,Sun
12:58:47,6,Jackson Park Express,,Sun
09:29:06,6,Jackson Park Express,,Mon,Tue,Wed,Thu,Fri
18:30:06,6,Jackson Park Express,,Sun
14:21:16,147,Outer DuSable Lake Shore Express,,Sun
16:51:11,3,King Drive,,Sat
15:55:33,147,Outer DuSable Lake Shore Express,,Mon,Tue,Wed,Thu,Fri
16:35:12,147,Outer DuSable Lake Shore Express,,Sat
14:04:06,6,Jackson Park Express,,Mon,Tue,Wed,Thu,Fri
20:11:06,6,Jackson Park Express,,Mon,Tue,Wed,Thu,Fri
09:30:09,151,Sheridan,,Mon,Tue,Wed,Thu,Fri
22:22:19,147,Outer DuSable Lake Shore Express,,Sun
17:29:58,6,Jackson Park Express,,Sat
18:20:56,6,Jackson Park Express,,Sun
18:31:11,151,Sheridan,,Sat
17:41:36,6,Jackson Park Express,,Mon,Tue,Wed,Thu,Fri
14:23:17,6,Jackson Park Express,,Sun
17:38:58,6,Jackson Park Express,,Sat
20:31:12,157,Streeterville/Taylor,,Mon,Tue,Wed,Thu,Fri
19:18:14,151,Sheridan,,Sat
23:04:21,151,Sheridan,,Sat
09:50:06,6,Jackson Park Express,,Mon,Tue,Wed,Thu,Fri
14:08:07,6,Jackson Park Express,,Mon,Tue,Wed,Thu,Fri
18:31:33,147,Outer DuSable Lake Shore Express,,Mon,Tue,Wed,Thu,Fri
11:45:47,147,Outer DuSable Lake Shore Express,,Sun
10:52:56,6,Jackson Park Express,,Sun
16:25:43,143,Stockton/Michigan Express,,Mon,Tue,Wed,Thu,Fri
19:08:14,151,Sheridan,,Sat
17:19:53,20,Madison,,Mon,Tue,Wed,Thu,Fri
07:35:19,147,Outer DuSable Lake Shore Express,,Sun
18:01:15,147,Outer DuSable Lake Shore Express,,Sat
05:51:34,151,Sheridan,,Sun
18:52:46,157,Streeterville/Taylor,,Mon,Tue,Wed,Thu,Fri
23:34:55,6,Jackson Park Express,,Sun
08:44:55,6,Jackson Park Express,,Sat
18:20:46,147,Outer DuSable Lake Shore Express,,Sun
19:31:56,6,Jackson Park Express,,Sat
19:11:42,157,Streeterville/Taylor,,Mon,Tue,Wed,Thu,Fri
19:17:26,6,Jackson Park Express,,Sun
16:45:36,6,Jackson Park Express,,Sun
11:09:27,26,South Shore Express,,Mon,Tue,Wed,Thu,Fri
15:58:39,151,Sheridan,,Sun
19:37:43,3,King Drive,,Mon,Tue,Wed,Thu,Fri
09:10:17,6,Jackson Park Express,,Sat
21:48:54,151,Sheridan,,Sat
12:12:51,151,Sheridan,,Sun
13:00:46,3,King Drive,,Sat
11:02:46,147,Outer DuSable Lake Shore Express,,Sat
11:00:14,151,Sheridan,,Sat
15:19:09,151,Sheridan,,Sun
09:55:26,6,Jackson Park Express,,Mon,Tue,Wed,Thu,Fri
21:16:55,6,Jackson Park Express,,Sun
15:02:59,3,King Drive,,Sun
08:46:43,3,King Drive,,Sat
15:49:22,157,Streeterville/Taylor,,Mon,Tue,Wed,Thu,Fri
11:35:17,6,Jackson Park Express,,Sat
22:14:55,6,Jackson Park Express,,Sun
18:03:12,143,Stockton/Michigan Express,,Mon,Tue,Wed,Thu,Fri
11:56:47,147,Outer DuSable Lake Shore Express,,Sun
09:50:38,3,King Drive,,Mon,Tue,Wed,Thu,Fri
18:24:53,20,Madison,,Mon,Tue,Wed,Thu,Fri
16:52:41,147,Outer DuSable Lake Shore Express,,Mon,Tue,Wed,Thu,Fri
08:40:25,6,Jackson Park Express,,Sun
14:58:12,20,Madison,,Mon,Tue,Wed,Thu,Fri
09:36:56,6,Jackson Park Express,,Sun
15:48:59,151,Sheridan,,Sat
21:16:22,3,King Drive,,Mon,Tue,Wed,Thu,Fri
07:32:56,3,King Drive,,Sun
13:36:43,147,Outer DuSable Lake Shore Express,,Mon,Tue,Wed,Thu,Fri
20:55:25,6,Jackson Park Express,,Sat
16:11:12,147,Outer DuSable Lake Shore Express,,Sat
14:55:12,147,Outer DuSable Lake Shore Express,,Sat
21:04:24,151,Sheridan,,Sat
10:43:47,6,Jackson Park Express,,Sat
15:28:56,151,Sheridan,,Mon,Tue,Wed,Thu,Fri
19:30:11,151,Sheridan,,Mon,Tue,Wed,Thu,Fri
15:45:36,6,Jackson Park Express,,Sat
06:08:25,6,Jackson Park Express,,Sat
11:45:15,147,Outer DuSable Lake Shore Express,,Mon,Tue,Wed,Thu,Fri
22:03:54,151,Sheridan,,Sat
06:42:27,26,South Shore Express,,Mon,Tue,Wed,Thu,Fri
18:18:29,3,King Drive,,Sat
17:22:41,151,Sheridan,,Mon,Tue,Wed,Thu,Fri
22:19:21,151,Sheridan,,Sat
10:50:06,6,Jackson Park Express,,Mon,Tue,Wed,Thu,Fri
13:16:06,6,Jackson Park Express,,Mon,Tue,Wed,Thu,Fri
19:08:45,147,Outer DuSable Lake Shore Express,,Sat
16:59:29,3,King Drive,,Mon,Tue,Wed,Thu,Fri
20:57:55,6,Jackson Park Express,,Sun
08:52:04,151,Sheridan,,Mon,Tue,Wed,Thu,Fri
07:15:04,151,Sheridan,,Sun
18:05:29,3,King Drive,,Mon,Tue,Wed,Thu,Fri
24:05:29,151,Sheridan,,Sat
16:09:37,6,Jackson Park Express,,Mon,Tue,Wed,Thu,Fri
19:20:06,6,Jackson Park Express,,Mon,Tue,Wed,Thu,Fri
14:21:22,157,Streeterville/Taylor,,Mon,Tue,Wed,Thu,Fri
09:32:08,3,King Drive,,Mon,Tue,Wed,Thu,Fri
18:36:58,6,Jackson Park Express,,Sat
12:44:04,3,King Drive,,Sun
16:30:23,20,Madison,,Mon,Tue,Wed,Thu,Fri
09:21:47,6,Jackson Park Express,,Sat
11:46:19,157,Streeterville/Taylor,,Mon,Tue,Wed,Thu,Fri
12:17:43,3,King Drive,,Mon,Tue,Wed,Thu,Fri
07:56:17,26,South Shore Express,,Mon,Tue,Wed,Thu,Fri
02:42:24,66,Chicago,,Mon
16:33:11,3,King Drive,,Sat
23:20:48,147,Outer DuSable Lake Shore Express,,Sat
17:48:19,151,Sheridan,,Sun
08:15:19,147,Outer DuSable Lake Shore Express,,Sun
16:45:23,20,Madison,,Mon,Tue,Wed,Thu,Fri
23:41:17,147,Outer DuSable Lake Shore Express,,Mon,Tue,Wed,Thu,Fri
14:19:36,6,Jackson Park Express,,Sun
17:17:43,147,Outer DuSable Lake Shore Express,,Sat
18:48:23,20,Madison,,Mon,Tue,Wed,Thu,Fri
15:25:22,157,Streeterville/Taylor,,Mon,Tue,Wed,Thu,Fri
12:19:17,147,Outer DuSable Lake Shore Express,,Sun
11:38:06,6,Jackson Park Express,,Mon,Tue,Wed,Thu,Fri
21:34:54,151,Sheridan,,Sat
17:00:11,3,King Drive,,Sat
16:22:03,147,Outer DuSable Lake Shore Express,,Mon,Tue,Wed,Thu,Fri
14:30:28,6,Jackson Park Express,,Sat
15:33:28,6,Jackson Park Express,,Sat
15:29:09,151,Sheridan,,Sun
16:52:41,147,Outer DuSable Lake Shore Express,,Mon,Tue,Wed,Thu,Fri
09:12:47,6,Jackson Park Express,,Mon,Tue,Wed,Thu,Fri
09:35:43,3,King Drive,,Sat
22:30:52,3,King Drive,,Sun
17:18:56,6,Jackson Park Express,,Sun
17:35:41,143,Stockton/Michigan Express,,Mon,Tue,Wed,Thu,Fri
13:04:08,3,King Drive,,Mon,Tue,Wed,Thu,Fri
18:07:06,6,Jackson Park Express,,Mon,Tue,Wed,Thu,Fri
15:37:42,147,Outer DuSable Lake Shore Express,,Sat
15:49:09,151,Sheridan,,Sun
21:28:43,3,King Drive,,Sat
16:10:43,143,Stockton/Michigan Express,,Mon,Tue,Wed,Thu,Fri
11:55:43,3,King Drive,,Mon,Tue,Wed,Thu,Fri
05:10:04,151,Sheridan,,Mon,Tue,Wed,Thu,Fri
17:35:33,147,Outer DuSable Lake Shore Express,,Mon,Tue,Wed,Thu,Fri
07:43:17,3,King Drive,,Mon,Tue,Wed,Thu,Fri
06:39:19,147,Outer DuSable Lake Shore Express,,Sat
15:19:33,147,Outer DuSable Lake Shore Express,,Mon,Tue,Wed,Thu,Fri
08:37:08,3,King Drive,,Mon,Tue,Wed,Thu,Fri
13:45:28,6,Jackson Park Express,,Sat
21:58:55,6,Jackson Park Express,,Sat
15:38:38,3,King Drive,,Mon,Tue,Wed,Thu,Fri
06:34:25,6,Jackson Park Express,,Sun
08:03:46,147,Outer DuSable Lake Shore Express,,Mon,Tue,Wed,Thu,Fri
23:56:26,3,King Drive,,Sat
14:43:16,147,Outer DuSable Lake Shore Express,,Sun
13:07:01,151,Sheridan,,Sat
15:57:11,3,King Drive,,Sat
12:02:21,151,Sheridan,,Sun
15:56:59,151,Sheridan,,Sat
11:41:51,151,Sheridan,,Sun
22:19:21,151,Sheridan,,Sat
14:48:28,6,Jackson Park Express,,Sat
11:43:31,151,Sheridan,,Mon,Tue,Wed,Thu,Fri
13:46:11,3,King Drive,,Sat
16:25:43,143,Stockton/Michigan Express,,Mon,Tue,Wed,Thu,Fri
05:29:22,20,Madison,,Mon,Tue,Wed,Thu,Fri
18:27:29,3,King Drive,,Mon,Tue,Wed,Thu,Fri
19:49:47,147,Outer DuSable Lake Shore Express,,Sat
17:59:11,147,Outer DuSable Lake Shore Express,,Mon,Tue,Wed,Thu,Fri
23:56:26,3,King Drive,,Sat
09:08:48,147,Outer DuSable Lake Shore Express,,Sat
08:40:01,151,Sheridan,,Sun
11:17:08,3,King Drive,,Sun
23:29:05,3,King Drive,,Sun
21:55:54,151,Sheridan,,Mon,Tue,Wed,Thu,Fri
17:07:46,151,Sheridan,,Mon,Tue,Wed,Thu,Fri
16:27:46,151,Sheridan,,Mon,Tue,Wed,Thu,Fri
06:53:27,26,South Shore Express,,Mon,Tue,Wed,Thu,Fri
07:12:56,3,King Drive,,Sun
14:56:07,6,Jackson Park Express,,Mon,Tue,Wed,Thu,Fri
19:40:26,6,Jackson Park Express,,Mon,Tue,Wed,Thu,Fri
07:11:47,3,King Drive,,Mon,Tue,Wed,Thu,Fri
20:36:16,147,Outer DuSable Lake Shore Express,,Mon,Tue,Wed,Thu,Fri
14:32:16,147,Outer DuSable Lake Shore Express,,Sun
03:12:24,66,Chicago,,Sun
09:08:03,20,Madison,,Mon,Tue,Wed,Thu,Fri
05:11:22,20,Madison,,Mon,Tue,Wed,Thu,Fri
17:50:46,3,King Drive,,Sat
06:43:56,151,Sheridan,,Mon,Tue,Wed,Thu,Fri
05:57:49,147,Outer DuSable Lake Shore Express,,Sat
20:22:43,3,King Drive,,Mon,Tue,Wed,Thu,Fri
20:12:48,147,Outer DuSable Lake Shore Express,,Sun
09:42:21,151,Sheridan,,Sat
19:58:17,147,Outer DuSable Lake Shore Express,,Sat
22:34:55,6,Jackson Park Express,,Sun
18:44:15,143,Stockton/Michigan Express,,Mon,Tue,Wed,Thu,Fri
07:30:06,157,Streeterville/Taylor,,Mon,Tue,Wed,Thu,Fri
19:33:19,151,Sheridan,,Sun
08:19:49,147,Outer DuSable Lake Shore Express,,Sat
18:16:29,3,King Drive,,Mon,Tue,Wed,Thu,Fri
22:07:15,6,Jackson Park Express,,Sun
13:25:46,147,Outer DuSable Lake Shore Express,,Sun
15:54:36,6,Jackson Park Express,,Sat
21:04:04,3,King Drive,,Sat
16:11:12,147,Outer DuSable Lake Shore Express,,Sat
11:56:50,3,King Drive,,Sat
15:27:16,147,Outer DuSable Lake Shore Express,,Sun
14:54:16,147,Outer DuSable Lake Shore Express,,Sun
17:40:11,3,King Drive,,Sat
10:10:54,151,Sheridan,,Sun
13:44:07,6,Jackson Park Express,,Mon,Tue,Wed,Thu,Fri
12:31:08,3,King Drive,,Mon,Tue,Wed,Thu,Fri
17:00:48,6,Jackson Park Express,,Mon,Tue,Wed,Thu,Fri
19:02:38,147,Outer DuSable Lake Shore Express,,Mon,Tue,Wed,Thu,Fri
01:27:31,151,Sheridan,,Sun
14:50:29,3,King Drive,,Sun
10:59:18,147,Outer DuSable Lake Shore Express,,Sun
16:18:41,151,Sheridan,,Sun
12:23:34,151,Sheridan,,Sat
08:43:03,20,Madison,,Mon,Tue,Wed,Thu,Fri
18:07:29,3,King Drive,,Sat
21:09:47,147,Outer DuSable Lake Shore Express,,Sat
08:24:47,26,South Shore Express,,Mon,Tue,Wed,Thu,Fri
15:38:16,147,Outer DuSable Lake Shore Express,,Sun
17:10:23,20,Madison,,Mon,Tue,Wed,Thu,Fri
09:34:26,151,Sheridan,,Sun
13:21:36,6,Jackson Park Express,,Sat
15:00:59,151,Sheridan,,Sat
17:49:18,6,Jackson Park Express,,Mon,Tue,Wed,Thu,Fri
16:44:58,6,Jackson Park Express,,Sat
16:53:25,3,King Drive,,Sun
14:47:11,151,Sheridan,,Sun
10:10:54,151,Sheridan,,Sun
10:21:41,151,Sheridan,,Mon,Tue,Wed,Thu,Fri
17:02:04,151,Sheridan,,Sat
19:18:23,20,Madison,,Mon,Tue,Wed,Thu,Fri
09:08:48,147,Outer DuSable Lake Shore Express,,Sat
08:25:01,151,Sheridan,,Sun
13:28:11,3,King Drive,,Sat
20:04:43,3,King Drive,,Mon,Tue,Wed,Thu,Fri
16:46:29,151,Sheridan,,Sat
13:20:07,6,Jackson Park Express,,Mon,Tue,Wed,Thu,Fri
18:07:54,151,Sheridan,,Mon,Tue,Wed,Thu,Fri
16:08:24,151,Sheridan,,Mon,Tue,Wed,Thu,Fri
14:31:29,151,Sheridan,,Mon,Tue,Wed,Thu,Fri
21:07:25,6,Jackson Park Express,,Sat
16:31:25,3,King Drive,,Sun
22:50:52,3,King Drive,,Sun
07:52:55,6,Jackson Park Express,,Sun
14:21:22,157,Streeterville/Taylor,,Mon,Tue,Wed,Thu,Fri
18:26:15,147,Outer DuSable Lake Shore Express,,Sat
11:42:11,151,Sheridan,,Sat
10:55:45,147,Outer DuSable Lake Shore Express,,Mon,Tue,Wed,Thu,Fri
16:41:45,147,Outer DuSable Lake Shore Express,,Sun
16:09:25,3,King Drive,,Sun
13:49:59,151,Sheridan,,Sat
13:55:59,151,Sheridan,,Mon,Tue,Wed,Thu,Fri
20:27:26,151,Sheridan,,Sun
17:45:36,6,Jackson Park Express,,Sat
12:49:01,151,Sheridan,,Sat
05:49:35,26,South Shore Express,,Mon,Tue,Wed,Thu,Fri
16:30:06,6,Jackson Park Express,,Mon,Tue,Wed,Thu,Fri
06:56:47,3,King Drive,,Mon,Tue,Wed,Thu,Fri
16:37:29,3,King Drive,,Mon,Tue,Wed,Thu,Fri
12:32:50,3,King Drive,,Sat
06:17:30,26,South Shore Express,,Mon,Tue,Wed,Thu,Fri
20:48:17,3,King Drive,,Mon,Tue,Wed,Thu,Fri
11:44:43,3,King Drive,,Mon,Tue,Wed,Thu,Fri
19:45:19,151,Sheridan,,Sun
08:33:59,151,Sheridan,,Sat
14:10:08,3,King Drive,,Mon,Tue,Wed,Thu,Fri
17:58:20,3,King Drive,,Sat
01:08:01,151,Sheridan,,Mon
09:32:08,3,King Drive,,Mon,Tue,Wed,Thu,Fri
23:27:01,3,King Drive,,Mon,Tue,Wed,Thu,Fri
14:39:04,3,King Drive,,Sun
12:38:45,147,Outer DuSable Lake Shore Express,,Sat
16:19:12,147,Outer DuSable Lake Shore Express,,Sat
17:02:46,151,Sheridan,,Mon,Tue,Wed,Thu,Fri
16:27:46,151,Sheridan,,Mon,Tue,Wed,Thu,Fri
17:55:03,147,Outer DuSable Lake Shore Express,,Mon,Tue,Wed,Thu,Fri
10:14:06,6,Jackson Park Express,,Mon,Tue,Wed,Thu,Fri
15:32:59,151,Sheridan,,Sat
11:29:45,147,Outer DuSable Lake Shore Express,,Mon,Tue,Wed,Thu,Fri
14:07:29,151,Sheridan,,Mon,Tue,Wed,Thu,Fri
18:07:29,3,King Drive,,Sat
05:18:36,6,Jackson Park Express,,Mon,Tue,Wed,Thu,Fri
20:41:47,147,Outer DuSable Lake Shore Express,,Sat
09:48:43,3,King Drive,,Sat
00:51:31,151,Sheridan,,Mon
15:33:06,6,Jackson Park Express,,Sun
10:12:48,147,Outer DuSable Lake Shore Express,,Sat
12:16:07,6,Jackson Park Express,,Sat
20:07:46,151,Sheridan,,Sat
07:08:52,20,Madison,,Mon,Tue,Wed,Thu,Fri
16:35:12,147,Outer DuSable Lake Shore Express,,Sat
11:00:14,151,Sheridan,,Sat
17:50:45,157,Streeterville/Taylor,,Mon,Tue,Wed,Thu,Fri
10:18:25,6,Jackson Park Express,,Sat
11:18:46,147,Outer DuSable Lake Shore Express,,Sat
18:19:06,157,Streeterville/Taylor,,Mon,Tue,Wed,Thu,Fri
11:27:59,3,King Drive,,Sat
20:21:06,6,Jackson Park Express,,Sun
06:42:01,151,Sheridan,,Sat
13:04:16,151,Sheridan,,Sun
20:10:08,147,Outer DuSable Lake Shore Express,,Mon,Tue,Wed,Thu,Fri
17:58:19,151,Sheridan,,Sun
20:06:36,6,Jackson Park Express,,Sat
14:37:11,151,Sheridan,,Sun
17:18:14,151,Sheridan,,Sun
15:59:16,147,Outer DuSable Lake Shore Express,,Sun
10:15:38,3,King Drive,,Sat
10:10:41,151,Sheridan,,Mon,Tue,Wed,Thu,Fri
00:37:59,151,Sheridan,,Sun
11:53:08,3,King Drive,,Sun
12:33:49,151,Sheridan,,Sun
20:04:22,3,King Drive,,Sun
11:55:29,151,Sheridan,,Mon,Tue,Wed,Thu,Fri
19:02:29,3,King Drive,,Sat
21:11:12,157,Streeterville/Taylor,,Mon,Tue,Wed,Thu,Fri
07:00:31,151,Sheridan,,Sat
21:29:47,147,Outer DuSable Lake Shore Express,,Sat
13:04:06,6,Jackson Park Express,,Mon,Tue,Wed,Thu,Fri
18:38:19,151,Sheridan,,Sun
16:13:06,6,Jackson Park Express,,Sat
16:46:29,151,Sheridan,,Sat
09:31:51,151,Sheridan,,Sat
13:24:46,151,Sheridan,,Sun
16:15:23,20,Madison,,Mon,Tue,Wed,Thu,Fri
07:56:17,26,South Shore Express,,Mon,Tue,Wed,Thu,Fri
21:32:16,147,Outer DuSable Lake Shore Express,,Mon,Tue,Wed,Thu,Fri
15:41:33,20,Madison,,Mon,Tue,Wed,Thu,Fri
06:43:56,151,Sheridan,,Mon,Tue,Wed,Thu,Fri
09:21:29,151,Sheridan,,Sun
09:38:36,6,Jackson Park Express,,Mon,Tue,Wed,Thu,Fri
07:31:49,147,Outer DuSable Lake Shore Express,,Sat
14:44:17,6,Jackson Park Express,,Sun
19:02:38,147,Outer DuSable Lake Shore Express,,Mon,Tue,Wed,Thu,Fri
12:44:07,6,Jackson Park Express,,Sat
13:37:08,3,King Drive,,Mon,Tue,Wed,Thu,Fri
12:41:46,147,Outer DuSable Lake Shore Express,,Sun
21:27:22,3,King Drive,,Mon,Tue,Wed,Thu,Fri
06:14:22,3,King Drive,,Mon,Tue,Wed,Thu,Fri
20:51:12,157,Streeterville/Taylor,,Mon,Tue,Wed,Thu,Fri
17:58:19,151,Sheridan,,Sun
14:35:52,157,Streeterville/Taylor,,Mon,Tue,Wed,Thu,Fri
10:48:21,151,Sheridan,,Sun
11:24:06,6,Jackson Park Express,,Sun
17:40:11,3,King Drive,,Sat
14:10:16,147,Outer DuSable Lake Shore Express,,Sun
16:14:29,151,Sheridan,,Sat
16:48:14,151,Sheridan,,Sun
18:44:15,143,Stockton/Michigan Express,,Mon,Tue,Wed,Thu,Fri
18:27:36,6,Jackson Park Express,,Sat
17:41:23,20,Madison,,Mon,Tue,Wed,Thu,Fri
11:02:06,6,Jackson Park Express,,Mon,Tue,Wed,Thu,Fri
22:27:17,147,Outer DuSable Lake Shore Express,,Mon,Tue,Wed,Thu,Fri
21:40:54,151,Sheridan,,Mon,Tue,Wed,Thu,Fri
21:19:06,6,Jackson Park Express,,Mon,Tue,Wed,Thu,Fri
11:53:08,3,King Drive,,Sun
10:10:41,151,Sheridan,,Mon,Tue,Wed,Thu,Fri
17:48:06,6,Jackson Park Express,,Sun
12:07:47,147,Outer DuSable Lake Shore Express,,Sun
17:44:33,147,Outer DuSable Lake Shore Express,,Mon,Tue,Wed,Thu,Fri
12:56:04,3,King Drive,,Sun
08:14:17,3,King Drive,,Sat
17:27:36,6,Jackson Park Express,,Sun
15:23:12,20,Madison,,Mon,Tue,Wed,Thu,Fri
14:10:16,147,Outer DuSable Lake Shore Express,,Sun
12:32:04,3,King Drive,,Sun
16:27:12,147,Outer DuSable Lake Shore Express,,Sat
11:53:57,26,South Shore Express,,Mon,Tue,Wed,Thu,Fri
18:16:06,6,Jackson Park Express,,Sat
15:24:59,151,Sheridan,,Sat
10:28:43,3,King Drive,,Mon,Tue,Wed,Thu,Fri
18:24:53,20,Madison,,Mon,Tue,Wed,Thu,Fri
09:45:52,26,South Shore Express,,Mon,Tue,Wed,Thu,Fri
16:49:06,6,Jackson Park Express,,Sat
21:19:25,6,Jackson Park Express,,Sat
11:31:51,151,Sheridan,,Sun
06:52:52,3,King Drive,,Sat
12:32:34,151,Sheridan,,Sat
17:47:23,20,Madison,,Mon,Tue,Wed,Thu,Fri
11:13:45,147,Outer DuSable Lake Shore Express,,Mon,Tue,Wed,Thu,Fri
12:45:43,147,Outer DuSable Lake Shore Express,,Mon,Tue,Wed,Thu,Fri
12:32:50,3,King Drive,,Sat
07:49:01,151,Sheridan,,Sat
17:20:58,6,Jackson Park Express,,Sat
05:30:55,6,Jackson Park Express,,Sat
01:18:01,151,Sheridan,,Tue,Wed,Thu,Fri,Sat
20:34:26,6,Jackson Park Express,,Sat
23:35:29,151,Sheridan,,Sun
01:12:33,66,Chicago,,Sun
06:04:03,26,South Shore Express,,Mon,Tue,Wed,Thu,Fri
13:16:01,151,Sheridan,,Sat
08:24:08,3,King Drive,,Mon,Tue,Wed,Thu,Fri
10:30:47,6,Jackson Park Express,,Mon,Tue,Wed,Thu,Fri
00:38:01,151,Sheridan,,Tue,Wed,Thu,Fri,Sat
21:32:22,3,King Drive,,Sun
17:00:23,20,Madison,,Mon,Tue,Wed,Thu,Fri
13:10:11,3,King Drive,,Sat
15:16:59,151,Sheridan,,Sat
11:51:21,151,Sheridan,,Sun
07:13:51,151,Sheridan,,Mon,Tue,Wed,Thu,Fri
17:08:14,151,Sheridan,,Sun
17:37:19,157,Streeterville/Taylor,,Mon,Tue,Wed,Thu,Fri
21:58:43,3,King Drive,,Sat
17:22:40,143,Stockton/Michigan Express,,Mon,Tue,Wed,Thu,Fri
09:01:08,3,King Drive,,Mon,Tue,Wed,Thu,Fri
13:37:13,147,Outer DuSable Lake Shore Express,,Sat
13:44:46,151,Sheridan,,Sun
14:32:38,3,King Drive,,Mon,Tue,Wed,Thu,Fri
16:33:11,3,King Drive,,Sat
19:05:06,6,Jackson Park Express,,Mon,Tue,Wed,Thu,Fri
13:57:36,6,Jackson Park Express,,Sat
08:43:08,3,King Drive,,Mon,Tue,Wed,Thu,Fri
15:27:36,6,Jackson Park Express,,Sat
17:00:11,147,Outer DuSable Lake Shore Express,,Mon,Tue,Wed,Thu,Fri
06:54:01,151,Sheridan,,Sun
01:11:01,151,Sheridan,,Sun
11:38:25,3,King Drive,,Sat
14:54:16,147,Outer DuSable Lake Shore Express,,Sun
14:51:42,20,Madison,,Mon,Tue,Wed,Thu,Fri
18:07:54,151,Sheridan,,Mon,Tue,Wed,Thu,Fri
13:48:36,6,Jackson Park Express,,Sat
11:53:06,6,Jackson Park Express,,Sat
19:59:04,3,King Drive,,Sat
16:10:33,147,Outer DuSable Lake Shore Express,,Mon,Tue,Wed,Thu,Fri
17:12:46,151,Sheridan,,Mon,Tue,Wed,Thu,Fri
08:08:03,20,Madison,,Mon,Tue,Wed,Thu,Fri
11:00:43,3,King Drive,,Mon,Tue,Wed,Thu,Fri
19:44:18,147,Outer DuSable Lake Shore Express,,Sun
09:45:17,3,King Drive,,Sun
17:25:23,20,Madison,,Mon,Tue,Wed,Thu,Fri
21:38:26,151,Sheridan,,Sun
18:33:23,20,Madison,,Mon,Tue,Wed,Thu,Fri
22:18:36,6,Jackson Park Express,,Mon,Tue,Wed,Thu,Fri
16:47:46,151,Sheridan,,Mon,Tue,Wed,Thu,Fri
12:30:17,147,Outer DuSable Lake Shore Express,,Sun
11:13:36,6,Jackson Park Express,,Sat
12:15:44,147,Outer DuSable Lake Shore Express,,Mon,Tue,Wed,Thu,Fri
07:40:16,151,Sheridan,,Mon,Tue,Wed,Thu,Fri
17:11:19,157,Streeterville/Taylor,,Mon,Tue,Wed,Thu,Fri
16:26:29,3,King Drive,,Mon,Tue,Wed,Thu,Fri
08:16:47,26,South Shore Express,,Mon,Tue,Wed,Thu,Fri
22:44:18,147,Outer DuSable Lake Shore Express,,Sat
18:38:19,151,Sheridan,,Sun
23:42:26,6,Jackson Park Express,,Sat
22:37:26,151,Sheridan,,Sun
13:31:59,151,Sheridan,,Mon,Tue,Wed,Thu,Fri
21:23:08,147,Outer DuSable Lake Shore Express,,Mon,Tue,Wed,Thu,Fri
09:10:51,151,Sheridan,,Sat
13:03:36,6,Jackson Park Express,,Sat
05:49:55,6,Jackson Park Express,,Sat
14:33:47,6,Jackson Park Express,,Sun
12:28:36,6,Jackson Park Express,,Sat
10:55:45,147,Outer DuSable Lake Shore Express,,Mon,Tue,Wed,Thu,Fri
11:16:44,151,Sheridan,,Sat
14:51:27,26,South Shore Express,,Mon,Tue,Wed,Thu,Fri
06:59:55,6,Jackson Park Express,,Sat
09:50:38,3,King Drive,,Mon,Tue,Wed,Thu,Fri
19:16:46,147,Outer DuSable Lake Shore Express,,Sat
20:37:22,3,King Drive,,Sun
17:32:29,3,King Drive,,Mon,Tue,Wed,Thu,Fri
18:48:14,151,Sheridan,,Sat
18:09:36,6,Jackson Park Express,,Sun
12:04:06,6,Jackson Park Express,,Sun
12:02:36,6,Jackson Park Express,,Sat
11:34:18,147,Outer DuSable Lake Shore Express,,Sun
20:38:55,6,Jackson Park Express,,Sun
18:29:01,151,Sheridan,,Mon,Tue,Wed,Thu,Fri
18:29:29,3,King Drive,,Sat
19:46:06,6,Jackson Park Express,,Sun
10:51:44,151,Sheridan,,Sat
13:30:22,157,Streeterville/Taylor,,Mon,Tue,Wed,Thu,Fri
12:41:50,3,King Drive,,Sat
12:14:50,3,King Drive,,Sat
00:32:31,151,Sheridan,,Mon
18:10:42,147,Outer DuSable Lake Shore Express,,Mon,Tue,Wed,Thu,Fri
24:22:55,6,Jackson Park Express,,Sun
07:51:44,151,Sheridan,,Mon,Tue,Wed,Thu,Fri
16:08:17,6,Jackson Park Express,,Sun
15:21:37,6,Jackson Park Express,,Mon,Tue,Wed,Thu,Fri
13:24:46,151,Sheridan,,Sun
19:18:09,151,Sheridan,,Mon,Tue,Wed,Thu,Fri
11:50:46,147,Outer DuSable Lake Shore Express,,Sat
19:35:08,147,Outer DuSable Lake Shore Express,,Mon,Tue,Wed,Thu,Fri
07:58:03,20,Madison,,Mon,Tue,Wed,Thu,Fri
18:30:08,3,King Drive,,Sun
21:04:24,151,Sheridan,,Sat
19:22:13,3,King Drive,,Sun
14:44:42,20,Madison,,Mon,Tue,Wed,Thu,Fri
16:44:12,157,Streeterville/Taylor,,Mon,Tue,Wed,Thu,Fri
13:54:34,3,King Drive,,Sun
16:10:43,143,Stockton/Michigan Express,,Mon,Tue,Wed,Thu,Fri
15:55:33,147,Outer DuSable Lake Shore Express,,Mon,Tue,Wed,Thu,Fri
10:33:49,151,Sheridan,,Sat
16:32:33,147,Outer DuSable Lake Shore Express,,Mon,Tue,Wed,Thu,Fri
09:20:39,151,Sheridan,,Mon,Tue,Wed,Thu,Fri
11:33:43,3,King Drive,,Mon,Tue,Wed,Thu,Fri
13:37:08,3,King Drive,,Mon,Tue,Wed,Thu,Fri
12:06:43,3,King Drive,,Mon,Tue,Wed,Thu,Fri
13:19:11,3,King Drive,,Sat
15:50:08,3,King Drive,,Mon,Tue,Wed,Thu,Fri
17:35:53,20,Madison,,Mon,Tue,Wed,Thu,Fri
18:31:33,147,Outer DuSable Lake Shore Express,,Mon,Tue,Wed,Thu,Fri
05:33:56,3,King Drive,,Sat
13:41:31,151,Sheridan,,Sat
02:12:24,66,Chicago,,Tue,Wed,Thu,Fri,Sat
14:12:13,147,Outer DuSable Lake Shore Express,,Mon,Tue,Wed,Thu,Fri
13:26:08,3,King Drive,,Mon,Tue,Wed,Thu,Fri
06:12:34,151,Sheridan,,Sun
07:13:02,157,Streeterville/Taylor,,Mon,Tue,Wed,Thu,Fri
13:05:14,147,Outer DuSable Lake Shore Express,,Sat
07:34:17,3,King Drive,,Mon,Tue,Wed,Thu,Fri
17:22:10,147,Outer DuSable Lake Shore Express,,Mon,Tue,Wed,Thu,Fri
19:46:43,3,King Drive,,Mon,Tue,Wed,Thu,Fri
18:18:19,151,Sheridan,,Sun
15:38:38,3,King Drive,,Mon,Tue,Wed,Thu,Fri
19:10:48,147,Outer DuSable Lake Shore Express,,Sun
14:43:38,3,King Drive,,Mon,Tue,Wed,Thu,Fri
06:31:22,20,Madison,,Mon,Tue,Wed,Thu,Fri
08:23:03,20,Madison,,Mon,Tue,Wed,Thu,Fri
07:51:43,3,King Drive,,Mon,Tue,Wed,Thu,Fri
08:08:39,157,Streeterville/Taylor,,Mon,Tue,Wed,Thu,Fri
13:10:11,3,King Drive,,Sat
13:28:11,3,King Drive,,Sat
13:54:46,151,Sheridan,,Sun
17:59:25,3,King Drive,,Sun
17:06:36,6,Jackson Park Express,,Sun
05:54:01,151,Sheridan,,Mon,Tue,Wed,Thu,Fri
08:56:25,6,Jackson Park Express,,Sun
15:17:12,20,Madison,,Mon,Tue,Wed,Thu,Fri
14:55:12,147,Outer DuSable Lake Shore Express,,Sat
14:40:06,6,Jackson Park Express,,Mon,Tue,Wed,Thu,Fri
18:39:41,151,Sheridan,,Sat
20:46:56,6,Jackson Park Express,,Sat
15:39:11,3,King Drive,,Sat
15:06:28,6,Jackson Park Express,,Sat
09:28:48,147,Outer DuSable Lake Shore Express,,Sun
14:04:22,157,Streeterville/Taylor,,Mon,Tue,Wed,Thu,Fri
19:29:36,6,Jackson Park Express,,Sat
17:57:49,151,Sheridan,,Mon,Tue,Wed,Thu,Fri
19:10:49,151,Sheridan,,Sun
21:59:47,147,Outer DuSable Lake Shore Express,,Sat
06:49:17,3,King Drive,,Mon,Tue,Wed,Thu,Fri
20:36:04,3,King Drive,,Sat
17:10:11,3,King Drive,,Sat
08:31:08,3,King Drive,,Mon,Tue,Wed,Thu,Fri
17:49:10,147,Outer DuSable Lake Shore Express,,Mon,Tue,Wed,Thu,Fri
16:09:25,3,King Drive,,Sun
14:27:14,151,Sheridan,,Sun
13:48:08,3,King Drive,,Mon,Tue,Wed,Thu,Fri
08:14:17,3,King Drive,,Sat
13:48:08,3,King Drive,,Mon,Tue,Wed,Thu,Fri
17:38:06,6,Jackson Park Express,,Sun
10:32:41,151,Sheridan,,Mon,Tue,Wed,Thu,Fri
19:31:12,157,Streeterville/Taylor,,Mon,Tue,Wed,Thu,Fri
11:33:41,151,Sheridan,,Sat
16:22:06,6,Jackson Park Express,,Sat
15:43:36,6,Jackson Park Express,,Sun
08:33:36,6,Jackson Park Express,,Sun
15:58:25,3,King Drive,,Sun
18:18:29,151,Sheridan,,Mon,Tue,Wed,Thu,Fri
17:10:46,147,Outer DuSable Lake Shore Express,,Sun
15:05:17,6,Jackson Park Express,,Sun
22:42:49,147,Outer DuSable Lake Shore Express,,Sun
11:15:17,6,Jackson Park Express,,Sat
08:15:19,147,Outer DuSable Lake Shore Express,,Sun
13:14:46,151,Sheridan,,Sun
09:57:55,26,South Shore Express,,Mon,Tue,Wed,Thu,Fri
09:23:38,3,King Drive,,Mon,Tue,Wed,Thu,Fri
05:51:22,20,Madison,,Mon,Tue,Wed,Thu,Fri
21:38:36,6,Jackson Park Express,,Mon,Tue,Wed,Thu,Fri
16:53:58,6,Jackson Park Express,,Sat
18:48:23,20,Madison,,Mon,Tue,Wed,Thu,Fri
12:39:06,6,Jackson Park Express,,Mon,Tue,Wed,Thu,Fri
13:08:04,3,King Drive,,Sun
10:07:56,6,Jackson Park Express,,Sun
17:28:41,143,Stockton/Michigan Express,,Mon,Tue,Wed,Thu,Fri
06:55:32,157,Streeterville/Taylor,,Mon,Tue,Wed,Thu,Fri
16:48:29,3,King Drive,,Mon,Tue,Wed,Thu,Fri
18:33:23,20,Madison,,Mon,Tue,Wed,Thu,Fri
20:09:14,151,Sheridan,,Mon,Tue,Wed,Thu,Fri
18:51:29,3,King Drive,,Sat
06:12:56,3,King Drive,,Sat
11:18:46,147,Outer DuSable Lake Shore Express,,Sat
21:49:47,147,Outer DuSable Lake Shore Express,,Sat
10:36:21,151,Sheridan,,Sun
14:32:16,147,Outer DuSable Lake Shore Express,,Sun
21:48:54,151,Sheridan,,Sat
12:44:04,3,King Drive,,Sun
20:26:49,151,Sheridan,,Sat
11:55:29,151,Sheridan,,Mon,Tue,Wed,Thu,Fri
12:30:17,147,Outer DuSable Lake Shore Express,,Sun
11:31:04,151,Sheridan,,Mon,Tue,Wed,Thu,Fri
04:42:24,66,Chicago,,Sat
15:19:09,151,Sheridan,,Sun
08:46:43,3,King Drive,,Sat
19:55:06,6,Jackson Park Express,,Mon,Tue,Wed,Thu,Fri
19:24:59,3,King Drive,,Sat
12:32:04,3,King Drive,,Sun
16:42:25,3,King Drive,,Sun
08:03:17,26,South Shore Express,,Mon,Tue,Wed,Thu,Fri
09:15:42,157,Streeterville/Taylor,,Mon,Tue,Wed,Thu,Fri
23:16:29,151,Sheridan,,Sun
05:38:01,151,Sheridan,,Sat
07:05:44,6,Jackson Park Express,,Mon,Tue,Wed,Thu,Fri
15:35:33,20,Madison,,Mon,Tue,Wed,Thu,Fri
15:20:42,147,Outer DuSable Lake Shore Express,,Sat
16:50:23,20,Madison,,Mon,Tue,Wed,Thu,Fri
10:32:41,151,Sheridan,,Mon,Tue,Wed,Thu,Fri
11:00:43,3,King Drive,,Mon,Tue,Wed,Thu,Fri
13:33:01,151,Sheridan,,Sat
07:06:47,147,Outer DuSable Lake Shore Express,,Mon,Tue,Wed,Thu,Fri
05:13:56,3,King Drive,,Sat
14:35:13,147,Outer DuSable Lake Shore Express,,Mon,Tue,Wed,Thu,Fri
10:12:48,147,Outer DuSable Lake Shore Express,,Sat
08:35:49,147,Outer DuSable Lake Shore Express,,Sat
06:46:56,6,Jackson Park Express,,Sat
08:58:47,6,Jackson Park Express,,Sat
11:14:06,6,Jackson Park Express,,Mon,Tue,Wed,Thu,Fri
10:40:36,6,Jackson Park Express,,Sun
19:44:26,6,Jackson Park Express,,Sat
07:33:17,147,Outer DuSable Lake Shore Express,,Mon,Tue,Wed,Thu,Fri
15:48:11,3,King Drive,,Sat
21:44:25,6,Jackson Park Express,,Sat
06:37:29,157,Streeterville/Taylor,,Mon,Tue,Wed,Thu,Fri
09:57:17,6,Jackson Park Express,,Sat
17:12:03,147,Outer DuSable Lake Shore Express,,Mon,Tue,Wed,Thu,Fri
10:36:38,3,King Drive,,Sat
13:36:43,147,Outer DuSable Lake Shore Express,,Mon,Tue,Wed,Thu,Fri
17:43:29,3,King Drive,,Mon,Tue,Wed,Thu,Fri
06:58:49,147,Outer DuSable Lake Shore Express,,Sat
08:03:49,147,Outer DuSable Lake Shore Express,,Sat
08:58:03,20,Madison,,Mon,Tue,Wed,Thu,Fri
11:42:11,151,Sheridan,,Sat
18:50:36,6,Jackson Park Express,,Mon,Tue,Wed,Thu,Fri
20:23:47,147,Outer DuSable Lake Shore Express,,Sat
08:24:08,3,King Drive,,Mon,Tue,Wed,Thu,Fri
13:53:47,6,Jackson Park Express,,Sun
20:40:43,3,King Drive,,Mon,Tue,Wed,Thu,Fri
01:12:24,66,Chicago,,Mon
15:54:06,6,Jackson Park Express,,Sun
12:31:08,3,King Drive,,Mon,Tue,Wed,Thu,Fri
11:47:50,3,King Drive,,Sat
07:53:17,6,Jackson Park Express,,Mon,Tue,Wed,Thu,Fri
13:30:36,6,Jackson Park Express,,Sat
14:29:29,151,Sheridan,,Sat
17:19:53,20,Madison,,Mon,Tue,Wed,Thu,Fri
14:29:29,151,Sheridan,,Sat
06:41:22,20,Madison,,Mon,Tue,Wed,Thu,Fri
23:40:17,3,King Drive,,Sat
21:29:47,147,Outer DuSable Lake Shore Express,,Sat
22:09:47,147,Outer DuSable Lake Shore Express,,Sat
05:56:52,3,King Drive,,Mon,Tue,Wed,Thu,Fri
06:16:44,6,Jackson Park Express,,Mon,Tue,Wed,Thu,Fri
04:42:41,66,Chicago,,Mon,Tue,Wed,Thu,Fri
07:15:49,147,Outer DuSable Lake Shore Express,,Sat
10:43:16,151,Sheridan,,Sat
21:04:08,147,Outer DuSable Lake Shore Express,,Mon,Tue,Wed,Thu,Fri
17:10:04,151,Sheridan,,Sat
19:31:12,157,Streeterville/Taylor,,Mon,Tue,Wed,Thu,Fri
13:46:13,147,Outer DuSable Lake Shore Express,,Sat
11:52:47,6,Jackson Park Express,,Sun
14:55:29,151,Sheridan,,Mon,Tue,Wed,Thu,Fri
16:21:15,147,Outer DuSable Lake Shore Express,,Sun
06:36:18,147,Outer DuSable Lake Shore Express,,Mon,Tue,Wed,Thu,Fri
08:56:26,3,King Drive,,Sun
07:17:31,151,Sheridan,,Sat
07:41:52,20,Madison,,Mon,Tue,Wed,Thu,Fri
13:27:55,26,South Shore Express,,Mon,Tue,Wed,Thu,Fri
15:54:06,6,Jackson Park Express,,Mon,Tue,Wed,Thu,Fri
12:41:46,147,Outer DuSable Lake Shore Express,,Sun
06:00:06,151,Sheridan,,Sat
15:07:29,151,Sheridan,,Mon,Tue,Wed,Thu,Fri
07:01:22,20,Madison,,Mon,Tue,Wed,Thu,Fri
11:38:25,3,King Drive,,Sat
14:16:36,6,Jackson Park Express,,Sat
15:37:13,147,Outer DuSable Lake Shore Express,,Mon,Tue,Wed,Thu,Fri
17:42:11,151,Sheridan,,Mon,Tue,Wed,Thu,Fri
14:19:29,151,Sheridan,,Mon,Tue,Wed,Thu,Fri
09:48:41,151,Sheridan,,Mon,Tue,Wed,Thu,Fri
12:31:06,6,Jackson Park Express,,Sun
16:00:28,6,Jackson Park Express,,Sat
14:13:29,151,Sheridan,,Sat
14:28:04,3,King Drive,,Sun
21:50:52,3,King Drive,,Sun
23:46:55,6,Jackson Park Express,,Sun
15:30:11,3,King Drive,,Sat
00:38:01,151,Sheridan,,Tue,Wed,Thu,Fri,Sat
09:31:26,6,Jackson Park Express,,Mon,Tue,Wed,Thu,Fri
18:52:15,147,Outer DuSable Lake Shore Express,,Sat
22:10:54,151,Sheridan,,Mon,Tue,Wed,Thu,Fri
18:53:36,151,Sheridan,,Mon,Tue,Wed,Thu,Fri
07:35:04,151,Sheridan,,Sun
16:56:06,6,Jackson Park Express,,Sun
20:46:08,147,Outer DuSable Lake Shore Express,,Mon,Tue,Wed,Thu,Fri
01:12:24,66,Chicago,,Mon
16:32:33,147,Outer DuSable Lake Shore Express,,Mon,Tue,Wed,Thu,Fri
18:15:43,143,Stockton/Michigan Express,,Mon,Tue,Wed,Thu,Fri
11:58:41,151,Sheridan,,Sat
08:23:06,151,Sheridan,,Mon,Tue,Wed,Thu,Fri
23:14:55,6,Jackson Park Express,,Sun
16:18:47,6,Jackson Park Express,,Sun
07:16:25,6,Jackson Park Express,,Sat
12:19:47,6,Jackson Park Express,,Sun
12:43:59,151,Sheridan,,Mon,Tue,Wed,Thu,Fri
14:07:06,6,Jackson Park Express,,Sat
17:44:45,147,Outer DuSable Lake Shore Express,,Sat
08:20:46,147,Outer DuSable Lake Shore Express,,Mon,Tue,Wed,Thu,Fri
09:12:52,3,King Drive,,Sun
13:46:13,147,Outer DuSable Lake Shore Express,,Sat
20:24:46,151,Sheridan,,Mon,Tue,Wed,Thu,Fri
16:29:17,6,Jackson Park Express,,Sun
18:05:36,6,Jackson Park Express,,Sat
13:49:59,151,Sheridan,,Sat
14:44:59,151,Sheridan,,Sat
13:27:43,147,Outer DuSable Lake Shore Express,,Sat
15:30:11,3,King Drive,,Sat
23:39:19,147,Outer DuSable Lake Shore Express,,Sun
11:06:38,3,King Drive,,Sat
13:07:59,151,Sheridan,,Mon,Tue,Wed,Thu,Fri
14:38:12,147,Outer DuSable Lake Shore Express,,Sat
23:20:48,147,Outer DuSable Lake Shore Express,,Sat
20:46:08,147,Outer DuSable Lake Shore Express,,Mon,Tue,Wed,Thu,Fri
19:21:49,151,Sheridan,,Sun
08:33:49,147,Outer DuSable Lake Shore Express,,Sun
05:27:49,147,Outer DuSable Lake Shore Express,,Mon,Tue,Wed,Thu,Fri
06:24:47,3,King Drive,,Mon,Tue,Wed,Thu,Fri
17:27:11,151,Sheridan,,Mon,Tue,Wed,Thu,Fri
16:34:07,6,Jackson Park Express,,Mon,Tue,Wed,Thu,Fri
16:18:06,6,Jackson Park Express,,Mon,Tue,Wed,Thu,Fri
16:50:42,147,Outer DuSable Lake Shore Express,,Sat
15:35:33,20,Madison,,Mon,Tue,Wed,Thu,Fri
06:33:01,151,Sheridan,,Sun
16:16:32,157,Streeterville/Taylor,,Mon,Tue,Wed,Thu,Fri
20:28:08,147,Outer DuSable Lake Shore Express,,Mon,Tue,Wed,Thu,Fri
13:24:43,147,Outer DuSable Lake Shore Express,,Mon,Tue,Wed,Thu,Fri
14:37:29,151,Sheridan,,Sat
21:09:47,147,Outer DuSable Lake Shore Express,,Sat
15:11:12,20,Madison,,Mon,Tue,Wed,Thu,Fri
18:53:36,151,Sheridan,,Mon,Tue,Wed,Thu,Fri
12:40:46,157,Streeterville/Taylor,,Mon,Tue,Wed,Thu,Fri
22:28:26,6,Jackson Park Express,,Sat
19:42:16,147,Outer DuSable Lake Shore Express,,Mon,Tue,Wed,Thu,Fri
21:49:26,6,Jackson Park Express,,Sat
00:41:45,6,Jackson Park Express,,Tue,Wed,Thu,Fri,Sat
07:51:36,6,Jackson Park Express,,Mon,Tue,Wed,Thu,Fri
19:48:14,151,Sheridan,,Sat
14:20:07,6,Jackson Park Express,,Mon,Tue,Wed,Thu,Fri
24:11:06,6,Jackson Park Express,,Sat
14:35:52,157,Streeterville/Taylor,,Mon,Tue,Wed,Thu,Fri
12:44:07,6,Jackson Park Express,,Mon,Tue,Wed,Thu,Fri
11:05:08,3,King Drive,,Sun
17:04:42,147,Outer DuSable Lake Shore Express,,Sat
01:44:01,151,Sheridan,,Sun
05:32:04,151,Sheridan,,Mon,Tue,Wed,Thu,Fri
06:55:25,6,Jackson Park Express,,Sun
19:13:29,3,King Drive,,Sat
08:15:26,3,King Drive,,Sun
16:30:23,20,Madison,,Mon,Tue,Wed,Thu,Fri
12:23:50,3,King Drive,,Sat
18:10:42,147,Outer DuSable Lake Shore Express,,Mon,Tue,Wed,Thu,Fri
06:27:29,151,Sheridan,,Mon,Tue,Wed,Thu,Fri
23:03:43,3,King Drive,,Sat
17:10:46,147,Outer DuSable Lake Shore Express,,Sun
15:27:38,3,King Drive,,Mon,Tue,Wed,Thu,Fri
12:06:39,151,Sheridan,,Sat
15:37:13,147,Outer DuSable Lake Shore Express,,Mon,Tue,Wed,Thu,Fri
20:59:47,147,Outer DuSable Lake Shore Express,,Sat
19:09:15,147,Outer DuSable Lake Shore Express,,Mon,Tue,Wed,Thu,Fri
19:28:14,151,Sheridan,,Sat
14:57:28,6,Jackson Park Express,,Sat
15:46:12,147,Outer DuSable Lake Shore Express,,Mon,Tue,Wed,Thu,Fri
07:47:22,20,Madison,,Mon,Tue,Wed,Thu,Fri
04:49:52,20,Madison,,Mon,Tue,Wed,Thu,Fri
23:49:59,151,Sheridan,,Sat
10:22:56,6,Jackson Park Express,,Sun
12:54:16,151,Sheridan,,Sun
16:54:01,151,Sheridan,,Sat
14:09:06,6,Jackson Park Express,,Sun
17:44:33,147,Outer DuSable Lake Shore Express,,Mon,Tue,Wed,Thu,Fri
19:49:17,3,King Drive,,Sun
06:52:56,3,King Drive,,Sun
15:27:16,147,Outer DuSable Lake Shore Express,,Sun
05:51:22,20,Madison,,Mon,Tue,Wed,Thu,Fri
18:00:46,147,Outer DuSable Lake Shore Express,,Sun
22:56:59,151,Sheridan,,Sun
24:20:15,6,Jackson Park Express,,Mon,Tue,Wed,Thu,Fri
07:47:47,147,Outer DuSable Lake Shore Express,,Mon,Tue,Wed,Thu,Fri
07:49:01,151,Sheridan,,Sat
10:10:57,26,South Shore Express,,Mon,Tue,Wed,Thu,Fri
19:25:16,147,Outer DuSable Lake Shore Express,,Sat
15:57:47,6,Jackson Park Express,,Sun
23:19:49,147,Outer DuSable Lake Shore Express,,Sun
21:32:22,3,King Drive,,Sun
08:52:04,151,Sheridan,,Mon,Tue,Wed,Thu,Fri
14:13:29,151,Sheridan,,Sat
08:18:03,20,Madison,,Mon,Tue,Wed,Thu,Fri
17:28:14,151,Sheridan,,Sun
19:33:19,151,Sheridan,,Sun
09:59:13,3,King Drive,,Mon,Tue,Wed,Thu,Fri
10:18:47,6,Jackson Park Express,,Mon,Tue,Wed,Thu,Fri
08:32:06,6,Jackson Park Express,,Mon,Tue,Wed,Thu,Fri
18:25:37,6,Jackson Park Express,,Mon,Tue,Wed,Thu,Fri
23:23:43,3,King Drive,,Sat
13:54:28,6,Jackson Park Express,,Sat
09:01:34,151,Sheridan,,Mon,Tue,Wed,Thu,Fri
23:16:29,151,Sheridan,,Sun
09:21:21,151,Sheridan,,Sat
16:21:37,6,Jackson Park Express,,Mon,Tue,Wed,Thu,Fri
12:19:17,147,Outer DuSable Lake Shore Express,,Sun
12:19:59,151,Sheridan,,Mon,Tue,Wed,Thu,Fri
21:19:26,151,Sheridan,,Sun
12:56:22,157,Streeterville/Taylor,,Mon,Tue,Wed,Thu,Fri
07:44:55,6,Jackson Park Express,,Sat
15:36:25,3,King Drive,,Sun
23:00:48,147,Outer DuSable Lake Shore Express,,Sat
17:37:08,151,Sheridan,,Mon,Tue,Wed,Thu,Fri
09:19:36,6,Jackson Park Express,,Mon,Tue,Wed,Thu,Fri
11:46:07,6,Jackson Park Express,,Sat
19:54:11,151,Sheridan,,Mon,Tue,Wed,Thu,Fri
17:26:25,3,King Drive,,Sun
14:00:55,26,South Shore Express,,Mon,Tue,Wed,Thu,Fri
02:12:24,66,Chicago,,Tue,Wed,Thu,Fri,Sat
12:32:34,151,Sheridan,,Sat
06:33:01,151,Sheridan,,Sun
09:20:39,151,Sheridan,,Mon,Tue,Wed,Thu,Fri
18:38:29,3,King Drive,,Mon,Tue,Wed,Thu,Fri
12:06:07,6,Jackson Park Express,,Sat
09:57:55,26,South Shore Express,,Mon,Tue,Wed,Thu,Fri
00:20:59,151,Sheridan,,Sun
12:32:07,6,Jackson Park Express,,Mon,Tue,Wed,Thu,Fri
20:04:43,3,King Drive,,Mon,Tue,Wed,Thu,Fri
14:06:04,3,King Drive,,Sun
10:54:47,6,Jackson Park Express,,Mon,Tue,Wed,Thu,Fri
11:29:08,3,King Drive,,Sun
08:20:01,151,Sheridan,,Sat
05:53:56,3,King Drive,,Sat
18:26:58,6,Jackson Park Express,,Sat
07:16:22,20,Madison,,Mon,Tue,Wed,Thu,Fri
17:30:23,20,Madison,,Mon,Tue,Wed,Thu,Fri
17:17:36,6,Jackson Park Express,,Mon,Tue,Wed,Thu,Fri
10:39:57,26,South Shore Express,,Mon,Tue,Wed,Thu,Fri
18:05:33,147,Outer DuSable Lake Shore Express,,Mon,Tue,Wed,Thu,Fri
18:18:19,151,Sheridan,,Sun
13:14:46,147,Outer DuSable Lake Shore Express,,Sun
15:16:36,6,Jackson Park Express,,Mon,Tue,Wed,Thu,Fri
16:09:28,6,Jackson Park Express,,Sat
04:44:06,6,Jackson Park Express,,Mon,Tue,Wed,Thu,Fri
05:11:22,20,Madison,,Mon,Tue,Wed,Thu,Fri
18:43:15,147,Outer DuSable Lake Shore Express,,Sat
10:39:57,26,South Shore Express,,Mon,Tue,Wed,Thu,Fri
21:55:54,151,Sheridan,,Mon,Tue,Wed,Thu,Fri
11:41:08,3,King Drive,,Sun
20:43:26,151,Sheridan,,Sun
09:26:17,26,South Shore Express,,Mon,Tue,Wed,Thu,Fri
06:54:01,151,Sheridan,,Sun
17:04:25,3,King Drive,,Sun
08:13:39,151,Sheridan,,Mon,Tue,Wed,Thu,Fri
15:15:28,6,Jackson Park Express,,Sat
15:03:11,3,King Drive,,Sat
11:05:08,3,King Drive,,Sun
07:11:47,3,King Drive,,Mon,Tue,Wed,Thu,Fri
07:34:17,3,King Drive,,Mon,Tue,Wed,Thu,Fri
22:43:14,6,Jackson Park Express,,Mon,Tue,Wed,Thu,Fri
09:02:17,26,South Shore Express,,Mon,Tue,Wed,Thu,Fri
09:16:16,147,Outer DuSable Lake Shore Express,,Mon,Tue,Wed,Thu,Fri
18:52:46,157,Streeterville/Taylor,,Mon,Tue,Wed,Thu,Fri
14:32:07,6,Jackson Park Express,,Mon,Tue,Wed,Thu,Fri
20:54:22,3,King Drive,,Sun
16:09:46,147,Outer DuSable Lake Shore Express,,Sun
10:36:38,3,King Drive,,Sat
14:46:42,147,Outer DuSable Lake Shore Express,,Sat
09:24:48,147,Outer DuSable Lake Shore Express,,Sat
08:38:03,20,Madison,,Mon,Tue,Wed,Thu,Fri
10:19:18,147,Outer DuSable Lake Shore Express,,Sun
18:54:13,3,King Drive,,Sun
05:46:19,147,Outer DuSable Lake Shore Express,,Mon,Tue,Wed,Thu,Fri
10:23:54,151,Sheridan,,Sun
07:05:26,6,Jackson Park Express,,Sat
18:40:46,147,Outer DuSable Lake Shore Express,,Sun
22:27:25,6,Jackson Park Express,,Sat
10:26:06,6,Jackson Park Express,,Mon,Tue,Wed,Thu,Fri
09:45:48,147,Outer DuSable Lake Shore Express,,Sun
09:03:03,20,Madison,,Mon,Tue,Wed,Thu,Fri
01:42:24,66,Chicago,,Tue,Wed,Thu,Fri,Sat
18:51:29,3,King Drive,,Sat
05:01:44,6,Jackson Park Express,,Mon,Tue,Wed,Thu,Fri
17:41:23,20,Madison,,Mon,Tue,Wed,Thu,Fri
13:33:01,151,Sheridan,,Sat
14:35:13,147,Outer DuSable Lake Shore Express,,Mon,Tue,Wed,Thu,Fri
05:53:56,3,King Drive,,Sat
21:10:51,151,Sheridan,,Mon,Tue,Wed,Thu,Fri
18:41:13,3,King Drive,,Sun
19:10:49,151,Sheridan,,Sun
17:30:11,3,King Drive,,Sat
19:33:44,6,Jackson Park Express,,Mon,Tue,Wed,Thu,Fri
18:10:26,6,Jackson Park Express,,Sun
07:19:17,3,King Drive,,Mon,Tue,Wed,Thu,Fri
15:21:11,3,King Drive,,Sat
06:31:56,3,King Drive,,Sat
14:05:59,151,Sheridan,,Sat
09:48:49,157,Streeterville/Taylor,,Mon,Tue,Wed,Thu,Fri
19:37:43,3,King Drive,,Mon,Tue,Wed,Thu,Fri
15:11:12,20,Madison,,Mon,Tue,Wed,Thu,Fri
17:39:10,147,Outer DuSable Lake Shore Express,,Mon,Tue,Wed,Thu,Fri
12:04:19,157,Streeterville/Taylor,,Mon,Tue,Wed,Thu,Fri
20:50:47,147,Outer DuSable Lake Shore Express,,Sat
22:13:22,3,King Drive,,Mon,Tue,Wed,Thu,Fri
23:02:55,6,Jackson Park Express,,Sun
08:55:01,151,Sheridan,,Sun
02:42:24,66,Chicago,,Mon
12:06:47,6,Jackson Park Express,,Sun
18:35:26,157,Streeterville/Taylor,,Mon,Tue,Wed,Thu,Fri
12:53:08,3,King Drive,,Mon,Tue,Wed,Thu,Fri
19:00:45,147,Outer DuSable Lake Shore Express,,Sat
13:27:06,6,Jackson Park Express,,Sun
07:51:44,151,Sheridan,,Mon,Tue,Wed,Thu,Fri
17:26:25,3,King Drive,,Sun
15:30:06,6,Jackson Park Express,,Mon,Tue,Wed,Thu,Fri
02:42:16,66,Chicago,,Sun
08:10:08,3,King Drive,,Mon,Tue,Wed,Thu,Fri
17:00:46,147,Outer DuSable Lake Shore Express,,Sun
08:35:47,6,Jackson Park Express,,Sat
04:12:24,66,Chicago,,Sun
16:57:33,147,Outer DuSable Lake Shore Express,,Mon,Tue,Wed,Thu,Fri
11:12:56,157,Streeterville/Taylor,,Mon,Tue,Wed,Thu,Fri
15:26:17,6,Jackson Park Express,,Sun
06:19:19,147,Outer DuSable Lake Shore Express,,Sat
16:15:29,3,King Drive,,Mon,Tue,Wed,Thu,Fri
21:09:15,6,Jackson Park Express,,Sun
07:41:52,3,King Drive,,Sat
09:42:21,151,Sheridan,,Sat
21:22:48,147,Outer DuSable Lake Shore Express,,Sun
18:08:53,20,Madison,,Mon,Tue,Wed,Thu,Fri
21:05:22,3,King Drive,,Mon,Tue,Wed,Thu,Fri
07:41:52,3,King Drive,,Sat
14:52:59,151,Sheridan,,Sat
13:41:31,151,Sheridan,,Sat
09:58:54,151,Sheridan,,Sun
17:21:29,3,King Drive,,Mon,Tue,Wed,Thu,Fri
20:32:47,147,Outer DuSable Lake Shore Express,,Sat
17:22:40,143,Stockton/Michigan Express,,Mon,Tue,Wed,Thu,Fri
19:00:45,147,Outer DuSable Lake Shore Express,,Sat
15:12:12,147,Outer DuSable Lake Shore Express,,Sat
10:11:26,157,Streeterville/Taylor,,Mon,Tue,Wed,Thu,Fri
08:43:08,3,King Drive,,Mon,Tue,Wed,Thu,Fri
03:42:16,66,Chicago,,Mon,Tue,Wed,Thu,Fri
09:59:41,151,Sheridan,,Mon,Tue,Wed,Thu,Fri
07:47:22,20,Madison,,Mon,Tue,Wed,Thu,Fri
15:29:33,20,Madison,,Mon,Tue,Wed,Thu,Fri
19:25:16,147,Outer DuSable Lake Shore Express,,Sat
07:55:19,147,Outer DuSable Lake Shore Express,,Sun
17:58:09,151,Sheridan,,Sat
11:17:08,3,King Drive,,Sun
13:19:11,3,King Drive,,Sat
22:41:24,151,Sheridan,,Mon,Tue,Wed,Thu,Fri
15:56:59,151,Sheridan,,Sat
23:29:05,3,King Drive,,Sun
08:10:55,6,Jackson Park Express,,Sat
16:08:24,151,Sheridan,,Mon,Tue,Wed,Thu,Fri
11:27:59,3,King Drive,,Sat
20:27:26,151,Sheridan,,Sun
06:12:36,6,Jackson Park Express,,Sun
17:30:10,147,Outer DuSable Lake Shore Express,,Mon,Tue,Wed,Thu,Fri
07:30:26,6,Jackson Park Express,,Mon,Tue,Wed,Thu,Fri
05:33:14,6,Jackson Park Express,,Mon,Tue,Wed,Thu,Fri
17:49:39,151,Sheridan,,Sat
10:59:21,151,Sheridan,,Sun
21:44:14,6,Jackson Park Express,,Mon,Tue,Wed,Thu,Fri
22:58:06,6,Jackson Park Express,,Mon,Tue,Wed,Thu,Fri
15:29:12,147,Outer DuSable Lake Shore Express,,Sat
22:14:17,147,Outer DuSable Lake Shore Express,,Mon,Tue,Wed,Thu,Fri
06:06:22,3,King Drive,,Mon,Tue,Wed,Thu,Fri
17:47:13,151,Sheridan,,Mon,Tue,Wed,Thu,Fri
18:29:29,3,King Drive,,Sat
23:27:01,3,King Drive,,Mon,Tue,Wed,Thu,Fri
08:10:01,151,Sheridan,,Sun
06:19:19,147,Outer DuSable Lake Shore Express,,Sat
17:32:08,151,Sheridan,,Mon,Tue,Wed,Thu,Fri
07:30:06,6,Jackson Park Express,,Sun
11:56:50,3,King Drive,,Sat
19:32:48,147,Outer DuSable Lake Shore Express,,Sun
17:30:46,147,Outer DuSable Lake Shore Express,,Sun
19:18:38,147,Outer DuSable Lake Shore Express,,Mon,Tue,Wed,Thu,Fri
15:01:36,6,Jackson Park Express,,Sun
07:33:31,151,Sheridan,,Sat
20:03:44,6,Jackson Park Express,,Mon,Tue,Wed,Thu,Fri
00:20:59,151,Sheridan,,Sun
20:11:12,157,Streeterville/Taylor,,Mon,Tue,Wed,Thu,Fri
10:20:17,6,Jackson Park Express,,Sat
15:47:33,20,Madison,,Mon,Tue,Wed,Thu,Fri
13:44:46,151,Sheridan,,Sun
10:37:56,6,Jackson Park Express,,Sun
19:35:04,3,King Drive,,Sat
21:38:22,3,King Drive,,Mon,Tue,Wed,Thu,Fri
09:46:26,151,Sheridan,,Sun
06:51:48,147,Outer DuSable Lake Shore Express,,Mon,Tue,Wed,Thu,Fri
20:41:47,147,Outer DuSable Lake Shore Express,,Sat
14:16:46,151,Sheridan,,Sun
22:37:26,151,Sheridan,,Sun
01:42:16,66,Chicago,,Sun
21:49:22,3,King Drive,,Mon,Tue,Wed,Thu,Fri
22:32:47,147,Outer DuSable Lake Shore Express,,Sat
21:58:26,151,Sheridan,,Sun
05:31:52,3,King Drive,,Mon,Tue,Wed,Thu,Fri
20:40:43,3,King Drive,,Mon,Tue,Wed,Thu,Fri
18:35:26,157,Streeterville/Taylor,,Mon,Tue,Wed,Thu,Fri
16:31:25,3,King Drive,,Sun
03:12:24,66,Chicago,,Sun
09:37:19,157,Streeterville/Taylor,,Mon,Tue,Wed,Thu,Fri
10:46:38,3,King Drive,,Sat
17:20:11,3,King Drive,,Sat
22:13:22,3,King Drive,,Mon,Tue,Wed,Thu,Fri
21:00:26,151,Sheridan,,Sun
01:12:24,66,Chicago,,Tue,Wed,Thu,Fri,Sat
06:55:26,6,Jackson Park Express,,Mon,Tue,Wed,Thu,Fri
08:04:31,151,Sheridan,,Sat
18:10:25,3,King Drive,,Sun
16:58:14,151,Sheridan,,Sun
06:39:19,147,Outer DuSable Lake Shore Express,,Sat
08:56:16,147,Outer DuSable Lake Shore Express,,Mon,Tue,Wed,Thu,Fri
23:40:44,6,Jackson Park Express,,Mon,Tue,Wed,Thu,Fri
13:43:17,6,Jackson Park Express,,Sun
20:04:22,3,King Drive,,Sun
12:05:50,3,King Drive,,Sat
11:58:41,151,Sheridan,,Sat
23:21:17,147,Outer DuSable Lake Shore Express,,Mon,Tue,Wed,Thu,Fri
17:48:25,3,King Drive,,Sun
20:46:48,147,Outer DuSable Lake Shore Express,,Sun
16:18:28,6,Jackson Park Express,,Sat
20:09:26,6,Jackson Park Express,,Sat
22:26:24,151,Sheridan,,Mon,Tue,Wed,Thu,Fri
21:58:36,6,Jackson Park Express,,Mon,Tue,Wed,Thu,Fri
23:07:56,3,King Drive,,Sun
23:40:17,3,King Drive,,Sat
22:57:26,6,Jackson Park Express,,Sat
13:39:36,6,Jackson Park Express,,Sat
15:51:28,6,Jackson Park Express,,Sat
15:53:03,20,Madison,,Mon,Tue,Wed,Thu,Fri
17:42:11,151,Sheridan,,Mon,Tue,Wed,Thu,Fri
16:50:41,143,Stockton/Michigan Express,,Mon,Tue,Wed,Thu,Fri
12:42:08,3,King Drive,,Mon,Tue,Wed,Thu,Fri
16:39:12,143,Stockton/Michigan Express,,Mon,Tue,Wed,Thu,Fri
11:30:47,6,Jackson Park Express,,Mon,Tue,Wed,Thu,Fri
18:00:46,147,Outer DuSable Lake Shore Express,,Sun
17:43:41,143,Stockton/Michigan Express,,Mon,Tue,Wed,Thu,Fri
21:04:08,147,Outer DuSable Lake Shore Express,,Mon,Tue,Wed,Thu,Fri
12:52:06,6,Jackson Park Express,,Mon,Tue,Wed,Thu,Fri
09:08:55,6,Jackson Park Express,,Sat
06:08:36,6,Jackson Park Express,,Sat
16:03:23,20,Madison,,Mon,Tue,Wed,Thu,Fri
10:56:38,3,King Drive,,Sat
07:53:04,151,Sheridan,,Sun
11:43:31,151,Sheridan,,Mon,Tue,Wed,Thu,Fri
07:04:55,26,South Shore Express,,Mon,Tue,Wed,Thu,Fri
14:29:12,147,Outer DuSable Lake Shore Express,,Sat
20:28:48,147,Outer DuSable Lake Shore Express,,Sun
07:15:49,147,Outer DuSable Lake Shore Express,,Sat
18:59:49,151,Sheridan,,Sun
18:10:46,147,Outer DuSable Lake Shore Express,,Sun
21:28:15,6,Jackson Park Express,,Sun
13:12:36,6,Jackson Park Express,,Sat
05:18:05,26,South Shore Express,,Mon,Tue,Wed,Thu,Fri
08:33:03,20,Madison,,Mon,Tue,Wed,Thu,Fri
21:28:43,3,King Drive,,Sat
06:30:30,26,South Shore Express,,Mon,Tue,Wed,Thu,Fri
11:11:06,6,Jackson Park Express,,Sun
22:20:47,147,Outer DuSable Lake Shore Express,,Sat
14:19:29,151,Sheridan,,Mon,Tue,Wed,Thu,Fri
17:04:42,147,Outer DuSable Lake Shore Express,,Sat
03:12:16,66,Chicago,,Mon,Tue,Wed,Thu,Fri
17:30:11,3,King Drive,,Sat
20:49:54,151,Sheridan,,Sat
13:01:07,6,Jackson Park Express,,Sat
22:55:54,151,Sheridan,,Mon,Tue,Wed,Thu,Fri
20:54:22,3,King Drive,,Sun
18:36:06,6,Jackson Park Express,,Mon,Tue,Wed,Thu,Fri
16:08:39,151,Sheridan,,Sun
23:58:01,151,Sheridan,,Mon,Tue,Wed,Thu,Fri
11:23:18,147,Outer DuSable Lake Shore Express,,Sun
19:29:36,6,Jackson Park Express,,Sun
22:27:17,147,Outer DuSable Lake Shore Express,,Mon,Tue,Wed,Thu,Fri
09:20:33,20,Madison,,Mon,Tue,Wed,Thu,Fri
08:23:03,20,Madison,,Mon,Tue,Wed,Thu,Fri
10:49:43,3,King Drive,,Mon,Tue,Wed,Thu,Fri
10:02:38,3,King Drive,,Sat
19:08:23,20,Madison,,Mon,Tue,Wed,Thu,Fri
16:48:26,6,Jackson Park Express,,Sun
05:30:52,20,Madison,,Mon,Tue,Wed,Thu,Fri
09:11:04,151,Sheridan,,Mon,Tue,Wed,Thu,Fri
20:50:04,3,King Drive,,Sat
18:09:45,147,Outer DuSable Lake Shore Express,,Sat
13:14:46,151,Sheridan,,Sun
22:14:17,147,Outer DuSable Lake Shore Express,,Mon,Tue,Wed,Thu,Fri
14:45:41,3,King Drive,,Sat
08:24:17,6,Jackson Park Express,,Mon,Tue,Wed,Thu,Fri
05:02:06,6,Jackson Park Express,,Mon,Tue,Wed,Thu,Fri
06:53:27,26,South Shore Express,,Mon,Tue,Wed,Thu,Fri
14:07:29,151,Sheridan,,Mon,Tue,Wed,Thu,Fri
17:58:06,6,Jackson Park Express,,Sun
16:26:42,147,Outer DuSable Lake Shore Express,,Mon,Tue,Wed,Thu,Fri
11:13:45,147,Outer DuSable Lake Shore Express,,Mon,Tue,Wed,Thu,Fri
08:38:16,147,Outer DuSable Lake Shore Express,,Mon,Tue,Wed,Thu,Fri
19:08:13,3,King Drive,,Sun
14:21:29,151,Sheridan,,Sat
16:57:33,147,Outer DuSable Lake Shore Express,,Mon,Tue,Wed,Thu,Fri
18:55:37,6,Jackson Park Express,,Mon,Tue,Wed,Thu,Fri
15:16:16,147,Outer DuSable Lake Shore Express,,Sun
08:42:06,6,Jackson Park Express,,Mon,Tue,Wed,Thu,Fri
16:55:23,20,Madison,,Mon,Tue,Wed,Thu,Fri
17:16:36,6,Jackson Park Express,,Sat
08:51:47,26,South Shore Express,,Mon,Tue,Wed,Thu,Fri
07:53:26,6,Jackson Park Express,,Sat
19:13:29,3,King Drive,,Sat
09:52:51,151,Sheridan,,Sat
11:50:06,6,Jackson Park Express,,Mon,Tue,Wed,Thu,Fri
02:42:24,66,Chicago,,Tue,Wed,Thu,Fri,Sat
17:52:41,143,Stockton/Michigan Express,,Mon,Tue,Wed,Thu,Fri
11:56:07,6,Jackson Park Express,,Sat
14:54:38,3,King Drive,,Mon,Tue,Wed,Thu,Fri
14:26:06,6,Jackson Park Express,,Sat
17:24:19,157,Streeterville/Taylor,,Mon,Tue,Wed,Thu,Fri
16:40:23,20,Madison,,Mon,Tue,Wed,Thu,Fri
08:55:08,3,King Drive,,Mon,Tue,Wed,Thu,Fri
01:38:01,151,Sheridan,,Tue,Wed,Thu,Fri,Sat
07:32:56,3,King Drive,,Sun
16:57:46,151,Sheridan,,Mon,Tue,Wed,Thu,Fri
08:02:41,151,Sheridan,,Mon,Tue,Wed,Thu,Fri
14:11:43,147,Outer DuSable Lake Shore Express,,Sat
12:23:34,151,Sheridan,,Sat
15:50:08,3,King Drive,,Mon,Tue,Wed,Thu,Fri
15:03:11,3,King Drive,,Sat
08:33:17,26,South Shore Express,,Mon,Tue,Wed,Thu,Fri
10:23:51,151,Sheridan,,Sat
15:37:22,157,Streeterville/Taylor,,Mon,Tue,Wed,Thu,Fri
16:48:29,3,King Drive,,Mon,Tue,Wed,Thu,Fri
17:12:48,6,Jackson Park Express,,Mon,Tue,Wed,Thu,Fri
22:34:21,151,Sheridan,,Sat
07:35:04,151,Sheridan,,Sun
16:37:29,3,King Drive,,Mon,Tue,Wed,Thu,Fri
20:36:16,147,Outer DuSable Lake Shore Express,,Mon,Tue,Wed,Thu,Fri
08:42:34,151,Sheridan,,Mon,Tue,Wed,Thu,Fri
17:04:25,3,King Drive,,Sun
16:28:41,151,Sheridan,,Sun
00:17:01,151,Sheridan,,Tue,Wed,Thu,Fri,Sat
06:41:36,6,Jackson Park Express,,Sun
08:54:17,6,Jackson Park Express,,Mon,Tue,Wed,Thu,Fri
18:17:33,147,Outer DuSable Lake Shore Express,,Mon,Tue,Wed,Thu,Fri
08:42:17,26,South Shore Express,,Mon,Tue,Wed,Thu,Fri
10:02:48,147,Outer DuSable Lake Shore Express,,Sun
16:04:36,6,Jackson Park Express,,Sun
09:58:54,151,Sheridan,,Sun
06:49:17,3,King Drive,,Mon,Tue,Wed,Thu,Fri
12:54:36,6,Jackson Park Express,,Sun
21:40:54,151,Sheridan,,Mon,Tue,Wed,Thu,Fri
17:25:36,151,Sheridan,,Sat
13:24:43,147,Outer DuSable Lake Shore Express,,Mon,Tue,Wed,Thu,Fri
14:37:12,20,Madison,,Mon,Tue,Wed,Thu,Fri
14:52:59,151,Sheridan,,Sat
19:19:43,3,King Drive,,Mon,Tue,Wed,Thu,Fri
09:00:24,151,Sheridan,,Sat
13:16:36,6,Jackson Park Express,,Sun
15:48:46,147,Outer DuSable Lake Shore Express,,Sun
07:49:17,26,South Shore Express,,Mon,Tue,Wed,Thu,Fri
17:19:33,147,Outer DuSable Lake Shore Express,,Mon,Tue,Wed,Thu,Fri
21:38:22,3,King Drive,,Mon,Tue,Wed,Thu,Fri
21:12:22,3,King Drive,,Sun
19:49:17,3,King Drive,,Sun
20:06:47,147,Outer DuSable Lake Shore Express,,Sat
07:13:02,157,Streeterville/Taylor,,Mon,Tue,Wed,Thu,Fri
09:10:51,151,Sheridan,,Sat
23:10:56,151,Sheridan,,Mon,Tue,Wed,Thu,Fri
20:38:21,151,Sheridan,,Sat
07:52:56,3,King Drive,,Sun
24:23:14,6,Jackson Park Express,,Mon,Tue,Wed,Thu,Fri
18:49:29,3,King Drive,,Mon,Tue,Wed,Thu,Fri
06:56:47,3,King Drive,,Mon,Tue,Wed,Thu,Fri
17:28:41,143,Stockton/Michigan Express,,Mon,Tue,Wed,Thu,Fri
16:58:14,151,Sheridan,,Sun
08:51:47,26,South Shore Express,,Mon,Tue,Wed,Thu,Fri
04:12:24,66,Chicago,,Mon,Tue,Wed,Thu,Fri
10:25:27,26,South Shore Express,,Mon,Tue,Wed,Thu,Fri
11:18:36,151,Sheridan,,Mon,Tue,Wed,Thu,Fri
20:51:12,157,Streeterville/Taylor,,Mon,Tue,Wed,Thu,Fri
22:42:25,6,Jackson Park Express,,Sat
09:11:04,151,Sheridan,,Mon,Tue,Wed,Thu,Fri
06:42:27,26,South Shore Express,,Mon,Tue,Wed,Thu,Fri
13:15:08,3,King Drive,,Mon,Tue,Wed,Thu,Fri
16:41:45,147,Outer DuSable Lake Shore Express,,Sun
12:07:47,147,Outer DuSable Lake Shore Express,,Sun
17:40:46,147,Outer DuSable Lake Shore Express,,Sun
08:17:08,3,King Drive,,Mon,Tue,Wed,Thu,Fri
09:03:42,157,Streeterville/Taylor,,Mon,Tue,Wed,Thu,Fri
18:06:11,151,Sheridan,,Sat
22:10:52,3,King Drive,,Sun
07:33:50,26,South Shore Express,,Mon,Tue,Wed,Thu,Fri
16:03:12,147,Outer DuSable Lake Shore Express,,Sat
07:19:17,3,King Drive,,Mon,Tue,Wed,Thu,Fri
13:37:11,3,King Drive,,Sat
19:32:48,147,Outer DuSable Lake Shore Express,,Sun
16:45:12,147,Outer DuSable Lake Shore Express,,Mon,Tue,Wed,Thu,Fri
08:52:49,147,Outer DuSable Lake Shore Express,,Sun
07:26:52,3,King Drive,,Sat
11:41:51,151,Sheridan,,Sun
12:43:36,6,Jackson Park Express,,Sun
19:07:47,6,Jackson Park Express,,Sat
21:49:47,147,Outer DuSable Lake Shore Express,,Sat
17:47:58,6,Jackson Park Express,,Sat
20:54:16,147,Outer DuSable Lake Shore Express,,Mon,Tue,Wed,Thu,Fri
15:16:16,147,Outer DuSable Lake Shore Express,,Sun
16:50:46,147,Outer DuSable Lake Shore Express,,Sun
08:10:08,3,King Drive,,Mon,Tue,Wed,Thu,Fri
11:29:19,157,Streeterville/Taylor,,Mon,Tue,Wed,Thu,Fri
10:54:57,26,South Shore Express,,Mon,Tue,Wed,Thu,Fri
05:29:22,20,Madison,,Mon,Tue,Wed,Thu,Fri
12:39:57,26,South Shore Express,,Mon,Tue,Wed,Thu,Fri
07:14:22,26,South Shore Express,,Mon,Tue,Wed,Thu,Fri
22:49:21,151,Sheridan,,Sat
17:15:25,3,King Drive,,Sun
21:25:14,6,Jackson Park Express,,Mon,Tue,Wed,Thu,Fri
23:04:21,151,Sheridan,,Sat
07:56:52,3,King Drive,,Sat
13:43:59,151,Sheridan,,Mon,Tue,Wed,Thu,Fri
10:32:48,147,Outer DuSable Lake Shore Express,,Sun
14:37:12,20,Madison,,Mon,Tue,Wed,Thu,Fri
07:52:33,20,Madison,,Mon,Tue,Wed,Thu,Fri
14:16:46,151,Sheridan,,Sun
22:41:17,147,Outer DuSable Lake Shore Express,,Mon,Tue,Wed,Thu,Fri
17:15:10,147,Outer DuSable Lake Shore Express,,Mon,Tue,Wed,Thu,Fri
08:34:17,6,Jackson Park Express,,Mon,Tue,Wed,Thu,Fri
14:39:28,6,Jackson Park Express,,Sat
21:34:54,151,Sheridan,,Sat
09:35:20,26,South Shore Express,,Mon,Tue,Wed,Thu,Fri
20:00:16,147,Outer DuSable Lake Shore Express,,Mon,Tue,Wed,Thu,Fri
23:01:22,3,King Drive,,Mon,Tue,Wed,Thu,Fri
10:21:41,151,Sheridan,,Mon,Tue,Wed,Thu,Fri
23:17:15,6,Jackson Park Express,,Mon,Tue,Wed,Thu,Fri
21:59:47,147,Outer DuSable Lake Shore Express,,Sat
22:28:43,3,King Drive,,Sat
15:12:11,3,King Drive,,Sat
00:32:31,151,Sheridan,,Mon
08:52:49,147,Outer DuSable Lake Shore Express,,Sun
21:36:56,6,Jackson Park Express,,Sat
07:07:36,6,Jackson Park Express,,Sun
09:21:21,151,Sheridan,,Sat
21:04:48,147,Outer DuSable Lake Shore Express,,Sun
15:13:22,157,Streeterville/Taylor,,Mon,Tue,Wed,Thu,Fri
15:13:22,157,Streeterville/Taylor,,Mon,Tue,Wed,Thu,Fri
05:40:52,3,King Drive,,Mon,Tue,Wed,Thu,Fri
09:30:17,3,King Drive,,Sun
07:22:56,6,Jackson Park Express,,Sat
16:05:59,151,Sheridan,,Sat
05:49:22,3,King Drive,,Mon,Tue,Wed,Thu,Fri
08:01:13,3,King Drive,,Mon,Tue,Wed,Thu,Fri
21:52:16,147,Outer DuSable Lake Shore Express,,Mon,Tue,Wed,Thu,Fri
07:33:17,147,Outer DuSable Lake Shore Express,,Mon,Tue,Wed,Thu,Fri
08:52:18,147,Outer DuSable Lake Shore Express,,Sat
11:11:43,3,King Drive,,Mon,Tue,Wed,Thu,Fri
05:51:34,151,Sheridan,,Sun
09:46:26,151,Sheridan,,Sun
05:41:22,20,Madison,,Mon,Tue,Wed,Thu,Fri
20:28:08,147,Outer DuSable Lake Shore Express,,Mon,Tue,Wed,Thu,Fri
04:42:24,66,Chicago,,Sun
22:30:52,3,King Drive,,Sun
13:37:36,6,Jackson Park Express,,Sun
09:00:24,151,Sheridan,,Sat
09:32:25,6,Jackson Park Express,,Sat
10:25:56,157,Streeterville/Taylor,,Mon,Tue,Wed,Thu,Fri
23:57:26,6,Jackson Park Express,,Sat
13:47:46,147,Outer DuSable Lake Shore Express,,Sun
10:51:44,151,Sheridan,,Sat
13:54:34,3,King Drive,,Sun
19:00:47,147,Outer DuSable Lake Shore Express,,Sun
13:03:46,147,Outer DuSable Lake Shore Express,,Sun
12:59:43,147,Outer DuSable Lake Shore Express,,Mon,Tue,Wed,Thu,Fri
17:05:03,147,Outer DuSable Lake Shore Express,,Mon,Tue,Wed,Thu,Fri
10:46:18,147,Outer DuSable Lake Shore Express,,Sun
14:40:36,6,Jackson Park Express,,Sun
17:02:04,151,Sheridan,,Sat
17:59:11,147,Outer DuSable Lake Shore Express,,Mon,Tue,Wed,Thu,Fri
18:13:58,6,Jackson Park Express,,Mon,Tue,Wed,Thu,Fri
07:48:36,6,Jackson Park Express,,Sun
10:59:18,147,Outer DuSable Lake Shore Express,,Sun
16:31:45,147,Outer DuSable Lake Shore Express,,Sun
09:40:48,147,Outer DuSable Lake Shore Express,,Sat
12:56:22,157,Streeterville/Taylor,,Mon,Tue,Wed,Thu,Fri
04:12:24,66,Chicago,,Sun
10:42:47,6,Jackson Park Express,,Mon,Tue,Wed,Thu,Fri
15:36:36,6,Jackson Park Express,,Sat
15:09:09,151,Sheridan,,Sun
14:27:14,151,Sheridan,,Sun
23:12:56,3,King Drive,,Mon,Tue,Wed,Thu,Fri
01:44:01,151,Sheridan,,Sun
23:54:05,3,King Drive,,Sun
16:10:33,147,Outer DuSable Lake Shore Express,,Mon,Tue,Wed,Thu,Fri
11:24:27,26,South Shore Express,,Mon,Tue,Wed,Thu,Fri
11:54:47,6,Jackson Park Express,,Mon,Tue,Wed,Thu,Fri
06:29:36,6,Jackson Park Express,,Mon,Tue,Wed,Thu,Fri
17:18:06,151,Sheridan,,Sat
07:38:26,6,Jackson Park Express,,Sat
16:20:25,3,King Drive,,Sun
20:50:15,6,Jackson Park Express,,Sun
09:35:43,3,King Drive,,Sat
17:10:04,151,Sheridan,,Sat
10:02:38,3,King Drive,,Sat
16:43:12,147,Outer DuSable Lake Shore Express,,Sat
12:41:50,3,King Drive,,Sat
21:24:26,6,Jackson Park Express,,Sat
02:12:24,66,Chicago,,Mon
02:12:24,66,Chicago,,Mon
09:13:03,20,Madison,,Mon,Tue,Wed,Thu,Fri
21:32:16,147,Outer DuSable Lake Shore Express,,Mon,Tue,Wed,Thu,Fri
22:42:26,6,Jackson Park Express,,Sat
09:39:39,151,Sheridan,,Mon,Tue,Wed,Thu,Fri
08:48:03,20,Madison,,Mon,Tue,Wed,Thu,Fri
12:26:07,6,Jackson Park Express,,Sat
18:51:06,6,Jackson Park Express,,Sat
10:39:13,3,King Drive,,Mon,Tue,Wed,Thu,Fri
17:35:41,143,Stockton/Michigan Express,,Mon,Tue,Wed,Thu,Fri
10:49:43,3,King Drive,,Mon,Tue,Wed,Thu,Fri
17:17:43,151,Sheridan,,Mon,Tue,Wed,Thu,Fri
10:42:36,6,Jackson Park Express,,Sat
19:03:38,3,King Drive,,Mon,Tue,Wed,Thu,Fri
06:42:55,6,Jackson Park Express,,Sat
15:09:09,151,Sheridan,,Sun
19:56:56,6,Jackson Park Express,,Sat
20:15:17,147,Outer DuSable Lake Shore Express,,Sat
15:08:59,151,Sheridan,,Sat
14:03:13,147,Outer DuSable Lake Shore Express,,Sat
14:52:36,6,Jackson Park Express,,Sat
10:52:13,3,King Drive,,Sun
15:24:59,151,Sheridan,,Sat
19:48:14,151,Sheridan,,Sat
09:28:03,20,Madison,,Mon,Tue,Wed,Thu,Fri
17:26:06,6,Jackson Park Express,,Sat
06:10:31,151,Sheridan,,Mon,Tue,Wed,Thu,Fri
16:24:11,3,King Drive,,Sat
18:03:42,157,Streeterville/Taylor,,Mon,Tue,Wed,Thu,Fri
10:23:51,151,Sheridan,,Sat
17:43:29,3,King Drive,,Mon,Tue,Wed,Thu,Fri
17:10:11,3,King Drive,,Sat
16:50:42,147,Outer DuSable Lake Shore Express,,Sat
17:57:49,151,Sheridan,,Mon,Tue,Wed,Thu,Fri
16:09:46,147,Outer DuSable Lake Shore Express,,Sun
18:47:08,147,Outer DuSable Lake Shore Express,,Mon,Tue,Wed,Thu,Fri
14:38:12,147,Outer DuSable Lake Shore Express,,Sat
22:25:45,6,Jackson Park Express,,Sun
22:13:43,3,King Drive,,Sat
09:11:25,6,Jackson Park Express,,Sun
19:28:43,3,King Drive,,Mon,Tue,Wed,Thu,Fri
16:30:29,151,Sheridan,,Sat
02:42:24,66,Chicago,,Tue,Wed,Thu,Fri,Sat
20:13:26,6,Jackson Park Express,,Sun
08:15:26,3,King Drive,,Sun
16:02:42,147,Outer DuSable Lake Shore Express,,Mon,Tue,Wed,Thu,Fri
14:29:11,3,King Drive,,Sat
20:23:04,3,King Drive,,Sat
09:03:42,157,Streeterville/Taylor,,Mon,Tue,Wed,Thu,Fri
11:50:11,151,Sheridan,,Sat
22:37:22,3,King Drive,,Mon,Tue,Wed,Thu,Fri
04:52:22,20,Madison,,Mon,Tue,Wed,Thu,Fri
17:08:11,143,Stockton/Michigan Express,,Mon,Tue,Wed,Thu,Fri
08:33:49,147,Outer DuSable Lake Shore Express,,Sun
08:03:17,26,South Shore Express,,Mon,Tue,Wed,Thu,Fri
07:26:47,3,King Drive,,Mon,Tue,Wed,Thu,Fri
07:34:12,20,Madison,,Mon,Tue,Wed,Thu,Fri
17:15:10,147,Outer DuSable Lake Shore Express,,Mon,Tue,Wed,Thu,Fri
17:06:36,6,Jackson Park Express,,Mon,Tue,Wed,Thu,Fri
14:06:04,3,King Drive,,Sun
10:46:18,147,Outer DuSable Lake Shore Express,,Sun
22:03:14,6,Jackson Park Express,,Mon,Tue,Wed,Thu,Fri
12:35:07,6,Jackson Park Express,,Sat
17:02:58,6,Jackson Park Express,,Sat
16:15:11,3,King Drive,,Sat
07:35:19,147,Outer DuSable Lake Shore Express,,Sun
06:09:25,6,Jackson Park Express,,Sun
06:01:22,20,Madison,,Mon,Tue,Wed,Thu,Fri
15:39:09,151,Sheridan,,Sun
17:49:10,147,Outer DuSable Lake Shore Express,,Mon,Tue,Wed,Thu,Fri
16:54:01,151,Sheridan,,Sat
22:26:24,151,Sheridan,,Mon,Tue,Wed,Thu,Fri
14:04:11,3,King Drive,,Sat
06:31:22,20,Madison,,Mon,Tue,Wed,Thu,Fri
14:38:11,3,King Drive,,Sat
17:52:41,143,Stockton/Michigan Express,,Mon,Tue,Wed,Thu,Fri
17:59:25,3,King Drive,,Sun
17:07:40,147,Outer DuSable Lake Shore Express,,Mon,Tue,Wed,Thu,Fri
08:47:26,151,Sheridan,,Sat
08:51:42,157,Streeterville/Taylor,,Mon,Tue,Wed,Thu,Fri
09:39:39,151,Sheridan,,Mon,Tue,Wed,Thu,Fri
12:20:07,6,Jackson Park Express,,Mon,Tue,Wed,Thu,Fri
07:47:49,147,Outer DuSable Lake Shore Express,,Sat
19:16:36,6,Jackson Park Express,,Sat
09:23:43,3,King Drive,,Sat
09:03:36,6,Jackson Park Express,,Sun
22:01:22,3,King Drive,,Mon,Tue,Wed,Thu,Fri
13:31:34,3,King Drive,,Sun
17:35:53,20,Madison,,Mon,Tue,Wed,Thu,Fri
05:27:49,147,Outer DuSable Lake Shore Express,,Mon,Tue,Wed,Thu,Fri
12:22:46,147,Outer DuSable Lake Shore Express,,Sat
09:07:59,151,Sheridan,,Sun
23:57:25,6,Jackson Park Express,,Sun
23:27:26,6,Jackson Park Express,,Sat
17:18:06,151,Sheridan,,Sat
22:17:56,151,Sheridan,,Sun
14:24:13,147,Outer DuSable Lake Shore Express,,Mon,Tue,Wed,Thu,Fri
15:49:22,157,Streeterville/Taylor,,Mon,Tue,Wed,Thu,Fri
15:12:11,3,King Drive,,Sat
22:03:54,151,Sheridan,,Sat
13:05:14,147,Outer DuSable Lake Shore Express,,Sat
13:21:47,6,Jackson Park Express,,Sun
15:17:12,20,Madison,,Mon,Tue,Wed,Thu,Fri
12:41:01,151,Sheridan,,Sat
12:06:43,3,King Drive,,Mon,Tue,Wed,Thu,Fri
17:18:14,151,Sheridan,,Sun
20:12:48,147,Outer DuSable Lake Shore Express,,Sun
18:39:06,6,Jackson Park Express,,Sat
10:25:27,26,South Shore Express,,Mon,Tue,Wed,Thu,Fri
23:41:29,151,Sheridan,,Mon,Tue,Wed,Thu,Fri
13:57:59,151,Sheridan,,Sat
23:54:05,3,King Drive,,Sun
15:07:29,151,Sheridan,,Mon,Tue,Wed,Thu,Fri
16:50:03,147,Outer DuSable Lake Shore Express,,Mon,Tue,Wed,Thu,Fri
09:01:34,151,Sheridan,,Mon,Tue,Wed,Thu,Fri
10:39:13,3,King Drive,,Mon,Tue,Wed,Thu,Fri
10:43:16,151,Sheridan,,Sat
17:15:23,20,Madison,,Mon,Tue,Wed,Thu,Fri
22:41:17,147,Outer DuSable Lake Shore Express,,Mon,Tue,Wed,Thu,Fri
17:15:40,143,Stockton/Michigan Express,,Mon,Tue,Wed,Thu,Fri
18:01:23,20,Madison,,Mon,Tue,Wed,Thu,Fri
20:27:06,6,Jackson Park Express,,Mon,Tue,Wed,Thu,Fri
18:38:14,147,Outer DuSable Lake Shore Express,,Mon,Tue,Wed,Thu,Fri
08:42:34,151,Sheridan,,Mon,Tue,Wed,Thu,Fri
20:18:16,147,Outer DuSable Lake Shore Express,,Mon,Tue,Wed,Thu,Fri
16:17:46,151,Sheridan,,Mon,Tue,Wed,Thu,Fri
09:28:03,20,Madison,,Mon,Tue,Wed,Thu,Fri
22:10:54,151,Sheridan,,Mon,Tue,Wed,Thu,Fri
23:58:01,151,Sheridan,,Mon,Tue,Wed,Thu,Fri
12:31:13,147,Outer DuSable Lake Shore Express,,Mon,Tue,Wed,Thu,Fri
12:54:57,26,South Shore Express,,Mon,Tue,Wed,Thu,Fri
10:53:06,6,Jackson Park Express,,Sat
10:07:26,6,Jackson Park Express,,Mon,Tue,Wed,Thu,Fri
14:35:06,6,Jackson Park Express,,Sat
18:05:29,3,King Drive,,Mon,Tue,Wed,Thu,Fri
15:58:23,20,Madison,,Mon,Tue,Wed,Thu,Fri
13:25:46,147,Outer DuSable Lake Shore Express,,Sun
19:28:43,3,King Drive,,Mon,Tue,Wed,Thu,Fri
21:23:08,147,Outer DuSable Lake Shore Express,,Mon,Tue,Wed,Thu,Fri
16:42:03,147,Outer DuSable Lake Shore Express,,Mon,Tue,Wed,Thu,Fri
17:48:19,151,Sheridan,,Sun
06:21:34,151,Sheridan,,Sat
11:21:21,151,Sheridan,,Sun
15:48:59,151,Sheridan,,Sat
16:59:41,143,Stockton/Michigan Express,,Mon,Tue,Wed,Thu,Fri
07:57:55,6,Jackson Park Express,,Sat
08:09:25,6,Jackson Park Express,,Sun
14:43:38,3,King Drive,,Mon,Tue,Wed,Thu,Fri
23:12:25,6,Jackson Park Express,,Sat
17:49:39,151,Sheridan,,Sat
17:37:44,147,Outer DuSable Lake Shore Express,,Sat
12:05:08,3,King Drive,,Sun
07:06:47,147,Outer DuSable Lake Shore Express,,Mon,Tue,Wed,Thu,Fri
16:39:12,143,Stockton/Michigan Express,,Mon,Tue,Wed,Thu,Fri
24:00:01,3,King Drive,,Mon,Tue,Wed,Thu,Fri
07:39:06,6,Jackson Park Express,,Mon,Tue,Wed,Thu,Fri
14:06:16,151,Sheridan,,Sun
07:25:22,26,South Shore Express,,Mon,Tue,Wed,Thu,Fri
13:28:06,6,Jackson Park Express,,Mon,Tue,Wed,Thu,Fri
10:52:13,3,King Drive,,Sun
08:25:01,151,Sheridan,,Sun
22:32:47,147,Outer DuSable Lake Shore Express,,Sat
20:17:19,151,Sheridan,,Sat
11:05:17,6,Jackson Park Express,,Sat
20:20:52,3,King Drive,,Sun
08:03:03,20,Madison,,Mon,Tue,Wed,Thu,Fri
14:05:59,151,Sheridan,,Sat
22:25:22,3,King Drive,,Mon,Tue,Wed,Thu,Fri
06:17:30,26,South Shore Express,,Mon,Tue,Wed,Thu,Fri
08:03:49,147,Outer DuSable Lake Shore Express,,Sat
19:51:12,157,Streeterville/Taylor,,Mon,Tue,Wed,Thu,Fri
22:20:47,147,Outer DuSable Lake Shore Express,,Sat
13:04:16,151,Sheridan,,Sun
10:08:43,3,King Drive,,Mon,Tue,Wed,Thu,Fri
22:49:22,3,King Drive,,Mon,Tue,Wed,Thu,Fri
08:25:42,157,Streeterville/Taylor,,Mon,Tue,Wed,Thu,Fri
11:17:04,3,King Drive,,Sat
19:33:16,147,Outer DuSable Lake Shore Express,,Sat
07:10:52,3,King Drive,,Sat
14:43:29,151,Sheridan,,Mon,Tue,Wed,Thu,Fri
15:58:25,3,King Drive,,Sun
16:26:29,3,King Drive,,Mon,Tue,Wed,Thu,Fri
08:03:36,6,Jackson Park Express,,Sun
17:35:33,147,Outer DuSable Lake Shore Express,,Mon,Tue,Wed,Thu,Fri
22:22:44,6,Jackson Park Express,,Mon,Tue,Wed,Thu,Fri
09:08:38,3,King Drive,,Mon,Tue,Wed,Thu,Fri
01:08:01,151,Sheridan,,Mon
06:56:18,147,Outer DuSable Lake Shore Express,,Sun
15:58:24,151,Sheridan,,Mon,Tue,Wed,Thu,Fri
23:20:14,6,Jackson Park Express,,Mon,Tue,Wed,Thu,Fri
14:55:29,151,Sheridan,,Mon,Tue,Wed,Thu,Fri
20:46:48,147,Outer DuSable Lake Shore Express,,Sun
09:20:33,20,Madison,,Mon,Tue,Wed,Thu,Fri
09:41:08,3,King Drive,,Mon,Tue,Wed,Thu,Fri
20:55:22,3,King Drive,,Mon,Tue,Wed,Thu,Fri
19:35:26,6,Jackson Park Express,,Sun
23:22:55,6,Jackson Park Express,,Sun
23:00:48,147,Outer DuSable Lake Shore Express,,Sat
01:27:31,151,Sheridan,,Sun
19:48:44,6,Jackson Park Express,,Mon,Tue,Wed,Thu,Fri
15:57:37,6,Jackson Park Express,,Mon,Tue,Wed,Thu,Fri
11:47:50,3,King Drive,,Sat
17:05:23,20,Madison,,Mon,Tue,Wed,Thu,Fri
15:16:38,3,King Drive,,Mon,Tue,Wed,Thu,Fri
13:40:06,6,Jackson Park Express,,Mon,Tue,Wed,Thu,Fri
06:19:56,157,Streeterville/Taylor,,Mon,Tue,Wed,Thu,Fri
08:14:17,6,Jackson Park Express,,Mon,Tue,Wed,Thu,Fri
15:58:39,151,Sheridan,,Sun
10:36:21,151,Sheridan,,Sun
14:17:27,26,South Shore Express,,Mon,Tue,Wed,Thu,Fri
16:08:39,151,Sheridan,,Sun
09:26:17,26,South Shore Express,,Mon,Tue,Wed,Thu,Fri
09:18:36,6,Jackson Park Express,,Sun
15:46:12,147,Outer DuSable Lake Shore Express,,Sat
09:23:43,3,King Drive,,Sat
20:31:12,157,Streeterville/Taylor,,Mon,Tue,Wed,Thu,Fri
17:15:40,143,Stockton/Michigan Express,,Mon,Tue,Wed,Thu,Fri
24:00:01,3,King Drive,,Mon,Tue,Wed,Thu,Fri
17:47:23,20,Madison,,Mon,Tue,Wed,Thu,Fri
20:31:43,3,King Drive,,Mon,Tue,Wed,Thu,Fri
14:51:27,26,South Shore Express,,Mon,Tue,Wed,Thu,Fri
13:12:43,147,Outer DuSable Lake Shore Express,,Mon,Tue,Wed,Thu,Fri
21:41:49,147,Outer DuSable Lake Shore Express,,Sun
13:34:46,151,Sheridan,,Sun
07:49:39,157,Streeterville/Taylor,,Mon,Tue,Wed,Thu,Fri
07:53:04,151,Sheridan,,Sun
18:23:11,151,Sheridan,,Sat
10:59:21,151,Sheridan,,Sun
06:03:36,6,Jackson Park Express,,Mon,Tue,Wed,Thu,Fri
20:03:06,6,Jackson Park Express,,Sun
13:58:36,6,Jackson Park Express,,Sun
23:27:25,6,Jackson Park Express,,Sat
16:15:42,147,Outer DuSable Lake Shore Express,,Mon,Tue,Wed,Thu,Fri
16:35:23,20,Madison,,Mon,Tue,Wed,Thu,Fri
15:28:13,147,Outer DuSable Lake Shore Express,,Mon,Tue,Wed,Thu,Fri
15:38:54,151,Sheridan,,Mon,Tue,Wed,Thu,Fri
08:03:46,147,Outer DuSable Lake Shore Express,,Mon,Tue,Wed,Thu,Fri
13:27:55,26,South Shore Express,,Mon,Tue,Wed,Thu,Fri
18:40:53,20,Madison,,Mon,Tue,Wed,Thu,Fri
05:54:01,151,Sheridan,,Mon,Tue,Wed,Thu,Fri
12:39:57,26,South Shore Express,,Mon,Tue,Wed,Thu,Fri
17:17:06,6,Jackson Park Express,,Sun
12:12:06,6,Jackson Park Express,,Sat
20:07:46,151,Sheridan,,Sat
17:37:19,157,Streeterville/Taylor,,Mon,Tue,Wed,Thu,Fri
10:14:47,3,King Drive,,Sun
09:31:51,151,Sheridan,,Sat
17:02:46,151,Sheridan,,Mon,Tue,Wed,Thu,Fri
14:34:27,26,South Shore Express,,Mon,Tue,Wed,Thu,Fri
13:14:46,147,Outer DuSable Lake Shore Express,,Sun
16:38:29,151,Sheridan,,Sat
13:08:07,6,Jackson Park Express,,Mon,Tue,Wed,Thu,Fri
14:37:11,151,Sheridan,,Sun
08:10:17,26,South Shore Express,,Mon,Tue,Wed,Thu,Fri
16:47:28,6,Jackson Park Express,,Mon,Tue,Wed,Thu,Fri
08:13:03,20,Madison,,Mon,Tue,Wed,Thu,Fri
12:00:15,147,Outer DuSable Lake Shore Express,,Mon,Tue,Wed,Thu,Fri
08:23:06,151,Sheridan,,Mon,Tue,Wed,Thu,Fri
08:04:17,6,Jackson Park Express,,Mon,Tue,Wed,Thu,Fri
16:30:06,157,Streeterville/Taylor,,Mon,Tue,Wed,Thu,Fri
21:31:55,6,Jackson Park Express,,Sat
17:38:56,6,Jackson Park Express,,Sun
00:17:01,151,Sheridan,,Tue,Wed,Thu,Fri,Sat
16:25:23,20,Madison,,Mon,Tue,Wed,Thu,Fri
15:15:47,6,Jackson Park Express,,Sun
00:13:31,151,Sheridan,,Mon
13:43:04,3,King Drive,,Sun
14:21:08,3,King Drive,,Mon,Tue,Wed,Thu,Fri
20:34:14,6,Jackson Park Express,,Mon,Tue,Wed,Thu,Fri
07:47:49,147,Outer DuSable Lake Shore Express,,Sat
06:14:22,3,King Drive,,Mon,Tue,Wed,Thu,Fri
08:02:41,151,Sheridan,,Mon,Tue,Wed,Thu,Fri
19:58:19,151,Sheridan,,Sun
13:09:37,6,Jackson Park Express,,Sat
20:31:45,6,Jackson Park Express,,Sat
19:41:17,147,Outer DuSable Lake Shore Express,,Sat
17:43:41,143,Stockton/Michigan Express,,Mon,Tue,Wed,Thu,Fri
09:21:29,151,Sheridan,,Sun
16:50:46,147,Outer DuSable Lake Shore Express,,Sun
17:30:10,147,Outer DuSable Lake Shore Express,,Mon,Tue,Wed,Thu,Fri
12:23:46,157,Streeterville/Taylor,,Mon,Tue,Wed,Thu,Fri
12:49:01,151,Sheridan,,Sat
06:36:18,147,Outer DuSable Lake Shore Express,,Mon,Tue,Wed,Thu,Fri
10:55:17,6,Jackson Park Express,,Sat
18:40:29,3,King Drive,,Sat
13:20:04,3,King Drive,,Sun
12:50:50,3,King Drive,,Sat
12:12:51,151,Sheridan,,Sun
11:45:47,147,Outer DuSable Lake Shore Express,,Sun
14:46:13,147,Outer DuSable Lake Shore Express,,Mon,Tue,Wed,Thu,Fri
11:10:51,151,Sheridan,,Sun
01:42:16,66,Chicago,,Sun
19:21:48,147,Outer DuSable Lake Shore Express,,Sun
15:14:25,3,King Drive,,Sun
10:14:47,3,King Drive,,Sun
12:07:59,151,Sheridan,,Mon,Tue,Wed,Thu,Fri
20:13:43,3,King Drive,,Mon,Tue,Wed,Thu,Fri
19:57:44,151,Sheridan,,Sat
09:26:25,6,Jackson Park Express,,Sun
07:58:03,20,Madison,,Mon,Tue,Wed,Thu,Fri
20:21:56,6,Jackson Park Express,,Sat
08:03:03,20,Madison,,Mon,Tue,Wed,Thu,Fri
08:28:03,20,Madison,,Mon,Tue,Wed,Thu,Fri
12:17:08,3,King Drive,,Sun
14:03:28,6,Jackson Park Express,,Sat
06:41:22,20,Madison,,Mon,Tue,Wed,Thu,Fri
23:40:48,147,Outer DuSable Lake Shore Express,,Sat
17:05:23,20,Madison,,Mon,Tue,Wed,Thu,Fri
16:31:06,6,Jackson Park Express,,Sat
16:52:46,151,Sheridan,,Mon,Tue,Wed,Thu,Fri
18:54:13,3,King Drive,,Sun
09:52:51,151,Sheridan,,Sat
22:41:24,151,Sheridan,,Mon,Tue,Wed,Thu,Fri
11:12:18,147,Outer DuSable Lake Shore Express,,Sun
06:12:34,151,Sheridan,,Sun
16:01:56,157,Streeterville/Taylor,,Mon,Tue,Wed,Thu,Fri
00:52:55,6,Jackson Park Express,,Mon
03:12:16,66,Chicago,,Mon,Tue,Wed,Thu,Fri
07:34:12,20,Madison,,Mon,Tue,Wed,Thu,Fri
07:15:19,147,Outer DuSable Lake Shore Express,,Sun
23:19:49,147,Outer DuSable Lake Shore Express,,Sun
13:44:25,26,South Shore Express,,Mon,Tue,Wed,Thu,Fri
12:37:06,6,Jackson Park Express,,Sat
10:28:48,147,Outer DuSable Lake Shore Express,,Sat
08:48:36,6,Jackson Park Express,,Sun
15:08:59,151,Sheridan,,Sat
19:51:12,157,Streeterville/Taylor,,Mon,Tue,Wed,Thu,Fri
21:52:16,147,Outer DuSable Lake Shore Express,,Mon,Tue,Wed,Thu,Fri
12:45:36,6,Jackson Park Express,,Sat
15:39:09,151,Sheridan,,Sun
18:34:45,147,Outer DuSable Lake Shore Express,,Sat
07:27:44,6,Jackson Park Express,,Mon,Tue,Wed,Thu,Fri
08:08:39,157,Streeterville/Taylor,,Mon,Tue,Wed,Thu,Fri
17:25:23,20,Madison,,Mon,Tue,Wed,Thu,Fri
23:43:01,3,King Drive,,Mon,Tue,Wed,Thu,Fri
23:39:19,147,Outer DuSable Lake Shore Express,,Sun
16:38:41,151,Sheridan,,Sun
06:26:25,6,Jackson Park Express,,Sat
10:16:16,147,Outer DuSable Lake Shore Express,,Mon,Tue,Wed,Thu,Fri
11:06:47,6,Jackson Park Express,,Mon,Tue,Wed,Thu,Fri
05:48:36,6,Jackson Park Express,,Mon,Tue,Wed,Thu,Fri
10:31:47,6,Jackson Park Express,,Sat
00:53:59,151,Sheridan,,Sun
03:42:16,66,Chicago,,Mon,Tue,Wed,Thu,Fri
00:46:36,6,Jackson Park Express,,Sun
16:19:12,147,Outer DuSable Lake Shore Express,,Sat
19:09:15,147,Outer DuSable Lake Shore Express,,Mon,Tue,Wed,Thu,Fri
13:48:13,147,Outer DuSable Lake Shore Express,,Mon,Tue,Wed,Thu,Fri
17:30:46,147,Outer DuSable Lake Shore Express,,Sun
13:48:06,6,Jackson Park Express,,Sun
05:29:59,151,Sheridan,,Sun
10:13:21,151,Sheridan,,Sat
16:47:46,151,Sheridan,,Mon,Tue,Wed,Thu,Fri
18:59:49,151,Sheridan,,Sun
18:09:45,147,Outer DuSable Lake Shore Express,,Sat
17:30:23,20,Madison,,Mon,Tue,Wed,Thu,Fri
18:17:45,147,Outer DuSable Lake Shore Express,,Sat
18:05:33,147,Outer DuSable Lake Shore Express,,Mon,Tue,Wed,Thu,Fri
06:12:56,3,King Drive,,Sat
07:15:19,147,Outer DuSable Lake Shore Express,,Sun
17:11:19,157,Streeterville/Taylor,,Mon,Tue,Wed,Thu,Fri
16:15:06,6,Jackson Park Express,,Sun
10:00:52,157,Streeterville/Taylor,,Mon,Tue,Wed,Thu,Fri
09:48:49,157,Streeterville/Taylor,,Mon,Tue,Wed,Thu,Fri
23:01:22,3,King Drive,,Mon,Tue,Wed,Thu,Fri
09:36:16,147,Outer DuSable Lake Shore Express,,Mon,Tue,Wed,Thu,Fri
08:36:26,3,King Drive,,Sun
10:33:49,151,Sheridan,,Sat
10:00:17,3,King Drive,,Sun
19:10:48,147,Outer DuSable Lake Shore Express,,Sun
11:24:47,6,Jackson Park Express,,Sun
00:58:01,151,Sheridan,,Tue,Wed,Thu,Fri,Sat
22:54:55,6,Jackson Park Express,,Sun
14:21:11,3,King Drive,,Sat
11:33:41,151,Sheridan,,Sat
18:01:23,20,Madison,,Mon,Tue,Wed,Thu,Fri
05:41:22,20,Madison,,Mon,Tue,Wed,Thu,Fri
15:37:42,147,Outer DuSable Lake Shore Express,,Sat
18:20:59,3,King Drive,,Sun
17:53:53,20,Madison,,Mon,Tue,Wed,Thu,Fri
10:32:48,147,Outer DuSable Lake Shore Express,,Sun
21:38:26,151,Sheridan,,Sun
15:41:33,20,Madison,,Mon,Tue,Wed,Thu,Fri
18:16:29,3,King Drive,,Mon,Tue,Wed,Thu,Fri
17:10:29,3,King Drive,,Mon,Tue,Wed,Thu,Fri
12:55:59,151,Sheridan,,Mon,Tue,Wed,Thu,Fri
16:37:46,151,Sheridan,,Mon,Tue,Wed,Thu,Fri
05:29:59,151,Sheridan,,Sun
16:09:23,20,Madison,,Mon,Tue,Wed,Thu,Fri
17:49:26,6,Jackson Park Express,,Sun
17:00:46,147,Outer DuSable Lake Shore Express,,Sun
05:49:22,3,King Drive,,Mon,Tue,Wed,Thu,Fri
14:30:06,6,Jackson Park Express,,Sun
14:57:43,147,Outer DuSable Lake Shore Express,,Mon,Tue,Wed,Thu,Fri
13:54:43,147,Outer DuSable Lake Shore Express,,Sat
09:41:25,6,Jackson Park Express,,Sun
01:12:24,66,Chicago,,Tue,Wed,Thu,Fri,Sat
12:17:08,3,King Drive,,Sun
09:34:26,151,Sheridan,,Sun
12:31:13,147,Outer DuSable Lake Shore Express,,Mon,Tue,Wed,Thu,Fri
17:52:45,147,Outer DuSable Lake Shore Express,,Sat
12:23:21,151,Sheridan,,Sun
22:01:22,3,King Drive,,Mon,Tue,Wed,Thu,Fri
10:36:16,147,Outer DuSable Lake Shore Express,,Mon,Tue,Wed,Thu,Fri
12:52:46,147,Outer DuSable Lake Shore Express,,Sun
19:03:36,6,Jackson Park Express,,Sat
11:45:15,147,Outer DuSable Lake Shore Express,,Mon,Tue,Wed,Thu,Fri
17:15:25,3,King Drive,,Sun
05:49:35,26,South Shore Express,,Mon,Tue,Wed,Thu,Fri
14:43:16,147,Outer DuSable Lake Shore Express,,Sun
14:54:47,6,Jackson Park Express,,Sun
08:24:47,26,South Shore Express,,Mon,Tue,Wed,Thu,Fri
06:11:22,20,Madison,,Mon,Tue,Wed,Thu,Fri
11:53:57,26,South Shore Express,,Mon,Tue,Wed,Thu,Fri
23:01:19,147,Outer DuSable Lake Shore Express,,Sun
11:08:44,151,Sheridan,,Sat
19:36:43,3,King Drive,,Sun
17:12:03,147,Outer DuSable Lake Shore Express,,Mon,Tue,Wed,Thu,Fri
08:20:46,147,Outer DuSable Lake Shore Express,,Mon,Tue,Wed,Thu,Fri
13:17:13,147,Outer DuSable Lake Shore Express,,Sat
00:53:59,151,Sheridan,,Sun
06:56:18,147,Outer DuSable Lake Shore Express,,Sun
19:54:06,6,Jackson Park Express,,Sat
23:01:17,147,Outer DuSable Lake Shore Express,,Mon,Tue,Wed,Thu,Fri
18:41:13,3,King Drive,,Sun
17:29:36,6,Jackson Park Express,,Mon,Tue,Wed,Thu,Fri
10:08:43,3,King Drive,,Mon,Tue,Wed,Thu,Fri
18:17:45,147,Outer DuSable Lake Shore Express,,Sat
18:06:58,6,Jackson Park Express,,Sat
10:56:38,3,King Drive,,Sat
06:41:44,6,Jackson Park Express,,Mon,Tue,Wed,Thu,Fri
13:47:22,157,Streeterville/Taylor,,Mon,Tue,Wed,Thu,Fri
09:09:42,157,Streeterville/Taylor,,Mon,Tue,Wed,Thu,Fri
10:40:56,157,Streeterville/Taylor,,Mon,Tue,Wed,Thu,Fri
22:22:19,147,Outer DuSable Lake Shore Express,,Sun
20:40:19,151,Sheridan,,Mon,Tue,Wed,Thu,Fri
00:37:59,151,Sheridan,,Sun
06:21:22,20,Madison,,Mon,Tue,Wed,Thu,Fri
06:03:26,157,Streeterville/Taylor,,Mon,Tue,Wed,Thu,Fri
05:32:04,151,Sheridan,,Mon,Tue,Wed,Thu,Fri
20:50:47,147,Outer DuSable Lake Shore Express,,Sat
11:34:18,147,Outer DuSable Lake Shore Express,,Sun
18:03:12,143,Stockton/Michigan Express,,Mon,Tue,Wed,Thu,Fri
03:42:24,66,Chicago,,Sat
05:57:49,147,Outer DuSable Lake Shore Express,,Sat
08:32:43,3,King Drive,,Sat
12:56:04,3,King Drive,,Sun
08:31:08,3,King Drive,,Mon,Tue,Wed,Thu,Fri
06:37:29,157,Streeterville/Taylor,,Mon,Tue,Wed,Thu,Fri
15:16:38,3,King Drive,,Mon,Tue,Wed,Thu,Fri
08:44:17,6,Jackson Park Express,,Mon,Tue,Wed,Thu,Fri
22:38:36,6,Jackson Park Express,,Mon,Tue,Wed,Thu,Fri
13:13:22,157,Streeterville/Taylor,,Mon,Tue,Wed,Thu,Fri
22:37:22,3,King Drive,,Mon,Tue,Wed,Thu,Fri
13:11:25,26,South Shore Express,,Mon,Tue,Wed,Thu,Fri
17:19:33,147,Outer DuSable Lake Shore Express,,Mon,Tue,Wed,Thu,Fri
18:20:46,147,Outer DuSable Lake Shore Express,,Sun
14:51:06,6,Jackson Park Express,,Sun
17:12:46,151,Sheridan,,Mon,Tue,Wed,Thu,Fri
10:38:06,6,Jackson Park Express,,Mon,Tue,Wed,Thu,Fri
18:40:29,3,King Drive,,Sat
13:47:46,147,Outer DuSable Lake Shore Express,,Sun
11:34:46,147,Outer DuSable Lake Shore Express,,Sat
06:04:03,26,South Shore Express,,Mon,Tue,Wed,Thu,Fri
12:06:39,151,Sheridan,,Sat
10:19:18,147,Outer DuSable Lake Shore Express,,Sun
12:23:50,3,King Drive,,Sat
21:27:22,3,King Drive,,Mon,Tue,Wed,Thu,Fri
17:36:48,6,Jackson Park Express,,Mon,Tue,Wed,Thu,Fri
14:00:55,26,South Shore Express,,Mon,Tue,Wed,Thu,Fri
07:01:22,20,Madison,,Mon,Tue,Wed,Thu,Fri
20:26:49,151,Sheridan,,Sat
16:20:25,3,King Drive,,Sun
20:20:52,3,King Drive,,Sun
10:02:48,147,Outer DuSable Lake Shore Express,,Sun
19:49:47,147,Outer DuSable Lake Shore Express,,Sat
16:57:42,147,Outer DuSable Lake Shore Express,,Sat
06:20:18,147,Outer DuSable Lake Shore Express,,Mon,Tue,Wed,Thu,Fri
05:46:19,147,Outer DuSable Lake Shore Express,,Mon,Tue,Wed,Thu,Fri
16:30:06,157,Streeterville/Taylor,,Mon,Tue,Wed,Thu,Fri
05:34:05,26,South Shore Express,,Mon,Tue,Wed,Thu,Fri
16:38:41,151,Sheridan,,Sun
18:38:29,3,King Drive,,Mon,Tue,Wed,Thu,Fri
09:59:13,3,King Drive,,Mon,Tue,Wed,Thu,Fri
11:38:57,26,South Shore Express,,Mon,Tue,Wed,Thu,Fri
10:00:17,3,King Drive,,Sun
15:12:12,147,Outer DuSable Lake Shore Express,,Sat
20:31:43,3,King Drive,,Mon,Tue,Wed,Thu,Fri
19:58:19,151,Sheridan,,Sun
15:05:38,3,King Drive,,Mon,Tue,Wed,Thu,Fri
22:09:47,147,Outer DuSable Lake Shore Express,,Sat
12:42:08,3,King Drive,,Mon,Tue,Wed,Thu,Fri
08:28:03,20,Madison,,Mon,Tue,Wed,Thu,Fri
11:08:44,151,Sheridan,,Sat
20:10:08,147,Outer DuSable Lake Shore Express,,Mon,Tue,Wed,Thu,Fri
14:44:07,6,Jackson Park Express,,Mon,Tue,Wed,Thu,Fri
12:52:44,147,Outer DuSable Lake Shore Express,,Sat
24:32:25,6,Jackson Park Express,,Sat
23:03:43,3,King Drive,,Sat
15:59:16,147,Outer DuSable Lake Shore Express,,Sun
13:32:47,6,Jackson Park Express,,Sun
09:36:16,147,Outer DuSable Lake Shore Express,,Mon,Tue,Wed,Thu,Fri
09:03:03,20,Madison,,Mon,Tue,Wed,Thu,Fri
11:56:47,147,Outer DuSable Lake Shore Express,,Sun
23:54:29,151,Sheridan,,Sun
11:46:19,157,Streeterville/Taylor,,Mon,Tue,Wed,Thu,Fri
19:11:42,157,Streeterville/Taylor,,Mon,Tue,Wed,Thu,Fri
14:28:06,6,Jackson Park Express,,Mon,Tue,Wed,Thu,Fri
23:58:45,6,Jackson Park Express,,Mon,Tue,Wed,Thu,Fri
00:13:31,151,Sheridan,,Mon
10:18:43,3,King Drive,,Mon,Tue,Wed,Thu,Fri
07:31:49,147,Outer DuSable Lake Shore Express,,Sat
18:34:45,147,Outer DuSable Lake Shore Express,,Sat
18:06:11,151,Sheridan,,Sat
16:50:03,147,Outer DuSable Lake Shore Express,,Mon,Tue,Wed,Thu,Fri
15:27:38,3,King Drive,,Mon,Tue,Wed,Thu,Fri
21:19:26,151,Sheridan,,Sun
21:19:54,151,Sheridan,,Sat
15:40:59,151,Sheridan,,Sat
14:29:12,147,Outer DuSable Lake Shore Express,,Sat
10:06:55,6,Jackson Park Express,,Sat
08:18:36,6,Jackson Park Express,,Sun
15:54:42,147,Outer DuSable Lake Shore Express,,Sat
17:40:46,147,Outer DuSable Lake Shore Express,,Sun
10:56:56,157,Streeterville/Taylor,,Mon,Tue,Wed,Thu,Fri
07:14:22,26,South Shore Express,,Mon,Tue,Wed,Thu,Fri
14:50:29,3,King Drive,,Sun
16:25:36,6,Jackson Park Express,,Sun
14:49:22,157,Streeterville/Taylor,,Mon,Tue,Wed,Thu,Fri
20:28:48,147,Outer DuSable Lake Shore Express,,Sun
04:42:24,66,Chicago,,Sat
10:15:38,3,King Drive,,Sat
15:03:42,147,Outer DuSable Lake Shore Express,,Sat
16:09:23,20,Madison,,Mon,Tue,Wed,Thu,Fri
10:46:38,3,King Drive,,Sat
12:54:57,26,South Shore Express,,Mon,Tue,Wed,Thu,Fri
17:08:56,6,Jackson Park Express,,Sun
18:20:06,6,Jackson Park Express,,Sun
12:15:44,147,Outer DuSable Lake Shore Express,,Mon,Tue,Wed,Thu,Fri
08:47:17,6,Jackson Park Express,,Sat
20:50:04,3,King Drive,,Sat
16:52:46,151,Sheridan,,Mon,Tue,Wed,Thu,Fri
14:46:42,147,Outer DuSable Lake Shore Express,,Sat
12:05:08,3,King Drive,,Sun
17:37:44,147,Outer DuSable Lake Shore Express,,Sat
17:22:10,147,Outer DuSable Lake Shore Express,,Mon,Tue,Wed,Thu,Fri
16:36:42,147,Outer DuSable Lake Shore Express,,Mon,Tue,Wed,Thu,Fri
06:19:56,157,Streeterville/Taylor,,Mon,Tue,Wed,Thu,Fri
14:32:38,3,King Drive,,Mon,Tue,Wed,Thu,Fri
21:49:22,3,King Drive,,Mon,Tue,Wed,Thu,Fri
17:30:44,147,Outer DuSable Lake Shore Express,,Sat
16:04:06,6,Jackson Park Express,,Sat
13:58:46,147,Outer DuSable Lake Shore Express,,Sun
07:12:56,3,King Drive,,Sun
12:59:43,147,Outer DuSable Lake Shore Express,,Mon,Tue,Wed,Thu,Fri
13:36:46,147,Outer DuSable Lake Shore Express,,Sun
08:42:17,26,South Shore Express,,Mon,Tue,Wed,Thu,Fri
11:12:18,147,Outer DuSable Lake Shore Express,,Sun
13:19:28,6,Jackson Park Express,,Sat
07:52:56,3,King Drive,,Sun
13:34:46,151,Sheridan,,Sun
12:18:06,6,Jackson Park Express,,Sun
08:58:03,20,Madison,,Mon,Tue,Wed,Thu,Fri
10:23:54,151,Sheridan,,Sun
14:04:22,157,Streeterville/Taylor,,Mon,Tue,Wed,Thu,Fri
13:37:11,3,King Drive,,Sat
01:38:01,151,Sheridan,,Tue,Wed,Thu,Fri,Sat
12:06:46,147,Outer DuSable Lake Shore Express,,Sat
04:49:52,20,Madison,,Mon,Tue,Wed,Thu,Fri
01:42:24,66,Chicago,,Mon
06:58:49,147,Outer DuSable Lake Shore Express,,Sat
23:19:21,151,Sheridan,,Sat
18:30:56,6,Jackson Park Express,,Sun
09:55:25,6,Jackson Park Express,,Sat
06:52:52,3,King Drive,,Sat
17:50:45,157,Streeterville/Taylor,,Mon,Tue,Wed,Thu,Fri
22:25:22,3,King Drive,,Mon,Tue,Wed,Thu,Fri
13:54:46,151,Sheridan,,Sun
06:42:01,151,Sheridan,,Sat
08:33:03,20,Madison,,Mon,Tue,Wed,Thu,Fri
13:07:01,151,Sheridan,,Sat
16:42:11,3,King Drive,,Sat
09:02:06,6,Jackson Park Express,,Mon,Tue,Wed,Thu,Fri
15:46:12,147,Outer DuSable Lake Shore Express,,Mon,Tue,Wed,Thu,Fri
09:55:55,6,Jackson Park Express,,Sun
19:41:17,147,Outer DuSable Lake Shore Express,,Sat
16:16:32,157,Streeterville/Taylor,,Mon,Tue,Wed,Thu,Fri
18:03:42,157,Streeterville/Taylor,,Mon,Tue,Wed,Thu,Fri
11:16:44,151,Sheridan,,Sat
17:53:53,20,Madison,,Mon,Tue,Wed,Thu,Fri
09:43:26,6,Jackson Park Express,,Mon,Tue,Wed,Thu,Fri
09:30:17,3,King Drive,,Sun
14:13:17,6,Jackson Park Express,,Sun
21:11:56,6,Jackson Park Express,,Sat
16:30:29,151,Sheridan,,Sat
21:12:46,147,Outer DuSable Lake Shore Express,,Mon,Tue,Wed,Thu,Fri
07:04:17,3,King Drive,,Mon,Tue,Wed,Thu,Fri
16:28:41,151,Sheridan,,Sun
06:51:48,147,Outer DuSable Lake Shore Express,,Mon,Tue,Wed,Thu,Fri
06:27:36,6,Jackson Park Express,,Sat
17:24:19,157,Streeterville/Taylor,,Mon,Tue,Wed,Thu,Fri
08:10:17,26,South Shore Express,,Mon,Tue,Wed,Thu,Fri
12:52:44,147,Outer DuSable Lake Shore Express,,Sat
04:42:41,66,Chicago,,Mon,Tue,Wed,Thu,Fri
18:50:46,147,Outer DuSable Lake Shore Express,,Sun
08:52:06,6,Jackson Park Express,,Mon,Tue,Wed,Thu,Fri
10:10:25,6,Jackson Park Express,,Sun
18:41:04,151,Sheridan,,Mon,Tue,Wed,Thu,Fri
05:49:06,6,Jackson Park Express,,Sat
09:45:47,6,Jackson Park Express,,Sat
09:12:52,3,King Drive,,Sun
18:15:43,143,Stockton/Michigan Express,,Mon,Tue,Wed,Thu,Fri
11:18:47,6,Jackson Park Express,,Mon,Tue,Wed,Thu,Fri
18:19:06,157,Streeterville/Taylor,,Mon,Tue,Wed,Thu,Fri
07:26:49,151,Sheridan,,Mon,Tue,Wed,Thu,Fri
10:26:38,3,King Drive,,Sat
09:08:38,3,King Drive,,Mon,Tue,Wed,Thu,Fri
19:13:06,6,Jackson Park Express,,Sun
09:13:03,20,Madison,,Mon,Tue,Wed,Thu,Fri
10:25:56,157,Streeterville/Taylor,,Mon,Tue,Wed,Thu,Fri
16:14:29,151,Sheridan,,Sat
10:29:25,6,Jackson Park Express,,Sat
03:42:24,66,Chicago,,Sun
15:29:33,20,Madison,,Mon,Tue,Wed,Thu,Fri
14:54:38,3,King Drive,,Mon,Tue,Wed,Thu,Fri
15:36:25,3,King Drive,,Sun
05:38:01,151,Sheridan,,Sat
16:06:11,3,King Drive,,Sat
12:45:47,6,Jackson Park Express,,Sun
14:00:13,147,Outer DuSable Lake Shore Express,,Mon,Tue,Wed,Thu,Fri
14:58:12,20,Madison,,Mon,Tue,Wed,Thu,Fri
01:42:24,66,Chicago,,Tue,Wed,Thu,Fri,Sat
21:58:26,151,Sheridan,,Sun
09:08:03,20,Madison,,Mon,Tue,Wed,Thu,Fri
20:12:26,151,Sheridan,,Sun
17:05:03,147,Outer DuSable Lake Shore Express,,Mon,Tue,Wed,Thu,Fri
22:01:56,6,Jackson Park Express,,Sat
05:18:14,6,Jackson Park Express,,Mon,Tue,Wed,Thu,Fri
18:29:01,151,Sheridan,,Mon,Tue,Wed,Thu,Fri
14:17:04,3,King Drive,,Sun
01:12:33,66,Chicago,,Sun
22:49:22,3,King Drive,,Mon,Tue,Wed,Thu,Fri
11:24:27,26,South Shore Express,,Mon,Tue,Wed,Thu,Fri
14:49:22,157,Streeterville/Taylor,,Mon,Tue,Wed,Thu,Fri
18:52:15,147,Outer DuSable Lake Shore Express,,Sat
22:44:18,147,Outer DuSable Lake Shore Express,,Sat
15:37:22,157,Streeterville/Taylor,,Mon,Tue,Wed,Thu,Fri
07:08:52,20,Madison,,Mon,Tue,Wed,Thu,Fri
11:34:46,147,Outer DuSable Lake Shore Express,,Sat
09:59:41,151,Sheridan,,Mon,Tue,Wed,Thu,Fri
08:13:39,151,Sheridan,,Mon,Tue,Wed,Thu,Fri
08:55:08,3,King Drive,,Mon,Tue,Wed,Thu,Fri
07:26:47,3,King Drive,,Mon,Tue,Wed,Thu,Fri
09:41:08,3,King Drive,,Mon,Tue,Wed,Thu,Fri
12:40:46,157,Streeterville/Taylor,,Mon,Tue,Wed,Thu,Fri
18:16:58,6,Jackson Park Express,,Sat
07:26:02,20,Madison,,Mon,Tue,Wed,Thu,Fri
08:08:47,6,Jackson Park Express,,Sat
19:52:08,147,Outer DuSable Lake Shore Express,,Mon,Tue,Wed,Thu,Fri
05:21:52,3,King Drive,,Mon,Tue,Wed,Thu,Fri
18:28:19,151,Sheridan,,Sun
19:08:14,151,Sheridan,,Sat
13:55:11,3,King Drive,,Sat
17:07:46,151,Sheridan,,Mon,Tue,Wed,Thu,Fri
06:27:29,151,Sheridan,,Mon,Tue,Wed,Thu,Fri
18:23:43,147,Outer DuSable Lake Shore Express,,Mon,Tue,Wed,Thu,Fri
14:04:11,3,King Drive,,Sat
08:52:18,147,Outer DuSable Lake Shore Express,,Sat
14:47:11,151,Sheridan,,Sun
17:24:48,6,Jackson Park Express,,Mon,Tue,Wed,Thu,Fri
05:10:04,151,Sheridan,,Mon,Tue,Wed,Thu,Fri
16:36:28,6,Jackson Park Express,,Sat
15:58:24,151,Sheridan,,Mon,Tue,Wed,Thu,Fri
18:14:41,151,Sheridan,,Sat
17:22:41,151,Sheridan,,Mon,Tue,Wed,Thu,Fri
18:18:29,151,Sheridan,,Mon,Tue,Wed,Thu,Fri
22:43:43,3,King Drive,,Sat
07:41:52,20,Madison,,Mon,Tue,Wed,Thu,Fri
16:22:03,147,Outer DuSable Lake Shore Express,,Mon,Tue,Wed,Thu,Fri
17:38:14,151,Sheridan,,Sun
13:55:59,151,Sheridan,,Mon,Tue,Wed,Thu,Fri
11:51:21,151,Sheridan,,Sun
20:49:54,151,Sheridan,,Sat
17:00:11,147,Outer DuSable Lake Shore Express,,Mon,Tue,Wed,Thu,Fri
23:37:15,6,Jackson Park Express,,Mon,Tue,Wed,Thu,Fri
16:45:23,20,Madison,,Mon,Tue,Wed,Thu,Fri
18:29:44,143,Stockton/Michigan Express,,Mon,Tue,Wed,Thu,Fri
00:44:14,6,Jackson Park Express,,Tue,Wed,Thu,Fri,Sat
10:38:47,3,King Drive,,Sun
09:12:06,6,Jackson Park Express,,Mon,Tue,Wed,Thu,Fri
22:14:56,6,Jackson Park Express,,Sat
00:58:01,151,Sheridan,,Tue,Wed,Thu,Fri,Sat
19:42:11,151,Sheridan,,Mon,Tue,Wed,Thu,Fri
07:49:39,157,Streeterville/Taylor,,Mon,Tue,Wed,Thu,Fri
17:55:06,6,Jackson Park Express,,Sat
15:12:06,6,Jackson Park Express,,Sun
18:17:33,147,Outer DuSable Lake Shore Express,,Mon,Tue,Wed,Thu,Fri
19:21:49,151,Sheridan,,Sun
06:34:17,3,King Drive,,Mon,Tue,Wed,Thu,Fri
11:09:27,26,South Shore Express,,Mon,Tue,Wed,Thu,Fri
18:21:36,6,Jackson Park Express,,Mon,Tue,Wed,Thu,Fri
16:38:26,6,Jackson Park Express,,Sun
13:47:22,157,Streeterville/Taylor,,Mon,Tue,Wed,Thu,Fri
12:08:57,26,South Shore Express,,Mon,Tue,Wed,Thu,Fri
10:16:16,147,Outer DuSable Lake Shore Express,,Mon,Tue,Wed,Thu,Fri
16:59:41,143,Stockton/Michigan Express,,Mon,Tue,Wed,Thu,Fri
11:17:04,3,King Drive,,Sat
17:27:03,147,Outer DuSable Lake Shore Express,,Mon,Tue,Wed,Thu,Fri
24:11:55,6,Jackson Park Express,,Sun
17:11:58,6,Jackson Park Express,,Sat
08:33:17,26,South Shore Express,,Mon,Tue,Wed,Thu,Fri