arrival_time,route_short_name,route_long_name,headsign,service_days
16:36:11,X4,Cottage Grove Express,,Mon,Tue,Wed,Thu,Fri
11:34:49,6,Jackson Park Express,,Sat
11:31:36,J14,Jeffery Jump,,Sun
13:55:01,4,Cottage Grove,,Mon,Tue,Wed,Thu,Fri
07:50:21,3,King Drive,,Sat
19:34:10,6,Jackson Park Express,,Sat
09:13:40,6,Jackson Park Express,,Sat
16:47:01,J14,Jeffery Jump,,Sat
22:04:22,3,King Drive,,Sun
06:25:53,3,King Drive,,Sat
04:38:01,6,Jackson Park Express,,Mon,Tue,Wed,Thu,Fri
09:28:19,4,Cottage Grove,,Sun
16:34:52,J14,Jeffery Jump,,Sun
21:36:22,3,King Drive,,Sat
11:56:11,4,Cottage Grove,,Sat
07:18:52,28,Stony Island,,Mon,Tue,Wed,Thu,Fri
13:05:08,26,South Shore Express,,Mon,Tue,Wed,Thu,Fri
16:49:14,6,Jackson Park Express,,Sat
05:35:37,4,Cottage Grove,,Sun
09:42:10,4,Cottage Grove,,Sat
08:06:40,4,Cottage Grove,,Mon,Tue,Wed,Thu,Fri
06:34:50,3,King Drive,,Mon,Tue,Wed,Thu,Fri
17:05:28,J14,Jeffery Jump,,Sat
13:10:43,4,Cottage Grove,,Sat
11:30:35,6,Jackson Park Express,,Sun
15:02:01,4,Cottage Grove,,Mon,Tue,Wed,Thu,Fri
19:48:20,3,King Drive,,Mon,Tue,Wed,Thu,Fri
11:56:19,3,King Drive,,Sat
07:34:18,6,Jackson Park Express,,Mon,Tue,Wed,Thu,Fri
20:13:36,J14,Jeffery Jump,,Mon,Tue,Wed,Thu,Fri
13:51:19,3,King Drive,,Mon,Tue,Wed,Thu,Fri
12:25:20,4,Cottage Grove,,Sun
10:47:59,4,Cottage Grove,,Sun
08:34:38,4,Cottage Grove,,Sat
07:03:28,4,Cottage Grove,,Sat
08:04:38,4,Cottage Grove,,Sat
22:51:28,4,Cottage Grove,,Sun
24:53:38,4,Cottage Grove,,Sun
07:47:59,4,Cottage Grove,,Mon,Tue,Wed,Thu,Fri
09:07:31,J14,Jeffery Jump,,Mon,Tue,Wed,Thu,Fri
08:09:03,J14,Jeffery Jump,,Sun
13:07:06,J14,Jeffery Jump,,Sun
12:29:11,4,Cottage Grove,,Sat
01:51:38,4,Cottage Grove,,Mon
18:38:35,6,Jackson Park Express,,Sat
20:42:44,6,Jackson Park Express,,Mon,Tue,Wed,Thu,Fri
24:12:11,4,Cottage Grove,,Sat
15:39:05,6,Jackson Park Express,,Sun
20:03:36,J14,Jeffery Jump,,Mon,Tue,Wed,Thu,Fri
09:38:20,3,King Drive,,Sun
11:21:20,3,King Drive,,Sun
18:09:50,3,King Drive,,Sat
12:59:50,3,King Drive,,Sun
10:55:09,J14,Jeffery Jump,,Mon,Tue,Wed,Thu,Fri
14:25:06,J14,Jeffery Jump,,Sun
21:20:38,4,Cottage Grove,,Sat
18:48:19,3,King Drive,,Mon,Tue,Wed,Thu,Fri
11:28:19,6,Jackson Park Express,,Sun
11:15:19,6,Jackson Park Express,,Sat
08:27:22,X4,Cottage Grove Express,,Mon,Tue,Wed,Thu,Fri
07:09:35,6,Jackson Park Express,,Sun
10:04:56,26,South Shore Express,,Mon,Tue,Wed,Thu,Fri
07:06:10,1,Bronzeville/Union Station,,Mon,Tue,Wed,Thu,Fri
24:20:56,6,Jackson Park Express,,Sat
09:41:19,3,King Drive,,Sat
08:02:56,1,Bronzeville/Union Station,,Mon,Tue,Wed,Thu,Fri
17:48:05,6,Jackson Park Express,,Sat
12:45:20,4,Cottage Grove,,Sun
21:08:51,3,King Drive,,Sat
08:30:21,3,King Drive,,Sun
10:51:36,J14,Jeffery Jump,,Sun
05:26:56,6,Jackson Park Express,,Mon,Tue,Wed,Thu,Fri
12:16:20,4,Cottage Grove,,Sun
08:20:01,J14,Jeffery Jump,,Mon,Tue,Wed,Thu,Fri
16:44:20,3,King Drive,,Sun
06:10:26,6,Jackson Park Express,,Mon,Tue,Wed,Thu,Fri
19:03:01,6,Jackson Park Express,,Mon,Tue,Wed,Thu,Fri
19:01:36,J14,Jeffery Jump,,Sat
23:16:22,3,King Drive,,Sat
16:46:14,6,Jackson Park Express,,Mon,Tue,Wed,Thu,Fri
08:18:35,6,Jackson Park Express,,Sun
13:29:41,J14,Jeffery Jump,,Sat
17:39:20,3,King Drive,,Sun
16:32:25,J14,Jeffery Jump,,Mon,Tue,Wed,Thu,Fri
17:57:25,J14,Jeffery Jump,,Mon,Tue,Wed,Thu,Fri
17:09:53,X4,Cottage Grove Express,,Mon,Tue,Wed,Thu,Fri
15:28:49,3,King Drive,,Sat
11:48:19,3,King Drive,,Mon,Tue,Wed,Thu,Fri
19:31:06,J14,Jeffery Jump,,Sat
16:17:31,4,Cottage Grove,,Mon,Tue,Wed,Thu,Fri
06:34:50,3,King Drive,,Mon,Tue,Wed,Thu,Fri
15:15:06,J14,Jeffery Jump,,Sun
18:50:01,4,Cottage Grove,,Mon,Tue,Wed,Thu,Fri
12:10:19,3,King Drive,,Mon,Tue,Wed,Thu,Fri
02:52:38,4,Cottage Grove,,Sun
14:02:49,3,King Drive,,Sat
21:40:19,J14,Jeffery Jump,,Sat
15:05:20,3,King Drive,,Sun
06:37:28,4,Cottage Grove,,Sat
15:33:22,6,Jackson Park Express,,Sat
18:48:19,3,King Drive,,Mon,Tue,Wed,Thu,Fri
05:33:35,6,Jackson Park Express,,Sun
07:00:03,J14,Jeffery Jump,,Sun
11:41:19,6,Jackson Park Express,,Sun
08:41:19,3,King Drive,,Mon,Tue,Wed,Thu,Fri
20:59:44,6,Jackson Park Express,,Mon,Tue,Wed,Thu,Fri
12:04:41,4,Cottage Grove,,Sat
07:41:58,4,Cottage Grove,,Sun
17:23:13,4,Cottage Grove,,Mon,Tue,Wed,Thu,Fri
18:54:36,J14,Jeffery Jump,,Mon,Tue,Wed,Thu,Fri
18:30:31,4,Cottage Grove,,Mon,Tue,Wed,Thu,Fri
07:10:40,6,Jackson Park Express,,Mon,Tue,Wed,Thu,Fri
14:30:50,3,King Drive,,Sun
13:26:36,J14,Jeffery Jump,,Sun
10:58:49,3,King Drive,,Sat
08:14:38,4,Cottage Grove,,Sat
09:28:33,26,South Shore Express,,Mon,Tue,Wed,Thu,Fri
09:27:22,J14,Jeffery Jump,,Sat
19:18:31,6,Jackson Park Express,,Mon,Tue,Wed,Thu,Fri
21:03:03,J14,Jeffery Jump,,Mon,Tue,Wed,Thu,Fri
14:12:22,6,Jackson Park Express,,Sat
22:57:33,J14,Jeffery Jump,,Mon,Tue,Wed,Thu,Fri
21:36:22,3,King Drive,,Sat
12:56:49,6,Jackson Park Express,,Sun
13:26:36,J14,Jeffery Jump,,Sun
09:25:31,6,Jackson Park Express,,Sat
23:56:31,6,Jackson Park Express,,Mon,Tue,Wed,Thu,Fri
21:42:58,4,Cottage Grove,,Mon,Tue,Wed,Thu,Fri
18:50:19,J14,Jeffery Jump,,Sun
17:01:13,28,Stony Island,,Mon,Tue,Wed,Thu,Fri
16:56:14,J14,Jeffery Jump,,Sat
22:06:28,4,Cottage Grove,,Sun
15:54:49,3,King Drive,,Mon,Tue,Wed,Thu,Fri
09:00:58,4,Cottage Grove,,Sun
17:40:49,3,King Drive,,Sat
23:04:28,4,Cottage Grove,,Sat
20:58:52,3,King Drive,,Mon,Tue,Wed,Thu,Fri
17:10:10,1,Bronzeville/Union Station,,Mon,Tue,Wed,Thu,Fri
22:21:22,3,King Drive,,Sat
05:50:22,3,King Drive,,Mon,Tue,Wed,Thu,Fri
09:47:59,4,Cottage Grove,,Sun
06:42:47,4,Cottage Grove,,Sun
19:48:20,3,King Drive,,Mon,Tue,Wed,Thu,Fri
16:46:13,28,Stony Island,,Mon,Tue,Wed,Thu,Fri
09:04:20,3,King Drive,,Sat
20:53:56,6,Jackson Park Express,,Mon,Tue,Wed,Thu,Fri
14:28:26,26,South Shore Express,,Mon,Tue,Wed,Thu,Fri
11:04:09,J14,Jeffery Jump,,Sat
19:54:20,4,Cottage Grove,,Sat
09:52:22,28,Stony Island,,Mon,Tue,Wed,Thu,Fri
07:00:58,4,Cottage Grove,,Sun
12:06:50,4,Cottage Grove,,Sun
15:02:46,1,Bronzeville/Union Station,,Mon,Tue,Wed,Thu,Fri
14:04:31,4,Cottage Grove,,Mon,Tue,Wed,Thu,Fri
16:34:14,6,Jackson Park Express,,Mon,Tue,Wed,Thu,Fri
20:19:33,J14,Jeffery Jump,,Sun
12:56:19,3,King Drive,,Mon,Tue,Wed,Thu,Fri
15:19:03,4,Cottage Grove,,Sat
06:46:52,3,King Drive,,Sun
07:56:40,4,Cottage Grove,,Mon,Tue,Wed,Thu,Fri
08:55:15,26,South Shore Express,,Mon,Tue,Wed,Thu,Fri
16:32:25,J14,Jeffery Jump,,Mon,Tue,Wed,Thu,Fri
19:19:33,J14,Jeffery Jump,,Sun
17:24:25,J14,Jeffery Jump,,Sat
10:23:10,4,Cottage Grove,,Sat
09:27:22,J14,Jeffery Jump,,Sat
11:37:19,3,King Drive,,Mon,Tue,Wed,Thu,Fri
12:16:20,4,Cottage Grove,,Sun
09:07:22,J14,Jeffery Jump,,Sat
21:48:05,6,Jackson Park Express,,Sun
05:27:07,4,Cottage Grove,,Mon,Tue,Wed,Thu,Fri
12:53:32,4,Cottage Grove,,Sat
15:38:20,3,King Drive,,Sun
20:41:19,4,Cottage Grove,,Sat
04:51:37,4,Cottage Grove,,Mon,Tue,Wed,Thu,Fri
11:11:36,J14,Jeffery Jump,,Sun
08:52:20,3,King Drive,,Sat
19:13:01,4,Cottage Grove,,Sat
08:24:38,4,Cottage Grove,,Sat
07:24:35,6,Jackson Park Express,,Sat
11:12:20,4,Cottage Grove,,Mon,Tue,Wed,Thu,Fri
21:32:58,4,Cottage Grove,,Mon,Tue,Wed,Thu,Fri
19:12:19,4,Cottage Grove,,Mon,Tue,Wed,Thu,Fri
12:47:48,6,Jackson Park Express,,Mon,Tue,Wed,Thu,Fri
11:37:59,4,Cottage Grove,,Sun
05:07:53,3,King Drive,,Sat
15:12:01,4,Cottage Grove,,Mon,Tue,Wed,Thu,Fri
17:48:49,3,King Drive,,Sat
17:20:58,J14,Jeffery Jump,,Mon,Tue,Wed,Thu,Fri
08:16:20,4,Cottage Grove,,Mon,Tue,Wed,Thu,Fri
16:21:33,4,Cottage Grove,,Sat
23:33:07,4,Cottage Grove,,Sat
12:46:01,4,Cottage Grove,,Mon,Tue,Wed,Thu,Fri
13:07:19,3,King Drive,,Mon,Tue,Wed,Thu,Fri
20:49:49,4,Cottage Grove,,Sat
15:11:03,4,Cottage Grove,,Sat
22:36:22,3,King Drive,,Sat
05:27:53,3,King Drive,,Sat
17:55:43,4,Cottage Grove,,Sat
23:06:53,3,King Drive,,Mon,Tue,Wed,Thu,Fri
21:51:22,3,King Drive,,Sat
22:21:28,4,Cottage Grove,,Sun
11:10:10,4,Cottage Grove,,Sat
05:28:49,26,South Shore Express,,Mon,Tue,Wed,Thu,Fri
14:02:19,3,King Drive,,Mon,Tue,Wed,Thu,Fri
18:07:25,J14,Jeffery Jump,,Mon,Tue,Wed,Thu,Fri
07:16:55,J14,Jeffery Jump,,Mon,Tue,Wed,Thu,Fri
20:48:51,3,King Drive,,Mon,Tue,Wed,Thu,Fri
21:05:52,3,King Drive,,Sun
15:20:46,1,Bronzeville/Union Station,,Mon,Tue,Wed,Thu,Fri
11:59:01,6,Jackson Park Express,,Mon,Tue,Wed,Thu,Fri
19:14:51,3,King Drive,,Sun
19:12:20,3,King Drive,,Mon,Tue,Wed,Thu,Fri
10:06:52,28,Stony Island,,Mon,Tue,Wed,Thu,Fri
14:32:31,4,Cottage Grove,,Mon,Tue,Wed,Thu,Fri
09:12:49,4,Cottage Grove,,Sat
08:09:03,J14,Jeffery Jump,,Sun
16:31:03,4,Cottage Grove,,Sat
19:26:51,3,King Drive,,Sat
22:06:22,3,King Drive,,Sat
13:00:41,J14,Jeffery Jump,,Sat
19:43:01,4,Cottage Grove,,Sat
07:22:41,J14,Jeffery Jump,,Mon,Tue,Wed,Thu,Fri
09:36:40,6,Jackson Park Express,,Sat
14:45:06,J14,Jeffery Jump,,Sun
18:04:02,4,Cottage Grove,,Sat
17:01:49,3,King Drive,,Mon,Tue,Wed,Thu,Fri
14:55:44,6,Jackson Park Express,,Mon,Tue,Wed,Thu,Fri
12:01:06,J14,Jeffery Jump,,Sun
20:39:49,4,Cottage Grove,,Sat
21:44:36,J14,Jeffery Jump,,Mon,Tue,Wed,Thu,Fri
10:18:49,3,King Drive,,Sat
06:25:37,4,Cottage Grove,,Sun
05:15:22,3,King Drive,,Mon,Tue,Wed,Thu,Fri
17:12:49,3,King Drive,,Mon,Tue,Wed,Thu,Fri
15:46:49,3,King Drive,,Sat
07:20:33,J14,Jeffery Jump,,Sun
11:19:50,4,Cottage Grove,,Sat
22:44:22,3,King Drive,,Sun
16:05:01,4,Cottage Grove,,Sun
12:55:31,4,Cottage Grove,,Mon,Tue,Wed,Thu,Fri
09:18:28,J14,Jeffery Jump,,Mon,Tue,Wed,Thu,Fri
20:11:40,6,Jackson Park Express,,Sat
19:29:33,J14,Jeffery Jump,,Sun
16:47:22,X4,Cottage Grove Express,,Mon,Tue,Wed,Thu,Fri
15:05:01,4,Cottage Grove,,Sun
07:14:19,J14,Jeffery Jump,,Sat
14:15:01,4,Cottage Grove,,Sun
17:33:13,4,Cottage Grove,,Mon,Tue,Wed,Thu,Fri
16:18:22,6,Jackson Park Express,,Sat
16:05:06,J14,Jeffery Jump,,Sun
18:18:49,3,King Drive,,Mon,Tue,Wed,Thu,Fri
09:52:22,28,Stony Island,,Mon,Tue,Wed,Thu,Fri
02:23:11,4,Cottage Grove,,Mon
12:45:49,6,Jackson Park Express,,Sat
16:34:52,J14,Jeffery Jump,,Sun
09:38:29,4,Cottage Grove,,Sun
15:16:20,3,King Drive,,Sun
19:00:51,3,King Drive,,Sun
20:06:20,3,King Drive,,Mon,Tue,Wed,Thu,Fri
16:50:49,3,King Drive,,Mon,Tue,Wed,Thu,Fri
16:54:52,J14,Jeffery Jump,,Sun
14:52:19,6,Jackson Park Express,,Sat
08:14:10,6,Jackson Park Express,,Mon,Tue,Wed,Thu,Fri
16:00:11,X4,Cottage Grove Express,,Mon,Tue,Wed,Thu,Fri
22:39:19,J14,Jeffery Jump,,Mon,Tue,Wed,Thu,Fri
17:52:18,6,Jackson Park Express,,Sun
11:51:36,J14,Jeffery Jump,,Sun
05:51:37,4,Cottage Grove,,Sat
16:04:49,3,King Drive,,Sat
19:05:40,4,Cottage Grove,,Mon,Tue,Wed,Thu,Fri
13:18:19,3,King Drive,,Mon,Tue,Wed,Thu,Fri
09:04:20,3,King Drive,,Sat
21:36:58,4,Cottage Grove,,Sat
16:33:20,3,King Drive,,Sun
12:37:41,4,Cottage Grove,,Sat
18:49:10,6,Jackson Park Express,,Sun
11:54:35,6,Jackson Park Express,,Mon,Tue,Wed,Thu,Fri
19:03:20,3,King Drive,,Mon,Tue,Wed,Thu,Fri
12:05:19,3,King Drive,,Sat
11:04:19,3,King Drive,,Mon,Tue,Wed,Thu,Fri
16:46:13,28,Stony Island,,Mon,Tue,Wed,Thu,Fri
09:07:15,26,South Shore Express,,Mon,Tue,Wed,Thu,Fri
14:34:49,6,Jackson Park Express,,Sat
11:35:01,6,Jackson Park Express,,Mon,Tue,Wed,Thu,Fri
18:01:20,3,King Drive,,Sun
18:01:52,4,Cottage Grove,,Sat
24:31:38,4,Cottage Grove,,Sat
19:35:28,4,Cottage Grove,,Sun
11:15:19,3,King Drive,,Mon,Tue,Wed,Thu,Fri
12:50:49,3,King Drive,,Sat
23:05:14,6,Jackson Park Express,,Sat
17:21:18,6,Jackson Park Express,,Sun
20:36:10,6,Jackson Park Express,,Sat
14:43:49,3,King Drive,,Sat
09:47:59,4,Cottage Grove,,Sun
24:07:35,6,Jackson Park Express,,Sat
21:22:58,4,Cottage Grove,,Mon,Tue,Wed,Thu,Fri
16:17:31,4,Cottage Grove,,Mon,Tue,Wed,Thu,Fri
05:55:37,4,Cottage Grove,,Sun
10:11:19,3,King Drive,,Mon,Tue,Wed,Thu,Fri
16:13:49,3,King Drive,,Sat
19:13:36,J14,Jeffery Jump,,Mon,Tue,Wed,Thu,Fri
11:13:39,J14,Jeffery Jump,,Sat
02:23:38,4,Cottage Grove,,Tue,Wed,Thu,Fri,Sat
22:19:28,4,Cottage Grove,,Sat
14:04:01,4,Cottage Grove,,Mon,Tue,Wed,Thu,Fri
19:50:51,3,King Drive,,Sat
09:41:49,J14,Jeffery Jump,,Sun
07:53:49,3,King Drive,,Mon,Tue,Wed,Thu,Fri
14:55:06,J14,Jeffery Jump,,Sun
19:04:29,4,Cottage Grove,,Mon,Tue,Wed,Thu,Fri
20:53:58,4,Cottage Grove,,Mon,Tue,Wed,Thu,Fri
07:36:20,3,King Drive,,Mon,Tue,Wed,Thu,Fri
09:55:09,J14,Jeffery Jump,,Mon,Tue,Wed,Thu,Fri
19:23:01,4,Cottage Grove,,Sat
15:57:44,6,Jackson Park Express,,Mon,Tue,Wed,Thu,Fri
08:09:45,26,South Shore Express,,Mon,Tue,Wed,Thu,Fri
17:05:01,4,Cottage Grove,,Sun
17:10:10,1,Bronzeville/Union Station,,Mon,Tue,Wed,Thu,Fri
10:48:56,26,South Shore Express,,Mon,Tue,Wed,Thu,Fri
16:13:09,J14,Jeffery Jump,,Mon,Tue,Wed,Thu,Fri
18:23:36,J14,Jeffery Jump,,Sat
15:52:43,1,Bronzeville/Union Station,,Mon,Tue,Wed,Thu,Fri
08:15:35,6,Jackson Park Express,,Sat
10:32:20,4,Cottage Grove,,Mon,Tue,Wed,Thu,Fri
05:59:52,3,King Drive,,Mon,Tue,Wed,Thu,Fri
12:24:35,6,Jackson Park Express,,Sun
21:44:22,3,King Drive,,Sun
13:27:22,6,Jackson Park Express,,Sat
09:14:50,4,Cottage Grove,,Mon,Tue,Wed,Thu,Fri
17:33:36,J14,Jeffery Jump,,Sun
16:49:49,3,King Drive,,Sat
08:27:13,28,Stony Island,,Mon,Tue,Wed,Thu,Fri
20:36:26,6,Jackson Park Express,,Mon,Tue,Wed,Thu,Fri
10:54:39,J14,Jeffery Jump,,Sat
02:23:11,4,Cottage Grove,,Tue,Wed,Thu,Fri,Sat
14:37:33,4,Cottage Grove,,Sat
03:23:11,4,Cottage Grove,,Mon
21:46:58,4,Cottage Grove,,Sat
23:48:41,4,Cottage Grove,,Mon,Tue,Wed,Thu,Fri
09:00:58,4,Cottage Grove,,Sun
15:28:35,6,Jackson Park Express,,Sun
05:42:31,6,Jackson Park Express,,Mon,Tue,Wed,Thu,Fri
12:18:56,26,South Shore Express,,Mon,Tue,Wed,Thu,Fri
09:55:09,J14,Jeffery Jump,,Mon,Tue,Wed,Thu,Fri
15:05:01,4,Cottage Grove,,Sun
15:09:33,4,Cottage Grove,,Sat
08:21:03,J14,Jeffery Jump,,Sun
18:43:13,1,Bronzeville/Union Station,,Mon,Tue,Wed,Thu,Fri
20:41:21,3,King Drive,,Mon,Tue,Wed,Thu,Fri
08:52:20,3,King Drive,,Sat
15:00:05,6,Jackson Park Express,,Mon,Tue,Wed,Thu,Fri
07:11:14,6,Jackson Park Express,,Mon,Tue,Wed,Thu,Fri
23:01:53,3,King Drive,,Sun
07:35:45,26,South Shore Express,,Mon,Tue,Wed,Thu,Fri
23:35:35,6,Jackson Park Express,,Sat
17:41:03,4,Cottage Grove,,Sat
20:15:20,3,King Drive,,Mon,Tue,Wed,Thu,Fri
17:44:09,J14,Jeffery Jump,,Sat
16:38:43,1,Bronzeville/Union Station,,Mon,Tue,Wed,Thu,Fri
19:03:20,3,King Drive,,Mon,Tue,Wed,Thu,Fri
08:26:58,4,Cottage Grove,,Sun
08:05:22,X4,Cottage Grove Express,,Mon,Tue,Wed,Thu,Fri
14:23:01,4,Cottage Grove,,Mon,Tue,Wed,Thu,Fri
11:15:19,3,King Drive,,Mon,Tue,Wed,Thu,Fri
11:39:20,4,Cottage Grove,,Mon,Tue,Wed,Thu,Fri
14:55:01,4,Cottage Grove,,Sun
13:23:20,3,King Drive,,Sun
18:35:31,4,Cottage Grove,,Sat
20:09:49,4,Cottage Grove,,Sat
09:55:31,X4,Cottage Grove Express,,Mon,Tue,Wed,Thu,Fri
07:54:10,6,Jackson Park Express,,Mon,Tue,Wed,Thu,Fri
13:15:20,4,Cottage Grove,,Sun
10:17:59,4,Cottage Grove,,Sun
20:35:28,4,Cottage Grove,,Sun
19:38:51,3,King Drive,,Sat
09:19:37,1,Bronzeville/Union Station,,Mon,Tue,Wed,Thu,Fri
06:58:38,26,South Shore Express,,Mon,Tue,Wed,Thu,Fri
04:23:11,4,Cottage Grove,,Sat
17:40:59,4,Cottage Grove,,Sun
20:53:58,4,Cottage Grove,,Mon,Tue,Wed,Thu,Fri
09:08:19,3,King Drive,,Mon,Tue,Wed,Thu,Fri
14:18:49,3,King Drive,,Sat
18:52:06,J14,Jeffery Jump,,Sat
09:21:52,28,Stony Island,,Mon,Tue,Wed,Thu,Fri
18:20:31,4,Cottage Grove,,Mon,Tue,Wed,Thu,Fri
13:44:49,3,King Drive,,Sat
09:36:39,J14,Jeffery Jump,,Mon,Tue,Wed,Thu,Fri
21:46:28,4,Cottage Grove,,Sun
16:31:31,6,Jackson Park Express,,Sat
07:14:19,J14,Jeffery Jump,,Sat
13:43:03,4,Cottage Grove,,Sat
12:41:09,J14,Jeffery Jump,,Sat
09:26:41,X4,Cottage Grove Express,,Mon,Tue,Wed,Thu,Fri
22:25:28,4,Cottage Grove,,Mon,Tue,Wed,Thu,Fri
16:06:49,3,King Drive,,Mon,Tue,Wed,Thu,Fri
05:33:44,6,Jackson Park Express,,Sun
15:35:01,4,Cottage Grove,,Sun
14:35:19,3,King Drive,,Sat
10:21:36,J14,Jeffery Jump,,Sun
13:05:31,4,Cottage Grove,,Mon,Tue,Wed,Thu,Fri
07:42:15,26,South Shore Express,,Mon,Tue,Wed,Thu,Fri
10:01:49,J14,Jeffery Jump,,Sun
15:55:01,4,Cottage Grove,,Sun
20:25:01,6,Jackson Park Express,,Sun
13:33:55,J14,Jeffery Jump,,Mon,Tue,Wed,Thu,Fri
14:47:03,4,Cottage Grove,,Sat
10:05:39,J14,Jeffery Jump,,Sat
10:17:10,6,Jackson Park Express,,Sun
21:01:06,J14,Jeffery Jump,,Sat
17:35:03,4,Cottage Grove,,Sat
15:33:44,6,Jackson Park Express,,Mon,Tue,Wed,Thu,Fri
20:41:06,J14,Jeffery Jump,,Sat
21:28:22,6,Jackson Park Express,,Sun
16:39:03,4,Cottage Grove,,Sat
20:11:44,6,Jackson Park Express,,Mon,Tue,Wed,Thu,Fri
09:18:38,4,Cottage Grove,,Sun
05:15:41,4,Cottage Grove,,Sun
16:23:43,1,Bronzeville/Union Station,,Mon,Tue,Wed,Thu,Fri
08:25:35,6,Jackson Park Express,,Sat
15:55:49,3,King Drive,,Sat
19:59:33,J14,Jeffery Jump,,Sun
11:30:50,4,Cottage Grove,,Mon,Tue,Wed,Thu,Fri
09:24:11,J14,Jeffery Jump,,Mon,Tue,Wed,Thu,Fri
19:47:01,6,Jackson Park Express,,Sun
06:18:58,4,Cottage Grove,,Mon,Tue,Wed,Thu,Fri
09:14:11,X4,Cottage Grove Express,,Mon,Tue,Wed,Thu,Fri
18:42:36,J14,Jeffery Jump,,Sat
13:02:35,6,Jackson Park Express,,Sun
19:32:19,4,Cottage Grove,,Mon,Tue,Wed,Thu,Fri
13:43:55,J14,Jeffery Jump,,Mon,Tue,Wed,Thu,Fri
21:40:31,6,Jackson Park Express,,Sun
17:01:13,28,Stony Island,,Mon,Tue,Wed,Thu,Fri
16:31:49,3,King Drive,,Sat
19:45:28,4,Cottage Grove,,Sun
13:55:01,4,Cottage Grove,,Mon,Tue,Wed,Thu,Fri
09:43:10,4,Cottage Grove,,Sat
16:44:31,4,Cottage Grove,,Mon,Tue,Wed,Thu,Fri
08:53:19,3,King Drive,,Mon,Tue,Wed,Thu,Fri
15:16:20,3,King Drive,,Sun
05:57:31,6,Jackson Park Express,,Mon,Tue,Wed,Thu,Fri
14:33:55,J14,Jeffery Jump,,Mon,Tue,Wed,Thu,Fri
15:51:03,4,Cottage Grove,,Sat
06:42:49,J14,Jeffery Jump,,Sat
11:02:05,6,Jackson Park Express,,Sun
20:55:51,3,King Drive,,Sat
01:51:38,4,Cottage Grove,,Sun
10:51:20,4,Cottage Grove,,Mon,Tue,Wed,Thu,Fri
06:17:51,3,King Drive,,Mon,Tue,Wed,Thu,Fri
13:39:41,J14,Jeffery Jump,,Sat
09:57:59,4,Cottage Grove,,Sun
14:25:06,J14,Jeffery Jump,,Sun
07:06:22,28,Stony Island,,Mon,Tue,Wed,Thu,Fri
15:35:11,X4,Cottage Grove Express,,Mon,Tue,Wed,Thu,Fri
09:57:59,4,Cottage Grove,,Sun
14:54:20,3,King Drive,,Sun
13:35:49,3,King Drive,,Sat
22:06:58,4,Cottage Grove,,Sat
20:00:08,4,Cottage Grove,,Mon,Tue,Wed,Thu,Fri
13:51:19,3,King Drive,,Mon,Tue,Wed,Thu,Fri
14:07:44,6,Jackson Park Express,,Mon,Tue,Wed,Thu,Fri
07:35:45,26,South Shore Express,,Mon,Tue,Wed,Thu,Fri
08:34:50,4,Cottage Grove,,Mon,Tue,Wed,Thu,Fri
12:07:50,4,Cottage Grove,,Mon,Tue,Wed,Thu,Fri
22:50:35,6,Jackson Park Express,,Sat
07:42:01,1,Bronzeville/Union Station,,Mon,Tue,Wed,Thu,Fri
12:11:49,6,Jackson Park Express,,Sat
12:41:19,3,King Drive,,Sat
12:50:41,J14,Jeffery Jump,,Sat
08:42:33,J14,Jeffery Jump,,Sun
18:55:50,3,King Drive,,Mon,Tue,Wed,Thu,Fri
14:10:49,3,King Drive,,Sat
13:55:06,J14,Jeffery Jump,,Sun
23:50:35,6,Jackson Park Express,,Sat
06:27:20,3,King Drive,,Mon,Tue,Wed,Thu,Fri
10:55:09,J14,Jeffery Jump,,Mon,Tue,Wed,Thu,Fri
20:30:52,3,King Drive,,Sun
12:45:19,3,King Drive,,Mon,Tue,Wed,Thu,Fri
05:22:26,6,Jackson Park Express,,Sat
13:13:55,J14,Jeffery Jump,,Mon,Tue,Wed,Thu,Fri
14:23:03,4,Cottage Grove,,Sat
09:15:49,3,King Drive,,Mon,Tue,Wed,Thu,Fri
05:51:06,J14,Jeffery Jump,,Mon,Tue,Wed,Thu,Fri
14:02:49,3,King Drive,,Sat
21:09:33,J14,Jeffery Jump,,Sun
22:12:58,4,Cottage Grove,,Mon,Tue,Wed,Thu,Fri
06:26:19,J14,Jeffery Jump,,Sat
10:47:49,6,Jackson Park Express,,Sun
11:58:20,4,Cottage Grove,,Mon,Tue,Wed,Thu,Fri
07:20:21,3,King Drive,,Sat
14:35:06,J14,Jeffery Jump,,Sun
17:25:03,4,Cottage Grove,,Sat
16:40:49,3,King Drive,,Sat
12:18:35,6,Jackson Park Express,,Mon,Tue,Wed,Thu,Fri
20:47:28,4,Cottage Grove,,Mon,Tue,Wed,Thu,Fri
08:04:10,6,Jackson Park Express,,Mon,Tue,Wed,Thu,Fri
07:04:21,3,King Drive,,Sat
12:06:35,6,Jackson Park Express,,Mon,Tue,Wed,Thu,Fri
09:45:18,6,Jackson Park Express,,Sun
07:15:40,X4,Cottage Grove Express,,Mon,Tue,Wed,Thu,Fri
08:55:52,6,Jackson Park Express,,Mon,Tue,Wed,Thu,Fri
09:08:19,3,King Drive,,Mon,Tue,Wed,Thu,Fri
10:10:31,X4,Cottage Grove Express,,Mon,Tue,Wed,Thu,Fri
08:29:19,3,King Drive,,Mon,Tue,Wed,Thu,Fri
14:43:01,4,Cottage Grove,,Mon,Tue,Wed,Thu,Fri
19:33:01,4,Cottage Grove,,Sat
13:25:20,4,Cottage Grove,,Sun
18:30:01,4,Cottage Grove,,Mon,Tue,Wed,Thu,Fri
06:24:43,26,South Shore Express,,Mon,Tue,Wed,Thu,Fri
18:02:32,4,Cottage Grove,,Mon,Tue,Wed,Thu,Fri
15:10:49,3,King Drive,,Sat
08:09:19,3,King Drive,,Mon,Tue,Wed,Thu,Fri
08:09:14,J14,Jeffery Jump,,Mon,Tue,Wed,Thu,Fri
06:39:22,28,Stony Island,,Mon,Tue,Wed,Thu,Fri
19:13:36,J14,Jeffery Jump,,Mon,Tue,Wed,Thu,Fri
10:21:19,3,King Drive,,Mon,Tue,Wed,Thu,Fri
00:43:35,6,Jackson Park Express,,Sun
15:20:46,1,Bronzeville/Union Station,,Mon,Tue,Wed,Thu,Fri
17:38:41,J14,Jeffery Jump,,Mon,Tue,Wed,Thu,Fri
17:28:20,3,King Drive,,Sun
09:04:20,4,Cottage Grove,,Mon,Tue,Wed,Thu,Fri
20:11:19,4,Cottage Grove,,Sat
11:18:35,6,Jackson Park Express,,Mon,Tue,Wed,Thu,Fri
22:34:28,4,Cottage Grove,,Sat
11:33:20,3,King Drive,,Sun
13:33:55,J14,Jeffery Jump,,Mon,Tue,Wed,Thu,Fri
15:36:52,6,Jackson Park Express,,Mon,Tue,Wed,Thu,Fri
06:43:47,4,Cottage Grove,,Sun
15:27:03,4,Cottage Grove,,Sat
21:52:58,4,Cottage Grove,,Mon,Tue,Wed,Thu,Fri
07:27:03,26,South Shore Express,,Mon,Tue,Wed,Thu,Fri
19:23:36,J14,Jeffery Jump,,Mon,Tue,Wed,Thu,Fri
17:16:13,28,Stony Island,,Mon,Tue,Wed,Thu,Fri
23:19:37,4,Cottage Grove,,Mon,Tue,Wed,Thu,Fri
11:25:19,6,Jackson Park Express,,Sat
08:26:22,J14,Jeffery Jump,,Sat
07:27:10,X4,Cottage Grove Express,,Mon,Tue,Wed,Thu,Fri
11:01:36,J14,Jeffery Jump,,Sun
15:25:01,4,Cottage Grove,,Sun
18:40:49,3,King Drive,,Mon,Tue,Wed,Thu,Fri
14:13:19,3,King Drive,,Mon,Tue,Wed,Thu,Fri
09:21:49,J14,Jeffery Jump,,Sun
14:03:22,6,Jackson Park Express,,Sat
10:05:09,J14,Jeffery Jump,,Mon,Tue,Wed,Thu,Fri
06:23:01,6,Jackson Park Express,,Mon,Tue,Wed,Thu,Fri
06:50:13,1,Bronzeville/Union Station,,Mon,Tue,Wed,Thu,Fri
17:23:49,3,King Drive,,Mon,Tue,Wed,Thu,Fri
13:00:41,J14,Jeffery Jump,,Sat
09:33:20,4,Cottage Grove,,Mon,Tue,Wed,Thu,Fri
21:19:33,J14,Jeffery Jump,,Sun
15:03:03,4,Cottage Grove,,Sat
14:43:44,6,Jackson Park Express,,Mon,Tue,Wed,Thu,Fri
18:22:13,1,Bronzeville/Union Station,,Mon,Tue,Wed,Thu,Fri
17:14:41,J14,Jeffery Jump,,Sat
12:21:09,J14,Jeffery Jump,,Sat
19:38:51,3,King Drive,,Sat
08:34:20,4,Cottage Grove,,Mon,Tue,Wed,Thu,Fri
14:55:31,4,Cottage Grove,,Fri
19:22:19,4,Cottage Grove,,Mon,Tue,Wed,Thu,Fri
24:29:08,4,Cottage Grove,,Mon,Tue,Wed,Thu,Fri
08:57:22,J14,Jeffery Jump,,Sat
16:51:18,6,Jackson Park Express,,Sun
14:39:03,4,Cottage Grove,,Sat
05:15:38,4,Cottage Grove,,Sun
18:32:31,6,Jackson Park Express,,Mon,Tue,Wed,Thu,Fri
07:44:19,3,King Drive,,Mon,Tue,Wed,Thu,Fri
05:25:22,3,King Drive,,Mon,Tue,Wed,Thu,Fri
04:53:07,4,Cottage Grove,,Sat
15:22:41,X4,Cottage Grove Express,,Mon,Tue,Wed,Thu,Fri
15:37:49,3,King Drive,,Sat
13:47:48,6,Jackson Park Express,,Mon,Tue,Wed,Thu,Fri
20:52:01,6,Jackson Park Express,,Sat
14:57:49,3,King Drive,,Mon,Tue,Wed,Thu,Fri
18:52:01,6,Jackson Park Express,,Sun
06:01:19,1,Bronzeville/Union Station,,Mon,Tue,Wed,Thu,Fri
21:08:51,3,King Drive,,Sat
08:35:28,4,Cottage Grove,,Sun
05:34:22,3,King Drive,,Mon,Tue,Wed,Thu,Fri
20:02:51,3,King Drive,,Sat
17:38:41,J14,Jeffery Jump,,Mon,Tue,Wed,Thu,Fri
12:45:11,4,Cottage Grove,,Sat
18:39:29,4,Cottage Grove,,Sun
06:57:20,3,King Drive,,Mon,Tue,Wed,Thu,Fri
17:28:20,3,King Drive,,Sun
13:18:52,6,Jackson Park Express,,Sat
23:37:23,3,King Drive,,Mon,Tue,Wed,Thu,Fri
15:33:09,J14,Jeffery Jump,,Mon,Tue,Wed,Thu,Fri
17:45:49,3,King Drive,,Mon,Tue,Wed,Thu,Fri
07:41:19,J14,Jeffery Jump,,Sat
16:37:01,J14,Jeffery Jump,,Sat
07:28:11,J14,Jeffery Jump,,Mon,Tue,Wed,Thu,Fri
13:26:33,4,Cottage Grove,,Sat
17:52:57,6,Jackson Park Express,,Mon,Tue,Wed,Thu,Fri
10:21:36,J14,Jeffery Jump,,Sun
19:33:36,J14,Jeffery Jump,,Mon,Tue,Wed,Thu,Fri
18:35:01,6,Jackson Park Express,,Sun
21:31:06,J14,Jeffery Jump,,Sat
00:35:56,6,Jackson Park Express,,Mon
13:43:44,6,Jackson Park Express,,Mon,Tue,Wed,Thu,Fri
08:49:40,6,Jackson Park Express,,Sat
15:13:49,6,Jackson Park Express,,Sun
18:40:49,J14,Jeffery Jump,,Sun
17:51:03,4,Cottage Grove,,Sat
19:04:06,J14,Jeffery Jump,,Mon,Tue,Wed,Thu,Fri
13:55:01,4,Cottage Grove,,Sun
11:44:22,J14,Jeffery Jump,,Mon,Tue,Wed,Thu,Fri
10:19:50,3,King Drive,,Sun
20:27:51,3,King Drive,,Sat
14:27:49,3,King Drive,,Sat
15:09:49,6,Jackson Park Express,,Sat
13:38:08,26,South Shore Express,,Mon,Tue,Wed,Thu,Fri
10:11:36,J14,Jeffery Jump,,Sun
11:24:22,J14,Jeffery Jump,,Mon,Tue,Wed,Thu,Fri
06:30:36,J14,Jeffery Jump,,Mon,Tue,Wed,Thu,Fri
16:27:01,J14,Jeffery Jump,,Sat
14:29:33,4,Cottage Grove,,Sat
19:29:21,3,King Drive,,Sun
11:20:40,4,Cottage Grove,,Sat
13:45:01,4,Cottage Grove,,Mon,Tue,Wed,Thu,Fri
20:17:28,4,Cottage Grove,,Mon,Tue,Wed,Thu,Fri
20:54:58,4,Cottage Grove,,Sun
17:27:14,6,Jackson Park Express,,Sat
13:23:48,6,Jackson Park Express,,Mon,Tue,Wed,Thu,Fri
15:33:33,4,Cottage Grove,,Sat
19:26:08,4,Cottage Grove,,Sun
13:55:35,6,Jackson Park Express,,Sun
15:23:09,J14,Jeffery Jump,,Mon,Tue,Wed,Thu,Fri
10:51:10,4,Cottage Grove,,Sat
11:41:09,J14,Jeffery Jump,,Sat
07:15:58,4,Cottage Grove,,Sun
13:43:55,J14,Jeffery Jump,,Mon,Tue,Wed,Thu,Fri
22:56:14,6,Jackson Park Express,,Mon,Tue,Wed,Thu,Fri
15:15:22,6,Jackson Park Express,,Sat
13:34:50,3,King Drive,,Sun
09:22:29,4,Cottage Grove,,Sat
18:36:22,J14,Jeffery Jump,,Mon,Tue,Wed,Thu,Fri
07:32:22,28,Stony Island,,Mon,Tue,Wed,Thu,Fri
19:10:59,4,Cottage Grove,,Sun
14:11:26,26,South Shore Express,,Mon,Tue,Wed,Thu,Fri
18:34:10,6,Jackson Park Express,,Sun
07:29:35,6,Jackson Park Express,,Sun
17:44:44,6,Jackson Park Express,,Mon,Tue,Wed,Thu,Fri
24:53:11,4,Cottage Grove,,Sun
14:43:46,1,Bronzeville/Union Station,,Mon,Tue,Wed,Thu,Fri
22:19:58,4,Cottage Grove,,Sun
10:54:19,6,Jackson Park Express,,Sat
06:47:35,6,Jackson Park Express,,Mon,Tue,Wed,Thu,Fri
14:12:31,4,Cottage Grove,,Mon,Tue,Wed,Thu,Fri
09:07:15,26,South Shore Express,,Mon,Tue,Wed,Thu,Fri
14:08:50,3,King Drive,,Sun
09:13:48,6,Jackson Park Express,,Mon,Tue,Wed,Thu,Fri
13:03:55,J14,Jeffery Jump,,Mon,Tue,Wed,Thu,Fri
06:59:19,J14,Jeffery Jump,,Sat
21:09:52,3,King Drive,,Mon,Tue,Wed,Thu,Fri
11:27:59,4,Cottage Grove,,Sun
16:58:44,6,Jackson Park Express,,Sat
15:24:52,6,Jackson Park Express,,Mon,Tue,Wed,Thu,Fri
21:44:36,J14,Jeffery Jump,,Mon,Tue,Wed,Thu,Fri
17:45:49,3,King Drive,,Mon,Tue,Wed,Thu,Fri
15:17:33,4,Cottage Grove,,Sat
19:12:01,6,Jackson Park Express,,Sat
06:18:28,4,Cottage Grove,,Mon,Tue,Wed,Thu,Fri
08:50:21,3,King Drive,,Sun
10:42:40,4,Cottage Grove,,Sat
10:31:50,3,King Drive,,Sun
14:19:50,3,King Drive,,Sun
07:59:14,J14,Jeffery Jump,,Mon,Tue,Wed,Thu,Fri
23:33:37,4,Cottage Grove,,Mon,Tue,Wed,Thu,Fri
23:06:28,4,Cottage Grove,,Mon,Tue,Wed,Thu,Fri
12:13:11,4,Cottage Grove,,Sat
17:15:01,4,Cottage Grove,,Sun
19:16:20,3,King Drive,,Sat
20:59:33,J14,Jeffery Jump,,Sun
08:41:19,3,King Drive,,Mon,Tue,Wed,Thu,Fri
06:35:44,6,Jackson Park Express,,Mon,Tue,Wed,Thu,Fri
22:06:05,6,Jackson Park Express,,Sat
17:33:36,J14,Jeffery Jump,,Sun
23:10:47,4,Cottage Grove,,Sun
09:54:35,6,Jackson Park Express,,Mon,Tue,Wed,Thu,Fri
08:55:31,J14,Jeffery Jump,,Mon,Tue,Wed,Thu,Fri
10:00:48,6,Jackson Park Express,,Sat
17:09:49,3,King Drive,,Sat
12:44:05,6,Jackson Park Express,,Sat
08:08:58,4,Cottage Grove,,Sun
10:05:39,J14,Jeffery Jump,,Sat
05:42:36,J14,Jeffery Jump,,Mon,Tue,Wed,Thu,Fri
17:04:52,J14,Jeffery Jump,,Sun
21:39:33,J14,Jeffery Jump,,Sun
11:47:41,4,Cottage Grove,,Sat
20:09:33,J14,Jeffery Jump,,Sun
18:49:05,6,Jackson Park Express,,Sat
09:39:20,26,South Shore Express,,Mon,Tue,Wed,Thu,Fri
07:18:50,26,South Shore Express,,Mon,Tue,Wed,Thu,Fri
07:57:59,4,Cottage Grove,,Mon,Tue,Wed,Thu,Fri
15:38:20,3,King Drive,,Sun
22:36:56,6,Jackson Park Express,,Sun
20:14:51,3,King Drive,,Sat
11:32:56,26,South Shore Express,,Mon,Tue,Wed,Thu,Fri
16:24:11,X4,Cottage Grove Express,,Mon,Tue,Wed,Thu,Fri
17:48:53,4,Cottage Grove,,Sat
10:19:50,3,King Drive,,Sun
05:12:49,26,South Shore Express,,Mon,Tue,Wed,Thu,Fri
18:12:20,3,King Drive,,Sun
20:19:49,4,Cottage Grove,,Sat
07:00:14,6,Jackson Park Express,,Mon,Tue,Wed,Thu,Fri
16:26:49,6,Jackson Park Express,,Sun
08:15:31,6,Jackson Park Express,,Sat
13:11:50,3,King Drive,,Sun
15:54:49,3,King Drive,,Mon,Tue,Wed,Thu,Fri
07:30:58,4,Cottage Grove,,Sun
07:59:14,J14,Jeffery Jump,,Mon,Tue,Wed,Thu,Fri
03:53:11,4,Cottage Grove,,Sun
06:48:38,4,Cottage Grove,,Mon,Tue,Wed,Thu,Fri
21:25:58,4,Cottage Grove,,Sat
09:12:14,J14,Jeffery Jump,,Mon,Tue,Wed,Thu,Fri
12:18:56,26,South Shore Express,,Mon,Tue,Wed,Thu,Fri
19:39:20,3,King Drive,,Mon,Tue,Wed,Thu,Fri
18:53:50,3,King Drive,,Sat
12:34:09,J14,Jeffery Jump,,Mon,Tue,Wed,Thu,Fri
15:57:01,J14,Jeffery Jump,,Sat
15:00:49,6,Jackson Park Express,,Sat
13:57:33,4,Cottage Grove,,Sat
14:43:49,3,King Drive,,Sat
16:13:09,J14,Jeffery Jump,,Mon,Tue,Wed,Thu,Fri
20:01:06,J14,Jeffery Jump,,Sat
22:04:58,4,Cottage Grove,,Sun
09:56:09,J14,Jeffery Jump,,Sat
12:02:56,26,South Shore Express,,Mon,Tue,Wed,Thu,Fri
15:53:13,1,Bronzeville/Union Station,,Mon,Tue,Wed,Thu,Fri
08:25:20,3,King Drive,,Sat
12:45:41,4,Cottage Grove,,Sat
11:02:20,4,Cottage Grove,,Mon,Tue,Wed,Thu,Fri
09:24:11,J14,Jeffery Jump,,Mon,Tue,Wed,Thu,Fri
15:37:13,1,Bronzeville/Union Station,,Mon,Tue,Wed,Thu,Fri
18:22:20,3,King Drive,,Sun
20:02:51,3,King Drive,,Sat
16:17:01,J14,Jeffery Jump,,Sat
09:46:39,J14,Jeffery Jump,,Sat
11:17:18,6,Jackson Park Express,,Sat
17:53:13,4,Cottage Grove,,Mon,Tue,Wed,Thu,Fri
11:26:19,3,King Drive,,Mon,Tue,Wed,Thu,Fri
12:50:35,6,Jackson Park Express,,Sun
09:21:10,6,Jackson Park Express,,Mon,Tue,Wed,Thu,Fri
18:21:44,6,Jackson Park Express,,Sun
16:40:49,3,King Drive,,Sat
18:08:31,4,Cottage Grove,,Sat
02:23:11,4,Cottage Grove,,Sun
22:02:58,4,Cottage Grove,,Mon,Tue,Wed,Thu,Fri
09:30:41,J14,Jeffery Jump,,Mon,Tue,Wed,Thu,Fri
15:45:01,4,Cottage Grove,,Sun
11:17:59,4,Cottage Grove,,Sun
06:58:09,J14,Jeffery Jump,,Mon,Tue,Wed,Thu,Fri
13:03:55,J14,Jeffery Jump,,Mon,Tue,Wed,Thu,Fri
19:43:19,4,Cottage Grove,,Mon,Tue,Wed,Thu,Fri
13:55:44,6,Jackson Park Express,,Mon,Tue,Wed,Thu,Fri
07:47:47,28,Stony Island,,Mon,Tue,Wed,Thu,Fri
20:04:26,6,Jackson Park Express,,Mon,Tue,Wed,Thu,Fri
08:25:23,1,Bronzeville/Union Station,,Mon,Tue,Wed,Thu,Fri
15:55:06,J14,Jeffery Jump,,Sun
14:15:01,4,Cottage Grove,,Sun
09:32:50,4,Cottage Grove,,Mon,Tue,Wed,Thu,Fri
17:21:05,6,Jackson Park Express,,Sat
18:13:18,6,Jackson Park Express,,Sun
16:45:01,4,Cottage Grove,,Sun
17:33:14,6,Jackson Park Express,,Mon,Tue,Wed,Thu,Fri
14:15:05,6,Jackson Park Express,,Sun
09:24:50,4,Cottage Grove,,Mon,Tue,Wed,Thu,Fri
17:30:05,6,Jackson Park Express,,Sat
18:50:59,4,Cottage Grove,,Sun
08:15:13,28,Stony Island,,Mon,Tue,Wed,Thu,Fri
16:41:11,J14,Jeffery Jump,,Mon,Tue,Wed,Thu,Fri
20:56:28,4,Cottage Grove,,Sun
07:04:39,J14,Jeffery Jump,,Mon,Tue,Wed,Thu,Fri
09:42:35,6,Jackson Park Express,,Mon,Tue,Wed,Thu,Fri
23:33:37,4,Cottage Grove,,Mon,Tue,Wed,Thu,Fri
13:59:48,6,Jackson Park Express,,Mon,Tue,Wed,Thu,Fri
13:55:20,4,Cottage Grove,,Sun
13:15:20,4,Cottage Grove,,Sun
10:45:18,6,Jackson Park Express,,Sun
06:28:28,4,Cottage Grove,,Mon,Tue,Wed,Thu,Fri
04:23:38,4,Cottage Grove,,Sun
13:18:33,4,Cottage Grove,,Sat
23:28:05,6,Jackson Park Express,,Sun
14:23:55,J14,Jeffery Jump,,Mon,Tue,Wed,Thu,Fri
08:37:40,6,Jackson Park Express,,Sat
14:29:01,J14,Jeffery Jump,,Sat
14:33:50,X4,Cottage Grove Express,,Mon,Tue,Wed,Thu,Fri
07:07:19,4,Cottage Grove,,Mon,Tue,Wed,Thu,Fri
16:12:11,X4,Cottage Grove Express,,Mon,Tue,Wed,Thu,Fri
23:06:28,4,Cottage Grove,,Mon,Tue,Wed,Thu,Fri
19:24:31,6,Jackson Park Express,,Sat
19:10:01,6,Jackson Park Express,,Sun
16:37:14,6,Jackson Park Express,,Sun
17:48:13,X4,Cottage Grove Express,,Mon,Tue,Wed,Thu,Fri
11:03:26,26,South Shore Express,,Mon,Tue,Wed,Thu,Fri
19:30:20,3,King Drive,,Mon,Tue,Wed,Thu,Fri
09:02:31,6,Jackson Park Express,,Sat
18:54:36,J14,Jeffery Jump,,Mon,Tue,Wed,Thu,Fri
23:28:37,4,Cottage Grove,,Sun
08:15:52,J14,Jeffery Jump,,Sat
18:04:09,J14,Jeffery Jump,,Sat
12:50:49,3,King Drive,,Sat
09:47:48,6,Jackson Park Express,,Mon,Tue,Wed,Thu,Fri
14:54:20,3,King Drive,,Sun
21:09:40,6,Jackson Park Express,,Sun
08:39:20,3,King Drive,,Sat
11:27:18,6,Jackson Park Express,,Sat
22:08:05,6,Jackson Park Express,,Sun
09:42:49,3,King Drive,,Mon,Tue,Wed,Thu,Fri
18:16:31,4,Cottage Grove,,Sat
08:33:10,6,Jackson Park Express,,Sun
08:53:38,4,Cottage Grove,,Sat
15:58:31,4,Cottage Grove,,Mon,Tue,Wed,Thu,Fri
17:24:20,4,Cottage Grove,,Sun
22:05:28,4,Cottage Grove,,Sat
16:47:03,4,Cottage Grove,,Sat
17:23:36,J14,Jeffery Jump,,Sun
17:31:13,28,Stony Island,,Mon,Tue,Wed,Thu,Fri
09:29:18,6,Jackson Park Express,,Sun
21:09:52,3,King Drive,,Mon,Tue,Wed,Thu,Fri
19:46:58,4,Cottage Grove,,Sun
07:26:52,3,King Drive,,Sun
18:02:22,4,Cottage Grove,,Mon,Tue,Wed,Thu,Fri
20:48:10,6,Jackson Park Express,,Sat
20:36:58,4,Cottage Grove,,Sun
10:35:48,6,Jackson Park Express,,Sat
17:19:03,4,Cottage Grove,,Sat
15:36:49,6,Jackson Park Express,,Sat
06:01:35,6,Jackson Park Express,,Sat
16:54:31,4,Cottage Grove,,Mon,Tue,Wed,Thu,Fri
14:13:33,4,Cottage Grove,,Sat
16:08:01,4,Cottage Grove,,Mon,Tue,Wed,Thu,Fri
06:36:26,26,South Shore Express,,Mon,Tue,Wed,Thu,Fri
18:09:50,3,King Drive,,Sat
15:43:03,4,Cottage Grove,,Sat
13:39:41,J14,Jeffery Jump,,Sat
11:07:59,4,Cottage Grove,,Sun
10:42:35,6,Jackson Park Express,,Mon,Tue,Wed,Thu,Fri
13:07:44,6,Jackson Park Express,,Mon,Tue,Wed,Thu,Fri
16:50:49,3,King Drive,,Mon,Tue,Wed,Thu,Fri
20:50:40,6,Jackson Park Express,,Sun
16:36:11,X4,Cottage Grove Express,,Mon,Tue,Wed,Thu,Fri
22:34:58,4,Cottage Grove,,Sun
15:59:03,4,Cottage Grove,,Sat
21:09:49,4,Cottage Grove,,Sat
20:07:28,4,Cottage Grove,,Mon,Tue,Wed,Thu,Fri
17:56:49,3,King Drive,,Mon,Tue,Wed,Thu,Fri
16:00:52,6,Jackson Park Express,,Mon,Tue,Wed,Thu,Fri
19:11:44,6,Jackson Park Express,,Mon,Tue,Wed,Thu,Fri
09:24:19,3,King Drive,,Mon,Tue,Wed,Thu,Fri
18:28:05,6,Jackson Park Express,,Sat
12:35:50,3,King Drive,,Sun
09:14:01,6,Jackson Park Express,,Sat
17:00:58,J14,Jeffery Jump,,Mon,Tue,Wed,Thu,Fri
12:10:19,3,King Drive,,Mon,Tue,Wed,Thu,Fri
07:49:15,26,South Shore Express,,Mon,Tue,Wed,Thu,Fri
18:04:09,J14,Jeffery Jump,,Sat
16:22:49,3,King Drive,,Sat
06:09:33,J14,Jeffery Jump,,Sat
20:17:28,4,Cottage Grove,,Mon,Tue,Wed,Thu,Fri
08:52:28,4,Cottage Grove,,Sun
14:10:49,6,Jackson Park Express,,Sun
09:11:49,J14,Jeffery Jump,,Sun
13:35:01,4,Cottage Grove,,Mon,Tue,Wed,Thu,Fri
18:33:06,J14,Jeffery Jump,,Sat
11:30:35,6,Jackson Park Express,,Mon,Tue,Wed,Thu,Fri
21:22:19,J14,Jeffery Jump,,Mon,Tue,Wed,Thu,Fri
16:49:49,3,King Drive,,Sat
06:52:29,X4,Cottage Grove Express,,Mon,Tue,Wed,Thu,Fri
15:09:11,X4,Cottage Grove Express,,Mon,Tue,Wed,Thu,Fri
14:21:22,6,Jackson Park Express,,Sat
15:24:22,6,Jackson Park Express,,Sat
12:24:09,J14,Jeffery Jump,,Mon,Tue,Wed,Thu,Fri
16:29:33,4,Cottage Grove,,Sat
09:28:20,3,King Drive,,Sat
22:24:22,3,King Drive,,Sun
17:11:18,6,Jackson Park Express,,Sun
16:03:11,4,Cottage Grove,,Mon,Tue,Wed,Thu
16:03:11,4,Cottage Grove,,Mon,Tue,Wed,Thu
16:55:01,4,Cottage Grove,,Sun
12:56:19,3,King Drive,,Mon,Tue,Wed,Thu,Fri
17:58:44,6,Jackson Park Express,,Mon,Tue,Wed,Thu,Fri
19:34:31,4,Cottage Grove,,Sat
21:21:22,3,King Drive,,Sat
08:02:56,1,Bronzeville/Union Station,,Mon,Tue,Wed,Thu,Fri
11:48:19,3,King Drive,,Mon,Tue,Wed,Thu,Fri
07:36:20,3,King Drive,,Mon,Tue,Wed,Thu,Fri
09:04:35,6,Jackson Park Express,,Mon,Tue,Wed,Thu,Fri
08:29:19,3,King Drive,,Mon,Tue,Wed,Thu,Fri
13:36:22,6,Jackson Park Express,,Sat
21:52:05,6,Jackson Park Express,,Sat
07:11:25,J14,Jeffery Jump,,Mon,Tue,Wed,Thu,Fri
17:29:40,4,Cottage Grove,,Sun
15:30:49,3,King Drive,,Mon,Tue,Wed,Thu,Fri
06:27:35,6,Jackson Park Express,,Sun
23:50:23,3,King Drive,,Sat
20:26:58,4,Cottage Grove,,Sun
15:46:49,3,King Drive,,Sat
07:18:52,28,Stony Island,,Mon,Tue,Wed,Thu,Fri
04:51:37,4,Cottage Grove,,Mon,Tue,Wed,Thu,Fri
14:39:22,6,Jackson Park Express,,Sat
13:35:49,3,King Drive,,Sat
11:22:39,J14,Jeffery Jump,,Sat
18:18:49,3,King Drive,,Mon,Tue,Wed,Thu,Fri
10:21:20,4,Cottage Grove,,Mon,Tue,Wed,Thu,Fri
06:26:19,J14,Jeffery Jump,,Sat
23:50:23,3,King Drive,,Sat
15:30:01,4,Cottage Grove,,Mon,Tue,Wed,Thu,Fri
07:52:29,1,Bronzeville/Union Station,,Mon,Tue,Wed,Thu,Fri
11:09:20,3,King Drive,,Sun
16:15:01,4,Cottage Grove,,Sun
23:23:53,3,King Drive,,Sun
15:13:55,J14,Jeffery Jump,,Mon,Tue,Wed,Thu,Fri
08:38:22,X4,Cottage Grove Express,,Mon,Tue,Wed,Thu,Fri
24:27:11,4,Cottage Grove,,Sun
19:19:33,J14,Jeffery Jump,,Sun
09:07:22,J14,Jeffery Jump,,Sat
04:21:47,J14,Jeffery Jump,,Mon,Tue,Wed,Thu,Fri
06:47:26,26,South Shore Express,,Mon,Tue,Wed,Thu,Fri
14:05:33,4,Cottage Grove,,Sat
07:06:52,3,King Drive,,Sun
14:47:48,6,Jackson Park Express,,Mon,Tue,Wed,Thu,Fri
06:37:28,4,Cottage Grove,,Sat
09:20:19,4,Cottage Grove,,Sun
24:08:38,4,Cottage Grove,,Sun
19:33:14,6,Jackson Park Express,,Mon,Tue,Wed,Thu,Fri
07:04:50,3,King Drive,,Mon,Tue,Wed,Thu,Fri
10:37:59,4,Cottage Grove,,Sun
19:41:06,J14,Jeffery Jump,,Sat
09:41:50,4,Cottage Grove,,Mon,Tue,Wed,Thu,Fri
21:45:28,4,Cottage Grove,,Sat
11:30:50,4,Cottage Grove,,Mon,Tue,Wed,Thu,Fri
11:41:36,J14,Jeffery Jump,,Sun
17:40:49,3,King Drive,,Sat
08:13:26,1,Bronzeville/Union Station,,Mon,Tue,Wed,Thu,Fri
20:15:20,3,King Drive,,Mon,Tue,Wed,Thu,Fri
08:44:38,4,Cottage Grove,,Sat
22:28:05,6,Jackson Park Express,,Sun
13:53:55,J14,Jeffery Jump,,Mon,Tue,Wed,Thu,Fri
12:25:20,4,Cottage Grove,,Sun
07:16:55,J14,Jeffery Jump,,Mon,Tue,Wed,Thu,Fri
07:28:19,J14,Jeffery Jump,,Sat
10:27:59,4,Cottage Grove,,Sun
18:01:52,X4,Cottage Grove Express,,Mon,Tue,Wed,Thu,Fri
17:13:36,J14,Jeffery Jump,,Sun
07:53:19,J14,Jeffery Jump,,Sat
08:02:43,28,Stony Island,,Mon,Tue,Wed,Thu,Fri
18:07:49,3,King Drive,,Mon,Tue,Wed,Thu,Fri
22:00:31,6,Jackson Park Express,,Sun
15:45:49,6,Jackson Park Express,,Sat
20:55:51,3,King Drive,,Sat
11:47:19,3,King Drive,,Sat
20:23:36,J14,Jeffery Jump,,Mon,Tue,Wed,Thu,Fri
13:05:20,4,Cottage Grove,,Sun
18:42:36,J14,Jeffery Jump,,Sat
13:35:48,6,Jackson Park Express,,Mon,Tue,Wed,Thu,Fri
12:23:19,3,King Drive,,Mon,Tue,Wed,Thu,Fri
16:50:57,6,Jackson Park Express,,Mon,Tue,Wed,Thu,Fri
08:21:03,J14,Jeffery Jump,,Sun
06:25:08,X4,Cottage Grove Express,,Mon,Tue,Wed,Thu,Fri
07:18:19,4,Cottage Grove,,Mon,Tue,Wed,Thu,Fri
15:47:41,X4,Cottage Grove Express,,Mon,Tue,Wed,Thu,Fri
14:41:50,3,King Drive,,Sun
06:15:36,J14,Jeffery Jump,,Mon,Tue,Wed,Thu,Fri
07:08:19,4,Cottage Grove,,Mon,Tue,Wed,Thu,Fri
12:38:36,J14,Jeffery Jump,,Sun
09:31:49,J14,Jeffery Jump,,Sun
05:35:37,4,Cottage Grove,,Sun
17:58:50,3,King Drive,,Sat
17:29:49,3,King Drive,,Sat
12:11:09,J14,Jeffery Jump,,Sat
16:05:01,4,Cottage Grove,,Sun
08:17:45,26,South Shore Express,,Mon,Tue,Wed,Thu,Fri
06:10:37,4,Cottage Grove,,Sun
16:08:43,1,Bronzeville/Union Station,,Mon,Tue,Wed,Thu,Fri
13:12:49,6,Jackson Park Express,,Sat
10:45:09,J14,Jeffery Jump,,Mon,Tue,Wed,Thu,Fri
17:39:27,6,Jackson Park Express,,Mon,Tue,Wed,Thu,Fri
16:36:05,6,Jackson Park Express,,Sat
16:44:20,3,King Drive,,Sun
19:59:33,J14,Jeffery Jump,,Sun
15:35:01,4,Cottage Grove,,Sun
18:26:22,J14,Jeffery Jump,,Mon,Tue,Wed,Thu,Fri
14:05:01,4,Cottage Grove,,Sun
13:17:49,3,King Drive,,Sat
06:18:16,1,Bronzeville/Union Station,,Mon,Tue,Wed,Thu,Fri
19:57:20,3,King Drive,,Mon,Tue,Wed,Thu,Fri
13:11:48,6,Jackson Park Express,,Mon,Tue,Wed,Thu,Fri
15:49:01,4,Cottage Grove,,Mon,Tue,Wed,Thu,Fri
21:00:10,6,Jackson Park Express,,Sat
10:52:20,4,Cottage Grove,,Mon,Tue,Wed,Thu,Fri
16:22:20,3,King Drive,,Sun
22:44:22,3,King Drive,,Sun
07:46:05,6,Jackson Park Express,,Sun
09:02:33,J14,Jeffery Jump,,Sun
16:00:20,3,King Drive,,Sun
09:18:28,J14,Jeffery Jump,,Mon,Tue,Wed,Thu,Fri
06:23:06,J14,Jeffery Jump,,Mon,Tue,Wed,Thu,Fri
17:37:14,6,Jackson Park Express,,Sat
06:37:19,X4,Cottage Grove Express,,Mon,Tue,Wed,Thu,Fri
05:44:19,26,South Shore Express,,Mon,Tue,Wed,Thu,Fri
16:21:44,6,Jackson Park Express,,Mon,Tue,Wed,Thu,Fri
14:55:31,4,Cottage Grove,,Fri
06:49:50,3,King Drive,,Mon,Tue,Wed,Thu,Fri
16:28:49,3,King Drive,,Mon,Tue,Wed,Thu,Fri
19:49:33,J14,Jeffery Jump,,Sun
02:22:08,4,Cottage Grove,,Mon
12:23:19,3,King Drive,,Sat
19:28:08,4,Cottage Grove,,Sun
06:42:49,J14,Jeffery Jump,,Sat
06:11:43,26,South Shore Express,,Mon,Tue,Wed,Thu,Fri
20:41:21,3,King Drive,,Mon,Tue,Wed,Thu,Fri
11:37:19,3,King Drive,,Mon,Tue,Wed,Thu,Fri
19:01:36,J14,Jeffery Jump,,Sat
07:53:11,X4,Cottage Grove Express,,Mon,Tue,Wed,Thu,Fri
14:02:19,3,King Drive,,Mon,Tue,Wed,Thu,Fri
17:48:49,3,King Drive,,Sat
09:24:19,3,King Drive,,Mon,Tue,Wed,Thu,Fri
17:46:13,28,Stony Island,,Mon,Tue,Wed,Thu,Fri
23:21:23,3,King Drive,,Mon,Tue,Wed,Thu,Fri
11:22:39,J14,Jeffery Jump,,Sat
10:05:09,J14,Jeffery Jump,,Mon,Tue,Wed,Thu,Fri
14:30:50,3,King Drive,,Sun
02:52:38,4,Cottage Grove,,Mon
18:16:39,J14,Jeffery Jump,,Mon,Tue,Wed,Thu,Fri
19:21:06,J14,Jeffery Jump,,Sat
17:39:29,4,Cottage Grove,,Sun
10:06:35,6,Jackson Park Express,,Mon,Tue,Wed,Thu,Fri
22:39:19,J14,Jeffery Jump,,Mon,Tue,Wed,Thu,Fri
18:36:22,J14,Jeffery Jump,,Mon,Tue,Wed,Thu,Fri
17:58:50,3,King Drive,,Sat
05:11:56,6,Jackson Park Express,,Mon,Tue,Wed,Thu,Fri
13:05:01,4,Cottage Grove,,Mon,Tue,Wed,Thu,Fri
09:41:19,3,King Drive,,Sat
20:45:28,4,Cottage Grove,,Sun
15:24:19,6,Jackson Park Express,,Sun
12:07:35,6,Jackson Park Express,,Sat
12:53:55,J14,Jeffery Jump,,Mon,Tue,Wed,Thu,Fri
15:05:06,J14,Jeffery Jump,,Sun
10:11:10,6,Jackson Park Express,,Sat
17:57:43,4,Cottage Grove,,Sat
11:19:19,3,King Drive,,Sat
07:15:58,4,Cottage Grove,,Sun
20:13:10,6,Jackson Park Express,,Sun
12:29:06,J14,Jeffery Jump,,Sun
19:58:40,6,Jackson Park Express,,Sat
10:07:49,3,King Drive,,Sat
07:50:58,4,Cottage Grove,,Sun
10:07:59,4,Cottage Grove,,Sun
11:45:20,3,King Drive,,Sun
18:11:11,4,Cottage Grove,,Mon,Tue,Wed,Thu,Fri
19:57:52,3,King Drive,,Sun
18:53:50,3,King Drive,,Sat
10:15:09,J14,Jeffery Jump,,Mon,Tue,Wed,Thu,Fri
09:52:10,4,Cottage Grove,,Sat
05:59:36,J14,Jeffery Jump,,Mon,Tue,Wed,Thu,Fri
12:55:44,6,Jackson Park Express,,Mon,Tue,Wed,Thu,Fri
16:04:19,6,Jackson Park Express,,Sat
15:53:09,J14,Jeffery Jump,,Mon,Tue,Wed,Thu,Fri
07:39:50,X4,Cottage Grove Express,,Mon,Tue,Wed,Thu,Fri
08:04:38,4,Cottage Grove,,Sat
22:35:58,4,Cottage Grove,,Sat
03:23:38,4,Cottage Grove,,Tue,Wed,Thu,Fri,Sat
07:49:15,26,South Shore Express,,Mon,Tue,Wed,Thu,Fri
08:04:14,J14,Jeffery Jump,,Mon,Tue,Wed,Thu,Fri
19:18:49,4,Cottage Grove,,Sun
09:30:52,6,Jackson Park Express,,Mon,Tue,Wed,Thu,Fri
06:50:28,4,Cottage Grove,,Sat
22:51:28,4,Cottage Grove,,Mon,Tue,Wed,Thu,Fri
14:36:05,6,Jackson Park Express,,Sun
12:35:35,6,Jackson Park Express,,Sat
13:29:19,3,King Drive,,Mon,Tue,Wed,Thu,Fri
17:22:50,4,Cottage Grove,,Sun
02:53:38,4,Cottage Grove,,Tue,Wed,Thu,Fri,Sat
21:20:52,3,King Drive,,Mon,Tue,Wed,Thu,Fri
06:07:51,3,King Drive,,Mon,Tue,Wed,Thu,Fri
17:29:49,3,King Drive,,Sat
07:00:58,4,Cottage Grove,,Sun
21:21:06,J14,Jeffery Jump,,Sat
14:09:41,J14,Jeffery Jump,,Sat
18:03:36,J14,Jeffery Jump,,Sun
19:49:33,J14,Jeffery Jump,,Sun
18:19:14,6,Jackson Park Express,,Sat
10:54:35,6,Jackson Park Express,,Mon,Tue,Wed,Thu,Fri
21:12:58,4,Cottage Grove,,Mon,Tue,Wed,Thu,Fri
16:50:58,J14,Jeffery Jump,,Mon,Tue,Wed,Thu,Fri
21:12:26,6,Jackson Park Express,,Mon,Tue,Wed,Thu,Fri
12:14:09,J14,Jeffery Jump,,Mon,Tue,Wed,Thu,Fri
11:45:20,3,King Drive,,Sun
09:33:29,4,Cottage Grove,,Sat
11:15:19,6,Jackson Park Express,,Sun
17:39:44,6,Jackson Park Express,,Sun
11:47:40,4,Cottage Grove,,Sun
06:34:46,1,Bronzeville/Union Station,,Mon,Tue,Wed,Thu,Fri
12:47:50,3,King Drive,,Sun
08:07:21,3,King Drive,,Sat
23:51:38,4,Cottage Grove,,Sat
17:19:14,6,Jackson Park Express,,Sun
12:23:50,3,King Drive,,Sun
11:47:56,26,South Shore Express,,Mon,Tue,Wed,Thu,Fri
18:07:44,6,Jackson Park Express,,Sat
10:21:19,3,King Drive,,Mon,Tue,Wed,Thu,Fri
09:39:20,26,South Shore Express,,Mon,Tue,Wed,Thu,Fri
16:40:44,6,Jackson Park Express,,Sat
21:12:10,6,Jackson Park Express,,Sat
17:47:55,J14,Jeffery Jump,,Mon,Tue,Wed,Thu,Fri
08:25:50,4,Cottage Grove,,Mon,Tue,Wed,Thu,Fri
06:46:22,3,King Drive,,Sat
18:40:59,4,Cottage Grove,,Sun
12:23:19,3,King Drive,,Sat
17:12:05,6,Jackson Park Express,,Sat
05:24:05,6,Jackson Park Express,,Sat
18:44:31,4,Cottage Grove,,Sat
14:47:01,J14,Jeffery Jump,,Sat
22:20:58,4,Cottage Grove,,Sat
20:27:01,6,Jackson Park Express,,Sat
05:58:31,26,South Shore Express,,Mon,Tue,Wed,Thu,Fri
08:16:19,3,King Drive,,Mon,Tue,Wed,Thu,Fri
10:23:01,6,Jackson Park Express,,Mon,Tue,Wed,Thu,Fri
04:52:03,J14,Jeffery Jump,,Mon,Tue,Wed,Thu,Fri
13:59:41,J14,Jeffery Jump,,Sat
05:55:37,4,Cottage Grove,,Sun
06:38:58,4,Cottage Grove,,Mon,Tue,Wed,Thu,Fri
21:25:52,3,King Drive,,Sun
12:59:49,3,King Drive,,Sat
06:39:33,J14,Jeffery Jump,,Sun
09:45:09,J14,Jeffery Jump,,Mon,Tue,Wed,Thu,Fri
14:53:33,4,Cottage Grove,,Sat
21:51:22,3,King Drive,,Sat
08:53:19,3,King Drive,,Mon,Tue,Wed,Thu,Fri
14:24:49,3,King Drive,,Mon,Tue,Wed,Thu,Fri
16:22:49,3,King Drive,,Sat
18:56:44,6,Jackson Park Express,,Mon,Tue,Wed,Thu,Fri
13:15:01,4,Cottage Grove,,Mon,Tue,Wed,Thu,Fri
05:14:49,J14,Jeffery Jump,,Mon,Tue,Wed,Thu,Fri
10:33:10,4,Cottage Grove,,Sat
08:57:52,28,Stony Island,,Mon,Tue,Wed,Thu,Fri
08:47:47,28,Stony Island,,Mon,Tue,Wed,Thu,Fri
15:47:41,X4,Cottage Grove Express,,Mon,Tue,Wed,Thu,Fri
13:48:49,6,Jackson Park Express,,Sat
08:35:19,3,King Drive,,Mon,Tue,Wed,Thu,Fri
15:18:49,6,Jackson Park Express,,Sat
07:43:38,4,Cottage Grove,,Sat
08:15:13,28,Stony Island,,Mon,Tue,Wed,Thu,Fri
11:29:19,3,King Drive,,Sat
05:53:33,J14,Jeffery Jump,,Sat
21:19:08,4,Cottage Grove,,Sat
13:39:49,6,Jackson Park Express,,Sat
11:44:19,6,Jackson Park Express,,Sat
19:50:51,3,King Drive,,Sat
12:21:41,4,Cottage Grove,,Sat
16:22:55,J14,Jeffery Jump,,Mon,Tue,Wed,Thu,Fri
10:53:19,3,King Drive,,Mon,Tue,Wed,Thu,Fri
10:17:59,4,Cottage Grove,,Sun
09:38:20,3,King Drive,,Sun
03:53:11,4,Cottage Grove,,Sat
17:47:55,J14,Jeffery Jump,,Mon,Tue,Wed,Thu,Fri
08:36:52,J14,Jeffery Jump,,Sat
08:20:01,J14,Jeffery Jump,,Mon,Tue,Wed,Thu,Fri
22:11:56,6,Jackson Park Express,,Mon,Tue,Wed,Thu,Fri
07:20:33,J14,Jeffery Jump,,Sun
11:04:49,6,Jackson Park Express,,Sat
06:52:09,J14,Jeffery Jump,,Mon,Tue,Wed,Thu,Fri
10:52:10,4,Cottage Grove,,Sat
16:17:49,3,King Drive,,Mon,Tue,Wed,Thu,Fri
08:09:45,26,South Shore Express,,Mon,Tue,Wed,Thu,Fri
23:35:14,6,Jackson Park Express,,Sat
17:13:02,4,Cottage Grove,,Mon,Tue,Wed,Thu,Fri
07:28:19,4,Cottage Grove,,Mon,Tue,Wed,Thu,Fri
14:55:01,4,Cottage Grove,,Sun
13:23:55,J14,Jeffery Jump,,Mon,Tue,Wed,Thu,Fri
13:19:41,J14,Jeffery Jump,,Sat
08:36:52,J14,Jeffery Jump,,Sat
12:54:49,6,Jackson Park Express,,Sat
05:43:05,6,Jackson Park Express,,Sat
14:35:06,J14,Jeffery Jump,,Sun
12:19:49,6,Jackson Park Express,,Sat
14:25:35,6,Jackson Park Express,,Sun
13:35:01,4,Cottage Grove,,Mon,Tue,Wed,Thu,Fri
05:53:33,J14,Jeffery Jump,,Sat
20:01:59,4,Cottage Grove,,Sat
18:22:13,1,Bronzeville/Union Station,,Mon,Tue,Wed,Thu,Fri
09:11:49,J14,Jeffery Jump,,Sun
14:45:26,26,South Shore Express,,Mon,Tue,Wed,Thu,Fri
14:15:06,J14,Jeffery Jump,,Sun
13:05:20,4,Cottage Grove,,Sun
08:51:50,1,Bronzeville/Union Station,,Mon,Tue,Wed,Thu,Fri
07:47:47,28,Stony Island,,Mon,Tue,Wed,Thu,Fri
06:53:05,6,Jackson Park Express,,Sat
09:42:49,3,King Drive,,Mon,Tue,Wed,Thu,Fri
20:30:52,3,King Drive,,Sun
18:52:06,J14,Jeffery Jump,,Sat
12:20:06,J14,Jeffery Jump,,Sun
17:23:49,3,King Drive,,Mon,Tue,Wed,Thu,Fri
07:43:28,J14,Jeffery Jump,,Mon,Tue,Wed,Thu,Fri
18:01:14,6,Jackson Park Express,,Sun
19:24:31,4,Cottage Grove,,Sat
20:43:19,J14,Jeffery Jump,,Mon,Tue,Wed,Thu,Fri
19:04:06,J14,Jeffery Jump,,Mon,Tue,Wed,Thu,Fri
11:55:19,6,Jackson Park Express,,Sun
11:53:49,6,Jackson Park Express,,Sat
08:50:01,J14,Jeffery Jump,,Mon,Tue,Wed,Thu,Fri
22:38:28,4,Cottage Grove,,Mon,Tue,Wed,Thu,Fri
20:31:40,6,Jackson Park Express,,Sun
15:02:46,1,Bronzeville/Union Station,,Mon,Tue,Wed,Thu,Fri
18:20:50,3,King Drive,,Sat
05:10:07,4,Cottage Grove,,Mon,Tue,Wed,Thu,Fri
19:38:10,6,Jackson Park Express,,Sun
12:32:19,3,King Drive,,Sat
18:58:20,4,Cottage Grove,,Mon,Tue,Wed,Thu,Fri
12:05:19,3,King Drive,,Sat
10:37:59,4,Cottage Grove,,Sun
24:16:05,6,Jackson Park Express,,Sun
16:00:05,6,Jackson Park Express,,Sun
15:12:52,6,Jackson Park Express,,Mon,Tue,Wed,Thu,Fri
20:39:33,J14,Jeffery Jump,,Sun
18:22:20,3,King Drive,,Sun
18:43:13,1,Bronzeville/Union Station,,Mon,Tue,Wed,Thu,Fri
08:57:52,28,Stony Island,,Mon,Tue,Wed,Thu,Fri
19:14:51,3,King Drive,,Sun
12:17:20,4,Cottage Grove,,Mon,Tue,Wed,Thu,Fri
21:19:33,J14,Jeffery Jump,,Sun
21:11:06,J14,Jeffery Jump,,Sat
11:47:41,4,Cottage Grove,,Sat
13:46:20,3,King Drive,,Sun
08:52:33,J14,Jeffery Jump,,Sun
16:23:03,4,Cottage Grove,,Sat
11:26:19,3,King Drive,,Mon,Tue,Wed,Thu,Fri
13:29:19,3,King Drive,,Mon,Tue,Wed,Thu,Fri
11:59:19,3,King Drive,,Mon,Tue,Wed,Thu,Fri
13:08:49,3,King Drive,,Sat
17:41:40,1,Bronzeville/Union Station,,Mon,Tue,Wed,Thu,Fri
15:42:19,3,King Drive,,Mon,Tue,Wed,Thu,Fri
17:03:03,4,Cottage Grove,,Sat
05:27:53,3,King Drive,,Sat
08:39:13,28,Stony Island,,Mon,Tue,Wed,Thu,Fri
14:13:55,J14,Jeffery Jump,,Mon,Tue,Wed,Thu,Fri
17:05:28,J14,Jeffery Jump,,Sat
18:30:59,4,Cottage Grove,,Sun
13:18:19,3,King Drive,,Mon,Tue,Wed,Thu,Fri
14:43:55,J14,Jeffery Jump,,Mon,Tue,Wed,Thu,Fri
11:05:09,J14,Jeffery Jump,,Mon,Tue,Wed,Thu,Fri
07:27:20,3,King Drive,,Mon,Tue,Wed,Thu,Fri
08:44:20,4,Cottage Grove,,Mon,Tue,Wed,Thu,Fri
19:39:20,3,King Drive,,Mon,Tue,Wed,Thu,Fri
15:30:49,3,King Drive,,Mon,Tue,Wed,Thu,Fri
04:21:47,J14,Jeffery Jump,,Mon,Tue,Wed,Thu,Fri
14:35:49,3,King Drive,,Mon,Tue,Wed,Thu,Fri
08:16:22,X4,Cottage Grove Express,,Mon,Tue,Wed,Thu,Fri
07:46:59,4,Cottage Grove,,Mon,Tue,Wed,Thu,Fri
13:45:06,J14,Jeffery Jump,,Sun
16:35:01,4,Cottage Grove,,Sun
07:44:19,3,King Drive,,Mon,Tue,Wed,Thu,Fri
20:13:36,J14,Jeffery Jump,,Mon,Tue,Wed,Thu,Fri
23:48:38,4,Cottage Grove,,Mon,Tue,Wed,Thu,Fri
11:21:50,4,Cottage Grove,,Mon,Tue,Wed,Thu,Fri
12:59:49,3,King Drive,,Sat
13:17:49,3,King Drive,,Sat
11:41:36,J14,Jeffery Jump,,Sun
17:50:20,3,King Drive,,Sun
16:58:14,6,Jackson Park Express,,Sun
18:18:31,4,Cottage Grove,,Sat
16:24:52,J14,Jeffery Jump,,Sun
14:55:03,4,Cottage Grove,,Sat
09:23:49,4,Cottage Grove,,Sat
08:49:10,6,Jackson Park Express,,Sun
21:40:19,J14,Jeffery Jump,,Sat
14:31:44,6,Jackson Park Express,,Mon,Tue,Wed,Thu,Fri
08:47:22,J14,Jeffery Jump,,Sat
12:13:11,4,Cottage Grove,,Sat
20:39:31,6,Jackson Park Express,,Sat
15:28:49,3,King Drive,,Sat
14:57:22,6,Jackson Park Express,,Sat
09:32:29,4,Cottage Grove,,Sat
19:21:40,6,Jackson Park Express,,Sat
10:42:20,4,Cottage Grove,,Mon,Tue,Wed,Thu,Fri
15:02:31,4,Cottage Grove,,Mon,Tue,Wed,Thu,Fri
15:07:01,J14,Jeffery Jump,,Sat
09:29:29,4,Cottage Grove,,Sun
03:53:38,4,Cottage Grove,,Sat
06:42:20,3,King Drive,,Mon,Tue,Wed,Thu,Fri
20:27:51,3,King Drive,,Sat
07:41:58,4,Cottage Grove,,Sun
16:59:49,3,King Drive,,Sat
08:23:19,3,King Drive,,Mon,Tue,Wed,Thu,Fri
13:25:20,4,Cottage Grove,,Sun
21:22:58,4,Cottage Grove,,Mon,Tue,Wed,Thu,Fri
07:48:28,J14,Jeffery Jump,,Mon,Tue,Wed,Thu,Fri
23:19:17,4,Cottage Grove,,Mon,Tue,Wed,Thu,Fri
05:28:17,4,Cottage Grove,,Mon,Tue,Wed,Thu,Fri
16:00:20,3,King Drive,,Sun
13:40:19,3,King Drive,,Mon,Tue,Wed,Thu,Fri
08:07:21,3,King Drive,,Sat
13:40:19,3,King Drive,,Mon,Tue,Wed,Thu,Fri
14:13:01,4,Cottage Grove,,Mon,Tue,Wed,Thu,Fri
16:13:19,6,Jackson Park Express,,Sat
15:34:49,6,Jackson Park Express,,Sun
08:26:31,6,Jackson Park Express,,Sun
12:46:31,4,Cottage Grove,,Mon,Tue,Wed,Thu,Fri
08:47:22,J14,Jeffery Jump,,Sat
15:49:20,3,King Drive,,Sun
07:37:19,4,Cottage Grove,,Mon,Tue,Wed,Thu,Fri
14:57:05,6,Jackson Park Express,,Sun
19:51:06,J14,Jeffery Jump,,Sat
19:20:19,4,Cottage Grove,,Sun
07:06:22,28,Stony Island,,Mon,Tue,Wed,Thu,Fri
17:29:44,6,Jackson Park Express,,Sun
11:07:18,6,Jackson Park Express,,Sat
04:23:38,4,Cottage Grove,,Mon,Tue,Wed,Thu,Fri
11:00:40,4,Cottage Grove,,Sat
09:51:38,26,South Shore Express,,Mon,Tue,Wed,Thu,Fri
04:23:11,4,Cottage Grove,,Mon,Tue,Wed,Thu,Fri
09:15:49,3,King Drive,,Mon,Tue,Wed,Thu,Fri
19:53:36,J14,Jeffery Jump,,Mon,Tue,Wed,Thu,Fri
24:53:08,4,Cottage Grove,,Mon,Tue,Wed,Thu,Fri
21:31:56,6,Jackson Park Express,,Mon,Tue,Wed,Thu,Fri
16:45:05,6,Jackson Park Express,,Sat
12:36:31,4,Cottage Grove,,Mon,Tue,Wed,Thu,Fri
07:50:58,4,Cottage Grove,,Sun
24:31:41,4,Cottage Grove,,Sat
12:31:10,6,Jackson Park Express,,Mon,Tue,Wed,Thu,Fri
06:38:22,J14,Jeffery Jump,,Mon,Tue,Wed,Thu,Fri
17:52:32,4,Cottage Grove,,Mon,Tue,Wed,Thu,Fri
12:59:50,3,King Drive,,Sun
10:00:18,6,Jackson Park Express,,Sun
16:39:49,3,King Drive,,Mon,Tue,Wed,Thu,Fri
08:55:31,J14,Jeffery Jump,,Mon,Tue,Wed,Thu,Fri
18:42:50,3,King Drive,,Sat
06:06:53,3,King Drive,,Sat
17:23:36,J14,Jeffery Jump,,Sun
12:35:50,3,King Drive,,Sun
21:12:58,4,Cottage Grove,,Mon,Tue,Wed,Thu,Fri
15:49:33,4,Cottage Grove,,Sat
19:14:31,4,Cottage Grove,,Sat
09:26:41,X4,Cottage Grove Express,,Mon,Tue,Wed,Thu,Fri
14:13:55,J14,Jeffery Jump,,Mon,Tue,Wed,Thu,Fri
08:39:20,3,King Drive,,Sat
19:48:26,6,Jackson Park Express,,Mon,Tue,Wed,Thu,Fri
19:16:20,3,King Drive,,Sat
17:05:01,4,Cottage Grove,,Sun
20:21:06,J14,Jeffery Jump,,Sat
12:23:50,3,King Drive,,Sun
16:33:20,3,King Drive,,Sun
07:56:15,26,South Shore Express,,Mon,Tue,Wed,Thu,Fri
17:22:23,X4,Cottage Grove Express,,Mon,Tue,Wed,Thu,Fri
16:35:01,4,Cottage Grove,,Sun
06:59:22,6,Jackson Park Express,,Mon,Tue,Wed,Thu,Fri
04:23:11,4,Cottage Grove,,Sun
19:59:08,4,Cottage Grove,,Mon,Tue,Wed,Thu,Fri
13:45:01,4,Cottage Grove,,Mon,Tue,Wed,Thu,Fri
13:45:20,4,Cottage Grove,,Sun
10:53:19,3,King Drive,,Mon,Tue,Wed,Thu,Fri
12:20:06,J14,Jeffery Jump,,Sun
05:07:53,3,King Drive,,Sat
14:53:55,J14,Jeffery Jump,,Mon,Tue,Wed,Thu,Fri
06:39:31,6,Jackson Park Express,,Sat
06:01:19,1,Bronzeville/Union Station,,Mon,Tue,Wed,Thu,Fri
08:51:01,6,Jackson Park Express,,Sat
11:06:35,6,Jackson Park Express,,Mon,Tue,Wed,Thu,Fri
16:54:10,1,Bronzeville/Union Station,,Mon,Tue,Wed,Thu,Fri
15:35:03,4,Cottage Grove,,Sat
10:32:14,6,Jackson Park Express,,Sun
19:37:01,6,Jackson Park Express,,Sat
08:27:22,X4,Cottage Grove Express,,Mon,Tue,Wed,Thu,Fri
09:01:31,J14,Jeffery Jump,,Mon,Tue,Wed,Thu,Fri
15:37:49,3,King Drive,,Sat
01:23:11,4,Cottage Grove,,Sun
21:31:49,J14,Jeffery Jump,,Mon,Tue,Wed,Thu,Fri
10:25:09,J14,Jeffery Jump,,Mon,Tue,Wed,Thu,Fri
10:35:09,J14,Jeffery Jump,,Sat
21:37:35,6,Jackson Park Express,,Sat
06:19:03,J14,Jeffery Jump,,Sun
09:49:18,6,Jackson Park Express,,Sat
10:28:49,3,King Drive,,Sat
17:34:49,3,King Drive,,Mon,Tue,Wed,Thu,Fri
07:43:38,4,Cottage Grove,,Sat
13:19:41,J14,Jeffery Jump,,Sat
14:15:06,J14,Jeffery Jump,,Sun
18:42:14,6,Jackson Park Express,,Mon,Tue,Wed,Thu,Fri
24:53:08,4,Cottage Grove,,Sat
21:32:58,4,Cottage Grove,,Mon,Tue,Wed,Thu,Fri
08:16:19,3,King Drive,,Mon,Tue,Wed,Thu,Fri
08:04:19,J14,Jeffery Jump,,Sat
13:45:35,6,Jackson Park Express,,Sun
20:33:20,3,King Drive,,Mon,Tue,Wed,Thu,Fri
13:10:23,4,Cottage Grove,,Sat
15:45:19,6,Jackson Park Express,,Sun
12:23:19,3,King Drive,,Mon,Tue,Wed,Thu,Fri
11:38:19,3,King Drive,,Sat
07:45:05,6,Jackson Park Express,,Mon,Tue,Wed,Thu,Fri
13:21:49,6,Jackson Park Express,,Sat
06:07:17,4,Cottage Grove,,Sat
18:45:52,J14,Jeffery Jump,,Mon,Tue,Wed,Thu,Fri
18:49:31,4,Cottage Grove,,Mon,Tue,Wed,Thu,Fri
23:33:22,3,King Drive,,Sat
14:45:06,J14,Jeffery Jump,,Sun
17:03:22,4,Cottage Grove,,Mon,Tue,Wed,Thu,Fri
08:32:01,J14,Jeffery Jump,,Mon,Tue,Wed,Thu,Fri
05:50:22,3,King Drive,,Mon,Tue,Wed,Thu,Fri
06:11:01,6,Jackson Park Express,,Mon,Tue,Wed,Thu,Fri
09:45:09,J14,Jeffery Jump,,Mon,Tue,Wed,Thu,Fri
21:03:28,4,Cottage Grove,,Mon,Tue,Wed,Thu,Fri
16:47:01,J14,Jeffery Jump,,Sat
11:44:35,6,Jackson Park Express,,Sun
08:50:21,3,King Drive,,Sun
15:25:33,4,Cottage Grove,,Sat
11:31:39,J14,Jeffery Jump,,Sat
08:04:19,J14,Jeffery Jump,,Sat
15:13:55,J14,Jeffery Jump,,Mon,Tue,Wed,Thu,Fri
13:21:38,26,South Shore Express,,Mon,Tue,Wed,Thu,Fri
15:45:44,6,Jackson Park Express,,Mon,Tue,Wed,Thu,Fri
06:30:36,J14,Jeffery Jump,,Mon,Tue,Wed,Thu,Fri
17:11:03,4,Cottage Grove,,Sat
11:29:19,3,King Drive,,Sat
16:25:01,4,Cottage Grove,,Sun
14:07:49,6,Jackson Park Express,,Sat
12:22:19,6,Jackson Park Express,,Sun
15:51:22,6,Jackson Park Express,,Sat
09:52:20,4,Cottage Grove,,Mon,Tue,Wed,Thu,Fri
14:19:50,3,King Drive,,Sun
21:44:22,3,King Drive,,Sun
23:40:56,6,Jackson Park Express,,Sun
15:19:49,3,King Drive,,Sat
16:05:06,J14,Jeffery Jump,,Sun
20:46:58,4,Cottage Grove,,Sun
09:23:48,6,Jackson Park Express,,Mon,Tue,Wed,Thu,Fri
18:13:52,J14,Jeffery Jump,,Sat
08:44:38,4,Cottage Grove,,Sat
11:01:40,4,Cottage Grove,,Sat
16:47:44,6,Jackson Park Express,,Sun
11:29:50,4,Cottage Grove,,Sat
15:43:09,J14,Jeffery Jump,,Mon,Tue,Wed,Thu,Fri
07:00:03,J14,Jeffery Jump,,Sun
08:42:33,J14,Jeffery Jump,,Sun
19:33:36,J14,Jeffery Jump,,Mon,Tue,Wed,Thu,Fri
08:08:58,4,Cottage Grove,,Sun
20:06:58,4,Cottage Grove,,Sun
13:59:03,4,Cottage Grove,,Sat
22:12:58,4,Cottage Grove,,Mon,Tue,Wed,Thu,Fri
12:56:01,4,Cottage Grove,,Mon,Tue,Wed,Thu,Fri
16:23:13,1,Bronzeville/Union Station,,Mon,Tue,Wed,Thu,Fri
12:21:11,4,Cottage Grove,,Sat
23:08:05,6,Jackson Park Express,,Sun
15:27:01,J14,Jeffery Jump,,Sat
15:05:06,J14,Jeffery Jump,,Sun
18:33:06,J14,Jeffery Jump,,Sat
16:10:35,6,Jackson Park Express,,Sun
07:09:35,6,Jackson Park Express,,Sat
12:41:09,J14,Jeffery Jump,,Sat
12:11:35,6,Jackson Park Express,,Sun
18:21:49,J14,Jeffery Jump,,Sun
13:58:19,6,Jackson Park Express,,Sat
16:37:33,4,Cottage Grove,,Sat
18:40:49,J14,Jeffery Jump,,Sun
09:06:21,3,King Drive,,Sun
08:27:13,28,Stony Island,,Mon,Tue,Wed,Thu,Fri
20:59:49,4,Cottage Grove,,Sat
16:21:05,6,Jackson Park Express,,Sun
07:15:40,X4,Cottage Grove Express,,Mon,Tue,Wed,Thu,Fri
18:12:19,J14,Jeffery Jump,,Sun
17:57:14,6,Jackson Park Express,,Sat
18:43:01,4,Cottage Grove,,Sat
07:17:19,4,Cottage Grove,,Mon,Tue,Wed,Thu,Fri
10:22:20,4,Cottage Grove,,Mon,Tue,Wed,Thu,Fri
21:36:28,4,Cottage Grove,,Sun
12:53:52,4,Cottage Grove,,Sat
15:45:01,4,Cottage Grove,,Sun
10:11:20,4,Cottage Grove,,Mon,Tue,Wed,Thu,Fri
15:19:49,3,King Drive,,Sat
13:45:20,4,Cottage Grove,,Sun
10:58:49,3,King Drive,,Sat
16:54:10,1,Bronzeville/Union Station,,Mon,Tue,Wed,Thu,Fri
07:53:28,J14,Jeffery Jump,,Mon,Tue,Wed,Thu,Fri
06:17:51,3,King Drive,,Mon,Tue,Wed,Thu,Fri
05:14:49,J14,Jeffery Jump,,Mon,Tue,Wed,Thu,Fri
16:25:22,6,Jackson Park Express,,Mon,Tue,Wed,Thu,Fri
15:49:01,4,Cottage Grove,,Mon,Tue,Wed,Thu,Fri
16:09:44,6,Jackson Park Express,,Mon,Tue,Wed,Thu,Fri
13:13:55,J14,Jeffery Jump,,Mon,Tue,Wed,Thu,Fri
13:35:03,4,Cottage Grove,,Sat
22:21:01,6,Jackson Park Express,,Sat
08:57:22,J14,Jeffery Jump,,Sat
19:04:31,4,Cottage Grove,,Sat
21:42:01,6,Jackson Park Express,,Sat
00:35:52,6,Jackson Park Express,,Tue,Wed,Thu,Fri,Sat
10:31:36,J14,Jeffery Jump,,Sun
07:43:40,6,Jackson Park Express,,Mon,Tue,Wed,Thu,Fri
14:11:48,6,Jackson Park Express,,Mon,Tue,Wed,Thu,Fri
24:04:26,6,Jackson Park Express,,Sat
05:33:19,J14,Jeffery Jump,,Mon,Tue,Wed,Thu,Fri
14:05:06,J14,Jeffery Jump,,Sun
12:35:48,6,Jackson Park Express,,Mon,Tue,Wed,Thu,Fri
10:57:20,3,King Drive,,Sun
06:48:35,6,Jackson Park Express,,Sun
08:09:21,3,King Drive,,Sun
19:04:50,3,King Drive,,Sat
17:10:58,J14,Jeffery Jump,,Mon,Tue,Wed,Thu,Fri
06:38:08,4,Cottage Grove,,Mon,Tue,Wed,Thu,Fri
12:14:19,3,King Drive,,Sat
22:56:22,3,King Drive,,Sat
15:19:49,3,King Drive,,Mon,Tue,Wed,Thu,Fri
17:13:36,J14,Jeffery Jump,,Sun
15:47:01,J14,Jeffery Jump,,Sat
14:48:22,6,Jackson Park Express,,Sat
11:11:36,J14,Jeffery Jump,,Sun
14:42:31,4,Cottage Grove,,Mon,Tue,Wed,Thu,Fri
08:14:38,4,Cottage Grove,,Sat
12:57:36,J14,Jeffery Jump,,Sun
17:01:33,4,Cottage Grove,,Sat
10:15:18,6,Jackson Park Express,,Sun
14:00:19,6,Jackson Park Express,,Sun
20:27:28,4,Cottage Grove,,Mon,Tue,Wed,Thu,Fri
19:42:22,3,King Drive,,Sun
06:46:52,3,King Drive,,Sun
11:38:50,4,Cottage Grove,,Mon,Tue,Wed,Thu,Fri
21:21:06,J14,Jeffery Jump,,Sat
05:33:33,J14,Jeffery Jump,,Sat
17:35:23,X4,Cottage Grove Express,,Mon,Tue,Wed,Thu,Fri
14:03:55,J14,Jeffery Jump,,Mon,Tue,Wed,Thu,Fri
17:13:32,4,Cottage Grove,,Mon,Tue,Wed,Thu,Fri
07:19:07,1,Bronzeville/Union Station,,Mon,Tue,Wed,Thu,Fri
13:59:41,J14,Jeffery Jump,,Sat
20:19:33,J14,Jeffery Jump,,Sun
07:31:04,1,Bronzeville/Union Station,,Mon,Tue,Wed,Thu,Fri
24:14:22,6,Jackson Park Express,,Mon,Tue,Wed,Thu,Fri
19:09:29,4,Cottage Grove,,Sun
12:04:41,4,Cottage Grove,,Sat
12:37:11,4,Cottage Grove,,Sat
17:29:41,J14,Jeffery Jump,,Mon,Tue,Wed,Thu,Fri
10:04:56,26,South Shore Express,,Mon,Tue,Wed,Thu,Fri
15:49:35,6,Jackson Park Express,,Sun
07:54:38,4,Cottage Grove,,Sat
21:28:08,4,Cottage Grove,,Sat
15:17:01,J14,Jeffery Jump,,Sat
21:25:52,3,King Drive,,Sun
17:03:52,4,Cottage Grove,,Mon,Tue,Wed,Thu,Fri
17:14:50,4,Cottage Grove,,Sun
07:59:58,4,Cottage Grove,,Sun
09:51:49,3,King Drive,,Mon,Tue,Wed,Thu,Fri
10:11:01,6,Jackson Park Express,,Mon,Tue,Wed,Thu,Fri
14:57:01,J14,Jeffery Jump,,Sat
17:57:25,J14,Jeffery Jump,,Mon,Tue,Wed,Thu,Fri
08:24:10,6,Jackson Park Express,,Mon,Tue,Wed,Thu,Fri
18:17:31,6,Jackson Park Express,,Mon,Tue,Wed,Thu,Fri
23:16:22,3,King Drive,,Sat
13:45:22,6,Jackson Park Express,,Sat
16:12:52,6,Jackson Park Express,,Mon,Tue,Wed,Thu,Fri
19:55:28,4,Cottage Grove,,Sun
07:38:05,6,Jackson Park Express,,Sat
15:27:20,3,King Drive,,Sun
10:57:59,4,Cottage Grove,,Sun
06:23:06,J14,Jeffery Jump,,Mon,Tue,Wed,Thu,Fri
09:11:40,6,Jackson Park Express,,Mon,Tue,Wed,Thu,Fri
11:37:35,6,Jackson Park Express,,Sat
11:51:36,J14,Jeffery Jump,,Sun
21:31:06,J14,Jeffery Jump,,Sat
17:17:20,3,King Drive,,Sun
13:54:38,26,South Shore Express,,Mon,Tue,Wed,Thu,Fri
13:51:03,4,Cottage Grove,,Sat
09:19:37,1,Bronzeville/Union Station,,Mon,Tue,Wed,Thu,Fri
07:41:04,1,Bronzeville/Union Station,,Mon,Tue,Wed,Thu,Fri
18:29:49,3,King Drive,,Mon,Tue,Wed,Thu,Fri
11:57:35,6,Jackson Park Express,,Sat
13:35:20,4,Cottage Grove,,Sun
09:51:38,26,South Shore Express,,Mon,Tue,Wed,Thu,Fri
12:23:48,6,Jackson Park Express,,Mon,Tue,Wed,Thu,Fri
19:57:20,3,King Drive,,Mon,Tue,Wed,Thu,Fri
13:57:50,3,King Drive,,Sun
10:47:01,6,Jackson Park Express,,Mon,Tue,Wed,Thu,Fri
11:21:20,3,King Drive,,Sun
05:47:53,3,King Drive,,Sat
17:22:40,1,Bronzeville/Union Station,,Mon,Tue,Wed,Thu,Fri
09:46:39,J14,Jeffery Jump,,Sat
18:18:05,6,Jackson Park Express,,Sat
20:03:36,J14,Jeffery Jump,,Mon,Tue,Wed,Thu,Fri
17:27:03,4,Cottage Grove,,Sat
10:31:20,4,Cottage Grove,,Mon,Tue,Wed,Thu,Fri
07:31:04,1,Bronzeville/Union Station,,Mon,Tue,Wed,Thu,Fri
23:04:47,4,Cottage Grove,,Sat
17:09:14,6,Jackson Park Express,,Mon,Tue,Wed,Thu,Fri
20:29:49,4,Cottage Grove,,Sat
10:33:56,26,South Shore Express,,Mon,Tue,Wed,Thu,Fri
15:15:01,4,Cottage Grove,,Sun
16:53:41,4,Cottage Grove,,Mon,Tue,Wed,Thu,Fri
15:08:14,6,Jackson Park Express,,Mon,Tue,Wed,Thu,Fri
13:23:55,J14,Jeffery Jump,,Mon,Tue,Wed,Thu,Fri
16:00:22,6,Jackson Park Express,,Sat
10:41:40,4,Cottage Grove,,Sat
04:37:26,6,Jackson Park Express,,Mon,Tue,Wed,Thu,Fri
10:33:56,26,South Shore Express,,Mon,Tue,Wed,Thu,Fri
08:32:03,J14,Jeffery Jump,,Sun
14:19:01,J14,Jeffery Jump,,Sat
16:55:01,4,Cottage Grove,,Sun
11:33:20,3,King Drive,,Sun
17:34:09,J14,Jeffery Jump,,Sat
09:19:15,26,South Shore Express,,Mon,Tue,Wed,Thu,Fri
16:55:20,3,King Drive,,Sun
07:31:38,4,Cottage Grove,,Sat
11:31:36,J14,Jeffery Jump,,Sun
15:06:22,6,Jackson Park Express,,Sat
14:52:49,3,King Drive,,Sat
10:57:20,3,King Drive,,Sun
07:04:50,3,King Drive,,Mon,Tue,Wed,Thu,Fri
15:45:06,J14,Jeffery Jump,,Sun
07:27:20,3,King Drive,,Mon,Tue,Wed,Thu,Fri
22:36:14,6,Jackson Park Express,,Mon,Tue,Wed,Thu,Fri
10:31:36,J14,Jeffery Jump,,Sun
05:36:37,4,Cottage Grove,,Sat
08:55:15,26,South Shore Express,,Mon,Tue,Wed,Thu,Fri
14:23:48,6,Jackson Park Express,,Mon,Tue,Wed,Thu,Fri
20:47:52,3,King Drive,,Sun
17:10:58,J14,Jeffery Jump,,Mon,Tue,Wed,Thu,Fri
10:28:49,3,King Drive,,Sat
15:47:01,J14,Jeffery Jump,,Sat
11:54:09,J14,Jeffery Jump,,Mon,Tue,Wed,Thu,Fri
18:46:51,3,King Drive,,Sun
06:58:01,6,Jackson Park Express,,Sat
17:09:33,4,Cottage Grove,,Sat
22:20:35,6,Jackson Park Express,,Sat
10:18:35,6,Jackson Park Express,,Mon,Tue,Wed,Thu,Fri
12:31:09,J14,Jeffery Jump,,Sat
16:37:01,J14,Jeffery Jump,,Sat
18:42:50,3,King Drive,,Sat
18:07:25,J14,Jeffery Jump,,Mon,Tue,Wed,Thu,Fri
04:56:01,6,Jackson Park Express,,Mon,Tue,Wed,Thu,Fri
05:47:53,3,King Drive,,Sat
06:37:19,X4,Cottage Grove Express,,Mon,Tue,Wed,Thu,Fri
19:23:19,4,Cottage Grove,,Mon,Tue,Wed,Thu,Fri
18:33:51,3,King Drive,,Sun
19:26:44,6,Jackson Park Express,,Mon,Tue,Wed,Thu,Fri
17:19:49,3,King Drive,,Sat
18:02:48,6,Jackson Park Express,,Sun
14:25:01,4,Cottage Grove,,Sun
07:12:20,3,King Drive,,Mon,Tue,Wed,Thu,Fri
11:41:09,J14,Jeffery Jump,,Sat
08:52:28,4,Cottage Grove,,Sun
15:10:49,3,King Drive,,Sat
06:25:53,3,King Drive,,Sat
01:53:11,4,Cottage Grove,,Tue,Wed,Thu,Fri,Sat
10:11:36,J14,Jeffery Jump,,Sun
18:01:13,28,Stony Island,,Mon,Tue,Wed,Thu,Fri
21:01:19,4,Cottage Grove,,Sat
19:30:20,3,King Drive,,Mon,Tue,Wed,Thu,Fri
19:52:40,4,Cottage Grove,,Sat
21:02:58,4,Cottage Grove,,Mon,Tue,Wed,Thu,Fri
13:35:20,4,Cottage Grove,,Sun
15:36:43,1,Bronzeville/Union Station,,Mon,Tue,Wed,Thu,Fri
15:53:09,J14,Jeffery Jump,,Mon,Tue,Wed,Thu,Fri
22:06:52,3,King Drive,,Mon,Tue,Wed,Thu,Fri
08:44:01,J14,Jeffery Jump,,Mon,Tue,Wed,Thu,Fri
22:56:56,6,Jackson Park Express,,Sun
11:05:09,J14,Jeffery Jump,,Mon,Tue,Wed,Thu,Fri
06:50:28,4,Cottage Grove,,Sat
11:58:35,6,Jackson Park Express,,Sun
17:31:40,4,Cottage Grove,,Sun
22:57:33,J14,Jeffery Jump,,Mon,Tue,Wed,Thu,Fri
12:45:19,3,King Drive,,Mon,Tue,Wed,Thu,Fri
13:18:19,6,Jackson Park Express,,Sun
03:53:38,4,Cottage Grove,,Mon,Tue,Wed,Thu,Fri
06:54:22,28,Stony Island,,Mon,Tue,Wed,Thu,Fri
01:23:38,4,Cottage Grove,,Tue,Wed,Thu,Fri,Sat
06:39:33,J14,Jeffery Jump,,Sun
21:29:33,J14,Jeffery Jump,,Sun
17:44:09,J14,Jeffery Jump,,Sat
10:03:10,4,Cottage Grove,,Sat
06:58:09,J14,Jeffery Jump,,Mon,Tue,Wed,Thu,Fri
17:17:20,3,King Drive,,Sun
15:21:44,6,Jackson Park Express,,Mon,Tue,Wed,Thu,Fri
08:02:19,3,King Drive,,Mon,Tue,Wed,Thu,Fri
08:28:01,6,Jackson Park Express,,Sat
10:15:09,J14,Jeffery Jump,,Sat
17:14:41,J14,Jeffery Jump,,Sat
20:21:06,J14,Jeffery Jump,,Sat
16:35:31,4,Cottage Grove,,Mon,Tue,Wed,Thu,Fri
15:07:01,J14,Jeffery Jump,,Sat
18:10:59,4,Cottage Grove,,Sun
09:01:31,J14,Jeffery Jump,,Mon,Tue,Wed,Thu,Fri
15:18:05,6,Jackson Park Express,,Sun
16:06:49,3,King Drive,,Mon,Tue,Wed,Thu,Fri
21:02:31,6,Jackson Park Express,,Sun
07:35:21,3,King Drive,,Sat
17:41:40,1,Bronzeville/Union Station,,Mon,Tue,Wed,Thu,Fri
18:26:22,J14,Jeffery Jump,,Mon,Tue,Wed,Thu,Fri
21:35:28,4,Cottage Grove,,Sat
20:58:52,3,King Drive,,Mon,Tue,Wed,Thu,Fri
14:31:03,4,Cottage Grove,,Sat
07:35:21,3,King Drive,,Sat
08:12:56,1,Bronzeville/Union Station,,Mon,Tue,Wed,Thu,Fri
20:07:58,4,Cottage Grove,,Mon,Tue,Wed,Thu,Fri
17:12:49,3,King Drive,,Mon,Tue,Wed,Thu,Fri
07:53:19,J14,Jeffery Jump,,Sat
10:45:09,J14,Jeffery Jump,,Sat
08:35:19,3,King Drive,,Mon,Tue,Wed,Thu,Fri
20:33:19,J14,Jeffery Jump,,Mon,Tue,Wed,Thu,Fri
11:15:09,J14,Jeffery Jump,,Mon,Tue,Wed,Thu,Fri
19:31:06,J14,Jeffery Jump,,Sat
18:54:31,4,Cottage Grove,,Sat
08:43:58,4,Cottage Grove,,Sun
11:09:20,3,King Drive,,Sun
15:35:06,J14,Jeffery Jump,,Sun
13:08:49,3,King Drive,,Sat
20:31:19,4,Cottage Grove,,Sat
23:23:53,3,King Drive,,Sun
07:55:33,J14,Jeffery Jump,,Sun
18:57:40,4,Cottage Grove,,Mon,Tue,Wed,Thu,Fri
07:38:19,4,Cottage Grove,,Mon,Tue,Wed,Thu,Fri
08:04:05,6,Jackson Park Express,,Sat
23:17:17,4,Cottage Grove,,Sat
20:25:28,4,Cottage Grove,,Sun
11:19:19,3,King Drive,,Sat
06:05:31,6,Jackson Park Express,,Sun
08:17:58,4,Cottage Grove,,Sun
07:23:01,6,Jackson Park Express,,Mon,Tue,Wed,Thu,Fri
05:27:31,6,Jackson Park Express,,Mon,Tue,Wed,Thu,Fri
21:37:14,6,Jackson Park Express,,Mon,Tue,Wed,Thu,Fri
10:51:36,J14,Jeffery Jump,,Sun
11:34:22,J14,Jeffery Jump,,Mon,Tue,Wed,Thu,Fri
12:50:41,J14,Jeffery Jump,,Sat
16:13:33,4,Cottage Grove,,Sat
13:49:41,J14,Jeffery Jump,,Sat
11:29:31,4,Cottage Grove,,Sat
08:32:03,J14,Jeffery Jump,,Sun
15:03:55,J14,Jeffery Jump,,Mon,Tue,Wed,Thu,Fri
22:51:39,6,Jackson Park Express,,Mon,Tue,Wed,Thu,Fri
18:11:11,4,Cottage Grove,,Mon,Tue,Wed,Thu,Fri
05:59:52,3,King Drive,,Mon,Tue,Wed,Thu,Fri
15:11:31,4,Cottage Grove,,Mon,Tue,Wed,Thu,Fri
19:51:06,J14,Jeffery Jump,,Sat
18:20:50,3,King Drive,,Sat
23:21:23,3,King Drive,,Mon,Tue,Wed,Thu,Fri
09:21:49,J14,Jeffery Jump,,Sun
07:23:01,6,Jackson Park Express,,Sun
11:47:19,3,King Drive,,Sat
14:52:49,6,Jackson Park Express,,Sun
12:44:09,J14,Jeffery Jump,,Mon,Tue,Wed,Thu,Fri
19:56:44,6,Jackson Park Express,,Mon,Tue,Wed,Thu,Fri
10:12:18,6,Jackson Park Express,,Sat
12:26:50,4,Cottage Grove,,Mon,Tue,Wed,Thu,Fri
08:37:20,1,Bronzeville/Union Station,,Mon,Tue,Wed,Thu,Fri
20:16:58,4,Cottage Grove,,Sun
10:30:18,6,Jackson Park Express,,Sun
19:26:51,3,King Drive,,Sat
09:55:31,X4,Cottage Grove Express,,Mon,Tue,Wed,Thu,Fri
21:31:52,3,King Drive,,Mon,Tue,Wed,Thu,Fri
10:02:20,4,Cottage Grove,,Mon,Tue,Wed,Thu,Fri
08:52:33,J14,Jeffery Jump,,Sun
09:37:09,J14,Jeffery Jump,,Sat
21:42:52,3,King Drive,,Mon,Tue,Wed,Thu,Fri
16:26:31,4,Cottage Grove,,Mon,Tue,Wed,Thu,Fri
05:25:22,3,King Drive,,Mon,Tue,Wed,Thu,Fri
20:33:20,3,King Drive,,Mon,Tue,Wed,Thu,Fri
16:22:20,3,King Drive,,Sun
10:38:49,3,King Drive,,Sat
17:09:49,3,King Drive,,Sat
18:13:52,J14,Jeffery Jump,,Sat
22:06:52,3,King Drive,,Mon,Tue,Wed,Thu,Fri
15:37:01,J14,Jeffery Jump,,Sat
06:48:14,6,Jackson Park Express,,Mon,Tue,Wed,Thu,Fri
11:01:20,4,Cottage Grove,,Mon,Tue,Wed,Thu,Fri
18:01:20,3,King Drive,,Sun
23:35:01,6,Jackson Park Express,,Mon,Tue,Wed,Thu,Fri
13:35:05,6,Jackson Park Express,,Sun
19:57:52,3,King Drive,,Sun
24:11:38,4,Cottage Grove,,Sat
16:50:58,J14,Jeffery Jump,,Mon,Tue,Wed,Thu,Fri
08:16:50,4,Cottage Grove,,Mon,Tue,Wed,Thu,Fri
11:56:19,3,King Drive,,Sat
23:18:47,4,Cottage Grove,,Sat
18:39:31,4,Cottage Grove,,Mon,Tue,Wed,Thu,Fri
05:24:19,J14,Jeffery Jump,,Mon,Tue,Wed,Thu,Fri
17:39:20,3,King Drive,,Sun
09:09:38,4,Cottage Grove,,Sun
16:44:52,J14,Jeffery Jump,,Sun
16:09:22,6,Jackson Park Express,,Sat
07:18:37,1,Bronzeville/Union Station,,Mon,Tue,Wed,Thu,Fri
20:02:01,6,Jackson Park Express,,Sat
21:51:56,6,Jackson Park Express,,Mon,Tue,Wed,Thu,Fri
06:28:58,4,Cottage Grove,,Mon,Tue,Wed,Thu,Fri
23:01:53,3,King Drive,,Sun
23:33:22,3,King Drive,,Sat
22:50:14,6,Jackson Park Express,,Sat
16:47:22,X4,Cottage Grove Express,,Mon,Tue,Wed,Thu,Fri
13:30:49,6,Jackson Park Express,,Sat
15:42:22,6,Jackson Park Express,,Sat
09:04:08,4,Cottage Grove,,Sat
17:43:36,J14,Jeffery Jump,,Sun
08:50:01,J14,Jeffery Jump,,Mon,Tue,Wed,Thu,Fri
09:10:38,4,Cottage Grove,,Sun
12:34:19,3,King Drive,,Mon,Tue,Wed,Thu,Fri
11:23:01,6,Jackson Park Express,,Mon,Tue,Wed,Thu,Fri
14:39:01,J14,Jeffery Jump,,Sat
12:43:44,6,Jackson Park Express,,Mon,Tue,Wed,Thu,Fri
18:26:31,4,Cottage Grove,,Sat
08:38:01,J14,Jeffery Jump,,Mon,Tue,Wed,Thu,Fri
09:01:40,6,Jackson Park Express,,Sat
18:12:19,J14,Jeffery Jump,,Sun
06:01:56,6,Jackson Park Express,,Sat
10:48:49,3,King Drive,,Sat
11:38:41,4,Cottage Grove,,Sat
01:23:11,4,Cottage Grove,,Mon
06:58:38,26,South Shore Express,,Mon,Tue,Wed,Thu,Fri
10:15:09,J14,Jeffery Jump,,Mon,Tue,Wed,Thu,Fri
21:21:31,6,Jackson Park Express,,Sun
13:03:49,6,Jackson Park Express,,Sat
02:53:11,4,Cottage Grove,,Tue,Wed,Thu,Fri,Sat
05:12:49,26,South Shore Express,,Mon,Tue,Wed,Thu,Fri
21:21:22,3,King Drive,,Sat
10:25:09,J14,Jeffery Jump,,Sat
16:08:01,4,Cottage Grove,,Mon,Tue,Wed,Thu,Fri
06:24:43,26,South Shore Express,,Mon,Tue,Wed,Thu,Fri
11:02:19,6,Jackson Park Express,,Sun
08:49:52,X4,Cottage Grove Express,,Mon,Tue,Wed,Thu,Fri
19:09:33,J14,Jeffery Jump,,Sun
08:51:50,1,Bronzeville/Union Station,,Mon,Tue,Wed,Thu,Fri
07:31:08,4,Cottage Grove,,Sat
17:19:49,3,King Drive,,Sat
05:58:58,4,Cottage Grove,,Mon,Tue,Wed,Thu,Fri
24:28:38,4,Cottage Grove,,Sun
12:52:35,6,Jackson Park Express,,Sat
20:47:52,3,King Drive,,Sun
18:27:44,6,Jackson Park Express,,Mon,Tue,Wed,Thu,Fri
16:08:43,1,Bronzeville/Union Station,,Mon,Tue,Wed,Thu,Fri
15:17:01,J14,Jeffery Jump,,Sat
19:21:40,6,Jackson Park Express,,Sun
07:38:11,J14,Jeffery Jump,,Mon,Tue,Wed,Thu,Fri
13:25:01,4,Cottage Grove,,Mon,Tue,Wed,Thu,Fri
16:56:14,J14,Jeffery Jump,,Sat
13:55:06,J14,Jeffery Jump,,Sun
10:42:19,3,King Drive,,Mon,Tue,Wed,Thu,Fri
11:57:10,4,Cottage Grove,,Sun
09:54:49,3,King Drive,,Sat
16:40:48,6,Jackson Park Express,,Sun
12:55:20,4,Cottage Grove,,Sun
20:41:51,3,King Drive,,Sat
11:39:01,4,Cottage Grove,,Sat
14:35:19,3,King Drive,,Sat
08:15:52,6,Jackson Park Express,,Mon,Tue,Wed,Thu,Fri
04:55:26,6,Jackson Park Express,,Mon,Tue,Wed,Thu,Fri
06:47:26,26,South Shore Express,,Mon,Tue,Wed,Thu,Fri
17:49:44,6,Jackson Park Express,,Sun
21:04:58,4,Cottage Grove,,Sun
15:23:09,J14,Jeffery Jump,,Mon,Tue,Wed,Thu,Fri
19:00:51,3,King Drive,,Sun
10:35:09,J14,Jeffery Jump,,Mon,Tue,Wed,Thu,Fri
16:03:09,J14,Jeffery Jump,,Mon,Tue,Wed,Thu,Fri
08:47:47,28,Stony Island,,Mon,Tue,Wed,Thu,Fri
18:47:31,6,Jackson Park Express,,Mon,Tue,Wed,Thu,Fri
08:34:10,6,Jackson Park Express,,Mon,Tue,Wed,Thu,Fri
14:52:31,4,Cottage Grove,,Mon,Tue,Wed,Thu,Fri
17:08:14,6,Jackson Park Express,,Sat
08:44:45,26,South Shore Express,,Mon,Tue,Wed,Thu,Fri
07:46:01,6,Jackson Park Express,,Sat
19:04:50,3,King Drive,,Sat
11:42:35,6,Jackson Park Express,,Mon,Tue,Wed,Thu,Fri
06:19:03,J14,Jeffery Jump,,Sun
21:39:33,J14,Jeffery Jump,,Sun
18:49:29,4,Cottage Grove,,Sun
11:47:35,6,Jackson Park Express,,Sat
09:37:59,4,Cottage Grove,,Sun
17:24:25,J14,Jeffery Jump,,Sat
17:53:36,J14,Jeffery Jump,,Sun
14:46:49,3,King Drive,,Mon,Tue,Wed,Thu,Fri
14:17:19,6,Jackson Park Express,,Sat
22:49:28,4,Cottage Grove,,Sat
16:27:01,J14,Jeffery Jump,,Sat
06:24:28,4,Cottage Grove,,Sat
20:29:33,J14,Jeffery Jump,,Sun
16:58:13,X4,Cottage Grove Express,,Mon,Tue,Wed,Thu,Fri
08:47:19,3,King Drive,,Mon,Tue,Wed,Thu,Fri
07:26:52,3,King Drive,,Sun
15:39:31,4,Cottage Grove,,Mon,Tue,Wed,Thu,Fri
09:14:08,4,Cottage Grove,,Sat
11:47:40,4,Cottage Grove,,Sun
15:42:19,3,King Drive,,Mon,Tue,Wed,Thu,Fri
14:52:49,3,King Drive,,Sat
16:14:52,J14,Jeffery Jump,,Sun
08:26:15,26,South Shore Express,,Mon,Tue,Wed,Thu,Fri
17:35:23,X4,Cottage Grove Express,,Mon,Tue,Wed,Thu,Fri
16:39:49,3,King Drive,,Mon,Tue,Wed,Thu,Fri
17:02:57,6,Jackson Park Express,,Mon,Tue,Wed,Thu,Fri
10:01:20,4,Cottage Grove,,Mon,Tue,Wed,Thu,Fri
16:28:49,3,King Drive,,Mon,Tue,Wed,Thu,Fri
06:52:09,J14,Jeffery Jump,,Mon,Tue,Wed,Thu,Fri
19:56:58,4,Cottage Grove,,Sun
16:55:20,3,King Drive,,Sun
19:03:01,4,Cottage Grove,,Sat
06:34:31,6,Jackson Park Express,,Sun
09:30:41,J14,Jeffery Jump,,Mon,Tue,Wed,Thu,Fri
15:58:31,4,Cottage Grove,,Mon,Tue,Wed,Thu,Fri
08:45:52,6,Jackson Park Express,,Mon,Tue,Wed,Thu,Fri
08:35:15,26,South Shore Express,,Mon,Tue,Wed,Thu,Fri
15:55:49,6,Jackson Park Express,,Sun
06:42:20,3,King Drive,,Mon,Tue,Wed,Thu,Fri
12:45:49,6,Jackson Park Express,,Sun
03:53:38,4,Cottage Grove,,Sun
19:12:20,3,King Drive,,Mon,Tue,Wed,Thu,Fri
15:03:55,J14,Jeffery Jump,,Mon,Tue,Wed,Thu,Fri
13:07:49,6,Jackson Park Express,,Sun
07:42:15,26,South Shore Express,,Mon,Tue,Wed,Thu,Fri
08:44:50,4,Cottage Grove,,Mon,Tue,Wed,Thu,Fri
21:31:52,3,King Drive,,Mon,Tue,Wed,Thu,Fri
21:05:52,3,King Drive,,Sun
19:42:22,3,King Drive,,Sun
12:04:09,J14,Jeffery Jump,,Mon,Tue,Wed,Thu,Fri
09:37:22,28,Stony Island,,Mon,Tue,Wed,Thu,Fri
07:46:52,3,King Drive,,Sun
24:17:31,6,Jackson Park Express,,Mon,Tue,Wed,Thu,Fri
18:40:49,3,King Drive,,Mon,Tue,Wed,Thu,Fri
06:49:50,3,King Drive,,Mon,Tue,Wed,Thu,Fri
08:44:45,26,South Shore Express,,Mon,Tue,Wed,Thu,Fri
19:11:06,J14,Jeffery Jump,,Sat
01:21:38,4,Cottage Grove,,Mon
09:37:09,J14,Jeffery Jump,,Sat
21:06:28,4,Cottage Grove,,Sun
10:19:26,26,South Shore Express,,Mon,Tue,Wed,Thu,Fri
21:24:58,4,Cottage Grove,,Sun
11:44:22,J14,Jeffery Jump,,Mon,Tue,Wed,Thu,Fri
14:57:01,J14,Jeffery Jump,,Sat
22:35:35,6,Jackson Park Express,,Sat
06:36:26,26,South Shore Express,,Mon,Tue,Wed,Thu,Fri
13:07:19,3,King Drive,,Mon,Tue,Wed,Thu,Fri
16:15:01,4,Cottage Grove,,Sun
08:09:19,3,King Drive,,Mon,Tue,Wed,Thu,Fri
08:15:52,J14,Jeffery Jump,,Sat
07:04:10,X4,Cottage Grove Express,,Mon,Tue,Wed,Thu,Fri
16:05:33,4,Cottage Grove,,Sat
07:27:03,26,South Shore Express,,Mon,Tue,Wed,Thu,Fri
22:04:22,3,King Drive,,Sun
11:34:22,J14,Jeffery Jump,,Mon,Tue,Wed,Thu,Fri
07:12:20,3,King Drive,,Mon,Tue,Wed,Thu,Fri
13:26:49,3,King Drive,,Sat
18:16:39,J14,Jeffery Jump,,Mon,Tue,Wed,Thu,Fri
07:59:58,4,Cottage Grove,,Sun
07:20:21,3,King Drive,,Sat
12:34:49,6,Jackson Park Express,,Sun
12:04:09,J14,Jeffery Jump,,Mon,Tue,Wed,Thu,Fri
18:59:48,6,Jackson Park Express,,Sat
17:39:05,6,Jackson Park Express,,Sat
08:02:19,3,King Drive,,Mon,Tue,Wed,Thu,Fri
15:55:01,4,Cottage Grove,,Sun
10:48:56,26,South Shore Express,,Mon,Tue,Wed,Thu,Fri
21:34:58,4,Cottage Grove,,Sun
10:02:10,4,Cottage Grove,,Sat
21:11:06,J14,Jeffery Jump,,Sat
24:07:41,4,Cottage Grove,,Mon,Tue,Wed,Thu,Fri
23:48:41,4,Cottage Grove,,Sun
12:33:56,26,South Shore Express,,Mon,Tue,Wed,Thu,Fri
06:13:38,X4,Cottage Grove Express,,Mon,Tue,Wed,Thu,Fri
07:28:19,J14,Jeffery Jump,,Sat
07:07:50,26,South Shore Express,,Mon,Tue,Wed,Thu,Fri
17:06:20,3,King Drive,,Sun
21:18:14,6,Jackson Park Express,,Mon,Tue,Wed,Thu,Fri
07:50:21,3,King Drive,,Sat
18:20:59,4,Cottage Grove,,Sun
10:12:10,4,Cottage Grove,,Sat
11:51:09,J14,Jeffery Jump,,Sat
09:21:52,28,Stony Island,,Mon,Tue,Wed,Thu,Fri
09:05:26,1,Bronzeville/Union Station,,Mon,Tue,Wed,Thu,Fri
08:43:58,4,Cottage Grove,,Sun
03:23:08,4,Cottage Grove,,Mon
08:25:52,6,Jackson Park Express,,Mon,Tue,Wed,Thu,Fri
14:30:22,6,Jackson Park Express,,Sat
09:28:33,26,South Shore Express,,Mon,Tue,Wed,Thu,Fri
22:54:52,3,King Drive,,Mon,Tue,Wed,Thu,Fri
17:50:59,4,Cottage Grove,,Sun
08:35:28,4,Cottage Grove,,Sun
18:45:52,J14,Jeffery Jump,,Mon,Tue,Wed,Thu,Fri
20:37:28,4,Cottage Grove,,Mon,Tue,Wed,Thu,Fri
09:51:49,J14,Jeffery Jump,,Sun
23:11:22,6,Jackson Park Express,,Mon,Tue,Wed,Thu,Fri
10:25:09,J14,Jeffery Jump,,Sat
19:51:38,4,Cottage Grove,,Mon,Tue,Wed,Thu,Fri
20:41:06,J14,Jeffery Jump,,Sat
17:16:13,28,Stony Island,,Mon,Tue,Wed,Thu,Fri
22:21:22,3,King Drive,,Sat
15:01:49,3,King Drive,,Sat
21:29:31,6,Jackson Park Express,,Sat
07:00:31,6,Jackson Park Express,,Sun
11:21:36,J14,Jeffery Jump,,Sun
13:49:41,J14,Jeffery Jump,,Sat
20:09:33,J14,Jeffery Jump,,Sun
05:34:22,3,King Drive,,Mon,Tue,Wed,Thu,Fri
09:23:20,3,King Drive,,Sun
05:04:33,J14,Jeffery Jump,,Mon,Tue,Wed,Thu,Fri
07:15:31,6,Jackson Park Express,,Sat
15:09:11,X4,Cottage Grove Express,,Mon,Tue,Wed,Thu,Fri
06:09:33,J14,Jeffery Jump,,Sat
05:42:52,3,King Drive,,Mon,Tue,Wed,Thu,Fri
06:58:38,4,Cottage Grove,,Mon,Tue,Wed,Thu,Fri
19:00:19,J14,Jeffery Jump,,Sun
07:53:49,3,King Drive,,Mon,Tue,Wed,Thu,Fri
10:32:10,4,Cottage Grove,,Sat
11:04:19,3,King Drive,,Mon,Tue,Wed,Thu,Fri
15:22:41,X4,Cottage Grove Express,,Mon,Tue,Wed,Thu,Fri
19:42:19,4,Cottage Grove,,Mon,Tue,Wed,Thu,Fri
22:24:22,3,King Drive,,Sun
16:25:01,4,Cottage Grove,,Sun
13:28:49,6,Jackson Park Express,,Sun
17:22:40,1,Bronzeville/Union Station,,Mon,Tue,Wed,Thu,Fri
09:25:10,6,Jackson Park Express,,Sat
23:50:14,6,Jackson Park Express,,Sat
14:45:01,4,Cottage Grove,,Sun
12:11:09,J14,Jeffery Jump,,Sat
23:09:47,4,Cottage Grove,,Sun
13:46:20,3,King Drive,,Sun
14:31:49,6,Jackson Park Express,,Sun
08:16:22,X4,Cottage Grove Express,,Mon,Tue,Wed,Thu,Fri
17:20:58,J14,Jeffery Jump,,Mon,Tue,Wed,Thu,Fri
14:55:06,J14,Jeffery Jump,,Sun
18:05:05,6,Jackson Park Express,,Mon,Tue,Wed,Thu,Fri
07:41:31,6,Jackson Park Express,,Sun
08:37:20,1,Bronzeville/Union Station,,Mon,Tue,Wed,Thu,Fri
06:57:49,4,Cottage Grove,,Mon,Tue,Wed,Thu,Fri
23:48:38,4,Cottage Grove,,Sun
16:38:13,1,Bronzeville/Union Station,,Mon,Tue,Wed,Thu,Fri
10:35:01,6,Jackson Park Express,,Mon,Tue,Wed,Thu,Fri
15:27:49,6,Jackson Park Express,,Sat
15:27:01,J14,Jeffery Jump,,Sat
23:06:53,3,King Drive,,Mon,Tue,Wed,Thu,Fri
17:49:29,4,Cottage Grove,,Sun
09:14:11,X4,Cottage Grove Express,,Mon,Tue,Wed,Thu,Fri
12:44:09,J14,Jeffery Jump,,Mon,Tue,Wed,Thu,Fri
14:47:01,J14,Jeffery Jump,,Sat
23:48:53,3,King Drive,,Sun
03:23:08,4,Cottage Grove,,Sun
18:40:31,4,Cottage Grove,,Mon,Tue,Wed,Thu,Fri
19:00:19,J14,Jeffery Jump,,Sun
11:18:26,26,South Shore Express,,Mon,Tue,Wed,Thu,Fri
11:47:01,6,Jackson Park Express,,Mon,Tue,Wed,Thu,Fri
09:41:01,X4,Cottage Grove Express,,Mon,Tue,Wed,Thu,Fri
06:22:56,6,Jackson Park Express,,Mon,Tue,Wed,Thu,Fri
18:01:13,1,Bronzeville/Union Station,,Mon,Tue,Wed,Thu,Fri
13:49:33,4,Cottage Grove,,Sat
07:33:11,J14,Jeffery Jump,,Mon,Tue,Wed,Thu,Fri
07:31:01,6,Jackson Park Express,,Sat
16:11:20,3,King Drive,,Sun
10:54:39,J14,Jeffery Jump,,Sat
20:51:06,J14,Jeffery Jump,,Sat
20:43:31,6,Jackson Park Express,,Sun
12:57:36,J14,Jeffery Jump,,Sun
09:28:20,3,King Drive,,Sat
19:13:49,4,Cottage Grove,,Mon,Tue,Wed,Thu,Fri
09:54:49,3,King Drive,,Sat
12:32:19,3,King Drive,,Sat
21:17:01,6,Jackson Park Express,,Sat
16:24:52,J14,Jeffery Jump,,Sun
19:33:19,4,Cottage Grove,,Mon,Tue,Wed,Thu,Fri
22:35:14,6,Jackson Park Express,,Sat
12:17:35,6,Jackson Park Express,,Sat
06:08:28,4,Cottage Grove,,Mon,Tue,Wed,Thu,Fri
18:43:10,6,Jackson Park Express,,Sat
10:31:49,3,King Drive,,Mon,Tue,Wed,Thu,Fri
16:45:33,4,Cottage Grove,,Sat
10:42:19,3,King Drive,,Mon,Tue,Wed,Thu,Fri
19:37:28,4,Cottage Grove,,Sun
04:53:11,4,Cottage Grove,,Sun
21:16:28,4,Cottage Grove,,Sun
11:48:50,4,Cottage Grove,,Mon,Tue,Wed,Thu,Fri
10:34:01,6,Jackson Park Express,,Sat
18:55:50,3,King Drive,,Mon,Tue,Wed,Thu,Fri
17:22:43,4,Cottage Grove,,Mon,Tue,Wed,Thu,Fri
06:36:05,6,Jackson Park Express,,Sat
19:49:31,6,Jackson Park Express,,Sat
17:32:43,4,Cottage Grove,,Mon,Tue,Wed,Thu,Fri
09:51:49,J14,Jeffery Jump,,Sun
05:33:33,J14,Jeffery Jump,,Sat
01:53:11,4,Cottage Grove,,Sun
22:38:28,4,Cottage Grove,,Mon,Tue,Wed,Thu,Fri
11:13:39,J14,Jeffery Jump,,Sat
14:43:49,6,Jackson Park Express,,Sat
10:44:50,3,King Drive,,Sun
07:53:28,J14,Jeffery Jump,,Mon,Tue,Wed,Thu,Fri
11:48:50,4,Cottage Grove,,Mon,Tue,Wed,Thu,Fri
17:17:44,6,Jackson Park Express,,Sat
16:13:49,3,King Drive,,Sat
08:44:01,J14,Jeffery Jump,,Mon,Tue,Wed,Thu,Fri
12:37:01,4,Cottage Grove,,Mon,Tue,Wed,Thu,Fri
17:34:49,3,King Drive,,Mon,Tue,Wed,Thu,Fri
16:59:49,3,King Drive,,Sat
06:07:36,J14,Jeffery Jump,,Mon,Tue,Wed,Thu,Fri
01:53:11,4,Cottage Grove,,Mon
21:29:33,J14,Jeffery Jump,,Sun
15:33:09,J14,Jeffery Jump,,Mon,Tue,Wed,Thu,Fri
04:52:03,J14,Jeffery Jump,,Mon,Tue,Wed,Thu,Fri
14:19:01,J14,Jeffery Jump,,Sat
22:19:14,6,Jackson Park Express,,Sun
22:06:22,3,King Drive,,Sat
09:04:10,6,Jackson Park Express,,Sun
15:43:09,J14,Jeffery Jump,,Mon,Tue,Wed,Thu,Fri
09:09:52,28,Stony Island,,Mon,Tue,Wed,Thu,Fri
19:21:20,3,King Drive,,Mon,Tue,Wed,Thu,Fri
20:06:01,6,Jackson Park Express,,Sun
08:09:21,3,King Drive,,Sun
06:07:36,J14,Jeffery Jump,,Mon,Tue,Wed,Thu,Fri
06:48:08,4,Cottage Grove,,Mon,Tue,Wed,Thu,Fri
15:01:33,4,Cottage Grove,,Sat
14:18:49,3,King Drive,,Sat
20:14:51,3,King Drive,,Sat
12:34:09,J14,Jeffery Jump,,Mon,Tue,Wed,Thu,Fri
07:33:11,J14,Jeffery Jump,,Mon,Tue,Wed,Thu,Fri
22:30:52,3,King Drive,,Mon,Tue,Wed,Thu,Fri
10:41:20,4,Cottage Grove,,Mon,Tue,Wed,Thu,Fri
16:17:01,J14,Jeffery Jump,,Sat
07:54:38,4,Cottage Grove,,Sat
09:17:22,J14,Jeffery Jump,,Sat
07:56:15,26,South Shore Express,,Mon,Tue,Wed,Thu,Fri
07:19:50,3,King Drive,,Mon,Tue,Wed,Thu,Fri
20:49:33,J14,Jeffery Jump,,Sun
12:24:09,J14,Jeffery Jump,,Mon,Tue,Wed,Thu,Fri
16:58:14,6,Jackson Park Express,,Mon,Tue,Wed,Thu,Fri
13:57:50,3,King Drive,,Sun
13:15:01,4,Cottage Grove,,Mon,Tue,Wed,Thu,Fri
16:54:05,6,Jackson Park Express,,Sat
07:41:19,J14,Jeffery Jump,,Sat
21:56:14,6,Jackson Park Express,,Mon,Tue,Wed,Thu,Fri
08:09:14,J14,Jeffery Jump,,Mon,Tue,Wed,Thu,Fri
12:26:35,6,Jackson Park Express,,Sat
16:04:49,3,King Drive,,Sat
06:02:35,6,Jackson Park Express,,Sun
16:03:09,J14,Jeffery Jump,,Mon,Tue,Wed,Thu,Fri
19:11:06,J14,Jeffery Jump,,Sat
13:53:49,3,King Drive,,Sat
19:43:36,J14,Jeffery Jump,,Mon,Tue,Wed,Thu,Fri
10:41:36,J14,Jeffery Jump,,Sun
08:54:08,4,Cottage Grove,,Sat
14:27:49,3,King Drive,,Sat
17:50:20,3,King Drive,,Sun
04:53:08,4,Cottage Grove,,Sun
08:04:14,J14,Jeffery Jump,,Mon,Tue,Wed,Thu,Fri
20:46:58,4,Cottage Grove,,Mon,Tue,Wed,Thu,Fri
15:30:01,4,Cottage Grove,,Mon,Tue,Wed,Thu,Fri
04:23:38,4,Cottage Grove,,Sat
20:27:28,4,Cottage Grove,,Mon,Tue,Wed,Thu,Fri
12:11:48,6,Jackson Park Express,,Mon,Tue,Wed,Thu,Fri
06:08:58,4,Cottage Grove,,Mon,Tue,Wed,Thu,Fri
08:26:01,J14,Jeffery Jump,,Mon,Tue,Wed,Thu,Fri
19:08:40,6,Jackson Park Express,,Sat
09:16:20,3,King Drive,,Sat
08:56:31,6,Jackson Park Express,,Sun
21:54:52,3,King Drive,,Mon,Tue,Wed,Thu,Fri
20:49:33,J14,Jeffery Jump,,Sun
21:01:06,J14,Jeffery Jump,,Sat
20:53:03,J14,Jeffery Jump,,Mon,Tue,Wed,Thu,Fri
13:23:20,3,King Drive,,Sun
21:52:58,4,Cottage Grove,,Mon,Tue,Wed,Thu,Fri
14:45:33,4,Cottage Grove,,Sat
09:17:22,J14,Jeffery Jump,,Sat
23:50:35,6,Jackson Park Express,,Sun
23:20:14,6,Jackson Park Express,,Sat
15:01:49,3,King Drive,,Sat
03:53:11,4,Cottage Grove,,Mon,Tue,Wed,Thu,Fri
08:54:20,4,Cottage Grove,,Mon,Tue,Wed,Thu,Fri
09:51:20,4,Cottage Grove,,Mon,Tue,Wed,Thu,Fri
13:13:35,6,Jackson Park Express,,Sun
10:25:09,J14,Jeffery Jump,,Mon,Tue,Wed,Thu,Fri
12:29:41,4,Cottage Grove,,Sat
11:59:19,3,King Drive,,Mon,Tue,Wed,Thu,Fri
09:04:50,4,Cottage Grove,,Mon,Tue,Wed,Thu,Fri
14:52:31,4,Cottage Grove,,Mon,Tue,Wed,Thu,Fri
05:18:37,4,Cottage Grove,,Sat
18:23:36,J14,Jeffery Jump,,Sat
18:30:57,6,Jackson Park Express,,Sat
14:39:01,J14,Jeffery Jump,,Sat
10:19:26,26,South Shore Express,,Mon,Tue,Wed,Thu,Fri
15:25:06,J14,Jeffery Jump,,Sun
06:18:16,1,Bronzeville/Union Station,,Mon,Tue,Wed,Thu,Fri
09:07:31,J14,Jeffery Jump,,Mon,Tue,Wed,Thu,Fri
23:48:53,3,King Drive,,Sun
10:57:59,4,Cottage Grove,,Sun
10:31:49,3,King Drive,,Mon,Tue,Wed,Thu,Fri
12:07:50,4,Cottage Grove,,Mon,Tue,Wed,Thu,Fri
16:55:03,4,Cottage Grove,,Sat
19:09:33,J14,Jeffery Jump,,Sun
16:15:03,4,Cottage Grove,,Sat
14:07:03,4,Cottage Grove,,Sat
14:05:06,J14,Jeffery Jump,,Sun
09:31:49,J14,Jeffery Jump,,Sun
11:11:20,4,Cottage Grove,,Mon,Tue,Wed,Thu,Fri
08:25:23,1,Bronzeville/Union Station,,Mon,Tue,Wed,Thu,Fri
16:07:01,J14,Jeffery Jump,,Sat
20:20:26,6,Jackson Park Express,,Mon,Tue,Wed,Thu,Fri
13:25:01,4,Cottage Grove,,Mon,Tue,Wed,Thu,Fri
09:59:48,6,Jackson Park Express,,Mon,Tue,Wed,Thu,Fri
17:46:13,28,Stony Island,,Mon,Tue,Wed,Thu,Fri
07:27:10,X4,Cottage Grove Express,,Mon,Tue,Wed,Thu,Fri
12:48:56,26,South Shore Express,,Mon,Tue,Wed,Thu,Fri
10:44:19,6,Jackson Park Express,,Sat
14:26:19,6,Jackson Park Express,,Sat
09:12:14,J14,Jeffery Jump,,Mon,Tue,Wed,Thu,Fri
17:56:49,3,King Drive,,Mon,Tue,Wed,Thu,Fri
19:21:20,3,King Drive,,Mon,Tue,Wed,Thu,Fri
06:34:16,1,Bronzeville/Union Station,,Mon,Tue,Wed,Thu,Fri
06:15:36,J14,Jeffery Jump,,Mon,Tue,Wed,Thu,Fri
08:39:13,28,Stony Island,,Mon,Tue,Wed,Thu,Fri
13:19:03,4,Cottage Grove,,Sat
07:51:05,6,Jackson Park Express,,Sat
08:02:35,6,Jackson Park Express,,Sun
14:35:49,3,King Drive,,Mon,Tue,Wed,Thu,Fri
23:05:35,6,Jackson Park Express,,Sat
11:57:20,3,King Drive,,Sun
05:51:06,J14,Jeffery Jump,,Mon,Tue,Wed,Thu,Fri
09:37:22,28,Stony Island,,Mon,Tue,Wed,Thu,Fri
11:31:39,J14,Jeffery Jump,,Sat
23:54:23,3,King Drive,,Mon,Tue,Wed,Thu,Fri
07:31:10,6,Jackson Park Express,,Mon,Tue,Wed,Thu,Fri
11:56:11,4,Cottage Grove,,Sat
07:18:50,26,South Shore Express,,Mon,Tue,Wed,Thu,Fri
13:19:44,6,Jackson Park Express,,Mon,Tue,Wed,Thu,Fri
10:44:50,3,King Drive,,Sun
15:35:06,J14,Jeffery Jump,,Sun
10:57:18,6,Jackson Park Express,,Sat
08:38:22,X4,Cottage Grove Express,,Mon,Tue,Wed,Thu,Fri
20:14:22,3,King Drive,,Sun
20:31:06,J14,Jeffery Jump,,Sat
10:13:10,4,Cottage Grove,,Sat
22:18:52,3,King Drive,,Mon,Tue,Wed,Thu,Fri
18:50:19,J14,Jeffery Jump,,Sun
06:11:43,26,South Shore Express,,Mon,Tue,Wed,Thu,Fri
07:15:58,4,Cottage Grove,,Sat
14:33:01,4,Cottage Grove,,Mon,Tue,Wed,Thu,Fri
19:43:36,J14,Jeffery Jump,,Mon,Tue,Wed,Thu,Fri
10:01:19,3,King Drive,,Mon,Tue,Wed,Thu,Fri
20:53:03,J14,Jeffery Jump,,Mon,Tue,Wed,Thu,Fri
22:42:52,3,King Drive,,Mon,Tue,Wed,Thu,Fri
14:52:31,X4,Cottage Grove Express,,Mon,Tue,Wed,Thu,Fri
11:08:49,3,King Drive,,Sat
12:07:20,4,Cottage Grove,,Sun
07:04:21,3,King Drive,,Sat
15:49:20,3,King Drive,,Sun
16:17:49,3,King Drive,,Mon,Tue,Wed,Thu,Fri
16:00:11,X4,Cottage Grove Express,,Mon,Tue,Wed,Thu,Fri
07:56:31,6,Jackson Park Express,,Sun
22:15:44,6,Jackson Park Express,,Mon,Tue,Wed,Thu,Fri
18:21:49,J14,Jeffery Jump,,Sun
09:00:49,3,King Drive,,Mon,Tue,Wed,Thu,Fri
23:31:37,4,Cottage Grove,,Sat
12:10:36,J14,Jeffery Jump,,Sun
21:12:19,J14,Jeffery Jump,,Mon,Tue,Wed,Thu,Fri
23:14:31,6,Jackson Park Express,,Mon,Tue,Wed,Thu,Fri
18:01:13,28,Stony Island,,Mon,Tue,Wed,Thu,Fri
17:33:03,4,Cottage Grove,,Sat
09:33:19,3,King Drive,,Mon,Tue,Wed,Thu,Fri
20:33:19,J14,Jeffery Jump,,Mon,Tue,Wed,Thu,Fri
07:30:58,4,Cottage Grove,,Sun
16:54:52,J14,Jeffery Jump,,Sun
20:48:51,3,King Drive,,Mon,Tue,Wed,Thu,Fri
16:30:43,28,Stony Island,,Mon,Tue,Wed,Thu,Fri
14:29:01,J14,Jeffery Jump,,Sat
12:31:09,J14,Jeffery Jump,,Sat
16:07:03,4,Cottage Grove,,Sat
19:28:01,6,Jackson Park Express,,Sun
23:16:56,6,Jackson Park Express,,Sun
17:43:13,4,Cottage Grove,,Mon,Tue,Wed,Thu,Fri
10:12:20,4,Cottage Grove,,Mon,Tue,Wed,Thu,Fri
18:31:19,J14,Jeffery Jump,,Sun
19:41:44,6,Jackson Park Express,,Mon,Tue,Wed,Thu,Fri
15:48:52,6,Jackson Park Express,,Mon,Tue,Wed,Thu,Fri
11:38:19,3,King Drive,,Sat
15:08:49,3,King Drive,,Mon,Tue,Wed,Thu,Fri
12:48:06,J14,Jeffery Jump,,Sun
07:11:25,J14,Jeffery Jump,,Mon,Tue,Wed,Thu,Fri
13:31:44,6,Jackson Park Express,,Mon,Tue,Wed,Thu,Fri
08:14:31,J14,Jeffery Jump,,Mon,Tue,Wed,Thu,Fri
08:05:52,6,Jackson Park Express,,Mon,Tue,Wed,Thu,Fri
14:11:26,26,South Shore Express,,Mon,Tue,Wed,Thu,Fri
09:19:15,26,South Shore Express,,Mon,Tue,Wed,Thu,Fri
09:11:31,6,Jackson Park Express,,Sun
09:16:20,3,King Drive,,Sat
10:41:36,J14,Jeffery Jump,,Sun
23:54:23,3,King Drive,,Mon,Tue,Wed,Thu,Fri
08:38:01,J14,Jeffery Jump,,Mon,Tue,Wed,Thu,Fri
12:45:20,4,Cottage Grove,,Sun
18:09:29,4,Cottage Grove,,Sun
20:24:20,3,King Drive,,Mon,Tue,Wed,Thu,Fri
14:25:01,4,Cottage Grove,,Sun
14:45:26,26,South Shore Express,,Mon,Tue,Wed,Thu,Fri
06:54:22,28,Stony Island,,Mon,Tue,Wed,Thu,Fri
08:54:50,4,Cottage Grove,,Mon,Tue,Wed,Thu,Fri
07:40:33,J14,Jeffery Jump,,Sun
07:18:38,4,Cottage Grove,,Sat
22:51:28,4,Cottage Grove,,Sun
19:29:33,J14,Jeffery Jump,,Sun
12:01:09,J14,Jeffery Jump,,Sat
05:56:56,6,Jackson Park Express,,Mon,Tue,Wed,Thu,Fri
19:55:10,6,Jackson Park Express,,Sun
19:41:06,J14,Jeffery Jump,,Sat
14:09:41,J14,Jeffery Jump,,Sat
07:02:58,4,Cottage Grove,,Sat
13:49:49,6,Jackson Park Express,,Sun
21:54:58,4,Cottage Grove,,Sun
23:20:35,6,Jackson Park Express,,Sat
12:29:06,J14,Jeffery Jump,,Sun
21:14:58,4,Cottage Grove,,Sun
14:33:55,J14,Jeffery Jump,,Mon,Tue,Wed,Thu,Fri
13:21:38,26,South Shore Express,,Mon,Tue,Wed,Thu,Fri
12:48:06,J14,Jeffery Jump,,Sun
15:41:33,4,Cottage Grove,,Sat
07:22:41,J14,Jeffery Jump,,Mon,Tue,Wed,Thu,Fri
18:33:01,4,Cottage Grove,,Sat
12:33:56,26,South Shore Express,,Mon,Tue,Wed,Thu,Fri
17:08:44,6,Jackson Park Express,,Sun
09:42:50,4,Cottage Grove,,Mon,Tue,Wed,Thu,Fri
19:44:31,4,Cottage Grove,,Sat
12:03:19,6,Jackson Park Express,,Sat
20:11:06,J14,Jeffery Jump,,Sat
09:41:49,J14,Jeffery Jump,,Sun
10:07:50,3,King Drive,,Sun
14:28:26,26,South Shore Express,,Mon,Tue,Wed,Thu,Fri
07:43:28,J14,Jeffery Jump,,Mon,Tue,Wed,Thu,Fri
13:34:33,4,Cottage Grove,,Sat
12:59:48,6,Jackson Park Express,,Mon,Tue,Wed,Thu,Fri
11:04:09,J14,Jeffery Jump,,Sat
08:03:15,26,South Shore Express,,Mon,Tue,Wed,Thu,Fri
16:38:10,6,Jackson Park Express,,Mon,Tue,Wed,Thu,Fri
11:01:36,J14,Jeffery Jump,,Sun
10:45:09,J14,Jeffery Jump,,Sat
09:02:33,J14,Jeffery Jump,,Sun
03:23:11,4,Cottage Grove,,Sun
10:10:31,X4,Cottage Grove Express,,Mon,Tue,Wed,Thu,Fri
07:55:52,6,Jackson Park Express,,Mon,Tue,Wed,Thu,Fri
20:15:28,4,Cottage Grove,,Sun
11:17:59,4,Cottage Grove,,Sun
07:04:39,J14,Jeffery Jump,,Mon,Tue,Wed,Thu,Fri
21:24:40,6,Jackson Park Express,,Sat
17:31:18,6,Jackson Park Express,,Sun
12:21:09,J14,Jeffery Jump,,Sat
15:07:35,6,Jackson Park Express,,Sun
13:34:50,3,King Drive,,Sun
14:13:19,3,King Drive,,Mon,Tue,Wed,Thu,Fri
20:27:14,6,Jackson Park Express,,Mon,Tue,Wed,Thu,Fri
06:07:51,3,King Drive,,Mon,Tue,Wed,Thu,Fri
15:21:31,4,Cottage Grove,,Mon,Tue,Wed,Thu,Fri
13:01:05,6,Jackson Park Express,,Sat
20:24:10,6,Jackson Park Express,,Sat
14:33:20,X4,Cottage Grove Express,,Mon,Tue,Wed,Thu,Fri
16:12:11,X4,Cottage Grove Express,,Mon,Tue,Wed,Thu,Fri
19:21:06,J14,Jeffery Jump,,Sat
09:03:08,4,Cottage Grove,,Sat
10:47:18,6,Jackson Park Express,,Sat
18:31:50,3,King Drive,,Sat
13:11:50,3,King Drive,,Sun
13:53:55,J14,Jeffery Jump,,Mon,Tue,Wed,Thu,Fri
19:00:59,4,Cottage Grove,,Sun
18:31:19,J14,Jeffery Jump,,Sun
12:53:55,J14,Jeffery Jump,,Mon,Tue,Wed,Thu,Fri
14:03:55,J14,Jeffery Jump,,Mon,Tue,Wed,Thu,Fri
12:41:19,3,King Drive,,Sat
06:18:38,X4,Cottage Grove Express,,Mon,Tue,Wed,Thu,Fri
06:24:28,4,Cottage Grove,,Sat
15:45:06,J14,Jeffery Jump,,Sun
15:05:20,3,King Drive,,Sun
21:31:49,J14,Jeffery Jump,,Mon,Tue,Wed,Thu,Fri
10:07:50,3,King Drive,,Sun
20:06:20,3,King Drive,,Mon,Tue,Wed,Thu,Fri
18:53:01,4,Cottage Grove,,Sat
06:25:37,4,Cottage Grove,,Sun
13:02:13,4,Cottage Grove,,Sat
09:19:10,6,Jackson Park Express,,Sun
20:14:31,6,Jackson Park Express,,Sat
13:36:36,J14,Jeffery Jump,,Sun
12:09:20,3,King Drive,,Sun
13:54:22,6,Jackson Park Express,,Sat
01:23:11,4,Cottage Grove,,Tue,Wed,Thu,Fri,Sat
20:05:28,4,Cottage Grove,,Sun
16:22:19,6,Jackson Park Express,,Sat
16:35:31,4,Cottage Grove,,Mon,Tue,Wed,Thu,Fri
18:46:51,3,King Drive,,Sun
07:05:40,1,Bronzeville/Union Station,,Mon,Tue,Wed,Thu,Fri
16:58:13,X4,Cottage Grove Express,,Mon,Tue,Wed,Thu,Fri
00:46:05,6,Jackson Park Express,,Mon
13:38:08,26,South Shore Express,,Mon,Tue,Wed,Thu,Fri
12:28:19,6,Jackson Park Express,,Sat
06:52:29,X4,Cottage Grove Express,,Mon,Tue,Wed,Thu,Fri
20:11:06,J14,Jeffery Jump,,Sat
13:42:33,4,Cottage Grove,,Sat
08:41:31,6,Jackson Park Express,,Sun
17:29:41,J14,Jeffery Jump,,Mon,Tue,Wed,Thu,Fri
12:36:49,6,Jackson Park Express,,Sat
07:21:10,6,Jackson Park Express,,Mon,Tue,Wed,Thu,Fri
20:51:06,J14,Jeffery Jump,,Sat
23:37:23,3,King Drive,,Mon,Tue,Wed,Thu,Fri
06:19:35,6,Jackson Park Express,,Sat
10:59:01,6,Jackson Park Express,,Mon,Tue,Wed,Thu,Fri
05:41:56,6,Jackson Park Express,,Mon,Tue,Wed,Thu,Fri
10:23:48,6,Jackson Park Express,,Sat
21:56:58,4,Cottage Grove,,Sat
07:55:33,J14,Jeffery Jump,,Sun
12:17:20,4,Cottage Grove,,Mon,Tue,Wed,Thu,Fri
00:39:56,6,Jackson Park Express,,Sun
15:35:11,X4,Cottage Grove Express,,Mon,Tue,Wed,Thu,Fri
13:39:19,6,Jackson Park Express,,Sun
10:35:09,J14,Jeffery Jump,,Mon,Tue,Wed,Thu,Fri
13:10:41,J14,Jeffery Jump,,Sat
07:48:28,J14,Jeffery Jump,,Mon,Tue,Wed,Thu,Fri
06:50:43,1,Bronzeville/Union Station,,Mon,Tue,Wed,Thu,Fri
06:06:53,3,King Drive,,Sat
16:06:19,6,Jackson Park Express,,Sun
09:09:52,28,Stony Island,,Mon,Tue,Wed,Thu,Fri
22:54:52,3,King Drive,,Mon,Tue,Wed,Thu,Fri
15:25:06,J14,Jeffery Jump,,Sun
17:17:33,4,Cottage Grove,,Sat
09:23:50,4,Cottage Grove,,Mon,Tue,Wed,Thu,Fri
08:30:21,3,King Drive,,Sun
09:53:10,4,Cottage Grove,,Sat
09:53:20,3,King Drive,,Sun
11:16:35,6,Jackson Park Express,,Sun
10:45:09,J14,Jeffery Jump,,Mon,Tue,Wed,Thu,Fri
22:48:05,6,Jackson Park Express,,Sun
14:22:31,4,Cottage Grove,,Mon,Tue,Wed,Thu,Fri
18:29:29,4,Cottage Grove,,Sun
14:10:49,3,King Drive,,Sat
11:57:40,4,Cottage Grove,,Sun
09:36:39,J14,Jeffery Jump,,Mon,Tue,Wed,Thu,Fri
13:16:36,J14,Jeffery Jump,,Sun
14:05:01,4,Cottage Grove,,Sun
11:37:59,4,Cottage Grove,,Sun
14:53:55,J14,Jeffery Jump,,Mon,Tue,Wed,Thu,Fri
21:59:36,J14,Jeffery Jump,,Mon,Tue,Wed,Thu,Fri
18:12:20,3,King Drive,,Sun
06:07:17,4,Cottage Grove,,Sat
05:42:36,J14,Jeffery Jump,,Mon,Tue,Wed,Thu,Fri
22:19:19,J14,Jeffery Jump,,Mon,Tue,Wed,Thu,Fri
18:07:49,3,King Drive,,Mon,Tue,Wed,Thu,Fri
13:45:06,J14,Jeffery Jump,,Sun
17:01:49,3,King Drive,,Mon,Tue,Wed,Thu,Fri
19:53:36,J14,Jeffery Jump,,Mon,Tue,Wed,Thu,Fri
09:01:52,X4,Cottage Grove Express,,Mon,Tue,Wed,Thu,Fri
14:45:01,4,Cottage Grove,,Sun
07:38:11,J14,Jeffery Jump,,Mon,Tue,Wed,Thu,Fri
17:41:48,6,Jackson Park Express,,Sun
08:07:40,4,Cottage Grove,,Mon,Tue,Wed,Thu,Fri
08:17:58,4,Cottage Grove,,Sun
05:42:52,3,King Drive,,Mon,Tue,Wed,Thu,Fri
10:22:10,4,Cottage Grove,,Sat
14:21:19,6,Jackson Park Express,,Sun
09:56:09,J14,Jeffery Jump,,Sat
15:39:31,4,Cottage Grove,,Mon,Tue,Wed,Thu,Fri
09:34:10,6,Jackson Park Express,,Sun
12:09:20,3,King Drive,,Sun
16:41:11,J14,Jeffery Jump,,Mon,Tue,Wed,Thu,Fri
05:33:19,J14,Jeffery Jump,,Mon,Tue,Wed,Thu,Fri
18:01:43,1,Bronzeville/Union Station,,Mon,Tue,Wed,Thu,Fri
10:35:09,J14,Jeffery Jump,,Sat
11:58:20,4,Cottage Grove,,Mon,Tue,Wed,Thu,Fri
05:59:36,J14,Jeffery Jump,,Mon,Tue,Wed,Thu,Fri
08:49:52,X4,Cottage Grove Express,,Mon,Tue,Wed,Thu,Fri
10:15:09,J14,Jeffery Jump,,Sat
14:35:01,4,Cottage Grove,,Sun
21:56:28,4,Cottage Grove,,Sun
21:54:52,3,King Drive,,Mon,Tue,Wed,Thu,Fri
17:43:03,4,Cottage Grove,,Sat
20:59:33,J14,Jeffery Jump,,Sun
18:55:40,6,Jackson Park Express,,Sat
17:06:20,3,King Drive,,Sun
05:44:19,26,South Shore Express,,Mon,Tue,Wed,Thu,Fri
07:52:29,1,Bronzeville/Union Station,,Mon,Tue,Wed,Thu,Fri
21:42:58,4,Cottage Grove,,Mon,Tue,Wed,Thu,Fri
14:46:35,6,Jackson Park Express,,Sun
08:17:45,26,South Shore Express,,Mon,Tue,Wed,Thu,Fri
11:47:56,26,South Shore Express,,Mon,Tue,Wed,Thu,Fri
13:36:36,J14,Jeffery Jump,,Sun
19:29:21,3,King Drive,,Sun
04:36:47,J14,Jeffery Jump,,Mon,Tue,Wed,Thu,Fri
17:42:43,4,Cottage Grove,,Mon,Tue,Wed,Thu,Fri
06:45:52,J14,Jeffery Jump,,Mon,Tue,Wed,Thu,Fri
19:46:10,6,Jackson Park Express,,Sat
16:30:43,28,Stony Island,,Mon,Tue,Wed,Thu,Fri
09:01:52,X4,Cottage Grove Express,,Mon,Tue,Wed,Thu,Fri
18:33:51,3,King Drive,,Sun
17:21:14,6,Jackson Park Express,,Mon,Tue,Wed,Thu,Fri
21:59:36,J14,Jeffery Jump,,Mon,Tue,Wed,Thu,Fri
11:21:36,J14,Jeffery Jump,,Sun
10:01:19,3,King Drive,,Mon,Tue,Wed,Thu,Fri
18:24:31,4,Cottage Grove,,Sat
22:50:47,4,Cottage Grove,,Sat
17:58:05,6,Jackson Park Express,,Sat
10:48:49,3,King Drive,,Sat
06:35:35,6,Jackson Park Express,,Mon,Tue,Wed,Thu,Fri
12:55:20,4,Cottage Grove,,Sun
17:54:09,J14,Jeffery Jump,,Sat
12:35:20,4,Cottage Grove,,Sun
07:04:10,X4,Cottage Grove Express,,Mon,Tue,Wed,Thu,Fri
21:12:19,J14,Jeffery Jump,,Mon,Tue,Wed,Thu,Fri
12:10:36,J14,Jeffery Jump,,Sun
08:25:50,4,Cottage Grove,,Mon,Tue,Wed,Thu,Fri
03:23:11,4,Cottage Grove,,Tue,Wed,Thu,Fri,Sat
22:25:28,4,Cottage Grove,,Mon,Tue,Wed,Thu,Fri
18:19:29,4,Cottage Grove,,Sun
24:08:38,4,Cottage Grove,,Mon,Tue,Wed,Thu,Fri
08:25:20,3,King Drive,,Sat
12:47:50,3,King Drive,,Sun
24:07:41,4,Cottage Grove,,Sun
08:23:19,3,King Drive,,Mon,Tue,Wed,Thu,Fri
17:31:13,28,Stony Island,,Mon,Tue,Wed,Thu,Fri
14:21:33,4,Cottage Grove,,Sat
15:08:49,3,King Drive,,Mon,Tue,Wed,Thu,Fri
15:25:01,4,Cottage Grove,,Sun
08:26:01,J14,Jeffery Jump,,Mon,Tue,Wed,Thu,Fri
08:35:52,6,Jackson Park Express,,Mon,Tue,Wed,Thu,Fri
22:30:52,3,King Drive,,Mon,Tue,Wed,Thu,Fri
22:31:56,6,Jackson Park Express,,Mon,Tue,Wed,Thu,Fri
13:05:08,26,South Shore Express,,Mon,Tue,Wed,Thu,Fri
17:43:36,J14,Jeffery Jump,,Sun
14:15:03,4,Cottage Grove,,Sat
11:54:09,J14,Jeffery Jump,,Mon,Tue,Wed,Thu,Fri
11:51:09,J14,Jeffery Jump,,Sat
20:21:19,4,Cottage Grove,,Sat
14:42:19,6,Jackson Park Express,,Sun
20:31:06,J14,Jeffery Jump,,Sat
17:00:58,J14,Jeffery Jump,,Mon,Tue,Wed,Thu,Fri
11:07:59,4,Cottage Grove,,Sun
10:30:35,6,Jackson Park Express,,Mon,Tue,Wed,Thu,Fri
19:39:33,J14,Jeffery Jump,,Sun
01:21:08,4,Cottage Grove,,Sun
18:31:50,3,King Drive,,Sat
24:53:11,4,Cottage Grove,,Sat
12:27:20,4,Cottage Grove,,Mon,Tue,Wed,Thu,Fri
05:58:31,26,South Shore Express,,Mon,Tue,Wed,Thu,Fri
20:00:29,4,Cottage Grove,,Sat
17:34:09,J14,Jeffery Jump,,Sat
17:53:36,J14,Jeffery Jump,,Sun
11:15:09,J14,Jeffery Jump,,Mon,Tue,Wed,Thu,Fri
05:36:37,4,Cottage Grove,,Sat
07:40:33,J14,Jeffery Jump,,Sun
12:14:19,3,King Drive,,Sat
10:06:52,28,Stony Island,,Mon,Tue,Wed,Thu,Fri
21:55:28,4,Cottage Grove,,Sat
17:59:29,4,Cottage Grove,,Sun
21:20:52,3,King Drive,,Mon,Tue,Wed,Thu,Fri
17:26:57,6,Jackson Park Express,,Mon,Tue,Wed,Thu,Fri
15:57:33,4,Cottage Grove,,Sat
13:54:38,26,South Shore Express,,Mon,Tue,Wed,Thu,Fri
08:24:38,4,Cottage Grove,,Sat
18:00:59,4,Cottage Grove,,Sun
16:11:20,3,King Drive,,Sun
20:14:22,3,King Drive,,Sun
07:39:50,X4,Cottage Grove Express,,Mon,Tue,Wed,Thu,Fri
19:23:36,J14,Jeffery Jump,,Mon,Tue,Wed,Thu,Fri
17:49:13,X4,Cottage Grove Express,,Mon,Tue,Wed,Thu,Fri
20:29:33,J14,Jeffery Jump,,Sun
05:28:49,26,South Shore Express,,Mon,Tue,Wed,Thu,Fri
18:10:41,4,Cottage Grove,,Sat
18:29:49,3,King Drive,,Mon,Tue,Wed,Thu,Fri
09:51:49,3,King Drive,,Mon,Tue,Wed,Thu,Fri
05:04:33,J14,Jeffery Jump,,Mon,Tue,Wed,Thu,Fri
11:32:56,26,South Shore Express,,Mon,Tue,Wed,Thu,Fri
09:53:20,3,King Drive,,Sun
11:21:20,4,Cottage Grove,,Mon,Tue,Wed,Thu,Fri
17:54:09,J14,Jeffery Jump,,Sat
20:24:20,3,King Drive,,Mon,Tue,Wed,Thu,Fri
06:39:22,28,Stony Island,,Mon,Tue,Wed,Thu,Fri
14:57:49,3,King Drive,,Mon,Tue,Wed,Thu,Fri
14:23:55,J14,Jeffery Jump,,Mon,Tue,Wed,Thu,Fri
13:16:36,J14,Jeffery Jump,,Sun
12:34:19,3,King Drive,,Mon,Tue,Wed,Thu,Fri
09:05:56,1,Bronzeville/Union Station,,Mon,Tue,Wed,Thu,Fri
05:18:37,4,Cottage Grove,,Sat
14:35:48,6,Jackson Park Express,,Mon,Tue,Wed,Thu,Fri
24:25:35,6,Jackson Park Express,,Sat
22:56:22,3,King Drive,,Sat
13:24:35,6,Jackson Park Express,,Sun
10:47:59,4,Cottage Grove,,Sun
18:59:29,4,Cottage Grove,,Sun
17:09:53,X4,Cottage Grove Express,,Mon,Tue,Wed,Thu,Fri
16:22:55,J14,Jeffery Jump,,Mon,Tue,Wed,Thu,Fri
14:19:44,6,Jackson Park Express,,Mon,Tue,Wed,Thu,Fri
23:52:52,6,Jackson Park Express,,Mon,Tue,Wed,Thu,Fri
10:27:59,4,Cottage Grove,,Sun
10:11:19,3,King Drive,,Mon,Tue,Wed,Thu,Fri
07:53:11,X4,Cottage Grove Express,,Mon,Tue,Wed,Thu,Fri
16:44:52,J14,Jeffery Jump,,Sun
15:19:49,3,King Drive,,Mon,Tue,Wed,Thu,Fri
05:44:47,4,Cottage Grove,,Mon,Tue,Wed,Thu,Fri
09:59:40,6,Jackson Park Express,,Sat
08:11:31,6,Jackson Park Express,,Sun
05:46:28,4,Cottage Grove,,Mon,Tue,Wed,Thu,Fri
16:45:01,4,Cottage Grove,,Mon,Tue,Wed,Thu,Fri
06:10:37,4,Cottage Grove,,Sun
07:07:50,26,South Shore Express,,Mon,Tue,Wed,Thu,Fri
14:41:50,3,King Drive,,Sun
15:37:01,J14,Jeffery Jump,,Sat
10:07:49,3,King Drive,,Sat
10:38:49,3,King Drive,,Sat
16:16:49,6,Jackson Park Express,,Sun
12:48:56,26,South Shore Express,,Mon,Tue,Wed,Thu,Fri
17:01:18,6,Jackson Park Express,,Sun
18:11:44,6,Jackson Park Express,,Sun
08:39:31,6,Jackson Park Express,,Sat
20:41:51,3,King Drive,,Sat
11:57:20,3,King Drive,,Sun
11:24:22,J14,Jeffery Jump,,Mon,Tue,Wed,Thu,Fri
14:24:49,3,King Drive,,Mon,Tue,Wed,Thu,Fri
21:42:52,3,King Drive,,Mon,Tue,Wed,Thu,Fri
09:14:20,4,Cottage Grove,,Mon,Tue,Wed,Thu,Fri
15:55:19,6,Jackson Park Express,,Sat
07:06:52,3,King Drive,,Sun
08:26:58,4,Cottage Grove,,Sun
12:14:09,J14,Jeffery Jump,,Mon,Tue,Wed,Thu,Fri
08:35:15,26,South Shore Express,,Mon,Tue,Wed,Thu,Fri
13:10:22,6,Jackson Park Express,,Sat
07:46:52,3,King Drive,,Sun
12:09:19,6,Jackson Park Express,,Sun
13:02:02,4,Cottage Grove,,Sat
13:26:49,3,King Drive,,Sat
24:53:11,4,Cottage Grove,,Mon,Tue,Wed,Thu,Fri
20:01:06,J14,Jeffery Jump,,Sat
19:39:33,J14,Jeffery Jump,,Sun
18:23:18,6,Jackson Park Express,,Sun
09:48:10,6,Jackson Park Express,,Sat
06:46:22,3,King Drive,,Sat
05:10:07,4,Cottage Grove,,Mon,Tue,Wed,Thu,Fri
22:18:52,3,King Drive,,Mon,Tue,Wed,Thu,Fri
13:07:06,J14,Jeffery Jump,,Sun
16:24:11,X4,Cottage Grove Express,,Mon,Tue,Wed,Thu,Fri
22:51:28,4,Cottage Grove,,Mon,Tue,Wed,Thu,Fri
16:31:49,3,King Drive,,Sat
14:43:55,J14,Jeffery Jump,,Mon,Tue,Wed,Thu,Fri
24:27:11,4,Cottage Grove,,Mon,Tue,Wed,Thu,Fri
08:54:10,6,Jackson Park Express,,Mon,Tue,Wed,Thu,Fri
09:48:40,6,Jackson Park Express,,Sun
18:21:01,4,Cottage Grove,,Mon,Tue,Wed,Thu,Fri
09:35:48,6,Jackson Park Express,,Mon,Tue,Wed,Thu,Fri
09:23:20,3,King Drive,,Sun
14:05:05,6,Jackson Park Express,,Sun
21:04:31,6,Jackson Park Express,,Sat
21:03:03,J14,Jeffery Jump,,Mon,Tue,Wed,Thu,Fri
21:26:28,4,Cottage Grove,,Sun
17:22:23,X4,Cottage Grove Express,,Mon,Tue,Wed,Thu,Fri
06:57:20,3,King Drive,,Mon,Tue,Wed,Thu,Fri
06:45:52,J14,Jeffery Jump,,Mon,Tue,Wed,Thu,Fri
21:11:19,4,Cottage Grove,,Sat
21:09:33,J14,Jeffery Jump,,Sun
18:03:36,J14,Jeffery Jump,,Sun
06:20:44,6,Jackson Park Express,,Sat
15:57:01,J14,Jeffery Jump,,Sat
07:32:22,28,Stony Island,,Mon,Tue,Wed,Thu,Fri
08:03:15,26,South Shore Express,,Mon,Tue,Wed,Thu,Fri
20:23:36,J14,Jeffery Jump,,Mon,Tue,Wed,Thu,Fri
08:32:01,J14,Jeffery Jump,,Mon,Tue,Wed,Thu,Fri
15:15:06,J14,Jeffery Jump,,Sun
08:44:10,6,Jackson Park Express,,Mon,Tue,Wed,Thu,Fri
10:03:10,6,Jackson Park Express,,Sun
05:42:26,6,Jackson Park Express,,Sat
23:28:37,4,Cottage Grove,,Sun
09:37:48,6,Jackson Park Express,,Sat
09:06:21,3,King Drive,,Sun
05:51:37,4,Cottage Grove,,Sat
11:11:01,6,Jackson Park Express,,Mon,Tue,Wed,Thu,Fri
10:18:49,3,King Drive,,Sat
09:00:49,3,King Drive,,Mon,Tue,Wed,Thu,Fri
19:05:10,6,Jackson Park Express,,Sun
23:52:11,4,Cottage Grove,,Sat
10:22:10,6,Jackson Park Express,,Sat
06:59:19,J14,Jeffery Jump,,Sat
09:41:01,X4,Cottage Grove Express,,Mon,Tue,Wed,Thu,Fri
22:19:19,J14,Jeffery Jump,,Mon,Tue,Wed,Thu,Fri
14:46:49,3,King Drive,,Mon,Tue,Wed,Thu,Fri
15:27:20,3,King Drive,,Sun
07:28:11,J14,Jeffery Jump,,Mon,Tue,Wed,Thu,Fri
12:35:20,4,Cottage Grove,,Sun
15:55:49,3,King Drive,,Sat
12:01:09,J14,Jeffery Jump,,Sat
12:37:35,6,Jackson Park Express,,Sun
20:51:19,4,Cottage Grove,,Sat
22:02:58,4,Cottage Grove,,Mon,Tue,Wed,Thu,Fri
21:54:31,6,Jackson Park Express,,Sat
02:53:11,4,Cottage Grove,,Sun
19:52:38,4,Cottage Grove,,Mon,Tue,Wed,Thu,Fri
11:11:10,4,Cottage Grove,,Sat
05:12:31,6,Jackson Park Express,,Mon,Tue,Wed,Thu,Fri
05:58:28,4,Cottage Grove,,Mon,Tue,Wed,Thu,Fri
21:44:58,4,Cottage Grove,,Sun
20:43:19,J14,Jeffery Jump,,Mon,Tue,Wed,Thu,Fri
14:08:50,3,King Drive,,Sun
14:43:46,1,Bronzeville/Union Station,,Mon,Tue,Wed,Thu,Fri
01:53:38,4,Cottage Grove,,Tue,Wed,Thu,Fri,Sat
22:42:52,3,King Drive,,Mon,Tue,Wed,Thu,Fri
11:18:26,26,South Shore Express,,Mon,Tue,Wed,Thu,Fri
02:53:11,4,Cottage Grove,,Mon
21:22:19,J14,Jeffery Jump,,Mon,Tue,Wed,Thu,Fri
08:47:19,3,King Drive,,Mon,Tue,Wed,Thu,Fri
07:19:50,3,King Drive,,Mon,Tue,Wed,Thu,Fri
09:33:19,3,King Drive,,Mon,Tue,Wed,Thu,Fri
07:27:19,4,Cottage Grove,,Mon,Tue,Wed,Thu,Fri
16:14:52,J14,Jeffery Jump,,Sun
18:08:05,6,Jackson Park Express,,Sat
08:02:43,28,Stony Island,,Mon,Tue,Wed,Thu,Fri
08:01:01,6,Jackson Park Express,,Sat
05:15:22,3,King Drive,,Mon,Tue,Wed,Thu,Fri
22:36:28,4,Cottage Grove,,Sun
13:44:49,3,King Drive,,Sat
08:14:31,J14,Jeffery Jump,,Mon,Tue,Wed,Thu,Fri
08:34:38,4,Cottage Grove,,Sat
02:22:08,4,Cottage Grove,,Sun
17:04:52,J14,Jeffery Jump,,Sun
13:53:49,3,King Drive,,Sat
17:14:57,6,Jackson Park Express,,Mon,Tue,Wed,Thu,Fri
10:01:49,J14,Jeffery Jump,,Sun
16:27:22,6,Jackson Park Express,,Sat
12:01:06,J14,Jeffery Jump,,Sun
22:36:22,3,King Drive,,Sat
10:07:59,4,Cottage Grove,,Sun
08:26:22,J14,Jeffery Jump,,Sat
04:53:37,4,Cottage Grove,,Sat
16:45:01,4,Cottage Grove,,Sun
13:27:03,4,Cottage Grove,,Sat
20:37:28,4,Cottage Grove,,Mon,Tue,Wed,Thu,Fri
15:15:01,4,Cottage Grove,,Sun
16:26:31,4,Cottage Grove,,Mon,Tue,Wed,Thu,Fri
13:29:41,J14,Jeffery Jump,,Sat
23:31:22,6,Jackson Park Express,,Mon,Tue,Wed,Thu,Fri
00:38:31,6,Jackson Park Express,,Tue,Wed,Thu,Fri,Sat
10:31:50,3,King Drive,,Sun
08:05:22,X4,Cottage Grove Express,,Mon,Tue,Wed,Thu,Fri
09:04:10,6,Jackson Park Express,,Mon,Tue,Wed,Thu,Fri
22:07:31,6,Jackson Park Express,,Sat
14:35:01,4,Cottage Grove,,Sun
12:38:36,J14,Jeffery Jump,,Sun
05:24:19,J14,Jeffery Jump,,Mon,Tue,Wed,Thu,Fri
15:55:06,J14,Jeffery Jump,,Sun
20:39:33,J14,Jeffery Jump,,Sun
17:46:44,6,Jackson Park Express,,Sat
15:03:19,6,Jackson Park Express,,Sun
06:27:20,3,King Drive,,Mon,Tue,Wed,Thu,Fri
11:03:26,26,South Shore Express,,Mon,Tue,Wed,Thu,Fri
14:52:31,X4,Cottage Grove Express,,Mon,Tue,Wed,Thu,Fri
18:13:14,6,Jackson Park Express,,Mon,Tue,Wed,Thu,Fri
16:30:48,6,Jackson Park Express,,Sun
16:07:01,J14,Jeffery Jump,,Sat
13:10:41,J14,Jeffery Jump,,Sat
12:02:56,26,South Shore Express,,Mon,Tue,Wed,Thu,Fri
11:08:49,3,King Drive,,Sat
16:53:33,4,Cottage Grove,,Sat
24:05:56,6,Jackson Park Express,,Sun
15:20:31,4,Cottage Grove,,Mon,Tue,Wed,Thu,Fri
17:03:05,6,Jackson Park Express,,Sat
11:27:59,4,Cottage Grove,,Sun
04:36:47,J14,Jeffery Jump,,Mon,Tue,Wed,Thu,Fri
06:38:22,J14,Jeffery Jump,,Mon,Tue,Wed,Thu,Fri
08:26:15,26,South Shore Express,,Mon,Tue,Wed,Thu,Fri