arrival_time,route_short_name,route_long_name,headsign,service_days
23:37:23,151,Sheridan,,Sun
18:23:50,146,Inner Lake Shore/Michigan Express,,Sun
14:34:20,146,Inner Lake Shore/Michigan Express,,Mon,Tue,Wed,Thu,Fri
07:58:46,3,King Drive,,Sat
11:33:57,151,Sheridan,,Sun
13:46:39,151,Sheridan,,Mon,Tue,Wed,Thu,Fri
22:12:46,3,King Drive,,Sun
13:10:39,151,Sheridan,,Mon,Tue,Wed,Thu,Fri
06:33:41,3,King Drive,,Sat
21:45:56,3,King Drive,,Sat
15:06:59,147,Outer DuSable Lake Shore Express,,Sat
21:21:59,147,Outer DuSable Lake Shore Express,,Sat
13:13:38,26,South Shore Express,,Mon,Tue,Wed,Thu,Fri
10:43:38,157,Streeterville/Taylor,,Mon,Tue,Wed,Thu,Fri
10:15:23,151,Sheridan,,Sat
07:21:39,147,Outer DuSable Lake Shore Express,,Mon,Tue,Wed,Thu,Fri
23:36:35,151,Sheridan,,Sat
06:04:49,147,Outer DuSable Lake Shore Express,,Mon,Tue,Wed,Thu,Fri
09:29:30,157,Streeterville/Taylor,,Mon,Tue,Wed,Thu,Fri
06:43:46,3,King Drive,,Mon,Tue,Wed,Thu,Fri
09:18:09,147,Outer DuSable Lake Shore Express,,Mon,Tue,Wed,Thu,Fri
21:09:57,146,Inner Lake Shore/Michigan Express,,Sat
12:41:12,147,Outer DuSable Lake Shore Express,,Sat
18:26:32,147,Outer DuSable Lake Shore Express,,Mon,Tue,Wed,Thu,Fri
19:58:02,3,King Drive,,Mon,Tue,Wed,Thu,Fri
10:46:01,151,Sheridan,,Mon,Tue,Wed,Thu,Fri
06:52:07,2,Hyde Park Express,,Mon,Tue,Wed,Thu,Fri
19:13:29,146,Inner Lake Shore/Michigan Express,,Sun
12:08:32,3,King Drive,,Sat
13:32:58,157,Streeterville/Taylor,,Mon,Tue,Wed,Thu,Fri
10:38:09,147,Outer DuSable Lake Shore Express,,Mon,Tue,Wed,Thu,Fri
11:52:59,147,Outer DuSable Lake Shore Express,,Sat
20:56:22,147,Outer DuSable Lake Shore Express,,Mon,Tue,Wed,Thu,Fri
17:39:02,146,Inner Lake Shore/Michigan Express,,Sat
14:01:32,3,King Drive,,Mon,Tue,Wed,Thu,Fri
23:23:16,147,Outer DuSable Lake Shore Express,,Mon,Tue,Wed,Thu,Fri
17:23:19,147,Outer DuSable Lake Shore Express,,Sun
19:37:36,147,Outer DuSable Lake Shore Express,,Mon,Tue,Wed,Thu,Fri
02:13:40,66,Chicago,,Sun
18:51:35,151,Sheridan,,Sun
09:32:59,146,Inner Lake Shore/Michigan Express,,Mon,Tue,Wed,Thu,Fri
09:32:59,146,Inner Lake Shore/Michigan Express,,Mon,Tue,Wed,Thu,Fri
19:11:26,147,Outer DuSable Lake Shore Express,,Sat
23:27:57,151,Sheridan,,Mon,Tue,Wed,Thu,Fri
22:05:59,146,Inner Lake Shore/Michigan Express,,Sun
07:56:56,147,Outer DuSable Lake Shore Express,,Sun
13:40:20,146,Inner Lake Shore/Michigan Express,,Sun
09:32:27,151,Sheridan,,Mon,Tue,Wed,Thu,Fri
15:00:39,151,Sheridan,,Sun
08:11:45,151,Sheridan,,Sun
15:03:58,157,Streeterville/Taylor,,Mon,Tue,Wed,Thu,Fri
17:53:19,147,Outer DuSable Lake Shore Express,,Sun
14:43:20,146,Inner Lake Shore/Michigan Express,,Sun
20:19:43,151,Sheridan,,Sat
09:47:21,3,King Drive,,Sun
15:51:12,147,Outer DuSable Lake Shore Express,,Sun
09:58:58,2,Hyde Park Express,,Mon,Tue,Wed,Thu,Fri
11:31:26,3,King Drive,,Sun
15:13:18,148,Clarendon/Michigan Express,,Mon,Tue,Wed,Thu,Fri
18:21:12,3,King Drive,,Sat
13:10:32,3,King Drive,,Sun
16:34:19,147,Outer DuSable Lake Shore Express,,Sun
22:19:53,151,Sheridan,,Sun
18:59:17,3,King Drive,,Mon,Tue,Wed,Thu,Fri
20:45:27,151,Sheridan,,Sun
17:12:02,143,Stockton/Michigan Express,,Mon,Tue,Wed,Thu,Fri
16:29:18,148,Clarendon/Michigan Express,,Mon,Tue,Wed,Thu,Fri
11:11:13,146,Inner Lake Shore/Michigan Express,,Mon,Tue,Wed,Thu,Fri
10:13:01,26,South Shore Express,,Mon,Tue,Wed,Thu,Fri
18:00:25,148,Clarendon/Michigan Express,,Mon,Tue,Wed,Thu,Fri
12:34:39,151,Sheridan,,Mon,Tue,Wed,Thu,Fri
17:58:15,147,Outer DuSable Lake Shore Express,,Mon,Tue,Wed,Thu,Fri
09:50:51,3,King Drive,,Sat
01:12:40,151,Sheridan,,Sun
11:27:35,151,Sheridan,,Sat
21:19:02,3,King Drive,,Sat
08:38:16,3,King Drive,,Sun
16:56:07,3,King Drive,,Sun
23:25:56,3,King Drive,,Sat
14:48:08,151,Sheridan,,Sat
17:01:45,157,Streeterville/Taylor,,Mon,Tue,Wed,Thu,Fri
17:30:30,151,Sheridan,,Mon,Tue,Wed,Thu,Fri
19:50:59,146,Inner Lake Shore/Michigan Express,,Sun
14:46:13,151,Sheridan,,Mon,Tue,Wed,Thu,Fri
10:59:38,157,Streeterville/Taylor,,Mon,Tue,Wed,Thu,Fri
06:12:10,151,Sheridan,,Mon,Tue,Wed,Thu,Fri
23:12:57,151,Sheridan,,Mon,Tue,Wed,Thu,Fri
15:00:48,146,Inner Lake Shore/Michigan Express,,Sat
21:49:59,146,Inner Lake Shore/Michigan Express,,Sun
13:48:48,146,Inner Lake Shore/Michigan Express,,Sat
17:51:07,3,King Drive,,Sun
09:47:19,147,Outer DuSable Lake Shore Express,,Sun
15:07:42,147,Outer DuSable Lake Shore Express,,Sun
15:42:27,3,King Drive,,Sat
11:57:56,3,King Drive,,Mon,Tue,Wed,Thu,Fri
04:13:54,66,Chicago,,Sat
16:25:38,151,Sheridan,,Sat
06:43:46,3,King Drive,,Mon,Tue,Wed,Thu,Fri
16:23:49,147,Outer DuSable Lake Shore Express,,Sun
12:19:56,3,King Drive,,Mon,Tue,Wed,Thu,Fri
14:16:12,3,King Drive,,Sat
15:17:07,3,King Drive,,Sun
09:16:08,146,Inner Lake Shore/Michigan Express,,Sun
18:59:17,3,King Drive,,Mon,Tue,Wed,Thu,Fri
15:51:21,151,Sheridan,,Mon,Tue,Wed,Thu,Fri
18:25:51,151,Sheridan,,Sat
17:14:52,147,Outer DuSable Lake Shore Express,,Sat
14:14:32,147,Outer DuSable Lake Shore Express,,Sat
16:29:26,147,Outer DuSable Lake Shore Express,,Mon,Tue,Wed,Thu,Fri
13:50:42,147,Outer DuSable Lake Shore Express,,Mon,Tue,Wed,Thu,Fri
22:57:15,146,Inner Lake Shore/Michigan Express,,Sun
09:26:32,147,Outer DuSable Lake Shore Express,,Sat
06:57:31,157,Streeterville/Taylor,,Mon,Tue,Wed,Thu,Fri
18:13:19,147,Outer DuSable Lake Shore Express,,Sun
08:51:26,3,King Drive,,Mon,Tue,Wed,Thu,Fri
12:48:20,146,Inner Lake Shore/Michigan Express,,Sat
16:23:48,146,Inner Lake Shore/Michigan Express,,Mon,Tue,Wed,Thu,Fri
17:25:16,146,Inner Lake Shore/Michigan Express,,Mon,Tue,Wed,Thu,Fri
17:10:39,151,Sheridan,,Sun
12:17:43,151,Sheridan,,Sat
15:34:39,146,Inner Lake Shore/Michigan Express,,Sat
12:02:22,147,Outer DuSable Lake Shore Express,,Mon,Tue,Wed,Thu,Fri
14:41:32,3,King Drive,,Sun
11:08:56,3,King Drive,,Sat
09:37:31,26,South Shore Express,,Mon,Tue,Wed,Thu,Fri
07:21:39,147,Outer DuSable Lake Shore Express,,Mon,Tue,Wed,Thu,Fri
13:38:46,147,Outer DuSable Lake Shore Express,,Sun
12:25:27,151,Sheridan,,Sun
21:45:56,3,King Drive,,Sat
19:28:12,147,Outer DuSable Lake Shore Express,,Mon,Tue,Wed,Thu,Fri
12:06:49,157,Streeterville/Taylor,,Mon,Tue,Wed,Thu,Fri
20:57:31,151,Sheridan,,Mon,Tue,Wed,Thu,Fri
17:46:39,146,Inner Lake Shore/Michigan Express,,Sat
14:05:56,147,Outer DuSable Lake Shore Express,,Sat
16:39:25,146,Inner Lake Shore/Michigan Express,,Mon,Tue,Wed,Thu,Fri
16:40:55,151,Sheridan,,Mon,Tue,Wed,Thu,Fri
16:05:47,3,King Drive,,Mon,Tue,Wed,Thu,Fri
17:53:57,3,King Drive,,Sat
21:07:21,3,King Drive,,Mon,Tue,Wed,Thu,Fri
13:19:56,147,Outer DuSable Lake Shore Express,,Sat
22:30:56,3,King Drive,,Sat
19:46:22,147,Outer DuSable Lake Shore Express,,Sun
05:58:41,3,King Drive,,Mon,Tue,Wed,Thu,Fri
19:58:02,3,King Drive,,Mon,Tue,Wed,Thu,Fri
09:13:46,3,King Drive,,Sat
21:13:30,157,Streeterville/Taylor,,Mon,Tue,Wed,Thu,Fri
14:36:42,26,South Shore Express,,Mon,Tue,Wed,Thu,Fri
22:58:53,151,Sheridan,,Sun
01:19:40,151,Sheridan,,Tue,Wed,Thu,Fri,Sat
12:34:39,151,Sheridan,,Mon,Tue,Wed,Thu,Fri
21:06:52,147,Outer DuSable Lake Shore Express,,Sun
20:02:36,147,Outer DuSable Lake Shore Express,,Mon,Tue,Wed,Thu,Fri
20:27:05,151,Sheridan,,Mon,Tue,Wed,Thu,Fri
17:20:52,147,Outer DuSable Lake Shore Express,,Sat
23:03:09,147,Outer DuSable Lake Shore Express,,Sun
15:14:41,146,Inner Lake Shore/Michigan Express,,Mon,Tue,Wed,Thu,Fri
11:09:01,151,Sheridan,,Mon,Tue,Wed,Thu,Fri
21:49:59,146,Inner Lake Shore/Michigan Express,,Sun
16:20:55,151,Sheridan,,Mon,Tue,Wed,Thu,Fri
08:28:00,157,Streeterville/Taylor,,Mon,Tue,Wed,Thu,Fri
13:06:32,3,King Drive,,Mon,Tue,Wed,Thu,Fri
06:54:41,3,King Drive,,Sun
15:18:39,146,Inner Lake Shore/Michigan Express,,Sat
09:04:31,26,South Shore Express,,Mon,Tue,Wed,Thu,Fri
19:59:52,147,Outer DuSable Lake Shore Express,,Sun
17:15:16,146,Inner Lake Shore/Michigan Express,,Mon,Tue,Wed,Thu,Fri
04:43:54,66,Chicago,,Sun
11:46:56,3,King Drive,,Mon,Tue,Wed,Thu,Fri
23:42:06,146,Inner Lake Shore/Michigan Express,,Sat
14:03:20,146,Inner Lake Shore/Michigan Express,,Mon,Tue,Wed,Thu,Fri
15:04:08,151,Sheridan,,Sat
15:50:07,3,King Drive,,Sun
09:44:29,146,Inner Lake Shore/Michigan Express,,Mon,Tue,Wed,Thu,Fri
19:24:34,146,Inner Lake Shore/Michigan Express,,Mon,Tue,Wed,Thu,Fri
09:01:46,3,King Drive,,Sat
21:41:59,147,Outer DuSable Lake Shore Express,,Sat
21:24:43,146,Inner Lake Shore/Michigan Express,,Mon,Tue,Wed,Thu,Fri
23:52:01,151,Sheridan,,Sat
17:06:39,146,Inner Lake Shore/Michigan Express,,Mon,Tue,Wed,Thu,Fri
23:27:57,151,Sheridan,,Mon,Tue,Wed,Thu,Fri
13:30:32,147,Outer DuSable Lake Shore Express,,Sat
05:15:41,3,King Drive,,Sat
18:29:22,147,Outer DuSable Lake Shore Express,,Sat
15:27:58,157,Streeterville/Taylor,,Mon,Tue,Wed,Thu,Fri
18:01:17,3,King Drive,,Sat
09:58:09,147,Outer DuSable Lake Shore Express,,Mon,Tue,Wed,Thu,Fri
13:22:39,151,Sheridan,,Mon,Tue,Wed,Thu,Fri
22:57:57,151,Sheridan,,Mon,Tue,Wed,Thu,Fri
13:24:41,146,Inner Lake Shore/Michigan Express,,Sat
09:58:09,147,Outer DuSable Lake Shore Express,,Mon,Tue,Wed,Thu,Fri
11:11:13,146,Inner Lake Shore/Michigan Express,,Mon,Tue,Wed,Thu,Fri
12:56:31,151,Sheridan,,Sun
14:13:20,146,Inner Lake Shore/Michigan Express,,Mon,Tue,Wed,Thu,Fri
10:36:59,146,Inner Lake Shore/Michigan Express,,Sun
13:17:32,3,King Drive,,Mon,Tue,Wed,Thu,Fri
08:21:26,147,Outer DuSable Lake Shore Express,,Sat
22:45:56,3,King Drive,,Sat
05:35:41,3,King Drive,,Sat
17:53:19,147,Outer DuSable Lake Shore Express,,Sun
23:14:46,3,King Drive,,Mon,Tue,Wed,Thu,Fri
22:00:56,3,King Drive,,Sat
17:47:45,147,Outer DuSable Lake Shore Express,,Sat
10:48:59,147,Outer DuSable Lake Shore Express,,Sat
05:35:45,26,South Shore Express,,Mon,Tue,Wed,Thu,Fri
09:13:19,147,Outer DuSable Lake Shore Express,,Sun
10:15:45,146,Inner Lake Shore/Michigan Express,,Sun
14:12:32,3,King Drive,,Mon,Tue,Wed,Thu,Fri
09:58:32,147,Outer DuSable Lake Shore Express,,Sat
18:18:09,146,Inner Lake Shore/Michigan Express,,Sat
16:39:26,147,Outer DuSable Lake Shore Express,,Mon,Tue,Wed,Thu,Fri
08:37:08,146,Inner Lake Shore/Michigan Express,,Sun
03:43:54,66,Chicago,,Sat
20:57:21,3,King Drive,,Mon,Tue,Wed,Thu,Fri
11:51:29,146,Inner Lake Shore/Michigan Express,,Sun
07:47:56,2,Hyde Park Express,,Mon,Tue,Wed,Thu,Fri
15:00:19,147,Outer DuSable Lake Shore Express,,Mon,Tue,Wed,Thu,Fri
21:14:16,3,King Drive,,Sun
19:24:26,3,King Drive,,Sun
17:19:46,146,Inner Lake Shore/Michigan Express,,Mon,Tue,Wed,Thu,Fri
12:26:09,157,Streeterville/Taylor,,Mon,Tue,Wed,Thu,Fri
02:13:40,66,Chicago,,Sun
19:22:02,3,King Drive,,Mon,Tue,Wed,Thu,Fri
15:22:13,151,Sheridan,,Mon,Tue,Wed,Thu,Fri
21:21:59,147,Outer DuSable Lake Shore Express,,Sat
13:05:46,147,Outer DuSable Lake Shore Express,,Sun
06:23:10,151,Sheridan,,Sat
17:00:52,147,Outer DuSable Lake Shore Express,,Sat
07:49:39,147,Outer DuSable Lake Shore Express,,Mon,Tue,Wed,Thu,Fri
20:09:19,147,Outer DuSable Lake Shore Express,,Sat
22:03:39,147,Outer DuSable Lake Shore Express,,Sun
11:09:01,151,Sheridan,,Mon,Tue,Wed,Thu,Fri
19:37:37,3,King Drive,,Sat
22:15:56,3,King Drive,,Sat
03:13:26,66,Chicago,,Sat
21:27:57,151,Sheridan,,Mon,Tue,Wed,Thu,Fri
12:43:27,146,Inner Lake Shore/Michigan Express,,Mon,Tue,Wed,Thu,Fri
07:16:40,151,Sheridan,,Sun
16:41:38,151,Sheridan,,Sat
12:22:29,146,Inner Lake Shore/Michigan Express,,Sun
17:13:27,3,King Drive,,Mon,Tue,Wed,Thu,Fri
07:15:49,151,Sheridan,,Mon,Tue,Wed,Thu,Fri
09:12:00,157,Streeterville/Taylor,,Mon,Tue,Wed,Thu,Fri
08:35:45,151,Sheridan,,Sat
10:28:56,3,King Drive,,Sat
19:56:39,151,Sheridan,,Mon,Tue,Wed,Thu,Fri
18:46:09,147,Outer DuSable Lake Shore Express,,Sat
17:40:39,151,Sheridan,,Sun
05:23:41,3,King Drive,,Mon,Tue,Wed,Thu,Fri
17:24:27,3,King Drive,,Mon,Tue,Wed,Thu,Fri
16:00:27,3,King Drive,,Sat
08:56:45,151,Sheridan,,Sun
19:11:04,146,Inner Lake Shore/Michigan Express,,Sat
09:17:19,2,Hyde Park Express,,Mon,Tue,Wed,Thu,Fri
22:52:46,3,King Drive,,Sun
13:57:26,147,Outer DuSable Lake Shore Express,,Sat
16:50:16,146,Inner Lake Shore/Michigan Express,,Sat
10:39:36,146,Inner Lake Shore/Michigan Express,,Mon,Tue,Wed,Thu,Fri
17:50:30,151,Sheridan,,Mon,Tue,Wed,Thu,Fri
13:15:58,157,Streeterville/Taylor,,Mon,Tue,Wed,Thu,Fri
18:43:19,147,Outer DuSable Lake Shore Express,,Sun
12:04:27,151,Sheridan,,Sun
14:40:34,151,Sheridan,,Sat
19:20:39,151,Sheridan,,Mon,Tue,Wed,Thu,Fri
19:05:06,146,Inner Lake Shore/Michigan Express,,Sun
18:30:27,3,King Drive,,Mon,Tue,Wed,Thu,Fri
19:47:35,151,Sheridan,,Sun
08:36:01,2,Hyde Park Express,,Mon,Tue,Wed,Thu,Fri
15:22:19,147,Outer DuSable Lake Shore Express,,Mon,Tue,Wed,Thu,Fri
15:28:07,3,King Drive,,Sun
19:10:26,3,King Drive,,Sun
19:23:52,147,Outer DuSable Lake Shore Express,,Sun
20:16:02,3,King Drive,,Mon,Tue,Wed,Thu,Fri
17:02:27,3,King Drive,,Mon,Tue,Wed,Thu,Fri
15:11:19,147,Outer DuSable Lake Shore Express,,Mon,Tue,Wed,Thu,Fri
11:12:57,151,Sheridan,,Sun
11:27:35,151,Sheridan,,Sat
07:33:01,146,Inner Lake Shore/Michigan Express,,Sun
18:53:12,147,Outer DuSable Lake Shore Express,,Sun
18:40:13,146,Inner Lake Shore/Michigan Express,,Sun
16:18:27,3,King Drive,,Sat
16:45:02,147,Outer DuSable Lake Shore Express,,Mon,Tue,Wed,Thu,Fri
18:32:39,143,Stockton/Michigan Express,,Mon,Tue,Wed,Thu,Fri
18:57:36,146,Inner Lake Shore/Michigan Express,,Sun
08:41:45,151,Sheridan,,Sun
13:28:32,3,King Drive,,Mon,Tue,Wed,Thu,Fri
09:13:46,3,King Drive,,Sat
10:05:23,151,Sheridan,,Sat
13:34:39,151,Sheridan,,Mon,Tue,Wed,Thu,Fri
16:45:07,3,King Drive,,Sun
19:19:26,147,Outer DuSable Lake Shore Express,,Sat
15:44:08,151,Sheridan,,Sat
11:15:38,157,Streeterville/Taylor,,Mon,Tue,Wed,Thu,Fri
11:23:27,151,Sheridan,,Sun
24:07:27,151,Sheridan,,Sat
19:13:02,3,King Drive,,Mon,Tue,Wed,Thu,Fri
12:17:32,3,King Drive,,Sat
18:30:39,151,Sheridan,,Sun
11:13:56,3,King Drive,,Mon,Tue,Wed,Thu,Fri
09:16:31,26,South Shore Express,,Mon,Tue,Wed,Thu,Fri
17:34:57,146,Inner Lake Shore/Michigan Express,,Sun
08:41:00,157,Streeterville/Taylor,,Mon,Tue,Wed,Thu,Fri
18:13:07,3,King Drive,,Sun
11:24:56,3,King Drive,,Mon,Tue,Wed,Thu,Fri
08:30:49,2,Hyde Park Express,,Mon,Tue,Wed,Thu,Fri
13:03:37,3,King Drive,,Sat
20:57:20,146,Inner Lake Shore/Michigan Express,,Mon,Tue,Wed,Thu,Fri
06:29:08,146,Inner Lake Shore/Michigan Express,,Mon,Tue,Wed,Thu,Fri
13:31:20,146,Inner Lake Shore/Michigan Express,,Sun
07:58:58,2,Hyde Park Express,,Mon,Tue,Wed,Thu,Fri
15:32:29,147,Outer DuSable Lake Shore Express,,Sat
15:57:59,147,Outer DuSable Lake Shore Express,,Sat
14:12:48,146,Inner Lake Shore/Michigan Express,,Sat
20:00:49,147,Outer DuSable Lake Shore Express,,Sat
14:57:27,3,King Drive,,Sat
18:43:47,151,Sheridan,,Mon,Tue,Wed,Thu,Fri
10:20:56,3,King Drive,,Mon,Tue,Wed,Thu,Fri
17:36:08,151,Sheridan,,Sat
16:27:27,3,King Drive,,Sat
10:48:59,147,Outer DuSable Lake Shore Express,,Sat
09:29:30,157,Streeterville/Taylor,,Mon,Tue,Wed,Thu,Fri
10:46:01,151,Sheridan,,Mon,Tue,Wed,Thu,Fri
20:01:37,3,King Drive,,Sat
16:46:29,147,Outer DuSable Lake Shore Express,,Sat
12:46:39,151,Sheridan,,Mon,Tue,Wed,Thu,Fri
08:03:21,3,King Drive,,Mon,Tue,Wed,Thu,Fri
19:28:12,147,Outer DuSable Lake Shore Express,,Mon,Tue,Wed,Thu,Fri
18:00:27,146,Inner Lake Shore/Michigan Express,,Sun
15:22:13,151,Sheridan,,Mon,Tue,Wed,Thu,Fri
15:00:39,151,Sheridan,,Sun
07:45:16,3,King Drive,,Mon,Tue,Wed,Thu,Fri
17:33:59,147,Outer DuSable Lake Shore Express,,Sat
06:21:43,147,Outer DuSable Lake Shore Express,,Mon,Tue,Wed,Thu,Fri
21:41:59,147,Outer DuSable Lake Shore Express,,Sat
10:03:28,157,Streeterville/Taylor,,Mon,Tue,Wed,Thu,Fri
19:35:49,147,Outer DuSable Lake Shore Express,,Sat
16:24:09,146,Inner Lake Shore/Michigan Express,,Sat
10:17:29,146,Inner Lake Shore/Michigan Express,,Mon,Tue,Wed,Thu,Fri
08:19:01,26,South Shore Express,,Mon,Tue,Wed,Thu,Fri
17:19:46,146,Inner Lake Shore/Michigan Express,,Mon,Tue,Wed,Thu,Fri
20:57:31,151,Sheridan,,Mon,Tue,Wed,Thu,Fri
23:56:23,151,Sheridan,,Sun
10:57:01,26,South Shore Express,,Mon,Tue,Wed,Thu,Fri
01:43:54,66,Chicago,,Mon
17:00:27,146,Inner Lake Shore/Michigan Express,,Sun
06:08:11,3,King Drive,,Mon,Tue,Wed,Thu,Fri
19:20:47,151,Sheridan,,Sat
21:52:46,3,King Drive,,Sun
03:13:26,66,Chicago,,Sat
07:10:54,146,Inner Lake Shore/Michigan Express,,Sun
14:25:20,146,Inner Lake Shore/Michigan Express,,Sun
19:44:36,147,Outer DuSable Lake Shore Express,,Mon,Tue,Wed,Thu,Fri
23:35:08,146,Inner Lake Shore/Michigan Express,,Sun
12:35:57,151,Sheridan,,Sun
17:03:27,3,King Drive,,Sat
17:04:00,148,Clarendon/Michigan Express,,Mon,Tue,Wed,Thu,Fri
15:43:09,146,Inner Lake Shore/Michigan Express,,Sat
10:05:23,151,Sheridan,,Sat
12:27:01,26,South Shore Express,,Mon,Tue,Wed,Thu,Fri
12:58:39,151,Sheridan,,Mon,Tue,Wed,Thu,Fri
23:43:16,147,Outer DuSable Lake Shore Express,,Mon,Tue,Wed,Thu,Fri
14:23:42,147,Outer DuSable Lake Shore Express,,Sun
15:49:29,147,Outer DuSable Lake Shore Express,,Sat
12:59:59,146,Inner Lake Shore/Michigan Express,,Sun
15:41:47,151,Sheridan,,Mon,Tue,Wed,Thu,Fri
20:50:26,3,King Drive,,Mon,Tue,Wed,Thu,Fri
09:01:46,3,King Drive,,Sat
07:45:01,26,South Shore Express,,Mon,Tue,Wed,Thu,Fri
23:09:41,3,King Drive,,Sun
11:25:09,147,Outer DuSable Lake Shore Express,,Sun
18:07:57,146,Inner Lake Shore/Michigan Express,,Sun
16:15:48,146,Inner Lake Shore/Michigan Express,,Mon,Tue,Wed,Thu,Fri
08:37:26,147,Outer DuSable Lake Shore Express,,Sat
20:25:02,3,King Drive,,Mon,Tue,Wed,Thu,Fri
10:27:22,146,Inner Lake Shore/Michigan Express,,Sat
21:27:57,151,Sheridan,,Mon,Tue,Wed,Thu,Fri
19:13:02,3,King Drive,,Mon,Tue,Wed,Thu,Fri
14:23:39,147,Outer DuSable Lake Shore Express,,Sat
11:24:56,3,King Drive,,Mon,Tue,Wed,Thu,Fri
12:17:43,151,Sheridan,,Sat
13:34:02,3,King Drive,,Sun
14:14:42,147,Outer DuSable Lake Shore Express,,Mon,Tue,Wed,Thu,Fri
19:49:37,3,King Drive,,Sat
07:06:53,26,South Shore Express,,Mon,Tue,Wed,Thu,Fri
13:49:20,146,Inner Lake Shore/Michigan Express,,Sun
18:04:09,147,Outer DuSable Lake Shore Express,,Sat
22:44:39,147,Outer DuSable Lake Shore Express,,Sun
13:43:20,146,Inner Lake Shore/Michigan Express,,Mon,Tue,Wed,Thu,Fri
09:18:26,3,King Drive,,Mon,Tue,Wed,Thu,Fri
14:32:17,3,King Drive,,Sat
11:21:05,151,Sheridan,,Mon,Tue,Wed,Thu,Fri
14:08:35,151,Sheridan,,Sun
22:51:35,151,Sheridan,,Sat
07:54:38,146,Inner Lake Shore/Michigan Express,,Sun
13:00:51,151,Sheridan,,Sat
13:58:12,3,King Drive,,Sat
11:33:35,151,Sheridan,,Mon,Tue,Wed,Thu,Fri
13:22:39,151,Sheridan,,Mon,Tue,Wed,Thu,Fri
22:38:29,146,Inner Lake Shore/Michigan Express,,Mon,Tue,Wed,Thu,Fri
17:30:39,151,Sheridan,,Sun
16:18:27,3,King Drive,,Mon,Tue,Wed,Thu,Fri
13:27:21,151,Sheridan,,Sat
12:48:06,147,Outer DuSable Lake Shore Express,,Mon,Tue,Wed,Thu,Fri
14:48:57,3,King Drive,,Sat
08:35:27,151,Sheridan,,Mon,Tue,Wed,Thu,Fri
10:14:08,157,Streeterville/Taylor,,Mon,Tue,Wed,Thu,Fri
08:40:09,147,Outer DuSable Lake Shore Express,,Mon,Tue,Wed,Thu,Fri
18:40:56,147,Outer DuSable Lake Shore Express,,Mon,Tue,Wed,Thu,Fri
15:01:20,146,Inner Lake Shore/Michigan Express,,Sun
07:51:31,26,South Shore Express,,Mon,Tue,Wed,Thu,Fri
22:40:22,146,Inner Lake Shore/Michigan Express,,Sun
22:04:46,147,Outer DuSable Lake Shore Express,,Mon,Tue,Wed,Thu,Fri
12:46:01,151,Sheridan,,Sun
17:00:55,151,Sheridan,,Mon,Tue,Wed,Thu,Fri
14:34:13,151,Sheridan,,Mon,Tue,Wed,Thu,Fri
11:31:49,157,Streeterville/Taylor,,Mon,Tue,Wed,Thu,Fri
19:44:39,151,Sheridan,,Mon,Tue,Wed,Thu,Fri
11:04:59,147,Outer DuSable Lake Shore Express,,Sat
07:02:45,151,Sheridan,,Mon,Tue,Wed,Thu,Fri
16:09:27,3,King Drive,,Sat
18:12:48,148,Clarendon/Michigan Express,,Mon,Tue,Wed,Thu,Fri
18:55:34,146,Inner Lake Shore/Michigan Express,,Sat
17:01:45,157,Streeterville/Taylor,,Mon,Tue,Wed,Thu,Fri
08:16:08,146,Inner Lake Shore/Michigan Express,,Sun
12:53:27,146,Inner Lake Shore/Michigan Express,,Mon,Tue,Wed,Thu,Fri
11:18:22,146,Inner Lake Shore/Michigan Express,,Sat
14:23:50,146,Inner Lake Shore/Michigan Express,,Mon,Tue,Wed,Thu,Fri
12:08:59,147,Outer DuSable Lake Shore Express,,Sat
22:09:57,146,Inner Lake Shore/Michigan Express,,Sat
16:45:27,3,King Drive,,Sat
21:07:59,146,Inner Lake Shore/Michigan Express,,Sun
09:03:26,3,King Drive,,Mon,Tue,Wed,Thu,Fri
18:47:41,146,Inner Lake Shore/Michigan Express,,Sat
14:23:39,147,Outer DuSable Lake Shore Express,,Sat
15:28:07,3,King Drive,,Sun
09:21:29,146,Inner Lake Shore/Michigan Express,,Mon,Tue,Wed,Thu,Fri
20:13:30,157,Streeterville/Taylor,,Mon,Tue,Wed,Thu,Fri
22:36:35,151,Sheridan,,Sat
18:17:25,151,Sheridan,,Sat
18:10:39,151,Sheridan,,Sun
10:30:32,147,Outer DuSable Lake Shore Express,,Sat
15:51:39,151,Sheridan,,Sun
21:43:39,147,Outer DuSable Lake Shore Express,,Sun
14:02:42,147,Outer DuSable Lake Shore Express,,Mon,Tue,Wed,Thu,Fri
21:06:37,3,King Drive,,Sat
12:10:39,151,Sheridan,,Mon,Tue,Wed,Thu,Fri
21:39:57,146,Inner Lake Shore/Michigan Express,,Sat
06:26:46,3,King Drive,,Mon,Tue,Wed,Thu,Fri
08:12:01,2,Hyde Park Express,,Mon,Tue,Wed,Thu,Fri
18:17:23,146,Inner Lake Shore/Michigan Express,,Mon,Tue,Wed,Thu,Fri
15:05:37,3,King Drive,,Sun
22:02:59,146,Inner Lake Shore/Michigan Express,,Mon,Tue,Wed,Thu,Fri
19:03:06,147,Outer DuSable Lake Shore Express,,Sun
13:49:12,3,King Drive,,Sat
21:24:52,147,Outer DuSable Lake Shore Express,,Sun
08:56:38,146,Inner Lake Shore/Michigan Express,,Sun
15:11:19,147,Outer DuSable Lake Shore Express,,Mon,Tue,Wed,Thu,Fri
16:47:25,157,Streeterville/Taylor,,Mon,Tue,Wed,Thu,Fri
11:01:43,146,Inner Lake Shore/Michigan Express,,Mon,Tue,Wed,Thu,Fri
17:31:23,146,Inner Lake Shore/Michigan Express,,Mon,Tue,Wed,Thu,Fri
10:50:23,151,Sheridan,,Sun
14:01:32,3,King Drive,,Mon,Tue,Wed,Thu,Fri
16:18:19,147,Outer DuSable Lake Shore Express,,Mon,Tue,Wed,Thu,Fri
07:45:01,26,South Shore Express,,Mon,Tue,Wed,Thu,Fri
14:13:20,146,Inner Lake Shore/Michigan Express,,Mon,Tue,Wed,Thu,Fri
17:35:30,151,Sheridan,,Mon,Tue,Wed,Thu,Fri
16:05:19,147,Outer DuSable Lake Shore Express,,Mon,Tue,Wed,Thu,Fri
19:59:52,147,Outer DuSable Lake Shore Express,,Sun
23:36:35,151,Sheridan,,Sat
20:35:19,147,Outer DuSable Lake Shore Express,,Sat
12:53:32,3,King Drive,,Sat
18:50:47,151,Sheridan,,Sat
11:20:43,146,Inner Lake Shore/Michigan Express,,Mon,Tue,Wed,Thu,Fri
19:06:07,3,King Drive,,Mon,Tue,Wed,Thu,Fri
15:57:18,146,Inner Lake Shore/Michigan Express,,Mon,Tue,Wed,Thu,Fri
14:24:17,3,King Drive,,Sat
11:31:52,147,Outer DuSable Lake Shore Express,,Mon,Tue,Wed,Thu,Fri
06:36:16,3,King Drive,,Mon,Tue,Wed,Thu,Fri
17:46:39,146,Inner Lake Shore/Michigan Express,,Sat
20:39:16,3,King Drive,,Sun
19:32:39,151,Sheridan,,Mon,Tue,Wed,Thu,Fri
12:55:32,3,King Drive,,Mon,Tue,Wed,Thu,Fri
17:42:22,147,Outer DuSable Lake Shore Express,,Mon,Tue,Wed,Thu,Fri
18:52:40,2,Hyde Park Express,,Mon,Tue,Wed,Thu,Fri
19:08:13,151,Sheridan,,Mon,Tue,Wed,Thu,Fri
23:21:52,146,Inner Lake Shore/Michigan Express,,Mon,Tue,Wed,Thu,Fri
20:11:39,151,Sheridan,,Mon,Tue,Wed,Thu,Fri
18:33:19,147,Outer DuSable Lake Shore Express,,Sun
16:39:25,146,Inner Lake Shore/Michigan Express,,Mon,Tue,Wed,Thu,Fri
09:25:56,3,King Drive,,Mon,Tue,Wed,Thu,Fri
14:16:12,3,King Drive,,Sat
20:14:27,151,Sheridan,,Sun
09:58:32,147,Outer DuSable Lake Shore Express,,Sat
10:57:01,151,Sheridan,,Mon,Tue,Wed,Thu,Fri
07:28:46,3,King Drive,,Sat
21:45:22,147,Outer DuSable Lake Shore Express,,Mon,Tue,Wed,Thu,Fri
16:21:09,151,Sheridan,,Sun
08:58:09,147,Outer DuSable Lake Shore Express,,Mon,Tue,Wed,Thu,Fri
06:05:12,157,Streeterville/Taylor,,Mon,Tue,Wed,Thu,Fri
16:54:27,3,King Drive,,Sat
07:12:46,3,King Drive,,Sat
19:08:13,151,Sheridan,,Mon,Tue,Wed,Thu,Fri
15:43:18,148,Clarendon/Michigan Express,,Mon,Tue,Wed,Thu,Fri
17:36:08,151,Sheridan,,Sat
09:18:26,3,King Drive,,Mon,Tue,Wed,Thu,Fri
20:40:39,151,Sheridan,,Sat
08:39:26,3,King Drive,,Mon,Tue,Wed,Thu,Fri
18:58:18,146,Inner Lake Shore/Michigan Express,,Mon,Tue,Wed,Thu,Fri
20:25:57,146,Inner Lake Shore/Michigan Express,,Mon,Tue,Wed,Thu,Fri
15:03:58,157,Streeterville/Taylor,,Mon,Tue,Wed,Thu,Fri
21:45:22,147,Outer DuSable Lake Shore Express,,Mon,Tue,Wed,Thu,Fri
22:03:39,147,Outer DuSable Lake Shore Express,,Sun
15:51:21,151,Sheridan,,Mon,Tue,Wed,Thu,Fri
08:06:19,151,Sheridan,,Sat
13:53:20,146,Inner Lake Shore/Michigan Express,,Mon,Tue,Wed,Thu,Fri
06:32:19,26,South Shore Express,,Mon,Tue,Wed,Thu,Fri
03:43:54,66,Chicago,,Sun
15:24:27,3,King Drive,,Sat
18:10:39,151,Sheridan,,Sun
08:19:26,3,King Drive,,Mon,Tue,Wed,Thu,Fri
07:32:10,157,Streeterville/Taylor,,Mon,Tue,Wed,Thu,Fri
16:59:09,146,Inner Lake Shore/Michigan Express,,Sat
10:30:56,3,King Drive,,Mon,Tue,Wed,Thu,Fri
04:13:54,66,Chicago,,Mon,Tue,Wed,Thu,Fri
04:13:54,66,Chicago,,Sat
15:23:59,147,Outer DuSable Lake Shore Express,,Sat
17:40:07,3,King Drive,,Sun
14:00:59,147,Outer DuSable Lake Shore Express,,Sun
14:00:55,151,Sheridan,,Sat
15:30:49,147,Outer DuSable Lake Shore Express,,Mon,Tue,Wed,Thu,Fri
11:43:26,3,King Drive,,Sun
07:36:01,26,South Shore Express,,Mon,Tue,Wed,Thu,Fri
08:49:19,151,Sheridan,,Sat
13:15:06,147,Outer DuSable Lake Shore Express,,Mon,Tue,Wed,Thu,Fri
14:26:42,147,Outer DuSable Lake Shore Express,,Mon,Tue,Wed,Thu,Fri
19:30:47,151,Sheridan,,Sat
17:10:45,147,Outer DuSable Lake Shore Express,,Mon,Tue,Wed,Thu,Fri
09:30:19,147,Outer DuSable Lake Shore Express,,Sun
21:02:27,151,Sheridan,,Sun
10:28:36,146,Inner Lake Shore/Michigan Express,,Mon,Tue,Wed,Thu,Fri
17:23:19,147,Outer DuSable Lake Shore Express,,Sun
17:06:42,2,Hyde Park Express,,Mon,Tue,Wed,Thu,Fri
18:52:22,3,King Drive,,Mon,Tue,Wed,Thu,Fri
17:28:38,151,Sheridan,,Sat
21:22:09,151,Sheridan,,Sat
14:23:32,3,King Drive,,Mon,Tue,Wed,Thu,Fri
18:56:19,147,Outer DuSable Lake Shore Express,,Mon,Tue,Wed,Thu,Fri
13:18:51,151,Sheridan,,Sat
18:33:19,147,Outer DuSable Lake Shore Express,,Sun
17:14:52,147,Outer DuSable Lake Shore Express,,Sat
17:30:42,2,Hyde Park Express,,Mon,Tue,Wed,Thu,Fri
15:11:50,146,Inner Lake Shore/Michigan Express,,Sun
13:27:21,151,Sheridan,,Sat
16:09:08,151,Sheridan,,Sat
17:35:27,3,King Drive,,Mon,Tue,Wed,Thu,Fri
21:14:52,147,Outer DuSable Lake Shore Express,,Mon,Tue,Wed,Thu,Fri
16:48:02,147,Outer DuSable Lake Shore Express,,Mon,Tue,Wed,Thu,Fri
19:49:37,3,King Drive,,Sat
13:43:20,146,Inner Lake Shore/Michigan Express,,Mon,Tue,Wed,Thu,Fri
00:53:10,151,Sheridan,,Mon
08:54:00,157,Streeterville/Taylor,,Mon,Tue,Wed,Thu,Fri
07:02:10,151,Sheridan,,Sat
07:53:51,3,King Drive,,Mon,Tue,Wed,Thu,Fri
05:33:41,3,King Drive,,Mon,Tue,Wed,Thu,Fri
20:42:31,151,Sheridan,,Mon,Tue,Wed,Thu,Fri
15:51:27,3,King Drive,,Sat
15:36:08,151,Sheridan,,Sat
13:00:51,151,Sheridan,,Sat
12:23:27,146,Inner Lake Shore/Michigan Express,,Mon,Tue,Wed,Thu,Fri
15:08:02,3,King Drive,,Mon,Tue,Wed,Thu,Fri
07:02:45,151,Sheridan,,Mon,Tue,Wed,Thu,Fri
09:16:08,146,Inner Lake Shore/Michigan Express,,Sun
09:51:01,151,Sheridan,,Mon,Tue,Wed,Thu,Fri
23:43:23,151,Sheridan,,Mon,Tue,Wed,Thu,Fri
12:24:59,147,Outer DuSable Lake Shore Express,,Sat
21:19:02,3,King Drive,,Sat
09:18:00,157,Streeterville/Taylor,,Mon,Tue,Wed,Thu,Fri
05:42:41,3,King Drive,,Mon,Tue,Wed,Thu,Fri
20:13:37,3,King Drive,,Sat
21:12:57,151,Sheridan,,Mon,Tue,Wed,Thu,Fri
18:01:00,151,Sheridan,,Sat
18:33:30,2,Hyde Park Express,,Mon,Tue,Wed,Thu,Fri
22:57:15,146,Inner Lake Shore/Michigan Express,,Sun
07:06:16,3,King Drive,,Mon,Tue,Wed,Thu,Fri
17:40:07,3,King Drive,,Sun
15:01:20,146,Inner Lake Shore/Michigan Express,,Sun
23:44:41,3,King Drive,,Mon,Tue,Wed,Thu,Fri
17:57:27,3,King Drive,,Mon,Tue,Wed,Thu,Fri
14:52:20,146,Inner Lake Shore/Michigan Express,,Sun
07:19:15,151,Sheridan,,Sat
20:00:17,151,Sheridan,,Sat
20:10:57,146,Inner Lake Shore/Michigan Express,,Sat
02:43:40,66,Chicago,,Sun
19:00:47,151,Sheridan,,Sat
19:00:47,151,Sheridan,,Sat
10:28:51,3,King Drive,,Sun
11:52:39,151,Sheridan,,Sat
20:38:37,3,King Drive,,Sat
14:41:22,3,King Drive,,Sat
13:46:38,26,South Shore Express,,Mon,Tue,Wed,Thu,Fri
15:51:39,146,Inner Lake Shore/Michigan Express,,Sat
17:30:22,147,Outer DuSable Lake Shore Express,,Mon,Tue,Wed,Thu,Fri
06:04:49,147,Outer DuSable Lake Shore Express,,Mon,Tue,Wed,Thu,Fri
07:45:52,146,Inner Lake Shore/Michigan Express,,Mon,Tue,Wed,Thu,Fri
19:38:56,3,King Drive,,Sun
15:40:42,147,Outer DuSable Lake Shore Express,,Sun
09:39:49,157,Streeterville/Taylor,,Mon,Tue,Wed,Thu,Fri
09:42:32,147,Outer DuSable Lake Shore Express,,Sat
09:09:45,151,Sheridan,,Sun
10:57:01,151,Sheridan,,Mon,Tue,Wed,Thu,Fri
13:32:48,146,Inner Lake Shore/Michigan Express,,Sat
17:27:29,147,Outer DuSable Lake Shore Express,,Sat
13:07:34,146,Inner Lake Shore/Michigan Express,,Sat
23:03:16,147,Outer DuSable Lake Shore Express,,Mon,Tue,Wed,Thu,Fri
07:35:15,151,Sheridan,,Sat
17:44:34,151,Sheridan,,Sat
17:32:02,146,Inner Lake Shore/Michigan Express,,Sat
17:55:45,147,Outer DuSable Lake Shore Express,,Sat
13:22:13,146,Inner Lake Shore/Michigan Express,,Sun
07:34:08,146,Inner Lake Shore/Michigan Express,,Sat
21:02:06,147,Outer DuSable Lake Shore Express,,Sat
17:20:55,151,Sheridan,,Mon,Tue,Wed,Thu,Fri
16:50:39,151,Sheridan,,Sun
13:45:32,3,King Drive,,Sun
14:19:42,26,South Shore Express,,Mon,Tue,Wed,Thu,Fri
20:26:49,147,Outer DuSable Lake Shore Express,,Sat
06:01:36,151,Sheridan,,Sat
22:04:46,147,Outer DuSable Lake Shore Express,,Mon,Tue,Wed,Thu,Fri
23:21:35,151,Sheridan,,Sat
18:49:56,147,Outer DuSable Lake Shore Express,,Mon,Tue,Wed,Thu,Fri
12:43:51,151,Sheridan,,Sat
16:30:29,147,Outer DuSable Lake Shore Express,,Sat
16:04:38,157,Streeterville/Taylor,,Mon,Tue,Wed,Thu,Fri
20:19:57,146,Inner Lake Shore/Michigan Express,,Sat
18:42:17,151,Sheridan,,Sat
19:21:12,147,Outer DuSable Lake Shore Express,,Mon,Tue,Wed,Thu,Fri
15:26:39,146,Inner Lake Shore/Michigan Express,,Sat
22:54:13,146,Inner Lake Shore/Michigan Express,,Sat
09:16:31,26,South Shore Express,,Mon,Tue,Wed,Thu,Fri
08:21:45,151,Sheridan,,Sat
14:19:32,3,King Drive,,Sun
07:42:23,151,Sheridan,,Mon,Tue,Wed,Thu,Fri
13:40:02,147,Outer DuSable Lake Shore Express,,Sat
21:18:21,3,King Drive,,Mon,Tue,Wed,Thu,Fri
19:40:47,151,Sheridan,,Sat
12:59:59,146,Inner Lake Shore/Michigan Express,,Sun
17:57:27,3,King Drive,,Mon,Tue,Wed,Thu,Fri
08:58:16,3,King Drive,,Sun
10:40:51,3,King Drive,,Sun
14:30:32,3,King Drive,,Sun
18:51:35,151,Sheridan,,Sun
12:46:01,151,Sheridan,,Sun
19:27:42,3,King Drive,,Sat
08:35:27,151,Sheridan,,Mon,Tue,Wed,Thu,Fri
11:01:22,146,Inner Lake Shore/Michigan Express,,Sat
08:51:26,3,King Drive,,Mon,Tue,Wed,Thu,Fri
20:10:34,146,Inner Lake Shore/Michigan Express,,Mon,Tue,Wed,Thu,Fri
18:44:48,146,Inner Lake Shore/Michigan Express,,Mon,Tue,Wed,Thu,Fri
18:33:51,151,Sheridan,,Sat
17:27:29,147,Outer DuSable Lake Shore Express,,Sat
08:24:29,146,Inner Lake Shore/Michigan Express,,Mon,Tue,Wed,Thu,Fri
16:54:05,143,Stockton/Michigan Express,,Mon,Tue,Wed,Thu,Fri
17:23:27,3,King Drive,,Sat
20:20:36,147,Outer DuSable Lake Shore Express,,Mon,Tue,Wed,Thu,Fri
14:48:42,147,Outer DuSable Lake Shore Express,,Mon,Tue,Wed,Thu,Fri
16:06:29,147,Outer DuSable Lake Shore Express,,Sat
17:40:30,151,Sheridan,,Mon,Tue,Wed,Thu,Fri
08:41:00,157,Streeterville/Taylor,,Mon,Tue,Wed,Thu,Fri
09:48:01,26,South Shore Express,,Mon,Tue,Wed,Thu,Fri
18:05:50,2,Hyde Park Express,,Mon,Tue,Wed,Thu,Fri
07:27:27,26,South Shore Express,,Mon,Tue,Wed,Thu,Fri
15:20:08,151,Sheridan,,Sat
15:50:07,3,King Drive,,Sun
16:31:55,146,Inner Lake Shore/Michigan Express,,Mon,Tue,Wed,Thu,Fri
20:25:37,3,King Drive,,Sat
15:28:18,148,Clarendon/Michigan Express,,Mon,Tue,Wed,Thu,Fri
11:41:01,26,South Shore Express,,Mon,Tue,Wed,Thu,Fri
10:28:51,3,King Drive,,Sun
05:19:45,26,South Shore Express,,Mon,Tue,Wed,Thu,Fri
23:39:15,146,Inner Lake Shore/Michigan Express,,Mon,Tue,Wed,Thu,Fri
18:23:32,3,King Drive,,Sun
16:52:12,2,Hyde Park Express,,Mon,Tue,Wed,Thu,Fri
18:56:19,147,Outer DuSable Lake Shore Express,,Mon,Tue,Wed,Thu,Fri
13:22:32,3,King Drive,,Sun
16:05:47,3,King Drive,,Mon,Tue,Wed,Thu,Fri
20:21:29,146,Inner Lake Shore/Michigan Express,,Sun
13:11:06,146,Inner Lake Shore/Michigan Express,,Sun
18:22:46,146,Inner Lake Shore/Michigan Express,,Mon,Tue,Wed,Thu,Fri
19:54:36,147,Outer DuSable Lake Shore Express,,Mon,Tue,Wed,Thu,Fri
12:27:01,26,South Shore Express,,Mon,Tue,Wed,Thu,Fri
19:49:02,3,King Drive,,Mon,Tue,Wed,Thu,Fri
19:05:12,3,King Drive,,Sat
18:15:57,146,Inner Lake Shore/Michigan Express,,Sun
09:13:19,147,Outer DuSable Lake Shore Express,,Sun
15:31:39,151,Sheridan,,Sun
15:31:47,151,Sheridan,,Mon,Tue,Wed,Thu,Fri
16:25:38,151,Sheridan,,Sat
14:57:27,3,King Drive,,Sat
07:54:38,146,Inner Lake Shore/Michigan Express,,Sun
12:22:39,151,Sheridan,,Mon,Tue,Wed,Thu,Fri
12:11:01,26,South Shore Express,,Mon,Tue,Wed,Thu,Fri
14:24:30,151,Sheridan,,Sat
12:15:20,146,Inner Lake Shore/Michigan Express,,Sat
08:34:46,3,King Drive,,Sat
23:42:46,147,Outer DuSable Lake Shore Express,,Sat
07:28:53,151,Sheridan,,Mon,Tue,Wed,Thu,Fri
17:44:34,151,Sheridan,,Sat
18:32:32,3,King Drive,,Sun
17:47:16,148,Clarendon/Michigan Express,,Mon,Tue,Wed,Thu,Fri
20:13:37,3,King Drive,,Sat
23:54:38,146,Inner Lake Shore/Michigan Express,,Sun
13:33:20,146,Inner Lake Shore/Michigan Express,,Mon,Tue,Wed,Thu,Fri
20:17:49,147,Outer DuSable Lake Shore Express,,Sat
19:40:47,151,Sheridan,,Sat
15:07:42,147,Outer DuSable Lake Shore Express,,Sun
07:53:08,146,Inner Lake Shore/Michigan Express,,Sat
11:35:56,3,King Drive,,Mon,Tue,Wed,Thu,Fri
12:54:46,147,Outer DuSable Lake Shore Express,,Sun
14:23:42,147,Outer DuSable Lake Shore Express,,Sun
16:54:27,3,King Drive,,Sat
13:56:48,146,Inner Lake Shore/Michigan Express,,Sat
15:58:19,147,Outer DuSable Lake Shore Express,,Mon,Tue,Wed,Thu,Fri
16:38:29,147,Outer DuSable Lake Shore Express,,Sat
17:07:02,146,Inner Lake Shore/Michigan Express,,Sat
12:12:50,146,Inner Lake Shore/Michigan Express,,Mon,Tue,Wed,Thu,Fri
09:32:27,151,Sheridan,,Mon,Tue,Wed,Thu,Fri
22:24:09,147,Outer DuSable Lake Shore Express,,Sun
18:27:48,148,Clarendon/Michigan Express,,Mon,Tue,Wed,Thu,Fri
18:33:51,151,Sheridan,,Sat
08:20:19,2,Hyde Park Express,,Mon,Tue,Wed,Thu,Fri
19:20:47,151,Sheridan,,Sat
20:33:30,157,Streeterville/Taylor,,Mon,Tue,Wed,Thu,Fri
10:36:59,146,Inner Lake Shore/Michigan Express,,Sun
23:06:35,151,Sheridan,,Sat
18:34:32,147,Outer DuSable Lake Shore Express,,Mon,Tue,Wed,Thu,Fri
09:48:15,146,Inner Lake Shore/Michigan Express,,Sat
07:45:52,146,Inner Lake Shore/Michigan Express,,Mon,Tue,Wed,Thu,Fri
11:47:46,147,Outer DuSable Lake Shore Express,,Sun
19:50:57,146,Inner Lake Shore/Michigan Express,,Mon,Tue,Wed,Thu,Fri
16:28:45,143,Stockton/Michigan Express,,Mon,Tue,Wed,Thu,Fri
19:10:47,151,Sheridan,,Sat
10:27:22,146,Inner Lake Shore/Michigan Express,,Sat
08:37:08,146,Inner Lake Shore/Michigan Express,,Sun
07:36:56,147,Outer DuSable Lake Shore Express,,Sun
18:04:09,147,Outer DuSable Lake Shore Express,,Sat
18:48:30,2,Hyde Park Express,,Mon,Tue,Wed,Thu,Fri
05:53:02,151,Sheridan,,Sun
18:55:09,157,Streeterville/Taylor,,Mon,Tue,Wed,Thu,Fri
18:23:19,147,Outer DuSable Lake Shore Express,,Sun
07:17:45,146,Inner Lake Shore/Michigan Express,,Mon,Tue,Wed,Thu,Fri
19:14:00,157,Streeterville/Taylor,,Mon,Tue,Wed,Thu,Fri
09:10:15,146,Inner Lake Shore/Michigan Express,,Sat
11:11:31,26,South Shore Express,,Mon,Tue,Wed,Thu,Fri
16:01:09,151,Sheridan,,Sun
19:40:02,3,King Drive,,Mon,Tue,Wed,Thu,Fri
21:51:09,151,Sheridan,,Sat
12:14:57,151,Sheridan,,Sun
13:03:37,3,King Drive,,Sat
11:04:59,147,Outer DuSable Lake Shore Express,,Sat
11:02:31,151,Sheridan,,Sat
12:38:20,146,Inner Lake Shore/Michigan Express,,Sat
15:21:39,151,Sheridan,,Sun
15:05:37,3,King Drive,,Sun
08:48:46,3,King Drive,,Sat
15:51:58,157,Streeterville/Taylor,,Mon,Tue,Wed,Thu,Fri
11:51:29,146,Inner Lake Shore/Michigan Express,,Sun
19:56:34,146,Inner Lake Shore/Michigan Express,,Mon,Tue,Wed,Thu,Fri
18:06:29,143,Stockton/Michigan Express,,Mon,Tue,Wed,Thu,Fri
11:58:52,147,Outer DuSable Lake Shore Express,,Sun
09:52:56,3,King Drive,,Mon,Tue,Wed,Thu,Fri
16:55:39,147,Outer DuSable Lake Shore Express,,Mon,Tue,Wed,Thu,Fri
08:48:01,2,Hyde Park Express,,Mon,Tue,Wed,Thu,Fri
14:34:20,146,Inner Lake Shore/Michigan Express,,Sun
08:00:01,2,Hyde Park Express,,Mon,Tue,Wed,Thu,Fri
13:56:48,146,Inner Lake Shore/Michigan Express,,Sat
15:52:08,151,Sheridan,,Sat
21:18:21,3,King Drive,,Mon,Tue,Wed,Thu,Fri
07:34:41,3,King Drive,,Sun
13:39:06,147,Outer DuSable Lake Shore Express,,Mon,Tue,Wed,Thu,Fri
18:48:43,146,Inner Lake Shore/Michigan Express,,Sun
16:14:29,147,Outer DuSable Lake Shore Express,,Sat
14:58:29,147,Outer DuSable Lake Shore Express,,Sat
21:06:39,151,Sheridan,,Sat
22:52:29,146,Inner Lake Shore/Michigan Express,,Mon,Tue,Wed,Thu,Fri
15:31:47,151,Sheridan,,Mon,Tue,Wed,Thu,Fri
19:32:39,151,Sheridan,,Mon,Tue,Wed,Thu,Fri
11:47:22,147,Outer DuSable Lake Shore Express,,Mon,Tue,Wed,Thu,Fri
19:11:11,146,Inner Lake Shore/Michigan Express,,Mon,Tue,Wed,Thu,Fri
22:06:09,151,Sheridan,,Sat
12:19:56,3,King Drive,,Mon,Tue,Wed,Thu,Fri
18:21:12,3,King Drive,,Sat
06:44:23,26,South Shore Express,,Mon,Tue,Wed,Thu,Fri
17:25:55,151,Sheridan,,Mon,Tue,Wed,Thu,Fri
22:21:35,151,Sheridan,,Sat
19:11:26,147,Outer DuSable Lake Shore Express,,Sat
17:02:27,3,King Drive,,Mon,Tue,Wed,Thu,Fri
08:54:27,151,Sheridan,,Mon,Tue,Wed,Thu,Fri
07:16:40,151,Sheridan,,Sun
18:08:27,3,King Drive,,Mon,Tue,Wed,Thu,Fri
13:48:48,146,Inner Lake Shore/Michigan Express,,Sat
24:07:27,151,Sheridan,,Sat
15:46:48,146,Inner Lake Shore/Michigan Express,,Mon,Tue,Wed,Thu,Fri
14:23:58,157,Streeterville/Taylor,,Mon,Tue,Wed,Thu,Fri
09:34:26,3,King Drive,,Mon,Tue,Wed,Thu,Fri
12:46:32,3,King Drive,,Sun
19:04:41,146,Inner Lake Shore/Michigan Express,,Mon,Tue,Wed,Thu,Fri
11:48:49,157,Streeterville/Taylor,,Mon,Tue,Wed,Thu,Fri
14:34:20,146,Inner Lake Shore/Michigan Express,,Mon,Tue,Wed,Thu,Fri
07:58:31,26,South Shore Express,,Mon,Tue,Wed,Thu,Fri
02:43:54,66,Chicago,,Mon
16:36:27,3,King Drive,,Sat
23:22:46,147,Outer DuSable Lake Shore Express,,Sat
17:50:39,151,Sheridan,,Sun
08:16:56,147,Outer DuSable Lake Shore Express,,Sun
23:43:16,147,Outer DuSable Lake Shore Express,,Mon,Tue,Wed,Thu,Fri
17:20:52,147,Outer DuSable Lake Shore Express,,Sat
15:27:58,157,Streeterville/Taylor,,Mon,Tue,Wed,Thu,Fri
12:21:22,147,Outer DuSable Lake Shore Express,,Sun
15:21:27,146,Inner Lake Shore/Michigan Express,,Sun
21:37:09,151,Sheridan,,Sat
17:03:27,3,King Drive,,Sat
16:24:56,147,Outer DuSable Lake Shore Express,,Mon,Tue,Wed,Thu,Fri
15:31:39,151,Sheridan,,Sun
16:55:39,147,Outer DuSable Lake Shore Express,,Mon,Tue,Wed,Thu,Fri
14:52:20,146,Inner Lake Shore/Michigan Express,,Sun
09:37:46,3,King Drive,,Sat
22:32:46,3,King Drive,,Sun
16:51:02,146,Inner Lake Shore/Michigan Express,,Mon,Tue,Wed,Thu,Fri
17:39:25,143,Stockton/Michigan Express,,Mon,Tue,Wed,Thu,Fri
13:06:32,3,King Drive,,Mon,Tue,Wed,Thu,Fri
14:25:20,146,Inner Lake Shore/Michigan Express,,Sun
15:40:59,147,Outer DuSable Lake Shore Express,,Sat
15:51:39,151,Sheridan,,Sun
17:54:39,146,Inner Lake Shore/Michigan Express,,Sat
15:36:18,146,Inner Lake Shore/Michigan Express,,Mon,Tue,Wed,Thu,Fri
16:13:45,143,Stockton/Michigan Express,,Mon,Tue,Wed,Thu,Fri
11:57:56,3,King Drive,,Mon,Tue,Wed,Thu,Fri
21:30:56,3,King Drive,,Sat
05:11:36,151,Sheridan,,Mon,Tue,Wed,Thu,Fri
17:38:52,147,Outer DuSable Lake Shore Express,,Mon,Tue,Wed,Thu,Fri
07:45:16,3,King Drive,,Mon,Tue,Wed,Thu,Fri
06:40:49,147,Outer DuSable Lake Shore Express,,Sat
15:22:19,147,Outer DuSable Lake Shore Express,,Mon,Tue,Wed,Thu,Fri
08:39:26,3,King Drive,,Mon,Tue,Wed,Thu,Fri
15:41:02,3,King Drive,,Mon,Tue,Wed,Thu,Fri
08:05:39,147,Outer DuSable Lake Shore Express,,Mon,Tue,Wed,Thu,Fri
23:58:11,3,King Drive,,Sat
16:49:48,148,Clarendon/Michigan Express,,Mon,Tue,Wed,Thu,Fri
14:45:42,147,Outer DuSable Lake Shore Express,,Sun
13:09:51,151,Sheridan,,Sat
16:07:18,148,Clarendon/Michigan Express,,Mon,Tue,Wed,Thu,Fri
16:00:27,3,King Drive,,Sat
12:04:27,151,Sheridan,,Sun
16:00:08,151,Sheridan,,Sat
11:43:57,151,Sheridan,,Sun
22:21:35,151,Sheridan,,Sat
10:17:29,146,Inner Lake Shore/Michigan Express,,Mon,Tue,Wed,Thu,Fri
17:06:39,146,Inner Lake Shore/Michigan Express,,Mon,Tue,Wed,Thu,Fri
11:46:05,151,Sheridan,,Mon,Tue,Wed,Thu,Fri
09:21:29,146,Inner Lake Shore/Michigan Express,,Mon,Tue,Wed,Thu,Fri
13:49:12,3,King Drive,,Sat
16:28:45,143,Stockton/Michigan Express,,Mon,Tue,Wed,Thu,Fri
18:30:27,3,King Drive,,Mon,Tue,Wed,Thu,Fri
19:52:19,147,Outer DuSable Lake Shore Express,,Sat
18:02:15,147,Outer DuSable Lake Shore Express,,Mon,Tue,Wed,Thu,Fri
23:58:11,3,King Drive,,Sat
09:10:32,147,Outer DuSable Lake Shore Express,,Sat
08:41:45,151,Sheridan,,Sun
20:41:50,146,Inner Lake Shore/Michigan Express,,Mon,Tue,Wed,Thu,Fri
11:19:26,3,King Drive,,Sun
23:30:36,3,King Drive,,Sun
21:57:57,151,Sheridan,,Mon,Tue,Wed,Thu,Fri
11:33:29,146,Inner Lake Shore/Michigan Express,,Sun
18:28:09,146,Inner Lake Shore/Michigan Express,,Mon,Tue,Wed,Thu,Fri
17:10:55,151,Sheridan,,Mon,Tue,Wed,Thu,Fri
23:15:38,146,Inner Lake Shore/Michigan Express,,Sun
16:30:55,151,Sheridan,,Mon,Tue,Wed,Thu,Fri
06:55:23,26,South Shore Express,,Mon,Tue,Wed,Thu,Fri
07:14:41,3,King Drive,,Sun
16:41:11,148,Clarendon/Michigan Express,,Mon,Tue,Wed,Thu,Fri
07:13:46,3,King Drive,,Mon,Tue,Wed,Thu,Fri
20:38:36,147,Outer DuSable Lake Shore Express,,Mon,Tue,Wed,Thu,Fri
22:09:57,146,Inner Lake Shore/Michigan Express,,Sat
20:49:57,146,Inner Lake Shore/Michigan Express,,Sat
14:34:42,147,Outer DuSable Lake Shore Express,,Sun
03:13:54,66,Chicago,,Sun
17:53:57,3,King Drive,,Sat
06:45:45,151,Sheridan,,Mon,Tue,Wed,Thu,Fri
05:59:13,147,Outer DuSable Lake Shore Express,,Sat
20:25:02,3,King Drive,,Mon,Tue,Wed,Thu,Fri
20:14:52,147,Outer DuSable Lake Shore Express,,Sun
19:36:57,146,Inner Lake Shore/Michigan Express,,Mon,Tue,Wed,Thu,Fri
09:44:23,151,Sheridan,,Sat
20:00:49,147,Outer DuSable Lake Shore Express,,Sat
07:31:52,146,Inner Lake Shore/Michigan Express,,Mon,Tue,Wed,Thu,Fri
18:47:02,143,Stockton/Michigan Express,,Mon,Tue,Wed,Thu,Fri
07:32:10,157,Streeterville/Taylor,,Mon,Tue,Wed,Thu,Fri
19:35:35,151,Sheridan,,Sun
12:26:50,146,Inner Lake Shore/Michigan Express,,Sat
08:21:26,147,Outer DuSable Lake Shore Express,,Sat
21:15:20,146,Inner Lake Shore/Michigan Express,,Mon,Tue,Wed,Thu,Fri
18:19:27,3,King Drive,,Mon,Tue,Wed,Thu,Fri
13:27:46,147,Outer DuSable Lake Shore Express,,Sun
17:10:39,146,Inner Lake Shore/Michigan Express,,Mon,Tue,Wed,Thu,Fri
21:06:37,3,King Drive,,Sat
16:14:29,147,Outer DuSable Lake Shore Express,,Sat
11:59:32,3,King Drive,,Sat
15:29:42,147,Outer DuSable Lake Shore Express,,Sun
18:02:09,146,Inner Lake Shore/Michigan Express,,Sat
14:56:42,147,Outer DuSable Lake Shore Express,,Sun
17:43:27,3,King Drive,,Sat
10:12:53,151,Sheridan,,Sun
12:33:32,3,King Drive,,Mon,Tue,Wed,Thu,Fri
19:05:19,147,Outer DuSable Lake Shore Express,,Mon,Tue,Wed,Thu,Fri
01:29:10,151,Sheridan,,Sun
14:53:02,3,King Drive,,Sun
11:01:09,147,Outer DuSable Lake Shore Express,,Sun
16:21:09,151,Sheridan,,Sun
12:26:17,151,Sheridan,,Sat
10:28:36,146,Inner Lake Shore/Michigan Express,,Mon,Tue,Wed,Thu,Fri
18:10:12,3,King Drive,,Sat
23:09:06,146,Inner Lake Shore/Michigan Express,,Sat
08:24:29,146,Inner Lake Shore/Michigan Express,,Mon,Tue,Wed,Thu,Fri
21:11:59,147,Outer DuSable Lake Shore Express,,Sat
08:27:01,26,South Shore Express,,Mon,Tue,Wed,Thu,Fri
18:33:32,146,Inner Lake Shore/Michigan Express,,Mon,Tue,Wed,Thu,Fri
06:50:38,146,Inner Lake Shore/Michigan Express,,Mon,Tue,Wed,Thu,Fri
15:40:42,147,Outer DuSable Lake Shore Express,,Sun
09:36:19,151,Sheridan,,Sun
15:04:08,151,Sheridan,,Sat
19:03:04,146,Inner Lake Shore/Michigan Express,,Sat
16:56:07,3,King Drive,,Sun
14:49:39,151,Sheridan,,Sun
10:12:53,151,Sheridan,,Sun
10:24:01,151,Sheridan,,Mon,Tue,Wed,Thu,Fri
17:05:12,151,Sheridan,,Sat
20:44:29,146,Inner Lake Shore/Michigan Express,,Sun
09:10:32,147,Outer DuSable Lake Shore Express,,Sat
08:26:45,151,Sheridan,,Sun
13:31:12,3,King Drive,,Sat
20:07:02,3,King Drive,,Mon,Tue,Wed,Thu,Fri
16:49:38,151,Sheridan,,Sat
18:10:55,151,Sheridan,,Mon,Tue,Wed,Thu,Fri
16:11:21,151,Sheridan,,Mon,Tue,Wed,Thu,Fri
14:34:13,151,Sheridan,,Mon,Tue,Wed,Thu,Fri
16:34:07,3,King Drive,,Sun
22:52:46,3,King Drive,,Sun
14:23:58,157,Streeterville/Taylor,,Mon,Tue,Wed,Thu,Fri
18:29:22,147,Outer DuSable Lake Shore Express,,Sat
11:44:35,151,Sheridan,,Sat
10:57:46,147,Outer DuSable Lake Shore Express,,Mon,Tue,Wed,Thu,Fri
16:44:19,147,Outer DuSable Lake Shore Express,,Sun
16:12:07,3,King Drive,,Sun
13:52:51,151,Sheridan,,Sat
13:58:39,151,Sheridan,,Mon,Tue,Wed,Thu,Fri
20:29:27,151,Sheridan,,Sun
12:51:51,151,Sheridan,,Sat
05:51:19,26,South Shore Express,,Mon,Tue,Wed,Thu,Fri
18:39:25,146,Inner Lake Shore/Michigan Express,,Mon,Tue,Wed,Thu,Fri
06:58:46,3,King Drive,,Mon,Tue,Wed,Thu,Fri
16:40:27,3,King Drive,,Mon,Tue,Wed,Thu,Fri
12:35:32,3,King Drive,,Sat
06:19:19,26,South Shore Express,,Mon,Tue,Wed,Thu,Fri
20:50:26,3,King Drive,,Mon,Tue,Wed,Thu,Fri
11:46:56,3,King Drive,,Mon,Tue,Wed,Thu,Fri
19:47:35,151,Sheridan,,Sun
08:35:45,151,Sheridan,,Sat
14:12:32,3,King Drive,,Mon,Tue,Wed,Thu,Fri
18:01:17,3,King Drive,,Sat
01:09:40,151,Sheridan,,Mon
09:34:26,3,King Drive,,Mon,Tue,Wed,Thu,Fri
23:28:41,3,King Drive,,Mon,Tue,Wed,Thu,Fri
14:41:32,3,King Drive,,Sun
12:41:12,147,Outer DuSable Lake Shore Express,,Sat
16:22:29,147,Outer DuSable Lake Shore Express,,Sat
17:05:55,151,Sheridan,,Mon,Tue,Wed,Thu,Fri
16:30:55,151,Sheridan,,Mon,Tue,Wed,Thu,Fri
17:58:15,147,Outer DuSable Lake Shore Express,,Mon,Tue,Wed,Thu,Fri
15:34:39,146,Inner Lake Shore/Michigan Express,,Sat
15:36:08,151,Sheridan,,Sat
16:33:09,146,Inner Lake Shore/Michigan Express,,Sat
11:31:52,147,Outer DuSable Lake Shore Express,,Mon,Tue,Wed,Thu,Fri
14:10:13,151,Sheridan,,Mon,Tue,Wed,Thu,Fri
18:10:12,3,King Drive,,Sat
17:18:42,2,Hyde Park Express,,Mon,Tue,Wed,Thu,Fri
20:44:19,147,Outer DuSable Lake Shore Express,,Sat
08:41:19,2,Hyde Park Express,,Mon,Tue,Wed,Thu,Fri
09:50:51,3,King Drive,,Sat
00:53:10,151,Sheridan,,Mon
10:14:32,147,Outer DuSable Lake Shore Express,,Sat
22:38:29,146,Inner Lake Shore/Michigan Express,,Mon,Tue,Wed,Thu,Fri
20:10:13,151,Sheridan,,Sat
16:38:29,147,Outer DuSable Lake Shore Express,,Sat
11:02:31,151,Sheridan,,Sat
17:54:05,157,Streeterville/Taylor,,Mon,Tue,Wed,Thu,Fri
11:20:59,147,Outer DuSable Lake Shore Express,,Sat
18:22:06,157,Streeterville/Taylor,,Mon,Tue,Wed,Thu,Fri
17:09:27,146,Inner Lake Shore/Michigan Express,,Sun
11:30:32,3,King Drive,,Sat
06:43:40,151,Sheridan,,Sat
13:06:35,151,Sheridan,,Sun
20:12:36,147,Outer DuSable Lake Shore Express,,Mon,Tue,Wed,Thu,Fri
18:00:39,151,Sheridan,,Sun
14:39:35,151,Sheridan,,Sun
17:20:39,151,Sheridan,,Sun
16:01:42,147,Outer DuSable Lake Shore Express,,Sun
10:17:56,3,King Drive,,Sat
16:41:16,146,Inner Lake Shore/Michigan Express,,Sat
10:13:01,151,Sheridan,,Mon,Tue,Wed,Thu,Fri
20:10:57,146,Inner Lake Shore/Michigan Express,,Sat
00:39:49,151,Sheridan,,Sun
11:55:26,3,King Drive,,Sun
12:35:57,151,Sheridan,,Sun
17:39:02,146,Inner Lake Shore/Michigan Express,,Sat
20:06:16,3,King Drive,,Sun
11:58:09,151,Sheridan,,Mon,Tue,Wed,Thu,Fri
19:05:12,3,King Drive,,Sat
17:55:10,2,Hyde Park Express,,Mon,Tue,Wed,Thu,Fri
07:02:10,151,Sheridan,,Sat
21:13:30,157,Streeterville/Taylor,,Mon,Tue,Wed,Thu,Fri
21:31:59,147,Outer DuSable Lake Shore Express,,Sat
20:10:34,146,Inner Lake Shore/Michigan Express,,Mon,Tue,Wed,Thu,Fri
18:40:39,151,Sheridan,,Sun
16:49:38,151,Sheridan,,Sat
09:33:53,151,Sheridan,,Sat
19:31:59,146,Inner Lake Shore/Michigan Express,,Sun
13:27:05,151,Sheridan,,Sun
07:58:31,26,South Shore Express,,Mon,Tue,Wed,Thu,Fri
21:34:22,147,Outer DuSable Lake Shore Express,,Mon,Tue,Wed,Thu,Fri
06:45:45,151,Sheridan,,Mon,Tue,Wed,Thu,Fri
09:23:19,151,Sheridan,,Sun
07:33:26,147,Outer DuSable Lake Shore Express,,Sat
19:05:19,147,Outer DuSable Lake Shore Express,,Mon,Tue,Wed,Thu,Fri
13:39:32,3,King Drive,,Mon,Tue,Wed,Thu,Fri
12:43:46,147,Outer DuSable Lake Shore Express,,Sun
21:29:21,3,King Drive,,Mon,Tue,Wed,Thu,Fri
18:17:23,146,Inner Lake Shore/Michigan Express,,Mon,Tue,Wed,Thu,Fri
10:15:45,146,Inner Lake Shore/Michigan Express,,Sun
06:16:11,3,King Drive,,Mon,Tue,Wed,Thu,Fri
20:53:30,157,Streeterville/Taylor,,Mon,Tue,Wed,Thu,Fri
18:00:39,151,Sheridan,,Sun
14:38:28,157,Streeterville/Taylor,,Mon,Tue,Wed,Thu,Fri
10:50:23,151,Sheridan,,Sun
17:43:27,3,King Drive,,Sat
20:32:29,146,Inner Lake Shore/Michigan Express,,Sun
14:12:42,147,Outer DuSable Lake Shore Express,,Sun
16:42:27,146,Inner Lake Shore/Michigan Express,,Sun
16:55:02,146,Inner Lake Shore/Michigan Express,,Mon,Tue,Wed,Thu,Fri
16:17:38,151,Sheridan,,Sat
21:54:57,146,Inner Lake Shore/Michigan Express,,Sat
16:50:39,151,Sheridan,,Sun
18:47:02,143,Stockton/Michigan Express,,Mon,Tue,Wed,Thu,Fri
22:29:16,147,Outer DuSable Lake Shore Express,,Mon,Tue,Wed,Thu,Fri
21:42:57,151,Sheridan,,Mon,Tue,Wed,Thu,Fri
11:55:26,3,King Drive,,Sun
10:13:01,151,Sheridan,,Mon,Tue,Wed,Thu,Fri
12:09:52,147,Outer DuSable Lake Shore Express,,Sun
17:47:52,147,Outer DuSable Lake Shore Express,,Mon,Tue,Wed,Thu,Fri
06:36:37,2,Hyde Park Express,,Mon,Tue,Wed,Thu,Fri
12:58:32,3,King Drive,,Sun
08:16:16,3,King Drive,,Sat
14:12:42,147,Outer DuSable Lake Shore Express,,Sun
12:34:32,3,King Drive,,Sun
16:30:29,147,Outer DuSable Lake Shore Express,,Sat
11:51:43,146,Inner Lake Shore/Michigan Express,,Mon,Tue,Wed,Thu,Fri
11:56:01,26,South Shore Express,,Mon,Tue,Wed,Thu,Fri
15:59:39,146,Inner Lake Shore/Michigan Express,,Sat
15:28:08,151,Sheridan,,Sat
10:30:56,3,King Drive,,Mon,Tue,Wed,Thu,Fri
17:07:41,2,Hyde Park Express,,Mon,Tue,Wed,Thu,Fri
22:39:50,146,Inner Lake Shore/Michigan Express,,Sat
09:48:01,26,South Shore Express,,Mon,Tue,Wed,Thu,Fri
18:33:32,146,Inner Lake Shore/Michigan Express,,Mon,Tue,Wed,Thu,Fri
11:33:57,151,Sheridan,,Sun
20:18:04,146,Inner Lake Shore/Michigan Express,,Mon,Tue,Wed,Thu,Fri
06:54:46,3,King Drive,,Sat
12:35:17,151,Sheridan,,Sat
09:00:01,2,Hyde Park Express,,Mon,Tue,Wed,Thu,Fri
11:15:52,147,Outer DuSable Lake Shore Express,,Mon,Tue,Wed,Thu,Fri
12:48:06,147,Outer DuSable Lake Shore Express,,Mon,Tue,Wed,Thu,Fri
16:15:27,146,Inner Lake Shore/Michigan Express,,Sun
12:35:32,3,King Drive,,Sat
07:50:49,151,Sheridan,,Sat
01:19:40,151,Sheridan,,Tue,Wed,Thu,Fri,Sat
23:37:23,151,Sheridan,,Sun
01:14:07,66,Chicago,,Sun
06:05:49,26,South Shore Express,,Mon,Tue,Wed,Thu,Fri
13:18:51,151,Sheridan,,Sat
08:26:26,3,King Drive,,Mon,Tue,Wed,Thu,Fri
00:39:40,151,Sheridan,,Tue,Wed,Thu,Fri,Sat
08:16:08,146,Inner Lake Shore/Michigan Express,,Sun
21:34:16,3,King Drive,,Sun
13:13:12,3,King Drive,,Sat
15:20:08,151,Sheridan,,Sat
11:53:27,151,Sheridan,,Sun
07:15:49,151,Sheridan,,Mon,Tue,Wed,Thu,Fri
17:10:39,151,Sheridan,,Sun
17:40:45,157,Streeterville/Taylor,,Mon,Tue,Wed,Thu,Fri
08:51:15,146,Inner Lake Shore/Michigan Express,,Sat
22:00:56,3,King Drive,,Sat
17:26:39,143,Stockton/Michigan Express,,Mon,Tue,Wed,Thu,Fri
09:03:26,3,King Drive,,Mon,Tue,Wed,Thu,Fri
13:40:02,147,Outer DuSable Lake Shore Express,,Sat
13:47:05,151,Sheridan,,Sun
14:35:02,3,King Drive,,Mon,Tue,Wed,Thu,Fri
16:36:27,3,King Drive,,Sat
08:45:26,3,King Drive,,Mon,Tue,Wed,Thu,Fri
17:03:09,147,Outer DuSable Lake Shore Express,,Mon,Tue,Wed,Thu,Fri
06:55:40,151,Sheridan,,Sun
01:12:40,151,Sheridan,,Sun
11:41:02,3,King Drive,,Sat
14:56:42,147,Outer DuSable Lake Shore Express,,Sun
18:10:55,151,Sheridan,,Mon,Tue,Wed,Thu,Fri
20:01:37,3,King Drive,,Sat
16:13:19,147,Outer DuSable Lake Shore Express,,Mon,Tue,Wed,Thu,Fri
16:59:09,146,Inner Lake Shore/Michigan Express,,Sat
17:15:55,151,Sheridan,,Mon,Tue,Wed,Thu,Fri
14:12:48,146,Inner Lake Shore/Michigan Express,,Sat
11:02:56,3,King Drive,,Mon,Tue,Wed,Thu,Fri
19:46:22,147,Outer DuSable Lake Shore Express,,Sun
09:47:21,3,King Drive,,Sun
22:13:59,146,Inner Lake Shore/Michigan Express,,Mon,Tue,Wed,Thu,Fri
18:22:46,146,Inner Lake Shore/Michigan Express,,Mon,Tue,Wed,Thu,Fri
21:40:27,151,Sheridan,,Sun
16:50:55,151,Sheridan,,Mon,Tue,Wed,Thu,Fri
12:32:16,147,Outer DuSable Lake Shore Express,,Sun
12:17:59,147,Outer DuSable Lake Shore Express,,Mon,Tue,Wed,Thu,Fri
07:42:23,151,Sheridan,,Mon,Tue,Wed,Thu,Fri
17:14:45,157,Streeterville/Taylor,,Mon,Tue,Wed,Thu,Fri
16:29:27,3,King Drive,,Mon,Tue,Wed,Thu,Fri
08:19:01,26,South Shore Express,,Mon,Tue,Wed,Thu,Fri
22:46:16,147,Outer DuSable Lake Shore Express,,Sat
18:40:39,151,Sheridan,,Sun
22:39:23,151,Sheridan,,Sun
13:34:39,151,Sheridan,,Mon,Tue,Wed,Thu,Fri
21:25:22,147,Outer DuSable Lake Shore Express,,Mon,Tue,Wed,Thu,Fri
15:21:27,146,Inner Lake Shore/Michigan Express,,Sun
09:12:53,151,Sheridan,,Sat
21:34:59,146,Inner Lake Shore/Michigan Express,,Sun
23:21:52,146,Inner Lake Shore/Michigan Express,,Mon,Tue,Wed,Thu,Fri
10:57:46,147,Outer DuSable Lake Shore Express,,Mon,Tue,Wed,Thu,Fri
11:19:05,151,Sheridan,,Sat
17:54:39,146,Inner Lake Shore/Michigan Express,,Sat
14:53:42,26,South Shore Express,,Mon,Tue,Wed,Thu,Fri
19:31:59,146,Inner Lake Shore/Michigan Express,,Sun
10:54:01,151,Sheridan,,Sat
09:52:56,3,King Drive,,Mon,Tue,Wed,Thu,Fri
19:11:04,146,Inner Lake Shore/Michigan Express,,Sat
20:39:16,3,King Drive,,Sun
19:19:26,147,Outer DuSable Lake Shore Express,,Sat
17:35:27,3,King Drive,,Mon,Tue,Wed,Thu,Fri
18:50:47,151,Sheridan,,Sat
18:07:40,2,Hyde Park Express,,Mon,Tue,Wed,Thu,Fri
11:36:16,147,Outer DuSable Lake Shore Express,,Sun
21:39:57,146,Inner Lake Shore/Michigan Express,,Sat
11:18:22,146,Inner Lake Shore/Michigan Express,,Sat
18:31:47,151,Sheridan,,Mon,Tue,Wed,Thu,Fri
18:32:12,3,King Drive,,Sat
13:32:58,157,Streeterville/Taylor,,Mon,Tue,Wed,Thu,Fri
12:44:32,3,King Drive,,Sat
17:00:27,146,Inner Lake Shore/Michigan Express,,Sun
10:07:45,146,Inner Lake Shore/Michigan Express,,Sat
12:17:32,3,King Drive,,Sat
00:34:15,151,Sheridan,,Mon
12:43:27,146,Inner Lake Shore/Michigan Express,,Mon,Tue,Wed,Thu,Fri
18:13:39,147,Outer DuSable Lake Shore Express,,Mon,Tue,Wed,Thu,Fri
07:53:53,151,Sheridan,,Mon,Tue,Wed,Thu,Fri
11:01:22,146,Inner Lake Shore/Michigan Express,,Sat
13:27:05,151,Sheridan,,Sun
14:04:48,146,Inner Lake Shore/Michigan Express,,Sat
19:20:39,151,Sheridan,,Mon,Tue,Wed,Thu,Fri
11:52:59,147,Outer DuSable Lake Shore Express,,Sat
19:37:36,147,Outer DuSable Lake Shore Express,,Mon,Tue,Wed,Thu,Fri
19:50:57,146,Inner Lake Shore/Michigan Express,,Mon,Tue,Wed,Thu,Fri
18:32:32,3,King Drive,,Sun
07:59:29,146,Inner Lake Shore/Michigan Express,,Mon,Tue,Wed,Thu,Fri
08:09:19,2,Hyde Park Express,,Mon,Tue,Wed,Thu,Fri
21:06:39,151,Sheridan,,Sat
19:24:26,3,King Drive,,Sun
16:47:25,157,Streeterville/Taylor,,Mon,Tue,Wed,Thu,Fri
15:43:09,146,Inner Lake Shore/Michigan Express,,Sat
13:57:02,3,King Drive,,Sun
16:13:45,143,Stockton/Michigan Express,,Mon,Tue,Wed,Thu,Fri
15:58:19,147,Outer DuSable Lake Shore Express,,Mon,Tue,Wed,Thu,Fri
10:35:53,151,Sheridan,,Sat
16:35:26,147,Outer DuSable Lake Shore Express,,Mon,Tue,Wed,Thu,Fri
18:31:50,146,Inner Lake Shore/Michigan Express,,Sun
09:22:57,151,Sheridan,,Mon,Tue,Wed,Thu,Fri
11:35:56,3,King Drive,,Mon,Tue,Wed,Thu,Fri
13:39:32,3,King Drive,,Mon,Tue,Wed,Thu,Fri
12:08:56,3,King Drive,,Mon,Tue,Wed,Thu,Fri
10:50:36,146,Inner Lake Shore/Michigan Express,,Mon,Tue,Wed,Thu,Fri
13:22:12,3,King Drive,,Sat
14:03:20,146,Inner Lake Shore/Michigan Express,,Mon,Tue,Wed,Thu,Fri
15:52:37,3,King Drive,,Mon,Tue,Wed,Thu,Fri
15:18:39,146,Inner Lake Shore/Michigan Express,,Sat
18:34:32,147,Outer DuSable Lake Shore Express,,Mon,Tue,Wed,Thu,Fri
05:35:41,3,King Drive,,Sat
13:44:21,151,Sheridan,,Sat
02:13:54,66,Chicago,,Tue,Wed,Thu,Fri,Sat
14:14:42,147,Outer DuSable Lake Shore Express,,Mon,Tue,Wed,Thu,Fri
13:28:32,3,King Drive,,Mon,Tue,Wed,Thu,Fri
06:14:06,151,Sheridan,,Sun
07:15:01,157,Streeterville/Taylor,,Mon,Tue,Wed,Thu,Fri
13:07:49,147,Outer DuSable Lake Shore Express,,Sat
07:36:16,3,King Drive,,Mon,Tue,Wed,Thu,Fri
17:25:22,147,Outer DuSable Lake Shore Express,,Mon,Tue,Wed,Thu,Fri
19:49:02,3,King Drive,,Mon,Tue,Wed,Thu,Fri
18:20:39,151,Sheridan,,Sun
15:41:02,3,King Drive,,Mon,Tue,Wed,Thu,Fri
19:12:52,147,Outer DuSable Lake Shore Express,,Sun
14:46:02,3,King Drive,,Mon,Tue,Wed,Thu,Fri
21:34:59,146,Inner Lake Shore/Michigan Express,,Sun
07:53:51,3,King Drive,,Mon,Tue,Wed,Thu,Fri
07:39:37,2,Hyde Park Express,,Mon,Tue,Wed,Thu,Fri
08:10:50,157,Streeterville/Taylor,,Mon,Tue,Wed,Thu,Fri
13:13:12,3,King Drive,,Sat
13:31:12,3,King Drive,,Sat
13:57:05,151,Sheridan,,Sun
18:02:07,3,King Drive,,Sun
16:59:09,146,Inner Lake Shore/Michigan Express,,Mon,Tue,Wed,Thu,Fri
05:55:36,151,Sheridan,,Mon,Tue,Wed,Thu,Fri
12:48:29,146,Inner Lake Shore/Michigan Express,,Sun
16:55:02,146,Inner Lake Shore/Michigan Express,,Mon,Tue,Wed,Thu,Fri
14:58:29,147,Outer DuSable Lake Shore Express,,Sat
18:22:40,2,Hyde Park Express,,Mon,Tue,Wed,Thu,Fri
18:42:17,151,Sheridan,,Sat
15:42:27,3,King Drive,,Sat
09:30:19,147,Outer DuSable Lake Shore Express,,Sun
14:06:58,157,Streeterville/Taylor,,Mon,Tue,Wed,Thu,Fri
08:51:15,146,Inner Lake Shore/Michigan Express,,Sat
18:00:55,151,Sheridan,,Mon,Tue,Wed,Thu,Fri
20:01:57,146,Inner Lake Shore/Michigan Express,,Sat
18:00:27,146,Inner Lake Shore/Michigan Express,,Sun
19:13:05,151,Sheridan,,Sun
22:01:59,147,Outer DuSable Lake Shore Express,,Sat
06:51:16,3,King Drive,,Mon,Tue,Wed,Thu,Fri
18:21:21,151,Sheridan,,Mon,Tue,Wed,Thu,Fri
19:11:11,146,Inner Lake Shore/Michigan Express,,Mon,Tue,Wed,Thu,Fri
20:38:37,3,King Drive,,Sat
17:13:27,3,King Drive,,Sat
08:33:26,3,King Drive,,Mon,Tue,Wed,Thu,Fri
16:55:30,148,Clarendon/Michigan Express,,Mon,Tue,Wed,Thu,Fri
17:52:22,147,Outer DuSable Lake Shore Express,,Mon,Tue,Wed,Thu,Fri
16:12:07,3,King Drive,,Sun
14:29:35,151,Sheridan,,Sun
13:50:32,3,King Drive,,Mon,Tue,Wed,Thu,Fri
08:16:16,3,King Drive,,Sat
13:50:32,3,King Drive,,Mon,Tue,Wed,Thu,Fri
20:41:50,146,Inner Lake Shore/Michigan Express,,Mon,Tue,Wed,Thu,Fri
10:35:01,151,Sheridan,,Mon,Tue,Wed,Thu,Fri
19:33:30,157,Streeterville/Taylor,,Mon,Tue,Wed,Thu,Fri
11:36:05,151,Sheridan,,Sat
16:01:07,3,King Drive,,Sun
17:13:19,147,Outer DuSable Lake Shore Express,,Sun
22:44:39,147,Outer DuSable Lake Shore Express,,Sun
16:06:27,146,Inner Lake Shore/Michigan Express,,Sun
08:16:56,147,Outer DuSable Lake Shore Express,,Sun
20:32:29,146,Inner Lake Shore/Michigan Express,,Sun
13:17:05,151,Sheridan,,Sun
10:00:01,26,South Shore Express,,Mon,Tue,Wed,Thu,Fri
09:25:56,3,King Drive,,Mon,Tue,Wed,Thu,Fri
16:41:16,146,Inner Lake Shore/Michigan Express,,Sat
20:49:50,146,Inner Lake Shore/Michigan Express,,Mon,Tue,Wed,Thu,Fri
17:21:46,148,Clarendon/Michigan Express,,Mon,Tue,Wed,Thu,Fri
13:10:32,3,King Drive,,Sun
17:32:32,143,Stockton/Michigan Express,,Mon,Tue,Wed,Thu,Fri
06:57:31,157,Streeterville/Taylor,,Mon,Tue,Wed,Thu,Fri
16:51:27,3,King Drive,,Mon,Tue,Wed,Thu,Fri
18:57:36,146,Inner Lake Shore/Michigan Express,,Sun
20:11:39,151,Sheridan,,Mon,Tue,Wed,Thu,Fri
18:54:12,3,King Drive,,Sat
06:14:41,3,King Drive,,Sat
11:20:59,147,Outer DuSable Lake Shore Express,,Sat
15:55:18,148,Clarendon/Michigan Express,,Mon,Tue,Wed,Thu,Fri
21:51:59,147,Outer DuSable Lake Shore Express,,Sat
10:38:23,151,Sheridan,,Sun
14:34:42,147,Outer DuSable Lake Shore Express,,Sun
21:51:09,151,Sheridan,,Sat
12:46:32,3,King Drive,,Sun
20:29:13,151,Sheridan,,Sat
16:37:42,2,Hyde Park Express,,Mon,Tue,Wed,Thu,Fri
11:58:09,151,Sheridan,,Mon,Tue,Wed,Thu,Fri
12:32:16,147,Outer DuSable Lake Shore Express,,Sun
11:33:35,151,Sheridan,,Mon,Tue,Wed,Thu,Fri
04:43:54,66,Chicago,,Sat
15:21:39,151,Sheridan,,Sun
16:47:23,148,Clarendon/Michigan Express,,Mon,Tue,Wed,Thu,Fri
13:58:20,146,Inner Lake Shore/Michigan Express,,Sun
08:48:46,3,King Drive,,Sat
19:27:42,3,King Drive,,Sat
12:34:32,3,King Drive,,Sun
16:45:07,3,King Drive,,Sun
08:05:31,26,South Shore Express,,Mon,Tue,Wed,Thu,Fri
09:18:00,157,Streeterville/Taylor,,Mon,Tue,Wed,Thu,Fri
23:18:23,151,Sheridan,,Sun
05:39:32,151,Sheridan,,Sat
11:14:52,146,Inner Lake Shore/Michigan Express,,Sun
15:23:59,147,Outer DuSable Lake Shore Express,,Sat
08:47:59,146,Inner Lake Shore/Michigan Express,,Mon,Tue,Wed,Thu,Fri
18:48:43,146,Inner Lake Shore/Michigan Express,,Sun
18:10:23,146,Inner Lake Shore/Michigan Express,,Mon,Tue,Wed,Thu,Fri
08:24:01,2,Hyde Park Express,,Mon,Tue,Wed,Thu,Fri
10:35:01,151,Sheridan,,Mon,Tue,Wed,Thu,Fri
11:02:56,3,King Drive,,Mon,Tue,Wed,Thu,Fri
17:12:30,148,Clarendon/Michigan Express,,Mon,Tue,Wed,Thu,Fri
13:35:51,151,Sheridan,,Sat
07:08:39,147,Outer DuSable Lake Shore Express,,Mon,Tue,Wed,Thu,Fri
05:15:41,3,King Drive,,Sat
23:54:38,146,Inner Lake Shore/Michigan Express,,Sun
14:37:42,147,Outer DuSable Lake Shore Express,,Mon,Tue,Wed,Thu,Fri
10:14:32,147,Outer DuSable Lake Shore Express,,Sat
16:59:09,146,Inner Lake Shore/Michigan Express,,Mon,Tue,Wed,Thu,Fri
08:37:26,147,Outer DuSable Lake Shore Express,,Sat
20:00:29,146,Inner Lake Shore/Michigan Express,,Sun
22:52:29,146,Inner Lake Shore/Michigan Express,,Mon,Tue,Wed,Thu,Fri
21:43:36,146,Inner Lake Shore/Michigan Express,,Mon,Tue,Wed,Thu,Fri
19:27:04,146,Inner Lake Shore/Michigan Express,,Sat
12:35:59,146,Inner Lake Shore/Michigan Express,,Sun
07:35:09,147,Outer DuSable Lake Shore Express,,Mon,Tue,Wed,Thu,Fri
15:51:27,3,King Drive,,Sat
13:16:11,146,Inner Lake Shore/Michigan Express,,Sat
06:39:21,157,Streeterville/Taylor,,Mon,Tue,Wed,Thu,Fri
17:15:22,147,Outer DuSable Lake Shore Express,,Mon,Tue,Wed,Thu,Fri
21:09:57,146,Inner Lake Shore/Michigan Express,,Sat
10:38:56,3,King Drive,,Sat
13:39:06,147,Outer DuSable Lake Shore Express,,Mon,Tue,Wed,Thu,Fri
17:46:27,3,King Drive,,Mon,Tue,Wed,Thu,Fri
07:00:26,147,Outer DuSable Lake Shore Express,,Sat
14:44:48,146,Inner Lake Shore/Michigan Express,,Sat
08:05:26,147,Outer DuSable Lake Shore Express,,Sat
11:44:35,151,Sheridan,,Sat
20:26:19,147,Outer DuSable Lake Shore Express,,Sat
13:16:11,146,Inner Lake Shore/Michigan Express,,Sat
08:26:26,3,King Drive,,Mon,Tue,Wed,Thu,Fri
20:43:02,3,King Drive,,Mon,Tue,Wed,Thu,Fri
01:13:54,66,Chicago,,Mon
21:06:20,146,Inner Lake Shore/Michigan Express,,Mon,Tue,Wed,Thu,Fri
12:33:32,3,King Drive,,Mon,Tue,Wed,Thu,Fri
11:50:32,3,King Drive,,Sat
10:07:56,2,Hyde Park Express,,Mon,Tue,Wed,Thu,Fri
19:43:04,146,Inner Lake Shore/Michigan Express,,Sat
15:48:04,148,Clarendon/Michigan Express,,Mon,Tue,Wed,Thu,Fri
14:32:34,151,Sheridan,,Sat
14:32:34,151,Sheridan,,Sat
07:13:31,146,Inner Lake Shore/Michigan Express,,Sat
23:42:21,3,King Drive,,Sat
17:42:42,2,Hyde Park Express,,Mon,Tue,Wed,Thu,Fri
21:31:59,147,Outer DuSable Lake Shore Express,,Sat
14:16:20,146,Inner Lake Shore/Michigan Express,,Sun
22:11:59,147,Outer DuSable Lake Shore Express,,Sat
05:58:41,3,King Drive,,Mon,Tue,Wed,Thu,Fri
04:44:21,66,Chicago,,Mon,Tue,Wed,Thu,Fri
07:17:26,147,Outer DuSable Lake Shore Express,,Sat
17:24:25,146,Inner Lake Shore/Michigan Express,,Sat
10:45:27,151,Sheridan,,Sat
21:06:22,147,Outer DuSable Lake Shore Express,,Mon,Tue,Wed,Thu,Fri
17:13:12,151,Sheridan,,Sat
19:33:30,157,Streeterville/Taylor,,Mon,Tue,Wed,Thu,Fri
13:48:56,147,Outer DuSable Lake Shore Express,,Sat
14:58:13,151,Sheridan,,Mon,Tue,Wed,Thu,Fri
16:23:49,147,Outer DuSable Lake Shore Express,,Sun
06:37:49,147,Outer DuSable Lake Shore Express,,Mon,Tue,Wed,Thu,Fri
17:51:57,146,Inner Lake Shore/Michigan Express,,Sun
08:58:16,3,King Drive,,Sun
07:19:15,151,Sheridan,,Sat
13:30:08,26,South Shore Express,,Mon,Tue,Wed,Thu,Fri
12:43:46,147,Outer DuSable Lake Shore Express,,Sun
06:01:36,151,Sheridan,,Sat
15:10:13,151,Sheridan,,Mon,Tue,Wed,Thu,Fri
11:41:02,3,King Drive,,Sat
15:39:49,147,Outer DuSable Lake Shore Express,,Mon,Tue,Wed,Thu,Fri
07:34:56,2,Hyde Park Express,,Mon,Tue,Wed,Thu,Fri
17:45:30,151,Sheridan,,Mon,Tue,Wed,Thu,Fri
14:22:13,151,Sheridan,,Mon,Tue,Wed,Thu,Fri
09:51:01,151,Sheridan,,Mon,Tue,Wed,Thu,Fri
17:03:09,146,Inner Lake Shore/Michigan Express,,Mon,Tue,Wed,Thu,Fri
14:16:30,151,Sheridan,,Sat
17:50:53,146,Inner Lake Shore/Michigan Express,,Mon,Tue,Wed,Thu,Fri
14:30:32,3,King Drive,,Sun
21:52:46,3,King Drive,,Sun
15:33:27,3,King Drive,,Sat
00:39:40,151,Sheridan,,Tue,Wed,Thu,Fri,Sat
18:55:02,147,Outer DuSable Lake Shore Express,,Sat
22:12:57,151,Sheridan,,Mon,Tue,Wed,Thu,Fri
18:56:13,151,Sheridan,,Mon,Tue,Wed,Thu,Fri
07:36:40,151,Sheridan,,Sun
20:48:22,147,Outer DuSable Lake Shore Express,,Mon,Tue,Wed,Thu,Fri
19:53:57,146,Inner Lake Shore/Michigan Express,,Sat
01:13:54,66,Chicago,,Mon
18:31:50,146,Inner Lake Shore/Michigan Express,,Sun
17:17:57,146,Inner Lake Shore/Michigan Express,,Sun
16:35:26,147,Outer DuSable Lake Shore Express,,Mon,Tue,Wed,Thu,Fri
18:18:52,143,Stockton/Michigan Express,,Mon,Tue,Wed,Thu,Fri
12:01:09,151,Sheridan,,Sat
22:39:50,146,Inner Lake Shore/Michigan Express,,Sat
08:25:27,151,Sheridan,,Mon,Tue,Wed,Thu,Fri
18:07:57,146,Inner Lake Shore/Michigan Express,,Sun
09:09:59,146,Inner Lake Shore/Michigan Express,,Mon,Tue,Wed,Thu,Fri
23:06:29,146,Inner Lake Shore/Michigan Express,,Mon,Tue,Wed,Thu,Fri
16:46:02,146,Inner Lake Shore/Michigan Express,,Mon,Tue,Wed,Thu,Fri
14:36:48,146,Inner Lake Shore/Michigan Express,,Sat
12:46:39,151,Sheridan,,Mon,Tue,Wed,Thu,Fri
17:47:45,147,Outer DuSable Lake Shore Express,,Sat
08:22:39,147,Outer DuSable Lake Shore Express,,Mon,Tue,Wed,Thu,Fri
09:14:46,3,King Drive,,Sun
23:23:36,146,Inner Lake Shore/Michigan Express,,Sat
13:48:56,147,Outer DuSable Lake Shore Express,,Sat
20:27:05,151,Sheridan,,Mon,Tue,Wed,Thu,Fri
19:56:34,146,Inner Lake Shore/Michigan Express,,Mon,Tue,Wed,Thu,Fri
13:52:51,151,Sheridan,,Sat
14:48:08,151,Sheridan,,Sat
13:30:32,147,Outer DuSable Lake Shore Express,,Sat
15:33:27,3,King Drive,,Sat
23:41:09,147,Outer DuSable Lake Shore Express,,Sun
11:08:56,3,King Drive,,Sat
13:10:39,151,Sheridan,,Mon,Tue,Wed,Thu,Fri
14:41:22,147,Outer DuSable Lake Shore Express,,Sat
23:22:46,147,Outer DuSable Lake Shore Express,,Sat
19:24:05,151,Sheridan,,Sun
08:35:26,147,Outer DuSable Lake Shore Express,,Sun
20:48:22,147,Outer DuSable Lake Shore Express,,Mon,Tue,Wed,Thu,Fri
05:29:06,147,Outer DuSable Lake Shore Express,,Mon,Tue,Wed,Thu,Fri
06:26:46,3,King Drive,,Mon,Tue,Wed,Thu,Fri
17:30:30,151,Sheridan,,Mon,Tue,Wed,Thu,Fri
16:53:52,147,Outer DuSable Lake Shore Express,,Sat
06:34:40,151,Sheridan,,Sun
16:19:27,157,Streeterville/Taylor,,Mon,Tue,Wed,Thu,Fri
20:30:36,147,Outer DuSable Lake Shore Express,,Mon,Tue,Wed,Thu,Fri
13:27:06,147,Outer DuSable Lake Shore Express,,Mon,Tue,Wed,Thu,Fri
14:40:34,151,Sheridan,,Sat
21:11:59,147,Outer DuSable Lake Shore Express,,Sat
18:56:13,151,Sheridan,,Mon,Tue,Wed,Thu,Fri
12:43:09,157,Streeterville/Taylor,,Mon,Tue,Wed,Thu,Fri
19:44:36,147,Outer DuSable Lake Shore Express,,Mon,Tue,Wed,Thu,Fri
18:15:57,146,Inner Lake Shore/Michigan Express,,Sun
15:49:27,146,Inner Lake Shore/Michigan Express,,Sun
19:50:47,151,Sheridan,,Sat
13:40:48,146,Inner Lake Shore/Michigan Express,,Sat
16:42:11,2,Hyde Park Express,,Mon,Tue,Wed,Thu,Fri
14:38:28,157,Streeterville/Taylor,,Mon,Tue,Wed,Thu,Fri
11:07:26,3,King Drive,,Sun
17:07:52,147,Outer DuSable Lake Shore Express,,Sat
01:45:40,151,Sheridan,,Sun
05:33:36,151,Sheridan,,Mon,Tue,Wed,Thu,Fri
11:31:06,146,Inner Lake Shore/Michigan Express,,Mon,Tue,Wed,Thu,Fri
19:16:12,3,King Drive,,Sat
20:49:50,146,Inner Lake Shore/Michigan Express,,Mon,Tue,Wed,Thu,Fri
08:17:16,3,King Drive,,Sun
12:26:32,3,King Drive,,Sat
18:13:39,147,Outer DuSable Lake Shore Express,,Mon,Tue,Wed,Thu,Fri
06:29:10,151,Sheridan,,Mon,Tue,Wed,Thu,Fri
20:39:57,146,Inner Lake Shore/Michigan Express,,Sat
23:05:56,3,King Drive,,Sat
17:13:19,147,Outer DuSable Lake Shore Express,,Sun
15:30:02,3,King Drive,,Mon,Tue,Wed,Thu,Fri
12:09:09,151,Sheridan,,Sat
15:39:49,147,Outer DuSable Lake Shore Express,,Mon,Tue,Wed,Thu,Fri
21:02:06,147,Outer DuSable Lake Shore Express,,Sat
19:11:49,147,Outer DuSable Lake Shore Express,,Mon,Tue,Wed,Thu,Fri
19:30:47,151,Sheridan,,Sat
17:57:23,146,Inner Lake Shore/Michigan Express,,Mon,Tue,Wed,Thu,Fri
15:48:49,147,Outer DuSable Lake Shore Express,,Mon,Tue,Wed,Thu,Fri
13:13:27,146,Inner Lake Shore/Michigan Express,,Mon,Tue,Wed,Thu,Fri
23:52:01,151,Sheridan,,Sat
15:25:11,146,Inner Lake Shore/Michigan Express,,Mon,Tue,Wed,Thu,Fri
16:57:12,151,Sheridan,,Sat
12:56:31,151,Sheridan,,Sun
17:47:52,147,Outer DuSable Lake Shore Express,,Mon,Tue,Wed,Thu,Fri
07:13:31,146,Inner Lake Shore/Michigan Express,,Sat
19:51:21,3,King Drive,,Sun
06:54:41,3,King Drive,,Sun
15:29:42,147,Outer DuSable Lake Shore Express,,Sun
23:35:08,146,Inner Lake Shore/Michigan Express,,Sun
20:01:57,146,Inner Lake Shore/Michigan Express,,Sat
16:29:34,148,Clarendon/Michigan Express,,Mon,Tue,Wed,Thu,Fri
10:50:36,146,Inner Lake Shore/Michigan Express,,Mon,Tue,Wed,Thu,Fri
18:03:19,147,Outer DuSable Lake Shore Express,,Sun
22:58:53,151,Sheridan,,Sun
09:44:29,146,Inner Lake Shore/Michigan Express,,Mon,Tue,Wed,Thu,Fri
08:36:29,146,Inner Lake Shore/Michigan Express,,Mon,Tue,Wed,Thu,Fri
14:54:20,146,Inner Lake Shore/Michigan Express,,Mon,Tue,Wed,Thu,Fri
07:49:39,147,Outer DuSable Lake Shore Express,,Mon,Tue,Wed,Thu,Fri
07:50:49,151,Sheridan,,Sat
09:35:38,146,Inner Lake Shore/Michigan Express,,Sun
10:13:01,26,South Shore Express,,Mon,Tue,Wed,Thu,Fri
19:27:49,147,Outer DuSable Lake Shore Express,,Sat
23:21:39,147,Outer DuSable Lake Shore Express,,Sun
17:15:16,146,Inner Lake Shore/Michigan Express,,Mon,Tue,Wed,Thu,Fri
13:07:34,146,Inner Lake Shore/Michigan Express,,Sat
21:34:16,3,King Drive,,Sun
08:54:27,151,Sheridan,,Mon,Tue,Wed,Thu,Fri
14:16:30,151,Sheridan,,Sat
17:30:39,151,Sheridan,,Sun
19:35:35,151,Sheridan,,Sun
10:01:26,3,King Drive,,Mon,Tue,Wed,Thu,Fri
11:51:43,146,Inner Lake Shore/Michigan Express,,Mon,Tue,Wed,Thu,Fri
16:23:48,146,Inner Lake Shore/Michigan Express,,Mon,Tue,Wed,Thu,Fri
17:10:39,146,Inner Lake Shore/Michigan Express,,Mon,Tue,Wed,Thu,Fri
23:25:56,3,King Drive,,Sat
09:03:57,151,Sheridan,,Mon,Tue,Wed,Thu,Fri
14:04:48,146,Inner Lake Shore/Michigan Express,,Sat
23:18:23,151,Sheridan,,Sun
09:23:23,151,Sheridan,,Sat
12:21:22,147,Outer DuSable Lake Shore Express,,Sun
12:22:39,151,Sheridan,,Mon,Tue,Wed,Thu,Fri
08:56:38,146,Inner Lake Shore/Michigan Express,,Sun
21:21:27,151,Sheridan,,Sun
12:58:58,157,Streeterville/Taylor,,Mon,Tue,Wed,Thu,Fri
19:43:57,146,Inner Lake Shore/Michigan Express,,Mon,Tue,Wed,Thu,Fri
18:03:53,146,Inner Lake Shore/Michigan Express,,Mon,Tue,Wed,Thu,Fri
15:39:07,3,King Drive,,Sun
23:02:46,147,Outer DuSable Lake Shore Express,,Sat
17:40:30,151,Sheridan,,Mon,Tue,Wed,Thu,Fri
13:13:27,146,Inner Lake Shore/Michigan Express,,Mon,Tue,Wed,Thu,Fri
19:56:39,151,Sheridan,,Mon,Tue,Wed,Thu,Fri
17:29:07,3,King Drive,,Sun
14:03:08,26,South Shore Express,,Mon,Tue,Wed,Thu,Fri
02:13:54,66,Chicago,,Tue,Wed,Thu,Fri,Sat
12:35:17,151,Sheridan,,Sat
06:34:40,151,Sheridan,,Sun
09:22:57,151,Sheridan,,Mon,Tue,Wed,Thu,Fri
18:41:27,3,King Drive,,Mon,Tue,Wed,Thu,Fri
10:00:01,26,South Shore Express,,Mon,Tue,Wed,Thu,Fri
00:22:53,151,Sheridan,,Sun
09:55:29,146,Inner Lake Shore/Michigan Express,,Mon,Tue,Wed,Thu,Fri
08:32:15,146,Inner Lake Shore/Michigan Express,,Sat
20:07:02,3,King Drive,,Mon,Tue,Wed,Thu,Fri
14:08:32,3,King Drive,,Sun
11:31:26,3,King Drive,,Sun
08:21:45,151,Sheridan,,Sat
05:55:41,3,King Drive,,Sat
15:36:18,146,Inner Lake Shore/Michigan Express,,Mon,Tue,Wed,Thu,Fri
18:10:23,146,Inner Lake Shore/Michigan Express,,Mon,Tue,Wed,Thu,Fri
15:49:27,146,Inner Lake Shore/Michigan Express,,Sun
10:42:01,26,South Shore Express,,Mon,Tue,Wed,Thu,Fri
18:08:45,147,Outer DuSable Lake Shore Express,,Mon,Tue,Wed,Thu,Fri
21:33:36,146,Inner Lake Shore/Michigan Express,,Mon,Tue,Wed,Thu,Fri
18:20:39,151,Sheridan,,Sun
13:16:46,147,Outer DuSable Lake Shore Express,,Sun
18:37:40,2,Hyde Park Express,,Mon,Tue,Wed,Thu,Fri
15:10:39,146,Inner Lake Shore/Michigan Express,,Sat
18:46:09,147,Outer DuSable Lake Shore Express,,Sat
10:42:01,26,South Shore Express,,Mon,Tue,Wed,Thu,Fri
22:05:59,146,Inner Lake Shore/Michigan Express,,Sun
21:57:57,151,Sheridan,,Mon,Tue,Wed,Thu,Fri
11:43:26,3,King Drive,,Sun
20:45:27,151,Sheridan,,Sun
14:23:50,146,Inner Lake Shore/Michigan Express,,Mon,Tue,Wed,Thu,Fri
09:28:31,26,South Shore Express,,Mon,Tue,Wed,Thu,Fri
06:55:40,151,Sheridan,,Sun
17:07:07,3,King Drive,,Sun
08:15:53,151,Sheridan,,Mon,Tue,Wed,Thu,Fri
15:06:27,3,King Drive,,Sat
11:07:26,3,King Drive,,Sun
07:13:46,3,King Drive,,Mon,Tue,Wed,Thu,Fri
07:36:16,3,King Drive,,Mon,Tue,Wed,Thu,Fri
09:04:31,26,South Shore Express,,Mon,Tue,Wed,Thu,Fri
09:18:09,147,Outer DuSable Lake Shore Express,,Mon,Tue,Wed,Thu,Fri
10:07:45,146,Inner Lake Shore/Michigan Express,,Sat
18:55:09,157,Streeterville/Taylor,,Mon,Tue,Wed,Thu,Fri
09:55:29,146,Inner Lake Shore/Michigan Express,,Mon,Tue,Wed,Thu,Fri
20:56:16,3,King Drive,,Sun
16:12:12,147,Outer DuSable Lake Shore Express,,Sun
10:38:56,3,King Drive,,Sat
14:49:59,147,Outer DuSable Lake Shore Express,,Sat
09:26:32,147,Outer DuSable Lake Shore Express,,Sat
10:20:49,147,Outer DuSable Lake Shore Express,,Sun
18:56:26,3,King Drive,,Sun
05:47:43,147,Outer DuSable Lake Shore Express,,Mon,Tue,Wed,Thu,Fri
10:25:53,151,Sheridan,,Sun
18:43:19,147,Outer DuSable Lake Shore Express,,Sun
15:14:41,146,Inner Lake Shore/Michigan Express,,Mon,Tue,Wed,Thu,Fri
09:47:19,147,Outer DuSable Lake Shore Express,,Sun
18:45:04,148,Clarendon/Michigan Express,,Mon,Tue,Wed,Thu,Fri
01:43:54,66,Chicago,,Tue,Wed,Thu,Fri,Sat
18:54:12,3,King Drive,,Sat
14:44:20,146,Inner Lake Shore/Michigan Express,,Mon,Tue,Wed,Thu,Fri
12:26:50,146,Inner Lake Shore/Michigan Express,,Sat
13:35:51,151,Sheridan,,Sat
14:37:42,147,Outer DuSable Lake Shore Express,,Mon,Tue,Wed,Thu,Fri
05:55:41,3,King Drive,,Sat
21:07:59,146,Inner Lake Shore/Michigan Express,,Sun
21:12:57,151,Sheridan,,Mon,Tue,Wed,Thu,Fri
18:43:26,3,King Drive,,Sun
15:25:11,146,Inner Lake Shore/Michigan Express,,Mon,Tue,Wed,Thu,Fri
19:13:05,151,Sheridan,,Sun
17:33:27,3,King Drive,,Sat
07:21:16,3,King Drive,,Mon,Tue,Wed,Thu,Fri
15:24:27,3,King Drive,,Sat
06:33:41,3,King Drive,,Sat
17:51:57,146,Inner Lake Shore/Michigan Express,,Sun
14:08:55,151,Sheridan,,Sat
18:18:30,2,Hyde Park Express,,Mon,Tue,Wed,Thu,Fri
19:22:29,146,Inner Lake Shore/Michigan Express,,Sun
16:33:27,146,Inner Lake Shore/Michigan Express,,Sun
09:51:19,157,Streeterville/Taylor,,Mon,Tue,Wed,Thu,Fri
17:57:16,148,Clarendon/Michigan Express,,Mon,Tue,Wed,Thu,Fri
19:40:02,3,King Drive,,Mon,Tue,Wed,Thu,Fri
17:42:22,147,Outer DuSable Lake Shore Express,,Mon,Tue,Wed,Thu,Fri
12:06:49,157,Streeterville/Taylor,,Mon,Tue,Wed,Thu,Fri
20:53:19,147,Outer DuSable Lake Shore Express,,Sat
22:15:21,3,King Drive,,Mon,Tue,Wed,Thu,Fri
18:31:18,148,Clarendon/Michigan Express,,Mon,Tue,Wed,Thu,Fri
12:07:29,146,Inner Lake Shore/Michigan Express,,Sun
08:56:45,151,Sheridan,,Sun
20:21:29,146,Inner Lake Shore/Michigan Express,,Sun
02:43:54,66,Chicago,,Mon
18:38:08,157,Streeterville/Taylor,,Mon,Tue,Wed,Thu,Fri
12:55:32,3,King Drive,,Mon,Tue,Wed,Thu,Fri
19:03:26,147,Outer DuSable Lake Shore Express,,Sat
18:40:18,146,Inner Lake Shore/Michigan Express,,Sat
11:20:43,146,Inner Lake Shore/Michigan Express,,Mon,Tue,Wed,Thu,Fri
22:02:59,146,Inner Lake Shore/Michigan Express,,Mon,Tue,Wed,Thu,Fri
06:29:08,146,Inner Lake Shore/Michigan Express,,Mon,Tue,Wed,Thu,Fri
11:33:29,146,Inner Lake Shore/Michigan Express,,Sun
12:07:29,146,Inner Lake Shore/Michigan Express,,Sun
07:53:53,151,Sheridan,,Mon,Tue,Wed,Thu,Fri
21:06:20,146,Inner Lake Shore/Michigan Express,,Mon,Tue,Wed,Thu,Fri
17:29:07,3,King Drive,,Sun
02:43:40,66,Chicago,,Sun
08:12:26,3,King Drive,,Mon,Tue,Wed,Thu,Fri
13:22:13,146,Inner Lake Shore/Michigan Express,,Sun
17:03:19,147,Outer DuSable Lake Shore Express,,Sun
14:52:48,146,Inner Lake Shore/Michigan Express,,Sat
04:13:54,66,Chicago,,Sun
21:53:36,146,Inner Lake Shore/Michigan Express,,Mon,Tue,Wed,Thu,Fri
17:00:39,147,Outer DuSable Lake Shore Express,,Mon,Tue,Wed,Thu,Fri
11:15:38,157,Streeterville/Taylor,,Mon,Tue,Wed,Thu,Fri
06:20:49,147,Outer DuSable Lake Shore Express,,Sat
16:18:27,3,King Drive,,Mon,Tue,Wed,Thu,Fri
16:24:27,146,Inner Lake Shore/Michigan Express,,Sun
18:25:32,146,Inner Lake Shore/Michigan Express,,Sat
07:43:46,3,King Drive,,Sat
09:44:23,151,Sheridan,,Sat
12:22:29,146,Inner Lake Shore/Michigan Express,,Sun
21:24:52,147,Outer DuSable Lake Shore Express,,Sun
21:07:21,3,King Drive,,Mon,Tue,Wed,Thu,Fri
07:43:46,3,King Drive,,Sat
14:56:08,151,Sheridan,,Sat
13:44:21,151,Sheridan,,Sat
18:18:09,146,Inner Lake Shore/Michigan Express,,Sat
10:00:53,151,Sheridan,,Sun
17:14:09,148,Clarendon/Michigan Express,,Mon,Tue,Wed,Thu,Fri
17:24:27,3,King Drive,,Mon,Tue,Wed,Thu,Fri
20:35:19,147,Outer DuSable Lake Shore Express,,Sat
17:26:39,143,Stockton/Michigan Express,,Mon,Tue,Wed,Thu,Fri
19:03:26,147,Outer DuSable Lake Shore Express,,Sat
15:15:29,147,Outer DuSable Lake Shore Express,,Sat
17:31:23,146,Inner Lake Shore/Michigan Express,,Mon,Tue,Wed,Thu,Fri
10:14:08,157,Streeterville/Taylor,,Mon,Tue,Wed,Thu,Fri
08:45:26,3,King Drive,,Mon,Tue,Wed,Thu,Fri
03:43:40,66,Chicago,,Mon,Tue,Wed,Thu,Fri
23:56:38,146,Inner Lake Shore/Michigan Express,,Mon,Tue,Wed,Thu,Fri
10:02:01,151,Sheridan,,Mon,Tue,Wed,Thu,Fri
09:13:31,2,Hyde Park Express,,Mon,Tue,Wed,Thu,Fri
19:27:49,147,Outer DuSable Lake Shore Express,,Sat
07:56:56,147,Outer DuSable Lake Shore Express,,Sun
18:01:00,151,Sheridan,,Sat
11:19:26,3,King Drive,,Sun
13:22:12,3,King Drive,,Sat
22:43:23,151,Sheridan,,Mon,Tue,Wed,Thu,Fri
16:00:08,151,Sheridan,,Sat
14:16:20,146,Inner Lake Shore/Michigan Express,,Sun
23:30:36,3,King Drive,,Sun
16:11:21,151,Sheridan,,Mon,Tue,Wed,Thu,Fri
11:30:32,3,King Drive,,Sat
20:29:27,151,Sheridan,,Sun
17:33:22,147,Outer DuSable Lake Shore Express,,Mon,Tue,Wed,Thu,Fri
17:52:34,151,Sheridan,,Sat
19:41:29,146,Inner Lake Shore/Michigan Express,,Sun
11:01:27,151,Sheridan,,Sun
07:10:54,146,Inner Lake Shore/Michigan Express,,Sun
07:29:37,2,Hyde Park Express,,Mon,Tue,Wed,Thu,Fri
15:32:29,147,Outer DuSable Lake Shore Express,,Sat
22:16:16,147,Outer DuSable Lake Shore Express,,Mon,Tue,Wed,Thu,Fri
06:08:11,3,King Drive,,Mon,Tue,Wed,Thu,Fri
13:03:27,146,Inner Lake Shore/Michigan Express,,Mon,Tue,Wed,Thu,Fri
22:22:59,146,Inner Lake Shore/Michigan Express,,Sun
17:50:30,151,Sheridan,,Mon,Tue,Wed,Thu,Fri
18:32:12,3,King Drive,,Sat
23:28:41,3,King Drive,,Mon,Tue,Wed,Thu,Fri
08:11:45,151,Sheridan,,Sun
15:10:39,146,Inner Lake Shore/Michigan Express,,Sat
06:20:49,147,Outer DuSable Lake Shore Express,,Sat
17:35:30,151,Sheridan,,Mon,Tue,Wed,Thu,Fri
11:59:32,3,King Drive,,Sat
19:34:52,147,Outer DuSable Lake Shore Express,,Sun
17:33:19,147,Outer DuSable Lake Shore Express,,Sun
19:21:12,147,Outer DuSable Lake Shore Express,,Mon,Tue,Wed,Thu,Fri
07:35:15,151,Sheridan,,Sat
00:22:53,151,Sheridan,,Sun
20:13:30,157,Streeterville/Taylor,,Mon,Tue,Wed,Thu,Fri
16:06:48,146,Inner Lake Shore/Michigan Express,,Mon,Tue,Wed,Thu,Fri
13:47:05,151,Sheridan,,Sun
19:37:37,3,King Drive,,Sat
21:40:21,3,King Drive,,Mon,Tue,Wed,Thu,Fri
09:48:23,151,Sheridan,,Sun
06:53:26,147,Outer DuSable Lake Shore Express,,Mon,Tue,Wed,Thu,Fri
20:44:19,147,Outer DuSable Lake Shore Express,,Sat
14:19:05,151,Sheridan,,Sun
22:39:23,151,Sheridan,,Sun
01:43:40,66,Chicago,,Sun
21:51:21,3,King Drive,,Mon,Tue,Wed,Thu,Fri
22:34:59,147,Outer DuSable Lake Shore Express,,Sat
22:00:23,151,Sheridan,,Sun
16:17:04,148,Clarendon/Michigan Express,,Mon,Tue,Wed,Thu,Fri
05:33:41,3,King Drive,,Mon,Tue,Wed,Thu,Fri
20:43:02,3,King Drive,,Mon,Tue,Wed,Thu,Fri
18:38:08,157,Streeterville/Taylor,,Mon,Tue,Wed,Thu,Fri
16:34:07,3,King Drive,,Sun
03:13:54,66,Chicago,,Sun
09:39:49,157,Streeterville/Taylor,,Mon,Tue,Wed,Thu,Fri
10:48:56,3,King Drive,,Sat
17:23:27,3,King Drive,,Sat
16:50:16,146,Inner Lake Shore/Michigan Express,,Sat
22:15:21,3,King Drive,,Mon,Tue,Wed,Thu,Fri
21:02:27,151,Sheridan,,Sun
01:13:54,66,Chicago,,Tue,Wed,Thu,Fri,Sat
08:06:19,151,Sheridan,,Sat
18:13:07,3,King Drive,,Sun
17:00:39,151,Sheridan,,Sun
06:40:49,147,Outer DuSable Lake Shore Express,,Sat
20:06:16,3,King Drive,,Sun
08:58:09,147,Outer DuSable Lake Shore Express,,Mon,Tue,Wed,Thu,Fri
12:08:32,3,King Drive,,Sat
12:01:09,151,Sheridan,,Sat
23:23:16,147,Outer DuSable Lake Shore Express,,Mon,Tue,Wed,Thu,Fri
12:58:27,146,Inner Lake Shore/Michigan Express,,Sat
12:53:27,146,Inner Lake Shore/Michigan Express,,Mon,Tue,Wed,Thu,Fri
17:51:07,3,King Drive,,Sun
08:12:08,146,Inner Lake Shore/Michigan Express,,Sat
20:48:52,147,Outer DuSable Lake Shore Express,,Sun
22:28:23,151,Sheridan,,Mon,Tue,Wed,Thu,Fri
17:29:46,148,Clarendon/Michigan Express,,Mon,Tue,Wed,Thu,Fri
17:43:27,146,Inner Lake Shore/Michigan Express,,Sun
23:09:41,3,King Drive,,Sun
23:42:21,3,King Drive,,Sat
17:07:02,146,Inner Lake Shore/Michigan Express,,Sat
17:45:30,151,Sheridan,,Mon,Tue,Wed,Thu,Fri
16:54:05,143,Stockton/Michigan Express,,Mon,Tue,Wed,Thu,Fri
12:44:32,3,King Drive,,Mon,Tue,Wed,Thu,Fri
16:08:09,146,Inner Lake Shore/Michigan Express,,Sat
16:42:29,143,Stockton/Michigan Express,,Mon,Tue,Wed,Thu,Fri
18:03:19,147,Outer DuSable Lake Shore Express,,Sun
17:47:19,143,Stockton/Michigan Express,,Mon,Tue,Wed,Thu,Fri
21:06:22,147,Outer DuSable Lake Shore Express,,Mon,Tue,Wed,Thu,Fri
16:51:02,146,Inner Lake Shore/Michigan Express,,Mon,Tue,Wed,Thu,Fri
17:44:23,146,Inner Lake Shore/Michigan Express,,Mon,Tue,Wed,Thu,Fri
10:58:56,3,King Drive,,Sat
07:54:45,151,Sheridan,,Sun
17:03:09,146,Inner Lake Shore/Michigan Express,,Mon,Tue,Wed,Thu,Fri
11:46:05,151,Sheridan,,Mon,Tue,Wed,Thu,Fri
07:06:53,26,South Shore Express,,Mon,Tue,Wed,Thu,Fri
14:32:15,147,Outer DuSable Lake Shore Express,,Sat
20:30:52,147,Outer DuSable Lake Shore Express,,Sun
07:17:26,147,Outer DuSable Lake Shore Express,,Sat
19:02:05,151,Sheridan,,Sun
18:13:19,147,Outer DuSable Lake Shore Express,,Sun
16:16:09,146,Inner Lake Shore/Michigan Express,,Sat
05:19:45,26,South Shore Express,,Mon,Tue,Wed,Thu,Fri
19:05:06,146,Inner Lake Shore/Michigan Express,,Sun
21:30:56,3,King Drive,,Sat
06:32:19,26,South Shore Express,,Mon,Tue,Wed,Thu,Fri
17:06:32,148,Clarendon/Michigan Express,,Mon,Tue,Wed,Thu,Fri
08:11:59,146,Inner Lake Shore/Michigan Express,,Mon,Tue,Wed,Thu,Fri
22:22:59,147,Outer DuSable Lake Shore Express,,Sat
14:44:20,146,Inner Lake Shore/Michigan Express,,Mon,Tue,Wed,Thu,Fri
14:22:13,151,Sheridan,,Mon,Tue,Wed,Thu,Fri
17:07:52,147,Outer DuSable Lake Shore Express,,Sat
17:37:53,146,Inner Lake Shore/Michigan Express,,Mon,Tue,Wed,Thu,Fri
23:06:29,146,Inner Lake Shore/Michigan Express,,Mon,Tue,Wed,Thu,Fri
03:13:40,66,Chicago,,Mon,Tue,Wed,Thu,Fri
17:33:27,3,King Drive,,Sat
20:52:09,151,Sheridan,,Sat
22:57:57,151,Sheridan,,Mon,Tue,Wed,Thu,Fri
20:56:16,3,King Drive,,Sun
16:11:09,151,Sheridan,,Sun
12:38:20,146,Inner Lake Shore/Michigan Express,,Sat
23:59:53,151,Sheridan,,Mon,Tue,Wed,Thu,Fri
11:25:09,147,Outer DuSable Lake Shore Express,,Sun
12:12:50,146,Inner Lake Shore/Michigan Express,,Mon,Tue,Wed,Thu,Fri
22:29:16,147,Outer DuSable Lake Shore Express,,Mon,Tue,Wed,Thu,Fri
11:14:52,146,Inner Lake Shore/Michigan Express,,Sun
23:42:06,146,Inner Lake Shore/Michigan Express,,Sat
10:51:56,3,King Drive,,Mon,Tue,Wed,Thu,Fri
19:30:34,146,Inner Lake Shore/Michigan Express,,Mon,Tue,Wed,Thu,Fri
10:04:51,3,King Drive,,Sat
18:51:18,146,Inner Lake Shore/Michigan Express,,Mon,Tue,Wed,Thu,Fri
09:13:27,151,Sheridan,,Mon,Tue,Wed,Thu,Fri
20:52:37,3,King Drive,,Sat
18:12:45,147,Outer DuSable Lake Shore Express,,Sat
13:17:05,151,Sheridan,,Sun
22:16:16,147,Outer DuSable Lake Shore Express,,Mon,Tue,Wed,Thu,Fri
14:48:57,3,King Drive,,Sat
16:23:12,2,Hyde Park Express,,Mon,Tue,Wed,Thu,Fri
14:20:48,146,Inner Lake Shore/Michigan Express,,Sat
06:55:23,26,South Shore Express,,Mon,Tue,Wed,Thu,Fri
14:10:13,151,Sheridan,,Mon,Tue,Wed,Thu,Fri
06:06:38,146,Inner Lake Shore/Michigan Express,,Mon,Tue,Wed,Thu,Fri
16:29:26,147,Outer DuSable Lake Shore Express,,Mon,Tue,Wed,Thu,Fri
11:15:52,147,Outer DuSable Lake Shore Express,,Mon,Tue,Wed,Thu,Fri
08:40:09,147,Outer DuSable Lake Shore Express,,Mon,Tue,Wed,Thu,Fri
19:10:26,3,King Drive,,Sun
14:24:30,151,Sheridan,,Sat
17:00:39,147,Outer DuSable Lake Shore Express,,Mon,Tue,Wed,Thu,Fri
16:25:00,2,Hyde Park Express,,Mon,Tue,Wed,Thu,Fri
15:18:42,147,Outer DuSable Lake Shore Express,,Sun
11:41:06,146,Inner Lake Shore/Michigan Express,,Mon,Tue,Wed,Thu,Fri
19:24:34,146,Inner Lake Shore/Michigan Express,,Mon,Tue,Wed,Thu,Fri
08:54:01,26,South Shore Express,,Mon,Tue,Wed,Thu,Fri
11:48:36,146,Inner Lake Shore/Michigan Express,,Sat
24:01:06,146,Inner Lake Shore/Michigan Express,,Sat
19:16:12,3,King Drive,,Sat
09:54:53,151,Sheridan,,Sat
18:10:09,146,Inner Lake Shore/Michigan Express,,Sat
02:43:54,66,Chicago,,Tue,Wed,Thu,Fri,Sat
22:24:57,146,Inner Lake Shore/Michigan Express,,Sat
10:06:29,146,Inner Lake Shore/Michigan Express,,Mon,Tue,Wed,Thu,Fri
17:56:12,143,Stockton/Michigan Express,,Mon,Tue,Wed,Thu,Fri
21:53:36,146,Inner Lake Shore/Michigan Express,,Mon,Tue,Wed,Thu,Fri
14:57:02,3,King Drive,,Mon,Tue,Wed,Thu,Fri
17:27:45,157,Streeterville/Taylor,,Mon,Tue,Wed,Thu,Fri
06:06:38,146,Inner Lake Shore/Michigan Express,,Mon,Tue,Wed,Thu,Fri
08:57:26,3,King Drive,,Mon,Tue,Wed,Thu,Fri
01:39:40,151,Sheridan,,Tue,Wed,Thu,Fri,Sat
07:34:41,3,King Drive,,Sun
17:00:55,151,Sheridan,,Mon,Tue,Wed,Thu,Fri
08:04:53,151,Sheridan,,Mon,Tue,Wed,Thu,Fri
08:59:29,146,Inner Lake Shore/Michigan Express,,Mon,Tue,Wed,Thu,Fri
14:14:32,147,Outer DuSable Lake Shore Express,,Sat
15:15:04,148,Clarendon/Michigan Express,,Mon,Tue,Wed,Thu,Fri
10:06:29,146,Inner Lake Shore/Michigan Express,,Mon,Tue,Wed,Thu,Fri
14:54:20,146,Inner Lake Shore/Michigan Express,,Mon,Tue,Wed,Thu,Fri
17:17:57,146,Inner Lake Shore/Michigan Express,,Sun
12:26:17,151,Sheridan,,Sat
15:52:37,3,King Drive,,Mon,Tue,Wed,Thu,Fri
15:06:27,3,King Drive,,Sat
08:35:31,26,South Shore Express,,Mon,Tue,Wed,Thu,Fri
21:24:57,146,Inner Lake Shore/Michigan Express,,Sat
10:25:53,151,Sheridan,,Sat
15:39:58,157,Streeterville/Taylor,,Mon,Tue,Wed,Thu,Fri
17:09:27,146,Inner Lake Shore/Michigan Express,,Sun
16:51:27,3,King Drive,,Mon,Tue,Wed,Thu,Fri
22:36:35,151,Sheridan,,Sat
07:36:40,151,Sheridan,,Sun
16:40:27,3,King Drive,,Mon,Tue,Wed,Thu,Fri
20:38:36,147,Outer DuSable Lake Shore Express,,Mon,Tue,Wed,Thu,Fri
11:01:43,146,Inner Lake Shore/Michigan Express,,Mon,Tue,Wed,Thu,Fri
08:44:57,151,Sheridan,,Mon,Tue,Wed,Thu,Fri
17:57:23,146,Inner Lake Shore/Michigan Express,,Mon,Tue,Wed,Thu,Fri
17:07:07,3,King Drive,,Sun
16:31:09,151,Sheridan,,Sun
00:18:49,151,Sheridan,,Tue,Wed,Thu,Fri,Sat
18:20:39,147,Outer DuSable Lake Shore Express,,Mon,Tue,Wed,Thu,Fri
08:44:31,26,South Shore Express,,Mon,Tue,Wed,Thu,Fri
10:04:19,147,Outer DuSable Lake Shore Express,,Sun
10:00:53,151,Sheridan,,Sun
06:51:16,3,King Drive,,Mon,Tue,Wed,Thu,Fri
21:24:57,146,Inner Lake Shore/Michigan Express,,Sat
21:42:57,151,Sheridan,,Mon,Tue,Wed,Thu,Fri
17:28:38,151,Sheridan,,Sat
13:27:06,147,Outer DuSable Lake Shore Express,,Mon,Tue,Wed,Thu,Fri
14:56:08,151,Sheridan,,Sat
19:22:02,3,King Drive,,Mon,Tue,Wed,Thu,Fri
09:02:19,151,Sheridan,,Sat
23:23:36,146,Inner Lake Shore/Michigan Express,,Sat
15:51:12,147,Outer DuSable Lake Shore Express,,Sun
14:36:48,146,Inner Lake Shore/Michigan Express,,Sat
07:51:31,26,South Shore Express,,Mon,Tue,Wed,Thu,Fri
17:22:52,147,Outer DuSable Lake Shore Express,,Mon,Tue,Wed,Thu,Fri
21:40:21,3,King Drive,,Mon,Tue,Wed,Thu,Fri
21:14:16,3,King Drive,,Sun
16:15:27,146,Inner Lake Shore/Michigan Express,,Sun
19:51:21,3,King Drive,,Sun
20:09:19,147,Outer DuSable Lake Shore Express,,Sat
07:15:01,157,Streeterville/Taylor,,Mon,Tue,Wed,Thu,Fri
09:12:53,151,Sheridan,,Sat
23:12:57,151,Sheridan,,Mon,Tue,Wed,Thu,Fri
20:40:39,151,Sheridan,,Sat
07:54:41,3,King Drive,,Sun
18:52:22,3,King Drive,,Mon,Tue,Wed,Thu,Fri
22:54:13,146,Inner Lake Shore/Michigan Express,,Sat
18:47:41,146,Inner Lake Shore/Michigan Express,,Sat
06:58:46,3,King Drive,,Mon,Tue,Wed,Thu,Fri
17:32:32,143,Stockton/Michigan Express,,Mon,Tue,Wed,Thu,Fri
17:00:39,151,Sheridan,,Sun
08:54:01,26,South Shore Express,,Mon,Tue,Wed,Thu,Fri
04:13:54,66,Chicago,,Mon,Tue,Wed,Thu,Fri
22:25:29,146,Inner Lake Shore/Michigan Express,,Mon,Tue,Wed,Thu,Fri
10:27:31,26,South Shore Express,,Mon,Tue,Wed,Thu,Fri
11:21:05,151,Sheridan,,Mon,Tue,Wed,Thu,Fri
12:33:27,146,Inner Lake Shore/Michigan Express,,Mon,Tue,Wed,Thu,Fri
20:53:30,157,Streeterville/Taylor,,Mon,Tue,Wed,Thu,Fri
09:13:27,151,Sheridan,,Mon,Tue,Wed,Thu,Fri
06:44:23,26,South Shore Express,,Mon,Tue,Wed,Thu,Fri
13:17:32,3,King Drive,,Mon,Tue,Wed,Thu,Fri
16:44:19,147,Outer DuSable Lake Shore Express,,Sun
12:09:52,147,Outer DuSable Lake Shore Express,,Sun
07:05:53,2,Hyde Park Express,,Mon,Tue,Wed,Thu,Fri
17:43:19,147,Outer DuSable Lake Shore Express,,Sun
19:27:04,146,Inner Lake Shore/Michigan Express,,Sat
08:19:26,3,King Drive,,Mon,Tue,Wed,Thu,Fri
09:06:00,157,Streeterville/Taylor,,Mon,Tue,Wed,Thu,Fri
18:07:39,148,Clarendon/Michigan Express,,Mon,Tue,Wed,Thu,Fri
18:09:00,151,Sheridan,,Sat
22:12:46,3,King Drive,,Sun
07:36:01,26,South Shore Express,,Mon,Tue,Wed,Thu,Fri
21:54:57,146,Inner Lake Shore/Michigan Express,,Sat
16:06:29,147,Outer DuSable Lake Shore Express,,Sat
07:21:16,3,King Drive,,Mon,Tue,Wed,Thu,Fri
13:40:12,3,King Drive,,Sat
13:23:27,146,Inner Lake Shore/Michigan Express,,Mon,Tue,Wed,Thu,Fri
19:34:52,147,Outer DuSable Lake Shore Express,,Sun
16:48:02,147,Outer DuSable Lake Shore Express,,Mon,Tue,Wed,Thu,Fri
08:54:19,147,Outer DuSable Lake Shore Express,,Sun
07:28:46,3,King Drive,,Sat
11:43:57,151,Sheridan,,Sun
21:51:59,147,Outer DuSable Lake Shore Express,,Sat
20:56:22,147,Outer DuSable Lake Shore Express,,Mon,Tue,Wed,Thu,Fri
15:18:42,147,Outer DuSable Lake Shore Express,,Sun
16:53:19,147,Outer DuSable Lake Shore Express,,Sun
08:12:26,3,King Drive,,Mon,Tue,Wed,Thu,Fri
09:53:56,2,Hyde Park Express,,Mon,Tue,Wed,Thu,Fri
07:20:23,2,Hyde Park Express,,Mon,Tue,Wed,Thu,Fri
11:31:49,157,Streeterville/Taylor,,Mon,Tue,Wed,Thu,Fri
10:57:01,26,South Shore Express,,Mon,Tue,Wed,Thu,Fri
12:42:01,26,South Shore Express,,Mon,Tue,Wed,Thu,Fri
07:16:27,26,South Shore Express,,Mon,Tue,Wed,Thu,Fri
22:51:35,151,Sheridan,,Sat
17:18:07,3,King Drive,,Sun
19:50:59,146,Inner Lake Shore/Michigan Express,,Sun
23:06:35,151,Sheridan,,Sat
07:58:46,3,King Drive,,Sat
13:46:39,151,Sheridan,,Mon,Tue,Wed,Thu,Fri
10:34:26,147,Outer DuSable Lake Shore Express,,Sun
14:19:05,151,Sheridan,,Sun
22:43:16,147,Outer DuSable Lake Shore Express,,Mon,Tue,Wed,Thu,Fri
17:18:22,147,Outer DuSable Lake Shore Express,,Mon,Tue,Wed,Thu,Fri
21:37:09,151,Sheridan,,Sat
09:37:31,26,South Shore Express,,Mon,Tue,Wed,Thu,Fri
20:02:36,147,Outer DuSable Lake Shore Express,,Mon,Tue,Wed,Thu,Fri
23:03:21,3,King Drive,,Mon,Tue,Wed,Thu,Fri
20:59:57,146,Inner Lake Shore/Michigan Express,,Sat
10:24:01,151,Sheridan,,Mon,Tue,Wed,Thu,Fri
15:58:27,146,Inner Lake Shore/Michigan Express,,Sun
22:01:59,147,Outer DuSable Lake Shore Express,,Sat
22:30:56,3,King Drive,,Sat
15:15:27,3,King Drive,,Sat
12:15:20,146,Inner Lake Shore/Michigan Express,,Sat
00:34:15,151,Sheridan,,Mon
08:54:19,147,Outer DuSable Lake Shore Express,,Sun
09:23:23,151,Sheridan,,Sat
21:06:52,147,Outer DuSable Lake Shore Express,,Sun
15:15:58,157,Streeterville/Taylor,,Mon,Tue,Wed,Thu,Fri
15:15:58,157,Streeterville/Taylor,,Mon,Tue,Wed,Thu,Fri
05:42:41,3,King Drive,,Mon,Tue,Wed,Thu,Fri
09:32:21,3,King Drive,,Sun
15:57:18,146,Inner Lake Shore/Michigan Express,,Mon,Tue,Wed,Thu,Fri
16:09:08,151,Sheridan,,Sat
19:43:57,146,Inner Lake Shore/Michigan Express,,Mon,Tue,Wed,Thu,Fri
05:51:11,3,King Drive,,Mon,Tue,Wed,Thu,Fri
17:25:16,146,Inner Lake Shore/Michigan Express,,Mon,Tue,Wed,Thu,Fri
08:03:21,3,King Drive,,Mon,Tue,Wed,Thu,Fri
21:54:22,147,Outer DuSable Lake Shore Express,,Mon,Tue,Wed,Thu,Fri
07:35:09,147,Outer DuSable Lake Shore Express,,Mon,Tue,Wed,Thu,Fri
08:54:02,147,Outer DuSable Lake Shore Express,,Sat
11:13:56,3,King Drive,,Mon,Tue,Wed,Thu,Fri
05:53:02,151,Sheridan,,Sun
09:48:23,151,Sheridan,,Sun
15:00:48,146,Inner Lake Shore/Michigan Express,,Sat
20:30:36,147,Outer DuSable Lake Shore Express,,Mon,Tue,Wed,Thu,Fri
04:43:54,66,Chicago,,Sun
22:32:46,3,King Drive,,Sun
09:02:19,151,Sheridan,,Sat
10:28:38,157,Streeterville/Taylor,,Mon,Tue,Wed,Thu,Fri
13:49:46,147,Outer DuSable Lake Shore Express,,Sun
09:35:38,146,Inner Lake Shore/Michigan Express,,Sun
10:54:01,151,Sheridan,,Sat
17:54:20,2,Hyde Park Express,,Mon,Tue,Wed,Thu,Fri
13:57:02,3,King Drive,,Sun
19:03:06,147,Outer DuSable Lake Shore Express,,Sun
13:05:46,147,Outer DuSable Lake Shore Express,,Sun
13:02:06,147,Outer DuSable Lake Shore Express,,Mon,Tue,Wed,Thu,Fri
17:08:15,147,Outer DuSable Lake Shore Express,,Mon,Tue,Wed,Thu,Fri
10:48:02,147,Outer DuSable Lake Shore Express,,Sun
17:05:12,151,Sheridan,,Sat
18:02:15,147,Outer DuSable Lake Shore Express,,Mon,Tue,Wed,Thu,Fri
07:06:37,2,Hyde Park Express,,Mon,Tue,Wed,Thu,Fri
11:01:09,147,Outer DuSable Lake Shore Express,,Sun
16:34:19,147,Outer DuSable Lake Shore Express,,Sun
09:42:32,147,Outer DuSable Lake Shore Express,,Sat
12:58:58,157,Streeterville/Taylor,,Mon,Tue,Wed,Thu,Fri
04:13:54,66,Chicago,,Sun
15:11:39,151,Sheridan,,Sun
16:08:09,146,Inner Lake Shore/Michigan Express,,Sat
14:29:35,151,Sheridan,,Sun
23:14:46,3,King Drive,,Mon,Tue,Wed,Thu,Fri
01:45:40,151,Sheridan,,Sun
09:09:59,146,Inner Lake Shore/Michigan Express,,Mon,Tue,Wed,Thu,Fri
23:55:36,3,King Drive,,Sun
16:13:19,147,Outer DuSable Lake Shore Express,,Mon,Tue,Wed,Thu,Fri
11:26:31,26,South Shore Express,,Mon,Tue,Wed,Thu,Fri
17:21:08,151,Sheridan,,Sat
16:23:07,3,King Drive,,Sun
17:15:55,146,Inner Lake Shore/Michigan Express,,Sat
09:37:46,3,King Drive,,Sat
17:13:12,151,Sheridan,,Sat
10:04:51,3,King Drive,,Sat
16:46:29,147,Outer DuSable Lake Shore Express,,Sat
19:22:29,146,Inner Lake Shore/Michigan Express,,Sun
20:55:59,146,Inner Lake Shore/Michigan Express,,Sun
12:44:32,3,King Drive,,Sat
02:13:54,66,Chicago,,Mon
02:13:54,66,Chicago,,Mon
20:03:34,146,Inner Lake Shore/Michigan Express,,Mon,Tue,Wed,Thu,Fri
21:34:22,147,Outer DuSable Lake Shore Express,,Mon,Tue,Wed,Thu,Fri
09:41:57,151,Sheridan,,Mon,Tue,Wed,Thu,Fri
20:29:57,146,Inner Lake Shore/Michigan Express,,Sat
10:41:26,3,King Drive,,Mon,Tue,Wed,Thu,Fri
17:39:25,143,Stockton/Michigan Express,,Mon,Tue,Wed,Thu,Fri
10:51:56,3,King Drive,,Mon,Tue,Wed,Thu,Fri
17:20:55,151,Sheridan,,Mon,Tue,Wed,Thu,Fri
19:18:11,146,Inner Lake Shore/Michigan Express,,Mon,Tue,Wed,Thu,Fri
19:06:07,3,King Drive,,Mon,Tue,Wed,Thu,Fri
15:11:39,151,Sheridan,,Sun
18:40:13,146,Inner Lake Shore/Michigan Express,,Sun
20:17:49,147,Outer DuSable Lake Shore Express,,Sat
19:41:29,146,Inner Lake Shore/Michigan Express,,Sun
15:12:08,151,Sheridan,,Sat
14:05:56,147,Outer DuSable Lake Shore Express,,Sat
15:28:08,151,Sheridan,,Sat
19:50:47,151,Sheridan,,Sat
10:54:26,3,King Drive,,Sun
15:51:39,146,Inner Lake Shore/Michigan Express,,Sat
06:12:10,151,Sheridan,,Mon,Tue,Wed,Thu,Fri
16:27:27,3,King Drive,,Sat
07:53:08,146,Inner Lake Shore/Michigan Express,,Sat
18:06:55,157,Streeterville/Taylor,,Mon,Tue,Wed,Thu,Fri
10:25:53,151,Sheridan,,Sat
17:46:27,3,King Drive,,Mon,Tue,Wed,Thu,Fri
17:13:27,3,King Drive,,Sat
16:53:52,147,Outer DuSable Lake Shore Express,,Sat
18:00:55,151,Sheridan,,Mon,Tue,Wed,Thu,Fri
16:12:12,147,Outer DuSable Lake Shore Express,,Sun
18:49:56,147,Outer DuSable Lake Shore Express,,Mon,Tue,Wed,Thu,Fri
14:41:22,147,Outer DuSable Lake Shore Express,,Sat
09:48:15,146,Inner Lake Shore/Michigan Express,,Sat
22:15:56,3,King Drive,,Sat
19:31:02,3,King Drive,,Mon,Tue,Wed,Thu,Fri
16:33:38,151,Sheridan,,Sat
02:43:54,66,Chicago,,Tue,Wed,Thu,Fri,Sat
18:33:25,146,Inner Lake Shore/Michigan Express,,Sat
08:17:16,3,King Drive,,Sun
16:05:19,147,Outer DuSable Lake Shore Express,,Mon,Tue,Wed,Thu,Fri
14:32:17,3,King Drive,,Sat
20:25:37,3,King Drive,,Sat
09:06:00,157,Streeterville/Taylor,,Mon,Tue,Wed,Thu,Fri
11:52:39,151,Sheridan,,Sat
22:39:21,3,King Drive,,Mon,Tue,Wed,Thu,Fri
13:31:20,146,Inner Lake Shore/Michigan Express,,Sun
14:52:48,146,Inner Lake Shore/Michigan Express,,Sat
07:17:45,146,Inner Lake Shore/Michigan Express,,Mon,Tue,Wed,Thu,Fri
17:12:02,143,Stockton/Michigan Express,,Mon,Tue,Wed,Thu,Fri
08:35:26,147,Outer DuSable Lake Shore Express,,Sun
08:05:31,26,South Shore Express,,Mon,Tue,Wed,Thu,Fri
07:28:46,3,King Drive,,Mon,Tue,Wed,Thu,Fri
17:18:22,147,Outer DuSable Lake Shore Express,,Mon,Tue,Wed,Thu,Fri
07:59:29,146,Inner Lake Shore/Michigan Express,,Mon,Tue,Wed,Thu,Fri
14:08:32,3,King Drive,,Sun
10:48:02,147,Outer DuSable Lake Shore Express,,Sun
16:18:27,3,King Drive,,Sat
07:36:56,147,Outer DuSable Lake Shore Express,,Sun
15:41:39,151,Sheridan,,Sun
17:52:22,147,Outer DuSable Lake Shore Express,,Mon,Tue,Wed,Thu,Fri
16:57:12,151,Sheridan,,Sat
22:28:23,151,Sheridan,,Mon,Tue,Wed,Thu,Fri
14:07:12,3,King Drive,,Sat
14:41:22,3,King Drive,,Sat
17:56:12,143,Stockton/Michigan Express,,Mon,Tue,Wed,Thu,Fri
18:02:07,3,King Drive,,Sun
20:44:29,146,Inner Lake Shore/Michigan Express,,Sun
17:10:45,147,Outer DuSable Lake Shore Express,,Mon,Tue,Wed,Thu,Fri
08:49:19,151,Sheridan,,Sat
08:54:00,157,Streeterville/Taylor,,Mon,Tue,Wed,Thu,Fri
09:41:57,151,Sheridan,,Mon,Tue,Wed,Thu,Fri
15:58:27,146,Inner Lake Shore/Michigan Express,,Sun
17:38:16,148,Clarendon/Michigan Express,,Mon,Tue,Wed,Thu,Fri
07:49:26,147,Outer DuSable Lake Shore Express,,Sat
09:25:46,3,King Drive,,Sat
22:03:21,3,King Drive,,Mon,Tue,Wed,Thu,Fri
16:38:55,148,Clarendon/Michigan Express,,Mon,Tue,Wed,Thu,Fri
13:34:02,3,King Drive,,Sun
05:29:06,147,Outer DuSable Lake Shore Express,,Mon,Tue,Wed,Thu,Fri
12:24:59,147,Outer DuSable Lake Shore Express,,Sat
09:09:45,151,Sheridan,,Sun
17:21:08,151,Sheridan,,Sat
22:19:53,151,Sheridan,,Sun
14:26:42,147,Outer DuSable Lake Shore Express,,Mon,Tue,Wed,Thu,Fri
15:51:58,157,Streeterville/Taylor,,Mon,Tue,Wed,Thu,Fri
24:01:06,146,Inner Lake Shore/Michigan Express,,Sat
15:15:27,3,King Drive,,Sat
17:19:41,2,Hyde Park Express,,Mon,Tue,Wed,Thu,Fri
19:30:34,146,Inner Lake Shore/Michigan Express,,Mon,Tue,Wed,Thu,Fri
22:06:09,151,Sheridan,,Sat
13:07:49,147,Outer DuSable Lake Shore Express,,Sat
07:48:37,2,Hyde Park Express,,Mon,Tue,Wed,Thu,Fri
12:43:51,151,Sheridan,,Sat
12:08:56,3,King Drive,,Mon,Tue,Wed,Thu,Fri
16:16:09,146,Inner Lake Shore/Michigan Express,,Sat
17:20:39,151,Sheridan,,Sun
12:33:27,146,Inner Lake Shore/Michigan Express,,Mon,Tue,Wed,Thu,Fri
20:14:52,147,Outer DuSable Lake Shore Express,,Sun
10:27:31,26,South Shore Express,,Mon,Tue,Wed,Thu,Fri
08:12:08,146,Inner Lake Shore/Michigan Express,,Sat
20:39:57,146,Inner Lake Shore/Michigan Express,,Sat
23:43:23,151,Sheridan,,Mon,Tue,Wed,Thu,Fri
18:40:18,146,Inner Lake Shore/Michigan Express,,Sat
14:00:55,151,Sheridan,,Sat
23:55:36,3,King Drive,,Sun
15:10:13,151,Sheridan,,Mon,Tue,Wed,Thu,Fri
16:53:09,147,Outer DuSable Lake Shore Express,,Mon,Tue,Wed,Thu,Fri
14:43:20,146,Inner Lake Shore/Michigan Express,,Sun
09:03:57,151,Sheridan,,Mon,Tue,Wed,Thu,Fri
10:41:26,3,King Drive,,Mon,Tue,Wed,Thu,Fri
10:45:27,151,Sheridan,,Sat
13:33:20,146,Inner Lake Shore/Michigan Express,,Mon,Tue,Wed,Thu,Fri
17:31:41,2,Hyde Park Express,,Mon,Tue,Wed,Thu,Fri
08:32:15,146,Inner Lake Shore/Michigan Express,,Sat
22:43:16,147,Outer DuSable Lake Shore Express,,Mon,Tue,Wed,Thu,Fri
17:19:39,143,Stockton/Michigan Express,,Mon,Tue,Wed,Thu,Fri
17:50:53,146,Inner Lake Shore/Michigan Express,,Mon,Tue,Wed,Thu,Fri
18:40:56,147,Outer DuSable Lake Shore Express,,Mon,Tue,Wed,Thu,Fri
08:44:57,151,Sheridan,,Mon,Tue,Wed,Thu,Fri
14:28:48,146,Inner Lake Shore/Michigan Express,,Sat
20:20:36,147,Outer DuSable Lake Shore Express,,Mon,Tue,Wed,Thu,Fri
16:20:55,151,Sheridan,,Mon,Tue,Wed,Thu,Fri
22:12:57,151,Sheridan,,Mon,Tue,Wed,Thu,Fri
23:59:53,151,Sheridan,,Mon,Tue,Wed,Thu,Fri
12:33:29,147,Outer DuSable Lake Shore Express,,Mon,Tue,Wed,Thu,Fri
12:57:08,26,South Shore Express,,Mon,Tue,Wed,Thu,Fri
08:47:59,146,Inner Lake Shore/Michigan Express,,Mon,Tue,Wed,Thu,Fri
18:08:27,3,King Drive,,Mon,Tue,Wed,Thu,Fri
13:27:46,147,Outer DuSable Lake Shore Express,,Sun
18:39:25,146,Inner Lake Shore/Michigan Express,,Mon,Tue,Wed,Thu,Fri
19:31:02,3,King Drive,,Mon,Tue,Wed,Thu,Fri
21:25:22,147,Outer DuSable Lake Shore Express,,Mon,Tue,Wed,Thu,Fri
16:45:02,147,Outer DuSable Lake Shore Express,,Mon,Tue,Wed,Thu,Fri
15:26:39,146,Inner Lake Shore/Michigan Express,,Sat
06:23:10,151,Sheridan,,Sat
10:55:52,146,Inner Lake Shore/Michigan Express,,Sun
12:01:43,146,Inner Lake Shore/Michigan Express,,Mon,Tue,Wed,Thu,Fri
17:50:39,151,Sheridan,,Sun
11:23:27,151,Sheridan,,Sun
15:52:08,151,Sheridan,,Sat
17:03:19,143,Stockton/Michigan Express,,Mon,Tue,Wed,Thu,Fri
20:33:50,146,Inner Lake Shore/Michigan Express,,Mon,Tue,Wed,Thu,Fri
14:46:02,3,King Drive,,Mon,Tue,Wed,Thu,Fri
17:52:34,151,Sheridan,,Sat
17:40:52,147,Outer DuSable Lake Shore Express,,Sat
12:07:26,3,King Drive,,Sun
07:08:39,147,Outer DuSable Lake Shore Express,,Mon,Tue,Wed,Thu,Fri
16:42:29,143,Stockton/Michigan Express,,Mon,Tue,Wed,Thu,Fri
24:01:41,3,King Drive,,Mon,Tue,Wed,Thu,Fri
14:08:35,151,Sheridan,,Sun
07:27:27,26,South Shore Express,,Mon,Tue,Wed,Thu,Fri
10:54:26,3,King Drive,,Sun
08:26:45,151,Sheridan,,Sun
22:34:59,147,Outer DuSable Lake Shore Express,,Sat
17:21:00,148,Clarendon/Michigan Express,,Mon,Tue,Wed,Thu,Fri
20:19:43,151,Sheridan,,Sat
20:22:46,3,King Drive,,Sun
14:08:55,151,Sheridan,,Sat
22:27:21,3,King Drive,,Mon,Tue,Wed,Thu,Fri
06:19:19,26,South Shore Express,,Mon,Tue,Wed,Thu,Fri
08:05:26,147,Outer DuSable Lake Shore Express,,Sat
19:53:30,157,Streeterville/Taylor,,Mon,Tue,Wed,Thu,Fri
22:22:59,147,Outer DuSable Lake Shore Express,,Sat
13:06:35,151,Sheridan,,Sun
15:11:50,146,Inner Lake Shore/Michigan Express,,Sun
10:10:56,3,King Drive,,Mon,Tue,Wed,Thu,Fri
20:59:57,146,Inner Lake Shore/Michigan Express,,Sat
22:51:21,3,King Drive,,Mon,Tue,Wed,Thu,Fri
08:28:00,157,Streeterville/Taylor,,Mon,Tue,Wed,Thu,Fri
11:19:26,3,King Drive,,Sat
06:50:53,2,Hyde Park Express,,Mon,Tue,Wed,Thu,Fri
19:35:49,147,Outer DuSable Lake Shore Express,,Sat
07:12:46,3,King Drive,,Sat
14:46:13,151,Sheridan,,Mon,Tue,Wed,Thu,Fri
16:01:07,3,King Drive,,Sun
16:29:27,3,King Drive,,Mon,Tue,Wed,Thu,Fri
17:38:52,147,Outer DuSable Lake Shore Express,,Mon,Tue,Wed,Thu,Fri
09:10:56,3,King Drive,,Mon,Tue,Wed,Thu,Fri
01:09:40,151,Sheridan,,Mon
12:35:59,146,Inner Lake Shore/Michigan Express,,Sun
06:57:49,147,Outer DuSable Lake Shore Express,,Sun
16:01:21,151,Sheridan,,Mon,Tue,Wed,Thu,Fri
19:51:04,146,Inner Lake Shore/Michigan Express,,Sat
18:28:09,146,Inner Lake Shore/Michigan Express,,Mon,Tue,Wed,Thu,Fri
14:58:13,151,Sheridan,,Mon,Tue,Wed,Thu,Fri
20:48:52,147,Outer DuSable Lake Shore Express,,Sun
17:43:27,146,Inner Lake Shore/Michigan Express,,Sun
09:43:26,3,King Drive,,Mon,Tue,Wed,Thu,Fri
20:57:21,3,King Drive,,Mon,Tue,Wed,Thu,Fri
16:33:27,146,Inner Lake Shore/Michigan Express,,Sun
17:34:57,146,Inner Lake Shore/Michigan Express,,Sun
23:02:46,147,Outer DuSable Lake Shore Express,,Sat
01:29:10,151,Sheridan,,Sun
11:50:32,3,King Drive,,Sat
15:19:02,3,King Drive,,Mon,Tue,Wed,Thu,Fri
20:18:04,146,Inner Lake Shore/Michigan Express,,Mon,Tue,Wed,Thu,Fri
15:59:39,146,Inner Lake Shore/Michigan Express,,Sat
06:21:42,157,Streeterville/Taylor,,Mon,Tue,Wed,Thu,Fri
17:24:25,146,Inner Lake Shore/Michigan Express,,Sat
16:01:09,151,Sheridan,,Sun
10:38:23,151,Sheridan,,Sun
14:19:42,26,South Shore Express,,Mon,Tue,Wed,Thu,Fri
16:11:09,151,Sheridan,,Sun
09:28:31,26,South Shore Express,,Mon,Tue,Wed,Thu,Fri
15:49:29,147,Outer DuSable Lake Shore Express,,Sat
09:25:46,3,King Drive,,Sat
20:33:30,157,Streeterville/Taylor,,Mon,Tue,Wed,Thu,Fri
17:19:39,143,Stockton/Michigan Express,,Mon,Tue,Wed,Thu,Fri
16:03:04,148,Clarendon/Michigan Express,,Mon,Tue,Wed,Thu,Fri
24:01:41,3,King Drive,,Mon,Tue,Wed,Thu,Fri
16:06:48,146,Inner Lake Shore/Michigan Express,,Mon,Tue,Wed,Thu,Fri
18:02:09,146,Inner Lake Shore/Michigan Express,,Sat
20:34:02,3,King Drive,,Mon,Tue,Wed,Thu,Fri
14:53:42,26,South Shore Express,,Mon,Tue,Wed,Thu,Fri
13:15:06,147,Outer DuSable Lake Shore Express,,Mon,Tue,Wed,Thu,Fri
21:43:39,147,Outer DuSable Lake Shore Express,,Sun
12:03:13,146,Inner Lake Shore/Michigan Express,,Sat
13:37:05,151,Sheridan,,Sun
07:51:50,157,Streeterville/Taylor,,Mon,Tue,Wed,Thu,Fri
07:54:45,151,Sheridan,,Sun
18:25:51,151,Sheridan,,Sat
17:32:02,146,Inner Lake Shore/Michigan Express,,Sat
11:01:27,151,Sheridan,,Sun
13:11:06,146,Inner Lake Shore/Michigan Express,,Sun
13:23:27,146,Inner Lake Shore/Michigan Express,,Mon,Tue,Wed,Thu,Fri
12:48:29,146,Inner Lake Shore/Michigan Express,,Sun
20:49:57,146,Inner Lake Shore/Michigan Express,,Sat
15:40:27,146,Inner Lake Shore/Michigan Express,,Sun
16:18:19,147,Outer DuSable Lake Shore Express,,Mon,Tue,Wed,Thu,Fri
15:30:49,147,Outer DuSable Lake Shore Express,,Mon,Tue,Wed,Thu,Fri
15:41:47,151,Sheridan,,Mon,Tue,Wed,Thu,Fri
08:05:39,147,Outer DuSable Lake Shore Express,,Mon,Tue,Wed,Thu,Fri
13:30:08,26,South Shore Express,,Mon,Tue,Wed,Thu,Fri
05:55:36,151,Sheridan,,Mon,Tue,Wed,Thu,Fri
07:03:38,146,Inner Lake Shore/Michigan Express,,Mon,Tue,Wed,Thu,Fri
12:42:01,26,South Shore Express,,Mon,Tue,Wed,Thu,Fri
20:10:13,151,Sheridan,,Sat
17:40:45,157,Streeterville/Taylor,,Mon,Tue,Wed,Thu,Fri
10:16:51,3,King Drive,,Sun
09:33:53,151,Sheridan,,Sat
17:05:55,151,Sheridan,,Mon,Tue,Wed,Thu,Fri
14:36:42,26,South Shore Express,,Mon,Tue,Wed,Thu,Fri
20:10:29,146,Inner Lake Shore/Michigan Express,,Sun
13:03:27,146,Inner Lake Shore/Michigan Express,,Mon,Tue,Wed,Thu,Fri
13:16:46,147,Outer DuSable Lake Shore Express,,Sun
16:41:38,151,Sheridan,,Sat
14:39:35,151,Sheridan,,Sun
08:12:31,26,South Shore Express,,Mon,Tue,Wed,Thu,Fri
13:40:48,146,Inner Lake Shore/Michigan Express,,Sat
12:02:22,147,Outer DuSable Lake Shore Express,,Mon,Tue,Wed,Thu,Fri
22:22:59,146,Inner Lake Shore/Michigan Express,,Sun
08:25:27,151,Sheridan,,Mon,Tue,Wed,Thu,Fri
16:33:06,157,Streeterville/Taylor,,Mon,Tue,Wed,Thu,Fri
16:06:27,146,Inner Lake Shore/Michigan Express,,Sun
00:18:49,151,Sheridan,,Tue,Wed,Thu,Fri,Sat
19:04:41,146,Inner Lake Shore/Michigan Express,,Mon,Tue,Wed,Thu,Fri
00:15:19,151,Sheridan,,Mon
13:45:32,3,King Drive,,Sun
14:23:32,3,King Drive,,Mon,Tue,Wed,Thu,Fri
07:49:26,147,Outer DuSable Lake Shore Express,,Sat
16:24:09,146,Inner Lake Shore/Michigan Express,,Sat
06:16:11,3,King Drive,,Mon,Tue,Wed,Thu,Fri
08:04:53,151,Sheridan,,Mon,Tue,Wed,Thu,Fri
20:00:35,151,Sheridan,,Sun
14:07:20,146,Inner Lake Shore/Michigan Express,,Sun
19:43:49,147,Outer DuSable Lake Shore Express,,Sat
17:47:19,143,Stockton/Michigan Express,,Mon,Tue,Wed,Thu,Fri
09:23:19,151,Sheridan,,Sun
16:53:19,147,Outer DuSable Lake Shore Express,,Sun
17:33:22,147,Outer DuSable Lake Shore Express,,Mon,Tue,Wed,Thu,Fri
12:26:09,157,Streeterville/Taylor,,Mon,Tue,Wed,Thu,Fri
12:51:51,151,Sheridan,,Sat
06:37:49,147,Outer DuSable Lake Shore Express,,Mon,Tue,Wed,Thu,Fri
21:43:36,146,Inner Lake Shore/Michigan Express,,Mon,Tue,Wed,Thu,Fri
15:05:04,146,Inner Lake Shore/Michigan Express,,Mon,Tue,Wed,Thu,Fri
18:43:12,3,King Drive,,Sat
13:22:32,3,King Drive,,Sun
23:09:06,146,Inner Lake Shore/Michigan Express,,Sat
12:53:32,3,King Drive,,Sat
22:40:22,146,Inner Lake Shore/Michigan Express,,Sun
12:14:57,151,Sheridan,,Sun
11:47:46,147,Outer DuSable Lake Shore Express,,Sun
09:27:28,2,Hyde Park Express,,Mon,Tue,Wed,Thu,Fri
14:48:42,147,Outer DuSable Lake Shore Express,,Mon,Tue,Wed,Thu,Fri
11:12:57,151,Sheridan,,Sun
01:43:40,66,Chicago,,Sun
15:17:07,3,King Drive,,Sun
10:16:51,3,King Drive,,Sun
19:23:52,147,Outer DuSable Lake Shore Express,,Sun
12:10:39,151,Sheridan,,Mon,Tue,Wed,Thu,Fri
20:16:02,3,King Drive,,Mon,Tue,Wed,Thu,Fri
11:33:52,146,Inner Lake Shore/Michigan Express,,Sat
20:00:17,151,Sheridan,,Sat
19:13:29,146,Inner Lake Shore/Michigan Express,,Sun
12:01:43,146,Inner Lake Shore/Michigan Express,,Mon,Tue,Wed,Thu,Fri
20:19:57,146,Inner Lake Shore/Michigan Express,,Sat
12:19:26,3,King Drive,,Sun
23:42:46,147,Outer DuSable Lake Shore Express,,Sat
16:55:55,151,Sheridan,,Mon,Tue,Wed,Thu,Fri
18:56:26,3,King Drive,,Sun
09:54:53,151,Sheridan,,Sat
11:41:06,146,Inner Lake Shore/Michigan Express,,Mon,Tue,Wed,Thu,Fri
22:43:23,151,Sheridan,,Mon,Tue,Wed,Thu,Fri
11:14:09,147,Outer DuSable Lake Shore Express,,Sun
06:14:06,151,Sheridan,,Sun
16:04:38,157,Streeterville/Taylor,,Mon,Tue,Wed,Thu,Fri
03:13:40,66,Chicago,,Mon,Tue,Wed,Thu,Fri
07:16:56,147,Outer DuSable Lake Shore Express,,Sun
12:03:13,146,Inner Lake Shore/Michigan Express,,Sat
23:21:39,147,Outer DuSable Lake Shore Express,,Sun
13:46:38,26,South Shore Express,,Mon,Tue,Wed,Thu,Fri
19:35:04,146,Inner Lake Shore/Michigan Express,,Sat
10:30:32,147,Outer DuSable Lake Shore Express,,Sat
17:44:23,146,Inner Lake Shore/Michigan Express,,Mon,Tue,Wed,Thu,Fri
15:12:08,151,Sheridan,,Sat
19:53:30,157,Streeterville/Taylor,,Mon,Tue,Wed,Thu,Fri
21:54:22,147,Outer DuSable Lake Shore Express,,Mon,Tue,Wed,Thu,Fri
15:41:39,151,Sheridan,,Sun
18:37:45,147,Outer DuSable Lake Shore Express,,Sat
16:51:27,146,Inner Lake Shore/Michigan Express,,Sun
08:10:50,157,Streeterville/Taylor,,Mon,Tue,Wed,Thu,Fri
23:44:41,3,King Drive,,Mon,Tue,Wed,Thu,Fri
23:41:09,147,Outer DuSable Lake Shore Express,,Sun
16:41:09,151,Sheridan,,Sun
17:29:30,148,Clarendon/Michigan Express,,Mon,Tue,Wed,Thu,Fri
10:18:09,147,Outer DuSable Lake Shore Express,,Mon,Tue,Wed,Thu,Fri
07:33:01,146,Inner Lake Shore/Michigan Express,,Sun
00:55:45,151,Sheridan,,Sun
03:43:40,66,Chicago,,Mon,Tue,Wed,Thu,Fri
16:22:29,147,Outer DuSable Lake Shore Express,,Sat
19:11:49,147,Outer DuSable Lake Shore Express,,Mon,Tue,Wed,Thu,Fri
13:50:42,147,Outer DuSable Lake Shore Express,,Mon,Tue,Wed,Thu,Fri
14:07:20,146,Inner Lake Shore/Michigan Express,,Sun
17:33:19,147,Outer DuSable Lake Shore Express,,Sun
05:31:32,151,Sheridan,,Sun
16:50:55,151,Sheridan,,Mon,Tue,Wed,Thu,Fri
10:15:23,151,Sheridan,,Sat
23:39:15,146,Inner Lake Shore/Michigan Express,,Mon,Tue,Wed,Thu,Fri
19:02:05,151,Sheridan,,Sun
18:12:45,147,Outer DuSable Lake Shore Express,,Sat
16:15:48,146,Inner Lake Shore/Michigan Express,,Mon,Tue,Wed,Thu,Fri
18:20:45,147,Outer DuSable Lake Shore Express,,Sat
18:08:45,147,Outer DuSable Lake Shore Express,,Mon,Tue,Wed,Thu,Fri
07:16:56,147,Outer DuSable Lake Shore Express,,Sun
17:14:45,157,Streeterville/Taylor,,Mon,Tue,Wed,Thu,Fri
06:14:41,3,King Drive,,Sat
10:03:28,157,Streeterville/Taylor,,Mon,Tue,Wed,Thu,Fri
09:51:19,157,Streeterville/Taylor,,Mon,Tue,Wed,Thu,Fri
19:19:04,146,Inner Lake Shore/Michigan Express,,Sat
23:03:21,3,King Drive,,Mon,Tue,Wed,Thu,Fri
14:20:48,146,Inner Lake Shore/Michigan Express,,Sat
19:19:04,146,Inner Lake Shore/Michigan Express,,Sat
10:55:52,146,Inner Lake Shore/Michigan Express,,Sun
09:38:09,147,Outer DuSable Lake Shore Express,,Mon,Tue,Wed,Thu,Fri
08:38:16,3,King Drive,,Sun
10:35:53,151,Sheridan,,Sat
10:02:21,3,King Drive,,Sun
19:12:52,147,Outer DuSable Lake Shore Express,,Sun
00:59:40,151,Sheridan,,Tue,Wed,Thu,Fri,Sat
14:24:17,3,King Drive,,Sat
11:36:05,151,Sheridan,,Sat
07:31:52,146,Inner Lake Shore/Michigan Express,,Mon,Tue,Wed,Thu,Fri
18:44:48,146,Inner Lake Shore/Michigan Express,,Mon,Tue,Wed,Thu,Fri
21:15:20,146,Inner Lake Shore/Michigan Express,,Mon,Tue,Wed,Thu,Fri
15:40:59,147,Outer DuSable Lake Shore Express,,Sat
18:23:32,3,King Drive,,Sun
07:18:37,2,Hyde Park Express,,Mon,Tue,Wed,Thu,Fri
10:34:26,147,Outer DuSable Lake Shore Express,,Sun
18:55:34,146,Inner Lake Shore/Michigan Express,,Sat
21:40:27,151,Sheridan,,Sun
18:19:27,3,King Drive,,Mon,Tue,Wed,Thu,Fri
18:58:18,146,Inner Lake Shore/Michigan Express,,Mon,Tue,Wed,Thu,Fri
17:13:27,3,King Drive,,Mon,Tue,Wed,Thu,Fri
12:58:39,151,Sheridan,,Mon,Tue,Wed,Thu,Fri
16:40:55,151,Sheridan,,Mon,Tue,Wed,Thu,Fri
05:31:32,151,Sheridan,,Sun
20:25:57,146,Inner Lake Shore/Michigan Express,,Mon,Tue,Wed,Thu,Fri
22:13:59,146,Inner Lake Shore/Michigan Express,,Mon,Tue,Wed,Thu,Fri
17:03:19,147,Outer DuSable Lake Shore Express,,Sun
18:42:48,148,Clarendon/Michigan Express,,Mon,Tue,Wed,Thu,Fri
05:51:11,3,King Drive,,Mon,Tue,Wed,Thu,Fri
15:00:19,147,Outer DuSable Lake Shore Express,,Mon,Tue,Wed,Thu,Fri
13:57:26,147,Outer DuSable Lake Shore Express,,Sat
20:03:34,146,Inner Lake Shore/Michigan Express,,Mon,Tue,Wed,Thu,Fri
01:13:54,66,Chicago,,Tue,Wed,Thu,Fri,Sat
12:19:26,3,King Drive,,Sun
19:03:04,146,Inner Lake Shore/Michigan Express,,Sat
17:46:30,148,Clarendon/Michigan Express,,Mon,Tue,Wed,Thu,Fri
09:36:19,151,Sheridan,,Sun
12:33:29,147,Outer DuSable Lake Shore Express,,Mon,Tue,Wed,Thu,Fri
17:55:45,147,Outer DuSable Lake Shore Express,,Sat
13:49:20,146,Inner Lake Shore/Michigan Express,,Sun
12:25:27,151,Sheridan,,Sun
22:03:21,3,King Drive,,Mon,Tue,Wed,Thu,Fri
10:38:09,147,Outer DuSable Lake Shore Express,,Mon,Tue,Wed,Thu,Fri
12:54:46,147,Outer DuSable Lake Shore Express,,Sun
11:47:22,147,Outer DuSable Lake Shore Express,,Mon,Tue,Wed,Thu,Fri
17:18:07,3,King Drive,,Sun
09:29:15,146,Inner Lake Shore/Michigan Express,,Sat
05:51:19,26,South Shore Express,,Mon,Tue,Wed,Thu,Fri
12:48:20,146,Inner Lake Shore/Michigan Express,,Sat
14:45:42,147,Outer DuSable Lake Shore Express,,Sun
08:27:01,26,South Shore Express,,Mon,Tue,Wed,Thu,Fri
20:00:29,146,Inner Lake Shore/Michigan Express,,Sun
11:56:01,26,South Shore Express,,Mon,Tue,Wed,Thu,Fri
23:03:09,147,Outer DuSable Lake Shore Express,,Sun
11:11:01,151,Sheridan,,Sat
20:57:20,146,Inner Lake Shore/Michigan Express,,Mon,Tue,Wed,Thu,Fri
19:38:56,3,King Drive,,Sun
17:15:22,147,Outer DuSable Lake Shore Express,,Mon,Tue,Wed,Thu,Fri
22:24:57,146,Inner Lake Shore/Michigan Express,,Sat
08:22:39,147,Outer DuSable Lake Shore Express,,Mon,Tue,Wed,Thu,Fri
13:19:56,147,Outer DuSable Lake Shore Express,,Sat
17:26:27,146,Inner Lake Shore/Michigan Express,,Sun
00:55:45,151,Sheridan,,Sun
06:57:49,147,Outer DuSable Lake Shore Express,,Sun
23:03:16,147,Outer DuSable Lake Shore Express,,Mon,Tue,Wed,Thu,Fri
08:51:49,2,Hyde Park Express,,Mon,Tue,Wed,Thu,Fri
17:37:53,146,Inner Lake Shore/Michigan Express,,Mon,Tue,Wed,Thu,Fri
19:36:57,146,Inner Lake Shore/Michigan Express,,Mon,Tue,Wed,Thu,Fri
18:43:26,3,King Drive,,Sun
10:10:56,3,King Drive,,Mon,Tue,Wed,Thu,Fri
18:20:45,147,Outer DuSable Lake Shore Express,,Sat
09:29:15,146,Inner Lake Shore/Michigan Express,,Sat
10:58:56,3,King Drive,,Sat
13:49:58,157,Streeterville/Taylor,,Mon,Tue,Wed,Thu,Fri
15:32:04,148,Clarendon/Michigan Express,,Mon,Tue,Wed,Thu,Fri
09:12:00,157,Streeterville/Taylor,,Mon,Tue,Wed,Thu,Fri
10:43:38,157,Streeterville/Taylor,,Mon,Tue,Wed,Thu,Fri
22:24:09,147,Outer DuSable Lake Shore Express,,Sun
20:42:31,151,Sheridan,,Mon,Tue,Wed,Thu,Fri
00:39:49,151,Sheridan,,Sun
06:05:12,157,Streeterville/Taylor,,Mon,Tue,Wed,Thu,Fri
05:33:36,151,Sheridan,,Mon,Tue,Wed,Thu,Fri
20:53:19,147,Outer DuSable Lake Shore Express,,Sat
11:36:16,147,Outer DuSable Lake Shore Express,,Sun
18:06:29,143,Stockton/Michigan Express,,Mon,Tue,Wed,Thu,Fri
03:43:54,66,Chicago,,Sat
05:59:13,147,Outer DuSable Lake Shore Express,,Sat
08:34:46,3,King Drive,,Sat
12:58:32,3,King Drive,,Sun
08:33:26,3,King Drive,,Mon,Tue,Wed,Thu,Fri
06:39:21,157,Streeterville/Taylor,,Mon,Tue,Wed,Thu,Fri
15:19:02,3,King Drive,,Mon,Tue,Wed,Thu,Fri
19:53:57,146,Inner Lake Shore/Michigan Express,,Sat
13:15:58,157,Streeterville/Taylor,,Mon,Tue,Wed,Thu,Fri
22:39:21,3,King Drive,,Mon,Tue,Wed,Thu,Fri
13:13:38,26,South Shore Express,,Mon,Tue,Wed,Thu,Fri
13:24:41,146,Inner Lake Shore/Michigan Express,,Sat
17:22:52,147,Outer DuSable Lake Shore Express,,Mon,Tue,Wed,Thu,Fri
18:23:19,147,Outer DuSable Lake Shore Express,,Sun
07:34:08,146,Inner Lake Shore/Michigan Express,,Sat
17:15:55,151,Sheridan,,Mon,Tue,Wed,Thu,Fri
18:43:12,3,King Drive,,Sat
13:49:46,147,Outer DuSable Lake Shore Express,,Sun
11:36:59,147,Outer DuSable Lake Shore Express,,Sat
06:05:49,26,South Shore Express,,Mon,Tue,Wed,Thu,Fri
22:25:29,146,Inner Lake Shore/Michigan Express,,Mon,Tue,Wed,Thu,Fri
19:43:04,146,Inner Lake Shore/Michigan Express,,Sat
17:15:55,146,Inner Lake Shore/Michigan Express,,Sat
12:09:09,151,Sheridan,,Sat
10:20:49,147,Outer DuSable Lake Shore Express,,Sun
12:26:32,3,King Drive,,Sat
10:39:36,146,Inner Lake Shore/Michigan Express,,Mon,Tue,Wed,Thu,Fri
21:29:21,3,King Drive,,Mon,Tue,Wed,Thu,Fri
14:03:08,26,South Shore Express,,Mon,Tue,Wed,Thu,Fri
20:29:13,151,Sheridan,,Sat
08:36:29,146,Inner Lake Shore/Michigan Express,,Mon,Tue,Wed,Thu,Fri
16:23:07,3,King Drive,,Sun
10:04:19,147,Outer DuSable Lake Shore Express,,Sun
20:22:46,3,King Drive,,Sun
19:52:19,147,Outer DuSable Lake Shore Express,,Sat
17:00:52,147,Outer DuSable Lake Shore Express,,Sat
06:21:43,147,Outer DuSable Lake Shore Express,,Mon,Tue,Wed,Thu,Fri
05:47:43,147,Outer DuSable Lake Shore Express,,Mon,Tue,Wed,Thu,Fri
16:33:06,157,Streeterville/Taylor,,Mon,Tue,Wed,Thu,Fri
05:35:45,26,South Shore Express,,Mon,Tue,Wed,Thu,Fri
23:56:38,146,Inner Lake Shore/Michigan Express,,Mon,Tue,Wed,Thu,Fri
16:41:09,151,Sheridan,,Sun
18:41:27,3,King Drive,,Mon,Tue,Wed,Thu,Fri
10:01:26,3,King Drive,,Mon,Tue,Wed,Thu,Fri
11:41:01,26,South Shore Express,,Mon,Tue,Wed,Thu,Fri
16:51:27,146,Inner Lake Shore/Michigan Express,,Sun
10:02:21,3,King Drive,,Sun
15:15:29,147,Outer DuSable Lake Shore Express,,Sat
07:03:38,146,Inner Lake Shore/Michigan Express,,Mon,Tue,Wed,Thu,Fri
20:34:02,3,King Drive,,Mon,Tue,Wed,Thu,Fri
17:43:41,2,Hyde Park Express,,Mon,Tue,Wed,Thu,Fri
20:00:35,151,Sheridan,,Sun
18:18:55,148,Clarendon/Michigan Express,,Mon,Tue,Wed,Thu,Fri
15:08:02,3,King Drive,,Mon,Tue,Wed,Thu,Fri
22:11:59,147,Outer DuSable Lake Shore Express,,Sat
13:58:20,146,Inner Lake Shore/Michigan Express,,Sun
09:26:29,2,Hyde Park Express,,Mon,Tue,Wed,Thu,Fri
12:44:32,3,King Drive,,Mon,Tue,Wed,Thu,Fri
11:11:01,151,Sheridan,,Sat
12:23:27,146,Inner Lake Shore/Michigan Express,,Mon,Tue,Wed,Thu,Fri
20:12:36,147,Outer DuSable Lake Shore Express,,Mon,Tue,Wed,Thu,Fri
12:55:19,147,Outer DuSable Lake Shore Express,,Sat
23:05:56,3,King Drive,,Sat
20:33:50,146,Inner Lake Shore/Michigan Express,,Mon,Tue,Wed,Thu,Fri
16:01:42,147,Outer DuSable Lake Shore Express,,Sun
09:38:09,147,Outer DuSable Lake Shore Express,,Mon,Tue,Wed,Thu,Fri
11:58:52,147,Outer DuSable Lake Shore Express,,Sun
11:33:52,146,Inner Lake Shore/Michigan Express,,Sat
23:56:23,151,Sheridan,,Sun
11:48:49,157,Streeterville/Taylor,,Mon,Tue,Wed,Thu,Fri
19:14:00,157,Streeterville/Taylor,,Mon,Tue,Wed,Thu,Fri
00:15:19,151,Sheridan,,Mon
10:20:56,3,King Drive,,Mon,Tue,Wed,Thu,Fri
07:33:26,147,Outer DuSable Lake Shore Express,,Sat
18:37:45,147,Outer DuSable Lake Shore Express,,Sat
18:09:00,151,Sheridan,,Sat
16:53:09,147,Outer DuSable Lake Shore Express,,Mon,Tue,Wed,Thu,Fri
09:55:08,146,Inner Lake Shore/Michigan Express,,Sun
15:30:02,3,King Drive,,Mon,Tue,Wed,Thu,Fri
21:21:27,151,Sheridan,,Sun
21:22:09,151,Sheridan,,Sat
15:44:08,151,Sheridan,,Sat
14:32:15,147,Outer DuSable Lake Shore Express,,Sat
15:57:59,147,Outer DuSable Lake Shore Express,,Sat
17:43:19,147,Outer DuSable Lake Shore Express,,Sun
21:24:43,146,Inner Lake Shore/Michigan Express,,Mon,Tue,Wed,Thu,Fri
10:59:38,157,Streeterville/Taylor,,Mon,Tue,Wed,Thu,Fri
07:16:27,26,South Shore Express,,Mon,Tue,Wed,Thu,Fri
14:53:02,3,King Drive,,Sun
14:51:58,157,Streeterville/Taylor,,Mon,Tue,Wed,Thu,Fri
20:30:52,147,Outer DuSable Lake Shore Express,,Sun
11:48:36,146,Inner Lake Shore/Michigan Express,,Sat
04:43:54,66,Chicago,,Sat
10:17:56,3,King Drive,,Sat
15:06:59,147,Outer DuSable Lake Shore Express,,Sat
15:05:04,146,Inner Lake Shore/Michigan Express,,Mon,Tue,Wed,Thu,Fri
20:29:57,146,Inner Lake Shore/Michigan Express,,Sat
10:48:56,3,King Drive,,Sat
12:57:08,26,South Shore Express,,Mon,Tue,Wed,Thu,Fri
12:17:59,147,Outer DuSable Lake Shore Express,,Mon,Tue,Wed,Thu,Fri
20:52:37,3,King Drive,,Sat
16:55:55,151,Sheridan,,Mon,Tue,Wed,Thu,Fri
09:38:58,2,Hyde Park Express,,Mon,Tue,Wed,Thu,Fri
14:49:59,147,Outer DuSable Lake Shore Express,,Sat
12:07:26,3,King Drive,,Sun
17:40:52,147,Outer DuSable Lake Shore Express,,Sat
17:25:22,147,Outer DuSable Lake Shore Express,,Mon,Tue,Wed,Thu,Fri
16:39:26,147,Outer DuSable Lake Shore Express,,Mon,Tue,Wed,Thu,Fri
06:21:42,157,Streeterville/Taylor,,Mon,Tue,Wed,Thu,Fri
14:35:02,3,King Drive,,Mon,Tue,Wed,Thu,Fri
21:51:21,3,King Drive,,Mon,Tue,Wed,Thu,Fri
10:44:22,146,Inner Lake Shore/Michigan Express,,Sat
17:33:59,147,Outer DuSable Lake Shore Express,,Sat
14:00:59,147,Outer DuSable Lake Shore Express,,Sun
07:14:41,3,King Drive,,Sun
13:02:06,147,Outer DuSable Lake Shore Express,,Mon,Tue,Wed,Thu,Fri
21:20:59,146,Inner Lake Shore/Michigan Express,,Sun
20:55:59,146,Inner Lake Shore/Michigan Express,,Sun
13:38:46,147,Outer DuSable Lake Shore Express,,Sun
08:44:31,26,South Shore Express,,Mon,Tue,Wed,Thu,Fri
11:14:09,147,Outer DuSable Lake Shore Express,,Sun
07:54:41,3,King Drive,,Sun
13:37:05,151,Sheridan,,Sun
16:31:55,146,Inner Lake Shore/Michigan Express,,Mon,Tue,Wed,Thu,Fri
19:35:04,146,Inner Lake Shore/Michigan Express,,Sat
10:25:53,151,Sheridan,,Sun
14:06:58,157,Streeterville/Taylor,,Mon,Tue,Wed,Thu,Fri
13:40:12,3,King Drive,,Sat
01:39:40,151,Sheridan,,Tue,Wed,Thu,Fri,Sat
12:08:59,147,Outer DuSable Lake Shore Express,,Sat
01:43:54,66,Chicago,,Mon
07:00:26,147,Outer DuSable Lake Shore Express,,Sat
23:21:35,151,Sheridan,,Sat
14:34:20,146,Inner Lake Shore/Michigan Express,,Sun
06:54:46,3,King Drive,,Sat
17:54:05,157,Streeterville/Taylor,,Mon,Tue,Wed,Thu,Fri
22:27:21,3,King Drive,,Mon,Tue,Wed,Thu,Fri
13:57:05,151,Sheridan,,Sun
06:43:40,151,Sheridan,,Sat
13:09:51,151,Sheridan,,Sat
13:32:48,146,Inner Lake Shore/Michigan Express,,Sat
16:45:27,3,King Drive,,Sat
15:48:49,147,Outer DuSable Lake Shore Express,,Mon,Tue,Wed,Thu,Fri
19:43:49,147,Outer DuSable Lake Shore Express,,Sat
16:19:27,157,Streeterville/Taylor,,Mon,Tue,Wed,Thu,Fri
18:06:55,157,Streeterville/Taylor,,Mon,Tue,Wed,Thu,Fri
11:19:05,151,Sheridan,,Sat
12:58:27,146,Inner Lake Shore/Michigan Express,,Sat
09:32:21,3,King Drive,,Sun
21:33:36,146,Inner Lake Shore/Michigan Express,,Mon,Tue,Wed,Thu,Fri
16:33:38,151,Sheridan,,Sat
21:14:52,147,Outer DuSable Lake Shore Express,,Mon,Tue,Wed,Thu,Fri
07:06:16,3,King Drive,,Mon,Tue,Wed,Thu,Fri
17:38:00,148,Clarendon/Michigan Express,,Mon,Tue,Wed,Thu,Fri
16:31:09,151,Sheridan,,Sun
06:53:26,147,Outer DuSable Lake Shore Express,,Mon,Tue,Wed,Thu,Fri
15:31:27,146,Inner Lake Shore/Michigan Express,,Sun
16:24:27,146,Inner Lake Shore/Michigan Express,,Sun
17:27:45,157,Streeterville/Taylor,,Mon,Tue,Wed,Thu,Fri
15:46:48,146,Inner Lake Shore/Michigan Express,,Mon,Tue,Wed,Thu,Fri
08:12:31,26,South Shore Express,,Mon,Tue,Wed,Thu,Fri
12:55:19,147,Outer DuSable Lake Shore Express,,Sat
18:33:25,146,Inner Lake Shore/Michigan Express,,Sat
04:44:21,66,Chicago,,Mon,Tue,Wed,Thu,Fri
18:53:12,147,Outer DuSable Lake Shore Express,,Sun
18:43:47,151,Sheridan,,Mon,Tue,Wed,Thu,Fri
09:14:46,3,King Drive,,Sun
18:18:52,143,Stockton/Michigan Express,,Mon,Tue,Wed,Thu,Fri
18:22:06,157,Streeterville/Taylor,,Mon,Tue,Wed,Thu,Fri
07:28:53,151,Sheridan,,Mon,Tue,Wed,Thu,Fri
10:28:56,3,King Drive,,Sat
14:28:48,146,Inner Lake Shore/Michigan Express,,Sat
09:10:56,3,King Drive,,Mon,Tue,Wed,Thu,Fri
10:28:38,157,Streeterville/Taylor,,Mon,Tue,Wed,Thu,Fri
16:17:38,151,Sheridan,,Sat
09:55:08,146,Inner Lake Shore/Michigan Express,,Sun
03:43:54,66,Chicago,,Sun
13:53:20,146,Inner Lake Shore/Michigan Express,,Mon,Tue,Wed,Thu,Fri
14:57:02,3,King Drive,,Mon,Tue,Wed,Thu,Fri
15:39:07,3,King Drive,,Sun
05:39:32,151,Sheridan,,Sat
16:09:27,3,King Drive,,Sat
08:11:59,146,Inner Lake Shore/Michigan Express,,Mon,Tue,Wed,Thu,Fri
18:10:09,146,Inner Lake Shore/Michigan Express,,Sat
14:02:42,147,Outer DuSable Lake Shore Express,,Mon,Tue,Wed,Thu,Fri
01:43:54,66,Chicago,,Tue,Wed,Thu,Fri,Sat
09:03:19,2,Hyde Park Express,,Mon,Tue,Wed,Thu,Fri
22:00:23,151,Sheridan,,Sun
20:14:27,151,Sheridan,,Sun
17:08:15,147,Outer DuSable Lake Shore Express,,Mon,Tue,Wed,Thu,Fri
09:39:26,2,Hyde Park Express,,Mon,Tue,Wed,Thu,Fri
13:40:20,146,Inner Lake Shore/Michigan Express,,Sun
18:31:47,151,Sheridan,,Mon,Tue,Wed,Thu,Fri
14:19:32,3,King Drive,,Sun
01:14:07,66,Chicago,,Sun
21:20:59,146,Inner Lake Shore/Michigan Express,,Sun
22:51:21,3,King Drive,,Mon,Tue,Wed,Thu,Fri
11:26:31,26,South Shore Express,,Mon,Tue,Wed,Thu,Fri
14:51:58,157,Streeterville/Taylor,,Mon,Tue,Wed,Thu,Fri
18:55:02,147,Outer DuSable Lake Shore Express,,Sat
22:46:16,147,Outer DuSable Lake Shore Express,,Sat
15:39:58,157,Streeterville/Taylor,,Mon,Tue,Wed,Thu,Fri
11:36:59,147,Outer DuSable Lake Shore Express,,Sat
08:15:53,151,Sheridan,,Mon,Tue,Wed,Thu,Fri
10:02:01,151,Sheridan,,Mon,Tue,Wed,Thu,Fri
08:57:26,3,King Drive,,Mon,Tue,Wed,Thu,Fri
07:28:46,3,King Drive,,Mon,Tue,Wed,Thu,Fri
09:43:26,3,King Drive,,Mon,Tue,Wed,Thu,Fri
06:35:51,2,Hyde Park Express,,Mon,Tue,Wed,Thu,Fri
09:10:15,146,Inner Lake Shore/Michigan Express,,Sat
16:55:11,2,Hyde Park Express,,Mon,Tue,Wed,Thu,Fri
12:43:09,157,Streeterville/Taylor,,Mon,Tue,Wed,Thu,Fri
20:10:29,146,Inner Lake Shore/Michigan Express,,Sun
19:51:04,146,Inner Lake Shore/Michigan Express,,Sat
19:54:36,147,Outer DuSable Lake Shore Express,,Mon,Tue,Wed,Thu,Fri
05:23:41,3,King Drive,,Mon,Tue,Wed,Thu,Fri
18:30:39,151,Sheridan,,Sun
19:10:47,151,Sheridan,,Sat
13:58:12,3,King Drive,,Sat
18:03:53,146,Inner Lake Shore/Michigan Express,,Mon,Tue,Wed,Thu,Fri
17:10:55,151,Sheridan,,Mon,Tue,Wed,Thu,Fri
06:29:10,151,Sheridan,,Mon,Tue,Wed,Thu,Fri
14:44:48,146,Inner Lake Shore/Michigan Express,,Sat
16:42:27,146,Inner Lake Shore/Michigan Express,,Sun
18:26:32,147,Outer DuSable Lake Shore Express,,Mon,Tue,Wed,Thu,Fri
14:07:12,3,King Drive,,Sat
08:54:02,147,Outer DuSable Lake Shore Express,,Sat
14:49:39,151,Sheridan,,Sun
16:33:09,146,Inner Lake Shore/Michigan Express,,Sat
05:11:36,151,Sheridan,,Mon,Tue,Wed,Thu,Fri
16:01:21,151,Sheridan,,Mon,Tue,Wed,Thu,Fri
08:59:29,146,Inner Lake Shore/Michigan Express,,Mon,Tue,Wed,Thu,Fri
18:17:25,151,Sheridan,,Sat
17:25:55,151,Sheridan,,Mon,Tue,Wed,Thu,Fri
18:21:21,151,Sheridan,,Mon,Tue,Wed,Thu,Fri
22:45:56,3,King Drive,,Sat
18:51:18,146,Inner Lake Shore/Michigan Express,,Mon,Tue,Wed,Thu,Fri
16:24:56,147,Outer DuSable Lake Shore Express,,Mon,Tue,Wed,Thu,Fri
18:25:32,146,Inner Lake Shore/Michigan Express,,Sat
17:40:39,151,Sheridan,,Sun
13:58:39,151,Sheridan,,Mon,Tue,Wed,Thu,Fri
16:46:02,146,Inner Lake Shore/Michigan Express,,Mon,Tue,Wed,Thu,Fri
15:31:27,146,Inner Lake Shore/Michigan Express,,Sun
11:53:27,151,Sheridan,,Sun
16:19:18,148,Clarendon/Michigan Express,,Mon,Tue,Wed,Thu,Fri
20:52:09,151,Sheridan,,Sat
17:03:09,147,Outer DuSable Lake Shore Express,,Mon,Tue,Wed,Thu,Fri
18:32:39,143,Stockton/Michigan Express,,Mon,Tue,Wed,Thu,Fri
06:50:38,146,Inner Lake Shore/Michigan Express,,Mon,Tue,Wed,Thu,Fri
23:15:38,146,Inner Lake Shore/Michigan Express,,Sun
10:40:51,3,King Drive,,Sun
15:40:27,146,Inner Lake Shore/Michigan Express,,Sun
00:59:40,151,Sheridan,,Tue,Wed,Thu,Fri,Sat
16:57:55,148,Clarendon/Michigan Express,,Mon,Tue,Wed,Thu,Fri
19:44:39,151,Sheridan,,Mon,Tue,Wed,Thu,Fri
10:44:22,146,Inner Lake Shore/Michigan Express,,Sat
07:51:50,157,Streeterville/Taylor,,Mon,Tue,Wed,Thu,Fri
18:20:39,147,Outer DuSable Lake Shore Express,,Mon,Tue,Wed,Thu,Fri
19:24:05,151,Sheridan,,Sun
06:36:16,3,King Drive,,Mon,Tue,Wed,Thu,Fri
11:11:31,26,South Shore Express,,Mon,Tue,Wed,Thu,Fri
11:31:06,146,Inner Lake Shore/Michigan Express,,Mon,Tue,Wed,Thu,Fri
19:18:11,146,Inner Lake Shore/Michigan Express,,Mon,Tue,Wed,Thu,Fri
17:26:27,146,Inner Lake Shore/Michigan Express,,Sun
13:49:58,157,Streeterville/Taylor,,Mon,Tue,Wed,Thu,Fri
12:11:01,26,South Shore Express,,Mon,Tue,Wed,Thu,Fri
10:18:09,147,Outer DuSable Lake Shore Express,,Mon,Tue,Wed,Thu,Fri
17:03:19,143,Stockton/Michigan Express,,Mon,Tue,Wed,Thu,Fri
11:19:26,3,King Drive,,Sat
18:23:50,146,Inner Lake Shore/Michigan Express,,Sun
17:30:22,147,Outer DuSable Lake Shore Express,,Mon,Tue,Wed,Thu,Fri
08:35:31,26,South Shore Express,,Mon,Tue,Wed,Thu,Fri