arrival_time,route_short_name,route_long_name,headsign,service_days
17:57:30,28,Stony Island,,Sun
10:49:00,J14,Jeffery Jump,,Sun
14:43:52,28,Stony Island,,Mon,Tue,Wed,Thu,Fri
17:25:00,28,Stony Island,,Sun
20:05:30,15,Jeffery Local,,Sun
18:03:52,28,Stony Island,,Mon,Tue,Wed,Thu,Fri
15:39:00,28,Stony Island,,Sun
16:00:30,J14,Jeffery Jump,,Sat
15:18:00,J14,Jeffery Jump,,Sat
24:14:30,J14,Jeffery Jump,,Sat
06:29:00,J14,Jeffery Jump,,Mon,Tue,Wed,Thu,Fri
15:52:00,J14,Jeffery Jump,,Sun
10:28:00,106,East 103rd,,Sat
06:32:20,28,Stony Island,,Mon,Tue,Wed,Thu,Fri
18:48:00,J14,Jeffery Jump,,Sun
08:58:30,J14,Jeffery Jump,,Sat
24:43:00,15,Jeffery Local,,Sat
11:40:30,15,Jeffery Local,,Sat
12:40:30,J14,Jeffery Jump,,Sun
12:02:00,28,Stony Island,,Sun
09:35:30,15,Jeffery Local,,Sat
08:49:00,28,Stony Island,,Sun
13:44:20,28,Stony Island,,Mon,Tue,Wed,Thu,Fri
16:20:30,J14,Jeffery Jump,,Sat
08:28:00,28,Stony Island,,Sun
13:49:30,15,Jeffery Local,,Sun
14:37:00,15,Jeffery Local,,Mon,Tue,Wed,Thu,Fri
20:27:30,J14,Jeffery Jump,,Sun
05:39:30,15,Jeffery Local,,Mon,Tue,Wed,Thu,Fri
12:00:30,J14,Jeffery Jump,,Sun
11:24:00,28,Stony Island,,Sun
14:28:30,28,Stony Island,,Sat
23:19:00,15,Jeffery Local,,Sun
19:32:00,J14,Jeffery Jump,,Mon,Tue,Wed,Thu,Fri
10:17:00,15,Jeffery Local,,Mon,Tue,Wed,Thu,Fri
10:32:00,15,Jeffery Local,,Mon,Tue,Wed,Thu,Fri
17:12:00,J14,Jeffery Jump,,Mon,Tue,Wed,Thu,Fri
20:25:30,15,Jeffery Local,,Sun
19:40:00,28,Stony Island,,Sun
20:29:30,J14,Jeffery Jump,,Mon,Tue,Wed,Thu,Fri
06:39:00,J14,Jeffery Jump,,Mon,Tue,Wed,Thu,Fri
08:43:30,J14,Jeffery Jump,,Sat
22:57:30,15,Jeffery Local,,Mon,Tue,Wed,Thu,Fri
20:29:00,15,Jeffery Local,,Mon,Tue,Wed,Thu,Fri
15:54:30,15,Jeffery Local,,Sat
15:13:00,15,Jeffery Local,,Sun
18:05:30,15,Jeffery Local,,Mon,Tue,Wed,Thu,Fri
07:07:00,15,Jeffery Local,,Sat
08:18:00,J14,Jeffery Jump,,Mon,Tue,Wed,Thu,Fri
09:19:00,15,Jeffery Local,,Mon,Tue,Wed,Thu,Fri
07:29:30,J14,Jeffery Jump,,Sun
12:24:00,J14,Jeffery Jump,,Sun
16:20:00,J14,Jeffery Jump,,Mon,Tue,Wed,Thu,Fri
19:36:00,J14,Jeffery Jump,,Mon,Tue,Wed,Thu,Fri
15:58:00,J14,Jeffery Jump,,Sat
21:17:00,15,Jeffery Local,,Mon,Tue,Wed,Thu,Fri
19:22:00,J14,Jeffery Jump,,Mon,Tue,Wed,Thu,Fri
09:28:54,28,Stony Island,,Mon,Tue,Wed,Thu,Fri
07:24:30,15,Jeffery Local,,Sun
10:11:30,J14,Jeffery Jump,,Mon,Tue,Wed,Thu,Fri
08:57:30,15,Jeffery Local,,Sat
21:22:00,J14,Jeffery Jump,,Sat
13:42:00,J14,Jeffery Jump,,Sun
08:20:30,15,Jeffery Local,,Sun
12:47:00,28,Stony Island,,Sat
17:48:52,28,Stony Island,,Mon,Tue,Wed,Thu,Fri
12:14:00,28,Stony Island,,Sat
14:40:30,J14,Jeffery Jump,,Sun
22:49:30,J14,Jeffery Jump,,Sat
16:44:00,J14,Jeffery Jump,,Mon,Tue,Wed,Thu,Fri
12:24:00,15,Jeffery Local,,Sat
07:29:30,J14,Jeffery Jump,,Mon,Tue,Wed,Thu,Fri
21:06:00,J14,Jeffery Jump,,Sun
21:00:00,28,Stony Island,,Sun
10:10:30,J14,Jeffery Jump,,Sun
18:20:00,J14,Jeffery Jump,,Sat
16:52:00,28,Stony Island,,Sat
24:25:30,15,Jeffery Local,,Mon,Tue,Wed,Thu,Fri
07:19:00,J14,Jeffery Jump,,Mon,Tue,Wed,Thu,Fri
23:10:00,28,Stony Island,,Sat
12:42:30,J14,Jeffery Jump,,Sat
19:25:00,J14,Jeffery Jump,,Sat
14:58:00,J14,Jeffery Jump,,Sat
15:45:30,J14,Jeffery Jump,,Mon,Tue,Wed,Thu,Fri
17:12:00,J14,Jeffery Jump,,Mon,Tue,Wed,Thu,Fri
24:25:30,15,Jeffery Local,,Mon,Tue,Wed,Thu,Fri
18:50:00,J14,Jeffery Jump,,Sat
17:46:00,J14,Jeffery Jump,,Mon,Tue,Wed,Thu,Fri
09:41:00,J14,Jeffery Jump,,Sun
14:32:00,J14,Jeffery Jump,,Sun
19:58:00,15,Jeffery Local,,Sat
19:32:00,28,Stony Island,,Sat
15:19:52,28,Stony Island,,Mon,Tue,Wed,Thu,Fri
13:29:20,28,Stony Island,,Mon,Tue,Wed,Thu,Fri
21:00:00,J14,Jeffery Jump,,Sat
17:18:00,15,Jeffery Local,,Sun
20:56:30,J14,Jeffery Jump,,Sun
06:20:00,J14,Jeffery Jump,,Sun
15:40:30,J14,Jeffery Jump,,Sun
11:48:00,106,East 103rd,,Mon,Tue,Wed,Thu,Fri
08:00:00,106,East 103rd,,Mon,Tue,Wed,Thu,Fri
20:40:00,28,Stony Island,,Sun
06:22:00,15,Jeffery Local,,Mon,Tue,Wed,Thu,Fri
12:07:00,15,Jeffery Local,,Sun
05:39:30,28,Stony Island,,Mon,Tue,Wed,Thu,Fri
15:55:00,15,Jeffery Local,,Sun
18:12:00,J14,Jeffery Jump,,Mon,Tue,Wed,Thu,Fri
18:02:00,106,East 103rd,,Sat
17:39:00,J14,Jeffery Jump,,Sun
16:40:00,15,Jeffery Local,,Sat
14:34:00,J14,Jeffery Jump,,Mon,Tue,Wed,Thu,Fri
12:42:00,J14,Jeffery Jump,,Sun
17:52:30,28,Stony Island,,Sat
08:45:30,J14,Jeffery Jump,,Sat
20:22:00,J14,Jeffery Jump,,Mon,Tue,Wed,Thu,Fri
22:20:00,J14,Jeffery Jump,,Mon,Tue,Wed,Thu,Fri
12:42:00,J14,Jeffery Jump,,Sun
14:24:00,J14,Jeffery Jump,,Mon,Tue,Wed,Thu,Fri
07:59:00,28,Stony Island,,Sun
18:11:30,J14,Jeffery Jump,,Mon,Tue,Wed,Thu,Fri
06:00:30,28,Stony Island,,Mon,Tue,Wed,Thu,Fri
18:10:00,J14,Jeffery Jump,,Sun
16:01:54,28,Stony Island,,Mon,Tue,Wed,Thu,Fri
12:09:30,15,Jeffery Local,,Sat
09:39:00,28,Stony Island,,Sat
11:29:20,28,Stony Island,,Mon,Tue,Wed,Thu,Fri
19:31:30,106,East 103rd,,Mon,Tue,Wed,Thu,Fri
10:36:00,15,Jeffery Local,,Mon,Tue,Wed,Thu,Fri
12:00:30,J14,Jeffery Jump,,Sun
16:10:30,J14,Jeffery Jump,,Sat
09:32:30,15,Jeffery Local,,Sat
16:10:30,J14,Jeffery Jump,,Sun
15:05:00,28,Stony Island,,Sat
12:44:20,28,Stony Island,,Mon,Tue,Wed,Thu,Fri
18:07:30,28,Stony Island,,Sat
15:46:54,28,Stony Island,,Mon,Tue,Wed,Thu,Fri
18:33:30,28,Stony Island,,Sun
21:18:30,J14,Jeffery Jump,,Mon,Tue,Wed,Thu,Fri
09:43:30,28,Stony Island,,Sat
10:36:30,15,Jeffery Local,,Sat
10:19:30,J14,Jeffery Jump,,Sat
13:21:30,15,Jeffery Local,,Mon,Tue,Wed,Thu,Fri
20:58:30,J14,Jeffery Jump,,Mon,Tue,Wed,Thu,Fri
17:44:30,15,Jeffery Local,,Mon,Tue,Wed,Thu,Fri
08:58:54,28,Stony Island,,Mon,Tue,Wed,Thu,Fri
21:35:00,28,Stony Island,,Sat
18:46:30,15,Jeffery Local,,Sat
18:03:52,28,Stony Island,,Mon,Tue,Wed,Thu,Fri
23:45:00,J14,Jeffery Jump,,Mon,Tue,Wed,Thu,Fri
08:46:00,15,Jeffery Local,,Mon,Tue,Wed,Thu,Fri
15:45:30,J14,Jeffery Jump,,Mon,Tue,Wed,Thu,Fri
19:40:00,J14,Jeffery Jump,,Sun
18:40:00,J14,Jeffery Jump,,Sun
16:40:00,J14,Jeffery Jump,,Sat
08:45:30,J14,Jeffery Jump,,Sat
08:25:30,J14,Jeffery Jump,,Sat
19:11:30,28,Stony Island,,Sun
06:14:00,28,Stony Island,,Sat
19:37:30,J14,Jeffery Jump,,Sun
15:29:00,106,East 103rd,,Mon,Tue,Wed,Thu,Fri
16:11:30,15,Jeffery Local,,Mon,Tue,Wed,Thu,Fri
14:07:00,15,Jeffery Local,,Mon,Tue,Wed,Thu,Fri
11:29:20,28,Stony Island,,Mon,Tue,Wed,Thu,Fri
10:29:00,J14,Jeffery Jump,,Sun
18:29:00,15,Jeffery Local,,Mon,Tue,Wed,Thu,Fri
21:10:00,28,Stony Island,,Sat
04:00:00,28,Stony Island,,Mon,Tue,Wed,Thu,Fri
14:10:30,J14,Jeffery Jump,,Sun
19:42:30,15,Jeffery Local,,Sat
21:08:30,J14,Jeffery Jump,,Mon,Tue,Wed,Thu,Fri
08:15:00,15,Jeffery Local,,Sat
00:27:30,28,Stony Island,,Mon
09:08:30,J14,Jeffery Jump,,Sat
16:33:00,J14,Jeffery Jump,,Mon,Tue,Wed,Thu,Fri
20:46:30,15,Jeffery Local,,Sun
01:24:30,15,Jeffery Local,,Sun
08:25:30,J14,Jeffery Jump,,Sat
17:55:30,15,Jeffery Local,,Sat
07:25:30,15,Jeffery Local,,Sat
20:31:00,106,East 103rd,,Mon,Tue,Wed,Thu,Fri
10:54:00,106,East 103rd,,Sat
13:58:30,J14,Jeffery Jump,,Sat
14:28:30,28,Stony Island,,Sat
00:00:00,28,Stony Island,,Sun
16:25:30,28,Stony Island,,Sat
22:18:00,15,Jeffery Local,,Sat
17:22:00,J14,Jeffery Jump,,Mon,Tue,Wed,Thu,Fri
14:54:00,J14,Jeffery Jump,,Mon,Tue,Wed,Thu,Fri
06:30:00,J14,Jeffery Jump,,Mon,Tue,Wed,Thu,Fri
23:45:30,15,Jeffery Local,,Sat
19:45:00,J14,Jeffery Jump,,Mon,Tue,Wed,Thu,Fri
14:07:00,15,Jeffery Local,,Mon,Tue,Wed,Thu,Fri
09:03:00,106,East 103rd,,Mon,Tue,Wed,Thu,Fri
12:15:30,15,Jeffery Local,,Sun
12:33:30,28,Stony Island,,Sun
09:49:30,15,Jeffery Local,,Sat
15:39:30,28,Stony Island,,Mon,Tue,Wed,Thu,Fri
11:40:30,J14,Jeffery Jump,,Sun
22:35:00,15,Jeffery Local,,Sat
09:13:54,28,Stony Island,,Mon,Tue,Wed,Thu,Fri
22:00:00,28,Stony Island,,Sun
07:29:30,J14,Jeffery Jump,,Sun
18:00:00,28,Stony Island,,Sat
13:00:00,15,Jeffery Local,,Mon,Tue,Wed,Thu,Fri
21:50:00,28,Stony Island,,Sat
10:48:30,J14,Jeffery Jump,,Sat
18:21:30,J14,Jeffery Jump,,Mon,Tue,Wed,Thu,Fri
17:13:00,106,East 103rd,,Mon,Tue,Wed,Thu,Fri
14:24:00,J14,Jeffery Jump,,Mon,Tue,Wed,Thu,Fri
12:12:30,J14,Jeffery Jump,,Sat
06:35:00,J14,Jeffery Jump,,Mon,Tue,Wed,Thu,Fri
08:58:30,J14,Jeffery Jump,,Sat
14:02:00,J14,Jeffery Jump,,Sun
22:50:30,J14,Jeffery Jump,,Sun
10:16:30,J14,Jeffery Jump,,Mon,Tue,Wed,Thu,Fri
17:18:00,15,Jeffery Local,,Sun
08:02:30,15,Jeffery Local,,Mon,Tue,Wed,Thu,Fri
11:18:30,J14,Jeffery Jump,,Sun
21:06:00,J14,Jeffery Jump,,Sun
17:43:00,106,East 103rd,,Mon,Tue,Wed,Thu,Fri
21:05:00,J14,Jeffery Jump,,Mon,Tue,Wed,Thu,Fri
20:57:00,28,Stony Island,,Sat
17:28:00,106,East 103rd,,Mon,Tue,Wed,Thu,Fri
18:00:00,28,Stony Island,,Sat
18:16:30,J14,Jeffery Jump,,Mon,Tue,Wed,Thu,Fri
17:39:00,J14,Jeffery Jump,,Sun
11:04:00,J14,Jeffery Jump,,Mon,Tue,Wed,Thu,Fri
19:11:30,15,Jeffery Local,,Sat
11:24:00,28,Stony Island,,Sun
06:40:30,J14,Jeffery Jump,,Sun
09:02:30,15,Jeffery Local,,Sun
11:14:22,28,Stony Island,,Mon,Tue,Wed,Thu,Fri
11:35:00,15,Jeffery Local,,Mon,Tue,Wed,Thu,Fri
08:30:30,J14,Jeffery Jump,,Mon,Tue,Wed,Thu,Fri
18:50:00,J14,Jeffery Jump,,Sun
23:10:00,28,Stony Island,,Sat
07:44:00,28,Stony Island,,Sun
06:34:00,J14,Jeffery Jump,,Sat
23:45:00,15,Jeffery Local,,Sun
21:17:00,15,Jeffery Local,,Mon,Tue,Wed,Thu,Fri
19:11:00,28,Stony Island,,Sat
15:22:00,J14,Jeffery Jump,,Sun
10:54:00,15,Jeffery Local,,Sat
12:12:00,106,East 103rd,,Sat
13:43:00,15,Jeffery Local,,Sat
08:58:54,28,Stony Island,,Mon,Tue,Wed,Thu,Fri
10:22:00,15,Jeffery Local,,Sat
15:52:00,J14,Jeffery Jump,,Sun
09:58:54,28,Stony Island,,Mon,Tue,Wed,Thu,Fri
15:34:00,15,Jeffery Local,,Sun
12:18:00,106,East 103rd,,Mon,Tue,Wed,Thu,Fri
16:12:00,J14,Jeffery Jump,,Sun
18:14:00,15,Jeffery Local,,Sat
12:34:00,J14,Jeffery Jump,,Mon,Tue,Wed,Thu,Fri
13:37:00,15,Jeffery Local,,Mon,Tue,Wed,Thu,Fri
22:00:00,J14,Jeffery Jump,,Mon,Tue,Wed,Thu,Fri
22:12:30,J14,Jeffery Jump,,Sun
09:19:30,15,Jeffery Local,,Sun
11:09:00,J14,Jeffery Jump,,Sun
17:55:00,15,Jeffery Local,,Mon,Tue,Wed,Thu,Fri
06:49:00,J14,Jeffery Jump,,Mon,Tue,Wed,Thu,Fri
17:25:00,28,Stony Island,,Sat
19:51:00,106,East 103rd,,Mon,Tue,Wed,Thu,Fri
17:38:00,J14,Jeffery Jump,,Sat
08:45:00,28,Stony Island,,Sat
23:30:30,J14,Jeffery Jump,,Sun
09:31:00,J14,Jeffery Jump,,Sun
14:22:00,15,Jeffery Local,,Mon,Tue,Wed,Thu,Fri
16:59:30,15,Jeffery Local,,Mon,Tue,Wed,Thu,Fri
06:12:30,15,Jeffery Local,,Sun
12:47:00,15,Jeffery Local,,Sun
19:57:30,J14,Jeffery Jump,,Sun
10:11:00,J14,Jeffery Jump,,Sun
23:54:30,J14,Jeffery Jump,,Sat
15:46:54,28,Stony Island,,Mon,Tue,Wed,Thu,Fri
14:42:30,28,Stony Island,,Sat
20:20:00,28,Stony Island,,Sun
23:37:30,J14,Jeffery Jump,,Sat
20:46:00,15,Jeffery Local,,Sat
05:34:00,28,Stony Island,,Mon,Tue,Wed,Thu,Fri
14:51:30,15,Jeffery Local,,Sun
16:47:30,15,Jeffery Local,,Sun
20:22:20,28,Stony Island,,Mon,Tue,Wed,Thu,Fri
13:17:00,28,Stony Island,,Sat
12:39:30,15,Jeffery Local,,Sat
06:27:00,28,Stony Island,,Sun
22:59:30,28,Stony Island,,Mon,Tue,Wed,Thu,Fri
13:30:30,J14,Jeffery Jump,,Sun
11:14:22,28,Stony Island,,Mon,Tue,Wed,Thu,Fri
18:36:00,15,Jeffery Local,,Sun
16:40:00,15,Jeffery Local,,Mon,Tue,Wed,Thu,Fri
17:09:00,15,Jeffery Local,,Sun
16:25:30,15,Jeffery Local,,Mon,Tue,Wed,Thu,Fri
15:44:00,J14,Jeffery Jump,,Mon,Tue,Wed,Thu,Fri
20:48:30,J14,Jeffery Jump,,Mon,Tue,Wed,Thu,Fri
10:18:30,J14,Jeffery Jump,,Sat
15:06:00,15,Jeffery Local,,Mon,Tue,Wed,Thu,Fri
23:29:00,28,Stony Island,,Sat
07:03:00,15,Jeffery Local,,Sat
15:36:30,15,Jeffery Local,,Sat
18:32:00,J14,Jeffery Jump,,Mon,Tue,Wed,Thu,Fri
10:29:00,J14,Jeffery Jump,,Sat
01:45:00,15,Jeffery Local,,Tue,Wed,Thu,Fri,Sat
22:35:00,15,Jeffery Local,,Sun
22:52:30,15,Jeffery Local,,Sat
09:47:00,J14,Jeffery Jump,,Mon,Tue,Wed,Thu,Fri
21:32:00,J14,Jeffery Jump,,Sat
22:36:30,J14,Jeffery Jump,,Sun
13:59:00,28,Stony Island,,Sat
17:56:30,J14,Jeffery Jump,,Mon,Tue,Wed,Thu,Fri
13:59:00,28,Stony Island,,Sat
22:17:48,28,Stony Island,,Mon,Tue,Wed,Thu,Fri
09:00:30,J14,Jeffery Jump,,Sun
07:24:30,106,East 103rd,,Mon,Tue,Wed,Thu,Fri
23:59:30,28,Stony Island,,Mon,Tue,Wed,Thu,Fri
14:12:00,J14,Jeffery Jump,,Sun
12:54:00,J14,Jeffery Jump,,Mon,Tue,Wed,Thu,Fri
10:56:30,15,Jeffery Local,,Sun
19:20:00,15,Jeffery Local,,Sun
10:33:00,106,East 103rd,,Mon,Tue,Wed,Thu,Fri
12:06:00,15,Jeffery Local,,Sat
09:11:30,J14,Jeffery Jump,,Mon,Tue,Wed,Thu,Fri
17:40:00,15,Jeffery Local,,Sat
22:40:30,15,Jeffery Local,,Sat
09:58:00,15,Jeffery Local,,Sun
16:04:30,15,Jeffery Local,,Sun
18:56:30,J14,Jeffery Jump,,Mon,Tue,Wed,Thu,Fri
15:34:30,15,Jeffery Local,,Mon,Tue,Wed,Thu,Fri
17:40:00,15,Jeffery Local,,Sat
19:51:50,28,Stony Island,,Mon,Tue,Wed,Thu,Fri
15:18:00,106,East 103rd,,Mon,Tue,Wed,Thu,Fri
15:27:00,J14,Jeffery Jump,,Mon,Tue,Wed,Thu,Fri
17:38:00,106,East 103rd,,Sat
12:45:00,15,Jeffery Local,,Mon,Tue,Wed,Thu,Fri
17:40:00,J14,Jeffery Jump,,Sat
09:32:00,15,Jeffery Local,,Mon,Tue,Wed,Thu,Fri
12:55:30,15,Jeffery Local,,Sun
12:55:30,15,Jeffery Local,,Sat
22:13:00,28,Stony Island,,Sat
17:10:30,28,Stony Island,,Sat
18:18:00,28,Stony Island,,Sat
19:54:30,J14,Jeffery Jump,,Mon,Tue,Wed,Thu,Fri
16:52:00,J14,Jeffery Jump,,Sun
10:07:00,J14,Jeffery Jump,,Mon,Tue,Wed,Thu,Fri
15:08:00,106,East 103rd,,Sat
07:26:24,28,Stony Island,,Mon,Tue,Wed,Thu,Fri
07:30:30,15,Jeffery Local,,Sat
10:11:00,J14,Jeffery Jump,,Sat
09:18:30,J14,Jeffery Jump,,Sat
18:42:00,15,Jeffery Local,,Mon,Tue,Wed,Thu,Fri
09:11:30,J14,Jeffery Jump,,Mon,Tue,Wed,Thu,Fri
07:41:30,J14,Jeffery Jump,,Sun
21:23:30,28,Stony Island,,Sun
04:30:00,28,Stony Island,,Mon,Tue,Wed,Thu,Fri
19:27:30,J14,Jeffery Jump,,Mon,Tue,Wed,Thu,Fri
17:13:00,106,East 103rd,,Mon,Tue,Wed,Thu,Fri
11:35:00,15,Jeffery Local,,Mon,Tue,Wed,Thu,Fri
12:15:30,15,Jeffery Local,,Mon,Tue,Wed,Thu,Fri
17:00:00,J14,Jeffery Jump,,Sat
21:42:00,J14,Jeffery Jump,,Sat
22:42:00,28,Stony Island,,Sun
09:10:30,28,Stony Island,,Sun
06:34:00,15,Jeffery Local,,Sun
11:58:30,J14,Jeffery Jump,,Sat
09:15:00,15,Jeffery Local,,Sat
11:46:00,15,Jeffery Local,,Sun
22:51:00,28,Stony Island,,Sat
14:10:00,15,Jeffery Local,,Sun
16:23:00,106,East 103rd,,Sat
14:18:00,J14,Jeffery Jump,,Sat
11:01:30,15,Jeffery Local,,Mon,Tue,Wed,Thu,Fri
12:42:00,28,Stony Island,,Sat
12:56:00,28,Stony Island,,Sat
14:57:22,28,Stony Island,,Mon,Tue,Wed,Thu,Fri
08:46:00,15,Jeffery Local,,Mon,Tue,Wed,Thu,Fri
18:10:00,J14,Jeffery Jump,,Sat
21:43:00,28,Stony Island,,Sun
08:28:24,28,Stony Island,,Mon,Tue,Wed,Thu,Fri
20:14:00,J14,Jeffery Jump,,Sat
21:32:00,J14,Jeffery Jump,,Sat
23:06:00,15,Jeffery Local,,Mon,Tue,Wed,Thu,Fri
16:23:00,106,East 103rd,,Sat
08:52:30,J14,Jeffery Jump,,Mon,Tue,Wed,Thu,Fri
10:23:30,15,Jeffery Local,,Mon,Tue,Wed,Thu,Fri
11:08:30,J14,Jeffery Jump,,Sat
14:56:30,15,Jeffery Local,,Mon,Tue,Wed,Thu,Fri
14:26:30,15,Jeffery Local,,Sat
13:10:30,J14,Jeffery Jump,,Sun
06:34:00,J14,Jeffery Jump,,Sat
15:39:30,15,Jeffery Local,,Sat
11:56:30,J14,Jeffery Jump,,Sat
09:57:00,28,Stony Island,,Sun
04:30:00,15,Jeffery Local,,Sat
21:24:30,J14,Jeffery Jump,,Sun
10:27:00,28,Stony Island,,Sun
16:51:30,28,Stony Island,,Sun
09:40:30,J14,Jeffery Jump,,Sun
11:11:00,J14,Jeffery Jump,,Sun
19:20:00,28,Stony Island,,Sun
24:14:30,J14,Jeffery Jump,,Sat
17:34:30,15,Jeffery Local,,Mon,Tue,Wed,Thu,Fri
04:00:00,28,Stony Island,,Mon,Tue,Wed,Thu,Fri
09:20:30,J14,Jeffery Jump,,Sun
15:14:00,J14,Jeffery Jump,,Mon,Tue,Wed,Thu,Fri
22:53:00,15,Jeffery Local,,Sun
17:13:00,106,East 103rd,,Sat
12:49:00,J14,Jeffery Jump,,Mon,Tue,Wed,Thu,Fri
09:22:30,J14,Jeffery Jump,,Sat
13:24:00,J14,Jeffery Jump,,Mon,Tue,Wed,Thu,Fri
20:20:00,J14,Jeffery Jump,,Sat
09:53:00,106,East 103rd,,Mon,Tue,Wed,Thu,Fri
15:24:30,15,Jeffery Local,,Sat
13:31:00,28,Stony Island,,Sat
20:00:00,J14,Jeffery Jump,,Sat
11:17:00,28,Stony Island,,Sun
09:23:00,15,Jeffery Local,,Mon,Tue,Wed,Thu,Fri
15:20:30,J14,Jeffery Jump,,Sun
23:00:30,15,Jeffery Local,,Sat
17:28:00,J14,Jeffery Jump,,Sat
19:20:00,J14,Jeffery Jump,,Sun
08:38:00,J14,Jeffery Jump,,Mon,Tue,Wed,Thu,Fri
07:24:30,15,Jeffery Local,,Sun
15:54:00,J14,Jeffery Jump,,Mon,Tue,Wed,Thu,Fri
12:44:00,J14,Jeffery Jump,,Mon,Tue,Wed,Thu,Fri
16:36:00,15,Jeffery Local,,Sun
22:12:00,J14,Jeffery Jump,,Sat
18:00:00,J14,Jeffery Jump,,Sat
14:20:00,28,Stony Island,,Sat
10:28:54,28,Stony Island,,Mon,Tue,Wed,Thu,Fri
12:48:30,J14,Jeffery Jump,,Sat
18:14:30,15,Jeffery Local,,Mon,Tue,Wed,Thu,Fri
12:59:00,J14,Jeffery Jump,,Mon,Tue,Wed,Thu,Fri
19:04:52,28,Stony Island,,Mon,Tue,Wed,Thu,Fri
16:01:54,28,Stony Island,,Mon,Tue,Wed,Thu,Fri
07:51:30,15,Jeffery Local,,Mon,Tue,Wed,Thu,Fri
17:48:00,J14,Jeffery Jump,,Sat
22:00:00,28,Stony Island,,Sun
13:49:00,J14,Jeffery Jump,,Mon,Tue,Wed,Thu,Fri
06:03:00,J14,Jeffery Jump,,Sat
20:03:00,28,Stony Island,,Sat
15:29:00,106,East 103rd,,Mon,Tue,Wed,Thu,Fri
19:19:30,J14,Jeffery Jump,,Mon,Tue,Wed,Thu,Fri
11:24:00,J14,Jeffery Jump,,Mon,Tue,Wed,Thu,Fri
15:50:00,28,Stony Island,,Sat
12:52:30,J14,Jeffery Jump,,Sat
13:42:00,J14,Jeffery Jump,,Sun
06:19:50,28,Stony Island,,Mon,Tue,Wed,Thu,Fri
18:21:30,J14,Jeffery Jump,,Mon,Tue,Wed,Thu,Fri
23:45:00,J14,Jeffery Jump,,Mon,Tue,Wed,Thu,Fri
06:02:30,15,Jeffery Local,,Mon,Tue,Wed,Thu,Fri
11:50:00,15,Jeffery Local,,Mon,Tue,Wed,Thu,Fri
14:28:00,J14,Jeffery Jump,,Sat
14:22:00,15,Jeffery Local,,Mon,Tue,Wed,Thu,Fri
11:25:00,15,Jeffery Local,,Sat
18:21:00,15,Jeffery Local,,Sun
18:34:52,28,Stony Island,,Mon,Tue,Wed,Thu,Fri
19:00:00,15,Jeffery Local,,Mon,Tue,Wed,Thu,Fri
08:49:00,J14,Jeffery Jump,,Mon,Tue,Wed,Thu,Fri
12:02:30,J14,Jeffery Jump,,Sat
08:03:00,J14,Jeffery Jump,,Sun
20:22:00,J14,Jeffery Jump,,Mon,Tue,Wed,Thu,Fri
13:12:00,J14,Jeffery Jump,,Sun
22:16:30,J14,Jeffery Jump,,Mon,Tue,Wed,Thu,Fri
10:11:30,J14,Jeffery Jump,,Mon,Tue,Wed,Thu,Fri
20:48:30,J14,Jeffery Jump,,Mon,Tue,Wed,Thu,Fri
21:15:00,15,Jeffery Local,,Sun
12:29:00,J14,Jeffery Jump,,Mon,Tue,Wed,Thu,Fri
18:41:00,28,Stony Island,,Sun
16:04:30,15,Jeffery Local,,Sun
11:20:30,J14,Jeffery Jump,,Sun
05:11:30,J14,Jeffery Jump,,Mon,Tue,Wed,Thu,Fri
20:30:00,J14,Jeffery Jump,,Sun
05:47:00,J14,Jeffery Jump,,Sat
21:23:30,28,Stony Island,,Sun
18:57:30,106,East 103rd,,Mon,Tue,Wed,Thu,Fri
12:48:00,106,East 103rd,,Mon,Tue,Wed,Thu,Fri
13:52:00,28,Stony Island,,Sat
09:18:30,J14,Jeffery Jump,,Sat
07:49:00,15,Jeffery Local,,Mon,Tue,Wed,Thu,Fri
06:27:00,28,Stony Island,,Sun
19:22:30,15,Jeffery Local,,Mon,Tue,Wed,Thu,Fri
21:36:30,J14,Jeffery Jump,,Mon,Tue,Wed,Thu,Fri
16:25:30,15,Jeffery Local,,Mon,Tue,Wed,Thu,Fri
13:52:00,J14,Jeffery Jump,,Sun
14:56:30,15,Jeffery Local,,Mon,Tue,Wed,Thu,Fri
14:39:30,15,Jeffery Local,,Sun
20:05:30,15,Jeffery Local,,Sun
16:58:00,J14,Jeffery Jump,,Sat
13:08:30,J14,Jeffery Jump,,Sat
18:08:00,15,Jeffery Local,,Mon,Tue,Wed,Thu,Fri
23:59:30,28,Stony Island,,Mon,Tue,Wed,Thu,Fri
17:51:30,J14,Jeffery Jump,,Mon,Tue,Wed,Thu,Fri
15:50:00,28,Stony Island,,Sat
05:36:00,15,Jeffery Local,,Mon,Tue,Wed,Thu,Fri
16:30:00,28,Stony Island,,Sun
23:39:30,15,Jeffery Local,,Mon,Tue,Wed,Thu,Fri
00:08:30,15,Jeffery Local,,Tue,Wed,Thu,Fri,Sat
12:59:20,28,Stony Island,,Mon,Tue,Wed,Thu,Fri
10:16:00,15,Jeffery Local,,Sat
12:40:00,28,Stony Island,,Sun
13:28:00,106,East 103rd,,Sat
18:26:00,15,Jeffery Local,,Mon,Tue,Wed,Thu,Fri
20:10:00,28,Stony Island,,Sat
16:43:00,106,East 103rd,,Mon,Tue,Wed,Thu,Fri
09:09:00,28,Stony Island,,Sun
12:58:30,J14,Jeffery Jump,,Sat
05:52:50,28,Stony Island,,Mon,Tue,Wed,Thu,Fri
07:19:00,J14,Jeffery Jump,,Mon,Tue,Wed,Thu,Fri
10:02:00,106,East 103rd,,Sat
18:32:00,J14,Jeffery Jump,,Mon,Tue,Wed,Thu,Fri
18:55:00,15,Jeffery Local,,Mon,Tue,Wed,Thu,Fri
16:52:00,J14,Jeffery Jump,,Mon,Tue,Wed,Thu,Fri
20:07:20,28,Stony Island,,Mon,Tue,Wed,Thu,Fri
20:06:00,15,Jeffery Local,,Sun
18:56:30,J14,Jeffery Jump,,Sat
21:32:30,15,Jeffery Local,,Mon,Tue,Wed,Thu,Fri
04:50:00,28,Stony Island,,Mon,Tue,Wed,Thu,Fri
12:49:00,J14,Jeffery Jump,,Mon,Tue,Wed,Thu,Fri
22:49:30,J14,Jeffery Jump,,Sat
15:34:30,15,Jeffery Local,,Mon,Tue,Wed,Thu,Fri
00:53:00,15,Jeffery Local,,Mon
24:04:30,15,Jeffery Local,,Sat
18:42:00,J14,Jeffery Jump,,Mon,Tue,Wed,Thu,Fri
16:16:54,28,Stony Island,,Mon,Tue,Wed,Thu,Fri
11:30:30,J14,Jeffery Jump,,Sun
20:54:00,J14,Jeffery Jump,,Sat
07:44:30,J14,Jeffery Jump,,Sat
20:55:30,15,Jeffery Local,,Sat
10:54:00,J14,Jeffery Jump,,Mon,Tue,Wed,Thu,Fri
09:33:00,106,East 103rd,,Mon,Tue,Wed,Thu,Fri
09:02:30,15,Jeffery Local,,Sun
12:27:30,15,Jeffery Local,,Sun
14:46:30,15,Jeffery Local,,Mon,Tue,Wed,Thu,Fri
14:56:30,28,Stony Island,,Sun
10:20:30,J14,Jeffery Jump,,Sun
12:51:30,15,Jeffery Local,,Mon,Tue,Wed,Thu,Fri
11:44:20,28,Stony Island,,Mon,Tue,Wed,Thu,Fri
08:40:30,J14,Jeffery Jump,,Sun
09:21:30,J14,Jeffery Jump,,Mon,Tue,Wed,Thu,Fri
08:41:30,15,Jeffery Local,,Mon,Tue,Wed,Thu,Fri
06:59:30,15,Jeffery Local,,Mon,Tue,Wed,Thu,Fri
14:04:00,J14,Jeffery Jump,,Mon,Tue,Wed,Thu,Fri
12:12:30,J14,Jeffery Jump,,Sat
05:39:30,15,Jeffery Local,,Mon,Tue,Wed,Thu,Fri
14:20:30,15,Jeffery Local,,Sat
08:15:30,15,Jeffery Local,,Mon,Tue,Wed,Thu,Fri
20:40:00,J14,Jeffery Jump,,Sun
13:48:00,106,East 103rd,,Mon,Tue,Wed,Thu,Fri
09:48:30,J14,Jeffery Jump,,Sat
08:45:00,J14,Jeffery Jump,,Sun
16:30:00,J14,Jeffery Jump,,Sat
06:33:30,15,Jeffery Local,,Sun
10:53:00,106,East 103rd,,Mon,Tue,Wed,Thu,Fri
11:36:30,J14,Jeffery Jump,,Sat
19:19:52,28,Stony Island,,Mon,Tue,Wed,Thu,Fri
18:41:00,28,Stony Island,,Sun
12:59:20,28,Stony Island,,Mon,Tue,Wed,Thu,Fri
11:55:30,15,Jeffery Local,,Sun
08:15:30,J14,Jeffery Jump,,Sat
05:05:00,28,Stony Island,,Sun
13:11:30,15,Jeffery Local,,Sat
11:15:00,28,Stony Island,,Sat
14:26:00,15,Jeffery Local,,Mon,Tue,Wed,Thu,Fri
13:27:30,15,Jeffery Local,,Sat
20:11:00,15,Jeffery Local,,Sat
09:29:00,28,Stony Island,,Sun
23:10:30,J14,Jeffery Jump,,Sun
04:30:00,15,Jeffery Local,,Sat
10:35:00,J14,Jeffery Jump,,Mon,Tue,Wed,Thu,Fri
21:20:20,28,Stony Island,,Mon,Tue,Wed,Thu,Fri
24:00:00,15,Jeffery Local,,Mon,Tue,Wed,Thu,Fri
22:51:30,J14,Jeffery Jump,,Mon,Tue,Wed,Thu,Fri
08:49:00,J14,Jeffery Jump,,Mon,Tue,Wed,Thu,Fri
17:41:00,J14,Jeffery Jump,,Mon,Tue,Wed,Thu,Fri
16:52:00,J14,Jeffery Jump,,Mon,Tue,Wed,Thu,Fri
18:11:30,J14,Jeffery Jump,,Mon,Tue,Wed,Thu,Fri
15:44:30,28,Stony Island,,Sun
16:15:00,15,Jeffery Local,,Sun
19:28:00,28,Stony Island,,Sat
13:29:00,15,Jeffery Local,,Sun
20:04:00,J14,Jeffery Jump,,Sat
16:30:30,J14,Jeffery Jump,,Sun
14:47:00,J14,Jeffery Jump,,Mon,Tue,Wed,Thu,Fri
08:00:30,28,Stony Island,,Sat
00:59:30,28,Stony Island,,Tue,Wed,Thu,Fri,Sat
00:51:30,15,Jeffery Local,,Tue,Wed,Thu,Fri,Sat
07:01:00,J14,Jeffery Jump,,Sat
19:24:00,15,Jeffery Local,,Sun
06:40:00,J14,Jeffery Jump,,Mon,Tue,Wed,Thu,Fri
15:50:30,J14,Jeffery Jump,,Sat
09:27:00,J14,Jeffery Jump,,Mon,Tue,Wed,Thu,Fri
06:39:30,28,Stony Island,,Sat
09:40:30,J14,Jeffery Jump,,Sun
18:52:00,J14,Jeffery Jump,,Mon,Tue,Wed,Thu,Fri
23:37:30,J14,Jeffery Jump,,Sat
20:50:00,J14,Jeffery Jump,,Sat
22:41:00,28,Stony Island,,Sun
12:53:00,15,Jeffery Local,,Sat
20:37:30,J14,Jeffery Jump,,Sun
18:00:30,J14,Jeffery Jump,,Sun
18:22:00,J14,Jeffery Jump,,Mon,Tue,Wed,Thu,Fri
11:01:30,J14,Jeffery Jump,,Mon,Tue,Wed,Thu,Fri
08:15:30,15,Jeffery Local,,Mon,Tue,Wed,Thu,Fri
07:59:00,J14,Jeffery Jump,,Mon,Tue,Wed,Thu,Fri
17:28:00,106,East 103rd,,Mon,Tue,Wed,Thu,Fri
05:04:30,15,Jeffery Local,,Sun
07:38:30,15,Jeffery Local,,Sun
09:30:30,J14,Jeffery Jump,,Sun
15:40:30,J14,Jeffery Jump,,Sat
10:41:30,J14,Jeffery Jump,,Mon,Tue,Wed,Thu,Fri
12:56:00,28,Stony Island,,Sun
05:48:00,J14,Jeffery Jump,,Mon,Tue,Wed,Thu,Fri
08:05:30,J14,Jeffery Jump,,Sat
08:10:00,15,Jeffery Local,,Mon,Tue,Wed,Thu,Fri
19:39:30,15,Jeffery Local,,Mon,Tue,Wed,Thu,Fri
17:41:00,J14,Jeffery Jump,,Mon,Tue,Wed,Thu,Fri
23:29:00,15,Jeffery Local,,Sat
18:16:30,J14,Jeffery Jump,,Mon,Tue,Wed,Thu,Fri
11:34:00,J14,Jeffery Jump,,Mon,Tue,Wed,Thu,Fri
14:37:00,J14,Jeffery Jump,,Mon,Tue,Wed,Thu,Fri
15:34:00,J14,Jeffery Jump,,Mon,Tue,Wed,Thu,Fri
10:56:30,J14,Jeffery Jump,,Sat
12:59:00,J14,Jeffery Jump,,Mon,Tue,Wed,Thu,Fri
05:50:00,15,Jeffery Local,,Sat
13:20:30,J14,Jeffery Jump,,Sun
22:47:30,28,Stony Island,,Mon,Tue,Wed,Thu,Fri
16:50:30,106,East 103rd,,Mon,Tue,Wed,Thu
17:10:00,15,Jeffery Local,,Sat
17:52:00,J14,Jeffery Jump,,Mon,Tue,Wed,Thu,Fri
06:43:20,28,Stony Island,,Mon,Tue,Wed,Thu,Fri
15:40:30,28,Stony Island,,Sat
11:44:00,J14,Jeffery Jump,,Mon,Tue,Wed,Thu,Fri
10:28:54,28,Stony Island,,Mon,Tue,Wed,Thu,Fri
13:18:00,106,East 103rd,,Mon,Tue,Wed,Thu,Fri
09:47:00,15,Jeffery Local,,Mon,Tue,Wed,Thu,Fri
14:43:00,106,East 103rd,,Sat
15:28:00,J14,Jeffery Jump,,Sat
20:37:30,J14,Jeffery Jump,,Sun
12:19:00,J14,Jeffery Jump,,Mon,Tue,Wed,Thu,Fri
20:13:00,J14,Jeffery Jump,,Mon,Tue,Wed,Thu,Fri
06:19:00,J14,Jeffery Jump,,Sat
00:53:00,15,Jeffery Local,,Mon
19:45:00,28,Stony Island,,Sat
13:29:20,28,Stony Island,,Mon,Tue,Wed,Thu,Fri
21:05:00,J14,Jeffery Jump,,Mon,Tue,Wed,Thu,Fri
09:27:00,J14,Jeffery Jump,,Mon,Tue,Wed,Thu,Fri
15:43:00,15,Jeffery Local,,Sun
18:42:00,15,Jeffery Local,,Sun
07:09:00,J14,Jeffery Jump,,Mon,Tue,Wed,Thu,Fri
20:50:00,28,Stony Island,,Sat
19:00:00,28,Stony Island,,Sun
00:10:30,15,Jeffery Local,,Sun
14:54:00,J14,Jeffery Jump,,Mon,Tue,Wed,Thu,Fri
20:20:00,J14,Jeffery Jump,,Sun
08:42:00,106,East 103rd,,Sat
16:52:00,J14,Jeffery Jump,,Sun
15:54:30,15,Jeffery Local,,Sat
08:05:30,J14,Jeffery Jump,,Mon,Tue,Wed,Thu,Fri
11:19:30,15,Jeffery Local,,Mon,Tue,Wed,Thu,Fri
13:52:00,15,Jeffery Local,,Mon,Tue,Wed,Thu,Fri
09:22:30,J14,Jeffery Jump,,Sat
16:22:00,J14,Jeffery Jump,,Sun
19:30:00,J14,Jeffery Jump,,Sun
06:59:00,J14,Jeffery Jump,,Mon,Tue,Wed,Thu,Fri
21:00:00,J14,Jeffery Jump,,Sun
07:43:30,J14,Jeffery Jump,,Sat
20:58:30,J14,Jeffery Jump,,Mon,Tue,Wed,Thu,Fri
22:16:30,15,Jeffery Local,,Sun
21:51:30,15,Jeffery Local,,Mon,Tue,Wed,Thu,Fri
21:30:30,15,Jeffery Local,,Mon,Tue,Wed,Thu,Fri
10:46:00,28,Stony Island,,Sun
12:38:00,106,East 103rd,,Sat
19:27:00,15,Jeffery Local,,Sat
21:49:00,15,Jeffery Local,,Mon,Tue,Wed,Thu,Fri
21:16:00,28,Stony Island,,Sat
05:03:00,J14,Jeffery Jump,,Mon,Tue,Wed,Thu,Fri
14:06:30,28,Stony Island,,Sun
09:32:30,15,Jeffery Local,,Sat
16:12:00,15,Jeffery Local,,Mon,Tue,Wed,Thu,Fri
23:00:30,15,Jeffery Local,,Sat
14:53:00,15,Jeffery Local,,Mon,Tue,Wed,Thu,Fri
09:49:00,28,Stony Island,,Sun
19:00:00,28,Stony Island,,Sun
05:18:00,15,Jeffery Local,,Mon,Tue,Wed,Thu,Fri
07:09:00,J14,Jeffery Jump,,Mon,Tue,Wed,Thu,Fri
09:07:00,J14,Jeffery Jump,,Mon,Tue,Wed,Thu,Fri
08:24:00,J14,Jeffery Jump,,Mon,Tue,Wed,Thu,Fri
15:50:30,J14,Jeffery Jump,,Sun
15:05:30,15,Jeffery Local,,Sat
11:50:30,J14,Jeffery Jump,,Mon,Tue,Wed,Thu,Fri
15:10:30,J14,Jeffery Jump,,Sat
07:46:00,106,East 103rd,,Sat
06:58:00,15,Jeffery Local,,Sun
12:18:30,J14,Jeffery Jump,,Sat
07:43:30,J14,Jeffery Jump,,Sat
10:11:00,15,Jeffery Local,,Mon,Tue,Wed,Thu,Fri
12:56:00,28,Stony Island,,Sat
11:38:30,J14,Jeffery Jump,,Sat
09:57:00,J14,Jeffery Jump,,Mon,Tue,Wed,Thu,Fri
17:57:30,28,Stony Island,,Sun
15:27:00,J14,Jeffery Jump,,Mon,Tue,Wed,Thu,Fri
17:48:52,28,Stony Island,,Mon,Tue,Wed,Thu,Fri
09:13:00,J14,Jeffery Jump,,Sat
19:20:00,J14,Jeffery Jump,,Sat
12:30:30,15,Jeffery Local,,Mon,Tue,Wed,Thu,Fri
08:38:00,J14,Jeffery Jump,,Mon,Tue,Wed,Thu,Fri
09:15:30,15,Jeffery Local,,Sat
12:30:30,J14,Jeffery Jump,,Sun
05:57:00,28,Stony Island,,Sun
16:07:30,15,Jeffery Local,,Sat
18:39:00,J14,Jeffery Jump,,Sun
19:19:30,15,Jeffery Local,,Sat
17:08:30,28,Stony Island,,Sun
08:36:00,15,Jeffery Local,,Sat
15:30:30,J14,Jeffery Jump,,Sat
20:28:30,15,Jeffery Local,,Sat
09:03:30,J14,Jeffery Jump,,Sat
14:34:00,J14,Jeffery Jump,,Mon,Tue,Wed,Thu,Fri
07:44:00,15,Jeffery Local,,Sat
11:32:30,15,Jeffery Local,,Sat
10:57:00,28,Stony Island,,Sun
19:12:30,106,East 103rd,,Mon,Tue,Wed,Thu,Fri
13:14:00,J14,Jeffery Jump,,Mon,Tue,Wed,Thu,Fri
14:13:52,28,Stony Island,,Mon,Tue,Wed,Thu,Fri
04:40:00,15,Jeffery Local,,Sun
16:55:00,15,Jeffery Local,,Sat
08:45:00,J14,Jeffery Jump,,Mon,Tue,Wed,Thu,Fri
22:38:30,J14,Jeffery Jump,,Mon,Tue,Wed,Thu,Fri
06:13:30,J14,Jeffery Jump,,Mon,Tue,Wed,Thu,Fri
12:19:00,J14,Jeffery Jump,,Mon,Tue,Wed,Thu,Fri
11:50:30,J14,Jeffery Jump,,Sun
06:53:22,28,Stony Island,,Mon,Tue,Wed,Thu,Fri
10:28:00,106,East 103rd,,Sat
17:13:00,106,East 103rd,,Sat
11:25:00,15,Jeffery Local,,Sat
15:12:00,J14,Jeffery Jump,,Sun
12:48:30,J14,Jeffery Jump,,Sat
16:28:00,J14,Jeffery Jump,,Sat
19:36:30,15,Jeffery Local,,Sat
12:44:00,J14,Jeffery Jump,,Mon,Tue,Wed,Thu,Fri
07:14:24,28,Stony Island,,Mon,Tue,Wed,Thu,Fri
19:16:00,J14,Jeffery Jump,,Sat
15:53:30,J14,Jeffery Jump,,Mon,Tue,Wed,Thu,Fri
18:38:30,28,Stony Island,,Sat
18:57:30,106,East 103rd,,Mon,Tue,Wed,Thu,Fri
06:19:30,J14,Jeffery Jump,,Mon,Tue,Wed,Thu,Fri
13:03:00,106,East 103rd,,Mon,Tue,Wed,Thu,Fri
11:08:00,15,Jeffery Local,,Sun
07:40:00,28,Stony Island,,Sat
20:46:30,J14,Jeffery Jump,,Sun
13:30:30,28,Stony Island,,Sun
07:40:00,28,Stony Island,,Sat
08:39:30,15,Jeffery Local,,Sat
10:13:54,28,Stony Island,,Mon,Tue,Wed,Thu,Fri
13:39:00,J14,Jeffery Jump,,Mon,Tue,Wed,Thu,Fri
14:26:00,15,Jeffery Local,,Mon,Tue,Wed,Thu,Fri
13:40:30,J14,Jeffery Jump,,Sat
16:25:00,15,Jeffery Local,,Sat
22:41:30,15,Jeffery Local,,Mon,Tue,Wed,Thu,Fri
10:17:00,15,Jeffery Local,,Mon,Tue,Wed,Thu,Fri
10:03:30,15,Jeffery Local,,Sun
20:24:30,15,Jeffery Local,,Sat
18:26:00,15,Jeffery Local,,Mon,Tue,Wed,Thu,Fri
12:14:00,J14,Jeffery Jump,,Mon,Tue,Wed,Thu,Fri
13:48:30,J14,Jeffery Jump,,Sat
13:27:30,15,Jeffery Local,,Sat
09:10:30,28,Stony Island,,Sun
14:40:30,28,Stony Island,,Sun
21:56:30,J14,Jeffery Jump,,Mon,Tue,Wed,Thu,Fri
18:12:00,J14,Jeffery Jump,,Mon,Tue,Wed,Thu,Fri
06:29:00,J14,Jeffery Jump,,Mon,Tue,Wed,Thu,Fri
07:34:00,J14,Jeffery Jump,,Sat
17:20:00,J14,Jeffery Jump,,Sat
11:24:00,J14,Jeffery Jump,,Mon,Tue,Wed,Thu,Fri
09:07:00,J14,Jeffery Jump,,Mon,Tue,Wed,Thu,Fri
13:14:00,J14,Jeffery Jump,,Mon,Tue,Wed,Thu,Fri
18:57:30,J14,Jeffery Jump,,Sun
21:11:00,106,East 103rd,,Mon,Tue,Wed,Thu,Fri
12:40:30,J14,Jeffery Jump,,Sun
10:35:30,28,Stony Island,,Sat
11:05:00,15,Jeffery Local,,Mon,Tue,Wed,Thu,Fri
18:09:00,J14,Jeffery Jump,,Sun
15:39:30,15,Jeffery Local,,Sat
22:47:30,28,Stony Island,,Mon,Tue,Wed,Thu,Fri
00:59:00,28,Stony Island,,Sun
23:35:00,28,Stony Island,,Sat
16:42:00,J14,Jeffery Jump,,Sun
16:31:54,28,Stony Island,,Mon,Tue,Wed,Thu,Fri
00:12:00,15,Jeffery Local,,Mon
18:16:30,15,Jeffery Local,,Mon,Tue,Wed,Thu,Fri
19:17:30,J14,Jeffery Jump,,Sun
12:22:30,15,Jeffery Local,,Sat
12:16:00,28,Stony Island,,Sat
05:04:30,15,Jeffery Local,,Sun
15:00:30,15,Jeffery Local,,Sun
18:11:00,15,Jeffery Local,,Sat
13:54:00,J14,Jeffery Jump,,Mon,Tue,Wed,Thu,Fri
23:49:00,28,Stony Island,,Sat
17:46:00,J14,Jeffery Jump,,Mon,Tue,Wed,Thu,Fri
19:27:30,J14,Jeffery Jump,,Sun
08:02:30,15,Jeffery Local,,Mon,Tue,Wed,Thu,Fri
18:43:00,15,Jeffery Local,,Mon,Tue,Wed,Thu,Fri
18:08:00,J14,Jeffery Jump,,Sat
12:52:30,J14,Jeffery Jump,,Sat
13:44:00,J14,Jeffery Jump,,Mon,Tue,Wed,Thu,Fri
07:38:30,15,Jeffery Local,,Sun
06:55:30,15,Jeffery Local,,Sun
19:42:30,15,Jeffery Local,,Sat
16:38:30,15,Jeffery Local,,Sat
13:36:30,15,Jeffery Local,,Sat
20:56:30,J14,Jeffery Jump,,Sun
21:30:00,28,Stony Island,,Sat
09:58:30,15,Jeffery Local,,Mon,Tue,Wed,Thu,Fri
22:22:00,28,Stony Island,,Sun
10:13:00,106,East 103rd,,Mon,Tue,Wed,Thu,Fri
12:55:30,15,Jeffery Local,,Sun
16:13:00,J14,Jeffery Jump,,Mon,Tue,Wed,Thu,Fri
19:57:30,J14,Jeffery Jump,,Sun
09:57:00,28,Stony Island,,Sun
17:20:00,J14,Jeffery Jump,,Sat
11:26:30,28,Stony Island,,Sat
23:44:30,15,Jeffery Local,,Sat
06:19:00,J14,Jeffery Jump,,Mon,Tue,Wed,Thu,Fri
12:24:00,J14,Jeffery Jump,,Mon,Tue,Wed,Thu,Fri
17:08:00,J14,Jeffery Jump,,Sat
05:31:00,J14,Jeffery Jump,,Sat
18:19:00,J14,Jeffery Jump,,Sun
22:02:00,J14,Jeffery Jump,,Sat
08:30:30,J14,Jeffery Jump,,Sun
08:57:30,15,Jeffery Local,,Sat
18:42:00,15,Jeffery Local,,Sat
06:58:30,28,Stony Island,,Sun
17:50:00,J14,Jeffery Jump,,Sat
21:14:00,J14,Jeffery Jump,,Sat
17:52:00,15,Jeffery Local,,Sun
20:42:00,J14,Jeffery Jump,,Mon,Tue,Wed,Thu,Fri
08:57:00,J14,Jeffery Jump,,Mon,Tue,Wed,Thu,Fri
00:34:00,28,Stony Island,,Sun
11:40:30,J14,Jeffery Jump,,Mon,Tue,Wed,Thu,Fri
17:30:30,15,Jeffery Local,,Sun
15:12:30,28,Stony Island,,Sun
09:01:30,15,Jeffery Local,,Mon,Tue,Wed,Thu,Fri
23:18:30,15,Jeffery Local,,Mon,Tue,Wed,Thu,Fri
10:08:00,28,Stony Island,,Sun
14:18:00,106,East 103rd,,Mon,Tue,Wed,Thu,Fri
07:24:30,106,East 103rd,,Mon,Tue,Wed,Thu,Fri
14:32:00,28,Stony Island,,Sun
21:38:30,15,Jeffery Local,,Sun
07:44:00,15,Jeffery Local,,Sat
06:25:30,J14,Jeffery Jump,,Mon,Tue,Wed,Thu,Fri
09:18:00,106,East 103rd,,Mon,Tue,Wed,Thu,Fri
17:00:30,J14,Jeffery Jump,,Sun
18:16:30,15,Jeffery Local,,Mon,Tue,Wed,Thu,Fri
18:49:52,28,Stony Island,,Mon,Tue,Wed,Thu,Fri
06:32:20,28,Stony Island,,Mon,Tue,Wed,Thu,Fri
16:54:00,15,Jeffery Local,,Sat
13:24:00,28,Stony Island,,Sat
20:57:00,28,Stony Island,,Sat
01:18:00,15,Jeffery Local,,Mon
06:12:30,15,Jeffery Local,,Sun
10:38:00,J14,Jeffery Jump,,Sat
17:06:00,28,Stony Island,,Sun
16:17:30,28,Stony Island,,Sun
05:47:00,J14,Jeffery Jump,,Sat
13:22:00,15,Jeffery Local,,Sat
08:34:00,15,Jeffery Local,,Sun
15:05:30,15,Jeffery Local,,Sat
21:53:30,15,Jeffery Local,,Sun
19:48:00,28,Stony Island,,Sun
14:29:00,J14,Jeffery Jump,,Mon,Tue,Wed,Thu,Fri
08:09:00,J14,Jeffery Jump,,Mon,Tue,Wed,Thu,Fri
18:40:00,J14,Jeffery Jump,,Sun
06:09:00,15,Jeffery Local,,Sun
08:25:30,J14,Jeffery Jump,,Sat
03:45:00,J14,Jeffery Jump,,Mon,Tue,Wed,Thu,Fri
11:16:30,15,Jeffery Local,,Mon,Tue,Wed,Thu,Fri
08:10:00,15,Jeffery Local,,Mon,Tue,Wed,Thu,Fri
18:27:00,J14,Jeffery Jump,,Sat
19:00:00,J14,Jeffery Jump,,Sat
23:06:00,28,Stony Island,,Sun
10:59:00,J14,Jeffery Jump,,Sun
15:09:00,15,Jeffery Local,,Mon,Tue,Wed,Thu,Fri
17:00:30,J14,Jeffery Jump,,Sun
13:30:00,15,Jeffery Local,,Mon,Tue,Wed,Thu,Fri
20:00:00,28,Stony Island,,Sun
19:55:30,15,Jeffery Local,,Mon,Tue,Wed,Thu,Fri
13:50:30,J14,Jeffery Jump,,Sun
14:28:52,28,Stony Island,,Mon,Tue,Wed,Thu,Fri
16:12:00,J14,Jeffery Jump,,Mon,Tue,Wed,Thu,Fri
22:35:00,15,Jeffery Local,,Sat
07:44:00,28,Stony Island,,Sun
11:16:00,15,Jeffery Local,,Sun
15:09:22,28,Stony Island,,Mon,Tue,Wed,Thu,Fri
18:26:30,J14,Jeffery Jump,,Mon,Tue,Wed,Thu,Fri
06:48:00,J14,Jeffery Jump,,Sat
16:32:00,J14,Jeffery Jump,,Sun
15:10:30,J14,Jeffery Jump,,Sun
07:02:54,28,Stony Island,,Mon,Tue,Wed,Thu,Fri
07:13:00,J14,Jeffery Jump,,Sat
07:00:00,28,Stony Island,,Sat
11:54:00,J14,Jeffery Jump,,Mon,Tue,Wed,Thu,Fri
09:56:00,15,Jeffery Local,,Sat
23:39:30,28,Stony Island,,Sun
19:42:00,J14,Jeffery Jump,,Mon,Tue,Wed,Thu,Fri
07:59:00,28,Stony Island,,Sun
23:10:30,15,Jeffery Local,,Sat
12:44:20,28,Stony Island,,Mon,Tue,Wed,Thu,Fri
21:26:30,J14,Jeffery Jump,,Mon,Tue,Wed,Thu,Fri
18:00:00,J14,Jeffery Jump,,Sat
13:09:00,J14,Jeffery Jump,,Mon,Tue,Wed,Thu,Fri
06:30:00,J14,Jeffery Jump,,Mon,Tue,Wed,Thu,Fri
15:55:30,28,Stony Island,,Sat
08:49:00,28,Stony Island,,Sun
07:41:30,J14,Jeffery Jump,,Sun
08:28:30,15,Jeffery Local,,Mon,Tue,Wed,Thu,Fri
23:49:00,28,Stony Island,,Sat
22:32:00,28,Stony Island,,Sat
16:04:00,J14,Jeffery Jump,,Mon,Tue,Wed,Thu,Fri
05:34:00,J14,Jeffery Jump,,Mon,Tue,Wed,Thu,Fri
13:40:30,J14,Jeffery Jump,,Sun
00:34:00,28,Stony Island,,Sun
11:05:00,28,Stony Island,,Sun
11:08:30,J14,Jeffery Jump,,Sat
11:14:00,15,Jeffery Local,,Sat
08:50:30,J14,Jeffery Jump,,Sun
20:52:00,15,Jeffery Local,,Sun
21:51:00,106,East 103rd,,Mon,Tue,Wed,Thu,Fri
11:55:30,J14,Jeffery Jump,,Sun
12:53:00,15,Jeffery Local,,Sat
20:11:00,15,Jeffery Local,,Sat
11:26:30,J14,Jeffery Jump,,Sat
22:10:00,28,Stony Island,,Sat
11:26:30,28,Stony Island,,Sat
09:35:00,15,Jeffery Local,,Mon,Tue,Wed,Thu,Fri
10:01:30,J14,Jeffery Jump,,Mon,Tue,Wed,Thu,Fri
20:11:00,15,Jeffery Local,,Mon,Tue,Wed,Thu,Fri
17:52:30,28,Stony Island,,Sat
18:36:30,J14,Jeffery Jump,,Sat
07:22:30,15,Jeffery Local,,Mon,Tue,Wed,Thu,Fri
19:20:00,J14,Jeffery Jump,,Sun
17:42:00,J14,Jeffery Jump,,Mon,Tue,Wed,Thu,Fri
16:58:00,106,East 103rd,,Mon,Tue,Wed,Thu,Fri
11:54:00,J14,Jeffery Jump,,Mon,Tue,Wed,Thu,Fri
16:28:00,106,East 103rd,,Mon,Tue,Wed,Thu,Fri
07:58:00,28,Stony Island,,Sat
12:14:00,J14,Jeffery Jump,,Mon,Tue,Wed,Thu,Fri
22:50:00,28,Stony Island,,Sat
20:29:00,15,Jeffery Local,,Sun
20:30:00,28,Stony Island,,Sat
16:36:00,28,Stony Island,,Sat
08:23:00,J14,Jeffery Jump,,Sun
08:30:30,J14,Jeffery Jump,,Mon,Tue,Wed,Thu,Fri
05:40:30,J14,Jeffery Jump,,Mon,Tue,Wed,Thu,Fri
12:10:30,J14,Jeffery Jump,,Sun
18:13:00,106,East 103rd,,Mon,Tue,Wed,Thu,Fri
19:10:00,J14,Jeffery Jump,,Sun
06:03:00,J14,Jeffery Jump,,Sat
16:00:30,28,Stony Island,,Sun
19:36:00,J14,Jeffery Jump,,Mon,Tue,Wed,Thu,Fri
23:21:00,15,Jeffery Local,,Sun
18:20:00,J14,Jeffery Jump,,Sat
16:59:00,J14,Jeffery Jump,,Mon,Tue,Wed,Thu,Fri
16:46:54,28,Stony Island,,Mon,Tue,Wed,Thu,Fri
24:09:00,28,Stony Island,,Sat
10:38:00,J14,Jeffery Jump,,Sat
15:55:00,15,Jeffery Local,,Sun
09:21:30,J14,Jeffery Jump,,Mon,Tue,Wed,Thu,Fri
09:09:30,106,East 103rd,,Sat
17:32:00,J14,Jeffery Jump,,Mon,Tue,Wed,Thu,Fri
21:20:00,28,Stony Island,,Sun
17:24:00,J14,Jeffery Jump,,Mon,Tue,Wed,Thu,Fri
19:51:50,28,Stony Island,,Mon,Tue,Wed,Thu,Fri
18:40:00,J14,Jeffery Jump,,Sat
15:00:30,J14,Jeffery Jump,,Sun
21:42:00,J14,Jeffery Jump,,Sat
22:00:00,J14,Jeffery Jump,,Mon,Tue,Wed,Thu,Fri
09:32:00,15,Jeffery Local,,Mon,Tue,Wed,Thu,Fri
17:09:00,15,Jeffery Local,,Sun
17:52:00,J14,Jeffery Jump,,Mon,Tue,Wed,Thu,Fri
17:25:00,28,Stony Island,,Sat
17:42:00,28,Stony Island,,Sat
17:56:30,J14,Jeffery Jump,,Mon,Tue,Wed,Thu,Fri
10:38:00,15,Jeffery Local,,Sat
10:43:00,28,Stony Island,,Sat
08:39:00,J14,Jeffery Jump,,Mon,Tue,Wed,Thu,Fri
18:33:30,28,Stony Island,,Sun
20:34:00,J14,Jeffery Jump,,Sat
07:11:00,15,Jeffery Local,,Mon,Tue,Wed,Thu,Fri
05:53:30,15,Jeffery Local,,Mon,Tue,Wed,Thu,Fri
12:15:30,15,Jeffery Local,,Sun
21:56:30,J14,Jeffery Jump,,Mon,Tue,Wed,Thu,Fri
18:36:00,28,Stony Island,,Sat
12:00:30,15,Jeffery Local,,Mon,Tue,Wed,Thu,Fri
12:09:00,J14,Jeffery Jump,,Mon,Tue,Wed,Thu,Fri
15:58:00,106,East 103rd,,Sat
14:22:00,J14,Jeffery Jump,,Sun
14:18:00,106,East 103rd,,Sat
14:20:00,28,Stony Island,,Sat
17:17:24,28,Stony Island,,Mon,Tue,Wed,Thu,Fri
14:32:00,28,Stony Island,,Sun
10:54:00,15,Jeffery Local,,Sat
16:48:00,28,Stony Island,,Sun
11:46:00,J14,Jeffery Jump,,Sun
06:56:00,28,Stony Island,,Sun
17:05:00,15,Jeffery Local,,Mon,Tue,Wed,Thu,Fri
14:05:30,15,Jeffery Local,,Sat
15:30:30,J14,Jeffery Jump,,Sun
17:10:30,28,Stony Island,,Sat
06:06:00,15,Jeffery Local,,Sat
15:38:00,J14,Jeffery Jump,,Sat
09:31:30,J14,Jeffery Jump,,Mon,Tue,Wed,Thu,Fri
05:19:00,J14,Jeffery Jump,,Mon,Tue,Wed,Thu,Fri
15:07:00,J14,Jeffery Jump,,Mon,Tue,Wed,Thu,Fri
11:55:30,28,Stony Island,,Sun
06:35:30,15,Jeffery Local,,Mon,Tue,Wed,Thu,Fri
14:13:00,28,Stony Island,,Sat
07:14:00,J14,Jeffery Jump,,Mon,Tue,Wed,Thu,Fri
14:40:30,28,Stony Island,,Sun
11:09:30,15,Jeffery Local,,Sat
21:34:00,J14,Jeffery Jump,,Sun
14:50:00,28,Stony Island,,Sat
11:09:30,15,Jeffery Local,,Sat
22:01:00,15,Jeffery Local,,Sat
08:21:00,15,Jeffery Local,,Sat
19:24:00,15,Jeffery Local,,Sun
19:19:30,15,Jeffery Local,,Sat
16:55:00,15,Jeffery Local,,Sat
14:50:30,J14,Jeffery Jump,,Sun
16:13:00,106,East 103rd,,Mon,Tue,Wed,Thu,Fri
16:40:30,15,Jeffery Local,,Mon,Tue,Wed,Thu,Fri
13:44:00,28,Stony Island,,Sun
19:11:00,28,Stony Island,,Sat
07:33:00,15,Jeffery Local,,Mon,Tue,Wed,Thu,Fri
12:06:00,15,Jeffery Local,,Mon,Tue,Wed,Thu,Fri
20:25:30,15,Jeffery Local,,Sun
07:20:00,28,Stony Island,,Sat
20:40:00,J14,Jeffery Jump,,Sat
13:22:30,J14,Jeffery Jump,,Sat
17:22:00,J14,Jeffery Jump,,Sun
19:10:00,J14,Jeffery Jump,,Sun
12:14:00,28,Stony Island,,Sat
06:14:00,28,Stony Island,,Sat
17:37:30,28,Stony Island,,Sat
19:04:52,28,Stony Island,,Mon,Tue,Wed,Thu,Fri
09:49:30,15,Jeffery Local,,Sat
13:36:30,15,Jeffery Local,,Sat
19:35:00,J14,Jeffery Jump,,Sat
15:50:30,J14,Jeffery Jump,,Sun
16:03:00,J14,Jeffery Jump,,Mon,Tue,Wed,Thu,Fri
11:30:30,J14,Jeffery Jump,,Mon,Tue,Wed,Thu,Fri
21:53:00,J14,Jeffery Jump,,Sun
19:54:00,J14,Jeffery Jump,,Sat
18:54:00,28,Stony Island,,Sat
07:11:00,15,Jeffery Local,,Mon,Tue,Wed,Thu,Fri
10:37:00,15,Jeffery Local,,Sun
16:34:30,28,Stony Island,,Sun
18:18:52,28,Stony Island,,Mon,Tue,Wed,Thu,Fri
14:35:30,15,Jeffery Local,,Sat
08:11:30,15,Jeffery Local,,Sun
19:03:00,15,Jeffery Local,,Sat
22:34:30,28,Stony Island,,Mon,Tue,Wed,Thu,Fri
24:29:30,28,Stony Island,,Mon,Tue,Wed,Thu,Fri
15:58:00,J14,Jeffery Jump,,Sat
11:35:30,15,Jeffery Local,,Sun
17:02:00,J14,Jeffery Jump,,Mon,Tue,Wed,Thu,Fri
05:28:00,15,Jeffery Local,,Sun
21:30:00,28,Stony Island,,Sat
14:28:52,28,Stony Island,,Mon,Tue,Wed,Thu,Fri
18:17:30,J14,Jeffery Jump,,Sat
19:27:30,J14,Jeffery Jump,,Mon,Tue,Wed,Thu,Fri
05:04:00,28,Stony Island,,Mon,Tue,Wed,Thu,Fri
05:50:00,15,Jeffery Local,,Sat
21:10:00,28,Stony Island,,Sat
10:06:00,15,Jeffery Local,,Sat
17:24:30,15,Jeffery Local,,Mon,Tue,Wed,Thu,Fri
14:00:30,J14,Jeffery Jump,,Sat
15:30:30,J14,Jeffery Jump,,Sun
15:21:00,15,Jeffery Local,,Sat
07:29:00,J14,Jeffery Jump,,Mon,Tue,Wed,Thu,Fri
16:40:30,J14,Jeffery Jump,,Sun
15:12:30,28,Stony Island,,Sun
04:15:00,J14,Jeffery Jump,,Mon,Tue,Wed,Thu,Fri
13:12:30,J14,Jeffery Jump,,Sat
14:13:52,28,Stony Island,,Mon,Tue,Wed,Thu,Fri
18:29:00,15,Jeffery Local,,Mon,Tue,Wed,Thu,Fri
19:36:30,15,Jeffery Local,,Sat
05:59:30,J14,Jeffery Jump,,Sun
18:19:00,J14,Jeffery Jump,,Sun
09:01:30,J14,Jeffery Jump,,Mon,Tue,Wed,Thu,Fri
22:16:30,15,Jeffery Local,,Mon,Tue,Wed,Thu,Fri
16:20:30,J14,Jeffery Jump,,Sun
15:10:30,28,Stony Island,,Sat
11:30:30,J14,Jeffery Jump,,Sun
16:55:30,28,Stony Island,,Sat
17:23:30,28,Stony Island,,Sat
13:18:00,106,East 103rd,,Mon,Tue,Wed,Thu,Fri
08:41:30,15,Jeffery Local,,Sun
08:04:24,28,Stony Island,,Mon,Tue,Wed,Thu,Fri
04:36:30,J14,Jeffery Jump,,Mon,Tue,Wed,Thu,Fri
07:51:24,28,Stony Island,,Mon,Tue,Wed,Thu,Fri
14:40:30,J14,Jeffery Jump,,Sun
07:14:24,28,Stony Island,,Mon,Tue,Wed,Thu,Fri
12:36:30,15,Jeffery Local,,Mon,Tue,Wed,Thu,Fri
15:10:30,28,Stony Island,,Sat
09:47:00,J14,Jeffery Jump,,Mon,Tue,Wed,Thu,Fri
13:07:30,15,Jeffery Local,,Sat
05:15:00,J14,Jeffery Jump,,Sat
19:54:30,J14,Jeffery Jump,,Mon,Tue,Wed,Thu,Fri
15:28:30,28,Stony Island,,Mon,Tue,Wed,Thu,Fri
19:07:30,J14,Jeffery Jump,,Sun
14:55:00,106,East 103rd,,Mon,Tue,Wed,Thu,Fri
16:28:00,J14,Jeffery Jump,,Mon,Tue,Wed,Thu,Fri
15:28:30,28,Stony Island,,Sun
14:50:30,15,Jeffery Local,,Sat
05:00:00,15,Jeffery Local,,Sat
09:37:00,J14,Jeffery Jump,,Mon,Tue,Wed,Thu,Fri
10:02:00,15,Jeffery Local,,Mon,Tue,Wed,Thu,Fri
14:48:00,28,Stony Island,,Sun
06:00:30,28,Stony Island,,Mon,Tue,Wed,Thu,Fri
15:36:30,J14,Jeffery Jump,,Mon,Tue,Wed,Thu,Fri
12:00:30,15,Jeffery Local,,Mon,Tue,Wed,Thu,Fri
17:02:00,J14,Jeffery Jump,,Mon,Tue,Wed,Thu,Fri
15:04:00,J14,Jeffery Jump,,Mon,Tue,Wed,Thu,Fri
07:29:30,J14,Jeffery Jump,,Mon,Tue,Wed,Thu,Fri
07:55:00,J14,Jeffery Jump,,Sat
22:00:30,15,Jeffery Local,,Sat
11:14:00,15,Jeffery Local,,Sat
15:52:00,15,Jeffery Local,,Sat
06:40:30,J14,Jeffery Jump,,Sun
20:11:00,15,Jeffery Local,,Mon,Tue,Wed,Thu,Fri
11:49:30,15,Jeffery Local,,Sat
16:40:30,15,Jeffery Local,,Mon,Tue,Wed,Thu,Fri
06:07:30,J14,Jeffery Jump,,Mon,Tue,Wed,Thu,Fri
17:06:00,J14,Jeffery Jump,,Mon,Tue,Wed,Thu,Fri
09:55:00,28,Stony Island,,Sat
15:22:00,28,Stony Island,,Sun
13:57:30,15,Jeffery Local,,Sat
18:03:00,28,Stony Island,,Sun
13:58:52,28,Stony Island,,Mon,Tue,Wed,Thu,Fri
12:32:30,J14,Jeffery Jump,,Sat
08:28:30,15,Jeffery Local,,Mon,Tue,Wed,Thu,Fri
12:39:00,J14,Jeffery Jump,,Mon,Tue,Wed,Thu,Fri
20:14:00,J14,Jeffery Jump,,Sat
13:51:00,15,Jeffery Local,,Sat
07:55:00,J14,Jeffery Jump,,Sat
20:44:00,J14,Jeffery Jump,,Sat
08:29:00,J14,Jeffery Jump,,Mon,Tue,Wed,Thu,Fri
13:52:00,J14,Jeffery Jump,,Sun
05:15:00,J14,Jeffery Jump,,Sat
08:30:30,J14,Jeffery Jump,,Sun
13:32:00,J14,Jeffery Jump,,Sun
20:58:20,28,Stony Island,,Mon,Tue,Wed,Thu,Fri
09:09:00,15,Jeffery Local,,Mon,Tue,Wed,Thu,Fri
12:07:00,15,Jeffery Local,,Sun
10:13:54,28,Stony Island,,Mon,Tue,Wed,Thu,Fri
18:10:00,J14,Jeffery Jump,,Sat
11:37:00,J14,Jeffery Jump,,Sun
20:52:00,15,Jeffery Local,,Sun
16:47:30,15,Jeffery Local,,Sun
06:54:30,J14,Jeffery Jump,,Mon,Tue,Wed,Thu,Fri
06:39:00,28,Stony Island,,Sat
15:06:00,15,Jeffery Local,,Mon,Tue,Wed,Thu,Fri
13:15:30,15,Jeffery Local,,Sun
20:02:00,J14,Jeffery Jump,,Mon,Tue,Wed,Thu,Fri
18:22:00,J14,Jeffery Jump,,Mon,Tue,Wed,Thu,Fri
09:01:00,J14,Jeffery Jump,,Sun
07:59:30,J14,Jeffery Jump,,Mon,Tue,Wed,Thu,Fri
20:50:00,28,Stony Island,,Sat
15:05:00,28,Stony Island,,Sat
12:54:00,J14,Jeffery Jump,,Mon,Tue,Wed,Thu,Fri
06:53:22,28,Stony Island,,Mon,Tue,Wed,Thu,Fri
05:34:00,28,Stony Island,,Mon,Tue,Wed,Thu,Fri
19:06:00,J14,Jeffery Jump,,Sat
16:38:00,J14,Jeffery Jump,,Sat
18:01:30,J14,Jeffery Jump,,Mon,Tue,Wed,Thu,Fri
18:22:00,28,Stony Island,,Sun
15:43:00,106,East 103rd,,Mon,Tue,Wed,Thu,Fri
12:51:30,15,Jeffery Local,,Mon,Tue,Wed,Thu,Fri
15:10:30,J14,Jeffery Jump,,Sun
20:45:00,15,Jeffery Local,,Mon,Tue,Wed,Thu,Fri
20:00:00,J14,Jeffery Jump,,Sun
13:12:00,28,Stony Island,,Sun
08:04:24,28,Stony Island,,Mon,Tue,Wed,Thu,Fri
08:57:30,15,Jeffery Local,,Sun
12:08:30,J14,Jeffery Jump,,Sat
20:40:00,J14,Jeffery Jump,,Sun
20:30:00,J14,Jeffery Jump,,Sat
15:43:30,15,Jeffery Local,,Mon,Tue,Wed,Thu,Fri
08:13:00,J14,Jeffery Jump,,Sun
16:00:30,J14,Jeffery Jump,,Sun
06:19:00,J14,Jeffery Jump,,Mon,Tue,Wed,Thu,Fri
06:09:00,28,Stony Island,,Sat
12:28:30,J14,Jeffery Jump,,Sat
09:21:00,15,Jeffery Local,,Sun
14:18:30,15,Jeffery Local,,Sun
05:00:00,15,Jeffery Local,,Sat
22:26:30,J14,Jeffery Jump,,Mon,Tue,Wed,Thu,Fri
18:14:00,15,Jeffery Local,,Sat
14:30:30,J14,Jeffery Jump,,Sun
09:21:00,J14,Jeffery Jump,,Sun
13:21:30,15,Jeffery Local,,Mon,Tue,Wed,Thu,Fri
13:57:30,15,Jeffery Local,,Sun
07:38:24,28,Stony Island,,Mon,Tue,Wed,Thu,Fri
13:29:00,J14,Jeffery Jump,,Mon,Tue,Wed,Thu,Fri
16:20:30,J14,Jeffery Jump,,Sat
20:22:00,28,Stony Island,,Sat
10:08:00,28,Stony Island,,Sun
11:36:30,28,Stony Island,,Sun
19:13:00,28,Stony Island,,Sat
13:59:00,J14,Jeffery Jump,,Mon,Tue,Wed,Thu,Fri
08:47:00,28,Stony Island,,Sun
10:21:30,J14,Jeffery Jump,,Mon,Tue,Wed,Thu,Fri
10:36:30,15,Jeffery Local,,Sat
06:09:00,J14,Jeffery Jump,,Mon,Tue,Wed,Thu,Fri
10:52:30,28,Stony Island,,Sat
13:34:00,J14,Jeffery Jump,,Mon,Tue,Wed,Thu,Fri
10:49:30,15,Jeffery Local,,Sun
13:48:30,J14,Jeffery Jump,,Sat
03:45:00,J14,Jeffery Jump,,Mon,Tue,Wed,Thu,Fri
14:56:30,28,Stony Island,,Sat
13:53:00,106,East 103rd,,Sat
11:35:30,15,Jeffery Local,,Sun
13:02:00,J14,Jeffery Jump,,Sun
18:01:30,J14,Jeffery Jump,,Mon,Tue,Wed,Thu,Fri
21:14:00,J14,Jeffery Jump,,Sat
06:36:00,15,Jeffery Local,,Sat
22:40:00,15,Jeffery Local,,Mon,Tue,Wed,Thu,Fri
19:32:00,J14,Jeffery Jump,,Mon,Tue,Wed,Thu,Fri
01:18:00,15,Jeffery Local,,Tue,Wed,Thu,Fri,Sat
13:30:30,28,Stony Island,,Sun
00:10:30,15,Jeffery Local,,Sun
10:59:00,J14,Jeffery Jump,,Sun
06:09:00,J14,Jeffery Jump,,Mon,Tue,Wed,Thu,Fri
16:50:30,J14,Jeffery Jump,,Sun
06:48:30,15,Jeffery Local,,Sat
15:42:00,J14,Jeffery Jump,,Sun
14:14:00,J14,Jeffery Jump,,Mon,Tue,Wed,Thu,Fri
17:48:30,15,Jeffery Local,,Mon,Tue,Wed,Thu,Fri
23:19:00,15,Jeffery Local,,Sun
16:54:00,15,Jeffery Local,,Mon,Tue,Wed,Thu,Fri
10:01:30,28,Stony Island,,Sat
01:46:00,15,Jeffery Local,,Sun
21:00:00,J14,Jeffery Jump,,Sat
15:28:30,28,Stony Island,,Sun
21:32:30,15,Jeffery Local,,Mon,Tue,Wed,Thu,Fri
07:27:30,28,Stony Island,,Sun
08:05:30,J14,Jeffery Jump,,Sat
19:11:30,J14,Jeffery Jump,,Mon,Tue,Wed,Thu,Fri
16:34:30,28,Stony Island,,Sun
14:20:30,J14,Jeffery Jump,,Sat
09:47:00,15,Jeffery Local,,Mon,Tue,Wed,Thu,Fri
09:36:00,28,Stony Island,,Sun
15:25:30,28,Stony Island,,Sat
01:18:00,15,Jeffery Local,,Mon
12:33:00,106,East 103rd,,Mon,Tue,Wed,Thu,Fri
17:42:00,28,Stony Island,,Sun
11:01:00,J14,Jeffery Jump,,Sun
06:59:30,J14,Jeffery Jump,,Mon,Tue,Wed,Thu,Fri
13:02:00,28,Stony Island,,Sat
16:10:30,28,Stony Island,,Sat
17:44:30,15,Jeffery Local,,Mon,Tue,Wed,Thu,Fri
10:32:00,15,Jeffery Local,,Mon,Tue,Wed,Thu,Fri
18:58:00,15,Jeffery Local,,Sun
08:43:30,J14,Jeffery Jump,,Sat
21:38:30,15,Jeffery Local,,Sun
08:05:30,J14,Jeffery Jump,,Sat
09:43:54,28,Stony Island,,Mon,Tue,Wed,Thu,Fri
17:42:00,15,Jeffery Local,,Sat
19:10:00,J14,Jeffery Jump,,Sat
16:13:00,106,East 103rd,,Mon,Tue,Wed,Thu,Fri
06:19:50,28,Stony Island,,Mon,Tue,Wed,Thu,Fri
15:58:30,15,Jeffery Local,,Mon,Tue,Wed,Thu,Fri
07:17:00,15,Jeffery Local,,Sun
17:29:00,J14,Jeffery Jump,,Sun
16:10:30,J14,Jeffery Jump,,Sun
07:58:00,28,Stony Island,,Sat
22:51:00,28,Stony Island,,Sat
19:12:00,J14,Jeffery Jump,,Mon,Tue,Wed,Thu,Fri
16:26:00,15,Jeffery Local,,Sun
13:45:00,28,Stony Island,,Sat
05:55:00,J14,Jeffery Jump,,Mon,Tue,Wed,Thu,Fri
10:17:00,28,Stony Island,,Sun
19:20:00,28,Stony Island,,Sun
10:27:00,28,Stony Island,,Sat
10:21:00,J14,Jeffery Jump,,Sun
01:24:30,15,Jeffery Local,,Sun
08:05:30,J14,Jeffery Jump,,Mon,Tue,Wed,Thu,Fri
21:44:00,J14,Jeffery Jump,,Sun
11:45:30,15,Jeffery Local,,Mon,Tue,Wed,Thu,Fri
16:40:30,28,Stony Island,,Sat
14:18:00,J14,Jeffery Jump,,Sat
09:41:30,15,Jeffery Local,,Sun
21:22:30,15,Jeffery Local,,Sat
14:04:00,J14,Jeffery Jump,,Mon,Tue,Wed,Thu,Fri
16:42:00,J14,Jeffery Jump,,Sun
14:42:00,106,East 103rd,,Mon,Tue,Wed,Thu,Fri
11:43:00,28,Stony Island,,Sun
18:00:00,15,Jeffery Local,,Sun
13:29:00,J14,Jeffery Jump,,Mon,Tue,Wed,Thu,Fri
19:40:00,J14,Jeffery Jump,,Sat
24:00:00,15,Jeffery Local,,Mon,Tue,Wed,Thu,Fri
10:53:00,106,East 103rd,,Mon,Tue,Wed,Thu,Fri
23:03:30,J14,Jeffery Jump,,Sat
21:53:00,J14,Jeffery Jump,,Sun
17:06:00,28,Stony Island,,Sun
22:20:30,15,Jeffery Local,,Sat
18:38:30,28,Stony Island,,Sat
21:04:00,28,Stony Island,,Sun
16:25:30,15,Jeffery Local,,Mon,Tue,Wed,Thu,Fri
10:11:00,15,Jeffery Local,,Mon,Tue,Wed,Thu,Fri
14:50:00,28,Stony Island,,Sat
18:49:30,J14,Jeffery Jump,,Mon,Tue,Wed,Thu,Fri
11:37:00,J14,Jeffery Jump,,Sun
08:51:00,28,Stony Island,,Sat
14:09:00,J14,Jeffery Jump,,Mon,Tue,Wed,Thu,Fri
06:22:00,15,Jeffery Local,,Mon,Tue,Wed,Thu,Fri
06:03:00,28,Stony Island,,Sun
15:09:00,15,Jeffery Local,,Mon,Tue,Wed,Thu,Fri
21:20:00,28,Stony Island,,Sun
20:48:00,15,Jeffery Local,,Mon,Tue,Wed,Thu,Fri
24:00:00,J14,Jeffery Jump,,Mon,Tue,Wed,Thu,Fri
13:58:52,28,Stony Island,,Mon,Tue,Wed,Thu,Fri
09:43:30,28,Stony Island,,Sat
08:12:00,J14,Jeffery Jump,,Mon,Tue,Wed,Thu,Fri
24:23:30,15,Jeffery Local,,Sat
05:15:00,28,Stony Island,,Sat
24:05:00,15,Jeffery Local,,Sun
09:41:30,J14,Jeffery Jump,,Mon,Tue,Wed,Thu,Fri
20:52:00,J14,Jeffery Jump,,Mon,Tue,Wed,Thu,Fri
10:33:00,106,East 103rd,,Mon,Tue,Wed,Thu,Fri
09:52:00,J14,Jeffery Jump,,Sat
19:04:30,J14,Jeffery Jump,,Mon,Tue,Wed,Thu,Fri
14:48:00,J14,Jeffery Jump,,Sat
14:38:00,15,Jeffery Local,,Mon,Tue,Wed,Thu,Fri
05:39:00,J14,Jeffery Jump,,Sun
16:12:00,J14,Jeffery Jump,,Mon,Tue,Wed,Thu,Fri
11:28:30,J14,Jeffery Jump,,Sat
12:32:30,J14,Jeffery Jump,,Sat
01:46:00,15,Jeffery Local,,Sun
21:01:30,15,Jeffery Local,,Mon,Tue,Wed,Thu,Fri
13:32:00,J14,Jeffery Jump,,Sun
22:41:00,28,Stony Island,,Sun
18:13:00,106,East 103rd,,Mon,Tue,Wed,Thu,Fri
22:02:00,J14,Jeffery Jump,,Sat
06:58:30,28,Stony Island,,Sun
05:59:00,J14,Jeffery Jump,,Mon,Tue,Wed,Thu,Fri
10:44:30,J14,Jeffery Jump,,Mon,Tue,Wed,Thu,Fri
07:24:00,J14,Jeffery Jump,,Sat
11:44:00,J14,Jeffery Jump,,Mon,Tue,Wed,Thu,Fri
22:30:00,28,Stony Island,,Sat
11:36:30,28,Stony Island,,Sun
12:58:30,J14,Jeffery Jump,,Sat
16:20:30,J14,Jeffery Jump,,Sun
09:11:00,J14,Jeffery Jump,,Sun
18:36:00,J14,Jeffery Jump,,Mon,Tue,Wed,Thu,Fri
14:00:00,15,Jeffery Local,,Mon,Tue,Wed,Thu,Fri
18:02:00,J14,Jeffery Jump,,Mon,Tue,Wed,Thu,Fri
22:03:00,J14,Jeffery Jump,,Sun
13:28:00,106,East 103rd,,Sat
21:54:00,28,Stony Island,,Sat
14:02:00,J14,Jeffery Jump,,Sun
06:27:00,15,Jeffery Local,,Mon,Tue,Wed,Thu,Fri
07:41:30,J14,Jeffery Jump,,Mon,Tue,Wed,Thu,Fri
14:37:00,15,Jeffery Local,,Mon,Tue,Wed,Thu,Fri
17:08:00,28,Stony Island,,Sat
09:01:30,J14,Jeffery Jump,,Mon,Tue,Wed,Thu,Fri
09:56:00,15,Jeffery Local,,Sat
05:57:00,28,Stony Island,,Sun
12:38:30,J14,Jeffery Jump,,Sat
07:50:00,106,East 103rd,,Mon,Tue,Wed,Thu,Fri
07:19:00,J14,Jeffery Jump,,Mon,Tue,Wed,Thu,Fri
21:40:00,28,Stony Island,,Sun
16:00:30,J14,Jeffery Jump,,Sat
22:38:30,J14,Jeffery Jump,,Mon,Tue,Wed,Thu,Fri
08:09:00,J14,Jeffery Jump,,Mon,Tue,Wed,Thu,Fri
11:20:30,J14,Jeffery Jump,,Sun
16:51:30,28,Stony Island,,Sun
17:30:00,J14,Jeffery Jump,,Mon,Tue,Wed,Thu,Fri
10:47:00,J14,Jeffery Jump,,Sat
14:35:30,15,Jeffery Local,,Sat
19:12:30,106,East 103rd,,Mon,Tue,Wed,Thu,Fri
07:24:00,J14,Jeffery Jump,,Sat
14:29:00,J14,Jeffery Jump,,Mon,Tue,Wed,Thu,Fri
05:48:00,J14,Jeffery Jump,,Mon,Tue,Wed,Thu,Fri
06:47:00,15,Jeffery Local,,Mon,Tue,Wed,Thu,Fri
08:22:00,106,East 103rd,,Mon,Tue,Wed,Thu,Fri
07:34:00,15,Jeffery Local,,Mon,Tue,Wed,Thu,Fri
13:08:30,J14,Jeffery Jump,,Sat
18:42:30,J14,Jeffery Jump,,Mon,Tue,Wed,Thu,Fri
20:51:00,106,East 103rd,,Mon,Tue,Wed,Thu,Fri
14:46:30,15,Jeffery Local,,Mon,Tue,Wed,Thu,Fri
20:00:00,28,Stony Island,,Sun
18:46:30,J14,Jeffery Jump,,Sat
22:40:30,15,Jeffery Local,,Sat
22:00:30,15,Jeffery Local,,Sat
12:03:00,106,East 103rd,,Mon,Tue,Wed,Thu,Fri
15:22:00,J14,Jeffery Jump,,Sun
19:19:52,28,Stony Island,,Mon,Tue,Wed,Thu,Fri
17:16:00,15,Jeffery Local,,Mon,Tue,Wed,Thu,Fri
17:30:00,J14,Jeffery Jump,,Sat
04:50:00,28,Stony Island,,Mon,Tue,Wed,Thu,Fri
22:52:30,15,Jeffery Local,,Sat
19:43:00,15,Jeffery Local,,Sun
13:06:30,15,Jeffery Local,,Sun
06:20:00,J14,Jeffery Jump,,Sun
14:57:00,J14,Jeffery Jump,,Mon,Tue,Wed,Thu,Fri
19:47:30,J14,Jeffery Jump,,Sun
08:03:00,J14,Jeffery Jump,,Sun
18:52:00,J14,Jeffery Jump,,Mon,Tue,Wed,Thu,Fri
21:08:00,15,Jeffery Local,,Sun
12:20:30,J14,Jeffery Jump,,Sun
05:09:30,28,Stony Island,,Mon,Tue,Wed,Thu,Fri
08:39:00,J14,Jeffery Jump,,Mon,Tue,Wed,Thu,Fri
09:28:30,J14,Jeffery Jump,,Sat
19:00:00,15,Jeffery Local,,Mon,Tue,Wed,Thu,Fri
14:22:00,J14,Jeffery Jump,,Sun
14:40:30,J14,Jeffery Jump,,Sat
17:50:00,J14,Jeffery Jump,,Sat
11:56:30,J14,Jeffery Jump,,Sat
13:57:30,15,Jeffery Local,,Sat
15:40:30,J14,Jeffery Jump,,Sun
24:02:30,28,Stony Island,,Sun
06:39:00,J14,Jeffery Jump,,Mon,Tue,Wed,Thu,Fri
17:41:30,J14,Jeffery Jump,,Sun
07:26:24,28,Stony Island,,Mon,Tue,Wed,Thu,Fri
18:00:30,J14,Jeffery Jump,,Sun
12:24:00,J14,Jeffery Jump,,Mon,Tue,Wed,Thu,Fri
10:13:00,106,East 103rd,,Mon,Tue,Wed,Thu,Fri
08:24:00,28,Stony Island,,Sun
18:18:00,28,Stony Island,,Sat
17:32:00,J14,Jeffery Jump,,Sun
07:09:00,J14,Jeffery Jump,,Mon,Tue,Wed,Thu,Fri
21:31:00,106,East 103rd,,Mon,Tue,Wed,Thu,Fri
18:28:00,106,East 103rd,,Mon,Tue,Wed,Thu,Fri
15:34:00,15,Jeffery Local,,Sun
07:04:30,J14,Jeffery Jump,,Mon,Tue,Wed,Thu,Fri
10:27:30,15,Jeffery Local,,Sun
01:03:30,15,Jeffery Local,,Sun
16:25:30,15,Jeffery Local,,Mon,Tue,Wed,Thu,Fri
18:14:30,15,Jeffery Local,,Mon,Tue,Wed,Thu,Fri
04:36:30,J14,Jeffery Jump,,Mon,Tue,Wed,Thu,Fri
23:29:30,28,Stony Island,,Mon,Tue,Wed,Thu,Fri
19:43:00,15,Jeffery Local,,Sun
17:58:00,15,Jeffery Local,,Sat
17:25:30,28,Stony Island,,Sun
21:16:00,28,Stony Island,,Sat
12:29:00,J14,Jeffery Jump,,Mon,Tue,Wed,Thu,Fri
23:30:00,28,Stony Island,,Sun
13:51:00,15,Jeffery Local,,Sat
22:16:30,15,Jeffery Local,,Sun
20:29:00,15,Jeffery Local,,Sun
11:11:00,J14,Jeffery Jump,,Sun
08:15:30,J14,Jeffery Jump,,Sat
10:25:30,J14,Jeffery Jump,,Mon,Tue,Wed,Thu,Fri
09:58:30,15,Jeffery Local,,Mon,Tue,Wed,Thu,Fri
14:00:30,J14,Jeffery Jump,,Sun
15:24:30,15,Jeffery Local,,Sat
08:29:00,J14,Jeffery Jump,,Mon,Tue,Wed,Thu,Fri
09:50:30,J14,Jeffery Jump,,Sun
17:36:00,J14,Jeffery Jump,,Mon,Tue,Wed,Thu,Fri
04:55:00,J14,Jeffery Jump,,Mon,Tue,Wed,Thu,Fri
04:39:30,15,Jeffery Local,,Mon,Tue,Wed,Thu,Fri
13:22:00,J14,Jeffery Jump,,Sun
06:55:30,15,Jeffery Local,,Sun
14:10:00,15,Jeffery Local,,Sun
20:34:00,J14,Jeffery Jump,,Sat
16:23:00,J14,Jeffery Jump,,Mon,Tue,Wed,Thu,Fri
13:14:20,28,Stony Island,,Mon,Tue,Wed,Thu,Fri
22:02:00,15,Jeffery Local,,Sun
08:24:00,28,Stony Island,,Sat
21:28:00,15,Jeffery Local,,Sat
14:42:00,106,East 103rd,,Mon,Tue,Wed,Thu,Fri
09:46:30,15,Jeffery Local,,Mon,Tue,Wed,Thu,Fri
12:06:00,15,Jeffery Local,,Sat
23:19:30,28,Stony Island,,Sun
10:08:30,J14,Jeffery Jump,,Sat
12:30:30,J14,Jeffery Jump,,Sun
15:00:30,J14,Jeffery Jump,,Sat
16:32:00,J14,Jeffery Jump,,Sun
15:58:00,106,East 103rd,,Mon,Tue,Wed,Thu,Fri
06:49:00,J14,Jeffery Jump,,Mon,Tue,Wed,Thu,Fri
07:14:00,15,Jeffery Local,,Mon,Tue,Wed,Thu,Fri
12:14:30,J14,Jeffery Jump,,Sun
24:00:00,J14,Jeffery Jump,,Mon,Tue,Wed,Thu,Fri
22:03:00,J14,Jeffery Jump,,Sun
08:55:00,15,Jeffery Local,,Mon,Tue,Wed,Thu,Fri
20:22:00,28,Stony Island,,Sat
07:21:00,28,Stony Island,,Sun
15:17:30,15,Jeffery Local,,Mon,Tue,Wed,Thu,Fri
07:59:30,15,Jeffery Local,,Sun
04:55:00,J14,Jeffery Jump,,Sat
12:32:00,28,Stony Island,,Sat
20:40:00,J14,Jeffery Jump,,Sat
11:55:00,15,Jeffery Local,,Sat
15:07:00,106,East 103rd,,Mon,Tue,Wed,Thu,Fri
11:44:20,28,Stony Island,,Mon,Tue,Wed,Thu,Fri
06:56:00,28,Stony Island,,Sun
18:36:30,J14,Jeffery Jump,,Sat
21:46:30,J14,Jeffery Jump,,Mon,Tue,Wed,Thu,Fri
13:19:00,J14,Jeffery Jump,,Mon,Tue,Wed,Thu,Fri
13:12:30,J14,Jeffery Jump,,Sat
19:40:00,J14,Jeffery Jump,,Sun
10:29:00,J14,Jeffery Jump,,Sun
20:04:00,J14,Jeffery Jump,,Sat
07:14:00,15,Jeffery Local,,Mon,Tue,Wed,Thu,Fri
18:57:30,15,Jeffery Local,,Sat
19:48:00,28,Stony Island,,Sun
10:17:30,15,Jeffery Local,,Sun
09:39:00,15,Jeffery Local,,Sun
14:30:30,106,East 103rd,,Mon,Tue,Wed,Thu,Fri
12:33:00,106,East 103rd,,Mon,Tue,Wed,Thu,Fri
16:43:00,J14,Jeffery Jump,,Mon,Tue,Wed,Thu,Fri
10:58:54,28,Stony Island,,Mon,Tue,Wed,Thu,Fri
10:46:00,28,Stony Island,,Sun
13:04:00,J14,Jeffery Jump,,Mon,Tue,Wed,Thu,Fri
17:49:00,J14,Jeffery Jump,,Sun
15:39:00,28,Stony Island,,Sun
08:15:00,15,Jeffery Local,,Sat
17:38:00,J14,Jeffery Jump,,Sat
10:58:30,J14,Jeffery Jump,,Sat
14:30:30,J14,Jeffery Jump,,Sat
22:50:30,J14,Jeffery Jump,,Sun
20:29:30,J14,Jeffery Jump,,Mon,Tue,Wed,Thu,Fri
22:16:30,J14,Jeffery Jump,,Mon,Tue,Wed,Thu,Fri
22:59:30,28,Stony Island,,Sun
14:10:30,J14,Jeffery Jump,,Sat
17:12:00,J14,Jeffery Jump,,Mon,Tue,Wed,Thu,Fri
19:07:30,J14,Jeffery Jump,,Sun
12:39:30,15,Jeffery Local,,Sat
20:40:20,28,Stony Island,,Mon,Tue,Wed,Thu,Fri
13:14:20,28,Stony Island,,Mon,Tue,Wed,Thu,Fri
20:24:00,J14,Jeffery Jump,,Sat
05:05:00,28,Stony Island,,Sun
10:36:00,15,Jeffery Local,,Mon,Tue,Wed,Thu,Fri
14:38:00,J14,Jeffery Jump,,Sat
09:51:00,J14,Jeffery Jump,,Sun
23:06:00,28,Stony Island,,Sun
10:06:00,15,Jeffery Local,,Sat
10:22:00,15,Jeffery Local,,Sat
05:40:30,J14,Jeffery Jump,,Mon,Tue,Wed,Thu,Fri
10:02:00,106,East 103rd,,Sat
15:28:00,J14,Jeffery Jump,,Sat
11:09:00,J14,Jeffery Jump,,Sun
20:27:30,J14,Jeffery Jump,,Sun
18:42:00,15,Jeffery Local,,Sat
20:39:00,J14,Jeffery Jump,,Mon,Tue,Wed,Thu,Fri
20:50:00,J14,Jeffery Jump,,Sat
08:55:00,15,Jeffery Local,,Mon,Tue,Wed,Thu,Fri
12:29:20,28,Stony Island,,Mon,Tue,Wed,Thu,Fri
18:46:30,15,Jeffery Local,,Sat
23:21:00,15,Jeffery Local,,Sun
17:20:30,J14,Jeffery Jump,,Sun
09:03:30,J14,Jeffery Jump,,Sat
04:45:00,28,Stony Island,,Sat
19:22:00,J14,Jeffery Jump,,Mon,Tue,Wed,Thu,Fri
17:10:30,J14,Jeffery Jump,,Sun
23:32:30,J14,Jeffery Jump,,Mon,Tue,Wed,Thu,Fri
09:17:00,J14,Jeffery Jump,,Mon,Tue,Wed,Thu,Fri
09:38:30,J14,Jeffery Jump,,Sat
14:08:00,J14,Jeffery Jump,,Sat
17:59:00,J14,Jeffery Jump,,Sun
11:30:00,28,Stony Island,,Sat
09:23:00,15,Jeffery Local,,Mon,Tue,Wed,Thu,Fri
08:00:00,106,East 103rd,,Mon,Tue,Wed,Thu,Fri
05:26:30,15,Jeffery Local,,Sat
22:22:30,15,Jeffery Local,,Mon,Tue,Wed,Thu,Fri
22:32:00,28,Stony Island,,Sat
08:16:00,28,Stony Island,,Sat
17:08:30,28,Stony Island,,Sun
04:00:00,15,Jeffery Local,,Mon,Tue,Wed,Thu,Fri
13:03:00,106,East 103rd,,Mon,Tue,Wed,Thu,Fri
12:39:00,J14,Jeffery Jump,,Mon,Tue,Wed,Thu,Fri
17:30:30,15,Jeffery Local,,Sun
11:08:00,15,Jeffery Local,,Sun
10:25:30,J14,Jeffery Jump,,Mon,Tue,Wed,Thu,Fri
15:56:30,15,Jeffery Local,,Mon,Tue,Wed,Thu,Fri
07:52:30,J14,Jeffery Jump,,Sun
20:31:00,106,East 103rd,,Mon,Tue,Wed,Thu,Fri
18:52:30,28,Stony Island,,Sun
13:30:30,J14,Jeffery Jump,,Sat
13:11:30,15,Jeffery Local,,Sat
21:51:00,106,East 103rd,,Mon,Tue,Wed,Thu,Fri
16:50:00,J14,Jeffery Jump,,Sat
23:17:30,28,Stony Island,,Mon,Tue,Wed,Thu,Fri
14:14:00,J14,Jeffery Jump,,Mon,Tue,Wed,Thu,Fri
10:49:00,J14,Jeffery Jump,,Sun
15:02:00,J14,Jeffery Jump,,Sun
08:45:00,28,Stony Island,,Sat
15:20:00,28,Stony Island,,Sat
15:20:00,28,Stony Island,,Sat
19:47:30,J14,Jeffery Jump,,Sun
09:50:30,J14,Jeffery Jump,,Sun
15:00:30,15,Jeffery Local,,Sun
18:49:30,J14,Jeffery Jump,,Mon,Tue,Wed,Thu,Fri
16:23:00,J14,Jeffery Jump,,Mon,Tue,Wed,Thu,Fri
15:00:30,J14,Jeffery Jump,,Sat
09:05:00,28,Stony Island,,Sat
10:21:00,J14,Jeffery Jump,,Sun
11:10:30,J14,Jeffery Jump,,Mon,Tue,Wed,Thu,Fri
16:15:00,15,Jeffery Local,,Sun
17:49:00,J14,Jeffery Jump,,Sun
17:25:00,15,Jeffery Local,,Sat
09:35:30,15,Jeffery Local,,Sat
10:43:54,28,Stony Island,,Mon,Tue,Wed,Thu,Fri
12:00:00,28,Stony Island,,Sat
11:46:30,J14,Jeffery Jump,,Sat
15:50:30,J14,Jeffery Jump,,Sat
07:59:30,15,Jeffery Local,,Sun
16:36:00,28,Stony Island,,Sat
09:48:30,J14,Jeffery Jump,,Sat
16:40:00,15,Jeffery Local,,Mon,Tue,Wed,Thu,Fri
17:22:00,J14,Jeffery Jump,,Mon,Tue,Wed,Thu,Fri
17:44:00,28,Stony Island,,Sun
10:56:30,J14,Jeffery Jump,,Sat
00:51:30,15,Jeffery Local,,Tue,Wed,Thu,Fri,Sat
11:13:00,106,East 103rd,,Mon,Tue,Wed,Thu,Fri
12:52:30,28,Stony Island,,Sun
11:43:30,28,Stony Island,,Sat
23:20:30,J14,Jeffery Jump,,Sat
17:01:54,28,Stony Island,,Mon,Tue,Wed,Thu,Fri
09:30:30,J14,Jeffery Jump,,Sun
23:39:30,28,Stony Island,,Sun
09:28:30,J14,Jeffery Jump,,Sat
16:57:00,15,Jeffery Local,,Sun
09:41:00,J14,Jeffery Jump,,Sun
17:37:30,28,Stony Island,,Sat
17:42:00,28,Stony Island,,Sat
14:56:30,28,Stony Island,,Sun
12:28:00,28,Stony Island,,Sat
22:34:30,28,Stony Island,,Mon,Tue,Wed,Thu,Fri
15:07:00,J14,Jeffery Jump,,Mon,Tue,Wed,Thu,Fri
21:52:00,J14,Jeffery Jump,,Sat
18:30:00,15,Jeffery Local,,Sat
07:53:30,J14,Jeffery Jump,,Mon,Tue,Wed,Thu,Fri
18:14:00,15,Jeffery Local,,Sun
23:22:30,15,Jeffery Local,,Sat
10:21:30,J14,Jeffery Jump,,Mon,Tue,Wed,Thu,Fri
23:18:30,15,Jeffery Local,,Mon,Tue,Wed,Thu,Fri
09:07:00,28,Stony Island,,Sat
10:37:00,28,Stony Island,,Sun
16:20:00,J14,Jeffery Jump,,Mon,Tue,Wed,Thu,Fri
22:02:30,28,Stony Island,,Sun
22:20:00,J14,Jeffery Jump,,Mon,Tue,Wed,Thu,Fri
15:34:00,J14,Jeffery Jump,,Mon,Tue,Wed,Thu,Fri
21:22:30,15,Jeffery Local,,Sat
14:30:30,106,East 103rd,,Mon,Tue,Wed,Thu,Fri
21:30:30,15,Jeffery Local,,Sun
17:10:30,J14,Jeffery Jump,,Sun
06:07:50,28,Stony Island,,Mon,Tue,Wed,Thu,Fri
12:03:00,106,East 103rd,,Mon,Tue,Wed,Thu,Fri
05:59:30,J14,Jeffery Jump,,Sun
20:50:00,J14,Jeffery Jump,,Sun
16:59:00,J14,Jeffery Jump,,Mon,Tue,Wed,Thu,Fri
06:35:30,15,Jeffery Local,,Mon,Tue,Wed,Thu,Fri
20:06:00,15,Jeffery Local,,Sun
17:00:00,J14,Jeffery Jump,,Sat
13:33:00,106,East 103rd,,Mon,Tue,Wed,Thu,Fri
06:13:30,J14,Jeffery Jump,,Mon,Tue,Wed,Thu,Fri
19:58:00,15,Jeffery Local,,Sat
17:33:52,28,Stony Island,,Mon,Tue,Wed,Thu,Fri
13:17:00,28,Stony Island,,Sat
20:04:00,J14,Jeffery Jump,,Mon,Tue,Wed,Thu,Fri
09:32:00,J14,Jeffery Jump,,Sat
16:30:00,J14,Jeffery Jump,,Sat
13:00:30,J14,Jeffery Jump,,Sun
19:40:00,J14,Jeffery Jump,,Sat
00:12:00,15,Jeffery Local,,Mon
23:44:00,15,Jeffery Local,,Sun
15:30:00,15,Jeffery Local,,Mon,Tue,Wed,Thu,Fri
09:01:30,15,Jeffery Local,,Mon,Tue,Wed,Thu,Fri
11:33:00,106,East 103rd,,Mon,Tue,Wed,Thu,Fri
14:20:30,J14,Jeffery Jump,,Sat
08:12:00,J14,Jeffery Jump,,Mon,Tue,Wed,Thu,Fri
10:01:00,J14,Jeffery Jump,,Sun
09:01:00,J14,Jeffery Jump,,Sun
18:00:00,15,Jeffery Local,,Sun
13:03:00,106,East 103rd,,Sat
21:46:50,28,Stony Island,,Mon,Tue,Wed,Thu,Fri
16:18:00,J14,Jeffery Jump,,Sat
17:42:00,J14,Jeffery Jump,,Mon,Tue,Wed,Thu,Fri
10:08:30,J14,Jeffery Jump,,Sat
20:24:30,15,Jeffery Local,,Sat
20:26:00,28,Stony Island,,Sun
13:40:30,J14,Jeffery Jump,,Sun
14:06:00,28,Stony Island,,Sat
14:38:00,J14,Jeffery Jump,,Sat
07:50:00,106,East 103rd,,Mon,Tue,Wed,Thu,Fri
18:11:00,15,Jeffery Local,,Sat
10:41:00,J14,Jeffery Jump,,Sun
17:58:00,106,East 103rd,,Mon,Tue,Wed,Thu,Fri
07:13:00,J14,Jeffery Jump,,Sat
10:02:00,J14,Jeffery Jump,,Sat
21:45:00,15,Jeffery Local,,Sat
15:48:00,J14,Jeffery Jump,,Sat
10:31:30,J14,Jeffery Jump,,Mon,Tue,Wed,Thu,Fri
19:52:00,J14,Jeffery Jump,,Mon,Tue,Wed,Thu,Fri
16:25:00,15,Jeffery Local,,Sat
09:46:30,15,Jeffery Local,,Mon,Tue,Wed,Thu,Fri
09:57:00,J14,Jeffery Jump,,Mon,Tue,Wed,Thu,Fri
18:50:00,J14,Jeffery Jump,,Sat
23:44:30,15,Jeffery Local,,Sat
10:35:30,28,Stony Island,,Sat
14:13:00,15,Jeffery Local,,Mon,Tue,Wed,Thu,Fri
19:45:00,J14,Jeffery Jump,,Mon,Tue,Wed,Thu,Fri
21:30:30,15,Jeffery Local,,Mon,Tue,Wed,Thu,Fri
14:52:00,J14,Jeffery Jump,,Sun
21:18:30,J14,Jeffery Jump,,Mon,Tue,Wed,Thu,Fri
19:35:00,J14,Jeffery Jump,,Sat
17:10:00,15,Jeffery Local,,Sat
05:39:00,28,Stony Island,,Sat
17:05:00,28,Stony Island,,Mon,Tue,Wed,Thu,Fri
07:16:00,J14,Jeffery Jump,,Sun
11:09:30,28,Stony Island,,Sat
20:10:00,28,Stony Island,,Sat
16:59:30,15,Jeffery Local,,Mon,Tue,Wed,Thu,Fri
16:48:00,J14,Jeffery Jump,,Sat
16:40:30,28,Stony Island,,Sat
19:22:30,15,Jeffery Local,,Mon,Tue,Wed,Thu,Fri
11:30:00,28,Stony Island,,Sat
08:16:00,28,Stony Island,,Sat
20:28:30,15,Jeffery Local,,Mon,Tue,Wed,Thu,Fri
16:58:00,J14,Jeffery Jump,,Sat
13:30:30,J14,Jeffery Jump,,Sun
11:20:00,106,East 103rd,,Sat
08:05:30,J14,Jeffery Jump,,Sat
22:18:00,15,Jeffery Local,,Sat
10:10:30,J14,Jeffery Jump,,Sun
10:51:30,J14,Jeffery Jump,,Mon,Tue,Wed,Thu,Fri
12:02:30,J14,Jeffery Jump,,Sat
07:39:30,106,East 103rd,,Mon,Tue,Wed,Thu,Fri
13:02:30,J14,Jeffery Jump,,Sat
15:58:30,15,Jeffery Local,,Mon,Tue,Wed,Thu,Fri
17:18:00,J14,Jeffery Jump,,Mon,Tue,Wed,Thu,Fri
07:52:30,J14,Jeffery Jump,,Sun
14:19:00,J14,Jeffery Jump,,Mon,Tue,Wed,Thu,Fri
22:11:00,106,East 103rd,,Mon,Tue,Wed,Thu,Fri
19:54:00,J14,Jeffery Jump,,Sat
14:28:00,J14,Jeffery Jump,,Sat
22:26:30,J14,Jeffery Jump,,Mon,Tue,Wed,Thu,Fri
21:54:00,28,Stony Island,,Sat
13:52:00,15,Jeffery Local,,Mon,Tue,Wed,Thu,Fri
15:10:00,15,Jeffery Local,,Sat
19:10:00,J14,Jeffery Jump,,Sat
12:02:00,28,Stony Island,,Sun
10:38:30,J14,Jeffery Jump,,Sat
14:51:30,15,Jeffery Local,,Sun
09:19:00,15,Jeffery Local,,Mon,Tue,Wed,Thu,Fri
10:46:30,15,Jeffery Local,,Mon,Tue,Wed,Thu,Fri
08:40:30,J14,Jeffery Jump,,Sun
11:50:00,15,Jeffery Local,,Mon,Tue,Wed,Thu,Fri
09:36:00,106,East 103rd,,Sat
06:59:30,15,Jeffery Local,,Mon,Tue,Wed,Thu,Fri
12:00:30,J14,Jeffery Jump,,Mon,Tue,Wed,Thu,Fri
12:21:00,28,Stony Island,,Sun
19:29:00,28,Stony Island,,Sun
08:13:00,J14,Jeffery Jump,,Sun
22:36:30,J14,Jeffery Jump,,Sun
08:54:00,J14,Jeffery Jump,,Sat
22:12:30,J14,Jeffery Jump,,Sun
21:40:00,28,Stony Island,,Sun
17:24:00,J14,Jeffery Jump,,Mon,Tue,Wed,Thu,Fri
14:55:30,15,Jeffery Local,,Sat
10:51:00,J14,Jeffery Jump,,Sun
12:04:00,J14,Jeffery Jump,,Mon,Tue,Wed,Thu,Fri
22:12:00,J14,Jeffery Jump,,Sat
13:44:00,28,Stony Island,,Sun
15:14:00,J14,Jeffery Jump,,Mon,Tue,Wed,Thu,Fri
20:44:00,J14,Jeffery Jump,,Sat
16:10:00,15,Jeffery Local,,Sat
18:06:30,J14,Jeffery Jump,,Mon,Tue,Wed,Thu,Fri
16:20:00,28,Stony Island,,Sat
18:31:30,J14,Jeffery Jump,,Mon,Tue,Wed,Thu,Fri
17:55:00,15,Jeffery Local,,Mon,Tue,Wed,Thu,Fri
22:50:00,28,Stony Island,,Sat
17:10:00,15,Jeffery Local,,Sat
17:30:00,J14,Jeffery Jump,,Sat
17:39:00,15,Jeffery Local,,Sun
18:15:30,28,Stony Island,,Sun
14:50:30,J14,Jeffery Jump,,Sat
17:39:00,15,Jeffery Local,,Sun
15:33:00,106,East 103rd,,Sat
12:45:00,15,Jeffery Local,,Mon,Tue,Wed,Thu,Fri
15:19:52,28,Stony Island,,Mon,Tue,Wed,Thu,Fri
16:03:00,J14,Jeffery Jump,,Mon,Tue,Wed,Thu,Fri
22:35:00,15,Jeffery Local,,Sun
12:48:00,106,East 103rd,,Mon,Tue,Wed,Thu,Fri
04:45:30,J14,Jeffery Jump,,Mon,Tue,Wed,Thu,Fri
11:34:00,J14,Jeffery Jump,,Mon,Tue,Wed,Thu,Fri
20:55:30,15,Jeffery Local,,Sat
10:35:00,J14,Jeffery Jump,,Mon,Tue,Wed,Thu,Fri
16:02:00,J14,Jeffery Jump,,Sun
19:53:30,15,Jeffery Local,,Mon,Tue,Wed,Thu,Fri
18:18:52,28,Stony Island,,Mon,Tue,Wed,Thu,Fri
09:53:00,106,East 103rd,,Mon,Tue,Wed,Thu,Fri
16:56:00,15,Jeffery Local,,Mon,Tue,Wed,Thu,Fri
17:02:00,J14,Jeffery Jump,,Sun
08:57:30,15,Jeffery Local,,Sun
07:59:30,J14,Jeffery Jump,,Mon,Tue,Wed,Thu,Fri
11:50:30,J14,Jeffery Jump,,Sun
13:50:30,J14,Jeffery Jump,,Sat
17:25:00,28,Stony Island,,Sun
17:32:00,J14,Jeffery Jump,,Sun
12:12:00,106,East 103rd,,Sat
14:24:30,28,Stony Island,,Sun
13:15:00,15,Jeffery Local,,Mon,Tue,Wed,Thu,Fri
21:01:30,15,Jeffery Local,,Mon,Tue,Wed,Thu,Fri
21:41:30,15,Jeffery Local,,Sat
18:14:00,15,Jeffery Local,,Sun
23:18:30,J14,Jeffery Jump,,Mon,Tue,Wed,Thu,Fri
10:16:00,15,Jeffery Local,,Sat
13:45:00,28,Stony Island,,Sat
09:31:30,J14,Jeffery Jump,,Mon,Tue,Wed,Thu,Fri
16:36:00,J14,Jeffery Jump,,Mon,Tue,Wed,Thu,Fri
15:22:00,28,Stony Island,,Sun
09:42:00,J14,Jeffery Jump,,Sat
07:47:30,J14,Jeffery Jump,,Mon,Tue,Wed,Thu,Fri
07:27:30,28,Stony Island,,Sun
18:54:00,28,Stony Island,,Sat
18:30:00,J14,Jeffery Jump,,Sun
18:22:30,28,Stony Island,,Sat
17:58:00,106,East 103rd,,Mon,Tue,Wed,Thu,Fri
23:47:30,28,Stony Island,,Mon,Tue,Wed,Thu,Fri
19:28:00,28,Stony Island,,Sat
12:21:00,28,Stony Island,,Sun
14:30:30,J14,Jeffery Jump,,Sat
16:56:00,15,Jeffery Local,,Mon,Tue,Wed,Thu,Fri
06:49:30,J14,Jeffery Jump,,Mon,Tue,Wed,Thu,Fri
08:56:00,15,Jeffery Local,,Sat
20:17:30,J14,Jeffery Jump,,Sun
16:10:30,J14,Jeffery Jump,,Sat
20:54:00,J14,Jeffery Jump,,Sat
13:12:00,J14,Jeffery Jump,,Sun
10:28:30,J14,Jeffery Jump,,Sat
19:44:30,15,Jeffery Local,,Sun
20:22:00,J14,Jeffery Jump,,Mon,Tue,Wed,Thu,Fri
05:39:00,28,Stony Island,,Sat
08:36:00,15,Jeffery Local,,Sat
11:16:00,15,Jeffery Local,,Sun
05:24:00,28,Stony Island,,Mon,Tue,Wed,Thu,Fri
16:23:00,15,Jeffery Local,,Sat
11:27:00,15,Jeffery Local,,Sun
14:06:30,28,Stony Island,,Sun
14:37:00,J14,Jeffery Jump,,Mon,Tue,Wed,Thu,Fri
09:51:30,J14,Jeffery Jump,,Mon,Tue,Wed,Thu,Fri
09:17:00,J14,Jeffery Jump,,Mon,Tue,Wed,Thu,Fri
10:54:00,106,East 103rd,,Sat
07:51:24,28,Stony Island,,Mon,Tue,Wed,Thu,Fri
18:28:00,106,East 103rd,,Mon,Tue,Wed,Thu,Fri
23:39:30,15,Jeffery Local,,Mon,Tue,Wed,Thu,Fri
11:45:30,15,Jeffery Local,,Mon,Tue,Wed,Thu,Fri
21:50:00,28,Stony Island,,Sat
21:00:00,J14,Jeffery Jump,,Sun
11:15:00,28,Stony Island,,Sat
19:13:00,28,Stony Island,,Sat
04:40:00,15,Jeffery Local,,Sun
15:56:30,15,Jeffery Local,,Mon,Tue,Wed,Thu,Fri
19:32:00,28,Stony Island,,Sat
09:36:00,28,Stony Island,,Sun
16:40:00,J14,Jeffery Jump,,Sat
22:27:30,15,Jeffery Local,,Sun
15:17:00,J14,Jeffery Jump,,Mon,Tue,Wed,Thu,Fri
17:12:00,J14,Jeffery Jump,,Sun
14:20:30,J14,Jeffery Jump,,Sun
15:40:30,J14,Jeffery Jump,,Sat
09:58:30,J14,Jeffery Jump,,Sat
19:50:00,J14,Jeffery Jump,,Sun
06:06:00,15,Jeffery Local,,Sat
05:39:00,J14,Jeffery Jump,,Sun
19:19:30,J14,Jeffery Jump,,Mon,Tue,Wed,Thu,Fri
10:59:00,28,Stony Island,,Sat
08:41:30,15,Jeffery Local,,Sun
15:32:00,J14,Jeffery Jump,,Sun
24:29:30,28,Stony Island,,Mon,Tue,Wed,Thu,Fri
16:13:00,28,Stony Island,,Sun
14:41:00,15,Jeffery Local,,Sat
13:57:30,15,Jeffery Local,,Sun
22:22:00,J14,Jeffery Jump,,Sat
13:15:30,15,Jeffery Local,,Sun
13:28:00,28,Stony Island,,Sun
20:12:00,15,Jeffery Local,,Mon,Tue,Wed,Thu,Fri
20:03:00,28,Stony Island,,Sat
08:24:00,28,Stony Island,,Sat
06:07:30,J14,Jeffery Jump,,Mon,Tue,Wed,Thu,Fri
22:57:30,15,Jeffery Local,,Mon,Tue,Wed,Thu,Fri
21:46:30,J14,Jeffery Jump,,Mon,Tue,Wed,Thu,Fri
19:03:00,15,Jeffery Local,,Sun
11:19:30,15,Jeffery Local,,Mon,Tue,Wed,Thu,Fri
20:13:00,15,Jeffery Local,,Sat
15:58:00,106,East 103rd,,Sat
08:45:00,J14,Jeffery Jump,,Mon,Tue,Wed,Thu,Fri
05:04:00,28,Stony Island,,Mon,Tue,Wed,Thu,Fri
13:11:30,28,Stony Island,,Sun
07:09:00,J14,Jeffery Jump,,Mon,Tue,Wed,Thu,Fri
07:00:00,28,Stony Island,,Sat
05:53:30,15,Jeffery Local,,Mon,Tue,Wed,Thu,Fri
14:24:30,28,Stony Island,,Sun
14:06:00,28,Stony Island,,Sat
20:07:20,28,Stony Island,,Mon,Tue,Wed,Thu,Fri
11:40:30,J14,Jeffery Jump,,Sun
14:19:00,J14,Jeffery Jump,,Mon,Tue,Wed,Thu,Fri
00:57:30,28,Stony Island,,Mon
09:58:54,28,Stony Island,,Mon,Tue,Wed,Thu,Fri
16:23:00,15,Jeffery Local,,Sat
10:55:30,15,Jeffery Local,,Sat
07:33:00,15,Jeffery Local,,Mon,Tue,Wed,Thu,Fri
17:16:00,15,Jeffery Local,,Mon,Tue,Wed,Thu,Fri
19:27:30,J14,Jeffery Jump,,Sun
11:20:30,J14,Jeffery Jump,,Mon,Tue,Wed,Thu,Fri
08:43:54,28,Stony Island,,Mon,Tue,Wed,Thu,Fri
22:01:00,15,Jeffery Local,,Sat
07:59:00,J14,Jeffery Jump,,Mon,Tue,Wed,Thu,Fri
21:03:30,15,Jeffery Local,,Sat
11:01:00,J14,Jeffery Jump,,Sun
22:20:30,15,Jeffery Local,,Sat
14:48:00,28,Stony Island,,Sun
09:21:00,J14,Jeffery Jump,,Sun
18:30:00,J14,Jeffery Jump,,Sat
16:18:00,J14,Jeffery Jump,,Sat
08:54:00,J14,Jeffery Jump,,Sat
22:22:30,15,Jeffery Local,,Mon,Tue,Wed,Thu,Fri
09:11:00,J14,Jeffery Jump,,Sun
16:54:00,15,Jeffery Local,,Mon,Tue,Wed,Thu,Fri
22:05:00,15,Jeffery Local,,Mon,Tue,Wed,Thu,Fri
09:35:00,15,Jeffery Local,,Mon,Tue,Wed,Thu,Fri
04:19:30,15,Jeffery Local,,Mon,Tue,Wed,Thu,Fri
11:01:30,J14,Jeffery Jump,,Mon,Tue,Wed,Thu,Fri
14:18:00,106,East 103rd,,Mon,Tue,Wed,Thu,Fri
15:52:00,15,Jeffery Local,,Sat
12:24:00,15,Jeffery Local,,Sat
20:40:00,15,Jeffery Local,,Sat
14:10:30,J14,Jeffery Jump,,Sat
18:27:00,J14,Jeffery Jump,,Sat
22:34:00,J14,Jeffery Jump,,Sat
10:59:00,28,Stony Island,,Sat
16:43:00,106,East 103rd,,Mon,Tue,Wed,Thu,Fri
15:43:00,15,Jeffery Local,,Sun
11:55:30,15,Jeffery Local,,Sun
07:34:00,J14,Jeffery Jump,,Sat
08:28:00,28,Stony Island,,Sun
13:11:30,28,Stony Island,,Sun
15:43:00,106,East 103rd,,Mon,Tue,Wed,Thu,Fri
15:44:00,J14,Jeffery Jump,,Mon,Tue,Wed,Thu,Fri
17:42:00,15,Jeffery Local,,Sat
12:14:20,28,Stony Island,,Mon,Tue,Wed,Thu,Fri
10:51:30,J14,Jeffery Jump,,Mon,Tue,Wed,Thu,Fri
17:32:00,J14,Jeffery Jump,,Mon,Tue,Wed,Thu,Fri
07:53:30,15,Jeffery Local,,Sat
16:11:30,15,Jeffery Local,,Mon,Tue,Wed,Thu,Fri
11:16:30,15,Jeffery Local,,Mon,Tue,Wed,Thu,Fri
11:20:30,J14,Jeffery Jump,,Mon,Tue,Wed,Thu,Fri
23:19:30,28,Stony Island,,Sun
00:00:00,28,Stony Island,,Mon
13:38:00,28,Stony Island,,Sat
12:35:30,15,Jeffery Local,,Sun
13:49:30,28,Stony Island,,Sun
09:03:00,106,East 103rd,,Mon,Tue,Wed,Thu,Fri
13:44:20,28,Stony Island,,Mon,Tue,Wed,Thu,Fri
17:25:30,28,Stony Island,,Sun
22:58:00,15,Jeffery Local,,Sun
13:28:30,J14,Jeffery Jump,,Sat
13:06:30,15,Jeffery Local,,Sun
08:34:00,28,Stony Island,,Sat
09:41:30,15,Jeffery Local,,Sun
20:30:00,J14,Jeffery Jump,,Sat
17:52:00,15,Jeffery Local,,Sun
12:28:00,28,Stony Island,,Sat
23:06:30,J14,Jeffery Jump,,Mon,Tue,Wed,Thu,Fri
22:11:00,106,East 103rd,,Mon,Tue,Wed,Thu,Fri
06:48:00,J14,Jeffery Jump,,Sat
04:59:00,15,Jeffery Local,,Mon,Tue,Wed,Thu,Fri
08:00:30,28,Stony Island,,Sat
14:10:30,J14,Jeffery Jump,,Sun
14:00:00,15,Jeffery Local,,Mon,Tue,Wed,Thu,Fri
04:59:00,15,Jeffery Local,,Mon,Tue,Wed,Thu,Fri
19:16:00,J14,Jeffery Jump,,Sat
11:06:30,J14,Jeffery Jump,,Sat
15:28:30,28,Stony Island,,Mon,Tue,Wed,Thu,Fri
08:28:24,28,Stony Island,,Mon,Tue,Wed,Thu,Fri
13:04:00,J14,Jeffery Jump,,Mon,Tue,Wed,Thu,Fri
06:29:30,15,Jeffery Local,,Sat
18:02:00,J14,Jeffery Jump,,Mon,Tue,Wed,Thu,Fri
09:10:30,J14,Jeffery Jump,,Sun
09:42:00,J14,Jeffery Jump,,Sat
16:38:00,J14,Jeffery Jump,,Sat
14:44:00,J14,Jeffery Jump,,Mon,Tue,Wed,Thu,Fri
13:15:00,15,Jeffery Local,,Mon,Tue,Wed,Thu,Fri
20:00:00,J14,Jeffery Jump,,Sat
16:16:54,28,Stony Island,,Mon,Tue,Wed,Thu,Fri
22:42:00,28,Stony Island,,Sun
12:09:30,15,Jeffery Local,,Sat
10:48:30,J14,Jeffery Jump,,Sat
10:39:00,J14,Jeffery Jump,,Sun
05:36:00,15,Jeffery Local,,Mon,Tue,Wed,Thu,Fri
19:30:00,J14,Jeffery Jump,,Sun
14:18:30,15,Jeffery Local,,Sun
13:02:30,J14,Jeffery Jump,,Sat
07:11:30,28,Stony Island,,Sat
13:33:00,106,East 103rd,,Mon,Tue,Wed,Thu,Fri
21:15:00,15,Jeffery Local,,Sun
17:26:00,15,Jeffery Local,,Sat
04:27:00,J14,Jeffery Jump,,Mon,Tue,Wed,Thu,Fri
20:17:30,J14,Jeffery Jump,,Sun
23:10:30,J14,Jeffery Jump,,Sun
13:03:00,106,East 103rd,,Sat
05:31:00,J14,Jeffery Jump,,Sat
08:34:00,15,Jeffery Local,,Sun
08:39:30,15,Jeffery Local,,Sat
10:38:00,15,Jeffery Local,,Sat
10:57:00,28,Stony Island,,Sun
16:30:30,J14,Jeffery Jump,,Sun
18:20:00,J14,Jeffery Jump,,Sun
18:09:00,J14,Jeffery Jump,,Sun
18:43:00,15,Jeffery Local,,Mon,Tue,Wed,Thu,Fri
19:34:30,15,Jeffery Local,,Mon,Tue,Wed,Thu,Fri
11:59:20,28,Stony Island,,Mon,Tue,Wed,Thu,Fri
05:24:00,28,Stony Island,,Mon,Tue,Wed,Thu,Fri
15:40:30,15,Jeffery Local,,Mon,Tue,Wed,Thu,Fri
05:59:00,J14,Jeffery Jump,,Mon,Tue,Wed,Thu,Fri
21:08:30,J14,Jeffery Jump,,Mon,Tue,Wed,Thu,Fri
13:20:30,J14,Jeffery Jump,,Sun
18:08:00,J14,Jeffery Jump,,Sat
05:26:30,15,Jeffery Local,,Sat
05:35:00,28,Stony Island,,Sun
15:24:30,15,Jeffery Local,,Mon,Tue,Wed,Thu,Fri
11:45:00,28,Stony Island,,Sat
08:41:30,15,Jeffery Local,,Mon,Tue,Wed,Thu,Fri
21:41:30,15,Jeffery Local,,Sat
11:26:30,J14,Jeffery Jump,,Sat
17:18:00,J14,Jeffery Jump,,Sat
14:12:00,J14,Jeffery Jump,,Sun
16:33:00,J14,Jeffery Jump,,Mon,Tue,Wed,Thu,Fri
10:49:30,15,Jeffery Local,,Sun
13:54:00,J14,Jeffery Jump,,Mon,Tue,Wed,Thu,Fri
15:21:30,15,Jeffery Local,,Sun
11:46:00,106,East 103rd,,Sat
06:48:30,15,Jeffery Local,,Sat
22:20:00,28,Stony Island,,Sun
12:06:00,15,Jeffery Local,,Mon,Tue,Wed,Thu,Fri
14:40:30,J14,Jeffery Jump,,Sat
16:48:00,106,East 103rd,,Sat
12:00:30,J14,Jeffery Jump,,Mon,Tue,Wed,Thu,Fri
15:24:30,15,Jeffery Local,,Mon,Tue,Wed,Thu,Fri
14:00:30,J14,Jeffery Jump,,Sat
14:13:00,28,Stony Island,,Sat
14:12:00,15,Jeffery Local,,Sat
04:00:00,15,Jeffery Local,,Mon,Tue,Wed,Thu,Fri
13:36:30,15,Jeffery Local,,Sun
18:20:00,J14,Jeffery Jump,,Sun
19:34:30,15,Jeffery Local,,Mon,Tue,Wed,Thu,Fri
13:18:30,J14,Jeffery Jump,,Sat
08:06:00,28,Stony Island,,Sun
06:44:30,J14,Jeffery Jump,,Mon,Tue,Wed,Thu,Fri
10:11:00,J14,Jeffery Jump,,Sat
23:35:00,28,Stony Island,,Sat
17:48:00,J14,Jeffery Jump,,Sat
09:18:00,106,East 103rd,,Mon,Tue,Wed,Thu,Fri
20:10:00,J14,Jeffery Jump,,Sat
11:40:30,15,Jeffery Local,,Sat
15:21:30,15,Jeffery Local,,Sun
12:14:30,J14,Jeffery Jump,,Sun
21:08:00,15,Jeffery Local,,Sun
05:44:30,28,Stony Island,,Sat
05:18:00,15,Jeffery Local,,Mon,Tue,Wed,Thu,Fri
12:14:20,28,Stony Island,,Mon,Tue,Wed,Thu,Fri
08:16:00,106,East 103rd,,Sat
20:13:00,15,Jeffery Local,,Sat
06:47:00,15,Jeffery Local,,Mon,Tue,Wed,Thu,Fri
15:42:00,J14,Jeffery Jump,,Sun
11:43:00,28,Stony Island,,Sun
13:49:30,15,Jeffery Local,,Sun
17:05:00,15,Jeffery Local,,Mon,Tue,Wed,Thu,Fri
22:27:30,15,Jeffery Local,,Sun
22:16:30,15,Jeffery Local,,Mon,Tue,Wed,Thu,Fri
20:07:30,J14,Jeffery Jump,,Sun
21:11:00,106,East 103rd,,Mon,Tue,Wed,Thu,Fri
18:54:00,28,Stony Island,,Sat
10:18:30,28,Stony Island,,Sat
11:38:30,J14,Jeffery Jump,,Sat
14:48:00,J14,Jeffery Jump,,Sat
19:03:00,15,Jeffery Local,,Sun
09:10:30,J14,Jeffery Jump,,Sun
17:29:00,J14,Jeffery Jump,,Sun
11:48:00,106,East 103rd,,Mon,Tue,Wed,Thu,Fri
15:36:30,15,Jeffery Local,,Sat
12:47:00,15,Jeffery Local,,Sun
04:55:00,J14,Jeffery Jump,,Sat
08:35:00,106,East 103rd,,Mon,Tue,Wed,Thu,Fri
15:58:00,106,East 103rd,,Mon,Tue,Wed,Thu,Fri
12:15:30,15,Jeffery Local,,Mon,Tue,Wed,Thu,Fri
10:29:00,J14,Jeffery Jump,,Sat
07:04:30,J14,Jeffery Jump,,Mon,Tue,Wed,Thu,Fri
11:09:30,28,Stony Island,,Sat
08:57:00,J14,Jeffery Jump,,Mon,Tue,Wed,Thu,Fri
20:40:00,28,Stony Island,,Sun
17:10:00,15,Jeffery Local,,Sat
07:53:30,J14,Jeffery Jump,,Mon,Tue,Wed,Thu,Fri
10:18:30,J14,Jeffery Jump,,Sat
10:01:00,J14,Jeffery Jump,,Sun
10:43:00,28,Stony Island,,Sat
10:43:54,28,Stony Island,,Mon,Tue,Wed,Thu,Fri
05:26:00,J14,Jeffery Jump,,Mon,Tue,Wed,Thu,Fri
13:45:00,15,Jeffery Local,,Mon,Tue,Wed,Thu,Fri
19:06:00,J14,Jeffery Jump,,Sat
14:47:00,J14,Jeffery Jump,,Mon,Tue,Wed,Thu,Fri
12:55:30,15,Jeffery Local,,Sat
04:15:00,J14,Jeffery Jump,,Mon,Tue,Wed,Thu,Fri
13:58:30,J14,Jeffery Jump,,Sat
13:30:30,J14,Jeffery Jump,,Sat
15:43:30,15,Jeffery Local,,Mon,Tue,Wed,Thu,Fri
14:57:00,J14,Jeffery Jump,,Mon,Tue,Wed,Thu,Fri
16:48:00,J14,Jeffery Jump,,Sat
08:16:24,28,Stony Island,,Mon,Tue,Wed,Thu,Fri
18:07:30,28,Stony Island,,Sat
11:05:00,15,Jeffery Local,,Mon,Tue,Wed,Thu,Fri
05:26:00,J14,Jeffery Jump,,Mon,Tue,Wed,Thu,Fri
07:49:00,15,Jeffery Local,,Sun
17:44:00,28,Stony Island,,Sun
20:50:00,J14,Jeffery Jump,,Sun
10:27:30,15,Jeffery Local,,Sun
10:16:30,J14,Jeffery Jump,,Mon,Tue,Wed,Thu,Fri
14:26:30,15,Jeffery Local,,Sat
10:50:30,15,Jeffery Local,,Mon,Tue,Wed,Thu,Fri
11:50:30,J14,Jeffery Jump,,Mon,Tue,Wed,Thu,Fri
15:35:00,28,Stony Island,,Sat
06:44:30,J14,Jeffery Jump,,Mon,Tue,Wed,Thu,Fri
13:12:00,28,Stony Island,,Sun
10:31:00,J14,Jeffery Jump,,Sun
01:03:30,15,Jeffery Local,,Sun
15:30:30,J14,Jeffery Jump,,Sat
10:50:30,15,Jeffery Local,,Mon,Tue,Wed,Thu,Fri
11:28:30,J14,Jeffery Jump,,Sat
10:54:00,J14,Jeffery Jump,,Mon,Tue,Wed,Thu,Fri
00:59:00,28,Stony Island,,Sun
08:35:30,J14,Jeffery Jump,,Sat
20:10:00,J14,Jeffery Jump,,Sun
22:41:30,15,Jeffery Local,,Mon,Tue,Wed,Thu,Fri
14:05:30,15,Jeffery Local,,Sat
11:40:30,J14,Jeffery Jump,,Mon,Tue,Wed,Thu,Fri
20:40:00,28,Stony Island,,Sat
14:20:30,15,Jeffery Local,,Sat
13:06:30,15,Jeffery Local,,Mon,Tue,Wed,Thu,Fri
15:08:00,J14,Jeffery Jump,,Sat
07:01:00,J14,Jeffery Jump,,Sat
07:19:00,J14,Jeffery Jump,,Mon,Tue,Wed,Thu,Fri
22:06:30,J14,Jeffery Jump,,Mon,Tue,Wed,Thu,Fri
12:00:00,28,Stony Island,,Sat
19:31:30,106,East 103rd,,Mon,Tue,Wed,Thu,Fri
24:02:30,28,Stony Island,,Sun
15:17:00,J14,Jeffery Jump,,Mon,Tue,Wed,Thu,Fri
12:47:00,28,Stony Island,,Sat
15:18:00,106,East 103rd,,Mon,Tue,Wed,Thu,Fri
19:06:30,15,Jeffery Local,,Mon,Tue,Wed,Thu,Fri
18:30:00,J14,Jeffery Jump,,Sat
08:42:00,106,East 103rd,,Sat
16:13:00,28,Stony Island,,Sun
15:05:00,28,Stony Island,,Sun
12:22:30,15,Jeffery Local,,Sat
19:02:00,J14,Jeffery Jump,,Mon,Tue,Wed,Thu,Fri
00:57:30,28,Stony Island,,Mon
10:00:30,J14,Jeffery Jump,,Sun
10:27:00,28,Stony Island,,Sat
19:17:00,15,Jeffery Local,,Mon,Tue,Wed,Thu,Fri
07:14:00,J14,Jeffery Jump,,Mon,Tue,Wed,Thu,Fri
22:23:30,J14,Jeffery Jump,,Sun
22:02:00,15,Jeffery Local,,Sun
10:11:00,J14,Jeffery Jump,,Sun
09:51:00,J14,Jeffery Jump,,Sun
18:03:00,28,Stony Island,,Sun
11:18:30,J14,Jeffery Jump,,Sat
07:35:30,J14,Jeffery Jump,,Mon,Tue,Wed,Thu,Fri
20:10:00,J14,Jeffery Jump,,Sun
20:20:00,J14,Jeffery Jump,,Sat
20:12:00,J14,Jeffery Jump,,Mon,Tue,Wed,Thu,Fri
17:58:00,J14,Jeffery Jump,,Sat
14:50:30,15,Jeffery Local,,Sat
18:43:00,106,East 103rd,,Mon,Tue,Wed,Thu,Fri
15:21:00,15,Jeffery Local,,Sat
08:35:30,J14,Jeffery Jump,,Sat
14:00:00,28,Stony Island,,Sun
16:28:00,J14,Jeffery Jump,,Sat
05:15:00,28,Stony Island,,Sat
19:37:30,J14,Jeffery Jump,,Sun
12:32:00,28,Stony Island,,Sat
18:21:00,15,Jeffery Local,,Sun
13:38:30,J14,Jeffery Jump,,Sat
05:39:30,28,Stony Island,,Mon,Tue,Wed,Thu,Fri
16:04:00,J14,Jeffery Jump,,Mon,Tue,Wed,Thu,Fri
17:42:00,28,Stony Island,,Sun
13:00:00,15,Jeffery Local,,Mon,Tue,Wed,Thu,Fri
11:30:30,15,Jeffery Local,,Mon,Tue,Wed,Thu,Fri
09:41:30,J14,Jeffery Jump,,Mon,Tue,Wed,Thu,Fri
08:10:00,106,East 103rd,,Mon,Tue,Wed,Thu,Fri
18:48:00,J14,Jeffery Jump,,Sun
21:11:30,15,Jeffery Local,,Sat
21:24:30,J14,Jeffery Jump,,Sun
06:39:00,28,Stony Island,,Sat
12:36:30,15,Jeffery Local,,Mon,Tue,Wed,Thu,Fri
21:20:20,28,Stony Island,,Mon,Tue,Wed,Thu,Fri
13:50:30,J14,Jeffery Jump,,Sat
17:40:00,J14,Jeffery Jump,,Sat
10:02:00,15,Jeffery Local,,Mon,Tue,Wed,Thu,Fri
07:49:00,J14,Jeffery Jump,,Mon,Tue,Wed,Thu,Fri
10:07:00,J14,Jeffery Jump,,Mon,Tue,Wed,Thu,Fri
22:40:00,15,Jeffery Local,,Mon,Tue,Wed,Thu,Fri
18:42:30,J14,Jeffery Jump,,Mon,Tue,Wed,Thu,Fri
07:22:30,15,Jeffery Local,,Mon,Tue,Wed,Thu,Fri
14:42:00,J14,Jeffery Jump,,Sun
18:49:52,28,Stony Island,,Mon,Tue,Wed,Thu,Fri
21:35:00,28,Stony Island,,Sat
13:02:00,28,Stony Island,,Sat
18:22:30,28,Stony Island,,Sat
12:38:30,15,Jeffery Local,,Sat
17:58:00,J14,Jeffery Jump,,Sat
08:18:00,J14,Jeffery Jump,,Mon,Tue,Wed,Thu,Fri
10:03:30,15,Jeffery Local,,Sun
17:23:30,28,Stony Island,,Sat
08:24:30,J14,Jeffery Jump,,Sun
05:50:30,15,Jeffery Local,,Sun
00:00:00,28,Stony Island,,Mon
18:30:00,J14,Jeffery Jump,,Sun
23:06:30,J14,Jeffery Jump,,Mon,Tue,Wed,Thu,Fri
09:28:54,28,Stony Island,,Mon,Tue,Wed,Thu,Fri
00:59:30,28,Stony Island,,Tue,Wed,Thu,Fri,Sat
08:26:00,15,Jeffery Local,,Mon,Tue,Wed,Thu,Fri
11:59:20,28,Stony Island,,Mon,Tue,Wed,Thu,Fri
13:22:00,J14,Jeffery Jump,,Sun
08:50:30,J14,Jeffery Jump,,Sun
05:50:30,15,Jeffery Local,,Sun
22:58:00,15,Jeffery Local,,Sun
01:18:00,15,Jeffery Local,,Tue,Wed,Thu,Fri,Sat
18:36:00,J14,Jeffery Jump,,Mon,Tue,Wed,Thu,Fri
16:48:00,28,Stony Island,,Sun
20:11:00,106,East 103rd,,Mon,Tue,Wed,Thu,Fri
21:16:00,J14,Jeffery Jump,,Sun
23:10:30,15,Jeffery Local,,Sat
10:28:30,J14,Jeffery Jump,,Sat
06:58:00,15,Jeffery Local,,Sun
22:51:30,J14,Jeffery Jump,,Mon,Tue,Wed,Thu,Fri
15:20:30,J14,Jeffery Jump,,Sat
14:55:00,106,East 103rd,,Mon,Tue,Wed,Thu,Fri
17:24:30,15,Jeffery Local,,Mon,Tue,Wed,Thu,Fri
09:49:00,28,Stony Island,,Sun
24:05:00,15,Jeffery Local,,Sun
16:05:00,28,Stony Island,,Sat
10:27:00,28,Stony Island,,Sun
14:39:30,15,Jeffery Local,,Sun
16:46:54,28,Stony Island,,Mon,Tue,Wed,Thu,Fri
08:51:00,28,Stony Island,,Sat
08:24:00,J14,Jeffery Jump,,Mon,Tue,Wed,Thu,Fri
23:45:30,15,Jeffery Local,,Sat
17:48:30,15,Jeffery Local,,Mon,Tue,Wed,Thu,Fri
01:45:00,15,Jeffery Local,,Mon
19:53:30,15,Jeffery Local,,Sat
12:28:30,J14,Jeffery Jump,,Sat
05:34:00,J14,Jeffery Jump,,Mon,Tue,Wed,Thu,Fri
14:16:00,28,Stony Island,,Sun
07:38:24,28,Stony Island,,Mon,Tue,Wed,Thu,Fri
13:37:00,15,Jeffery Local,,Mon,Tue,Wed,Thu,Fri
07:38:30,28,Stony Island,,Sat
10:58:54,28,Stony Island,,Mon,Tue,Wed,Thu,Fri
09:07:00,28,Stony Island,,Sat
10:17:00,28,Stony Island,,Sun
16:40:30,J14,Jeffery Jump,,Sun
06:10:00,15,Jeffery Local,,Sat
19:25:00,J14,Jeffery Jump,,Sat
14:56:30,28,Stony Island,,Sat
20:20:00,28,Stony Island,,Sun
08:43:54,28,Stony Island,,Mon,Tue,Wed,Thu,Fri
05:11:30,J14,Jeffery Jump,,Mon,Tue,Wed,Thu,Fri
10:47:00,J14,Jeffery Jump,,Sat
16:05:00,28,Stony Island,,Sat
14:52:00,J14,Jeffery Jump,,Sun
16:30:00,28,Stony Island,,Sun
22:10:00,28,Stony Island,,Sat
12:14:30,28,Stony Island,,Sun
08:34:00,28,Stony Island,,Sat
12:08:30,J14,Jeffery Jump,,Sat
19:50:00,J14,Jeffery Jump,,Sat
22:02:30,28,Stony Island,,Sun
11:20:00,106,East 103rd,,Sat
17:08:00,J14,Jeffery Jump,,Sat
18:58:00,15,Jeffery Local,,Sun
16:52:00,28,Stony Island,,Sat
11:33:00,106,East 103rd,,Mon,Tue,Wed,Thu,Fri
18:10:00,J14,Jeffery Jump,,Sun
11:43:30,28,Stony Island,,Sat
21:34:00,J14,Jeffery Jump,,Sun
17:55:30,15,Jeffery Local,,Sat
15:54:00,J14,Jeffery Jump,,Mon,Tue,Wed,Thu,Fri
19:02:00,J14,Jeffery Jump,,Mon,Tue,Wed,Thu,Fri
20:12:00,J14,Jeffery Jump,,Mon,Tue,Wed,Thu,Fri
23:03:30,J14,Jeffery Jump,,Sat
18:46:30,J14,Jeffery Jump,,Sat
16:28:00,106,East 103rd,,Mon,Tue,Wed,Thu,Fri
08:21:00,15,Jeffery Local,,Sat
22:53:00,15,Jeffery Local,,Sun
17:41:30,J14,Jeffery Jump,,Sun
18:30:00,15,Jeffery Local,,Sat
22:23:30,J14,Jeffery Jump,,Sun
16:08:00,J14,Jeffery Jump,,Sat
19:29:00,28,Stony Island,,Sun
11:28:00,J14,Jeffery Jump,,Sun
14:43:52,28,Stony Island,,Mon,Tue,Wed,Thu,Fri
20:32:00,J14,Jeffery Jump,,Mon,Tue,Wed,Thu,Fri
18:55:00,15,Jeffery Local,,Mon,Tue,Wed,Thu,Fri
18:36:00,28,Stony Island,,Sat
17:01:54,28,Stony Island,,Mon,Tue,Wed,Thu,Fri
23:38:30,15,Jeffery Local,,Mon,Tue,Wed,Thu,Fri
16:58:00,106,East 103rd,,Mon,Tue,Wed,Thu,Fri
19:52:00,J14,Jeffery Jump,,Mon,Tue,Wed,Thu,Fri
06:03:00,28,Stony Island,,Sun
16:12:00,J14,Jeffery Jump,,Sun
15:31:54,28,Stony Island,,Mon,Tue,Wed,Thu,Fri
13:40:30,J14,Jeffery Jump,,Sat
16:12:00,15,Jeffery Local,,Mon,Tue,Wed,Thu,Fri
11:46:30,J14,Jeffery Jump,,Sat
14:38:00,15,Jeffery Local,,Mon,Tue,Wed,Thu,Fri
05:28:00,15,Jeffery Local,,Sun
18:57:30,J14,Jeffery Jump,,Sun
17:51:00,J14,Jeffery Jump,,Sun
18:56:30,J14,Jeffery Jump,,Mon,Tue,Wed,Thu,Fri
13:38:00,28,Stony Island,,Sat
12:05:00,J14,Jeffery Jump,,Sun
21:43:00,28,Stony Island,,Sun
06:25:30,J14,Jeffery Jump,,Mon,Tue,Wed,Thu,Fri
07:24:00,J14,Jeffery Jump,,Mon,Tue,Wed,Thu,Fri
20:11:00,106,East 103rd,,Mon,Tue,Wed,Thu,Fri
13:50:30,J14,Jeffery Jump,,Sun
12:38:30,J14,Jeffery Jump,,Sat
07:53:30,15,Jeffery Local,,Sat
10:00:30,J14,Jeffery Jump,,Sun
13:53:00,106,East 103rd,,Sat
07:47:30,J14,Jeffery Jump,,Mon,Tue,Wed,Thu,Fri
23:30:30,J14,Jeffery Jump,,Sun
14:57:22,28,Stony Island,,Mon,Tue,Wed,Thu,Fri
17:25:00,15,Jeffery Local,,Sat
20:45:30,28,Stony Island,,Sun
06:59:00,J14,Jeffery Jump,,Mon,Tue,Wed,Thu,Fri
06:31:00,28,Stony Island,,Sun
06:07:50,28,Stony Island,,Mon,Tue,Wed,Thu,Fri
07:01:00,J14,Jeffery Jump,,Sun
11:46:00,15,Jeffery Local,,Sun
10:17:30,15,Jeffery Local,,Sun
22:20:00,28,Stony Island,,Sun
08:22:00,106,East 103rd,,Mon,Tue,Wed,Thu,Fri
18:50:00,J14,Jeffery Jump,,Sun
15:35:00,28,Stony Island,,Sat
11:16:30,J14,Jeffery Jump,,Sat
21:22:00,J14,Jeffery Jump,,Sat
19:39:30,15,Jeffery Local,,Mon,Tue,Wed,Thu,Fri
19:00:00,J14,Jeffery Jump,,Sat
15:30:00,15,Jeffery Local,,Mon,Tue,Wed,Thu,Fri
13:22:30,J14,Jeffery Jump,,Sat
13:34:00,J14,Jeffery Jump,,Mon,Tue,Wed,Thu,Fri
07:39:00,J14,Jeffery Jump,,Mon,Tue,Wed,Thu,Fri
21:44:00,J14,Jeffery Jump,,Sun
13:48:00,106,East 103rd,,Mon,Tue,Wed,Thu,Fri
13:49:30,28,Stony Island,,Sun
11:46:00,J14,Jeffery Jump,,Sun
18:34:52,28,Stony Island,,Mon,Tue,Wed,Thu,Fri
09:19:30,15,Jeffery Local,,Sun
13:49:00,J14,Jeffery Jump,,Mon,Tue,Wed,Thu,Fri
21:28:00,15,Jeffery Local,,Sat
15:24:00,J14,Jeffery Jump,,Mon,Tue,Wed,Thu,Fri
06:25:30,28,Stony Island,,Mon,Tue,Wed,Thu,Fri
12:05:00,J14,Jeffery Jump,,Sun
20:04:00,J14,Jeffery Jump,,Mon,Tue,Wed,Thu,Fri
08:49:00,106,East 103rd,,Mon,Tue,Wed,Thu,Fri
09:39:00,15,Jeffery Local,,Sun
06:35:00,J14,Jeffery Jump,,Mon,Tue,Wed,Thu,Fri
13:28:00,28,Stony Island,,Sun
18:31:30,J14,Jeffery Jump,,Mon,Tue,Wed,Thu,Fri
16:38:30,15,Jeffery Local,,Sat
23:17:30,28,Stony Island,,Mon,Tue,Wed,Thu,Fri
15:13:00,15,Jeffery Local,,Sun
20:28:30,15,Jeffery Local,,Mon,Tue,Wed,Thu,Fri
09:00:30,J14,Jeffery Jump,,Sun
14:35:00,28,Stony Island,,Sat
10:44:30,J14,Jeffery Jump,,Mon,Tue,Wed,Thu,Fri
06:54:30,J14,Jeffery Jump,,Mon,Tue,Wed,Thu,Fri
08:24:00,28,Stony Island,,Sun
10:19:30,J14,Jeffery Jump,,Sat
16:55:30,28,Stony Island,,Sat
10:02:00,J14,Jeffery Jump,,Sat
10:20:30,J14,Jeffery Jump,,Sun
19:44:30,15,Jeffery Local,,Sun
06:29:30,15,Jeffery Local,,Sat
07:17:00,15,Jeffery Local,,Sun
06:34:00,15,Jeffery Local,,Sun
17:51:30,J14,Jeffery Jump,,Mon,Tue,Wed,Thu,Fri
15:18:00,J14,Jeffery Jump,,Sat
08:23:00,J14,Jeffery Jump,,Sun
13:06:30,15,Jeffery Local,,Mon,Tue,Wed,Thu,Fri
17:58:00,15,Jeffery Local,,Sat
19:30:00,J14,Jeffery Jump,,Sat
21:45:00,15,Jeffery Local,,Sat
06:19:30,J14,Jeffery Jump,,Mon,Tue,Wed,Thu,Fri
22:22:00,J14,Jeffery Jump,,Sat
19:44:30,J14,Jeffery Jump,,Sat
17:36:00,J14,Jeffery Jump,,Mon,Tue,Wed,Thu,Fri
22:05:00,15,Jeffery Local,,Mon,Tue,Wed,Thu,Fri
12:38:00,106,East 103rd,,Sat
09:15:30,15,Jeffery Local,,Sat
11:36:30,J14,Jeffery Jump,,Sat
04:39:30,15,Jeffery Local,,Mon,Tue,Wed,Thu,Fri
12:16:00,28,Stony Island,,Sat
16:54:00,15,Jeffery Local,,Sat
11:49:30,15,Jeffery Local,,Sat
07:34:00,15,Jeffery Local,,Mon,Tue,Wed,Thu,Fri
08:06:00,28,Stony Island,,Sun
18:26:30,J14,Jeffery Jump,,Mon,Tue,Wed,Thu,Fri
13:36:30,15,Jeffery Local,,Sun
15:33:00,106,East 103rd,,Sat
18:42:00,15,Jeffery Local,,Sun
07:39:30,106,East 103rd,,Mon,Tue,Wed,Thu,Fri
21:30:30,15,Jeffery Local,,Sun
10:41:00,J14,Jeffery Jump,,Sun
18:40:00,J14,Jeffery Jump,,Sat
12:00:00,28,Stony Island,,Sat
21:16:00,J14,Jeffery Jump,,Sun
12:50:30,J14,Jeffery Jump,,Sun
18:08:00,15,Jeffery Local,,Mon,Tue,Wed,Thu,Fri
13:09:00,J14,Jeffery Jump,,Mon,Tue,Wed,Thu,Fri
17:51:00,J14,Jeffery Jump,,Sun
12:09:00,J14,Jeffery Jump,,Mon,Tue,Wed,Thu,Fri
13:19:00,J14,Jeffery Jump,,Mon,Tue,Wed,Thu,Fri
15:24:00,J14,Jeffery Jump,,Mon,Tue,Wed,Thu,Fri
11:05:00,28,Stony Island,,Sun
06:25:30,28,Stony Island,,Mon,Tue,Wed,Thu,Fri
20:52:00,J14,Jeffery Jump,,Mon,Tue,Wed,Thu,Fri
15:02:00,J14,Jeffery Jump,,Sun
18:29:00,J14,Jeffery Jump,,Sun
14:13:00,15,Jeffery Local,,Mon,Tue,Wed,Thu,Fri
12:04:00,J14,Jeffery Jump,,Mon,Tue,Wed,Thu,Fri
18:15:30,28,Stony Island,,Sun
15:08:00,J14,Jeffery Jump,,Sat
07:21:00,28,Stony Island,,Sun
18:57:30,15,Jeffery Local,,Sat
12:52:00,J14,Jeffery Jump,,Sun
20:51:00,106,East 103rd,,Mon,Tue,Wed,Thu,Fri
20:40:00,15,Jeffery Local,,Sat
13:28:30,J14,Jeffery Jump,,Sat
14:44:00,J14,Jeffery Jump,,Mon,Tue,Wed,Thu,Fri
18:26:30,15,Jeffery Local,,Sat
18:54:00,28,Stony Island,,Sat
20:45:30,28,Stony Island,,Sun
20:07:00,28,Stony Island,,Sun
07:20:00,28,Stony Island,,Sat
09:15:00,15,Jeffery Local,,Sat
11:14:00,J14,Jeffery Jump,,Mon,Tue,Wed,Thu,Fri
16:10:00,15,Jeffery Local,,Sat
23:18:30,J14,Jeffery Jump,,Mon,Tue,Wed,Thu,Fri
19:17:30,J14,Jeffery Jump,,Sun
14:00:30,J14,Jeffery Jump,,Sun
11:45:00,28,Stony Island,,Sat
11:27:00,15,Jeffery Local,,Sun
15:08:00,106,East 103rd,,Sat
12:14:30,28,Stony Island,,Sun
19:11:30,28,Stony Island,,Sun
11:17:00,28,Stony Island,,Sun
19:30:00,J14,Jeffery Jump,,Sat
22:13:00,28,Stony Island,,Sat
16:43:00,J14,Jeffery Jump,,Mon,Tue,Wed,Thu,Fri
20:30:00,28,Stony Island,,Sat
12:33:30,28,Stony Island,,Sun
24:43:00,15,Jeffery Local,,Sat
15:55:30,28,Stony Island,,Sat
15:10:00,15,Jeffery Local,,Sat
18:26:30,15,Jeffery Local,,Sat
07:11:30,28,Stony Island,,Sat
20:10:00,J14,Jeffery Jump,,Sat
09:05:00,28,Stony Island,,Sat
21:46:50,28,Stony Island,,Mon,Tue,Wed,Thu,Fri
09:43:54,28,Stony Island,,Mon,Tue,Wed,Thu,Fri
07:16:00,J14,Jeffery Jump,,Sun
10:58:30,J14,Jeffery Jump,,Sat
23:54:30,J14,Jeffery Jump,,Sat
10:11:00,28,Stony Island,,Sat
09:51:30,J14,Jeffery Jump,,Mon,Tue,Wed,Thu,Fri
10:18:30,28,Stony Island,,Sat
20:45:00,15,Jeffery Local,,Mon,Tue,Wed,Thu,Fri
16:40:00,15,Jeffery Local,,Sat
12:22:30,J14,Jeffery Jump,,Sat
07:30:30,15,Jeffery Local,,Sat
06:59:30,J14,Jeffery Jump,,Mon,Tue,Wed,Thu,Fri
07:49:00,15,Jeffery Local,,Sun
11:48:30,J14,Jeffery Jump,,Sat
20:22:20,28,Stony Island,,Mon,Tue,Wed,Thu,Fri
08:16:24,28,Stony Island,,Mon,Tue,Wed,Thu,Fri
14:12:00,15,Jeffery Local,,Sat
14:42:00,J14,Jeffery Jump,,Sun
19:53:30,15,Jeffery Local,,Sat
05:35:00,28,Stony Island,,Sun
10:01:30,J14,Jeffery Jump,,Mon,Tue,Wed,Thu,Fri
06:50:00,15,Jeffery Local,,Mon,Tue,Wed,Thu,Fri
12:29:20,28,Stony Island,,Mon,Tue,Wed,Thu,Fri
13:52:00,28,Stony Island,,Sat
16:36:00,J14,Jeffery Jump,,Mon,Tue,Wed,Thu,Fri
08:02:30,15,Jeffery Local,,Sat
18:43:00,106,East 103rd,,Mon,Tue,Wed,Thu,Fri
07:38:30,28,Stony Island,,Sat
21:03:30,15,Jeffery Local,,Sat
19:11:30,15,Jeffery Local,,Sat
14:03:00,106,East 103rd,,Mon,Tue,Wed,Thu,Fri
08:52:30,J14,Jeffery Jump,,Mon,Tue,Wed,Thu,Fri
14:20:30,J14,Jeffery Jump,,Sun
12:32:00,J14,Jeffery Jump,,Sun
08:24:30,J14,Jeffery Jump,,Sun
23:29:30,28,Stony Island,,Mon,Tue,Wed,Thu,Fri
08:49:00,106,East 103rd,,Mon,Tue,Wed,Thu,Fri
14:09:00,J14,Jeffery Jump,,Mon,Tue,Wed,Thu,Fri
15:48:00,J14,Jeffery Jump,,Sat
18:52:30,28,Stony Island,,Sun
21:20:00,J14,Jeffery Jump,,Mon,Tue,Wed,Thu,Fri
23:29:00,28,Stony Island,,Sat
18:02:00,106,East 103rd,,Sat
21:36:30,J14,Jeffery Jump,,Mon,Tue,Wed,Thu,Fri
21:31:00,106,East 103rd,,Mon,Tue,Wed,Thu,Fri
05:03:00,J14,Jeffery Jump,,Mon,Tue,Wed,Thu,Fri
13:10:00,28,Stony Island,,Sat
21:40:00,J14,Jeffery Jump,,Mon,Tue,Wed,Thu,Fri
13:02:00,J14,Jeffery Jump,,Sun
19:12:00,J14,Jeffery Jump,,Mon,Tue,Wed,Thu,Fri
21:04:00,J14,Jeffery Jump,,Sat
14:30:30,15,Jeffery Local,,Sun
14:35:00,28,Stony Island,,Sat
06:49:30,J14,Jeffery Jump,,Mon,Tue,Wed,Thu,Fri
15:04:00,J14,Jeffery Jump,,Mon,Tue,Wed,Thu,Fri
17:31:00,15,Jeffery Local,,Mon,Tue,Wed,Thu,Fri
10:37:00,28,Stony Island,,Sun
10:11:00,28,Stony Island,,Sat
17:43:00,106,East 103rd,,Mon,Tue,Wed,Thu,Fri
23:47:30,28,Stony Island,,Mon,Tue,Wed,Thu,Fri
09:13:00,J14,Jeffery Jump,,Sat
16:50:30,106,East 103rd,,Mon,Tue,Wed,Thu
06:09:00,15,Jeffery Local,,Sun
13:31:00,28,Stony Island,,Sat
15:53:30,J14,Jeffery Jump,,Mon,Tue,Wed,Thu,Fri
16:26:00,15,Jeffery Local,,Sun
14:30:30,15,Jeffery Local,,Sun
04:55:00,J14,Jeffery Jump,,Mon,Tue,Wed,Thu,Fri
21:10:30,15,Jeffery Local,,Mon,Tue,Wed,Thu,Fri
08:25:30,J14,Jeffery Jump,,Sat
19:03:00,15,Jeffery Local,,Sat
09:52:00,J14,Jeffery Jump,,Sat
05:19:00,J14,Jeffery Jump,,Mon,Tue,Wed,Thu,Fri
09:32:00,J14,Jeffery Jump,,Sat
10:37:00,15,Jeffery Local,,Sun
19:04:30,J14,Jeffery Jump,,Mon,Tue,Wed,Thu,Fri
17:18:00,J14,Jeffery Jump,,Sat
11:46:00,106,East 103rd,,Sat
04:30:00,28,Stony Island,,Mon,Tue,Wed,Thu,Fri
20:20:00,J14,Jeffery Jump,,Sun
16:51:30,J14,Jeffery Jump,,Mon,Tue,Wed,Thu,Fri
17:17:24,28,Stony Island,,Mon,Tue,Wed,Thu,Fri
22:22:00,28,Stony Island,,Sun
19:51:00,106,East 103rd,,Mon,Tue,Wed,Thu,Fri
20:12:00,15,Jeffery Local,,Mon,Tue,Wed,Thu,Fri
14:08:00,J14,Jeffery Jump,,Sat
21:52:00,J14,Jeffery Jump,,Sat
17:31:00,15,Jeffery Local,,Mon,Tue,Wed,Thu,Fri
09:21:00,15,Jeffery Local,,Sun
12:52:00,J14,Jeffery Jump,,Sun
07:07:00,15,Jeffery Local,,Sat
19:51:00,28,Stony Island,,Sat
04:00:00,J14,Jeffery Jump,,Mon,Tue,Wed,Thu,Fri
19:51:00,28,Stony Island,,Sat
11:04:00,J14,Jeffery Jump,,Mon,Tue,Wed,Thu,Fri
21:11:30,15,Jeffery Local,,Sat
08:20:30,15,Jeffery Local,,Sun
06:02:00,J14,Jeffery Jump,,Mon,Tue,Wed,Thu,Fri
15:40:30,15,Jeffery Local,,Mon,Tue,Wed,Thu,Fri
07:25:30,15,Jeffery Local,,Sat
16:48:00,106,East 103rd,,Sat
07:29:00,J14,Jeffery Jump,,Mon,Tue,Wed,Thu,Fri
15:31:54,28,Stony Island,,Mon,Tue,Wed,Thu,Fri
07:39:00,J14,Jeffery Jump,,Mon,Tue,Wed,Thu,Fri
20:46:30,J14,Jeffery Jump,,Sun
13:45:00,15,Jeffery Local,,Mon,Tue,Wed,Thu,Fri
04:19:30,15,Jeffery Local,,Mon,Tue,Wed,Thu,Fri
07:49:00,J14,Jeffery Jump,,Mon,Tue,Wed,Thu,Fri
12:50:30,J14,Jeffery Jump,,Sun
09:36:00,106,East 103rd,,Sat
21:20:00,J14,Jeffery Jump,,Mon,Tue,Wed,Thu,Fri
10:39:00,J14,Jeffery Jump,,Sun
07:49:00,15,Jeffery Local,,Mon,Tue,Wed,Thu,Fri
06:27:00,15,Jeffery Local,,Mon,Tue,Wed,Thu,Fri
15:56:00,28,Stony Island,,Sun
22:30:00,28,Stony Island,,Sat
15:00:30,J14,Jeffery Jump,,Sun
08:26:00,15,Jeffery Local,,Mon,Tue,Wed,Thu,Fri
17:10:00,J14,Jeffery Jump,,Sat
16:00:30,J14,Jeffery Jump,,Sun
23:29:00,15,Jeffery Local,,Sat
08:10:00,106,East 103rd,,Mon,Tue,Wed,Thu,Fri
18:22:00,28,Stony Island,,Sun
23:30:00,28,Stony Island,,Sun
15:25:30,28,Stony Island,,Sat
20:32:00,J14,Jeffery Jump,,Mon,Tue,Wed,Thu,Fri
11:28:00,J14,Jeffery Jump,,Sun
12:18:30,J14,Jeffery Jump,,Sat
08:47:00,28,Stony Island,,Sun
16:00:30,28,Stony Island,,Sun
09:24:30,28,Stony Island,,Sat
12:27:30,15,Jeffery Local,,Sun
14:16:00,28,Stony Island,,Sun
22:59:30,28,Stony Island,,Mon,Tue,Wed,Thu,Fri
09:09:00,28,Stony Island,,Sun
20:28:30,15,Jeffery Local,,Sat
07:03:00,15,Jeffery Local,,Sat
11:55:00,15,Jeffery Local,,Sat
08:45:00,J14,Jeffery Jump,,Sun
16:31:54,28,Stony Island,,Mon,Tue,Wed,Thu,Fri
18:42:00,15,Jeffery Local,,Mon,Tue,Wed,Thu,Fri
21:04:00,J14,Jeffery Jump,,Sat
17:26:00,15,Jeffery Local,,Sat
07:35:30,J14,Jeffery Jump,,Mon,Tue,Wed,Thu,Fri
20:48:00,15,Jeffery Local,,Mon,Tue,Wed,Thu,Fri
13:18:30,J14,Jeffery Jump,,Sat
17:02:00,J14,Jeffery Jump,,Sun
11:10:30,J14,Jeffery Jump,,Mon,Tue,Wed,Thu,Fri
11:06:30,J14,Jeffery Jump,,Sat
19:50:00,J14,Jeffery Jump,,Sat
16:13:00,J14,Jeffery Jump,,Mon,Tue,Wed,Thu,Fri
24:28:30,15,Jeffery Local,,Sun
19:00:00,J14,Jeffery Jump,,Sun
20:39:00,J14,Jeffery Jump,,Mon,Tue,Wed,Thu,Fri
00:27:30,28,Stony Island,,Mon
21:10:30,15,Jeffery Local,,Mon,Tue,Wed,Thu,Fri
14:03:00,106,East 103rd,,Mon,Tue,Wed,Thu,Fri
20:07:00,28,Stony Island,,Sun
18:05:30,15,Jeffery Local,,Mon,Tue,Wed,Thu,Fri
17:12:00,J14,Jeffery Jump,,Sun
10:31:30,J14,Jeffery Jump,,Mon,Tue,Wed,Thu,Fri
12:10:30,J14,Jeffery Jump,,Sun
07:01:00,J14,Jeffery Jump,,Sun
09:13:54,28,Stony Island,,Mon,Tue,Wed,Thu,Fri
09:23:00,28,Stony Island,,Sat
11:30:30,15,Jeffery Local,,Mon,Tue,Wed,Thu,Fri
18:36:00,15,Jeffery Local,,Sun
12:30:30,15,Jeffery Local,,Mon,Tue,Wed,Thu,Fri
20:13:00,J14,Jeffery Jump,,Mon,Tue,Wed,Thu,Fri
06:36:00,15,Jeffery Local,,Sat
20:46:00,15,Jeffery Local,,Sat
17:38:00,106,East 103rd,,Sat
10:55:30,15,Jeffery Local,,Sat
13:29:00,15,Jeffery Local,,Sun
17:06:00,J14,Jeffery Jump,,Mon,Tue,Wed,Thu,Fri
20:26:00,28,Stony Island,,Sun
18:42:00,J14,Jeffery Jump,,Mon,Tue,Wed,Thu,Fri
12:40:00,28,Stony Island,,Sun
14:18:00,106,East 103rd,,Sat
09:09:30,106,East 103rd,,Sat
16:50:00,J14,Jeffery Jump,,Sat
14:50:30,J14,Jeffery Jump,,Sun
19:50:00,J14,Jeffery Jump,,Sun
09:24:30,28,Stony Island,,Sat
20:24:00,J14,Jeffery Jump,,Sat
13:44:00,J14,Jeffery Jump,,Mon,Tue,Wed,Thu,Fri
04:27:00,J14,Jeffery Jump,,Mon,Tue,Wed,Thu,Fri
15:09:22,28,Stony Island,,Mon,Tue,Wed,Thu,Fri
16:28:00,J14,Jeffery Jump,,Mon,Tue,Wed,Thu,Fri
06:09:00,28,Stony Island,,Sat
05:52:50,28,Stony Island,,Mon,Tue,Wed,Thu,Fri
17:10:00,J14,Jeffery Jump,,Sat
17:08:00,28,Stony Island,,Sat
13:39:00,J14,Jeffery Jump,,Mon,Tue,Wed,Thu,Fri
12:32:00,J14,Jeffery Jump,,Sun
24:09:00,28,Stony Island,,Sat
19:40:00,28,Stony Island,,Sun
12:00:00,28,Stony Island,,Sat
08:19:00,J14,Jeffery Jump,,Mon,Tue,Wed,Thu,Fri
19:11:30,J14,Jeffery Jump,,Mon,Tue,Wed,Thu,Fri
16:17:30,28,Stony Island,,Sun
09:31:00,J14,Jeffery Jump,,Sun
15:36:30,J14,Jeffery Jump,,Mon,Tue,Wed,Thu,Fri
16:07:30,15,Jeffery Local,,Sat
11:55:30,28,Stony Island,,Sun
16:44:00,J14,Jeffery Jump,,Mon,Tue,Wed,Thu,Fri
16:02:00,J14,Jeffery Jump,,Sun
17:14:30,15,Jeffery Local,,Mon,Tue,Wed,Thu,Fri
11:58:30,J14,Jeffery Jump,,Sat
10:23:30,15,Jeffery Local,,Mon,Tue,Wed,Thu,Fri
10:52:30,28,Stony Island,,Sat
16:36:00,15,Jeffery Local,,Sun
15:05:00,28,Stony Island,,Sun
12:38:30,15,Jeffery Local,,Sat
14:50:30,J14,Jeffery Jump,,Sat
17:12:00,J14,Jeffery Jump,,Mon,Tue,Wed,Thu,Fri
21:53:30,15,Jeffery Local,,Sun
15:07:00,106,East 103rd,,Mon,Tue,Wed,Thu,Fri
10:41:30,J14,Jeffery Jump,,Mon,Tue,Wed,Thu,Fri
09:08:30,J14,Jeffery Jump,,Sat
10:51:00,J14,Jeffery Jump,,Sun
00:08:30,15,Jeffery Local,,Tue,Wed,Thu,Fri,Sat
09:23:00,28,Stony Island,,Sat
18:56:30,J14,Jeffery Jump,,Sat
11:30:30,J14,Jeffery Jump,,Mon,Tue,Wed,Thu,Fri
09:58:00,15,Jeffery Local,,Sun
14:41:00,15,Jeffery Local,,Sat
14:55:30,15,Jeffery Local,,Sat
13:22:00,15,Jeffery Local,,Sat
22:06:30,J14,Jeffery Jump,,Mon,Tue,Wed,Thu,Fri
19:53:30,15,Jeffery Local,,Mon,Tue,Wed,Thu,Fri
09:37:00,J14,Jeffery Jump,,Mon,Tue,Wed,Thu,Fri
18:17:30,J14,Jeffery Jump,,Sat
06:31:00,28,Stony Island,,Sun
22:17:48,28,Stony Island,,Mon,Tue,Wed,Thu,Fri
19:20:00,J14,Jeffery Jump,,Sat
19:00:00,J14,Jeffery Jump,,Sun
12:20:30,J14,Jeffery Jump,,Sun
12:24:00,J14,Jeffery Jump,,Sun
23:38:30,15,Jeffery Local,,Mon,Tue,Wed,Thu,Fri
19:45:00,28,Stony Island,,Sat
16:57:00,15,Jeffery Local,,Sun
24:28:30,15,Jeffery Local,,Sun
13:59:00,J14,Jeffery Jump,,Mon,Tue,Wed,Thu,Fri
16:51:30,J14,Jeffery Jump,,Mon,Tue,Wed,Thu,Fri
14:43:00,106,East 103rd,,Sat
16:50:30,J14,Jeffery Jump,,Sun
06:07:30,15,Jeffery Local,,Mon,Tue,Wed,Thu,Fri
13:00:30,J14,Jeffery Jump,,Sun
15:39:30,28,Stony Island,,Mon,Tue,Wed,Thu,Fri
11:48:30,J14,Jeffery Jump,,Sat
09:38:30,J14,Jeffery Jump,,Sat
17:28:00,J14,Jeffery Jump,,Sat
19:17:00,15,Jeffery Local,,Mon,Tue,Wed,Thu,Fri
12:18:00,106,East 103rd,,Mon,Tue,Wed,Thu,Fri
15:56:00,28,Stony Island,,Sun
19:34:52,28,Stony Island,,Mon,Tue,Wed,Thu,Fri
23:45:00,15,Jeffery Local,,Sun
23:10:00,28,Stony Island,,Sat
23:32:30,J14,Jeffery Jump,,Mon,Tue,Wed,Thu,Fri
20:40:20,28,Stony Island,,Mon,Tue,Wed,Thu,Fri
20:22:00,J14,Jeffery Jump,,Mon,Tue,Wed,Thu,Fri
13:38:30,J14,Jeffery Jump,,Sat
19:34:52,28,Stony Island,,Mon,Tue,Wed,Thu,Fri
06:07:30,15,Jeffery Local,,Mon,Tue,Wed,Thu,Fri
06:02:00,J14,Jeffery Jump,,Mon,Tue,Wed,Thu,Fri
06:10:00,15,Jeffery Local,,Sat
08:19:00,J14,Jeffery Jump,,Mon,Tue,Wed,Thu,Fri
20:30:00,J14,Jeffery Jump,,Sun
20:29:00,15,Jeffery Local,,Mon,Tue,Wed,Thu,Fri
11:13:00,106,East 103rd,,Mon,Tue,Wed,Thu,Fri
11:01:30,15,Jeffery Local,,Mon,Tue,Wed,Thu,Fri
17:22:00,J14,Jeffery Jump,,Sun
16:10:30,28,Stony Island,,Sat
15:10:30,J14,Jeffery Jump,,Sat
12:34:00,J14,Jeffery Jump,,Mon,Tue,Wed,Thu,Fri
10:46:30,15,Jeffery Local,,Mon,Tue,Wed,Thu,Fri
07:41:30,J14,Jeffery Jump,,Mon,Tue,Wed,Thu,Fri
19:42:00,J14,Jeffery Jump,,Mon,Tue,Wed,Thu,Fri
14:32:00,J14,Jeffery Jump,,Sun
06:02:30,15,Jeffery Local,,Mon,Tue,Wed,Thu,Fri
19:55:30,15,Jeffery Local,,Mon,Tue,Wed,Thu,Fri
15:38:00,J14,Jeffery Jump,,Sat
23:06:00,15,Jeffery Local,,Mon,Tue,Wed,Thu,Fri
09:55:00,28,Stony Island,,Sat
17:30:00,J14,Jeffery Jump,,Mon,Tue,Wed,Thu,Fri
17:18:00,J14,Jeffery Jump,,Mon,Tue,Wed,Thu,Fri
19:06:30,15,Jeffery Local,,Mon,Tue,Wed,Thu,Fri
18:39:00,J14,Jeffery Jump,,Sun
21:49:00,15,Jeffery Local,,Mon,Tue,Wed,Thu,Fri
11:14:00,J14,Jeffery Jump,,Mon,Tue,Wed,Thu,Fri
10:01:30,28,Stony Island,,Sat
06:19:00,J14,Jeffery Jump,,Sat
06:43:20,28,Stony Island,,Mon,Tue,Wed,Thu,Fri
21:40:00,J14,Jeffery Jump,,Mon,Tue,Wed,Thu,Fri
00:00:00,28,Stony Island,,Sun
06:40:00,J14,Jeffery Jump,,Mon,Tue,Wed,Thu,Fri
12:35:30,15,Jeffery Local,,Sun
11:16:30,J14,Jeffery Jump,,Sat
06:33:30,15,Jeffery Local,,Sun
21:26:30,J14,Jeffery Jump,,Mon,Tue,Wed,Thu,Fri
23:10:00,28,Stony Island,,Sat
24:23:30,15,Jeffery Local,,Sat
01:45:00,15,Jeffery Local,,Mon
08:11:30,15,Jeffery Local,,Sun
09:39:00,28,Stony Island,,Sat
12:56:00,28,Stony Island,,Sun
20:02:00,J14,Jeffery Jump,,Mon,Tue,Wed,Thu,Fri
08:02:30,15,Jeffery Local,,Sat
05:09:30,28,Stony Island,,Mon,Tue,Wed,Thu,Fri
08:35:00,106,East 103rd,,Mon,Tue,Wed,Thu,Fri
17:20:30,J14,Jeffery Jump,,Sun
07:51:30,15,Jeffery Local,,Mon,Tue,Wed,Thu,Fri
20:42:00,J14,Jeffery Jump,,Mon,Tue,Wed,Thu,Fri
10:31:00,J14,Jeffery Jump,,Sun
11:18:30,J14,Jeffery Jump,,Sat
14:00:00,28,Stony Island,,Sun
22:59:30,28,Stony Island,,Sun
04:45:00,28,Stony Island,,Sat
13:10:30,J14,Jeffery Jump,,Sun
09:33:00,106,East 103rd,,Mon,Tue,Wed,Thu,Fri
14:53:00,15,Jeffery Local,,Mon,Tue,Wed,Thu,Fri
15:32:00,J14,Jeffery Jump,,Sun
07:02:54,28,Stony Island,,Mon,Tue,Wed,Thu,Fri
23:20:30,J14,Jeffery Jump,,Sat
10:38:30,J14,Jeffery Jump,,Sat
13:24:00,J14,Jeffery Jump,,Mon,Tue,Wed,Thu,Fri
16:25:30,28,Stony Island,,Sat
17:33:52,28,Stony Island,,Mon,Tue,Wed,Thu,Fri
07:24:00,J14,Jeffery Jump,,Mon,Tue,Wed,Thu,Fri
20:40:00,28,Stony Island,,Sat
01:45:00,15,Jeffery Local,,Tue,Wed,Thu,Fri,Sat
18:29:00,J14,Jeffery Jump,,Sun
16:22:00,J14,Jeffery Jump,,Sun
23:44:00,15,Jeffery Local,,Sun
09:20:30,J14,Jeffery Jump,,Sun
13:30:00,15,Jeffery Local,,Mon,Tue,Wed,Thu,Fri
07:46:00,106,East 103rd,,Sat
11:18:30,J14,Jeffery Jump,,Sun
09:58:30,J14,Jeffery Jump,,Sat
09:29:00,28,Stony Island,,Sun
10:56:30,15,Jeffery Local,,Sun
07:44:30,J14,Jeffery Jump,,Sat
13:24:00,28,Stony Island,,Sat
19:27:00,15,Jeffery Local,,Sat
09:09:00,15,Jeffery Local,,Mon,Tue,Wed,Thu,Fri
20:46:30,15,Jeffery Local,,Sun
15:40:30,28,Stony Island,,Sat
14:30:30,J14,Jeffery Jump,,Sun
13:07:30,15,Jeffery Local,,Sat
15:44:30,28,Stony Island,,Sun
06:39:30,28,Stony Island,,Sat
12:42:30,J14,Jeffery Jump,,Sat
24:04:30,15,Jeffery Local,,Sat
19:20:00,15,Jeffery Local,,Sun
18:06:30,J14,Jeffery Jump,,Mon,Tue,Wed,Thu,Fri
21:00:00,28,Stony Island,,Sun
21:04:00,28,Stony Island,,Sun
16:08:00,J14,Jeffery Jump,,Sat
17:14:30,15,Jeffery Local,,Mon,Tue,Wed,Thu,Fri
11:55:30,J14,Jeffery Jump,,Sun
12:21:30,15,Jeffery Local,,Mon,Tue,Wed,Thu,Fri
15:20:30,J14,Jeffery Jump,,Sun
20:07:30,J14,Jeffery Jump,,Sun
08:56:00,15,Jeffery Local,,Sat
19:44:30,J14,Jeffery Jump,,Sat
15:12:00,J14,Jeffery Jump,,Sun
04:45:30,J14,Jeffery Jump,,Mon,Tue,Wed,Thu,Fri
08:16:00,106,East 103rd,,Sat
20:00:00,J14,Jeffery Jump,,Sun
17:59:00,J14,Jeffery Jump,,Sun
13:10:00,28,Stony Island,,Sat
23:22:30,15,Jeffery Local,,Sat
21:51:30,15,Jeffery Local,,Mon,Tue,Wed,Thu,Fri
06:50:00,15,Jeffery Local,,Mon,Tue,Wed,Thu,Fri
22:34:00,J14,Jeffery Jump,,Sat
15:17:30,15,Jeffery Local,,Mon,Tue,Wed,Thu,Fri
11:32:30,15,Jeffery Local,,Sat
15:20:30,J14,Jeffery Jump,,Sat
12:22:30,J14,Jeffery Jump,,Sat
14:42:30,28,Stony Island,,Sat
16:20:00,28,Stony Island,,Sat
17:34:30,15,Jeffery Local,,Mon,Tue,Wed,Thu,Fri
12:52:30,28,Stony Island,,Sun
05:44:30,28,Stony Island,,Sat
12:42:00,28,Stony Island,,Sat
14:58:00,J14,Jeffery Jump,,Sat
12:21:30,15,Jeffery Local,,Mon,Tue,Wed,Thu,Fri
04:00:00,J14,Jeffery Jump,,Mon,Tue,Wed,Thu,Fri
05:55:00,J14,Jeffery Jump,,Mon,Tue,Wed,Thu,Fri
13:43:00,15,Jeffery Local,,Sat
20:58:20,28,Stony Island,,Mon,Tue,Wed,Thu,Fri