arrival_time,route_short_name,route_long_name,headsign,service_days
18:57:30,79,79th,,Sat
18:04:30,79,79th,,Mon,Tue,Wed,Thu,Fri
10:46:30,6,Jackson Park Express,,Sat
07:14:30,79,79th,,Sat
15:44:30,79,79th,,Mon,Tue,Wed,Thu,Fri
07:59:00,6,Jackson Park Express,,Sun
04:13:00,79,79th,,Sun
13:24:30,79,79th,,Sat
12:14:30,79,79th,,Sat
18:50:00,6,Jackson Park Express,,Sat
23:59:00,79,79th,,Mon,Tue,Wed,Thu,Fri
20:17:30,79,79th,,Sun
15:07:00,79,79th,,Mon,Tue,Wed,Thu,Fri
10:53:30,6,Jackson Park Express,,Sat
18:07:00,79,79th,,Sat
01:33:00,6,Jackson Park Express,,Mon
08:28:30,6,Jackson Park Express,,Sat
12:10:00,79,79th,,Sat
19:05:30,6,Jackson Park Express,,Mon,Tue,Wed,Thu,Fri
20:54:00,79,79th,,Sat
04:00:00,6,Jackson Park Express,,Mon,Tue,Wed,Thu,Fri
12:35:30,6,Jackson Park Express,,Mon,Tue,Wed,Thu,Fri
08:16:30,79,79th,,Sat
12:39:30,6,Jackson Park Express,,Sat
07:43:00,79,79th,,Mon,Tue,Wed,Thu,Fri
16:02:00,6,Jackson Park Express,,Sat
04:35:00,79,79th,,Sun
24:20:30,79,79th,,Sun
19:28:30,79,79th,,Mon,Tue,Wed,Thu,Fri
07:15:30,79,79th,,Mon,Tue,Wed,Thu,Fri
14:25:00,79,79th,,Sun
15:25:00,79,79th,,Sun
17:08:30,79,79th,,Sun
22:52:00,6,Jackson Park Express,,Sun
10:43:00,6,Jackson Park Express,,Sun
00:52:30,79,79th,,Tue,Wed,Thu,Fri,Sat
03:15:00,79,79th,,Sun
17:35:30,79,79th,,Sat
05:42:30,79,79th,,Mon,Tue,Wed,Thu,Fri
17:26:00,79,79th,,Mon,Tue,Wed,Thu,Fri
19:57:30,79,79th,,Mon,Tue,Wed,Thu,Fri
18:43:30,6,Jackson Park Express,,Sun
19:21:30,79,79th,,Sat
10:13:00,79,79th,,Sat
15:32:30,79,79th,,Sun
06:44:30,6,Jackson Park Express,,Mon,Tue,Wed,Thu,Fri
14:33:30,6,Jackson Park Express,,Sun
06:28:00,6,Jackson Park Express,,Sat
01:37:30,79,79th,,Tue,Wed,Thu,Fri,Sat
15:54:00,79,79th,,Mon,Tue,Wed,Thu,Fri
00:19:30,79,79th,,Tue,Wed,Thu,Fri,Sat
17:47:00,79,79th,,Sun
22:36:30,79,79th,,Mon,Tue,Wed,Thu,Fri
08:19:30,79,79th,,Sat
18:18:30,6,Jackson Park Express,,Sun
22:29:00,79,79th,,Mon,Tue,Wed,Thu,Fri
09:44:30,79,79th,,Sat
07:52:30,79,79th,,Sat
06:46:00,79,79th,,Sun
16:28:30,79,79th,,Sat
09:41:00,79,79th,,Mon,Tue,Wed,Thu,Fri
13:54:00,6,Jackson Park Express,,Sat
17:52:00,6,Jackson Park Express,,Sat
20:01:00,6,Jackson Park Express,,Mon,Tue,Wed,Thu,Fri
14:53:30,6,Jackson Park Express,,Sun
00:36:30,79,79th,,Tue,Wed,Thu,Fri,Sat
11:22:30,79,79th,,Sat
17:03:30,6,Jackson Park Express,,Mon,Tue,Wed,Thu,Fri
00:15:00,79,79th,,Sun
09:58:00,79,79th,,Sat
09:56:30,79,79th,,Sun
18:23:30,6,Jackson Park Express,,Sun
06:31:30,79,79th,,Mon,Tue,Wed,Thu,Fri
20:04:30,79,79th,,Mon,Tue,Wed,Thu,Fri
10:40:00,6,Jackson Park Express,,Sun
10:23:00,79,79th,,Sat
10:27:00,6,Jackson Park Express,,Sat
10:57:00,6,Jackson Park Express,,Mon,Tue,Wed,Thu,Fri
06:30:00,6,Jackson Park Express,,Sun
16:51:00,79,79th,,Mon,Tue,Wed,Thu,Fri
23:46:00,6,Jackson Park Express,,Sat
21:40:00,79,79th,,Mon,Tue,Wed,Thu,Fri
17:01:30,6,Jackson Park Express,,Sat
16:01:00,79,79th,,Sun
18:31:30,6,Jackson Park Express,,Mon,Tue,Wed,Thu,Fri
04:49:30,6,Jackson Park Express,,Mon,Tue,Wed,Thu,Fri
05:32:30,6,Jackson Park Express,,Mon,Tue,Wed,Thu,Fri
15:15:30,79,79th,,Sat
18:17:00,6,Jackson Park Express,,Mon,Tue,Wed,Thu,Fri
11:49:30,79,79th,,Sun
06:31:30,79,79th,,Mon,Tue,Wed,Thu,Fri
10:23:30,79,79th,,Sat
24:23:00,79,79th,,Sat
16:53:30,79,79th,,Sat
22:17:00,79,79th,,Sat
15:55:30,6,Jackson Park Express,,Mon,Tue,Wed,Thu,Fri
07:39:00,6,Jackson Park Express,,Sun
15:15:30,79,79th,,Wed
23:15:00,79,79th,,Sun
12:34:30,79,79th,,Sat
13:32:30,79,79th,,Sun
14:37:00,79,79th,,Sun
16:29:30,6,Jackson Park Express,,Mon,Tue,Wed,Thu,Fri
16:31:00,79,79th,,Sun
19:57:30,79,79th,,Sat
16:11:00,79,79th,,Mon,Tue,Wed,Thu,Fri
17:06:30,79,79th,,Sun
07:06:00,79,79th,,Mon,Tue,Wed,Thu,Fri
14:47:30,79,79th,,Sun
09:19:00,79,79th,,Mon,Tue,Wed,Thu,Fri
20:01:30,79,79th,,Sun
16:05:30,79,79th,,Sat
20:15:30,79,79th,,Sat
12:47:30,79,79th,,Sun
04:55:00,6,Jackson Park Express,,Sun
09:50:30,6,Jackson Park Express,,Sat
19:16:30,79,79th,,Sat
07:53:00,6,Jackson Park Express,,Mon,Tue,Wed,Thu,Fri
10:39:00,79,79th,,Mon,Tue,Wed,Thu,Fri
13:11:00,79,79th,,Mon,Tue,Wed,Thu,Fri
01:15:00,79,79th,,Mon
14:45:30,6,Jackson Park Express,,Sat
01:12:00,79,79th,,Tue,Wed,Thu,Fri,Sat
16:58:00,79,79th,,Sun
21:42:00,79,79th,,Sat
09:10:00,79,79th,,Sun
10:28:00,79,79th,,Sat
10:53:00,6,Jackson Park Express,,Sun
14:10:30,79,79th,,Sun
07:15:30,79,79th,,Mon,Tue,Wed,Thu,Fri
15:10:00,6,Jackson Park Express,,Sat
06:56:00,79,79th,,Mon,Tue,Wed,Thu,Fri
20:18:00,6,Jackson Park Express,,Mon,Tue,Wed,Thu,Fri
10:06:30,79,79th,,Sun
05:58:00,79,79th,,Mon,Tue,Wed,Thu,Fri
12:11:30,6,Jackson Park Express,,Mon,Tue,Wed,Thu,Fri
21:17:30,79,79th,,Sun
18:46:30,79,79th,,Sat
06:26:00,6,Jackson Park Express,,Mon,Tue,Wed,Thu,Fri
12:17:30,79,79th,,Sun
15:53:30,79,79th,,Sun
11:22:30,79,79th,,Sun
08:51:00,79,79th,,Sun
11:44:00,79,79th,,Mon,Tue,Wed,Thu,Fri
18:32:30,6,Jackson Park Express,,Mon,Tue,Wed,Thu,Fri
13:24:30,6,Jackson Park Express,,Sat
14:00:30,6,Jackson Park Express,,Sun
07:09:30,6,Jackson Park Express,,Sat
21:05:00,6,Jackson Park Express,,Mon,Tue,Wed,Thu,Fri
12:08:30,6,Jackson Park Express,,Sun
08:42:30,6,Jackson Park Express,,Sat
14:52:00,6,Jackson Park Express,,Sat
18:45:30,6,Jackson Park Express,,Sat
23:39:30,79,79th,,Mon,Tue,Wed,Thu,Fri
18:46:30,79,79th,,Sat
17:25:30,79,79th,,Mon,Tue,Wed,Thu,Fri
08:50:00,79,79th,,Sun
12:40:00,79,79th,,Sun
21:55:00,6,Jackson Park Express,,Mon,Tue,Wed,Thu,Fri
23:18:30,6,Jackson Park Express,,Mon,Tue,Wed,Thu,Fri
24:36:00,79,79th,,Mon,Tue,Wed,Thu,Fri
11:21:00,6,Jackson Park Express,,Mon,Tue,Wed,Thu,Fri
13:43:30,79,79th,,Mon,Tue,Wed,Thu,Fri
21:01:00,79,79th,,Sat
13:24:30,79,79th,,Sat
14:53:00,79,79th,,Sun
10:06:30,79,79th,,Mon,Tue,Wed,Thu,Fri
15:12:30,79,79th,,Mon,Tue,Wed,Thu,Fri
20:12:30,6,Jackson Park Express,,Mon,Tue,Wed,Thu,Fri
18:57:00,6,Jackson Park Express,,Mon,Tue,Wed,Thu,Fri
04:30:00,79,79th,,Sun
22:48:00,79,79th,,Sat
12:51:30,79,79th,,Mon,Tue,Wed,Thu,Fri
16:18:30,79,79th,,Sat
17:15:30,79,79th,,Sat
10:58:30,79,79th,,Mon,Tue,Wed,Thu,Fri
11:24:30,79,79th,,Mon,Tue,Wed,Thu,Fri
15:43:30,6,Jackson Park Express,,Mon,Tue,Wed,Thu,Fri
08:26:30,79,79th,,Sat
16:14:30,6,Jackson Park Express,,Mon,Tue,Wed,Thu,Fri
19:37:30,79,79th,,Sun
14:43:00,79,79th,,Mon,Tue,Wed,Thu,Fri
11:20:30,79,79th,,Mon,Tue,Wed,Thu,Fri
17:25:30,79,79th,,Sat
22:23:00,79,79th,,Sun
12:29:30,79,79th,,Sat
21:08:30,6,Jackson Park Express,,Sun
15:35:00,79,79th,,Sat
10:28:00,79,79th,,Sat
05:53:00,79,79th,,Sun
16:00:30,79,79th,,Mon,Tue,Wed,Thu,Fri
16:49:00,6,Jackson Park Express,,Sun
00:30:00,79,79th,,Sun
07:22:00,79,79th,,Sun
08:34:00,79,79th,,Mon,Tue,Wed,Thu,Fri
18:51:30,79,79th,,Sun
21:04:30,79,79th,,Mon,Tue,Wed,Thu,Fri
15:35:30,79,79th,,Sat
08:04:30,79,79th,,Sun
06:45:00,6,Jackson Park Express,,Sat
20:53:30,79,79th,,Sat
00:02:30,79,79th,,Sun
05:28:00,79,79th,,Sun
20:56:30,6,Jackson Park Express,,Sat
15:54:30,6,Jackson Park Express,,Mon,Tue,Wed,Thu,Fri
11:58:00,6,Jackson Park Express,,Mon,Tue,Wed,Thu,Fri
09:22:30,79,79th,,Sat
08:19:30,79,79th,,Sat
08:37:00,79,79th,,Sat
13:28:00,6,Jackson Park Express,,Sat
13:09:00,6,Jackson Park Express,,Sat
22:24:30,6,Jackson Park Express,,Sun
22:37:30,6,Jackson Park Express,,Mon,Tue,Wed,Thu,Fri
06:23:30,79,79th,,Mon,Tue,Wed,Thu,Fri
22:38:30,79,79th,,Sun
12:03:30,79,79th,,Mon,Tue,Wed,Thu,Fri
08:40:00,79,79th,,Sun
07:06:00,79,79th,,Mon,Tue,Wed,Thu,Fri
19:07:00,79,79th,,Sat
19:43:30,79,79th,,Sat
07:44:30,6,Jackson Park Express,,Sun
20:45:00,79,79th,,Mon,Tue,Wed,Thu,Fri
11:35:30,79,79th,,Sat
11:21:30,6,Jackson Park Express,,Sun
07:43:30,79,79th,,Sat
19:29:30,79,79th,,Sun
22:31:00,79,79th,,Sat
09:08:00,79,79th,,Sat
12:25:30,79,79th,,Mon,Tue,Wed,Thu,Fri
16:35:30,79,79th,,Mon,Tue,Wed,Thu,Fri
11:11:30,6,Jackson Park Express,,Mon,Tue,Wed,Thu,Fri
09:44:30,79,79th,,Mon,Tue,Wed,Thu,Fri
20:50:30,79,79th,,Sun
18:10:30,79,79th,,Mon,Tue,Wed,Thu,Fri
18:09:30,6,Jackson Park Express,,Sat
01:03:30,79,79th,,Tue,Wed,Thu,Fri,Sat
20:47:00,79,79th,,Sat
15:15:00,79,79th,,Sat
08:58:00,79,79th,,Sat
18:17:00,79,79th,,Mon,Tue,Wed,Thu,Fri
23:15:30,79,79th,,Mon,Tue,Wed,Thu,Fri
06:10:00,79,79th,,Sun
14:11:00,6,Jackson Park Express,,Sun
20:55:00,6,Jackson Park Express,,Sun
21:15:00,79,79th,,Sun
17:39:00,79,79th,,Sun
15:41:00,79,79th,,Sat
18:00:30,79,79th,,Mon,Tue,Wed,Thu,Fri
08:51:30,6,Jackson Park Express,,Sat
14:25:00,79,79th,,Sun
16:24:30,6,Jackson Park Express,,Mon,Tue,Wed,Thu,Fri
14:38:30,6,Jackson Park Express,,Sat
14:07:00,6,Jackson Park Express,,Mon,Tue,Wed,Thu,Fri
12:54:30,79,79th,,Sat
14:43:00,6,Jackson Park Express,,Sat
18:55:00,79,79th,,Mon,Tue,Wed,Thu,Fri
04:05:30,79,79th,,Mon,Tue,Wed,Thu,Fri
09:18:00,79,79th,,Sat
14:10:30,79,79th,,Sun
21:21:00,6,Jackson Park Express,,Mon,Tue,Wed,Thu,Fri
08:25:30,6,Jackson Park Express,,Sat
14:18:00,79,79th,,Mon,Tue,Wed,Thu,Fri
19:50:30,79,79th,,Sun
23:15:30,79,79th,,Mon,Tue,Wed,Thu,Fri
10:21:00,6,Jackson Park Express,,Mon,Tue,Wed,Thu,Fri
06:53:00,79,79th,,Mon,Tue,Wed,Thu,Fri
19:31:30,6,Jackson Park Express,,Sat
17:22:30,79,79th,,Sun
08:58:00,79,79th,,Sat
20:19:30,79,79th,,Mon,Tue,Wed,Thu,Fri
21:50:00,79,79th,,Mon,Tue,Wed,Thu,Fri
19:22:00,79,79th,,Sat
13:56:30,79,79th,,Mon,Tue,Wed,Thu,Fri
11:13:00,79,79th,,Sat
06:10:00,79,79th,,Sun
11:21:30,6,Jackson Park Express,,Sat
21:58:30,79,79th,,Sun
07:52:30,79,79th,,Sat
15:30:30,6,Jackson Park Express,,Sat
14:25:30,6,Jackson Park Express,,Mon,Tue,Wed,Thu,Fri
03:04:30,79,79th,,Sun
22:54:00,6,Jackson Park Express,,Sat
04:30:00,79,79th,,Mon,Tue,Wed,Thu,Fri
15:40:00,79,79th,,Sun
15:31:00,79,79th,,Sun
13:55:00,79,79th,,Sun
13:26:00,79,79th,,Mon,Tue,Wed,Thu,Fri
11:57:30,6,Jackson Park Express,,Sat
05:43:00,79,79th,,Mon,Tue,Wed,Thu,Fri
12:03:30,79,79th,,Mon,Tue,Wed,Thu,Fri
13:39:30,6,Jackson Park Express,,Sat
02:35:00,79,79th,,Mon
17:09:30,6,Jackson Park Express,,Mon,Tue,Wed,Thu,Fri
05:20:00,79,79th,,Sat
15:24:00,6,Jackson Park Express,,Sat
14:04:00,6,Jackson Park Express,,Sat
15:46:00,6,Jackson Park Express,,Sat
17:40:30,79,79th,,Mon,Tue,Wed,Thu,Fri
07:22:30,6,Jackson Park Express,,Mon,Tue,Wed,Thu,Fri
17:08:00,6,Jackson Park Express,,Sun
19:40:30,79,79th,,Sun
00:59:00,6,Jackson Park Express,,Sun
03:15:00,79,79th,,Mon,Tue,Wed,Thu,Fri
19:25:30,6,Jackson Park Express,,Mon,Tue,Wed,Thu,Fri
17:01:00,79,79th,,Sun
17:09:00,79,79th,,Sat
12:01:00,79,79th,,Sun
19:19:00,79,79th,,Mon,Tue,Wed,Thu,Fri
12:38:30,79,79th,,Sun
09:25:30,79,79th,,Mon,Tue,Wed,Thu,Fri
16:24:00,79,79th,,Mon,Tue,Thu,Fri
15:38:00,79,79th,,Mon,Tue,Wed,Thu,Fri
20:58:00,79,79th,,Sun
05:22:00,79,79th,,Sat
15:01:00,6,Jackson Park Express,,Sat
06:07:00,79,79th,,Sun
14:44:00,6,Jackson Park Express,,Mon,Tue,Wed,Thu,Fri
17:47:00,79,79th,,Mon,Tue,Wed,Thu,Fri
19:32:30,6,Jackson Park Express,,Mon,Tue,Wed,Thu,Fri
16:10:30,79,79th,,Mon,Tue,Wed,Thu,Fri
13:32:30,79,79th,,Mon,Tue,Wed,Thu,Fri
18:05:00,6,Jackson Park Express,,Sun
04:13:00,79,79th,,Sat
23:27:00,79,79th,,Sun
11:09:00,6,Jackson Park Express,,Mon,Tue,Wed,Thu,Fri
09:15:00,6,Jackson Park Express,,Sat
13:46:30,6,Jackson Park Express,,Sat
17:49:30,6,Jackson Park Express,,Mon,Tue,Wed,Thu,Fri
10:49:00,6,Jackson Park Express,,Mon,Tue,Wed,Thu,Fri
18:27:00,79,79th,,Sat
17:39:00,79,79th,,Sun
09:30:00,79,79th,,Sun
11:41:30,79,79th,,Sun
01:01:00,6,Jackson Park Express,,Mon
21:35:00,79,79th,,Sat
22:27:00,6,Jackson Park Express,,Sat
20:33:00,6,Jackson Park Express,,Mon,Tue,Wed,Thu,Fri
18:11:30,79,79th,,Sat
01:14:30,79,79th,,Tue,Wed,Thu,Fri,Sat
16:37:00,6,Jackson Park Express,,Sun
19:50:30,79,79th,,Sun
18:10:30,79,79th,,Sun
09:51:00,79,79th,,Sun
19:56:00,6,Jackson Park Express,,Sat
16:58:30,79,79th,,Sat
11:40:30,79,79th,,Sat
16:38:30,79,79th,,Sun
08:29:00,79,79th,,Mon,Tue,Wed,Thu,Fri
23:29:00,6,Jackson Park Express,,Sat
00:11:30,79,79th,,Tue,Wed,Thu,Fri,Sat
18:10:30,79,79th,,Sun
16:08:30,79,79th,,Sat
21:30:30,79,79th,,Sun
15:08:30,79,79th,,Sun
18:27:30,79,79th,,Sun
02:45:00,79,79th,,Sun
21:32:30,79,79th,,Mon,Tue,Wed,Thu,Fri
14:37:00,79,79th,,Mon,Tue,Wed,Thu,Fri
11:56:30,79,79th,,Sun
18:42:00,79,79th,,Sat
05:36:00,79,79th,,Mon,Tue,Wed,Thu,Fri
19:26:30,79,79th,,Mon,Tue,Wed,Thu,Fri
20:17:30,79,79th,,Sun
24:28:30,79,79th,,Mon,Tue,Wed,Thu,Fri
17:28:30,79,79th,,Sat
18:31:00,79,79th,,Mon,Tue,Wed,Thu,Fri
09:02:30,6,Jackson Park Express,,Sat
18:46:30,79,79th,,Sat
12:59:30,79,79th,,Sun
13:55:00,79,79th,,Sun
12:45:00,79,79th,,Sat
10:01:00,79,79th,,Sun
04:20:30,79,79th,,Mon,Tue,Wed,Thu,Fri
21:41:00,79,79th,,Sun
23:51:00,79,79th,,Mon,Tue,Wed,Thu,Fri
17:01:00,79,79th,,Mon,Tue,Wed,Thu,Fri
15:55:00,79,79th,,Sun
15:07:00,6,Jackson Park Express,,Mon,Tue,Wed,Thu,Fri
18:03:00,79,79th,,Sun
01:19:00,79,79th,,Sun
23:22:30,79,79th,,Sat
14:20:00,6,Jackson Park Express,,Mon,Tue,Wed,Thu,Fri
13:29:30,6,Jackson Park Express,,Sat
20:19:00,79,79th,,Sat
21:51:00,6,Jackson Park Express,,Sat
13:18:30,6,Jackson Park Express,,Sat
07:14:00,79,79th,,Sun
15:00:00,79,79th,,Sat
19:36:30,6,Jackson Park Express,,Mon,Tue,Wed,Thu,Fri
11:27:00,79,79th,,Mon,Tue,Wed,Thu,Fri
01:14:00,6,Jackson Park Express,,Sun
09:47:30,79,79th,,Mon,Tue,Wed,Thu,Fri
08:22:30,79,79th,,Mon,Tue,Wed,Thu,Fri
21:28:30,79,79th,,Sun
13:45:30,79,79th,,Mon,Tue,Wed,Thu,Fri
19:11:30,79,79th,,Sat
23:47:30,79,79th,,Mon,Tue,Wed,Thu,Fri
19:54:00,6,Jackson Park Express,,Sat
02:19:30,79,79th,,Tue,Wed,Thu,Fri,Sat
07:36:00,6,Jackson Park Express,,Sat
03:45:00,79,79th,,Sat
14:20:00,79,79th,,Sat
18:57:00,79,79th,,Mon,Tue,Wed,Thu,Fri
21:29:30,6,Jackson Park Express,,Sun
17:06:00,79,79th,,Mon,Tue,Wed,Thu,Fri
15:38:00,79,79th,,Mon,Tue,Wed,Thu,Fri
04:46:00,79,79th,,Mon,Tue,Wed,Thu,Fri
11:37:00,6,Jackson Park Express,,Sun
11:42:30,6,Jackson Park Express,,Sat
11:45:30,6,Jackson Park Express,,Sat
18:58:00,79,79th,,Sun
08:33:00,6,Jackson Park Express,,Mon,Tue,Wed,Thu,Fri
12:39:30,6,Jackson Park Express,,Sat
14:49:30,6,Jackson Park Express,,Mon,Tue,Wed,Thu,Fri
10:30:30,79,79th,,Sun
16:39:30,6,Jackson Park Express,,Sat
19:55:00,6,Jackson Park Express,,Mon,Tue,Wed,Thu,Fri
13:35:00,79,79th,,Sat
09:00:00,6,Jackson Park Express,,Sat
16:50:30,79,79th,,Sat
09:55:00,79,79th,,Sat
14:43:00,6,Jackson Park Express,,Sun
18:51:30,79,79th,,Sat
24:13:30,79,79th,,Sat
05:04:30,6,Jackson Park Express,,Mon,Tue,Wed,Thu,Fri
15:16:00,6,Jackson Park Express,,Sun
18:31:30,79,79th,,Sat
18:14:30,6,Jackson Park Express,,Sat
19:11:00,79,79th,,Mon,Tue,Wed,Thu,Fri
17:01:00,79,79th,,Mon,Tue,Wed,Thu,Fri
16:39:00,6,Jackson Park Express,,Sun
24:03:30,6,Jackson Park Express,,Mon,Tue,Wed,Thu,Fri
20:00:30,79,79th,,Sun
13:23:30,79,79th,,Sun
14:10:30,6,Jackson Park Express,,Mon,Tue,Wed,Thu,Fri
11:02:00,79,79th,,Mon,Tue,Wed,Thu,Fri
24:02:30,6,Jackson Park Express,,Sat
00:24:00,79,79th,,Sun
06:28:00,6,Jackson Park Express,,Mon,Tue,Wed,Thu,Fri
08:21:00,79,79th,,Sun
17:20:30,79,79th,,Sat
22:57:00,6,Jackson Park Express,,Sat
10:19:30,79,79th,,Mon,Tue,Wed,Thu,Fri
17:20:30,79,79th,,Sat
05:43:00,79,79th,,Mon,Tue,Wed,Thu,Fri
19:11:30,79,79th,,Sat
13:45:00,79,79th,,Sat
16:25:30,79,79th,,Sat
16:19:30,6,Jackson Park Express,,Mon,Tue,Wed,Thu,Fri
13:25:00,79,79th,,Sat
21:31:00,79,79th,,Sat
12:47:00,79,79th,,Sun
00:54:00,79,79th,,Tue,Wed,Thu,Fri,Sat
01:49:00,6,Jackson Park Express,,Mon
09:05:00,79,79th,,Mon,Tue,Wed,Thu,Fri
13:13:00,79,79th,,Mon,Tue,Wed,Thu,Fri
16:50:00,6,Jackson Park Express,,Sun
07:05:30,6,Jackson Park Express,,Mon,Tue,Wed,Thu,Fri
08:44:00,79,79th,,Mon,Tue,Wed,Thu,Fri
13:50:00,79,79th,,Mon,Tue,Wed,Thu,Fri
01:37:30,79,79th,,Tue,Wed,Thu,Fri,Sat
05:19:30,79,79th,,Mon,Tue,Wed,Thu,Fri
08:35:30,79,79th,,Sat
14:01:00,79,79th,,Sun
01:45:00,79,79th,,Mon
19:40:30,6,Jackson Park Express,,Sun
20:26:00,79,79th,,Sun
23:05:00,79,79th,,Sat
15:43:30,6,Jackson Park Express,,Sat
10:48:00,79,79th,,Sat
07:52:00,6,Jackson Park Express,,Mon,Tue,Wed,Thu,Fri
13:00:00,79,79th,,Mon,Tue,Wed,Thu,Fri
11:02:00,79,79th,,Mon,Tue,Wed,Thu,Fri
12:45:00,79,79th,,Sat
23:17:30,79,79th,,Sun
12:55:00,79,79th,,Sat
16:55:30,79,79th,,Sat
13:55:30,79,79th,,Sat
22:18:00,6,Jackson Park Express,,Sat
17:21:00,79,79th,,Mon,Tue,Wed,Thu,Fri
14:16:30,79,79th,,Mon,Tue,Wed,Thu,Fri
06:22:30,79,79th,,Mon,Tue,Wed,Thu,Fri
04:55:00,6,Jackson Park Express,,Sun
12:39:30,79,79th,,Sat
19:24:00,79,79th,,Mon,Tue,Wed,Thu,Fri
12:14:30,79,79th,,Mon,Tue,Wed,Thu,Fri
21:28:00,79,79th,,Sat
13:45:30,79,79th,,Sat
18:21:30,79,79th,,Sat
08:30:00,79,79th,,Mon,Tue,Wed,Thu,Fri
04:00:00,79,79th,,Mon,Tue,Wed,Thu,Fri
08:11:00,79,79th,,Mon,Tue,Wed,Thu,Fri
19:44:00,6,Jackson Park Express,,Sun
19:02:00,79,79th,,Sat
18:07:00,79,79th,,Sat
03:45:00,79,79th,,Sun
09:32:00,6,Jackson Park Express,,Sun
17:31:30,79,79th,,Sat
06:35:30,79,79th,,Sat
17:25:30,79,79th,,Sat
14:43:00,6,Jackson Park Express,,Mon,Tue,Wed,Thu,Fri
17:31:00,79,79th,,Sun
07:44:00,79,79th,,Sun
11:26:30,79,79th,,Sun
18:43:30,79,79th,,Sun
20:48:30,6,Jackson Park Express,,Sun
09:23:00,79,79th,,Mon,Tue,Wed,Thu,Fri
16:05:00,79,79th,,Mon,Tue,Wed,Thu,Fri
19:30:00,6,Jackson Park Express,,Mon,Tue,Wed,Thu,Fri
19:00:30,6,Jackson Park Express,,Mon,Tue,Wed,Thu,Fri
07:46:00,6,Jackson Park Express,,Sat
15:43:00,79,79th,,Mon,Tue,Wed,Thu,Fri
19:27:00,6,Jackson Park Express,,Sun
05:09:00,79,79th,,Sat
19:06:00,6,Jackson Park Express,,Sun
00:19:30,79,79th,,Tue,Wed,Thu,Fri,Sat
19:47:30,6,Jackson Park Express,,Mon,Tue,Wed,Thu,Fri
16:03:30,79,79th,,Sat
19:27:00,79,79th,,Sat
14:45:30,79,79th,,Sat
06:21:30,79,79th,,Sun
19:19:30,6,Jackson Park Express,,Sun
24:49:00,79,79th,,Sat
12:15:00,6,Jackson Park Express,,Sun
08:24:00,79,79th,,Mon,Tue,Wed,Thu,Fri
16:21:30,6,Jackson Park Express,,Sat
10:41:00,79,79th,,Sun
21:00:00,6,Jackson Park Express,,Sun
12:27:30,79,79th,,Mon,Tue,Wed,Thu,Fri
12:11:30,79,79th,,Sun
19:33:00,79,79th,,Mon,Tue,Wed,Thu,Fri
05:19:30,6,Jackson Park Express,,Mon,Tue,Wed,Thu,Fri
24:28:00,6,Jackson Park Express,,Sun
19:14:30,79,79th,,Sun
20:49:30,79,79th,,Mon,Tue,Wed,Thu,Fri
12:59:30,6,Jackson Park Express,,Mon,Tue,Wed,Thu,Fri
12:19:00,79,79th,,Mon,Tue,Wed,Thu,Fri
10:15:00,6,Jackson Park Express,,Sun
12:24:00,6,Jackson Park Express,,Mon,Tue,Wed,Thu,Fri
11:53:00,79,79th,,Mon,Tue,Wed,Thu,Fri
14:02:30,79,79th,,Sun
10:26:00,79,79th,,Mon,Tue,Wed,Thu,Fri
18:10:30,79,79th,,Mon,Tue,Wed,Thu,Fri
18:12:00,79,79th,,Mon,Tue,Wed,Thu,Fri
20:33:00,79,79th,,Sat
15:30:30,79,79th,,Sat
22:57:30,79,79th,,Sun
16:53:30,79,79th,,Sat
17:16:00,79,79th,,Mon,Tue,Wed,Thu,Fri
15:48:00,79,79th,,Mon,Tue,Wed,Thu,Fri
08:26:30,79,79th,,Sat
17:36:00,79,79th,,Mon,Tue,Wed,Thu,Fri
01:01:30,79,79th,,Mon
08:27:00,79,79th,,Sun
19:01:30,79,79th,,Sat
10:28:00,79,79th,,Sat
15:20:00,79,79th,,Mon,Tue,Wed,Thu,Fri
07:14:30,79,79th,,Sat
11:03:00,79,79th,,Sat
14:10:30,79,79th,,Sat
13:19:00,6,Jackson Park Express,,Mon,Tue,Wed,Thu,Fri
11:49:30,79,79th,,Sun
22:12:00,6,Jackson Park Express,,Sat
08:01:00,79,79th,,Mon,Tue,Wed,Thu,Fri
24:15:30,6,Jackson Park Express,,Sat
22:44:00,79,79th,,Sat
19:28:30,79,79th,,Mon,Tue,Wed,Thu,Fri
09:20:30,6,Jackson Park Express,,Mon,Tue,Wed,Thu,Fri
06:14:30,79,79th,,Sat
12:29:30,79,79th,,Sun
01:50:30,79,79th,,Tue,Wed,Thu,Fri,Sat
15:42:30,6,Jackson Park Express,,Mon,Tue,Wed,Thu,Fri
05:50:30,6,Jackson Park Express,,Mon,Tue,Wed,Thu,Fri
08:56:00,79,79th,,Sat
14:11:30,6,Jackson Park Express,,Sun
09:26:30,79,79th,,Sat
14:29:30,79,79th,,Mon,Tue,Wed,Thu,Fri
14:45:30,79,79th,,Sat
08:04:30,6,Jackson Park Express,,Mon,Tue,Wed,Thu,Fri
23:12:00,6,Jackson Park Express,,Sat
14:40:30,79,79th,,Sat
23:50:30,79,79th,,Sat
04:45:00,6,Jackson Park Express,,Sat
12:09:30,6,Jackson Park Express,,Sun
04:30:00,79,79th,,Sat
18:51:30,79,79th,,Sun
18:52:30,6,Jackson Park Express,,Sat
12:45:00,79,79th,,Mon,Tue,Wed,Thu,Fri
14:10:30,79,79th,,Sun
23:38:00,6,Jackson Park Express,,Sun
11:23:30,6,Jackson Park Express,,Sat
05:05:00,79,79th,,Mon,Tue,Wed,Thu,Fri
10:00:30,6,Jackson Park Express,,Sun
18:34:00,6,Jackson Park Express,,Sun
12:20:00,79,79th,,Sat
15:10:00,79,79th,,Sun
23:07:00,79,79th,,Sun
05:36:00,79,79th,,Mon,Tue,Wed,Thu,Fri
08:24:30,79,79th,,Sat
10:04:00,6,Jackson Park Express,,Sun
19:21:00,6,Jackson Park Express,,Sat
22:41:00,79,79th,,Sat
10:45:30,79,79th,,Mon,Tue,Wed,Thu,Fri
08:26:30,79,79th,,Sun
06:43:00,6,Jackson Park Express,,Mon,Tue,Wed,Thu,Fri
16:04:00,6,Jackson Park Express,,Sat
22:27:30,79,79th,,Mon,Tue,Wed,Thu,Fri
10:23:30,79,79th,,Mon,Tue,Wed,Thu,Fri
11:33:00,6,Jackson Park Express,,Mon,Tue,Wed,Thu,Fri
07:13:30,6,Jackson Park Express,,Mon,Tue,Wed,Thu,Fri
02:03:30,6,Jackson Park Express,,Tue,Wed,Thu,Fri,Sat
24:44:00,79,79th,,Mon,Tue,Wed,Thu,Fri
14:20:00,79,79th,,Sat
11:21:00,6,Jackson Park Express,,Mon,Tue,Wed,Thu,Fri
01:03:30,6,Jackson Park Express,,Tue,Wed,Thu,Fri,Sat
15:13:30,79,79th,,Mon,Tue,Wed,Thu,Fri
09:00:00,6,Jackson Park Express,,Sun
13:47:30,79,79th,,Sun
10:45:30,79,79th,,Mon,Tue,Wed,Thu,Fri
08:01:30,6,Jackson Park Express,,Mon,Tue,Wed,Thu,Fri
15:47:00,79,79th,,Sat
16:08:30,79,79th,,Sun
20:42:00,79,79th,,Sun
08:44:00,79,79th,,Mon,Tue,Wed,Thu,Fri
11:18:00,79,79th,,Mon,Tue,Wed,Thu,Fri
11:07:30,79,79th,,Mon,Tue,Wed,Thu,Fri
09:21:00,79,79th,,Sun
01:40:30,79,79th,,Sun
15:14:30,6,Jackson Park Express,,Sat
24:31:30,6,Jackson Park Express,,Sat
08:51:00,79,79th,,Sun
12:11:30,79,79th,,Sun
17:30:30,79,79th,,Mon,Tue,Wed,Thu,Fri
10:42:00,6,Jackson Park Express,,Sat
16:23:30,79,79th,,Sun
21:25:30,79,79th,,Mon,Tue,Wed,Thu,Fri
13:42:00,79,79th,,Sun
01:19:30,79,79th,,Sun
11:31:30,6,Jackson Park Express,,Sun
00:05:00,6,Jackson Park Express,,Sun
13:19:30,6,Jackson Park Express,,Sat
16:23:30,79,79th,,Sun
15:10:00,79,79th,,Sun
14:30:00,79,79th,,Sat
09:17:00,79,79th,,Mon,Tue,Wed,Thu,Fri
10:33:00,6,Jackson Park Express,,Mon,Tue,Wed,Thu,Fri
18:36:30,6,Jackson Park Express,,Sat
12:20:30,79,79th,,Sun
04:33:00,79,79th,,Sat
05:38:00,79,79th,,Sat
13:58:00,6,Jackson Park Express,,Sun
14:47:30,6,Jackson Park Express,,Mon,Tue,Wed,Thu,Fri
16:55:30,79,79th,,Sat
12:08:00,79,79th,,Mon,Tue,Wed,Thu,Fri
10:37:00,6,Jackson Park Express,,Sat
09:57:30,79,79th,,Mon,Tue,Wed,Thu,Fri
12:47:00,79,79th,,Mon,Tue,Wed,Thu,Fri
22:59:30,79,79th,,Mon,Tue,Wed,Thu,Fri
21:22:30,79,79th,,Mon,Tue,Wed,Thu,Fri
07:47:30,79,79th,,Sat
09:54:00,6,Jackson Park Express,,Sat
09:51:00,79,79th,,Mon,Tue,Wed,Thu,Fri
06:39:00,79,79th,,Mon,Tue,Wed,Thu,Fri
03:50:30,79,79th,,Mon,Tue,Wed,Thu,Fri
00:31:30,79,79th,,Mon
24:45:00,6,Jackson Park Express,,Sun
14:30:30,79,79th,,Sat
15:46:30,6,Jackson Park Express,,Sun
19:26:30,79,79th,,Sat
07:20:00,79,79th,,Mon,Tue,Wed,Thu,Fri
13:11:00,79,79th,,Mon,Tue,Wed,Thu,Fri
13:45:30,6,Jackson Park Express,,Sat
16:34:30,6,Jackson Park Express,,Mon,Tue,Wed,Thu,Fri
04:42:00,79,79th,,Mon,Tue,Wed,Thu,Fri
01:49:00,6,Jackson Park Express,,Tue,Wed,Thu,Fri,Sat
20:09:30,79,79th,,Sun
03:04:30,79,79th,,Tue,Wed,Thu,Fri,Sat
15:38:30,6,Jackson Park Express,,Mon,Tue,Wed,Thu,Fri
12:47:30,79,79th,,Sun
13:15:30,6,Jackson Park Express,,Sat
15:00:30,79,79th,,Sat
21:20:30,79,79th,,Sun
17:52:30,6,Jackson Park Express,,Sun
15:45:30,79,79th,,Sat
17:38:30,6,Jackson Park Express,,Sun
12:09:30,79,79th,,Sat
05:45:00,6,Jackson Park Express,,Mon,Tue,Wed,Thu,Fri
01:01:00,79,79th,,Sun
21:47:30,79,79th,,Mon,Tue,Wed,Thu,Fri
08:12:30,79,79th,,Sat
09:52:00,79,79th,,Sat
22:52:30,6,Jackson Park Express,,Mon,Tue,Wed,Thu,Fri
01:26:00,79,79th,,Sun
02:34:30,79,79th,,Sun
13:55:00,6,Jackson Park Express,,Mon,Tue,Wed,Thu,Fri
21:58:30,79,79th,,Sat
00:30:00,79,79th,,Mon
19:37:00,79,79th,,Sat
20:27:00,79,79th,,Mon,Tue,Wed,Thu,Fri
10:21:00,79,79th,,Sun
10:08:00,79,79th,,Sat
19:07:00,79,79th,,Mon,Tue,Wed,Thu,Fri
04:05:00,79,79th,,Sat
09:25:30,79,79th,,Mon,Tue,Wed,Thu,Fri
19:22:30,79,79th,,Sun
20:34:00,79,79th,,Sun
16:07:00,6,Jackson Park Express,,Sun
18:43:00,79,79th,,Sun
19:49:30,6,Jackson Park Express,,Sun
09:56:30,6,Jackson Park Express,,Mon,Tue,Wed,Thu,Fri
17:46:30,6,Jackson Park Express,,Mon,Tue,Wed,Thu,Fri
18:52:30,79,79th,,Mon,Tue,Wed,Thu,Fri
21:56:00,79,79th,,Sat
12:50:00,79,79th,,Sat
21:52:00,79,79th,,Sat
17:54:30,79,79th,,Sat
18:02:30,79,79th,,Sat
12:58:00,6,Jackson Park Express,,Mon,Tue,Wed,Thu,Fri
14:49:00,79,79th,,Mon,Tue,Wed,Thu,Fri
20:10:30,6,Jackson Park Express,,Sat
18:08:00,79,79th,,Sat
18:36:30,79,79th,,Mon,Tue,Wed,Thu,Fri
10:05:00,79,79th,,Sat
09:36:00,79,79th,,Sat
19:15:30,6,Jackson Park Express,,Mon,Tue,Wed,Thu,Fri
18:11:00,6,Jackson Park Express,,Sun
18:12:00,79,79th,,Mon,Tue,Wed,Thu,Fri
19:20:30,79,79th,,Sun
11:34:00,79,79th,,Sun
11:21:00,79,79th,,Sun
18:31:30,79,79th,,Sat
16:18:00,6,Jackson Park Express,,Sat
07:49:00,79,79th,,Mon,Tue,Wed,Thu,Fri
22:44:00,79,79th,,Mon,Tue,Wed,Thu,Fri
21:52:00,79,79th,,Sat
20:36:30,79,79th,,Sat
16:18:00,79,79th,,Mon,Tue,Thu,Fri
12:31:00,6,Jackson Park Express,,Sat
14:10:00,79,79th,,Mon,Tue,Wed,Thu,Fri
22:21:30,79,79th,,Mon,Tue,Wed,Thu,Fri
15:45:30,79,79th,,Sat
10:43:00,79,79th,,Mon,Tue,Wed,Thu,Fri
11:41:30,79,79th,,Sun
19:13:30,79,79th,,Mon,Tue,Wed,Thu,Fri
16:59:00,6,Jackson Park Express,,Sun
15:29:30,79,79th,,Sat
24:39:30,79,79th,,Sun
17:35:30,79,79th,,Mon,Tue,Wed,Thu,Fri
07:14:00,79,79th,,Sun
14:54:30,79,79th,,Mon,Tue,Wed,Thu,Fri
23:43:00,79,79th,,Mon,Tue,Wed,Thu,Fri
21:38:30,79,79th,,Sun
18:33:30,6,Jackson Park Express,,Sat
11:26:30,79,79th,,Sun
20:52:30,79,79th,,Mon,Tue,Wed,Thu,Fri
17:01:30,6,Jackson Park Express,,Mon,Tue,Wed,Thu,Fri
13:14:30,79,79th,,Sun
01:00:00,79,79th,,Sun
10:43:00,79,79th,,Sat
12:59:30,79,79th,,Sat
06:48:00,79,79th,,Mon,Tue,Wed,Thu,Fri
17:54:00,6,Jackson Park Express,,Sun
11:46:30,79,79th,,Mon,Tue,Wed,Thu,Fri
00:00:00,6,Jackson Park Express,,Mon
15:01:30,6,Jackson Park Express,,Mon,Tue,Wed,Thu,Fri
12:55:00,6,Jackson Park Express,,Mon,Tue,Wed,Thu,Fri
08:07:30,6,Jackson Park Express,,Sat
14:25:30,6,Jackson Park Express,,Sun
07:51:00,79,79th,,Mon,Tue,Wed,Thu,Fri
13:50:00,79,79th,,Sat
18:04:00,79,79th,,Sat
18:35:30,79,79th,,Mon,Tue,Wed,Thu,Fri
17:28:30,6,Jackson Park Express,,Sun
10:08:30,79,79th,,Sat
11:28:00,79,79th,,Sat
14:21:30,6,Jackson Park Express,,Sat
13:00:00,79,79th,,Sat
23:40:30,79,79th,,Sat
20:43:30,79,79th,,Sat
22:51:30,79,79th,,Mon,Tue,Wed,Thu,Fri
05:00:00,79,79th,,Sun
08:52:30,79,79th,,Sat
08:39:00,79,79th,,Sun
22:47:00,79,79th,,Sun
16:41:30,79,79th,,Sun
19:49:00,79,79th,,Mon,Tue,Wed,Thu,Fri
16:41:30,6,Jackson Park Express,,Sat
18:26:00,79,79th,,Mon,Tue,Wed,Thu,Fri
12:34:00,6,Jackson Park Express,,Mon,Tue,Wed,Thu,Fri
16:50:30,79,79th,,Sat
07:17:00,79,79th,,Sat
07:26:00,79,79th,,Mon,Tue,Wed,Thu,Fri
15:20:30,79,79th,,Sat
13:08:30,6,Jackson Park Express,,Sun
00:03:30,79,79th,,Tue,Wed,Thu,Fri,Sat
13:22:00,6,Jackson Park Express,,Sun
09:32:00,79,79th,,Sat
12:39:30,79,79th,,Sat
09:49:00,79,79th,,Sat
07:10:00,79,79th,,Sat
20:50:00,79,79th,,Sat
14:15:30,79,79th,,Sat
10:43:00,79,79th,,Sun
14:00:30,79,79th,,Sat
22:14:30,6,Jackson Park Express,,Mon,Tue,Wed,Thu,Fri
14:27:30,6,Jackson Park Express,,Sat
12:36:00,6,Jackson Park Express,,Sun
04:35:00,79,79th,,Sun
10:21:00,79,79th,,Sun
04:35:30,79,79th,,Mon,Tue,Wed,Thu,Fri
23:27:00,79,79th,,Mon,Tue,Wed,Thu,Fri
11:59:00,6,Jackson Park Express,,Mon,Tue,Wed,Thu,Fri
01:45:00,79,79th,,Sun
07:55:00,79,79th,,Sun
24:30:30,79,79th,,Sun
16:56:00,6,Jackson Park Express,,Mon,Tue,Wed,Thu,Fri
15:53:30,79,79th,,Sun
10:43:00,79,79th,,Sat
08:20:00,79,79th,,Mon,Tue,Wed,Thu,Fri
16:43:30,79,79th,,Sat
11:09:00,6,Jackson Park Express,,Mon,Tue,Wed,Thu,Fri
20:22:30,6,Jackson Park Express,,Sun
10:06:30,6,Jackson Park Express,,Sat
06:07:30,6,Jackson Park Express,,Mon,Tue,Wed,Thu,Fri
22:03:30,79,79th,,Mon,Tue,Wed,Thu,Fri
09:06:00,79,79th,,Mon,Tue,Wed,Thu,Fri
13:00:00,79,79th,,Mon,Tue,Wed,Thu,Fri
08:59:00,79,79th,,Mon,Tue,Wed,Thu,Fri
12:54:30,6,Jackson Park Express,,Sun
08:25:30,6,Jackson Park Express,,Mon,Tue,Wed,Thu,Fri
11:27:30,79,79th,,Sat
13:15:00,79,79th,,Sat
11:40:00,79,79th,,Mon,Tue,Wed,Thu,Fri
18:16:30,79,79th,,Sat
14:35:30,6,Jackson Park Express,,Mon,Tue,Wed,Thu,Fri
16:12:00,6,Jackson Park Express,,Sat
20:30:00,79,79th,,Mon,Tue,Wed,Thu,Fri
19:53:30,6,Jackson Park Express,,Mon,Tue,Wed,Thu,Fri
18:30:30,6,Jackson Park Express,,Sat
15:49:30,6,Jackson Park Express,,Mon,Tue,Wed,Thu,Fri
00:54:00,79,79th,,Tue,Wed,Thu,Fri,Sat
17:50:00,6,Jackson Park Express,,Sun
06:50:00,6,Jackson Park Express,,Sun
14:30:00,79,79th,,Sat
12:59:00,6,Jackson Park Express,,Sat
10:46:30,79,79th,,Sun
20:02:00,79,79th,,Mon,Tue,Wed,Thu,Fri
08:12:30,79,79th,,Mon,Tue,Wed,Thu,Fri
10:51:30,6,Jackson Park Express,,Sun
14:15:30,79,79th,,Sat
03:12:00,79,79th,,Sat
21:26:30,6,Jackson Park Express,,Sat
14:23:00,79,79th,,Mon,Tue,Wed,Thu,Fri
01:26:00,79,79th,,Sun
05:53:00,6,Jackson Park Express,,Mon,Tue,Wed,Thu,Fri
00:58:00,6,Jackson Park Express,,Mon
05:49:30,79,79th,,Mon,Tue,Wed,Thu,Fri
18:57:30,79,79th,,Sat
08:13:30,79,79th,,Sun
09:09:00,6,Jackson Park Express,,Mon,Tue,Wed,Thu,Fri
09:15:30,6,Jackson Park Express,,Sat
08:39:00,79,79th,,Mon,Tue,Wed,Thu,Fri
15:36:30,6,Jackson Park Express,,Sun
01:49:00,6,Jackson Park Express,,Sun
11:57:00,6,Jackson Park Express,,Sat
21:22:30,79,79th,,Mon,Tue,Wed,Thu,Fri
13:25:00,79,79th,,Sun
09:58:00,79,79th,,Sat
22:30:00,6,Jackson Park Express,,Sat
16:53:30,6,Jackson Park Express,,Sat
02:34:30,79,79th,,Tue,Wed,Thu,Fri,Sat
18:02:30,6,Jackson Park Express,,Sat
11:34:00,79,79th,,Sun
10:52:00,79,79th,,Mon,Tue,Wed,Thu,Fri
22:00:00,6,Jackson Park Express,,Sun
14:28:30,79,79th,,Sun
14:55:30,79,79th,,Sat
12:10:00,79,79th,,Sat
11:49:30,79,79th,,Sat
00:45:00,79,79th,,Sun
06:03:00,79,79th,,Sat
18:50:30,79,79th,,Sun
19:40:30,6,Jackson Park Express,,Sat
13:35:30,79,79th,,Sat
06:17:00,6,Jackson Park Express,,Mon,Tue,Wed,Thu,Fri
21:58:30,79,79th,,Sat
18:02:30,79,79th,,Mon,Tue,Wed,Thu,Fri
15:38:30,6,Jackson Park Express,,Sun
07:33:00,6,Jackson Park Express,,Sat
08:06:30,79,79th,,Mon,Tue,Wed,Thu,Fri
14:37:30,6,Jackson Park Express,,Mon,Tue,Wed,Thu,Fri
01:15:00,79,79th,,Sun
18:58:30,6,Jackson Park Express,,Sun
15:15:00,79,79th,,Sat
17:46:30,79,79th,,Sun
20:54:00,79,79th,,Sat
01:45:00,79,79th,,Tue,Wed,Thu,Fri,Sat
09:39:30,79,79th,,Sat
10:22:30,79,79th,,Sun
14:12:30,6,Jackson Park Express,,Sat
09:31:30,79,79th,,Mon,Tue,Wed,Thu,Fri
09:41:00,79,79th,,Mon,Tue,Wed,Thu,Fri
16:46:00,79,79th,,Mon,Tue,Wed,Thu,Fri
23:31:00,6,Jackson Park Express,,Sun
01:07:00,6,Jackson Park Express,,Tue,Wed,Thu,Fri,Sat
17:48:00,6,Jackson Park Express,,Sat
09:17:00,79,79th,,Mon,Tue,Wed,Thu,Fri
14:50:30,79,79th,,Sat
05:58:00,79,79th,,Sun
06:58:30,79,79th,,Sun
18:48:00,6,Jackson Park Express,,Sun
16:13:30,79,79th,,Sat
10:33:00,79,79th,,Sat
21:30:30,79,79th,,Sun
15:37:00,6,Jackson Park Express,,Sat
09:38:00,6,Jackson Park Express,,Sat
18:40:00,79,79th,,Mon,Tue,Wed,Thu,Fri
01:14:00,6,Jackson Park Express,,Sun
16:56:00,79,79th,,Mon,Tue,Wed,Thu,Fri
20:58:00,79,79th,,Sun
13:35:00,79,79th,,Sat
23:15:00,79,79th,,Sun
19:22:00,79,79th,,Sat
17:00:30,79,79th,,Mon,Tue,Wed,Thu,Fri
21:27:30,6,Jackson Park Express,,Sat
20:28:00,6,Jackson Park Express,,Sat
16:18:30,6,Jackson Park Express,,Sun
10:31:30,6,Jackson Park Express,,Sat
19:30:30,79,79th,,Sun
11:08:00,79,79th,,Sat
20:43:00,6,Jackson Park Express,,Sun
16:13:00,6,Jackson Park Express,,Sat
09:49:00,79,79th,,Sat
19:03:30,6,Jackson Park Express,,Sat
12:03:00,6,Jackson Park Express,,Sun
06:10:00,79,79th,,Sun
14:08:00,6,Jackson Park Express,,Mon,Tue,Wed,Thu,Fri
08:32:00,6,Jackson Park Express,,Mon,Tue,Wed,Thu,Fri
17:37:00,6,Jackson Park Express,,Sun
15:29:30,79,79th,,Sat
08:10:30,6,Jackson Park Express,,Sun
00:45:00,79,79th,,Tue,Wed,Thu,Fri,Sat
08:36:00,6,Jackson Park Express,,Sat
13:07:00,6,Jackson Park Express,,Mon,Tue,Wed,Thu,Fri
04:35:00,79,79th,,Sat
19:11:00,79,79th,,Mon,Tue,Wed,Thu,Fri
14:13:00,79,79th,,Sun
22:18:30,79,79th,,Sun
19:23:00,6,Jackson Park Express,,Mon,Tue,Wed,Thu,Fri
17:36:30,79,79th,,Sat
06:27:00,79,79th,,Sun
18:26:30,79,79th,,Sat
19:10:30,6,Jackson Park Express,,Mon,Tue,Wed,Thu,Fri
19:02:00,6,Jackson Park Express,,Sat
14:31:00,79,79th,,Mon,Tue,Wed,Thu,Fri
11:11:00,79,79th,,Sun
16:34:30,6,Jackson Park Express,,Sat
17:29:00,6,Jackson Park Express,,Sun
16:42:30,6,Jackson Park Express,,Mon,Tue,Wed,Thu,Fri
13:29:30,6,Jackson Park Express,,Sun
16:43:30,6,Jackson Park Express,,Sat
24:18:30,79,79th,,Mon,Tue,Wed,Thu,Fri
15:35:00,79,79th,,Sat
13:05:00,6,Jackson Park Express,,Sun
16:10:00,79,79th,,Sun
15:05:30,79,79th,,Sat
08:56:30,6,Jackson Park Express,,Mon,Tue,Wed,Thu,Fri
12:53:30,79,79th,,Mon,Tue,Wed,Thu,Fri
13:10:00,6,Jackson Park Express,,Mon,Tue,Wed,Thu,Fri
17:31:30,79,79th,,Sat
22:34:00,79,79th,,Sat
18:04:30,79,79th,,Mon,Tue,Wed,Thu,Fri
16:20:30,79,79th,,Mon,Tue,Wed,Thu,Fri
10:00:00,6,Jackson Park Express,,Sun
17:19:30,79,79th,,Sat
08:20:30,6,Jackson Park Express,,Sun
01:02:00,79,79th,,Sun
06:43:30,79,79th,,Sun
19:53:30,79,79th,,Sun
13:45:30,6,Jackson Park Express,,Sun
22:49:30,6,Jackson Park Express,,Sun
22:41:00,79,79th,,Sat
24:30:30,79,79th,,Sun
07:57:00,6,Jackson Park Express,,Sat
17:57:00,6,Jackson Park Express,,Sat
20:12:00,6,Jackson Park Express,,Sun
05:23:00,79,79th,,Sat
22:27:00,6,Jackson Park Express,,Sat
07:49:00,79,79th,,Mon,Tue,Wed,Thu,Fri
18:43:00,6,Jackson Park Express,,Sat
18:07:30,79,79th,,Mon,Tue,Wed,Thu,Fri
18:29:00,6,Jackson Park Express,,Sun
15:49:30,6,Jackson Park Express,,Sun
17:21:00,79,79th,,Mon,Tue,Wed,Thu,Fri
08:20:00,6,Jackson Park Express,,Sat
07:48:30,6,Jackson Park Express,,Sat
08:50:00,79,79th,,Sun
22:47:30,79,79th,,Mon,Tue,Wed,Thu,Fri
21:00:30,79,79th,,Sun
19:39:30,79,79th,,Mon,Tue,Wed,Thu,Fri
10:13:00,79,79th,,Mon,Tue,Wed,Thu,Fri
05:02:30,79,79th,,Mon,Tue,Wed,Thu,Fri
20:29:30,6,Jackson Park Express,,Sun
09:00:30,6,Jackson Park Express,,Mon,Tue,Wed,Thu,Fri
21:31:00,79,79th,,Sat
18:40:30,79,79th,,Mon,Tue,Wed,Thu,Fri
11:54:30,79,79th,,Sat
10:03:00,79,79th,,Sat
18:40:30,79,79th,,Mon,Tue,Wed,Thu,Fri
10:41:30,6,Jackson Park Express,,Sat
22:43:00,79,79th,,Sun
14:34:00,6,Jackson Park Express,,Sat
08:37:00,79,79th,,Sat
21:28:30,6,Jackson Park Express,,Sun
23:30:30,79,79th,,Sat
15:20:00,79,79th,,Mon,Tue,Wed,Thu,Fri
21:00:00,79,79th,,Mon,Tue,Wed,Thu,Fri
03:15:00,79,79th,,Sat
08:13:30,79,79th,,Sun
07:53:00,6,Jackson Park Express,,Sun
21:06:00,79,79th,,Sun
21:05:30,6,Jackson Park Express,,Sun
16:25:00,79,79th,,Sun
18:22:00,79,79th,,Sat
17:10:30,79,79th,,Sat
08:45:00,6,Jackson Park Express,,Sun
17:00:30,79,79th,,Sat
05:21:00,79,79th,,Mon,Tue,Wed,Thu,Fri
20:08:00,6,Jackson Park Express,,Sat
09:50:30,6,Jackson Park Express,,Sat
23:06:00,6,Jackson Park Express,,Sat
24:30:00,6,Jackson Park Express,,Sat
14:48:30,6,Jackson Park Express,,Sat
16:46:00,79,79th,,Mon,Tue,Wed,Thu,Fri
16:45:30,79,79th,,Sat
05:23:00,6,Jackson Park Express,,Sat
08:30:00,79,79th,,Sun
17:38:30,79,79th,,Sun
07:20:00,79,79th,,Sat
09:11:00,79,79th,,Mon,Tue,Wed,Thu,Fri
16:13:30,79,79th,,Sat
12:00:30,79,79th,,Sat
09:57:00,6,Jackson Park Express,,Mon,Tue,Wed,Thu,Fri
12:19:30,6,Jackson Park Express,,Mon,Tue,Wed,Thu,Fri
10:58:00,79,79th,,Sat
20:10:30,6,Jackson Park Express,,Sun
05:36:30,79,79th,,Sat
14:25:30,79,79th,,Sat
18:35:30,79,79th,,Mon,Tue,Wed,Thu,Fri
11:38:00,79,79th,,Mon,Tue,Wed,Thu,Fri
14:18:00,79,79th,,Mon,Tue,Wed,Thu,Fri
20:45:00,6,Jackson Park Express,,Sat
18:25:00,6,Jackson Park Express,,Mon,Tue,Wed,Thu,Fri
15:11:30,6,Jackson Park Express,,Mon,Tue,Wed,Thu,Fri
08:31:00,6,Jackson Park Express,,Sat
17:41:30,6,Jackson Park Express,,Sat
23:03:00,79,79th,,Mon,Tue,Wed,Thu,Fri
16:44:30,6,Jackson Park Express,,Mon,Tue,Wed,Thu,Fri
16:38:30,79,79th,,Sat
15:01:00,79,79th,,Mon,Tue,Wed,Thu,Fri
16:36:00,79,79th,,Mon,Tue,Wed,Thu,Fri
11:18:00,79,79th,,Sat
21:32:30,6,Jackson Park Express,,Sat
22:35:30,79,79th,,Mon,Tue,Wed,Thu,Fri
22:31:00,79,79th,,Sat
13:22:30,6,Jackson Park Express,,Sun
06:35:30,79,79th,,Sun
02:04:30,79,79th,,Tue,Wed,Thu,Fri,Sat
06:15:00,79,79th,,Mon,Tue,Wed,Thu,Fri
11:07:30,79,79th,,Mon,Tue,Wed,Thu,Fri
11:41:00,79,79th,,Sun
10:45:00,6,Jackson Park Express,,Mon,Tue,Wed,Thu,Fri
15:53:00,79,79th,,Sat
11:59:30,79,79th,,Sat
13:33:30,6,Jackson Park Express,,Sat
20:42:00,79,79th,,Sun
14:36:30,6,Jackson Park Express,,Sat
07:45:00,79,79th,,Mon,Tue,Wed,Thu,Fri
09:07:30,79,79th,,Sat
16:27:00,6,Jackson Park Express,,Sun
06:49:00,79,79th,,Sat
16:55:30,79,79th,,Mon,Tue,Wed,Thu,Fri
16:39:30,6,Jackson Park Express,,Sun
19:21:00,6,Jackson Park Express,,Mon,Tue,Wed,Thu,Fri
13:50:00,79,79th,,Mon,Tue,Wed,Thu,Fri
21:15:00,79,79th,,Sat
21:52:00,79,79th,,Sun
13:40:30,79,79th,,Sat
17:10:30,6,Jackson Park Express,,Mon,Tue,Wed,Thu,Fri
20:20:30,6,Jackson Park Express,,Sun
18:35:00,79,79th,,Sun
23:35:00,79,79th,,Mon,Tue,Wed,Thu,Fri
08:34:00,79,79th,,Mon,Tue,Wed,Thu,Fri
15:15:30,6,Jackson Park Express,,Sun
11:46:30,79,79th,,Mon,Tue,Wed,Thu,Fri
19:42:00,79,79th,,Sat
10:33:00,6,Jackson Park Express,,Mon,Tue,Wed,Thu,Fri
18:50:30,79,79th,,Mon,Tue,Wed,Thu,Fri
13:52:00,79,79th,,Mon,Tue,Wed,Thu,Fri
23:05:00,79,79th,,Sat
19:55:30,79,79th,,Mon,Tue,Wed,Thu,Fri
08:49:30,79,79th,,Mon,Tue,Wed,Thu,Fri
11:31:00,79,79th,,Mon,Tue,Wed,Thu,Fri
22:17:00,79,79th,,Sat
16:55:30,79,79th,,Mon,Tue,Wed,Thu,Fri
08:13:00,6,Jackson Park Express,,Mon,Tue,Wed,Thu,Fri
19:21:30,79,79th,,Sun
14:23:00,6,Jackson Park Express,,Sun
12:48:30,6,Jackson Park Express,,Sat
21:12:30,6,Jackson Park Express,,Sat
05:49:00,6,Jackson Park Express,,Sun
15:25:00,79,79th,,Mon,Tue,Wed,Thu,Fri
22:06:00,79,79th,,Mon,Tue,Wed,Thu,Fri
18:40:00,79,79th,,Mon,Tue,Wed,Thu,Fri
16:38:30,79,79th,,Sun
21:42:30,6,Jackson Park Express,,Mon,Tue,Wed,Thu,Fri
16:18:00,79,79th,,Mon,Tue,Thu,Fri
15:27:00,6,Jackson Park Express,,Mon,Tue,Wed,Thu,Fri
10:51:00,79,79th,,Sun
13:51:30,6,Jackson Park Express,,Sat
07:33:00,79,79th,,Mon,Tue,Wed,Thu,Fri
09:42:00,6,Jackson Park Express,,Sat
15:32:30,79,79th,,Sun
10:44:30,6,Jackson Park Express,,Sun
13:25:00,79,79th,,Sun
08:27:00,79,79th,,Sun
08:06:30,79,79th,,Mon,Tue,Wed,Thu,Fri
07:37:30,6,Jackson Park Express,,Sun
23:59:30,79,79th,,Sun
08:54:00,79,79th,,Mon,Tue,Wed,Thu,Fri
12:25:00,79,79th,,Sun
15:59:30,6,Jackson Park Express,,Mon,Tue,Wed,Thu,Fri
18:08:30,6,Jackson Park Express,,Sun
12:19:30,6,Jackson Park Express,,Sat
18:40:30,6,Jackson Park Express,,Mon,Tue,Wed,Thu,Fri
10:53:00,79,79th,,Sat
20:05:00,79,79th,,Sat
21:37:30,79,79th,,Sat
20:22:30,6,Jackson Park Express,,Sat
13:58:00,6,Jackson Park Express,,Mon,Tue,Wed,Thu,Fri
17:06:30,79,79th,,Sun
18:50:00,6,Jackson Park Express,,Mon,Tue,Wed,Thu,Fri
17:15:30,79,79th,,Mon,Tue,Wed,Thu,Fri
13:56:00,6,Jackson Park Express,,Mon,Tue,Wed,Thu,Fri
12:24:30,79,79th,,Sat
15:07:00,79,79th,,Mon,Tue,Wed,Thu,Fri
23:53:00,79,79th,,Sat
09:22:30,79,79th,,Sat
14:50:30,79,79th,,Sat
23:43:00,79,79th,,Mon,Tue,Wed,Thu,Fri
23:38:30,79,79th,,Sun
19:12:00,79,79th,,Sat
21:15:00,79,79th,,Mon,Tue,Wed,Thu,Fri
23:20:30,6,Jackson Park Express,,Mon,Tue,Wed,Thu,Fri
14:05:30,79,79th,,Sat
12:32:30,79,79th,,Sun
21:48:30,6,Jackson Park Express,,Sun
09:31:00,79,79th,,Sun
11:27:00,79,79th,,Mon,Tue,Wed,Thu,Fri
09:35:00,79,79th,,Mon,Tue,Wed,Thu,Fri
11:13:00,79,79th,,Sat
15:16:30,6,Jackson Park Express,,Mon,Tue,Wed,Thu,Fri
17:00:30,79,79th,,Sat
07:35:30,79,79th,,Mon,Tue,Wed,Thu,Fri
17:28:30,79,79th,,Sat
18:18:00,79,79th,,Sat
08:59:30,79,79th,,Mon,Tue,Wed,Thu,Fri
16:25:30,79,79th,,Sat
16:10:30,79,79th,,Mon,Tue,Wed,Thu,Fri
06:58:30,79,79th,,Sun
20:01:30,6,Jackson Park Express,,Sun
03:35:00,79,79th,,Sun
21:20:00,6,Jackson Park Express,,Sun
14:57:30,6,Jackson Park Express,,Sat
14:11:30,79,79th,,Mon,Tue,Wed,Thu,Fri
22:55:00,79,79th,,Mon,Tue,Wed,Thu,Fri
15:33:30,6,Jackson Park Express,,Sat
08:49:00,79,79th,,Mon,Tue,Wed,Thu,Fri
07:21:30,79,79th,,Mon,Tue,Wed,Thu,Fri
17:36:00,79,79th,,Mon,Tue,Wed,Thu,Fri
17:16:00,79,79th,,Sun
22:29:30,79,79th,,Sun
14:15:00,79,79th,,Sat
10:46:30,79,79th,,Sun
10:14:00,79,79th,,Sat
17:25:30,79,79th,,Sat
15:59:30,6,Jackson Park Express,,Mon,Tue,Wed,Thu,Fri
16:09:30,6,Jackson Park Express,,Sat
17:11:00,79,79th,,Mon,Tue,Wed,Thu,Fri
18:13:00,79,79th,,Sat
13:42:00,79,79th,,Sun
12:13:30,79,79th,,Sun
15:23:00,79,79th,,Wed
21:49:00,79,79th,,Sat
15:58:00,79,79th,,Sat
15:18:30,79,79th,,Mon,Tue,Wed,Thu,Fri
20:22:30,79,79th,,Sat
15:25:00,79,79th,,Sat
23:49:00,79,79th,,Sun
12:46:00,6,Jackson Park Express,,Mon,Tue,Wed,Thu,Fri
12:25:00,79,79th,,Sat
01:43:30,6,Jackson Park Express,,Tue,Wed,Thu,Fri,Sat
12:24:30,6,Jackson Park Express,,Sat
05:23:00,79,79th,,Sat
15:31:30,79,79th,,Mon,Tue,Wed,Thu,Fri
15:49:30,6,Jackson Park Express,,Sat
16:45:30,79,79th,,Sat
16:48:00,6,Jackson Park Express,,Mon,Tue,Wed,Thu,Fri
01:40:30,79,79th,,Sun
20:10:30,6,Jackson Park Express,,Sat
03:15:00,79,79th,,Sun
17:24:30,6,Jackson Park Express,,Sat
14:16:30,79,79th,,Mon,Tue,Wed,Thu,Fri
24:49:30,79,79th,,Sun
22:35:30,79,79th,,Mon,Tue,Wed,Thu,Fri
12:22:00,6,Jackson Park Express,,Mon,Tue,Wed,Thu,Fri
09:10:00,79,79th,,Sun
13:30:30,79,79th,,Mon,Tue,Wed,Thu,Fri
13:49:00,6,Jackson Park Express,,Sat
14:56:00,6,Jackson Park Express,,Mon,Tue,Wed,Thu,Fri
20:20:00,6,Jackson Park Express,,Sat
12:26:00,6,Jackson Park Express,,Sun
07:06:30,6,Jackson Park Express,,Sun
11:51:00,79,79th,,Sun
01:37:30,79,79th,,Mon
13:17:30,79,79th,,Mon,Tue,Wed,Thu,Fri
05:58:00,79,79th,,Sun
22:38:30,6,Jackson Park Express,,Mon,Tue,Wed,Thu,Fri
12:53:30,79,79th,,Mon,Tue,Wed,Thu,Fri
17:18:30,6,Jackson Park Express,,Sun
18:52:00,79,79th,,Sun
16:51:30,6,Jackson Park Express,,Sat
17:13:00,6,Jackson Park Express,,Mon,Tue,Wed,Thu,Fri
15:31:00,6,Jackson Park Express,,Mon,Tue,Wed,Thu,Fri
08:40:00,79,79th,,Sun
12:38:30,79,79th,,Mon,Tue,Wed,Thu,Fri
18:19:00,79,79th,,Sun
13:45:30,79,79th,,Mon,Tue,Wed,Thu,Fri
15:18:30,79,79th,,Mon,Tue,Wed,Thu,Fri
04:56:00,79,79th,,Mon,Tue,Wed,Thu,Fri
07:35:30,79,79th,,Mon,Tue,Wed,Thu,Fri
19:06:30,79,79th,,Sat
16:16:00,79,79th,,Sun
15:00:30,79,79th,,Mon,Tue,Wed,Thu,Fri
18:21:30,79,79th,,Mon,Tue,Wed,Thu,Fri
04:05:00,79,79th,,Sat
21:28:30,79,79th,,Sun
16:33:30,79,79th,,Sat
06:48:30,6,Jackson Park Express,,Sat
13:36:30,6,Jackson Park Express,,Sat
15:13:30,79,79th,,Mon,Tue,Wed,Thu,Fri
09:26:30,79,79th,,Sat
14:35:30,79,79th,,Sat
20:50:00,79,79th,,Sun
07:10:00,79,79th,,Sun
10:08:00,79,79th,,Sat
08:48:00,79,79th,,Sat
10:10:30,79,79th,,Mon,Tue,Wed,Thu,Fri
09:21:00,6,Jackson Park Express,,Mon,Tue,Wed,Thu,Fri
15:30:30,6,Jackson Park Express,,Mon,Tue,Wed,Thu,Fri
14:55:00,79,79th,,Sun
15:46:00,79,79th,,Sun
08:52:30,79,79th,,Sat
11:11:30,79,79th,,Mon,Tue,Wed,Thu,Fri
01:23:00,79,79th,,Mon
01:33:00,79,79th,,Sun
04:34:30,6,Jackson Park Express,,Mon,Tue,Wed,Thu,Fri
08:26:30,79,79th,,Sun
00:58:00,6,Jackson Park Express,,Sun
11:31:00,79,79th,,Mon,Tue,Wed,Thu,Fri
06:06:00,79,79th,,Sat
14:36:00,6,Jackson Park Express,,Sun
11:20:30,6,Jackson Park Express,,Sat
10:04:00,79,79th,,Mon,Tue,Wed,Thu,Fri
19:00:30,79,79th,,Mon,Tue,Wed,Thu,Fri
10:06:30,6,Jackson Park Express,,Sat
10:54:30,79,79th,,Sun
24:08:30,79,79th,,Mon,Tue,Wed,Thu,Fri
09:26:00,6,Jackson Park Express,,Sat
23:55:30,79,79th,,Mon,Tue,Wed,Thu,Fri
00:43:00,79,79th,,Sun
18:57:00,79,79th,,Mon,Tue,Wed,Thu,Fri
17:57:30,79,79th,,Mon,Tue,Wed,Thu,Fri
10:19:30,6,Jackson Park Express,,Sat
13:37:00,79,79th,,Mon,Tue,Wed,Thu,Fri
19:33:00,6,Jackson Park Express,,Sun
11:33:30,79,79th,,Mon,Tue,Wed,Thu,Fri
19:18:30,6,Jackson Park Express,,Sat
04:05:30,79,79th,,Mon,Tue,Wed,Thu,Fri
21:08:00,79,79th,,Sat
12:11:00,79,79th,,Sun
05:53:00,79,79th,,Sun
18:43:30,79,79th,,Sun
19:46:00,79,79th,,Mon,Tue,Wed,Thu,Fri
07:29:30,6,Jackson Park Express,,Sat
12:09:00,6,Jackson Park Express,,Mon,Tue,Wed,Thu,Fri
15:16:00,6,Jackson Park Express,,Sat
11:31:00,79,79th,,Sat
18:36:30,79,79th,,Mon,Tue,Wed,Thu,Fri
03:15:00,79,79th,,Sat
01:25:30,79,79th,,Mon
22:54:00,6,Jackson Park Express,,Mon,Tue,Wed,Thu,Fri
19:26:30,79,79th,,Mon,Tue,Wed,Thu,Fri
11:08:00,6,Jackson Park Express,,Sat
22:47:30,79,79th,,Mon,Tue,Wed,Thu,Fri
20:28:30,6,Jackson Park Express,,Mon,Tue,Wed,Thu,Fri
08:44:00,6,Jackson Park Express,,Mon,Tue,Wed,Thu,Fri
12:19:00,79,79th,,Mon,Tue,Wed,Thu,Fri
08:44:30,79,79th,,Mon,Tue,Wed,Thu,Fri
13:06:30,79,79th,,Mon,Tue,Wed,Thu,Fri
13:50:30,6,Jackson Park Express,,Sun
05:11:00,79,79th,,Sun
11:48:30,6,Jackson Park Express,,Sat
09:05:00,79,79th,,Mon,Tue,Wed,Thu,Fri
14:40:00,79,79th,,Sat
12:29:30,6,Jackson Park Express,,Sat
16:01:00,79,79th,,Sun
14:24:30,79,79th,,Mon,Tue,Wed,Thu,Fri
08:49:00,79,79th,,Mon,Tue,Wed,Thu,Fri
09:24:00,79,79th,,Sat
05:28:30,79,79th,,Mon,Tue,Wed,Thu,Fri
14:25:00,79,79th,,Sat
07:56:30,79,79th,,Sat
20:20:30,79,79th,,Sun
22:37:30,6,Jackson Park Express,,Sun
09:51:00,79,79th,,Sun
14:35:00,79,79th,,Sat
17:34:30,6,Jackson Park Express,,Sat
14:00:30,79,79th,,Sat
10:09:00,6,Jackson Park Express,,Mon,Tue,Wed,Thu,Fri
16:51:00,79,79th,,Mon,Tue,Wed,Thu,Fri
10:58:00,79,79th,,Sat
22:59:30,79,79th,,Sun
20:31:00,6,Jackson Park Express,,Mon,Tue,Wed,Thu,Fri
15:10:00,79,79th,,Sat
06:06:30,79,79th,,Mon,Tue,Wed,Thu,Fri
08:00:30,79,79th,,Mon,Tue,Wed,Thu,Fri
10:27:00,6,Jackson Park Express,,Sun
06:59:00,79,79th,,Mon,Tue,Wed,Thu,Fri
06:49:30,79,79th,,Sat
18:16:30,79,79th,,Sat
16:45:30,79,79th,,Mon,Tue,Wed,Thu,Fri
15:44:30,79,79th,,Mon,Tue,Wed,Thu,Fri
16:33:30,79,79th,,Sat
13:30:30,79,79th,,Mon,Tue,Wed,Thu,Fri
22:27:00,79,79th,,Sun
17:21:30,6,Jackson Park Express,,Sun
07:38:30,79,79th,,Sat
16:33:30,6,Jackson Park Express,,Sun
01:13:00,79,79th,,Sun
16:35:30,79,79th,,Mon,Tue,Wed,Thu,Fri
14:32:00,6,Jackson Park Express,,Mon,Tue,Wed,Thu,Fri
12:15:00,79,79th,,Sat
17:23:00,6,Jackson Park Express,,Sat
16:15:30,79,79th,,Mon,Tue,Wed,Thu,Fri
17:51:30,79,79th,,Mon,Tue,Wed,Thu,Fri
13:37:00,79,79th,,Mon,Tue,Wed,Thu,Fri
14:47:30,79,79th,,Sun
21:18:30,79,79th,,Sat
08:12:30,79,79th,,Mon,Tue,Wed,Thu,Fri
15:53:00,6,Jackson Park Express,,Sat
20:32:00,6,Jackson Park Express,,Sat
17:38:30,79,79th,,Sun
24:48:30,6,Jackson Park Express,,Mon,Tue,Wed,Thu,Fri
11:51:00,79,79th,,Sun
16:54:30,6,Jackson Park Express,,Sun
01:51:30,6,Jackson Park Express,,Mon
08:05:00,79,79th,,Sat
16:11:00,79,79th,,Mon,Tue,Wed,Thu,Fri
09:23:30,6,Jackson Park Express,,Sun
22:57:00,79,79th,,Sat
11:40:00,79,79th,,Mon,Tue,Wed,Thu,Fri
19:30:00,6,Jackson Park Express,,Sun
16:25:30,6,Jackson Park Express,,Sat
04:45:30,6,Jackson Park Express,,Sat
12:49:00,6,Jackson Park Express,,Sat
19:45:30,6,Jackson Park Express,,Sat
17:15:30,6,Jackson Park Express,,Sat
06:06:00,79,79th,,Sat
01:15:00,79,79th,,Sun
09:37:00,6,Jackson Park Express,,Mon,Tue,Wed,Thu,Fri
02:00:00,79,79th,,Tue,Wed,Thu,Fri,Sat
19:40:30,79,79th,,Sun
21:18:30,79,79th,,Sat
04:20:30,79,79th,,Mon,Tue,Wed,Thu,Fri
11:44:00,79,79th,,Mon,Tue,Wed,Thu,Fri
18:36:30,79,79th,,Sat
16:54:00,6,Jackson Park Express,,Mon,Tue,Wed,Thu,Fri
17:50:30,79,79th,,Mon,Tue,Wed,Thu,Fri
11:11:00,79,79th,,Sun
12:35:00,79,79th,,Sat
12:21:00,79,79th,,Mon,Tue,Wed,Thu,Fri
11:46:00,6,Jackson Park Express,,Mon,Tue,Wed,Thu,Fri
18:10:00,6,Jackson Park Express,,Mon,Tue,Wed,Thu,Fri
14:30:30,6,Jackson Park Express,,Sat
13:00:30,6,Jackson Park Express,,Sat
12:44:30,79,79th,,Sat
16:00:30,79,79th,,Mon,Tue,Wed,Thu,Fri
08:31:00,79,79th,,Sat
10:38:00,79,79th,,Sat
05:11:30,79,79th,,Mon,Tue,Wed,Thu,Fri
17:55:30,79,79th,,Mon,Tue,Wed,Thu,Fri
12:20:00,79,79th,,Sat
15:23:00,79,79th,,Wed
15:56:00,79,79th,,Mon,Tue,Wed,Thu,Fri
22:08:00,6,Jackson Park Express,,Sun
21:25:30,79,79th,,Mon,Tue,Wed,Thu,Fri
11:06:30,6,Jackson Park Express,,Sun
10:23:30,79,79th,,Sat
15:17:30,79,79th,,Sun
13:43:30,79,79th,,Mon,Tue,Wed,Thu,Fri
21:42:00,79,79th,,Sat
17:41:30,79,79th,,Mon,Tue,Wed,Thu,Fri
15:26:30,6,Jackson Park Express,,Sun
12:51:30,6,Jackson Park Express,,Sat
03:45:00,79,79th,,Mon,Tue,Wed,Thu,Fri
16:41:00,79,79th,,Mon,Tue,Wed,Thu,Fri
10:56:00,6,Jackson Park Express,,Sat
15:55:30,79,79th,,Sat
18:21:30,79,79th,,Sat
08:45:30,6,Jackson Park Express,,Mon,Tue,Wed,Thu,Fri
02:45:00,79,79th,,Sun
04:05:00,79,79th,,Sun
13:20:00,79,79th,,Sat
15:43:00,6,Jackson Park Express,,Sat
18:53:00,79,79th,,Sat
14:22:30,6,Jackson Park Express,,Sun
21:17:30,6,Jackson Park Express,,Mon,Tue,Wed,Thu,Fri
21:32:00,6,Jackson Park Express,,Mon,Tue,Wed,Thu,Fri
17:55:00,79,79th,,Sun
10:43:00,79,79th,,Mon,Tue,Wed,Thu,Fri
09:12:30,79,79th,,Mon,Tue,Wed,Thu,Fri
10:16:30,6,Jackson Park Express,,Sat
21:19:00,79,79th,,Mon,Tue,Wed,Thu,Fri
09:02:30,79,79th,,Sat
09:46:00,6,Jackson Park Express,,Sun
06:06:30,79,79th,,Mon,Tue,Wed,Thu,Fri
19:32:00,79,79th,,Sat
20:45:00,6,Jackson Park Express,,Mon,Tue,Wed,Thu,Fri
16:16:00,79,79th,,Mon,Tue,Thu,Fri
10:45:00,6,Jackson Park Express,,Mon,Tue,Wed,Thu,Fri
21:29:30,79,79th,,Mon,Tue,Wed,Thu,Fri
19:06:30,79,79th,,Mon,Tue,Wed,Thu,Fri
17:40:00,79,79th,,Sat
21:10:30,79,79th,,Sun
12:06:30,6,Jackson Park Express,,Sat
15:47:00,79,79th,,Sat
05:04:30,6,Jackson Park Express,,Sat
11:02:30,79,79th,,Sun
10:53:00,79,79th,,Sat
23:06:30,6,Jackson Park Express,,Mon,Tue,Wed,Thu,Fri
13:40:00,6,Jackson Park Express,,Sun
07:00:00,79,79th,,Sat
11:31:30,6,Jackson Park Express,,Sat
11:51:30,79,79th,,Sat
18:51:30,79,79th,,Sat
20:04:30,79,79th,,Mon,Tue,Wed,Thu,Fri
15:55:00,79,79th,,Sun
16:23:30,79,79th,,Sat
19:47:30,79,79th,,Sat
13:24:00,79,79th,,Mon,Tue,Wed,Thu,Fri
22:57:00,6,Jackson Park Express,,Sat
08:39:30,79,79th,,Mon,Tue,Wed,Thu,Fri
08:11:30,79,79th,,Sun
06:13:30,6,Jackson Park Express,,Sat
20:36:30,79,79th,,Sat
09:39:30,79,79th,,Sat
14:13:30,6,Jackson Park Express,,Mon,Tue,Wed,Thu,Fri
09:12:30,79,79th,,Sat
13:30:30,79,79th,,Sat
05:11:30,79,79th,,Mon,Tue,Wed,Thu,Fri
20:34:30,79,79th,,Mon,Tue,Wed,Thu,Fri
17:16:30,6,Jackson Park Express,,Sun
12:15:00,79,79th,,Sat
09:41:00,79,79th,,Sun
06:39:00,79,79th,,Mon,Tue,Wed,Thu,Fri
11:07:00,6,Jackson Park Express,,Sun
11:05:30,6,Jackson Park Express,,Sat
19:52:00,79,79th,,Mon,Tue,Wed,Thu,Fri
11:33:00,79,79th,,Sat
17:15:30,79,79th,,Mon,Tue,Wed,Thu,Fri
13:30:30,79,79th,,Sat
16:53:30,79,79th,,Sun
12:49:30,79,79th,,Sat
19:51:30,6,Jackson Park Express,,Sun
18:54:30,6,Jackson Park Express,,Sun
16:30:30,79,79th,,Sat
09:46:30,79,79th,,Sun
20:52:30,79,79th,,Mon,Tue,Wed,Thu,Fri
23:19:30,6,Jackson Park Express,,Sat
23:37:30,6,Jackson Park Express,,Sun
15:14:30,6,Jackson Park Express,,Sun
14:23:00,6,Jackson Park Express,,Mon,Tue,Wed,Thu,Fri
09:44:30,79,79th,,Sat
10:33:00,79,79th,,Sat
09:21:00,79,79th,,Sun
14:54:30,6,Jackson Park Express,,Sun
06:58:00,79,79th,,Sun
09:03:00,79,79th,,Sat
07:23:30,79,79th,,Sat
13:52:00,79,79th,,Sun
12:11:00,79,79th,,Sun
02:30:00,79,79th,,Tue,Wed,Thu,Fri,Sat
19:30:30,79,79th,,Sun
22:18:30,79,79th,,Sun
24:18:30,6,Jackson Park Express,,Mon,Tue,Wed,Thu,Fri
23:19:00,6,Jackson Park Express,,Sat
17:30:00,79,79th,,Sat
20:30:30,79,79th,,Sun
08:30:00,79,79th,,Sun
16:00:30,79,79th,,Sat
19:43:00,6,Jackson Park Express,,Mon,Tue,Wed,Thu,Fri
23:05:30,6,Jackson Park Express,,Sat
15:01:00,79,79th,,Sun
11:23:00,79,79th,,Sat
18:29:00,79,79th,,Mon,Tue,Wed,Thu,Fri
01:30:00,79,79th,,Tue,Wed,Thu,Fri,Sat
10:13:00,79,79th,,Sat
18:50:30,79,79th,,Mon,Tue,Wed,Thu,Fri
15:01:00,79,79th,,Sun
18:02:30,6,Jackson Park Express,,Sun
19:01:30,79,79th,,Sat
22:33:00,79,79th,,Sun
15:00:30,79,79th,,Mon,Tue,Wed,Thu,Fri
13:10:00,79,79th,,Sun
16:20:30,79,79th,,Mon,Tue,Wed,Thu,Fri
14:45:00,79,79th,,Sun
08:01:30,79,79th,,Sun
18:27:30,79,79th,,Sun
10:33:00,6,Jackson Park Express,,Mon,Tue,Wed,Thu,Fri
10:11:00,79,79th,,Sun
16:25:30,79,79th,,Mon,Tue,Wed,Thu,Fri
13:45:00,79,79th,,Sat
10:17:00,79,79th,,Mon,Tue,Wed,Thu,Fri
09:44:30,79,79th,,Mon,Tue,Wed,Thu,Fri
17:46:30,79,79th,,Sun
16:06:00,79,79th,,Mon,Tue,Wed,Thu,Fri
17:20:30,79,79th,,Mon,Tue,Wed,Thu,Fri
18:35:30,79,79th,,Sun
20:00:30,79,79th,,Sun
10:58:00,79,79th,,Sat
15:51:00,79,79th,,Mon,Tue,Wed,Thu,Fri
16:11:30,6,Jackson Park Express,,Sun
11:08:00,79,79th,,Sat
01:03:00,79,79th,,Tue,Wed,Thu,Fri,Sat
23:49:30,6,Jackson Park Express,,Mon,Tue,Wed,Thu,Fri
08:04:30,6,Jackson Park Express,,Sat
11:43:00,79,79th,,Sat
09:31:30,79,79th,,Mon,Tue,Wed,Thu,Fri
13:43:00,6,Jackson Park Express,,Mon,Tue,Wed,Thu,Fri
10:53:00,79,79th,,Sat
11:15:30,6,Jackson Park Express,,Sun
22:07:00,79,79th,,Sun
13:04:30,79,79th,,Sat
24:36:00,79,79th,,Mon,Tue,Wed,Thu,Fri
16:17:30,79,79th,,Sun
19:00:30,79,79th,,Sun
09:00:00,6,Jackson Park Express,,Sun
19:58:00,6,Jackson Park Express,,Sat
14:09:30,6,Jackson Park Express,,Sat
06:38:00,79,79th,,Sat
06:34:00,79,79th,,Sun
23:39:30,79,79th,,Mon,Tue,Wed,Thu,Fri
18:37:30,6,Jackson Park Express,,Sat
07:34:00,79,79th,,Sat
03:35:00,79,79th,,Sun
24:33:00,79,79th,,Sat
08:07:00,6,Jackson Park Express,,Sun
18:26:00,79,79th,,Mon,Tue,Wed,Thu,Fri
09:07:30,6,Jackson Park Express,,Sun
24:11:00,6,Jackson Park Express,,Sun
19:42:30,79,79th,,Mon,Tue,Wed,Thu,Fri
20:34:00,79,79th,,Sun
24:42:30,6,Jackson Park Express,,Sun
08:55:00,79,79th,,Mon,Tue,Wed,Thu,Fri
16:10:30,79,79th,,Sat
00:11:30,79,79th,,Tue,Wed,Thu,Fri,Sat
21:35:00,79,79th,,Sat
10:43:30,79,79th,,Sun
11:39:30,79,79th,,Sat
14:05:00,79,79th,,Sat
10:48:00,79,79th,,Sat
15:25:00,6,Jackson Park Express,,Sat
07:45:00,6,Jackson Park Express,,Sun
18:02:30,79,79th,,Sun
14:46:30,6,Jackson Park Express,,Sun
02:35:00,79,79th,,Mon
13:11:00,6,Jackson Park Express,,Mon,Tue,Wed,Thu,Fri
01:15:00,6,Jackson Park Express,,Mon
15:55:30,79,79th,,Sat
07:02:00,79,79th,,Mon,Tue,Wed,Thu,Fri
14:11:30,6,Jackson Park Express,,Sun
23:43:00,79,79th,,Sun
13:10:30,79,79th,,Sat
21:25:30,79,79th,,Sat
23:18:30,6,Jackson Park Express,,Mon,Tue,Wed,Thu,Fri
10:22:00,6,Jackson Park Express,,Sat
16:44:00,6,Jackson Park Express,,Sun
19:18:00,79,79th,,Mon,Tue,Wed,Thu,Fri
00:28:00,79,79th,,Tue,Wed,Thu,Fri,Sat
18:48:30,79,79th,,Mon,Tue,Wed,Thu,Fri
18:50:30,79,79th,,Sun
22:10:00,79,79th,,Sat
22:03:00,79,79th,,Mon,Tue,Wed,Thu,Fri
09:12:30,79,79th,,Sat
20:51:30,6,Jackson Park Express,,Mon,Tue,Wed,Thu,Fri
16:17:30,79,79th,,Sun
15:58:30,6,Jackson Park Express,,Sat
11:33:30,6,Jackson Park Express,,Mon,Tue,Wed,Thu,Fri
14:15:00,79,79th,,Sat
14:11:30,79,79th,,Mon,Tue,Wed,Thu,Fri
09:15:00,6,Jackson Park Express,,Sun
19:07:00,79,79th,,Sat
10:06:30,79,79th,,Mon,Tue,Wed,Thu,Fri
13:02:30,79,79th,,Sun
16:16:00,79,79th,,Mon,Tue,Wed,Thu,Fri
05:02:00,79,79th,,Sat
23:07:00,6,Jackson Park Express,,Sun
08:55:00,79,79th,,Mon,Tue,Wed,Thu,Fri
06:38:00,79,79th,,Sat
21:45:00,6,Jackson Park Express,,Sun
10:30:00,79,79th,,Mon,Tue,Wed,Thu,Fri
17:39:00,6,Jackson Park Express,,Sat
19:52:00,79,79th,,Mon,Tue,Wed,Thu,Fri
10:54:30,79,79th,,Sun
17:33:30,6,Jackson Park Express,,Sat
18:24:00,6,Jackson Park Express,,Sat
24:20:30,6,Jackson Park Express,,Mon,Tue,Wed,Thu,Fri
11:45:00,6,Jackson Park Express,,Mon,Tue,Wed,Thu,Fri
18:21:30,79,79th,,Mon,Tue,Wed,Thu,Fri
09:47:30,79,79th,,Mon,Tue,Wed,Thu,Fri
14:19:30,79,79th,,Sun
15:17:30,79,79th,,Sun
06:16:30,6,Jackson Park Express,,Mon,Tue,Wed,Thu,Fri
14:37:00,79,79th,,Sun
12:32:00,79,79th,,Mon,Tue,Wed,Thu,Fri
18:22:00,79,79th,,Mon,Tue,Wed,Thu,Fri
06:39:30,79,79th,,Mon,Tue,Wed,Thu,Fri
13:05:30,79,79th,,Sun
09:39:30,79,79th,,Sun
13:35:00,6,Jackson Park Express,,Sun
23:07:00,79,79th,,Sun
23:01:00,6,Jackson Park Express,,Sun
15:40:00,79,79th,,Sun
12:29:30,79,79th,,Sun
19:20:30,79,79th,,Sun
19:07:00,6,Jackson Park Express,,Mon,Tue,Wed,Thu,Fri
10:39:00,79,79th,,Sun
05:36:30,79,79th,,Sat
11:08:00,79,79th,,Sat
10:08:30,6,Jackson Park Express,,Mon,Tue,Wed,Thu,Fri
02:15:00,79,79th,,Tue,Wed,Thu,Fri,Sat
20:57:00,79,79th,,Mon,Tue,Wed,Thu,Fri
13:39:00,79,79th,,Mon,Tue,Wed,Thu,Fri
15:33:00,79,79th,,Mon,Tue,Wed,Thu,Fri
00:30:00,79,79th,,Sun
23:49:00,79,79th,,Sun
09:36:00,79,79th,,Sat
16:46:00,79,79th,,Sun
13:45:30,79,79th,,Sat
15:35:30,79,79th,,Sat
05:59:30,6,Jackson Park Express,,Sat
13:10:30,79,79th,,Sat
18:13:30,79,79th,,Mon,Tue,Wed,Thu,Fri
20:34:30,6,Jackson Park Express,,Sat
09:57:30,79,79th,,Mon,Tue,Wed,Thu,Fri
10:21:00,6,Jackson Park Express,,Mon,Tue,Wed,Thu,Fri
08:08:30,6,Jackson Park Express,,Sat
17:22:30,79,79th,,Sun
08:51:30,6,Jackson Park Express,,Sun
18:55:30,6,Jackson Park Express,,Sat
09:46:30,6,Jackson Park Express,,Sun
17:41:30,79,79th,,Mon,Tue,Wed,Thu,Fri
13:40:00,79,79th,,Sat
01:50:30,79,79th,,Tue,Wed,Thu,Fri,Sat
19:12:00,79,79th,,Sat
08:20:30,6,Jackson Park Express,,Mon,Tue,Wed,Thu,Fri
06:08:30,6,Jackson Park Express,,Mon,Tue,Wed,Thu,Fri
17:02:30,79,79th,,Sat
11:54:30,79,79th,,Sat
18:48:30,79,79th,,Mon,Tue,Wed,Thu,Fri
23:38:30,79,79th,,Sun
15:25:00,79,79th,,Sun
06:03:00,79,79th,,Sat
21:25:30,79,79th,,Sat
13:25:00,79,79th,,Sat
07:47:30,79,79th,,Sat
23:11:00,79,79th,,Mon,Tue,Wed,Thu,Fri
10:48:00,79,79th,,Sat
10:43:00,79,79th,,Sat
12:04:30,79,79th,,Sat
17:15:30,79,79th,,Sat
18:27:00,79,79th,,Sat
21:38:30,79,79th,,Sun
13:09:30,6,Jackson Park Express,,Sat
20:58:00,6,Jackson Park Express,,Sat
16:30:30,79,79th,,Mon,Tue,Wed,Thu,Fri
06:35:00,79,79th,,Sat
09:04:00,6,Jackson Park Express,,Sat
12:55:30,79,79th,,Sun
21:20:30,79,79th,,Sun
17:55:30,6,Jackson Park Express,,Mon,Tue,Wed,Thu,Fri
03:15:00,79,79th,,Mon,Tue,Wed,Thu,Fri
09:06:00,79,79th,,Mon,Tue,Wed,Thu,Fri
11:03:00,79,79th,,Sat
15:46:00,79,79th,,Sun
17:20:30,79,79th,,Mon,Tue,Wed,Thu,Fri
23:14:00,79,79th,,Sat
20:43:00,6,Jackson Park Express,,Sun
07:29:30,79,79th,,Mon,Tue,Wed,Thu,Fri
12:58:00,6,Jackson Park Express,,Sun
18:31:00,79,79th,,Mon,Tue,Wed,Thu,Fri
14:57:00,6,Jackson Park Express,,Sun
14:05:30,79,79th,,Sat
20:12:00,79,79th,,Mon,Tue,Wed,Thu,Fri
07:29:30,79,79th,,Sat
11:10:30,79,79th,,Sun
12:33:30,6,Jackson Park Express,,Sat
19:32:00,79,79th,,Sat
06:53:00,6,Jackson Park Express,,Mon,Tue,Wed,Thu,Fri
18:56:30,79,79th,,Sat
05:33:00,6,Jackson Park Express,,Mon,Tue,Wed,Thu,Fri
20:50:00,79,79th,,Sun
24:04:30,79,79th,,Sat
14:44:00,6,Jackson Park Express,,Sun
05:02:00,79,79th,,Sat
15:08:00,79,79th,,Wed
18:02:30,79,79th,,Sun
18:19:30,79,79th,,Sun
11:03:00,79,79th,,Sat
18:22:30,6,Jackson Park Express,,Mon,Tue,Wed,Thu,Fri
21:35:30,79,79th,,Mon,Tue,Wed,Thu,Fri
11:28:00,79,79th,,Sat
10:57:00,6,Jackson Park Express,,Sun
09:31:00,79,79th,,Sun
19:33:00,79,79th,,Mon,Tue,Wed,Thu,Fri
11:55:00,79,79th,,Sat
09:57:00,6,Jackson Park Express,,Mon,Tue,Wed,Thu,Fri
16:28:30,79,79th,,Sat
16:56:00,79,79th,,Mon,Tue,Wed,Thu,Fri
20:45:00,79,79th,,Mon,Tue,Wed,Thu,Fri
14:55:00,6,Jackson Park Express,,Mon,Tue,Wed,Thu,Fri
16:53:30,79,79th,,Sun
06:31:00,79,79th,,Mon,Tue,Wed,Thu,Fri
22:11:30,79,79th,,Mon,Tue,Wed,Thu,Fri
12:12:30,79,79th,,Mon,Tue,Wed,Thu,Fri
22:42:00,6,Jackson Park Express,,Sat
13:19:30,6,Jackson Park Express,,Sat
19:05:30,79,79th,,Sun
15:23:30,79,79th,,Sun
18:42:00,79,79th,,Sat
11:34:00,6,Jackson Park Express,,Sun
15:03:30,6,Jackson Park Express,,Sat
09:20:00,79,79th,,Sun
13:35:30,79,79th,,Sat
18:04:00,79,79th,,Sat
01:12:00,79,79th,,Tue,Wed,Thu,Fri,Sat
09:38:00,79,79th,,Mon,Tue,Wed,Thu,Fri
23:04:00,6,Jackson Park Express,,Sun
10:33:00,79,79th,,Sat
23:34:00,6,Jackson Park Express,,Mon,Tue,Wed,Thu,Fri
08:36:30,6,Jackson Park Express,,Mon,Tue,Wed,Thu,Fri
05:50:00,79,79th,,Mon,Tue,Wed,Thu,Fri
05:09:00,79,79th,,Sat
08:08:30,79,79th,,Mon,Tue,Wed,Thu,Fri
08:33:30,6,Jackson Park Express,,Sun
00:00:30,79,79th,,Mon
11:38:00,79,79th,,Mon,Tue,Wed,Thu,Fri
16:00:00,6,Jackson Park Express,,Sun
04:35:30,79,79th,,Mon,Tue,Wed,Thu,Fri
24:49:30,79,79th,,Sun
19:32:00,6,Jackson Park Express,,Sat
20:10:30,79,79th,,Sun
13:26:00,79,79th,,Mon,Tue,Wed,Thu,Fri
24:08:30,79,79th,,Mon,Tue,Wed,Thu,Fri
11:30:00,6,Jackson Park Express,,Sat
10:17:00,79,79th,,Mon,Tue,Wed,Thu,Fri
15:05:30,6,Jackson Park Express,,Sat
08:08:00,6,Jackson Park Express,,Mon,Tue,Wed,Thu,Fri
16:09:30,6,Jackson Park Express,,Mon,Tue,Wed,Thu,Fri
08:46:30,79,79th,,Sat
02:45:00,79,79th,,Mon
10:43:00,79,79th,,Sat
22:29:30,6,Jackson Park Express,,Sun
15:58:00,79,79th,,Sat
15:25:00,6,Jackson Park Express,,Sun
06:30:00,6,Jackson Park Express,,Sat
24:28:30,79,79th,,Mon,Tue,Wed,Thu,Fri
11:24:00,6,Jackson Park Express,,Sun
14:28:30,79,79th,,Sun
13:10:00,6,Jackson Park Express,,Sat
08:48:00,79,79th,,Sat
16:01:00,79,79th,,Mon,Tue,Wed,Thu,Fri
22:29:00,79,79th,,Mon,Tue,Wed,Thu,Fri
16:08:30,79,79th,,Sat
01:23:30,6,Jackson Park Express,,Tue,Wed,Thu,Fri,Sat
15:35:30,6,Jackson Park Express,,Sun
18:31:00,79,79th,,Mon,Tue,Wed,Thu,Fri
17:12:30,6,Jackson Park Express,,Sat
15:48:00,79,79th,,Mon,Tue,Wed,Thu,Fri
23:54:00,6,Jackson Park Express,,Sun
20:40:30,79,79th,,Sun
14:48:30,79,79th,,Mon,Tue,Wed,Thu,Fri
18:31:00,79,79th,,Mon,Tue,Wed,Thu,Fri
01:13:30,79,79th,,Mon
20:15:30,79,79th,,Sat
10:17:00,6,Jackson Park Express,,Sat
23:59:00,79,79th,,Mon,Tue,Wed,Thu,Fri
24:49:00,79,79th,,Sat
21:47:30,79,79th,,Mon,Tue,Wed,Thu,Fri
06:27:00,79,79th,,Sat
17:47:30,79,79th,,Sat
15:01:00,79,79th,,Mon,Tue,Wed,Thu,Fri
20:26:00,79,79th,,Sat
17:10:30,79,79th,,Mon,Tue,Wed,Thu,Fri
15:19:00,6,Jackson Park Express,,Mon,Tue,Wed,Thu,Fri
02:05:00,79,79th,,Mon
23:00:30,79,79th,,Sat
21:41:00,6,Jackson Park Express,,Sat
18:53:00,79,79th,,Sat
01:15:30,79,79th,,Mon
00:42:00,79,79th,,Tue,Wed,Thu,Fri,Sat
21:20:30,6,Jackson Park Express,,Sat
22:33:00,79,79th,,Sun
17:26:00,79,79th,,Mon,Tue,Wed,Thu,Fri
05:57:00,79,79th,,Mon,Tue,Wed,Thu,Fri
14:35:00,79,79th,,Sat
21:01:30,6,Jackson Park Express,,Sat
00:00:30,6,Jackson Park Express,,Tue,Wed,Thu,Fri,Sat
16:46:00,79,79th,,Sun
19:38:30,6,Jackson Park Express,,Sun
06:56:00,6,Jackson Park Express,,Mon,Tue,Wed,Thu,Fri
10:51:00,79,79th,,Sun
07:22:00,79,79th,,Sun
24:17:00,6,Jackson Park Express,,Sat
15:35:00,6,Jackson Park Express,,Mon,Tue,Wed,Thu,Fri
17:21:00,6,Jackson Park Express,,Sat
03:35:30,79,79th,,Mon,Tue,Wed,Thu,Fri
09:00:00,79,79th,,Sun
03:04:30,79,79th,,Sun
11:46:00,6,Jackson Park Express,,Mon,Tue,Wed,Thu,Fri
06:22:30,79,79th,,Mon,Tue,Wed,Thu,Fri
12:24:30,79,79th,,Sat
01:13:30,79,79th,,Mon
06:09:30,6,Jackson Park Express,,Sun
22:38:00,79,79th,,Sat
03:05:00,79,79th,,Mon
17:30:30,79,79th,,Mon,Tue,Wed,Thu,Fri
18:52:30,79,79th,,Mon,Tue,Wed,Thu,Fri
09:23:00,79,79th,,Mon,Tue,Wed,Thu,Fri
14:31:00,79,79th,,Mon,Tue,Wed,Thu,Fri
14:01:00,79,79th,,Sun
22:43:00,79,79th,,Mon,Tue,Wed,Thu,Fri
07:29:00,79,79th,,Sun
08:49:30,6,Jackson Park Express,,Sat
14:10:00,79,79th,,Mon,Tue,Wed,Thu,Fri
11:56:30,79,79th,,Sun
13:52:00,79,79th,,Sun
19:54:30,79,79th,,Sun
12:50:00,79,79th,,Sat
14:00:30,6,Jackson Park Express,,Sat
13:22:00,6,Jackson Park Express,,Mon,Tue,Wed,Thu,Fri
23:29:00,6,Jackson Park Express,,Sat
07:58:00,79,79th,,Sun
13:31:00,6,Jackson Park Express,,Sun
11:17:30,79,79th,,Sat
23:17:30,79,79th,,Sun
22:06:00,79,79th,,Mon,Tue,Wed,Thu,Fri
09:30:00,6,Jackson Park Express,,Sun
13:12:00,6,Jackson Park Express,,Sun
21:04:30,79,79th,,Sat
16:21:00,79,79th,,Mon,Tue,Wed,Thu,Fri
01:00:00,79,79th,,Sun
19:43:30,79,79th,,Sat
10:49:30,79,79th,,Mon,Tue,Wed,Thu,Fri
05:20:00,79,79th,,Sat
18:13:30,79,79th,,Mon,Tue,Wed,Thu,Fri
22:20:00,6,Jackson Park Express,,Sun
21:21:00,79,79th,,Sat
13:32:30,79,79th,,Mon,Tue,Wed,Thu,Fri
23:39:00,6,Jackson Park Express,,Mon,Tue,Wed,Thu,Fri
13:23:30,6,Jackson Park Express,,Mon,Tue,Wed,Thu,Fri
08:51:00,79,79th,,Sat
09:00:00,79,79th,,Sun
08:20:30,6,Jackson Park Express,,Sat
23:19:00,79,79th,,Mon,Tue,Wed,Thu,Fri
24:13:30,79,79th,,Sat
15:04:00,6,Jackson Park Express,,Sun
21:52:00,79,79th,,Sat
09:32:30,6,Jackson Park Express,,Mon,Tue,Wed,Thu,Fri
19:13:30,79,79th,,Sun
11:35:30,79,79th,,Sat
17:53:30,79,79th,,Sat
19:42:30,6,Jackson Park Express,,Sat
22:52:00,6,Jackson Park Express,,Sat
16:23:30,79,79th,,Sat
14:37:00,79,79th,,Mon,Tue,Wed,Thu,Fri
11:51:30,79,79th,,Sat
09:25:00,6,Jackson Park Express,,Mon,Tue,Wed,Thu,Fri
12:25:30,79,79th,,Mon,Tue,Wed,Thu,Fri
12:08:00,79,79th,,Mon,Tue,Wed,Thu,Fri
12:56:30,79,79th,,Sun
17:09:00,6,Jackson Park Express,,Sun
23:32:30,79,79th,,Sat
18:11:30,79,79th,,Sat
17:31:30,6,Jackson Park Express,,Mon,Tue,Wed,Thu,Fri
14:49:00,79,79th,,Mon,Tue,Wed,Thu,Fri
07:32:00,6,Jackson Park Express,,Mon,Tue,Wed,Thu,Fri
01:45:00,79,79th,,Sun
12:57:30,6,Jackson Park Express,,Sat
08:39:00,79,79th,,Mon,Tue,Wed,Thu,Fri
10:22:30,79,79th,,Sun
04:30:00,79,79th,,Sat
21:35:30,79,79th,,Mon,Tue,Wed,Thu,Fri
19:29:30,79,79th,,Sun
12:01:30,79,79th,,Mon,Tue,Wed,Thu,Fri
15:23:30,6,Jackson Park Express,,Mon,Tue,Wed,Thu,Fri
06:58:30,6,Jackson Park Express,,Sat
08:22:00,6,Jackson Park Express,,Mon,Tue,Wed,Thu,Fri
10:50:30,6,Jackson Park Express,,Sat
14:35:30,79,79th,,Sat
09:48:00,79,79th,,Sat
05:13:00,79,79th,,Mon,Tue,Wed,Thu,Fri
18:54:00,6,Jackson Park Express,,Sun
19:52:30,79,79th,,Sat
23:14:00,79,79th,,Sat
22:51:00,79,79th,,Sat
10:01:00,79,79th,,Sun
11:10:30,6,Jackson Park Express,,Sat
22:46:00,6,Jackson Park Express,,Sun
09:11:00,79,79th,,Sun
22:39:30,6,Jackson Park Express,,Sat
12:58:00,79,79th,,Mon,Tue,Wed,Thu,Fri
15:26:00,6,Jackson Park Express,,Sun
11:34:00,6,Jackson Park Express,,Mon,Tue,Wed,Thu,Fri
07:34:00,79,79th,,Sat
10:01:00,6,Jackson Park Express,,Mon,Tue,Wed,Thu,Fri
14:00:00,79,79th,,Sat
24:20:30,79,79th,,Sun
19:53:30,79,79th,,Sun
17:31:30,6,Jackson Park Express,,Sat
11:21:00,79,79th,,Sun
18:22:00,79,79th,,Mon,Tue,Wed,Thu,Fri
16:15:30,79,79th,,Sat
16:18:30,6,Jackson Park Express,,Mon,Tue,Wed,Thu,Fri
15:02:30,79,79th,,Sun
15:43:00,79,79th,,Mon,Tue,Wed,Thu,Fri
12:38:30,79,79th,,Sun
19:17:00,79,79th,,Sat
20:05:00,79,79th,,Sat
04:46:00,79,79th,,Mon,Tue,Wed,Thu,Fri
07:12:00,79,79th,,Mon,Tue,Wed,Thu,Fri
14:19:00,6,Jackson Park Express,,Mon,Tue,Wed,Thu,Fri
20:40:30,79,79th,,Sun
24:42:00,79,79th,,Sat
20:57:30,79,79th,,Sat
21:33:00,6,Jackson Park Express,,Mon,Tue,Wed,Thu,Fri
00:15:00,79,79th,,Mon
15:57:30,6,Jackson Park Express,,Sun
15:12:30,6,Jackson Park Express,,Sat
04:00:00,6,Jackson Park Express,,Mon,Tue,Wed,Thu,Fri
07:51:00,79,79th,,Mon,Tue,Wed,Thu,Fri
14:20:30,79,79th,,Sat
16:10:00,79,79th,,Sun
24:10:00,79,79th,,Sun
14:18:30,6,Jackson Park Express,,Sat
21:54:30,6,Jackson Park Express,,Mon,Tue,Wed,Thu,Fri
21:40:00,79,79th,,Mon,Tue,Wed,Thu,Fri
15:40:30,79,79th,,Sat
20:21:30,6,Jackson Park Express,,Mon,Tue,Wed,Thu,Fri
15:10:30,79,79th,,Sat
13:34:00,6,Jackson Park Express,,Mon,Tue,Wed,Thu,Fri
06:42:00,6,Jackson Park Express,,Sun
08:31:00,79,79th,,Sat
00:15:00,79,79th,,Sun
06:21:30,79,79th,,Sat
06:18:00,6,Jackson Park Express,,Sat
19:04:00,6,Jackson Park Express,,Sun
12:44:30,79,79th,,Sat
07:29:30,79,79th,,Mon,Tue,Wed,Thu,Fri
21:41:00,6,Jackson Park Express,,Sat
21:55:30,6,Jackson Park Express,,Mon,Tue,Wed,Thu,Fri
23:07:30,79,79th,,Mon,Tue,Wed,Thu,Fri
17:51:30,79,79th,,Mon,Tue,Wed,Thu,Fri
15:38:30,79,79th,,Sun
19:39:30,79,79th,,Mon,Tue,Wed,Thu,Fri
19:57:30,79,79th,,Mon,Tue,Wed,Thu,Fri
21:17:30,6,Jackson Park Express,,Sun
04:18:00,6,Jackson Park Express,,Mon,Tue,Wed,Thu,Fri
09:33:00,6,Jackson Park Express,,Mon,Tue,Wed,Thu,Fri
05:46:00,6,Jackson Park Express,,Mon,Tue,Wed,Thu,Fri
16:48:30,6,Jackson Park Express,,Sat
17:01:00,79,79th,,Sun
09:19:00,79,79th,,Mon,Tue,Wed,Thu,Fri
13:20:30,79,79th,,Sat
19:52:30,79,79th,,Sat
20:27:00,79,79th,,Mon,Tue,Wed,Thu,Fri
11:11:30,79,79th,,Mon,Tue,Wed,Thu,Fri
18:40:00,6,Jackson Park Express,,Mon,Tue,Wed,Thu,Fri
17:18:30,6,Jackson Park Express,,Sun
04:52:30,79,79th,,Mon,Tue,Wed,Thu,Fri
24:29:00,6,Jackson Park Express,,Sun
21:09:00,6,Jackson Park Express,,Mon,Tue,Wed,Thu,Fri
00:45:00,79,79th,,Tue,Wed,Thu,Fri,Sat
09:58:00,79,79th,,Sat
20:22:30,79,79th,,Mon,Tue,Wed,Thu,Fri
21:30:00,6,Jackson Park Express,,Mon,Tue,Wed,Thu,Fri
20:08:30,79,79th,,Mon,Tue,Wed,Thu,Fri
06:27:00,79,79th,,Sat
21:07:30,79,79th,,Mon,Tue,Wed,Thu,Fri
16:30:30,79,79th,,Sat
18:02:30,79,79th,,Sat
18:39:30,6,Jackson Park Express,,Mon,Tue,Wed,Thu,Fri
12:40:30,6,Jackson Park Express,,Sun
12:30:00,79,79th,,Sat
14:53:00,79,79th,,Sun
22:20:00,6,Jackson Park Express,,Sun
10:30:30,79,79th,,Sun
18:26:30,79,79th,,Sat
11:33:00,79,79th,,Sat
09:24:00,79,79th,,Sat
01:25:30,79,79th,,Mon
11:05:00,6,Jackson Park Express,,Sat
11:11:00,6,Jackson Park Express,,Sun
12:30:00,6,Jackson Park Express,,Sun
16:38:30,79,79th,,Sat
11:40:30,79,79th,,Sat
21:20:30,79,79th,,Sun
13:05:30,79,79th,,Sun
15:40:30,79,79th,,Sat
02:04:30,79,79th,,Sun
00:52:30,79,79th,,Mon
17:41:00,79,79th,,Sat
10:05:00,79,79th,,Sat
14:31:00,6,Jackson Park Express,,Mon,Tue,Wed,Thu,Fri
00:40:30,79,79th,,Mon
19:50:30,6,Jackson Park Express,,Sat
12:19:30,79,79th,,Sat
23:55:30,79,79th,,Mon,Tue,Wed,Thu,Fri
22:28:30,79,79th,,Sun
14:32:30,6,Jackson Park Express,,Sun
13:20:30,79,79th,,Sat
07:30:30,79,79th,,Sun
14:34:00,6,Jackson Park Express,,Sun
19:58:30,79,79th,,Sat
14:25:00,6,Jackson Park Express,,Sat
20:22:00,6,Jackson Park Express,,Sun
16:25:00,79,79th,,Sun
15:38:00,79,79th,,Mon,Tue,Wed,Thu,Fri
12:40:00,79,79th,,Sun
10:58:30,79,79th,,Mon,Tue,Wed,Thu,Fri
16:11:00,79,79th,,Mon,Tue,Thu,Fri
07:45:30,6,Jackson Park Express,,Sat
07:58:00,79,79th,,Sun
08:34:00,79,79th,,Mon,Tue,Wed,Thu,Fri
06:43:00,79,79th,,Sun
17:58:00,79,79th,,Sat
11:01:00,79,79th,,Sun
13:50:30,79,79th,,Sat
08:00:30,79,79th,,Mon,Tue,Wed,Thu,Fri
20:40:00,79,79th,,Sat
02:15:00,79,79th,,Tue,Wed,Thu,Fri,Sat
24:13:30,6,Jackson Park Express,,Sun
10:04:00,79,79th,,Mon,Tue,Wed,Thu,Fri
17:25:30,79,79th,,Sat
23:28:00,79,79th,,Sun
19:31:30,79,79th,,Sat
18:27:30,6,Jackson Park Express,,Sat
08:01:00,79,79th,,Mon,Tue,Wed,Thu,Fri
23:03:00,79,79th,,Sun
07:09:30,6,Jackson Park Express,,Sun
14:50:00,79,79th,,Sat
06:39:00,6,Jackson Park Express,,Sun
10:41:00,79,79th,,Sun
22:03:00,79,79th,,Sat
07:11:30,6,Jackson Park Express,,Mon,Tue,Wed,Thu,Fri
17:51:30,6,Jackson Park Express,,Sat
11:03:00,79,79th,,Sat
08:11:00,79,79th,,Sat
07:39:30,6,Jackson Park Express,,Mon,Tue,Wed,Thu,Fri
01:45:00,79,79th,,Mon
15:31:00,79,79th,,Sun
05:38:00,79,79th,,Sat
00:45:00,79,79th,,Mon
07:24:30,6,Jackson Park Express,,Sat
18:27:00,79,79th,,Sun
08:01:30,79,79th,,Sat
14:36:00,79,79th,,Mon,Tue,Wed,Thu,Fri
19:57:30,79,79th,,Sat
05:25:00,6,Jackson Park Express,,Sun
00:30:00,79,79th,,Mon
14:29:30,6,Jackson Park Express,,Sat
06:37:00,6,Jackson Park Express,,Mon,Tue,Wed,Thu,Fri
18:06:00,6,Jackson Park Express,,Sat
20:09:00,79,79th,,Sat
21:41:00,79,79th,,Sun
16:41:00,79,79th,,Mon,Tue,Wed,Thu,Fri
10:38:00,79,79th,,Sat
04:49:30,6,Jackson Park Express,,Mon,Tue,Wed,Thu,Fri
20:55:30,6,Jackson Park Express,,Mon,Tue,Wed,Thu,Fri
01:31:00,6,Jackson Park Express,,Sun
22:13:30,6,Jackson Park Express,,Mon,Tue,Wed,Thu,Fri
11:55:00,79,79th,,Sat
08:22:30,79,79th,,Mon,Tue,Wed,Thu,Fri
19:45:30,79,79th,,Sun
13:17:30,79,79th,,Mon,Tue,Wed,Thu,Fri
11:54:30,6,Jackson Park Express,,Sat
02:45:00,79,79th,,Mon
01:28:00,6,Jackson Park Express,,Tue,Wed,Thu,Fri,Sat
16:08:00,6,Jackson Park Express,,Sun
08:35:30,79,79th,,Sat
17:58:30,6,Jackson Park Express,,Sun
10:18:00,79,79th,,Sat
10:03:00,79,79th,,Sat
14:55:00,79,79th,,Sun
20:10:30,79,79th,,Sun
04:00:00,79,79th,,Mon,Tue,Wed,Thu,Fri
08:29:00,79,79th,,Mon,Tue,Wed,Thu,Fri
06:42:00,6,Jackson Park Express,,Sun
15:41:00,79,79th,,Sat
01:03:30,79,79th,,Tue,Wed,Thu,Fri,Sat
21:00:00,79,79th,,Mon,Tue,Wed,Thu,Fri
20:19:00,79,79th,,Sat
19:14:00,6,Jackson Park Express,,Mon,Tue,Wed,Thu,Fri
05:13:00,79,79th,,Mon,Tue,Wed,Thu,Fri
14:04:30,6,Jackson Park Express,,Sun
02:15:00,79,79th,,Mon
17:42:30,6,Jackson Park Express,,Sat
09:27:00,6,Jackson Park Express,,Sat
14:43:00,79,79th,,Mon,Tue,Wed,Thu,Fri
09:45:00,6,Jackson Park Express,,Sun
07:55:00,79,79th,,Mon,Tue,Wed,Thu,Fri
22:53:30,79,79th,,Sat
08:46:30,79,79th,,Sat
11:01:00,79,79th,,Sun
24:42:00,79,79th,,Sat
10:23:30,79,79th,,Mon,Tue,Wed,Thu,Fri
08:16:30,79,79th,,Sat
13:32:30,79,79th,,Sun
18:36:30,79,79th,,Sat
13:14:30,79,79th,,Sun
17:45:30,79,79th,,Sat
16:59:30,6,Jackson Park Express,,Mon,Tue,Wed,Thu,Fri
23:32:30,6,Jackson Park Express,,Sat
17:14:30,79,79th,,Sun
22:47:00,79,79th,,Sun
17:06:30,6,Jackson Park Express,,Sat
20:26:00,79,79th,,Sun
17:43:00,6,Jackson Park Express,,Mon,Tue,Wed,Thu,Fri
22:43:00,79,79th,,Mon,Tue,Wed,Thu,Fri
06:05:00,6,Jackson Park Express,,Mon,Tue,Wed,Thu,Fri
01:14:30,79,79th,,Tue,Wed,Thu,Fri,Sat
10:06:30,79,79th,,Sun
06:10:00,79,79th,,Sun
21:04:30,79,79th,,Mon,Tue,Wed,Thu,Fri
22:56:30,6,Jackson Park Express,,Mon,Tue,Wed,Thu,Fri
18:11:00,79,79th,,Sun
12:47:30,6,Jackson Park Express,,Sun
23:30:30,79,79th,,Sat
11:24:30,79,79th,,Mon,Tue,Wed,Thu,Fri
20:42:00,79,79th,,Mon,Tue,Wed,Thu,Fri
16:01:00,6,Jackson Park Express,,Sat
19:19:00,79,79th,,Mon,Tue,Wed,Thu,Fri
11:02:30,79,79th,,Sun
17:16:00,79,79th,,Mon,Tue,Wed,Thu,Fri
03:05:00,79,79th,,Mon
15:21:30,6,Jackson Park Express,,Sat
22:44:00,79,79th,,Mon,Tue,Wed,Thu,Fri
19:20:30,6,Jackson Park Express,,Sat
21:12:00,6,Jackson Park Express,,Mon,Tue,Wed,Thu,Fri
22:28:30,79,79th,,Sun
18:00:30,79,79th,,Mon,Tue,Wed,Thu,Fri
15:51:00,79,79th,,Mon,Tue,Wed,Thu,Fri
13:55:30,79,79th,,Sat
13:18:00,6,Jackson Park Express,,Sun
11:59:30,79,79th,,Sat
10:23:00,79,79th,,Sat
22:12:00,6,Jackson Park Express,,Sat
05:22:00,79,79th,,Sat
12:42:30,6,Jackson Park Express,,Sat
14:54:30,6,Jackson Park Express,,Sat
05:36:00,79,79th,,Sun
17:58:00,79,79th,,Sat
10:00:00,79,79th,,Mon,Tue,Wed,Thu,Fri
22:27:00,79,79th,,Sat
12:55:00,79,79th,,Sat
10:37:00,6,Jackson Park Express,,Mon,Tue,Wed,Thu,Fri
13:05:00,79,79th,,Sat
15:28:00,6,Jackson Park Express,,Sat
11:57:00,6,Jackson Park Express,,Mon,Tue,Wed,Thu,Fri
10:53:00,79,79th,,Sat
08:17:00,6,Jackson Park Express,,Sat
05:24:30,6,Jackson Park Express,,Sat
18:07:30,79,79th,,Mon,Tue,Wed,Thu,Fri
08:39:30,79,79th,,Mon,Tue,Wed,Thu,Fri
23:14:30,79,79th,,Sat
23:43:00,79,79th,,Sun
10:36:00,6,Jackson Park Express,,Sun
05:27:30,79,79th,,Mon,Tue,Wed,Thu,Fri
01:13:00,79,79th,,Sun
20:41:00,6,Jackson Park Express,,Sun
19:06:30,79,79th,,Sat
10:49:30,79,79th,,Mon,Tue,Wed,Thu,Fri
12:15:30,6,Jackson Park Express,,Sat
13:39:00,79,79th,,Mon,Tue,Wed,Thu,Fri
05:52:00,79,79th,,Sat
10:32:00,6,Jackson Park Express,,Sat
08:58:00,79,79th,,Sat
10:14:00,6,Jackson Park Express,,Sun
13:19:30,79,79th,,Mon,Tue,Wed,Thu,Fri
19:24:00,79,79th,,Mon,Tue,Wed,Thu,Fri
13:30:30,79,79th,,Sat
11:17:30,6,Jackson Park Express,,Sat
05:11:00,79,79th,,Sun
13:40:00,79,79th,,Sun
22:03:00,79,79th,,Sat
07:23:30,79,79th,,Sat
12:05:30,6,Jackson Park Express,,Sat
21:48:30,79,79th,,Sun
17:41:00,6,Jackson Park Express,,Mon,Tue,Wed,Thu,Fri
19:37:30,79,79th,,Sun
18:37:30,6,Jackson Park Express,,Sun
16:11:00,79,79th,,Mon,Tue,Thu,Fri
22:53:30,79,79th,,Sat
09:56:00,79,79th,,Sat
07:38:30,79,79th,,Sat
14:05:00,79,79th,,Sat
11:17:30,79,79th,,Sat
16:57:30,6,Jackson Park Express,,Sat
22:53:00,79,79th,,Sun
22:08:30,79,79th,,Sun
15:56:30,6,Jackson Park Express,,Sun
00:22:30,79,79th,,Mon
10:13:30,6,Jackson Park Express,,Sun
04:15:00,79,79th,,Mon,Tue,Wed,Thu,Fri
17:29:00,6,Jackson Park Express,,Mon,Tue,Wed,Thu,Fri
04:53:00,79,79th,,Sun
14:20:30,79,79th,,Sat
08:42:30,79,79th,,Sat
04:18:00,6,Jackson Park Express,,Mon,Tue,Wed,Thu,Fri
16:35:30,79,79th,,Sat
17:57:30,79,79th,,Sat
06:06:30,79,79th,,Mon,Tue,Wed,Thu,Fri
07:21:30,6,Jackson Park Express,,Mon,Tue,Wed,Thu,Fri
21:19:00,79,79th,,Mon,Tue,Wed,Thu,Fri
11:43:00,79,79th,,Sat
08:56:30,79,79th,,Sun
17:05:00,6,Jackson Park Express,,Sun
17:40:00,79,79th,,Sat
10:14:30,79,79th,,Sun
20:12:00,79,79th,,Sat
21:08:30,6,Jackson Park Express,,Sat
07:29:30,79,79th,,Sat
18:17:00,79,79th,,Mon,Tue,Wed,Thu,Fri
09:41:00,79,79th,,Sun
23:48:30,6,Jackson Park Express,,Mon,Tue,Wed,Thu,Fri
16:08:30,79,79th,,Sun
07:42:00,6,Jackson Park Express,,Mon,Tue,Wed,Thu,Fri
06:57:00,6,Jackson Park Express,,Mon,Tue,Wed,Thu,Fri
14:25:30,79,79th,,Sat
18:18:30,6,Jackson Park Express,,Sat
18:01:30,6,Jackson Park Express,,Mon,Tue,Wed,Thu,Fri
16:21:30,6,Jackson Park Express,,Sat
12:27:30,79,79th,,Mon,Tue,Wed,Thu,Fri
07:05:00,6,Jackson Park Express,,Sat
10:57:00,6,Jackson Park Express,,Mon,Tue,Wed,Thu,Fri
21:14:00,79,79th,,Sun
12:35:00,79,79th,,Sat
12:30:00,79,79th,,Sat
22:22:30,6,Jackson Park Express,,Mon,Tue,Wed,Thu,Fri
17:55:30,79,79th,,Mon,Tue,Wed,Thu,Fri
13:17:30,79,79th,,Sun
11:08:00,79,79th,,Sat
04:51:00,79,79th,,Sat
11:00:30,6,Jackson Park Express,,Sat
19:45:30,79,79th,,Sun
12:55:30,79,79th,,Sun
13:29:00,6,Jackson Park Express,,Sat
15:47:30,79,79th,,Sun
18:18:00,79,79th,,Sat
06:39:30,6,Jackson Park Express,,Mon,Tue,Wed,Thu,Fri
01:37:30,79,79th,,Mon
13:20:00,79,79th,,Sat
14:50:00,79,79th,,Sat
05:44:00,79,79th,,Sun
12:12:00,6,Jackson Park Express,,Mon,Tue,Wed,Thu,Fri
18:32:00,79,79th,,Sat
06:48:00,79,79th,,Mon,Tue,Wed,Thu,Fri
19:16:30,79,79th,,Sat
10:21:00,6,Jackson Park Express,,Mon,Tue,Wed,Thu,Fri
01:25:30,79,79th,,Tue,Wed,Thu,Fri,Sat
20:49:30,79,79th,,Mon,Tue,Wed,Thu,Fri
13:24:00,79,79th,,Mon,Tue,Wed,Thu,Fri
07:46:30,6,Jackson Park Express,,Sat
09:48:00,79,79th,,Sat
16:40:30,79,79th,,Sat
22:19:30,79,79th,,Sun
24:49:30,6,Jackson Park Express,,Mon,Tue,Wed,Thu,Fri
09:28:00,79,79th,,Sat
16:11:30,6,Jackson Park Express,,Mon,Tue,Wed,Thu,Fri
14:03:00,79,79th,,Mon,Tue,Wed,Thu,Fri
08:44:30,79,79th,,Mon,Tue,Wed,Thu,Fri
12:09:30,6,Jackson Park Express,,Sat
09:17:30,79,79th,,Sat
15:37:00,6,Jackson Park Express,,Sun
13:10:00,79,79th,,Sat
03:45:00,79,79th,,Sun
05:54:00,6,Jackson Park Express,,Sun
07:51:30,6,Jackson Park Express,,Mon,Tue,Wed,Thu,Fri
14:47:30,6,Jackson Park Express,,Sat
10:09:00,6,Jackson Park Express,,Mon,Tue,Wed,Thu,Fri
15:06:30,79,79th,,Mon,Tue,Wed,Thu,Fri
15:10:30,79,79th,,Sat
12:51:00,6,Jackson Park Express,,Sun
15:07:30,6,Jackson Park Express,,Sun
23:07:30,6,Jackson Park Express,,Mon,Tue,Wed,Thu,Fri
12:45:00,79,79th,,Mon,Tue,Wed,Thu,Fri
07:43:30,79,79th,,Sat
20:03:00,79,79th,,Sat
10:31:00,79,79th,,Sun
11:22:30,79,79th,,Sat
15:05:30,6,Jackson Park Express,,Sun
11:20:30,79,79th,,Mon,Tue,Wed,Thu,Fri
22:06:00,79,79th,,Sat
15:25:00,79,79th,,Sat
23:51:00,79,79th,,Mon,Tue,Wed,Thu,Fri
16:24:00,79,79th,,Mon,Tue,Thu,Fri
23:14:30,79,79th,,Sat
12:19:30,6,Jackson Park Express,,Sun
18:19:00,79,79th,,Sun
17:02:30,79,79th,,Sat
22:27:00,79,79th,,Sat
15:50:30,79,79th,,Sat
06:49:00,79,79th,,Sat
10:38:00,79,79th,,Sat
19:21:30,79,79th,,Sat
11:57:30,6,Jackson Park Express,,Sun
23:39:30,6,Jackson Park Express,,Mon,Tue,Wed,Thu,Fri
14:40:00,79,79th,,Sun
02:15:00,79,79th,,Mon
15:15:30,79,79th,,Sat
10:00:00,79,79th,,Mon,Tue,Wed,Thu,Fri
24:35:00,6,Jackson Park Express,,Mon,Tue,Wed,Thu,Fri
11:57:00,79,79th,,Mon,Tue,Wed,Thu,Fri
16:18:00,6,Jackson Park Express,,Sun
15:05:30,79,79th,,Sat
17:10:30,79,79th,,Sat
07:28:00,6,Jackson Park Express,,Sat
21:03:30,6,Jackson Park Express,,Sat
20:48:00,79,79th,,Sat
06:35:00,79,79th,,Sat
12:20:30,6,Jackson Park Express,,Sun
24:18:30,79,79th,,Mon,Tue,Wed,Thu,Fri
23:16:00,6,Jackson Park Express,,Sun
18:20:30,79,79th,,Mon,Tue,Wed,Thu,Fri
10:56:00,6,Jackson Park Express,,Sat
11:50:30,79,79th,,Mon,Tue,Wed,Thu,Fri
07:00:00,79,79th,,Sat
10:30:30,6,Jackson Park Express,,Sat
15:20:00,79,79th,,Sat
22:20:00,79,79th,,Sat
18:45:00,79,79th,,Mon,Tue,Wed,Thu,Fri
18:13:00,6,Jackson Park Express,,Mon,Tue,Wed,Thu,Fri
15:33:00,79,79th,,Mon,Tue,Wed,Thu,Fri
16:15:30,79,79th,,Mon,Tue,Wed,Thu,Fri
01:51:00,6,Jackson Park Express,,Sun
07:56:30,79,79th,,Sat
13:58:30,79,79th,,Mon,Tue,Wed,Thu,Fri
20:39:30,6,Jackson Park Express,,Sat
12:58:00,79,79th,,Mon,Tue,Wed,Thu,Fri
24:33:00,79,79th,,Sat
22:15:00,6,Jackson Park Express,,Sat
17:11:00,6,Jackson Park Express,,Sun
16:26:30,79,79th,,Mon,Tue,Wed,Thu,Fri
23:28:00,79,79th,,Sun
08:59:30,79,79th,,Mon,Tue,Wed,Thu,Fri
21:37:30,79,79th,,Sat
15:30:30,79,79th,,Sat
13:33:00,6,Jackson Park Express,,Mon,Tue,Wed,Thu,Fri
11:31:00,79,79th,,Sun
07:45:00,79,79th,,Sun
11:46:30,6,Jackson Park Express,,Sun
21:56:00,6,Jackson Park Express,,Sat
18:16:00,6,Jackson Park Express,,Sat
19:00:30,79,79th,,Sun
16:52:30,6,Jackson Park Express,,Sat
04:52:30,79,79th,,Mon,Tue,Wed,Thu,Fri
01:15:00,79,79th,,Mon
08:08:30,79,79th,,Mon,Tue,Wed,Thu,Fri
08:24:30,79,79th,,Sat
13:10:00,79,79th,,Sat
13:04:30,79,79th,,Mon,Tue,Wed,Thu,Fri
21:11:30,79,79th,,Sat
12:23:30,6,Jackson Park Express,,Mon,Tue,Wed,Thu,Fri
20:36:30,6,Jackson Park Express,,Mon,Tue,Wed,Thu,Fri
08:20:00,79,79th,,Mon,Tue,Wed,Thu,Fri
20:53:00,6,Jackson Park Express,,Mon,Tue,Wed,Thu,Fri
09:18:00,79,79th,,Sat
18:50:30,6,Jackson Park Express,,Mon,Tue,Wed,Thu,Fri
03:04:30,79,79th,,Tue,Wed,Thu,Fri,Sat
00:03:30,79,79th,,Tue,Wed,Thu,Fri,Sat
19:01:30,79,79th,,Mon,Tue,Wed,Thu,Fri
07:31:30,6,Jackson Park Express,,Mon,Tue,Wed,Thu,Fri
08:30:00,79,79th,,Mon,Tue,Wed,Thu,Fri
00:15:00,79,79th,,Mon
19:02:00,79,79th,,Sat
13:42:30,6,Jackson Park Express,,Sat
18:20:30,79,79th,,Mon,Tue,Wed,Thu,Fri
13:00:00,6,Jackson Park Express,,Mon,Tue,Wed,Thu,Fri
16:50:30,79,79th,,Mon,Tue,Wed,Thu,Fri
14:00:00,79,79th,,Sat
17:00:30,6,Jackson Park Express,,Sun
13:04:30,79,79th,,Sat
21:39:30,6,Jackson Park Express,,Sat
22:36:00,6,Jackson Park Express,,Mon,Tue,Wed,Thu,Fri
22:14:00,79,79th,,Mon,Tue,Wed,Thu,Fri
19:51:00,6,Jackson Park Express,,Sun
12:04:00,79,79th,,Sun
20:49:00,6,Jackson Park Express,,Sat
21:58:30,79,79th,,Sun
06:20:00,6,Jackson Park Express,,Sun
22:06:00,6,Jackson Park Express,,Sat
05:52:00,79,79th,,Sat
11:33:30,6,Jackson Park Express,,Sat
23:50:30,79,79th,,Sat
23:22:00,6,Jackson Park Express,,Sun
22:13:00,79,79th,,Sun
06:35:30,6,Jackson Park Express,,Sat
21:12:00,79,79th,,Mon,Tue,Wed,Thu,Fri
23:11:00,79,79th,,Mon,Tue,Wed,Thu,Fri
20:11:00,6,Jackson Park Express,,Mon,Tue,Wed,Thu,Fri
22:11:30,79,79th,,Mon,Tue,Wed,Thu,Fri
15:53:00,79,79th,,Sat
16:44:30,6,Jackson Park Express,,Sat
20:26:00,79,79th,,Sat
12:40:30,6,Jackson Park Express,,Sun
16:35:30,79,79th,,Sat
13:55:00,79,79th,,Sat
08:40:00,6,Jackson Park Express,,Sat
23:12:30,6,Jackson Park Express,,Sat
19:06:30,79,79th,,Mon,Tue,Wed,Thu,Fri
12:21:00,79,79th,,Mon,Tue,Wed,Thu,Fri
07:37:30,6,Jackson Park Express,,Mon,Tue,Wed,Thu,Fri
16:16:00,79,79th,,Sun
22:21:30,79,79th,,Mon,Tue,Wed,Thu,Fri
19:52:30,79,79th,,Sat
22:03:00,79,79th,,Sun
11:21:00,6,Jackson Park Express,,Mon,Tue,Wed,Thu,Fri
22:59:30,79,79th,,Mon,Tue,Wed,Thu,Fri
00:45:00,79,79th,,Sun
13:43:30,6,Jackson Park Express,,Sun
20:50:30,79,79th,,Sat
07:10:00,79,79th,,Sun
24:04:30,79,79th,,Sat
17:16:30,6,Jackson Park Express,,Mon,Tue,Wed,Thu,Fri
20:19:30,79,79th,,Mon,Tue,Wed,Thu,Fri
07:00:00,6,Jackson Park Express,,Sun
10:18:00,79,79th,,Sat
18:38:30,6,Jackson Park Express,,Sun
15:47:30,79,79th,,Sun
06:31:00,79,79th,,Mon,Tue,Wed,Thu,Fri
11:05:00,79,79th,,Mon,Tue,Wed,Thu,Fri
16:20:30,79,79th,,Sat
06:47:00,79,79th,,Mon,Tue,Wed,Thu,Fri
05:19:30,79,79th,,Mon,Tue,Wed,Thu,Fri
09:49:00,6,Jackson Park Express,,Mon,Tue,Wed,Thu,Fri
14:39:30,6,Jackson Park Express,,Sat
11:57:00,79,79th,,Mon,Tue,Wed,Thu,Fri
10:04:30,6,Jackson Park Express,,Sat
20:43:30,79,79th,,Sat
16:45:30,79,79th,,Mon,Tue,Wed,Thu,Fri
03:45:00,79,79th,,Mon,Tue,Wed,Thu,Fri
14:05:00,79,79th,,Mon,Tue,Wed,Thu,Fri
13:37:00,79,79th,,Sun
16:40:30,79,79th,,Mon,Tue,Wed,Thu,Fri
05:43:00,6,Jackson Park Express,,Mon,Tue,Wed,Thu,Fri
14:17:30,79,79th,,Sun
11:00:30,6,Jackson Park Express,,Mon,Tue,Wed,Thu,Fri
06:59:00,79,79th,,Mon,Tue,Wed,Thu,Fri
13:14:30,79,79th,,Sat
14:10:00,79,79th,,Sat
08:39:00,79,79th,,Sun
06:15:00,79,79th,,Mon,Tue,Wed,Thu,Fri
06:51:00,6,Jackson Park Express,,Sat
11:14:00,79,79th,,Mon,Tue,Wed,Thu,Fri
23:59:30,79,79th,,Sun
09:01:00,79,79th,,Sun
20:03:00,6,Jackson Park Express,,Sun
16:05:00,79,79th,,Mon,Tue,Wed,Thu,Fri
14:45:00,79,79th,,Sun
20:50:30,79,79th,,Sun
22:56:30,79,79th,,Sun
17:36:30,79,79th,,Sat
16:58:30,79,79th,,Sat
20:36:30,6,Jackson Park Express,,Sat
21:57:30,79,79th,,Mon,Tue,Wed,Thu,Fri
03:35:30,79,79th,,Mon,Tue,Wed,Thu,Fri
08:05:00,79,79th,,Sat
12:32:30,79,79th,,Sun
01:25:30,79,79th,,Tue,Wed,Thu,Fri,Sat
21:56:30,6,Jackson Park Express,,Sat
23:35:00,79,79th,,Mon,Tue,Wed,Thu,Fri
15:02:30,79,79th,,Sun
04:42:00,79,79th,,Mon,Tue,Wed,Thu,Fri
11:30:30,6,Jackson Park Express,,Sat
12:54:30,79,79th,,Sat
17:59:00,6,Jackson Park Express,,Sat
12:19:30,79,79th,,Sat
11:28:00,79,79th,,Sat
21:46:00,79,79th,,Sat
12:14:30,79,79th,,Sat
05:05:00,79,79th,,Mon,Tue,Wed,Thu,Fri
16:26:30,79,79th,,Mon,Tue,Wed,Thu,Fri
17:48:30,6,Jackson Park Express,,Sun
11:13:00,79,79th,,Sat
15:08:30,79,79th,,Sun
09:48:00,6,Jackson Park Express,,Sat
24:33:30,6,Jackson Park Express,,Mon,Tue,Wed,Thu,Fri
05:57:30,6,Jackson Park Express,,Sat
21:49:00,79,79th,,Sat
08:58:00,79,79th,,Sat
22:56:30,79,79th,,Sun
17:45:30,79,79th,,Sat
07:45:00,79,79th,,Mon,Tue,Wed,Thu,Fri
13:55:30,6,Jackson Park Express,,Sat
20:40:00,79,79th,,Sat
09:20:00,6,Jackson Park Express,,Mon,Tue,Wed,Thu,Fri
17:11:00,79,79th,,Mon,Tue,Wed,Thu,Fri
16:32:00,6,Jackson Park Express,,Sat
23:22:30,79,79th,,Sat
13:55:00,79,79th,,Sat
22:08:30,6,Jackson Park Express,,Mon,Tue,Wed,Thu,Fri
17:20:00,6,Jackson Park Express,,Mon,Tue,Wed,Thu,Fri
03:50:30,79,79th,,Mon,Tue,Wed,Thu,Fri
20:57:00,79,79th,,Mon,Tue,Wed,Thu,Fri
16:20:30,79,79th,,Sat
16:50:30,79,79th,,Mon,Tue,Wed,Thu,Fri
19:08:00,6,Jackson Park Express,,Sat
18:19:30,79,79th,,Sun
09:34:30,79,79th,,Sat
08:30:00,6,Jackson Park Express,,Mon,Tue,Wed,Thu,Fri
21:32:00,6,Jackson Park Express,,Sun
07:33:00,79,79th,,Mon,Tue,Wed,Thu,Fri
21:40:00,6,Jackson Park Express,,Sun
12:29:30,79,79th,,Sat
08:19:30,6,Jackson Park Express,,Sun
15:16:00,79,79th,,Sun
07:10:00,79,79th,,Sat
05:27:30,79,79th,,Mon,Tue,Wed,Thu,Fri
04:35:00,79,79th,,Sat
19:25:00,6,Jackson Park Express,,Sun
06:23:30,79,79th,,Mon,Tue,Wed,Thu,Fri
17:53:00,6,Jackson Park Express,,Mon,Tue,Wed,Thu,Fri
20:42:00,79,79th,,Mon,Tue,Wed,Thu,Fri
16:30:30,79,79th,,Mon,Tue,Wed,Thu,Fri
07:17:00,79,79th,,Sat
09:02:30,79,79th,,Sat
19:37:00,79,79th,,Sat
20:09:00,79,79th,,Sat
11:59:30,6,Jackson Park Express,,Mon,Tue,Wed,Thu,Fri
07:27:00,6,Jackson Park Express,,Mon,Tue,Wed,Thu,Fri
19:12:00,6,Jackson Park Express,,Sat
09:35:00,79,79th,,Mon,Tue,Wed,Thu,Fri
13:09:00,6,Jackson Park Express,,Sun
14:23:00,79,79th,,Mon,Tue,Wed,Thu,Fri
20:16:30,6,Jackson Park Express,,Mon,Tue,Wed,Thu,Fri
04:51:00,79,79th,,Sat
16:07:30,6,Jackson Park Express,,Mon,Tue,Wed,Thu,Fri
06:34:00,79,79th,,Sun
08:18:00,79,79th,,Mon,Tue,Wed,Thu,Fri
23:46:00,6,Jackson Park Express,,Sat
06:29:30,6,Jackson Park Express,,Sat
11:39:30,6,Jackson Park Express,,Sat
16:07:30,6,Jackson Park Express,,Sat
21:14:30,6,Jackson Park Express,,Mon,Tue,Wed,Thu,Fri
22:19:30,79,79th,,Mon,Tue,Wed,Thu,Fri
15:38:30,79,79th,,Sun
15:06:00,6,Jackson Park Express,,Mon,Tue,Wed,Thu,Fri
05:24:00,6,Jackson Park Express,,Sun
23:22:30,79,79th,,Sat
15:13:30,79,79th,,Wed
10:28:00,79,79th,,Sat
16:36:00,79,79th,,Mon,Tue,Wed,Thu,Fri
13:22:00,6,Jackson Park Express,,Mon,Tue,Wed,Thu,Fri
11:49:30,79,79th,,Sat
00:36:30,79,79th,,Tue,Wed,Thu,Fri,Sat
23:33:30,6,Jackson Park Express,,Sat
04:30:00,79,79th,,Mon,Tue,Wed,Thu,Fri
19:31:30,79,79th,,Sat
02:19:30,79,79th,,Tue,Wed,Thu,Fri,Sat
02:15:00,79,79th,,Sun
13:19:30,79,79th,,Mon,Tue,Wed,Thu,Fri
11:52:30,6,Jackson Park Express,,Sun
11:22:00,6,Jackson Park Express,,Mon,Tue,Wed,Thu,Fri
14:36:00,79,79th,,Mon,Tue,Wed,Thu,Fri
13:11:30,6,Jackson Park Express,,Mon,Tue,Wed,Thu,Fri
21:12:00,79,79th,,Mon,Tue,Wed,Thu,Fri
08:42:30,79,79th,,Sat
18:24:30,6,Jackson Park Express,,Sat
02:34:30,79,79th,,Tue,Wed,Thu,Fri,Sat
08:15:00,6,Jackson Park Express,,Sun
08:11:00,79,79th,,Mon,Tue,Wed,Thu,Fri
24:10:00,79,79th,,Sun
10:13:00,79,79th,,Mon,Tue,Wed,Thu,Fri
05:28:00,79,79th,,Sun
23:12:30,79,79th,,Mon,Tue,Wed,Thu,Fri
20:15:00,79,79th,,Mon,Tue,Wed,Thu,Fri
12:56:30,79,79th,,Sun
22:38:30,79,79th,,Sun
17:50:30,79,79th,,Mon,Tue,Wed,Thu,Fri
05:57:00,79,79th,,Mon,Tue,Wed,Thu,Fri
23:12:00,6,Jackson Park Express,,Sun
22:42:00,6,Jackson Park Express,,Sat
20:05:30,6,Jackson Park Express,,Sat
15:05:00,79,79th,,Sat
14:25:00,79,79th,,Sat
06:26:30,6,Jackson Park Express,,Mon,Tue,Wed,Thu,Fri
21:01:00,79,79th,,Sat
14:10:30,79,79th,,Sat
12:40:00,79,79th,,Sat
19:42:00,79,79th,,Sat
07:39:00,79,79th,,Mon,Tue,Wed,Thu,Fri
11:33:00,6,Jackson Park Express,,Mon,Tue,Wed,Thu,Fri
09:27:30,6,Jackson Park Express,,Sat
22:23:00,79,79th,,Sun
12:49:30,79,79th,,Sat
07:29:00,79,79th,,Sun
11:41:00,79,79th,,Sun
07:20:00,79,79th,,Sat
18:03:00,6,Jackson Park Express,,Mon,Tue,Wed,Thu,Fri
23:39:30,79,79th,,Sun
06:46:00,79,79th,,Sun
17:46:30,6,Jackson Park Express,,Sat
22:33:00,6,Jackson Park Express,,Sun
14:42:30,79,79th,,Mon,Tue,Wed,Thu,Fri
16:48:30,79,79th,,Sat
17:05:30,79,79th,,Sat
07:08:00,79,79th,,Mon,Tue,Wed,Thu,Fri
12:26:00,6,Jackson Park Express,,Sun
13:44:00,6,Jackson Park Express,,Mon,Tue,Wed,Thu,Fri
07:08:30,6,Jackson Park Express,,Sat
04:13:00,79,79th,,Sat
06:22:30,6,Jackson Park Express,,Mon,Tue,Wed,Thu,Fri
13:23:30,79,79th,,Sun
18:02:30,79,79th,,Mon,Tue,Wed,Thu,Fri
09:13:00,79,79th,,Sat
05:49:30,79,79th,,Mon,Tue,Wed,Thu,Fri
10:38:00,79,79th,,Sat
16:40:30,79,79th,,Sat
04:53:00,79,79th,,Sun
15:26:30,79,79th,,Mon,Tue,Wed,Thu,Fri
09:41:30,6,Jackson Park Express,,Sun
09:32:00,79,79th,,Sat
17:23:00,6,Jackson Park Express,,Mon,Tue,Wed,Thu,Fri
08:11:30,79,79th,,Sun
16:40:30,79,79th,,Mon,Tue,Wed,Thu,Fri
20:41:00,6,Jackson Park Express,,Mon,Tue,Wed,Thu,Fri
10:14:00,79,79th,,Sat
09:03:00,79,79th,,Sat
11:09:00,6,Jackson Park Express,,Mon,Tue,Wed,Thu,Fri
19:52:30,79,79th,,Sat
16:29:00,6,Jackson Park Express,,Sun
05:19:00,79,79th,,Sun
18:58:00,79,79th,,Sun
19:39:00,6,Jackson Park Express,,Mon,Tue,Wed,Thu,Fri
21:29:30,79,79th,,Mon,Tue,Wed,Thu,Fri
05:42:30,79,79th,,Mon,Tue,Wed,Thu,Fri
15:06:30,79,79th,,Mon,Tue,Wed,Thu,Fri
08:41:00,79,79th,,Sat
09:15:00,6,Jackson Park Express,,Sun
21:10:30,79,79th,,Sun
17:02:30,6,Jackson Park Express,,Sat
09:12:30,79,79th,,Mon,Tue,Wed,Thu,Fri
20:33:30,6,Jackson Park Express,,Sun
16:39:30,6,Jackson Park Express,,Mon,Tue,Wed,Thu,Fri
17:35:30,79,79th,,Sat
13:47:30,79,79th,,Sun
21:08:00,79,79th,,Sat
18:32:00,79,79th,,Sat
19:55:30,79,79th,,Mon,Tue,Wed,Thu,Fri
06:48:30,6,Jackson Park Express,,Sat
09:12:30,6,Jackson Park Express,,Mon,Tue,Wed,Thu,Fri
09:57:00,6,Jackson Park Express,,Sat
13:38:00,6,Jackson Park Express,,Sat
13:17:30,79,79th,,Sun
00:02:30,79,79th,,Sun
18:03:00,79,79th,,Sun
22:24:00,79,79th,,Sat
17:30:30,79,79th,,Sun
12:47:30,6,Jackson Park Express,,Mon,Tue,Wed,Thu,Fri
17:25:30,79,79th,,Mon,Tue,Wed,Thu,Fri
18:56:30,79,79th,,Sat
12:34:00,79,79th,,Mon,Tue,Wed,Thu,Fri
21:04:30,79,79th,,Sat
02:05:00,79,79th,,Mon
08:43:30,6,Jackson Park Express,,Sat
17:55:00,79,79th,,Sun
07:23:00,6,Jackson Park Express,,Sun
07:11:30,6,Jackson Park Express,,Sat
22:27:00,6,Jackson Park Express,,Sat
02:04:30,79,79th,,Tue,Wed,Thu,Fri,Sat
23:39:30,79,79th,,Sun
17:14:00,79,79th,,Sat
07:21:30,79,79th,,Mon,Tue,Wed,Thu,Fri
21:07:30,79,79th,,Mon,Tue,Wed,Thu,Fri
23:07:30,79,79th,,Sat
15:00:00,79,79th,,Sat
06:46:00,6,Jackson Park Express,,Mon,Tue,Wed,Thu,Fri
11:19:00,79,79th,,Sun
20:37:30,79,79th,,Mon,Tue,Wed,Thu,Fri
12:31:00,6,Jackson Park Express,,Mon,Tue,Wed,Thu,Fri
17:47:30,79,79th,,Sat
14:03:00,79,79th,,Mon,Tue,Wed,Thu,Fri
22:23:00,6,Jackson Park Express,,Mon,Tue,Wed,Thu,Fri
14:55:30,79,79th,,Sat
16:07:30,6,Jackson Park Express,,Sun
10:12:00,6,Jackson Park Express,,Sat
16:31:00,79,79th,,Mon,Tue,Wed,Thu,Fri
24:00:30,6,Jackson Park Express,,Sun
15:50:30,79,79th,,Sat
14:45:00,79,79th,,Sat
06:58:00,79,79th,,Sun
10:32:30,79,79th,,Mon,Tue,Wed,Thu,Fri
12:40:00,79,79th,,Sat
17:30:00,6,Jackson Park Express,,Sat
12:05:00,79,79th,,Sat
00:11:00,79,79th,,Mon
04:05:00,79,79th,,Sun
15:12:30,79,79th,,Mon,Tue,Wed,Thu,Fri
07:02:30,79,79th,,Sat
16:43:30,79,79th,,Sat
21:42:00,79,79th,,Mon,Tue,Wed,Thu,Fri
10:33:00,79,79th,,Sat
16:58:00,79,79th,,Sun
14:55:00,79,79th,,Mon,Tue,Wed,Thu,Fri
23:53:00,79,79th,,Sat
16:06:00,79,79th,,Mon,Tue,Wed,Thu,Fri
05:36:00,79,79th,,Sun
13:49:30,6,Jackson Park Express,,Mon,Tue,Wed,Thu,Fri
17:41:00,79,79th,,Sat
07:15:00,6,Jackson Park Express,,Sun
23:19:00,79,79th,,Mon,Tue,Wed,Thu,Fri
21:34:00,6,Jackson Park Express,,Mon,Tue,Wed,Thu,Fri
01:00:00,79,79th,,Mon
14:10:00,79,79th,,Sat
22:51:30,79,79th,,Mon,Tue,Wed,Thu,Fri
22:13:00,79,79th,,Sun
14:14:30,79,79th,,Sun
20:30:00,79,79th,,Mon,Tue,Wed,Thu,Fri
11:19:00,79,79th,,Sun
22:35:00,6,Jackson Park Express,,Mon,Tue,Wed,Thu,Fri
20:57:30,79,79th,,Sat
03:35:00,79,79th,,Sat
22:53:00,79,79th,,Sun
11:39:30,79,79th,,Sat
09:41:00,79,79th,,Sat
15:52:00,6,Jackson Park Express,,Sat
09:30:00,6,Jackson Park Express,,Sat
11:05:00,79,79th,,Mon,Tue,Wed,Thu,Fri
16:49:30,79,79th,,Sun
22:40:00,6,Jackson Park Express,,Sun
18:47:00,6,Jackson Park Express,,Sun
11:27:30,79,79th,,Sat
05:50:00,79,79th,,Mon,Tue,Wed,Thu,Fri
01:21:00,79,79th,,Tue,Wed,Thu,Fri,Sat
14:59:30,6,Jackson Park Express,,Mon,Tue,Wed,Thu,Fri
18:55:00,6,Jackson Park Express,,Mon,Tue,Wed,Thu,Fri
23:00:30,79,79th,,Sat
09:30:00,6,Jackson Park Express,,Sun
17:45:30,79,79th,,Mon,Tue,Wed,Thu,Fri
17:47:00,79,79th,,Sun
17:31:00,79,79th,,Mon,Tue,Wed,Thu,Fri
12:04:30,79,79th,,Sat
18:22:00,79,79th,,Sat
19:59:30,6,Jackson Park Express,,Mon,Tue,Wed,Thu,Fri
07:11:30,6,Jackson Park Express,,Mon,Tue,Wed,Thu,Fri
21:42:00,79,79th,,Mon,Tue,Wed,Thu,Fri
14:40:30,79,79th,,Sat
12:43:00,6,Jackson Park Express,,Mon,Tue,Wed,Thu,Fri
22:11:00,6,Jackson Park Express,,Sun
08:30:00,6,Jackson Park Express,,Sun
20:30:30,79,79th,,Sun
17:47:00,79,79th,,Mon,Tue,Wed,Thu,Fri
14:48:30,79,79th,,Mon,Tue,Wed,Thu,Fri
19:13:30,79,79th,,Mon,Tue,Wed,Thu,Fri
14:19:30,79,79th,,Sun
11:36:30,6,Jackson Park Express,,Sun
14:55:00,79,79th,,Sat
13:15:00,79,79th,,Sat
20:22:30,79,79th,,Sat
19:46:00,79,79th,,Mon,Tue,Wed,Thu,Fri
13:32:30,79,79th,,Sun
02:45:00,79,79th,,Tue,Wed,Thu,Fri,Sat
12:39:00,6,Jackson Park Express,,Sat
20:03:00,79,79th,,Sat
22:19:30,79,79th,,Mon,Tue,Wed,Thu,Fri
10:18:00,79,79th,,Sat
09:45:00,6,Jackson Park Express,,Mon,Tue,Wed,Thu,Fri
15:23:30,79,79th,,Sun
04:13:00,79,79th,,Sun
17:57:30,79,79th,,Sat
12:58:30,79,79th,,Sun
05:19:30,6,Jackson Park Express,,Mon,Tue,Wed,Thu,Fri
19:15:00,6,Jackson Park Express,,Sun
09:39:30,79,79th,,Sun
10:08:30,79,79th,,Sat
18:36:30,79,79th,,Sat
12:05:00,6,Jackson Park Express,,Sun
13:01:30,6,Jackson Park Express,,Sun
22:42:00,6,Jackson Park Express,,Sat
19:10:30,79,79th,,Sun
18:13:00,79,79th,,Sat
15:15:30,79,79th,,Wed
24:39:30,79,79th,,Sun
02:34:30,79,79th,,Sun
22:43:00,79,79th,,Sun
11:57:30,6,Jackson Park Express,,Sat
23:46:00,6,Jackson Park Express,,Sun
21:48:30,79,79th,,Sun
14:24:30,79,79th,,Mon,Tue,Wed,Thu,Fri
15:57:00,6,Jackson Park Express,,Sun
11:15:00,6,Jackson Park Express,,Sat
16:22:30,6,Jackson Park Express,,Sun
22:34:00,79,79th,,Sat
21:58:00,6,Jackson Park Express,,Sun
19:01:30,79,79th,,Mon,Tue,Wed,Thu,Fri
05:58:00,79,79th,,Mon,Tue,Wed,Thu,Fri
08:07:00,6,Jackson Park Express,,Sat
20:47:00,79,79th,,Sat
13:40:00,79,79th,,Sat
10:11:00,79,79th,,Sun
21:06:00,79,79th,,Sun
12:01:00,79,79th,,Sun
14:32:30,79,79th,,Sun
19:17:00,79,79th,,Sat
10:45:00,6,Jackson Park Express,,Mon,Tue,Wed,Thu,Fri
18:29:00,79,79th,,Mon,Tue,Wed,Thu,Fri
00:37:00,79,79th,,Tue,Wed,Thu,Fri,Sat
12:29:00,6,Jackson Park Express,,Sat
12:10:00,6,Jackson Park Express,,Mon,Tue,Wed,Thu,Fri
15:47:30,6,Jackson Park Express,,Mon,Tue,Wed,Thu,Fri
17:31:00,79,79th,,Mon,Tue,Wed,Thu,Fri
12:17:30,79,79th,,Sun
11:13:00,79,79th,,Sat
09:08:00,79,79th,,Sat
17:08:30,79,79th,,Sun
16:49:30,79,79th,,Sun
15:38:00,79,79th,,Mon,Tue,Wed,Thu,Fri
07:20:00,79,79th,,Mon,Tue,Wed,Thu,Fri
11:18:00,79,79th,,Mon,Tue,Wed,Thu,Fri
20:44:30,6,Jackson Park Express,,Sat
16:47:00,6,Jackson Park Express,,Sun
01:01:00,79,79th,,Sun
09:41:00,79,79th,,Sat
14:22:00,6,Jackson Park Express,,Sun
13:50:30,79,79th,,Sat
19:37:00,79,79th,,Sat
19:45:30,6,Jackson Park Express,,Mon,Tue,Wed,Thu,Fri
01:45:00,79,79th,,Tue,Wed,Thu,Fri,Sat
15:25:00,79,79th,,Mon,Tue,Wed,Thu,Fri
17:23:30,79,79th,,Sun
21:59:30,79,79th,,Sun
17:06:00,79,79th,,Mon,Tue,Wed,Thu,Fri
06:21:30,79,79th,,Sat
12:14:00,6,Jackson Park Express,,Sat
22:03:30,79,79th,,Mon,Tue,Wed,Thu,Fri
09:54:00,79,79th,,Mon,Tue,Wed,Thu,Fri
08:17:30,6,Jackson Park Express,,Mon,Tue,Wed,Thu,Fri
19:44:00,6,Jackson Park Express,,Sat
20:04:00,6,Jackson Park Express,,Mon,Tue,Wed,Thu,Fri
10:56:00,79,79th,,Mon,Tue,Wed,Thu,Fri
07:01:30,6,Jackson Park Express,,Mon,Tue,Wed,Thu,Fri
15:25:30,79,79th,,Sat
08:11:00,79,79th,,Sat
06:49:30,79,79th,,Sat
09:17:30,79,79th,,Sat
12:01:30,79,79th,,Mon,Tue,Wed,Thu,Fri
23:40:30,79,79th,,Sat
19:09:00,6,Jackson Park Express,,Sun
09:07:30,79,79th,,Sat
20:01:30,79,79th,,Sun
21:56:00,79,79th,,Sat
10:02:00,6,Jackson Park Express,,Sat
07:44:00,79,79th,,Sun
01:21:00,79,79th,,Tue,Wed,Thu,Fri,Sat
20:00:30,6,Jackson Park Express,,Sat
21:43:30,6,Jackson Park Express,,Mon,Tue,Wed,Thu,Fri
13:02:30,79,79th,,Sun
00:00:00,79,79th,,Mon
22:36:30,79,79th,,Mon,Tue,Wed,Thu,Fri
17:30:30,79,79th,,Sun
08:24:00,79,79th,,Mon,Tue,Wed,Thu,Fri
17:05:30,79,79th,,Mon,Tue,Wed,Thu,Fri
06:01:30,79,79th,,Sun
17:14:00,79,79th,,Sat
09:46:30,79,79th,,Sun
15:05:00,6,Jackson Park Express,,Sun
17:09:00,79,79th,,Sat
09:29:00,79,79th,,Mon,Tue,Wed,Thu,Fri
17:54:30,79,79th,,Sun
08:34:00,6,Jackson Park Express,,Sun
14:42:30,79,79th,,Mon,Tue,Wed,Thu,Fri
08:51:00,79,79th,,Sat
19:33:00,6,Jackson Park Express,,Sat
18:48:00,6,Jackson Park Express,,Mon,Tue,Wed,Thu,Fri
21:46:00,79,79th,,Sat
13:06:30,6,Jackson Park Express,,Sat
21:15:00,79,79th,,Sat
07:02:00,79,79th,,Mon,Tue,Wed,Thu,Fri
13:00:00,79,79th,,Sat
20:08:30,79,79th,,Mon,Tue,Wed,Thu,Fri
13:05:00,79,79th,,Sat
08:34:00,79,79th,,Mon,Tue,Wed,Thu,Fri
11:45:00,79,79th,,Sat
15:34:00,6,Jackson Park Express,,Sat
10:36:30,79,79th,,Mon,Tue,Wed,Thu,Fri
17:16:00,79,79th,,Sun
15:25:30,79,79th,,Sat
12:00:30,79,79th,,Sat
16:03:30,79,79th,,Sat
04:28:00,79,79th,,Sun
17:31:00,79,79th,,Sun
08:18:00,79,79th,,Mon,Tue,Wed,Thu,Fri
05:35:00,79,79th,,Mon,Tue,Wed,Thu,Fri
06:13:30,79,79th,,Mon,Tue,Wed,Thu,Fri
15:13:30,79,79th,,Wed
21:07:00,6,Jackson Park Express,,Sun
05:02:30,79,79th,,Mon,Tue,Wed,Thu,Fri
00:07:30,6,Jackson Park Express,,Mon
06:14:30,79,79th,,Sat
23:47:30,79,79th,,Mon,Tue,Wed,Thu,Fri
11:40:00,6,Jackson Park Express,,Sat
13:30:30,79,79th,,Sat
13:40:30,79,79th,,Sat
20:01:00,6,Jackson Park Express,,Sun
21:28:00,79,79th,,Sat
16:31:00,79,79th,,Mon,Tue,Wed,Thu,Fri
11:50:30,79,79th,,Mon,Tue,Wed,Thu,Fri
08:41:00,6,Jackson Park Express,,Sun
09:56:00,79,79th,,Sat
08:00:00,6,Jackson Park Express,,Sun
10:44:00,6,Jackson Park Express,,Sat
21:55:00,79,79th,,Mon,Tue,Wed,Thu,Fri
14:44:30,6,Jackson Park Express,,Sun
11:48:30,6,Jackson Park Express,,Sat
09:11:00,79,79th,,Sun
07:45:00,79,79th,,Sun
14:02:30,79,79th,,Sun
21:21:00,79,79th,,Sat
16:49:30,6,Jackson Park Express,,Mon,Tue,Wed,Thu,Fri
18:44:30,79,79th,,Mon,Tue,Wed,Thu,Fri
18:54:30,6,Jackson Park Express,,Sat
23:42:30,79,79th,,Sat
06:36:00,6,Jackson Park Express,,Mon,Tue,Wed,Thu,Fri
09:07:30,6,Jackson Park Express,,Mon,Tue,Wed,Thu,Fri
13:52:00,79,79th,,Mon,Tue,Wed,Thu,Fri
24:23:00,79,79th,,Sat
05:41:00,6,Jackson Park Express,,Sat
19:27:00,79,79th,,Sat
24:44:00,6,Jackson Park Express,,Sat
05:04:30,6,Jackson Park Express,,Mon,Tue,Wed,Thu,Fri
10:13:00,6,Jackson Park Express,,Mon,Tue,Wed,Thu,Fri
10:20:00,6,Jackson Park Express,,Sun
09:38:30,6,Jackson Park Express,,Sat
00:05:00,6,Jackson Park Express,,Sun
08:59:00,79,79th,,Mon,Tue,Wed,Thu,Fri
20:15:00,79,79th,,Mon,Tue,Wed,Thu,Fri
12:51:00,6,Jackson Park Express,,Sun
09:13:00,79,79th,,Sat
23:23:30,79,79th,,Mon,Tue,Wed,Thu,Fri
02:04:30,79,79th,,Sun
19:36:00,79,79th,,Mon,Tue,Wed,Thu,Fri
20:33:00,79,79th,,Sat
15:18:00,6,Jackson Park Express,,Sun
12:34:30,79,79th,,Sat
19:13:30,79,79th,,Sun
22:30:00,79,79th,,Sun
21:15:30,6,Jackson Park Express,,Sat
01:31:00,6,Jackson Park Express,,Sun
14:56:30,6,Jackson Park Express,,Sat
12:47:00,79,79th,,Mon,Tue,Wed,Thu,Fri
07:02:30,79,79th,,Sat
10:29:00,6,Jackson Park Express,,Sun
22:09:30,6,Jackson Park Express,,Sun
12:49:30,6,Jackson Park Express,,Sat
06:21:30,79,79th,,Sun
23:27:00,79,79th,,Mon,Tue,Wed,Thu,Fri
08:54:00,79,79th,,Mon,Tue,Wed,Thu,Fri
07:33:30,79,79th,,Sun
17:33:00,6,Jackson Park Express,,Mon,Tue,Wed,Thu,Fri
22:06:00,79,79th,,Sat
09:51:00,79,79th,,Mon,Tue,Wed,Thu,Fri
02:00:00,79,79th,,Tue,Wed,Thu,Fri,Sat
09:09:00,6,Jackson Park Express,,Mon,Tue,Wed,Thu,Fri
18:41:30,79,79th,,Sat
09:34:30,79,79th,,Sat
17:54:30,79,79th,,Sat
08:56:00,79,79th,,Sat
06:13:30,79,79th,,Mon,Tue,Wed,Thu,Fri
19:10:30,79,79th,,Sun
11:14:00,79,79th,,Mon,Tue,Wed,Thu,Fri
06:27:00,79,79th,,Sun
14:17:30,79,79th,,Sun
09:01:00,79,79th,,Sun
19:47:30,79,79th,,Sat
02:45:00,79,79th,,Tue,Wed,Thu,Fri,Sat
22:20:00,79,79th,,Sat
01:01:30,79,79th,,Mon
12:20:30,79,79th,,Sun
15:10:00,79,79th,,Sat
02:30:00,79,79th,,Tue,Wed,Thu,Fri,Sat
16:57:30,6,Jackson Park Express,,Sun
05:21:00,79,79th,,Mon,Tue,Wed,Thu,Fri
05:28:30,79,79th,,Mon,Tue,Wed,Thu,Fri
05:51:00,79,79th,,Sat
23:48:00,6,Jackson Park Express,,Sat
13:33:00,6,Jackson Park Express,,Sun
14:02:30,6,Jackson Park Express,,Sat
16:35:30,6,Jackson Park Express,,Sat
08:49:00,6,Jackson Park Express,,Sun
09:38:00,79,79th,,Mon,Tue,Wed,Thu,Fri
17:10:30,79,79th,,Mon,Tue,Wed,Thu,Fri
21:11:30,79,79th,,Sat
21:52:00,79,79th,,Sun
18:41:30,79,79th,,Sat
15:31:30,79,79th,,Mon,Tue,Wed,Thu,Fri
22:51:00,79,79th,,Sat
06:47:00,79,79th,,Mon,Tue,Wed,Thu,Fri
15:54:00,79,79th,,Mon,Tue,Wed,Thu,Fri
19:15:30,6,Jackson Park Express,,Sun
22:14:00,79,79th,,Mon,Tue,Wed,Thu,Fri
20:02:00,79,79th,,Mon,Tue,Wed,Thu,Fri
18:11:00,79,79th,,Sun
12:14:30,79,79th,,Mon,Tue,Wed,Thu,Fri
11:53:00,79,79th,,Mon,Tue,Wed,Thu,Fri
10:31:00,79,79th,,Sun
22:48:00,79,79th,,Sat
22:08:30,6,Jackson Park Express,,Mon,Tue,Wed,Thu,Fri
18:11:30,6,Jackson Park Express,,Sat
23:07:30,79,79th,,Mon,Tue,Wed,Thu,Fri
05:19:00,79,79th,,Sun
06:56:00,79,79th,,Mon,Tue,Wed,Thu,Fri
05:00:00,79,79th,,Sun
06:35:30,79,79th,,Sat
14:01:00,6,Jackson Park Express,,Sun
22:49:30,79,79th,,Sun
13:40:00,79,79th,,Sun
16:28:30,6,Jackson Park Express,,Sun
00:45:00,79,79th,,Mon
15:55:00,6,Jackson Park Express,,Sat
23:03:00,79,79th,,Sun
11:10:30,79,79th,,Sun
12:48:00,6,Jackson Park Express,,Mon,Tue,Wed,Thu,Fri
18:44:30,79,79th,,Mon,Tue,Wed,Thu,Fri
18:55:00,79,79th,,Mon,Tue,Wed,Thu,Fri
13:14:30,79,79th,,Sat
19:46:30,79,79th,,Sat
23:32:30,79,79th,,Sat
23:27:00,79,79th,,Sun
22:55:00,79,79th,,Mon,Tue,Wed,Thu,Fri
22:57:00,79,79th,,Sat
19:04:00,6,Jackson Park Express,,Sat
04:15:00,79,79th,,Mon,Tue,Wed,Thu,Fri
08:58:00,6,Jackson Park Express,,Mon,Tue,Wed,Thu,Fri
23:07:30,79,79th,,Sat
19:26:30,79,79th,,Sat
20:50:30,79,79th,,Sat
06:04:30,6,Jackson Park Express,,Mon,Tue,Wed,Thu,Fri
17:32:00,6,Jackson Park Express,,Sun
16:30:30,6,Jackson Park Express,,Mon,Tue,Wed,Thu,Fri
17:00:30,79,79th,,Mon,Tue,Wed,Thu,Fri
24:00:30,6,Jackson Park Express,,Sat
09:54:00,79,79th,,Mon,Tue,Wed,Thu,Fri
05:51:00,79,79th,,Sat
14:32:30,79,79th,,Sun
05:57:00,6,Jackson Park Express,,Mon,Tue,Wed,Thu,Fri
17:11:30,6,Jackson Park Express,,Sat
15:05:00,79,79th,,Sat
19:46:30,79,79th,,Sat
24:44:00,79,79th,,Mon,Tue,Wed,Thu,Fri
16:01:00,79,79th,,Mon,Tue,Wed,Thu,Fri
13:04:30,79,79th,,Mon,Tue,Wed,Thu,Fri
04:33:00,79,79th,,Sun
09:20:00,79,79th,,Sun
10:57:00,6,Jackson Park Express,,Mon,Tue,Wed,Thu,Fri
08:21:00,79,79th,,Sun
08:49:30,79,79th,,Mon,Tue,Wed,Thu,Fri
15:19:00,6,Jackson Park Express,,Sat
07:39:00,79,79th,,Mon,Tue,Wed,Thu,Fri
13:32:30,79,79th,,Sun
08:41:00,79,79th,,Sat
08:01:30,79,79th,,Sun
09:30:00,79,79th,,Sun
13:10:00,79,79th,,Sun
14:07:00,6,Jackson Park Express,,Sat
12:25:00,79,79th,,Sat
10:56:00,79,79th,,Mon,Tue,Wed,Thu,Fri
22:10:00,79,79th,,Sat
18:43:00,6,Jackson Park Express,,Sat
19:30:30,6,Jackson Park Express,,Sat
13:50:00,79,79th,,Sat
21:52:00,6,Jackson Park Express,,Mon,Tue,Wed,Thu,Fri
07:41:30,6,Jackson Park Express,,Mon,Tue,Wed,Thu,Fri
21:19:30,6,Jackson Park Express,,Sun
07:23:30,6,Jackson Park Express,,Mon,Tue,Wed,Thu,Fri
15:08:00,79,79th,,Wed
01:33:00,6,Jackson Park Express,,Mon
18:19:30,6,Jackson Park Express,,Mon,Tue,Wed,Thu,Fri
16:30:30,6,Jackson Park Express,,Sat
13:54:00,6,Jackson Park Express,,Sun
19:58:30,79,79th,,Sat
18:13:00,6,Jackson Park Express,,Sun
19:07:00,79,79th,,Mon,Tue,Wed,Thu,Fri
10:18:00,79,79th,,Sat
18:09:30,6,Jackson Park Express,,Mon,Tue,Wed,Thu,Fri
09:45:00,6,Jackson Park Express,,Mon,Tue,Wed,Thu,Fri
20:12:00,79,79th,,Mon,Tue,Wed,Thu,Fri
00:45:30,79,79th,,Sun
22:58:00,79,79th,,Sun
11:52:30,79,79th,,Sun
10:26:00,79,79th,,Mon,Tue,Wed,Thu,Fri
16:02:30,79,79th,,Sun
16:31:00,79,79th,,Sun
12:36:00,6,Jackson Park Express,,Mon,Tue,Wed,Thu,Fri
13:56:30,79,79th,,Mon,Tue,Wed,Thu,Fri
17:40:30,79,79th,,Mon,Tue,Wed,Thu,Fri
14:29:30,79,79th,,Mon,Tue,Wed,Thu,Fri
16:35:30,6,Jackson Park Express,,Mon,Tue,Wed,Thu,Fri
15:47:00,6,Jackson Park Express,,Sun
08:55:00,6,Jackson Park Express,,Mon,Tue,Wed,Thu,Fri
10:32:30,79,79th,,Mon,Tue,Wed,Thu,Fri
21:32:30,79,79th,,Mon,Tue,Wed,Thu,Fri
04:33:00,79,79th,,Sun
16:16:00,79,79th,,Mon,Tue,Wed,Thu,Fri
05:44:00,79,79th,,Sun
07:57:30,79,79th,,Mon,Tue,Wed,Thu,Fri
12:32:00,79,79th,,Mon,Tue,Wed,Thu,Fri
07:15:30,6,Jackson Park Express,,Sun
14:55:00,79,79th,,Sat
21:00:30,79,79th,,Sun
15:14:00,6,Jackson Park Express,,Mon,Tue,Wed,Thu,Fri
19:00:30,79,79th,,Mon,Tue,Wed,Thu,Fri
19:21:30,79,79th,,Sun
23:31:30,79,79th,,Mon,Tue,Wed,Thu,Fri
12:40:30,79,79th,,Mon,Tue,Wed,Thu,Fri
10:52:00,79,79th,,Mon,Tue,Wed,Thu,Fri
01:00:00,79,79th,,Mon
18:36:30,79,79th,,Sat
22:55:00,79,79th,,Sun
15:56:00,79,79th,,Mon,Tue,Wed,Thu,Fri
23:22:30,79,79th,,Sat
18:46:30,79,79th,,Sat
08:42:30,6,Jackson Park Express,,Mon,Tue,Wed,Thu,Fri
22:03:00,79,79th,,Sun
21:55:30,6,Jackson Park Express,,Sun
15:20:30,79,79th,,Sat
13:46:00,6,Jackson Park Express,,Mon,Tue,Wed,Thu,Fri
23:47:00,6,Jackson Park Express,,Sat
12:37:00,6,Jackson Park Express,,Sun
10:58:00,79,79th,,Sat
06:06:30,79,79th,,Mon,Tue,Wed,Thu,Fri
16:10:30,79,79th,,Sat
16:02:30,79,79th,,Sun
07:08:00,79,79th,,Mon,Tue,Wed,Thu,Fri
20:53:30,6,Jackson Park Express,,Sun
20:51:30,6,Jackson Park Express,,Sat
13:31:00,6,Jackson Park Express,,Mon,Tue,Wed,Thu,Fri
12:12:30,79,79th,,Mon,Tue,Wed,Thu,Fri
10:39:00,79,79th,,Mon,Tue,Wed,Thu,Fri
23:17:30,6,Jackson Park Express,,Mon,Tue,Wed,Thu,Fri
11:49:00,6,Jackson Park Express,,Sun
09:58:00,79,79th,,Sat
19:37:00,79,79th,,Sat
21:57:30,79,79th,,Mon,Tue,Wed,Thu,Fri
07:30:00,6,Jackson Park Express,,Sun
14:54:30,79,79th,,Mon,Tue,Wed,Thu,Fri
09:14:30,6,Jackson Park Express,,Sat
11:31:00,79,79th,,Sat
21:14:00,79,79th,,Sun
09:11:00,79,79th,,Mon,Tue,Wed,Thu,Fri
15:16:00,79,79th,,Sun
15:28:30,6,Jackson Park Express,,Sun
16:17:00,6,Jackson Park Express,,Sun
17:27:00,6,Jackson Park Express,,Sun
07:57:00,6,Jackson Park Express,,Sat
17:11:30,6,Jackson Park Express,,Sat
22:27:30,79,79th,,Mon,Tue,Wed,Thu,Fri
20:37:30,79,79th,,Mon,Tue,Wed,Thu,Fri
19:11:30,6,Jackson Park Express,,Sat
11:18:00,79,79th,,Sat
17:35:30,79,79th,,Mon,Tue,Wed,Thu,Fri
22:38:00,79,79th,,Sat
17:59:30,6,Jackson Park Express,,Mon,Tue,Wed,Thu,Fri
15:07:00,6,Jackson Park Express,,Sat
14:40:00,79,79th,,Sun
10:14:30,79,79th,,Sun
22:13:00,79,79th,,Sat
12:22:30,6,Jackson Park Express,,Sat
13:13:00,79,79th,,Mon,Tue,Wed,Thu,Fri
22:24:00,79,79th,,Sat
11:21:00,6,Jackson Park Express,,Sun
18:35:30,79,79th,,Sun
08:01:30,79,79th,,Sat
16:33:00,79,79th,,Sun
00:00:00,79,79th,,Mon
10:39:00,79,79th,,Sun
20:29:30,79,79th,,Sat
17:40:00,6,Jackson Park Express,,Sun
11:00:00,6,Jackson Park Express,,Sun
09:03:00,6,Jackson Park Express,,Sat
01:03:00,79,79th,,Tue,Wed,Thu,Fri,Sat
09:28:00,79,79th,,Sat
12:05:00,79,79th,,Sat
09:56:30,79,79th,,Sun
07:43:00,79,79th,,Mon,Tue,Wed,Thu,Fri
17:05:30,79,79th,,Mon,Tue,Wed,Thu,Fri
07:12:00,79,79th,,Mon,Tue,Wed,Thu,Fri
19:18:00,79,79th,,Mon,Tue,Wed,Thu,Fri
17:42:30,6,Jackson Park Express,,Sun
21:20:30,79,79th,,Sun
17:54:30,79,79th,,Sun
06:53:00,79,79th,,Mon,Tue,Wed,Thu,Fri
08:02:00,6,Jackson Park Express,,Mon,Tue,Wed,Thu,Fri
11:31:00,79,79th,,Sun
09:03:30,6,Jackson Park Express,,Sun
05:35:00,79,79th,,Mon,Tue,Wed,Thu,Fri
17:53:30,79,79th,,Sat
17:14:30,79,79th,,Sun
20:20:30,79,79th,,Sun
20:10:30,6,Jackson Park Express,,Sun
08:48:30,6,Jackson Park Express,,Mon,Tue,Wed,Thu,Fri
20:23:30,6,Jackson Park Express,,Sat
23:33:30,6,Jackson Park Express,,Mon,Tue,Wed,Thu,Fri
13:19:00,6,Jackson Park Express,,Sun
21:42:30,6,Jackson Park Express,,Sat
09:15:30,6,Jackson Park Express,,Sat
09:58:00,6,Jackson Park Express,,Sun
09:43:00,79,79th,,Sun
09:29:00,79,79th,,Mon,Tue,Wed,Thu,Fri
12:09:30,79,79th,,Sat
23:03:00,79,79th,,Mon,Tue,Wed,Thu,Fri
12:51:30,79,79th,,Mon,Tue,Wed,Thu,Fri
14:45:00,79,79th,,Sat
17:23:30,79,79th,,Sun
18:27:00,79,79th,,Sun
14:55:00,6,Jackson Park Express,,Sun
09:52:00,79,79th,,Sat
07:11:00,6,Jackson Park Express,,Mon,Tue,Wed,Thu,Fri
05:42:00,6,Jackson Park Express,,Sat
07:52:00,6,Jackson Park Express,,Mon,Tue,Wed,Thu,Fri
10:19:30,79,79th,,Mon,Tue,Wed,Thu,Fri
05:05:00,6,Jackson Park Express,,Sat
09:18:00,6,Jackson Park Express,,Sun
08:52:30,6,Jackson Park Express,,Sat
15:26:30,79,79th,,Mon,Tue,Wed,Thu,Fri
17:30:00,79,79th,,Sat
10:25:00,6,Jackson Park Express,,Mon,Tue,Wed,Thu,Fri
07:57:30,79,79th,,Mon,Tue,Wed,Thu,Fri
16:41:30,79,79th,,Sun
12:17:30,6,Jackson Park Express,,Sat
24:44:00,6,Jackson Park Express,,Sat
18:21:00,6,Jackson Park Express,,Sun
12:59:30,6,Jackson Park Express,,Sat
09:37:00,6,Jackson Park Express,,Sat
21:50:00,79,79th,,Mon,Tue,Wed,Thu,Fri
14:30:30,79,79th,,Sat
12:38:30,79,79th,,Mon,Tue,Wed,Thu,Fri
14:55:00,79,79th,,Mon,Tue,Wed,Thu,Fri
14:05:00,79,79th,,Mon,Tue,Wed,Thu,Fri
11:50:00,6,Jackson Park Express,,Sun
20:29:30,79,79th,,Sat
19:05:30,79,79th,,Sun
11:28:00,79,79th,,Sat
03:45:00,79,79th,,Sat
17:57:30,79,79th,,Mon,Tue,Wed,Thu,Fri
22:03:00,6,Jackson Park Express,,Sat
13:58:30,79,79th,,Mon,Tue,Wed,Thu,Fri
07:33:30,79,79th,,Sun
01:17:00,6,Jackson Park Express,,Mon
20:34:30,79,79th,,Mon,Tue,Wed,Thu,Fri
21:14:00,6,Jackson Park Express,,Sat
04:34:30,6,Jackson Park Express,,Mon,Tue,Wed,Thu,Fri
03:35:00,79,79th,,Sat
00:37:30,79,79th,,Sun
12:40:30,79,79th,,Mon,Tue,Wed,Thu,Fri
21:15:00,79,79th,,Mon,Tue,Wed,Thu,Fri
19:42:30,79,79th,,Mon,Tue,Wed,Thu,Fri
19:36:00,79,79th,,Mon,Tue,Wed,Thu,Fri
19:49:00,79,79th,,Mon,Tue,Wed,Thu,Fri
20:09:30,79,79th,,Sun
12:25:00,79,79th,,Sun
14:20:30,6,Jackson Park Express,,Sat
07:55:00,79,79th,,Sun
12:47:00,79,79th,,Sun
04:56:00,79,79th,,Mon,Tue,Wed,Thu,Fri
11:33:30,79,79th,,Mon,Tue,Wed,Thu,Fri
14:10:30,79,79th,,Sun
20:22:30,79,79th,,Mon,Tue,Wed,Thu,Fri
12:04:00,79,79th,,Sun
16:15:30,79,79th,,Sat
22:13:00,79,79th,,Sat
17:19:30,79,79th,,Sat
17:05:30,79,79th,,Sat
23:23:30,79,79th,,Mon,Tue,Wed,Thu,Fri
18:28:30,6,Jackson Park Express,,Sun
24:05:00,6,Jackson Park Express,,Mon,Tue,Wed,Thu,Fri
17:21:30,6,Jackson Park Express,,Sat
12:34:00,79,79th,,Mon,Tue,Wed,Thu,Fri
21:55:00,79,79th,,Mon,Tue,Wed,Thu,Fri
07:19:00,6,Jackson Park Express,,Sat
12:59:30,79,79th,,Sat
14:40:00,79,79th,,Sat
13:06:30,79,79th,,Mon,Tue,Wed,Thu,Fri
07:55:00,79,79th,,Mon,Tue,Wed,Thu,Fri
20:31:00,6,Jackson Park Express,,Sun
09:55:00,79,79th,,Sat
21:54:00,6,Jackson Park Express,,Sat
19:21:30,6,Jackson Park Express,,Sat
18:35:00,79,79th,,Sun
14:11:30,6,Jackson Park Express,,Sat
00:28:00,79,79th,,Tue,Wed,Thu,Fri,Sat
10:29:00,6,Jackson Park Express,,Sun
23:31:30,79,79th,,Mon,Tue,Wed,Thu,Fri
16:23:30,6,Jackson Park Express,,Mon,Tue,Wed,Thu,Fri
10:10:30,79,79th,,Mon,Tue,Wed,Thu,Fri
16:18:30,79,79th,,Sat
15:39:30,6,Jackson Park Express,,Sat
08:12:30,79,79th,,Sat
15:20:00,79,79th,,Sat
22:08:30,79,79th,,Sun
10:48:00,79,79th,,Sat
00:52:30,79,79th,,Tue,Wed,Thu,Fri,Sat
16:25:30,79,79th,,Mon,Tue,Wed,Thu,Fri
20:57:00,6,Jackson Park Express,,Mon,Tue,Wed,Thu,Fri
13:48:00,6,Jackson Park Express,,Sun
06:43:30,79,79th,,Sun
16:00:30,79,79th,,Sat
11:45:00,79,79th,,Sat
16:04:30,6,Jackson Park Express,,Mon,Tue,Wed,Thu,Fri
11:47:00,6,Jackson Park Express,,Mon,Tue,Wed,Thu,Fri
16:16:00,79,79th,,Mon,Tue,Thu,Fri
01:30:00,79,79th,,Tue,Wed,Thu,Fri,Sat
22:56:00,6,Jackson Park Express,,Mon,Tue,Wed,Thu,Fri
16:26:30,6,Jackson Park Express,,Sat
16:21:00,79,79th,,Mon,Tue,Wed,Thu,Fri
13:35:30,6,Jackson Park Express,,Mon,Tue,Wed,Thu,Fri
08:04:30,79,79th,,Sun
07:26:00,79,79th,,Mon,Tue,Wed,Thu,Fri
18:29:30,6,Jackson Park Express,,Mon,Tue,Wed,Thu,Fri
20:16:30,6,Jackson Park Express,,Sat
17:39:30,6,Jackson Park Express,,Mon,Tue,Wed,Thu,Fri
14:01:30,6,Jackson Park Express,,Mon,Tue,Wed,Thu,Fri
17:45:30,79,79th,,Mon,Tue,Wed,Thu,Fri
08:12:00,6,Jackson Park Express,,Mon,Tue,Wed,Thu,Fri
21:27:00,6,Jackson Park Express,,Sat
20:12:00,79,79th,,Sat
12:05:30,6,Jackson Park Express,,Sat
15:00:30,79,79th,,Sat
09:45:00,6,Jackson Park Express,,Mon,Tue,Wed,Thu,Fri
17:02:00,6,Jackson Park Express,,Sat
11:23:00,79,79th,,Sat
14:15:00,6,Jackson Park Express,,Sun
09:32:30,6,Jackson Park Express,,Mon,Tue,Wed,Thu,Fri
02:15:00,79,79th,,Sun
16:33:00,79,79th,,Sun
18:00:30,6,Jackson Park Express,,Sat
18:43:00,79,79th,,Sun
22:44:00,79,79th,,Sat
10:30:00,79,79th,,Mon,Tue,Wed,Thu,Fri
00:00:30,6,Jackson Park Express,,Tue,Wed,Thu,Fri,Sat
17:26:00,6,Jackson Park Express,,Mon,Tue,Wed,Thu,Fri
21:42:30,6,Jackson Park Express,,Sun
15:46:00,6,Jackson Park Express,,Sun
10:36:30,79,79th,,Mon,Tue,Wed,Thu,Fri
04:33:00,79,79th,,Sat
06:56:00,6,Jackson Park Express,,Mon,Tue,Wed,Thu,Fri
18:45:00,79,79th,,Mon,Tue,Wed,Thu,Fri
13:58:00,6,Jackson Park Express,,Sat
16:48:30,79,79th,,Sat
18:08:00,79,79th,,Sat
14:16:00,6,Jackson Park Express,,Sat
16:05:30,79,79th,,Sat
23:30:00,6,Jackson Park Express,,Sun
23:42:30,79,79th,,Sat
16:16:30,6,Jackson Park Express,,Sat
06:39:30,79,79th,,Mon,Tue,Wed,Thu,Fri