arrival_time,route_short_name,route_long_name,headsign,service_days
07:19:18,151,Sheridan,,Sun
16:26:27,147,Outer DuSable Lake Shore Express,,Sat
14:50:11,3,King Drive,,Mon,Tue,Wed,Thu,Fri
20:19:48,147,Outer DuSable Lake Shore Express,,Mon,Tue,Wed,Thu,Fri
18:28:48,147,Outer DuSable Lake Shore Express,,Sun
14:26:40,146,Inner Lake Shore/Michigan Express,,Mon,Tue,Wed,Thu,Fri
06:55:18,147,Outer DuSable Lake Shore Express,,Sun
07:54:54,146,Inner Lake Shore/Michigan Express,,Mon,Tue,Wed,Thu,Fri
05:02:10,147,Outer DuSable Lake Shore Express,,Mon,Tue,Wed,Thu,Fri
11:13:18,151,Sheridan,,Sat
23:05:55,151,Sheridan,,Mon,Tue,Wed,Thu,Fri
13:22:41,3,King Drive,,Mon,Tue,Wed,Thu,Fri
06:45:03,147,Outer DuSable Lake Shore Express,,Mon,Tue,Wed,Thu,Fri
14:34:15,3,King Drive,,Sun
20:46:56,147,Outer DuSable Lake Shore Express,,Sat
14:25:49,151,Sheridan,,Sat
05:17:10,147,Outer DuSable Lake Shore Express,,Mon,Tue,Wed,Thu,Fri
17:50:51,3,King Drive,,Sat
17:22:12,151,Sheridan,,Sun
20:14:54,146,Inner Lake Shore/Michigan Express,,Mon,Tue,Wed,Thu,Fri
08:17:34,143,Stockton/Michigan Express,,Mon,Tue,Wed,Thu,Fri
21:59:18,151,Sheridan,,Sun
15:11:12,151,Sheridan,,Sun
12:24:33,146,Inner Lake Shore/Michigan Express,,Sun
07:50:48,147,Outer DuSable Lake Shore Express,,Mon,Tue,Wed,Thu,Fri
15:11:12,26,South Shore Express,,Mon,Tue,Wed,Thu,Fri
10:41:18,147,Outer DuSable Lake Shore Express,,Sun
13:23:11,3,King Drive,,Sun
16:22:26,147,Outer DuSable Lake Shore Express,,Sun
16:22:10,125,Water Tower Express,,Mon,Tue,Wed,Thu,Fri
09:10:21,146,Inner Lake Shore/Michigan Express,,Mon,Tue,Wed,Thu,Fri
21:57:06,146,Inner Lake Shore/Michigan Express,,Mon,Tue,Wed,Thu,Fri
18:40:13,151,Sheridan,,Sat
19:40:48,3,King Drive,,Sat
17:29:21,146,Inner Lake Shore/Michigan Express,,Sun
18:40:48,3,King Drive,,Sat
10:13:56,151,Sheridan,,Mon,Tue,Wed,Thu,Fri
17:35:51,3,King Drive,,Mon,Tue,Wed,Thu,Fri
07:04:45,146,Inner Lake Shore/Michigan Express,,Mon,Tue,Wed,Thu,Fri
18:30:13,151,Sheridan,,Sat
21:15:48,147,Outer DuSable Lake Shore Express,,Sat
09:56:38,3,King Drive,,Mon,Tue,Wed,Thu,Fri
15:51:45,3,King Drive,,Mon,Tue,Wed,Thu,Fri
17:28:10,125,Water Tower Express,,Mon,Tue,Wed,Thu,Fri
19:00:15,3,King Drive,,Mon,Tue,Wed,Thu,Fri
09:14:26,147,Outer DuSable Lake Shore Express,,Mon,Tue,Wed,Thu,Fri
12:50:12,151,Sheridan,,Mon,Tue,Wed,Thu,Fri
10:20:03,151,Sheridan,,Sun
20:00:48,3,King Drive,,Sat
22:12:27,146,Inner Lake Shore/Michigan Express,,Mon,Tue,Wed,Thu,Fri
15:05:45,3,King Drive,,Mon,Tue,Wed,Thu,Fri
13:46:56,147,Outer DuSable Lake Shore Express,,Sun
15:46:05,151,Sheridan,,Sat
13:36:21,146,Inner Lake Shore/Michigan Express,,Sun
21:42:15,3,King Drive,,Sat
12:05:41,3,King Drive,,Mon,Tue,Wed,Thu,Fri
17:31:26,147,Outer DuSable Lake Shore Express,,Sun
22:01:33,147,Outer DuSable Lake Shore Express,,Sat
07:32:29,3,King Drive,,Sat
16:39:45,3,King Drive,,Sun
14:44:19,147,Outer DuSable Lake Shore Express,,Sat
07:43:24,146,Inner Lake Shore/Michigan Express,,Mon,Tue,Wed,Thu,Fri
18:30:48,3,King Drive,,Sat
06:15:29,3,King Drive,,Sat
21:53:26,151,Sheridan,,Sat
19:09:15,3,King Drive,,Mon,Tue,Wed,Thu,Fri
05:55:29,3,King Drive,,Sat
18:32:12,146,Inner Lake Shore/Michigan Express,,Sun
18:20:12,146,Inner Lake Shore/Michigan Express,,Sun
08:11:33,148,Clarendon/Michigan Express,,Mon,Tue,Wed,Thu,Fri
07:15:29,3,King Drive,,Sat
20:02:48,147,Outer DuSable Lake Shore Express,,Mon,Tue,Wed,Thu,Fri
19:17:12,146,Inner Lake Shore/Michigan Express,,Sun
08:37:57,146,Inner Lake Shore/Michigan Express,,Sun
14:03:42,151,Sheridan,,Mon,Tue,Wed,Thu,Fri
09:43:26,147,Outer DuSable Lake Shore Express,,Mon,Tue,Wed,Thu,Fri
07:12:39,146,Inner Lake Shore/Michigan Express,,Sat
15:21:12,151,Sheridan,,Sun
14:16:40,146,Inner Lake Shore/Michigan Express,,Mon,Tue,Wed,Thu,Fri
12:09:48,147,Outer DuSable Lake Shore Express,,Sat
14:21:12,151,Sheridan,,Sun
14:26:40,146,Inner Lake Shore/Michigan Express,,Mon,Tue,Wed,Thu,Fri
15:45:12,26,South Shore Express,,Mon,Tue,Wed,Thu,Fri
07:49:29,3,King Drive,,Sat
18:28:48,147,Outer DuSable Lake Shore Express,,Sun
11:46:08,3,King Drive,,Mon,Tue,Wed,Thu,Fri
11:30:48,151,Sheridan,,Sun
08:36:08,3,King Drive,,Mon,Tue,Wed,Thu,Fri
12:15:45,3,King Drive,,Sat
12:05:41,3,King Drive,,Sat
11:13:56,151,Sheridan,,Mon,Tue,Wed,Thu,Fri
19:52:12,146,Inner Lake Shore/Michigan Express,,Sat
08:11:48,151,Sheridan,,Mon,Tue,Wed,Thu,Fri
18:37:58,146,Inner Lake Shore/Michigan Express,,Sat
14:42:41,3,King Drive,,Mon,Tue,Wed,Thu,Fri
20:10:50,26,South Shore Express,,Mon,Tue,Wed,Thu,Fri
13:04:21,3,King Drive,,Sat
10:41:18,151,Sheridan,,Sat
24:04:24,151,Sheridan,,Mon,Tue,Wed,Thu,Fri
15:03:56,147,Outer DuSable Lake Shore Express,,Sun
18:10:51,3,King Drive,,Sat
18:15:45,3,King Drive,,Sun
10:10:24,146,Inner Lake Shore/Michigan Express,,Sat
14:03:41,3,King Drive,,Mon,Tue,Wed,Thu,Fri
16:10:19,147,Outer DuSable Lake Shore Express,,Mon,Tue,Wed,Thu,Fri
13:11:12,147,Outer DuSable Lake Shore Express,,Sat
10:41:05,3,King Drive,,Sat
13:42:42,147,Outer DuSable Lake Shore Express,,Mon,Tue,Wed,Thu,Fri
12:24:04,147,Outer DuSable Lake Shore Express,,Mon,Tue,Wed,Thu,Fri
18:46:12,146,Inner Lake Shore/Michigan Express,,Sun
07:36:45,148,Clarendon/Michigan Express,,Mon,Tue,Wed,Thu,Fri
09:04:57,146,Inner Lake Shore/Michigan Express,,Sun
20:17:56,147,Outer DuSable Lake Shore Express,,Sat
21:19:25,151,Sheridan,,Sun
07:52:24,148,Clarendon/Michigan Express,,Mon,Tue,Wed,Thu,Fri
08:43:25,147,Outer DuSable Lake Shore Express,,Sat
19:31:18,151,Sheridan,,Sun
11:29:18,151,Sheridan,,Sat
13:09:21,146,Inner Lake Shore/Michigan Express,,Sun
20:11:18,151,Sheridan,,Mon,Tue,Wed,Thu,Fri
19:59:33,147,Outer DuSable Lake Shore Express,,Sun
06:20:18,151,Sheridan,,Mon,Tue,Wed,Thu,Fri
10:18:38,3,King Drive,,Mon,Tue,Wed,Thu,Fri
10:51:05,3,King Drive,,Sun
11:38:04,151,Sheridan,,Mon,Tue,Wed,Thu,Fri
11:04:42,146,Inner Lake Shore/Michigan Express,,Mon,Tue,Wed,Thu,Fri
09:00:06,146,Inner Lake Shore/Michigan Express,,Sat
06:52:03,147,Outer DuSable Lake Shore Express,,Mon,Tue,Wed,Thu,Fri
10:25:42,146,Inner Lake Shore/Michigan Express,,Mon,Tue,Wed,Thu,Fri
16:10:57,151,Sheridan,,Mon,Tue,Wed,Thu,Fri
19:54:49,151,Sheridan,,Sat
17:28:57,147,Outer DuSable Lake Shore Express,,Mon,Tue,Wed,Thu,Fri
13:15:01,146,Inner Lake Shore/Michigan Express,,Sat
14:01:04,151,Sheridan,,Sun
06:20:40,147,Outer DuSable Lake Shore Express,,Sat
08:04:27,146,Inner Lake Shore/Michigan Express,,Sat
16:01:12,151,Sheridan,,Sun
19:46:11,3,King Drive,,Mon,Tue,Wed,Thu,Fri
21:04:08,3,King Drive,,Sun
19:00:48,3,King Drive,,Sat
22:12:33,147,Outer DuSable Lake Shore Express,,Mon,Tue,Wed,Thu,Fri
16:51:21,3,King Drive,,Mon,Tue,Wed,Thu,Fri
13:37:49,151,Sheridan,,Sat
16:23:07,146,Inner Lake Shore/Michigan Express,,Sat
13:55:42,147,Outer DuSable Lake Shore Express,,Mon,Tue,Wed,Thu,Fri
18:44:12,151,Sheridan,,Mon,Tue,Wed,Thu,Fri
08:36:48,151,Sheridan,,Mon,Tue,Wed,Thu,Fri
01:08:39,151,Sheridan,,Tue,Wed,Thu,Fri,Sat
08:23:27,125,Water Tower Express,,Mon,Tue,Wed,Thu,Fri
09:37:33,147,Outer DuSable Lake Shore Express,,Sun
11:13:48,147,Outer DuSable Lake Shore Express,,Sun
05:32:40,147,Outer DuSable Lake Shore Express,,Sat
09:22:55,151,Sheridan,,Sat
17:12:51,3,King Drive,,Sat
19:41:57,151,Sheridan,,Sat
09:32:54,146,Inner Lake Shore/Michigan Express,,Sat
13:02:40,146,Inner Lake Shore/Michigan Express,,Sun
07:18:41,147,Outer DuSable Lake Shore Express,,Mon,Tue,Wed,Thu,Fri
22:49:55,151,Sheridan,,Mon,Tue,Wed,Thu,Fri
12:13:04,147,Outer DuSable Lake Shore Express,,Mon,Tue,Wed,Thu,Fri
07:06:18,146,Inner Lake Shore/Michigan Express,,Sun
11:57:48,147,Outer DuSable Lake Shore Express,,Sun
07:14:11,147,Outer DuSable Lake Shore Express,,Mon,Tue,Wed,Thu,Fri
20:47:57,146,Inner Lake Shore/Michigan Express,,Sun
08:47:19,143,Stockton/Michigan Express,,Mon,Tue,Wed,Thu,Fri
22:59:18,151,Sheridan,,Sun
19:25:48,147,Outer DuSable Lake Shore Express,,Mon,Tue,Wed,Thu,Fri
08:06:29,3,King Drive,,Sat
14:31:12,151,Sheridan,,Sun
19:54:49,151,Sheridan,,Sat
09:25:38,3,King Drive,,Mon,Tue,Wed,Thu,Fri
21:42:15,3,King Drive,,Sat
13:53:49,151,Sheridan,,Sat
21:03:15,3,King Drive,,Sat
08:36:29,3,King Drive,,Sun
07:59:54,146,Inner Lake Shore/Michigan Express,,Mon,Tue,Wed,Thu,Fri
17:22:13,151,Sheridan,,Sat
18:52:15,3,King Drive,,Mon,Tue,Wed,Thu,Fri
16:10:05,147,Outer DuSable Lake Shore Express,,Sat
17:24:19,147,Outer DuSable Lake Shore Express,,Sat
17:21:51,3,King Drive,,Sat
08:16:48,151,Sheridan,,Mon,Tue,Wed,Thu,Fri
18:12:15,3,King Drive,,Mon,Tue,Wed,Thu,Fri
09:17:29,3,King Drive,,Sun
13:54:21,146,Inner Lake Shore/Michigan Express,,Sun
14:11:15,3,King Drive,,Sun
11:13:56,151,Sheridan,,Mon,Tue,Wed,Thu,Fri
20:27:50,26,South Shore Express,,Mon,Tue,Wed,Thu,Fri
13:10:34,151,Sheridan,,Sun
19:50:24,146,Inner Lake Shore/Michigan Express,,Sun
15:37:45,3,King Drive,,Mon,Tue,Wed,Thu,Fri
15:33:21,146,Inner Lake Shore/Michigan Express,,Sun
08:22:48,151,Sheridan,,Sat
13:31:34,147,Outer DuSable Lake Shore Express,,Mon,Tue,Wed,Thu,Fri
15:32:49,147,Outer DuSable Lake Shore Express,,Mon,Tue,Wed,Thu,Fri
13:33:11,3,King Drive,,Mon,Tue,Wed,Thu,Fri
05:50:40,147,Outer DuSable Lake Shore Express,,Sat
09:43:03,151,Sheridan,,Sat
18:49:34,151,Sheridan,,Sun
14:06:42,147,Outer DuSable Lake Shore Express,,Mon,Tue,Wed,Thu,Fri
14:41:56,147,Outer DuSable Lake Shore Express,,Sun
16:48:35,151,Sheridan,,Mon,Tue,Wed,Thu,Fri
17:15:49,147,Outer DuSable Lake Shore Express,,Sat
14:43:21,3,King Drive,,Sat
19:22:49,147,Outer DuSable Lake Shore Express,,Sat
16:26:21,146,Inner Lake Shore/Michigan Express,,Sun
06:57:33,147,Outer DuSable Lake Shore Express,,Mon,Tue,Wed,Thu,Fri
07:26:48,146,Inner Lake Shore/Michigan Express,,Sun
13:31:34,147,Outer DuSable Lake Shore Express,,Mon,Tue,Wed,Thu,Fri
18:00:51,3,King Drive,,Sat
07:36:48,151,Sheridan,,Mon,Tue,Wed,Thu,Fri
23:55:18,151,Sheridan,,Sat
16:16:19,26,South Shore Express,,Mon,Tue,Wed,Thu,Fri
08:34:26,147,Outer DuSable Lake Shore Express,,Mon,Tue,Wed,Thu,Fri
09:37:05,3,King Drive,,Sat
12:15:45,3,King Drive,,Sat
07:14:11,147,Outer DuSable Lake Shore Express,,Mon,Tue,Wed,Thu,Fri
11:17:05,3,King Drive,,Sun
13:31:21,3,King Drive,,Sat
08:51:57,146,Inner Lake Shore/Michigan Express,,Sun
08:20:48,151,Sheridan,,Sun
12:41:49,151,Sheridan,,Sat
09:02:55,151,Sheridan,,Sat
21:13:48,147,Outer DuSable Lake Shore Express,,Sun
22:29:27,146,Inner Lake Shore/Michigan Express,,Mon,Tue,Wed,Thu,Fri
12:25:42,151,Sheridan,,Sat
08:26:08,3,King Drive,,Mon,Tue,Wed,Thu,Fri
19:55:11,3,King Drive,,Mon,Tue,Wed,Thu,Fri
23:59:10,151,Sheridan,,Sun
08:23:29,3,King Drive,,Sat
05:35:02,151,Sheridan,,Mon,Tue,Wed,Thu,Fri
17:47:12,146,Inner Lake Shore/Michigan Express,,Sun
23:55:18,151,Sheridan,,Sat
14:18:42,147,Outer DuSable Lake Shore Express,,Mon,Tue,Wed,Thu,Fri
10:51:38,3,King Drive,,Mon,Tue,Wed,Thu,Fri
15:22:05,151,Sheridan,,Sat
17:11:10,125,Water Tower Express,,Mon,Tue,Wed,Thu,Fri
18:36:15,3,King Drive,,Mon,Tue,Wed,Thu,Fri
06:44:18,151,Sheridan,,Mon,Tue,Wed,Thu,Fri
08:14:27,146,Inner Lake Shore/Michigan Express,,Sat
08:52:48,151,Sheridan,,Sat
11:03:41,3,King Drive,,Sat
06:27:02,151,Sheridan,,Sat
16:38:57,151,Sheridan,,Mon,Tue,Wed,Thu,Fri
10:27:48,147,Outer DuSable Lake Shore Express,,Sat
17:00:57,147,Outer DuSable Lake Shore Express,,Mon,Tue,Wed,Thu,Fri
12:40:48,147,Outer DuSable Lake Shore Express,,Sun
11:01:48,147,Outer DuSable Lake Shore Express,,Sun
19:18:15,3,King Drive,,Mon,Tue,Wed,Thu,Fri
09:00:26,147,Outer DuSable Lake Shore Express,,Mon,Tue,Wed,Thu,Fri
15:20:15,3,King Drive,,Sun
00:47:39,151,Sheridan,,Tue,Wed,Thu,Fri,Sat
19:14:19,147,Outer DuSable Lake Shore Express,,Sat
16:58:49,147,Outer DuSable Lake Shore Express,,Sat
08:51:48,151,Sheridan,,Mon,Tue,Wed,Thu,Fri
16:33:57,147,Outer DuSable Lake Shore Express,,Sat
22:15:33,147,Outer DuSable Lake Shore Express,,Sat
12:33:49,151,Sheridan,,Sat
10:13:56,151,Sheridan,,Mon,Tue,Wed,Thu,Fri
11:20:24,146,Inner Lake Shore/Michigan Express,,Sun
07:35:11,147,Outer DuSable Lake Shore Express,,Mon,Tue,Wed,Thu,Fri
12:38:41,3,King Drive,,Mon,Tue,Wed,Thu,Fri
15:36:05,147,Outer DuSable Lake Shore Express,,Sat
14:01:49,151,Sheridan,,Sat
07:11:02,3,King Drive,,Mon,Tue,Wed,Thu,Fri
13:49:21,3,King Drive,,Sat
16:00:21,146,Inner Lake Shore/Michigan Express,,Sun
00:53:54,151,Sheridan,,Sun
12:05:41,3,King Drive,,Sat
18:50:31,146,Inner Lake Shore/Michigan Express,,Mon,Tue,Wed,Thu,Fri
06:35:29,3,King Drive,,Sat
12:51:48,147,Outer DuSable Lake Shore Express,,Sun
21:36:41,147,Outer DuSable Lake Shore Express,,Sat
10:33:04,147,Outer DuSable Lake Shore Express,,Mon,Tue,Wed,Thu,Fri
07:38:24,146,Inner Lake Shore/Michigan Express,,Mon,Tue,Wed,Thu,Fri
15:23:12,26,South Shore Express,,Mon,Tue,Wed,Thu,Fri
16:23:40,146,Inner Lake Shore/Michigan Express,,Mon,Tue,Wed,Thu,Fri
18:44:15,3,King Drive,,Mon,Tue,Wed,Thu,Fri
17:50:51,3,King Drive,,Sat
06:52:03,147,Outer DuSable Lake Shore Express,,Mon,Tue,Wed,Thu,Fri
07:54:29,3,King Drive,,Sun
19:30:48,3,King Drive,,Sat
16:07:07,146,Inner Lake Shore/Michigan Express,,Sat
12:30:56,151,Sheridan,,Sun
09:07:25,147,Outer DuSable Lake Shore Express,,Sun
10:52:18,147,Outer DuSable Lake Shore Express,,Sun
11:38:04,151,Sheridan,,Mon,Tue,Wed,Thu,Fri
08:14:56,147,Outer DuSable Lake Shore Express,,Mon,Tue,Wed,Thu,Fri
13:53:49,151,Sheridan,,Sat
12:16:41,3,King Drive,,Mon,Tue,Wed,Thu,Fri
20:19:33,151,Sheridan,,Sun
22:02:03,151,Sheridan,,Mon,Tue,Wed,Thu,Fri
23:43:10,151,Sheridan,,Mon,Tue,Wed,Thu,Fri
20:50:15,3,King Drive,,Sat
07:47:57,146,Inner Lake Shore/Michigan Express,,Sun
06:56:25,151,Sheridan,,Mon,Tue,Wed,Thu,Fri
18:25:05,26,South Shore Express,,Mon,Tue,Wed,Thu,Fri
13:55:31,146,Inner Lake Shore/Michigan Express,,Sat
21:34:18,147,Outer DuSable Lake Shore Express,,Sun
17:42:57,147,Outer DuSable Lake Shore Express,,Mon,Tue,Wed,Thu,Fri
12:51:48,147,Outer DuSable Lake Shore Express,,Sun
10:51:38,3,King Drive,,Mon,Tue,Wed,Thu,Fri
22:17:08,3,King Drive,,Mon,Tue,Wed,Thu,Fri
10:51:05,3,King Drive,,Sun
16:48:37,146,Inner Lake Shore/Michigan Express,,Sat
19:06:05,26,South Shore Express,,Mon,Tue,Wed,Thu,Fri
07:54:54,146,Inner Lake Shore/Michigan Express,,Mon,Tue,Wed,Thu,Fri
21:48:41,147,Outer DuSable Lake Shore Express,,Sat
18:15:19,147,Outer DuSable Lake Shore Express,,Sat
15:43:15,3,King Drive,,Sun
22:23:11,151,Sheridan,,Sat
09:25:24,146,Inner Lake Shore/Michigan Express,,Sat
17:11:21,146,Inner Lake Shore/Michigan Express,,Sun
09:23:27,125,Water Tower Express,,Mon,Tue,Wed,Thu,Fri
15:10:35,147,Outer DuSable Lake Shore Express,,Sat
22:08:18,151,Sheridan,,Sat
10:07:38,3,King Drive,,Mon,Tue,Wed,Thu,Fri
14:23:11,3,King Drive,,Mon,Tue,Wed,Thu,Fri
16:50:45,3,King Drive,,Sun
14:02:12,147,Outer DuSable Lake Shore Express,,Sat
22:08:15,146,Inner Lake Shore/Michigan Express,,Sat
17:51:10,146,Inner Lake Shore/Michigan Express,,Mon,Tue,Wed,Thu,Fri
07:12:29,3,King Drive,,Sun
09:10:34,143,Stockton/Michigan Express,,Mon,Tue,Wed,Thu,Fri
09:09:12,148,Clarendon/Michigan Express,,Mon,Tue,Wed,Thu,Fri
14:51:12,151,Sheridan,,Sun
18:20:15,3,King Drive,,Mon,Tue,Wed,Thu,Fri
16:50:19,147,Outer DuSable Lake Shore Express,,Sat
17:02:21,146,Inner Lake Shore/Michigan Express,,Sun
15:38:26,147,Outer DuSable Lake Shore Express,,Sun
15:41:12,151,Sheridan,,Sun
19:08:26,147,Outer DuSable Lake Shore Express,,Mon,Tue,Wed,Thu,Fri
14:27:31,146,Inner Lake Shore/Michigan Express,,Sat
11:55:08,3,King Drive,,Sun
13:45:12,147,Outer DuSable Lake Shore Express,,Sat
21:23:34,151,Sheridan,,Sat
16:57:57,26,South Shore Express,,Mon,Tue,Wed,Thu,Fri
21:15:11,147,Outer DuSable Lake Shore Express,,Mon,Tue,Wed,Thu,Fri
10:12:18,147,Outer DuSable Lake Shore Express,,Sun
15:11:12,151,Sheridan,,Sun
14:34:21,3,King Drive,,Sat
06:35:18,147,Outer DuSable Lake Shore Express,,Sun
09:55:24,146,Inner Lake Shore/Michigan Express,,Sat
11:44:04,147,Outer DuSable Lake Shore Express,,Mon,Tue,Wed,Thu,Fri
10:16:05,3,King Drive,,Sat
11:23:42,146,Inner Lake Shore/Michigan Express,,Mon,Tue,Wed,Thu,Fri
14:09:49,151,Sheridan,,Sat
12:33:04,147,Outer DuSable Lake Shore Express,,Mon,Tue,Wed,Thu,Fri
18:48:11,3,King Drive,,Sun
12:40:48,147,Outer DuSable Lake Shore Express,,Sun
09:57:15,146,Inner Lake Shore/Michigan Express,,Sun
16:20:27,151,Sheridan,,Mon,Tue,Wed,Thu,Fri
08:41:48,151,Sheridan,,Mon,Tue,Wed,Thu,Fri
10:33:12,146,Inner Lake Shore/Michigan Express,,Sat
21:38:26,151,Sheridan,,Sat
08:16:55,147,Outer DuSable Lake Shore Express,,Sat
19:59:33,147,Outer DuSable Lake Shore Express,,Sun
08:15:29,3,King Drive,,Sun
10:24:04,147,Outer DuSable Lake Shore Express,,Mon,Tue,Wed,Thu,Fri
08:34:42,146,Inner Lake Shore/Michigan Express,,Mon,Tue,Wed,Thu,Fri
21:17:41,3,King Drive,,Mon,Tue,Wed,Thu,Fri
11:21:18,151,Sheridan,,Sat
09:24:33,148,Clarendon/Michigan Express,,Mon,Tue,Wed,Thu,Fri
12:35:40,146,Inner Lake Shore/Michigan Express,,Mon,Tue,Wed,Thu,Fri
07:46:08,3,King Drive,,Mon,Tue,Wed,Thu,Fri
07:22:45,125,Water Tower Express,,Mon,Tue,Wed,Thu,Fri
09:47:54,146,Inner Lake Shore/Michigan Express,,Sat
09:29:06,146,Inner Lake Shore/Michigan Express,,Sun
19:54:20,26,South Shore Express,,Mon,Tue,Wed,Thu,Fri
12:36:18,147,Outer DuSable Lake Shore Express,,Sat
06:41:32,3,King Drive,,Mon,Tue,Wed,Thu,Fri
15:20:49,147,Outer DuSable Lake Shore Express,,Mon,Tue,Wed,Thu,Fri
08:32:48,151,Sheridan,,Sat
17:12:51,3,King Drive,,Sat
18:15:19,147,Outer DuSable Lake Shore Express,,Sat
18:05:31,146,Inner Lake Shore/Michigan Express,,Mon,Tue,Wed,Thu,Fri
22:08:15,146,Inner Lake Shore/Michigan Express,,Sat
17:32:49,147,Outer DuSable Lake Shore Express,,Sat
18:44:12,151,Sheridan,,Mon,Tue,Wed,Thu,Fri
13:16:10,146,Inner Lake Shore/Michigan Express,,Mon,Tue,Wed,Thu,Fri
18:10:13,151,Sheridan,,Sat
12:09:34,151,Sheridan,,Sat
16:38:40,125,Water Tower Express,,Mon,Tue,Wed,Thu,Fri
20:58:18,151,Sheridan,,Mon,Tue,Wed,Thu,Fri
07:35:18,147,Outer DuSable Lake Shore Express,,Sat
11:35:41,3,King Drive,,Sat
13:59:45,3,King Drive,,Sun
07:23:18,147,Outer DuSable Lake Shore Express,,Sat
16:58:49,147,Outer DuSable Lake Shore Express,,Sat
18:16:42,147,Outer DuSable Lake Shore Express,,Mon,Tue,Wed,Thu,Fri
09:25:48,147,Outer DuSable Lake Shore Express,,Mon,Tue,Wed,Thu,Fri
17:25:28,146,Inner Lake Shore/Michigan Express,,Mon,Tue,Wed,Thu,Fri
23:04:39,146,Inner Lake Shore/Michigan Express,,Sun
07:53:27,146,Inner Lake Shore/Michigan Express,,Sat
18:00:51,3,King Drive,,Sat
16:06:15,3,King Drive,,Sun
08:05:48,151,Sheridan,,Sun
08:07:25,147,Outer DuSable Lake Shore Express,,Sun
12:43:01,146,Inner Lake Shore/Michigan Express,,Sat
06:20:32,151,Sheridan,,Sun
08:11:56,143,Stockton/Michigan Express,,Mon,Tue,Wed,Thu,Fri
16:54:51,3,King Drive,,Sat
09:18:56,147,Outer DuSable Lake Shore Express,,Mon,Tue,Wed,Thu,Fri
11:35:48,147,Outer DuSable Lake Shore Express,,Sat
15:22:05,151,Sheridan,,Sat
16:46:21,3,King Drive,,Sat
18:25:42,151,Sheridan,,Sun
11:55:12,146,Inner Lake Shore/Michigan Express,,Sat
20:00:03,146,Inner Lake Shore/Michigan Express,,Mon,Tue,Wed,Thu,Fri
16:16:19,26,South Shore Express,,Mon,Tue,Wed,Thu,Fri
14:54:50,125,Water Tower Express,,Mon,Tue,Wed,Thu,Fri
08:57:29,3,King Drive,,Sun
18:03:58,146,Inner Lake Shore/Michigan Express,,Sat
17:07:19,147,Outer DuSable Lake Shore Express,,Sat
08:43:27,125,Water Tower Express,,Mon,Tue,Wed,Thu,Fri
08:41:42,148,Clarendon/Michigan Express,,Mon,Tue,Wed,Thu,Fri
13:22:41,3,King Drive,,Mon,Tue,Wed,Thu,Fri
14:54:27,147,Outer DuSable Lake Shore Express,,Sat
15:51:12,151,Sheridan,,Sun
14:27:31,146,Inner Lake Shore/Michigan Express,,Sat
10:48:12,146,Inner Lake Shore/Michigan Express,,Mon,Tue,Wed,Thu,Fri
17:05:27,26,South Shore Express,,Mon,Tue,Wed,Thu,Fri
16:41:12,151,Sheridan,,Sun
16:29:48,3,King Drive,,Mon,Tue,Wed,Thu,Fri
06:57:33,147,Outer DuSable Lake Shore Express,,Mon,Tue,Wed,Thu,Fri
16:02:34,147,Outer DuSable Lake Shore Express,,Sun
22:53:18,147,Outer DuSable Lake Shore Express,,Sun
08:23:27,125,Water Tower Express,,Mon,Tue,Wed,Thu,Fri
18:01:19,151,Sheridan,,Mon,Tue,Wed,Thu,Fri
14:16:40,146,Inner Lake Shore/Michigan Express,,Mon,Tue,Wed,Thu,Fri
11:21:18,151,Sheridan,,Sat
11:37:18,151,Sheridan,,Sat
08:25:42,146,Inner Lake Shore/Michigan Express,,Mon,Tue,Wed,Thu,Fri
11:01:48,147,Outer DuSable Lake Shore Express,,Sat
14:22:45,3,King Drive,,Sun
08:24:27,146,Inner Lake Shore/Michigan Express,,Sat
11:02:24,146,Inner Lake Shore/Michigan Express,,Sun
19:28:11,3,King Drive,,Mon,Tue,Wed,Thu,Fri
20:37:15,3,King Drive,,Sat
12:59:01,146,Inner Lake Shore/Michigan Express,,Sat
08:09:56,147,Outer DuSable Lake Shore Express,,Mon,Tue,Wed,Thu,Fri
17:38:12,146,Inner Lake Shore/Michigan Express,,Sun
08:06:08,3,King Drive,,Mon,Tue,Wed,Thu,Fri
13:05:49,151,Sheridan,,Sat
10:07:38,3,King Drive,,Mon,Tue,Wed,Thu,Fri
00:38:39,151,Sheridan,,Mon
17:50:13,151,Sheridan,,Sat
21:14:18,151,Sheridan,,Mon,Tue,Wed,Thu,Fri
12:54:12,147,Outer DuSable Lake Shore Express,,Sat
08:06:56,143,Stockton/Michigan Express,,Mon,Tue,Wed,Thu,Fri
12:27:12,146,Inner Lake Shore/Michigan Express,,Sat
17:38:12,146,Inner Lake Shore/Michigan Express,,Sun
09:01:42,143,Stockton/Michigan Express,,Mon,Tue,Wed,Thu,Fri
18:50:48,3,King Drive,,Sat
20:02:11,151,Sheridan,,Sun
21:06:26,147,Outer DuSable Lake Shore Express,,Sat
16:10:56,147,Outer DuSable Lake Shore Express,,Sun
18:20:48,3,King Drive,,Sat
15:21:12,151,Sheridan,,Sun
13:33:11,3,King Drive,,Mon,Tue,Wed,Thu,Fri
08:25:25,147,Outer DuSable Lake Shore Express,,Sat
18:49:19,147,Outer DuSable Lake Shore Express,,Sat
00:11:29,3,King Drive,,Tue,Wed,Thu,Fri,Sat
09:01:42,148,Clarendon/Michigan Express,,Mon,Tue,Wed,Thu,Fri
23:43:10,151,Sheridan,,Mon,Tue,Wed,Thu,Fri
14:52:58,146,Inner Lake Shore/Michigan Express,,Sat
12:49:41,3,King Drive,,Mon,Tue,Wed,Thu,Fri
07:44:25,147,Outer DuSable Lake Shore Express,,Sun
09:12:55,151,Sheridan,,Sat
16:50:45,3,King Drive,,Sun
09:50:05,3,King Drive,,Sat
11:30:08,3,King Drive,,Sun
22:01:33,147,Outer DuSable Lake Shore Express,,Sat
11:35:41,3,King Drive,,Sat
11:04:05,3,King Drive,,Sun
13:16:57,26,South Shore Express,,Mon,Tue,Wed,Thu,Fri
07:49:54,146,Inner Lake Shore/Michigan Express,,Mon,Tue,Wed,Thu,Fri
09:28:33,147,Outer DuSable Lake Shore Express,,Sun
19:14:19,147,Outer DuSable Lake Shore Express,,Sat
09:50:05,3,King Drive,,Sat
21:43:08,3,King Drive,,Mon,Tue,Wed,Thu,Fri
15:15:26,147,Outer DuSable Lake Shore Express,,Sun
14:16:21,3,King Drive,,Sat
12:53:40,146,Inner Lake Shore/Michigan Express,,Sun
15:23:12,26,South Shore Express,,Mon,Tue,Wed,Thu,Fri
16:33:57,147,Outer DuSable Lake Shore Express,,Mon,Tue,Wed,Thu,Fri
09:20:48,143,Stockton/Michigan Express,,Mon,Tue,Wed,Thu,Fri
01:13:54,151,Sheridan,,Sun
12:36:21,3,King Drive,,Sat
22:07:27,146,Inner Lake Shore/Michigan Express,,Sun
15:34:42,26,South Shore Express,,Mon,Tue,Wed,Thu,Fri
14:34:21,3,King Drive,,Sat
11:21:12,146,Inner Lake Shore/Michigan Express,,Sat
12:07:38,3,King Drive,,Sun
18:02:05,26,South Shore Express,,Mon,Tue,Wed,Thu,Fri
13:07:01,146,Inner Lake Shore/Michigan Express,,Sat
16:09:21,146,Inner Lake Shore/Michigan Express,,Sun
23:19:18,151,Sheridan,,Sun
12:46:21,3,King Drive,,Sat
19:17:12,146,Inner Lake Shore/Michigan Express,,Mon,Tue,Wed,Thu,Fri
11:25:56,151,Sheridan,,Mon,Tue,Wed,Thu,Fri
08:56:25,147,Outer DuSable Lake Shore Express,,Sun
07:20:54,146,Inner Lake Shore/Michigan Express,,Mon,Tue,Wed,Thu,Fri
09:32:55,151,Sheridan,,Sun
19:31:42,146,Inner Lake Shore/Michigan Express,,Mon,Tue,Wed,Thu,Fri
18:50:48,3,King Drive,,Sat
21:33:33,147,Outer DuSable Lake Shore Express,,Mon,Tue,Wed,Thu,Fri
14:47:10,146,Inner Lake Shore/Michigan Express,,Mon,Tue,Wed,Thu,Fri
15:25:21,3,King Drive,,Sat
16:00:21,146,Inner Lake Shore/Michigan Express,,Sun
15:31:45,3,King Drive,,Sun
09:41:48,151,Sheridan,,Mon,Tue,Wed,Thu,Fri
14:41:49,151,Sheridan,,Sat
19:20:05,151,Sheridan,,Sat
10:08:05,3,King Drive,,Sun
09:12:55,151,Sheridan,,Sat
13:20:34,147,Outer DuSable Lake Shore Express,,Mon,Tue,Wed,Thu,Fri
18:51:28,146,Inner Lake Shore/Michigan Express,,Sat
09:07:12,148,Clarendon/Michigan Express,,Mon,Tue,Wed,Thu,Fri
17:32:42,151,Sheridan,,Sun
11:11:18,147,Outer DuSable Lake Shore Express,,Sat
14:56:12,147,Outer DuSable Lake Shore Express,,Mon,Tue,Wed,Thu,Fri
15:27:35,147,Outer DuSable Lake Shore Express,,Sat
18:36:15,3,King Drive,,Mon,Tue,Wed,Thu,Fri
14:45:45,3,King Drive,,Sun
15:13:50,125,Water Tower Express,,Mon,Tue,Wed,Thu,Fri
06:31:32,3,King Drive,,Mon,Tue,Wed,Thu,Fri
11:33:04,147,Outer DuSable Lake Shore Express,,Mon,Tue,Wed,Thu,Fri
17:21:05,151,Sheridan,,Mon,Tue,Wed,Thu,Fri
17:32:42,151,Sheridan,,Sun
13:41:04,151,Sheridan,,Sun
20:24:15,3,King Drive,,Sat
15:22:45,3,King Drive,,Mon,Tue,Wed,Thu,Fri
14:09:42,147,Outer DuSable Lake Shore Express,,Sat
17:31:26,147,Outer DuSable Lake Shore Express,,Sun
11:35:38,3,King Drive,,Mon,Tue,Wed,Thu,Fri
15:51:04,147,Outer DuSable Lake Shore Express,,Sun
07:30:48,143,Stockton/Michigan Express,,Mon,Tue,Wed,Thu,Fri
06:33:10,147,Outer DuSable Lake Shore Express,,Sat
12:43:01,146,Inner Lake Shore/Michigan Express,,Sat
16:50:27,26,South Shore Express,,Mon,Tue,Wed,Thu,Fri
09:16:08,3,King Drive,,Mon,Tue,Wed,Thu,Fri
22:17:55,151,Sheridan,,Mon,Tue,Wed,Thu,Fri
22:43:35,3,King Drive,,Mon,Tue,Wed,Thu,Fri
22:39:18,151,Sheridan,,Sun
15:50:07,146,Inner Lake Shore/Michigan Express,,Sat
19:16:26,151,Sheridan,,Sun
18:37:34,151,Sheridan,,Sun
12:05:41,3,King Drive,,Mon,Tue,Wed,Thu,Fri
11:01:56,151,Sheridan,,Mon,Tue,Wed,Thu,Fri
23:54:29,3,King Drive,,Mon,Tue,Wed,Thu,Fri
16:40:21,3,King Drive,,Mon,Tue,Wed,Thu,Fri
06:42:45,125,Water Tower Express,,Mon,Tue,Wed,Thu,Fri
13:52:42,147,Outer DuSable Lake Shore Express,,Sat
23:38:11,151,Sheridan,,Sat
14:41:12,151,Sheridan,,Sun
23:54:29,3,King Drive,,Mon,Tue,Wed,Thu,Fri
11:21:12,146,Inner Lake Shore/Michigan Express,,Sat
15:22:45,3,King Drive,,Mon,Tue,Wed,Thu,Fri
09:25:48,147,Outer DuSable Lake Shore Express,,Mon,Tue,Wed,Thu,Fri
22:34:48,147,Outer DuSable Lake Shore Express,,Sun
15:48:10,125,Water Tower Express,,Mon,Tue,Wed,Thu,Fri
07:12:39,146,Inner Lake Shore/Michigan Express,,Sat
19:32:24,146,Inner Lake Shore/Michigan Express,,Sun
07:56:55,147,Outer DuSable Lake Shore Express,,Sat
10:24:04,147,Outer DuSable Lake Shore Express,,Mon,Tue,Wed,Thu,Fri
19:08:26,147,Outer DuSable Lake Shore Express,,Mon,Tue,Wed,Thu,Fri
05:50:40,147,Outer DuSable Lake Shore Express,,Sat
08:11:56,143,Stockton/Michigan Express,,Mon,Tue,Wed,Thu,Fri
22:47:27,146,Inner Lake Shore/Michigan Express,,Mon,Tue,Wed,Thu,Fri
20:38:42,151,Sheridan,,Sat
08:36:48,151,Sheridan,,Mon,Tue,Wed,Thu,Fri
13:51:12,151,Sheridan,,Mon,Tue,Wed,Thu,Fri
21:42:06,146,Inner Lake Shore/Michigan Express,,Mon,Tue,Wed,Thu,Fri
22:27:27,146,Inner Lake Shore/Michigan Express,,Sun
16:31:12,151,Sheridan,,Sun
12:38:12,151,Sheridan,,Mon,Tue,Wed,Thu,Fri
16:36:10,146,Inner Lake Shore/Michigan Express,,Mon,Tue,Wed,Thu,Fri
14:33:49,151,Sheridan,,Sat
09:48:15,146,Inner Lake Shore/Michigan Express,,Sun
05:02:10,147,Outer DuSable Lake Shore Express,,Mon,Tue,Wed,Thu,Fri
23:24:59,3,King Drive,,Mon,Tue,Wed,Thu,Fri
20:56:56,147,Outer DuSable Lake Shore Express,,Sat
11:28:18,147,Outer DuSable Lake Shore Express,,Sat
13:23:01,146,Inner Lake Shore/Michigan Express,,Sat
10:33:18,151,Sheridan,,Sat
16:14:37,146,Inner Lake Shore/Michigan Express,,Sat
17:42:56,147,Outer DuSable Lake Shore Express,,Sun
08:10:33,146,Inner Lake Shore/Michigan Express,,Mon,Tue,Wed,Thu,Fri
15:45:12,26,South Shore Express,,Mon,Tue,Wed,Thu,Fri
09:25:38,3,King Drive,,Mon,Tue,Wed,Thu,Fri
16:10:57,151,Sheridan,,Mon,Tue,Wed,Thu,Fri
11:45:48,147,Outer DuSable Lake Shore Express,,Sun
11:13:38,3,King Drive,,Mon,Tue,Wed,Thu,Fri
18:59:11,3,King Drive,,Sun
20:16:08,3,King Drive,,Sun
11:01:48,147,Outer DuSable Lake Shore Express,,Sat
22:29:27,146,Inner Lake Shore/Michigan Express,,Mon,Tue,Wed,Thu,Fri
14:39:21,146,Inner Lake Shore/Michigan Express,,Sun
11:47:12,146,Inner Lake Shore/Michigan Express,,Sat
22:32:33,147,Outer DuSable Lake Shore Express,,Mon,Tue,Wed,Thu,Fri
15:44:45,3,King Drive,,Mon,Tue,Wed,Thu,Fri
09:25:24,146,Inner Lake Shore/Michigan Express,,Sat
14:47:10,146,Inner Lake Shore/Michigan Express,,Mon,Tue,Wed,Thu,Fri
17:11:21,146,Inner Lake Shore/Michigan Express,,Sun
12:57:38,3,King Drive,,Sun
06:11:59,3,King Drive,,Mon,Tue,Wed,Thu,Fri
15:42:07,146,Inner Lake Shore/Michigan Express,,Sat
06:57:09,146,Inner Lake Shore/Michigan Express,,Sat
12:19:12,146,Inner Lake Shore/Michigan Express,,Sat
15:15:21,146,Inner Lake Shore/Michigan Express,,Sun
10:41:12,146,Inner Lake Shore/Michigan Express,,Sat
15:30:45,3,King Drive,,Mon,Tue,Wed,Thu,Fri
14:26:49,147,Outer DuSable Lake Shore Express,,Sat
12:26:12,151,Sheridan,,Mon,Tue,Wed,Thu,Fri
07:20:54,146,Inner Lake Shore/Michigan Express,,Mon,Tue,Wed,Thu,Fri
09:53:02,3,King Drive,,Sun
19:09:34,151,Sheridan,,Mon,Tue,Wed,Thu,Fri
17:49:18,3,King Drive,,Mon,Tue,Wed,Thu,Fri
16:54:40,125,Water Tower Express,,Mon,Tue,Wed,Thu,Fri
06:42:09,146,Inner Lake Shore/Michigan Express,,Sat
19:40:12,147,Outer DuSable Lake Shore Express,,Sat
15:38:26,147,Outer DuSable Lake Shore Express,,Sun
08:22:34,143,Stockton/Michigan Express,,Mon,Tue,Wed,Thu,Fri
19:22:01,146,Inner Lake Shore/Michigan Express,,Sat
17:05:27,26,South Shore Express,,Mon,Tue,Wed,Thu,Fri
10:08:05,3,King Drive,,Sun
06:00:32,151,Sheridan,,Sun
16:59:05,151,Sheridan,,Mon,Tue,Wed,Thu,Fri
17:53:12,151,Sheridan,,Sun
10:02:54,146,Inner Lake Shore/Michigan Express,,Sat
15:14:05,151,Sheridan,,Sat
19:55:56,151,Sheridan,,Mon,Tue,Wed,Thu,Fri
10:49:12,146,Inner Lake Shore/Michigan Express,,Sat
20:29:54,146,Inner Lake Shore/Michigan Express,,Mon,Tue,Wed,Thu,Fri
13:10:08,3,King Drive,,Sun
17:51:42,26,South Shore Express,,Mon,Tue,Wed,Thu,Fri
17:54:58,146,Inner Lake Shore/Michigan Express,,Sat
18:56:12,151,Sheridan,,Mon,Tue,Wed,Thu,Fri
14:57:40,146,Inner Lake Shore/Michigan Express,,Mon,Tue,Wed,Thu,Fri
21:42:06,146,Inner Lake Shore/Michigan Express,,Mon,Tue,Wed,Thu,Fri
21:21:50,26,South Shore Express,,Mon,Tue,Wed,Thu,Fri
12:00:48,151,Sheridan,,Sun
15:17:21,3,King Drive,,Sat
18:07:12,146,Inner Lake Shore/Michigan Express,,Sun
10:17:24,146,Inner Lake Shore/Michigan Express,,Sun
17:18:51,3,King Drive,,Mon,Tue,Wed,Thu,Fri
23:23:11,151,Sheridan,,Sat
10:20:03,151,Sheridan,,Sun
15:42:21,146,Inner Lake Shore/Michigan Express,,Sun
13:57:56,147,Outer DuSable Lake Shore Express,,Sun
07:26:38,3,King Drive,,Mon,Tue,Wed,Thu,Fri
08:44:55,151,Sheridan,,Sun
19:28:11,3,King Drive,,Mon,Tue,Wed,Thu,Fri
07:36:08,3,King Drive,,Mon,Tue,Wed,Thu,Fri
16:10:05,147,Outer DuSable Lake Shore Express,,Sat
12:18:48,147,Outer DuSable Lake Shore Express,,Sun
08:35:42,148,Clarendon/Michigan Express,,Mon,Tue,Wed,Thu,Fri
08:06:48,151,Sheridan,,Mon,Tue,Wed,Thu,Fri
08:40:29,3,King Drive,,Sat
05:20:02,151,Sheridan,,Mon,Tue,Wed,Thu,Fri
14:06:40,146,Inner Lake Shore/Michigan Express,,Mon,Tue,Wed,Thu,Fri
07:06:18,146,Inner Lake Shore/Michigan Express,,Sun
08:06:24,148,Clarendon/Michigan Express,,Mon,Tue,Wed,Thu,Fri
10:37:18,147,Outer DuSable Lake Shore Express,,Sat
21:30:03,146,Inner Lake Shore/Michigan Express,,Sat
08:27:25,147,Outer DuSable Lake Shore Express,,Sun
21:04:11,3,King Drive,,Mon,Tue,Wed,Thu,Fri
05:20:02,151,Sheridan,,Mon,Tue,Wed,Thu,Fri
18:23:49,147,Outer DuSable Lake Shore Express,,Sat
12:30:56,151,Sheridan,,Sun
21:55:15,3,King Drive,,Sat
22:19:18,151,Sheridan,,Sun
11:57:48,147,Outer DuSable Lake Shore Express,,Sun
08:47:51,146,Inner Lake Shore/Michigan Express,,Mon,Tue,Wed,Thu,Fri
09:41:48,151,Sheridan,,Mon,Tue,Wed,Thu,Fri
12:15:33,146,Inner Lake Shore/Michigan Express,,Sun
10:44:04,147,Outer DuSable Lake Shore Express,,Mon,Tue,Wed,Thu,Fri
19:37:11,3,King Drive,,Mon,Tue,Wed,Thu,Fri
23:12:48,147,Outer DuSable Lake Shore Express,,Sun
12:46:21,3,King Drive,,Sat
08:07:25,147,Outer DuSable Lake Shore Express,,Sun
17:54:26,147,Outer DuSable Lake Shore Express,,Sun
22:34:05,3,King Drive,,Sun
16:18:35,147,Outer DuSable Lake Shore Express,,Sat
14:41:56,147,Outer DuSable Lake Shore Express,,Sun
06:41:32,3,King Drive,,Mon,Tue,Wed,Thu,Fri
13:15:01,146,Inner Lake Shore/Michigan Express,,Sat
06:26:18,146,Inner Lake Shore/Michigan Express,,Sun
10:33:04,147,Outer DuSable Lake Shore Express,,Mon,Tue,Wed,Thu,Fri
16:42:27,26,South Shore Express,,Mon,Tue,Wed,Thu,Fri
13:07:01,146,Inner Lake Shore/Michigan Express,,Sat
11:55:11,3,King Drive,,Mon,Tue,Wed,Thu,Fri
18:15:42,151,Sheridan,,Mon,Tue,Wed,Thu,Fri
09:43:21,146,Inner Lake Shore/Michigan Express,,Mon,Tue,Wed,Thu,Fri
15:00:58,146,Inner Lake Shore/Michigan Express,,Sat
19:10:05,151,Sheridan,,Sat
09:46:36,148,Clarendon/Michigan Express,,Mon,Tue,Wed,Thu,Fri
21:33:33,147,Outer DuSable Lake Shore Express,,Mon,Tue,Wed,Thu,Fri
10:33:12,146,Inner Lake Shore/Michigan Express,,Mon,Tue,Wed,Thu,Fri
08:16:25,147,Outer DuSable Lake Shore Express,,Sun
20:32:08,3,King Drive,,Sun
06:05:10,151,Sheridan,,Mon,Tue,Wed,Thu,Fri
09:08:55,151,Sheridan,,Sun
20:38:48,147,Outer DuSable Lake Shore Express,,Mon,Tue,Wed,Thu,Fri
12:15:40,146,Inner Lake Shore/Michigan Express,,Mon,Tue,Wed,Thu,Fri
24:19:10,151,Sheridan,,Sun
12:06:33,146,Inner Lake Shore/Michigan Express,,Sun
20:34:11,3,King Drive,,Mon,Tue,Wed,Thu,Fri
15:46:05,151,Sheridan,,Sat
10:52:38,3,King Drive,,Sat
23:23:48,151,Sheridan,,Mon,Tue,Wed,Thu,Fri
06:22:02,3,King Drive,,Mon,Tue,Wed,Thu,Fri
17:21:57,26,South Shore Express,,Mon,Tue,Wed,Thu,Fri
08:05:24,148,Clarendon/Michigan Express,,Mon,Tue,Wed,Thu,Fri
17:23:45,3,King Drive,,Sun
10:41:18,147,Outer DuSable Lake Shore Express,,Sun
06:46:18,146,Inner Lake Shore/Michigan Express,,Sun
12:02:18,147,Outer DuSable Lake Shore Express,,Sat
16:34:20,151,Sheridan,,Sat
15:48:10,125,Water Tower Express,,Mon,Tue,Wed,Thu,Fri
23:27:38,3,King Drive,,Sat
10:52:18,147,Outer DuSable Lake Shore Express,,Sun
07:28:48,147,Outer DuSable Lake Shore Express,,Sun
07:31:33,151,Sheridan,,Mon,Tue,Wed,Thu,Fri
09:30:18,147,Outer DuSable Lake Shore Express,,Mon,Tue,Wed,Thu,Fri
15:44:35,147,Outer DuSable Lake Shore Express,,Sat
06:05:10,151,Sheridan,,Mon,Tue,Wed,Thu,Fri
17:08:26,147,Outer DuSable Lake Shore Express,,Sun
20:19:33,151,Sheridan,,Sun
14:30:21,146,Inner Lake Shore/Michigan Express,,Sun
10:10:24,146,Inner Lake Shore/Michigan Express,,Sat
12:02:04,151,Sheridan,,Mon,Tue,Wed,Thu,Fri
13:47:31,146,Inner Lake Shore/Michigan Express,,Sat
22:38:11,151,Sheridan,,Sat
18:50:05,151,Sheridan,,Sat
18:20:15,3,King Drive,,Mon,Tue,Wed,Thu,Fri
16:11:12,151,Sheridan,,Sun
13:47:31,146,Inner Lake Shore/Michigan Express,,Sat
14:31:12,147,Outer DuSable Lake Shore Express,,Mon,Tue,Wed,Thu,Fri
10:05:34,147,Outer DuSable Lake Shore Express,,Mon,Tue,Wed,Thu,Fri
08:17:34,143,Stockton/Michigan Express,,Mon,Tue,Wed,Thu,Fri
18:51:28,146,Inner Lake Shore/Michigan Express,,Sat
16:40:07,146,Inner Lake Shore/Michigan Express,,Sat
11:28:18,147,Outer DuSable Lake Shore Express,,Sat
20:34:11,3,King Drive,,Mon,Tue,Wed,Thu,Fri
23:13:32,3,King Drive,,Sun
14:43:21,3,King Drive,,Sat
15:44:45,3,King Drive,,Mon,Tue,Wed,Thu,Fri
15:58:37,146,Inner Lake Shore/Michigan Express,,Sat
12:15:33,146,Inner Lake Shore/Michigan Express,,Sun
16:34:20,151,Sheridan,,Sat
10:20:18,147,Outer DuSable Lake Shore Express,,Sat
20:17:56,147,Outer DuSable Lake Shore Express,,Sat
12:25:42,151,Sheridan,,Sat
10:11:51,146,Inner Lake Shore/Michigan Express,,Mon,Tue,Wed,Thu,Fri
19:32:24,146,Inner Lake Shore/Michigan Express,,Sun
08:21:56,147,Outer DuSable Lake Shore Express,,Mon,Tue,Wed,Thu,Fri
12:25:40,146,Inner Lake Shore/Michigan Express,,Mon,Tue,Wed,Thu,Fri
07:00:40,151,Sheridan,,Sun
08:26:03,148,Clarendon/Michigan Express,,Mon,Tue,Wed,Thu,Fri
14:19:56,147,Outer DuSable Lake Shore Express,,Sun
12:35:01,146,Inner Lake Shore/Michigan Express,,Sat
19:46:18,151,Sheridan,,Sun
08:10:48,151,Sheridan,,Sat
17:24:21,3,King Drive,,Mon,Tue,Wed,Thu,Fri
15:13:50,125,Water Tower Express,,Mon,Tue,Wed,Thu,Fri
15:51:49,151,Sheridan,,Mon,Tue,Wed,Thu,Fri
15:18:40,146,Inner Lake Shore/Michigan Express,,Mon,Tue,Wed,Thu,Fri
19:25:04,151,Sheridan,,Mon,Tue,Wed,Thu,Fri
23:37:29,3,King Drive,,Mon,Tue,Wed,Thu,Fri
14:28:42,151,Sheridan,,Mon,Tue,Wed,Thu,Fri
08:38:56,147,Outer DuSable Lake Shore Express,,Mon,Tue,Wed,Thu,Fri
16:50:27,26,South Shore Express,,Mon,Tue,Wed,Thu,Fri
11:50:48,151,Sheridan,,Sun
06:43:32,151,Sheridan,,Sat
17:03:51,3,King Drive,,Sat
07:11:02,3,King Drive,,Mon,Tue,Wed,Thu,Fri
19:15:03,147,Outer DuSable Lake Shore Express,,Sun
19:45:03,146,Inner Lake Shore/Michigan Express,,Mon,Tue,Wed,Thu,Fri
09:32:55,151,Sheridan,,Sun
15:43:21,3,King Drive,,Sat
22:39:18,151,Sheridan,,Sun
20:59:24,146,Inner Lake Shore/Michigan Express,,Mon,Tue,Wed,Thu,Fri
12:18:48,147,Outer DuSable Lake Shore Express,,Sun
11:35:48,147,Outer DuSable Lake Shore Express,,Sun
09:01:48,151,Sheridan,,Mon,Tue,Wed,Thu,Fri
15:26:56,147,Outer DuSable Lake Shore Express,,Sun
11:24:04,147,Outer DuSable Lake Shore Express,,Mon,Tue,Wed,Thu,Fri
05:58:29,3,King Drive,,Mon,Tue,Wed,Thu,Fri
13:18:21,146,Inner Lake Shore/Michigan Express,,Sun
17:06:20,151,Sheridan,,Sat
19:01:12,146,Inner Lake Shore/Michigan Express,,Sun
11:13:04,147,Outer DuSable Lake Shore Express,,Mon,Tue,Wed,Thu,Fri
17:24:21,3,King Drive,,Mon,Tue,Wed,Thu,Fri
07:11:18,147,Outer DuSable Lake Shore Express,,Sat
21:54:08,3,King Drive,,Mon,Tue,Wed,Thu,Fri
13:24:48,147,Outer DuSable Lake Shore Express,,Sun
16:01:21,3,King Drive,,Sat
16:56:56,147,Outer DuSable Lake Shore Express,,Sun
08:28:12,143,Stockton/Michigan Express,,Mon,Tue,Wed,Thu,Fri
14:39:21,146,Inner Lake Shore/Michigan Express,,Sun
10:44:24,146,Inner Lake Shore/Michigan Express,,Sun
22:53:32,3,King Drive,,Sun
20:59:24,146,Inner Lake Shore/Michigan Express,,Mon,Tue,Wed,Thu,Fri
08:34:26,147,Outer DuSable Lake Shore Express,,Mon,Tue,Wed,Thu,Fri
19:46:11,3,King Drive,,Mon,Tue,Wed,Thu,Fri
07:43:06,125,Water Tower Express,,Mon,Tue,Wed,Thu,Fri
08:47:19,143,Stockton/Michigan Express,,Mon,Tue,Wed,Thu,Fri
14:36:40,146,Inner Lake Shore/Michigan Express,,Mon,Tue,Wed,Thu,Fri
10:23:05,3,King Drive,,Sun
18:32:19,147,Outer DuSable Lake Shore Express,,Sat
11:13:04,147,Outer DuSable Lake Shore Express,,Mon,Tue,Wed,Thu,Fri
12:19:18,147,Outer DuSable Lake Shore Express,,Sat
13:35:48,147,Outer DuSable Lake Shore Express,,Sun
16:28:45,3,King Drive,,Sun
17:30:51,3,King Drive,,Sat
05:35:29,3,King Drive,,Sat
20:24:11,3,King Drive,,Mon,Tue,Wed,Thu,Fri
11:55:08,3,King Drive,,Sun
13:35:48,147,Outer DuSable Lake Shore Express,,Sun
14:18:42,147,Outer DuSable Lake Shore Express,,Mon,Tue,Wed,Thu,Fri
17:32:35,151,Sheridan,,Mon,Tue,Wed,Thu,Fri
06:51:32,3,King Drive,,Mon,Tue,Wed,Thu,Fri
12:15:40,146,Inner Lake Shore/Michigan Express,,Mon,Tue,Wed,Thu,Fri
21:48:24,146,Inner Lake Shore/Michigan Express,,Sat
09:37:18,147,Outer DuSable Lake Shore Express,,Mon,Tue,Wed,Thu,Fri
15:42:21,146,Inner Lake Shore/Michigan Express,,Sun
21:23:34,151,Sheridan,,Sat
16:45:51,3,King Drive,,Mon,Tue,Wed,Thu,Fri
18:59:11,3,King Drive,,Sun
20:56:41,147,Outer DuSable Lake Shore Express,,Mon,Tue,Wed,Thu,Fri
17:13:28,146,Inner Lake Shore/Michigan Express,,Sat
19:40:26,151,Sheridan,,Mon,Tue,Wed,Thu,Fri
18:13:58,146,Inner Lake Shore/Michigan Express,,Sat
16:58:20,151,Sheridan,,Sat
13:42:42,147,Outer DuSable Lake Shore Express,,Mon,Tue,Wed,Thu,Fri
16:56:56,147,Outer DuSable Lake Shore Express,,Sun
13:16:57,26,South Shore Express,,Mon,Tue,Wed,Thu,Fri
07:26:33,151,Sheridan,,Mon,Tue,Wed,Thu,Fri
16:54:51,3,King Drive,,Sat
13:21:49,151,Sheridan,,Sat
11:55:41,3,King Drive,,Sat
19:40:48,3,King Drive,,Sat
00:47:39,151,Sheridan,,Tue,Wed,Thu,Fri,Sat
15:24:21,146,Inner Lake Shore/Michigan Express,,Sun
11:45:41,3,King Drive,,Sat
17:21:51,3,King Drive,,Sat
15:33:21,146,Inner Lake Shore/Michigan Express,,Sun
23:24:59,3,King Drive,,Mon,Tue,Wed,Thu,Fri
06:15:29,3,King Drive,,Sat
11:40:48,151,Sheridan,,Sun
14:41:49,151,Sheridan,,Sat
08:05:57,146,Inner Lake Shore/Michigan Express,,Sun
21:38:05,3,King Drive,,Sun
08:15:03,146,Inner Lake Shore/Michigan Express,,Mon,Tue,Wed,Thu,Fri
06:55:29,3,King Drive,,Sat
15:27:35,147,Outer DuSable Lake Shore Express,,Sat
20:39:25,151,Sheridan,,Sun
21:39:18,151,Sheridan,,Sun
11:04:42,146,Inner Lake Shore/Michigan Express,,Mon,Tue,Wed,Thu,Fri
07:19:35,3,King Drive,,Mon,Tue,Wed,Thu,Fri
17:02:21,3,King Drive,,Mon,Tue,Wed,Thu,Fri
17:11:10,125,Water Tower Express,,Mon,Tue,Wed,Thu,Fri
09:17:15,146,Inner Lake Shore/Michigan Express,,Sat
09:20:55,151,Sheridan,,Sun
07:46:48,151,Sheridan,,Mon,Tue,Wed,Thu,Fri
20:14:11,3,King Drive,,Mon,Tue,Wed,Thu,Fri
17:02:21,146,Inner Lake Shore/Michigan Express,,Sun
18:35:31,146,Inner Lake Shore/Michigan Express,,Mon,Tue,Wed,Thu,Fri
08:16:33,148,Clarendon/Michigan Express,,Mon,Tue,Wed,Thu,Fri
16:38:40,125,Water Tower Express,,Mon,Tue,Wed,Thu,Fri
09:16:25,147,Outer DuSable Lake Shore Express,,Sun
08:58:21,146,Inner Lake Shore/Michigan Express,,Mon,Tue,Wed,Thu,Fri
16:09:21,146,Inner Lake Shore/Michigan Express,,Sun
16:19:21,3,King Drive,,Sat
08:42:57,146,Inner Lake Shore/Michigan Express,,Sat
11:45:31,146,Inner Lake Shore/Michigan Express,,Mon,Tue,Wed,Thu,Fri
13:13:49,151,Sheridan,,Sat
16:47:27,147,Outer DuSable Lake Shore Express,,Mon,Tue,Wed,Thu,Fri
23:37:29,3,King Drive,,Mon,Tue,Wed,Thu,Fri
16:23:48,3,King Drive,,Mon,Tue,Wed,Thu,Fri
20:08:56,147,Outer DuSable Lake Shore Express,,Sat
12:14:12,151,Sheridan,,Mon,Tue,Wed,Thu,Fri
10:25:56,151,Sheridan,,Mon,Tue,Wed,Thu,Fri
21:59:18,151,Sheridan,,Sun
21:04:11,3,King Drive,,Mon,Tue,Wed,Thu,Fri
07:25:41,147,Outer DuSable Lake Shore Express,,Mon,Tue,Wed,Thu,Fri
22:48:15,146,Inner Lake Shore/Michigan Express,,Sat
09:00:25,147,Outer DuSable Lake Shore Express,,Sat
17:24:19,147,Outer DuSable Lake Shore Express,,Sat
12:17:42,151,Sheridan,,Sat
17:03:51,3,King Drive,,Sat
07:41:27,146,Inner Lake Shore/Michigan Express,,Sat
20:23:42,151,Sheridan,,Sat
09:50:11,147,Outer DuSable Lake Shore Express,,Sun
13:18:42,147,Outer DuSable Lake Shore Express,,Sat
17:42:21,3,King Drive,,Mon,Tue,Wed,Thu,Fri
08:06:25,147,Outer DuSable Lake Shore Express,,Sat
11:13:38,3,King Drive,,Mon,Tue,Wed,Thu,Fri
14:25:49,151,Sheridan,,Sat
14:28:05,26,South Shore Express,,Mon,Tue,Wed,Thu,Fri
11:11:24,146,Inner Lake Shore/Michigan Express,,Sun
07:06:25,151,Sheridan,,Mon,Tue,Wed,Thu,Fri
16:10:20,151,Sheridan,,Sat
10:21:18,147,Outer DuSable Lake Shore Express,,Sun
10:02:41,147,Outer DuSable Lake Shore Express,,Sat
19:09:34,151,Sheridan,,Mon,Tue,Wed,Thu,Fri
09:26:25,147,Outer DuSable Lake Shore Express,,Sat
08:58:21,146,Inner Lake Shore/Michigan Express,,Mon,Tue,Wed,Thu,Fri
14:11:04,151,Sheridan,,Sun
05:33:40,147,Outer DuSable Lake Shore Express,,Mon,Tue,Wed,Thu,Fri
10:25:24,146,Inner Lake Shore/Michigan Express,,Sat
14:08:56,147,Outer DuSable Lake Shore Express,,Sun
14:23:11,3,King Drive,,Mon,Tue,Wed,Thu,Fri
10:10:48,147,Outer DuSable Lake Shore Express,,Sat
08:42:48,151,Sheridan,,Sat
13:16:10,146,Inner Lake Shore/Michigan Express,,Mon,Tue,Wed,Thu,Fri
12:04:04,147,Outer DuSable Lake Shore Express,,Mon,Tue,Wed,Thu,Fri
07:28:27,146,Inner Lake Shore/Michigan Express,,Sat
08:16:48,151,Sheridan,,Mon,Tue,Wed,Thu,Fri
14:19:12,147,Outer DuSable Lake Shore Express,,Sat
11:52:48,147,Outer DuSable Lake Shore Express,,Sat
13:28:12,147,Outer DuSable Lake Shore Express,,Sat
11:29:24,146,Inner Lake Shore/Michigan Express,,Sun
14:16:12,151,Sheridan,,Mon,Tue,Wed,Thu,Fri
15:08:10,146,Inner Lake Shore/Michigan Express,,Mon,Tue,Wed,Thu,Fri
07:49:54,146,Inner Lake Shore/Michigan Express,,Mon,Tue,Wed,Thu,Fri
23:39:10,151,Sheridan,,Sun
16:31:12,151,Sheridan,,Sun
19:00:05,151,Sheridan,,Sat
17:28:57,147,Outer DuSable Lake Shore Express,,Mon,Tue,Wed,Thu,Fri
08:16:08,3,King Drive,,Mon,Tue,Wed,Thu,Fri
20:04:11,3,King Drive,,Mon,Tue,Wed,Thu,Fri
15:20:49,147,Outer DuSable Lake Shore Express,,Mon,Tue,Wed,Thu,Fri
19:10:05,151,Sheridan,,Sat
10:16:05,3,King Drive,,Sat
16:28:21,3,King Drive,,Sat
16:22:26,147,Outer DuSable Lake Shore Express,,Sun
17:01:45,3,King Drive,,Sun
10:18:42,146,Inner Lake Shore/Michigan Express,,Mon,Tue,Wed,Thu,Fri
13:01:04,151,Sheridan,,Sun
11:37:18,151,Sheridan,,Sat
11:55:41,3,King Drive,,Sat
07:54:29,3,King Drive,,Sun
22:05:08,3,King Drive,,Mon,Tue,Wed,Thu,Fri
16:10:21,3,King Drive,,Sat
08:21:48,151,Sheridan,,Mon,Tue,Wed,Thu,Fri
22:27:27,146,Inner Lake Shore/Michigan Express,,Sun
11:20:48,151,Sheridan,,Sun
08:26:08,3,King Drive,,Mon,Tue,Wed,Thu,Fri
18:05:56,147,Outer DuSable Lake Shore Express,,Sun
14:52:56,147,Outer DuSable Lake Shore Express,,Sun
11:05:12,146,Inner Lake Shore/Michigan Express,,Sat
15:05:45,3,King Drive,,Mon,Tue,Wed,Thu,Fri
18:35:31,146,Inner Lake Shore/Michigan Express,,Mon,Tue,Wed,Thu,Fri
08:03:27,125,Water Tower Express,,Mon,Tue,Wed,Thu,Fri
17:42:56,147,Outer DuSable Lake Shore Express,,Sun
22:31:33,147,Outer DuSable Lake Shore Express,,Sat
23:04:39,146,Inner Lake Shore/Michigan Express,,Sun
06:14:55,147,Outer DuSable Lake Shore Express,,Mon,Tue,Wed,Thu,Fri
16:50:20,151,Sheridan,,Sat
05:43:29,3,King Drive,,Mon,Tue,Wed,Thu,Fri
18:40:18,147,Outer DuSable Lake Shore Express,,Sun
08:33:57,146,Inner Lake Shore/Michigan Express,,Sat
19:37:21,146,Inner Lake Shore/Michigan Express,,Sat
18:13:42,151,Sheridan,,Sun
08:34:19,143,Stockton/Michigan Express,,Mon,Tue,Wed,Thu,Fri
08:11:48,151,Sheridan,,Mon,Tue,Wed,Thu,Fri
22:38:11,151,Sheridan,,Sat
10:53:24,146,Inner Lake Shore/Michigan Express,,Sun
11:13:12,146,Inner Lake Shore/Michigan Express,,Sat
18:51:11,147,Outer DuSable Lake Shore Express,,Sun
08:43:27,125,Water Tower Express,,Mon,Tue,Wed,Thu,Fri
11:57:33,146,Inner Lake Shore/Michigan Express,,Sun
22:53:11,151,Sheridan,,Sat
16:11:40,146,Inner Lake Shore/Michigan Express,,Mon,Tue,Wed,Thu,Fri
11:53:04,147,Outer DuSable Lake Shore Express,,Mon,Tue,Wed,Thu,Fri
18:17:26,147,Outer DuSable Lake Shore Express,,Sun
12:26:12,151,Sheridan,,Mon,Tue,Wed,Thu,Fri
16:10:20,151,Sheridan,,Sat
05:28:18,146,Inner Lake Shore/Michigan Express,,Mon,Tue,Wed,Thu,Fri
15:15:21,146,Inner Lake Shore/Michigan Express,,Sun
16:26:20,151,Sheridan,,Sat
15:37:45,3,King Drive,,Mon,Tue,Wed,Thu,Fri
13:23:01,146,Inner Lake Shore/Michigan Express,,Sat
21:20:35,3,King Drive,,Sun
16:07:07,146,Inner Lake Shore/Michigan Express,,Sat
10:41:05,3,King Drive,,Sat
14:57:21,146,Inner Lake Shore/Michigan Express,,Sun
13:53:27,26,South Shore Express,,Mon,Tue,Wed,Thu,Fri
09:16:55,147,Outer DuSable Lake Shore Express,,Sat
12:02:18,147,Outer DuSable Lake Shore Express,,Sat
14:16:21,3,King Drive,,Sat
09:17:15,146,Inner Lake Shore/Michigan Express,,Sat
00:13:32,3,King Drive,,Mon
06:58:32,151,Sheridan,,Sat
19:09:15,3,King Drive,,Mon,Tue,Wed,Thu,Fri
13:59:45,3,King Drive,,Sun
21:03:20,26,South Shore Express,,Mon,Tue,Wed,Thu,Fri
12:55:40,146,Inner Lake Shore/Michigan Express,,Mon,Tue,Wed,Thu,Fri
07:35:48,151,Sheridan,,Sun
20:44:11,3,King Drive,,Mon,Tue,Wed,Thu,Fri
16:45:26,147,Outer DuSable Lake Shore Express,,Sun
20:44:24,146,Inner Lake Shore/Michigan Express,,Mon,Tue,Wed,Thu,Fri
17:43:45,3,King Drive,,Sun
14:38:12,151,Sheridan,,Mon,Tue,Wed,Thu,Fri
12:09:48,147,Outer DuSable Lake Shore Express,,Sat
22:53:11,151,Sheridan,,Sat
12:54:12,147,Outer DuSable Lake Shore Express,,Sat
09:20:48,143,Stockton/Michigan Express,,Mon,Tue,Wed,Thu,Fri
08:32:48,151,Sheridan,,Sun
16:04:45,3,King Drive,,Mon,Tue,Wed,Thu,Fri
16:20:27,151,Sheridan,,Mon,Tue,Wed,Thu,Fri
17:56:48,3,King Drive,,Mon,Tue,Wed,Thu,Fri
22:49:55,151,Sheridan,,Mon,Tue,Wed,Thu,Fri
13:31:21,3,King Drive,,Sat
18:06:49,147,Outer DuSable Lake Shore Express,,Sat
11:40:48,151,Sheridan,,Sun
19:21:57,26,South Shore Express,,Mon,Tue,Wed,Thu,Fri
08:05:48,151,Sheridan,,Sun
13:11:41,3,King Drive,,Mon,Tue,Wed,Thu,Fri
14:56:12,147,Outer DuSable Lake Shore Express,,Mon,Tue,Wed,Thu,Fri
14:44:58,146,Inner Lake Shore/Michigan Express,,Sat
18:24:50,125,Water Tower Express,,Mon,Tue,Wed,Thu,Fri
20:04:11,3,King Drive,,Mon,Tue,Wed,Thu,Fri
17:40:51,3,King Drive,,Sat
13:47:45,3,King Drive,,Sun
06:12:18,146,Inner Lake Shore/Michigan Express,,Mon,Tue,Wed,Thu,Fri
20:23:42,151,Sheridan,,Sat
14:57:15,3,King Drive,,Sun
12:10:48,151,Sheridan,,Sun
09:51:26,147,Outer DuSable Lake Shore Express,,Mon,Tue,Wed,Thu,Fri
14:58:15,3,King Drive,,Mon,Tue,Wed,Thu,Fri
14:16:12,151,Sheridan,,Mon,Tue,Wed,Thu,Fri
09:52:41,147,Outer DuSable Lake Shore Express,,Sat
11:25:56,151,Sheridan,,Mon,Tue,Wed,Thu,Fri
14:44:05,26,South Shore Express,,Mon,Tue,Wed,Thu,Fri
08:22:27,146,Inner Lake Shore/Michigan Express,,Sun
16:06:15,3,King Drive,,Sun
13:10:08,3,King Drive,,Sun
18:17:26,147,Outer DuSable Lake Shore Express,,Sun
11:53:04,147,Outer DuSable Lake Shore Express,,Mon,Tue,Wed,Thu,Fri
06:56:57,148,Clarendon/Michigan Express,,Mon,Tue,Wed,Thu,Fri
14:48:21,146,Inner Lake Shore/Michigan Express,,Sun
12:05:40,146,Inner Lake Shore/Michigan Express,,Mon,Tue,Wed,Thu,Fri
09:34:03,147,Outer DuSable Lake Shore Express,,Sat
16:56:51,3,King Drive,,Mon,Tue,Wed,Thu,Fri
21:47:27,146,Inner Lake Shore/Michigan Express,,Sun
17:11:42,151,Sheridan,,Sun
11:10:48,151,Sheridan,,Sun
10:01:11,151,Sheridan,,Sat
08:06:29,3,King Drive,,Sat
14:49:49,151,Sheridan,,Sat
08:21:12,146,Inner Lake Shore/Michigan Express,,Mon,Tue,Wed,Thu,Fri
16:37:21,3,King Drive,,Sat
23:12:33,147,Outer DuSable Lake Shore Express,,Mon,Tue,Wed,Thu,Fri
10:49:56,151,Sheridan,,Mon,Tue,Wed,Thu,Fri
16:58:20,151,Sheridan,,Sat
09:35:38,3,King Drive,,Mon,Tue,Wed,Thu,Fri
11:25:41,3,King Drive,,Sat
08:10:48,151,Sheridan,,Sat
15:01:57,147,Outer DuSable Lake Shore Express,,Sat
14:26:49,147,Outer DuSable Lake Shore Express,,Sat
16:04:45,3,King Drive,,Mon,Tue,Wed,Thu,Fri
07:30:48,143,Stockton/Michigan Express,,Mon,Tue,Wed,Thu,Fri
18:20:13,151,Sheridan,,Sat
08:40:19,143,Stockton/Michigan Express,,Mon,Tue,Wed,Thu,Fri
08:38:56,147,Outer DuSable Lake Shore Express,,Mon,Tue,Wed,Thu,Fri
07:33:54,146,Inner Lake Shore/Michigan Express,,Mon,Tue,Wed,Thu,Fri
14:58:35,26,South Shore Express,,Mon,Tue,Wed,Thu,Fri
09:22:12,146,Inner Lake Shore/Michigan Express,,Mon,Tue,Wed,Thu,Fri
17:46:57,151,Sheridan,,Mon,Tue,Wed,Thu,Fri
07:02:45,125,Water Tower Express,,Mon,Tue,Wed,Thu,Fri
05:35:02,151,Sheridan,,Mon,Tue,Wed,Thu,Fri
21:06:26,147,Outer DuSable Lake Shore Express,,Sat
15:58:45,3,King Drive,,Mon,Tue,Wed,Thu,Fri
17:19:56,147,Outer DuSable Lake Shore Express,,Sun
23:12:29,3,King Drive,,Mon,Tue,Wed,Thu,Fri
13:07:34,147,Outer DuSable Lake Shore Express,,Mon,Tue,Wed,Thu,Fri
16:06:19,26,South Shore Express,,Mon,Tue,Wed,Thu,Fri
18:20:48,3,King Drive,,Sat
07:55:54,148,Clarendon/Michigan Express,,Mon,Tue,Wed,Thu,Fri
23:07:06,146,Inner Lake Shore/Michigan Express,,Sat
08:51:57,146,Inner Lake Shore/Michigan Express,,Sun
10:52:38,3,King Drive,,Sat
17:20:21,146,Inner Lake Shore/Michigan Express,,Sun
15:08:10,146,Inner Lake Shore/Michigan Express,,Mon,Tue,Wed,Thu,Fri
15:54:05,151,Sheridan,,Sat
22:37:15,3,King Drive,,Sat
13:00:41,3,King Drive,,Mon,Tue,Wed,Thu,Fri
20:27:57,146,Inner Lake Shore/Michigan Express,,Sun
07:36:08,3,King Drive,,Mon,Tue,Wed,Thu,Fri
15:43:15,3,King Drive,,Sun
16:01:21,3,King Drive,,Sat
10:25:18,151,Sheridan,,Sat
17:40:13,151,Sheridan,,Sat
17:01:12,151,Sheridan,,Sun
17:33:45,3,King Drive,,Sun
09:16:42,146,Inner Lake Shore/Michigan Express,,Mon,Tue,Wed,Thu,Fri
11:00:48,151,Sheridan,,Sun
18:56:12,151,Sheridan,,Mon,Tue,Wed,Thu,Fri
16:26:27,147,Outer DuSable Lake Shore Express,,Sat
14:50:11,3,King Drive,,Mon,Tue,Wed,Thu,Fri
17:47:12,146,Inner Lake Shore/Michigan Express,,Sun
07:28:48,147,Outer DuSable Lake Shore Express,,Sun
15:53:05,147,Outer DuSable Lake Shore Express,,Sat
11:55:11,3,King Drive,,Mon,Tue,Wed,Thu,Fri
10:10:48,147,Outer DuSable Lake Shore Express,,Sat
09:43:03,151,Sheridan,,Sat
21:10:42,146,Inner Lake Shore/Michigan Express,,Sat
13:51:04,151,Sheridan,,Sun
19:49:34,147,Outer DuSable Lake Shore Express,,Sat
08:00:56,143,Stockton/Michigan Express,,Mon,Tue,Wed,Thu,Fri
08:16:55,147,Outer DuSable Lake Shore Express,,Sat
17:42:57,147,Outer DuSable Lake Shore Express,,Mon,Tue,Wed,Thu,Fri
07:23:54,148,Clarendon/Michigan Express,,Mon,Tue,Wed,Thu,Fri
17:13:27,26,South Shore Express,,Mon,Tue,Wed,Thu,Fri
08:23:29,3,King Drive,,Sat
19:22:01,146,Inner Lake Shore/Michigan Express,,Sat
19:05:19,147,Outer DuSable Lake Shore Express,,Sat
20:44:24,146,Inner Lake Shore/Michigan Express,,Mon,Tue,Wed,Thu,Fri
09:35:29,3,King Drive,,Sun
17:11:42,151,Sheridan,,Sun
07:56:25,147,Outer DuSable Lake Shore Express,,Sun
17:56:48,3,King Drive,,Mon,Tue,Wed,Thu,Fri
13:21:49,151,Sheridan,,Sat
10:44:24,146,Inner Lake Shore/Michigan Express,,Sun
20:01:08,3,King Drive,,Sun
05:50:10,151,Sheridan,,Mon,Tue,Wed,Thu,Fri
10:17:54,146,Inner Lake Shore/Michigan Express,,Sat
09:49:51,146,Inner Lake Shore/Michigan Express,,Mon,Tue,Wed,Thu,Fri
22:53:18,147,Outer DuSable Lake Shore Express,,Sun
17:02:21,3,King Drive,,Mon,Tue,Wed,Thu,Fri
17:53:45,3,King Drive,,Sun
17:28:10,125,Water Tower Express,,Mon,Tue,Wed,Thu,Fri
12:01:26,151,Sheridan,,Sat
11:48:33,146,Inner Lake Shore/Michigan Express,,Sun
20:26:48,151,Sheridan,,Mon,Tue,Wed,Thu,Fri
08:25:25,147,Outer DuSable Lake Shore Express,,Sat
09:45:38,3,King Drive,,Mon,Tue,Wed,Thu,Fri
16:26:21,146,Inner Lake Shore/Michigan Express,,Sun
13:51:04,151,Sheridan,,Sun
12:51:01,146,Inner Lake Shore/Michigan Express,,Sat
18:13:05,26,South Shore Express,,Mon,Tue,Wed,Thu,Fri
15:24:12,151,Sheridan,,Mon,Tue,Wed,Thu,Fri
13:40:21,3,King Drive,,Sat
01:13:54,151,Sheridan,,Sun
17:53:12,151,Sheridan,,Sun
05:08:09,151,Sheridan,,Sat
07:56:48,151,Sheridan,,Mon,Tue,Wed,Thu,Fri
14:57:12,151,Sheridan,,Mon,Tue,Wed,Thu,Fri
09:24:05,3,King Drive,,Sat
13:55:31,146,Inner Lake Shore/Michigan Express,,Sat
20:19:48,147,Outer DuSable Lake Shore Express,,Mon,Tue,Wed,Thu,Fri
22:08:15,3,King Drive,,Sat
15:01:21,3,King Drive,,Sat
08:33:57,146,Inner Lake Shore/Michigan Express,,Sat
14:43:42,147,Outer DuSable Lake Shore Express,,Mon,Tue,Wed,Thu,Fri
07:23:06,148,Clarendon/Michigan Express,,Mon,Tue,Wed,Thu,Fri
11:04:04,147,Outer DuSable Lake Shore Express,,Mon,Tue,Wed,Thu,Fri
10:57:18,151,Sheridan,,Sat
15:29:10,146,Inner Lake Shore/Michigan Express,,Mon,Tue,Wed,Thu,Fri
06:46:25,143,Stockton/Michigan Express,,Mon,Tue,Wed,Thu,Fri
09:09:45,146,Inner Lake Shore/Michigan Express,,Sat
05:58:18,146,Inner Lake Shore/Michigan Express,,Mon,Tue,Wed,Thu,Fri
12:55:34,147,Outer DuSable Lake Shore Express,,Mon,Tue,Wed,Thu,Fri
11:04:05,3,King Drive,,Sun
20:53:48,147,Outer DuSable Lake Shore Express,,Sun
08:20:48,151,Sheridan,,Sun
00:18:35,3,King Drive,,Sun
18:25:28,146,Inner Lake Shore/Michigan Express,,Sat
17:05:37,146,Inner Lake Shore/Michigan Express,,Sat
09:53:02,3,King Drive,,Sun
07:12:29,3,King Drive,,Sun
09:16:36,148,Clarendon/Michigan Express,,Mon,Tue,Wed,Thu,Fri
07:36:48,151,Sheridan,,Mon,Tue,Wed,Thu,Fri
08:52:55,147,Outer DuSable Lake Shore Express,,Sat
07:46:08,3,King Drive,,Mon,Tue,Wed,Thu,Fri
19:31:18,151,Sheridan,,Sun
10:30:41,151,Sheridan,,Sun
18:34:04,147,Outer DuSable Lake Shore Express,,Mon,Tue,Wed,Thu,Fri
16:53:21,146,Inner Lake Shore/Michigan Express,,Sun
14:13:11,3,King Drive,,Mon,Tue,Wed,Thu,Fri
21:03:15,3,King Drive,,Sat
15:45:49,147,Outer DuSable Lake Shore Express,,Mon,Tue,Wed,Thu,Fri
08:06:56,143,Stockton/Michigan Express,,Mon,Tue,Wed,Thu,Fri
09:31:24,148,Clarendon/Michigan Express,,Mon,Tue,Wed,Thu,Fri
09:00:06,146,Inner Lake Shore/Michigan Express,,Sat
18:26:11,3,King Drive,,Sun
15:50:07,146,Inner Lake Shore/Michigan Express,,Sat
11:23:42,146,Inner Lake Shore/Michigan Express,,Mon,Tue,Wed,Thu,Fri
06:42:45,125,Water Tower Express,,Mon,Tue,Wed,Thu,Fri
07:15:29,3,King Drive,,Sat
07:45:55,147,Outer DuSable Lake Shore Express,,Sat
08:52:06,146,Inner Lake Shore/Michigan Express,,Sat
11:55:31,146,Inner Lake Shore/Michigan Express,,Mon,Tue,Wed,Thu,Fri
09:57:21,146,Inner Lake Shore/Michigan Express,,Mon,Tue,Wed,Thu,Fri
09:08:55,151,Sheridan,,Sun
15:31:10,125,Water Tower Express,,Mon,Tue,Wed,Thu,Fri
11:45:18,151,Sheridan,,Sat
11:42:38,3,King Drive,,Sun
14:38:12,151,Sheridan,,Mon,Tue,Wed,Thu,Fri
08:52:26,147,Outer DuSable Lake Shore Express,,Mon,Tue,Wed,Thu,Fri
10:56:12,146,Inner Lake Shore/Michigan Express,,Mon,Tue,Wed,Thu,Fri
13:35:45,3,King Drive,,Sun
18:30:12,151,Sheridan,,Mon,Tue,Wed,Thu,Fri
09:37:05,3,King Drive,,Sat
18:30:12,151,Sheridan,,Mon,Tue,Wed,Thu,Fri
09:10:34,143,Stockton/Michigan Express,,Mon,Tue,Wed,Thu,Fri
11:24:04,147,Outer DuSable Lake Shore Express,,Mon,Tue,Wed,Thu,Fri
23:08:11,151,Sheridan,,Sat
15:54:05,151,Sheridan,,Sat
19:25:48,147,Outer DuSable Lake Shore Express,,Mon,Tue,Wed,Thu,Fri
20:54:11,3,King Drive,,Mon,Tue,Wed,Thu,Fri
06:42:09,146,Inner Lake Shore/Michigan Express,,Sat
07:35:11,147,Outer DuSable Lake Shore Express,,Mon,Tue,Wed,Thu,Fri
18:40:18,147,Outer DuSable Lake Shore Express,,Sun
24:25:47,151,Sheridan,,Mon,Tue,Wed,Thu,Fri
14:11:15,3,King Drive,,Sun
18:28:15,3,King Drive,,Mon,Tue,Wed,Thu,Fri
21:12:54,146,Inner Lake Shore/Michigan Express,,Mon,Tue,Wed,Thu,Fri
06:00:32,151,Sheridan,,Sun
10:32:18,147,Outer DuSable Lake Shore Express,,Sun
10:44:48,147,Outer DuSable Lake Shore Express,,Sat
13:01:42,147,Outer DuSable Lake Shore Express,,Sat
06:32:18,151,Sheridan,,Mon,Tue,Wed,Thu,Fri
08:29:42,146,Inner Lake Shore/Michigan Express,,Mon,Tue,Wed,Thu,Fri
06:25:18,146,Inner Lake Shore/Michigan Express,,Mon,Tue,Wed,Thu,Fri
17:13:27,26,South Shore Express,,Mon,Tue,Wed,Thu,Fri
17:49:49,147,Outer DuSable Lake Shore Express,,Sat
18:37:11,3,King Drive,,Sun
08:14:56,147,Outer DuSable Lake Shore Express,,Mon,Tue,Wed,Thu,Fri
22:33:55,151,Sheridan,,Mon,Tue,Wed,Thu,Fri
20:53:42,151,Sheridan,,Sat
06:08:32,151,Sheridan,,Sat
15:55:42,26,South Shore Express,,Mon,Tue,Wed,Thu,Fri
07:02:25,143,Stockton/Michigan Express,,Mon,Tue,Wed,Thu,Fri
16:57:07,146,Inner Lake Shore/Michigan Express,,Sat
19:25:04,151,Sheridan,,Mon,Tue,Wed,Thu,Fri
14:09:49,151,Sheridan,,Sat
15:44:35,147,Outer DuSable Lake Shore Express,,Sat
07:30:15,148,Clarendon/Michigan Express,,Mon,Tue,Wed,Thu,Fri
17:57:12,146,Inner Lake Shore/Michigan Express,,Sun
12:27:41,3,King Drive,,Mon,Tue,Wed,Thu,Fri
07:08:33,147,Outer DuSable Lake Shore Express,,Mon,Tue,Wed,Thu,Fri
23:13:32,3,King Drive,,Sun
09:52:41,147,Outer DuSable Lake Shore Express,,Sat
08:21:48,151,Sheridan,,Mon,Tue,Wed,Thu,Fri
15:14:45,3,King Drive,,Mon,Tue,Wed,Thu,Fri
20:38:48,147,Outer DuSable Lake Shore Express,,Mon,Tue,Wed,Thu,Fri
14:49:49,151,Sheridan,,Sat
22:02:03,151,Sheridan,,Mon,Tue,Wed,Thu,Fri
19:52:12,146,Inner Lake Shore/Michigan Express,,Sat
23:23:48,151,Sheridan,,Mon,Tue,Wed,Thu,Fri
13:22:21,3,King Drive,,Sat
06:20:40,147,Outer DuSable Lake Shore Express,,Sat
07:45:55,147,Outer DuSable Lake Shore Express,,Sat
20:58:18,151,Sheridan,,Mon,Tue,Wed,Thu,Fri
15:38:05,151,Sheridan,,Sat
24:13:54,151,Sheridan,,Sat
06:33:10,147,Outer DuSable Lake Shore Express,,Sat
17:41:19,26,South Shore Express,,Mon,Tue,Wed,Thu,Fri
08:52:55,147,Outer DuSable Lake Shore Express,,Sat
06:44:18,151,Sheridan,,Mon,Tue,Wed,Thu,Fri
07:57:48,151,Sheridan,,Sat
10:06:15,146,Inner Lake Shore/Michigan Express,,Sun
05:43:29,3,King Drive,,Mon,Tue,Wed,Thu,Fri
10:41:18,151,Sheridan,,Sat
15:51:04,147,Outer DuSable Lake Shore Express,,Sun
19:46:18,151,Sheridan,,Sun
17:21:58,146,Inner Lake Shore/Michigan Express,,Sat
06:46:18,147,Outer DuSable Lake Shore Express,,Sat
07:56:25,147,Outer DuSable Lake Shore Express,,Sun
20:39:25,151,Sheridan,,Sun
22:19:18,151,Sheridan,,Sun
10:40:42,146,Inner Lake Shore/Michigan Express,,Mon,Tue,Wed,Thu,Fri
16:18:20,151,Sheridan,,Sat
07:11:18,147,Outer DuSable Lake Shore Express,,Sat
22:05:08,3,King Drive,,Mon,Tue,Wed,Thu,Fri
07:38:24,146,Inner Lake Shore/Michigan Express,,Mon,Tue,Wed,Thu,Fri
11:29:18,151,Sheridan,,Sat
21:38:26,151,Sheridan,,Sat
07:16:25,151,Sheridan,,Mon,Tue,Wed,Thu,Fri
09:30:18,147,Outer DuSable Lake Shore Express,,Mon,Tue,Wed,Thu,Fri
09:32:18,151,Sheridan,,Mon,Tue,Wed,Thu,Fri
16:10:21,3,King Drive,,Sat
10:29:05,3,King Drive,,Sat
18:25:05,26,South Shore Express,,Mon,Tue,Wed,Thu,Fri
12:38:12,151,Sheridan,,Mon,Tue,Wed,Thu,Fri
09:03:27,125,Water Tower Express,,Mon,Tue,Wed,Thu,Fri
15:45:49,147,Outer DuSable Lake Shore Express,,Mon,Tue,Wed,Thu,Fri
17:22:13,151,Sheridan,,Sat
13:00:41,3,King Drive,,Mon,Tue,Wed,Thu,Fri
16:39:45,3,King Drive,,Sun
18:48:11,3,King Drive,,Sun
12:44:42,147,Outer DuSable Lake Shore Express,,Sat
18:06:49,147,Outer DuSable Lake Shore Express,,Sat
18:16:42,147,Outer DuSable Lake Shore Express,,Mon,Tue,Wed,Thu,Fri
07:50:48,151,Sheridan,,Sun
19:20:05,151,Sheridan,,Sat
13:27:21,146,Inner Lake Shore/Michigan Express,,Sun
09:01:42,143,Stockton/Michigan Express,,Mon,Tue,Wed,Thu,Fri
12:25:40,146,Inner Lake Shore/Michigan Express,,Mon,Tue,Wed,Thu,Fri
12:51:01,146,Inner Lake Shore/Michigan Express,,Sat
05:00:09,151,Sheridan,,Sun
13:43:41,3,King Drive,,Mon,Tue,Wed,Thu,Fri
06:32:18,151,Sheridan,,Mon,Tue,Wed,Thu,Fri
11:30:48,151,Sheridan,,Sun
13:36:21,146,Inner Lake Shore/Michigan Express,,Sun
23:59:10,151,Sheridan,,Sun
09:23:27,125,Water Tower Express,,Mon,Tue,Wed,Thu,Fri
10:25:18,151,Sheridan,,Sat
09:31:48,151,Sheridan,,Mon,Tue,Wed,Thu,Fri
17:40:51,3,King Drive,,Sat
13:31:04,151,Sheridan,,Sun
22:22:15,3,King Drive,,Sat
22:51:33,147,Outer DuSable Lake Shore Express,,Sat
12:00:48,151,Sheridan,,Sun
20:46:56,147,Outer DuSable Lake Shore Express,,Sat
09:22:12,146,Inner Lake Shore/Michigan Express,,Mon,Tue,Wed,Thu,Fri
07:49:29,3,King Drive,,Sat
12:26:48,147,Outer DuSable Lake Shore Express,,Sat
07:33:29,3,King Drive,,Sun
10:26:24,146,Inner Lake Shore/Michigan Express,,Sun
11:05:12,146,Inner Lake Shore/Michigan Express,,Sat
07:07:36,148,Clarendon/Michigan Express,,Mon,Tue,Wed,Thu,Fri
20:37:56,147,Outer DuSable Lake Shore Express,,Sat
11:25:41,3,King Drive,,Sat
16:29:57,151,Sheridan,,Mon,Tue,Wed,Thu,Fri
11:42:38,3,King Drive,,Sun
08:58:42,148,Clarendon/Michigan Express,,Mon,Tue,Wed,Thu,Fri
10:17:11,151,Sheridan,,Sat
23:53:32,3,King Drive,,Sun
07:56:48,151,Sheridan,,Mon,Tue,Wed,Thu,Fri
11:52:48,147,Outer DuSable Lake Shore Express,,Sat
13:07:34,147,Outer DuSable Lake Shore Express,,Mon,Tue,Wed,Thu,Fri
20:08:42,151,Sheridan,,Sat
11:14:41,3,King Drive,,Sat
13:46:56,147,Outer DuSable Lake Shore Express,,Sun
13:13:48,147,Outer DuSable Lake Shore Express,,Sun
05:43:18,146,Inner Lake Shore/Michigan Express,,Mon,Tue,Wed,Thu,Fri
08:36:25,147,Outer DuSable Lake Shore Express,,Sun
09:11:05,3,King Drive,,Sat
09:47:54,146,Inner Lake Shore/Michigan Express,,Sat
12:03:12,146,Inner Lake Shore/Michigan Express,,Sat
15:08:45,3,King Drive,,Sun
16:53:21,146,Inner Lake Shore/Michigan Express,,Sun
12:19:18,147,Outer DuSable Lake Shore Express,,Sat
08:51:48,151,Sheridan,,Mon,Tue,Wed,Thu,Fri
18:12:15,3,King Drive,,Mon,Tue,Wed,Thu,Fri
17:29:51,3,King Drive,,Mon,Tue,Wed,Thu,Fri
11:48:33,146,Inner Lake Shore/Michigan Express,,Sun
18:07:12,146,Inner Lake Shore/Michigan Express,,Sun
16:00:40,146,Inner Lake Shore/Michigan Express,,Mon,Tue,Wed,Thu,Fri
08:46:08,3,King Drive,,Mon,Tue,Wed,Thu,Fri
17:06:20,151,Sheridan,,Sat
14:31:12,147,Outer DuSable Lake Shore Express,,Mon,Tue,Wed,Thu,Fri
08:20:33,148,Clarendon/Michigan Express,,Mon,Tue,Wed,Thu,Fri
11:47:12,146,Inner Lake Shore/Michigan Express,,Sat
11:35:48,147,Outer DuSable Lake Shore Express,,Sun
19:31:42,146,Inner Lake Shore/Michigan Express,,Mon,Tue,Wed,Thu,Fri
13:49:21,3,King Drive,,Sat
21:27:45,146,Inner Lake Shore/Michigan Express,,Mon,Tue,Wed,Thu,Fri
20:11:18,151,Sheridan,,Mon,Tue,Wed,Thu,Fri
10:23:05,3,King Drive,,Sun
12:17:42,151,Sheridan,,Sat
22:08:18,151,Sheridan,,Sat
13:45:21,146,Inner Lake Shore/Michigan Express,,Sun
15:15:42,151,Sheridan,,Mon,Tue,Wed,Thu,Fri
20:54:11,3,King Drive,,Mon,Tue,Wed,Thu,Fri
15:24:58,146,Inner Lake Shore/Michigan Express,,Sat
07:04:45,146,Inner Lake Shore/Michigan Express,,Mon,Tue,Wed,Thu,Fri
11:24:38,3,King Drive,,Mon,Tue,Wed,Thu,Fri
22:37:15,3,King Drive,,Sat
10:12:18,147,Outer DuSable Lake Shore Express,,Sun
07:27:24,146,Inner Lake Shore/Michigan Express,,Mon,Tue,Wed,Thu,Fri
16:54:40,125,Water Tower Express,,Mon,Tue,Wed,Thu,Fri
13:21:04,151,Sheridan,,Sun
20:10:50,26,South Shore Express,,Mon,Tue,Wed,Thu,Fri
17:41:19,147,Outer DuSable Lake Shore Express,,Sat
06:25:55,147,Outer DuSable Lake Shore Express,,Mon,Tue,Wed,Thu,Fri
09:21:48,151,Sheridan,,Mon,Tue,Wed,Thu,Fri
16:46:21,3,King Drive,,Sat
12:38:41,3,King Drive,,Mon,Tue,Wed,Thu,Fri
07:26:33,151,Sheridan,,Mon,Tue,Wed,Thu,Fri
13:57:56,147,Outer DuSable Lake Shore Express,,Sun
08:52:51,146,Inner Lake Shore/Michigan Express,,Mon,Tue,Wed,Thu,Fri
15:50:10,146,Inner Lake Shore/Michigan Express,,Mon,Tue,Wed,Thu,Fri
16:57:07,146,Inner Lake Shore/Michigan Express,,Sat
13:20:34,147,Outer DuSable Lake Shore Express,,Mon,Tue,Wed,Thu,Fri
07:45:24,148,Clarendon/Michigan Express,,Mon,Tue,Wed,Thu,Fri
10:13:04,147,Outer DuSable Lake Shore Express,,Mon,Tue,Wed,Thu,Fri
12:07:38,3,King Drive,,Sun
09:44:03,147,Outer DuSable Lake Shore Express,,Sat
17:30:57,26,South Shore Express,,Mon,Tue,Wed,Thu,Fri
15:58:19,147,Outer DuSable Lake Shore Express,,Mon,Tue,Wed,Thu,Fri
14:57:40,146,Inner Lake Shore/Michigan Express,,Mon,Tue,Wed,Thu,Fri
09:21:48,151,Sheridan,,Mon,Tue,Wed,Thu,Fri
18:13:05,26,South Shore Express,,Mon,Tue,Wed,Thu,Fri
08:28:12,143,Stockton/Michigan Express,,Mon,Tue,Wed,Thu,Fri
15:58:19,147,Outer DuSable Lake Shore Express,,Mon,Tue,Wed,Thu,Fri
17:13:28,146,Inner Lake Shore/Michigan Express,,Mon,Tue,Wed,Thu,Fri
17:44:50,125,Water Tower Express,,Mon,Tue,Wed,Thu,Fri
15:07:12,151,Sheridan,,Mon,Tue,Wed,Thu,Fri
06:58:32,151,Sheridan,,Sat
16:02:05,151,Sheridan,,Sat
00:11:29,3,King Drive,,Tue,Wed,Thu,Fri,Sat
20:02:11,151,Sheridan,,Sun
15:03:56,147,Outer DuSable Lake Shore Express,,Sun
06:35:18,147,Outer DuSable Lake Shore Express,,Sun
17:35:51,3,King Drive,,Mon,Tue,Wed,Thu,Fri
07:22:45,125,Water Tower Express,,Mon,Tue,Wed,Thu,Fri
07:47:18,143,Stockton/Michigan Express,,Mon,Tue,Wed,Thu,Fri
17:46:57,151,Sheridan,,Mon,Tue,Wed,Thu,Fri
09:56:38,3,King Drive,,Mon,Tue,Wed,Thu,Fri
06:45:57,146,Inner Lake Shore/Michigan Express,,Mon,Tue,Wed,Thu,Fri
12:45:04,147,Outer DuSable Lake Shore Express,,Mon,Tue,Wed,Thu,Fri
15:33:19,151,Sheridan,,Mon,Tue,Wed,Thu,Fri
07:35:18,147,Outer DuSable Lake Shore Express,,Sat
08:48:12,148,Clarendon/Michigan Express,,Mon,Tue,Wed,Thu,Fri
17:30:13,151,Sheridan,,Sat
18:37:11,3,King Drive,,Sun
10:29:38,3,King Drive,,Mon,Tue,Wed,Thu,Fri
17:13:21,3,King Drive,,Mon,Tue,Wed,Thu,Fri
07:53:56,143,Stockton/Michigan Express,,Mon,Tue,Wed,Thu,Fri
08:36:08,3,King Drive,,Mon,Tue,Wed,Thu,Fri
12:19:12,146,Inner Lake Shore/Michigan Express,,Sat
15:08:12,147,Outer DuSable Lake Shore Express,,Mon,Tue,Wed,Thu,Fri
06:26:18,146,Inner Lake Shore/Michigan Express,,Sun
14:28:05,26,South Shore Express,,Mon,Tue,Wed,Thu,Fri
11:50:04,151,Sheridan,,Mon,Tue,Wed,Thu,Fri
14:36:19,147,Outer DuSable Lake Shore Express,,Sat
07:43:45,148,Clarendon/Michigan Express,,Mon,Tue,Wed,Thu,Fri
09:16:08,3,King Drive,,Mon,Tue,Wed,Thu,Fri
12:45:04,147,Outer DuSable Lake Shore Express,,Mon,Tue,Wed,Thu,Fri
08:34:19,143,Stockton/Michigan Express,,Mon,Tue,Wed,Thu,Fri
13:56:40,146,Inner Lake Shore/Michigan Express,,Mon,Tue,Wed,Thu,Fri
11:20:48,151,Sheridan,,Sun
08:43:25,147,Outer DuSable Lake Shore Express,,Sat
14:57:49,151,Sheridan,,Sat
08:06:25,147,Outer DuSable Lake Shore Express,,Sat
11:11:18,147,Outer DuSable Lake Shore Express,,Sat
20:17:33,147,Outer DuSable Lake Shore Express,,Sun
10:03:05,3,King Drive,,Sat
14:51:12,151,Sheridan,,Sun
05:20:09,151,Sheridan,,Sun
12:35:40,146,Inner Lake Shore/Michigan Express,,Sun
13:39:31,146,Inner Lake Shore/Michigan Express,,Sat
05:43:18,146,Inner Lake Shore/Michigan Express,,Mon,Tue,Wed,Thu,Fri
10:18:42,146,Inner Lake Shore/Michigan Express,,Mon,Tue,Wed,Thu,Fri
16:18:35,147,Outer DuSable Lake Shore Express,,Sat
10:53:24,146,Inner Lake Shore/Michigan Express,,Sun
13:46:40,146,Inner Lake Shore/Michigan Express,,Mon,Tue,Wed,Thu,Fri
19:40:12,147,Outer DuSable Lake Shore Express,,Sat
08:29:42,146,Inner Lake Shore/Michigan Express,,Mon,Tue,Wed,Thu,Fri
16:48:49,146,Inner Lake Shore/Michigan Express,,Mon,Tue,Wed,Thu,Fri
19:04:08,125,Water Tower Express,,Mon,Tue,Wed,Thu,Fri
17:58:19,147,Outer DuSable Lake Shore Express,,Sat
19:50:48,3,King Drive,,Sat
11:45:48,147,Outer DuSable Lake Shore Express,,Sun
10:49:18,151,Sheridan,,Sat
08:47:25,147,Outer DuSable Lake Shore Express,,Sun
07:47:57,146,Inner Lake Shore/Michigan Express,,Sun
11:35:48,147,Outer DuSable Lake Shore Express,,Sat
23:27:38,3,King Drive,,Sat
10:11:51,146,Inner Lake Shore/Michigan Express,,Mon,Tue,Wed,Thu,Fri
19:37:50,26,South Shore Express,,Mon,Tue,Wed,Thu,Fri
20:30:42,146,Inner Lake Shore/Michigan Express,,Sat
06:35:18,146,Inner Lake Shore/Michigan Express,,Mon,Tue,Wed,Thu,Fri
24:13:54,151,Sheridan,,Sat
21:55:15,3,King Drive,,Sat
11:45:41,3,King Drive,,Sat
12:33:49,151,Sheridan,,Sat
09:50:11,147,Outer DuSable Lake Shore Express,,Sun
08:44:55,151,Sheridan,,Sun
12:44:40,146,Inner Lake Shore/Michigan Express,,Sun
12:14:12,151,Sheridan,,Mon,Tue,Wed,Thu,Fri
21:30:11,151,Sheridan,,Mon,Tue,Wed,Thu,Fri
09:28:33,147,Outer DuSable Lake Shore Express,,Sun
10:30:41,151,Sheridan,,Sun
14:36:19,147,Outer DuSable Lake Shore Express,,Sat
16:18:20,151,Sheridan,,Sat
14:45:45,3,King Drive,,Sun
21:43:08,3,King Drive,,Mon,Tue,Wed,Thu,Fri
12:40:56,151,Sheridan,,Sun
10:49:56,151,Sheridan,,Mon,Tue,Wed,Thu,Fri
13:24:48,147,Outer DuSable Lake Shore Express,,Sun
09:17:06,146,Inner Lake Shore/Michigan Express,,Sun
13:14:12,151,Sheridan,,Mon,Tue,Wed,Thu,Fri
11:39:12,146,Inner Lake Shore/Michigan Express,,Sat
17:01:12,151,Sheridan,,Sun
22:48:15,146,Inner Lake Shore/Michigan Express,,Sat
07:39:18,143,Stockton/Michigan Express,,Mon,Tue,Wed,Thu,Fri
10:26:24,146,Inner Lake Shore/Michigan Express,,Sun
20:53:42,151,Sheridan,,Sat
09:09:55,147,Outer DuSable Lake Shore Express,,Sat
20:08:42,151,Sheridan,,Sat
18:34:04,147,Outer DuSable Lake Shore Express,,Mon,Tue,Wed,Thu,Fri
09:11:48,151,Sheridan,,Mon,Tue,Wed,Thu,Fri
24:33:54,151,Sheridan,,Sat
16:10:19,147,Outer DuSable Lake Shore Express,,Mon,Tue,Wed,Thu,Fri
12:20:08,3,King Drive,,Sun
15:42:07,146,Inner Lake Shore/Michigan Express,,Sat
22:23:11,151,Sheridan,,Sat
08:47:51,146,Inner Lake Shore/Michigan Express,,Mon,Tue,Wed,Thu,Fri
16:50:20,151,Sheridan,,Sat
11:03:41,3,King Drive,,Sat
19:31:42,147,Outer DuSable Lake Shore Express,,Sat
00:28:29,3,King Drive,,Tue,Wed,Thu,Fri,Sat
18:20:31,146,Inner Lake Shore/Michigan Express,,Mon,Tue,Wed,Thu,Fri
05:48:32,151,Sheridan,,Sat
08:54:12,143,Stockton/Michigan Express,,Mon,Tue,Wed,Thu,Fri
07:33:54,146,Inner Lake Shore/Michigan Express,,Mon,Tue,Wed,Thu,Fri
12:40:56,151,Sheridan,,Sun
19:17:12,146,Inner Lake Shore/Michigan Express,,Sun
16:45:26,147,Outer DuSable Lake Shore Express,,Sun
00:53:54,151,Sheridan,,Sun
12:35:01,146,Inner Lake Shore/Michigan Express,,Sat
15:54:45,3,King Drive,,Sun
16:40:21,3,King Drive,,Mon,Tue,Wed,Thu,Fri
15:54:45,3,King Drive,,Sun
19:44:18,147,Outer DuSable Lake Shore Express,,Mon,Tue,Wed,Thu,Fri
06:41:48,148,Clarendon/Michigan Express,,Mon,Tue,Wed,Thu,Fri
13:26:12,151,Sheridan,,Mon,Tue,Wed,Thu,Fri
11:45:18,151,Sheridan,,Sat
22:08:15,3,King Drive,,Sat
06:51:32,3,King Drive,,Mon,Tue,Wed,Thu,Fri
08:30:42,148,Clarendon/Michigan Express,,Mon,Tue,Wed,Thu,Fri
15:51:12,151,Sheridan,,Sun
20:42:18,151,Sheridan,,Mon,Tue,Wed,Thu,Fri
17:57:12,146,Inner Lake Shore/Michigan Express,,Sun
17:43:45,3,King Drive,,Sun
21:39:18,151,Sheridan,,Sun
22:52:33,147,Outer DuSable Lake Shore Express,,Mon,Tue,Wed,Thu,Fri
18:26:11,3,King Drive,,Sun
07:12:48,147,Outer DuSable Lake Shore Express,,Sun
19:37:50,26,South Shore Express,,Mon,Tue,Wed,Thu,Fri
09:40:24,146,Inner Lake Shore/Michigan Express,,Sat
09:51:56,151,Sheridan,,Mon,Tue,Wed,Thu,Fri
22:46:48,146,Inner Lake Shore/Michigan Express,,Sun
07:08:33,147,Outer DuSable Lake Shore Express,,Mon,Tue,Wed,Thu,Fri
06:35:29,3,King Drive,,Sat
09:24:05,3,King Drive,,Sat
10:53:04,147,Outer DuSable Lake Shore Express,,Mon,Tue,Wed,Thu,Fri
06:06:40,147,Outer DuSable Lake Shore Express,,Sat
23:06:27,146,Inner Lake Shore/Michigan Express,,Mon,Tue,Wed,Thu,Fri
19:30:48,3,King Drive,,Sat
07:28:48,151,Sheridan,,Sat
08:57:05,3,King Drive,,Sat
09:06:08,3,King Drive,,Mon,Tue,Wed,Thu,Fri
12:45:40,146,Inner Lake Shore/Michigan Express,,Mon,Tue,Wed,Thu,Fri
17:23:45,3,King Drive,,Sun
19:55:56,151,Sheridan,,Mon,Tue,Wed,Thu,Fri
09:04:57,146,Inner Lake Shore/Michigan Express,,Sun
07:00:40,151,Sheridan,,Sun
11:23:48,147,Outer DuSable Lake Shore Express,,Sun
06:58:18,147,Outer DuSable Lake Shore Express,,Sat
22:47:27,146,Inner Lake Shore/Michigan Express,,Mon,Tue,Wed,Thu,Fri
09:40:24,146,Inner Lake Shore/Michigan Express,,Sat
16:11:12,151,Sheridan,,Sun
12:55:21,3,King Drive,,Sat
14:44:58,146,Inner Lake Shore/Michigan Express,,Sat
13:45:21,146,Inner Lake Shore/Michigan Express,,Sun
19:06:05,26,South Shore Express,,Mon,Tue,Wed,Thu,Fri
12:57:49,151,Sheridan,,Sat
17:42:42,151,Sheridan,,Sun
08:35:25,147,Outer DuSable Lake Shore Express,,Sat
21:14:18,151,Sheridan,,Mon,Tue,Wed,Thu,Fri
10:09:03,151,Sheridan,,Sun
09:00:25,147,Outer DuSable Lake Shore Express,,Sat
08:32:48,151,Sheridan,,Sun
16:31:37,146,Inner Lake Shore/Michigan Express,,Sat
06:25:55,147,Outer DuSable Lake Shore Express,,Mon,Tue,Wed,Thu,Fri
22:12:33,147,Outer DuSable Lake Shore Express,,Mon,Tue,Wed,Thu,Fri
07:43:48,151,Sheridan,,Sat
08:47:25,147,Outer DuSable Lake Shore Express,,Sun
06:56:25,151,Sheridan,,Mon,Tue,Wed,Thu,Fri
07:41:27,146,Inner Lake Shore/Michigan Express,,Sat
11:50:04,151,Sheridan,,Mon,Tue,Wed,Thu,Fri
07:13:40,151,Sheridan,,Sat
17:08:26,147,Outer DuSable Lake Shore Express,,Sun
15:10:35,147,Outer DuSable Lake Shore Express,,Sat
13:02:40,146,Inner Lake Shore/Michigan Express,,Sun
23:44:35,3,King Drive,,Sat
18:04:50,125,Water Tower Express,,Mon,Tue,Wed,Thu,Fri
10:17:24,146,Inner Lake Shore/Michigan Express,,Sun
08:56:55,151,Sheridan,,Sun
10:13:04,147,Outer DuSable Lake Shore Express,,Mon,Tue,Wed,Thu,Fri
24:33:54,151,Sheridan,,Sat
09:03:27,125,Water Tower Express,,Mon,Tue,Wed,Thu,Fri
08:35:25,147,Outer DuSable Lake Shore Express,,Sat
17:13:21,3,King Drive,,Mon,Tue,Wed,Thu,Fri
10:25:42,146,Inner Lake Shore/Michigan Express,,Mon,Tue,Wed,Thu,Fri
11:18:48,147,Outer DuSable Lake Shore Express,,Sat
08:56:08,3,King Drive,,Mon,Tue,Wed,Thu,Fri
13:02:12,151,Sheridan,,Mon,Tue,Wed,Thu,Fri
16:56:51,3,King Drive,,Mon,Tue,Wed,Thu,Fri
14:41:12,151,Sheridan,,Sun
15:01:57,147,Outer DuSable Lake Shore Express,,Sat
08:04:27,146,Inner Lake Shore/Michigan Express,,Sat
10:17:11,151,Sheridan,,Sat
11:04:04,147,Outer DuSable Lake Shore Express,,Mon,Tue,Wed,Thu,Fri
20:35:33,147,Outer DuSable Lake Shore Express,,Sun
19:16:26,151,Sheridan,,Sun
17:05:37,146,Inner Lake Shore/Michigan Express,,Sat
16:10:56,147,Outer DuSable Lake Shore Express,,Sun
10:25:24,146,Inner Lake Shore/Michigan Express,,Sat
15:58:45,3,King Drive,,Mon,Tue,Wed,Thu,Fri
10:38:05,3,King Drive,,Sun
08:46:56,147,Outer DuSable Lake Shore Express,,Mon,Tue,Wed,Thu,Fri
15:50:10,146,Inner Lake Shore/Michigan Express,,Mon,Tue,Wed,Thu,Fri
19:50:48,3,King Drive,,Sat
19:37:21,146,Inner Lake Shore/Michigan Express,,Sat
21:15:11,147,Outer DuSable Lake Shore Express,,Mon,Tue,Wed,Thu,Fri
21:07:57,146,Inner Lake Shore/Michigan Express,,Sun
17:59:42,147,Outer DuSable Lake Shore Express,,Mon,Tue,Wed,Thu,Fri
20:27:56,147,Outer DuSable Lake Shore Express,,Sat
12:27:12,146,Inner Lake Shore/Michigan Express,,Sat
15:31:45,3,King Drive,,Sun
11:39:12,146,Inner Lake Shore/Michigan Express,,Sat
20:09:24,146,Inner Lake Shore/Michigan Express,,Sun
07:53:56,143,Stockton/Michigan Express,,Mon,Tue,Wed,Thu,Fri
16:19:21,3,King Drive,,Sat
21:27:27,146,Inner Lake Shore/Michigan Express,,Sun
12:27:41,3,King Drive,,Mon,Tue,Wed,Thu,Fri
21:53:03,147,Outer DuSable Lake Shore Express,,Mon,Tue,Wed,Thu,Fri
08:41:48,151,Sheridan,,Mon,Tue,Wed,Thu,Fri
16:48:37,146,Inner Lake Shore/Michigan Express,,Sat
19:01:26,151,Sheridan,,Sun
08:27:26,147,Outer DuSable Lake Shore Express,,Mon,Tue,Wed,Thu,Fri
10:00:11,147,Outer DuSable Lake Shore Express,,Sun
09:09:45,146,Inner Lake Shore/Michigan Express,,Sat
08:52:48,151,Sheridan,,Sat
14:11:05,26,South Shore Express,,Mon,Tue,Wed,Thu,Fri
14:03:21,146,Inner Lake Shore/Michigan Express,,Sun
08:09:56,147,Outer DuSable Lake Shore Express,,Mon,Tue,Wed,Thu,Fri
08:39:21,146,Inner Lake Shore/Michigan Express,,Mon,Tue,Wed,Thu,Fri
19:03:03,147,Outer DuSable Lake Shore Express,,Sun
15:32:58,146,Inner Lake Shore/Michigan Express,,Sat
17:25:28,146,Inner Lake Shore/Michigan Express,,Mon,Tue,Wed,Thu,Fri
10:40:41,151,Sheridan,,Sun
18:32:19,147,Outer DuSable Lake Shore Express,,Sat
08:39:21,146,Inner Lake Shore/Michigan Express,,Mon,Tue,Wed,Thu,Fri
10:57:18,151,Sheridan,,Sat
07:41:41,151,Sheridan,,Mon,Tue,Wed,Thu,Fri
18:44:29,125,Water Tower Express,,Mon,Tue,Wed,Thu,Fri
08:43:21,146,Inner Lake Shore/Michigan Express,,Mon,Tue,Wed,Thu,Fri
08:17:42,148,Clarendon/Michigan Express,,Mon,Tue,Wed,Thu,Fri
11:53:26,151,Sheridan,,Sat
16:42:20,151,Sheridan,,Sat
20:26:48,151,Sheridan,,Mon,Tue,Wed,Thu,Fri
15:24:12,151,Sheridan,,Mon,Tue,Wed,Thu,Fri
17:51:42,26,South Shore Express,,Mon,Tue,Wed,Thu,Fri
17:10:05,151,Sheridan,,Mon,Tue,Wed,Thu,Fri
08:56:56,151,Sheridan,,Mon,Tue,Wed,Thu,Fri
22:31:33,147,Outer DuSable Lake Shore Express,,Sat
19:28:33,147,Outer DuSable Lake Shore Express,,Sun
14:19:12,147,Outer DuSable Lake Shore Express,,Sat
07:59:24,148,Clarendon/Michigan Express,,Mon,Tue,Wed,Thu,Fri
13:09:21,146,Inner Lake Shore/Michigan Express,,Sun
18:00:13,151,Sheridan,,Sat
14:36:58,146,Inner Lake Shore/Michigan Express,,Sat
18:52:05,26,South Shore Express,,Mon,Tue,Wed,Thu,Fri
18:57:19,147,Outer DuSable Lake Shore Express,,Sat
15:01:12,151,Sheridan,,Sun
21:27:45,146,Inner Lake Shore/Michigan Express,,Mon,Tue,Wed,Thu,Fri
17:30:13,151,Sheridan,,Sat
17:46:58,146,Inner Lake Shore/Michigan Express,,Sat
20:09:24,146,Inner Lake Shore/Michigan Express,,Sun
18:13:42,151,Sheridan,,Sun
21:27:27,146,Inner Lake Shore/Michigan Express,,Sun
16:41:12,151,Sheridan,,Sun
21:54:08,3,King Drive,,Mon,Tue,Wed,Thu,Fri
22:29:08,3,King Drive,,Mon,Tue,Wed,Thu,Fri
13:13:21,3,King Drive,,Sat
13:22:21,3,King Drive,,Sat
21:08:34,151,Sheridan,,Sat
08:03:27,125,Water Tower Express,,Mon,Tue,Wed,Thu,Fri
19:55:11,3,King Drive,,Mon,Tue,Wed,Thu,Fri
14:52:21,3,King Drive,,Sat
20:29:54,146,Inner Lake Shore/Michigan Express,,Mon,Tue,Wed,Thu,Fri
16:40:07,146,Inner Lake Shore/Michigan Express,,Sat
05:55:29,3,King Drive,,Sat
10:21:18,147,Outer DuSable Lake Shore Express,,Sun
09:55:24,146,Inner Lake Shore/Michigan Express,,Sat
16:44:21,146,Inner Lake Shore/Michigan Express,,Sun
21:12:54,146,Inner Lake Shore/Michigan Express,,Mon,Tue,Wed,Thu,Fri
19:05:01,146,Inner Lake Shore/Michigan Express,,Mon,Tue,Wed,Thu,Fri
06:02:48,147,Outer DuSable Lake Shore Express,,Mon,Tue,Wed,Thu,Fri
20:02:48,147,Outer DuSable Lake Shore Express,,Mon,Tue,Wed,Thu,Fri
14:21:21,146,Inner Lake Shore/Michigan Express,,Sun
21:36:41,147,Outer DuSable Lake Shore Express,,Sat
18:04:50,125,Water Tower Express,,Mon,Tue,Wed,Thu,Fri
20:24:15,3,King Drive,,Sat
11:11:24,146,Inner Lake Shore/Michigan Express,,Sun
19:28:33,147,Outer DuSable Lake Shore Express,,Sun
13:38:42,151,Sheridan,,Mon,Tue,Wed,Thu,Fri
12:45:08,3,King Drive,,Sun
07:13:15,146,Inner Lake Shore/Michigan Express,,Mon,Tue,Wed,Thu,Fri
14:44:05,26,South Shore Express,,Mon,Tue,Wed,Thu,Fri
19:40:26,151,Sheridan,,Mon,Tue,Wed,Thu,Fri
07:46:48,151,Sheridan,,Mon,Tue,Wed,Thu,Fri
05:35:29,3,King Drive,,Sat
16:59:05,151,Sheridan,,Mon,Tue,Wed,Thu,Fri
19:01:12,146,Inner Lake Shore/Michigan Express,,Sun
14:07:21,3,King Drive,,Sat
08:15:29,3,King Drive,,Sun
13:02:12,151,Sheridan,,Mon,Tue,Wed,Thu,Fri
06:46:18,146,Inner Lake Shore/Michigan Express,,Sun
15:08:58,146,Inner Lake Shore/Michigan Express,,Sat
15:34:21,3,King Drive,,Sat
10:25:56,151,Sheridan,,Mon,Tue,Wed,Thu,Fri
20:24:11,3,King Drive,,Mon,Tue,Wed,Thu,Fri
09:57:21,146,Inner Lake Shore/Michigan Express,,Mon,Tue,Wed,Thu,Fri
12:36:18,147,Outer DuSable Lake Shore Express,,Sat
22:54:15,3,King Drive,,Sat
07:47:18,143,Stockton/Michigan Express,,Mon,Tue,Wed,Thu,Fri
10:01:56,151,Sheridan,,Mon,Tue,Wed,Thu,Fri
11:35:38,3,King Drive,,Mon,Tue,Wed,Thu,Fri
11:55:31,146,Inner Lake Shore/Michigan Express,,Mon,Tue,Wed,Thu,Fri
10:04:21,146,Inner Lake Shore/Michigan Express,,Mon,Tue,Wed,Thu,Fri
07:59:54,146,Inner Lake Shore/Michigan Express,,Mon,Tue,Wed,Thu,Fri
22:12:27,146,Inner Lake Shore/Michigan Express,,Mon,Tue,Wed,Thu,Fri
14:34:15,3,King Drive,,Sun
12:55:21,3,King Drive,,Sat
06:37:48,148,Clarendon/Michigan Express,,Mon,Tue,Wed,Thu,Fri
19:43:33,147,Outer DuSable Lake Shore Express,,Sun
08:36:42,148,Clarendon/Michigan Express,,Mon,Tue,Wed,Thu,Fri
16:42:27,26,South Shore Express,,Mon,Tue,Wed,Thu,Fri
09:56:55,151,Sheridan,,Sun
17:32:49,147,Outer DuSable Lake Shore Express,,Sat
11:05:18,151,Sheridan,,Sat
09:06:08,3,King Drive,,Mon,Tue,Wed,Thu,Fri
10:49:12,146,Inner Lake Shore/Michigan Express,,Sat
09:57:15,146,Inner Lake Shore/Michigan Express,,Sun
15:39:40,146,Inner Lake Shore/Michigan Express,,Mon,Tue,Wed,Thu,Fri
16:34:27,26,South Shore Express,,Mon,Tue,Wed,Thu,Fri
16:16:18,3,King Drive,,Mon,Tue,Wed,Thu,Fri
06:20:32,151,Sheridan,,Sun
12:13:04,147,Outer DuSable Lake Shore Express,,Mon,Tue,Wed,Thu,Fri
09:16:42,146,Inner Lake Shore/Michigan Express,,Mon,Tue,Wed,Thu,Fri
13:31:01,146,Inner Lake Shore/Michigan Express,,Sat
23:19:18,151,Sheridan,,Sun
09:29:42,146,Inner Lake Shore/Michigan Express,,Mon,Tue,Wed,Thu,Fri
14:57:12,151,Sheridan,,Mon,Tue,Wed,Thu,Fri
07:06:25,151,Sheridan,,Mon,Tue,Wed,Thu,Fri
19:31:42,147,Outer DuSable Lake Shore Express,,Sat
19:20:48,3,King Drive,,Sat
17:14:20,151,Sheridan,,Sat
17:01:45,3,King Drive,,Sun
15:43:21,3,King Drive,,Sat
06:11:59,3,King Drive,,Mon,Tue,Wed,Thu,Fri
12:01:26,151,Sheridan,,Sat
15:16:58,146,Inner Lake Shore/Michigan Express,,Sat
16:38:57,151,Sheridan,,Mon,Tue,Wed,Thu,Fri
07:39:18,147,Outer DuSable Lake Shore Express,,Mon,Tue,Wed,Thu,Fri
09:48:15,146,Inner Lake Shore/Michigan Express,,Sun
11:45:18,147,Outer DuSable Lake Shore Express,,Sat
07:39:18,143,Stockton/Michigan Express,,Mon,Tue,Wed,Thu,Fri
10:41:12,146,Inner Lake Shore/Michigan Express,,Sat
15:25:21,3,King Drive,,Sat
23:08:11,151,Sheridan,,Sat
22:16:18,147,Outer DuSable Lake Shore Express,,Sun
15:34:42,26,South Shore Express,,Mon,Tue,Wed,Thu,Fri
22:17:08,3,King Drive,,Mon,Tue,Wed,Thu,Fri
12:09:34,151,Sheridan,,Sat
12:26:18,3,King Drive,,Sat
09:17:12,148,Clarendon/Michigan Express,,Mon,Tue,Wed,Thu,Fri
14:11:31,146,Inner Lake Shore/Michigan Express,,Sat
09:29:06,146,Inner Lake Shore/Michigan Express,,Sun
11:30:08,3,King Drive,,Sun
13:58:21,3,King Drive,,Sat
13:04:21,3,King Drive,,Sat
17:44:50,125,Water Tower Express,,Mon,Tue,Wed,Thu,Fri
08:01:48,151,Sheridan,,Mon,Tue,Wed,Thu,Fri
07:01:32,3,King Drive,,Mon,Tue,Wed,Thu,Fri
09:57:26,147,Outer DuSable Lake Shore Express,,Mon,Tue,Wed,Thu,Fri
12:03:12,146,Inner Lake Shore/Michigan Express,,Sat
08:22:48,151,Sheridan,,Sat
17:36:49,146,Inner Lake Shore/Michigan Express,,Mon,Tue,Wed,Thu,Fri
05:28:17,151,Sheridan,,Sat
15:05:49,151,Sheridan,,Sat
12:36:21,3,King Drive,,Sat
13:58:21,3,King Drive,,Sat
19:54:20,26,South Shore Express,,Mon,Tue,Wed,Thu,Fri
17:30:28,146,Inner Lake Shore/Michigan Express,,Sat
17:38:58,146,Inner Lake Shore/Michigan Express,,Sat
18:20:12,146,Inner Lake Shore/Michigan Express,,Sun
23:53:32,3,King Drive,,Sun
07:51:41,151,Sheridan,,Mon,Tue,Wed,Thu,Fri
09:57:26,147,Outer DuSable Lake Shore Express,,Mon,Tue,Wed,Thu,Fri
11:18:48,147,Outer DuSable Lake Shore Express,,Sat
18:04:45,3,King Drive,,Sun
07:17:33,143,Stockton/Michigan Express,,Mon,Tue,Wed,Thu,Fri
13:29:49,151,Sheridan,,Sat
18:25:42,151,Sheridan,,Sun
12:20:48,151,Sheridan,,Sun
07:49:15,148,Clarendon/Michigan Express,,Mon,Tue,Wed,Thu,Fri
10:50:41,151,Sheridan,,Sun
16:01:12,151,Sheridan,,Sun
11:01:56,151,Sheridan,,Mon,Tue,Wed,Thu,Fri
17:14:20,151,Sheridan,,Sat
19:20:48,3,King Drive,,Sat
12:35:40,146,Inner Lake Shore/Michigan Express,,Sun
10:44:48,147,Outer DuSable Lake Shore Express,,Sat
10:03:05,3,King Drive,,Sat
05:49:18,147,Outer DuSable Lake Shore Express,,Mon,Tue,Wed,Thu,Fri
13:43:41,3,King Drive,,Mon,Tue,Wed,Thu,Fri
15:51:21,146,Inner Lake Shore/Michigan Express,,Sun
15:29:10,146,Inner Lake Shore/Michigan Express,,Mon,Tue,Wed,Thu,Fri
17:29:51,3,King Drive,,Mon,Tue,Wed,Thu,Fri
09:36:12,146,Inner Lake Shore/Michigan Express,,Mon,Tue,Wed,Thu,Fri
20:35:33,147,Outer DuSable Lake Shore Express,,Sun
07:56:08,3,King Drive,,Mon,Tue,Wed,Thu,Fri
13:14:12,151,Sheridan,,Mon,Tue,Wed,Thu,Fri
14:12:21,146,Inner Lake Shore/Michigan Express,,Sun
10:35:24,146,Inner Lake Shore/Michigan Express,,Sun
09:44:55,151,Sheridan,,Sun
05:49:18,147,Outer DuSable Lake Shore Express,,Mon,Tue,Wed,Thu,Fri
07:43:24,146,Inner Lake Shore/Michigan Express,,Mon,Tue,Wed,Thu,Fri
15:30:05,151,Sheridan,,Sat
15:08:45,3,King Drive,,Sun
20:47:57,146,Inner Lake Shore/Michigan Express,,Sun
16:33:56,147,Outer DuSable Lake Shore Express,,Sun
17:38:58,146,Inner Lake Shore/Michigan Express,,Sat
17:40:13,151,Sheridan,,Sat
24:01:35,3,King Drive,,Sat
17:58:19,147,Outer DuSable Lake Shore Express,,Sat
07:35:48,151,Sheridan,,Sun
06:31:32,3,King Drive,,Mon,Tue,Wed,Thu,Fri
16:21:12,151,Sheridan,,Sun
22:46:48,146,Inner Lake Shore/Michigan Express,,Sun
06:55:06,146,Inner Lake Shore/Michigan Express,,Mon,Tue,Wed,Thu,Fri
12:16:41,3,King Drive,,Mon,Tue,Wed,Thu,Fri
17:49:18,3,King Drive,,Mon,Tue,Wed,Thu,Fri
14:52:56,147,Outer DuSable Lake Shore Express,,Sun
08:21:12,146,Inner Lake Shore/Michigan Express,,Mon,Tue,Wed,Thu,Fri
18:25:28,146,Inner Lake Shore/Michigan Express,,Sat
06:02:48,147,Outer DuSable Lake Shore Express,,Mon,Tue,Wed,Thu,Fri
17:36:49,146,Inner Lake Shore/Michigan Express,,Mon,Tue,Wed,Thu,Fri
15:41:12,151,Sheridan,,Sun
21:29:15,3,King Drive,,Sat
18:40:13,151,Sheridan,,Sat
17:53:45,3,King Drive,,Sun
13:18:21,146,Inner Lake Shore/Michigan Express,,Sun
13:52:42,147,Outer DuSable Lake Shore Express,,Sat
06:12:18,146,Inner Lake Shore/Michigan Express,,Mon,Tue,Wed,Thu,Fri
14:31:12,151,Sheridan,,Sun
18:52:05,26,South Shore Express,,Mon,Tue,Wed,Thu,Fri
15:30:45,3,King Drive,,Mon,Tue,Wed,Thu,Fri
01:08:39,151,Sheridan,,Tue,Wed,Thu,Fri,Sat
08:24:27,146,Inner Lake Shore/Michigan Express,,Sat
11:10:48,151,Sheridan,,Sun
13:11:41,3,King Drive,,Mon,Tue,Wed,Thu,Fri
20:42:18,151,Sheridan,,Mon,Tue,Wed,Thu,Fri
09:16:25,147,Outer DuSable Lake Shore Express,,Sun
07:29:11,147,Outer DuSable Lake Shore Express,,Mon,Tue,Wed,Thu,Fri
08:56:08,3,King Drive,,Mon,Tue,Wed,Thu,Fri
21:53:03,147,Outer DuSable Lake Shore Express,,Mon,Tue,Wed,Thu,Fri
17:41:19,147,Outer DuSable Lake Shore Express,,Sat
15:52:21,3,King Drive,,Sat
21:25:48,147,Outer DuSable Lake Shore Express,,Sat
18:10:13,151,Sheridan,,Sat
23:12:48,147,Outer DuSable Lake Shore Express,,Sun
10:57:12,146,Inner Lake Shore/Michigan Express,,Sat
14:47:42,151,Sheridan,,Mon,Tue,Wed,Thu,Fri
19:10:48,3,King Drive,,Sat
10:17:54,146,Inner Lake Shore/Michigan Express,,Sat
13:35:42,147,Outer DuSable Lake Shore Express,,Sat
24:01:35,3,King Drive,,Sat
10:44:04,147,Outer DuSable Lake Shore Express,,Mon,Tue,Wed,Thu,Fri
07:46:18,147,Outer DuSable Lake Shore Express,,Mon,Tue,Wed,Thu,Fri
21:48:24,146,Inner Lake Shore/Michigan Express,,Sat
13:41:04,151,Sheridan,,Sun
17:32:35,151,Sheridan,,Mon,Tue,Wed,Thu,Fri
20:14:54,146,Inner Lake Shore/Michigan Express,,Mon,Tue,Wed,Thu,Fri
10:18:38,3,King Drive,,Mon,Tue,Wed,Thu,Fri
07:50:48,147,Outer DuSable Lake Shore Express,,Mon,Tue,Wed,Thu,Fri
14:33:49,151,Sheridan,,Sat
15:20:15,3,King Drive,,Sun
14:48:21,146,Inner Lake Shore/Michigan Express,,Sun
10:33:12,146,Inner Lake Shore/Michigan Express,,Sat
21:04:08,3,King Drive,,Sun
08:22:34,143,Stockton/Michigan Express,,Mon,Tue,Wed,Thu,Fri
16:51:21,3,King Drive,,Mon,Tue,Wed,Thu,Fri
19:10:48,3,King Drive,,Sat
12:57:49,151,Sheridan,,Sat
17:19:56,147,Outer DuSable Lake Shore Express,,Sun
13:53:27,26,South Shore Express,,Mon,Tue,Wed,Thu,Fri
18:30:13,151,Sheridan,,Sat
12:06:33,146,Inner Lake Shore/Michigan Express,,Sun
13:13:21,3,King Drive,,Sat
20:30:42,146,Inner Lake Shore/Michigan Express,,Sat
09:56:55,151,Sheridan,,Sun
21:16:15,3,King Drive,,Sat
13:01:42,147,Outer DuSable Lake Shore Express,,Sat
09:07:25,147,Outer DuSable Lake Shore Express,,Sun
16:10:45,3,King Drive,,Mon,Tue,Wed,Thu,Fri
23:11:33,147,Outer DuSable Lake Shore Express,,Sat
22:34:05,3,King Drive,,Sun
19:47:11,3,King Drive,,Sun
07:43:48,151,Sheridan,,Sat
16:36:10,146,Inner Lake Shore/Michigan Express,,Mon,Tue,Wed,Thu,Fri
14:17:49,151,Sheridan,,Sat
06:45:03,147,Outer DuSable Lake Shore Express,,Mon,Tue,Wed,Thu,Fri
07:41:41,151,Sheridan,,Mon,Tue,Wed,Thu,Fri
16:02:05,151,Sheridan,,Sat
16:26:20,151,Sheridan,,Sat
10:02:54,146,Inner Lake Shore/Michigan Express,,Sat
22:32:33,147,Outer DuSable Lake Shore Express,,Mon,Tue,Wed,Thu,Fri
22:43:35,3,King Drive,,Mon,Tue,Wed,Thu,Fri
09:11:05,3,King Drive,,Sat
09:44:55,151,Sheridan,,Sun
17:01:28,146,Inner Lake Shore/Michigan Express,,Mon,Tue,Wed,Thu,Fri
13:28:12,147,Outer DuSable Lake Shore Express,,Sat
15:51:49,151,Sheridan,,Mon,Tue,Wed,Thu,Fri
14:30:21,146,Inner Lake Shore/Michigan Express,,Sun
08:16:08,3,King Drive,,Mon,Tue,Wed,Thu,Fri
12:20:48,151,Sheridan,,Sun
13:45:12,147,Outer DuSable Lake Shore Express,,Sat
07:31:33,151,Sheridan,,Mon,Tue,Wed,Thu,Fri
08:25:42,146,Inner Lake Shore/Michigan Express,,Mon,Tue,Wed,Thu,Fri
07:32:29,3,King Drive,,Sat
08:22:27,146,Inner Lake Shore/Michigan Express,,Sun
07:19:18,151,Sheridan,,Sun
18:20:13,151,Sheridan,,Sat
12:24:33,146,Inner Lake Shore/Michigan Express,,Sun
10:33:18,151,Sheridan,,Sat
16:16:18,3,King Drive,,Mon,Tue,Wed,Thu,Fri
11:02:38,3,King Drive,,Mon,Tue,Wed,Thu,Fri
07:31:54,148,Clarendon/Michigan Express,,Mon,Tue,Wed,Thu,Fri
14:17:49,151,Sheridan,,Sat
13:11:12,147,Outer DuSable Lake Shore Express,,Sat
11:29:24,146,Inner Lake Shore/Michigan Express,,Sun
17:07:51,3,King Drive,,Mon,Tue,Wed,Thu,Fri
16:14:37,146,Inner Lake Shore/Michigan Express,,Sat
10:01:11,151,Sheridan,,Sat
10:56:12,146,Inner Lake Shore/Michigan Express,,Mon,Tue,Wed,Thu,Fri
16:10:45,3,King Drive,,Mon,Tue,Wed,Thu,Fri
16:23:40,146,Inner Lake Shore/Michigan Express,,Mon,Tue,Wed,Thu,Fri
16:44:21,146,Inner Lake Shore/Michigan Express,,Sun
08:40:29,3,King Drive,,Sat
10:29:05,3,King Drive,,Sat
08:46:48,151,Sheridan,,Mon,Tue,Wed,Thu,Fri
06:15:18,147,Outer DuSable Lake Shore Express,,Sun
13:45:49,151,Sheridan,,Sat
18:40:49,147,Outer DuSable Lake Shore Express,,Sat
16:48:35,151,Sheridan,,Mon,Tue,Wed,Thu,Fri
13:02:48,147,Outer DuSable Lake Shore Express,,Sun
11:13:12,146,Inner Lake Shore/Michigan Express,,Sat
08:34:42,146,Inner Lake Shore/Michigan Express,,Mon,Tue,Wed,Thu,Fri
13:35:27,26,South Shore Express,,Mon,Tue,Wed,Thu,Fri
15:26:56,147,Outer DuSable Lake Shore Express,,Sun
06:27:09,146,Inner Lake Shore/Michigan Express,,Sat
10:35:24,146,Inner Lake Shore/Michigan Express,,Sun
08:21:56,147,Outer DuSable Lake Shore Express,,Mon,Tue,Wed,Thu,Fri
22:14:05,3,King Drive,,Sun
14:11:31,146,Inner Lake Shore/Michigan Express,,Sat
11:00:48,151,Sheridan,,Sun
09:34:36,148,Clarendon/Michigan Express,,Mon,Tue,Wed,Thu,Fri
13:53:11,3,King Drive,,Mon,Tue,Wed,Thu,Fri
21:07:57,146,Inner Lake Shore/Michigan Express,,Sun
22:54:15,3,King Drive,,Sat
13:40:21,3,King Drive,,Sat
15:07:12,151,Sheridan,,Mon,Tue,Wed,Thu,Fri
08:26:48,151,Sheridan,,Mon,Tue,Wed,Thu,Fri
21:03:20,26,South Shore Express,,Mon,Tue,Wed,Thu,Fri
19:00:05,151,Sheridan,,Sat
23:44:35,3,King Drive,,Sat
09:37:33,147,Outer DuSable Lake Shore Express,,Sun
17:10:05,151,Sheridan,,Mon,Tue,Wed,Thu,Fri
04:59:54,151,Sheridan,,Mon,Tue,Wed,Thu,Fri
15:39:40,146,Inner Lake Shore/Michigan Express,,Mon,Tue,Wed,Thu,Fri
19:43:33,147,Outer DuSable Lake Shore Express,,Sun
07:16:25,151,Sheridan,,Mon,Tue,Wed,Thu,Fri
12:51:04,151,Sheridan,,Sun
12:07:48,147,Outer DuSable Lake Shore Express,,Sun
18:03:12,151,Sheridan,,Sun
17:42:42,151,Sheridan,,Sun
11:33:04,147,Outer DuSable Lake Shore Express,,Mon,Tue,Wed,Thu,Fri
14:52:58,146,Inner Lake Shore/Michigan Express,,Sat
12:45:08,3,King Drive,,Sun
05:40:24,151,Sheridan,,Sun
08:56:56,151,Sheridan,,Mon,Tue,Wed,Thu,Fri
21:16:15,3,King Drive,,Sat
18:38:35,26,South Shore Express,,Mon,Tue,Wed,Thu,Fri
19:06:19,146,Inner Lake Shore/Michigan Express,,Sat
15:42:19,151,Sheridan,,Mon,Tue,Wed,Thu,Fri
21:48:41,147,Outer DuSable Lake Shore Express,,Sat
19:17:12,146,Inner Lake Shore/Michigan Express,,Mon,Tue,Wed,Thu,Fri
12:10:48,151,Sheridan,,Sun
11:13:18,151,Sheridan,,Sat
16:29:48,3,King Drive,,Mon,Tue,Wed,Thu,Fri
14:03:42,151,Sheridan,,Mon,Tue,Wed,Thu,Fri
20:27:50,26,South Shore Express,,Mon,Tue,Wed,Thu,Fri
19:24:08,125,Water Tower Express,,Mon,Tue,Wed,Thu,Fri
20:48:08,3,King Drive,,Sun
23:38:11,151,Sheridan,,Sat
17:07:51,3,King Drive,,Mon,Tue,Wed,Thu,Fri
08:05:03,146,Inner Lake Shore/Michigan Express,,Mon,Tue,Wed,Thu,Fri
13:55:42,147,Outer DuSable Lake Shore Express,,Mon,Tue,Wed,Thu,Fri
08:01:48,151,Sheridan,,Mon,Tue,Wed,Thu,Fri
21:29:15,3,King Drive,,Sat
08:10:33,146,Inner Lake Shore/Michigan Express,,Mon,Tue,Wed,Thu,Fri
11:53:26,151,Sheridan,,Sat
09:11:48,151,Sheridan,,Mon,Tue,Wed,Thu,Fri
04:59:54,151,Sheridan,,Mon,Tue,Wed,Thu,Fri
14:57:21,146,Inner Lake Shore/Michigan Express,,Sun
13:47:45,3,King Drive,,Sun
12:49:41,3,King Drive,,Mon,Tue,Wed,Thu,Fri
13:05:40,146,Inner Lake Shore/Michigan Express,,Mon,Tue,Wed,Thu,Fri
16:00:40,146,Inner Lake Shore/Michigan Express,,Mon,Tue,Wed,Thu,Fri
15:08:58,146,Inner Lake Shore/Michigan Express,,Sat
18:02:05,26,South Shore Express,,Mon,Tue,Wed,Thu,Fri
19:10:11,3,King Drive,,Sun
18:28:15,3,King Drive,,Mon,Tue,Wed,Thu,Fri
19:50:24,146,Inner Lake Shore/Michigan Express,,Sun
08:29:42,148,Clarendon/Michigan Express,,Mon,Tue,Wed,Thu,Fri
09:53:03,151,Sheridan,,Sat
18:37:58,146,Inner Lake Shore/Michigan Express,,Sat
19:37:11,3,King Drive,,Mon,Tue,Wed,Thu,Fri
17:49:49,147,Outer DuSable Lake Shore Express,,Sat
21:47:27,146,Inner Lake Shore/Michigan Express,,Sun
06:58:18,147,Outer DuSable Lake Shore Express,,Sat
10:00:11,147,Outer DuSable Lake Shore Express,,Sun
09:51:56,151,Sheridan,,Mon,Tue,Wed,Thu,Fri
21:54:48,147,Outer DuSable Lake Shore Express,,Sun
16:34:27,26,South Shore Express,,Mon,Tue,Wed,Thu,Fri
22:17:55,151,Sheridan,,Mon,Tue,Wed,Thu,Fri
22:59:59,3,King Drive,,Mon,Tue,Wed,Thu,Fri
10:38:05,3,King Drive,,Sun
13:26:40,146,Inner Lake Shore/Michigan Express,,Mon,Tue,Wed,Thu,Fri
07:15:45,148,Clarendon/Michigan Express,,Mon,Tue,Wed,Thu,Fri
08:05:03,146,Inner Lake Shore/Michigan Express,,Mon,Tue,Wed,Thu,Fri
22:28:15,146,Inner Lake Shore/Michigan Express,,Sat
20:53:48,147,Outer DuSable Lake Shore Express,,Sun
22:52:33,147,Outer DuSable Lake Shore Express,,Mon,Tue,Wed,Thu,Fri
12:29:48,147,Outer DuSable Lake Shore Express,,Sun
22:16:18,147,Outer DuSable Lake Shore Express,,Sun
20:45:20,26,South Shore Express,,Mon,Tue,Wed,Thu,Fri
16:23:48,3,King Drive,,Mon,Tue,Wed,Thu,Fri
17:51:10,146,Inner Lake Shore/Michigan Express,,Mon,Tue,Wed,Thu,Fri
12:44:40,146,Inner Lake Shore/Michigan Express,,Sun
12:41:49,151,Sheridan,,Sat
17:12:45,3,King Drive,,Sun
08:57:29,3,King Drive,,Sun
10:02:41,147,Outer DuSable Lake Shore Express,,Sat
14:33:11,3,King Drive,,Mon,Tue,Wed,Thu,Fri
20:08:56,147,Outer DuSable Lake Shore Express,,Sat
18:20:31,146,Inner Lake Shore/Michigan Express,,Mon,Tue,Wed,Thu,Fri
13:26:12,151,Sheridan,,Mon,Tue,Wed,Thu,Fri
08:43:21,146,Inner Lake Shore/Michigan Express,,Mon,Tue,Wed,Thu,Fri
09:04:51,146,Inner Lake Shore/Michigan Express,,Mon,Tue,Wed,Thu,Fri
23:05:55,151,Sheridan,,Mon,Tue,Wed,Thu,Fri
08:05:57,146,Inner Lake Shore/Michigan Express,,Sun
09:01:48,151,Sheridan,,Mon,Tue,Wed,Thu,Fri
21:54:48,147,Outer DuSable Lake Shore Express,,Sun
13:02:48,147,Outer DuSable Lake Shore Express,,Sun
12:11:12,146,Inner Lake Shore/Michigan Express,,Sat
14:06:42,147,Outer DuSable Lake Shore Express,,Mon,Tue,Wed,Thu,Fri
09:49:51,146,Inner Lake Shore/Michigan Express,,Mon,Tue,Wed,Thu,Fri
19:22:11,3,King Drive,,Sun
17:13:28,146,Inner Lake Shore/Michigan Express,,Sat
17:15:27,147,Outer DuSable Lake Shore Express,,Mon,Tue,Wed,Thu,Fri
08:31:48,151,Sheridan,,Mon,Tue,Wed,Thu,Fri
11:46:08,3,King Drive,,Mon,Tue,Wed,Thu,Fri
13:01:04,151,Sheridan,,Sun
07:53:27,146,Inner Lake Shore/Michigan Express,,Sat
14:12:21,146,Inner Lake Shore/Michigan Express,,Sun
08:23:42,148,Clarendon/Michigan Express,,Mon,Tue,Wed,Thu,Fri
18:15:45,3,King Drive,,Sun
18:30:48,3,King Drive,,Sat
10:40:38,3,King Drive,,Mon,Tue,Wed,Thu,Fri
10:04:21,146,Inner Lake Shore/Michigan Express,,Mon,Tue,Wed,Thu,Fri
13:26:40,146,Inner Lake Shore/Michigan Express,,Mon,Tue,Wed,Thu,Fri
15:31:12,151,Sheridan,,Sun
20:38:42,151,Sheridan,,Sat
14:21:21,146,Inner Lake Shore/Michigan Express,,Sun
06:38:33,147,Outer DuSable Lake Shore Express,,Mon,Tue,Wed,Thu,Fri
19:45:03,146,Inner Lake Shore/Michigan Express,,Mon,Tue,Wed,Thu,Fri
23:11:11,3,King Drive,,Sat
17:41:19,26,South Shore Express,,Mon,Tue,Wed,Thu,Fri
08:36:29,3,King Drive,,Sun
10:37:56,151,Sheridan,,Mon,Tue,Wed,Thu,Fri
21:53:26,151,Sheridan,,Sat
08:52:06,146,Inner Lake Shore/Michigan Express,,Sat
00:28:29,3,King Drive,,Tue,Wed,Thu,Fri,Sat
11:14:12,146,Inner Lake Shore/Michigan Express,,Mon,Tue,Wed,Thu,Fri
09:36:12,146,Inner Lake Shore/Michigan Express,,Mon,Tue,Wed,Thu,Fri
13:36:40,146,Inner Lake Shore/Michigan Express,,Mon,Tue,Wed,Thu,Fri
06:27:02,151,Sheridan,,Sat
12:32:38,3,King Drive,,Sun
08:36:25,147,Outer DuSable Lake Shore Express,,Sun
11:24:38,3,King Drive,,Mon,Tue,Wed,Thu,Fri
06:22:02,3,King Drive,,Mon,Tue,Wed,Thu,Fri
11:57:33,146,Inner Lake Shore/Michigan Express,,Sun
17:29:21,146,Inner Lake Shore/Michigan Express,,Sun
06:35:18,146,Inner Lake Shore/Michigan Express,,Mon,Tue,Wed,Thu,Fri
12:53:40,146,Inner Lake Shore/Michigan Express,,Sun
13:56:40,146,Inner Lake Shore/Michigan Express,,Mon,Tue,Wed,Thu,Fri
07:33:29,3,King Drive,,Sun
00:38:39,151,Sheridan,,Mon
18:10:51,3,King Drive,,Sat
09:44:03,147,Outer DuSable Lake Shore Express,,Sat
21:25:48,147,Outer DuSable Lake Shore Express,,Sat
06:08:32,151,Sheridan,,Sat
17:54:26,147,Outer DuSable Lake Shore Express,,Sun
07:13:40,151,Sheridan,,Sat
15:18:40,146,Inner Lake Shore/Michigan Express,,Mon,Tue,Wed,Thu,Fri
18:51:11,147,Outer DuSable Lake Shore Express,,Sun
20:59:33,151,Sheridan,,Sun
07:19:35,3,King Drive,,Mon,Tue,Wed,Thu,Fri
15:09:21,3,King Drive,,Sat
23:39:10,151,Sheridan,,Sun
14:58:15,3,King Drive,,Mon,Tue,Wed,Thu,Fri
20:27:56,147,Outer DuSable Lake Shore Express,,Sat
19:44:18,147,Outer DuSable Lake Shore Express,,Mon,Tue,Wed,Thu,Fri
08:01:54,148,Clarendon/Michigan Express,,Mon,Tue,Wed,Thu,Fri
21:30:11,151,Sheridan,,Mon,Tue,Wed,Thu,Fri
08:00:56,143,Stockton/Michigan Express,,Mon,Tue,Wed,Thu,Fri
16:48:49,146,Inner Lake Shore/Michigan Express,,Mon,Tue,Wed,Thu,Fri
16:25:57,26,South Shore Express,,Mon,Tue,Wed,Thu,Fri
08:31:48,151,Sheridan,,Mon,Tue,Wed,Thu,Fri
21:34:18,147,Outer DuSable Lake Shore Express,,Sun
09:49:15,148,Clarendon/Michigan Express,,Mon,Tue,Wed,Thu,Fri
14:54:50,125,Water Tower Express,,Mon,Tue,Wed,Thu,Fri
13:35:27,26,South Shore Express,,Mon,Tue,Wed,Thu,Fri
10:49:18,151,Sheridan,,Sat
13:46:40,146,Inner Lake Shore/Michigan Express,,Mon,Tue,Wed,Thu,Fri
20:59:33,151,Sheridan,,Sun
13:53:11,3,King Drive,,Mon,Tue,Wed,Thu,Fri
06:06:40,147,Outer DuSable Lake Shore Express,,Sat
11:17:05,3,King Drive,,Sun
16:11:40,146,Inner Lake Shore/Michigan Express,,Mon,Tue,Wed,Thu,Fri
19:47:11,3,King Drive,,Sun
14:58:35,26,South Shore Express,,Mon,Tue,Wed,Thu,Fri
12:04:04,147,Outer DuSable Lake Shore Express,,Mon,Tue,Wed,Thu,Fri
17:21:57,26,South Shore Express,,Mon,Tue,Wed,Thu,Fri
18:24:50,125,Water Tower Express,,Mon,Tue,Wed,Thu,Fri
14:36:58,146,Inner Lake Shore/Michigan Express,,Sat
22:59:18,151,Sheridan,,Sun
10:37:18,147,Outer DuSable Lake Shore Express,,Sat
13:18:42,147,Outer DuSable Lake Shore Express,,Sat
18:57:19,147,Outer DuSable Lake Shore Express,,Sat
14:22:45,3,King Drive,,Sun
13:05:40,146,Inner Lake Shore/Michigan Express,,Mon,Tue,Wed,Thu,Fri
07:05:03,147,Outer DuSable Lake Shore Express,,Mon,Tue,Wed,Thu,Fri
09:10:21,146,Inner Lake Shore/Michigan Express,,Mon,Tue,Wed,Thu,Fri
15:01:21,3,King Drive,,Sat
20:12:48,3,King Drive,,Sat
09:34:03,147,Outer DuSable Lake Shore Express,,Sat
08:57:05,3,King Drive,,Sat
18:13:58,146,Inner Lake Shore/Michigan Express,,Sat
18:00:13,151,Sheridan,,Sat
06:52:48,148,Clarendon/Michigan Express,,Mon,Tue,Wed,Thu,Fri
18:05:15,3,King Drive,,Mon,Tue,Wed,Thu,Fri
15:19:05,147,Outer DuSable Lake Shore Express,,Sat
07:51:41,151,Sheridan,,Mon,Tue,Wed,Thu,Fri
06:43:32,151,Sheridan,,Sat
07:07:48,148,Clarendon/Michigan Express,,Mon,Tue,Wed,Thu,Fri
17:46:58,146,Inner Lake Shore/Michigan Express,,Sat
13:29:49,151,Sheridan,,Sat
07:44:25,147,Outer DuSable Lake Shore Express,,Sun
12:49:49,151,Sheridan,,Sat
06:27:09,146,Inner Lake Shore/Michigan Express,,Sat
11:02:38,3,King Drive,,Mon,Tue,Wed,Thu,Fri
09:29:42,146,Inner Lake Shore/Michigan Express,,Mon,Tue,Wed,Thu,Fri
15:00:58,146,Inner Lake Shore/Michigan Express,,Sat
12:33:04,147,Outer DuSable Lake Shore Express,,Mon,Tue,Wed,Thu,Fri
18:15:42,151,Sheridan,,Mon,Tue,Wed,Thu,Fri
06:25:18,146,Inner Lake Shore/Michigan Express,,Mon,Tue,Wed,Thu,Fri
08:54:12,143,Stockton/Michigan Express,,Mon,Tue,Wed,Thu,Fri
17:59:42,147,Outer DuSable Lake Shore Express,,Mon,Tue,Wed,Thu,Fri
18:04:45,3,King Drive,,Sun
18:40:48,3,King Drive,,Sat
09:09:55,147,Outer DuSable Lake Shore Express,,Sat
15:51:21,146,Inner Lake Shore/Michigan Express,,Sun
19:01:26,151,Sheridan,,Sun
18:44:15,3,King Drive,,Mon,Tue,Wed,Thu,Fri
21:19:25,151,Sheridan,,Sun
07:02:25,143,Stockton/Michigan Express,,Mon,Tue,Wed,Thu,Fri
15:53:05,147,Outer DuSable Lake Shore Express,,Sat
14:30:56,147,Outer DuSable Lake Shore Express,,Sun
10:54:18,147,Outer DuSable Lake Shore Express,,Sat
07:01:32,3,King Drive,,Mon,Tue,Wed,Thu,Fri
23:12:33,147,Outer DuSable Lake Shore Express,,Mon,Tue,Wed,Thu,Fri
16:31:37,146,Inner Lake Shore/Michigan Express,,Sat
11:45:31,146,Inner Lake Shore/Michigan Express,,Mon,Tue,Wed,Thu,Fri
12:55:34,147,Outer DuSable Lake Shore Express,,Mon,Tue,Wed,Thu,Fri
09:20:55,151,Sheridan,,Sun
05:33:40,147,Outer DuSable Lake Shore Express,,Mon,Tue,Wed,Thu,Fri
09:04:51,146,Inner Lake Shore/Michigan Express,,Mon,Tue,Wed,Thu,Fri
21:38:05,3,King Drive,,Sun
13:54:21,146,Inner Lake Shore/Michigan Express,,Sun
08:11:33,148,Clarendon/Michigan Express,,Mon,Tue,Wed,Thu,Fri
17:33:45,3,King Drive,,Sun
08:42:57,146,Inner Lake Shore/Michigan Express,,Sat
06:14:55,147,Outer DuSable Lake Shore Express,,Mon,Tue,Wed,Thu,Fri
14:19:31,146,Inner Lake Shore/Michigan Express,,Sat
13:13:48,147,Outer DuSable Lake Shore Express,,Sun
14:47:42,151,Sheridan,,Mon,Tue,Wed,Thu,Fri
09:00:26,147,Outer DuSable Lake Shore Express,,Mon,Tue,Wed,Thu,Fri
17:22:12,151,Sheridan,,Sun
06:45:57,146,Inner Lake Shore/Michigan Express,,Mon,Tue,Wed,Thu,Fri
10:32:18,147,Outer DuSable Lake Shore Express,,Sun
12:55:40,146,Inner Lake Shore/Michigan Express,,Mon,Tue,Wed,Thu,Fri
17:54:58,146,Inner Lake Shore/Michigan Express,,Sat
23:06:27,146,Inner Lake Shore/Michigan Express,,Mon,Tue,Wed,Thu,Fri
06:55:06,146,Inner Lake Shore/Michigan Express,,Mon,Tue,Wed,Thu,Fri
16:34:51,3,King Drive,,Mon,Tue,Wed,Thu,Fri
19:00:15,3,King Drive,,Mon,Tue,Wed,Thu,Fri
20:50:42,146,Inner Lake Shore/Michigan Express,,Sat
16:21:57,147,Outer DuSable Lake Shore Express,,Mon,Tue,Wed,Thu,Fri
21:56:05,3,King Drive,,Sun
09:39:15,146,Inner Lake Shore/Michigan Express,,Sun
06:55:18,147,Outer DuSable Lake Shore Express,,Sun
09:14:26,147,Outer DuSable Lake Shore Express,,Mon,Tue,Wed,Thu,Fri
20:37:56,147,Outer DuSable Lake Shore Express,,Sat
21:17:41,3,King Drive,,Mon,Tue,Wed,Thu,Fri
12:50:12,151,Sheridan,,Mon,Tue,Wed,Thu,Fri
22:33:55,151,Sheridan,,Mon,Tue,Wed,Thu,Fri
07:26:38,3,King Drive,,Mon,Tue,Wed,Thu,Fri
08:06:48,151,Sheridan,,Mon,Tue,Wed,Thu,Fri
11:13:48,147,Outer DuSable Lake Shore Express,,Sun
09:18:56,147,Outer DuSable Lake Shore Express,,Mon,Tue,Wed,Thu,Fri
15:31:10,125,Water Tower Express,,Mon,Tue,Wed,Thu,Fri
10:06:15,146,Inner Lake Shore/Michigan Express,,Sun
16:25:57,26,South Shore Express,,Mon,Tue,Wed,Thu,Fri
14:09:42,147,Outer DuSable Lake Shore Express,,Sat
18:46:12,146,Inner Lake Shore/Michigan Express,,Sun
15:58:37,146,Inner Lake Shore/Michigan Express,,Sat
07:17:33,143,Stockton/Michigan Express,,Mon,Tue,Wed,Thu,Fri
18:03:12,151,Sheridan,,Sun
22:15:33,147,Outer DuSable Lake Shore Express,,Sat
17:20:21,146,Inner Lake Shore/Michigan Express,,Sun
12:35:40,146,Inner Lake Shore/Michigan Express,,Mon,Tue,Wed,Thu,Fri
21:10:42,146,Inner Lake Shore/Michigan Express,,Sat
15:15:42,151,Sheridan,,Mon,Tue,Wed,Thu,Fri
05:28:17,151,Sheridan,,Sat
07:56:55,147,Outer DuSable Lake Shore Express,,Sat
11:33:51,146,Inner Lake Shore/Michigan Express,,Mon,Tue,Wed,Thu,Fri
16:05:10,125,Water Tower Express,,Mon,Tue,Wed,Thu,Fri
14:01:49,151,Sheridan,,Sat
18:44:29,125,Water Tower Express,,Mon,Tue,Wed,Thu,Fri
14:42:41,3,King Drive,,Mon,Tue,Wed,Thu,Fri
20:50:15,3,King Drive,,Sat
21:57:06,146,Inner Lake Shore/Michigan Express,,Mon,Tue,Wed,Thu,Fri
17:42:21,3,King Drive,,Mon,Tue,Wed,Thu,Fri
09:06:26,147,Outer DuSable Lake Shore Express,,Mon,Tue,Wed,Thu,Fri
22:14:05,3,King Drive,,Sun
09:06:26,147,Outer DuSable Lake Shore Express,,Mon,Tue,Wed,Thu,Fri
09:26:25,147,Outer DuSable Lake Shore Express,,Sat
14:01:04,151,Sheridan,,Sun
16:34:51,3,King Drive,,Mon,Tue,Wed,Thu,Fri
14:33:11,3,King Drive,,Mon,Tue,Wed,Thu,Fri
08:40:19,143,Stockton/Michigan Express,,Mon,Tue,Wed,Thu,Fri
05:17:10,147,Outer DuSable Lake Shore Express,,Mon,Tue,Wed,Thu,Fri
16:47:27,147,Outer DuSable Lake Shore Express,,Mon,Tue,Wed,Thu,Fri
14:03:21,146,Inner Lake Shore/Michigan Express,,Sun
19:18:15,3,King Drive,,Mon,Tue,Wed,Thu,Fri
19:05:19,147,Outer DuSable Lake Shore Express,,Sat
09:32:54,146,Inner Lake Shore/Michigan Express,,Sat
10:29:38,3,King Drive,,Mon,Tue,Wed,Thu,Fri
10:20:18,147,Outer DuSable Lake Shore Express,,Sat
12:26:18,3,King Drive,,Sat
09:45:38,3,King Drive,,Mon,Tue,Wed,Thu,Fri
16:33:57,147,Outer DuSable Lake Shore Express,,Sat
16:37:21,3,King Drive,,Sat
12:24:04,147,Outer DuSable Lake Shore Express,,Mon,Tue,Wed,Thu,Fri
09:17:29,3,King Drive,,Sun
16:42:20,151,Sheridan,,Sat
19:22:11,3,King Drive,,Sun
10:53:04,147,Outer DuSable Lake Shore Express,,Mon,Tue,Wed,Thu,Fri
22:28:15,146,Inner Lake Shore/Michigan Express,,Sat
06:57:09,146,Inner Lake Shore/Michigan Express,,Sat
10:40:42,146,Inner Lake Shore/Michigan Express,,Mon,Tue,Wed,Thu,Fri
10:09:11,151,Sheridan,,Sat
14:03:41,3,King Drive,,Mon,Tue,Wed,Thu,Fri
07:25:41,147,Outer DuSable Lake Shore Express,,Mon,Tue,Wed,Thu,Fri
22:59:59,3,King Drive,,Mon,Tue,Wed,Thu,Fri
09:33:03,151,Sheridan,,Sat
10:33:12,146,Inner Lake Shore/Michigan Express,,Mon,Tue,Wed,Thu,Fri
06:46:25,143,Stockton/Michigan Express,,Mon,Tue,Wed,Thu,Fri
11:33:51,146,Inner Lake Shore/Michigan Express,,Mon,Tue,Wed,Thu,Fri
21:21:50,26,South Shore Express,,Mon,Tue,Wed,Thu,Fri
20:00:03,146,Inner Lake Shore/Michigan Express,,Mon,Tue,Wed,Thu,Fri
06:40:32,151,Sheridan,,Sun
20:44:11,3,King Drive,,Mon,Tue,Wed,Thu,Fri
08:54:42,148,Clarendon/Michigan Express,,Mon,Tue,Wed,Thu,Fri
21:46:11,151,Sheridan,,Mon,Tue,Wed,Thu,Fri
11:39:33,146,Inner Lake Shore/Michigan Express,,Sun
19:34:11,3,King Drive,,Sun
18:23:49,147,Outer DuSable Lake Shore Express,,Sat
05:32:40,147,Outer DuSable Lake Shore Express,,Sat
20:32:08,3,King Drive,,Sun
18:01:19,151,Sheridan,,Mon,Tue,Wed,Thu,Fri
17:15:27,147,Outer DuSable Lake Shore Express,,Mon,Tue,Wed,Thu,Fri
15:33:19,151,Sheridan,,Mon,Tue,Wed,Thu,Fri
16:41:49,147,Outer DuSable Lake Shore Express,,Sat
15:14:05,151,Sheridan,,Sat
07:39:24,148,Clarendon/Michigan Express,,Mon,Tue,Wed,Thu,Fri
20:50:42,146,Inner Lake Shore/Michigan Express,,Sat
10:40:41,151,Sheridan,,Sun
14:13:11,3,King Drive,,Mon,Tue,Wed,Thu,Fri
16:45:51,3,King Drive,,Mon,Tue,Wed,Thu,Fri
11:01:48,147,Outer DuSable Lake Shore Express,,Sun
09:51:26,147,Outer DuSable Lake Shore Express,,Mon,Tue,Wed,Thu,Fri
07:46:18,147,Outer DuSable Lake Shore Express,,Mon,Tue,Wed,Thu,Fri
07:43:06,125,Water Tower Express,,Mon,Tue,Wed,Thu,Fri
13:31:04,151,Sheridan,,Sun
23:33:32,3,King Drive,,Sun
15:24:58,146,Inner Lake Shore/Michigan Express,,Sat
23:11:11,3,King Drive,,Sat
08:32:48,151,Sheridan,,Sat
08:37:57,146,Inner Lake Shore/Michigan Express,,Sun
19:06:19,146,Inner Lake Shore/Michigan Express,,Sat
14:36:40,146,Inner Lake Shore/Michigan Express,,Mon,Tue,Wed,Thu,Fri
21:15:48,147,Outer DuSable Lake Shore Express,,Sat
05:50:10,151,Sheridan,,Mon,Tue,Wed,Thu,Fri
08:14:27,146,Inner Lake Shore/Michigan Express,,Sat
07:57:48,151,Sheridan,,Sat
13:13:49,151,Sheridan,,Sat
10:40:38,3,King Drive,,Mon,Tue,Wed,Thu,Fri
23:12:29,3,King Drive,,Mon,Tue,Wed,Thu,Fri
06:46:18,147,Outer DuSable Lake Shore Express,,Sat
18:32:12,146,Inner Lake Shore/Michigan Express,,Sun
15:15:26,147,Outer DuSable Lake Shore Express,,Sun
20:01:08,3,King Drive,,Sun
19:59:26,147,Outer DuSable Lake Shore Express,,Sat
14:57:49,151,Sheridan,,Sat
19:00:48,3,King Drive,,Sat
18:37:34,151,Sheridan,,Sun
07:26:48,146,Inner Lake Shore/Michigan Express,,Sun
09:37:18,147,Outer DuSable Lake Shore Express,,Mon,Tue,Wed,Thu,Fri
17:01:28,146,Inner Lake Shore/Michigan Express,,Mon,Tue,Wed,Thu,Fri
11:23:48,147,Outer DuSable Lake Shore Express,,Sun
22:51:33,147,Outer DuSable Lake Shore Express,,Sat
16:22:10,125,Water Tower Express,,Mon,Tue,Wed,Thu,Fri
20:17:33,147,Outer DuSable Lake Shore Express,,Sun
21:30:03,146,Inner Lake Shore/Michigan Express,,Sat
05:28:18,146,Inner Lake Shore/Michigan Express,,Mon,Tue,Wed,Thu,Fri
19:30:05,151,Sheridan,,Sat
19:59:26,147,Outer DuSable Lake Shore Express,,Sat
16:35:21,146,Inner Lake Shore/Michigan Express,,Sun
18:05:15,3,King Drive,,Mon,Tue,Wed,Thu,Fri
14:43:42,147,Outer DuSable Lake Shore Express,,Mon,Tue,Wed,Thu,Fri
16:17:45,3,King Drive,,Sun
19:10:11,3,King Drive,,Sun
16:17:21,146,Inner Lake Shore/Michigan Express,,Sun
13:21:04,151,Sheridan,,Sun
04:39:47,151,Sheridan,,Mon,Tue,Wed,Thu,Fri
24:25:47,151,Sheridan,,Mon,Tue,Wed,Thu,Fri
15:17:21,3,King Drive,,Sat
13:36:40,146,Inner Lake Shore/Michigan Express,,Mon,Tue,Wed,Thu,Fri
05:00:09,151,Sheridan,,Sun
20:56:41,147,Outer DuSable Lake Shore Express,,Mon,Tue,Wed,Thu,Fri
18:49:19,147,Outer DuSable Lake Shore Express,,Sat
13:37:49,151,Sheridan,,Sat
17:21:05,151,Sheridan,,Mon,Tue,Wed,Thu,Fri
08:46:08,3,King Drive,,Mon,Tue,Wed,Thu,Fri
16:28:21,3,King Drive,,Sat
08:42:48,151,Sheridan,,Sat
08:27:26,147,Outer DuSable Lake Shore Express,,Mon,Tue,Wed,Thu,Fri
08:52:51,146,Inner Lake Shore/Michigan Express,,Mon,Tue,Wed,Thu,Fri
14:11:05,26,South Shore Express,,Mon,Tue,Wed,Thu,Fri
19:41:57,151,Sheridan,,Sat
16:23:07,146,Inner Lake Shore/Michigan Express,,Sat
14:19:56,147,Outer DuSable Lake Shore Express,,Sun
11:14:41,3,King Drive,,Sat
06:55:29,3,King Drive,,Sat
07:57:56,147,Outer DuSable Lake Shore Express,,Mon,Tue,Wed,Thu,Fri
11:45:18,147,Outer DuSable Lake Shore Express,,Sat
08:56:25,147,Outer DuSable Lake Shore Express,,Sun
19:22:49,147,Outer DuSable Lake Shore Express,,Sat
10:09:03,151,Sheridan,,Sun
11:29:12,146,Inner Lake Shore/Michigan Express,,Sat
14:21:12,151,Sheridan,,Sun
12:07:48,147,Outer DuSable Lake Shore Express,,Sun
09:33:03,151,Sheridan,,Sat
19:03:03,147,Outer DuSable Lake Shore Express,,Sun
09:16:55,147,Outer DuSable Lake Shore Express,,Sat
15:09:21,3,King Drive,,Sat
14:19:31,146,Inner Lake Shore/Michigan Express,,Sat
13:27:21,146,Inner Lake Shore/Michigan Express,,Sun
17:13:28,146,Inner Lake Shore/Michigan Express,,Mon,Tue,Wed,Thu,Fri
15:34:21,3,King Drive,,Sat
15:19:05,147,Outer DuSable Lake Shore Express,,Sat
07:39:18,147,Outer DuSable Lake Shore Express,,Mon,Tue,Wed,Thu,Fri
16:51:12,151,Sheridan,,Sun
15:16:58,146,Inner Lake Shore/Michigan Express,,Sat
16:01:19,151,Sheridan,,Mon,Tue,Wed,Thu,Fri
12:05:40,146,Inner Lake Shore/Michigan Express,,Mon,Tue,Wed,Thu,Fri
16:33:57,147,Outer DuSable Lake Shore Express,,Mon,Tue,Wed,Thu,Fri
08:15:03,146,Inner Lake Shore/Michigan Express,,Mon,Tue,Wed,Thu,Fri
15:55:42,26,South Shore Express,,Mon,Tue,Wed,Thu,Fri
17:15:49,147,Outer DuSable Lake Shore Express,,Sat
14:57:15,3,King Drive,,Sun
12:29:48,147,Outer DuSable Lake Shore Express,,Sun
16:29:57,151,Sheridan,,Mon,Tue,Wed,Thu,Fri
12:44:42,147,Outer DuSable Lake Shore Express,,Sat
18:05:56,147,Outer DuSable Lake Shore Express,,Sun
08:02:56,147,Outer DuSable Lake Shore Express,,Mon,Tue,Wed,Thu,Fri
20:56:56,147,Outer DuSable Lake Shore Express,,Sat
10:37:56,151,Sheridan,,Mon,Tue,Wed,Thu,Fri
15:06:21,146,Inner Lake Shore/Michigan Express,,Sun
15:36:05,147,Outer DuSable Lake Shore Express,,Sat
11:55:12,146,Inner Lake Shore/Michigan Express,,Sat
05:48:32,151,Sheridan,,Sat
16:51:12,151,Sheridan,,Sun
17:30:51,3,King Drive,,Sat
13:35:45,3,King Drive,,Sun
21:32:08,3,King Drive,,Mon,Tue,Wed,Thu,Fri
24:04:24,151,Sheridan,,Mon,Tue,Wed,Thu,Fri
08:46:48,151,Sheridan,,Mon,Tue,Wed,Thu,Fri
15:14:45,3,King Drive,,Mon,Tue,Wed,Thu,Fri
13:10:34,151,Sheridan,,Sun
07:12:48,147,Outer DuSable Lake Shore Express,,Sun
16:21:57,147,Outer DuSable Lake Shore Express,,Mon,Tue,Wed,Thu,Fri
07:50:48,151,Sheridan,,Sun
16:41:49,147,Outer DuSable Lake Shore Express,,Sat
16:50:19,147,Outer DuSable Lake Shore Express,,Sat
07:18:41,147,Outer DuSable Lake Shore Express,,Mon,Tue,Wed,Thu,Fri
19:21:57,26,South Shore Express,,Mon,Tue,Wed,Thu,Fri
19:34:11,3,King Drive,,Sun
07:15:36,148,Clarendon/Michigan Express,,Mon,Tue,Wed,Thu,Fri
23:11:33,147,Outer DuSable Lake Shore Express,,Sat
19:49:34,147,Outer DuSable Lake Shore Express,,Sat
06:40:32,151,Sheridan,,Sun
16:28:45,3,King Drive,,Sun
18:05:31,146,Inner Lake Shore/Michigan Express,,Mon,Tue,Wed,Thu,Fri
12:49:49,151,Sheridan,,Sat
22:22:15,3,King Drive,,Sat
23:33:32,3,King Drive,,Sun
13:35:42,147,Outer DuSable Lake Shore Express,,Sat
14:08:56,147,Outer DuSable Lake Shore Express,,Sun
08:52:26,147,Outer DuSable Lake Shore Express,,Mon,Tue,Wed,Thu,Fri
15:51:45,3,King Drive,,Mon,Tue,Wed,Thu,Fri
11:20:24,146,Inner Lake Shore/Michigan Express,,Sun
06:15:18,147,Outer DuSable Lake Shore Express,,Sun
22:53:32,3,King Drive,,Sun
09:39:15,146,Inner Lake Shore/Michigan Express,,Sun
04:39:47,151,Sheridan,,Mon,Tue,Wed,Thu,Fri
14:25:21,3,King Drive,,Sat
16:01:35,147,Outer DuSable Lake Shore Express,,Sat
10:54:18,147,Outer DuSable Lake Shore Express,,Sat
12:51:04,151,Sheridan,,Sun
09:02:55,151,Sheridan,,Sat
07:23:18,147,Outer DuSable Lake Shore Express,,Sat
17:18:51,3,King Drive,,Mon,Tue,Wed,Thu,Fri
20:10:42,146,Inner Lake Shore/Michigan Express,,Sat
21:32:08,3,King Drive,,Mon,Tue,Wed,Thu,Fri
14:11:04,151,Sheridan,,Sun
18:52:15,3,King Drive,,Mon,Tue,Wed,Thu,Fri
20:48:08,3,King Drive,,Sun
20:27:57,146,Inner Lake Shore/Michigan Express,,Sun
22:07:27,146,Inner Lake Shore/Michigan Express,,Sun
17:12:45,3,King Drive,,Sun
21:13:48,147,Outer DuSable Lake Shore Express,,Sun
10:48:12,146,Inner Lake Shore/Michigan Express,,Mon,Tue,Wed,Thu,Fri
10:57:12,146,Inner Lake Shore/Michigan Express,,Sat
07:28:48,151,Sheridan,,Sat
16:05:10,125,Water Tower Express,,Mon,Tue,Wed,Thu,Fri
16:01:19,151,Sheridan,,Mon,Tue,Wed,Thu,Fri
07:29:11,147,Outer DuSable Lake Shore Express,,Mon,Tue,Wed,Thu,Fri
12:20:08,3,King Drive,,Sun
15:30:05,151,Sheridan,,Sat
10:05:34,147,Outer DuSable Lake Shore Express,,Mon,Tue,Wed,Thu,Fri
13:51:12,151,Sheridan,,Mon,Tue,Wed,Thu,Fri
12:26:48,147,Outer DuSable Lake Shore Express,,Sat
09:17:06,146,Inner Lake Shore/Michigan Express,,Sun
18:50:05,151,Sheridan,,Sat
11:50:48,151,Sheridan,,Sun
11:02:24,146,Inner Lake Shore/Michigan Express,,Sun
05:40:24,151,Sheridan,,Sun
10:27:48,147,Outer DuSable Lake Shore Express,,Sat
07:56:08,3,King Drive,,Mon,Tue,Wed,Thu,Fri
18:38:35,26,South Shore Express,,Mon,Tue,Wed,Thu,Fri
08:42:12,148,Clarendon/Michigan Express,,Mon,Tue,Wed,Thu,Fri
15:06:21,146,Inner Lake Shore/Michigan Express,,Sun
17:07:19,147,Outer DuSable Lake Shore Express,,Sat
14:52:21,3,King Drive,,Sat
08:16:25,147,Outer DuSable Lake Shore Express,,Sun
13:45:49,151,Sheridan,,Sat
13:38:42,151,Sheridan,,Mon,Tue,Wed,Thu,Fri
14:03:31,146,Inner Lake Shore/Michigan Express,,Sat
13:39:31,146,Inner Lake Shore/Michigan Express,,Sat
21:20:35,3,King Drive,,Sun
23:07:06,146,Inner Lake Shore/Michigan Express,,Sat
12:32:38,3,King Drive,,Sun
09:43:21,146,Inner Lake Shore/Michigan Express,,Mon,Tue,Wed,Thu,Fri
16:17:21,146,Inner Lake Shore/Michigan Express,,Sun
19:04:08,125,Water Tower Express,,Mon,Tue,Wed,Thu,Fri
08:27:25,147,Outer DuSable Lake Shore Express,,Sun
08:06:08,3,King Drive,,Mon,Tue,Wed,Thu,Fri
16:35:21,146,Inner Lake Shore/Michigan Express,,Sun
13:23:11,3,King Drive,,Sun
10:01:56,151,Sheridan,,Mon,Tue,Wed,Thu,Fri
08:02:56,147,Outer DuSable Lake Shore Express,,Mon,Tue,Wed,Thu,Fri
15:08:12,147,Outer DuSable Lake Shore Express,,Mon,Tue,Wed,Thu,Fri
15:01:12,151,Sheridan,,Sun
21:46:11,151,Sheridan,,Mon,Tue,Wed,Thu,Fri
10:09:11,151,Sheridan,,Sat
15:32:58,146,Inner Lake Shore/Michigan Express,,Sat
18:49:34,151,Sheridan,,Sun
05:20:09,151,Sheridan,,Sun
07:28:27,146,Inner Lake Shore/Michigan Express,,Sat
13:31:01,146,Inner Lake Shore/Michigan Express,,Sat
05:08:09,151,Sheridan,,Sat
07:05:03,147,Outer DuSable Lake Shore Express,,Mon,Tue,Wed,Thu,Fri
14:25:21,3,King Drive,,Sat
20:12:48,3,King Drive,,Sat
06:21:39,148,Clarendon/Michigan Express,,Mon,Tue,Wed,Thu,Fri
20:10:42,146,Inner Lake Shore/Michigan Express,,Sat
15:32:49,147,Outer DuSable Lake Shore Express,,Mon,Tue,Wed,Thu,Fri
12:57:38,3,King Drive,,Sun
16:01:35,147,Outer DuSable Lake Shore Express,,Sat
21:08:34,151,Sheridan,,Sat
15:52:21,3,King Drive,,Sat
19:15:03,147,Outer DuSable Lake Shore Express,,Sun
08:26:48,151,Sheridan,,Mon,Tue,Wed,Thu,Fri
12:02:04,151,Sheridan,,Mon,Tue,Wed,Thu,Fri
15:38:05,151,Sheridan,,Sat
15:42:19,151,Sheridan,,Mon,Tue,Wed,Thu,Fri
16:21:12,151,Sheridan,,Sun
20:14:11,3,King Drive,,Mon,Tue,Wed,Thu,Fri
16:17:45,3,King Drive,,Sun
23:23:11,151,Sheridan,,Sat
08:50:12,148,Clarendon/Michigan Express,,Mon,Tue,Wed,Thu,Fri
15:11:12,26,South Shore Express,,Mon,Tue,Wed,Thu,Fri
09:39:45,148,Clarendon/Michigan Express,,Mon,Tue,Wed,Thu,Fri
15:24:21,146,Inner Lake Shore/Michigan Express,,Sun
22:34:48,147,Outer DuSable Lake Shore Express,,Sun
07:13:15,146,Inner Lake Shore/Michigan Express,,Mon,Tue,Wed,Thu,Fri
06:22:48,148,Clarendon/Michigan Express,,Mon,Tue,Wed,Thu,Fri
14:07:21,3,King Drive,,Sat
18:03:58,146,Inner Lake Shore/Michigan Express,,Sat
11:14:12,146,Inner Lake Shore/Michigan Express,,Mon,Tue,Wed,Thu,Fri
07:27:24,146,Inner Lake Shore/Michigan Express,,Mon,Tue,Wed,Thu,Fri
16:06:19,26,South Shore Express,,Mon,Tue,Wed,Thu,Fri
20:16:08,3,King Drive,,Sun
09:22:55,151,Sheridan,,Sat
05:58:29,3,King Drive,,Mon,Tue,Wed,Thu,Fri
09:35:29,3,King Drive,,Sun
17:21:58,146,Inner Lake Shore/Michigan Express,,Sat
12:11:12,146,Inner Lake Shore/Michigan Express,,Sat
21:56:05,3,King Drive,,Sun
19:05:01,146,Inner Lake Shore/Michigan Express,,Mon,Tue,Wed,Thu,Fri
07:02:45,125,Water Tower Express,,Mon,Tue,Wed,Thu,Fri
20:45:20,26,South Shore Express,,Mon,Tue,Wed,Thu,Fri
06:38:33,147,Outer DuSable Lake Shore Express,,Mon,Tue,Wed,Thu,Fri
09:43:26,147,Outer DuSable Lake Shore Express,,Mon,Tue,Wed,Thu,Fri
18:50:56,147,Outer DuSable Lake Shore Express,,Mon,Tue,Wed,Thu,Fri
20:37:15,3,King Drive,,Sat
24:19:10,151,Sheridan,,Sun
14:03:31,146,Inner Lake Shore/Michigan Express,,Sat
09:53:03,151,Sheridan,,Sat
14:02:12,147,Outer DuSable Lake Shore Express,,Sat
09:25:06,148,Clarendon/Michigan Express,,Mon,Tue,Wed,Thu,Fri
13:05:49,151,Sheridan,,Sat
16:57:57,26,South Shore Express,,Mon,Tue,Wed,Thu,Fri
17:50:13,151,Sheridan,,Sat
17:30:57,26,South Shore Express,,Mon,Tue,Wed,Thu,Fri
11:44:04,147,Outer DuSable Lake Shore Express,,Mon,Tue,Wed,Thu,Fri
11:29:12,146,Inner Lake Shore/Michigan Express,,Sat
11:39:33,146,Inner Lake Shore/Michigan Express,,Sun
15:31:12,151,Sheridan,,Sun
12:45:40,146,Inner Lake Shore/Michigan Express,,Mon,Tue,Wed,Thu,Fri
17:30:28,146,Inner Lake Shore/Michigan Express,,Sat
07:57:56,147,Outer DuSable Lake Shore Express,,Mon,Tue,Wed,Thu,Fri
15:05:49,151,Sheridan,,Sat
14:44:19,147,Outer DuSable Lake Shore Express,,Sat
18:50:56,147,Outer DuSable Lake Shore Express,,Mon,Tue,Wed,Thu,Fri
17:00:57,147,Outer DuSable Lake Shore Express,,Mon,Tue,Wed,Thu,Fri
14:30:56,147,Outer DuSable Lake Shore Express,,Sun
11:05:18,151,Sheridan,,Sat
14:54:27,147,Outer DuSable Lake Shore Express,,Sat
16:02:34,147,Outer DuSable Lake Shore Express,,Sun
12:59:01,146,Inner Lake Shore/Michigan Express,,Sat
09:35:38,3,King Drive,,Mon,Tue,Wed,Thu,Fri
22:29:08,3,King Drive,,Mon,Tue,Wed,Thu,Fri
00:18:35,3,King Drive,,Sun
16:33:56,147,Outer DuSable Lake Shore Express,,Sun
08:56:55,151,Sheridan,,Sun
18:50:31,146,Inner Lake Shore/Michigan Express,,Mon,Tue,Wed,Thu,Fri
18:40:49,147,Outer DuSable Lake Shore Express,,Sat
10:50:41,151,Sheridan,,Sun
14:28:42,151,Sheridan,,Mon,Tue,Wed,Thu,Fri
05:58:18,146,Inner Lake Shore/Michigan Express,,Mon,Tue,Wed,Thu,Fri
19:24:08,125,Water Tower Express,,Mon,Tue,Wed,Thu,Fri
20:00:48,3,King Drive,,Sat
06:20:18,151,Sheridan,,Mon,Tue,Wed,Thu,Fri
19:30:05,151,Sheridan,,Sat
08:46:56,147,Outer DuSable Lake Shore Express,,Mon,Tue,Wed,Thu,Fri
00:13:32,3,King Drive,,Mon
14:06:40,146,Inner Lake Shore/Michigan Express,,Mon,Tue,Wed,Thu,Fri