arrival_time,route_short_name,route_long_name,headsign,service_days
16:39:31,X4,Cottage Grove Express,,Mon,Tue,Wed,Thu,Fri
11:38:24,6,Jackson Park Express,,Sat
11:33:56,J14,Jeffery Jump,,Sun
13:58:12,4,Cottage Grove,,Mon,Tue,Wed,Thu,Fri
07:53:21,3,King Drive,,Sat
19:37:06,6,Jackson Park Express,,Sat
09:16:36,6,Jackson Park Express,,Sat
16:50:26,J14,Jeffery Jump,,Sat
22:07:21,3,King Drive,,Sun
06:28:39,3,King Drive,,Sat
04:40:18,6,Jackson Park Express,,Mon,Tue,Wed,Thu,Fri
16:37:21,J14,Jeffery Jump,,Sun
21:39:44,3,King Drive,,Sat
09:30:57,4,Cottage Grove,,Sun
11:59:31,4,Cottage Grove,,Sat
13:08:03,26,South Shore Express,,Mon,Tue,Wed,Thu,Fri
16:52:30,6,Jackson Park Express,,Sat
05:37:41,4,Cottage Grove,,Sun
09:45:04,4,Cottage Grove,,Sat
08:09:34,4,Cottage Grove,,Mon,Tue,Wed,Thu,Fri
06:38:02,3,King Drive,,Mon,Tue,Wed,Thu,Fri
17:08:34,J14,Jeffery Jump,,Sat
13:14:27,4,Cottage Grove,,Sat
11:33:12,6,Jackson Park Express,,Sun
15:05:12,4,Cottage Grove,,Mon,Tue,Wed,Thu,Fri
19:51:44,3,King Drive,,Mon,Tue,Wed,Thu,Fri
12:00:41,3,King Drive,,Sat
07:36:45,6,Jackson Park Express,,Mon,Tue,Wed,Thu,Fri
20:15:56,J14,Jeffery Jump,,Mon,Tue,Wed,Thu,Fri
13:54:55,3,King Drive,,Mon,Tue,Wed,Thu,Fri
12:28:23,4,Cottage Grove,,Sun
10:50:45,4,Cottage Grove,,Sun
08:37:08,4,Cottage Grove,,Sat
07:05:49,4,Cottage Grove,,Sat
08:07:08,4,Cottage Grove,,Sat
22:53:49,4,Cottage Grove,,Sun
24:55:43,4,Cottage Grove,,Sun
07:50:45,4,Cottage Grove,,Mon,Tue,Wed,Thu,Fri
09:10:56,J14,Jeffery Jump,,Mon,Tue,Wed,Thu,Fri
08:11:04,J14,Jeffery Jump,,Sun
13:09:26,J14,Jeffery Jump,,Sun
12:32:31,4,Cottage Grove,,Sat
01:53:43,4,Cottage Grove,,Mon
18:41:12,6,Jackson Park Express,,Sat
20:46:00,6,Jackson Park Express,,Mon,Tue,Wed,Thu,Fri
24:14:18,4,Cottage Grove,,Sat
15:41:42,6,Jackson Park Express,,Sun
20:05:56,J14,Jeffery Jump,,Mon,Tue,Wed,Thu,Fri
09:41:32,3,King Drive,,Sun
11:24:55,3,King Drive,,Sun
18:13:48,3,King Drive,,Sat
13:03:36,3,King Drive,,Sun
10:57:47,J14,Jeffery Jump,,Mon,Tue,Wed,Thu,Fri
14:27:26,J14,Jeffery Jump,,Sun
21:23:08,4,Cottage Grove,,Sat
18:52:06,3,King Drive,,Mon,Tue,Wed,Thu,Fri
11:31:54,6,Jackson Park Express,,Sun
17:02:37,143,Stockton/Michigan Express,,Mon,Tue,Wed,Thu,Fri
11:18:54,6,Jackson Park Express,,Sat
08:30:49,X4,Cottage Grove Express,,Mon,Tue,Wed,Thu,Fri
10:07:44,26,South Shore Express,,Mon,Tue,Wed,Thu,Fri
07:12:12,6,Jackson Park Express,,Sun
24:22:54,6,Jackson Park Express,,Sat
09:44:44,3,King Drive,,Sat
17:50:42,6,Jackson Park Express,,Sat
12:48:23,4,Cottage Grove,,Sun
21:12:25,3,King Drive,,Sat
08:33:09,3,King Drive,,Sun
10:53:56,J14,Jeffery Jump,,Sun
05:28:54,6,Jackson Park Express,,Mon,Tue,Wed,Thu,Fri
12:19:23,4,Cottage Grove,,Sun
08:23:26,J14,Jeffery Jump,,Mon,Tue,Wed,Thu,Fri
06:12:24,6,Jackson Park Express,,Mon,Tue,Wed,Thu,Fri
16:48:29,3,King Drive,,Sun
19:05:18,6,Jackson Park Express,,Mon,Tue,Wed,Thu,Fri
19:03:56,J14,Jeffery Jump,,Sat
23:19:44,3,King Drive,,Sat
16:49:30,6,Jackson Park Express,,Mon,Tue,Wed,Thu,Fri
08:21:12,6,Jackson Park Express,,Sun
13:32:39,J14,Jeffery Jump,,Sat
17:43:29,3,King Drive,,Sun
16:35:13,J14,Jeffery Jump,,Mon,Tue,Wed,Thu,Fri
18:00:13,J14,Jeffery Jump,,Mon,Tue,Wed,Thu,Fri
17:13:46,X4,Cottage Grove Express,,Mon,Tue,Wed,Thu,Fri
15:33:33,3,King Drive,,Sat
11:51:44,3,King Drive,,Mon,Tue,Wed,Thu,Fri
19:33:26,J14,Jeffery Jump,,Sat
16:20:42,4,Cottage Grove,,Mon,Tue,Wed,Thu,Fri
06:38:02,3,King Drive,,Mon,Tue,Wed,Thu,Fri
15:17:26,J14,Jeffery Jump,,Sun
18:53:12,4,Cottage Grove,,Mon,Tue,Wed,Thu,Fri
12:13:44,3,King Drive,,Mon,Tue,Wed,Thu,Fri
02:54:43,4,Cottage Grove,,Sun
14:07:33,3,King Drive,,Sat
21:42:30,J14,Jeffery Jump,,Sat
15:09:29,3,King Drive,,Sun
06:39:49,4,Cottage Grove,,Sat
15:36:09,6,Jackson Park Express,,Sat
18:52:06,3,King Drive,,Mon,Tue,Wed,Thu,Fri
05:36:12,6,Jackson Park Express,,Sun
07:02:04,J14,Jeffery Jump,,Sun
11:44:54,6,Jackson Park Express,,Sun
08:44:55,3,King Drive,,Mon,Tue,Wed,Thu,Fri
21:03:00,6,Jackson Park Express,,Mon,Tue,Wed,Thu,Fri
12:08:01,4,Cottage Grove,,Sat
07:44:19,4,Cottage Grove,,Sun
17:26:57,4,Cottage Grove,,Mon,Tue,Wed,Thu,Fri
18:56:56,J14,Jeffery Jump,,Mon,Tue,Wed,Thu,Fri
18:33:42,4,Cottage Grove,,Mon,Tue,Wed,Thu,Fri
07:13:36,6,Jackson Park Express,,Mon,Tue,Wed,Thu,Fri
14:34:36,3,King Drive,,Sun
13:28:56,J14,Jeffery Jump,,Sun
11:02:25,3,King Drive,,Sat
08:17:08,4,Cottage Grove,,Sat
09:31:42,26,South Shore Express,,Mon,Tue,Wed,Thu,Fri
09:29:51,J14,Jeffery Jump,,Sat
19:20:48,6,Jackson Park Express,,Mon,Tue,Wed,Thu,Fri
21:05:04,J14,Jeffery Jump,,Mon,Tue,Wed,Thu,Fri
14:15:09,6,Jackson Park Express,,Sat
22:59:34,J14,Jeffery Jump,,Mon,Tue,Wed,Thu,Fri
21:39:44,3,King Drive,,Sat
13:00:24,6,Jackson Park Express,,Sun
13:28:56,J14,Jeffery Jump,,Sun
09:27:48,6,Jackson Park Express,,Sat
23:58:48,6,Jackson Park Express,,Mon,Tue,Wed,Thu,Fri
21:45:19,4,Cottage Grove,,Mon,Tue,Wed,Thu,Fri
18:52:30,J14,Jeffery Jump,,Sun
16:59:30,J14,Jeffery Jump,,Sat
22:08:49,4,Cottage Grove,,Sun
15:58:36,3,King Drive,,Mon,Tue,Wed,Thu,Fri
09:03:19,4,Cottage Grove,,Sun
17:45:22,3,King Drive,,Sat
23:06:49,4,Cottage Grove,,Sat
21:01:51,3,King Drive,,Mon,Tue,Wed,Thu,Fri
22:24:44,3,King Drive,,Sat
05:53:21,3,King Drive,,Mon,Tue,Wed,Thu,Fri
09:50:45,4,Cottage Grove,,Sun
06:45:00,4,Cottage Grove,,Sun
19:51:44,3,King Drive,,Mon,Tue,Wed,Thu,Fri
09:07:44,3,King Drive,,Sat
20:55:54,6,Jackson Park Express,,Mon,Tue,Wed,Thu,Fri
14:31:14,26,South Shore Express,,Mon,Tue,Wed,Thu,Fri
11:06:47,J14,Jeffery Jump,,Sat
19:57:23,4,Cottage Grove,,Sat
07:03:19,4,Cottage Grove,,Sun
12:09:53,4,Cottage Grove,,Sun
14:07:42,4,Cottage Grove,,Mon,Tue,Wed,Thu,Fri
16:37:30,6,Jackson Park Express,,Mon,Tue,Wed,Thu,Fri
20:21:34,J14,Jeffery Jump,,Sun
12:59:55,3,King Drive,,Mon,Tue,Wed,Thu,Fri
15:23:05,4,Cottage Grove,,Sat
06:49:39,3,King Drive,,Sun
07:59:34,4,Cottage Grove,,Mon,Tue,Wed,Thu,Fri
08:58:31,26,South Shore Express,,Mon,Tue,Wed,Thu,Fri
16:35:13,J14,Jeffery Jump,,Mon,Tue,Wed,Thu,Fri
19:21:34,J14,Jeffery Jump,,Sun
17:27:13,J14,Jeffery Jump,,Sat
10:26:04,4,Cottage Grove,,Sat
09:29:51,J14,Jeffery Jump,,Sat
11:40:44,3,King Drive,,Mon,Tue,Wed,Thu,Fri
12:19:23,4,Cottage Grove,,Sun
09:09:51,J14,Jeffery Jump,,Sat
21:50:42,6,Jackson Park Express,,Sun
05:29:11,4,Cottage Grove,,Mon,Tue,Wed,Thu,Fri
12:57:08,4,Cottage Grove,,Sat
15:42:29,3,King Drive,,Sun
20:43:57,4,Cottage Grove,,Sat
04:53:41,4,Cottage Grove,,Mon,Tue,Wed,Thu,Fri
11:13:56,J14,Jeffery Jump,,Sun
08:55:44,3,King Drive,,Sat
19:16:12,4,Cottage Grove,,Sat
08:27:08,4,Cottage Grove,,Sat
07:27:12,6,Jackson Park Express,,Sat
11:15:23,4,Cottage Grove,,Mon,Tue,Wed,Thu,Fri
21:35:19,4,Cottage Grove,,Mon,Tue,Wed,Thu,Fri
19:14:57,4,Cottage Grove,,Mon,Tue,Wed,Thu,Fri
12:50:15,6,Jackson Park Express,,Mon,Tue,Wed,Thu,Fri
11:40:45,4,Cottage Grove,,Sun
05:10:39,3,King Drive,,Sat
15:15:12,4,Cottage Grove,,Mon,Tue,Wed,Thu,Fri
17:53:11,3,King Drive,,Sat
17:24:04,J14,Jeffery Jump,,Mon,Tue,Wed,Thu,Fri
08:19:23,4,Cottage Grove,,Mon,Tue,Wed,Thu,Fri
16:25:35,4,Cottage Grove,,Sat
23:35:11,4,Cottage Grove,,Sat
12:49:12,4,Cottage Grove,,Mon,Tue,Wed,Thu,Fri
13:10:55,3,King Drive,,Mon,Tue,Wed,Thu,Fri
20:52:27,4,Cottage Grove,,Sat
15:15:05,4,Cottage Grove,,Sat
22:39:44,3,King Drive,,Sat
05:30:39,3,King Drive,,Sat
17:59:27,4,Cottage Grove,,Sat
23:09:39,3,King Drive,,Mon,Tue,Wed,Thu,Fri
21:54:44,3,King Drive,,Sat
22:23:49,4,Cottage Grove,,Sun
11:13:04,4,Cottage Grove,,Sat
05:31:16,26,South Shore Express,,Mon,Tue,Wed,Thu,Fri
14:05:55,3,King Drive,,Mon,Tue,Wed,Thu,Fri
18:10:13,J14,Jeffery Jump,,Mon,Tue,Wed,Thu,Fri
07:19:43,J14,Jeffery Jump,,Mon,Tue,Wed,Thu,Fri
20:51:51,3,King Drive,,Mon,Tue,Wed,Thu,Fri
21:08:51,3,King Drive,,Sun
12:01:18,6,Jackson Park Express,,Mon,Tue,Wed,Thu,Fri
19:18:14,3,King Drive,,Sun
19:15:44,3,King Drive,,Mon,Tue,Wed,Thu,Fri
14:35:42,4,Cottage Grove,,Mon,Tue,Wed,Thu,Fri
09:15:27,4,Cottage Grove,,Sat
08:11:04,J14,Jeffery Jump,,Sun
16:35:05,4,Cottage Grove,,Sat
19:30:36,3,King Drive,,Sat
22:09:44,3,King Drive,,Sat
13:03:39,J14,Jeffery Jump,,Sat
19:46:12,4,Cottage Grove,,Sat
07:25:39,J14,Jeffery Jump,,Mon,Tue,Wed,Thu,Fri
09:39:36,6,Jackson Park Express,,Sat
14:47:26,J14,Jeffery Jump,,Sun
18:07:38,4,Cottage Grove,,Sat
17:05:48,3,King Drive,,Mon,Tue,Wed,Thu,Fri
14:59:00,6,Jackson Park Express,,Mon,Tue,Wed,Thu,Fri
12:03:26,J14,Jeffery Jump,,Sun
20:42:27,4,Cottage Grove,,Sat
21:46:56,J14,Jeffery Jump,,Mon,Tue,Wed,Thu,Fri
10:22:25,3,King Drive,,Sat
06:27:41,4,Cottage Grove,,Sun
05:18:21,3,King Drive,,Mon,Tue,Wed,Thu,Fri
17:16:48,3,King Drive,,Mon,Tue,Wed,Thu,Fri
15:51:33,3,King Drive,,Sat
07:22:34,J14,Jeffery Jump,,Sun
11:22:53,4,Cottage Grove,,Sat
22:47:21,3,King Drive,,Sun
16:08:12,4,Cottage Grove,,Sun
12:58:42,4,Cottage Grove,,Mon,Tue,Wed,Thu,Fri
09:21:34,J14,Jeffery Jump,,Mon,Tue,Wed,Thu,Fri
20:14:36,6,Jackson Park Express,,Sat
19:31:34,J14,Jeffery Jump,,Sun
16:50:49,X4,Cottage Grove Express,,Mon,Tue,Wed,Thu,Fri
15:08:12,4,Cottage Grove,,Sun
07:16:30,J14,Jeffery Jump,,Sat
14:18:12,4,Cottage Grove,,Sun
17:36:57,4,Cottage Grove,,Mon,Tue,Wed,Thu,Fri
16:21:09,6,Jackson Park Express,,Sat
16:07:26,J14,Jeffery Jump,,Sun
18:22:48,3,King Drive,,Mon,Tue,Wed,Thu,Fri
02:25:18,4,Cottage Grove,,Mon
12:49:24,6,Jackson Park Express,,Sat
16:37:21,J14,Jeffery Jump,,Sun
09:41:15,4,Cottage Grove,,Sun
15:20:29,3,King Drive,,Sun
19:04:14,3,King Drive,,Sun
20:09:44,3,King Drive,,Mon,Tue,Wed,Thu,Fri
16:54:48,3,King Drive,,Mon,Tue,Wed,Thu,Fri
16:57:21,J14,Jeffery Jump,,Sun
14:55:54,6,Jackson Park Express,,Sat
08:17:06,6,Jackson Park Express,,Mon,Tue,Wed,Thu,Fri
16:03:31,X4,Cottage Grove Express,,Mon,Tue,Wed,Thu,Fri
22:41:30,J14,Jeffery Jump,,Mon,Tue,Wed,Thu,Fri
17:54:45,6,Jackson Park Express,,Sun
11:53:56,J14,Jeffery Jump,,Sun
05:53:41,4,Cottage Grove,,Sat
16:09:33,3,King Drive,,Sat
18:25:17,143,Stockton/Michigan Express,,Mon,Tue,Wed,Thu,Fri
19:08:34,4,Cottage Grove,,Mon,Tue,Wed,Thu,Fri
13:21:55,3,King Drive,,Mon,Tue,Wed,Thu,Fri
09:07:44,3,King Drive,,Sat
21:39:19,4,Cottage Grove,,Sat
16:37:29,3,King Drive,,Sun
12:41:01,4,Cottage Grove,,Sat
18:52:06,6,Jackson Park Express,,Sun
11:57:12,6,Jackson Park Express,,Mon,Tue,Wed,Thu,Fri
19:06:44,3,King Drive,,Mon,Tue,Wed,Thu,Fri
12:09:41,3,King Drive,,Sat
11:07:44,3,King Drive,,Mon,Tue,Wed,Thu,Fri
09:10:31,26,South Shore Express,,Mon,Tue,Wed,Thu,Fri
14:38:24,6,Jackson Park Express,,Sat
11:37:18,6,Jackson Park Express,,Mon,Tue,Wed,Thu,Fri
18:05:29,3,King Drive,,Sun
18:05:19,4,Cottage Grove,,Sat
24:33:43,4,Cottage Grove,,Sat
19:37:49,4,Cottage Grove,,Sun
11:18:44,3,King Drive,,Mon,Tue,Wed,Thu,Fri
12:55:22,3,King Drive,,Sat
23:07:21,6,Jackson Park Express,,Sat
17:23:45,6,Jackson Park Express,,Sun
20:39:06,6,Jackson Park Express,,Sat
14:48:33,3,King Drive,,Sat
09:50:45,4,Cottage Grove,,Sun
24:10:12,6,Jackson Park Express,,Sat
21:25:19,4,Cottage Grove,,Mon,Tue,Wed,Thu,Fri
16:20:42,4,Cottage Grove,,Mon,Tue,Wed,Thu,Fri
05:57:41,4,Cottage Grove,,Sun
10:14:44,3,King Drive,,Mon,Tue,Wed,Thu,Fri
16:18:33,3,King Drive,,Sat
19:15:56,J14,Jeffery Jump,,Mon,Tue,Wed,Thu,Fri
11:16:17,J14,Jeffery Jump,,Sat
02:25:43,4,Cottage Grove,,Tue,Wed,Thu,Fri,Sat
22:21:49,4,Cottage Grove,,Sat
14:07:12,4,Cottage Grove,,Mon,Tue,Wed,Thu,Fri
19:54:36,3,King Drive,,Sat
09:44:00,J14,Jeffery Jump,,Sun
07:57:14,3,King Drive,,Mon,Tue,Wed,Thu,Fri
14:57:26,J14,Jeffery Jump,,Sun
19:07:15,4,Cottage Grove,,Mon,Tue,Wed,Thu,Fri
20:56:19,4,Cottage Grove,,Mon,Tue,Wed,Thu,Fri
07:39:32,3,King Drive,,Mon,Tue,Wed,Thu,Fri
09:57:47,J14,Jeffery Jump,,Mon,Tue,Wed,Thu,Fri
19:26:12,4,Cottage Grove,,Sat
16:01:00,6,Jackson Park Express,,Mon,Tue,Wed,Thu,Fri
08:13:01,26,South Shore Express,,Mon,Tue,Wed,Thu,Fri
17:08:12,4,Cottage Grove,,Sun
10:51:44,26,South Shore Express,,Mon,Tue,Wed,Thu,Fri
16:15:47,J14,Jeffery Jump,,Mon,Tue,Wed,Thu,Fri
18:25:56,J14,Jeffery Jump,,Sat
08:18:12,6,Jackson Park Express,,Sat
10:35:23,4,Cottage Grove,,Mon,Tue,Wed,Thu,Fri
06:02:51,3,King Drive,,Mon,Tue,Wed,Thu,Fri
12:27:12,6,Jackson Park Express,,Sun
21:47:21,3,King Drive,,Sun
13:30:09,6,Jackson Park Express,,Sat
09:17:53,4,Cottage Grove,,Mon,Tue,Wed,Thu,Fri
17:35:56,J14,Jeffery Jump,,Sun
16:54:33,3,King Drive,,Sat
20:38:24,6,Jackson Park Express,,Mon,Tue,Wed,Thu,Fri
10:57:17,J14,Jeffery Jump,,Sat
02:25:18,4,Cottage Grove,,Tue,Wed,Thu,Fri,Sat
14:41:35,4,Cottage Grove,,Sat
03:25:18,4,Cottage Grove,,Mon
21:49:19,4,Cottage Grove,,Sat
23:50:48,4,Cottage Grove,,Mon,Tue,Wed,Thu,Fri
09:03:19,4,Cottage Grove,,Sun
15:31:12,6,Jackson Park Express,,Sun
05:44:48,6,Jackson Park Express,,Mon,Tue,Wed,Thu,Fri
12:21:44,26,South Shore Express,,Mon,Tue,Wed,Thu,Fri
09:57:47,J14,Jeffery Jump,,Mon,Tue,Wed,Thu,Fri
15:08:12,4,Cottage Grove,,Sun
15:13:35,4,Cottage Grove,,Sat
08:23:04,J14,Jeffery Jump,,Sun
20:44:32,3,King Drive,,Mon,Tue,Wed,Thu,Fri
08:55:44,3,King Drive,,Sat
15:02:42,6,Jackson Park Express,,Mon,Tue,Wed,Thu,Fri
07:13:21,6,Jackson Park Express,,Mon,Tue,Wed,Thu,Fri
23:04:39,3,King Drive,,Sun
07:39:01,26,South Shore Express,,Mon,Tue,Wed,Thu,Fri
23:38:12,6,Jackson Park Express,,Sat
17:45:05,4,Cottage Grove,,Sat
20:18:44,3,King Drive,,Mon,Tue,Wed,Thu,Fri
17:46:47,J14,Jeffery Jump,,Sat
19:06:44,3,King Drive,,Mon,Tue,Wed,Thu,Fri
08:29:19,4,Cottage Grove,,Sun
08:08:49,X4,Cottage Grove Express,,Mon,Tue,Wed,Thu,Fri
14:26:12,4,Cottage Grove,,Mon,Tue,Wed,Thu,Fri
11:18:44,3,King Drive,,Mon,Tue,Wed,Thu,Fri
11:42:23,4,Cottage Grove,,Mon,Tue,Wed,Thu,Fri
14:58:12,4,Cottage Grove,,Sun
13:27:06,3,King Drive,,Sun
18:38:42,4,Cottage Grove,,Sat
20:12:27,4,Cottage Grove,,Sat
09:58:42,X4,Cottage Grove Express,,Mon,Tue,Wed,Thu,Fri
07:57:06,6,Jackson Park Express,,Mon,Tue,Wed,Thu,Fri
13:18:23,4,Cottage Grove,,Sun
10:20:45,4,Cottage Grove,,Sun
20:37:49,4,Cottage Grove,,Sun
19:42:36,3,King Drive,,Sat
07:01:33,26,South Shore Express,,Mon,Tue,Wed,Thu,Fri
04:25:18,4,Cottage Grove,,Sat
17:43:45,4,Cottage Grove,,Sun
20:56:19,4,Cottage Grove,,Mon,Tue,Wed,Thu,Fri
09:11:55,3,King Drive,,Mon,Tue,Wed,Thu,Fri
14:23:33,3,King Drive,,Sat
18:54:26,J14,Jeffery Jump,,Sat
18:23:42,4,Cottage Grove,,Mon,Tue,Wed,Thu,Fri
13:49:33,3,King Drive,,Sat
09:39:17,J14,Jeffery Jump,,Mon,Tue,Wed,Thu,Fri
21:48:49,4,Cottage Grove,,Sun
16:34:57,6,Jackson Park Express,,Sat
07:16:30,J14,Jeffery Jump,,Sat
13:47:05,4,Cottage Grove,,Sat
12:43:47,J14,Jeffery Jump,,Sat
09:30:01,X4,Cottage Grove Express,,Mon,Tue,Wed,Thu,Fri
22:27:49,4,Cottage Grove,,Mon,Tue,Wed,Thu,Fri
16:10:48,3,King Drive,,Mon,Tue,Wed,Thu,Fri
05:35:51,6,Jackson Park Express,,Sun
15:38:12,4,Cottage Grove,,Sun
14:40:03,3,King Drive,,Sat
10:23:56,J14,Jeffery Jump,,Sun
13:08:42,4,Cottage Grove,,Mon,Tue,Wed,Thu,Fri
07:45:31,26,South Shore Express,,Mon,Tue,Wed,Thu,Fri
10:04:00,J14,Jeffery Jump,,Sun
15:58:12,4,Cottage Grove,,Sun
20:27:18,6,Jackson Park Express,,Sun
13:36:43,J14,Jeffery Jump,,Mon,Tue,Wed,Thu,Fri
14:51:05,4,Cottage Grove,,Sat
10:08:17,J14,Jeffery Jump,,Sat
10:20:06,6,Jackson Park Express,,Sun
21:03:26,J14,Jeffery Jump,,Sat
17:39:05,4,Cottage Grove,,Sat
15:37:00,6,Jackson Park Express,,Mon,Tue,Wed,Thu,Fri
20:43:26,J14,Jeffery Jump,,Sat
21:31:09,6,Jackson Park Express,,Sun
16:43:05,4,Cottage Grove,,Sat
20:15:00,6,Jackson Park Express,,Mon,Tue,Wed,Thu,Fri
09:21:08,4,Cottage Grove,,Sun
05:17:48,4,Cottage Grove,,Sun
08:28:12,6,Jackson Park Express,,Sat
16:00:33,3,King Drive,,Sat
20:01:34,J14,Jeffery Jump,,Sun
11:33:53,4,Cottage Grove,,Mon,Tue,Wed,Thu,Fri
09:27:09,J14,Jeffery Jump,,Mon,Tue,Wed,Thu,Fri
19:49:18,6,Jackson Park Express,,Sun
06:21:19,4,Cottage Grove,,Mon,Tue,Wed,Thu,Fri
09:17:31,X4,Cottage Grove Express,,Mon,Tue,Wed,Thu,Fri
18:44:56,J14,Jeffery Jump,,Sat
13:05:12,6,Jackson Park Express,,Sun
19:34:57,4,Cottage Grove,,Mon,Tue,Wed,Thu,Fri
13:46:43,J14,Jeffery Jump,,Mon,Tue,Wed,Thu,Fri
21:42:48,6,Jackson Park Express,,Sun
16:36:33,3,King Drive,,Sat
19:47:49,4,Cottage Grove,,Sun
13:58:12,4,Cottage Grove,,Mon,Tue,Wed,Thu,Fri
09:46:04,4,Cottage Grove,,Sat
16:47:42,4,Cottage Grove,,Mon,Tue,Wed,Thu,Fri
08:56:55,3,King Drive,,Mon,Tue,Wed,Thu,Fri
15:20:29,3,King Drive,,Sun
05:59:48,6,Jackson Park Express,,Mon,Tue,Wed,Thu,Fri
14:36:43,J14,Jeffery Jump,,Mon,Tue,Wed,Thu,Fri
15:55:05,4,Cottage Grove,,Sat
06:45:00,J14,Jeffery Jump,,Sat
11:04:42,6,Jackson Park Express,,Sun
20:59:36,3,King Drive,,Sat
01:53:43,4,Cottage Grove,,Sun
10:54:23,4,Cottage Grove,,Mon,Tue,Wed,Thu,Fri
06:21:02,3,King Drive,,Mon,Tue,Wed,Thu,Fri
13:42:39,J14,Jeffery Jump,,Sat
10:00:45,4,Cottage Grove,,Sun
14:27:26,J14,Jeffery Jump,,Sun
15:38:31,X4,Cottage Grove Express,,Mon,Tue,Wed,Thu,Fri
10:00:45,4,Cottage Grove,,Sun
14:58:18,3,King Drive,,Sun
13:40:33,3,King Drive,,Sat
22:09:19,4,Cottage Grove,,Sat
20:02:38,4,Cottage Grove,,Mon,Tue,Wed,Thu,Fri
13:54:55,3,King Drive,,Mon,Tue,Wed,Thu,Fri
14:11:00,6,Jackson Park Express,,Mon,Tue,Wed,Thu,Fri
07:39:01,26,South Shore Express,,Mon,Tue,Wed,Thu,Fri
08:37:53,4,Cottage Grove,,Mon,Tue,Wed,Thu,Fri
12:10:53,4,Cottage Grove,,Mon,Tue,Wed,Thu,Fri
22:53:12,6,Jackson Park Express,,Sat
12:15:24,6,Jackson Park Express,,Sat
12:45:41,3,King Drive,,Sat
12:53:39,J14,Jeffery Jump,,Sat
08:44:34,J14,Jeffery Jump,,Sun
18:59:25,3,King Drive,,Mon,Tue,Wed,Thu,Fri
14:15:33,3,King Drive,,Sat
13:57:26,J14,Jeffery Jump,,Sun
23:53:12,6,Jackson Park Express,,Sat
06:30:32,3,King Drive,,Mon,Tue,Wed,Thu,Fri
10:57:47,J14,Jeffery Jump,,Mon,Tue,Wed,Thu,Fri
20:33:51,3,King Drive,,Sun
12:48:55,3,King Drive,,Mon,Tue,Wed,Thu,Fri
05:24:24,6,Jackson Park Express,,Sat
13:16:43,J14,Jeffery Jump,,Mon,Tue,Wed,Thu,Fri
14:27:05,4,Cottage Grove,,Sat
09:19:25,3,King Drive,,Mon,Tue,Wed,Thu,Fri
05:53:26,J14,Jeffery Jump,,Mon,Tue,Wed,Thu,Fri
14:07:33,3,King Drive,,Sat
21:11:34,J14,Jeffery Jump,,Sun
22:15:19,4,Cottage Grove,,Mon,Tue,Wed,Thu,Fri
06:28:30,J14,Jeffery Jump,,Sat
10:51:24,6,Jackson Park Express,,Sun
12:01:23,4,Cottage Grove,,Mon,Tue,Wed,Thu,Fri
07:23:21,3,King Drive,,Sat
14:37:26,J14,Jeffery Jump,,Sun
17:29:05,4,Cottage Grove,,Sat
16:45:33,3,King Drive,,Sat
12:21:12,6,Jackson Park Express,,Mon,Tue,Wed,Thu,Fri
20:49:49,4,Cottage Grove,,Mon,Tue,Wed,Thu,Fri
07:07:21,3,King Drive,,Sat
08:07:06,6,Jackson Park Express,,Mon,Tue,Wed,Thu,Fri
12:09:12,6,Jackson Park Express,,Mon,Tue,Wed,Thu,Fri
09:47:45,6,Jackson Park Express,,Sun
07:18:34,X4,Cottage Grove Express,,Mon,Tue,Wed,Thu,Fri
08:58:39,6,Jackson Park Express,,Mon,Tue,Wed,Thu,Fri
09:11:55,3,King Drive,,Mon,Tue,Wed,Thu,Fri
10:13:42,X4,Cottage Grove Express,,Mon,Tue,Wed,Thu,Fri
08:32:55,3,King Drive,,Mon,Tue,Wed,Thu,Fri
14:46:12,4,Cottage Grove,,Mon,Tue,Wed,Thu,Fri
19:36:12,4,Cottage Grove,,Sat
13:28:23,4,Cottage Grove,,Sun
18:33:12,4,Cottage Grove,,Mon,Tue,Wed,Thu,Fri
06:27:24,26,South Shore Express,,Mon,Tue,Wed,Thu,Fri
18:06:08,4,Cottage Grove,,Mon,Tue,Wed,Thu,Fri
15:15:33,3,King Drive,,Sat
08:12:55,3,King Drive,,Mon,Tue,Wed,Thu,Fri
08:12:30,J14,Jeffery Jump,,Mon,Tue,Wed,Thu,Fri
19:15:56,J14,Jeffery Jump,,Mon,Tue,Wed,Thu,Fri
10:24:44,3,King Drive,,Mon,Tue,Wed,Thu,Fri
00:46:12,6,Jackson Park Express,,Sun
17:41:39,J14,Jeffery Jump,,Mon,Tue,Wed,Thu,Fri
17:32:29,3,King Drive,,Sun
09:07:23,4,Cottage Grove,,Mon,Tue,Wed,Thu,Fri
20:13:57,4,Cottage Grove,,Sat
11:21:12,6,Jackson Park Express,,Mon,Tue,Wed,Thu,Fri
22:36:49,4,Cottage Grove,,Sat
11:36:55,3,King Drive,,Sun
13:36:43,J14,Jeffery Jump,,Mon,Tue,Wed,Thu,Fri
15:39:39,6,Jackson Park Express,,Mon,Tue,Wed,Thu,Fri
06:46:00,4,Cottage Grove,,Sun
15:31:05,4,Cottage Grove,,Sat
21:55:19,4,Cottage Grove,,Mon,Tue,Wed,Thu,Fri
07:30:12,26,South Shore Express,,Mon,Tue,Wed,Thu,Fri
19:25:56,J14,Jeffery Jump,,Mon,Tue,Wed,Thu,Fri
23:21:41,4,Cottage Grove,,Mon,Tue,Wed,Thu,Fri
11:28:54,6,Jackson Park Express,,Sat
08:28:51,J14,Jeffery Jump,,Sat
07:30:04,X4,Cottage Grove Express,,Mon,Tue,Wed,Thu,Fri
11:03:56,J14,Jeffery Jump,,Sun
15:28:12,4,Cottage Grove,,Sun
18:44:48,3,King Drive,,Mon,Tue,Wed,Thu,Fri
14:16:55,3,King Drive,,Mon,Tue,Wed,Thu,Fri
09:24:00,J14,Jeffery Jump,,Sun
14:06:09,6,Jackson Park Express,,Sat
10:07:47,J14,Jeffery Jump,,Mon,Tue,Wed,Thu,Fri
06:25:18,6,Jackson Park Express,,Mon,Tue,Wed,Thu,Fri
17:27:48,3,King Drive,,Mon,Tue,Wed,Thu,Fri
13:03:39,J14,Jeffery Jump,,Sat
09:36:23,4,Cottage Grove,,Mon,Tue,Wed,Thu,Fri
21:21:34,J14,Jeffery Jump,,Sun
15:07:05,4,Cottage Grove,,Sat
14:47:00,6,Jackson Park Express,,Mon,Tue,Wed,Thu,Fri
17:17:39,J14,Jeffery Jump,,Sat
12:23:47,J14,Jeffery Jump,,Sat
19:42:36,3,King Drive,,Sat
08:37:23,4,Cottage Grove,,Mon,Tue,Wed,Thu,Fri
14:58:42,4,Cottage Grove,,Fri
19:24:57,4,Cottage Grove,,Mon,Tue,Wed,Thu,Fri
24:31:13,4,Cottage Grove,,Mon,Tue,Wed,Thu,Fri
08:59:51,J14,Jeffery Jump,,Sat
16:53:45,6,Jackson Park Express,,Sun
14:43:05,4,Cottage Grove,,Sat
05:17:43,4,Cottage Grove,,Sun
18:34:48,6,Jackson Park Express,,Mon,Tue,Wed,Thu,Fri
07:47:44,3,King Drive,,Mon,Tue,Wed,Thu,Fri
05:28:21,3,King Drive,,Mon,Tue,Wed,Thu,Fri
04:55:11,4,Cottage Grove,,Sat
15:26:01,X4,Cottage Grove Express,,Mon,Tue,Wed,Thu,Fri
15:42:33,3,King Drive,,Sat
13:50:15,6,Jackson Park Express,,Mon,Tue,Wed,Thu,Fri
20:54:18,6,Jackson Park Express,,Sat
15:01:25,3,King Drive,,Mon,Tue,Wed,Thu,Fri
18:54:18,6,Jackson Park Express,,Sun
21:12:25,3,King Drive,,Sat
08:37:49,4,Cottage Grove,,Sun
05:37:21,3,King Drive,,Mon,Tue,Wed,Thu,Fri
20:06:36,3,King Drive,,Sat
17:41:39,J14,Jeffery Jump,,Mon,Tue,Wed,Thu,Fri
12:48:31,4,Cottage Grove,,Sat
18:42:15,4,Cottage Grove,,Sun
07:00:32,3,King Drive,,Mon,Tue,Wed,Thu,Fri
17:32:29,3,King Drive,,Sun
13:21:39,6,Jackson Park Express,,Sat
23:39:58,3,King Drive,,Mon,Tue,Wed,Thu,Fri
15:35:47,J14,Jeffery Jump,,Mon,Tue,Wed,Thu,Fri
17:49:48,3,King Drive,,Mon,Tue,Wed,Thu,Fri
07:43:30,J14,Jeffery Jump,,Sat
16:40:26,J14,Jeffery Jump,,Sat
07:31:09,J14,Jeffery Jump,,Mon,Tue,Wed,Thu,Fri
13:30:35,4,Cottage Grove,,Sat
17:56:03,6,Jackson Park Express,,Mon,Tue,Wed,Thu,Fri
10:23:56,J14,Jeffery Jump,,Sun
19:35:56,J14,Jeffery Jump,,Mon,Tue,Wed,Thu,Fri
18:37:18,6,Jackson Park Express,,Sun
21:33:26,J14,Jeffery Jump,,Sat
00:37:54,6,Jackson Park Express,,Mon
13:47:00,6,Jackson Park Express,,Mon,Tue,Wed,Thu,Fri
08:52:36,6,Jackson Park Express,,Sat
15:17:24,6,Jackson Park Express,,Sun
18:43:00,J14,Jeffery Jump,,Sun
17:55:05,4,Cottage Grove,,Sat
19:06:26,J14,Jeffery Jump,,Mon,Tue,Wed,Thu,Fri
13:58:12,4,Cottage Grove,,Sun
11:46:51,J14,Jeffery Jump,,Mon,Tue,Wed,Thu,Fri
10:23:02,3,King Drive,,Sun
20:31:36,3,King Drive,,Sat
14:32:33,3,King Drive,,Sat
15:13:24,6,Jackson Park Express,,Sat
13:41:03,26,South Shore Express,,Mon,Tue,Wed,Thu,Fri
10:13:56,J14,Jeffery Jump,,Sun
11:26:51,J14,Jeffery Jump,,Mon,Tue,Wed,Thu,Fri
06:32:56,J14,Jeffery Jump,,Mon,Tue,Wed,Thu,Fri
16:30:26,J14,Jeffery Jump,,Sat
14:33:35,4,Cottage Grove,,Sat
19:32:44,3,King Drive,,Sun
11:23:34,4,Cottage Grove,,Sat
13:48:12,4,Cottage Grove,,Mon,Tue,Wed,Thu,Fri
20:19:49,4,Cottage Grove,,Mon,Tue,Wed,Thu,Fri
20:57:19,4,Cottage Grove,,Sun
17:30:30,6,Jackson Park Express,,Sat
13:26:15,6,Jackson Park Express,,Mon,Tue,Wed,Thu,Fri
15:37:35,4,Cottage Grove,,Sat
19:28:38,4,Cottage Grove,,Sun
13:58:12,6,Jackson Park Express,,Sun
15:25:47,J14,Jeffery Jump,,Mon,Tue,Wed,Thu,Fri
10:54:04,4,Cottage Grove,,Sat
11:43:47,J14,Jeffery Jump,,Sat
07:18:19,4,Cottage Grove,,Sun
13:46:43,J14,Jeffery Jump,,Mon,Tue,Wed,Thu,Fri
22:59:30,6,Jackson Park Express,,Mon,Tue,Wed,Thu,Fri
15:18:09,6,Jackson Park Express,,Sat
13:38:36,3,King Drive,,Sun
09:25:15,4,Cottage Grove,,Sat
18:38:51,J14,Jeffery Jump,,Mon,Tue,Wed,Thu,Fri
19:13:45,4,Cottage Grove,,Sun
14:14:14,26,South Shore Express,,Mon,Tue,Wed,Thu,Fri
18:37:06,6,Jackson Park Express,,Sun
07:32:12,6,Jackson Park Express,,Sun
17:48:00,6,Jackson Park Express,,Mon,Tue,Wed,Thu,Fri
24:55:18,4,Cottage Grove,,Sun
22:22:19,4,Cottage Grove,,Sun
10:57:54,6,Jackson Park Express,,Sat
06:50:12,6,Jackson Park Express,,Mon,Tue,Wed,Thu,Fri
14:15:42,4,Cottage Grove,,Mon,Tue,Wed,Thu,Fri
09:10:31,26,South Shore Express,,Mon,Tue,Wed,Thu,Fri
14:12:36,3,King Drive,,Sun
09:16:15,6,Jackson Park Express,,Mon,Tue,Wed,Thu,Fri
13:06:43,J14,Jeffery Jump,,Mon,Tue,Wed,Thu,Fri
07:01:30,J14,Jeffery Jump,,Sat
21:12:51,3,King Drive,,Mon,Tue,Wed,Thu,Fri
11:30:45,4,Cottage Grove,,Sun
17:02:00,6,Jackson Park Express,,Sat
15:27:39,6,Jackson Park Express,,Mon,Tue,Wed,Thu,Fri
21:46:56,J14,Jeffery Jump,,Mon,Tue,Wed,Thu,Fri
17:49:48,3,King Drive,,Mon,Tue,Wed,Thu,Fri
15:21:35,4,Cottage Grove,,Sat
19:14:18,6,Jackson Park Express,,Sat
06:20:49,4,Cottage Grove,,Mon,Tue,Wed,Thu,Fri
08:53:09,3,King Drive,,Sun
10:45:34,4,Cottage Grove,,Sat
10:35:02,3,King Drive,,Sun
14:23:36,3,King Drive,,Sun
08:02:30,J14,Jeffery Jump,,Mon,Tue,Wed,Thu,Fri
23:35:41,4,Cottage Grove,,Mon,Tue,Wed,Thu,Fri
23:08:49,4,Cottage Grove,,Mon,Tue,Wed,Thu,Fri
12:16:31,4,Cottage Grove,,Sat
17:18:12,4,Cottage Grove,,Sun
19:20:18,3,King Drive,,Sat
21:01:34,J14,Jeffery Jump,,Sun
08:44:55,3,King Drive,,Mon,Tue,Wed,Thu,Fri
06:37:51,6,Jackson Park Express,,Mon,Tue,Wed,Thu,Fri
22:08:42,6,Jackson Park Express,,Sat
17:35:56,J14,Jeffery Jump,,Sun
16:45:21,143,Stockton/Michigan Express,,Mon,Tue,Wed,Thu,Fri
23:13:00,4,Cottage Grove,,Sun
09:57:12,6,Jackson Park Express,,Mon,Tue,Wed,Thu,Fri
08:58:56,J14,Jeffery Jump,,Mon,Tue,Wed,Thu,Fri
10:03:15,6,Jackson Park Express,,Sat
17:14:33,3,King Drive,,Sat
12:46:42,6,Jackson Park Express,,Sat
08:11:19,4,Cottage Grove,,Sun
10:08:17,J14,Jeffery Jump,,Sat
05:44:56,J14,Jeffery Jump,,Mon,Tue,Wed,Thu,Fri
17:07:21,J14,Jeffery Jump,,Sun
21:41:34,J14,Jeffery Jump,,Sun
11:51:01,4,Cottage Grove,,Sat
20:11:34,J14,Jeffery Jump,,Sun
18:51:42,6,Jackson Park Express,,Sat
09:42:22,26,South Shore Express,,Mon,Tue,Wed,Thu,Fri
07:21:52,26,South Shore Express,,Mon,Tue,Wed,Thu,Fri
08:00:45,4,Cottage Grove,,Mon,Tue,Wed,Thu,Fri
15:42:29,3,King Drive,,Sun
22:38:54,6,Jackson Park Express,,Sun
20:18:36,3,King Drive,,Sat
16:27:31,X4,Cottage Grove Express,,Mon,Tue,Wed,Thu,Fri
17:52:46,4,Cottage Grove,,Sat
11:35:44,26,South Shore Express,,Mon,Tue,Wed,Thu,Fri
10:23:02,3,King Drive,,Sun
05:15:16,26,South Shore Express,,Mon,Tue,Wed,Thu,Fri
18:16:18,3,King Drive,,Sun
20:22:27,4,Cottage Grove,,Sat
07:02:21,6,Jackson Park Express,,Mon,Tue,Wed,Thu,Fri
16:30:24,6,Jackson Park Express,,Sun
08:17:48,6,Jackson Park Express,,Sat
13:15:36,3,King Drive,,Sun
15:58:36,3,King Drive,,Mon,Tue,Wed,Thu,Fri
07:33:19,4,Cottage Grove,,Sun
08:02:30,J14,Jeffery Jump,,Mon,Tue,Wed,Thu,Fri
03:55:18,4,Cottage Grove,,Sun
06:51:08,4,Cottage Grove,,Mon,Tue,Wed,Thu,Fri
21:28:19,4,Cottage Grove,,Sat
09:15:30,J14,Jeffery Jump,,Mon,Tue,Wed,Thu,Fri
12:21:44,26,South Shore Express,,Mon,Tue,Wed,Thu,Fri
19:42:44,3,King Drive,,Mon,Tue,Wed,Thu,Fri
18:57:48,3,King Drive,,Sat
12:36:47,J14,Jeffery Jump,,Mon,Tue,Wed,Thu,Fri
16:00:26,J14,Jeffery Jump,,Sat
15:04:24,6,Jackson Park Express,,Sat
14:01:35,4,Cottage Grove,,Sat
14:48:33,3,King Drive,,Sat
16:15:47,J14,Jeffery Jump,,Mon,Tue,Wed,Thu,Fri
22:07:19,4,Cottage Grove,,Sun
09:58:47,J14,Jeffery Jump,,Sat
20:03:26,J14,Jeffery Jump,,Sat
12:05:44,26,South Shore Express,,Mon,Tue,Wed,Thu,Fri
08:28:44,3,King Drive,,Sat
12:49:01,4,Cottage Grove,,Sat
11:05:23,4,Cottage Grove,,Mon,Tue,Wed,Thu,Fri
09:27:09,J14,Jeffery Jump,,Mon,Tue,Wed,Thu,Fri
18:25:55,3,King Drive,,Sun
20:06:36,3,King Drive,,Sat
16:20:26,J14,Jeffery Jump,,Sat
09:49:17,J14,Jeffery Jump,,Sat
11:19:45,6,Jackson Park Express,,Sat
17:56:57,4,Cottage Grove,,Mon,Tue,Wed,Thu,Fri
11:29:44,3,King Drive,,Mon,Tue,Wed,Thu,Fri
12:53:12,6,Jackson Park Express,,Sun
09:24:06,6,Jackson Park Express,,Mon,Tue,Wed,Thu,Fri
18:25:00,6,Jackson Park Express,,Sun
16:45:33,3,King Drive,,Sat
18:11:42,4,Cottage Grove,,Sat
02:25:18,4,Cottage Grove,,Sun
22:05:19,4,Cottage Grove,,Mon,Tue,Wed,Thu,Fri
09:33:39,J14,Jeffery Jump,,Mon,Tue,Wed,Thu,Fri
15:48:12,4,Cottage Grove,,Sun
11:20:45,4,Cottage Grove,,Sun
07:00:47,J14,Jeffery Jump,,Mon,Tue,Wed,Thu,Fri
13:06:43,J14,Jeffery Jump,,Mon,Tue,Wed,Thu,Fri
19:45:57,4,Cottage Grove,,Mon,Tue,Wed,Thu,Fri
13:59:00,6,Jackson Park Express,,Mon,Tue,Wed,Thu,Fri
20:06:24,6,Jackson Park Express,,Mon,Tue,Wed,Thu,Fri
15:57:26,J14,Jeffery Jump,,Sun
14:18:12,4,Cottage Grove,,Sun
09:35:53,4,Cottage Grove,,Mon,Tue,Wed,Thu,Fri
17:23:42,6,Jackson Park Express,,Sat
18:15:45,6,Jackson Park Express,,Sun
16:48:12,4,Cottage Grove,,Sun
17:36:30,6,Jackson Park Express,,Mon,Tue,Wed,Thu,Fri
14:17:42,6,Jackson Park Express,,Sun
09:27:53,4,Cottage Grove,,Mon,Tue,Wed,Thu,Fri
17:32:42,6,Jackson Park Express,,Sat
18:53:45,4,Cottage Grove,,Sun
16:44:09,J14,Jeffery Jump,,Mon,Tue,Wed,Thu,Fri
20:58:49,4,Cottage Grove,,Sun
07:07:17,J14,Jeffery Jump,,Mon,Tue,Wed,Thu,Fri
09:45:12,6,Jackson Park Express,,Mon,Tue,Wed,Thu,Fri
23:35:41,4,Cottage Grove,,Mon,Tue,Wed,Thu,Fri
14:02:15,6,Jackson Park Express,,Mon,Tue,Wed,Thu,Fri
13:58:23,4,Cottage Grove,,Sun
13:18:23,4,Cottage Grove,,Sun
10:47:45,6,Jackson Park Express,,Sun
16:20:49,143,Stockton/Michigan Express,,Mon,Tue,Wed,Thu,Fri
06:30:49,4,Cottage Grove,,Mon,Tue,Wed,Thu,Fri
04:25:43,4,Cottage Grove,,Sun
13:22:35,4,Cottage Grove,,Sat
23:30:42,6,Jackson Park Express,,Sun
14:26:43,J14,Jeffery Jump,,Mon,Tue,Wed,Thu,Fri
08:40:36,6,Jackson Park Express,,Sat
14:32:26,J14,Jeffery Jump,,Sat
14:36:53,X4,Cottage Grove Express,,Mon,Tue,Wed,Thu,Fri
07:09:57,4,Cottage Grove,,Mon,Tue,Wed,Thu,Fri
16:15:31,X4,Cottage Grove Express,,Mon,Tue,Wed,Thu,Fri
23:08:49,4,Cottage Grove,,Mon,Tue,Wed,Thu,Fri
19:26:48,6,Jackson Park Express,,Sat
19:12:18,6,Jackson Park Express,,Sun
16:40:30,6,Jackson Park Express,,Sun
17:51:57,X4,Cottage Grove Express,,Mon,Tue,Wed,Thu,Fri
11:06:14,26,South Shore Express,,Mon,Tue,Wed,Thu,Fri
19:33:44,3,King Drive,,Mon,Tue,Wed,Thu,Fri
09:04:48,6,Jackson Park Express,,Sat
18:56:56,J14,Jeffery Jump,,Mon,Tue,Wed,Thu,Fri
23:30:41,4,Cottage Grove,,Sun
08:18:21,J14,Jeffery Jump,,Sat
18:06:47,J14,Jeffery Jump,,Sat
12:55:22,3,King Drive,,Sat
09:50:15,6,Jackson Park Express,,Mon,Tue,Wed,Thu,Fri
21:12:36,6,Jackson Park Express,,Sun
14:58:18,3,King Drive,,Sun
08:42:44,3,King Drive,,Sat
11:29:45,6,Jackson Park Express,,Sat
22:10:42,6,Jackson Park Express,,Sun
17:58:05,143,Stockton/Michigan Express,,Mon,Tue,Wed,Thu,Fri
09:46:25,3,King Drive,,Mon,Tue,Wed,Thu,Fri
18:19:42,4,Cottage Grove,,Sat
08:36:06,6,Jackson Park Express,,Sun
08:56:08,4,Cottage Grove,,Sat
16:01:42,4,Cottage Grove,,Mon,Tue,Wed,Thu,Fri
17:27:23,4,Cottage Grove,,Sun
22:07:49,4,Cottage Grove,,Sat
16:51:05,4,Cottage Grove,,Sat
17:25:56,J14,Jeffery Jump,,Sun
09:31:45,6,Jackson Park Express,,Sun
21:12:51,3,King Drive,,Mon,Tue,Wed,Thu,Fri
19:49:19,4,Cottage Grove,,Sun
07:29:39,3,King Drive,,Sun
18:05:49,4,Cottage Grove,,Mon,Tue,Wed,Thu,Fri
20:51:06,6,Jackson Park Express,,Sat
20:39:19,4,Cottage Grove,,Sun
10:38:15,6,Jackson Park Express,,Sat
17:23:05,4,Cottage Grove,,Sat
15:40:24,6,Jackson Park Express,,Sat
06:04:12,6,Jackson Park Express,,Sat
16:57:42,4,Cottage Grove,,Mon,Tue,Wed,Thu,Fri
14:17:35,4,Cottage Grove,,Sat
16:11:12,4,Cottage Grove,,Mon,Tue,Wed,Thu,Fri
06:39:14,26,South Shore Express,,Mon,Tue,Wed,Thu,Fri
18:13:48,3,King Drive,,Sat
15:47:05,4,Cottage Grove,,Sat
13:42:39,J14,Jeffery Jump,,Sat
11:10:45,4,Cottage Grove,,Sun
10:45:12,6,Jackson Park Express,,Mon,Tue,Wed,Thu,Fri
13:11:00,6,Jackson Park Express,,Mon,Tue,Wed,Thu,Fri
16:54:48,3,King Drive,,Mon,Tue,Wed,Thu,Fri
20:53:36,6,Jackson Park Express,,Sun
16:39:31,X4,Cottage Grove Express,,Mon,Tue,Wed,Thu,Fri
22:37:19,4,Cottage Grove,,Sun
16:03:05,4,Cottage Grove,,Sat
21:12:27,4,Cottage Grove,,Sat
20:09:49,4,Cottage Grove,,Mon,Tue,Wed,Thu,Fri
18:00:48,3,King Drive,,Mon,Tue,Wed,Thu,Fri
16:03:39,6,Jackson Park Express,,Mon,Tue,Wed,Thu,Fri
19:15:00,6,Jackson Park Express,,Mon,Tue,Wed,Thu,Fri
09:27:55,3,King Drive,,Mon,Tue,Wed,Thu,Fri
18:30:42,6,Jackson Park Express,,Sat
12:39:36,3,King Drive,,Sun
09:16:18,6,Jackson Park Express,,Sat
17:04:04,J14,Jeffery Jump,,Mon,Tue,Wed,Thu,Fri
12:13:44,3,King Drive,,Mon,Tue,Wed,Thu,Fri
07:52:31,26,South Shore Express,,Mon,Tue,Wed,Thu,Fri
18:06:47,J14,Jeffery Jump,,Sat
16:27:33,3,King Drive,,Sat
06:11:34,J14,Jeffery Jump,,Sat
20:19:49,4,Cottage Grove,,Mon,Tue,Wed,Thu,Fri
08:54:49,4,Cottage Grove,,Sun
14:14:24,6,Jackson Park Express,,Sun
09:14:00,J14,Jeffery Jump,,Sun
13:38:12,4,Cottage Grove,,Mon,Tue,Wed,Thu,Fri
18:35:26,J14,Jeffery Jump,,Sat
11:33:12,6,Jackson Park Express,,Mon,Tue,Wed,Thu,Fri
16:54:33,3,King Drive,,Sat
06:55:15,X4,Cottage Grove Express,,Mon,Tue,Wed,Thu,Fri
21:24:30,J14,Jeffery Jump,,Mon,Tue,Wed,Thu,Fri
15:12:31,X4,Cottage Grove Express,,Mon,Tue,Wed,Thu,Fri
14:24:09,6,Jackson Park Express,,Sat
15:27:09,6,Jackson Park Express,,Sat
12:26:47,J14,Jeffery Jump,,Mon,Tue,Wed,Thu,Fri
16:33:35,4,Cottage Grove,,Sat
09:31:44,3,King Drive,,Sat
22:27:21,3,King Drive,,Sun
17:13:45,6,Jackson Park Express,,Sun
16:06:31,4,Cottage Grove,,Mon,Tue,Wed,Thu
16:06:31,4,Cottage Grove,,Mon,Tue,Wed,Thu
16:58:12,4,Cottage Grove,,Sun
17:30:21,143,Stockton/Michigan Express,,Mon,Tue,Wed,Thu,Fri
12:59:55,3,King Drive,,Mon,Tue,Wed,Thu,Fri
18:02:00,6,Jackson Park Express,,Mon,Tue,Wed,Thu,Fri
19:37:42,4,Cottage Grove,,Sat
21:24:44,3,King Drive,,Sat
16:05:49,143,Stockton/Michigan Express,,Mon,Tue,Wed,Thu,Fri
11:51:44,3,King Drive,,Mon,Tue,Wed,Thu,Fri
07:39:32,3,King Drive,,Mon,Tue,Wed,Thu,Fri
09:07:12,6,Jackson Park Express,,Mon,Tue,Wed,Thu,Fri
08:32:55,3,King Drive,,Mon,Tue,Wed,Thu,Fri
13:39:09,6,Jackson Park Express,,Sat
21:54:42,6,Jackson Park Express,,Sat
07:14:13,J14,Jeffery Jump,,Mon,Tue,Wed,Thu,Fri
17:32:34,4,Cottage Grove,,Sun
15:34:25,3,King Drive,,Mon,Tue,Wed,Thu,Fri
06:30:12,6,Jackson Park Express,,Sun
23:53:09,3,King Drive,,Sat
20:29:19,4,Cottage Grove,,Sun
15:51:33,3,King Drive,,Sat
04:53:41,4,Cottage Grove,,Mon,Tue,Wed,Thu,Fri
14:42:09,6,Jackson Park Express,,Sat
13:40:33,3,King Drive,,Sat
16:20:49,143,Stockton/Michigan Express,,Mon,Tue,Wed,Thu,Fri
11:25:17,J14,Jeffery Jump,,Sat
18:22:48,3,King Drive,,Mon,Tue,Wed,Thu,Fri
10:24:23,4,Cottage Grove,,Mon,Tue,Wed,Thu,Fri
06:28:30,J14,Jeffery Jump,,Sat
23:53:09,3,King Drive,,Sat
15:33:12,4,Cottage Grove,,Mon,Tue,Wed,Thu,Fri
11:12:55,3,King Drive,,Sun
16:18:12,4,Cottage Grove,,Sun
23:26:16,3,King Drive,,Sun
08:41:49,X4,Cottage Grove Express,,Mon,Tue,Wed,Thu,Fri
24:29:18,4,Cottage Grove,,Sun
15:16:43,J14,Jeffery Jump,,Mon,Tue,Wed,Thu,Fri
19:21:34,J14,Jeffery Jump,,Sun
09:09:51,J14,Jeffery Jump,,Sat
04:23:38,J14,Jeffery Jump,,Mon,Tue,Wed,Thu,Fri
06:50:14,26,South Shore Express,,Mon,Tue,Wed,Thu,Fri
14:09:35,4,Cottage Grove,,Sat
07:09:39,3,King Drive,,Sun
14:50:15,6,Jackson Park Express,,Mon,Tue,Wed,Thu,Fri
06:39:49,4,Cottage Grove,,Sat
09:22:57,4,Cottage Grove,,Sun
24:10:43,4,Cottage Grove,,Sun
19:35:21,6,Jackson Park Express,,Mon,Tue,Wed,Thu,Fri
07:08:02,3,King Drive,,Mon,Tue,Wed,Thu,Fri
10:40:45,4,Cottage Grove,,Sun
19:43:26,J14,Jeffery Jump,,Sat
09:44:53,4,Cottage Grove,,Mon,Tue,Wed,Thu,Fri
21:47:49,4,Cottage Grove,,Sat
11:33:53,4,Cottage Grove,,Mon,Tue,Wed,Thu,Fri
11:43:56,J14,Jeffery Jump,,Sun
17:45:22,3,King Drive,,Sat
20:18:44,3,King Drive,,Mon,Tue,Wed,Thu,Fri
08:47:08,4,Cottage Grove,,Sat
22:30:42,6,Jackson Park Express,,Sun
13:56:43,J14,Jeffery Jump,,Mon,Tue,Wed,Thu,Fri
12:28:23,4,Cottage Grove,,Sun
18:40:01,143,Stockton/Michigan Express,,Mon,Tue,Wed,Thu,Fri
07:19:43,J14,Jeffery Jump,,Mon,Tue,Wed,Thu,Fri
07:30:30,J14,Jeffery Jump,,Sat
10:30:45,4,Cottage Grove,,Sun
18:05:19,X4,Cottage Grove Express,,Mon,Tue,Wed,Thu,Fri
17:15:56,J14,Jeffery Jump,,Sun
07:55:30,J14,Jeffery Jump,,Sat
18:11:48,3,King Drive,,Mon,Tue,Wed,Thu,Fri
22:02:48,6,Jackson Park Express,,Sun
15:49:24,6,Jackson Park Express,,Sat
20:59:36,3,King Drive,,Sat
11:51:41,3,King Drive,,Sat
20:25:56,J14,Jeffery Jump,,Mon,Tue,Wed,Thu,Fri
13:08:23,4,Cottage Grove,,Sun
18:44:56,J14,Jeffery Jump,,Sat
17:34:33,3,King Drive,,Sat
13:38:15,6,Jackson Park Express,,Mon,Tue,Wed,Thu,Fri
12:26:55,3,King Drive,,Mon,Tue,Wed,Thu,Fri
16:54:03,6,Jackson Park Express,,Mon,Tue,Wed,Thu,Fri
08:23:04,J14,Jeffery Jump,,Sun
06:27:38,X4,Cottage Grove Express,,Mon,Tue,Wed,Thu,Fri
07:20:57,4,Cottage Grove,,Mon,Tue,Wed,Thu,Fri
15:51:01,X4,Cottage Grove Express,,Mon,Tue,Wed,Thu,Fri
14:45:48,3,King Drive,,Sun
06:17:56,J14,Jeffery Jump,,Mon,Tue,Wed,Thu,Fri
07:10:57,4,Cottage Grove,,Mon,Tue,Wed,Thu,Fri
12:40:56,J14,Jeffery Jump,,Sun
09:34:00,J14,Jeffery Jump,,Sun
05:37:41,4,Cottage Grove,,Sun
18:02:48,3,King Drive,,Sat
12:13:47,J14,Jeffery Jump,,Sat
16:08:12,4,Cottage Grove,,Sun
08:21:01,26,South Shore Express,,Mon,Tue,Wed,Thu,Fri
06:12:41,4,Cottage Grove,,Sun
13:16:24,6,Jackson Park Express,,Sat
10:47:47,J14,Jeffery Jump,,Mon,Tue,Wed,Thu,Fri
17:42:33,6,Jackson Park Express,,Mon,Tue,Wed,Thu,Fri
16:38:42,6,Jackson Park Express,,Sat
16:48:29,3,King Drive,,Sun
20:01:34,J14,Jeffery Jump,,Sun
15:38:12,4,Cottage Grove,,Sun
18:28:51,J14,Jeffery Jump,,Mon,Tue,Wed,Thu,Fri
14:08:12,4,Cottage Grove,,Sun
13:22:33,3,King Drive,,Sat
20:00:44,3,King Drive,,Mon,Tue,Wed,Thu,Fri
13:14:15,6,Jackson Park Express,,Mon,Tue,Wed,Thu,Fri
15:52:12,4,Cottage Grove,,Mon,Tue,Wed,Thu,Fri
21:03:06,6,Jackson Park Express,,Sat
10:55:23,4,Cottage Grove,,Mon,Tue,Wed,Thu,Fri
16:26:29,3,King Drive,,Sun
22:47:21,3,King Drive,,Sun
07:48:42,6,Jackson Park Express,,Sun
09:04:34,J14,Jeffery Jump,,Sun
16:04:29,3,King Drive,,Sun
09:21:34,J14,Jeffery Jump,,Mon,Tue,Wed,Thu,Fri
06:25:26,J14,Jeffery Jump,,Mon,Tue,Wed,Thu,Fri
17:40:30,6,Jackson Park Express,,Sat
06:39:57,X4,Cottage Grove Express,,Mon,Tue,Wed,Thu,Fri
05:46:46,26,South Shore Express,,Mon,Tue,Wed,Thu,Fri
16:25:00,6,Jackson Park Express,,Mon,Tue,Wed,Thu,Fri
14:58:42,4,Cottage Grove,,Fri
06:53:02,3,King Drive,,Mon,Tue,Wed,Thu,Fri
16:32:48,3,King Drive,,Mon,Tue,Wed,Thu,Fri
19:51:34,J14,Jeffery Jump,,Sun
02:24:13,4,Cottage Grove,,Mon
12:27:41,3,King Drive,,Sat
19:30:38,4,Cottage Grove,,Sun
06:45:00,J14,Jeffery Jump,,Sat
06:14:24,26,South Shore Express,,Mon,Tue,Wed,Thu,Fri
20:44:32,3,King Drive,,Mon,Tue,Wed,Thu,Fri
11:40:44,3,King Drive,,Mon,Tue,Wed,Thu,Fri
19:03:56,J14,Jeffery Jump,,Sat
07:56:31,X4,Cottage Grove Express,,Mon,Tue,Wed,Thu,Fri
14:05:55,3,King Drive,,Mon,Tue,Wed,Thu,Fri
17:53:11,3,King Drive,,Sat
09:27:55,3,King Drive,,Mon,Tue,Wed,Thu,Fri
23:23:58,3,King Drive,,Mon,Tue,Wed,Thu,Fri
11:25:17,J14,Jeffery Jump,,Sat
10:07:47,J14,Jeffery Jump,,Mon,Tue,Wed,Thu,Fri
14:34:36,3,King Drive,,Sun
02:54:43,4,Cottage Grove,,Mon
18:19:17,J14,Jeffery Jump,,Mon,Tue,Wed,Thu,Fri
19:23:26,J14,Jeffery Jump,,Sat
17:42:15,4,Cottage Grove,,Sun
10:09:12,6,Jackson Park Express,,Mon,Tue,Wed,Thu,Fri
22:41:30,J14,Jeffery Jump,,Mon,Tue,Wed,Thu,Fri
18:38:51,J14,Jeffery Jump,,Mon,Tue,Wed,Thu,Fri
18:02:48,3,King Drive,,Sat
05:13:54,6,Jackson Park Express,,Mon,Tue,Wed,Thu,Fri
13:08:12,4,Cottage Grove,,Mon,Tue,Wed,Thu,Fri
09:44:44,3,King Drive,,Sat
20:47:49,4,Cottage Grove,,Sun
15:27:54,6,Jackson Park Express,,Sun
12:10:12,6,Jackson Park Express,,Sat
12:56:43,J14,Jeffery Jump,,Mon,Tue,Wed,Thu,Fri
15:07:26,J14,Jeffery Jump,,Sun
10:14:06,6,Jackson Park Express,,Sat
18:01:27,4,Cottage Grove,,Sat
11:23:18,3,King Drive,,Sat
07:18:19,4,Cottage Grove,,Sun
20:16:06,6,Jackson Park Express,,Sun
20:01:36,6,Jackson Park Express,,Sat
12:31:26,J14,Jeffery Jump,,Sun
10:11:25,3,King Drive,,Sat
07:53:19,4,Cottage Grove,,Sun
10:10:45,4,Cottage Grove,,Sun
11:48:55,3,King Drive,,Sun
18:14:31,4,Cottage Grove,,Mon,Tue,Wed,Thu,Fri
20:00:51,3,King Drive,,Sun
18:57:48,3,King Drive,,Sat
10:17:47,J14,Jeffery Jump,,Mon,Tue,Wed,Thu,Fri
09:55:04,4,Cottage Grove,,Sat
06:01:56,J14,Jeffery Jump,,Mon,Tue,Wed,Thu,Fri
12:59:00,6,Jackson Park Express,,Mon,Tue,Wed,Thu,Fri
16:07:54,6,Jackson Park Express,,Sat
15:55:47,J14,Jeffery Jump,,Mon,Tue,Wed,Thu,Fri
07:42:53,X4,Cottage Grove Express,,Mon,Tue,Wed,Thu,Fri
08:07:08,4,Cottage Grove,,Sat
22:38:19,4,Cottage Grove,,Sat
03:25:43,4,Cottage Grove,,Tue,Wed,Thu,Fri,Sat
07:52:31,26,South Shore Express,,Mon,Tue,Wed,Thu,Fri
08:07:30,J14,Jeffery Jump,,Mon,Tue,Wed,Thu,Fri
19:21:27,4,Cottage Grove,,Sun
09:33:39,6,Jackson Park Express,,Mon,Tue,Wed,Thu,Fri
06:52:49,4,Cottage Grove,,Sat
22:53:49,4,Cottage Grove,,Mon,Tue,Wed,Thu,Fri
14:38:42,6,Jackson Park Express,,Sun
12:38:12,6,Jackson Park Express,,Sat
13:32:55,3,King Drive,,Mon,Tue,Wed,Thu,Fri
17:25:53,4,Cottage Grove,,Sun
02:55:43,4,Cottage Grove,,Tue,Wed,Thu,Fri,Sat
21:23:51,3,King Drive,,Mon,Tue,Wed,Thu,Fri
06:10:51,3,King Drive,,Mon,Tue,Wed,Thu,Fri
17:34:33,3,King Drive,,Sat
07:03:19,4,Cottage Grove,,Sun
21:23:26,J14,Jeffery Jump,,Sat
14:12:39,J14,Jeffery Jump,,Sat
18:05:56,J14,Jeffery Jump,,Sun
19:51:34,J14,Jeffery Jump,,Sun
18:40:01,143,Stockton/Michigan Express,,Mon,Tue,Wed,Thu,Fri
18:22:30,6,Jackson Park Express,,Sat
10:57:12,6,Jackson Park Express,,Mon,Tue,Wed,Thu,Fri
21:15:19,4,Cottage Grove,,Mon,Tue,Wed,Thu,Fri
16:54:04,J14,Jeffery Jump,,Mon,Tue,Wed,Thu,Fri
21:14:24,6,Jackson Park Express,,Mon,Tue,Wed,Thu,Fri
12:16:47,J14,Jeffery Jump,,Mon,Tue,Wed,Thu,Fri
11:48:55,3,King Drive,,Sun
09:36:15,4,Cottage Grove,,Sat
11:18:54,6,Jackson Park Express,,Sun
17:43:00,6,Jackson Park Express,,Sun
11:50:34,4,Cottage Grove,,Sun
12:51:36,3,King Drive,,Sun
08:10:32,3,King Drive,,Sat
23:53:43,4,Cottage Grove,,Sat
17:22:30,6,Jackson Park Express,,Sun
12:27:36,3,King Drive,,Sun
11:50:44,26,South Shore Express,,Mon,Tue,Wed,Thu,Fri
18:11:00,6,Jackson Park Express,,Sat
10:24:44,3,King Drive,,Mon,Tue,Wed,Thu,Fri
09:42:22,26,South Shore Express,,Mon,Tue,Wed,Thu,Fri
16:44:00,6,Jackson Park Express,,Sat
21:15:06,6,Jackson Park Express,,Sat
17:50:43,J14,Jeffery Jump,,Mon,Tue,Wed,Thu,Fri
08:28:53,4,Cottage Grove,,Mon,Tue,Wed,Thu,Fri
06:49:21,3,King Drive,,Sat
18:43:45,4,Cottage Grove,,Sun
12:27:41,3,King Drive,,Sat
17:14:42,6,Jackson Park Express,,Sat
05:26:42,6,Jackson Park Express,,Sat
18:47:42,4,Cottage Grove,,Sat
14:50:26,J14,Jeffery Jump,,Sat
22:23:19,4,Cottage Grove,,Sat
20:29:18,6,Jackson Park Express,,Sat
06:01:05,26,South Shore Express,,Mon,Tue,Wed,Thu,Fri
08:19:55,3,King Drive,,Mon,Tue,Wed,Thu,Fri
10:25:18,6,Jackson Park Express,,Mon,Tue,Wed,Thu,Fri
04:54:04,J14,Jeffery Jump,,Mon,Tue,Wed,Thu,Fri
14:02:39,J14,Jeffery Jump,,Sat
05:57:41,4,Cottage Grove,,Sun
06:41:19,4,Cottage Grove,,Mon,Tue,Wed,Thu,Fri
21:28:51,3,King Drive,,Sun
13:04:33,3,King Drive,,Sat
06:41:34,J14,Jeffery Jump,,Sun
09:47:47,J14,Jeffery Jump,,Mon,Tue,Wed,Thu,Fri
14:57:35,4,Cottage Grove,,Sat
21:54:44,3,King Drive,,Sat
17:16:52,143,Stockton/Michigan Express,,Mon,Tue,Wed,Thu,Fri
08:56:55,3,King Drive,,Mon,Tue,Wed,Thu,Fri
14:28:25,3,King Drive,,Mon,Tue,Wed,Thu,Fri
16:27:33,3,King Drive,,Sat
19:00:00,6,Jackson Park Express,,Mon,Tue,Wed,Thu,Fri
13:18:12,4,Cottage Grove,,Mon,Tue,Wed,Thu,Fri
05:17:00,J14,Jeffery Jump,,Mon,Tue,Wed,Thu,Fri
10:36:04,4,Cottage Grove,,Sat
15:51:01,X4,Cottage Grove Express,,Mon,Tue,Wed,Thu,Fri
13:52:24,6,Jackson Park Express,,Sat
08:38:55,3,King Drive,,Mon,Tue,Wed,Thu,Fri
15:22:24,6,Jackson Park Express,,Sat
07:46:08,4,Cottage Grove,,Sat
11:33:29,3,King Drive,,Sat
05:55:34,J14,Jeffery Jump,,Sat
21:21:38,4,Cottage Grove,,Sat
13:43:24,6,Jackson Park Express,,Sat
11:47:54,6,Jackson Park Express,,Sat
19:54:36,3,King Drive,,Sat
12:25:01,4,Cottage Grove,,Sat
16:25:43,J14,Jeffery Jump,,Mon,Tue,Wed,Thu,Fri
10:56:44,3,King Drive,,Mon,Tue,Wed,Thu,Fri
10:20:45,4,Cottage Grove,,Sun
09:41:32,3,King Drive,,Sun
03:55:18,4,Cottage Grove,,Sat
17:50:43,J14,Jeffery Jump,,Mon,Tue,Wed,Thu,Fri
08:39:21,J14,Jeffery Jump,,Sat
08:23:26,J14,Jeffery Jump,,Mon,Tue,Wed,Thu,Fri
22:13:54,6,Jackson Park Express,,Mon,Tue,Wed,Thu,Fri
07:22:34,J14,Jeffery Jump,,Sun
11:08:24,6,Jackson Park Express,,Sat
06:54:47,J14,Jeffery Jump,,Mon,Tue,Wed,Thu,Fri
10:55:04,4,Cottage Grove,,Sat
16:21:48,3,King Drive,,Mon,Tue,Wed,Thu,Fri
08:13:01,26,South Shore Express,,Mon,Tue,Wed,Thu,Fri
23:37:21,6,Jackson Park Express,,Sat
17:16:38,4,Cottage Grove,,Mon,Tue,Wed,Thu,Fri
07:30:57,4,Cottage Grove,,Mon,Tue,Wed,Thu,Fri
14:58:12,4,Cottage Grove,,Sun
13:26:43,J14,Jeffery Jump,,Mon,Tue,Wed,Thu,Fri
13:22:39,J14,Jeffery Jump,,Sat
08:39:21,J14,Jeffery Jump,,Sat
12:58:24,6,Jackson Park Express,,Sat
05:45:42,6,Jackson Park Express,,Sat
14:37:26,J14,Jeffery Jump,,Sun
14:28:12,6,Jackson Park Express,,Sun
12:23:24,6,Jackson Park Express,,Sat
13:38:12,4,Cottage Grove,,Mon,Tue,Wed,Thu,Fri
05:55:34,J14,Jeffery Jump,,Sat
20:04:45,4,Cottage Grove,,Sat
09:14:00,J14,Jeffery Jump,,Sun
14:48:14,26,South Shore Express,,Mon,Tue,Wed,Thu,Fri
14:17:26,J14,Jeffery Jump,,Sun
13:08:23,4,Cottage Grove,,Sun
06:55:42,6,Jackson Park Express,,Sat
09:46:25,3,King Drive,,Mon,Tue,Wed,Thu,Fri
20:33:51,3,King Drive,,Sun
18:54:26,J14,Jeffery Jump,,Sat
12:22:26,J14,Jeffery Jump,,Sun
17:27:48,3,King Drive,,Mon,Tue,Wed,Thu,Fri
07:46:34,J14,Jeffery Jump,,Mon,Tue,Wed,Thu,Fri
18:04:30,6,Jackson Park Express,,Sun
19:27:42,4,Cottage Grove,,Sat
20:45:30,J14,Jeffery Jump,,Mon,Tue,Wed,Thu,Fri
19:06:26,J14,Jeffery Jump,,Mon,Tue,Wed,Thu,Fri
11:58:54,6,Jackson Park Express,,Sun
11:57:24,6,Jackson Park Express,,Sat
08:53:26,J14,Jeffery Jump,,Mon,Tue,Wed,Thu,Fri
22:40:49,4,Cottage Grove,,Mon,Tue,Wed,Thu,Fri
20:34:36,6,Jackson Park Express,,Sun
18:24:48,3,King Drive,,Sat
05:12:11,4,Cottage Grove,,Mon,Tue,Wed,Thu,Fri
19:41:06,6,Jackson Park Express,,Sun
12:36:41,3,King Drive,,Sat
19:01:23,4,Cottage Grove,,Mon,Tue,Wed,Thu,Fri
12:09:41,3,King Drive,,Sat
10:40:45,4,Cottage Grove,,Sun
24:18:42,6,Jackson Park Express,,Sun
16:02:42,6,Jackson Park Express,,Sun
15:15:39,6,Jackson Park Express,,Mon,Tue,Wed,Thu,Fri
20:41:34,J14,Jeffery Jump,,Sun
18:25:55,3,King Drive,,Sun
19:18:14,3,King Drive,,Sun
12:20:23,4,Cottage Grove,,Mon,Tue,Wed,Thu,Fri
21:21:34,J14,Jeffery Jump,,Sun
21:13:26,J14,Jeffery Jump,,Sat
11:51:01,4,Cottage Grove,,Sat
13:50:06,3,King Drive,,Sun
16:05:49,143,Stockton/Michigan Express,,Mon,Tue,Wed,Thu,Fri
08:54:34,J14,Jeffery Jump,,Sun
16:27:05,4,Cottage Grove,,Sat
11:29:44,3,King Drive,,Mon,Tue,Wed,Thu,Fri
13:32:55,3,King Drive,,Mon,Tue,Wed,Thu,Fri
12:02:44,3,King Drive,,Mon,Tue,Wed,Thu,Fri
13:13:33,3,King Drive,,Sat
15:45:55,3,King Drive,,Mon,Tue,Wed,Thu,Fri
17:07:05,4,Cottage Grove,,Sat
05:30:39,3,King Drive,,Sat
14:16:43,J14,Jeffery Jump,,Mon,Tue,Wed,Thu,Fri
17:08:34,J14,Jeffery Jump,,Sat
18:33:45,4,Cottage Grove,,Sun
13:21:55,3,King Drive,,Mon,Tue,Wed,Thu,Fri
14:46:43,J14,Jeffery Jump,,Mon,Tue,Wed,Thu,Fri
11:07:47,J14,Jeffery Jump,,Mon,Tue,Wed,Thu,Fri
07:30:32,3,King Drive,,Mon,Tue,Wed,Thu,Fri
08:47:23,4,Cottage Grove,,Mon,Tue,Wed,Thu,Fri
19:42:44,3,King Drive,,Mon,Tue,Wed,Thu,Fri
15:34:25,3,King Drive,,Mon,Tue,Wed,Thu,Fri
04:23:38,J14,Jeffery Jump,,Mon,Tue,Wed,Thu,Fri
14:39:25,3,King Drive,,Mon,Tue,Wed,Thu,Fri
08:19:49,X4,Cottage Grove Express,,Mon,Tue,Wed,Thu,Fri
07:49:45,4,Cottage Grove,,Mon,Tue,Wed,Thu,Fri
13:47:26,J14,Jeffery Jump,,Sun
16:38:12,4,Cottage Grove,,Sun
07:47:44,3,King Drive,,Mon,Tue,Wed,Thu,Fri
20:15:56,J14,Jeffery Jump,,Mon,Tue,Wed,Thu,Fri
23:50:43,4,Cottage Grove,,Mon,Tue,Wed,Thu,Fri
11:24:53,4,Cottage Grove,,Mon,Tue,Wed,Thu,Fri
13:04:33,3,King Drive,,Sat
13:22:33,3,King Drive,,Sat
11:43:56,J14,Jeffery Jump,,Sun
17:54:29,3,King Drive,,Sun
17:01:30,6,Jackson Park Express,,Sun
18:21:42,4,Cottage Grove,,Sat
16:27:21,J14,Jeffery Jump,,Sun
14:59:05,4,Cottage Grove,,Sat
09:26:27,4,Cottage Grove,,Sat
08:52:06,6,Jackson Park Express,,Sun
21:42:30,J14,Jeffery Jump,,Sat
14:35:00,6,Jackson Park Express,,Mon,Tue,Wed,Thu,Fri
08:49:51,J14,Jeffery Jump,,Sat
12:16:31,4,Cottage Grove,,Sat
20:41:48,6,Jackson Park Express,,Sat
15:33:33,3,King Drive,,Sat
15:00:09,6,Jackson Park Express,,Sat
09:35:15,4,Cottage Grove,,Sat
19:24:36,6,Jackson Park Express,,Sat
10:45:23,4,Cottage Grove,,Mon,Tue,Wed,Thu,Fri
15:05:42,4,Cottage Grove,,Mon,Tue,Wed,Thu,Fri
15:10:26,J14,Jeffery Jump,,Sat
09:32:15,4,Cottage Grove,,Sun
03:55:43,4,Cottage Grove,,Sat
06:45:32,3,King Drive,,Mon,Tue,Wed,Thu,Fri
20:31:36,3,King Drive,,Sat
07:44:19,4,Cottage Grove,,Sun
17:04:33,3,King Drive,,Sat
08:26:55,3,King Drive,,Mon,Tue,Wed,Thu,Fri
13:28:23,4,Cottage Grove,,Sun
21:25:19,4,Cottage Grove,,Mon,Tue,Wed,Thu,Fri
07:51:34,J14,Jeffery Jump,,Mon,Tue,Wed,Thu,Fri
23:21:30,4,Cottage Grove,,Mon,Tue,Wed,Thu,Fri
05:30:30,4,Cottage Grove,,Mon,Tue,Wed,Thu,Fri
16:04:29,3,King Drive,,Sun
13:43:55,3,King Drive,,Mon,Tue,Wed,Thu,Fri
08:10:32,3,King Drive,,Sat
13:43:55,3,King Drive,,Mon,Tue,Wed,Thu,Fri
17:33:00,6,Jackson Park Express,,Sun
14:16:12,4,Cottage Grove,,Mon,Tue,Wed,Thu,Fri
16:16:54,6,Jackson Park Express,,Sat
15:38:24,6,Jackson Park Express,,Sun
08:28:48,6,Jackson Park Express,,Sun
12:49:42,4,Cottage Grove,,Mon,Tue,Wed,Thu,Fri
08:49:51,J14,Jeffery Jump,,Sat
15:53:29,3,King Drive,,Sun
07:39:57,4,Cottage Grove,,Mon,Tue,Wed,Thu,Fri
14:59:42,6,Jackson Park Express,,Sun
19:53:26,J14,Jeffery Jump,,Sat
19:22:57,4,Cottage Grove,,Sun
11:09:45,6,Jackson Park Express,,Sat
04:25:43,4,Cottage Grove,,Mon,Tue,Wed,Thu,Fri
11:03:34,4,Cottage Grove,,Sat
09:54:33,26,South Shore Express,,Mon,Tue,Wed,Thu,Fri
04:25:18,4,Cottage Grove,,Mon,Tue,Wed,Thu,Fri
09:19:25,3,King Drive,,Mon,Tue,Wed,Thu,Fri
19:55:56,J14,Jeffery Jump,,Mon,Tue,Wed,Thu,Fri
24:55:13,4,Cottage Grove,,Mon,Tue,Wed,Thu,Fri
21:33:54,6,Jackson Park Express,,Mon,Tue,Wed,Thu,Fri
16:47:42,6,Jackson Park Express,,Sat
12:39:42,4,Cottage Grove,,Mon,Tue,Wed,Thu,Fri
07:53:19,4,Cottage Grove,,Sun
24:33:48,4,Cottage Grove,,Sat
12:34:06,6,Jackson Park Express,,Mon,Tue,Wed,Thu,Fri
06:40:51,J14,Jeffery Jump,,Mon,Tue,Wed,Thu,Fri
17:56:08,4,Cottage Grove,,Mon,Tue,Wed,Thu,Fri
13:03:36,3,King Drive,,Sun
10:02:45,6,Jackson Park Express,,Sun
17:23:21,143,Stockton/Michigan Express,,Mon,Tue,Wed,Thu,Fri
16:43:48,3,King Drive,,Mon,Tue,Wed,Thu,Fri
08:58:56,J14,Jeffery Jump,,Mon,Tue,Wed,Thu,Fri
18:46:48,3,King Drive,,Sat
06:09:39,3,King Drive,,Sat
17:25:56,J14,Jeffery Jump,,Sun
12:39:36,3,King Drive,,Sun
21:15:19,4,Cottage Grove,,Mon,Tue,Wed,Thu,Fri
15:53:35,4,Cottage Grove,,Sat
19:17:42,4,Cottage Grove,,Sat
09:30:01,X4,Cottage Grove Express,,Mon,Tue,Wed,Thu,Fri
14:16:43,J14,Jeffery Jump,,Mon,Tue,Wed,Thu,Fri
08:42:44,3,King Drive,,Sat
19:50:24,6,Jackson Park Express,,Mon,Tue,Wed,Thu,Fri
19:20:18,3,King Drive,,Sat
17:08:12,4,Cottage Grove,,Sun
20:23:26,J14,Jeffery Jump,,Sat
12:27:36,3,King Drive,,Sun
16:37:29,3,King Drive,,Sun
07:59:31,26,South Shore Express,,Mon,Tue,Wed,Thu,Fri
17:26:16,X4,Cottage Grove Express,,Mon,Tue,Wed,Thu,Fri
16:38:12,4,Cottage Grove,,Sun
07:02:09,6,Jackson Park Express,,Mon,Tue,Wed,Thu,Fri
04:25:18,4,Cottage Grove,,Sun
20:01:38,4,Cottage Grove,,Mon,Tue,Wed,Thu,Fri
13:48:12,4,Cottage Grove,,Mon,Tue,Wed,Thu,Fri
13:48:23,4,Cottage Grove,,Sun
10:56:44,3,King Drive,,Mon,Tue,Wed,Thu,Fri
12:22:26,J14,Jeffery Jump,,Sun
05:10:39,3,King Drive,,Sat
14:56:43,J14,Jeffery Jump,,Mon,Tue,Wed,Thu,Fri
06:41:48,6,Jackson Park Express,,Sat
08:53:18,6,Jackson Park Express,,Sat
11:09:12,6,Jackson Park Express,,Mon,Tue,Wed,Thu,Fri
15:39:05,4,Cottage Grove,,Sat
10:35:30,6,Jackson Park Express,,Sun
19:39:18,6,Jackson Park Express,,Sat
08:30:49,X4,Cottage Grove Express,,Mon,Tue,Wed,Thu,Fri
09:04:56,J14,Jeffery Jump,,Mon,Tue,Wed,Thu,Fri
15:42:33,3,King Drive,,Sat
01:25:18,4,Cottage Grove,,Sun
21:34:00,J14,Jeffery Jump,,Mon,Tue,Wed,Thu,Fri
10:27:47,J14,Jeffery Jump,,Mon,Tue,Wed,Thu,Fri
10:37:47,J14,Jeffery Jump,,Sat
21:40:12,6,Jackson Park Express,,Sat
06:21:04,J14,Jeffery Jump,,Sun
09:51:45,6,Jackson Park Express,,Sat
10:32:25,3,King Drive,,Sat
17:38:48,3,King Drive,,Mon,Tue,Wed,Thu,Fri
07:46:08,4,Cottage Grove,,Sat
13:22:39,J14,Jeffery Jump,,Sat
14:17:26,J14,Jeffery Jump,,Sun
18:45:30,6,Jackson Park Express,,Mon,Tue,Wed,Thu,Fri
24:55:13,4,Cottage Grove,,Sat
21:35:19,4,Cottage Grove,,Mon,Tue,Wed,Thu,Fri
08:19:55,3,King Drive,,Mon,Tue,Wed,Thu,Fri
08:06:30,J14,Jeffery Jump,,Sat
13:48:12,6,Jackson Park Express,,Sun
20:36:44,3,King Drive,,Mon,Tue,Wed,Thu,Fri
13:14:16,4,Cottage Grove,,Sat
15:48:54,6,Jackson Park Express,,Sun
12:26:55,3,King Drive,,Mon,Tue,Wed,Thu,Fri
11:42:41,3,King Drive,,Sat
07:47:42,6,Jackson Park Express,,Mon,Tue,Wed,Thu,Fri
13:25:24,6,Jackson Park Express,,Sat
06:09:30,4,Cottage Grove,,Sat
18:48:21,J14,Jeffery Jump,,Mon,Tue,Wed,Thu,Fri
18:52:42,4,Cottage Grove,,Mon,Tue,Wed,Thu,Fri
23:36:32,3,King Drive,,Sat
14:47:26,J14,Jeffery Jump,,Sun
17:06:49,4,Cottage Grove,,Mon,Tue,Wed,Thu,Fri
08:35:26,J14,Jeffery Jump,,Mon,Tue,Wed,Thu,Fri
05:53:21,3,King Drive,,Mon,Tue,Wed,Thu,Fri
06:13:18,6,Jackson Park Express,,Mon,Tue,Wed,Thu,Fri
09:47:47,J14,Jeffery Jump,,Mon,Tue,Wed,Thu,Fri
21:05:49,4,Cottage Grove,,Mon,Tue,Wed,Thu,Fri
16:50:26,J14,Jeffery Jump,,Sat
11:47:12,6,Jackson Park Express,,Sun
08:53:09,3,King Drive,,Sun
15:29:35,4,Cottage Grove,,Sat
11:34:17,J14,Jeffery Jump,,Sat
08:06:30,J14,Jeffery Jump,,Sat
15:16:43,J14,Jeffery Jump,,Mon,Tue,Wed,Thu,Fri
13:24:33,26,South Shore Express,,Mon,Tue,Wed,Thu,Fri
15:49:00,6,Jackson Park Express,,Mon,Tue,Wed,Thu,Fri
06:32:56,J14,Jeffery Jump,,Mon,Tue,Wed,Thu,Fri
17:15:05,4,Cottage Grove,,Sat
11:33:29,3,King Drive,,Sat
16:28:12,4,Cottage Grove,,Sun
14:11:24,6,Jackson Park Express,,Sat
12:25:54,6,Jackson Park Express,,Sun
15:54:09,6,Jackson Park Express,,Sat
09:55:23,4,Cottage Grove,,Mon,Tue,Wed,Thu,Fri
14:23:36,3,King Drive,,Sun
21:47:21,3,King Drive,,Sun
23:42:54,6,Jackson Park Express,,Sun
15:24:33,3,King Drive,,Sat
16:07:26,J14,Jeffery Jump,,Sun
20:49:19,4,Cottage Grove,,Sun
09:26:15,6,Jackson Park Express,,Mon,Tue,Wed,Thu,Fri
18:16:21,J14,Jeffery Jump,,Sat
08:47:08,4,Cottage Grove,,Sat
11:04:34,4,Cottage Grove,,Sat
16:51:00,6,Jackson Park Express,,Sun
11:32:53,4,Cottage Grove,,Sat
15:45:47,J14,Jeffery Jump,,Mon,Tue,Wed,Thu,Fri
07:02:04,J14,Jeffery Jump,,Sun
08:44:34,J14,Jeffery Jump,,Sun
19:35:56,J14,Jeffery Jump,,Mon,Tue,Wed,Thu,Fri
08:11:19,4,Cottage Grove,,Sun
18:10:49,143,Stockton/Michigan Express,,Mon,Tue,Wed,Thu,Fri
20:09:19,4,Cottage Grove,,Sun
14:03:05,4,Cottage Grove,,Sat
22:15:19,4,Cottage Grove,,Mon,Tue,Wed,Thu,Fri
12:59:12,4,Cottage Grove,,Mon,Tue,Wed,Thu,Fri
12:24:31,4,Cottage Grove,,Sat
23:10:42,6,Jackson Park Express,,Sun
15:30:26,J14,Jeffery Jump,,Sat
15:07:26,J14,Jeffery Jump,,Sun
18:35:26,J14,Jeffery Jump,,Sat
16:13:12,6,Jackson Park Express,,Sun
07:12:12,6,Jackson Park Express,,Sat
12:43:47,J14,Jeffery Jump,,Sat
12:14:12,6,Jackson Park Express,,Sun
18:24:00,J14,Jeffery Jump,,Sun
14:01:54,6,Jackson Park Express,,Sat
16:41:35,4,Cottage Grove,,Sat
18:43:00,J14,Jeffery Jump,,Sun
09:09:21,3,King Drive,,Sun
21:02:27,4,Cottage Grove,,Sat
16:23:42,6,Jackson Park Express,,Sun
07:18:34,X4,Cottage Grove Express,,Mon,Tue,Wed,Thu,Fri
18:14:30,J14,Jeffery Jump,,Sun
18:00:30,6,Jackson Park Express,,Sat
18:46:12,4,Cottage Grove,,Sat
07:19:57,4,Cottage Grove,,Mon,Tue,Wed,Thu,Fri
10:25:23,4,Cottage Grove,,Mon,Tue,Wed,Thu,Fri
21:38:49,4,Cottage Grove,,Sun
12:57:19,4,Cottage Grove,,Sat
15:48:12,4,Cottage Grove,,Sun
10:14:23,4,Cottage Grove,,Mon,Tue,Wed,Thu,Fri
15:24:33,3,King Drive,,Sat
13:48:23,4,Cottage Grove,,Sun
11:02:25,3,King Drive,,Sat
07:56:34,J14,Jeffery Jump,,Mon,Tue,Wed,Thu,Fri
06:21:02,3,King Drive,,Mon,Tue,Wed,Thu,Fri
05:17:00,J14,Jeffery Jump,,Mon,Tue,Wed,Thu,Fri
16:28:09,6,Jackson Park Express,,Mon,Tue,Wed,Thu,Fri
15:52:12,4,Cottage Grove,,Mon,Tue,Wed,Thu,Fri
16:13:00,6,Jackson Park Express,,Mon,Tue,Wed,Thu,Fri
13:16:43,J14,Jeffery Jump,,Mon,Tue,Wed,Thu,Fri
13:39:05,4,Cottage Grove,,Sat
22:23:18,6,Jackson Park Express,,Sat
08:59:51,J14,Jeffery Jump,,Sat
19:07:42,4,Cottage Grove,,Sat
21:44:18,6,Jackson Park Express,,Sat
00:37:30,6,Jackson Park Express,,Tue,Wed,Thu,Fri,Sat
10:33:56,J14,Jeffery Jump,,Sun
07:46:36,6,Jackson Park Express,,Mon,Tue,Wed,Thu,Fri
14:14:15,6,Jackson Park Express,,Mon,Tue,Wed,Thu,Fri
24:06:24,6,Jackson Park Express,,Sat
05:35:30,J14,Jeffery Jump,,Mon,Tue,Wed,Thu,Fri
14:07:26,J14,Jeffery Jump,,Sun
12:38:15,6,Jackson Park Express,,Mon,Tue,Wed,Thu,Fri
11:00:55,3,King Drive,,Sun
06:51:12,6,Jackson Park Express,,Sun
08:12:09,3,King Drive,,Sun
19:08:48,3,King Drive,,Sat
17:14:04,J14,Jeffery Jump,,Mon,Tue,Wed,Thu,Fri
06:40:38,4,Cottage Grove,,Mon,Tue,Wed,Thu,Fri
12:18:41,3,King Drive,,Sat
22:59:44,3,King Drive,,Sat
15:23:25,3,King Drive,,Mon,Tue,Wed,Thu,Fri
17:15:56,J14,Jeffery Jump,,Sun
15:50:26,J14,Jeffery Jump,,Sat
14:51:09,6,Jackson Park Express,,Sat
11:13:56,J14,Jeffery Jump,,Sun
14:45:42,4,Cottage Grove,,Mon,Tue,Wed,Thu,Fri
08:17:08,4,Cottage Grove,,Sat
12:59:56,J14,Jeffery Jump,,Sun
17:05:35,4,Cottage Grove,,Sat
10:17:45,6,Jackson Park Express,,Sun
14:03:54,6,Jackson Park Express,,Sun
20:29:49,4,Cottage Grove,,Mon,Tue,Wed,Thu,Fri
19:45:32,3,King Drive,,Sun
06:49:39,3,King Drive,,Sun
11:41:53,4,Cottage Grove,,Mon,Tue,Wed,Thu,Fri
21:23:26,J14,Jeffery Jump,,Sat
05:35:34,J14,Jeffery Jump,,Sat
17:39:16,X4,Cottage Grove Express,,Mon,Tue,Wed,Thu,Fri
14:06:43,J14,Jeffery Jump,,Mon,Tue,Wed,Thu,Fri
17:17:08,4,Cottage Grove,,Mon,Tue,Wed,Thu,Fri
14:02:39,J14,Jeffery Jump,,Sat
20:21:34,J14,Jeffery Jump,,Sun
24:16:00,6,Jackson Park Express,,Mon,Tue,Wed,Thu,Fri
19:12:15,4,Cottage Grove,,Sun
12:08:01,4,Cottage Grove,,Sat
12:40:31,4,Cottage Grove,,Sat
17:32:39,J14,Jeffery Jump,,Mon,Tue,Wed,Thu,Fri
10:07:44,26,South Shore Express,,Mon,Tue,Wed,Thu,Fri
15:52:12,6,Jackson Park Express,,Sun
07:57:08,4,Cottage Grove,,Sat
21:30:38,4,Cottage Grove,,Sat
15:20:26,J14,Jeffery Jump,,Sat
21:28:51,3,King Drive,,Sun
17:07:19,4,Cottage Grove,,Mon,Tue,Wed,Thu,Fri
17:17:53,4,Cottage Grove,,Sun
08:02:19,4,Cottage Grove,,Sun
09:55:14,3,King Drive,,Mon,Tue,Wed,Thu,Fri
10:13:18,6,Jackson Park Express,,Mon,Tue,Wed,Thu,Fri
15:00:26,J14,Jeffery Jump,,Sat
18:00:13,J14,Jeffery Jump,,Mon,Tue,Wed,Thu,Fri
08:27:06,6,Jackson Park Express,,Mon,Tue,Wed,Thu,Fri
18:19:48,6,Jackson Park Express,,Mon,Tue,Wed,Thu,Fri
23:19:44,3,King Drive,,Sat
13:48:09,6,Jackson Park Express,,Sat
16:15:39,6,Jackson Park Express,,Mon,Tue,Wed,Thu,Fri
19:57:49,4,Cottage Grove,,Sun
07:40:42,6,Jackson Park Express,,Sat
15:31:29,3,King Drive,,Sun
11:00:45,4,Cottage Grove,,Sun
06:25:26,J14,Jeffery Jump,,Mon,Tue,Wed,Thu,Fri
09:14:36,6,Jackson Park Express,,Mon,Tue,Wed,Thu,Fri
11:40:12,6,Jackson Park Express,,Sat
11:53:56,J14,Jeffery Jump,,Sun
21:33:26,J14,Jeffery Jump,,Sat
17:21:29,3,King Drive,,Sun
13:57:33,26,South Shore Express,,Mon,Tue,Wed,Thu,Fri
13:55:05,4,Cottage Grove,,Sat
18:33:48,3,King Drive,,Mon,Tue,Wed,Thu,Fri
12:00:12,6,Jackson Park Express,,Sat
13:38:23,4,Cottage Grove,,Sun
09:54:33,26,South Shore Express,,Mon,Tue,Wed,Thu,Fri
12:26:15,6,Jackson Park Express,,Mon,Tue,Wed,Thu,Fri
20:00:44,3,King Drive,,Mon,Tue,Wed,Thu,Fri
14:01:36,3,King Drive,,Sun
10:49:18,6,Jackson Park Express,,Mon,Tue,Wed,Thu,Fri
11:24:55,3,King Drive,,Sun
05:50:39,3,King Drive,,Sat
09:49:17,J14,Jeffery Jump,,Sat
18:20:42,6,Jackson Park Express,,Sat
20:05:56,J14,Jeffery Jump,,Mon,Tue,Wed,Thu,Fri
17:31:05,4,Cottage Grove,,Sat
10:34:23,4,Cottage Grove,,Mon,Tue,Wed,Thu,Fri
23:07:00,4,Cottage Grove,,Sat
17:12:30,6,Jackson Park Express,,Mon,Tue,Wed,Thu,Fri
20:32:27,4,Cottage Grove,,Sat
10:36:44,26,South Shore Express,,Mon,Tue,Wed,Thu,Fri
15:18:12,4,Cottage Grove,,Sun
16:57:01,4,Cottage Grove,,Mon,Tue,Wed,Thu,Fri
15:11:30,6,Jackson Park Express,,Mon,Tue,Wed,Thu,Fri
13:26:43,J14,Jeffery Jump,,Mon,Tue,Wed,Thu,Fri
16:03:09,6,Jackson Park Express,,Sat
10:44:34,4,Cottage Grove,,Sat
04:39:24,6,Jackson Park Express,,Mon,Tue,Wed,Thu,Fri
10:36:44,26,South Shore Express,,Mon,Tue,Wed,Thu,Fri
08:34:04,J14,Jeffery Jump,,Sun
14:22:26,J14,Jeffery Jump,,Sat
16:58:12,4,Cottage Grove,,Sun
11:36:55,3,King Drive,,Sun
17:36:47,J14,Jeffery Jump,,Sat
09:22:31,26,South Shore Express,,Mon,Tue,Wed,Thu,Fri
16:59:29,3,King Drive,,Sun
07:34:08,4,Cottage Grove,,Sat
11:33:56,J14,Jeffery Jump,,Sun
15:09:09,6,Jackson Park Express,,Sat
14:57:33,3,King Drive,,Sat
11:00:55,3,King Drive,,Sun
07:08:02,3,King Drive,,Mon,Tue,Wed,Thu,Fri
15:47:26,J14,Jeffery Jump,,Sun
07:30:32,3,King Drive,,Mon,Tue,Wed,Thu,Fri
22:39:30,6,Jackson Park Express,,Mon,Tue,Wed,Thu,Fri
10:33:56,J14,Jeffery Jump,,Sun
05:38:41,4,Cottage Grove,,Sat
08:58:31,26,South Shore Express,,Mon,Tue,Wed,Thu,Fri
14:26:15,6,Jackson Park Express,,Mon,Tue,Wed,Thu,Fri
20:50:51,3,King Drive,,Sun
17:14:04,J14,Jeffery Jump,,Mon,Tue,Wed,Thu,Fri
10:32:25,3,King Drive,,Sat
15:50:26,J14,Jeffery Jump,,Sat
11:56:47,J14,Jeffery Jump,,Mon,Tue,Wed,Thu,Fri
18:50:14,3,King Drive,,Sun
07:00:18,6,Jackson Park Express,,Sat
17:13:35,4,Cottage Grove,,Sat
22:23:12,6,Jackson Park Express,,Sat
10:21:12,6,Jackson Park Express,,Mon,Tue,Wed,Thu,Fri
12:33:47,J14,Jeffery Jump,,Sat
16:40:26,J14,Jeffery Jump,,Sat
18:46:48,3,King Drive,,Sat
18:10:13,J14,Jeffery Jump,,Mon,Tue,Wed,Thu,Fri
04:58:18,6,Jackson Park Express,,Mon,Tue,Wed,Thu,Fri
05:50:39,3,King Drive,,Sat
06:39:57,X4,Cottage Grove Express,,Mon,Tue,Wed,Thu,Fri
19:25:57,4,Cottage Grove,,Mon,Tue,Wed,Thu,Fri
18:37:14,3,King Drive,,Sun
19:30:00,6,Jackson Park Express,,Mon,Tue,Wed,Thu,Fri
17:24:33,3,King Drive,,Sat
18:05:15,6,Jackson Park Express,,Sun
14:28:12,4,Cottage Grove,,Sun
07:15:32,3,King Drive,,Mon,Tue,Wed,Thu,Fri
11:43:47,J14,Jeffery Jump,,Sat
08:54:49,4,Cottage Grove,,Sun
15:15:33,3,King Drive,,Sat
06:28:39,3,King Drive,,Sat
01:55:18,4,Cottage Grove,,Tue,Wed,Thu,Fri,Sat
10:13:56,J14,Jeffery Jump,,Sun
21:03:57,4,Cottage Grove,,Sat
19:33:44,3,King Drive,,Mon,Tue,Wed,Thu,Fri
19:55:34,4,Cottage Grove,,Sat
21:05:19,4,Cottage Grove,,Mon,Tue,Wed,Thu,Fri
13:38:23,4,Cottage Grove,,Sun
15:55:47,J14,Jeffery Jump,,Mon,Tue,Wed,Thu,Fri
22:09:51,3,King Drive,,Mon,Tue,Wed,Thu,Fri
08:47:26,J14,Jeffery Jump,,Mon,Tue,Wed,Thu,Fri
22:58:54,6,Jackson Park Express,,Sun
11:07:47,J14,Jeffery Jump,,Mon,Tue,Wed,Thu,Fri
06:52:49,4,Cottage Grove,,Sat
12:01:12,6,Jackson Park Express,,Sun
17:34:34,4,Cottage Grove,,Sun
22:59:34,J14,Jeffery Jump,,Mon,Tue,Wed,Thu,Fri
12:48:55,3,King Drive,,Mon,Tue,Wed,Thu,Fri
13:21:54,6,Jackson Park Express,,Sun
03:55:43,4,Cottage Grove,,Mon,Tue,Wed,Thu,Fri
01:25:43,4,Cottage Grove,,Tue,Wed,Thu,Fri,Sat
06:41:34,J14,Jeffery Jump,,Sun
21:31:34,J14,Jeffery Jump,,Sun
17:46:47,J14,Jeffery Jump,,Sat
10:06:04,4,Cottage Grove,,Sat
07:00:47,J14,Jeffery Jump,,Mon,Tue,Wed,Thu,Fri
17:21:29,3,King Drive,,Sun
15:25:00,6,Jackson Park Express,,Mon,Tue,Wed,Thu,Fri
08:05:55,3,King Drive,,Mon,Tue,Wed,Thu,Fri
08:30:18,6,Jackson Park Express,,Sat
21:37:49,4,Cottage Grove,,Sat
10:17:47,J14,Jeffery Jump,,Sat
17:17:39,J14,Jeffery Jump,,Sat
20:23:26,J14,Jeffery Jump,,Sat
16:38:42,4,Cottage Grove,,Mon,Tue,Wed,Thu,Fri
15:10:26,J14,Jeffery Jump,,Sat
18:13:45,4,Cottage Grove,,Sun
09:04:56,J14,Jeffery Jump,,Mon,Tue,Wed,Thu,Fri
15:20:42,6,Jackson Park Express,,Sun
16:10:48,3,King Drive,,Mon,Tue,Wed,Thu,Fri
21:04:48,6,Jackson Park Express,,Sun
07:38:21,3,King Drive,,Sat
18:28:51,J14,Jeffery Jump,,Mon,Tue,Wed,Thu,Fri
21:01:51,3,King Drive,,Mon,Tue,Wed,Thu,Fri
14:35:05,4,Cottage Grove,,Sat
07:38:21,3,King Drive,,Sat
20:10:19,4,Cottage Grove,,Mon,Tue,Wed,Thu,Fri
17:16:48,3,King Drive,,Mon,Tue,Wed,Thu,Fri
17:16:52,143,Stockton/Michigan Express,,Mon,Tue,Wed,Thu,Fri
07:55:30,J14,Jeffery Jump,,Sat
10:47:47,J14,Jeffery Jump,,Sat
08:38:55,3,King Drive,,Mon,Tue,Wed,Thu,Fri
20:35:30,J14,Jeffery Jump,,Mon,Tue,Wed,Thu,Fri
11:17:47,J14,Jeffery Jump,,Mon,Tue,Wed,Thu,Fri
19:33:26,J14,Jeffery Jump,,Sat
18:57:42,4,Cottage Grove,,Sat
08:46:19,4,Cottage Grove,,Sun
11:12:55,3,King Drive,,Sun
15:37:26,J14,Jeffery Jump,,Sun
13:13:33,3,King Drive,,Sat
20:33:57,4,Cottage Grove,,Sat
23:26:16,3,King Drive,,Sun
07:57:34,J14,Jeffery Jump,,Sun
19:00:34,4,Cottage Grove,,Mon,Tue,Wed,Thu,Fri
07:40:57,4,Cottage Grove,,Mon,Tue,Wed,Thu,Fri
08:06:42,6,Jackson Park Express,,Sat
23:19:30,4,Cottage Grove,,Sat
20:27:49,4,Cottage Grove,,Sun
11:23:18,3,King Drive,,Sat
06:07:48,6,Jackson Park Express,,Sun
08:20:19,4,Cottage Grove,,Sun
07:25:18,6,Jackson Park Express,,Mon,Tue,Wed,Thu,Fri
05:29:48,6,Jackson Park Express,,Mon,Tue,Wed,Thu,Fri
21:40:30,6,Jackson Park Express,,Mon,Tue,Wed,Thu,Fri
10:53:56,J14,Jeffery Jump,,Sun
11:36:51,J14,Jeffery Jump,,Mon,Tue,Wed,Thu,Fri
12:53:39,J14,Jeffery Jump,,Sat
16:17:35,4,Cottage Grove,,Sat
13:52:39,J14,Jeffery Jump,,Sat
11:32:42,4,Cottage Grove,,Sat
08:34:04,J14,Jeffery Jump,,Sun
15:06:43,J14,Jeffery Jump,,Mon,Tue,Wed,Thu,Fri
22:53:27,6,Jackson Park Express,,Mon,Tue,Wed,Thu,Fri
18:14:31,4,Cottage Grove,,Mon,Tue,Wed,Thu,Fri
06:02:51,3,King Drive,,Mon,Tue,Wed,Thu,Fri
15:14:42,4,Cottage Grove,,Mon,Tue,Wed,Thu,Fri
19:53:26,J14,Jeffery Jump,,Sat
18:24:48,3,King Drive,,Sat
23:23:58,3,King Drive,,Mon,Tue,Wed,Thu,Fri
09:24:00,J14,Jeffery Jump,,Sun
07:25:18,6,Jackson Park Express,,Sun
11:51:41,3,King Drive,,Sat
14:56:24,6,Jackson Park Express,,Sun
12:46:47,J14,Jeffery Jump,,Mon,Tue,Wed,Thu,Fri
20:00:00,6,Jackson Park Express,,Mon,Tue,Wed,Thu,Fri
10:14:45,6,Jackson Park Express,,Sat
12:29:53,4,Cottage Grove,,Mon,Tue,Wed,Thu,Fri
20:19:19,4,Cottage Grove,,Sun
10:32:45,6,Jackson Park Express,,Sun
19:30:36,3,King Drive,,Sat
09:58:42,X4,Cottage Grove Express,,Mon,Tue,Wed,Thu,Fri
21:34:51,3,King Drive,,Mon,Tue,Wed,Thu,Fri
10:05:23,4,Cottage Grove,,Mon,Tue,Wed,Thu,Fri
08:54:34,J14,Jeffery Jump,,Sun
09:39:47,J14,Jeffery Jump,,Sat
21:45:51,3,King Drive,,Mon,Tue,Wed,Thu,Fri
16:29:42,4,Cottage Grove,,Mon,Tue,Wed,Thu,Fri
05:28:21,3,King Drive,,Mon,Tue,Wed,Thu,Fri
20:36:44,3,King Drive,,Mon,Tue,Wed,Thu,Fri
16:26:29,3,King Drive,,Sun
10:42:25,3,King Drive,,Sat
17:14:33,3,King Drive,,Sat
18:16:21,J14,Jeffery Jump,,Sat
22:09:51,3,King Drive,,Mon,Tue,Wed,Thu,Fri
15:40:26,J14,Jeffery Jump,,Sat
06:50:21,6,Jackson Park Express,,Mon,Tue,Wed,Thu,Fri
11:04:23,4,Cottage Grove,,Mon,Tue,Wed,Thu,Fri
18:05:29,3,King Drive,,Sun
23:37:18,6,Jackson Park Express,,Mon,Tue,Wed,Thu,Fri
13:37:42,6,Jackson Park Express,,Sun
20:00:51,3,King Drive,,Sun
24:13:43,4,Cottage Grove,,Sat
16:54:04,J14,Jeffery Jump,,Mon,Tue,Wed,Thu,Fri
08:19:53,4,Cottage Grove,,Mon,Tue,Wed,Thu,Fri
12:00:41,3,King Drive,,Sat
23:21:00,4,Cottage Grove,,Sat
18:42:42,4,Cottage Grove,,Mon,Tue,Wed,Thu,Fri
05:26:30,J14,Jeffery Jump,,Mon,Tue,Wed,Thu,Fri
17:43:29,3,King Drive,,Sun
09:12:08,4,Cottage Grove,,Sun
16:47:21,J14,Jeffery Jump,,Sun
16:12:09,6,Jackson Park Express,,Sat
20:04:18,6,Jackson Park Express,,Sat
21:53:54,6,Jackson Park Express,,Mon,Tue,Wed,Thu,Fri
06:31:19,4,Cottage Grove,,Mon,Tue,Wed,Thu,Fri
23:04:39,3,King Drive,,Sun
23:36:32,3,King Drive,,Sat
22:52:21,6,Jackson Park Express,,Sat
16:50:49,X4,Cottage Grove Express,,Mon,Tue,Wed,Thu,Fri
13:34:24,6,Jackson Park Express,,Sat
15:45:09,6,Jackson Park Express,,Sat
09:06:38,4,Cottage Grove,,Sat
17:45:56,J14,Jeffery Jump,,Sun
08:53:26,J14,Jeffery Jump,,Mon,Tue,Wed,Thu,Fri
09:13:08,4,Cottage Grove,,Sun
16:45:21,143,Stockton/Michigan Express,,Mon,Tue,Wed,Thu,Fri
12:37:55,3,King Drive,,Mon,Tue,Wed,Thu,Fri
16:34:05,143,Stockton/Michigan Express,,Mon,Tue,Wed,Thu,Fri
11:25:18,6,Jackson Park Express,,Mon,Tue,Wed,Thu,Fri
14:42:26,J14,Jeffery Jump,,Sat
17:38:21,143,Stockton/Michigan Express,,Mon,Tue,Wed,Thu,Fri
12:47:00,6,Jackson Park Express,,Mon,Tue,Wed,Thu,Fri
18:29:42,4,Cottage Grove,,Sat
08:41:26,J14,Jeffery Jump,,Mon,Tue,Wed,Thu,Fri
09:04:36,6,Jackson Park Express,,Sat
18:14:30,J14,Jeffery Jump,,Sun
06:03:54,6,Jackson Park Express,,Sat
10:52:25,3,King Drive,,Sat
11:42:01,4,Cottage Grove,,Sat
01:25:18,4,Cottage Grove,,Mon
07:01:33,26,South Shore Express,,Mon,Tue,Wed,Thu,Fri
10:17:47,J14,Jeffery Jump,,Mon,Tue,Wed,Thu,Fri
21:23:48,6,Jackson Park Express,,Sun
13:07:24,6,Jackson Park Express,,Sat
02:55:18,4,Cottage Grove,,Tue,Wed,Thu,Fri,Sat
05:15:16,26,South Shore Express,,Mon,Tue,Wed,Thu,Fri
21:24:44,3,King Drive,,Sat
10:27:47,J14,Jeffery Jump,,Sat
16:11:12,4,Cottage Grove,,Mon,Tue,Wed,Thu,Fri
06:27:24,26,South Shore Express,,Mon,Tue,Wed,Thu,Fri
11:05:54,6,Jackson Park Express,,Sun
08:53:19,X4,Cottage Grove Express,,Mon,Tue,Wed,Thu,Fri
19:11:34,J14,Jeffery Jump,,Sun
07:33:38,4,Cottage Grove,,Sat
17:24:33,3,King Drive,,Sat
06:01:19,4,Cottage Grove,,Mon,Tue,Wed,Thu,Fri
24:30:43,4,Cottage Grove,,Sun
12:55:12,6,Jackson Park Express,,Sat
20:50:51,3,King Drive,,Sun
18:31:00,6,Jackson Park Express,,Mon,Tue,Wed,Thu,Fri
15:20:26,J14,Jeffery Jump,,Sat
19:24:36,6,Jackson Park Express,,Sun
07:41:09,J14,Jeffery Jump,,Mon,Tue,Wed,Thu,Fri
13:28:12,4,Cottage Grove,,Mon,Tue,Wed,Thu,Fri
16:59:30,J14,Jeffery Jump,,Sat
13:57:26,J14,Jeffery Jump,,Sun
10:45:44,3,King Drive,,Mon,Tue,Wed,Thu,Fri
12:00:04,4,Cottage Grove,,Sun
09:58:25,3,King Drive,,Sat
16:43:15,6,Jackson Park Express,,Sun
12:58:23,4,Cottage Grove,,Sun
20:45:36,3,King Drive,,Sat
11:42:12,4,Cottage Grove,,Sat
14:40:03,3,King Drive,,Sat
08:18:39,6,Jackson Park Express,,Mon,Tue,Wed,Thu,Fri
04:57:24,6,Jackson Park Express,,Mon,Tue,Wed,Thu,Fri
06:50:14,26,South Shore Express,,Mon,Tue,Wed,Thu,Fri
17:53:00,6,Jackson Park Express,,Sun
21:07:19,4,Cottage Grove,,Sun
19:04:14,3,King Drive,,Sun
15:25:47,J14,Jeffery Jump,,Mon,Tue,Wed,Thu,Fri
10:37:47,J14,Jeffery Jump,,Mon,Tue,Wed,Thu,Fri
16:05:47,J14,Jeffery Jump,,Mon,Tue,Wed,Thu,Fri
18:49:48,6,Jackson Park Express,,Mon,Tue,Wed,Thu,Fri
08:37:06,6,Jackson Park Express,,Mon,Tue,Wed,Thu,Fri
14:55:42,4,Cottage Grove,,Mon,Tue,Wed,Thu,Fri
17:11:30,6,Jackson Park Express,,Sat
08:48:01,26,South Shore Express,,Mon,Tue,Wed,Thu,Fri
07:48:18,6,Jackson Park Express,,Sat
19:08:48,3,King Drive,,Sat
11:45:12,6,Jackson Park Express,,Mon,Tue,Wed,Thu,Fri
06:21:04,J14,Jeffery Jump,,Sun
21:41:34,J14,Jeffery Jump,,Sun
17:47:21,143,Stockton/Michigan Express,,Mon,Tue,Wed,Thu,Fri
18:52:15,4,Cottage Grove,,Sun
11:50:12,6,Jackson Park Express,,Sat
09:40:45,4,Cottage Grove,,Sun
17:27:13,J14,Jeffery Jump,,Sat
17:55:56,J14,Jeffery Jump,,Sun
14:50:25,3,King Drive,,Mon,Tue,Wed,Thu,Fri
14:20:54,6,Jackson Park Express,,Sat
22:51:49,4,Cottage Grove,,Sat
16:30:26,J14,Jeffery Jump,,Sat
06:26:49,4,Cottage Grove,,Sat
17:01:57,X4,Cottage Grove Express,,Mon,Tue,Wed,Thu,Fri
20:31:34,J14,Jeffery Jump,,Sun
08:50:55,3,King Drive,,Mon,Tue,Wed,Thu,Fri
07:29:39,3,King Drive,,Sun
15:42:42,4,Cottage Grove,,Mon,Tue,Wed,Thu,Fri
09:16:38,4,Cottage Grove,,Sat
11:50:34,4,Cottage Grove,,Sun
15:45:55,3,King Drive,,Mon,Tue,Wed,Thu,Fri
14:57:33,3,King Drive,,Sat
16:17:21,J14,Jeffery Jump,,Sun
08:29:31,26,South Shore Express,,Mon,Tue,Wed,Thu,Fri
17:39:16,X4,Cottage Grove Express,,Mon,Tue,Wed,Thu,Fri
16:43:48,3,King Drive,,Mon,Tue,Wed,Thu,Fri
17:06:03,6,Jackson Park Express,,Mon,Tue,Wed,Thu,Fri
10:04:23,4,Cottage Grove,,Mon,Tue,Wed,Thu,Fri
16:32:48,3,King Drive,,Mon,Tue,Wed,Thu,Fri
06:54:47,J14,Jeffery Jump,,Mon,Tue,Wed,Thu,Fri
19:59:19,4,Cottage Grove,,Sun
16:59:29,3,King Drive,,Sun
19:06:12,4,Cottage Grove,,Sat
06:36:48,6,Jackson Park Express,,Sun
09:33:39,J14,Jeffery Jump,,Mon,Tue,Wed,Thu,Fri
16:01:42,4,Cottage Grove,,Mon,Tue,Wed,Thu,Fri
08:48:39,6,Jackson Park Express,,Mon,Tue,Wed,Thu,Fri
08:38:31,26,South Shore Express,,Mon,Tue,Wed,Thu,Fri
15:59:24,6,Jackson Park Express,,Sun
06:45:32,3,King Drive,,Mon,Tue,Wed,Thu,Fri
12:49:24,6,Jackson Park Express,,Sun
03:55:43,4,Cottage Grove,,Sun
19:15:44,3,King Drive,,Mon,Tue,Wed,Thu,Fri
15:06:43,J14,Jeffery Jump,,Mon,Tue,Wed,Thu,Fri
13:11:24,6,Jackson Park Express,,Sun
07:45:31,26,South Shore Express,,Mon,Tue,Wed,Thu,Fri
08:47:53,4,Cottage Grove,,Mon,Tue,Wed,Thu,Fri
21:34:51,3,King Drive,,Mon,Tue,Wed,Thu,Fri
21:08:51,3,King Drive,,Sun
19:45:32,3,King Drive,,Sun
12:06:47,J14,Jeffery Jump,,Mon,Tue,Wed,Thu,Fri
07:49:39,3,King Drive,,Sun
24:19:48,6,Jackson Park Express,,Mon,Tue,Wed,Thu,Fri
18:44:48,3,King Drive,,Mon,Tue,Wed,Thu,Fri
06:53:02,3,King Drive,,Mon,Tue,Wed,Thu,Fri
17:23:21,143,Stockton/Michigan Express,,Mon,Tue,Wed,Thu,Fri
08:48:01,26,South Shore Express,,Mon,Tue,Wed,Thu,Fri
19:13:26,J14,Jeffery Jump,,Sat
01:23:43,4,Cottage Grove,,Mon
09:39:47,J14,Jeffery Jump,,Sat
21:08:49,4,Cottage Grove,,Sun
10:22:14,26,South Shore Express,,Mon,Tue,Wed,Thu,Fri
21:27:19,4,Cottage Grove,,Sun
11:46:51,J14,Jeffery Jump,,Mon,Tue,Wed,Thu,Fri
15:00:26,J14,Jeffery Jump,,Sat
22:38:12,6,Jackson Park Express,,Sat
06:39:14,26,South Shore Express,,Mon,Tue,Wed,Thu,Fri
13:10:55,3,King Drive,,Mon,Tue,Wed,Thu,Fri
16:18:12,4,Cottage Grove,,Sun
08:12:55,3,King Drive,,Mon,Tue,Wed,Thu,Fri
08:18:21,J14,Jeffery Jump,,Sat
07:07:04,X4,Cottage Grove Express,,Mon,Tue,Wed,Thu,Fri
16:09:35,4,Cottage Grove,,Sat
07:30:12,26,South Shore Express,,Mon,Tue,Wed,Thu,Fri
22:07:21,3,King Drive,,Sun
07:15:32,3,King Drive,,Mon,Tue,Wed,Thu,Fri
13:31:33,3,King Drive,,Sat
11:36:51,J14,Jeffery Jump,,Mon,Tue,Wed,Thu,Fri
18:19:17,J14,Jeffery Jump,,Mon,Tue,Wed,Thu,Fri
08:02:19,4,Cottage Grove,,Sun
07:23:21,3,King Drive,,Sat
12:38:24,6,Jackson Park Express,,Sun
12:06:47,J14,Jeffery Jump,,Mon,Tue,Wed,Thu,Fri
19:02:15,6,Jackson Park Express,,Sat
17:41:42,6,Jackson Park Express,,Sat
08:05:55,3,King Drive,,Mon,Tue,Wed,Thu,Fri
15:58:12,4,Cottage Grove,,Sun
10:51:44,26,South Shore Express,,Mon,Tue,Wed,Thu,Fri
21:37:19,4,Cottage Grove,,Sun
10:05:04,4,Cottage Grove,,Sat
21:13:26,J14,Jeffery Jump,,Sat
24:09:48,4,Cottage Grove,,Mon,Tue,Wed,Thu,Fri
23:50:48,4,Cottage Grove,,Sun
12:36:44,26,South Shore Express,,Mon,Tue,Wed,Thu,Fri
06:16:08,X4,Cottage Grove Express,,Mon,Tue,Wed,Thu,Fri
07:30:30,J14,Jeffery Jump,,Sat
07:10:52,26,South Shore Express,,Mon,Tue,Wed,Thu,Fri
17:10:29,3,King Drive,,Sun
21:21:30,6,Jackson Park Express,,Mon,Tue,Wed,Thu,Fri
07:53:21,3,King Drive,,Sat
18:23:45,4,Cottage Grove,,Sun
10:15:04,4,Cottage Grove,,Sat
11:53:47,J14,Jeffery Jump,,Sat
08:46:19,4,Cottage Grove,,Sun
03:25:13,4,Cottage Grove,,Mon
08:28:39,6,Jackson Park Express,,Mon,Tue,Wed,Thu,Fri
14:33:09,6,Jackson Park Express,,Sat
09:31:42,26,South Shore Express,,Mon,Tue,Wed,Thu,Fri
22:57:51,3,King Drive,,Mon,Tue,Wed,Thu,Fri
17:53:45,4,Cottage Grove,,Sun
08:37:49,4,Cottage Grove,,Sun
18:48:21,J14,Jeffery Jump,,Mon,Tue,Wed,Thu,Fri
20:39:49,4,Cottage Grove,,Mon,Tue,Wed,Thu,Fri
09:54:00,J14,Jeffery Jump,,Sun
23:13:00,6,Jackson Park Express,,Mon,Tue,Wed,Thu,Fri
10:27:47,J14,Jeffery Jump,,Sat
19:54:08,4,Cottage Grove,,Mon,Tue,Wed,Thu,Fri
20:43:26,J14,Jeffery Jump,,Sat
22:24:44,3,King Drive,,Sat
15:06:33,3,King Drive,,Sat
21:31:48,6,Jackson Park Express,,Sat
07:02:48,6,Jackson Park Express,,Sun
11:23:56,J14,Jeffery Jump,,Sun
13:52:39,J14,Jeffery Jump,,Sat
20:11:34,J14,Jeffery Jump,,Sun
05:37:21,3,King Drive,,Mon,Tue,Wed,Thu,Fri
09:26:32,3,King Drive,,Sun
05:06:34,J14,Jeffery Jump,,Mon,Tue,Wed,Thu,Fri
07:17:48,6,Jackson Park Express,,Sat
15:12:31,X4,Cottage Grove Express,,Mon,Tue,Wed,Thu,Fri
06:11:34,J14,Jeffery Jump,,Sat
05:45:51,3,King Drive,,Mon,Tue,Wed,Thu,Fri
07:01:08,4,Cottage Grove,,Mon,Tue,Wed,Thu,Fri
19:02:30,J14,Jeffery Jump,,Sun
07:57:14,3,King Drive,,Mon,Tue,Wed,Thu,Fri
10:35:04,4,Cottage Grove,,Sat
11:07:44,3,King Drive,,Mon,Tue,Wed,Thu,Fri
15:26:01,X4,Cottage Grove Express,,Mon,Tue,Wed,Thu,Fri
19:44:57,4,Cottage Grove,,Mon,Tue,Wed,Thu,Fri
22:27:21,3,King Drive,,Sun
16:28:12,4,Cottage Grove,,Sun
13:32:24,6,Jackson Park Express,,Sun
09:28:06,6,Jackson Park Express,,Sat
23:52:21,6,Jackson Park Express,,Sat
14:48:12,4,Cottage Grove,,Sun
12:13:47,J14,Jeffery Jump,,Sat
23:12:00,4,Cottage Grove,,Sun
13:50:06,3,King Drive,,Sun
14:35:24,6,Jackson Park Express,,Sun
08:19:49,X4,Cottage Grove Express,,Mon,Tue,Wed,Thu,Fri
17:24:04,J14,Jeffery Jump,,Mon,Tue,Wed,Thu,Fri
14:57:26,J14,Jeffery Jump,,Sun
18:07:42,6,Jackson Park Express,,Mon,Tue,Wed,Thu,Fri
07:43:48,6,Jackson Park Express,,Sun
07:00:27,4,Cottage Grove,,Mon,Tue,Wed,Thu,Fri
23:50:43,4,Cottage Grove,,Sun
10:37:18,6,Jackson Park Express,,Mon,Tue,Wed,Thu,Fri
15:31:24,6,Jackson Park Express,,Sat
15:30:26,J14,Jeffery Jump,,Sat
23:09:39,3,King Drive,,Mon,Tue,Wed,Thu,Fri
17:52:15,4,Cottage Grove,,Sun
09:17:31,X4,Cottage Grove Express,,Mon,Tue,Wed,Thu,Fri
12:46:47,J14,Jeffery Jump,,Mon,Tue,Wed,Thu,Fri
14:50:26,J14,Jeffery Jump,,Sat
23:51:16,3,King Drive,,Sun
03:25:13,4,Cottage Grove,,Sun
18:43:42,4,Cottage Grove,,Mon,Tue,Wed,Thu,Fri
19:02:30,J14,Jeffery Jump,,Sun
11:21:14,26,South Shore Express,,Mon,Tue,Wed,Thu,Fri
11:49:18,6,Jackson Park Express,,Mon,Tue,Wed,Thu,Fri
09:44:12,X4,Cottage Grove Express,,Mon,Tue,Wed,Thu,Fri
06:24:54,6,Jackson Park Express,,Mon,Tue,Wed,Thu,Fri
13:53:35,4,Cottage Grove,,Sat
07:36:09,J14,Jeffery Jump,,Mon,Tue,Wed,Thu,Fri
07:33:18,6,Jackson Park Express,,Sat
16:15:29,3,King Drive,,Sun
10:57:17,J14,Jeffery Jump,,Sat
20:53:26,J14,Jeffery Jump,,Sat
20:45:48,6,Jackson Park Express,,Sun
12:59:56,J14,Jeffery Jump,,Sun
09:31:44,3,King Drive,,Sat
19:16:27,4,Cottage Grove,,Mon,Tue,Wed,Thu,Fri
09:58:25,3,King Drive,,Sat
12:36:41,3,King Drive,,Sat
21:19:18,6,Jackson Park Express,,Sat
16:27:21,J14,Jeffery Jump,,Sun
19:35:57,4,Cottage Grove,,Mon,Tue,Wed,Thu,Fri
22:37:21,6,Jackson Park Express,,Sat
12:20:12,6,Jackson Park Express,,Sat
06:10:49,4,Cottage Grove,,Mon,Tue,Wed,Thu,Fri
18:46:06,6,Jackson Park Express,,Sat
10:35:14,3,King Drive,,Mon,Tue,Wed,Thu,Fri
16:49:35,4,Cottage Grove,,Sat
17:30:21,143,Stockton/Michigan Express,,Mon,Tue,Wed,Thu,Fri
10:45:44,3,King Drive,,Mon,Tue,Wed,Thu,Fri
19:39:49,4,Cottage Grove,,Sun
04:55:18,4,Cottage Grove,,Sun
21:18:49,4,Cottage Grove,,Sun
11:51:53,4,Cottage Grove,,Mon,Tue,Wed,Thu,Fri
10:37:27,6,Jackson Park Express,,Sat
18:59:25,3,King Drive,,Mon,Tue,Wed,Thu,Fri
17:26:27,4,Cottage Grove,,Mon,Tue,Wed,Thu,Fri
06:38:42,6,Jackson Park Express,,Sat
19:51:48,6,Jackson Park Express,,Sat
17:36:27,4,Cottage Grove,,Mon,Tue,Wed,Thu,Fri
09:54:00,J14,Jeffery Jump,,Sun
05:35:34,J14,Jeffery Jump,,Sat
01:55:18,4,Cottage Grove,,Sun
22:40:49,4,Cottage Grove,,Mon,Tue,Wed,Thu,Fri
11:16:17,J14,Jeffery Jump,,Sat
14:47:24,6,Jackson Park Express,,Sat
10:48:14,3,King Drive,,Sun
07:56:34,J14,Jeffery Jump,,Mon,Tue,Wed,Thu,Fri
11:51:53,4,Cottage Grove,,Mon,Tue,Wed,Thu,Fri
17:21:00,6,Jackson Park Express,,Sat
16:18:33,3,King Drive,,Sat
08:47:26,J14,Jeffery Jump,,Mon,Tue,Wed,Thu,Fri
12:40:12,4,Cottage Grove,,Mon,Tue,Wed,Thu,Fri
17:38:48,3,King Drive,,Mon,Tue,Wed,Thu,Fri
17:04:33,3,King Drive,,Sat
06:09:56,J14,Jeffery Jump,,Mon,Tue,Wed,Thu,Fri
01:55:18,4,Cottage Grove,,Mon
21:31:34,J14,Jeffery Jump,,Sun
15:35:47,J14,Jeffery Jump,,Mon,Tue,Wed,Thu,Fri
04:54:04,J14,Jeffery Jump,,Mon,Tue,Wed,Thu,Fri
14:22:26,J14,Jeffery Jump,,Sat
22:21:21,6,Jackson Park Express,,Sun
22:09:44,3,King Drive,,Sat
09:07:06,6,Jackson Park Express,,Sun
15:45:47,J14,Jeffery Jump,,Mon,Tue,Wed,Thu,Fri
19:24:44,3,King Drive,,Mon,Tue,Wed,Thu,Fri
20:08:18,6,Jackson Park Express,,Sun
08:12:09,3,King Drive,,Sun
06:09:56,J14,Jeffery Jump,,Mon,Tue,Wed,Thu,Fri
06:50:38,4,Cottage Grove,,Mon,Tue,Wed,Thu,Fri
15:05:35,4,Cottage Grove,,Sat
14:23:33,3,King Drive,,Sat
20:18:36,3,King Drive,,Sat
12:36:47,J14,Jeffery Jump,,Mon,Tue,Wed,Thu,Fri
07:36:09,J14,Jeffery Jump,,Mon,Tue,Wed,Thu,Fri
22:33:51,3,King Drive,,Mon,Tue,Wed,Thu,Fri
10:44:23,4,Cottage Grove,,Mon,Tue,Wed,Thu,Fri
16:20:26,J14,Jeffery Jump,,Sat
07:57:08,4,Cottage Grove,,Sat
17:02:37,143,Stockton/Michigan Express,,Mon,Tue,Wed,Thu,Fri
09:19:51,J14,Jeffery Jump,,Sat
07:59:31,26,South Shore Express,,Mon,Tue,Wed,Thu,Fri
07:23:02,3,King Drive,,Mon,Tue,Wed,Thu,Fri
20:51:34,J14,Jeffery Jump,,Sun
12:26:47,J14,Jeffery Jump,,Mon,Tue,Wed,Thu,Fri
17:01:30,6,Jackson Park Express,,Mon,Tue,Wed,Thu,Fri
14:01:36,3,King Drive,,Sun
13:18:12,4,Cottage Grove,,Mon,Tue,Wed,Thu,Fri
16:56:42,6,Jackson Park Express,,Sat
07:43:30,J14,Jeffery Jump,,Sat
21:59:30,6,Jackson Park Express,,Mon,Tue,Wed,Thu,Fri
08:12:30,J14,Jeffery Jump,,Mon,Tue,Wed,Thu,Fri
12:29:12,6,Jackson Park Express,,Sat
16:09:33,3,King Drive,,Sat
06:05:12,6,Jackson Park Express,,Sun
16:05:47,J14,Jeffery Jump,,Mon,Tue,Wed,Thu,Fri
19:13:26,J14,Jeffery Jump,,Sat
13:58:33,3,King Drive,,Sat
19:45:56,J14,Jeffery Jump,,Mon,Tue,Wed,Thu,Fri
10:43:56,J14,Jeffery Jump,,Sun
08:56:38,4,Cottage Grove,,Sat
14:32:33,3,King Drive,,Sat
17:47:21,143,Stockton/Michigan Express,,Mon,Tue,Wed,Thu,Fri
17:54:29,3,King Drive,,Sun
04:55:13,4,Cottage Grove,,Sun
08:07:30,J14,Jeffery Jump,,Mon,Tue,Wed,Thu,Fri
20:49:19,4,Cottage Grove,,Mon,Tue,Wed,Thu,Fri
15:33:12,4,Cottage Grove,,Mon,Tue,Wed,Thu,Fri
04:25:43,4,Cottage Grove,,Sat
20:29:49,4,Cottage Grove,,Mon,Tue,Wed,Thu,Fri
12:14:15,6,Jackson Park Express,,Mon,Tue,Wed,Thu,Fri
06:11:19,4,Cottage Grove,,Mon,Tue,Wed,Thu,Fri
08:29:26,J14,Jeffery Jump,,Mon,Tue,Wed,Thu,Fri
19:11:36,6,Jackson Park Express,,Sat
09:19:44,3,King Drive,,Sat
08:58:48,6,Jackson Park Express,,Sun
21:57:51,3,King Drive,,Mon,Tue,Wed,Thu,Fri
20:51:34,J14,Jeffery Jump,,Sun
21:03:26,J14,Jeffery Jump,,Sat
20:55:04,J14,Jeffery Jump,,Mon,Tue,Wed,Thu,Fri
13:27:06,3,King Drive,,Sun
21:55:19,4,Cottage Grove,,Mon,Tue,Wed,Thu,Fri
14:49:35,4,Cottage Grove,,Sat
09:19:51,J14,Jeffery Jump,,Sat
23:53:12,6,Jackson Park Express,,Sun
23:22:21,6,Jackson Park Express,,Sat
15:06:33,3,King Drive,,Sat
03:55:18,4,Cottage Grove,,Mon,Tue,Wed,Thu,Fri
08:57:23,4,Cottage Grove,,Mon,Tue,Wed,Thu,Fri
09:54:23,4,Cottage Grove,,Mon,Tue,Wed,Thu,Fri
13:16:12,6,Jackson Park Express,,Sun
10:27:47,J14,Jeffery Jump,,Mon,Tue,Wed,Thu,Fri
12:33:01,4,Cottage Grove,,Sat
12:02:44,3,King Drive,,Mon,Tue,Wed,Thu,Fri
09:07:53,4,Cottage Grove,,Mon,Tue,Wed,Thu,Fri
14:55:42,4,Cottage Grove,,Mon,Tue,Wed,Thu,Fri
05:20:41,4,Cottage Grove,,Sat
18:25:56,J14,Jeffery Jump,,Sat
18:34:03,6,Jackson Park Express,,Sat
14:42:26,J14,Jeffery Jump,,Sat
10:22:14,26,South Shore Express,,Mon,Tue,Wed,Thu,Fri
15:27:26,J14,Jeffery Jump,,Sun
09:10:56,J14,Jeffery Jump,,Mon,Tue,Wed,Thu,Fri
23:51:16,3,King Drive,,Sun
11:00:45,4,Cottage Grove,,Sun
10:35:14,3,King Drive,,Mon,Tue,Wed,Thu,Fri
12:10:53,4,Cottage Grove,,Mon,Tue,Wed,Thu,Fri
16:59:05,4,Cottage Grove,,Sat
19:11:34,J14,Jeffery Jump,,Sun
16:19:05,4,Cottage Grove,,Sat
14:11:05,4,Cottage Grove,,Sat
14:07:26,J14,Jeffery Jump,,Sun
09:34:00,J14,Jeffery Jump,,Sun
11:14:23,4,Cottage Grove,,Mon,Tue,Wed,Thu,Fri
17:09:52,143,Stockton/Michigan Express,,Mon,Tue,Wed,Thu,Fri
16:10:26,J14,Jeffery Jump,,Sat
20:22:24,6,Jackson Park Express,,Mon,Tue,Wed,Thu,Fri
13:28:12,4,Cottage Grove,,Mon,Tue,Wed,Thu,Fri
10:02:15,6,Jackson Park Express,,Mon,Tue,Wed,Thu,Fri
07:30:04,X4,Cottage Grove Express,,Mon,Tue,Wed,Thu,Fri
12:51:44,26,South Shore Express,,Mon,Tue,Wed,Thu,Fri
10:47:54,6,Jackson Park Express,,Sat
14:29:54,6,Jackson Park Express,,Sat
09:15:30,J14,Jeffery Jump,,Mon,Tue,Wed,Thu,Fri
18:00:48,3,King Drive,,Mon,Tue,Wed,Thu,Fri
19:24:44,3,King Drive,,Mon,Tue,Wed,Thu,Fri
06:17:56,J14,Jeffery Jump,,Mon,Tue,Wed,Thu,Fri
13:23:05,4,Cottage Grove,,Sat
16:54:21,143,Stockton/Michigan Express,,Mon,Tue,Wed,Thu,Fri
07:53:42,6,Jackson Park Express,,Sat
08:05:12,6,Jackson Park Express,,Sun
14:39:25,3,King Drive,,Mon,Tue,Wed,Thu,Fri
23:08:12,6,Jackson Park Express,,Sat
12:00:55,3,King Drive,,Sun
05:53:26,J14,Jeffery Jump,,Mon,Tue,Wed,Thu,Fri
11:34:17,J14,Jeffery Jump,,Sat
16:34:05,143,Stockton/Michigan Express,,Mon,Tue,Wed,Thu,Fri
23:56:58,3,King Drive,,Mon,Tue,Wed,Thu,Fri
07:34:06,6,Jackson Park Express,,Mon,Tue,Wed,Thu,Fri
11:59:31,4,Cottage Grove,,Sat
07:21:52,26,South Shore Express,,Mon,Tue,Wed,Thu,Fri
13:23:00,6,Jackson Park Express,,Mon,Tue,Wed,Thu,Fri
10:48:14,3,King Drive,,Sun
15:37:26,J14,Jeffery Jump,,Sun
10:59:45,6,Jackson Park Express,,Sat
08:41:49,X4,Cottage Grove Express,,Mon,Tue,Wed,Thu,Fri
20:17:21,3,King Drive,,Sun
20:33:26,J14,Jeffery Jump,,Sat
10:16:04,4,Cottage Grove,,Sat
22:21:51,3,King Drive,,Mon,Tue,Wed,Thu,Fri
18:52:30,J14,Jeffery Jump,,Sun
06:14:24,26,South Shore Express,,Mon,Tue,Wed,Thu,Fri
07:18:19,4,Cottage Grove,,Sat
14:36:12,4,Cottage Grove,,Mon,Tue,Wed,Thu,Fri
19:45:56,J14,Jeffery Jump,,Mon,Tue,Wed,Thu,Fri
10:04:44,3,King Drive,,Mon,Tue,Wed,Thu,Fri
20:55:04,J14,Jeffery Jump,,Mon,Tue,Wed,Thu,Fri
22:45:51,3,King Drive,,Mon,Tue,Wed,Thu,Fri
14:55:42,X4,Cottage Grove Express,,Mon,Tue,Wed,Thu,Fri
11:12:36,3,King Drive,,Sat
12:10:23,4,Cottage Grove,,Sun
07:07:21,3,King Drive,,Sat
15:53:29,3,King Drive,,Sun
16:21:48,3,King Drive,,Mon,Tue,Wed,Thu,Fri
16:03:31,X4,Cottage Grove Express,,Mon,Tue,Wed,Thu,Fri
07:58:48,6,Jackson Park Express,,Sun
22:19:00,6,Jackson Park Express,,Mon,Tue,Wed,Thu,Fri
18:24:00,J14,Jeffery Jump,,Sun
09:04:25,3,King Drive,,Mon,Tue,Wed,Thu,Fri
23:33:41,4,Cottage Grove,,Sat
12:12:56,J14,Jeffery Jump,,Sun
21:14:30,J14,Jeffery Jump,,Mon,Tue,Wed,Thu,Fri
23:16:48,6,Jackson Park Express,,Mon,Tue,Wed,Thu,Fri
17:37:05,4,Cottage Grove,,Sat
09:36:55,3,King Drive,,Mon,Tue,Wed,Thu,Fri
20:35:30,J14,Jeffery Jump,,Mon,Tue,Wed,Thu,Fri
07:33:19,4,Cottage Grove,,Sun
16:57:21,J14,Jeffery Jump,,Sun
20:51:51,3,King Drive,,Mon,Tue,Wed,Thu,Fri
14:32:26,J14,Jeffery Jump,,Sat
12:33:47,J14,Jeffery Jump,,Sat
16:11:05,4,Cottage Grove,,Sat
19:30:18,6,Jackson Park Express,,Sun
23:18:54,6,Jackson Park Express,,Sun
17:46:57,4,Cottage Grove,,Mon,Tue,Wed,Thu,Fri
10:15:23,4,Cottage Grove,,Mon,Tue,Wed,Thu,Fri
18:33:30,J14,Jeffery Jump,,Sun
19:45:00,6,Jackson Park Express,,Mon,Tue,Wed,Thu,Fri
15:51:39,6,Jackson Park Express,,Mon,Tue,Wed,Thu,Fri
11:42:41,3,King Drive,,Sat
15:12:25,3,King Drive,,Mon,Tue,Wed,Thu,Fri
12:50:26,J14,Jeffery Jump,,Sun
07:14:13,J14,Jeffery Jump,,Mon,Tue,Wed,Thu,Fri
13:35:00,6,Jackson Park Express,,Mon,Tue,Wed,Thu,Fri
08:17:56,J14,Jeffery Jump,,Mon,Tue,Wed,Thu,Fri
08:08:39,6,Jackson Park Express,,Mon,Tue,Wed,Thu,Fri
14:14:14,26,South Shore Express,,Mon,Tue,Wed,Thu,Fri
09:22:31,26,South Shore Express,,Mon,Tue,Wed,Thu,Fri
09:13:48,6,Jackson Park Express,,Sun
09:19:44,3,King Drive,,Sat
10:43:56,J14,Jeffery Jump,,Sun
17:09:52,143,Stockton/Michigan Express,,Mon,Tue,Wed,Thu,Fri
23:56:58,3,King Drive,,Mon,Tue,Wed,Thu,Fri
08:41:26,J14,Jeffery Jump,,Mon,Tue,Wed,Thu,Fri
12:48:23,4,Cottage Grove,,Sun
18:12:15,4,Cottage Grove,,Sun
20:27:44,3,King Drive,,Mon,Tue,Wed,Thu,Fri
14:28:12,4,Cottage Grove,,Sun
14:48:14,26,South Shore Express,,Mon,Tue,Wed,Thu,Fri
08:57:53,4,Cottage Grove,,Mon,Tue,Wed,Thu,Fri
07:42:34,J14,Jeffery Jump,,Sun
07:21:08,4,Cottage Grove,,Sat
22:53:49,4,Cottage Grove,,Sun
19:31:34,J14,Jeffery Jump,,Sun
12:03:47,J14,Jeffery Jump,,Sat
05:58:54,6,Jackson Park Express,,Mon,Tue,Wed,Thu,Fri
19:58:06,6,Jackson Park Express,,Sun
19:43:26,J14,Jeffery Jump,,Sat
14:12:39,J14,Jeffery Jump,,Sat
07:05:19,4,Cottage Grove,,Sat
13:53:24,6,Jackson Park Express,,Sun
21:57:19,4,Cottage Grove,,Sun
23:23:12,6,Jackson Park Express,,Sat
12:31:26,J14,Jeffery Jump,,Sun
21:17:19,4,Cottage Grove,,Sun
14:36:43,J14,Jeffery Jump,,Mon,Tue,Wed,Thu,Fri
13:24:33,26,South Shore Express,,Mon,Tue,Wed,Thu,Fri
12:50:26,J14,Jeffery Jump,,Sun
15:45:35,4,Cottage Grove,,Sat
07:25:39,J14,Jeffery Jump,,Mon,Tue,Wed,Thu,Fri
18:36:12,4,Cottage Grove,,Sat
12:36:44,26,South Shore Express,,Mon,Tue,Wed,Thu,Fri
17:12:00,6,Jackson Park Express,,Sun
09:45:53,4,Cottage Grove,,Mon,Tue,Wed,Thu,Fri
19:47:42,4,Cottage Grove,,Sat
12:06:54,6,Jackson Park Express,,Sat
20:13:26,J14,Jeffery Jump,,Sat
09:44:00,J14,Jeffery Jump,,Sun
10:11:02,3,King Drive,,Sun
14:31:14,26,South Shore Express,,Mon,Tue,Wed,Thu,Fri
07:46:34,J14,Jeffery Jump,,Mon,Tue,Wed,Thu,Fri
13:38:35,4,Cottage Grove,,Sat
13:02:15,6,Jackson Park Express,,Mon,Tue,Wed,Thu,Fri
11:06:47,J14,Jeffery Jump,,Sat
08:06:31,26,South Shore Express,,Mon,Tue,Wed,Thu,Fri
16:41:06,6,Jackson Park Express,,Mon,Tue,Wed,Thu,Fri
11:03:56,J14,Jeffery Jump,,Sun
10:47:47,J14,Jeffery Jump,,Sat
09:04:34,J14,Jeffery Jump,,Sun
03:25:18,4,Cottage Grove,,Sun
10:13:42,X4,Cottage Grove Express,,Mon,Tue,Wed,Thu,Fri
07:58:39,6,Jackson Park Express,,Mon,Tue,Wed,Thu,Fri
20:17:49,4,Cottage Grove,,Sun
11:20:45,4,Cottage Grove,,Sun
07:07:17,J14,Jeffery Jump,,Mon,Tue,Wed,Thu,Fri
21:27:36,6,Jackson Park Express,,Sat
17:33:45,6,Jackson Park Express,,Sun
12:23:47,J14,Jeffery Jump,,Sat
15:10:12,6,Jackson Park Express,,Sun
13:38:36,3,King Drive,,Sun
14:16:55,3,King Drive,,Mon,Tue,Wed,Thu,Fri
20:30:30,6,Jackson Park Express,,Mon,Tue,Wed,Thu,Fri
06:10:51,3,King Drive,,Mon,Tue,Wed,Thu,Fri
15:24:42,4,Cottage Grove,,Mon,Tue,Wed,Thu,Fri
13:03:42,6,Jackson Park Express,,Sat
20:27:06,6,Jackson Park Express,,Sat
14:36:23,X4,Cottage Grove Express,,Mon,Tue,Wed,Thu,Fri
16:15:31,X4,Cottage Grove Express,,Mon,Tue,Wed,Thu,Fri
17:38:21,143,Stockton/Michigan Express,,Mon,Tue,Wed,Thu,Fri
19:23:26,J14,Jeffery Jump,,Sat
09:05:38,4,Cottage Grove,,Sat
19:03:45,4,Cottage Grove,,Sun
10:49:45,6,Jackson Park Express,,Sat
18:35:48,3,King Drive,,Sat
13:15:36,3,King Drive,,Sun
13:56:43,J14,Jeffery Jump,,Mon,Tue,Wed,Thu,Fri
18:33:30,J14,Jeffery Jump,,Sun
12:56:43,J14,Jeffery Jump,,Mon,Tue,Wed,Thu,Fri
14:06:43,J14,Jeffery Jump,,Mon,Tue,Wed,Thu,Fri
12:45:41,3,King Drive,,Sat
06:21:08,X4,Cottage Grove Express,,Mon,Tue,Wed,Thu,Fri
06:26:49,4,Cottage Grove,,Sat
15:47:26,J14,Jeffery Jump,,Sun
21:34:00,J14,Jeffery Jump,,Mon,Tue,Wed,Thu,Fri
15:09:29,3,King Drive,,Sun
10:11:02,3,King Drive,,Sun
20:09:44,3,King Drive,,Mon,Tue,Wed,Thu,Fri
18:56:12,4,Cottage Grove,,Sat
06:27:41,4,Cottage Grove,,Sun
13:05:57,4,Cottage Grove,,Sat
09:22:06,6,Jackson Park Express,,Sun
20:16:48,6,Jackson Park Express,,Sat
13:38:56,J14,Jeffery Jump,,Sun
12:12:55,3,King Drive,,Sun
13:57:09,6,Jackson Park Express,,Sat
01:25:18,4,Cottage Grove,,Tue,Wed,Thu,Fri,Sat
20:07:49,4,Cottage Grove,,Sun
16:25:54,6,Jackson Park Express,,Sat
16:38:42,4,Cottage Grove,,Mon,Tue,Wed,Thu,Fri
18:50:14,3,King Drive,,Sun
17:01:57,X4,Cottage Grove Express,,Mon,Tue,Wed,Thu,Fri
00:48:42,6,Jackson Park Express,,Mon
13:41:03,26,South Shore Express,,Mon,Tue,Wed,Thu,Fri
12:31:54,6,Jackson Park Express,,Sat
06:55:15,X4,Cottage Grove Express,,Mon,Tue,Wed,Thu,Fri
20:13:26,J14,Jeffery Jump,,Sat
13:46:35,4,Cottage Grove,,Sat
08:43:48,6,Jackson Park Express,,Sun
17:32:39,J14,Jeffery Jump,,Mon,Tue,Wed,Thu,Fri
12:40:24,6,Jackson Park Express,,Sat
07:24:06,6,Jackson Park Express,,Mon,Tue,Wed,Thu,Fri
20:53:26,J14,Jeffery Jump,,Sat
23:39:58,3,King Drive,,Mon,Tue,Wed,Thu,Fri
06:22:12,6,Jackson Park Express,,Sat
11:01:18,6,Jackson Park Express,,Mon,Tue,Wed,Thu,Fri
05:43:54,6,Jackson Park Express,,Mon,Tue,Wed,Thu,Fri
10:26:15,6,Jackson Park Express,,Sat
21:59:19,4,Cottage Grove,,Sat
07:57:34,J14,Jeffery Jump,,Sun
12:20:23,4,Cottage Grove,,Mon,Tue,Wed,Thu,Fri
00:41:54,6,Jackson Park Express,,Sun
15:38:31,X4,Cottage Grove Express,,Mon,Tue,Wed,Thu,Fri
13:42:54,6,Jackson Park Express,,Sun
10:37:47,J14,Jeffery Jump,,Mon,Tue,Wed,Thu,Fri
13:13:39,J14,Jeffery Jump,,Sat
07:51:34,J14,Jeffery Jump,,Mon,Tue,Wed,Thu,Fri
06:09:39,3,King Drive,,Sat
16:09:54,6,Jackson Park Express,,Sun
22:57:51,3,King Drive,,Mon,Tue,Wed,Thu,Fri
15:27:26,J14,Jeffery Jump,,Sun
17:21:35,4,Cottage Grove,,Sat
09:26:53,4,Cottage Grove,,Mon,Tue,Wed,Thu,Fri
08:33:09,3,King Drive,,Sun
09:56:04,4,Cottage Grove,,Sat
09:56:32,3,King Drive,,Sun
11:19:12,6,Jackson Park Express,,Sun
10:47:47,J14,Jeffery Jump,,Mon,Tue,Wed,Thu,Fri
22:50:42,6,Jackson Park Express,,Sun
14:25:42,4,Cottage Grove,,Mon,Tue,Wed,Thu,Fri
18:32:15,4,Cottage Grove,,Sun
14:15:33,3,King Drive,,Sat
12:00:34,4,Cottage Grove,,Sun
09:39:17,J14,Jeffery Jump,,Mon,Tue,Wed,Thu,Fri
13:18:56,J14,Jeffery Jump,,Sun
14:08:12,4,Cottage Grove,,Sun
11:40:45,4,Cottage Grove,,Sun
14:56:43,J14,Jeffery Jump,,Mon,Tue,Wed,Thu,Fri
22:01:56,J14,Jeffery Jump,,Mon,Tue,Wed,Thu,Fri
18:16:18,3,King Drive,,Sun
06:09:30,4,Cottage Grove,,Sat
05:44:56,J14,Jeffery Jump,,Mon,Tue,Wed,Thu,Fri
22:21:30,J14,Jeffery Jump,,Mon,Tue,Wed,Thu,Fri
18:11:48,3,King Drive,,Mon,Tue,Wed,Thu,Fri
13:47:26,J14,Jeffery Jump,,Sun
17:05:48,3,King Drive,,Mon,Tue,Wed,Thu,Fri
19:55:56,J14,Jeffery Jump,,Mon,Tue,Wed,Thu,Fri
09:05:19,X4,Cottage Grove Express,,Mon,Tue,Wed,Thu,Fri
14:48:12,4,Cottage Grove,,Sun
07:41:09,J14,Jeffery Jump,,Mon,Tue,Wed,Thu,Fri
17:44:15,6,Jackson Park Express,,Sun
08:10:34,4,Cottage Grove,,Mon,Tue,Wed,Thu,Fri
08:20:19,4,Cottage Grove,,Sun
05:45:51,3,King Drive,,Mon,Tue,Wed,Thu,Fri
10:25:04,4,Cottage Grove,,Sat
14:24:54,6,Jackson Park Express,,Sun
09:58:47,J14,Jeffery Jump,,Sat
15:42:42,4,Cottage Grove,,Mon,Tue,Wed,Thu,Fri
09:37:06,6,Jackson Park Express,,Sun
12:12:55,3,King Drive,,Sun
16:44:09,J14,Jeffery Jump,,Mon,Tue,Wed,Thu,Fri
05:35:30,J14,Jeffery Jump,,Mon,Tue,Wed,Thu,Fri
10:37:47,J14,Jeffery Jump,,Sat
12:01:23,4,Cottage Grove,,Mon,Tue,Wed,Thu,Fri
06:01:56,J14,Jeffery Jump,,Mon,Tue,Wed,Thu,Fri
08:53:19,X4,Cottage Grove Express,,Mon,Tue,Wed,Thu,Fri
10:17:47,J14,Jeffery Jump,,Sat
14:38:12,4,Cottage Grove,,Sun
21:58:49,4,Cottage Grove,,Sun
21:57:51,3,King Drive,,Mon,Tue,Wed,Thu,Fri
17:47:05,4,Cottage Grove,,Sat
21:01:34,J14,Jeffery Jump,,Sun
18:58:36,6,Jackson Park Express,,Sat
17:10:29,3,King Drive,,Sun
05:46:46,26,South Shore Express,,Mon,Tue,Wed,Thu,Fri
21:45:19,4,Cottage Grove,,Mon,Tue,Wed,Thu,Fri
14:49:12,6,Jackson Park Express,,Sun
08:21:01,26,South Shore Express,,Mon,Tue,Wed,Thu,Fri
11:50:44,26,South Shore Express,,Mon,Tue,Wed,Thu,Fri
13:38:56,J14,Jeffery Jump,,Sun
19:32:44,3,King Drive,,Sun
04:38:38,J14,Jeffery Jump,,Mon,Tue,Wed,Thu,Fri
17:46:27,4,Cottage Grove,,Mon,Tue,Wed,Thu,Fri
06:48:21,J14,Jeffery Jump,,Mon,Tue,Wed,Thu,Fri
19:49:06,6,Jackson Park Express,,Sat
09:05:19,X4,Cottage Grove Express,,Mon,Tue,Wed,Thu,Fri
18:37:14,3,King Drive,,Sun
17:24:30,6,Jackson Park Express,,Mon,Tue,Wed,Thu,Fri
22:01:56,J14,Jeffery Jump,,Mon,Tue,Wed,Thu,Fri
11:23:56,J14,Jeffery Jump,,Sun
10:04:44,3,King Drive,,Mon,Tue,Wed,Thu,Fri
18:27:42,4,Cottage Grove,,Sat
22:53:00,4,Cottage Grove,,Sat
18:00:42,6,Jackson Park Express,,Sat
10:52:25,3,King Drive,,Sat
06:38:12,6,Jackson Park Express,,Mon,Tue,Wed,Thu,Fri
12:58:23,4,Cottage Grove,,Sun
17:56:47,J14,Jeffery Jump,,Sat
12:38:23,4,Cottage Grove,,Sun
07:07:04,X4,Cottage Grove Express,,Mon,Tue,Wed,Thu,Fri
21:14:30,J14,Jeffery Jump,,Mon,Tue,Wed,Thu,Fri
12:12:56,J14,Jeffery Jump,,Sun
08:28:53,4,Cottage Grove,,Mon,Tue,Wed,Thu,Fri
03:25:18,4,Cottage Grove,,Tue,Wed,Thu,Fri,Sat
22:27:49,4,Cottage Grove,,Mon,Tue,Wed,Thu,Fri
18:22:15,4,Cottage Grove,,Sun
17:58:05,143,Stockton/Michigan Express,,Mon,Tue,Wed,Thu,Fri
24:10:43,4,Cottage Grove,,Mon,Tue,Wed,Thu,Fri
08:28:44,3,King Drive,,Sat
12:51:36,3,King Drive,,Sun
24:09:48,4,Cottage Grove,,Sun
08:26:55,3,King Drive,,Mon,Tue,Wed,Thu,Fri
14:25:35,4,Cottage Grove,,Sat
15:12:25,3,King Drive,,Mon,Tue,Wed,Thu,Fri
15:28:12,4,Cottage Grove,,Sun
08:29:26,J14,Jeffery Jump,,Mon,Tue,Wed,Thu,Fri
08:38:39,6,Jackson Park Express,,Mon,Tue,Wed,Thu,Fri
22:33:54,6,Jackson Park Express,,Mon,Tue,Wed,Thu,Fri
22:33:51,3,King Drive,,Mon,Tue,Wed,Thu,Fri
13:08:03,26,South Shore Express,,Mon,Tue,Wed,Thu,Fri
17:45:56,J14,Jeffery Jump,,Sun
14:19:05,4,Cottage Grove,,Sat
11:56:47,J14,Jeffery Jump,,Mon,Tue,Wed,Thu,Fri
11:53:47,J14,Jeffery Jump,,Sat
20:23:57,4,Cottage Grove,,Sat
14:45:54,6,Jackson Park Express,,Sun
20:33:26,J14,Jeffery Jump,,Sat
17:04:04,J14,Jeffery Jump,,Mon,Tue,Wed,Thu,Fri
11:10:45,4,Cottage Grove,,Sun
10:33:12,6,Jackson Park Express,,Mon,Tue,Wed,Thu,Fri
19:41:34,J14,Jeffery Jump,,Sun
01:23:13,4,Cottage Grove,,Sun
18:35:48,3,King Drive,,Sat
24:55:18,4,Cottage Grove,,Sat
12:30:23,4,Cottage Grove,,Mon,Tue,Wed,Thu,Fri
06:01:05,26,South Shore Express,,Mon,Tue,Wed,Thu,Fri
20:03:15,4,Cottage Grove,,Sat
17:36:47,J14,Jeffery Jump,,Sat
17:55:56,J14,Jeffery Jump,,Sun
11:17:47,J14,Jeffery Jump,,Mon,Tue,Wed,Thu,Fri
05:38:41,4,Cottage Grove,,Sat
07:42:34,J14,Jeffery Jump,,Sun
12:18:41,3,King Drive,,Sat
21:57:49,4,Cottage Grove,,Sat
18:02:15,4,Cottage Grove,,Sun
21:23:51,3,King Drive,,Mon,Tue,Wed,Thu,Fri
17:30:03,6,Jackson Park Express,,Mon,Tue,Wed,Thu,Fri
16:01:35,4,Cottage Grove,,Sat
13:57:33,26,South Shore Express,,Mon,Tue,Wed,Thu,Fri
08:27:08,4,Cottage Grove,,Sat
18:03:45,4,Cottage Grove,,Sun
16:15:29,3,King Drive,,Sun
20:17:21,3,King Drive,,Sun
07:42:53,X4,Cottage Grove Express,,Mon,Tue,Wed,Thu,Fri
19:25:56,J14,Jeffery Jump,,Mon,Tue,Wed,Thu,Fri
17:52:57,X4,Cottage Grove Express,,Mon,Tue,Wed,Thu,Fri
20:31:34,J14,Jeffery Jump,,Sun
05:31:16,26,South Shore Express,,Mon,Tue,Wed,Thu,Fri
18:14:01,4,Cottage Grove,,Sat
18:33:48,3,King Drive,,Mon,Tue,Wed,Thu,Fri
09:55:14,3,King Drive,,Mon,Tue,Wed,Thu,Fri
05:06:34,J14,Jeffery Jump,,Mon,Tue,Wed,Thu,Fri
11:35:44,26,South Shore Express,,Mon,Tue,Wed,Thu,Fri
09:56:32,3,King Drive,,Sun
11:24:23,4,Cottage Grove,,Mon,Tue,Wed,Thu,Fri
17:56:47,J14,Jeffery Jump,,Sat
20:27:44,3,King Drive,,Mon,Tue,Wed,Thu,Fri
15:01:25,3,King Drive,,Mon,Tue,Wed,Thu,Fri
14:26:43,J14,Jeffery Jump,,Mon,Tue,Wed,Thu,Fri
13:18:56,J14,Jeffery Jump,,Sun
12:37:55,3,King Drive,,Mon,Tue,Wed,Thu,Fri
05:20:41,4,Cottage Grove,,Sat
14:38:15,6,Jackson Park Express,,Mon,Tue,Wed,Thu,Fri
24:28:12,6,Jackson Park Express,,Sat
22:59:44,3,King Drive,,Sat
13:27:12,6,Jackson Park Express,,Sun
10:50:45,4,Cottage Grove,,Sun
19:02:15,4,Cottage Grove,,Sun
17:13:46,X4,Cottage Grove Express,,Mon,Tue,Wed,Thu,Fri
16:25:43,J14,Jeffery Jump,,Mon,Tue,Wed,Thu,Fri
14:23:00,6,Jackson Park Express,,Mon,Tue,Wed,Thu,Fri
23:54:30,6,Jackson Park Express,,Mon,Tue,Wed,Thu,Fri
10:30:45,4,Cottage Grove,,Sun
10:14:44,3,King Drive,,Mon,Tue,Wed,Thu,Fri
07:56:31,X4,Cottage Grove Express,,Mon,Tue,Wed,Thu,Fri
16:47:21,J14,Jeffery Jump,,Sun
15:23:25,3,King Drive,,Mon,Tue,Wed,Thu,Fri
05:47:00,4,Cottage Grove,,Mon,Tue,Wed,Thu,Fri
10:02:36,6,Jackson Park Express,,Sat
08:13:48,6,Jackson Park Express,,Sun
05:48:49,4,Cottage Grove,,Mon,Tue,Wed,Thu,Fri
16:48:12,4,Cottage Grove,,Mon,Tue,Wed,Thu,Fri
06:12:41,4,Cottage Grove,,Sun
07:10:52,26,South Shore Express,,Mon,Tue,Wed,Thu,Fri
14:45:48,3,King Drive,,Sun
15:40:26,J14,Jeffery Jump,,Sat
16:20:24,6,Jackson Park Express,,Sun
10:11:25,3,King Drive,,Sat
10:42:25,3,King Drive,,Sat
12:51:44,26,South Shore Express,,Mon,Tue,Wed,Thu,Fri
17:03:45,6,Jackson Park Express,,Sun
18:15:00,6,Jackson Park Express,,Sun
08:41:48,6,Jackson Park Express,,Sat
20:45:36,3,King Drive,,Sat
12:00:55,3,King Drive,,Sun
11:26:51,J14,Jeffery Jump,,Mon,Tue,Wed,Thu,Fri
14:28:25,3,King Drive,,Mon,Tue,Wed,Thu,Fri
21:45:51,3,King Drive,,Mon,Tue,Wed,Thu,Fri
09:17:23,4,Cottage Grove,,Mon,Tue,Wed,Thu,Fri
15:58:54,6,Jackson Park Express,,Sat
07:09:39,3,King Drive,,Sun
08:29:19,4,Cottage Grove,,Sun
12:16:47,J14,Jeffery Jump,,Mon,Tue,Wed,Thu,Fri
08:38:31,26,South Shore Express,,Mon,Tue,Wed,Thu,Fri
13:13:09,6,Jackson Park Express,,Sat
07:49:39,3,King Drive,,Sun
12:12:54,6,Jackson Park Express,,Sun
13:05:38,4,Cottage Grove,,Sat
13:31:33,3,King Drive,,Sat
24:55:18,4,Cottage Grove,,Mon,Tue,Wed,Thu,Fri
20:03:26,J14,Jeffery Jump,,Sat
19:41:34,J14,Jeffery Jump,,Sun
18:25:45,6,Jackson Park Express,,Sun
09:51:06,6,Jackson Park Express,,Sat
06:49:21,3,King Drive,,Sat
05:12:11,4,Cottage Grove,,Mon,Tue,Wed,Thu,Fri
22:21:51,3,King Drive,,Mon,Tue,Wed,Thu,Fri
13:09:26,J14,Jeffery Jump,,Sun
16:27:31,X4,Cottage Grove Express,,Mon,Tue,Wed,Thu,Fri
22:53:49,4,Cottage Grove,,Mon,Tue,Wed,Thu,Fri
16:36:33,3,King Drive,,Sat
14:46:43,J14,Jeffery Jump,,Mon,Tue,Wed,Thu,Fri
24:29:18,4,Cottage Grove,,Mon,Tue,Wed,Thu,Fri
08:57:06,6,Jackson Park Express,,Mon,Tue,Wed,Thu,Fri
09:51:36,6,Jackson Park Express,,Sun
18:24:12,4,Cottage Grove,,Mon,Tue,Wed,Thu,Fri
09:38:15,6,Jackson Park Express,,Mon,Tue,Wed,Thu,Fri
09:26:32,3,King Drive,,Sun
14:07:42,6,Jackson Park Express,,Sun
21:06:48,6,Jackson Park Express,,Sat
21:05:04,J14,Jeffery Jump,,Mon,Tue,Wed,Thu,Fri
21:28:49,4,Cottage Grove,,Sun
17:26:16,X4,Cottage Grove Express,,Mon,Tue,Wed,Thu,Fri
07:00:32,3,King Drive,,Mon,Tue,Wed,Thu,Fri
06:48:21,J14,Jeffery Jump,,Mon,Tue,Wed,Thu,Fri
21:13:57,4,Cottage Grove,,Sat
21:11:34,J14,Jeffery Jump,,Sun
18:05:56,J14,Jeffery Jump,,Sun
06:22:51,6,Jackson Park Express,,Sat
16:00:26,J14,Jeffery Jump,,Sat
08:06:31,26,South Shore Express,,Mon,Tue,Wed,Thu,Fri
20:25:56,J14,Jeffery Jump,,Mon,Tue,Wed,Thu,Fri
08:35:26,J14,Jeffery Jump,,Mon,Tue,Wed,Thu,Fri
15:17:26,J14,Jeffery Jump,,Sun
08:47:06,6,Jackson Park Express,,Mon,Tue,Wed,Thu,Fri
10:06:06,6,Jackson Park Express,,Sun
05:44:24,6,Jackson Park Express,,Sat
23:30:41,4,Cottage Grove,,Sun
09:40:15,6,Jackson Park Express,,Sat
09:09:21,3,King Drive,,Sun
05:53:41,4,Cottage Grove,,Sat
18:10:49,143,Stockton/Michigan Express,,Mon,Tue,Wed,Thu,Fri
11:13:18,6,Jackson Park Express,,Mon,Tue,Wed,Thu,Fri
10:22:25,3,King Drive,,Sat
09:04:25,3,King Drive,,Mon,Tue,Wed,Thu,Fri
19:08:06,6,Jackson Park Express,,Sun
23:54:18,4,Cottage Grove,,Sat
10:25:06,6,Jackson Park Express,,Sat
07:01:30,J14,Jeffery Jump,,Sat
09:44:12,X4,Cottage Grove Express,,Mon,Tue,Wed,Thu,Fri
22:21:30,J14,Jeffery Jump,,Mon,Tue,Wed,Thu,Fri
14:50:25,3,King Drive,,Mon,Tue,Wed,Thu,Fri
15:31:29,3,King Drive,,Sun
07:31:09,J14,Jeffery Jump,,Mon,Tue,Wed,Thu,Fri
12:38:23,4,Cottage Grove,,Sun
16:00:33,3,King Drive,,Sat
12:03:47,J14,Jeffery Jump,,Sat
12:40:12,6,Jackson Park Express,,Sun
20:53:57,4,Cottage Grove,,Sat
22:05:19,4,Cottage Grove,,Mon,Tue,Wed,Thu,Fri
21:56:48,6,Jackson Park Express,,Sat
02:55:18,4,Cottage Grove,,Sun
19:55:08,4,Cottage Grove,,Mon,Tue,Wed,Thu,Fri
11:14:04,4,Cottage Grove,,Sat
05:14:48,6,Jackson Park Express,,Mon,Tue,Wed,Thu,Fri
06:00:49,4,Cottage Grove,,Mon,Tue,Wed,Thu,Fri
21:47:19,4,Cottage Grove,,Sun
20:45:30,J14,Jeffery Jump,,Mon,Tue,Wed,Thu,Fri
14:12:36,3,King Drive,,Sun
01:55:43,4,Cottage Grove,,Tue,Wed,Thu,Fri,Sat
22:45:51,3,King Drive,,Mon,Tue,Wed,Thu,Fri
11:21:14,26,South Shore Express,,Mon,Tue,Wed,Thu,Fri
02:55:18,4,Cottage Grove,,Mon
21:24:30,J14,Jeffery Jump,,Mon,Tue,Wed,Thu,Fri
08:50:55,3,King Drive,,Mon,Tue,Wed,Thu,Fri
07:23:02,3,King Drive,,Mon,Tue,Wed,Thu,Fri
09:36:55,3,King Drive,,Mon,Tue,Wed,Thu,Fri
07:29:57,4,Cottage Grove,,Mon,Tue,Wed,Thu,Fri
16:17:21,J14,Jeffery Jump,,Sun
18:10:42,6,Jackson Park Express,,Sat
08:03:18,6,Jackson Park Express,,Sat
05:18:21,3,King Drive,,Mon,Tue,Wed,Thu,Fri
22:38:49,4,Cottage Grove,,Sun
13:49:33,3,King Drive,,Sat
08:17:56,J14,Jeffery Jump,,Mon,Tue,Wed,Thu,Fri
08:37:08,4,Cottage Grove,,Sat
02:24:13,4,Cottage Grove,,Sun
17:07:21,J14,Jeffery Jump,,Sun
13:58:33,3,King Drive,,Sat
17:18:03,6,Jackson Park Express,,Mon,Tue,Wed,Thu,Fri
10:04:00,J14,Jeffery Jump,,Sun
16:30:09,6,Jackson Park Express,,Sat
12:03:26,J14,Jeffery Jump,,Sun
22:39:44,3,King Drive,,Sat
10:10:45,4,Cottage Grove,,Sun
08:28:51,J14,Jeffery Jump,,Sat
04:55:41,4,Cottage Grove,,Sat
16:48:12,4,Cottage Grove,,Sun
13:31:05,4,Cottage Grove,,Sat
20:39:49,4,Cottage Grove,,Mon,Tue,Wed,Thu,Fri
15:18:12,4,Cottage Grove,,Sun
16:29:42,4,Cottage Grove,,Mon,Tue,Wed,Thu,Fri
13:32:39,J14,Jeffery Jump,,Sat
23:33:00,6,Jackson Park Express,,Mon,Tue,Wed,Thu,Fri
18:25:17,143,Stockton/Michigan Express,,Mon,Tue,Wed,Thu,Fri
00:40:48,6,Jackson Park Express,,Tue,Wed,Thu,Fri,Sat
10:35:02,3,King Drive,,Sun
08:08:49,X4,Cottage Grove Express,,Mon,Tue,Wed,Thu,Fri
09:07:06,6,Jackson Park Express,,Mon,Tue,Wed,Thu,Fri
22:09:48,6,Jackson Park Express,,Sat
14:38:12,4,Cottage Grove,,Sun
12:40:56,J14,Jeffery Jump,,Sun
05:26:30,J14,Jeffery Jump,,Mon,Tue,Wed,Thu,Fri
15:57:26,J14,Jeffery Jump,,Sun
20:41:34,J14,Jeffery Jump,,Sun
17:50:00,6,Jackson Park Express,,Sat
15:06:54,6,Jackson Park Express,,Sun
06:30:32,3,King Drive,,Mon,Tue,Wed,Thu,Fri
11:06:14,26,South Shore Express,,Mon,Tue,Wed,Thu,Fri
14:55:42,X4,Cottage Grove Express,,Mon,Tue,Wed,Thu,Fri
18:16:30,6,Jackson Park Express,,Mon,Tue,Wed,Thu,Fri
16:33:15,6,Jackson Park Express,,Sun
16:10:26,J14,Jeffery Jump,,Sat
13:13:39,J14,Jeffery Jump,,Sat
12:05:44,26,South Shore Express,,Mon,Tue,Wed,Thu,Fri
16:54:21,143,Stockton/Michigan Express,,Mon,Tue,Wed,Thu,Fri
11:12:36,3,King Drive,,Sat
16:57:35,4,Cottage Grove,,Sat
24:07:54,6,Jackson Park Express,,Sun
15:23:42,4,Cottage Grove,,Mon,Tue,Wed,Thu,Fri
17:05:42,6,Jackson Park Express,,Sat
11:30:45,4,Cottage Grove,,Sun
04:38:38,J14,Jeffery Jump,,Mon,Tue,Wed,Thu,Fri
06:40:51,J14,Jeffery Jump,,Mon,Tue,Wed,Thu,Fri
08:29:31,26,South Shore Express,,Mon,Tue,Wed,Thu,Fri