arrival_time,route_short_name,route_long_name,headsign,service_days
07:20:01,151,Sheridan,,Sun
16:27:38,147,Outer DuSable Lake Shore Express,,Sat
14:51:10,3,King Drive,,Mon,Tue,Wed,Thu,Fri
20:20:44,147,Outer DuSable Lake Shore Express,,Mon,Tue,Wed,Thu,Fri
18:29:44,147,Outer DuSable Lake Shore Express,,Sun
14:27:56,146,Inner Lake Shore/Michigan Express,,Mon,Tue,Wed,Thu,Fri
06:56:01,147,Outer DuSable Lake Shore Express,,Sun
07:55:52,146,Inner Lake Shore/Michigan Express,,Mon,Tue,Wed,Thu,Fri
05:02:50,147,Outer DuSable Lake Shore Express,,Mon,Tue,Wed,Thu,Fri
11:14:14,151,Sheridan,,Sat
23:06:42,151,Sheridan,,Mon,Tue,Wed,Thu,Fri
13:23:40,3,King Drive,,Mon,Tue,Wed,Thu,Fri
06:45:52,147,Outer DuSable Lake Shore Express,,Mon,Tue,Wed,Thu,Fri
14:35:18,3,King Drive,,Sun
20:47:55,147,Outer DuSable Lake Shore Express,,Sat
14:26:57,151,Sheridan,,Sat
05:17:50,147,Outer DuSable Lake Shore Express,,Mon,Tue,Wed,Thu,Fri
17:52:03,3,King Drive,,Sat
17:23:16,151,Sheridan,,Sun
20:15:52,146,Inner Lake Shore/Michigan Express,,Mon,Tue,Wed,Thu,Fri
08:18:36,143,Stockton/Michigan Express,,Mon,Tue,Wed,Thu,Fri
22:00:01,151,Sheridan,,Sun
15:12:16,151,Sheridan,,Sun
12:25:35,146,Inner Lake Shore/Michigan Express,,Sun
07:51:44,147,Outer DuSable Lake Shore Express,,Mon,Tue,Wed,Thu,Fri
15:12:21,26,South Shore Express,,Mon,Tue,Wed,Thu,Fri
10:42:14,147,Outer DuSable Lake Shore Express,,Sun
13:24:10,3,King Drive,,Sun
16:23:25,147,Outer DuSable Lake Shore Express,,Sun
16:24:05,125,Water Tower Express,,Mon,Tue,Wed,Thu,Fri
09:11:30,146,Inner Lake Shore/Michigan Express,,Mon,Tue,Wed,Thu,Fri
21:57:57,146,Inner Lake Shore/Michigan Express,,Mon,Tue,Wed,Thu,Fri
18:41:30,151,Sheridan,,Sat
19:41:56,3,King Drive,,Sat
17:30:30,146,Inner Lake Shore/Michigan Express,,Sun
18:41:56,3,King Drive,,Sat
10:14:55,151,Sheridan,,Mon,Tue,Wed,Thu,Fri
17:37:03,3,King Drive,,Mon,Tue,Wed,Thu,Fri
07:05:40,146,Inner Lake Shore/Michigan Express,,Mon,Tue,Wed,Thu,Fri
18:31:30,151,Sheridan,,Sat
21:16:44,147,Outer DuSable Lake Shore Express,,Sat
09:57:32,3,King Drive,,Mon,Tue,Wed,Thu,Fri
15:52:48,3,King Drive,,Mon,Tue,Wed,Thu,Fri
17:30:05,125,Water Tower Express,,Mon,Tue,Wed,Thu,Fri
19:01:18,3,King Drive,,Mon,Tue,Wed,Thu,Fri
09:15:25,147,Outer DuSable Lake Shore Express,,Mon,Tue,Wed,Thu,Fri
12:51:16,151,Sheridan,,Mon,Tue,Wed,Thu,Fri
10:20:52,151,Sheridan,,Sun
20:01:56,3,King Drive,,Sat
22:13:14,146,Inner Lake Shore/Michigan Express,,Mon,Tue,Wed,Thu,Fri
15:06:48,3,King Drive,,Mon,Tue,Wed,Thu,Fri
13:47:55,147,Outer DuSable Lake Shore Express,,Sun
15:47:19,151,Sheridan,,Sat
13:37:30,146,Inner Lake Shore/Michigan Express,,Sun
21:43:18,3,King Drive,,Sat
12:06:40,3,King Drive,,Mon,Tue,Wed,Thu,Fri
17:32:25,147,Outer DuSable Lake Shore Express,,Sun
22:02:22,147,Outer DuSable Lake Shore Express,,Sat
07:33:09,3,King Drive,,Sat
16:40:48,3,King Drive,,Sun
14:45:27,147,Outer DuSable Lake Shore Express,,Sat
07:44:22,146,Inner Lake Shore/Michigan Express,,Mon,Tue,Wed,Thu,Fri
18:31:56,3,King Drive,,Sat
06:16:09,3,King Drive,,Sat
21:54:25,151,Sheridan,,Sat
19:10:18,3,King Drive,,Mon,Tue,Wed,Thu,Fri
05:56:09,3,King Drive,,Sat
18:33:18,146,Inner Lake Shore/Michigan Express,,Sun
18:21:18,146,Inner Lake Shore/Michigan Express,,Sun
08:12:35,148,Clarendon/Michigan Express,,Mon,Tue,Wed,Thu,Fri
07:16:09,3,King Drive,,Sat
20:03:44,147,Outer DuSable Lake Shore Express,,Mon,Tue,Wed,Thu,Fri
19:18:18,146,Inner Lake Shore/Michigan Express,,Sun
08:38:44,146,Inner Lake Shore/Michigan Express,,Sun
14:04:46,151,Sheridan,,Mon,Tue,Wed,Thu,Fri
09:44:25,147,Outer DuSable Lake Shore Express,,Mon,Tue,Wed,Thu,Fri
07:13:19,146,Inner Lake Shore/Michigan Express,,Sat
15:22:16,151,Sheridan,,Sun
14:17:56,146,Inner Lake Shore/Michigan Express,,Mon,Tue,Wed,Thu,Fri
12:10:44,147,Outer DuSable Lake Shore Express,,Sat
14:22:16,151,Sheridan,,Sun
14:27:56,146,Inner Lake Shore/Michigan Express,,Mon,Tue,Wed,Thu,Fri
15:46:21,26,South Shore Express,,Mon,Tue,Wed,Thu,Fri
07:50:09,3,King Drive,,Sat
18:29:44,147,Outer DuSable Lake Shore Express,,Sun
11:47:02,3,King Drive,,Mon,Tue,Wed,Thu,Fri
11:31:44,151,Sheridan,,Sun
08:37:02,3,King Drive,,Mon,Tue,Wed,Thu,Fri
12:16:48,3,King Drive,,Sat
12:06:40,3,King Drive,,Sat
11:14:55,151,Sheridan,,Mon,Tue,Wed,Thu,Fri
19:53:18,146,Inner Lake Shore/Michigan Express,,Sat
08:12:44,151,Sheridan,,Mon,Tue,Wed,Thu,Fri
18:39:21,146,Inner Lake Shore/Michigan Express,,Sat
14:43:40,3,King Drive,,Mon,Tue,Wed,Thu,Fri
20:11:47,26,South Shore Express,,Mon,Tue,Wed,Thu,Fri
13:05:33,3,King Drive,,Sat
10:42:14,151,Sheridan,,Sat
24:04:58,151,Sheridan,,Mon,Tue,Wed,Thu,Fri
15:04:55,147,Outer DuSable Lake Shore Express,,Sun
18:12:03,3,King Drive,,Sat
18:16:48,3,King Drive,,Sun
10:11:22,146,Inner Lake Shore/Michigan Express,,Sat
14:04:40,3,King Drive,,Mon,Tue,Wed,Thu,Fri
16:11:27,147,Outer DuSable Lake Shore Express,,Mon,Tue,Wed,Thu,Fri
13:12:16,147,Outer DuSable Lake Shore Express,,Sat
10:41:55,3,King Drive,,Sat
13:43:46,147,Outer DuSable Lake Shore Express,,Mon,Tue,Wed,Thu,Fri
12:25:06,147,Outer DuSable Lake Shore Express,,Mon,Tue,Wed,Thu,Fri
18:47:18,146,Inner Lake Shore/Michigan Express,,Sun
07:37:40,148,Clarendon/Michigan Express,,Mon,Tue,Wed,Thu,Fri
09:05:44,146,Inner Lake Shore/Michigan Express,,Sun
20:18:55,147,Outer DuSable Lake Shore Express,,Sat
21:20:12,151,Sheridan,,Sun
07:53:22,148,Clarendon/Michigan Express,,Mon,Tue,Wed,Thu,Fri
08:44:12,147,Outer DuSable Lake Shore Express,,Sat
19:32:14,151,Sheridan,,Sun
11:30:14,151,Sheridan,,Sat
13:10:30,146,Inner Lake Shore/Michigan Express,,Sun
20:12:14,151,Sheridan,,Mon,Tue,Wed,Thu,Fri
20:00:22,147,Outer DuSable Lake Shore Express,,Sun
06:21:01,151,Sheridan,,Mon,Tue,Wed,Thu,Fri
10:19:32,3,King Drive,,Mon,Tue,Wed,Thu,Fri
10:51:55,3,King Drive,,Sun
11:39:06,151,Sheridan,,Mon,Tue,Wed,Thu,Fri
11:05:48,146,Inner Lake Shore/Michigan Express,,Mon,Tue,Wed,Thu,Fri
09:00:57,146,Inner Lake Shore/Michigan Express,,Sat
06:52:52,147,Outer DuSable Lake Shore Express,,Mon,Tue,Wed,Thu,Fri
10:26:48,146,Inner Lake Shore/Michigan Express,,Mon,Tue,Wed,Thu,Fri
16:12:08,151,Sheridan,,Mon,Tue,Wed,Thu,Fri
19:55:57,151,Sheridan,,Sat
17:30:08,147,Outer DuSable Lake Shore Express,,Mon,Tue,Wed,Thu,Fri
13:16:13,146,Inner Lake Shore/Michigan Express,,Sat
14:02:06,151,Sheridan,,Sun
06:21:20,147,Outer DuSable Lake Shore Express,,Sat
08:05:14,146,Inner Lake Shore/Michigan Express,,Sat
16:02:16,151,Sheridan,,Sun
19:47:10,3,King Drive,,Mon,Tue,Wed,Thu,Fri
21:05:02,3,King Drive,,Sun
19:01:56,3,King Drive,,Sat
22:13:22,147,Outer DuSable Lake Shore Express,,Mon,Tue,Wed,Thu,Fri
16:52:33,3,King Drive,,Mon,Tue,Wed,Thu,Fri
13:38:57,151,Sheridan,,Sat
16:24:34,146,Inner Lake Shore/Michigan Express,,Sat
13:56:46,147,Outer DuSable Lake Shore Express,,Mon,Tue,Wed,Thu,Fri
18:45:16,151,Sheridan,,Mon,Tue,Wed,Thu,Fri
08:37:44,151,Sheridan,,Mon,Tue,Wed,Thu,Fri
01:09:07,151,Sheridan,,Tue,Wed,Thu,Fri,Sat
08:24:43,125,Water Tower Express,,Mon,Tue,Wed,Thu,Fri
09:38:22,147,Outer DuSable Lake Shore Express,,Sun
11:14:44,147,Outer DuSable Lake Shore Express,,Sun
05:33:20,147,Outer DuSable Lake Shore Express,,Sat
09:23:42,151,Sheridan,,Sat
17:14:03,3,King Drive,,Sat
19:43:08,151,Sheridan,,Sat
09:33:52,146,Inner Lake Shore/Michigan Express,,Sat
13:03:56,146,Inner Lake Shore/Michigan Express,,Sun
07:19:33,147,Outer DuSable Lake Shore Express,,Mon,Tue,Wed,Thu,Fri
22:50:42,151,Sheridan,,Mon,Tue,Wed,Thu,Fri
12:14:06,147,Outer DuSable Lake Shore Express,,Mon,Tue,Wed,Thu,Fri
07:07:02,146,Inner Lake Shore/Michigan Express,,Sun
11:58:44,147,Outer DuSable Lake Shore Express,,Sun
07:15:03,147,Outer DuSable Lake Shore Express,,Mon,Tue,Wed,Thu,Fri
20:48:44,146,Inner Lake Shore/Michigan Express,,Sun
08:48:27,143,Stockton/Michigan Express,,Mon,Tue,Wed,Thu,Fri
23:00:01,151,Sheridan,,Sun
19:26:44,147,Outer DuSable Lake Shore Express,,Mon,Tue,Wed,Thu,Fri
08:07:09,3,King Drive,,Sat
14:32:16,151,Sheridan,,Sun
19:55:57,151,Sheridan,,Sat
09:26:32,3,King Drive,,Mon,Tue,Wed,Thu,Fri
21:43:18,3,King Drive,,Sat
13:54:57,151,Sheridan,,Sat
21:04:18,3,King Drive,,Sat
08:37:09,3,King Drive,,Sun
08:00:52,146,Inner Lake Shore/Michigan Express,,Mon,Tue,Wed,Thu,Fri
17:23:30,151,Sheridan,,Sat
18:53:18,3,King Drive,,Mon,Tue,Wed,Thu,Fri
16:11:19,147,Outer DuSable Lake Shore Express,,Sat
17:25:27,147,Outer DuSable Lake Shore Express,,Sat
17:23:03,3,King Drive,,Sat
08:17:44,151,Sheridan,,Mon,Tue,Wed,Thu,Fri
18:13:18,3,King Drive,,Mon,Tue,Wed,Thu,Fri
09:18:09,3,King Drive,,Sun
13:55:30,146,Inner Lake Shore/Michigan Express,,Sun
14:12:18,3,King Drive,,Sun
11:14:55,151,Sheridan,,Mon,Tue,Wed,Thu,Fri
20:28:47,26,South Shore Express,,Mon,Tue,Wed,Thu,Fri
13:11:36,151,Sheridan,,Sun
19:51:22,146,Inner Lake Shore/Michigan Express,,Sun
15:38:48,3,King Drive,,Mon,Tue,Wed,Thu,Fri
15:34:30,146,Inner Lake Shore/Michigan Express,,Sun
08:23:31,151,Sheridan,,Sat
13:32:36,147,Outer DuSable Lake Shore Express,,Mon,Tue,Wed,Thu,Fri
15:33:57,147,Outer DuSable Lake Shore Express,,Mon,Tue,Wed,Thu,Fri
13:34:10,3,King Drive,,Mon,Tue,Wed,Thu,Fri
05:51:20,147,Outer DuSable Lake Shore Express,,Sat
09:43:52,151,Sheridan,,Sat
18:50:36,151,Sheridan,,Sun
14:07:46,147,Outer DuSable Lake Shore Express,,Mon,Tue,Wed,Thu,Fri
14:42:55,147,Outer DuSable Lake Shore Express,,Sun
16:49:49,151,Sheridan,,Mon,Tue,Wed,Thu,Fri
17:16:57,147,Outer DuSable Lake Shore Express,,Sat
14:44:33,3,King Drive,,Sat
19:23:57,147,Outer DuSable Lake Shore Express,,Sat
16:27:30,146,Inner Lake Shore/Michigan Express,,Sun
06:58:22,147,Outer DuSable Lake Shore Express,,Mon,Tue,Wed,Thu,Fri
07:27:32,146,Inner Lake Shore/Michigan Express,,Sun
13:32:36,147,Outer DuSable Lake Shore Express,,Mon,Tue,Wed,Thu,Fri
18:02:03,3,King Drive,,Sat
07:37:44,151,Sheridan,,Mon,Tue,Wed,Thu,Fri
23:56:01,151,Sheridan,,Sat
16:17:32,26,South Shore Express,,Mon,Tue,Wed,Thu,Fri
08:35:25,147,Outer DuSable Lake Shore Express,,Mon,Tue,Wed,Thu,Fri
09:37:55,3,King Drive,,Sat
12:16:48,3,King Drive,,Sat
07:15:03,147,Outer DuSable Lake Shore Express,,Mon,Tue,Wed,Thu,Fri
11:17:55,3,King Drive,,Sun
13:32:33,3,King Drive,,Sat
08:52:44,146,Inner Lake Shore/Michigan Express,,Sun
08:21:31,151,Sheridan,,Sun
12:42:57,151,Sheridan,,Sat
09:03:42,151,Sheridan,,Sat
21:14:31,147,Outer DuSable Lake Shore Express,,Sun
22:30:14,146,Inner Lake Shore/Michigan Express,,Mon,Tue,Wed,Thu,Fri
12:26:46,151,Sheridan,,Sat
08:27:02,3,King Drive,,Mon,Tue,Wed,Thu,Fri
19:56:10,3,King Drive,,Mon,Tue,Wed,Thu,Fri
23:59:50,151,Sheridan,,Sun
08:24:09,3,King Drive,,Sat
05:35:39,151,Sheridan,,Mon,Tue,Wed,Thu,Fri
17:48:18,146,Inner Lake Shore/Michigan Express,,Sun
23:56:01,151,Sheridan,,Sat
14:19:46,147,Outer DuSable Lake Shore Express,,Mon,Tue,Wed,Thu,Fri
10:52:32,3,King Drive,,Mon,Tue,Wed,Thu,Fri
15:23:19,151,Sheridan,,Sat
17:13:05,125,Water Tower Express,,Mon,Tue,Wed,Thu,Fri
18:37:18,3,King Drive,,Mon,Tue,Wed,Thu,Fri
06:45:01,151,Sheridan,,Mon,Tue,Wed,Thu,Fri
08:15:14,146,Inner Lake Shore/Michigan Express,,Sat
08:53:31,151,Sheridan,,Sat
11:04:40,3,King Drive,,Sat
06:27:39,151,Sheridan,,Sat
16:40:08,151,Sheridan,,Mon,Tue,Wed,Thu,Fri
10:28:44,147,Outer DuSable Lake Shore Express,,Sat
17:02:08,147,Outer DuSable Lake Shore Express,,Mon,Tue,Wed,Thu,Fri
12:41:44,147,Outer DuSable Lake Shore Express,,Sun
11:02:44,147,Outer DuSable Lake Shore Express,,Sun
19:19:18,3,King Drive,,Mon,Tue,Wed,Thu,Fri
09:01:25,147,Outer DuSable Lake Shore Express,,Mon,Tue,Wed,Thu,Fri
15:21:18,3,King Drive,,Sun
00:48:07,151,Sheridan,,Tue,Wed,Thu,Fri,Sat
19:15:27,147,Outer DuSable Lake Shore Express,,Sat
16:59:57,147,Outer DuSable Lake Shore Express,,Sat
08:52:44,151,Sheridan,,Mon,Tue,Wed,Thu,Fri
16:35:08,147,Outer DuSable Lake Shore Express,,Sat
22:16:22,147,Outer DuSable Lake Shore Express,,Sat
12:34:57,151,Sheridan,,Sat
10:14:55,151,Sheridan,,Mon,Tue,Wed,Thu,Fri
11:21:22,146,Inner Lake Shore/Michigan Express,,Sun
07:36:03,147,Outer DuSable Lake Shore Express,,Mon,Tue,Wed,Thu,Fri
12:39:40,3,King Drive,,Mon,Tue,Wed,Thu,Fri
15:37:19,147,Outer DuSable Lake Shore Express,,Sat
14:02:57,151,Sheridan,,Sat
07:11:47,3,King Drive,,Mon,Tue,Wed,Thu,Fri
13:50:33,3,King Drive,,Sat
16:01:30,146,Inner Lake Shore/Michigan Express,,Sun
00:54:28,151,Sheridan,,Sun
12:06:40,3,King Drive,,Sat
18:51:43,146,Inner Lake Shore/Michigan Express,,Mon,Tue,Wed,Thu,Fri
06:36:09,3,King Drive,,Sat
12:52:44,147,Outer DuSable Lake Shore Express,,Sun
21:37:33,147,Outer DuSable Lake Shore Express,,Sat
10:34:06,147,Outer DuSable Lake Shore Express,,Mon,Tue,Wed,Thu,Fri
07:39:22,146,Inner Lake Shore/Michigan Express,,Mon,Tue,Wed,Thu,Fri
15:24:21,26,South Shore Express,,Mon,Tue,Wed,Thu,Fri
16:24:56,146,Inner Lake Shore/Michigan Express,,Mon,Tue,Wed,Thu,Fri
18:45:18,3,King Drive,,Mon,Tue,Wed,Thu,Fri
17:52:03,3,King Drive,,Sat
06:52:52,147,Outer DuSable Lake Shore Express,,Mon,Tue,Wed,Thu,Fri
07:55:09,3,King Drive,,Sun
19:31:56,3,King Drive,,Sat
16:08:34,146,Inner Lake Shore/Michigan Express,,Sat
12:31:55,151,Sheridan,,Sun
09:08:12,147,Outer DuSable Lake Shore Express,,Sun
10:53:14,147,Outer DuSable Lake Shore Express,,Sun
11:39:06,151,Sheridan,,Mon,Tue,Wed,Thu,Fri
08:15:55,147,Outer DuSable Lake Shore Express,,Mon,Tue,Wed,Thu,Fri
13:54:57,151,Sheridan,,Sat
12:17:40,3,King Drive,,Mon,Tue,Wed,Thu,Fri
20:20:22,151,Sheridan,,Sun
22:02:52,151,Sheridan,,Mon,Tue,Wed,Thu,Fri
23:43:50,151,Sheridan,,Mon,Tue,Wed,Thu,Fri
20:51:18,3,King Drive,,Sat
07:48:44,146,Inner Lake Shore/Michigan Express,,Sun
06:57:12,151,Sheridan,,Mon,Tue,Wed,Thu,Fri
18:26:10,26,South Shore Express,,Mon,Tue,Wed,Thu,Fri
13:56:43,146,Inner Lake Shore/Michigan Express,,Sat
21:35:01,147,Outer DuSable Lake Shore Express,,Sun
17:44:08,147,Outer DuSable Lake Shore Express,,Mon,Tue,Wed,Thu,Fri
12:52:44,147,Outer DuSable Lake Shore Express,,Sun
10:52:32,3,King Drive,,Mon,Tue,Wed,Thu,Fri
22:18:02,3,King Drive,,Mon,Tue,Wed,Thu,Fri
10:51:55,3,King Drive,,Sun
16:50:04,146,Inner Lake Shore/Michigan Express,,Sat
19:07:10,26,South Shore Express,,Mon,Tue,Wed,Thu,Fri
07:55:52,146,Inner Lake Shore/Michigan Express,,Mon,Tue,Wed,Thu,Fri
21:49:33,147,Outer DuSable Lake Shore Express,,Sat
18:16:27,147,Outer DuSable Lake Shore Express,,Sat
15:44:18,3,King Drive,,Sun
22:24:03,151,Sheridan,,Sat
09:26:22,146,Inner Lake Shore/Michigan Express,,Sat
17:12:30,146,Inner Lake Shore/Michigan Express,,Sun
09:24:43,125,Water Tower Express,,Mon,Tue,Wed,Thu,Fri
15:11:49,147,Outer DuSable Lake Shore Express,,Sat
22:09:14,151,Sheridan,,Sat
10:08:32,3,King Drive,,Mon,Tue,Wed,Thu,Fri
14:24:10,3,King Drive,,Mon,Tue,Wed,Thu,Fri
16:51:48,3,King Drive,,Sun
14:03:16,147,Outer DuSable Lake Shore Express,,Sat
22:09:10,146,Inner Lake Shore/Michigan Express,,Sat
17:52:26,146,Inner Lake Shore/Michigan Express,,Mon,Tue,Wed,Thu,Fri
07:13:09,3,King Drive,,Sun
09:11:36,143,Stockton/Michigan Express,,Mon,Tue,Wed,Thu,Fri
09:10:18,148,Clarendon/Michigan Express,,Mon,Tue,Wed,Thu,Fri
14:52:16,151,Sheridan,,Sun
18:21:18,3,King Drive,,Mon,Tue,Wed,Thu,Fri
16:51:27,147,Outer DuSable Lake Shore Express,,Sat
17:03:30,146,Inner Lake Shore/Michigan Express,,Sun
15:39:25,147,Outer DuSable Lake Shore Express,,Sun
15:42:16,151,Sheridan,,Sun
19:09:25,147,Outer DuSable Lake Shore Express,,Mon,Tue,Wed,Thu,Fri
14:28:43,146,Inner Lake Shore/Michigan Express,,Sat
11:56:02,3,King Drive,,Sun
13:46:16,147,Outer DuSable Lake Shore Express,,Sat
21:24:36,151,Sheridan,,Sat
16:59:13,26,South Shore Express,,Mon,Tue,Wed,Thu,Fri
21:16:03,147,Outer DuSable Lake Shore Express,,Mon,Tue,Wed,Thu,Fri
10:13:14,147,Outer DuSable Lake Shore Express,,Sun
15:12:16,151,Sheridan,,Sun
14:35:33,3,King Drive,,Sat
06:36:01,147,Outer DuSable Lake Shore Express,,Sun
09:56:22,146,Inner Lake Shore/Michigan Express,,Sat
11:45:06,147,Outer DuSable Lake Shore Express,,Mon,Tue,Wed,Thu,Fri
10:16:55,3,King Drive,,Sat
11:24:48,146,Inner Lake Shore/Michigan Express,,Mon,Tue,Wed,Thu,Fri
14:10:57,151,Sheridan,,Sat
12:34:06,147,Outer DuSable Lake Shore Express,,Mon,Tue,Wed,Thu,Fri
18:49:10,3,King Drive,,Sun
12:41:44,147,Outer DuSable Lake Shore Express,,Sun
09:58:10,146,Inner Lake Shore/Michigan Express,,Sun
16:21:38,151,Sheridan,,Mon,Tue,Wed,Thu,Fri
08:42:44,151,Sheridan,,Mon,Tue,Wed,Thu,Fri
10:34:18,146,Inner Lake Shore/Michigan Express,,Sat
21:39:25,151,Sheridan,,Sat
08:17:42,147,Outer DuSable Lake Shore Express,,Sat
20:00:22,147,Outer DuSable Lake Shore Express,,Sun
08:16:09,3,King Drive,,Sun
10:25:06,147,Outer DuSable Lake Shore Express,,Mon,Tue,Wed,Thu,Fri
08:35:48,146,Inner Lake Shore/Michigan Express,,Mon,Tue,Wed,Thu,Fri
21:18:40,3,King Drive,,Mon,Tue,Wed,Thu,Fri
11:22:14,151,Sheridan,,Sat
09:25:35,148,Clarendon/Michigan Express,,Mon,Tue,Wed,Thu,Fri
12:36:56,146,Inner Lake Shore/Michigan Express,,Mon,Tue,Wed,Thu,Fri
07:47:02,3,King Drive,,Mon,Tue,Wed,Thu,Fri
07:23:46,125,Water Tower Express,,Mon,Tue,Wed,Thu,Fri
09:48:52,146,Inner Lake Shore/Michigan Express,,Sat
09:29:57,146,Inner Lake Shore/Michigan Express,,Sun
19:55:17,26,South Shore Express,,Mon,Tue,Wed,Thu,Fri
12:37:14,147,Outer DuSable Lake Shore Express,,Sat
06:42:17,3,King Drive,,Mon,Tue,Wed,Thu,Fri
15:21:57,147,Outer DuSable Lake Shore Express,,Mon,Tue,Wed,Thu,Fri
08:33:31,151,Sheridan,,Sat
17:14:03,3,King Drive,,Sat
18:16:27,147,Outer DuSable Lake Shore Express,,Sat
18:06:43,146,Inner Lake Shore/Michigan Express,,Mon,Tue,Wed,Thu,Fri
22:09:10,146,Inner Lake Shore/Michigan Express,,Sat
17:33:57,147,Outer DuSable Lake Shore Express,,Sat
18:45:16,151,Sheridan,,Mon,Tue,Wed,Thu,Fri
13:17:26,146,Inner Lake Shore/Michigan Express,,Mon,Tue,Wed,Thu,Fri
18:11:30,151,Sheridan,,Sat
12:10:36,151,Sheridan,,Sat
16:40:35,125,Water Tower Express,,Mon,Tue,Wed,Thu,Fri
20:59:14,151,Sheridan,,Mon,Tue,Wed,Thu,Fri
07:36:01,147,Outer DuSable Lake Shore Express,,Sat
11:36:40,3,King Drive,,Sat
14:00:48,3,King Drive,,Sun
07:24:01,147,Outer DuSable Lake Shore Express,,Sat
16:59:57,147,Outer DuSable Lake Shore Express,,Sat
18:17:46,147,Outer DuSable Lake Shore Express,,Mon,Tue,Wed,Thu,Fri
09:26:44,147,Outer DuSable Lake Shore Express,,Mon,Tue,Wed,Thu,Fri
17:26:51,146,Inner Lake Shore/Michigan Express,,Mon,Tue,Wed,Thu,Fri
23:05:19,146,Inner Lake Shore/Michigan Express,,Sun
07:54:14,146,Inner Lake Shore/Michigan Express,,Sat
18:02:03,3,King Drive,,Sat
16:07:18,3,King Drive,,Sun
08:06:31,151,Sheridan,,Sun
08:08:12,147,Outer DuSable Lake Shore Express,,Sun
12:44:13,146,Inner Lake Shore/Michigan Express,,Sat
06:21:09,151,Sheridan,,Sun
08:12:55,143,Stockton/Michigan Express,,Mon,Tue,Wed,Thu,Fri
16:56:03,3,King Drive,,Sat
09:19:55,147,Outer DuSable Lake Shore Express,,Mon,Tue,Wed,Thu,Fri
11:36:44,147,Outer DuSable Lake Shore Express,,Sat
15:23:19,151,Sheridan,,Sat
16:47:33,3,King Drive,,Sat
18:26:46,151,Sheridan,,Sun
11:56:18,146,Inner Lake Shore/Michigan Express,,Sat
20:01:05,146,Inner Lake Shore/Michigan Express,,Mon,Tue,Wed,Thu,Fri
16:17:32,26,South Shore Express,,Mon,Tue,Wed,Thu,Fri
14:56:37,125,Water Tower Express,,Mon,Tue,Wed,Thu,Fri
08:58:09,3,King Drive,,Sun
18:05:21,146,Inner Lake Shore/Michigan Express,,Sat
17:08:27,147,Outer DuSable Lake Shore Express,,Sat
08:44:43,125,Water Tower Express,,Mon,Tue,Wed,Thu,Fri
08:42:48,148,Clarendon/Michigan Express,,Mon,Tue,Wed,Thu,Fri
13:23:40,3,King Drive,,Mon,Tue,Wed,Thu,Fri
14:55:38,147,Outer DuSable Lake Shore Express,,Sat
15:52:16,151,Sheridan,,Sun
14:28:43,146,Inner Lake Shore/Michigan Express,,Sat
10:49:18,146,Inner Lake Shore/Michigan Express,,Mon,Tue,Wed,Thu,Fri
17:06:43,26,South Shore Express,,Mon,Tue,Wed,Thu,Fri
16:42:16,151,Sheridan,,Sun
16:30:56,3,King Drive,,Mon,Tue,Wed,Thu,Fri
06:58:22,147,Outer DuSable Lake Shore Express,,Mon,Tue,Wed,Thu,Fri
16:03:36,147,Outer DuSable Lake Shore Express,,Sun
22:54:01,147,Outer DuSable Lake Shore Express,,Sun
08:24:43,125,Water Tower Express,,Mon,Tue,Wed,Thu,Fri
18:02:27,151,Sheridan,,Mon,Tue,Wed,Thu,Fri
14:17:56,146,Inner Lake Shore/Michigan Express,,Mon,Tue,Wed,Thu,Fri
11:22:14,151,Sheridan,,Sat
11:38:14,151,Sheridan,,Sat
08:26:48,146,Inner Lake Shore/Michigan Express,,Mon,Tue,Wed,Thu,Fri
11:02:44,147,Outer DuSable Lake Shore Express,,Sat
14:23:48,3,King Drive,,Sun
08:25:14,146,Inner Lake Shore/Michigan Express,,Sat
11:03:22,146,Inner Lake Shore/Michigan Express,,Sun
19:29:10,3,King Drive,,Mon,Tue,Wed,Thu,Fri
20:38:18,3,King Drive,,Sat
13:00:13,146,Inner Lake Shore/Michigan Express,,Sat
08:10:55,147,Outer DuSable Lake Shore Express,,Mon,Tue,Wed,Thu,Fri
17:39:18,146,Inner Lake Shore/Michigan Express,,Sun
08:07:02,3,King Drive,,Mon,Tue,Wed,Thu,Fri
13:06:57,151,Sheridan,,Sat
10:08:32,3,King Drive,,Mon,Tue,Wed,Thu,Fri
00:39:07,151,Sheridan,,Mon
17:51:30,151,Sheridan,,Sat
21:15:14,151,Sheridan,,Mon,Tue,Wed,Thu,Fri
12:55:16,147,Outer DuSable Lake Shore Express,,Sat
08:07:55,143,Stockton/Michigan Express,,Mon,Tue,Wed,Thu,Fri
12:28:18,146,Inner Lake Shore/Michigan Express,,Sat
17:39:18,146,Inner Lake Shore/Michigan Express,,Sun
09:02:46,143,Stockton/Michigan Express,,Mon,Tue,Wed,Thu,Fri
18:51:56,3,King Drive,,Sat
20:03:03,151,Sheridan,,Sun
21:07:25,147,Outer DuSable Lake Shore Express,,Sat
16:11:55,147,Outer DuSable Lake Shore Express,,Sun
18:21:56,3,King Drive,,Sat
15:22:16,151,Sheridan,,Sun
13:34:10,3,King Drive,,Mon,Tue,Wed,Thu,Fri
08:26:12,147,Outer DuSable Lake Shore Express,,Sat
18:50:27,147,Outer DuSable Lake Shore Express,,Sat
00:12:09,3,King Drive,,Tue,Wed,Thu,Fri,Sat
09:02:48,148,Clarendon/Michigan Express,,Mon,Tue,Wed,Thu,Fri
23:43:50,151,Sheridan,,Mon,Tue,Wed,Thu,Fri
14:54:21,146,Inner Lake Shore/Michigan Express,,Sat
12:50:40,3,King Drive,,Mon,Tue,Wed,Thu,Fri
07:45:12,147,Outer DuSable Lake Shore Express,,Sun
09:13:42,151,Sheridan,,Sat
16:51:48,3,King Drive,,Sun
09:50:55,3,King Drive,,Sat
11:31:02,3,King Drive,,Sun
22:02:22,147,Outer DuSable Lake Shore Express,,Sat
11:36:40,3,King Drive,,Sat
11:04:55,3,King Drive,,Sun
13:17:58,26,South Shore Express,,Mon,Tue,Wed,Thu,Fri
07:50:52,146,Inner Lake Shore/Michigan Express,,Mon,Tue,Wed,Thu,Fri
09:29:22,147,Outer DuSable Lake Shore Express,,Sun
19:15:27,147,Outer DuSable Lake Shore Express,,Sat
09:50:55,3,King Drive,,Sat
21:44:02,3,King Drive,,Mon,Tue,Wed,Thu,Fri
15:16:25,147,Outer DuSable Lake Shore Express,,Sun
14:17:33,3,King Drive,,Sat
12:54:56,146,Inner Lake Shore/Michigan Express,,Sun
15:24:21,26,South Shore Express,,Mon,Tue,Wed,Thu,Fri
16:35:08,147,Outer DuSable Lake Shore Express,,Mon,Tue,Wed,Thu,Fri
09:21:44,143,Stockton/Michigan Express,,Mon,Tue,Wed,Thu,Fri
01:14:28,151,Sheridan,,Sun
12:37:33,3,King Drive,,Sat
22:08:14,146,Inner Lake Shore/Michigan Express,,Sun
15:35:51,26,South Shore Express,,Mon,Tue,Wed,Thu,Fri
14:35:33,3,King Drive,,Sat
11:22:18,146,Inner Lake Shore/Michigan Express,,Sat
12:08:32,3,King Drive,,Sun
18:03:10,26,South Shore Express,,Mon,Tue,Wed,Thu,Fri
13:08:13,146,Inner Lake Shore/Michigan Express,,Sat
16:10:30,146,Inner Lake Shore/Michigan Express,,Sun
23:20:01,151,Sheridan,,Sun
12:47:33,3,King Drive,,Sat
19:18:18,146,Inner Lake Shore/Michigan Express,,Mon,Tue,Wed,Thu,Fri
11:26:55,151,Sheridan,,Mon,Tue,Wed,Thu,Fri
08:57:12,147,Outer DuSable Lake Shore Express,,Sun
07:21:52,146,Inner Lake Shore/Michigan Express,,Mon,Tue,Wed,Thu,Fri
09:33:42,151,Sheridan,,Sun
19:32:48,146,Inner Lake Shore/Michigan Express,,Mon,Tue,Wed,Thu,Fri
18:51:56,3,King Drive,,Sat
21:34:22,147,Outer DuSable Lake Shore Express,,Mon,Tue,Wed,Thu,Fri
14:48:26,146,Inner Lake Shore/Michigan Express,,Mon,Tue,Wed,Thu,Fri
15:26:33,3,King Drive,,Sat
16:01:30,146,Inner Lake Shore/Michigan Express,,Sun
15:32:48,3,King Drive,,Sun
09:42:44,151,Sheridan,,Mon,Tue,Wed,Thu,Fri
14:42:57,151,Sheridan,,Sat
19:21:19,151,Sheridan,,Sat
10:08:55,3,King Drive,,Sun
09:13:42,151,Sheridan,,Sat
13:21:36,147,Outer DuSable Lake Shore Express,,Mon,Tue,Wed,Thu,Fri
18:52:51,146,Inner Lake Shore/Michigan Express,,Sat
09:08:18,148,Clarendon/Michigan Express,,Mon,Tue,Wed,Thu,Fri
17:33:46,151,Sheridan,,Sun
11:12:14,147,Outer DuSable Lake Shore Express,,Sat
14:57:16,147,Outer DuSable Lake Shore Express,,Mon,Tue,Wed,Thu,Fri
15:28:49,147,Outer DuSable Lake Shore Express,,Sat
18:37:18,3,King Drive,,Mon,Tue,Wed,Thu,Fri
14:46:48,3,King Drive,,Sun
15:15:37,125,Water Tower Express,,Mon,Tue,Wed,Thu,Fri
06:32:17,3,King Drive,,Mon,Tue,Wed,Thu,Fri
11:34:06,147,Outer DuSable Lake Shore Express,,Mon,Tue,Wed,Thu,Fri
17:22:19,151,Sheridan,,Mon,Tue,Wed,Thu,Fri
17:33:46,151,Sheridan,,Sun
13:42:06,151,Sheridan,,Sun
20:25:18,3,King Drive,,Sat
15:23:48,3,King Drive,,Mon,Tue,Wed,Thu,Fri
14:10:46,147,Outer DuSable Lake Shore Express,,Sat
17:32:25,147,Outer DuSable Lake Shore Express,,Sun
11:36:32,3,King Drive,,Mon,Tue,Wed,Thu,Fri
15:52:06,147,Outer DuSable Lake Shore Express,,Sun
07:31:44,143,Stockton/Michigan Express,,Mon,Tue,Wed,Thu,Fri
06:33:50,147,Outer DuSable Lake Shore Express,,Sat
12:44:13,146,Inner Lake Shore/Michigan Express,,Sat
16:51:43,26,South Shore Express,,Mon,Tue,Wed,Thu,Fri
09:17:02,3,King Drive,,Mon,Tue,Wed,Thu,Fri
22:18:42,151,Sheridan,,Mon,Tue,Wed,Thu,Fri
22:44:25,3,King Drive,,Mon,Tue,Wed,Thu,Fri
22:40:01,151,Sheridan,,Sun
15:51:34,146,Inner Lake Shore/Michigan Express,,Sat
19:17:25,151,Sheridan,,Sun
18:38:36,151,Sheridan,,Sun
12:06:40,3,King Drive,,Mon,Tue,Wed,Thu,Fri
11:02:55,151,Sheridan,,Mon,Tue,Wed,Thu,Fri
23:55:09,3,King Drive,,Mon,Tue,Wed,Thu,Fri
16:41:33,3,King Drive,,Mon,Tue,Wed,Thu,Fri
06:43:46,125,Water Tower Express,,Mon,Tue,Wed,Thu,Fri
13:53:46,147,Outer DuSable Lake Shore Express,,Sat
23:39:03,151,Sheridan,,Sat
23:55:09,3,King Drive,,Mon,Tue,Wed,Thu,Fri
14:42:16,151,Sheridan,,Sun
11:22:18,146,Inner Lake Shore/Michigan Express,,Sat
15:23:48,3,King Drive,,Mon,Tue,Wed,Thu,Fri
09:26:44,147,Outer DuSable Lake Shore Express,,Mon,Tue,Wed,Thu,Fri
22:35:31,147,Outer DuSable Lake Shore Express,,Sun
15:50:05,125,Water Tower Express,,Mon,Tue,Wed,Thu,Fri
07:13:19,146,Inner Lake Shore/Michigan Express,,Sat
19:33:22,146,Inner Lake Shore/Michigan Express,,Sun
07:57:42,147,Outer DuSable Lake Shore Express,,Sat
10:25:06,147,Outer DuSable Lake Shore Express,,Mon,Tue,Wed,Thu,Fri
19:09:25,147,Outer DuSable Lake Shore Express,,Mon,Tue,Wed,Thu,Fri
05:51:20,147,Outer DuSable Lake Shore Express,,Sat
08:12:55,143,Stockton/Michigan Express,,Mon,Tue,Wed,Thu,Fri
22:48:14,146,Inner Lake Shore/Michigan Express,,Mon,Tue,Wed,Thu,Fri
20:39:46,151,Sheridan,,Sat
08:37:44,151,Sheridan,,Mon,Tue,Wed,Thu,Fri
13:52:16,151,Sheridan,,Mon,Tue,Wed,Thu,Fri
21:42:57,146,Inner Lake Shore/Michigan Express,,Mon,Tue,Wed,Thu,Fri
22:28:14,146,Inner Lake Shore/Michigan Express,,Sun
16:32:16,151,Sheridan,,Sun
12:39:16,151,Sheridan,,Mon,Tue,Wed,Thu,Fri
16:37:26,146,Inner Lake Shore/Michigan Express,,Mon,Tue,Wed,Thu,Fri
14:34:57,151,Sheridan,,Sat
09:49:10,146,Inner Lake Shore/Michigan Express,,Sun
05:02:50,147,Outer DuSable Lake Shore Express,,Mon,Tue,Wed,Thu,Fri
23:25:39,3,King Drive,,Mon,Tue,Wed,Thu,Fri
20:57:55,147,Outer DuSable Lake Shore Express,,Sat
11:29:14,147,Outer DuSable Lake Shore Express,,Sat
13:24:13,146,Inner Lake Shore/Michigan Express,,Sat
10:34:14,151,Sheridan,,Sat
16:16:04,146,Inner Lake Shore/Michigan Express,,Sat
17:43:55,147,Outer DuSable Lake Shore Express,,Sun
08:11:35,146,Inner Lake Shore/Michigan Express,,Mon,Tue,Wed,Thu,Fri
15:46:21,26,South Shore Express,,Mon,Tue,Wed,Thu,Fri
09:26:32,3,King Drive,,Mon,Tue,Wed,Thu,Fri
16:12:08,151,Sheridan,,Mon,Tue,Wed,Thu,Fri
11:46:44,147,Outer DuSable Lake Shore Express,,Sun
11:14:32,3,King Drive,,Mon,Tue,Wed,Thu,Fri
19:00:10,3,King Drive,,Sun
20:17:02,3,King Drive,,Sun
11:02:44,147,Outer DuSable Lake Shore Express,,Sat
14:40:30,146,Inner Lake Shore/Michigan Express,,Sun
22:30:14,146,Inner Lake Shore/Michigan Express,,Mon,Tue,Wed,Thu,Fri
11:48:18,146,Inner Lake Shore/Michigan Express,,Sat
22:33:22,147,Outer DuSable Lake Shore Express,,Mon,Tue,Wed,Thu,Fri
15:45:48,3,King Drive,,Mon,Tue,Wed,Thu,Fri
09:26:22,146,Inner Lake Shore/Michigan Express,,Sat
14:48:26,146,Inner Lake Shore/Michigan Express,,Mon,Tue,Wed,Thu,Fri
17:12:30,146,Inner Lake Shore/Michigan Express,,Sun
12:58:32,3,King Drive,,Sun
06:12:39,3,King Drive,,Mon,Tue,Wed,Thu,Fri
15:43:34,146,Inner Lake Shore/Michigan Express,,Sat
06:57:49,146,Inner Lake Shore/Michigan Express,,Sat
12:20:18,146,Inner Lake Shore/Michigan Express,,Sat
15:16:30,146,Inner Lake Shore/Michigan Express,,Sun
10:42:18,146,Inner Lake Shore/Michigan Express,,Sat
15:31:48,3,King Drive,,Mon,Tue,Wed,Thu,Fri
14:27:57,147,Outer DuSable Lake Shore Express,,Sat
12:27:16,151,Sheridan,,Mon,Tue,Wed,Thu,Fri
07:21:52,146,Inner Lake Shore/Michigan Express,,Mon,Tue,Wed,Thu,Fri
09:53:47,3,King Drive,,Sun
19:10:36,151,Sheridan,,Mon,Tue,Wed,Thu,Fri
17:50:26,3,King Drive,,Mon,Tue,Wed,Thu,Fri
16:56:35,125,Water Tower Express,,Mon,Tue,Wed,Thu,Fri
06:42:49,146,Inner Lake Shore/Michigan Express,,Sat
19:41:16,147,Outer DuSable Lake Shore Express,,Sat
15:39:25,147,Outer DuSable Lake Shore Express,,Sun
08:23:36,143,Stockton/Michigan Express,,Mon,Tue,Wed,Thu,Fri
19:23:13,146,Inner Lake Shore/Michigan Express,,Sat
17:06:43,26,South Shore Express,,Mon,Tue,Wed,Thu,Fri
10:08:55,3,King Drive,,Sun
06:01:09,151,Sheridan,,Sun
17:00:19,151,Sheridan,,Mon,Tue,Wed,Thu,Fri
17:54:16,151,Sheridan,,Sun
10:03:52,146,Inner Lake Shore/Michigan Express,,Sat
15:15:19,151,Sheridan,,Sat
19:56:55,151,Sheridan,,Mon,Tue,Wed,Thu,Fri
10:50:18,146,Inner Lake Shore/Michigan Express,,Sat
20:30:52,146,Inner Lake Shore/Michigan Express,,Mon,Tue,Wed,Thu,Fri
13:11:02,3,King Drive,,Sun
17:52:51,26,South Shore Express,,Mon,Tue,Wed,Thu,Fri
17:56:21,146,Inner Lake Shore/Michigan Express,,Sat
18:57:16,151,Sheridan,,Mon,Tue,Wed,Thu,Fri
14:58:56,146,Inner Lake Shore/Michigan Express,,Mon,Tue,Wed,Thu,Fri
21:42:57,146,Inner Lake Shore/Michigan Express,,Mon,Tue,Wed,Thu,Fri
21:22:47,26,South Shore Express,,Mon,Tue,Wed,Thu,Fri
12:01:44,151,Sheridan,,Sun
15:18:33,3,King Drive,,Sat
18:08:18,146,Inner Lake Shore/Michigan Express,,Sun
10:18:22,146,Inner Lake Shore/Michigan Express,,Sun
17:20:03,3,King Drive,,Mon,Tue,Wed,Thu,Fri
23:24:03,151,Sheridan,,Sat
10:20:52,151,Sheridan,,Sun
13:58:55,147,Outer DuSable Lake Shore Express,,Sun
15:43:30,146,Inner Lake Shore/Michigan Express,,Sun
07:27:32,3,King Drive,,Mon,Tue,Wed,Thu,Fri
08:45:42,151,Sheridan,,Sun
19:29:10,3,King Drive,,Mon,Tue,Wed,Thu,Fri
07:37:02,3,King Drive,,Mon,Tue,Wed,Thu,Fri
12:19:44,147,Outer DuSable Lake Shore Express,,Sun
16:11:19,147,Outer DuSable Lake Shore Express,,Sat
08:36:48,148,Clarendon/Michigan Express,,Mon,Tue,Wed,Thu,Fri
08:07:44,151,Sheridan,,Mon,Tue,Wed,Thu,Fri
08:41:09,3,King Drive,,Sat
05:20:39,151,Sheridan,,Mon,Tue,Wed,Thu,Fri
14:07:56,146,Inner Lake Shore/Michigan Express,,Mon,Tue,Wed,Thu,Fri
07:07:02,146,Inner Lake Shore/Michigan Express,,Sun
08:07:22,148,Clarendon/Michigan Express,,Mon,Tue,Wed,Thu,Fri
10:38:14,147,Outer DuSable Lake Shore Express,,Sat
21:31:05,146,Inner Lake Shore/Michigan Express,,Sat
08:28:12,147,Outer DuSable Lake Shore Express,,Sun
21:05:10,3,King Drive,,Mon,Tue,Wed,Thu,Fri
05:20:39,151,Sheridan,,Mon,Tue,Wed,Thu,Fri
18:24:57,147,Outer DuSable Lake Shore Express,,Sat
12:31:55,151,Sheridan,,Sun
21:56:18,3,King Drive,,Sat
22:20:01,151,Sheridan,,Sun
11:58:44,147,Outer DuSable Lake Shore Express,,Sun
08:49:00,146,Inner Lake Shore/Michigan Express,,Mon,Tue,Wed,Thu,Fri
09:42:44,151,Sheridan,,Mon,Tue,Wed,Thu,Fri
10:45:06,147,Outer DuSable Lake Shore Express,,Mon,Tue,Wed,Thu,Fri
19:38:10,3,King Drive,,Mon,Tue,Wed,Thu,Fri
12:16:35,146,Inner Lake Shore/Michigan Express,,Sun
23:13:31,147,Outer DuSable Lake Shore Express,,Sun
12:47:33,3,King Drive,,Sat
08:08:12,147,Outer DuSable Lake Shore Express,,Sun
17:55:25,147,Outer DuSable Lake Shore Express,,Sun
22:34:55,3,King Drive,,Sun
16:19:49,147,Outer DuSable Lake Shore Express,,Sat
14:42:55,147,Outer DuSable Lake Shore Express,,Sun
06:42:17,3,King Drive,,Mon,Tue,Wed,Thu,Fri
13:16:13,146,Inner Lake Shore/Michigan Express,,Sat
06:27:02,146,Inner Lake Shore/Michigan Express,,Sun
10:34:06,147,Outer DuSable Lake Shore Express,,Mon,Tue,Wed,Thu,Fri
16:43:43,26,South Shore Express,,Mon,Tue,Wed,Thu,Fri
13:08:13,146,Inner Lake Shore/Michigan Express,,Sat
11:56:10,3,King Drive,,Mon,Tue,Wed,Thu,Fri
18:16:46,151,Sheridan,,Mon,Tue,Wed,Thu,Fri
09:44:30,146,Inner Lake Shore/Michigan Express,,Mon,Tue,Wed,Thu,Fri
15:02:21,146,Inner Lake Shore/Michigan Express,,Sat
19:11:19,151,Sheridan,,Sat
09:47:27,148,Clarendon/Michigan Express,,Mon,Tue,Wed,Thu,Fri
21:34:22,147,Outer DuSable Lake Shore Express,,Mon,Tue,Wed,Thu,Fri
10:34:18,146,Inner Lake Shore/Michigan Express,,Mon,Tue,Wed,Thu,Fri
08:17:12,147,Outer DuSable Lake Shore Express,,Sun
20:33:02,3,King Drive,,Sun
06:05:50,151,Sheridan,,Mon,Tue,Wed,Thu,Fri
09:09:42,151,Sheridan,,Sun
20:39:44,147,Outer DuSable Lake Shore Express,,Mon,Tue,Wed,Thu,Fri
12:16:56,146,Inner Lake Shore/Michigan Express,,Mon,Tue,Wed,Thu,Fri
24:19:50,151,Sheridan,,Sun
12:07:35,146,Inner Lake Shore/Michigan Express,,Sun
20:35:10,3,King Drive,,Mon,Tue,Wed,Thu,Fri
15:47:19,151,Sheridan,,Sat
10:53:32,3,King Drive,,Sat
23:24:31,151,Sheridan,,Mon,Tue,Wed,Thu,Fri
06:22:47,3,King Drive,,Mon,Tue,Wed,Thu,Fri
17:23:13,26,South Shore Express,,Mon,Tue,Wed,Thu,Fri
08:06:22,148,Clarendon/Michigan Express,,Mon,Tue,Wed,Thu,Fri
17:24:48,3,King Drive,,Sun
10:42:14,147,Outer DuSable Lake Shore Express,,Sun
06:47:02,146,Inner Lake Shore/Michigan Express,,Sun
12:03:14,147,Outer DuSable Lake Shore Express,,Sat
16:35:41,151,Sheridan,,Sat
15:50:05,125,Water Tower Express,,Mon,Tue,Wed,Thu,Fri
23:28:32,3,King Drive,,Sat
10:53:14,147,Outer DuSable Lake Shore Express,,Sun
07:29:31,147,Outer DuSable Lake Shore Express,,Sun
07:32:22,151,Sheridan,,Mon,Tue,Wed,Thu,Fri
09:31:14,147,Outer DuSable Lake Shore Express,,Mon,Tue,Wed,Thu,Fri
15:45:49,147,Outer DuSable Lake Shore Express,,Sat
06:05:50,151,Sheridan,,Mon,Tue,Wed,Thu,Fri
17:09:25,147,Outer DuSable Lake Shore Express,,Sun
20:20:22,151,Sheridan,,Sun
14:31:30,146,Inner Lake Shore/Michigan Express,,Sun
10:11:22,146,Inner Lake Shore/Michigan Express,,Sat
12:03:06,151,Sheridan,,Mon,Tue,Wed,Thu,Fri
13:48:43,146,Inner Lake Shore/Michigan Express,,Sat
22:39:03,151,Sheridan,,Sat
18:51:19,151,Sheridan,,Sat
18:21:18,3,King Drive,,Mon,Tue,Wed,Thu,Fri
16:12:16,151,Sheridan,,Sun
13:48:43,146,Inner Lake Shore/Michigan Express,,Sat
14:32:16,147,Outer DuSable Lake Shore Express,,Mon,Tue,Wed,Thu,Fri
10:06:36,147,Outer DuSable Lake Shore Express,,Mon,Tue,Wed,Thu,Fri
08:18:36,143,Stockton/Michigan Express,,Mon,Tue,Wed,Thu,Fri
18:52:51,146,Inner Lake Shore/Michigan Express,,Sat
16:41:34,146,Inner Lake Shore/Michigan Express,,Sat
11:29:14,147,Outer DuSable Lake Shore Express,,Sat
20:35:10,3,King Drive,,Mon,Tue,Wed,Thu,Fri
23:14:17,3,King Drive,,Sun
14:44:33,3,King Drive,,Sat
15:45:48,3,King Drive,,Mon,Tue,Wed,Thu,Fri
16:00:04,146,Inner Lake Shore/Michigan Express,,Sat
12:16:35,146,Inner Lake Shore/Michigan Express,,Sun
16:35:41,151,Sheridan,,Sat
10:21:14,147,Outer DuSable Lake Shore Express,,Sat
20:18:55,147,Outer DuSable Lake Shore Express,,Sat
12:26:46,151,Sheridan,,Sat
10:13:00,146,Inner Lake Shore/Michigan Express,,Mon,Tue,Wed,Thu,Fri
19:33:22,146,Inner Lake Shore/Michigan Express,,Sun
08:22:55,147,Outer DuSable Lake Shore Express,,Mon,Tue,Wed,Thu,Fri
12:26:56,146,Inner Lake Shore/Michigan Express,,Mon,Tue,Wed,Thu,Fri
07:01:20,151,Sheridan,,Sun
08:27:05,148,Clarendon/Michigan Express,,Mon,Tue,Wed,Thu,Fri
14:20:55,147,Outer DuSable Lake Shore Express,,Sun
12:36:13,146,Inner Lake Shore/Michigan Express,,Sat
19:47:14,151,Sheridan,,Sun
08:11:31,151,Sheridan,,Sat
17:25:33,3,King Drive,,Mon,Tue,Wed,Thu,Fri
15:15:37,125,Water Tower Express,,Mon,Tue,Wed,Thu,Fri
15:52:57,151,Sheridan,,Mon,Tue,Wed,Thu,Fri
15:19:56,146,Inner Lake Shore/Michigan Express,,Mon,Tue,Wed,Thu,Fri
19:26:06,151,Sheridan,,Mon,Tue,Wed,Thu,Fri
23:38:09,3,King Drive,,Mon,Tue,Wed,Thu,Fri
14:29:46,151,Sheridan,,Mon,Tue,Wed,Thu,Fri
08:39:55,147,Outer DuSable Lake Shore Express,,Mon,Tue,Wed,Thu,Fri
16:51:43,26,South Shore Express,,Mon,Tue,Wed,Thu,Fri
11:51:44,151,Sheridan,,Sun
06:44:09,151,Sheridan,,Sat
17:05:03,3,King Drive,,Sat
07:11:47,3,King Drive,,Mon,Tue,Wed,Thu,Fri
19:15:52,147,Outer DuSable Lake Shore Express,,Sun
19:46:05,146,Inner Lake Shore/Michigan Express,,Mon,Tue,Wed,Thu,Fri
09:33:42,151,Sheridan,,Sun
15:44:33,3,King Drive,,Sat
22:40:01,151,Sheridan,,Sun
21:00:22,146,Inner Lake Shore/Michigan Express,,Mon,Tue,Wed,Thu,Fri
12:19:44,147,Outer DuSable Lake Shore Express,,Sun
11:36:44,147,Outer DuSable Lake Shore Express,,Sun
09:02:44,151,Sheridan,,Mon,Tue,Wed,Thu,Fri
15:27:55,147,Outer DuSable Lake Shore Express,,Sun
11:25:06,147,Outer DuSable Lake Shore Express,,Mon,Tue,Wed,Thu,Fri
05:59:09,3,King Drive,,Mon,Tue,Wed,Thu,Fri
13:19:30,146,Inner Lake Shore/Michigan Express,,Sun
17:07:41,151,Sheridan,,Sat
19:02:18,146,Inner Lake Shore/Michigan Express,,Sun
11:14:06,147,Outer DuSable Lake Shore Express,,Mon,Tue,Wed,Thu,Fri
07:12:01,147,Outer DuSable Lake Shore Express,,Sat
17:25:33,3,King Drive,,Mon,Tue,Wed,Thu,Fri
21:55:02,3,King Drive,,Mon,Tue,Wed,Thu,Fri
13:25:44,147,Outer DuSable Lake Shore Express,,Sun
16:02:33,3,King Drive,,Sat
16:57:55,147,Outer DuSable Lake Shore Express,,Sun
08:29:16,143,Stockton/Michigan Express,,Mon,Tue,Wed,Thu,Fri
14:40:30,146,Inner Lake Shore/Michigan Express,,Sun
10:45:22,146,Inner Lake Shore/Michigan Express,,Sun
22:54:17,3,King Drive,,Sun
21:00:22,146,Inner Lake Shore/Michigan Express,,Mon,Tue,Wed,Thu,Fri
08:35:25,147,Outer DuSable Lake Shore Express,,Mon,Tue,Wed,Thu,Fri
19:47:10,3,King Drive,,Mon,Tue,Wed,Thu,Fri
07:44:15,125,Water Tower Express,,Mon,Tue,Wed,Thu,Fri
08:48:27,143,Stockton/Michigan Express,,Mon,Tue,Wed,Thu,Fri
14:37:56,146,Inner Lake Shore/Michigan Express,,Mon,Tue,Wed,Thu,Fri
10:23:55,3,King Drive,,Sun
18:33:27,147,Outer DuSable Lake Shore Express,,Sat
11:14:06,147,Outer DuSable Lake Shore Express,,Mon,Tue,Wed,Thu,Fri
12:20:14,147,Outer DuSable Lake Shore Express,,Sat
13:36:44,147,Outer DuSable Lake Shore Express,,Sun
16:29:48,3,King Drive,,Sun
17:32:03,3,King Drive,,Sat
05:36:09,3,King Drive,,Sat
20:25:10,3,King Drive,,Mon,Tue,Wed,Thu,Fri
11:56:02,3,King Drive,,Sun
13:36:44,147,Outer DuSable Lake Shore Express,,Sun
14:19:46,147,Outer DuSable Lake Shore Express,,Mon,Tue,Wed,Thu,Fri
17:33:49,151,Sheridan,,Mon,Tue,Wed,Thu,Fri
06:52:17,3,King Drive,,Mon,Tue,Wed,Thu,Fri
12:16:56,146,Inner Lake Shore/Michigan Express,,Mon,Tue,Wed,Thu,Fri
21:49:22,146,Inner Lake Shore/Michigan Express,,Sat
09:38:14,147,Outer DuSable Lake Shore Express,,Mon,Tue,Wed,Thu,Fri
15:43:30,146,Inner Lake Shore/Michigan Express,,Sun
21:24:36,151,Sheridan,,Sat
16:47:03,3,King Drive,,Mon,Tue,Wed,Thu,Fri
19:00:10,3,King Drive,,Sun
20:57:33,147,Outer DuSable Lake Shore Express,,Mon,Tue,Wed,Thu,Fri
17:14:51,146,Inner Lake Shore/Michigan Express,,Sat
19:41:25,151,Sheridan,,Mon,Tue,Wed,Thu,Fri
18:15:21,146,Inner Lake Shore/Michigan Express,,Sat
16:59:41,151,Sheridan,,Sat
13:43:46,147,Outer DuSable Lake Shore Express,,Mon,Tue,Wed,Thu,Fri
16:57:55,147,Outer DuSable Lake Shore Express,,Sun
13:17:58,26,South Shore Express,,Mon,Tue,Wed,Thu,Fri
07:27:22,151,Sheridan,,Mon,Tue,Wed,Thu,Fri
16:56:03,3,King Drive,,Sat
13:22:57,151,Sheridan,,Sat
11:56:40,3,King Drive,,Sat
19:41:56,3,King Drive,,Sat
00:48:07,151,Sheridan,,Tue,Wed,Thu,Fri,Sat
15:25:30,146,Inner Lake Shore/Michigan Express,,Sun
11:46:40,3,King Drive,,Sat
17:23:03,3,King Drive,,Sat
15:34:30,146,Inner Lake Shore/Michigan Express,,Sun
23:25:39,3,King Drive,,Mon,Tue,Wed,Thu,Fri
06:16:09,3,King Drive,,Sat
11:41:44,151,Sheridan,,Sun
14:42:57,151,Sheridan,,Sat
08:06:44,146,Inner Lake Shore/Michigan Express,,Sun
21:38:55,3,King Drive,,Sun
08:16:05,146,Inner Lake Shore/Michigan Express,,Mon,Tue,Wed,Thu,Fri
06:56:09,3,King Drive,,Sat
15:28:49,147,Outer DuSable Lake Shore Express,,Sat
20:40:12,151,Sheridan,,Sun
21:40:01,151,Sheridan,,Sun
11:05:48,146,Inner Lake Shore/Michigan Express,,Mon,Tue,Wed,Thu,Fri
07:20:25,3,King Drive,,Mon,Tue,Wed,Thu,Fri
17:03:33,3,King Drive,,Mon,Tue,Wed,Thu,Fri
17:13:05,125,Water Tower Express,,Mon,Tue,Wed,Thu,Fri
09:18:10,146,Inner Lake Shore/Michigan Express,,Sat
09:21:42,151,Sheridan,,Sun
07:47:44,151,Sheridan,,Mon,Tue,Wed,Thu,Fri
20:15:10,3,King Drive,,Mon,Tue,Wed,Thu,Fri
17:03:30,146,Inner Lake Shore/Michigan Express,,Sun
18:36:43,146,Inner Lake Shore/Michigan Express,,Mon,Tue,Wed,Thu,Fri
08:17:35,148,Clarendon/Michigan Express,,Mon,Tue,Wed,Thu,Fri
16:40:35,125,Water Tower Express,,Mon,Tue,Wed,Thu,Fri
09:17:12,147,Outer DuSable Lake Shore Express,,Sun
08:59:30,146,Inner Lake Shore/Michigan Express,,Mon,Tue,Wed,Thu,Fri
16:10:30,146,Inner Lake Shore/Michigan Express,,Sun
16:20:33,3,King Drive,,Sat
08:43:44,146,Inner Lake Shore/Michigan Express,,Sat
11:46:43,146,Inner Lake Shore/Michigan Express,,Mon,Tue,Wed,Thu,Fri
13:14:57,151,Sheridan,,Sat
16:48:38,147,Outer DuSable Lake Shore Express,,Mon,Tue,Wed,Thu,Fri
23:38:09,3,King Drive,,Mon,Tue,Wed,Thu,Fri
16:24:56,3,King Drive,,Mon,Tue,Wed,Thu,Fri
20:09:55,147,Outer DuSable Lake Shore Express,,Sat
12:15:16,151,Sheridan,,Mon,Tue,Wed,Thu,Fri
10:26:55,151,Sheridan,,Mon,Tue,Wed,Thu,Fri
22:00:01,151,Sheridan,,Sun
21:05:10,3,King Drive,,Mon,Tue,Wed,Thu,Fri
07:26:33,147,Outer DuSable Lake Shore Express,,Mon,Tue,Wed,Thu,Fri
22:49:10,146,Inner Lake Shore/Michigan Express,,Sat
09:01:12,147,Outer DuSable Lake Shore Express,,Sat
17:25:27,147,Outer DuSable Lake Shore Express,,Sat
12:18:46,151,Sheridan,,Sat
17:05:03,3,King Drive,,Sat
07:42:14,146,Inner Lake Shore/Michigan Express,,Sat
20:24:46,151,Sheridan,,Sat
09:51:03,147,Outer DuSable Lake Shore Express,,Sun
13:19:46,147,Outer DuSable Lake Shore Express,,Sat
17:43:33,3,King Drive,,Mon,Tue,Wed,Thu,Fri
08:07:12,147,Outer DuSable Lake Shore Express,,Sat
14:26:57,151,Sheridan,,Sat
14:29:10,26,South Shore Express,,Mon,Tue,Wed,Thu,Fri
11:14:32,3,King Drive,,Mon,Tue,Wed,Thu,Fri
11:12:22,146,Inner Lake Shore/Michigan Express,,Sun
07:07:12,151,Sheridan,,Mon,Tue,Wed,Thu,Fri
16:11:41,151,Sheridan,,Sat
10:22:14,147,Outer DuSable Lake Shore Express,,Sun
10:03:33,147,Outer DuSable Lake Shore Express,,Sat
19:10:36,151,Sheridan,,Mon,Tue,Wed,Thu,Fri
09:27:12,147,Outer DuSable Lake Shore Express,,Sat
08:59:30,146,Inner Lake Shore/Michigan Express,,Mon,Tue,Wed,Thu,Fri
14:12:06,151,Sheridan,,Sun
05:34:20,147,Outer DuSable Lake Shore Express,,Mon,Tue,Wed,Thu,Fri
10:26:22,146,Inner Lake Shore/Michigan Express,,Sat
14:09:55,147,Outer DuSable Lake Shore Express,,Sun
14:24:10,3,King Drive,,Mon,Tue,Wed,Thu,Fri
10:11:44,147,Outer DuSable Lake Shore Express,,Sat
08:43:31,151,Sheridan,,Sat
13:17:26,146,Inner Lake Shore/Michigan Express,,Mon,Tue,Wed,Thu,Fri
12:05:06,147,Outer DuSable Lake Shore Express,,Mon,Tue,Wed,Thu,Fri
07:29:14,146,Inner Lake Shore/Michigan Express,,Sat
08:17:44,151,Sheridan,,Mon,Tue,Wed,Thu,Fri
14:20:16,147,Outer DuSable Lake Shore Express,,Sat
11:53:44,147,Outer DuSable Lake Shore Express,,Sat
13:29:16,147,Outer DuSable Lake Shore Express,,Sat
11:30:22,146,Inner Lake Shore/Michigan Express,,Sun
14:17:16,151,Sheridan,,Mon,Tue,Wed,Thu,Fri
15:09:26,146,Inner Lake Shore/Michigan Express,,Mon,Tue,Wed,Thu,Fri
07:50:52,146,Inner Lake Shore/Michigan Express,,Mon,Tue,Wed,Thu,Fri
23:39:50,151,Sheridan,,Sun
16:32:16,151,Sheridan,,Sun
19:01:19,151,Sheridan,,Sat
17:30:08,147,Outer DuSable Lake Shore Express,,Mon,Tue,Wed,Thu,Fri
08:17:02,3,King Drive,,Mon,Tue,Wed,Thu,Fri
20:05:10,3,King Drive,,Mon,Tue,Wed,Thu,Fri
15:21:57,147,Outer DuSable Lake Shore Express,,Mon,Tue,Wed,Thu,Fri
19:11:19,151,Sheridan,,Sat
10:16:55,3,King Drive,,Sat
16:29:33,3,King Drive,,Sat
16:23:25,147,Outer DuSable Lake Shore Express,,Sun
17:02:48,3,King Drive,,Sun
10:19:48,146,Inner Lake Shore/Michigan Express,,Mon,Tue,Wed,Thu,Fri
13:02:06,151,Sheridan,,Sun
11:38:14,151,Sheridan,,Sat
11:56:40,3,King Drive,,Sat
07:55:09,3,King Drive,,Sun
22:06:02,3,King Drive,,Mon,Tue,Wed,Thu,Fri
16:11:33,3,King Drive,,Sat
08:22:44,151,Sheridan,,Mon,Tue,Wed,Thu,Fri
22:28:14,146,Inner Lake Shore/Michigan Express,,Sun
11:21:44,151,Sheridan,,Sun
08:27:02,3,King Drive,,Mon,Tue,Wed,Thu,Fri
18:06:55,147,Outer DuSable Lake Shore Express,,Sun
14:53:55,147,Outer DuSable Lake Shore Express,,Sun
11:06:18,146,Inner Lake Shore/Michigan Express,,Sat
15:06:48,3,King Drive,,Mon,Tue,Wed,Thu,Fri
18:36:43,146,Inner Lake Shore/Michigan Express,,Mon,Tue,Wed,Thu,Fri
08:04:43,125,Water Tower Express,,Mon,Tue,Wed,Thu,Fri
17:43:55,147,Outer DuSable Lake Shore Express,,Sun
22:32:22,147,Outer DuSable Lake Shore Express,,Sat
23:05:19,146,Inner Lake Shore/Michigan Express,,Sun
06:15:42,147,Outer DuSable Lake Shore Express,,Mon,Tue,Wed,Thu,Fri
16:51:41,151,Sheridan,,Sat
05:44:09,3,King Drive,,Mon,Tue,Wed,Thu,Fri
18:41:14,147,Outer DuSable Lake Shore Express,,Sun
08:34:44,146,Inner Lake Shore/Michigan Express,,Sat
19:38:30,146,Inner Lake Shore/Michigan Express,,Sat
18:14:46,151,Sheridan,,Sun
08:35:27,143,Stockton/Michigan Express,,Mon,Tue,Wed,Thu,Fri
08:12:44,151,Sheridan,,Mon,Tue,Wed,Thu,Fri
22:39:03,151,Sheridan,,Sat
10:54:22,146,Inner Lake Shore/Michigan Express,,Sun
11:14:18,146,Inner Lake Shore/Michigan Express,,Sat
18:52:03,147,Outer DuSable Lake Shore Express,,Sun
08:44:43,125,Water Tower Express,,Mon,Tue,Wed,Thu,Fri
11:58:35,146,Inner Lake Shore/Michigan Express,,Sun
22:54:03,151,Sheridan,,Sat
16:12:56,146,Inner Lake Shore/Michigan Express,,Mon,Tue,Wed,Thu,Fri
11:54:06,147,Outer DuSable Lake Shore Express,,Mon,Tue,Wed,Thu,Fri
18:18:25,147,Outer DuSable Lake Shore Express,,Sun
12:27:16,151,Sheridan,,Mon,Tue,Wed,Thu,Fri
05:29:02,146,Inner Lake Shore/Michigan Express,,Mon,Tue,Wed,Thu,Fri
16:11:41,151,Sheridan,,Sat
15:16:30,146,Inner Lake Shore/Michigan Express,,Sun
16:27:41,151,Sheridan,,Sat
15:38:48,3,King Drive,,Mon,Tue,Wed,Thu,Fri
13:24:13,146,Inner Lake Shore/Michigan Express,,Sat
21:21:25,3,King Drive,,Sun
16:08:34,146,Inner Lake Shore/Michigan Express,,Sat
10:41:55,3,King Drive,,Sat
14:58:30,146,Inner Lake Shore/Michigan Express,,Sun
13:54:28,26,South Shore Express,,Mon,Tue,Wed,Thu,Fri
09:17:42,147,Outer DuSable Lake Shore Express,,Sat
12:03:14,147,Outer DuSable Lake Shore Express,,Sat
14:17:33,3,King Drive,,Sat
09:18:10,146,Inner Lake Shore/Michigan Express,,Sat
00:14:17,3,King Drive,,Mon
06:59:09,151,Sheridan,,Sat
19:10:18,3,King Drive,,Mon,Tue,Wed,Thu,Fri
14:00:48,3,King Drive,,Sun
21:04:17,26,South Shore Express,,Mon,Tue,Wed,Thu,Fri
12:56:56,146,Inner Lake Shore/Michigan Express,,Mon,Tue,Wed,Thu,Fri
07:36:31,151,Sheridan,,Sun
20:45:10,3,King Drive,,Mon,Tue,Wed,Thu,Fri
16:46:25,147,Outer DuSable Lake Shore Express,,Sun
20:45:22,146,Inner Lake Shore/Michigan Express,,Mon,Tue,Wed,Thu,Fri
17:44:48,3,King Drive,,Sun
14:39:16,151,Sheridan,,Mon,Tue,Wed,Thu,Fri
12:10:44,147,Outer DuSable Lake Shore Express,,Sat
22:54:03,151,Sheridan,,Sat
12:55:16,147,Outer DuSable Lake Shore Express,,Sat
09:21:44,143,Stockton/Michigan Express,,Mon,Tue,Wed,Thu,Fri
08:33:31,151,Sheridan,,Sun
16:05:48,3,King Drive,,Mon,Tue,Wed,Thu,Fri
16:21:38,151,Sheridan,,Mon,Tue,Wed,Thu,Fri
17:57:56,3,King Drive,,Mon,Tue,Wed,Thu,Fri
22:50:42,151,Sheridan,,Mon,Tue,Wed,Thu,Fri
13:32:33,3,King Drive,,Sat
18:07:57,147,Outer DuSable Lake Shore Express,,Sat
11:41:44,151,Sheridan,,Sun
19:22:58,26,South Shore Express,,Mon,Tue,Wed,Thu,Fri
08:06:31,151,Sheridan,,Sun
13:12:40,3,King Drive,,Mon,Tue,Wed,Thu,Fri
14:57:16,147,Outer DuSable Lake Shore Express,,Mon,Tue,Wed,Thu,Fri
14:46:21,146,Inner Lake Shore/Michigan Express,,Sat
18:26:37,125,Water Tower Express,,Mon,Tue,Wed,Thu,Fri
20:05:10,3,King Drive,,Mon,Tue,Wed,Thu,Fri
17:42:03,3,King Drive,,Sat
13:48:48,3,King Drive,,Sun
06:13:02,146,Inner Lake Shore/Michigan Express,,Mon,Tue,Wed,Thu,Fri
20:24:46,151,Sheridan,,Sat
14:58:18,3,King Drive,,Sun
12:11:44,151,Sheridan,,Sun
09:52:25,147,Outer DuSable Lake Shore Express,,Mon,Tue,Wed,Thu,Fri
14:59:18,3,King Drive,,Mon,Tue,Wed,Thu,Fri
14:17:16,151,Sheridan,,Mon,Tue,Wed,Thu,Fri
09:53:33,147,Outer DuSable Lake Shore Express,,Sat
11:26:55,151,Sheridan,,Mon,Tue,Wed,Thu,Fri
14:45:10,26,South Shore Express,,Mon,Tue,Wed,Thu,Fri
08:23:14,146,Inner Lake Shore/Michigan Express,,Sun
16:07:18,3,King Drive,,Sun
13:11:02,3,King Drive,,Sun
18:18:25,147,Outer DuSable Lake Shore Express,,Sun
11:54:06,147,Outer DuSable Lake Shore Express,,Mon,Tue,Wed,Thu,Fri
06:57:44,148,Clarendon/Michigan Express,,Mon,Tue,Wed,Thu,Fri
14:49:30,146,Inner Lake Shore/Michigan Express,,Sun
12:06:56,146,Inner Lake Shore/Michigan Express,,Mon,Tue,Wed,Thu,Fri
09:34:52,147,Outer DuSable Lake Shore Express,,Sat
16:58:03,3,King Drive,,Mon,Tue,Wed,Thu,Fri
21:48:14,146,Inner Lake Shore/Michigan Express,,Sun
17:12:46,151,Sheridan,,Sun
11:11:44,151,Sheridan,,Sun
10:02:03,151,Sheridan,,Sat
08:07:09,3,King Drive,,Sat
14:50:57,151,Sheridan,,Sat
16:38:33,3,King Drive,,Sat
08:22:18,146,Inner Lake Shore/Michigan Express,,Mon,Tue,Wed,Thu,Fri
23:13:22,147,Outer DuSable Lake Shore Express,,Mon,Tue,Wed,Thu,Fri
10:50:55,151,Sheridan,,Mon,Tue,Wed,Thu,Fri
16:59:41,151,Sheridan,,Sat
09:36:32,3,King Drive,,Mon,Tue,Wed,Thu,Fri
11:26:40,3,King Drive,,Sat
08:11:31,151,Sheridan,,Sat
15:03:08,147,Outer DuSable Lake Shore Express,,Sat
14:27:57,147,Outer DuSable Lake Shore Express,,Sat
16:05:48,3,King Drive,,Mon,Tue,Wed,Thu,Fri
07:31:44,143,Stockton/Michigan Express,,Mon,Tue,Wed,Thu,Fri
18:21:30,151,Sheridan,,Sat
08:41:27,143,Stockton/Michigan Express,,Mon,Tue,Wed,Thu,Fri
08:39:55,147,Outer DuSable Lake Shore Express,,Mon,Tue,Wed,Thu,Fri
07:34:52,146,Inner Lake Shore/Michigan Express,,Mon,Tue,Wed,Thu,Fri
14:59:40,26,South Shore Express,,Mon,Tue,Wed,Thu,Fri
09:23:18,146,Inner Lake Shore/Michigan Express,,Mon,Tue,Wed,Thu,Fri
17:48:08,151,Sheridan,,Mon,Tue,Wed,Thu,Fri
07:03:46,125,Water Tower Express,,Mon,Tue,Wed,Thu,Fri
05:35:39,151,Sheridan,,Mon,Tue,Wed,Thu,Fri
21:07:25,147,Outer DuSable Lake Shore Express,,Sat
15:59:48,3,King Drive,,Mon,Tue,Wed,Thu,Fri
17:20:55,147,Outer DuSable Lake Shore Express,,Sun
23:13:09,3,King Drive,,Mon,Tue,Wed,Thu,Fri
13:08:36,147,Outer DuSable Lake Shore Express,,Mon,Tue,Wed,Thu,Fri
16:07:32,26,South Shore Express,,Mon,Tue,Wed,Thu,Fri
18:21:56,3,King Drive,,Sat
07:56:52,148,Clarendon/Michigan Express,,Mon,Tue,Wed,Thu,Fri
23:07:57,146,Inner Lake Shore/Michigan Express,,Sat
08:52:44,146,Inner Lake Shore/Michigan Express,,Sun
10:53:32,3,King Drive,,Sat
17:21:30,146,Inner Lake Shore/Michigan Express,,Sun
15:09:26,146,Inner Lake Shore/Michigan Express,,Mon,Tue,Wed,Thu,Fri
15:55:19,151,Sheridan,,Sat
22:38:18,3,King Drive,,Sat
13:01:40,3,King Drive,,Mon,Tue,Wed,Thu,Fri
20:28:44,146,Inner Lake Shore/Michigan Express,,Sun
07:37:02,3,King Drive,,Mon,Tue,Wed,Thu,Fri
15:44:18,3,King Drive,,Sun
16:02:33,3,King Drive,,Sat
10:26:14,151,Sheridan,,Sat
17:41:30,151,Sheridan,,Sat
17:02:16,151,Sheridan,,Sun
17:34:48,3,King Drive,,Sun
09:17:48,146,Inner Lake Shore/Michigan Express,,Mon,Tue,Wed,Thu,Fri
11:01:44,151,Sheridan,,Sun
18:57:16,151,Sheridan,,Mon,Tue,Wed,Thu,Fri
16:27:38,147,Outer DuSable Lake Shore Express,,Sat
14:51:10,3,King Drive,,Mon,Tue,Wed,Thu,Fri
17:48:18,146,Inner Lake Shore/Michigan Express,,Sun
07:29:31,147,Outer DuSable Lake Shore Express,,Sun
15:54:19,147,Outer DuSable Lake Shore Express,,Sat
11:56:10,3,King Drive,,Mon,Tue,Wed,Thu,Fri
10:11:44,147,Outer DuSable Lake Shore Express,,Sat
09:43:52,151,Sheridan,,Sat
21:11:48,146,Inner Lake Shore/Michigan Express,,Sat
13:52:06,151,Sheridan,,Sun
19:50:36,147,Outer DuSable Lake Shore Express,,Sat
08:01:55,143,Stockton/Michigan Express,,Mon,Tue,Wed,Thu,Fri
08:17:42,147,Outer DuSable Lake Shore Express,,Sat
17:44:08,147,Outer DuSable Lake Shore Express,,Mon,Tue,Wed,Thu,Fri
07:24:52,148,Clarendon/Michigan Express,,Mon,Tue,Wed,Thu,Fri
17:14:43,26,South Shore Express,,Mon,Tue,Wed,Thu,Fri
08:24:09,3,King Drive,,Sat
19:23:13,146,Inner Lake Shore/Michigan Express,,Sat
19:06:27,147,Outer DuSable Lake Shore Express,,Sat
20:45:22,146,Inner Lake Shore/Michigan Express,,Mon,Tue,Wed,Thu,Fri
09:36:09,3,King Drive,,Sun
17:12:46,151,Sheridan,,Sun
07:57:12,147,Outer DuSable Lake Shore Express,,Sun
17:57:56,3,King Drive,,Mon,Tue,Wed,Thu,Fri
13:22:57,151,Sheridan,,Sat
10:45:22,146,Inner Lake Shore/Michigan Express,,Sun
20:02:02,3,King Drive,,Sun
05:50:50,151,Sheridan,,Mon,Tue,Wed,Thu,Fri
10:18:52,146,Inner Lake Shore/Michigan Express,,Sat
09:51:00,146,Inner Lake Shore/Michigan Express,,Mon,Tue,Wed,Thu,Fri
22:54:01,147,Outer DuSable Lake Shore Express,,Sun
17:03:33,3,King Drive,,Mon,Tue,Wed,Thu,Fri
17:54:48,3,King Drive,,Sun
17:30:05,125,Water Tower Express,,Mon,Tue,Wed,Thu,Fri
12:02:25,151,Sheridan,,Sat
11:49:35,146,Inner Lake Shore/Michigan Express,,Sun
20:27:44,151,Sheridan,,Mon,Tue,Wed,Thu,Fri
08:26:12,147,Outer DuSable Lake Shore Express,,Sat
09:46:32,3,King Drive,,Mon,Tue,Wed,Thu,Fri
16:27:30,146,Inner Lake Shore/Michigan Express,,Sun
13:52:06,151,Sheridan,,Sun
12:52:13,146,Inner Lake Shore/Michigan Express,,Sat
18:14:10,26,South Shore Express,,Mon,Tue,Wed,Thu,Fri
15:25:16,151,Sheridan,,Mon,Tue,Wed,Thu,Fri
13:41:33,3,King Drive,,Sat
01:14:28,151,Sheridan,,Sun
17:54:16,151,Sheridan,,Sun
05:08:37,151,Sheridan,,Sat
07:57:44,151,Sheridan,,Mon,Tue,Wed,Thu,Fri
14:58:16,151,Sheridan,,Mon,Tue,Wed,Thu,Fri
09:24:55,3,King Drive,,Sat
13:56:43,146,Inner Lake Shore/Michigan Express,,Sat
20:20:44,147,Outer DuSable Lake Shore Express,,Mon,Tue,Wed,Thu,Fri
22:09:18,3,King Drive,,Sat
15:02:33,3,King Drive,,Sat
08:34:44,146,Inner Lake Shore/Michigan Express,,Sat
14:44:46,147,Outer DuSable Lake Shore Express,,Mon,Tue,Wed,Thu,Fri
07:23:57,148,Clarendon/Michigan Express,,Mon,Tue,Wed,Thu,Fri
11:05:06,147,Outer DuSable Lake Shore Express,,Mon,Tue,Wed,Thu,Fri
10:58:14,151,Sheridan,,Sat
15:30:26,146,Inner Lake Shore/Michigan Express,,Mon,Tue,Wed,Thu,Fri
06:47:12,143,Stockton/Michigan Express,,Mon,Tue,Wed,Thu,Fri
09:10:40,146,Inner Lake Shore/Michigan Express,,Sat
05:59:02,146,Inner Lake Shore/Michigan Express,,Mon,Tue,Wed,Thu,Fri
12:56:36,147,Outer DuSable Lake Shore Express,,Mon,Tue,Wed,Thu,Fri
11:04:55,3,King Drive,,Sun
20:54:31,147,Outer DuSable Lake Shore Express,,Sun
08:21:31,151,Sheridan,,Sun
00:19:25,3,King Drive,,Sun
18:26:51,146,Inner Lake Shore/Michigan Express,,Sat
17:07:04,146,Inner Lake Shore/Michigan Express,,Sat
09:53:47,3,King Drive,,Sun
07:13:09,3,King Drive,,Sun
09:17:27,148,Clarendon/Michigan Express,,Mon,Tue,Wed,Thu,Fri
07:37:44,151,Sheridan,,Mon,Tue,Wed,Thu,Fri
08:53:42,147,Outer DuSable Lake Shore Express,,Sat
07:47:02,3,King Drive,,Mon,Tue,Wed,Thu,Fri
19:32:14,151,Sheridan,,Sun
10:31:33,151,Sheridan,,Sun
18:35:06,147,Outer DuSable Lake Shore Express,,Mon,Tue,Wed,Thu,Fri
16:54:30,146,Inner Lake Shore/Michigan Express,,Sun
14:14:10,3,King Drive,,Mon,Tue,Wed,Thu,Fri
21:04:18,3,King Drive,,Sat
15:46:57,147,Outer DuSable Lake Shore Express,,Mon,Tue,Wed,Thu,Fri
08:07:55,143,Stockton/Michigan Express,,Mon,Tue,Wed,Thu,Fri
09:32:22,148,Clarendon/Michigan Express,,Mon,Tue,Wed,Thu,Fri
09:00:57,146,Inner Lake Shore/Michigan Express,,Sat
18:27:10,3,King Drive,,Sun
15:51:34,146,Inner Lake Shore/Michigan Express,,Sat
11:24:48,146,Inner Lake Shore/Michigan Express,,Mon,Tue,Wed,Thu,Fri
06:43:46,125,Water Tower Express,,Mon,Tue,Wed,Thu,Fri
07:16:09,3,King Drive,,Sat
07:46:42,147,Outer DuSable Lake Shore Express,,Sat
08:52:57,146,Inner Lake Shore/Michigan Express,,Sat
11:56:43,146,Inner Lake Shore/Michigan Express,,Mon,Tue,Wed,Thu,Fri
09:58:30,146,Inner Lake Shore/Michigan Express,,Mon,Tue,Wed,Thu,Fri
09:09:42,151,Sheridan,,Sun
15:33:05,125,Water Tower Express,,Mon,Tue,Wed,Thu,Fri
11:46:14,151,Sheridan,,Sat
11:43:32,3,King Drive,,Sun
14:39:16,151,Sheridan,,Mon,Tue,Wed,Thu,Fri
08:53:25,147,Outer DuSable Lake Shore Express,,Mon,Tue,Wed,Thu,Fri
10:57:18,146,Inner Lake Shore/Michigan Express,,Mon,Tue,Wed,Thu,Fri
13:36:48,3,King Drive,,Sun
18:31:16,151,Sheridan,,Mon,Tue,Wed,Thu,Fri
09:37:55,3,King Drive,,Sat
18:31:16,151,Sheridan,,Mon,Tue,Wed,Thu,Fri
09:11:36,143,Stockton/Michigan Express,,Mon,Tue,Wed,Thu,Fri
11:25:06,147,Outer DuSable Lake Shore Express,,Mon,Tue,Wed,Thu,Fri
23:09:03,151,Sheridan,,Sat
15:55:19,151,Sheridan,,Sat
19:26:44,147,Outer DuSable Lake Shore Express,,Mon,Tue,Wed,Thu,Fri
20:55:10,3,King Drive,,Mon,Tue,Wed,Thu,Fri
06:42:49,146,Inner Lake Shore/Michigan Express,,Sat
07:36:03,147,Outer DuSable Lake Shore Express,,Mon,Tue,Wed,Thu,Fri
18:41:14,147,Outer DuSable Lake Shore Express,,Sun
24:26:18,151,Sheridan,,Mon,Tue,Wed,Thu,Fri
14:12:18,3,King Drive,,Sun
18:29:18,3,King Drive,,Mon,Tue,Wed,Thu,Fri
21:13:52,146,Inner Lake Shore/Michigan Express,,Mon,Tue,Wed,Thu,Fri
06:01:09,151,Sheridan,,Sun
10:33:14,147,Outer DuSable Lake Shore Express,,Sun
10:45:44,147,Outer DuSable Lake Shore Express,,Sat
13:02:46,147,Outer DuSable Lake Shore Express,,Sat
06:33:01,151,Sheridan,,Mon,Tue,Wed,Thu,Fri
08:30:48,146,Inner Lake Shore/Michigan Express,,Mon,Tue,Wed,Thu,Fri
06:26:02,146,Inner Lake Shore/Michigan Express,,Mon,Tue,Wed,Thu,Fri
17:14:43,26,South Shore Express,,Mon,Tue,Wed,Thu,Fri
17:50:57,147,Outer DuSable Lake Shore Express,,Sat
18:38:10,3,King Drive,,Sun
08:15:55,147,Outer DuSable Lake Shore Express,,Mon,Tue,Wed,Thu,Fri
22:34:42,151,Sheridan,,Mon,Tue,Wed,Thu,Fri
20:54:46,151,Sheridan,,Sat
06:09:09,151,Sheridan,,Sat
15:56:51,26,South Shore Express,,Mon,Tue,Wed,Thu,Fri
07:03:12,143,Stockton/Michigan Express,,Mon,Tue,Wed,Thu,Fri
16:58:34,146,Inner Lake Shore/Michigan Express,,Sat
19:26:06,151,Sheridan,,Mon,Tue,Wed,Thu,Fri
14:10:57,151,Sheridan,,Sat
15:45:49,147,Outer DuSable Lake Shore Express,,Sat
07:31:10,148,Clarendon/Michigan Express,,Mon,Tue,Wed,Thu,Fri
17:58:18,146,Inner Lake Shore/Michigan Express,,Sun
12:28:40,3,King Drive,,Mon,Tue,Wed,Thu,Fri
07:09:22,147,Outer DuSable Lake Shore Express,,Mon,Tue,Wed,Thu,Fri
23:14:17,3,King Drive,,Sun
09:53:33,147,Outer DuSable Lake Shore Express,,Sat
08:22:44,151,Sheridan,,Mon,Tue,Wed,Thu,Fri
15:15:48,3,King Drive,,Mon,Tue,Wed,Thu,Fri
20:39:44,147,Outer DuSable Lake Shore Express,,Mon,Tue,Wed,Thu,Fri
14:50:57,151,Sheridan,,Sat
22:02:52,151,Sheridan,,Mon,Tue,Wed,Thu,Fri
19:53:18,146,Inner Lake Shore/Michigan Express,,Sat
23:24:31,151,Sheridan,,Mon,Tue,Wed,Thu,Fri
13:23:33,3,King Drive,,Sat
06:21:20,147,Outer DuSable Lake Shore Express,,Sat
07:46:42,147,Outer DuSable Lake Shore Express,,Sat
20:59:14,151,Sheridan,,Mon,Tue,Wed,Thu,Fri
15:39:19,151,Sheridan,,Sat
24:14:28,151,Sheridan,,Sat
06:33:50,147,Outer DuSable Lake Shore Express,,Sat
17:42:32,26,South Shore Express,,Mon,Tue,Wed,Thu,Fri
08:53:42,147,Outer DuSable Lake Shore Express,,Sat
06:45:01,151,Sheridan,,Mon,Tue,Wed,Thu,Fri
07:58:31,151,Sheridan,,Sat
10:07:10,146,Inner Lake Shore/Michigan Express,,Sun
05:44:09,3,King Drive,,Mon,Tue,Wed,Thu,Fri
10:42:14,151,Sheridan,,Sat
15:52:06,147,Outer DuSable Lake Shore Express,,Sun
19:47:14,151,Sheridan,,Sun
17:23:21,146,Inner Lake Shore/Michigan Express,,Sat
06:47:01,147,Outer DuSable Lake Shore Express,,Sat
07:57:12,147,Outer DuSable Lake Shore Express,,Sun
20:40:12,151,Sheridan,,Sun
22:20:01,151,Sheridan,,Sun
10:41:48,146,Inner Lake Shore/Michigan Express,,Mon,Tue,Wed,Thu,Fri
16:19:41,151,Sheridan,,Sat
07:12:01,147,Outer DuSable Lake Shore Express,,Sat
22:06:02,3,King Drive,,Mon,Tue,Wed,Thu,Fri
07:39:22,146,Inner Lake Shore/Michigan Express,,Mon,Tue,Wed,Thu,Fri
11:30:14,151,Sheridan,,Sat
21:39:25,151,Sheridan,,Sat
07:17:12,151,Sheridan,,Mon,Tue,Wed,Thu,Fri
09:31:14,147,Outer DuSable Lake Shore Express,,Mon,Tue,Wed,Thu,Fri
09:33:14,151,Sheridan,,Mon,Tue,Wed,Thu,Fri
16:11:33,3,King Drive,,Sat
10:29:55,3,King Drive,,Sat
18:26:10,26,South Shore Express,,Mon,Tue,Wed,Thu,Fri
12:39:16,151,Sheridan,,Mon,Tue,Wed,Thu,Fri
09:04:43,125,Water Tower Express,,Mon,Tue,Wed,Thu,Fri
15:46:57,147,Outer DuSable Lake Shore Express,,Mon,Tue,Wed,Thu,Fri
17:23:30,151,Sheridan,,Sat
13:01:40,3,King Drive,,Mon,Tue,Wed,Thu,Fri
16:40:48,3,King Drive,,Sun
18:49:10,3,King Drive,,Sun
12:45:46,147,Outer DuSable Lake Shore Express,,Sat
18:07:57,147,Outer DuSable Lake Shore Express,,Sat
18:17:46,147,Outer DuSable Lake Shore Express,,Mon,Tue,Wed,Thu,Fri
07:51:31,151,Sheridan,,Sun
19:21:19,151,Sheridan,,Sat
13:28:30,146,Inner Lake Shore/Michigan Express,,Sun
09:02:46,143,Stockton/Michigan Express,,Mon,Tue,Wed,Thu,Fri
12:26:56,146,Inner Lake Shore/Michigan Express,,Mon,Tue,Wed,Thu,Fri
12:52:13,146,Inner Lake Shore/Michigan Express,,Sat
05:00:37,151,Sheridan,,Sun
13:44:40,3,King Drive,,Mon,Tue,Wed,Thu,Fri
06:33:01,151,Sheridan,,Mon,Tue,Wed,Thu,Fri
11:31:44,151,Sheridan,,Sun
13:37:30,146,Inner Lake Shore/Michigan Express,,Sun
23:59:50,151,Sheridan,,Sun
09:24:43,125,Water Tower Express,,Mon,Tue,Wed,Thu,Fri
10:26:14,151,Sheridan,,Sat
09:32:44,151,Sheridan,,Mon,Tue,Wed,Thu,Fri
17:42:03,3,King Drive,,Sat
13:32:06,151,Sheridan,,Sun
22:23:18,3,King Drive,,Sat
22:52:22,147,Outer DuSable Lake Shore Express,,Sat
12:01:44,151,Sheridan,,Sun
20:47:55,147,Outer DuSable Lake Shore Express,,Sat
09:23:18,146,Inner Lake Shore/Michigan Express,,Mon,Tue,Wed,Thu,Fri
07:50:09,3,King Drive,,Sat
12:27:44,147,Outer DuSable Lake Shore Express,,Sat
07:34:09,3,King Drive,,Sun
10:27:22,146,Inner Lake Shore/Michigan Express,,Sun
11:06:18,146,Inner Lake Shore/Michigan Express,,Sat
07:08:27,148,Clarendon/Michigan Express,,Mon,Tue,Wed,Thu,Fri
20:38:55,147,Outer DuSable Lake Shore Express,,Sat
11:26:40,3,King Drive,,Sat
16:31:08,151,Sheridan,,Mon,Tue,Wed,Thu,Fri
11:43:32,3,King Drive,,Sun
08:59:48,148,Clarendon/Michigan Express,,Mon,Tue,Wed,Thu,Fri
10:18:03,151,Sheridan,,Sat
23:54:17,3,King Drive,,Sun
07:57:44,151,Sheridan,,Mon,Tue,Wed,Thu,Fri
11:53:44,147,Outer DuSable Lake Shore Express,,Sat
13:08:36,147,Outer DuSable Lake Shore Express,,Mon,Tue,Wed,Thu,Fri
20:09:46,151,Sheridan,,Sat
11:15:40,3,King Drive,,Sat
13:47:55,147,Outer DuSable Lake Shore Express,,Sun
13:14:44,147,Outer DuSable Lake Shore Express,,Sun
05:44:02,146,Inner Lake Shore/Michigan Express,,Mon,Tue,Wed,Thu,Fri
08:37:12,147,Outer DuSable Lake Shore Express,,Sun
09:11:55,3,King Drive,,Sat
09:48:52,146,Inner Lake Shore/Michigan Express,,Sat
12:04:18,146,Inner Lake Shore/Michigan Express,,Sat
15:09:48,3,King Drive,,Sun
16:54:30,146,Inner Lake Shore/Michigan Express,,Sun
12:20:14,147,Outer DuSable Lake Shore Express,,Sat
08:52:44,151,Sheridan,,Mon,Tue,Wed,Thu,Fri
18:13:18,3,King Drive,,Mon,Tue,Wed,Thu,Fri
17:31:03,3,King Drive,,Mon,Tue,Wed,Thu,Fri
11:49:35,146,Inner Lake Shore/Michigan Express,,Sun
18:08:18,146,Inner Lake Shore/Michigan Express,,Sun
16:01:56,146,Inner Lake Shore/Michigan Express,,Mon,Tue,Wed,Thu,Fri
08:47:02,3,King Drive,,Mon,Tue,Wed,Thu,Fri
17:07:41,151,Sheridan,,Sat
14:32:16,147,Outer DuSable Lake Shore Express,,Mon,Tue,Wed,Thu,Fri
08:21:35,148,Clarendon/Michigan Express,,Mon,Tue,Wed,Thu,Fri
11:48:18,146,Inner Lake Shore/Michigan Express,,Sat
11:36:44,147,Outer DuSable Lake Shore Express,,Sun
19:32:48,146,Inner Lake Shore/Michigan Express,,Mon,Tue,Wed,Thu,Fri
13:50:33,3,King Drive,,Sat
21:28:40,146,Inner Lake Shore/Michigan Express,,Mon,Tue,Wed,Thu,Fri
20:12:14,151,Sheridan,,Mon,Tue,Wed,Thu,Fri
10:23:55,3,King Drive,,Sun
12:18:46,151,Sheridan,,Sat
22:09:14,151,Sheridan,,Sat
13:46:30,146,Inner Lake Shore/Michigan Express,,Sun
15:16:46,151,Sheridan,,Mon,Tue,Wed,Thu,Fri
20:55:10,3,King Drive,,Mon,Tue,Wed,Thu,Fri
15:26:21,146,Inner Lake Shore/Michigan Express,,Sat
07:05:40,146,Inner Lake Shore/Michigan Express,,Mon,Tue,Wed,Thu,Fri
11:25:32,3,King Drive,,Mon,Tue,Wed,Thu,Fri
22:38:18,3,King Drive,,Sat
10:13:14,147,Outer DuSable Lake Shore Express,,Sun
07:28:22,146,Inner Lake Shore/Michigan Express,,Mon,Tue,Wed,Thu,Fri
16:56:35,125,Water Tower Express,,Mon,Tue,Wed,Thu,Fri
13:22:06,151,Sheridan,,Sun
20:11:47,26,South Shore Express,,Mon,Tue,Wed,Thu,Fri
17:42:27,147,Outer DuSable Lake Shore Express,,Sat
06:26:42,147,Outer DuSable Lake Shore Express,,Mon,Tue,Wed,Thu,Fri
09:22:44,151,Sheridan,,Mon,Tue,Wed,Thu,Fri
16:47:33,3,King Drive,,Sat
12:39:40,3,King Drive,,Mon,Tue,Wed,Thu,Fri
07:27:22,151,Sheridan,,Mon,Tue,Wed,Thu,Fri
13:58:55,147,Outer DuSable Lake Shore Express,,Sun
08:54:00,146,Inner Lake Shore/Michigan Express,,Mon,Tue,Wed,Thu,Fri
15:51:26,146,Inner Lake Shore/Michigan Express,,Mon,Tue,Wed,Thu,Fri
16:58:34,146,Inner Lake Shore/Michigan Express,,Sat
13:21:36,147,Outer DuSable Lake Shore Express,,Mon,Tue,Wed,Thu,Fri
07:46:22,148,Clarendon/Michigan Express,,Mon,Tue,Wed,Thu,Fri
10:14:06,147,Outer DuSable Lake Shore Express,,Mon,Tue,Wed,Thu,Fri
12:08:32,3,King Drive,,Sun
09:44:52,147,Outer DuSable Lake Shore Express,,Sat
17:32:13,26,South Shore Express,,Mon,Tue,Wed,Thu,Fri
15:59:27,147,Outer DuSable Lake Shore Express,,Mon,Tue,Wed,Thu,Fri
14:58:56,146,Inner Lake Shore/Michigan Express,,Mon,Tue,Wed,Thu,Fri
09:22:44,151,Sheridan,,Mon,Tue,Wed,Thu,Fri
18:14:10,26,South Shore Express,,Mon,Tue,Wed,Thu,Fri
08:29:16,143,Stockton/Michigan Express,,Mon,Tue,Wed,Thu,Fri
15:59:27,147,Outer DuSable Lake Shore Express,,Mon,Tue,Wed,Thu,Fri
17:14:51,146,Inner Lake Shore/Michigan Express,,Mon,Tue,Wed,Thu,Fri
17:46:37,125,Water Tower Express,,Mon,Tue,Wed,Thu,Fri
15:08:16,151,Sheridan,,Mon,Tue,Wed,Thu,Fri
06:59:09,151,Sheridan,,Sat
16:03:19,151,Sheridan,,Sat
00:12:09,3,King Drive,,Tue,Wed,Thu,Fri,Sat
20:03:03,151,Sheridan,,Sun
15:04:55,147,Outer DuSable Lake Shore Express,,Sun
06:36:01,147,Outer DuSable Lake Shore Express,,Sun
17:37:03,3,King Drive,,Mon,Tue,Wed,Thu,Fri
07:23:46,125,Water Tower Express,,Mon,Tue,Wed,Thu,Fri
07:48:14,143,Stockton/Michigan Express,,Mon,Tue,Wed,Thu,Fri
17:48:08,151,Sheridan,,Mon,Tue,Wed,Thu,Fri
09:57:32,3,King Drive,,Mon,Tue,Wed,Thu,Fri
06:46:44,146,Inner Lake Shore/Michigan Express,,Mon,Tue,Wed,Thu,Fri
12:46:06,147,Outer DuSable Lake Shore Express,,Mon,Tue,Wed,Thu,Fri
15:34:27,151,Sheridan,,Mon,Tue,Wed,Thu,Fri
07:36:01,147,Outer DuSable Lake Shore Express,,Sat
08:49:18,148,Clarendon/Michigan Express,,Mon,Tue,Wed,Thu,Fri
17:31:30,151,Sheridan,,Sat
18:38:10,3,King Drive,,Sun
10:30:32,3,King Drive,,Mon,Tue,Wed,Thu,Fri
17:14:33,3,King Drive,,Mon,Tue,Wed,Thu,Fri
07:54:55,143,Stockton/Michigan Express,,Mon,Tue,Wed,Thu,Fri
08:37:02,3,King Drive,,Mon,Tue,Wed,Thu,Fri
12:20:18,146,Inner Lake Shore/Michigan Express,,Sat
15:09:16,147,Outer DuSable Lake Shore Express,,Mon,Tue,Wed,Thu,Fri
06:27:02,146,Inner Lake Shore/Michigan Express,,Sun
14:29:10,26,South Shore Express,,Mon,Tue,Wed,Thu,Fri
11:51:06,151,Sheridan,,Mon,Tue,Wed,Thu,Fri
14:37:27,147,Outer DuSable Lake Shore Express,,Sat
07:44:40,148,Clarendon/Michigan Express,,Mon,Tue,Wed,Thu,Fri
09:17:02,3,King Drive,,Mon,Tue,Wed,Thu,Fri
12:46:06,147,Outer DuSable Lake Shore Express,,Mon,Tue,Wed,Thu,Fri
08:35:27,143,Stockton/Michigan Express,,Mon,Tue,Wed,Thu,Fri
13:57:56,146,Inner Lake Shore/Michigan Express,,Mon,Tue,Wed,Thu,Fri
11:21:44,151,Sheridan,,Sun
08:44:12,147,Outer DuSable Lake Shore Express,,Sat
14:58:57,151,Sheridan,,Sat
08:07:12,147,Outer DuSable Lake Shore Express,,Sat
11:12:14,147,Outer DuSable Lake Shore Express,,Sat
20:18:22,147,Outer DuSable Lake Shore Express,,Sun
10:03:55,3,King Drive,,Sat
14:52:16,151,Sheridan,,Sun
05:20:37,151,Sheridan,,Sun
12:36:56,146,Inner Lake Shore/Michigan Express,,Sun
13:40:43,146,Inner Lake Shore/Michigan Express,,Sat
05:44:02,146,Inner Lake Shore/Michigan Express,,Mon,Tue,Wed,Thu,Fri
10:19:48,146,Inner Lake Shore/Michigan Express,,Mon,Tue,Wed,Thu,Fri
16:19:49,147,Outer DuSable Lake Shore Express,,Sat
10:54:22,146,Inner Lake Shore/Michigan Express,,Sun
13:47:56,146,Inner Lake Shore/Michigan Express,,Mon,Tue,Wed,Thu,Fri
19:41:16,147,Outer DuSable Lake Shore Express,,Sat
08:30:48,146,Inner Lake Shore/Michigan Express,,Mon,Tue,Wed,Thu,Fri
16:50:08,146,Inner Lake Shore/Michigan Express,,Mon,Tue,Wed,Thu,Fri
19:05:40,125,Water Tower Express,,Mon,Tue,Wed,Thu,Fri
17:59:27,147,Outer DuSable Lake Shore Express,,Sat
19:51:56,3,King Drive,,Sat
11:46:44,147,Outer DuSable Lake Shore Express,,Sun
10:50:14,151,Sheridan,,Sat
08:48:12,147,Outer DuSable Lake Shore Express,,Sun
07:48:44,146,Inner Lake Shore/Michigan Express,,Sun
11:36:44,147,Outer DuSable Lake Shore Express,,Sat
23:28:32,3,King Drive,,Sat
10:13:00,146,Inner Lake Shore/Michigan Express,,Mon,Tue,Wed,Thu,Fri
19:38:47,26,South Shore Express,,Mon,Tue,Wed,Thu,Fri
20:31:48,146,Inner Lake Shore/Michigan Express,,Sat
06:36:02,146,Inner Lake Shore/Michigan Express,,Mon,Tue,Wed,Thu,Fri
24:14:28,151,Sheridan,,Sat
21:56:18,3,King Drive,,Sat
11:46:40,3,King Drive,,Sat
12:34:57,151,Sheridan,,Sat
09:51:03,147,Outer DuSable Lake Shore Express,,Sun
08:45:42,151,Sheridan,,Sun
12:45:56,146,Inner Lake Shore/Michigan Express,,Sun
12:15:16,151,Sheridan,,Mon,Tue,Wed,Thu,Fri
21:31:03,151,Sheridan,,Mon,Tue,Wed,Thu,Fri
09:29:22,147,Outer DuSable Lake Shore Express,,Sun
10:31:33,151,Sheridan,,Sun
14:37:27,147,Outer DuSable Lake Shore Express,,Sat
16:19:41,151,Sheridan,,Sat
14:46:48,3,King Drive,,Sun
21:44:02,3,King Drive,,Mon,Tue,Wed,Thu,Fri
12:41:55,151,Sheridan,,Sun
10:50:55,151,Sheridan,,Mon,Tue,Wed,Thu,Fri
13:25:44,147,Outer DuSable Lake Shore Express,,Sun
09:17:57,146,Inner Lake Shore/Michigan Express,,Sun
13:15:16,151,Sheridan,,Mon,Tue,Wed,Thu,Fri
11:40:18,146,Inner Lake Shore/Michigan Express,,Sat
17:02:16,151,Sheridan,,Sun
22:49:10,146,Inner Lake Shore/Michigan Express,,Sat
07:40:14,143,Stockton/Michigan Express,,Mon,Tue,Wed,Thu,Fri
10:27:22,146,Inner Lake Shore/Michigan Express,,Sun
20:54:46,151,Sheridan,,Sat
09:10:42,147,Outer DuSable Lake Shore Express,,Sat
20:09:46,151,Sheridan,,Sat
18:35:06,147,Outer DuSable Lake Shore Express,,Mon,Tue,Wed,Thu,Fri
09:12:44,151,Sheridan,,Mon,Tue,Wed,Thu,Fri
24:34:28,151,Sheridan,,Sat
16:11:27,147,Outer DuSable Lake Shore Express,,Mon,Tue,Wed,Thu,Fri
12:21:02,3,King Drive,,Sun
15:43:34,146,Inner Lake Shore/Michigan Express,,Sat
22:24:03,151,Sheridan,,Sat
08:49:00,146,Inner Lake Shore/Michigan Express,,Mon,Tue,Wed,Thu,Fri
16:51:41,151,Sheridan,,Sat
11:04:40,3,King Drive,,Sat
19:32:46,147,Outer DuSable Lake Shore Express,,Sat
00:29:09,3,King Drive,,Tue,Wed,Thu,Fri,Sat
18:21:43,146,Inner Lake Shore/Michigan Express,,Mon,Tue,Wed,Thu,Fri
05:49:09,151,Sheridan,,Sat
08:55:16,143,Stockton/Michigan Express,,Mon,Tue,Wed,Thu,Fri
07:34:52,146,Inner Lake Shore/Michigan Express,,Mon,Tue,Wed,Thu,Fri
12:41:55,151,Sheridan,,Sun
19:18:18,146,Inner Lake Shore/Michigan Express,,Sun
16:46:25,147,Outer DuSable Lake Shore Express,,Sun
00:54:28,151,Sheridan,,Sun
12:36:13,146,Inner Lake Shore/Michigan Express,,Sat
15:55:48,3,King Drive,,Sun
16:41:33,3,King Drive,,Mon,Tue,Wed,Thu,Fri
15:55:48,3,King Drive,,Sun
19:45:14,147,Outer DuSable Lake Shore Express,,Mon,Tue,Wed,Thu,Fri
06:42:32,148,Clarendon/Michigan Express,,Mon,Tue,Wed,Thu,Fri
13:27:16,151,Sheridan,,Mon,Tue,Wed,Thu,Fri
11:46:14,151,Sheridan,,Sat
22:09:18,3,King Drive,,Sat
06:52:17,3,King Drive,,Mon,Tue,Wed,Thu,Fri
08:31:48,148,Clarendon/Michigan Express,,Mon,Tue,Wed,Thu,Fri
15:52:16,151,Sheridan,,Sun
20:43:14,151,Sheridan,,Mon,Tue,Wed,Thu,Fri
17:58:18,146,Inner Lake Shore/Michigan Express,,Sun
17:44:48,3,King Drive,,Sun
21:40:01,151,Sheridan,,Sun
22:53:22,147,Outer DuSable Lake Shore Express,,Mon,Tue,Wed,Thu,Fri
18:27:10,3,King Drive,,Sun
07:13:31,147,Outer DuSable Lake Shore Express,,Sun
19:38:47,26,South Shore Express,,Mon,Tue,Wed,Thu,Fri
09:41:22,146,Inner Lake Shore/Michigan Express,,Sat
09:52:55,151,Sheridan,,Mon,Tue,Wed,Thu,Fri
22:47:32,146,Inner Lake Shore/Michigan Express,,Sun
07:09:22,147,Outer DuSable Lake Shore Express,,Mon,Tue,Wed,Thu,Fri
06:36:09,3,King Drive,,Sat
09:24:55,3,King Drive,,Sat
10:54:06,147,Outer DuSable Lake Shore Express,,Mon,Tue,Wed,Thu,Fri
06:07:20,147,Outer DuSable Lake Shore Express,,Sat
23:07:14,146,Inner Lake Shore/Michigan Express,,Mon,Tue,Wed,Thu,Fri
19:31:56,3,King Drive,,Sat
07:29:31,151,Sheridan,,Sat
08:57:55,3,King Drive,,Sat
09:07:02,3,King Drive,,Mon,Tue,Wed,Thu,Fri
12:46:56,146,Inner Lake Shore/Michigan Express,,Mon,Tue,Wed,Thu,Fri
17:24:48,3,King Drive,,Sun
19:56:55,151,Sheridan,,Mon,Tue,Wed,Thu,Fri
09:05:44,146,Inner Lake Shore/Michigan Express,,Sun
07:01:20,151,Sheridan,,Sun
11:24:44,147,Outer DuSable Lake Shore Express,,Sun
06:59:01,147,Outer DuSable Lake Shore Express,,Sat
22:48:14,146,Inner Lake Shore/Michigan Express,,Mon,Tue,Wed,Thu,Fri
09:41:22,146,Inner Lake Shore/Michigan Express,,Sat
16:12:16,151,Sheridan,,Sun
12:56:33,3,King Drive,,Sat
14:46:21,146,Inner Lake Shore/Michigan Express,,Sat
13:46:30,146,Inner Lake Shore/Michigan Express,,Sun
19:07:10,26,South Shore Express,,Mon,Tue,Wed,Thu,Fri
12:58:57,151,Sheridan,,Sat
17:43:46,151,Sheridan,,Sun
08:36:12,147,Outer DuSable Lake Shore Express,,Sat
21:15:14,151,Sheridan,,Mon,Tue,Wed,Thu,Fri
10:09:52,151,Sheridan,,Sun
09:01:12,147,Outer DuSable Lake Shore Express,,Sat
08:33:31,151,Sheridan,,Sun
16:33:04,146,Inner Lake Shore/Michigan Express,,Sat
06:26:42,147,Outer DuSable Lake Shore Express,,Mon,Tue,Wed,Thu,Fri
22:13:22,147,Outer DuSable Lake Shore Express,,Mon,Tue,Wed,Thu,Fri
07:44:31,151,Sheridan,,Sat
08:48:12,147,Outer DuSable Lake Shore Express,,Sun
06:57:12,151,Sheridan,,Mon,Tue,Wed,Thu,Fri
07:42:14,146,Inner Lake Shore/Michigan Express,,Sat
11:51:06,151,Sheridan,,Mon,Tue,Wed,Thu,Fri
07:14:20,151,Sheridan,,Sat
17:09:25,147,Outer DuSable Lake Shore Express,,Sun
15:11:49,147,Outer DuSable Lake Shore Express,,Sat
13:03:56,146,Inner Lake Shore/Michigan Express,,Sun
23:45:25,3,King Drive,,Sat
18:06:37,125,Water Tower Express,,Mon,Tue,Wed,Thu,Fri
10:18:22,146,Inner Lake Shore/Michigan Express,,Sun
08:57:42,151,Sheridan,,Sun
10:14:06,147,Outer DuSable Lake Shore Express,,Mon,Tue,Wed,Thu,Fri
24:34:28,151,Sheridan,,Sat
09:04:43,125,Water Tower Express,,Mon,Tue,Wed,Thu,Fri
08:36:12,147,Outer DuSable Lake Shore Express,,Sat
17:14:33,3,King Drive,,Mon,Tue,Wed,Thu,Fri
10:26:48,146,Inner Lake Shore/Michigan Express,,Mon,Tue,Wed,Thu,Fri
11:19:44,147,Outer DuSable Lake Shore Express,,Sat
08:57:02,3,King Drive,,Mon,Tue,Wed,Thu,Fri
13:03:16,151,Sheridan,,Mon,Tue,Wed,Thu,Fri
16:58:03,3,King Drive,,Mon,Tue,Wed,Thu,Fri
14:42:16,151,Sheridan,,Sun
15:03:08,147,Outer DuSable Lake Shore Express,,Sat
08:05:14,146,Inner Lake Shore/Michigan Express,,Sat
10:18:03,151,Sheridan,,Sat
11:05:06,147,Outer DuSable Lake Shore Express,,Mon,Tue,Wed,Thu,Fri
20:36:22,147,Outer DuSable Lake Shore Express,,Sun
19:17:25,151,Sheridan,,Sun
17:07:04,146,Inner Lake Shore/Michigan Express,,Sat
16:11:55,147,Outer DuSable Lake Shore Express,,Sun
10:26:22,146,Inner Lake Shore/Michigan Express,,Sat
15:59:48,3,King Drive,,Mon,Tue,Wed,Thu,Fri
10:38:55,3,King Drive,,Sun
08:47:55,147,Outer DuSable Lake Shore Express,,Mon,Tue,Wed,Thu,Fri
15:51:26,146,Inner Lake Shore/Michigan Express,,Mon,Tue,Wed,Thu,Fri
19:51:56,3,King Drive,,Sat
19:38:30,146,Inner Lake Shore/Michigan Express,,Sat
21:16:03,147,Outer DuSable Lake Shore Express,,Mon,Tue,Wed,Thu,Fri
21:08:44,146,Inner Lake Shore/Michigan Express,,Sun
18:00:46,147,Outer DuSable Lake Shore Express,,Mon,Tue,Wed,Thu,Fri
20:28:55,147,Outer DuSable Lake Shore Express,,Sat
12:28:18,146,Inner Lake Shore/Michigan Express,,Sat
15:32:48,3,King Drive,,Sun
11:40:18,146,Inner Lake Shore/Michigan Express,,Sat
20:10:22,146,Inner Lake Shore/Michigan Express,,Sun
07:54:55,143,Stockton/Michigan Express,,Mon,Tue,Wed,Thu,Fri
16:20:33,3,King Drive,,Sat
21:28:14,146,Inner Lake Shore/Michigan Express,,Sun
12:28:40,3,King Drive,,Mon,Tue,Wed,Thu,Fri
21:53:52,147,Outer DuSable Lake Shore Express,,Mon,Tue,Wed,Thu,Fri
08:42:44,151,Sheridan,,Mon,Tue,Wed,Thu,Fri
16:50:04,146,Inner Lake Shore/Michigan Express,,Sat
19:02:25,151,Sheridan,,Sun
08:28:25,147,Outer DuSable Lake Shore Express,,Mon,Tue,Wed,Thu,Fri
10:01:03,147,Outer DuSable Lake Shore Express,,Sun
09:10:40,146,Inner Lake Shore/Michigan Express,,Sat
08:53:31,151,Sheridan,,Sat
14:12:10,26,South Shore Express,,Mon,Tue,Wed,Thu,Fri
14:04:30,146,Inner Lake Shore/Michigan Express,,Sun
08:10:55,147,Outer DuSable Lake Shore Express,,Mon,Tue,Wed,Thu,Fri
08:40:30,146,Inner Lake Shore/Michigan Express,,Mon,Tue,Wed,Thu,Fri
19:03:52,147,Outer DuSable Lake Shore Express,,Sun
15:34:21,146,Inner Lake Shore/Michigan Express,,Sat
17:26:51,146,Inner Lake Shore/Michigan Express,,Mon,Tue,Wed,Thu,Fri
10:41:33,151,Sheridan,,Sun
18:33:27,147,Outer DuSable Lake Shore Express,,Sat
08:40:30,146,Inner Lake Shore/Michigan Express,,Mon,Tue,Wed,Thu,Fri
10:58:14,151,Sheridan,,Sat
07:42:33,151,Sheridan,,Mon,Tue,Wed,Thu,Fri
18:46:08,125,Water Tower Express,,Mon,Tue,Wed,Thu,Fri
08:44:30,146,Inner Lake Shore/Michigan Express,,Mon,Tue,Wed,Thu,Fri
08:18:48,148,Clarendon/Michigan Express,,Mon,Tue,Wed,Thu,Fri
11:54:25,151,Sheridan,,Sat
16:43:41,151,Sheridan,,Sat
20:27:44,151,Sheridan,,Mon,Tue,Wed,Thu,Fri
15:25:16,151,Sheridan,,Mon,Tue,Wed,Thu,Fri
17:52:51,26,South Shore Express,,Mon,Tue,Wed,Thu,Fri
17:11:19,151,Sheridan,,Mon,Tue,Wed,Thu,Fri
08:57:55,151,Sheridan,,Mon,Tue,Wed,Thu,Fri
22:32:22,147,Outer DuSable Lake Shore Express,,Sat
19:29:22,147,Outer DuSable Lake Shore Express,,Sun
14:20:16,147,Outer DuSable Lake Shore Express,,Sat
08:00:22,148,Clarendon/Michigan Express,,Mon,Tue,Wed,Thu,Fri
13:10:30,146,Inner Lake Shore/Michigan Express,,Sun
18:01:30,151,Sheridan,,Sat
14:38:21,146,Inner Lake Shore/Michigan Express,,Sat
18:53:10,26,South Shore Express,,Mon,Tue,Wed,Thu,Fri
18:58:27,147,Outer DuSable Lake Shore Express,,Sat
15:02:16,151,Sheridan,,Sun
21:28:40,146,Inner Lake Shore/Michigan Express,,Mon,Tue,Wed,Thu,Fri
17:31:30,151,Sheridan,,Sat
17:48:21,146,Inner Lake Shore/Michigan Express,,Sat
20:10:22,146,Inner Lake Shore/Michigan Express,,Sun
18:14:46,151,Sheridan,,Sun
21:28:14,146,Inner Lake Shore/Michigan Express,,Sun
16:42:16,151,Sheridan,,Sun
21:55:02,3,King Drive,,Mon,Tue,Wed,Thu,Fri
22:30:02,3,King Drive,,Mon,Tue,Wed,Thu,Fri
13:14:33,3,King Drive,,Sat
13:23:33,3,King Drive,,Sat
21:09:36,151,Sheridan,,Sat
08:04:43,125,Water Tower Express,,Mon,Tue,Wed,Thu,Fri
19:56:10,3,King Drive,,Mon,Tue,Wed,Thu,Fri
14:53:33,3,King Drive,,Sat
20:30:52,146,Inner Lake Shore/Michigan Express,,Mon,Tue,Wed,Thu,Fri
16:41:34,146,Inner Lake Shore/Michigan Express,,Sat
05:56:09,3,King Drive,,Sat
10:22:14,147,Outer DuSable Lake Shore Express,,Sun
09:56:22,146,Inner Lake Shore/Michigan Express,,Sat
16:45:30,146,Inner Lake Shore/Michigan Express,,Sun
21:13:52,146,Inner Lake Shore/Michigan Express,,Mon,Tue,Wed,Thu,Fri
19:06:13,146,Inner Lake Shore/Michigan Express,,Mon,Tue,Wed,Thu,Fri
06:03:31,147,Outer DuSable Lake Shore Express,,Mon,Tue,Wed,Thu,Fri
20:03:44,147,Outer DuSable Lake Shore Express,,Mon,Tue,Wed,Thu,Fri
14:22:30,146,Inner Lake Shore/Michigan Express,,Sun
21:37:33,147,Outer DuSable Lake Shore Express,,Sat
18:06:37,125,Water Tower Express,,Mon,Tue,Wed,Thu,Fri
20:25:18,3,King Drive,,Sat
11:12:22,146,Inner Lake Shore/Michigan Express,,Sun
19:29:22,147,Outer DuSable Lake Shore Express,,Sun
13:39:46,151,Sheridan,,Mon,Tue,Wed,Thu,Fri
12:46:02,3,King Drive,,Sun
07:14:10,146,Inner Lake Shore/Michigan Express,,Mon,Tue,Wed,Thu,Fri
14:45:10,26,South Shore Express,,Mon,Tue,Wed,Thu,Fri
19:41:25,151,Sheridan,,Mon,Tue,Wed,Thu,Fri
07:47:44,151,Sheridan,,Mon,Tue,Wed,Thu,Fri
05:36:09,3,King Drive,,Sat
17:00:19,151,Sheridan,,Mon,Tue,Wed,Thu,Fri
19:02:18,146,Inner Lake Shore/Michigan Express,,Sun
14:08:33,3,King Drive,,Sat
08:16:09,3,King Drive,,Sun
13:03:16,151,Sheridan,,Mon,Tue,Wed,Thu,Fri
06:47:02,146,Inner Lake Shore/Michigan Express,,Sun
15:10:21,146,Inner Lake Shore/Michigan Express,,Sat
15:35:33,3,King Drive,,Sat
10:26:55,151,Sheridan,,Mon,Tue,Wed,Thu,Fri
20:25:10,3,King Drive,,Mon,Tue,Wed,Thu,Fri
09:58:30,146,Inner Lake Shore/Michigan Express,,Mon,Tue,Wed,Thu,Fri
12:37:14,147,Outer DuSable Lake Shore Express,,Sat
22:55:18,3,King Drive,,Sat
07:48:14,143,Stockton/Michigan Express,,Mon,Tue,Wed,Thu,Fri
10:02:55,151,Sheridan,,Mon,Tue,Wed,Thu,Fri
11:36:32,3,King Drive,,Mon,Tue,Wed,Thu,Fri
11:56:43,146,Inner Lake Shore/Michigan Express,,Mon,Tue,Wed,Thu,Fri
10:05:30,146,Inner Lake Shore/Michigan Express,,Mon,Tue,Wed,Thu,Fri
08:00:52,146,Inner Lake Shore/Michigan Express,,Mon,Tue,Wed,Thu,Fri
22:13:14,146,Inner Lake Shore/Michigan Express,,Mon,Tue,Wed,Thu,Fri
14:35:18,3,King Drive,,Sun
12:56:33,3,King Drive,,Sat
06:38:32,148,Clarendon/Michigan Express,,Mon,Tue,Wed,Thu,Fri
19:44:22,147,Outer DuSable Lake Shore Express,,Sun
08:37:48,148,Clarendon/Michigan Express,,Mon,Tue,Wed,Thu,Fri
16:43:43,26,South Shore Express,,Mon,Tue,Wed,Thu,Fri
09:57:42,151,Sheridan,,Sun
17:33:57,147,Outer DuSable Lake Shore Express,,Sat
11:06:14,151,Sheridan,,Sat
09:07:02,3,King Drive,,Mon,Tue,Wed,Thu,Fri
10:50:18,146,Inner Lake Shore/Michigan Express,,Sat
09:58:10,146,Inner Lake Shore/Michigan Express,,Sun
15:40:56,146,Inner Lake Shore/Michigan Express,,Mon,Tue,Wed,Thu,Fri
16:35:43,26,South Shore Express,,Mon,Tue,Wed,Thu,Fri
16:17:26,3,King Drive,,Mon,Tue,Wed,Thu,Fri
06:21:09,151,Sheridan,,Sun
12:14:06,147,Outer DuSable Lake Shore Express,,Mon,Tue,Wed,Thu,Fri
09:17:48,146,Inner Lake Shore/Michigan Express,,Mon,Tue,Wed,Thu,Fri
13:32:13,146,Inner Lake Shore/Michigan Express,,Sat
23:20:01,151,Sheridan,,Sun
09:30:48,146,Inner Lake Shore/Michigan Express,,Mon,Tue,Wed,Thu,Fri
14:58:16,151,Sheridan,,Mon,Tue,Wed,Thu,Fri
07:07:12,151,Sheridan,,Mon,Tue,Wed,Thu,Fri
19:32:46,147,Outer DuSable Lake Shore Express,,Sat
19:21:56,3,King Drive,,Sat
17:15:41,151,Sheridan,,Sat
17:02:48,3,King Drive,,Sun
15:44:33,3,King Drive,,Sat
06:12:39,3,King Drive,,Mon,Tue,Wed,Thu,Fri
12:02:25,151,Sheridan,,Sat
15:18:21,146,Inner Lake Shore/Michigan Express,,Sat
16:40:08,151,Sheridan,,Mon,Tue,Wed,Thu,Fri
07:40:14,147,Outer DuSable Lake Shore Express,,Mon,Tue,Wed,Thu,Fri
09:49:10,146,Inner Lake Shore/Michigan Express,,Sun
11:46:14,147,Outer DuSable Lake Shore Express,,Sat
07:40:14,143,Stockton/Michigan Express,,Mon,Tue,Wed,Thu,Fri
10:42:18,146,Inner Lake Shore/Michigan Express,,Sat
15:26:33,3,King Drive,,Sat
23:09:03,151,Sheridan,,Sat
22:17:01,147,Outer DuSable Lake Shore Express,,Sun
15:35:51,26,South Shore Express,,Mon,Tue,Wed,Thu,Fri
22:18:02,3,King Drive,,Mon,Tue,Wed,Thu,Fri
12:10:36,151,Sheridan,,Sat
12:27:26,3,King Drive,,Sat
09:18:18,148,Clarendon/Michigan Express,,Mon,Tue,Wed,Thu,Fri
14:12:43,146,Inner Lake Shore/Michigan Express,,Sat
09:29:57,146,Inner Lake Shore/Michigan Express,,Sun
11:31:02,3,King Drive,,Sun
13:59:33,3,King Drive,,Sat
13:05:33,3,King Drive,,Sat
17:46:37,125,Water Tower Express,,Mon,Tue,Wed,Thu,Fri
08:02:44,151,Sheridan,,Mon,Tue,Wed,Thu,Fri
07:02:17,3,King Drive,,Mon,Tue,Wed,Thu,Fri
09:58:25,147,Outer DuSable Lake Shore Express,,Mon,Tue,Wed,Thu,Fri
12:04:18,146,Inner Lake Shore/Michigan Express,,Sat
08:23:31,151,Sheridan,,Sat
17:38:08,146,Inner Lake Shore/Michigan Express,,Mon,Tue,Wed,Thu,Fri
05:28:48,151,Sheridan,,Sat
15:06:57,151,Sheridan,,Sat
12:37:33,3,King Drive,,Sat
13:59:33,3,King Drive,,Sat
19:55:17,26,South Shore Express,,Mon,Tue,Wed,Thu,Fri
17:31:51,146,Inner Lake Shore/Michigan Express,,Sat
17:40:21,146,Inner Lake Shore/Michigan Express,,Sat
18:21:18,146,Inner Lake Shore/Michigan Express,,Sun
23:54:17,3,King Drive,,Sun
07:52:33,151,Sheridan,,Mon,Tue,Wed,Thu,Fri
09:58:25,147,Outer DuSable Lake Shore Express,,Mon,Tue,Wed,Thu,Fri
11:19:44,147,Outer DuSable Lake Shore Express,,Sat
18:05:48,3,King Drive,,Sun
07:18:22,143,Stockton/Michigan Express,,Mon,Tue,Wed,Thu,Fri
13:30:57,151,Sheridan,,Sat
18:26:46,151,Sheridan,,Sun
12:21:44,151,Sheridan,,Sun
07:50:10,148,Clarendon/Michigan Express,,Mon,Tue,Wed,Thu,Fri
10:51:33,151,Sheridan,,Sun
16:02:16,151,Sheridan,,Sun
11:02:55,151,Sheridan,,Mon,Tue,Wed,Thu,Fri
17:15:41,151,Sheridan,,Sat
19:21:56,3,King Drive,,Sat
12:36:56,146,Inner Lake Shore/Michigan Express,,Sun
10:45:44,147,Outer DuSable Lake Shore Express,,Sat
10:03:55,3,King Drive,,Sat
05:50:01,147,Outer DuSable Lake Shore Express,,Mon,Tue,Wed,Thu,Fri
13:44:40,3,King Drive,,Mon,Tue,Wed,Thu,Fri
15:52:30,146,Inner Lake Shore/Michigan Express,,Sun
15:30:26,146,Inner Lake Shore/Michigan Express,,Mon,Tue,Wed,Thu,Fri
17:31:03,3,King Drive,,Mon,Tue,Wed,Thu,Fri
09:37:18,146,Inner Lake Shore/Michigan Express,,Mon,Tue,Wed,Thu,Fri
20:36:22,147,Outer DuSable Lake Shore Express,,Sun
07:57:02,3,King Drive,,Mon,Tue,Wed,Thu,Fri
13:15:16,151,Sheridan,,Mon,Tue,Wed,Thu,Fri
14:13:30,146,Inner Lake Shore/Michigan Express,,Sun
10:36:22,146,Inner Lake Shore/Michigan Express,,Sun
09:45:42,151,Sheridan,,Sun
05:50:01,147,Outer DuSable Lake Shore Express,,Mon,Tue,Wed,Thu,Fri
07:44:22,146,Inner Lake Shore/Michigan Express,,Mon,Tue,Wed,Thu,Fri
15:31:19,151,Sheridan,,Sat
15:09:48,3,King Drive,,Sun
20:48:44,146,Inner Lake Shore/Michigan Express,,Sun
16:34:55,147,Outer DuSable Lake Shore Express,,Sun
17:40:21,146,Inner Lake Shore/Michigan Express,,Sat
17:41:30,151,Sheridan,,Sat
24:02:25,3,King Drive,,Sat
17:59:27,147,Outer DuSable Lake Shore Express,,Sat
07:36:31,151,Sheridan,,Sun
06:32:17,3,King Drive,,Mon,Tue,Wed,Thu,Fri
16:22:16,151,Sheridan,,Sun
22:47:32,146,Inner Lake Shore/Michigan Express,,Sun
06:55:57,146,Inner Lake Shore/Michigan Express,,Mon,Tue,Wed,Thu,Fri
12:17:40,3,King Drive,,Mon,Tue,Wed,Thu,Fri
17:50:26,3,King Drive,,Mon,Tue,Wed,Thu,Fri
14:53:55,147,Outer DuSable Lake Shore Express,,Sun
08:22:18,146,Inner Lake Shore/Michigan Express,,Mon,Tue,Wed,Thu,Fri
18:26:51,146,Inner Lake Shore/Michigan Express,,Sat
06:03:31,147,Outer DuSable Lake Shore Express,,Mon,Tue,Wed,Thu,Fri
17:38:08,146,Inner Lake Shore/Michigan Express,,Mon,Tue,Wed,Thu,Fri
15:42:16,151,Sheridan,,Sun
21:30:18,3,King Drive,,Sat
18:41:30,151,Sheridan,,Sat
17:54:48,3,King Drive,,Sun
13:19:30,146,Inner Lake Shore/Michigan Express,,Sun
13:53:46,147,Outer DuSable Lake Shore Express,,Sat
06:13:02,146,Inner Lake Shore/Michigan Express,,Mon,Tue,Wed,Thu,Fri
14:32:16,151,Sheridan,,Sun
18:53:10,26,South Shore Express,,Mon,Tue,Wed,Thu,Fri
15:31:48,3,King Drive,,Mon,Tue,Wed,Thu,Fri
01:09:07,151,Sheridan,,Tue,Wed,Thu,Fri,Sat
08:25:14,146,Inner Lake Shore/Michigan Express,,Sat
11:11:44,151,Sheridan,,Sun
13:12:40,3,King Drive,,Mon,Tue,Wed,Thu,Fri
20:43:14,151,Sheridan,,Mon,Tue,Wed,Thu,Fri
09:17:12,147,Outer DuSable Lake Shore Express,,Sun
07:30:03,147,Outer DuSable Lake Shore Express,,Mon,Tue,Wed,Thu,Fri
08:57:02,3,King Drive,,Mon,Tue,Wed,Thu,Fri
21:53:52,147,Outer DuSable Lake Shore Express,,Mon,Tue,Wed,Thu,Fri
17:42:27,147,Outer DuSable Lake Shore Express,,Sat
15:53:33,3,King Drive,,Sat
21:26:44,147,Outer DuSable Lake Shore Express,,Sat
18:11:30,151,Sheridan,,Sat
23:13:31,147,Outer DuSable Lake Shore Express,,Sun
10:58:18,146,Inner Lake Shore/Michigan Express,,Sat
14:48:46,151,Sheridan,,Mon,Tue,Wed,Thu,Fri
19:11:56,3,King Drive,,Sat
10:18:52,146,Inner Lake Shore/Michigan Express,,Sat
13:36:46,147,Outer DuSable Lake Shore Express,,Sat
24:02:25,3,King Drive,,Sat
10:45:06,147,Outer DuSable Lake Shore Express,,Mon,Tue,Wed,Thu,Fri
07:47:14,147,Outer DuSable Lake Shore Express,,Mon,Tue,Wed,Thu,Fri
21:49:22,146,Inner Lake Shore/Michigan Express,,Sat
13:42:06,151,Sheridan,,Sun
17:33:49,151,Sheridan,,Mon,Tue,Wed,Thu,Fri
20:15:52,146,Inner Lake Shore/Michigan Express,,Mon,Tue,Wed,Thu,Fri
10:19:32,3,King Drive,,Mon,Tue,Wed,Thu,Fri
07:51:44,147,Outer DuSable Lake Shore Express,,Mon,Tue,Wed,Thu,Fri
14:34:57,151,Sheridan,,Sat
15:21:18,3,King Drive,,Sun
14:49:30,146,Inner Lake Shore/Michigan Express,,Sun
10:34:18,146,Inner Lake Shore/Michigan Express,,Sat
21:05:02,3,King Drive,,Sun
08:23:36,143,Stockton/Michigan Express,,Mon,Tue,Wed,Thu,Fri
16:52:33,3,King Drive,,Mon,Tue,Wed,Thu,Fri
19:11:56,3,King Drive,,Sat
12:58:57,151,Sheridan,,Sat
17:20:55,147,Outer DuSable Lake Shore Express,,Sun
13:54:28,26,South Shore Express,,Mon,Tue,Wed,Thu,Fri
18:31:30,151,Sheridan,,Sat
12:07:35,146,Inner Lake Shore/Michigan Express,,Sun
13:14:33,3,King Drive,,Sat
20:31:48,146,Inner Lake Shore/Michigan Express,,Sat
09:57:42,151,Sheridan,,Sun
21:17:18,3,King Drive,,Sat
13:02:46,147,Outer DuSable Lake Shore Express,,Sat
09:08:12,147,Outer DuSable Lake Shore Express,,Sun
16:11:48,3,King Drive,,Mon,Tue,Wed,Thu,Fri
23:12:22,147,Outer DuSable Lake Shore Express,,Sat
09:45:42,151,Sheridan,,Sun
22:34:55,3,King Drive,,Sun
19:48:10,3,King Drive,,Sun
07:44:31,151,Sheridan,,Sat
16:37:26,146,Inner Lake Shore/Michigan Express,,Mon,Tue,Wed,Thu,Fri
14:18:57,151,Sheridan,,Sat
06:45:52,147,Outer DuSable Lake Shore Express,,Mon,Tue,Wed,Thu,Fri
07:42:33,151,Sheridan,,Mon,Tue,Wed,Thu,Fri
16:03:19,151,Sheridan,,Sat
16:27:41,151,Sheridan,,Sat
10:03:52,146,Inner Lake Shore/Michigan Express,,Sat
22:33:22,147,Outer DuSable Lake Shore Express,,Mon,Tue,Wed,Thu,Fri
22:44:25,3,King Drive,,Mon,Tue,Wed,Thu,Fri
09:11:55,3,King Drive,,Sat
17:02:51,146,Inner Lake Shore/Michigan Express,,Mon,Tue,Wed,Thu,Fri
13:29:16,147,Outer DuSable Lake Shore Express,,Sat
15:52:57,151,Sheridan,,Mon,Tue,Wed,Thu,Fri
14:31:30,146,Inner Lake Shore/Michigan Express,,Sun
08:17:02,3,King Drive,,Mon,Tue,Wed,Thu,Fri
12:21:44,151,Sheridan,,Sun
13:46:16,147,Outer DuSable Lake Shore Express,,Sat
07:32:22,151,Sheridan,,Mon,Tue,Wed,Thu,Fri
08:26:48,146,Inner Lake Shore/Michigan Express,,Mon,Tue,Wed,Thu,Fri
07:33:09,3,King Drive,,Sat
08:23:14,146,Inner Lake Shore/Michigan Express,,Sun
07:20:01,151,Sheridan,,Sun
18:21:30,151,Sheridan,,Sat
12:25:35,146,Inner Lake Shore/Michigan Express,,Sun
10:34:14,151,Sheridan,,Sat
16:17:26,3,King Drive,,Mon,Tue,Wed,Thu,Fri
11:03:32,3,King Drive,,Mon,Tue,Wed,Thu,Fri
07:32:52,148,Clarendon/Michigan Express,,Mon,Tue,Wed,Thu,Fri
14:18:57,151,Sheridan,,Sat
13:12:16,147,Outer DuSable Lake Shore Express,,Sat
11:30:22,146,Inner Lake Shore/Michigan Express,,Sun
17:09:03,3,King Drive,,Mon,Tue,Wed,Thu,Fri
16:16:04,146,Inner Lake Shore/Michigan Express,,Sat
10:02:03,151,Sheridan,,Sat
10:57:18,146,Inner Lake Shore/Michigan Express,,Mon,Tue,Wed,Thu,Fri
16:11:48,3,King Drive,,Mon,Tue,Wed,Thu,Fri
16:24:56,146,Inner Lake Shore/Michigan Express,,Mon,Tue,Wed,Thu,Fri
16:45:30,146,Inner Lake Shore/Michigan Express,,Sun
08:41:09,3,King Drive,,Sat
10:29:55,3,King Drive,,Sat
08:47:44,151,Sheridan,,Mon,Tue,Wed,Thu,Fri
06:16:01,147,Outer DuSable Lake Shore Express,,Sun
13:46:57,151,Sheridan,,Sat
18:41:57,147,Outer DuSable Lake Shore Express,,Sat
16:49:49,151,Sheridan,,Mon,Tue,Wed,Thu,Fri
13:03:44,147,Outer DuSable Lake Shore Express,,Sun
11:14:18,146,Inner Lake Shore/Michigan Express,,Sat
08:35:48,146,Inner Lake Shore/Michigan Express,,Mon,Tue,Wed,Thu,Fri
13:36:28,26,South Shore Express,,Mon,Tue,Wed,Thu,Fri
15:27:55,147,Outer DuSable Lake Shore Express,,Sun
06:27:49,146,Inner Lake Shore/Michigan Express,,Sat
10:36:22,146,Inner Lake Shore/Michigan Express,,Sun
08:22:55,147,Outer DuSable Lake Shore Express,,Mon,Tue,Wed,Thu,Fri
22:14:55,3,King Drive,,Sun
14:12:43,146,Inner Lake Shore/Michigan Express,,Sat
11:01:44,151,Sheridan,,Sun
09:35:27,148,Clarendon/Michigan Express,,Mon,Tue,Wed,Thu,Fri
13:54:10,3,King Drive,,Mon,Tue,Wed,Thu,Fri
21:08:44,146,Inner Lake Shore/Michigan Express,,Sun
22:55:18,3,King Drive,,Sat
13:41:33,3,King Drive,,Sat
15:08:16,151,Sheridan,,Mon,Tue,Wed,Thu,Fri
08:27:44,151,Sheridan,,Mon,Tue,Wed,Thu,Fri
21:04:17,26,South Shore Express,,Mon,Tue,Wed,Thu,Fri
19:01:19,151,Sheridan,,Sat
23:45:25,3,King Drive,,Sat
09:38:22,147,Outer DuSable Lake Shore Express,,Sun
17:11:19,151,Sheridan,,Mon,Tue,Wed,Thu,Fri
05:00:28,151,Sheridan,,Mon,Tue,Wed,Thu,Fri
15:40:56,146,Inner Lake Shore/Michigan Express,,Mon,Tue,Wed,Thu,Fri
19:44:22,147,Outer DuSable Lake Shore Express,,Sun
07:17:12,151,Sheridan,,Mon,Tue,Wed,Thu,Fri
12:52:06,151,Sheridan,,Sun
12:08:44,147,Outer DuSable Lake Shore Express,,Sun
18:04:16,151,Sheridan,,Sun
17:43:46,151,Sheridan,,Sun
11:34:06,147,Outer DuSable Lake Shore Express,,Mon,Tue,Wed,Thu,Fri
14:54:21,146,Inner Lake Shore/Michigan Express,,Sat
12:46:02,3,King Drive,,Sun
05:40:58,151,Sheridan,,Sun
08:57:55,151,Sheridan,,Mon,Tue,Wed,Thu,Fri
21:17:18,3,King Drive,,Sat
18:39:40,26,South Shore Express,,Mon,Tue,Wed,Thu,Fri
19:07:38,146,Inner Lake Shore/Michigan Express,,Sat
15:43:27,151,Sheridan,,Mon,Tue,Wed,Thu,Fri
21:49:33,147,Outer DuSable Lake Shore Express,,Sat
19:18:18,146,Inner Lake Shore/Michigan Express,,Mon,Tue,Wed,Thu,Fri
12:11:44,151,Sheridan,,Sun
11:14:14,151,Sheridan,,Sat
16:30:56,3,King Drive,,Mon,Tue,Wed,Thu,Fri
14:04:46,151,Sheridan,,Mon,Tue,Wed,Thu,Fri
20:28:47,26,South Shore Express,,Mon,Tue,Wed,Thu,Fri
19:25:40,125,Water Tower Express,,Mon,Tue,Wed,Thu,Fri
20:49:02,3,King Drive,,Sun
23:39:03,151,Sheridan,,Sat
17:09:03,3,King Drive,,Mon,Tue,Wed,Thu,Fri
08:06:05,146,Inner Lake Shore/Michigan Express,,Mon,Tue,Wed,Thu,Fri
13:56:46,147,Outer DuSable Lake Shore Express,,Mon,Tue,Wed,Thu,Fri
08:02:44,151,Sheridan,,Mon,Tue,Wed,Thu,Fri
21:30:18,3,King Drive,,Sat
08:11:35,146,Inner Lake Shore/Michigan Express,,Mon,Tue,Wed,Thu,Fri
11:54:25,151,Sheridan,,Sat
09:12:44,151,Sheridan,,Mon,Tue,Wed,Thu,Fri
05:00:28,151,Sheridan,,Mon,Tue,Wed,Thu,Fri
14:58:30,146,Inner Lake Shore/Michigan Express,,Sun
13:48:48,3,King Drive,,Sun
12:50:40,3,King Drive,,Mon,Tue,Wed,Thu,Fri
13:06:56,146,Inner Lake Shore/Michigan Express,,Mon,Tue,Wed,Thu,Fri
16:01:56,146,Inner Lake Shore/Michigan Express,,Mon,Tue,Wed,Thu,Fri
15:10:21,146,Inner Lake Shore/Michigan Express,,Sat
18:03:10,26,South Shore Express,,Mon,Tue,Wed,Thu,Fri
19:11:10,3,King Drive,,Sun
18:29:18,3,King Drive,,Mon,Tue,Wed,Thu,Fri
19:51:22,146,Inner Lake Shore/Michigan Express,,Sun
08:30:48,148,Clarendon/Michigan Express,,Mon,Tue,Wed,Thu,Fri
09:53:52,151,Sheridan,,Sat
18:39:21,146,Inner Lake Shore/Michigan Express,,Sat
19:38:10,3,King Drive,,Mon,Tue,Wed,Thu,Fri
17:50:57,147,Outer DuSable Lake Shore Express,,Sat
21:48:14,146,Inner Lake Shore/Michigan Express,,Sun
06:59:01,147,Outer DuSable Lake Shore Express,,Sat
10:01:03,147,Outer DuSable Lake Shore Express,,Sun
09:52:55,151,Sheridan,,Mon,Tue,Wed,Thu,Fri
21:55:31,147,Outer DuSable Lake Shore Express,,Sun
16:35:43,26,South Shore Express,,Mon,Tue,Wed,Thu,Fri
22:18:42,151,Sheridan,,Mon,Tue,Wed,Thu,Fri
23:00:39,3,King Drive,,Mon,Tue,Wed,Thu,Fri
10:38:55,3,King Drive,,Sun
13:27:56,146,Inner Lake Shore/Michigan Express,,Mon,Tue,Wed,Thu,Fri
07:16:40,148,Clarendon/Michigan Express,,Mon,Tue,Wed,Thu,Fri
08:06:05,146,Inner Lake Shore/Michigan Express,,Mon,Tue,Wed,Thu,Fri
22:29:10,146,Inner Lake Shore/Michigan Express,,Sat
20:54:31,147,Outer DuSable Lake Shore Express,,Sun
22:53:22,147,Outer DuSable Lake Shore Express,,Mon,Tue,Wed,Thu,Fri
12:30:44,147,Outer DuSable Lake Shore Express,,Sun
22:17:01,147,Outer DuSable Lake Shore Express,,Sun
20:46:17,26,South Shore Express,,Mon,Tue,Wed,Thu,Fri
16:24:56,3,King Drive,,Mon,Tue,Wed,Thu,Fri
17:52:26,146,Inner Lake Shore/Michigan Express,,Mon,Tue,Wed,Thu,Fri
12:45:56,146,Inner Lake Shore/Michigan Express,,Sun
12:42:57,151,Sheridan,,Sat
17:13:48,3,King Drive,,Sun
08:58:09,3,King Drive,,Sun
10:03:33,147,Outer DuSable Lake Shore Express,,Sat
14:34:10,3,King Drive,,Mon,Tue,Wed,Thu,Fri
20:09:55,147,Outer DuSable Lake Shore Express,,Sat
18:21:43,146,Inner Lake Shore/Michigan Express,,Mon,Tue,Wed,Thu,Fri
13:27:16,151,Sheridan,,Mon,Tue,Wed,Thu,Fri
08:44:30,146,Inner Lake Shore/Michigan Express,,Mon,Tue,Wed,Thu,Fri
09:06:00,146,Inner Lake Shore/Michigan Express,,Mon,Tue,Wed,Thu,Fri
23:06:42,151,Sheridan,,Mon,Tue,Wed,Thu,Fri
08:06:44,146,Inner Lake Shore/Michigan Express,,Sun
09:02:44,151,Sheridan,,Mon,Tue,Wed,Thu,Fri
21:55:31,147,Outer DuSable Lake Shore Express,,Sun
13:03:44,147,Outer DuSable Lake Shore Express,,Sun
12:12:18,146,Inner Lake Shore/Michigan Express,,Sat
14:07:46,147,Outer DuSable Lake Shore Express,,Mon,Tue,Wed,Thu,Fri
09:51:00,146,Inner Lake Shore/Michigan Express,,Mon,Tue,Wed,Thu,Fri
19:23:10,3,King Drive,,Sun
17:14:51,146,Inner Lake Shore/Michigan Express,,Sat
17:16:38,147,Outer DuSable Lake Shore Express,,Mon,Tue,Wed,Thu,Fri
08:32:44,151,Sheridan,,Mon,Tue,Wed,Thu,Fri
11:47:02,3,King Drive,,Mon,Tue,Wed,Thu,Fri
13:02:06,151,Sheridan,,Sun
07:54:14,146,Inner Lake Shore/Michigan Express,,Sat
14:13:30,146,Inner Lake Shore/Michigan Express,,Sun
08:24:48,148,Clarendon/Michigan Express,,Mon,Tue,Wed,Thu,Fri
18:16:48,3,King Drive,,Sun
18:31:56,3,King Drive,,Sat
10:41:32,3,King Drive,,Mon,Tue,Wed,Thu,Fri
10:05:30,146,Inner Lake Shore/Michigan Express,,Mon,Tue,Wed,Thu,Fri
13:27:56,146,Inner Lake Shore/Michigan Express,,Mon,Tue,Wed,Thu,Fri
15:32:16,151,Sheridan,,Sun
20:39:46,151,Sheridan,,Sat
14:22:30,146,Inner Lake Shore/Michigan Express,,Sun
06:39:22,147,Outer DuSable Lake Shore Express,,Mon,Tue,Wed,Thu,Fri
19:46:05,146,Inner Lake Shore/Michigan Express,,Mon,Tue,Wed,Thu,Fri
23:12:10,3,King Drive,,Sat
17:42:32,26,South Shore Express,,Mon,Tue,Wed,Thu,Fri
08:37:09,3,King Drive,,Sun
10:38:55,151,Sheridan,,Mon,Tue,Wed,Thu,Fri
21:54:25,151,Sheridan,,Sat
08:52:57,146,Inner Lake Shore/Michigan Express,,Sat
00:29:09,3,King Drive,,Tue,Wed,Thu,Fri,Sat
11:15:18,146,Inner Lake Shore/Michigan Express,,Mon,Tue,Wed,Thu,Fri
09:37:18,146,Inner Lake Shore/Michigan Express,,Mon,Tue,Wed,Thu,Fri
13:37:56,146,Inner Lake Shore/Michigan Express,,Mon,Tue,Wed,Thu,Fri
06:27:39,151,Sheridan,,Sat
12:33:32,3,King Drive,,Sun
08:37:12,147,Outer DuSable Lake Shore Express,,Sun
11:25:32,3,King Drive,,Mon,Tue,Wed,Thu,Fri
06:22:47,3,King Drive,,Mon,Tue,Wed,Thu,Fri
11:58:35,146,Inner Lake Shore/Michigan Express,,Sun
17:30:30,146,Inner Lake Shore/Michigan Express,,Sun
06:36:02,146,Inner Lake Shore/Michigan Express,,Mon,Tue,Wed,Thu,Fri
12:54:56,146,Inner Lake Shore/Michigan Express,,Sun
13:57:56,146,Inner Lake Shore/Michigan Express,,Mon,Tue,Wed,Thu,Fri
07:34:09,3,King Drive,,Sun
00:39:07,151,Sheridan,,Mon
18:12:03,3,King Drive,,Sat
09:44:52,147,Outer DuSable Lake Shore Express,,Sat
21:26:44,147,Outer DuSable Lake Shore Express,,Sat
06:09:09,151,Sheridan,,Sat
17:55:25,147,Outer DuSable Lake Shore Express,,Sun
07:14:20,151,Sheridan,,Sat
15:19:56,146,Inner Lake Shore/Michigan Express,,Mon,Tue,Wed,Thu,Fri
18:52:03,147,Outer DuSable Lake Shore Express,,Sun
21:00:22,151,Sheridan,,Sun
07:20:25,3,King Drive,,Mon,Tue,Wed,Thu,Fri
15:10:33,3,King Drive,,Sat
23:39:50,151,Sheridan,,Sun
14:59:18,3,King Drive,,Mon,Tue,Wed,Thu,Fri
20:28:55,147,Outer DuSable Lake Shore Express,,Sat
19:45:14,147,Outer DuSable Lake Shore Express,,Mon,Tue,Wed,Thu,Fri
08:02:52,148,Clarendon/Michigan Express,,Mon,Tue,Wed,Thu,Fri
21:31:03,151,Sheridan,,Mon,Tue,Wed,Thu,Fri
08:01:55,143,Stockton/Michigan Express,,Mon,Tue,Wed,Thu,Fri
16:50:08,146,Inner Lake Shore/Michigan Express,,Mon,Tue,Wed,Thu,Fri
16:27:13,26,South Shore Express,,Mon,Tue,Wed,Thu,Fri
08:32:44,151,Sheridan,,Mon,Tue,Wed,Thu,Fri
21:35:01,147,Outer DuSable Lake Shore Express,,Sun
09:50:10,148,Clarendon/Michigan Express,,Mon,Tue,Wed,Thu,Fri
14:56:37,125,Water Tower Express,,Mon,Tue,Wed,Thu,Fri
13:36:28,26,South Shore Express,,Mon,Tue,Wed,Thu,Fri
10:50:14,151,Sheridan,,Sat
13:47:56,146,Inner Lake Shore/Michigan Express,,Mon,Tue,Wed,Thu,Fri
21:00:22,151,Sheridan,,Sun
13:54:10,3,King Drive,,Mon,Tue,Wed,Thu,Fri
06:07:20,147,Outer DuSable Lake Shore Express,,Sat
11:17:55,3,King Drive,,Sun
16:12:56,146,Inner Lake Shore/Michigan Express,,Mon,Tue,Wed,Thu,Fri
19:48:10,3,King Drive,,Sun
14:59:40,26,South Shore Express,,Mon,Tue,Wed,Thu,Fri
12:05:06,147,Outer DuSable Lake Shore Express,,Mon,Tue,Wed,Thu,Fri
17:23:13,26,South Shore Express,,Mon,Tue,Wed,Thu,Fri
18:26:37,125,Water Tower Express,,Mon,Tue,Wed,Thu,Fri
14:38:21,146,Inner Lake Shore/Michigan Express,,Sat
23:00:01,151,Sheridan,,Sun
10:38:14,147,Outer DuSable Lake Shore Express,,Sat
13:19:46,147,Outer DuSable Lake Shore Express,,Sat
18:58:27,147,Outer DuSable Lake Shore Express,,Sat
14:23:48,3,King Drive,,Sun
13:06:56,146,Inner Lake Shore/Michigan Express,,Mon,Tue,Wed,Thu,Fri
07:05:52,147,Outer DuSable Lake Shore Express,,Mon,Tue,Wed,Thu,Fri
09:11:30,146,Inner Lake Shore/Michigan Express,,Mon,Tue,Wed,Thu,Fri
15:02:33,3,King Drive,,Sat
20:13:56,3,King Drive,,Sat
09:34:52,147,Outer DuSable Lake Shore Express,,Sat
08:57:55,3,King Drive,,Sat
18:15:21,146,Inner Lake Shore/Michigan Express,,Sat
18:01:30,151,Sheridan,,Sat
06:53:32,148,Clarendon/Michigan Express,,Mon,Tue,Wed,Thu,Fri
18:06:18,3,King Drive,,Mon,Tue,Wed,Thu,Fri
15:20:19,147,Outer DuSable Lake Shore Express,,Sat
07:52:33,151,Sheridan,,Mon,Tue,Wed,Thu,Fri
06:44:09,151,Sheridan,,Sat
07:08:32,148,Clarendon/Michigan Express,,Mon,Tue,Wed,Thu,Fri
17:48:21,146,Inner Lake Shore/Michigan Express,,Sat
13:30:57,151,Sheridan,,Sat
07:45:12,147,Outer DuSable Lake Shore Express,,Sun
12:50:57,151,Sheridan,,Sat
06:27:49,146,Inner Lake Shore/Michigan Express,,Sat
11:03:32,3,King Drive,,Mon,Tue,Wed,Thu,Fri
09:30:48,146,Inner Lake Shore/Michigan Express,,Mon,Tue,Wed,Thu,Fri
15:02:21,146,Inner Lake Shore/Michigan Express,,Sat
12:34:06,147,Outer DuSable Lake Shore Express,,Mon,Tue,Wed,Thu,Fri
18:16:46,151,Sheridan,,Mon,Tue,Wed,Thu,Fri
06:26:02,146,Inner Lake Shore/Michigan Express,,Mon,Tue,Wed,Thu,Fri
08:55:16,143,Stockton/Michigan Express,,Mon,Tue,Wed,Thu,Fri
18:00:46,147,Outer DuSable Lake Shore Express,,Mon,Tue,Wed,Thu,Fri
18:05:48,3,King Drive,,Sun
18:41:56,3,King Drive,,Sat
09:10:42,147,Outer DuSable Lake Shore Express,,Sat
15:52:30,146,Inner Lake Shore/Michigan Express,,Sun
19:02:25,151,Sheridan,,Sun
18:45:18,3,King Drive,,Mon,Tue,Wed,Thu,Fri
21:20:12,151,Sheridan,,Sun
07:03:12,143,Stockton/Michigan Express,,Mon,Tue,Wed,Thu,Fri
15:54:19,147,Outer DuSable Lake Shore Express,,Sat
14:31:55,147,Outer DuSable Lake Shore Express,,Sun
10:55:14,147,Outer DuSable Lake Shore Express,,Sat
07:02:17,3,King Drive,,Mon,Tue,Wed,Thu,Fri
23:13:22,147,Outer DuSable Lake Shore Express,,Mon,Tue,Wed,Thu,Fri
16:33:04,146,Inner Lake Shore/Michigan Express,,Sat
11:46:43,146,Inner Lake Shore/Michigan Express,,Mon,Tue,Wed,Thu,Fri
12:56:36,147,Outer DuSable Lake Shore Express,,Mon,Tue,Wed,Thu,Fri
09:21:42,151,Sheridan,,Sun
05:34:20,147,Outer DuSable Lake Shore Express,,Mon,Tue,Wed,Thu,Fri
09:06:00,146,Inner Lake Shore/Michigan Express,,Mon,Tue,Wed,Thu,Fri
21:38:55,3,King Drive,,Sun
13:55:30,146,Inner Lake Shore/Michigan Express,,Sun
08:12:35,148,Clarendon/Michigan Express,,Mon,Tue,Wed,Thu,Fri
17:34:48,3,King Drive,,Sun
08:43:44,146,Inner Lake Shore/Michigan Express,,Sat
06:15:42,147,Outer DuSable Lake Shore Express,,Mon,Tue,Wed,Thu,Fri
14:20:43,146,Inner Lake Shore/Michigan Express,,Sat
13:14:44,147,Outer DuSable Lake Shore Express,,Sun
14:48:46,151,Sheridan,,Mon,Tue,Wed,Thu,Fri
09:01:25,147,Outer DuSable Lake Shore Express,,Mon,Tue,Wed,Thu,Fri
17:23:16,151,Sheridan,,Sun
06:46:44,146,Inner Lake Shore/Michigan Express,,Mon,Tue,Wed,Thu,Fri
10:33:14,147,Outer DuSable Lake Shore Express,,Sun
12:56:56,146,Inner Lake Shore/Michigan Express,,Mon,Tue,Wed,Thu,Fri
17:56:21,146,Inner Lake Shore/Michigan Express,,Sat
23:07:14,146,Inner Lake Shore/Michigan Express,,Mon,Tue,Wed,Thu,Fri
06:55:57,146,Inner Lake Shore/Michigan Express,,Mon,Tue,Wed,Thu,Fri
16:36:03,3,King Drive,,Mon,Tue,Wed,Thu,Fri
19:01:18,3,King Drive,,Mon,Tue,Wed,Thu,Fri
20:51:48,146,Inner Lake Shore/Michigan Express,,Sat
16:23:08,147,Outer DuSable Lake Shore Express,,Mon,Tue,Wed,Thu,Fri
21:56:55,3,King Drive,,Sun
09:40:10,146,Inner Lake Shore/Michigan Express,,Sun
06:56:01,147,Outer DuSable Lake Shore Express,,Sun
09:15:25,147,Outer DuSable Lake Shore Express,,Mon,Tue,Wed,Thu,Fri
20:38:55,147,Outer DuSable Lake Shore Express,,Sat
21:18:40,3,King Drive,,Mon,Tue,Wed,Thu,Fri
12:51:16,151,Sheridan,,Mon,Tue,Wed,Thu,Fri
22:34:42,151,Sheridan,,Mon,Tue,Wed,Thu,Fri
07:27:32,3,King Drive,,Mon,Tue,Wed,Thu,Fri
08:07:44,151,Sheridan,,Mon,Tue,Wed,Thu,Fri
11:14:44,147,Outer DuSable Lake Shore Express,,Sun
09:19:55,147,Outer DuSable Lake Shore Express,,Mon,Tue,Wed,Thu,Fri
15:33:05,125,Water Tower Express,,Mon,Tue,Wed,Thu,Fri
10:07:10,146,Inner Lake Shore/Michigan Express,,Sun
16:27:13,26,South Shore Express,,Mon,Tue,Wed,Thu,Fri
14:10:46,147,Outer DuSable Lake Shore Express,,Sat
18:47:18,146,Inner Lake Shore/Michigan Express,,Sun
16:00:04,146,Inner Lake Shore/Michigan Express,,Sat
07:18:22,143,Stockton/Michigan Express,,Mon,Tue,Wed,Thu,Fri
18:04:16,151,Sheridan,,Sun
22:16:22,147,Outer DuSable Lake Shore Express,,Sat
17:21:30,146,Inner Lake Shore/Michigan Express,,Sun
12:36:56,146,Inner Lake Shore/Michigan Express,,Mon,Tue,Wed,Thu,Fri
21:11:48,146,Inner Lake Shore/Michigan Express,,Sat
15:16:46,151,Sheridan,,Mon,Tue,Wed,Thu,Fri
05:28:48,151,Sheridan,,Sat
07:57:42,147,Outer DuSable Lake Shore Express,,Sat
11:35:00,146,Inner Lake Shore/Michigan Express,,Mon,Tue,Wed,Thu,Fri
16:07:05,125,Water Tower Express,,Mon,Tue,Wed,Thu,Fri
14:02:57,151,Sheridan,,Sat
18:46:08,125,Water Tower Express,,Mon,Tue,Wed,Thu,Fri
14:43:40,3,King Drive,,Mon,Tue,Wed,Thu,Fri
20:51:18,3,King Drive,,Sat
21:57:57,146,Inner Lake Shore/Michigan Express,,Mon,Tue,Wed,Thu,Fri
09:07:25,147,Outer DuSable Lake Shore Express,,Mon,Tue,Wed,Thu,Fri
22:14:55,3,King Drive,,Sun
17:43:33,3,King Drive,,Mon,Tue,Wed,Thu,Fri
09:07:25,147,Outer DuSable Lake Shore Express,,Mon,Tue,Wed,Thu,Fri
09:27:12,147,Outer DuSable Lake Shore Express,,Sat
14:02:06,151,Sheridan,,Sun
16:36:03,3,King Drive,,Mon,Tue,Wed,Thu,Fri
14:34:10,3,King Drive,,Mon,Tue,Wed,Thu,Fri
08:41:27,143,Stockton/Michigan Express,,Mon,Tue,Wed,Thu,Fri
05:17:50,147,Outer DuSable Lake Shore Express,,Mon,Tue,Wed,Thu,Fri
16:48:38,147,Outer DuSable Lake Shore Express,,Mon,Tue,Wed,Thu,Fri
14:04:30,146,Inner Lake Shore/Michigan Express,,Sun
19:19:18,3,King Drive,,Mon,Tue,Wed,Thu,Fri
09:33:52,146,Inner Lake Shore/Michigan Express,,Sat
10:30:32,3,King Drive,,Mon,Tue,Wed,Thu,Fri
10:21:14,147,Outer DuSable Lake Shore Express,,Sat
12:27:26,3,King Drive,,Sat
09:46:32,3,King Drive,,Mon,Tue,Wed,Thu,Fri
19:06:27,147,Outer DuSable Lake Shore Express,,Sat
16:35:08,147,Outer DuSable Lake Shore Express,,Sat
16:38:33,3,King Drive,,Sat
12:25:06,147,Outer DuSable Lake Shore Express,,Mon,Tue,Wed,Thu,Fri
09:18:09,3,King Drive,,Sun
16:43:41,151,Sheridan,,Sat
19:23:10,3,King Drive,,Sun
10:54:06,147,Outer DuSable Lake Shore Express,,Mon,Tue,Wed,Thu,Fri
22:29:10,146,Inner Lake Shore/Michigan Express,,Sat
06:57:49,146,Inner Lake Shore/Michigan Express,,Sat
10:41:48,146,Inner Lake Shore/Michigan Express,,Mon,Tue,Wed,Thu,Fri
10:10:03,151,Sheridan,,Sat
14:04:40,3,King Drive,,Mon,Tue,Wed,Thu,Fri
07:26:33,147,Outer DuSable Lake Shore Express,,Mon,Tue,Wed,Thu,Fri
23:00:39,3,King Drive,,Mon,Tue,Wed,Thu,Fri
09:33:52,151,Sheridan,,Sat
10:34:18,146,Inner Lake Shore/Michigan Express,,Mon,Tue,Wed,Thu,Fri
06:47:12,143,Stockton/Michigan Express,,Mon,Tue,Wed,Thu,Fri
11:35:00,146,Inner Lake Shore/Michigan Express,,Mon,Tue,Wed,Thu,Fri
21:22:47,26,South Shore Express,,Mon,Tue,Wed,Thu,Fri
20:01:05,146,Inner Lake Shore/Michigan Express,,Mon,Tue,Wed,Thu,Fri
06:41:09,151,Sheridan,,Sun
20:45:10,3,King Drive,,Mon,Tue,Wed,Thu,Fri
08:55:48,148,Clarendon/Michigan Express,,Mon,Tue,Wed,Thu,Fri
21:47:03,151,Sheridan,,Mon,Tue,Wed,Thu,Fri
11:40:35,146,Inner Lake Shore/Michigan Express,,Sun
19:35:10,3,King Drive,,Sun
18:24:57,147,Outer DuSable Lake Shore Express,,Sat
05:33:20,147,Outer DuSable Lake Shore Express,,Sat
20:33:02,3,King Drive,,Sun
18:02:27,151,Sheridan,,Mon,Tue,Wed,Thu,Fri
17:16:38,147,Outer DuSable Lake Shore Express,,Mon,Tue,Wed,Thu,Fri
15:34:27,151,Sheridan,,Mon,Tue,Wed,Thu,Fri
16:42:57,147,Outer DuSable Lake Shore Express,,Sat
15:15:19,151,Sheridan,,Sat
07:40:22,148,Clarendon/Michigan Express,,Mon,Tue,Wed,Thu,Fri
20:51:48,146,Inner Lake Shore/Michigan Express,,Sat
10:41:33,151,Sheridan,,Sun
14:14:10,3,King Drive,,Mon,Tue,Wed,Thu,Fri
16:47:03,3,King Drive,,Mon,Tue,Wed,Thu,Fri
11:02:44,147,Outer DuSable Lake Shore Express,,Sun
09:52:25,147,Outer DuSable Lake Shore Express,,Mon,Tue,Wed,Thu,Fri
07:47:14,147,Outer DuSable Lake Shore Express,,Mon,Tue,Wed,Thu,Fri
07:44:15,125,Water Tower Express,,Mon,Tue,Wed,Thu,Fri
13:32:06,151,Sheridan,,Sun
23:34:17,3,King Drive,,Sun
15:26:21,146,Inner Lake Shore/Michigan Express,,Sat
23:12:10,3,King Drive,,Sat
08:33:31,151,Sheridan,,Sat
08:38:44,146,Inner Lake Shore/Michigan Express,,Sun
19:07:38,146,Inner Lake Shore/Michigan Express,,Sat
14:37:56,146,Inner Lake Shore/Michigan Express,,Mon,Tue,Wed,Thu,Fri
21:16:44,147,Outer DuSable Lake Shore Express,,Sat
05:50:50,151,Sheridan,,Mon,Tue,Wed,Thu,Fri
08:15:14,146,Inner Lake Shore/Michigan Express,,Sat
07:58:31,151,Sheridan,,Sat
13:14:57,151,Sheridan,,Sat
10:41:32,3,King Drive,,Mon,Tue,Wed,Thu,Fri
23:13:09,3,King Drive,,Mon,Tue,Wed,Thu,Fri
06:47:01,147,Outer DuSable Lake Shore Express,,Sat
18:33:18,146,Inner Lake Shore/Michigan Express,,Sun
15:16:25,147,Outer DuSable Lake Shore Express,,Sun
20:02:02,3,King Drive,,Sun
20:00:25,147,Outer DuSable Lake Shore Express,,Sat
14:58:57,151,Sheridan,,Sat
19:01:56,3,King Drive,,Sat
18:38:36,151,Sheridan,,Sun
07:27:32,146,Inner Lake Shore/Michigan Express,,Sun
09:38:14,147,Outer DuSable Lake Shore Express,,Mon,Tue,Wed,Thu,Fri
17:02:51,146,Inner Lake Shore/Michigan Express,,Mon,Tue,Wed,Thu,Fri
11:24:44,147,Outer DuSable Lake Shore Express,,Sun
22:52:22,147,Outer DuSable Lake Shore Express,,Sat
16:24:05,125,Water Tower Express,,Mon,Tue,Wed,Thu,Fri
20:18:22,147,Outer DuSable Lake Shore Express,,Sun
21:31:05,146,Inner Lake Shore/Michigan Express,,Sat
05:29:02,146,Inner Lake Shore/Michigan Express,,Mon,Tue,Wed,Thu,Fri
19:31:19,151,Sheridan,,Sat
20:00:25,147,Outer DuSable Lake Shore Express,,Sat
16:36:30,146,Inner Lake Shore/Michigan Express,,Sun
18:06:18,3,King Drive,,Mon,Tue,Wed,Thu,Fri
14:44:46,147,Outer DuSable Lake Shore Express,,Mon,Tue,Wed,Thu,Fri
16:18:48,3,King Drive,,Sun
19:11:10,3,King Drive,,Sun
16:18:30,146,Inner Lake Shore/Michigan Express,,Sun
13:22:06,151,Sheridan,,Sun
04:40:18,151,Sheridan,,Mon,Tue,Wed,Thu,Fri
24:26:18,151,Sheridan,,Mon,Tue,Wed,Thu,Fri
15:18:33,3,King Drive,,Sat
13:37:56,146,Inner Lake Shore/Michigan Express,,Mon,Tue,Wed,Thu,Fri
05:00:37,151,Sheridan,,Sun
20:57:33,147,Outer DuSable Lake Shore Express,,Mon,Tue,Wed,Thu,Fri
18:50:27,147,Outer DuSable Lake Shore Express,,Sat
13:38:57,151,Sheridan,,Sat
17:22:19,151,Sheridan,,Mon,Tue,Wed,Thu,Fri
08:47:02,3,King Drive,,Mon,Tue,Wed,Thu,Fri
16:29:33,3,King Drive,,Sat
08:43:31,151,Sheridan,,Sat
08:28:25,147,Outer DuSable Lake Shore Express,,Mon,Tue,Wed,Thu,Fri
08:54:00,146,Inner Lake Shore/Michigan Express,,Mon,Tue,Wed,Thu,Fri
14:12:10,26,South Shore Express,,Mon,Tue,Wed,Thu,Fri
19:43:08,151,Sheridan,,Sat
16:24:34,146,Inner Lake Shore/Michigan Express,,Sat
14:20:55,147,Outer DuSable Lake Shore Express,,Sun
11:15:40,3,King Drive,,Sat
06:56:09,3,King Drive,,Sat
07:58:55,147,Outer DuSable Lake Shore Express,,Mon,Tue,Wed,Thu,Fri
11:46:14,147,Outer DuSable Lake Shore Express,,Sat
08:57:12,147,Outer DuSable Lake Shore Express,,Sun
19:23:57,147,Outer DuSable Lake Shore Express,,Sat
10:09:52,151,Sheridan,,Sun
11:30:18,146,Inner Lake Shore/Michigan Express,,Sat
14:22:16,151,Sheridan,,Sun
12:08:44,147,Outer DuSable Lake Shore Express,,Sun
09:33:52,151,Sheridan,,Sat
19:03:52,147,Outer DuSable Lake Shore Express,,Sun
09:17:42,147,Outer DuSable Lake Shore Express,,Sat
15:10:33,3,King Drive,,Sat
14:20:43,146,Inner Lake Shore/Michigan Express,,Sat
13:28:30,146,Inner Lake Shore/Michigan Express,,Sun
17:14:51,146,Inner Lake Shore/Michigan Express,,Mon,Tue,Wed,Thu,Fri
15:35:33,3,King Drive,,Sat
15:20:19,147,Outer DuSable Lake Shore Express,,Sat
07:40:14,147,Outer DuSable Lake Shore Express,,Mon,Tue,Wed,Thu,Fri
16:52:16,151,Sheridan,,Sun
15:18:21,146,Inner Lake Shore/Michigan Express,,Sat
16:02:27,151,Sheridan,,Mon,Tue,Wed,Thu,Fri
12:06:56,146,Inner Lake Shore/Michigan Express,,Mon,Tue,Wed,Thu,Fri
16:35:08,147,Outer DuSable Lake Shore Express,,Mon,Tue,Wed,Thu,Fri
08:16:05,146,Inner Lake Shore/Michigan Express,,Mon,Tue,Wed,Thu,Fri
15:56:51,26,South Shore Express,,Mon,Tue,Wed,Thu,Fri
17:16:57,147,Outer DuSable Lake Shore Express,,Sat
14:58:18,3,King Drive,,Sun
12:30:44,147,Outer DuSable Lake Shore Express,,Sun
16:31:08,151,Sheridan,,Mon,Tue,Wed,Thu,Fri
12:45:46,147,Outer DuSable Lake Shore Express,,Sat
18:06:55,147,Outer DuSable Lake Shore Express,,Sun
08:03:55,147,Outer DuSable Lake Shore Express,,Mon,Tue,Wed,Thu,Fri
20:57:55,147,Outer DuSable Lake Shore Express,,Sat
10:38:55,151,Sheridan,,Mon,Tue,Wed,Thu,Fri
15:07:30,146,Inner Lake Shore/Michigan Express,,Sun
15:37:19,147,Outer DuSable Lake Shore Express,,Sat
11:56:18,146,Inner Lake Shore/Michigan Express,,Sat
05:49:09,151,Sheridan,,Sat
16:52:16,151,Sheridan,,Sun
17:32:03,3,King Drive,,Sat
13:36:48,3,King Drive,,Sun
21:33:02,3,King Drive,,Mon,Tue,Wed,Thu,Fri
24:04:58,151,Sheridan,,Mon,Tue,Wed,Thu,Fri
08:47:44,151,Sheridan,,Mon,Tue,Wed,Thu,Fri
15:15:48,3,King Drive,,Mon,Tue,Wed,Thu,Fri
13:11:36,151,Sheridan,,Sun
07:13:31,147,Outer DuSable Lake Shore Express,,Sun
16:23:08,147,Outer DuSable Lake Shore Express,,Mon,Tue,Wed,Thu,Fri
07:51:31,151,Sheridan,,Sun
16:42:57,147,Outer DuSable Lake Shore Express,,Sat
16:51:27,147,Outer DuSable Lake Shore Express,,Sat
07:19:33,147,Outer DuSable Lake Shore Express,,Mon,Tue,Wed,Thu,Fri
19:22:58,26,South Shore Express,,Mon,Tue,Wed,Thu,Fri
19:35:10,3,King Drive,,Sun
07:16:27,148,Clarendon/Michigan Express,,Mon,Tue,Wed,Thu,Fri
23:12:22,147,Outer DuSable Lake Shore Express,,Sat
19:50:36,147,Outer DuSable Lake Shore Express,,Sat
06:41:09,151,Sheridan,,Sun
16:29:48,3,King Drive,,Sun
18:06:43,146,Inner Lake Shore/Michigan Express,,Mon,Tue,Wed,Thu,Fri
12:50:57,151,Sheridan,,Sat
22:23:18,3,King Drive,,Sat
23:34:17,3,King Drive,,Sun
13:36:46,147,Outer DuSable Lake Shore Express,,Sat
14:09:55,147,Outer DuSable Lake Shore Express,,Sun
08:53:25,147,Outer DuSable Lake Shore Express,,Mon,Tue,Wed,Thu,Fri
15:52:48,3,King Drive,,Mon,Tue,Wed,Thu,Fri
11:21:22,146,Inner Lake Shore/Michigan Express,,Sun
06:16:01,147,Outer DuSable Lake Shore Express,,Sun
22:54:17,3,King Drive,,Sun
09:40:10,146,Inner Lake Shore/Michigan Express,,Sun
04:40:18,151,Sheridan,,Mon,Tue,Wed,Thu,Fri
14:26:33,3,King Drive,,Sat
16:02:49,147,Outer DuSable Lake Shore Express,,Sat
10:55:14,147,Outer DuSable Lake Shore Express,,Sat
12:52:06,151,Sheridan,,Sun
09:03:42,151,Sheridan,,Sat
07:24:01,147,Outer DuSable Lake Shore Express,,Sat
17:20:03,3,King Drive,,Mon,Tue,Wed,Thu,Fri
20:11:48,146,Inner Lake Shore/Michigan Express,,Sat
21:33:02,3,King Drive,,Mon,Tue,Wed,Thu,Fri
14:12:06,151,Sheridan,,Sun
18:53:18,3,King Drive,,Mon,Tue,Wed,Thu,Fri
20:49:02,3,King Drive,,Sun
20:28:44,146,Inner Lake Shore/Michigan Express,,Sun
22:08:14,146,Inner Lake Shore/Michigan Express,,Sun
17:13:48,3,King Drive,,Sun
21:14:31,147,Outer DuSable Lake Shore Express,,Sun
10:49:18,146,Inner Lake Shore/Michigan Express,,Mon,Tue,Wed,Thu,Fri
10:58:18,146,Inner Lake Shore/Michigan Express,,Sat
07:29:31,151,Sheridan,,Sat
16:07:05,125,Water Tower Express,,Mon,Tue,Wed,Thu,Fri
16:02:27,151,Sheridan,,Mon,Tue,Wed,Thu,Fri
07:30:03,147,Outer DuSable Lake Shore Express,,Mon,Tue,Wed,Thu,Fri
12:21:02,3,King Drive,,Sun
15:31:19,151,Sheridan,,Sat
10:06:36,147,Outer DuSable Lake Shore Express,,Mon,Tue,Wed,Thu,Fri
13:52:16,151,Sheridan,,Mon,Tue,Wed,Thu,Fri
12:27:44,147,Outer DuSable Lake Shore Express,,Sat
09:17:57,146,Inner Lake Shore/Michigan Express,,Sun
18:51:19,151,Sheridan,,Sat
11:51:44,151,Sheridan,,Sun
11:03:22,146,Inner Lake Shore/Michigan Express,,Sun
05:40:58,151,Sheridan,,Sun
10:28:44,147,Outer DuSable Lake Shore Express,,Sat
07:57:02,3,King Drive,,Mon,Tue,Wed,Thu,Fri
18:39:40,26,South Shore Express,,Mon,Tue,Wed,Thu,Fri
08:43:18,148,Clarendon/Michigan Express,,Mon,Tue,Wed,Thu,Fri
15:07:30,146,Inner Lake Shore/Michigan Express,,Sun
17:08:27,147,Outer DuSable Lake Shore Express,,Sat
14:53:33,3,King Drive,,Sat
08:17:12,147,Outer DuSable Lake Shore Express,,Sun
13:46:57,151,Sheridan,,Sat
13:39:46,151,Sheridan,,Mon,Tue,Wed,Thu,Fri
14:04:43,146,Inner Lake Shore/Michigan Express,,Sat
13:40:43,146,Inner Lake Shore/Michigan Express,,Sat
21:21:25,3,King Drive,,Sun
23:07:57,146,Inner Lake Shore/Michigan Express,,Sat
12:33:32,3,King Drive,,Sun
09:44:30,146,Inner Lake Shore/Michigan Express,,Mon,Tue,Wed,Thu,Fri
16:18:30,146,Inner Lake Shore/Michigan Express,,Sun
19:05:40,125,Water Tower Express,,Mon,Tue,Wed,Thu,Fri
08:28:12,147,Outer DuSable Lake Shore Express,,Sun
08:07:02,3,King Drive,,Mon,Tue,Wed,Thu,Fri
16:36:30,146,Inner Lake Shore/Michigan Express,,Sun
13:24:10,3,King Drive,,Sun
10:02:55,151,Sheridan,,Mon,Tue,Wed,Thu,Fri
08:03:55,147,Outer DuSable Lake Shore Express,,Mon,Tue,Wed,Thu,Fri
15:09:16,147,Outer DuSable Lake Shore Express,,Mon,Tue,Wed,Thu,Fri
15:02:16,151,Sheridan,,Sun
21:47:03,151,Sheridan,,Mon,Tue,Wed,Thu,Fri
10:10:03,151,Sheridan,,Sat
15:34:21,146,Inner Lake Shore/Michigan Express,,Sat
18:50:36,151,Sheridan,,Sun
05:20:37,151,Sheridan,,Sun
07:29:14,146,Inner Lake Shore/Michigan Express,,Sat
13:32:13,146,Inner Lake Shore/Michigan Express,,Sat
05:08:37,151,Sheridan,,Sat
07:05:52,147,Outer DuSable Lake Shore Express,,Mon,Tue,Wed,Thu,Fri
14:26:33,3,King Drive,,Sat
20:13:56,3,King Drive,,Sat
06:22:19,148,Clarendon/Michigan Express,,Mon,Tue,Wed,Thu,Fri
20:11:48,146,Inner Lake Shore/Michigan Express,,Sat
12:58:32,3,King Drive,,Sun
15:33:57,147,Outer DuSable Lake Shore Express,,Mon,Tue,Wed,Thu,Fri
16:02:49,147,Outer DuSable Lake Shore Express,,Sat
21:09:36,151,Sheridan,,Sat
15:53:33,3,King Drive,,Sat
19:15:52,147,Outer DuSable Lake Shore Express,,Sun
08:27:44,151,Sheridan,,Mon,Tue,Wed,Thu,Fri
12:03:06,151,Sheridan,,Mon,Tue,Wed,Thu,Fri
15:39:19,151,Sheridan,,Sat
15:43:27,151,Sheridan,,Mon,Tue,Wed,Thu,Fri
16:22:16,151,Sheridan,,Sun
20:15:10,3,King Drive,,Mon,Tue,Wed,Thu,Fri
16:18:48,3,King Drive,,Sun
23:24:03,151,Sheridan,,Sat
08:51:18,148,Clarendon/Michigan Express,,Mon,Tue,Wed,Thu,Fri
15:12:21,26,South Shore Express,,Mon,Tue,Wed,Thu,Fri
09:40:40,148,Clarendon/Michigan Express,,Mon,Tue,Wed,Thu,Fri
15:25:30,146,Inner Lake Shore/Michigan Express,,Sun
22:35:31,147,Outer DuSable Lake Shore Express,,Sun
07:14:10,146,Inner Lake Shore/Michigan Express,,Mon,Tue,Wed,Thu,Fri
06:23:32,148,Clarendon/Michigan Express,,Mon,Tue,Wed,Thu,Fri
14:08:33,3,King Drive,,Sat
18:05:21,146,Inner Lake Shore/Michigan Express,,Sat
11:15:18,146,Inner Lake Shore/Michigan Express,,Mon,Tue,Wed,Thu,Fri
07:28:22,146,Inner Lake Shore/Michigan Express,,Mon,Tue,Wed,Thu,Fri
16:07:32,26,South Shore Express,,Mon,Tue,Wed,Thu,Fri
20:17:02,3,King Drive,,Sun
09:23:42,151,Sheridan,,Sat
05:59:09,3,King Drive,,Mon,Tue,Wed,Thu,Fri
09:36:09,3,King Drive,,Sun
17:23:21,146,Inner Lake Shore/Michigan Express,,Sat
12:12:18,146,Inner Lake Shore/Michigan Express,,Sat
21:56:55,3,King Drive,,Sun
19:06:13,146,Inner Lake Shore/Michigan Express,,Mon,Tue,Wed,Thu,Fri
07:03:46,125,Water Tower Express,,Mon,Tue,Wed,Thu,Fri
20:46:17,26,South Shore Express,,Mon,Tue,Wed,Thu,Fri
06:39:22,147,Outer DuSable Lake Shore Express,,Mon,Tue,Wed,Thu,Fri
09:44:25,147,Outer DuSable Lake Shore Express,,Mon,Tue,Wed,Thu,Fri
18:51:55,147,Outer DuSable Lake Shore Express,,Mon,Tue,Wed,Thu,Fri
20:38:18,3,King Drive,,Sat
24:19:50,151,Sheridan,,Sun
14:04:43,146,Inner Lake Shore/Michigan Express,,Sat
09:53:52,151,Sheridan,,Sat
14:03:16,147,Outer DuSable Lake Shore Express,,Sat
09:25:57,148,Clarendon/Michigan Express,,Mon,Tue,Wed,Thu,Fri
13:06:57,151,Sheridan,,Sat
16:59:13,26,South Shore Express,,Mon,Tue,Wed,Thu,Fri
17:51:30,151,Sheridan,,Sat
17:32:13,26,South Shore Express,,Mon,Tue,Wed,Thu,Fri
11:45:06,147,Outer DuSable Lake Shore Express,,Mon,Tue,Wed,Thu,Fri
11:30:18,146,Inner Lake Shore/Michigan Express,,Sat
11:40:35,146,Inner Lake Shore/Michigan Express,,Sun
12:46:56,146,Inner Lake Shore/Michigan Express,,Mon,Tue,Wed,Thu,Fri
17:31:51,146,Inner Lake Shore/Michigan Express,,Sat
15:32:16,151,Sheridan,,Sun
07:58:55,147,Outer DuSable Lake Shore Express,,Mon,Tue,Wed,Thu,Fri
15:06:57,151,Sheridan,,Sat
14:45:27,147,Outer DuSable Lake Shore Express,,Sat
18:51:55,147,Outer DuSable Lake Shore Express,,Mon,Tue,Wed,Thu,Fri
17:02:08,147,Outer DuSable Lake Shore Express,,Mon,Tue,Wed,Thu,Fri
14:31:55,147,Outer DuSable Lake Shore Express,,Sun
11:06:14,151,Sheridan,,Sat
14:55:38,147,Outer DuSable Lake Shore Express,,Sat
16:03:36,147,Outer DuSable Lake Shore Express,,Sun
13:00:13,146,Inner Lake Shore/Michigan Express,,Sat
09:36:32,3,King Drive,,Mon,Tue,Wed,Thu,Fri
22:30:02,3,King Drive,,Mon,Tue,Wed,Thu,Fri
00:19:25,3,King Drive,,Sun
16:34:55,147,Outer DuSable Lake Shore Express,,Sun
08:57:42,151,Sheridan,,Sun
18:51:43,146,Inner Lake Shore/Michigan Express,,Mon,Tue,Wed,Thu,Fri
18:41:57,147,Outer DuSable Lake Shore Express,,Sat
10:51:33,151,Sheridan,,Sun
14:29:46,151,Sheridan,,Mon,Tue,Wed,Thu,Fri
05:59:02,146,Inner Lake Shore/Michigan Express,,Mon,Tue,Wed,Thu,Fri
19:25:40,125,Water Tower Express,,Mon,Tue,Wed,Thu,Fri
20:01:56,3,King Drive,,Sat
06:21:01,151,Sheridan,,Mon,Tue,Wed,Thu,Fri
19:31:19,151,Sheridan,,Sat
08:47:55,147,Outer DuSable Lake Shore Express,,Mon,Tue,Wed,Thu,Fri
00:14:17,3,King Drive,,Mon
14:07:56,146,Inner Lake Shore/Michigan Express,,Mon,Tue,Wed,Thu,Fri