arrival_time,route_short_name,route_long_name,headsign,service_days
23:34:43,151,Sheridan,,Sun
11:42:14,6,Jackson Park Express,,Sat
07:56:00,3,King Drive,,Sat
19:40:44,6,Jackson Park Express,,Sat
11:30:59,151,Sheridan,,Sun
13:42:49,151,Sheridan,,Mon,Tue,Wed,Thu,Fri
09:19:46,6,Jackson Park Express,,Sat
22:10:00,3,King Drive,,Sun
13:06:49,151,Sheridan,,Mon,Tue,Wed,Thu,Fri
06:31:08,3,King Drive,,Sat
15:52:22,20,Madison,,Mon,Tue,Wed,Thu,Fri
04:42:49,6,Jackson Park Express,,Mon,Tue,Wed,Thu,Fri
21:42:44,3,King Drive,,Sat
15:02:25,147,Outer DuSable Lake Shore Express,,Sat
21:18:54,147,Outer DuSable Lake Shore Express,,Sat
13:10:35,26,South Shore Express,,Mon,Tue,Wed,Thu,Fri
10:39:50,157,Streeterville/Taylor,,Mon,Tue,Wed,Thu,Fri
16:56:14,6,Jackson Park Express,,Sat
10:12:29,151,Sheridan,,Sat
07:18:54,147,Outer DuSable Lake Shore Express,,Mon,Tue,Wed,Thu,Fri
23:33:29,151,Sheridan,,Sat
06:02:32,147,Outer DuSable Lake Shore Express,,Mon,Tue,Wed,Thu,Fri
09:26:17,157,Streeterville/Taylor,,Mon,Tue,Wed,Thu,Fri
06:40:52,3,King Drive,,Mon,Tue,Wed,Thu,Fri
09:15:15,147,Outer DuSable Lake Shore Express,,Mon,Tue,Wed,Thu,Fri
07:25:31,20,Madison,,Mon,Tue,Wed,Thu,Fri
15:46:52,20,Madison,,Mon,Tue,Wed,Thu,Fri
11:37:11,6,Jackson Park Express,,Sun
12:37:40,147,Outer DuSable Lake Shore Express,,Sat
18:22:31,147,Outer DuSable Lake Shore Express,,Mon,Tue,Wed,Thu,Fri
19:54:44,3,King Drive,,Mon,Tue,Wed,Thu,Fri
10:42:41,151,Sheridan,,Mon,Tue,Wed,Thu,Fri
12:04:34,3,King Drive,,Sat
13:29:19,157,Streeterville/Taylor,,Mon,Tue,Wed,Thu,Fri
10:35:15,147,Outer DuSable Lake Shore Express,,Mon,Tue,Wed,Thu,Fri
11:49:45,147,Outer DuSable Lake Shore Express,,Sat
20:53:18,147,Outer DuSable Lake Shore Express,,Mon,Tue,Wed,Thu,Fri
07:40:41,6,Jackson Park Express,,Mon,Tue,Wed,Thu,Fri
08:17:22,20,Madison,,Mon,Tue,Wed,Thu,Fri
13:58:06,3,King Drive,,Mon,Tue,Wed,Thu,Fri
23:20:24,147,Outer DuSable Lake Shore Express,,Mon,Tue,Wed,Thu,Fri
17:19:45,147,Outer DuSable Lake Shore Express,,Sun
02:11:42,66,Chicago,,Sun
18:48:25,151,Sheridan,,Sun
19:07:42,147,Outer DuSable Lake Shore Express,,Sat
23:25:13,151,Sheridan,,Mon,Tue,Wed,Thu,Fri
07:54:35,147,Outer DuSable Lake Shore Express,,Sun
09:29:07,151,Sheridan,,Mon,Tue,Wed,Thu,Fri
14:57:07,151,Sheridan,,Sun
08:09:17,151,Sheridan,,Sun
15:00:19,157,Streeterville/Taylor,,Mon,Tue,Wed,Thu,Fri
18:45:38,6,Jackson Park Express,,Sat
16:49:35,20,Madison,,Mon,Tue,Wed,Thu,Fri
17:49:45,147,Outer DuSable Lake Shore Express,,Sun
20:16:25,151,Sheridan,,Sat
20:48:49,6,Jackson Park Express,,Mon,Tue,Wed,Thu,Fri
15:45:41,6,Jackson Park Express,,Sun
09:44:22,3,King Drive,,Sun
15:47:45,147,Outer DuSable Lake Shore Express,,Sun
11:28:06,3,King Drive,,Sun
18:17:20,3,King Drive,,Sat
13:06:58,3,King Drive,,Sun
16:30:40,147,Outer DuSable Lake Shore Express,,Sun
22:17:08,151,Sheridan,,Sun
18:55:28,3,King Drive,,Mon,Tue,Wed,Thu,Fri
20:42:38,151,Sheridan,,Sun
11:35:44,6,Jackson Park Express,,Sun
17:06:49,143,Stockton/Michigan Express,,Mon,Tue,Wed,Thu,Fri
11:22:44,6,Jackson Park Express,,Sat
10:10:10,26,South Shore Express,,Mon,Tue,Wed,Thu,Fri
07:15:16,6,Jackson Park Express,,Sun
12:30:49,151,Sheridan,,Mon,Tue,Wed,Thu,Fri
24:26:14,6,Jackson Park Express,,Sat
09:47:44,3,King Drive,,Sat
01:10:17,151,Sheridan,,Sun
11:24:16,151,Sheridan,,Sat
17:55:08,6,Jackson Park Express,,Sat
21:15:36,3,King Drive,,Sat
08:35:38,3,King Drive,,Sun
05:32:14,6,Jackson Park Express,,Mon,Tue,Wed,Thu,Fri
06:15:44,6,Jackson Park Express,,Mon,Tue,Wed,Thu,Fri
16:52:12,3,King Drive,,Sun
19:09:25,6,Jackson Park Express,,Mon,Tue,Wed,Thu,Fri
23:22:44,3,King Drive,,Sat
14:43:49,151,Sheridan,,Sat
16:56:55,157,Streeterville/Taylor,,Mon,Tue,Wed,Thu,Fri
17:25:48,151,Sheridan,,Mon,Tue,Wed,Thu,Fri
14:42:19,151,Sheridan,,Mon,Tue,Wed,Thu,Fri
16:53:14,6,Jackson Park Express,,Mon,Tue,Wed,Thu,Fri
08:24:16,6,Jackson Park Express,,Sun
10:55:50,157,Streeterville/Taylor,,Mon,Tue,Wed,Thu,Fri
06:09:47,151,Sheridan,,Mon,Tue,Wed,Thu,Fri
23:10:08,151,Sheridan,,Mon,Tue,Wed,Thu,Fri
17:47:12,3,King Drive,,Sun
09:45:00,147,Outer DuSable Lake Shore Express,,Sun
15:04:15,147,Outer DuSable Lake Shore Express,,Sun
15:37:48,3,King Drive,,Sat
11:54:44,3,King Drive,,Mon,Tue,Wed,Thu,Fri
04:11:48,66,Chicago,,Sat
16:21:19,151,Sheridan,,Sat
06:40:52,3,King Drive,,Mon,Tue,Wed,Thu,Fri
16:20:10,147,Outer DuSable Lake Shore Express,,Sun
12:16:44,3,King Drive,,Mon,Tue,Wed,Thu,Fri
14:11:48,3,King Drive,,Sat
15:13:12,3,King Drive,,Sun
15:40:38,6,Jackson Park Express,,Sat
18:55:28,3,King Drive,,Mon,Tue,Wed,Thu,Fri
05:39:16,6,Jackson Park Express,,Sun
15:47:10,151,Sheridan,,Mon,Tue,Wed,Thu,Fri
18:22:11,151,Sheridan,,Sat
17:10:25,147,Outer DuSable Lake Shore Express,,Sat
14:10:31,147,Outer DuSable Lake Shore Express,,Sat
16:25:28,147,Outer DuSable Lake Shore Express,,Mon,Tue,Wed,Thu,Fri
13:47:04,147,Outer DuSable Lake Shore Express,,Mon,Tue,Wed,Thu,Fri
09:23:57,147,Outer DuSable Lake Shore Express,,Sat
11:48:44,6,Jackson Park Express,,Sun
06:54:44,157,Streeterville/Taylor,,Mon,Tue,Wed,Thu,Fri
18:09:45,147,Outer DuSable Lake Shore Express,,Sun
08:48:06,3,King Drive,,Mon,Tue,Wed,Thu,Fri
21:05:49,6,Jackson Park Express,,Mon,Tue,Wed,Thu,Fri
17:07:16,151,Sheridan,,Sun
12:14:02,151,Sheridan,,Sat
11:59:10,147,Outer DuSable Lake Shore Express,,Mon,Tue,Wed,Thu,Fri
07:16:19,6,Jackson Park Express,,Mon,Tue,Wed,Thu,Fri
14:37:58,3,King Drive,,Sun
11:05:36,3,King Drive,,Sat
18:57:35,20,Madison,,Mon,Tue,Wed,Thu,Fri
09:34:26,26,South Shore Express,,Mon,Tue,Wed,Thu,Fri
07:18:54,147,Outer DuSable Lake Shore Express,,Mon,Tue,Wed,Thu,Fri
19:24:55,6,Jackson Park Express,,Mon,Tue,Wed,Thu,Fri
13:35:48,147,Outer DuSable Lake Shore Express,,Sun
14:19:38,6,Jackson Park Express,,Sat
12:22:29,151,Sheridan,,Sun
21:42:44,3,King Drive,,Sat
13:04:14,6,Jackson Park Express,,Sun
19:24:45,147,Outer DuSable Lake Shore Express,,Mon,Tue,Wed,Thu,Fri
12:03:18,157,Streeterville/Taylor,,Mon,Tue,Wed,Thu,Fri
09:31:41,6,Jackson Park Express,,Sat
24:01:19,6,Jackson Park Express,,Mon,Tue,Wed,Thu,Fri
20:54:29,151,Sheridan,,Mon,Tue,Wed,Thu,Fri
14:02:01,147,Outer DuSable Lake Shore Express,,Sat
16:36:27,151,Sheridan,,Mon,Tue,Wed,Thu,Fri
16:01:58,3,King Drive,,Mon,Tue,Wed,Thu,Fri
17:49:26,3,King Drive,,Sat
21:04:30,3,King Drive,,Mon,Tue,Wed,Thu,Fri
13:16:04,147,Outer DuSable Lake Shore Express,,Sat
22:27:44,3,King Drive,,Sat
19:43:27,147,Outer DuSable Lake Shore Express,,Sun
05:56:00,3,King Drive,,Mon,Tue,Wed,Thu,Fri
19:54:44,3,King Drive,,Mon,Tue,Wed,Thu,Fri
09:10:44,3,King Drive,,Sat
21:10:17,157,Streeterville/Taylor,,Mon,Tue,Wed,Thu,Fri
20:59:14,6,Jackson Park Express,,Mon,Tue,Wed,Thu,Fri
14:33:40,26,South Shore Express,,Mon,Tue,Wed,Thu,Fri
22:56:13,151,Sheridan,,Sun
01:17:17,151,Sheridan,,Tue,Wed,Thu,Fri,Sat
12:30:49,151,Sheridan,,Mon,Tue,Wed,Thu,Fri
21:03:57,147,Outer DuSable Lake Shore Express,,Sun
19:59:18,147,Outer DuSable Lake Shore Express,,Mon,Tue,Wed,Thu,Fri
20:23:50,151,Sheridan,,Mon,Tue,Wed,Thu,Fri
17:16:31,147,Outer DuSable Lake Shore Express,,Sat
23:00:35,147,Outer DuSable Lake Shore Express,,Sun
11:05:37,151,Sheridan,,Mon,Tue,Wed,Thu,Fri
16:41:14,6,Jackson Park Express,,Mon,Tue,Wed,Thu,Fri
16:16:27,151,Sheridan,,Mon,Tue,Wed,Thu,Fri
08:24:47,157,Streeterville/Taylor,,Mon,Tue,Wed,Thu,Fri
13:03:06,3,King Drive,,Mon,Tue,Wed,Thu,Fri
06:52:08,3,King Drive,,Sun
09:01:22,26,South Shore Express,,Mon,Tue,Wed,Thu,Fri
19:56:57,147,Outer DuSable Lake Shore Express,,Sun
04:41:48,66,Chicago,,Sun
11:43:44,3,King Drive,,Mon,Tue,Wed,Thu,Fri
21:53:46,6,Jackson Park Express,,Sun
14:59:49,151,Sheridan,,Sat
15:46:12,3,King Drive,,Sun
18:08:05,20,Madison,,Mon,Tue,Wed,Thu,Fri
08:58:44,3,King Drive,,Sat
06:50:54,20,Madison,,Mon,Tue,Wed,Thu,Fri
21:38:54,147,Outer DuSable Lake Shore Express,,Sat
23:49:13,151,Sheridan,,Sat
07:15:54,20,Madison,,Mon,Tue,Wed,Thu,Fri
07:30:16,6,Jackson Park Express,,Sat
12:54:25,6,Jackson Park Express,,Mon,Tue,Wed,Thu,Fri
23:25:13,151,Sheridan,,Mon,Tue,Wed,Thu,Fri
13:26:34,147,Outer DuSable Lake Shore Express,,Sat
05:13:08,3,King Drive,,Sat
18:25:12,147,Outer DuSable Lake Shore Express,,Sat
15:24:19,157,Streeterville/Taylor,,Mon,Tue,Wed,Thu,Fri
17:57:04,3,King Drive,,Sat
09:55:15,147,Outer DuSable Lake Shore Express,,Mon,Tue,Wed,Thu,Fri
13:18:49,151,Sheridan,,Mon,Tue,Wed,Thu,Fri
22:55:04,151,Sheridan,,Mon,Tue,Wed,Thu,Fri
09:55:15,147,Outer DuSable Lake Shore Express,,Mon,Tue,Wed,Thu,Fri
12:53:20,151,Sheridan,,Sun
08:42:22,20,Madison,,Mon,Tue,Wed,Thu,Fri
16:19:35,20,Madison,,Mon,Tue,Wed,Thu,Fri
13:14:06,3,King Drive,,Mon,Tue,Wed,Thu,Fri
08:19:02,147,Outer DuSable Lake Shore Express,,Sat
15:04:08,20,Madison,,Mon,Tue,Wed,Thu,Fri
22:42:44,3,King Drive,,Sat
05:33:08,3,King Drive,,Sat
17:49:45,147,Outer DuSable Lake Shore Express,,Sun
23:12:08,3,King Drive,,Mon,Tue,Wed,Thu,Fri
21:57:44,3,King Drive,,Sat
17:43:40,147,Outer DuSable Lake Shore Express,,Sat
10:45:45,147,Outer DuSable Lake Shore Express,,Sat
05:33:24,26,South Shore Express,,Mon,Tue,Wed,Thu,Fri
09:11:00,147,Outer DuSable Lake Shore Express,,Sun
14:09:06,3,King Drive,,Mon,Tue,Wed,Thu,Fri
09:55:57,147,Outer DuSable Lake Shore Express,,Sat
16:35:25,147,Outer DuSable Lake Shore Express,,Mon,Tue,Wed,Thu,Fri
18:40:05,20,Madison,,Mon,Tue,Wed,Thu,Fri
16:02:35,20,Madison,,Mon,Tue,Wed,Thu,Fri
03:41:48,66,Chicago,,Sat
20:54:30,3,King Drive,,Mon,Tue,Wed,Thu,Fri
14:56:31,147,Outer DuSable Lake Shore Express,,Mon,Tue,Wed,Thu,Fri
21:11:30,3,King Drive,,Sun
12:05:11,6,Jackson Park Express,,Mon,Tue,Wed,Thu,Fri
19:21:14,3,King Drive,,Sun
12:22:47,157,Streeterville/Taylor,,Mon,Tue,Wed,Thu,Fri
02:11:42,66,Chicago,,Sun
19:18:44,3,King Drive,,Mon,Tue,Wed,Thu,Fri
15:18:15,151,Sheridan,,Mon,Tue,Wed,Thu,Fri
21:18:54,147,Outer DuSable Lake Shore Express,,Sat
07:51:52,20,Madison,,Mon,Tue,Wed,Thu,Fri
13:02:48,147,Outer DuSable Lake Shore Express,,Sun
06:20:51,151,Sheridan,,Sat
16:56:25,147,Outer DuSable Lake Shore Express,,Sat
07:46:54,147,Outer DuSable Lake Shore Express,,Mon,Tue,Wed,Thu,Fri
20:05:51,147,Outer DuSable Lake Shore Express,,Sat
22:01:05,147,Outer DuSable Lake Shore Express,,Sun
11:05:37,151,Sheridan,,Mon,Tue,Wed,Thu,Fri
19:33:58,3,King Drive,,Sat
22:12:44,3,King Drive,,Sat
03:11:35,66,Chicago,,Sat
21:25:04,151,Sheridan,,Mon,Tue,Wed,Thu,Fri
07:14:21,151,Sheridan,,Sun
16:37:19,151,Sheridan,,Sat
09:42:46,6,Jackson Park Express,,Sat
17:09:20,3,King Drive,,Mon,Tue,Wed,Thu,Fri
15:02:44,6,Jackson Park Express,,Mon,Tue,Wed,Thu,Fri
07:12:59,151,Sheridan,,Mon,Tue,Wed,Thu,Fri
09:08:47,157,Streeterville/Taylor,,Mon,Tue,Wed,Thu,Fri
08:33:13,151,Sheridan,,Sat
10:25:36,3,King Drive,,Sat
19:53:11,151,Sheridan,,Mon,Tue,Wed,Thu,Fri
18:42:12,147,Outer DuSable Lake Shore Express,,Sat
17:37:16,151,Sheridan,,Sun
05:21:00,3,King Drive,,Mon,Tue,Wed,Thu,Fri
17:20:20,3,King Drive,,Mon,Tue,Wed,Thu,Fri
15:55:48,3,King Drive,,Sat
08:54:17,151,Sheridan,,Sun
22:50:00,3,King Drive,,Sun
13:53:31,147,Outer DuSable Lake Shore Express,,Sat
17:45:52,151,Sheridan,,Mon,Tue,Wed,Thu,Fri
20:18:14,6,Jackson Park Express,,Sat
13:12:19,157,Streeterville/Taylor,,Mon,Tue,Wed,Thu,Fri
18:39:45,147,Outer DuSable Lake Shore Express,,Sun
16:25:38,6,Jackson Park Express,,Sat
12:01:29,151,Sheridan,,Sun
14:36:19,151,Sheridan,,Sat
19:17:07,151,Sheridan,,Mon,Tue,Wed,Thu,Fri
18:26:20,3,King Drive,,Mon,Tue,Wed,Thu,Fri
19:44:25,151,Sheridan,,Sun
12:53:14,6,Jackson Park Express,,Sat
15:24:12,3,King Drive,,Sun
19:07:14,3,King Drive,,Sun
19:20:57,147,Outer DuSable Lake Shore Express,,Sun
20:12:44,3,King Drive,,Mon,Tue,Wed,Thu,Fri
16:58:20,3,King Drive,,Mon,Tue,Wed,Thu,Fri
15:07:31,147,Outer DuSable Lake Shore Express,,Mon,Tue,Wed,Thu,Fri
14:59:44,6,Jackson Park Express,,Sat
16:14:35,20,Madison,,Mon,Tue,Wed,Thu,Fri
08:20:44,6,Jackson Park Express,,Mon,Tue,Wed,Thu,Fri
17:58:27,6,Jackson Park Express,,Sun
11:09:59,151,Sheridan,,Sun
11:24:16,151,Sheridan,,Sat
18:49:48,147,Outer DuSable Lake Shore Express,,Sun
16:13:48,3,King Drive,,Sat
18:28:39,143,Stockton/Michigan Express,,Mon,Tue,Wed,Thu,Fri
08:39:17,151,Sheridan,,Sun
13:25:06,3,King Drive,,Mon,Tue,Wed,Thu,Fri
09:10:44,3,King Drive,,Sat
10:02:29,151,Sheridan,,Sat
13:30:49,151,Sheridan,,Mon,Tue,Wed,Thu,Fri
16:41:12,3,King Drive,,Sun
19:15:45,147,Outer DuSable Lake Shore Express,,Sat
15:39:49,151,Sheridan,,Sat
18:55:44,6,Jackson Park Express,,Sun
11:11:50,157,Streeterville/Taylor,,Mon,Tue,Wed,Thu,Fri
11:20:29,151,Sheridan,,Sun
24:04:43,151,Sheridan,,Sat
12:00:44,6,Jackson Park Express,,Mon,Tue,Wed,Thu,Fri
19:09:44,3,King Drive,,Mon,Tue,Wed,Thu,Fri
12:13:34,3,King Drive,,Sat
18:27:25,151,Sheridan,,Sun
11:10:44,3,King Drive,,Mon,Tue,Wed,Thu,Fri
09:13:22,26,South Shore Express,,Mon,Tue,Wed,Thu,Fri
14:42:14,6,Jackson Park Express,,Sat
11:41:11,6,Jackson Park Express,,Mon,Tue,Wed,Thu,Fri
08:37:47,157,Streeterville/Taylor,,Mon,Tue,Wed,Thu,Fri
18:09:12,3,King Drive,,Sun
11:21:44,3,King Drive,,Mon,Tue,Wed,Thu,Fri
12:59:26,3,King Drive,,Sat
23:10:57,6,Jackson Park Express,,Sat
15:27:55,147,Outer DuSable Lake Shore Express,,Sat
17:27:27,6,Jackson Park Express,,Sun
16:34:35,20,Madison,,Mon,Tue,Wed,Thu,Fri
20:42:16,6,Jackson Park Express,,Sat
15:53:25,147,Outer DuSable Lake Shore Express,,Sat
19:57:21,147,Outer DuSable Lake Shore Express,,Sat
14:52:48,3,King Drive,,Sat
24:13:16,6,Jackson Park Express,,Sat
18:39:58,151,Sheridan,,Mon,Tue,Wed,Thu,Fri
10:17:44,3,King Drive,,Mon,Tue,Wed,Thu,Fri
17:32:07,151,Sheridan,,Sat
16:22:48,3,King Drive,,Sat
10:45:45,147,Outer DuSable Lake Shore Express,,Sat
09:26:17,157,Streeterville/Taylor,,Mon,Tue,Wed,Thu,Fri
10:42:41,151,Sheridan,,Mon,Tue,Wed,Thu,Fri
19:07:35,20,Madison,,Mon,Tue,Wed,Thu,Fri
19:57:58,3,King Drive,,Sat
16:41:55,147,Outer DuSable Lake Shore Express,,Sat
12:42:49,151,Sheridan,,Mon,Tue,Wed,Thu,Fri
08:00:14,3,King Drive,,Mon,Tue,Wed,Thu,Fri
19:24:45,147,Outer DuSable Lake Shore Express,,Mon,Tue,Wed,Thu,Fri
15:18:15,151,Sheridan,,Mon,Tue,Wed,Thu,Fri
14:57:07,151,Sheridan,,Sun
07:42:22,3,King Drive,,Mon,Tue,Wed,Thu,Fri
17:29:37,147,Outer DuSable Lake Shore Express,,Sat
06:19:30,147,Outer DuSable Lake Shore Express,,Mon,Tue,Wed,Thu,Fri
21:38:54,147,Outer DuSable Lake Shore Express,,Sat
09:59:49,157,Streeterville/Taylor,,Mon,Tue,Wed,Thu,Fri
19:32:18,147,Outer DuSable Lake Shore Express,,Sat
16:04:44,6,Jackson Park Express,,Mon,Tue,Wed,Thu,Fri
08:15:52,26,South Shore Express,,Mon,Tue,Wed,Thu,Fri
20:54:29,151,Sheridan,,Mon,Tue,Wed,Thu,Fri
23:53:43,151,Sheridan,,Sun
10:54:10,26,South Shore Express,,Mon,Tue,Wed,Thu,Fri
01:41:48,66,Chicago,,Mon
15:04:08,20,Madison,,Mon,Tue,Wed,Thu,Fri
08:21:16,6,Jackson Park Express,,Sat
06:05:30,3,King Drive,,Mon,Tue,Wed,Thu,Fri
12:31:11,6,Jackson Park Express,,Sun
19:17:16,151,Sheridan,,Sat
21:50:00,3,King Drive,,Sun
03:11:35,66,Chicago,,Sat
13:34:38,6,Jackson Park Express,,Sat
19:41:18,147,Outer DuSable Lake Shore Express,,Mon,Tue,Wed,Thu,Fri
17:14:35,20,Madison,,Mon,Tue,Wed,Thu,Fri
12:32:55,151,Sheridan,,Sun
16:58:48,3,King Drive,,Sat
20:41:44,6,Jackson Park Express,,Mon,Tue,Wed,Thu,Fri
10:02:29,151,Sheridan,,Sat
15:35:11,6,Jackson Park Express,,Sun
05:47:19,6,Jackson Park Express,,Mon,Tue,Wed,Thu,Fri
16:24:35,20,Madison,,Mon,Tue,Wed,Thu,Fri
12:24:10,26,South Shore Express,,Mon,Tue,Wed,Thu,Fri
12:54:49,151,Sheridan,,Mon,Tue,Wed,Thu,Fri
23:40:24,147,Outer DuSable Lake Shore Express,,Mon,Tue,Wed,Thu,Fri
14:20:15,147,Outer DuSable Lake Shore Express,,Sun
15:44:55,147,Outer DuSable Lake Shore Express,,Sat
15:37:40,151,Sheridan,,Mon,Tue,Wed,Thu,Fri
20:47:22,3,King Drive,,Mon,Tue,Wed,Thu,Fri
08:58:44,3,King Drive,,Sat
15:06:55,6,Jackson Park Express,,Mon,Tue,Wed,Thu,Fri
07:16:57,6,Jackson Park Express,,Mon,Tue,Wed,Thu,Fri
23:07:08,3,King Drive,,Sun
07:41:52,26,South Shore Express,,Mon,Tue,Wed,Thu,Fri
11:22:27,147,Outer DuSable Lake Shore Express,,Sun
23:41:16,6,Jackson Park Express,,Sat
08:35:02,147,Outer DuSable Lake Shore Express,,Sat
20:21:44,3,King Drive,,Mon,Tue,Wed,Thu,Fri
21:25:04,151,Sheridan,,Mon,Tue,Wed,Thu,Fri
19:09:44,3,King Drive,,Mon,Tue,Wed,Thu,Fri
14:19:28,147,Outer DuSable Lake Shore Express,,Sat
11:21:44,3,King Drive,,Mon,Tue,Wed,Thu,Fri
12:14:02,151,Sheridan,,Sat
13:30:28,3,King Drive,,Sun
08:00:44,6,Jackson Park Express,,Mon,Tue,Wed,Thu,Fri
14:11:04,147,Outer DuSable Lake Shore Express,,Mon,Tue,Wed,Thu,Fri
19:45:58,3,King Drive,,Sat
07:04:05,26,South Shore Express,,Mon,Tue,Wed,Thu,Fri
18:00:10,147,Outer DuSable Lake Shore Express,,Sat
22:42:05,147,Outer DuSable Lake Shore Express,,Sun
09:15:06,3,King Drive,,Mon,Tue,Wed,Thu,Fri
14:27:48,3,King Drive,,Sat
11:17:32,151,Sheridan,,Mon,Tue,Wed,Thu,Fri
14:05:20,151,Sheridan,,Sun
22:48:29,151,Sheridan,,Sat
12:56:54,151,Sheridan,,Sat
13:53:48,3,King Drive,,Sat
16:38:44,6,Jackson Park Express,,Sat
11:29:58,151,Sheridan,,Mon,Tue,Wed,Thu,Fri
13:18:49,151,Sheridan,,Mon,Tue,Wed,Thu,Fri
17:27:16,151,Sheridan,,Sun
16:14:20,3,King Drive,,Mon,Tue,Wed,Thu,Fri
05:39:14,6,Jackson Park Express,,Sun
13:23:24,151,Sheridan,,Sat
12:44:31,147,Outer DuSable Lake Shore Express,,Mon,Tue,Wed,Thu,Fri
14:44:18,3,King Drive,,Sat
08:32:02,151,Sheridan,,Mon,Tue,Wed,Thu,Fri
10:10:20,157,Streeterville/Taylor,,Mon,Tue,Wed,Thu,Fri
08:37:15,147,Outer DuSable Lake Shore Express,,Mon,Tue,Wed,Thu,Fri
18:37:07,147,Outer DuSable Lake Shore Express,,Mon,Tue,Wed,Thu,Fri
07:48:22,26,South Shore Express,,Mon,Tue,Wed,Thu,Fri
22:01:51,147,Outer DuSable Lake Shore Express,,Mon,Tue,Wed,Thu,Fri
20:30:44,6,Jackson Park Express,,Sun
12:42:55,151,Sheridan,,Sun
08:07:22,20,Madison,,Mon,Tue,Wed,Thu,Fri
16:56:27,151,Sheridan,,Mon,Tue,Wed,Thu,Fri
14:30:19,151,Sheridan,,Mon,Tue,Wed,Thu,Fri
10:23:16,6,Jackson Park Express,,Sun
15:40:44,6,Jackson Park Express,,Mon,Tue,Wed,Thu,Fri
11:28:18,157,Streeterville/Taylor,,Mon,Tue,Wed,Thu,Fri
18:57:35,20,Madison,,Mon,Tue,Wed,Thu,Fri
21:34:16,6,Jackson Park Express,,Sun
19:41:11,151,Sheridan,,Mon,Tue,Wed,Thu,Fri
11:01:45,147,Outer DuSable Lake Shore Express,,Sat
20:17:49,6,Jackson Park Express,,Mon,Tue,Wed,Thu,Fri
07:00:04,151,Sheridan,,Mon,Tue,Wed,Thu,Fri
08:31:16,6,Jackson Park Express,,Sat
16:04:48,3,King Drive,,Sat
14:44:08,20,Madison,,Mon,Tue,Wed,Thu,Fri
19:52:57,6,Jackson Park Express,,Sun
16:56:55,157,Streeterville/Taylor,,Mon,Tue,Wed,Thu,Fri
06:10:54,20,Madison,,Mon,Tue,Wed,Thu,Fri
13:09:11,6,Jackson Park Express,,Sun
12:05:45,147,Outer DuSable Lake Shore Express,,Sat
21:46:00,6,Jackson Park Express,,Sun
16:40:48,3,King Drive,,Sat
09:00:06,3,King Drive,,Mon,Tue,Wed,Thu,Fri
14:19:28,147,Outer DuSable Lake Shore Express,,Sat
15:24:12,3,King Drive,,Sun
20:10:17,157,Streeterville/Taylor,,Mon,Tue,Wed,Thu,Fri
22:33:29,151,Sheridan,,Sat
06:02:19,6,Jackson Park Express,,Mon,Tue,Wed,Thu,Fri
18:13:41,151,Sheridan,,Sat
11:08:41,6,Jackson Park Express,,Sun
18:07:25,151,Sheridan,,Sun
10:27:57,147,Outer DuSable Lake Shore Express,,Sat
15:48:07,151,Sheridan,,Sun
16:39:35,20,Madison,,Mon,Tue,Wed,Thu,Fri
21:41:05,147,Outer DuSable Lake Shore Express,,Sun
13:59:04,147,Outer DuSable Lake Shore Express,,Mon,Tue,Wed,Thu,Fri
21:02:58,3,King Drive,,Sat
12:06:49,151,Sheridan,,Mon,Tue,Wed,Thu,Fri
06:23:52,3,King Drive,,Mon,Tue,Wed,Thu,Fri
15:01:50,3,King Drive,,Sun
18:59:51,147,Outer DuSable Lake Shore Express,,Sun
13:44:48,3,King Drive,,Sat
21:22:00,147,Outer DuSable Lake Shore Express,,Sun
15:07:31,147,Outer DuSable Lake Shore Express,,Mon,Tue,Wed,Thu,Fri
16:42:54,157,Streeterville/Taylor,,Mon,Tue,Wed,Thu,Fri
08:12:22,20,Madison,,Mon,Tue,Wed,Thu,Fri
14:14:44,6,Jackson Park Express,,Mon,Tue,Wed,Thu,Fri
10:47:29,151,Sheridan,,Sun
13:58:06,3,King Drive,,Mon,Tue,Wed,Thu,Fri
16:14:28,147,Outer DuSable Lake Shore Express,,Mon,Tue,Wed,Thu,Fri
07:41:52,26,South Shore Express,,Mon,Tue,Wed,Thu,Fri
22:56:16,6,Jackson Park Express,,Sat
12:19:14,6,Jackson Park Express,,Sat
17:30:43,151,Sheridan,,Mon,Tue,Wed,Thu,Fri
16:01:28,147,Outer DuSable Lake Shore Express,,Mon,Tue,Wed,Thu,Fri
19:56:57,147,Outer DuSable Lake Shore Express,,Sun
23:33:29,151,Sheridan,,Sat
20:31:51,147,Outer DuSable Lake Shore Express,,Sat
12:49:34,3,King Drive,,Sat
16:54:35,20,Madison,,Mon,Tue,Wed,Thu,Fri
18:47:16,151,Sheridan,,Sat
19:02:36,3,King Drive,,Mon,Tue,Wed,Thu,Fri
14:19:48,3,King Drive,,Sat
11:28:42,147,Outer DuSable Lake Shore Express,,Mon,Tue,Wed,Thu,Fri
23:56:16,6,Jackson Park Express,,Sat
06:33:22,3,King Drive,,Mon,Tue,Wed,Thu,Fri
20:36:30,3,King Drive,,Sun
19:29:11,151,Sheridan,,Mon,Tue,Wed,Thu,Fri
12:52:06,3,King Drive,,Mon,Tue,Wed,Thu,Fri
17:37:44,147,Outer DuSable Lake Shore Express,,Mon,Tue,Wed,Thu,Fri
19:04:37,151,Sheridan,,Mon,Tue,Wed,Thu,Fri
05:27:44,6,Jackson Park Express,,Sat
20:08:16,151,Sheridan,,Mon,Tue,Wed,Thu,Fri
18:29:45,147,Outer DuSable Lake Shore Express,,Sun
09:22:36,3,King Drive,,Mon,Tue,Wed,Thu,Fri
14:11:48,3,King Drive,,Sat
20:11:38,151,Sheridan,,Sun
10:55:14,6,Jackson Park Express,,Sun
09:55:57,147,Outer DuSable Lake Shore Express,,Sat
18:15:35,20,Madison,,Mon,Tue,Wed,Thu,Fri
16:59:35,20,Madison,,Mon,Tue,Wed,Thu,Fri
10:53:41,151,Sheridan,,Mon,Tue,Wed,Thu,Fri
07:26:00,3,King Drive,,Sat
16:17:41,151,Sheridan,,Sun
08:55:15,147,Outer DuSable Lake Shore Express,,Mon,Tue,Wed,Thu,Fri
06:02:43,157,Streeterville/Taylor,,Mon,Tue,Wed,Thu,Fri
16:49:48,3,King Drive,,Sat
12:24:44,6,Jackson Park Express,,Mon,Tue,Wed,Thu,Fri
07:10:00,3,King Drive,,Sat
19:04:37,151,Sheridan,,Mon,Tue,Wed,Thu,Fri
08:10:44,6,Jackson Park Express,,Mon,Tue,Wed,Thu,Fri
12:12:44,6,Jackson Park Express,,Mon,Tue,Wed,Thu,Fri
17:32:07,151,Sheridan,,Sat
09:51:27,6,Jackson Park Express,,Sun
09:02:41,6,Jackson Park Express,,Mon,Tue,Wed,Thu,Fri
09:15:06,3,King Drive,,Mon,Tue,Wed,Thu,Fri
20:37:29,151,Sheridan,,Sat
08:36:06,3,King Drive,,Mon,Tue,Wed,Thu,Fri
16:19:35,20,Madison,,Mon,Tue,Wed,Thu,Fri
15:00:19,157,Streeterville/Taylor,,Mon,Tue,Wed,Thu,Fri
22:01:05,147,Outer DuSable Lake Shore Express,,Sun
15:47:10,151,Sheridan,,Mon,Tue,Wed,Thu,Fri
08:03:47,151,Sheridan,,Sat
06:29:44,26,South Shore Express,,Mon,Tue,Wed,Thu,Fri
03:41:48,66,Chicago,,Sun
15:19:48,3,King Drive,,Sat
18:07:25,151,Sheridan,,Sun
08:16:06,3,King Drive,,Mon,Tue,Wed,Thu,Fri
07:29:15,157,Streeterville/Taylor,,Mon,Tue,Wed,Thu,Fri
04:11:48,66,Chicago,,Sat
10:27:44,3,King Drive,,Mon,Tue,Wed,Thu,Fri
00:49:16,6,Jackson Park Express,,Sun
04:11:48,66,Chicago,,Mon,Tue,Wed,Thu,Fri
15:19:25,147,Outer DuSable Lake Shore Express,,Sat
17:36:12,3,King Drive,,Sun
13:57:48,147,Outer DuSable Lake Shore Express,,Sun
13:56:49,151,Sheridan,,Sat
11:24:44,6,Jackson Park Express,,Mon,Tue,Wed,Thu,Fri
15:27:01,147,Outer DuSable Lake Shore Express,,Mon,Tue,Wed,Thu,Fri
11:40:06,3,King Drive,,Sun
15:43:55,6,Jackson Park Express,,Mon,Tue,Wed,Thu,Fri
07:32:56,26,South Shore Express,,Mon,Tue,Wed,Thu,Fri
08:46:38,151,Sheridan,,Sat
13:11:31,147,Outer DuSable Lake Shore Express,,Mon,Tue,Wed,Thu,Fri
11:32:44,6,Jackson Park Express,,Sat
14:23:04,147,Outer DuSable Lake Shore Express,,Mon,Tue,Wed,Thu,Fri
19:27:16,151,Sheridan,,Sat
15:57:35,20,Madison,,Mon,Tue,Wed,Thu,Fri
17:06:17,147,Outer DuSable Lake Shore Express,,Mon,Tue,Wed,Thu,Fri
09:28:00,147,Outer DuSable Lake Shore Express,,Sun
20:59:38,151,Sheridan,,Sun
17:19:45,147,Outer DuSable Lake Shore Express,,Sun
18:48:20,3,King Drive,,Mon,Tue,Wed,Thu,Fri
17:24:32,151,Sheridan,,Sat
21:19:04,151,Sheridan,,Sat
14:20:06,3,King Drive,,Mon,Tue,Wed,Thu,Fri
18:52:40,147,Outer DuSable Lake Shore Express,,Mon,Tue,Wed,Thu,Fri
08:47:22,20,Madison,,Mon,Tue,Wed,Thu,Fri
14:10:38,6,Jackson Park Express,,Sat
13:14:54,151,Sheridan,,Sat
06:27:49,6,Jackson Park Express,,Mon,Tue,Wed,Thu,Fri
18:29:45,147,Outer DuSable Lake Shore Express,,Sun
17:10:25,147,Outer DuSable Lake Shore Express,,Sat
13:23:24,151,Sheridan,,Sat
16:04:49,151,Sheridan,,Sat
17:31:20,3,King Drive,,Mon,Tue,Wed,Thu,Fri
21:11:48,147,Outer DuSable Lake Shore Express,,Mon,Tue,Wed,Thu,Fri
16:43:55,147,Outer DuSable Lake Shore Express,,Mon,Tue,Wed,Thu,Fri
14:50:44,6,Jackson Park Express,,Mon,Tue,Wed,Thu,Fri
19:45:58,3,King Drive,,Sat
00:50:47,151,Sheridan,,Mon
08:52:22,20,Madison,,Mon,Tue,Wed,Thu,Fri
16:57:27,6,Jackson Park Express,,Sun
08:50:47,157,Streeterville/Taylor,,Mon,Tue,Wed,Thu,Fri
06:59:47,151,Sheridan,,Sat
18:38:55,6,Jackson Park Express,,Mon,Tue,Wed,Thu,Fri
07:50:44,3,King Drive,,Mon,Tue,Wed,Thu,Fri
08:37:22,20,Madison,,Mon,Tue,Wed,Thu,Fri
05:31:00,3,King Drive,,Mon,Tue,Wed,Thu,Fri
20:39:25,151,Sheridan,,Mon,Tue,Wed,Thu,Fri
15:46:48,3,King Drive,,Sat
15:31:49,151,Sheridan,,Sat
12:56:54,151,Sheridan,,Sat
13:54:25,6,Jackson Park Express,,Mon,Tue,Wed,Thu,Fri
20:57:57,6,Jackson Park Express,,Sat
15:04:36,3,King Drive,,Mon,Tue,Wed,Thu,Fri
07:00:04,151,Sheridan,,Mon,Tue,Wed,Thu,Fri
19:17:35,20,Madison,,Mon,Tue,Wed,Thu,Fri
18:57:57,6,Jackson Park Express,,Sun
09:47:41,151,Sheridan,,Mon,Tue,Wed,Thu,Fri
23:40:43,151,Sheridan,,Mon,Tue,Wed,Thu,Fri
12:21:45,147,Outer DuSable Lake Shore Express,,Sat
21:15:36,3,King Drive,,Sat
09:14:47,157,Streeterville/Taylor,,Mon,Tue,Wed,Thu,Fri
05:40:00,3,King Drive,,Mon,Tue,Wed,Thu,Fri
20:09:58,3,King Drive,,Sat
21:09:59,151,Sheridan,,Mon,Tue,Wed,Thu,Fri
17:57:07,151,Sheridan,,Sat
07:03:22,3,King Drive,,Mon,Tue,Wed,Thu,Fri
17:36:12,3,King Drive,,Sun
13:26:08,6,Jackson Park Express,,Sat
23:42:16,3,King Drive,,Mon,Tue,Wed,Thu,Fri
17:53:20,3,King Drive,,Mon,Tue,Wed,Thu,Fri
07:16:47,151,Sheridan,,Sat
18:00:52,6,Jackson Park Express,,Mon,Tue,Wed,Thu,Fri
18:40:57,6,Jackson Park Express,,Sun
19:56:46,151,Sheridan,,Sat
02:41:42,66,Chicago,,Sun
00:40:46,6,Jackson Park Express,,Mon
13:50:44,6,Jackson Park Express,,Mon,Tue,Wed,Thu,Fri
08:55:46,6,Jackson Park Express,,Sat
15:21:14,6,Jackson Park Express,,Sun
18:57:16,151,Sheridan,,Sat
18:57:16,151,Sheridan,,Sat
10:25:52,3,King Drive,,Sun
11:49:11,151,Sheridan,,Sat
20:34:58,3,King Drive,,Sat
14:36:48,3,King Drive,,Sat
15:17:14,6,Jackson Park Express,,Sat
08:52:22,20,Madison,,Mon,Tue,Wed,Thu,Fri
13:43:35,26,South Shore Express,,Mon,Tue,Wed,Thu,Fri
06:02:32,147,Outer DuSable Lake Shore Express,,Mon,Tue,Wed,Thu,Fri
19:35:44,3,King Drive,,Sun
15:37:15,147,Outer DuSable Lake Shore Express,,Sun
09:36:18,157,Streeterville/Taylor,,Mon,Tue,Wed,Thu,Fri
09:39:57,147,Outer DuSable Lake Shore Express,,Sat
17:34:14,6,Jackson Park Express,,Sat
09:07:13,151,Sheridan,,Sun
13:30:25,6,Jackson Park Express,,Mon,Tue,Wed,Thu,Fri
10:53:41,151,Sheridan,,Mon,Tue,Wed,Thu,Fri
17:23:04,147,Outer DuSable Lake Shore Express,,Sat
23:00:24,147,Outer DuSable Lake Shore Express,,Mon,Tue,Wed,Thu,Fri
07:32:47,151,Sheridan,,Sat
14:02:11,6,Jackson Park Express,,Sun
17:40:37,151,Sheridan,,Sat
17:51:40,147,Outer DuSable Lake Shore Express,,Sat
20:58:54,147,Outer DuSable Lake Shore Express,,Sat
17:16:22,151,Sheridan,,Mon,Tue,Wed,Thu,Fri
16:47:16,151,Sheridan,,Sun
23:02:19,6,Jackson Park Express,,Mon,Tue,Wed,Thu,Fri
15:22:38,6,Jackson Park Express,,Sat
13:41:58,3,King Drive,,Sun
14:16:40,26,South Shore Express,,Mon,Tue,Wed,Thu,Fri
20:23:21,147,Outer DuSable Lake Shore Express,,Sat
14:51:08,20,Madison,,Mon,Tue,Wed,Thu,Fri
05:59:26,151,Sheridan,,Sat
23:18:29,151,Sheridan,,Sat
18:40:44,6,Jackson Park Express,,Sun
07:35:16,6,Jackson Park Express,,Sun
22:01:51,147,Outer DuSable Lake Shore Express,,Mon,Tue,Wed,Thu,Fri
17:51:44,6,Jackson Park Express,,Mon,Tue,Wed,Thu,Fri
12:39:54,151,Sheridan,,Sat
16:25:55,147,Outer DuSable Lake Shore Express,,Sat
16:00:50,157,Streeterville/Taylor,,Mon,Tue,Wed,Thu,Fri
18:38:41,151,Sheridan,,Sat
11:01:44,6,Jackson Park Express,,Sat
06:52:49,6,Jackson Park Express,,Mon,Tue,Wed,Thu,Fri
09:13:22,26,South Shore Express,,Mon,Tue,Wed,Thu,Fri
08:19:17,151,Sheridan,,Sat
14:15:58,3,King Drive,,Sun
15:22:38,20,Madison,,Mon,Tue,Wed,Thu,Fri
07:39:20,151,Sheridan,,Mon,Tue,Wed,Thu,Fri
13:36:04,147,Outer DuSable Lake Shore Express,,Sat
09:19:57,6,Jackson Park Express,,Mon,Tue,Wed,Thu,Fri
21:15:30,3,King Drive,,Mon,Tue,Wed,Thu,Fri
17:05:44,6,Jackson Park Express,,Sat
15:31:55,6,Jackson Park Express,,Mon,Tue,Wed,Thu,Fri
19:37:16,151,Sheridan,,Sat
17:53:20,3,King Drive,,Mon,Tue,Wed,Thu,Fri
19:17:57,6,Jackson Park Express,,Sat
08:55:38,3,King Drive,,Sun
18:15:35,20,Madison,,Mon,Tue,Wed,Thu,Fri
10:37:52,3,King Drive,,Sun
14:26:58,3,King Drive,,Sun
18:48:25,151,Sheridan,,Sun
06:50:54,20,Madison,,Mon,Tue,Wed,Thu,Fri
12:42:55,151,Sheridan,,Sun
19:23:50,3,King Drive,,Sat
08:32:02,151,Sheridan,,Mon,Tue,Wed,Thu,Fri
08:48:06,3,King Drive,,Mon,Tue,Wed,Thu,Fri
06:00:54,20,Madison,,Mon,Tue,Wed,Thu,Fri
18:30:11,151,Sheridan,,Sat
06:41:27,6,Jackson Park Express,,Mon,Tue,Wed,Thu,Fri
17:23:04,147,Outer DuSable Lake Shore Express,,Sat
22:11:46,6,Jackson Park Express,,Sat
16:49:23,143,Stockton/Michigan Express,,Mon,Tue,Wed,Thu,Fri
04:51:54,20,Madison,,Mon,Tue,Wed,Thu,Fri
10:00:44,6,Jackson Park Express,,Mon,Tue,Wed,Thu,Fri
10:07:11,6,Jackson Park Express,,Sat
17:18:48,3,King Drive,,Sat
12:50:55,6,Jackson Park Express,,Sat
20:17:18,147,Outer DuSable Lake Shore Express,,Mon,Tue,Wed,Thu,Fri
14:45:04,147,Outer DuSable Lake Shore Express,,Mon,Tue,Wed,Thu,Fri
18:56:08,6,Jackson Park Express,,Sat
16:01:55,147,Outer DuSable Lake Shore Express,,Sat
17:35:43,151,Sheridan,,Mon,Tue,Wed,Thu,Fri
08:37:47,157,Streeterville/Taylor,,Mon,Tue,Wed,Thu,Fri
09:45:01,26,South Shore Express,,Mon,Tue,Wed,Thu,Fri
07:24:31,26,South Shore Express,,Mon,Tue,Wed,Thu,Fri
15:15:49,151,Sheridan,,Sat
15:46:12,3,King Drive,,Sun
22:41:46,6,Jackson Park Express,,Sun
06:20:54,20,Madison,,Mon,Tue,Wed,Thu,Fri
20:21:58,3,King Drive,,Sat
11:38:10,26,South Shore Express,,Mon,Tue,Wed,Thu,Fri
10:25:52,3,King Drive,,Sun
05:17:24,26,South Shore Express,,Mon,Tue,Wed,Thu,Fri
18:19:50,3,King Drive,,Sun
07:05:57,6,Jackson Park Express,,Mon,Tue,Wed,Thu,Fri
16:34:14,6,Jackson Park Express,,Sun
18:52:40,147,Outer DuSable Lake Shore Express,,Mon,Tue,Wed,Thu,Fri
08:21:41,6,Jackson Park Express,,Sat
13:18:58,3,King Drive,,Sun
16:01:58,3,King Drive,,Mon,Tue,Wed,Thu,Fri
12:24:10,26,South Shore Express,,Mon,Tue,Wed,Thu,Fri
19:45:44,3,King Drive,,Mon,Tue,Wed,Thu,Fri
19:01:20,3,King Drive,,Sat
15:08:14,6,Jackson Park Express,,Sat
09:11:00,147,Outer DuSable Lake Shore Express,,Sun
15:28:07,151,Sheridan,,Sun
15:27:45,151,Sheridan,,Mon,Tue,Wed,Thu,Fri
16:21:19,151,Sheridan,,Sat
14:52:48,3,King Drive,,Sat
12:18:49,151,Sheridan,,Mon,Tue,Wed,Thu,Fri
12:08:10,26,South Shore Express,,Mon,Tue,Wed,Thu,Fri
14:20:19,151,Sheridan,,Sat
08:31:44,3,King Drive,,Sat
17:09:35,20,Madison,,Mon,Tue,Wed,Thu,Fri
23:39:57,147,Outer DuSable Lake Shore Express,,Sat
07:25:55,151,Sheridan,,Mon,Tue,Wed,Thu,Fri
17:40:37,151,Sheridan,,Sat
18:29:06,3,King Drive,,Sun
20:09:58,3,King Drive,,Sat
20:14:21,147,Outer DuSable Lake Shore Express,,Sat
05:30:24,20,Madison,,Mon,Tue,Wed,Thu,Fri
11:23:41,6,Jackson Park Express,,Sat
19:37:16,151,Sheridan,,Sat
15:04:15,147,Outer DuSable Lake Shore Express,,Sun
11:32:44,3,King Drive,,Mon,Tue,Wed,Thu,Fri
12:51:48,147,Outer DuSable Lake Shore Express,,Sun
12:57:11,6,Jackson Park Express,,Sun
09:27:44,6,Jackson Park Express,,Mon,Tue,Wed,Thu,Fri
18:28:44,6,Jackson Park Express,,Sun
14:20:15,147,Outer DuSable Lake Shore Express,,Sun
16:49:48,3,King Drive,,Sat
16:33:55,147,Outer DuSable Lake Shore Express,,Sat
14:02:44,6,Jackson Park Express,,Mon,Tue,Wed,Thu,Fri
20:09:44,6,Jackson Park Express,,Mon,Tue,Wed,Thu,Fri
09:29:07,151,Sheridan,,Mon,Tue,Wed,Thu,Fri
22:21:35,147,Outer DuSable Lake Shore Express,,Sun
17:28:08,6,Jackson Park Express,,Sat
18:19:27,6,Jackson Park Express,,Sun
18:30:11,151,Sheridan,,Sat
17:40:14,6,Jackson Park Express,,Mon,Tue,Wed,Thu,Fri
14:21:41,6,Jackson Park Express,,Sun
17:37:08,6,Jackson Park Express,,Sat
20:30:17,157,Streeterville/Taylor,,Mon,Tue,Wed,Thu,Fri
19:17:16,151,Sheridan,,Sat
23:03:29,151,Sheridan,,Sat
09:48:44,6,Jackson Park Express,,Mon,Tue,Wed,Thu,Fri
14:06:25,6,Jackson Park Express,,Mon,Tue,Wed,Thu,Fri
11:44:54,147,Outer DuSable Lake Shore Express,,Sun
10:51:27,6,Jackson Park Express,,Sun
16:24:31,143,Stockton/Michigan Express,,Mon,Tue,Wed,Thu,Fri
19:07:16,151,Sheridan,,Sat
17:19:05,20,Madison,,Mon,Tue,Wed,Thu,Fri
07:34:35,147,Outer DuSable Lake Shore Express,,Sun
18:00:10,147,Outer DuSable Lake Shore Express,,Sat
05:50:51,151,Sheridan,,Sun
18:51:47,157,Streeterville/Taylor,,Mon,Tue,Wed,Thu,Fri
23:33:46,6,Jackson Park Express,,Sun
08:43:46,6,Jackson Park Express,,Sat
18:19:45,147,Outer DuSable Lake Shore Express,,Sun
19:30:27,6,Jackson Park Express,,Sat
19:10:47,157,Streeterville/Taylor,,Mon,Tue,Wed,Thu,Fri
19:15:57,6,Jackson Park Express,,Sun
16:44:14,6,Jackson Park Express,,Sun
11:08:40,26,South Shore Express,,Mon,Tue,Wed,Thu,Fri
15:57:37,151,Sheridan,,Sun
19:36:44,3,King Drive,,Mon,Tue,Wed,Thu,Fri
09:08:41,6,Jackson Park Express,,Sat
21:48:04,151,Sheridan,,Sat
12:11:59,151,Sheridan,,Sun
12:59:26,3,King Drive,,Sat
11:01:45,147,Outer DuSable Lake Shore Express,,Sat
10:59:16,151,Sheridan,,Sat
15:18:07,151,Sheridan,,Sun
09:53:57,6,Jackson Park Express,,Mon,Tue,Wed,Thu,Fri
21:15:46,6,Jackson Park Express,,Sun
15:01:50,3,King Drive,,Sun
08:45:44,3,King Drive,,Sat
15:48:19,157,Streeterville/Taylor,,Mon,Tue,Wed,Thu,Fri
11:33:41,6,Jackson Park Express,,Sat
22:13:46,6,Jackson Park Express,,Sun
18:01:57,143,Stockton/Michigan Express,,Mon,Tue,Wed,Thu,Fri
11:55:54,147,Outer DuSable Lake Shore Express,,Sun
09:49:36,3,King Drive,,Mon,Tue,Wed,Thu,Fri
18:24:05,20,Madison,,Mon,Tue,Wed,Thu,Fri
16:51:22,147,Outer DuSable Lake Shore Express,,Mon,Tue,Wed,Thu,Fri
08:39:16,6,Jackson Park Express,,Sun
14:57:38,20,Madison,,Mon,Tue,Wed,Thu,Fri
09:35:27,6,Jackson Park Express,,Sun
15:47:49,151,Sheridan,,Sat
21:15:30,3,King Drive,,Mon,Tue,Wed,Thu,Fri
07:32:08,3,King Drive,,Sun
13:35:31,147,Outer DuSable Lake Shore Express,,Mon,Tue,Wed,Thu,Fri
20:54:16,6,Jackson Park Express,,Sat
16:09:55,147,Outer DuSable Lake Shore Express,,Sat
14:53:55,147,Outer DuSable Lake Shore Express,,Sat
21:03:34,151,Sheridan,,Sat
10:42:11,6,Jackson Park Express,,Sat
15:27:45,151,Sheridan,,Mon,Tue,Wed,Thu,Fri
19:29:11,151,Sheridan,,Mon,Tue,Wed,Thu,Fri
15:44:14,6,Jackson Park Express,,Sat
06:07:16,6,Jackson Park Express,,Sat
11:44:10,147,Outer DuSable Lake Shore Express,,Mon,Tue,Wed,Thu,Fri
22:03:04,151,Sheridan,,Sat
06:41:40,26,South Shore Express,,Mon,Tue,Wed,Thu,Fri
18:17:20,3,King Drive,,Sat
17:21:18,151,Sheridan,,Mon,Tue,Wed,Thu,Fri
22:18:29,151,Sheridan,,Sat
10:48:44,6,Jackson Park Express,,Mon,Tue,Wed,Thu,Fri
13:14:44,6,Jackson Park Express,,Mon,Tue,Wed,Thu,Fri
19:07:42,147,Outer DuSable Lake Shore Express,,Sat
16:58:20,3,King Drive,,Mon,Tue,Wed,Thu,Fri
20:56:46,6,Jackson Park Express,,Sun
08:50:58,151,Sheridan,,Mon,Tue,Wed,Thu,Fri
07:14:21,151,Sheridan,,Sun
18:04:20,3,King Drive,,Mon,Tue,Wed,Thu,Fri
24:04:43,151,Sheridan,,Sat
16:07:55,6,Jackson Park Express,,Mon,Tue,Wed,Thu,Fri
19:18:44,6,Jackson Park Express,,Mon,Tue,Wed,Thu,Fri
14:20:19,157,Streeterville/Taylor,,Mon,Tue,Wed,Thu,Fri
09:31:06,3,King Drive,,Mon,Tue,Wed,Thu,Fri
18:35:08,6,Jackson Park Express,,Sat
12:42:58,3,King Drive,,Sun
16:29:35,20,Madison,,Mon,Tue,Wed,Thu,Fri
09:20:11,6,Jackson Park Express,,Sat
11:45:18,157,Streeterville/Taylor,,Mon,Tue,Wed,Thu,Fri
12:16:44,3,King Drive,,Mon,Tue,Wed,Thu,Fri
07:55:22,26,South Shore Express,,Mon,Tue,Wed,Thu,Fri
02:41:48,66,Chicago,,Mon
16:31:48,3,King Drive,,Sat
23:19:57,147,Outer DuSable Lake Shore Express,,Sat
17:47:25,151,Sheridan,,Sun
08:14:35,147,Outer DuSable Lake Shore Express,,Sun
16:44:35,20,Madison,,Mon,Tue,Wed,Thu,Fri
23:40:24,147,Outer DuSable Lake Shore Express,,Mon,Tue,Wed,Thu,Fri
14:18:14,6,Jackson Park Express,,Sun
17:16:31,147,Outer DuSable Lake Shore Express,,Sat
18:47:35,20,Madison,,Mon,Tue,Wed,Thu,Fri
15:24:19,157,Streeterville/Taylor,,Mon,Tue,Wed,Thu,Fri
12:18:21,147,Outer DuSable Lake Shore Express,,Sun
11:36:44,6,Jackson Park Express,,Mon,Tue,Wed,Thu,Fri
21:34:04,151,Sheridan,,Sat
16:58:48,3,King Drive,,Sat
14:28:38,6,Jackson Park Express,,Sat
15:31:38,6,Jackson Park Express,,Sat
15:28:07,151,Sheridan,,Sun
16:51:22,147,Outer DuSable Lake Shore Express,,Mon,Tue,Wed,Thu,Fri
09:11:11,6,Jackson Park Express,,Mon,Tue,Wed,Thu,Fri
09:34:44,3,King Drive,,Sat
22:30:00,3,King Drive,,Sun
17:17:27,6,Jackson Park Express,,Sun
17:34:23,143,Stockton/Michigan Express,,Mon,Tue,Wed,Thu,Fri
13:03:06,3,King Drive,,Mon,Tue,Wed,Thu,Fri
18:05:44,6,Jackson Park Express,,Mon,Tue,Wed,Thu,Fri
15:36:25,147,Outer DuSable Lake Shore Express,,Sat
15:48:07,151,Sheridan,,Sun
21:27:44,3,King Drive,,Sat
16:09:31,143,Stockton/Michigan Express,,Mon,Tue,Wed,Thu,Fri
11:54:44,3,King Drive,,Mon,Tue,Wed,Thu,Fri
05:09:21,151,Sheridan,,Mon,Tue,Wed,Thu,Fri
07:42:22,3,King Drive,,Mon,Tue,Wed,Thu,Fri
06:38:32,147,Outer DuSable Lake Shore Express,,Sat
08:36:06,3,King Drive,,Mon,Tue,Wed,Thu,Fri
13:43:38,6,Jackson Park Express,,Sat
21:57:46,6,Jackson Park Express,,Sat
15:37:36,3,King Drive,,Mon,Tue,Wed,Thu,Fri
06:33:16,6,Jackson Park Express,,Sun
08:02:48,147,Outer DuSable Lake Shore Express,,Mon,Tue,Wed,Thu,Fri
23:55:38,3,King Drive,,Sat
14:42:15,147,Outer DuSable Lake Shore Express,,Sun
13:05:54,151,Sheridan,,Sat
15:55:48,3,King Drive,,Sat
12:01:29,151,Sheridan,,Sun
15:55:49,151,Sheridan,,Sat
11:40:59,151,Sheridan,,Sun
22:18:29,151,Sheridan,,Sat
14:46:38,6,Jackson Park Express,,Sat
11:42:24,151,Sheridan,,Mon,Tue,Wed,Thu,Fri
13:44:48,3,King Drive,,Sat
16:24:31,143,Stockton/Michigan Express,,Mon,Tue,Wed,Thu,Fri
05:28:54,20,Madison,,Mon,Tue,Wed,Thu,Fri
18:26:20,3,King Drive,,Mon,Tue,Wed,Thu,Fri
19:48:51,147,Outer DuSable Lake Shore Express,,Sat
17:57:52,147,Outer DuSable Lake Shore Express,,Mon,Tue,Wed,Thu,Fri
23:55:38,3,King Drive,,Sat
09:07:57,147,Outer DuSable Lake Shore Express,,Sat
08:39:17,151,Sheridan,,Sun
11:16:06,3,King Drive,,Sun
23:28:24,3,King Drive,,Sun
21:55:04,151,Sheridan,,Mon,Tue,Wed,Thu,Fri
17:06:27,151,Sheridan,,Mon,Tue,Wed,Thu,Fri
16:26:27,151,Sheridan,,Mon,Tue,Wed,Thu,Fri
06:52:40,26,South Shore Express,,Mon,Tue,Wed,Thu,Fri
07:12:08,3,King Drive,,Sun
14:54:25,6,Jackson Park Express,,Mon,Tue,Wed,Thu,Fri
19:38:57,6,Jackson Park Express,,Mon,Tue,Wed,Thu,Fri
07:10:52,3,King Drive,,Mon,Tue,Wed,Thu,Fri
20:35:18,147,Outer DuSable Lake Shore Express,,Mon,Tue,Wed,Thu,Fri
14:31:15,147,Outer DuSable Lake Shore Express,,Sun
03:11:48,66,Chicago,,Sun
09:07:22,20,Madison,,Mon,Tue,Wed,Thu,Fri
05:10:54,20,Madison,,Mon,Tue,Wed,Thu,Fri
17:49:26,3,King Drive,,Sat
06:43:08,151,Sheridan,,Mon,Tue,Wed,Thu,Fri
05:57:05,147,Outer DuSable Lake Shore Express,,Sat
20:21:44,3,King Drive,,Mon,Tue,Wed,Thu,Fri
20:11:57,147,Outer DuSable Lake Shore Express,,Sun
09:41:29,151,Sheridan,,Sat
19:57:21,147,Outer DuSable Lake Shore Express,,Sat
22:33:46,6,Jackson Park Express,,Sun
18:43:13,143,Stockton/Michigan Express,,Mon,Tue,Wed,Thu,Fri
07:29:15,157,Streeterville/Taylor,,Mon,Tue,Wed,Thu,Fri
19:32:25,151,Sheridan,,Sun
08:19:02,147,Outer DuSable Lake Shore Express,,Sat
18:15:20,3,King Drive,,Mon,Tue,Wed,Thu,Fri
22:06:00,6,Jackson Park Express,,Sun
13:24:48,147,Outer DuSable Lake Shore Express,,Sun
15:53:14,6,Jackson Park Express,,Sat
21:02:58,3,King Drive,,Sat
16:09:55,147,Outer DuSable Lake Shore Express,,Sat
11:55:34,3,King Drive,,Sat
15:26:15,147,Outer DuSable Lake Shore Express,,Sun
14:53:15,147,Outer DuSable Lake Shore Express,,Sun
17:38:48,3,King Drive,,Sat
10:10:04,151,Sheridan,,Sun
13:42:25,6,Jackson Park Express,,Mon,Tue,Wed,Thu,Fri
12:30:06,3,King Drive,,Mon,Tue,Wed,Thu,Fri
16:58:52,6,Jackson Park Express,,Mon,Tue,Wed,Thu,Fri
01:26:47,151,Sheridan,,Sun
14:49:20,3,King Drive,,Sun
10:58:27,147,Outer DuSable Lake Shore Express,,Sun
16:17:41,151,Sheridan,,Sun
12:22:28,151,Sheridan,,Sat
08:42:22,20,Madison,,Mon,Tue,Wed,Thu,Fri
18:06:20,3,King Drive,,Sat
21:08:54,147,Outer DuSable Lake Shore Express,,Sat
08:23:52,26,South Shore Express,,Mon,Tue,Wed,Thu,Fri
15:37:15,147,Outer DuSable Lake Shore Express,,Sun
17:09:35,20,Madison,,Mon,Tue,Wed,Thu,Fri
09:33:38,151,Sheridan,,Sun
13:20:14,6,Jackson Park Express,,Sat
14:59:49,151,Sheridan,,Sat
17:47:22,6,Jackson Park Express,,Mon,Tue,Wed,Thu,Fri
16:43:08,6,Jackson Park Express,,Sat
16:52:12,3,King Drive,,Sun
14:46:11,151,Sheridan,,Sun
10:10:04,151,Sheridan,,Sun
10:20:41,151,Sheridan,,Mon,Tue,Wed,Thu,Fri
17:00:58,151,Sheridan,,Sat
19:17:35,20,Madison,,Mon,Tue,Wed,Thu,Fri
09:07:57,147,Outer DuSable Lake Shore Express,,Sat
08:24:17,151,Sheridan,,Sun
13:26:48,3,King Drive,,Sat
20:03:44,3,King Drive,,Mon,Tue,Wed,Thu,Fri
16:45:19,151,Sheridan,,Sat
13:18:25,6,Jackson Park Express,,Mon,Tue,Wed,Thu,Fri
18:06:40,151,Sheridan,,Mon,Tue,Wed,Thu,Fri
16:07:10,151,Sheridan,,Mon,Tue,Wed,Thu,Fri
14:30:19,151,Sheridan,,Mon,Tue,Wed,Thu,Fri
21:06:16,6,Jackson Park Express,,Sat
16:30:12,3,King Drive,,Sun
22:50:00,3,King Drive,,Sun
07:51:46,6,Jackson Park Express,,Sun
14:20:19,157,Streeterville/Taylor,,Mon,Tue,Wed,Thu,Fri
18:25:12,147,Outer DuSable Lake Shore Express,,Sat
11:41:11,151,Sheridan,,Sat
10:54:42,147,Outer DuSable Lake Shore Express,,Mon,Tue,Wed,Thu,Fri
16:40:40,147,Outer DuSable Lake Shore Express,,Sun
16:08:12,3,King Drive,,Sun
13:48:49,151,Sheridan,,Sat
13:54:49,151,Sheridan,,Mon,Tue,Wed,Thu,Fri
20:26:38,151,Sheridan,,Sun
17:44:14,6,Jackson Park Express,,Sat
12:47:54,151,Sheridan,,Sat
05:48:54,26,South Shore Express,,Mon,Tue,Wed,Thu,Fri
16:28:44,6,Jackson Park Express,,Mon,Tue,Wed,Thu,Fri
06:55:52,3,King Drive,,Mon,Tue,Wed,Thu,Fri
16:36:20,3,King Drive,,Mon,Tue,Wed,Thu,Fri
12:31:34,3,King Drive,,Sat
06:16:44,26,South Shore Express,,Mon,Tue,Wed,Thu,Fri
20:47:22,3,King Drive,,Mon,Tue,Wed,Thu,Fri
11:43:44,3,King Drive,,Mon,Tue,Wed,Thu,Fri
19:44:25,151,Sheridan,,Sun
08:33:13,151,Sheridan,,Sat
14:09:06,3,King Drive,,Mon,Tue,Wed,Thu,Fri
17:57:04,3,King Drive,,Sat
01:07:17,151,Sheridan,,Mon
09:31:06,3,King Drive,,Mon,Tue,Wed,Thu,Fri
23:26:16,3,King Drive,,Mon,Tue,Wed,Thu,Fri
14:37:58,3,King Drive,,Sun
12:37:40,147,Outer DuSable Lake Shore Express,,Sat
16:17:55,147,Outer DuSable Lake Shore Express,,Sat
17:01:27,151,Sheridan,,Mon,Tue,Wed,Thu,Fri
16:26:27,151,Sheridan,,Mon,Tue,Wed,Thu,Fri
10:12:44,6,Jackson Park Express,,Mon,Tue,Wed,Thu,Fri
15:31:49,151,Sheridan,,Sat
11:28:42,147,Outer DuSable Lake Shore Express,,Mon,Tue,Wed,Thu,Fri
14:06:19,151,Sheridan,,Mon,Tue,Wed,Thu,Fri
18:06:20,3,King Drive,,Sat
05:17:14,6,Jackson Park Express,,Mon,Tue,Wed,Thu,Fri
20:40:51,147,Outer DuSable Lake Shore Express,,Sat
09:47:44,3,King Drive,,Sat
00:50:47,151,Sheridan,,Mon
15:31:44,6,Jackson Park Express,,Sun
10:11:57,147,Outer DuSable Lake Shore Express,,Sat
12:14:25,6,Jackson Park Express,,Sat
20:06:50,151,Sheridan,,Sat
07:08:24,20,Madison,,Mon,Tue,Wed,Thu,Fri
16:33:55,147,Outer DuSable Lake Shore Express,,Sat
10:59:16,151,Sheridan,,Sat
17:49:24,157,Streeterville/Taylor,,Mon,Tue,Wed,Thu,Fri
10:17:16,6,Jackson Park Express,,Sat
11:17:45,147,Outer DuSable Lake Shore Express,,Sat
18:17:52,157,Streeterville/Taylor,,Mon,Tue,Wed,Thu,Fri
11:26:50,3,King Drive,,Sat
20:19:44,6,Jackson Park Express,,Sun
06:41:17,151,Sheridan,,Sat
13:03:20,151,Sheridan,,Sun
17:57:25,151,Sheridan,,Sun
20:05:14,6,Jackson Park Express,,Sat
14:36:11,151,Sheridan,,Sun
17:17:16,151,Sheridan,,Sun
15:58:15,147,Outer DuSable Lake Shore Express,,Sun
10:14:36,3,King Drive,,Sat
10:09:41,151,Sheridan,,Mon,Tue,Wed,Thu,Fri
00:37:13,151,Sheridan,,Sun
11:52:06,3,King Drive,,Sun
12:32:55,151,Sheridan,,Sun
20:03:30,3,King Drive,,Sun
11:54:19,151,Sheridan,,Mon,Tue,Wed,Thu,Fri
19:01:20,3,King Drive,,Sat
21:10:17,157,Streeterville/Taylor,,Mon,Tue,Wed,Thu,Fri
06:59:47,151,Sheridan,,Sat
21:28:54,147,Outer DuSable Lake Shore Express,,Sat
13:02:44,6,Jackson Park Express,,Mon,Tue,Wed,Thu,Fri
18:37:25,151,Sheridan,,Sun
16:11:44,6,Jackson Park Express,,Sat
16:45:19,151,Sheridan,,Sat
09:30:59,151,Sheridan,,Sat
13:23:50,151,Sheridan,,Sun
16:14:35,20,Madison,,Mon,Tue,Wed,Thu,Fri
07:55:22,26,South Shore Express,,Mon,Tue,Wed,Thu,Fri
21:31:18,147,Outer DuSable Lake Shore Express,,Mon,Tue,Wed,Thu,Fri
15:40:52,20,Madison,,Mon,Tue,Wed,Thu,Fri
06:43:08,151,Sheridan,,Mon,Tue,Wed,Thu,Fri
09:20:43,151,Sheridan,,Sun
09:37:14,6,Jackson Park Express,,Mon,Tue,Wed,Thu,Fri
07:31:02,147,Outer DuSable Lake Shore Express,,Sat
14:42:41,6,Jackson Park Express,,Sun
12:42:25,6,Jackson Park Express,,Sat
13:36:06,3,King Drive,,Mon,Tue,Wed,Thu,Fri
12:40:48,147,Outer DuSable Lake Shore Express,,Sun
21:26:30,3,King Drive,,Mon,Tue,Wed,Thu,Fri
06:13:30,3,King Drive,,Mon,Tue,Wed,Thu,Fri
20:50:17,157,Streeterville/Taylor,,Mon,Tue,Wed,Thu,Fri
17:57:25,151,Sheridan,,Sun
14:34:49,157,Streeterville/Taylor,,Mon,Tue,Wed,Thu,Fri
10:47:29,151,Sheridan,,Sun
11:22:44,6,Jackson Park Express,,Sun
17:38:48,3,King Drive,,Sat
14:09:15,147,Outer DuSable Lake Shore Express,,Sun
16:13:19,151,Sheridan,,Sat
16:47:16,151,Sheridan,,Sun
18:43:13,143,Stockton/Michigan Express,,Mon,Tue,Wed,Thu,Fri
18:26:14,6,Jackson Park Express,,Sat
17:40:35,20,Madison,,Mon,Tue,Wed,Thu,Fri
11:00:44,6,Jackson Park Express,,Mon,Tue,Wed,Thu,Fri
22:26:24,147,Outer DuSable Lake Shore Express,,Mon,Tue,Wed,Thu,Fri
21:40:04,151,Sheridan,,Mon,Tue,Wed,Thu,Fri
21:17:44,6,Jackson Park Express,,Mon,Tue,Wed,Thu,Fri
11:52:06,3,King Drive,,Sun
10:09:41,151,Sheridan,,Mon,Tue,Wed,Thu,Fri
17:46:44,6,Jackson Park Express,,Sun
12:06:54,147,Outer DuSable Lake Shore Express,,Sun
12:54:58,3,King Drive,,Sun
08:13:22,3,King Drive,,Sat
17:26:14,6,Jackson Park Express,,Sun
15:22:38,20,Madison,,Mon,Tue,Wed,Thu,Fri
14:09:15,147,Outer DuSable Lake Shore Express,,Sun
12:30:58,3,King Drive,,Sun
16:25:55,147,Outer DuSable Lake Shore Express,,Sat
11:53:10,26,South Shore Express,,Mon,Tue,Wed,Thu,Fri
18:14:44,6,Jackson Park Express,,Sat
15:23:49,151,Sheridan,,Sat
10:27:44,3,King Drive,,Mon,Tue,Wed,Thu,Fri
18:24:05,20,Madison,,Mon,Tue,Wed,Thu,Fri
09:45:01,26,South Shore Express,,Mon,Tue,Wed,Thu,Fri
16:47:44,6,Jackson Park Express,,Sat
21:18:16,6,Jackson Park Express,,Sat
11:30:59,151,Sheridan,,Sun
06:52:00,3,King Drive,,Sat
12:31:28,151,Sheridan,,Sat
17:46:35,20,Madison,,Mon,Tue,Wed,Thu,Fri
11:12:42,147,Outer DuSable Lake Shore Express,,Mon,Tue,Wed,Thu,Fri
12:44:31,147,Outer DuSable Lake Shore Express,,Mon,Tue,Wed,Thu,Fri
12:31:34,3,King Drive,,Sat
07:48:17,151,Sheridan,,Sat
17:19:08,6,Jackson Park Express,,Sat
05:29:46,6,Jackson Park Express,,Sat
01:17:17,151,Sheridan,,Tue,Wed,Thu,Fri,Sat
20:32:57,6,Jackson Park Express,,Sat
23:34:43,151,Sheridan,,Sun
01:11:55,66,Chicago,,Sun
06:03:19,26,South Shore Express,,Mon,Tue,Wed,Thu,Fri
13:14:54,151,Sheridan,,Sat
08:23:06,3,King Drive,,Mon,Tue,Wed,Thu,Fri
10:29:11,6,Jackson Park Express,,Mon,Tue,Wed,Thu,Fri
00:37:17,151,Sheridan,,Tue,Wed,Thu,Fri,Sat
21:31:30,3,King Drive,,Sun
16:59:35,20,Madison,,Mon,Tue,Wed,Thu,Fri
13:08:48,3,King Drive,,Sat
15:15:49,151,Sheridan,,Sat
11:50:29,151,Sheridan,,Sun
07:12:59,151,Sheridan,,Mon,Tue,Wed,Thu,Fri
17:07:16,151,Sheridan,,Sun
17:35:55,157,Streeterville/Taylor,,Mon,Tue,Wed,Thu,Fri
21:57:44,3,King Drive,,Sat
17:21:15,143,Stockton/Michigan Express,,Mon,Tue,Wed,Thu,Fri
09:00:06,3,King Drive,,Mon,Tue,Wed,Thu,Fri
13:36:04,147,Outer DuSable Lake Shore Express,,Sat
13:43:50,151,Sheridan,,Sun
14:31:36,3,King Drive,,Mon,Tue,Wed,Thu,Fri
16:31:48,3,King Drive,,Sat
19:03:44,6,Jackson Park Express,,Mon,Tue,Wed,Thu,Fri
13:56:14,6,Jackson Park Express,,Sat
08:42:06,3,King Drive,,Mon,Tue,Wed,Thu,Fri
15:26:14,6,Jackson Park Express,,Sat
16:58:50,147,Outer DuSable Lake Shore Express,,Mon,Tue,Wed,Thu,Fri
06:53:17,151,Sheridan,,Sun
01:10:17,151,Sheridan,,Sun
11:37:12,3,King Drive,,Sat
14:53:15,147,Outer DuSable Lake Shore Express,,Sun
14:51:08,20,Madison,,Mon,Tue,Wed,Thu,Fri
18:06:40,151,Sheridan,,Mon,Tue,Wed,Thu,Fri
13:47:14,6,Jackson Park Express,,Sat
11:51:44,6,Jackson Park Express,,Sat
19:57:58,3,King Drive,,Sat
17:11:27,151,Sheridan,,Mon,Tue,Wed,Thu,Fri
08:07:22,20,Madison,,Mon,Tue,Wed,Thu,Fri
10:59:44,3,King Drive,,Mon,Tue,Wed,Thu,Fri
19:43:27,147,Outer DuSable Lake Shore Express,,Sun
09:44:22,3,King Drive,,Sun
17:24:35,20,Madison,,Mon,Tue,Wed,Thu,Fri
21:37:38,151,Sheridan,,Sun
18:32:35,20,Madison,,Mon,Tue,Wed,Thu,Fri
22:17:14,6,Jackson Park Express,,Mon,Tue,Wed,Thu,Fri
16:46:27,151,Sheridan,,Mon,Tue,Wed,Thu,Fri
12:29:21,147,Outer DuSable Lake Shore Express,,Sun
11:12:14,6,Jackson Park Express,,Sat
12:14:37,147,Outer DuSable Lake Shore Express,,Mon,Tue,Wed,Thu,Fri
07:39:20,151,Sheridan,,Mon,Tue,Wed,Thu,Fri
17:09:55,157,Streeterville/Taylor,,Mon,Tue,Wed,Thu,Fri
16:25:20,3,King Drive,,Mon,Tue,Wed,Thu,Fri
08:15:52,26,South Shore Express,,Mon,Tue,Wed,Thu,Fri
22:43:27,147,Outer DuSable Lake Shore Express,,Sat
18:37:25,151,Sheridan,,Sun
23:40:57,6,Jackson Park Express,,Sat
22:36:38,151,Sheridan,,Sun
13:30:49,151,Sheridan,,Mon,Tue,Wed,Thu,Fri
09:09:59,151,Sheridan,,Sat
13:02:14,6,Jackson Park Express,,Sat
05:48:46,6,Jackson Park Express,,Sat
14:32:11,6,Jackson Park Express,,Sun
12:27:14,6,Jackson Park Express,,Sat
10:54:42,147,Outer DuSable Lake Shore Express,,Mon,Tue,Wed,Thu,Fri
11:15:46,151,Sheridan,,Sat
14:50:40,26,South Shore Express,,Mon,Tue,Wed,Thu,Fri
06:58:46,6,Jackson Park Express,,Sat
09:49:36,3,King Drive,,Mon,Tue,Wed,Thu,Fri
19:15:45,147,Outer DuSable Lake Shore Express,,Sat
20:36:30,3,King Drive,,Sun
17:31:20,3,King Drive,,Mon,Tue,Wed,Thu,Fri
18:47:16,151,Sheridan,,Sat
18:08:14,6,Jackson Park Express,,Sun
12:02:44,6,Jackson Park Express,,Sun
12:01:14,6,Jackson Park Express,,Sat
11:33:27,147,Outer DuSable Lake Shore Express,,Sun
20:37:46,6,Jackson Park Express,,Sun
18:27:54,151,Sheridan,,Mon,Tue,Wed,Thu,Fri
18:28:20,3,King Drive,,Sat
19:44:44,6,Jackson Park Express,,Sun
10:50:46,151,Sheridan,,Sat
13:29:19,157,Streeterville/Taylor,,Mon,Tue,Wed,Thu,Fri
12:40:34,3,King Drive,,Sat
12:13:34,3,King Drive,,Sat
00:31:47,151,Sheridan,,Mon
18:09:25,147,Outer DuSable Lake Shore Express,,Mon,Tue,Wed,Thu,Fri
24:21:46,6,Jackson Park Express,,Sun
07:50:46,151,Sheridan,,Mon,Tue,Wed,Thu,Fri
16:06:41,6,Jackson Park Express,,Sun
15:19:55,6,Jackson Park Express,,Mon,Tue,Wed,Thu,Fri
13:23:50,151,Sheridan,,Sun
19:17:07,151,Sheridan,,Mon,Tue,Wed,Thu,Fri
11:49:45,147,Outer DuSable Lake Shore Express,,Sat
07:57:22,20,Madison,,Mon,Tue,Wed,Thu,Fri
18:29:06,3,King Drive,,Sun
21:03:34,151,Sheridan,,Sat
19:21:14,3,King Drive,,Sun
14:44:08,20,Madison,,Mon,Tue,Wed,Thu,Fri
16:42:54,157,Streeterville/Taylor,,Mon,Tue,Wed,Thu,Fri
13:53:28,3,King Drive,,Sun
16:09:31,143,Stockton/Michigan Express,,Mon,Tue,Wed,Thu,Fri
10:32:55,151,Sheridan,,Sat
09:19:37,151,Sheridan,,Mon,Tue,Wed,Thu,Fri
11:32:44,3,King Drive,,Mon,Tue,Wed,Thu,Fri
13:36:06,3,King Drive,,Mon,Tue,Wed,Thu,Fri
12:05:44,3,King Drive,,Mon,Tue,Wed,Thu,Fri
13:17:48,3,King Drive,,Sat
15:49:06,3,King Drive,,Mon,Tue,Wed,Thu,Fri
17:35:05,20,Madison,,Mon,Tue,Wed,Thu,Fri
05:33:08,3,King Drive,,Sat
13:40:24,151,Sheridan,,Sat
02:11:48,66,Chicago,,Tue,Wed,Thu,Fri,Sat
14:11:04,147,Outer DuSable Lake Shore Express,,Mon,Tue,Wed,Thu,Fri
13:25:06,3,King Drive,,Mon,Tue,Wed,Thu,Fri
06:11:51,151,Sheridan,,Sun
07:12:14,157,Streeterville/Taylor,,Mon,Tue,Wed,Thu,Fri
13:04:07,147,Outer DuSable Lake Shore Express,,Sat
07:33:22,3,King Drive,,Mon,Tue,Wed,Thu,Fri
17:20:44,147,Outer DuSable Lake Shore Express,,Mon,Tue,Wed,Thu,Fri
19:45:44,3,King Drive,,Mon,Tue,Wed,Thu,Fri
18:17:25,151,Sheridan,,Sun
15:37:36,3,King Drive,,Mon,Tue,Wed,Thu,Fri
19:09:57,147,Outer DuSable Lake Shore Express,,Sun
14:42:36,3,King Drive,,Mon,Tue,Wed,Thu,Fri
06:30:54,20,Madison,,Mon,Tue,Wed,Thu,Fri
08:22:22,20,Madison,,Mon,Tue,Wed,Thu,Fri
07:50:44,3,King Drive,,Mon,Tue,Wed,Thu,Fri
08:07:46,157,Streeterville/Taylor,,Mon,Tue,Wed,Thu,Fri
13:08:48,3,King Drive,,Sat
13:26:48,3,King Drive,,Sat
13:53:50,151,Sheridan,,Sun
17:58:12,3,King Drive,,Sun
17:05:14,6,Jackson Park Express,,Sun
05:53:17,151,Sheridan,,Mon,Tue,Wed,Thu,Fri
08:55:16,6,Jackson Park Express,,Sun
15:16:38,20,Madison,,Mon,Tue,Wed,Thu,Fri
14:53:55,147,Outer DuSable Lake Shore Express,,Sat
14:38:44,6,Jackson Park Express,,Mon,Tue,Wed,Thu,Fri
18:38:41,151,Sheridan,,Sat
20:45:27,6,Jackson Park Express,,Sat
15:37:48,3,King Drive,,Sat
15:04:38,6,Jackson Park Express,,Sat
09:28:00,147,Outer DuSable Lake Shore Express,,Sun
14:03:19,157,Streeterville/Taylor,,Mon,Tue,Wed,Thu,Fri
19:28:14,6,Jackson Park Express,,Sat
17:56:31,151,Sheridan,,Mon,Tue,Wed,Thu,Fri
19:09:55,151,Sheridan,,Sun
21:58:54,147,Outer DuSable Lake Shore Express,,Sat
06:48:22,3,King Drive,,Mon,Tue,Wed,Thu,Fri
20:34:58,3,King Drive,,Sat
17:08:48,3,King Drive,,Sat
08:30:06,3,King Drive,,Mon,Tue,Wed,Thu,Fri
17:47:47,147,Outer DuSable Lake Shore Express,,Mon,Tue,Wed,Thu,Fri
16:08:12,3,King Drive,,Sun
14:26:16,151,Sheridan,,Sun
13:47:06,3,King Drive,,Mon,Tue,Wed,Thu,Fri
08:13:22,3,King Drive,,Sat
13:47:06,3,King Drive,,Mon,Tue,Wed,Thu,Fri
17:36:44,6,Jackson Park Express,,Sun
10:31:41,151,Sheridan,,Mon,Tue,Wed,Thu,Fri
19:30:17,157,Streeterville/Taylor,,Mon,Tue,Wed,Thu,Fri
11:32:41,151,Sheridan,,Sat
16:20:44,6,Jackson Park Express,,Sat
15:42:14,6,Jackson Park Express,,Sun
08:32:14,6,Jackson Park Express,,Sun
15:57:12,3,King Drive,,Sun
18:17:19,151,Sheridan,,Mon,Tue,Wed,Thu,Fri
17:09:45,147,Outer DuSable Lake Shore Express,,Sun
15:03:41,6,Jackson Park Express,,Sun
22:42:05,147,Outer DuSable Lake Shore Express,,Sun
11:13:41,6,Jackson Park Express,,Sat
08:14:35,147,Outer DuSable Lake Shore Express,,Sun
13:13:50,151,Sheridan,,Sun
09:57:05,26,South Shore Express,,Mon,Tue,Wed,Thu,Fri
09:22:36,3,King Drive,,Mon,Tue,Wed,Thu,Fri
05:50:54,20,Madison,,Mon,Tue,Wed,Thu,Fri
21:37:14,6,Jackson Park Express,,Mon,Tue,Wed,Thu,Fri
16:52:08,6,Jackson Park Express,,Sat
18:47:35,20,Madison,,Mon,Tue,Wed,Thu,Fri
12:37:44,6,Jackson Park Express,,Mon,Tue,Wed,Thu,Fri
13:06:58,3,King Drive,,Sun
10:06:27,6,Jackson Park Express,,Sun
17:27:23,143,Stockton/Michigan Express,,Mon,Tue,Wed,Thu,Fri
06:54:44,157,Streeterville/Taylor,,Mon,Tue,Wed,Thu,Fri
16:47:20,3,King Drive,,Mon,Tue,Wed,Thu,Fri
18:32:35,20,Madison,,Mon,Tue,Wed,Thu,Fri
20:08:16,151,Sheridan,,Mon,Tue,Wed,Thu,Fri
18:50:20,3,King Drive,,Sat
06:12:08,3,King Drive,,Sat
11:17:45,147,Outer DuSable Lake Shore Express,,Sat
21:48:54,147,Outer DuSable Lake Shore Express,,Sat
10:35:29,151,Sheridan,,Sun
14:31:15,147,Outer DuSable Lake Shore Express,,Sun
21:48:04,151,Sheridan,,Sat
12:42:58,3,King Drive,,Sun
20:25:55,151,Sheridan,,Sat
11:54:19,151,Sheridan,,Mon,Tue,Wed,Thu,Fri
12:29:21,147,Outer DuSable Lake Shore Express,,Sun
11:29:58,151,Sheridan,,Mon,Tue,Wed,Thu,Fri
04:41:48,66,Chicago,,Sat
15:18:07,151,Sheridan,,Sun
08:45:44,3,King Drive,,Sat
19:53:44,6,Jackson Park Express,,Mon,Tue,Wed,Thu,Fri
19:23:50,3,King Drive,,Sat
12:30:58,3,King Drive,,Sun
16:41:12,3,King Drive,,Sun
08:02:22,26,South Shore Express,,Mon,Tue,Wed,Thu,Fri
09:14:47,157,Streeterville/Taylor,,Mon,Tue,Wed,Thu,Fri
23:15:43,151,Sheridan,,Sun
05:37:17,151,Sheridan,,Sat
07:04:49,6,Jackson Park Express,,Mon,Tue,Wed,Thu,Fri
15:34:52,20,Madison,,Mon,Tue,Wed,Thu,Fri
15:19:25,147,Outer DuSable Lake Shore Express,,Sat
16:49:35,20,Madison,,Mon,Tue,Wed,Thu,Fri
10:31:41,151,Sheridan,,Mon,Tue,Wed,Thu,Fri
10:59:44,3,King Drive,,Mon,Tue,Wed,Thu,Fri
13:31:54,151,Sheridan,,Sat
07:05:54,147,Outer DuSable Lake Shore Express,,Mon,Tue,Wed,Thu,Fri
05:13:08,3,King Drive,,Sat
14:34:04,147,Outer DuSable Lake Shore Express,,Mon,Tue,Wed,Thu,Fri
10:11:57,147,Outer DuSable Lake Shore Express,,Sat
08:35:02,147,Outer DuSable Lake Shore Express,,Sat
06:45:27,6,Jackson Park Express,,Sat
08:57:11,6,Jackson Park Express,,Sat
11:12:44,6,Jackson Park Express,,Mon,Tue,Wed,Thu,Fri
10:39:14,6,Jackson Park Express,,Sun
19:42:57,6,Jackson Park Express,,Sat
07:32:24,147,Outer DuSable Lake Shore Express,,Mon,Tue,Wed,Thu,Fri
15:46:48,3,King Drive,,Sat
06:36:44,157,Streeterville/Taylor,,Mon,Tue,Wed,Thu,Fri
21:43:16,6,Jackson Park Express,,Sat
09:55:41,6,Jackson Park Express,,Sat
10:35:36,3,King Drive,,Sat
13:35:31,147,Outer DuSable Lake Shore Express,,Mon,Tue,Wed,Thu,Fri
17:42:20,3,King Drive,,Mon,Tue,Wed,Thu,Fri
06:58:02,147,Outer DuSable Lake Shore Express,,Sat
08:03:02,147,Outer DuSable Lake Shore Express,,Sat
08:57:22,20,Madison,,Mon,Tue,Wed,Thu,Fri
11:41:11,151,Sheridan,,Sat
18:49:14,6,Jackson Park Express,,Mon,Tue,Wed,Thu,Fri
20:22:51,147,Outer DuSable Lake Shore Express,,Sat
08:23:06,3,King Drive,,Mon,Tue,Wed,Thu,Fri
13:52:11,6,Jackson Park Express,,Sun
20:39:44,3,King Drive,,Mon,Tue,Wed,Thu,Fri
01:11:48,66,Chicago,,Mon
15:52:44,6,Jackson Park Express,,Sun
12:30:06,3,King Drive,,Mon,Tue,Wed,Thu,Fri
11:46:34,3,King Drive,,Sat
07:51:41,6,Jackson Park Express,,Mon,Tue,Wed,Thu,Fri
13:29:14,6,Jackson Park Express,,Sat
14:28:19,151,Sheridan,,Sat
17:19:05,20,Madison,,Mon,Tue,Wed,Thu,Fri
14:28:19,151,Sheridan,,Sat
06:40:54,20,Madison,,Mon,Tue,Wed,Thu,Fri
23:39:22,3,King Drive,,Sat
21:28:54,147,Outer DuSable Lake Shore Express,,Sat
22:08:54,147,Outer DuSable Lake Shore Express,,Sat
05:56:00,3,King Drive,,Mon,Tue,Wed,Thu,Fri
06:15:49,6,Jackson Park Express,,Mon,Tue,Wed,Thu,Fri
04:42:01,66,Chicago,,Mon,Tue,Wed,Thu,Fri
07:15:02,147,Outer DuSable Lake Shore Express,,Sat
10:42:20,151,Sheridan,,Sat
17:08:58,151,Sheridan,,Sat
19:30:17,157,Streeterville/Taylor,,Mon,Tue,Wed,Thu,Fri
13:45:01,147,Outer DuSable Lake Shore Express,,Sat
11:51:11,6,Jackson Park Express,,Sun
14:54:19,151,Sheridan,,Mon,Tue,Wed,Thu,Fri
16:20:10,147,Outer DuSable Lake Shore Express,,Sun
06:35:30,147,Outer DuSable Lake Shore Express,,Mon,Tue,Wed,Thu,Fri
08:55:38,3,King Drive,,Sun
07:16:47,151,Sheridan,,Sat
07:41:15,20,Madison,,Mon,Tue,Wed,Thu,Fri
13:27:05,26,South Shore Express,,Mon,Tue,Wed,Thu,Fri
15:52:44,6,Jackson Park Express,,Mon,Tue,Wed,Thu,Fri
12:40:48,147,Outer DuSable Lake Shore Express,,Sun
05:59:26,151,Sheridan,,Sat
15:06:19,151,Sheridan,,Mon,Tue,Wed,Thu,Fri
07:00:54,20,Madison,,Mon,Tue,Wed,Thu,Fri
11:37:12,3,King Drive,,Sat
14:15:14,6,Jackson Park Express,,Sat
15:36:01,147,Outer DuSable Lake Shore Express,,Mon,Tue,Wed,Thu,Fri
17:40:48,151,Sheridan,,Mon,Tue,Wed,Thu,Fri
14:18:19,151,Sheridan,,Mon,Tue,Wed,Thu,Fri
09:47:41,151,Sheridan,,Mon,Tue,Wed,Thu,Fri
12:29:44,6,Jackson Park Express,,Sun
15:58:38,6,Jackson Park Express,,Sat
14:12:19,151,Sheridan,,Sat
14:26:58,3,King Drive,,Sun
21:50:00,3,King Drive,,Sun
23:45:46,6,Jackson Park Express,,Sun
15:28:48,3,King Drive,,Sat
00:37:17,151,Sheridan,,Tue,Wed,Thu,Fri,Sat
09:29:57,6,Jackson Park Express,,Mon,Tue,Wed,Thu,Fri
18:51:10,147,Outer DuSable Lake Shore Express,,Sat
22:10:04,151,Sheridan,,Mon,Tue,Wed,Thu,Fri
18:52:32,151,Sheridan,,Mon,Tue,Wed,Thu,Fri
07:34:21,151,Sheridan,,Sun
16:54:44,6,Jackson Park Express,,Sun
01:11:48,66,Chicago,,Mon
18:14:31,143,Stockton/Michigan Express,,Mon,Tue,Wed,Thu,Fri
11:57:41,151,Sheridan,,Sat
08:22:02,151,Sheridan,,Mon,Tue,Wed,Thu,Fri
23:13:46,6,Jackson Park Express,,Sun
16:17:11,6,Jackson Park Express,,Sun
07:15:16,6,Jackson Park Express,,Sat
12:18:11,6,Jackson Park Express,,Sun
12:42:49,151,Sheridan,,Mon,Tue,Wed,Thu,Fri
14:05:44,6,Jackson Park Express,,Sat
17:43:40,147,Outer DuSable Lake Shore Express,,Sat
08:19:45,147,Outer DuSable Lake Shore Express,,Mon,Tue,Wed,Thu,Fri
09:12:00,3,King Drive,,Sun
13:45:01,147,Outer DuSable Lake Shore Express,,Sat
20:23:50,151,Sheridan,,Mon,Tue,Wed,Thu,Fri
16:27:41,6,Jackson Park Express,,Sun
18:04:14,6,Jackson Park Express,,Sat
13:48:49,151,Sheridan,,Sat
14:43:49,151,Sheridan,,Sat
13:26:34,147,Outer DuSable Lake Shore Express,,Sat
15:28:48,3,King Drive,,Sat
23:38:35,147,Outer DuSable Lake Shore Express,,Sun
11:05:36,3,King Drive,,Sat
13:06:49,151,Sheridan,,Mon,Tue,Wed,Thu,Fri
14:36:55,147,Outer DuSable Lake Shore Express,,Sat
23:19:57,147,Outer DuSable Lake Shore Express,,Sat
19:20:55,151,Sheridan,,Sun
08:33:05,147,Outer DuSable Lake Shore Express,,Sun
05:27:05,147,Outer DuSable Lake Shore Express,,Mon,Tue,Wed,Thu,Fri
06:23:52,3,King Drive,,Mon,Tue,Wed,Thu,Fri
17:25:48,151,Sheridan,,Mon,Tue,Wed,Thu,Fri
16:32:25,6,Jackson Park Express,,Mon,Tue,Wed,Thu,Fri
16:16:44,6,Jackson Park Express,,Mon,Tue,Wed,Thu,Fri
16:49:25,147,Outer DuSable Lake Shore Express,,Sat
15:34:52,20,Madison,,Mon,Tue,Wed,Thu,Fri
06:32:17,151,Sheridan,,Sun
16:15:21,157,Streeterville/Taylor,,Mon,Tue,Wed,Thu,Fri
13:23:31,147,Outer DuSable Lake Shore Express,,Mon,Tue,Wed,Thu,Fri
14:36:19,151,Sheridan,,Sat
21:08:54,147,Outer DuSable Lake Shore Express,,Sat
15:10:38,20,Madison,,Mon,Tue,Wed,Thu,Fri
18:52:32,151,Sheridan,,Mon,Tue,Wed,Thu,Fri
12:39:47,157,Streeterville/Taylor,,Mon,Tue,Wed,Thu,Fri
22:26:57,6,Jackson Park Express,,Sat
19:41:18,147,Outer DuSable Lake Shore Express,,Mon,Tue,Wed,Thu,Fri
21:47:57,6,Jackson Park Express,,Sat
00:40:30,6,Jackson Park Express,,Tue,Wed,Thu,Fri,Sat
07:50:14,6,Jackson Park Express,,Mon,Tue,Wed,Thu,Fri
19:47:16,151,Sheridan,,Sat
14:18:25,6,Jackson Park Express,,Mon,Tue,Wed,Thu,Fri
24:09:44,6,Jackson Park Express,,Sat
14:34:49,157,Streeterville/Taylor,,Mon,Tue,Wed,Thu,Fri
12:42:25,6,Jackson Park Express,,Mon,Tue,Wed,Thu,Fri
11:04:06,3,King Drive,,Sun
17:03:25,147,Outer DuSable Lake Shore Express,,Sat
01:43:17,151,Sheridan,,Sun
05:31:21,151,Sheridan,,Mon,Tue,Wed,Thu,Fri
06:54:16,6,Jackson Park Express,,Sun
19:12:20,3,King Drive,,Sat
08:14:38,3,King Drive,,Sun
16:29:35,20,Madison,,Mon,Tue,Wed,Thu,Fri
12:22:34,3,King Drive,,Sat
18:09:25,147,Outer DuSable Lake Shore Express,,Mon,Tue,Wed,Thu,Fri
06:26:43,151,Sheridan,,Mon,Tue,Wed,Thu,Fri
23:02:44,3,King Drive,,Sat
17:09:45,147,Outer DuSable Lake Shore Express,,Sun
15:26:36,3,King Drive,,Mon,Tue,Wed,Thu,Fri
12:05:37,151,Sheridan,,Sat
15:36:01,147,Outer DuSable Lake Shore Express,,Mon,Tue,Wed,Thu,Fri
20:58:54,147,Outer DuSable Lake Shore Express,,Sat
19:08:12,147,Outer DuSable Lake Shore Express,,Mon,Tue,Wed,Thu,Fri
19:27:16,151,Sheridan,,Sat
14:55:38,6,Jackson Park Express,,Sat
15:44:58,147,Outer DuSable Lake Shore Express,,Mon,Tue,Wed,Thu,Fri
07:46:45,20,Madison,,Mon,Tue,Wed,Thu,Fri
04:49:24,20,Madison,,Mon,Tue,Wed,Thu,Fri
23:49:13,151,Sheridan,,Sat
10:21:27,6,Jackson Park Express,,Sun
12:53:20,151,Sheridan,,Sun
16:52:54,151,Sheridan,,Sat
14:07:44,6,Jackson Park Express,,Sun
19:48:22,3,King Drive,,Sun
06:52:08,3,King Drive,,Sun
15:26:15,147,Outer DuSable Lake Shore Express,,Sun
05:50:54,20,Madison,,Mon,Tue,Wed,Thu,Fri
17:59:45,147,Outer DuSable Lake Shore Express,,Sun
22:56:13,151,Sheridan,,Sun
24:19:00,6,Jackson Park Express,,Mon,Tue,Wed,Thu,Fri
07:46:54,147,Outer DuSable Lake Shore Express,,Mon,Tue,Wed,Thu,Fri
07:48:17,151,Sheridan,,Sat
10:10:10,26,South Shore Express,,Mon,Tue,Wed,Thu,Fri
15:56:11,6,Jackson Park Express,,Sun
19:24:15,147,Outer DuSable Lake Shore Express,,Sat
23:19:05,147,Outer DuSable Lake Shore Express,,Sun
21:31:30,3,King Drive,,Sun
08:50:58,151,Sheridan,,Mon,Tue,Wed,Thu,Fri
14:12:19,151,Sheridan,,Sat
08:17:22,20,Madison,,Mon,Tue,Wed,Thu,Fri
17:27:16,151,Sheridan,,Sun
19:32:25,151,Sheridan,,Sun
09:58:14,3,King Drive,,Mon,Tue,Wed,Thu,Fri
10:17:11,6,Jackson Park Express,,Mon,Tue,Wed,Thu,Fri
08:30:44,6,Jackson Park Express,,Mon,Tue,Wed,Thu,Fri
18:23:55,6,Jackson Park Express,,Mon,Tue,Wed,Thu,Fri
23:22:44,3,King Drive,,Sat
13:52:38,6,Jackson Park Express,,Sat
09:00:28,151,Sheridan,,Mon,Tue,Wed,Thu,Fri
23:15:43,151,Sheridan,,Sun
09:20:29,151,Sheridan,,Sat
16:19:55,6,Jackson Park Express,,Mon,Tue,Wed,Thu,Fri
12:18:21,147,Outer DuSable Lake Shore Express,,Sun
12:18:49,151,Sheridan,,Mon,Tue,Wed,Thu,Fri
21:18:38,151,Sheridan,,Sun
12:55:19,157,Streeterville/Taylor,,Mon,Tue,Wed,Thu,Fri
07:43:46,6,Jackson Park Express,,Sat
15:35:12,3,King Drive,,Sun
22:59:57,147,Outer DuSable Lake Shore Express,,Sat
17:35:43,151,Sheridan,,Mon,Tue,Wed,Thu,Fri
09:18:14,6,Jackson Park Express,,Mon,Tue,Wed,Thu,Fri
11:44:25,6,Jackson Park Express,,Sat
19:53:11,151,Sheridan,,Mon,Tue,Wed,Thu,Fri
17:25:12,3,King Drive,,Sun
14:00:05,26,South Shore Express,,Mon,Tue,Wed,Thu,Fri
02:11:48,66,Chicago,,Tue,Wed,Thu,Fri,Sat
12:31:28,151,Sheridan,,Sat
06:32:17,151,Sheridan,,Sun
09:19:37,151,Sheridan,,Mon,Tue,Wed,Thu,Fri
18:37:20,3,King Drive,,Mon,Tue,Wed,Thu,Fri
12:04:25,6,Jackson Park Express,,Sat
09:57:05,26,South Shore Express,,Mon,Tue,Wed,Thu,Fri
00:20:13,151,Sheridan,,Sun
12:30:25,6,Jackson Park Express,,Mon,Tue,Wed,Thu,Fri
20:03:44,3,King Drive,,Mon,Tue,Wed,Thu,Fri
14:04:58,3,King Drive,,Sun
10:53:11,6,Jackson Park Express,,Mon,Tue,Wed,Thu,Fri
11:28:06,3,King Drive,,Sun
08:19:17,151,Sheridan,,Sat
05:53:08,3,King Drive,,Sat
18:25:08,6,Jackson Park Express,,Sat
07:15:54,20,Madison,,Mon,Tue,Wed,Thu,Fri
17:29:35,20,Madison,,Mon,Tue,Wed,Thu,Fri
17:16:14,6,Jackson Park Express,,Mon,Tue,Wed,Thu,Fri
10:39:10,26,South Shore Express,,Mon,Tue,Wed,Thu,Fri
18:17:25,151,Sheridan,,Sun
13:13:48,147,Outer DuSable Lake Shore Express,,Sun
15:15:14,6,Jackson Park Express,,Mon,Tue,Wed,Thu,Fri
16:07:38,6,Jackson Park Express,,Sat
04:42:44,6,Jackson Park Express,,Mon,Tue,Wed,Thu,Fri
05:10:54,20,Madison,,Mon,Tue,Wed,Thu,Fri
18:42:12,147,Outer DuSable Lake Shore Express,,Sat
10:39:10,26,South Shore Express,,Mon,Tue,Wed,Thu,Fri
21:55:04,151,Sheridan,,Mon,Tue,Wed,Thu,Fri
11:40:06,3,King Drive,,Sun
20:42:38,151,Sheridan,,Sun
09:25:22,26,South Shore Express,,Mon,Tue,Wed,Thu,Fri
06:53:17,151,Sheridan,,Sun
17:03:12,3,King Drive,,Sun
08:12:37,151,Sheridan,,Mon,Tue,Wed,Thu,Fri
15:13:38,6,Jackson Park Express,,Sat
15:01:48,3,King Drive,,Sat
11:04:06,3,King Drive,,Sun
07:10:52,3,King Drive,,Mon,Tue,Wed,Thu,Fri
07:33:22,3,King Drive,,Mon,Tue,Wed,Thu,Fri
22:42:19,6,Jackson Park Express,,Mon,Tue,Wed,Thu,Fri
09:01:22,26,South Shore Express,,Mon,Tue,Wed,Thu,Fri
09:15:15,147,Outer DuSable Lake Shore Express,,Mon,Tue,Wed,Thu,Fri
18:51:47,157,Streeterville/Taylor,,Mon,Tue,Wed,Thu,Fri
14:30:25,6,Jackson Park Express,,Mon,Tue,Wed,Thu,Fri
20:53:30,3,King Drive,,Sun
16:08:45,147,Outer DuSable Lake Shore Express,,Sun
10:35:36,3,King Drive,,Sat
14:45:25,147,Outer DuSable Lake Shore Express,,Sat
09:23:57,147,Outer DuSable Lake Shore Express,,Sat
08:37:22,20,Madison,,Mon,Tue,Wed,Thu,Fri
10:18:30,147,Outer DuSable Lake Shore Express,,Sun
18:53:14,3,King Drive,,Sun
05:45:32,147,Outer DuSable Lake Shore Express,,Mon,Tue,Wed,Thu,Fri
10:23:04,151,Sheridan,,Sun
07:03:57,6,Jackson Park Express,,Sat
18:39:45,147,Outer DuSable Lake Shore Express,,Sun
22:26:16,6,Jackson Park Express,,Sat
10:24:44,6,Jackson Park Express,,Mon,Tue,Wed,Thu,Fri
09:45:00,147,Outer DuSable Lake Shore Express,,Sun
09:02:22,20,Madison,,Mon,Tue,Wed,Thu,Fri
01:41:48,66,Chicago,,Tue,Wed,Thu,Fri,Sat
18:50:20,3,King Drive,,Sat
05:00:49,6,Jackson Park Express,,Mon,Tue,Wed,Thu,Fri
17:40:35,20,Madison,,Mon,Tue,Wed,Thu,Fri
13:31:54,151,Sheridan,,Sat
14:34:04,147,Outer DuSable Lake Shore Express,,Mon,Tue,Wed,Thu,Fri
05:53:08,3,King Drive,,Sat
21:09:59,151,Sheridan,,Mon,Tue,Wed,Thu,Fri
18:40:14,3,King Drive,,Sun
19:09:55,151,Sheridan,,Sun
17:28:48,3,King Drive,,Sat
19:32:49,6,Jackson Park Express,,Mon,Tue,Wed,Thu,Fri
18:08:57,6,Jackson Park Express,,Sun
07:18:22,3,King Drive,,Mon,Tue,Wed,Thu,Fri
15:19:48,3,King Drive,,Sat
06:31:08,3,King Drive,,Sat
14:04:49,151,Sheridan,,Sat
09:47:48,157,Streeterville/Taylor,,Mon,Tue,Wed,Thu,Fri
19:36:44,3,King Drive,,Mon,Tue,Wed,Thu,Fri
15:10:38,20,Madison,,Mon,Tue,Wed,Thu,Fri
17:37:44,147,Outer DuSable Lake Shore Express,,Mon,Tue,Wed,Thu,Fri
12:03:18,157,Streeterville/Taylor,,Mon,Tue,Wed,Thu,Fri
20:49:51,147,Outer DuSable Lake Shore Express,,Sat
22:12:30,3,King Drive,,Mon,Tue,Wed,Thu,Fri
23:01:46,6,Jackson Park Express,,Sun
08:54:17,151,Sheridan,,Sun
02:41:48,66,Chicago,,Mon
12:05:11,6,Jackson Park Express,,Sun
18:34:20,157,Streeterville/Taylor,,Mon,Tue,Wed,Thu,Fri
12:52:06,3,King Drive,,Mon,Tue,Wed,Thu,Fri
18:59:40,147,Outer DuSable Lake Shore Express,,Sat
13:25:44,6,Jackson Park Express,,Sun
07:50:46,151,Sheridan,,Mon,Tue,Wed,Thu,Fri
17:25:12,3,King Drive,,Sun
15:28:44,6,Jackson Park Express,,Mon,Tue,Wed,Thu,Fri
02:41:42,66,Chicago,,Sun
08:09:06,3,King Drive,,Mon,Tue,Wed,Thu,Fri
16:59:45,147,Outer DuSable Lake Shore Express,,Sun
08:34:11,6,Jackson Park Express,,Sat
04:11:48,66,Chicago,,Sun
11:11:50,157,Streeterville/Taylor,,Mon,Tue,Wed,Thu,Fri
15:24:41,6,Jackson Park Express,,Sun
06:18:32,147,Outer DuSable Lake Shore Express,,Sat
16:14:20,3,King Drive,,Mon,Tue,Wed,Thu,Fri
21:08:00,6,Jackson Park Express,,Sun
07:41:00,3,King Drive,,Sat
09:41:29,151,Sheridan,,Sat
21:22:00,147,Outer DuSable Lake Shore Express,,Sun
18:08:05,20,Madison,,Mon,Tue,Wed,Thu,Fri
21:04:30,3,King Drive,,Mon,Tue,Wed,Thu,Fri
07:41:00,3,King Drive,,Sat
14:51:49,151,Sheridan,,Sat
13:40:24,151,Sheridan,,Sat
09:58:04,151,Sheridan,,Sun
17:20:20,3,King Drive,,Mon,Tue,Wed,Thu,Fri
20:31:51,147,Outer DuSable Lake Shore Express,,Sat
17:21:15,143,Stockton/Michigan Express,,Mon,Tue,Wed,Thu,Fri
18:59:40,147,Outer DuSable Lake Shore Express,,Sat
15:10:55,147,Outer DuSable Lake Shore Express,,Sat
10:10:20,157,Streeterville/Taylor,,Mon,Tue,Wed,Thu,Fri
08:42:06,3,King Drive,,Mon,Tue,Wed,Thu,Fri
03:41:42,66,Chicago,,Mon,Tue,Wed,Thu,Fri
09:58:41,151,Sheridan,,Mon,Tue,Wed,Thu,Fri
07:46:45,20,Madison,,Mon,Tue,Wed,Thu,Fri
15:28:52,20,Madison,,Mon,Tue,Wed,Thu,Fri
19:24:15,147,Outer DuSable Lake Shore Express,,Sat
07:54:35,147,Outer DuSable Lake Shore Express,,Sun
17:57:07,151,Sheridan,,Sat
11:16:06,3,King Drive,,Sun
13:17:48,3,King Drive,,Sat
22:40:34,151,Sheridan,,Mon,Tue,Wed,Thu,Fri
15:55:49,151,Sheridan,,Sat
23:28:24,3,King Drive,,Sun
08:09:46,6,Jackson Park Express,,Sat
16:07:10,151,Sheridan,,Mon,Tue,Wed,Thu,Fri
11:26:50,3,King Drive,,Sat
20:26:38,151,Sheridan,,Sun
06:11:14,6,Jackson Park Express,,Sun
17:28:44,147,Outer DuSable Lake Shore Express,,Mon,Tue,Wed,Thu,Fri
07:28:57,6,Jackson Park Express,,Mon,Tue,Wed,Thu,Fri
05:32:19,6,Jackson Park Express,,Mon,Tue,Wed,Thu,Fri
17:48:37,151,Sheridan,,Sat
10:58:29,151,Sheridan,,Sun
21:43:19,6,Jackson Park Express,,Mon,Tue,Wed,Thu,Fri
22:56:44,6,Jackson Park Express,,Mon,Tue,Wed,Thu,Fri
15:27:55,147,Outer DuSable Lake Shore Express,,Sat
22:13:24,147,Outer DuSable Lake Shore Express,,Mon,Tue,Wed,Thu,Fri
06:05:30,3,King Drive,,Mon,Tue,Wed,Thu,Fri
17:45:52,151,Sheridan,,Mon,Tue,Wed,Thu,Fri
18:28:20,3,King Drive,,Sat
23:26:16,3,King Drive,,Mon,Tue,Wed,Thu,Fri
08:09:17,151,Sheridan,,Sun
06:18:32,147,Outer DuSable Lake Shore Express,,Sat
17:30:43,151,Sheridan,,Mon,Tue,Wed,Thu,Fri
07:28:44,6,Jackson Park Express,,Sun
11:55:34,3,King Drive,,Sat
19:31:57,147,Outer DuSable Lake Shore Express,,Sun
17:29:45,147,Outer DuSable Lake Shore Express,,Sun
15:00:14,6,Jackson Park Express,,Sun
07:32:47,151,Sheridan,,Sat
20:02:49,6,Jackson Park Express,,Mon,Tue,Wed,Thu,Fri
00:20:13,151,Sheridan,,Sun
20:10:17,157,Streeterville/Taylor,,Mon,Tue,Wed,Thu,Fri
10:18:41,6,Jackson Park Express,,Sat
15:46:52,20,Madison,,Mon,Tue,Wed,Thu,Fri
13:43:50,151,Sheridan,,Sun
10:36:27,6,Jackson Park Express,,Sun
19:33:58,3,King Drive,,Sat
21:37:30,3,King Drive,,Mon,Tue,Wed,Thu,Fri
09:45:38,151,Sheridan,,Sun
06:50:57,147,Outer DuSable Lake Shore Express,,Mon,Tue,Wed,Thu,Fri
20:40:51,147,Outer DuSable Lake Shore Express,,Sat
14:15:50,151,Sheridan,,Sun
22:36:38,151,Sheridan,,Sun
01:41:42,66,Chicago,,Sun
21:48:30,3,King Drive,,Mon,Tue,Wed,Thu,Fri
22:31:54,147,Outer DuSable Lake Shore Express,,Sat
21:57:38,151,Sheridan,,Sun
05:31:00,3,King Drive,,Mon,Tue,Wed,Thu,Fri
20:39:44,3,King Drive,,Mon,Tue,Wed,Thu,Fri
18:34:20,157,Streeterville/Taylor,,Mon,Tue,Wed,Thu,Fri
16:30:12,3,King Drive,,Sun
03:11:48,66,Chicago,,Sun
09:36:18,157,Streeterville/Taylor,,Mon,Tue,Wed,Thu,Fri
10:45:36,3,King Drive,,Sat
17:18:48,3,King Drive,,Sat
22:12:30,3,King Drive,,Mon,Tue,Wed,Thu,Fri
20:59:38,151,Sheridan,,Sun
01:11:48,66,Chicago,,Tue,Wed,Thu,Fri,Sat
06:53:57,6,Jackson Park Express,,Mon,Tue,Wed,Thu,Fri
08:03:47,151,Sheridan,,Sat
18:09:12,3,King Drive,,Sun
16:57:16,151,Sheridan,,Sun
06:38:32,147,Outer DuSable Lake Shore Express,,Sat
08:55:15,147,Outer DuSable Lake Shore Express,,Mon,Tue,Wed,Thu,Fri
23:39:49,6,Jackson Park Express,,Mon,Tue,Wed,Thu,Fri
13:41:41,6,Jackson Park Express,,Sun
20:03:30,3,King Drive,,Sun
12:04:34,3,King Drive,,Sat
11:57:41,151,Sheridan,,Sat
23:20:24,147,Outer DuSable Lake Shore Express,,Mon,Tue,Wed,Thu,Fri
17:47:12,3,King Drive,,Sun
20:45:57,147,Outer DuSable Lake Shore Express,,Sun
16:16:38,6,Jackson Park Express,,Sat
20:07:57,6,Jackson Park Express,,Sat
22:25:34,151,Sheridan,,Mon,Tue,Wed,Thu,Fri
21:57:14,6,Jackson Park Express,,Mon,Tue,Wed,Thu,Fri
23:07:08,3,King Drive,,Sun
23:39:22,3,King Drive,,Sat
22:55:57,6,Jackson Park Express,,Sat
13:38:14,6,Jackson Park Express,,Sat
15:49:38,6,Jackson Park Express,,Sat
15:52:22,20,Madison,,Mon,Tue,Wed,Thu,Fri
17:40:48,151,Sheridan,,Mon,Tue,Wed,Thu,Fri
16:49:23,143,Stockton/Michigan Express,,Mon,Tue,Wed,Thu,Fri
12:41:06,3,King Drive,,Mon,Tue,Wed,Thu,Fri
16:37:57,143,Stockton/Michigan Express,,Mon,Tue,Wed,Thu,Fri
11:29:11,6,Jackson Park Express,,Mon,Tue,Wed,Thu,Fri
17:59:45,147,Outer DuSable Lake Shore Express,,Sun
17:42:23,143,Stockton/Michigan Express,,Mon,Tue,Wed,Thu,Fri
12:50:44,6,Jackson Park Express,,Mon,Tue,Wed,Thu,Fri
09:07:46,6,Jackson Park Express,,Sat
06:07:14,6,Jackson Park Express,,Sat
16:02:35,20,Madison,,Mon,Tue,Wed,Thu,Fri
10:55:36,3,King Drive,,Sat
07:52:21,151,Sheridan,,Sun
11:42:24,151,Sheridan,,Mon,Tue,Wed,Thu,Fri
07:04:05,26,South Shore Express,,Mon,Tue,Wed,Thu,Fri
14:27:58,147,Outer DuSable Lake Shore Express,,Sat
20:27:57,147,Outer DuSable Lake Shore Express,,Sun
07:15:02,147,Outer DuSable Lake Shore Express,,Sat
18:58:55,151,Sheridan,,Sun
18:09:45,147,Outer DuSable Lake Shore Express,,Sun
21:27:00,6,Jackson Park Express,,Sun
13:11:14,6,Jackson Park Express,,Sat
05:17:24,26,South Shore Express,,Mon,Tue,Wed,Thu,Fri
08:32:22,20,Madison,,Mon,Tue,Wed,Thu,Fri
21:27:44,3,King Drive,,Sat
06:29:44,26,South Shore Express,,Mon,Tue,Wed,Thu,Fri
11:09:44,6,Jackson Park Express,,Sun
22:19:54,147,Outer DuSable Lake Shore Express,,Sat
14:18:19,151,Sheridan,,Mon,Tue,Wed,Thu,Fri
17:03:25,147,Outer DuSable Lake Shore Express,,Sat
03:11:42,66,Chicago,,Mon,Tue,Wed,Thu,Fri
17:28:48,3,King Drive,,Sat
20:49:04,151,Sheridan,,Sat
12:59:25,6,Jackson Park Express,,Sat
22:55:04,151,Sheridan,,Mon,Tue,Wed,Thu,Fri
20:53:30,3,King Drive,,Sun
18:34:44,6,Jackson Park Express,,Mon,Tue,Wed,Thu,Fri
16:07:37,151,Sheridan,,Sun
23:57:17,151,Sheridan,,Mon,Tue,Wed,Thu,Fri
11:22:27,147,Outer DuSable Lake Shore Express,,Sun
19:28:14,6,Jackson Park Express,,Sun
22:26:24,147,Outer DuSable Lake Shore Express,,Mon,Tue,Wed,Thu,Fri
09:19:52,20,Madison,,Mon,Tue,Wed,Thu,Fri
08:22:22,20,Madison,,Mon,Tue,Wed,Thu,Fri
10:48:44,3,King Drive,,Mon,Tue,Wed,Thu,Fri
10:01:36,3,King Drive,,Sat
19:07:35,20,Madison,,Mon,Tue,Wed,Thu,Fri
16:46:57,6,Jackson Park Express,,Sun
05:30:24,20,Madison,,Mon,Tue,Wed,Thu,Fri
09:09:58,151,Sheridan,,Mon,Tue,Wed,Thu,Fri
20:48:58,3,King Drive,,Sat
18:08:40,147,Outer DuSable Lake Shore Express,,Sat
13:13:50,151,Sheridan,,Sun
22:13:24,147,Outer DuSable Lake Shore Express,,Mon,Tue,Wed,Thu,Fri
14:44:18,3,King Drive,,Sat
08:22:41,6,Jackson Park Express,,Mon,Tue,Wed,Thu,Fri
05:00:44,6,Jackson Park Express,,Mon,Tue,Wed,Thu,Fri
06:52:40,26,South Shore Express,,Mon,Tue,Wed,Thu,Fri
14:06:19,151,Sheridan,,Mon,Tue,Wed,Thu,Fri
17:56:44,6,Jackson Park Express,,Sun
16:25:28,147,Outer DuSable Lake Shore Express,,Mon,Tue,Wed,Thu,Fri
11:12:42,147,Outer DuSable Lake Shore Express,,Mon,Tue,Wed,Thu,Fri
08:37:15,147,Outer DuSable Lake Shore Express,,Mon,Tue,Wed,Thu,Fri
19:07:14,3,King Drive,,Sun
14:20:19,151,Sheridan,,Sat
18:53:55,6,Jackson Park Express,,Mon,Tue,Wed,Thu,Fri
15:15:15,147,Outer DuSable Lake Shore Express,,Sun
08:40:44,6,Jackson Park Express,,Mon,Tue,Wed,Thu,Fri
16:54:35,20,Madison,,Mon,Tue,Wed,Thu,Fri
17:15:14,6,Jackson Park Express,,Sat
08:50:52,26,South Shore Express,,Mon,Tue,Wed,Thu,Fri
07:51:57,6,Jackson Park Express,,Sat
19:12:20,3,King Drive,,Sat
09:51:59,151,Sheridan,,Sat
11:48:44,6,Jackson Park Express,,Mon,Tue,Wed,Thu,Fri
02:41:48,66,Chicago,,Tue,Wed,Thu,Fri,Sat
17:51:23,143,Stockton/Michigan Express,,Mon,Tue,Wed,Thu,Fri
11:54:25,6,Jackson Park Express,,Sat
14:53:36,3,King Drive,,Mon,Tue,Wed,Thu,Fri
14:24:44,6,Jackson Park Express,,Sat
17:22:55,157,Streeterville/Taylor,,Mon,Tue,Wed,Thu,Fri
16:39:35,20,Madison,,Mon,Tue,Wed,Thu,Fri
08:54:06,3,King Drive,,Mon,Tue,Wed,Thu,Fri
01:37:17,151,Sheridan,,Tue,Wed,Thu,Fri,Sat
07:32:08,3,King Drive,,Sun
16:56:27,151,Sheridan,,Mon,Tue,Wed,Thu,Fri
08:01:41,151,Sheridan,,Mon,Tue,Wed,Thu,Fri
14:10:31,147,Outer DuSable Lake Shore Express,,Sat
12:22:28,151,Sheridan,,Sat
15:49:06,3,King Drive,,Mon,Tue,Wed,Thu,Fri
15:01:48,3,King Drive,,Sat
08:32:22,26,South Shore Express,,Mon,Tue,Wed,Thu,Fri
10:22:59,151,Sheridan,,Sat
15:36:19,157,Streeterville/Taylor,,Mon,Tue,Wed,Thu,Fri
16:47:20,3,King Drive,,Mon,Tue,Wed,Thu,Fri
17:10:52,6,Jackson Park Express,,Mon,Tue,Wed,Thu,Fri
22:33:29,151,Sheridan,,Sat
07:34:21,151,Sheridan,,Sun
16:36:20,3,King Drive,,Mon,Tue,Wed,Thu,Fri
20:35:18,147,Outer DuSable Lake Shore Express,,Mon,Tue,Wed,Thu,Fri
08:41:28,151,Sheridan,,Mon,Tue,Wed,Thu,Fri
17:03:12,3,King Drive,,Sun
16:27:41,151,Sheridan,,Sun
00:16:17,151,Sheridan,,Tue,Wed,Thu,Fri,Sat
06:40:14,6,Jackson Park Express,,Sun
08:52:41,6,Jackson Park Express,,Mon,Tue,Wed,Thu,Fri
08:41:22,26,South Shore Express,,Mon,Tue,Wed,Thu,Fri
10:02:00,147,Outer DuSable Lake Shore Express,,Sun
16:03:14,6,Jackson Park Express,,Sun
09:58:04,151,Sheridan,,Sun
06:48:22,3,King Drive,,Mon,Tue,Wed,Thu,Fri
12:53:14,6,Jackson Park Express,,Sun
21:40:04,151,Sheridan,,Mon,Tue,Wed,Thu,Fri
17:24:32,151,Sheridan,,Sat
13:23:31,147,Outer DuSable Lake Shore Express,,Mon,Tue,Wed,Thu,Fri
14:36:38,20,Madison,,Mon,Tue,Wed,Thu,Fri
14:51:49,151,Sheridan,,Sat
19:18:44,3,King Drive,,Mon,Tue,Wed,Thu,Fri
08:59:34,151,Sheridan,,Sat
13:15:14,6,Jackson Park Express,,Sun
15:47:45,147,Outer DuSable Lake Shore Express,,Sun
07:48:22,26,South Shore Express,,Mon,Tue,Wed,Thu,Fri
21:37:30,3,King Drive,,Mon,Tue,Wed,Thu,Fri
21:11:30,3,King Drive,,Sun
19:48:22,3,King Drive,,Sun
20:05:51,147,Outer DuSable Lake Shore Express,,Sat
07:12:14,157,Streeterville/Taylor,,Mon,Tue,Wed,Thu,Fri
09:09:59,151,Sheridan,,Sat
23:10:08,151,Sheridan,,Mon,Tue,Wed,Thu,Fri
20:37:29,151,Sheridan,,Sat
07:52:08,3,King Drive,,Sun
24:22:19,6,Jackson Park Express,,Mon,Tue,Wed,Thu,Fri
18:48:20,3,King Drive,,Mon,Tue,Wed,Thu,Fri
06:55:52,3,King Drive,,Mon,Tue,Wed,Thu,Fri
17:27:23,143,Stockton/Michigan Express,,Mon,Tue,Wed,Thu,Fri
16:57:16,151,Sheridan,,Sun
08:50:52,26,South Shore Express,,Mon,Tue,Wed,Thu,Fri
04:11:48,66,Chicago,,Mon,Tue,Wed,Thu,Fri
10:24:40,26,South Shore Express,,Mon,Tue,Wed,Thu,Fri
11:17:32,151,Sheridan,,Mon,Tue,Wed,Thu,Fri
20:50:17,157,Streeterville/Taylor,,Mon,Tue,Wed,Thu,Fri
22:41:16,6,Jackson Park Express,,Sat
09:09:58,151,Sheridan,,Mon,Tue,Wed,Thu,Fri
06:41:40,26,South Shore Express,,Mon,Tue,Wed,Thu,Fri
13:14:06,3,King Drive,,Mon,Tue,Wed,Thu,Fri
16:40:40,147,Outer DuSable Lake Shore Express,,Sun
12:06:54,147,Outer DuSable Lake Shore Express,,Sun
17:39:45,147,Outer DuSable Lake Shore Express,,Sun
08:16:06,3,King Drive,,Mon,Tue,Wed,Thu,Fri
09:02:47,157,Streeterville/Taylor,,Mon,Tue,Wed,Thu,Fri
18:05:11,151,Sheridan,,Sat
22:10:00,3,King Drive,,Sun
07:32:56,26,South Shore Express,,Mon,Tue,Wed,Thu,Fri
16:01:55,147,Outer DuSable Lake Shore Express,,Sat
07:18:22,3,King Drive,,Mon,Tue,Wed,Thu,Fri
13:35:48,3,King Drive,,Sat
19:31:57,147,Outer DuSable Lake Shore Express,,Sun
16:43:55,147,Outer DuSable Lake Shore Express,,Mon,Tue,Wed,Thu,Fri
08:52:02,147,Outer DuSable Lake Shore Express,,Sun
07:26:00,3,King Drive,,Sat
11:40:59,151,Sheridan,,Sun
12:42:14,6,Jackson Park Express,,Sun
19:06:11,6,Jackson Park Express,,Sat
21:48:54,147,Outer DuSable Lake Shore Express,,Sat
17:46:08,6,Jackson Park Express,,Sat
20:53:18,147,Outer DuSable Lake Shore Express,,Mon,Tue,Wed,Thu,Fri
15:15:15,147,Outer DuSable Lake Shore Express,,Sun
16:49:45,147,Outer DuSable Lake Shore Express,,Sun
08:09:06,3,King Drive,,Mon,Tue,Wed,Thu,Fri
11:28:18,157,Streeterville/Taylor,,Mon,Tue,Wed,Thu,Fri
10:54:10,26,South Shore Express,,Mon,Tue,Wed,Thu,Fri
05:28:54,20,Madison,,Mon,Tue,Wed,Thu,Fri
12:39:10,26,South Shore Express,,Mon,Tue,Wed,Thu,Fri
07:13:31,26,South Shore Express,,Mon,Tue,Wed,Thu,Fri
22:48:29,151,Sheridan,,Sat
17:14:12,3,King Drive,,Sun
21:24:19,6,Jackson Park Express,,Mon,Tue,Wed,Thu,Fri
23:03:29,151,Sheridan,,Sat
07:56:00,3,King Drive,,Sat
13:42:49,151,Sheridan,,Mon,Tue,Wed,Thu,Fri
10:32:00,147,Outer DuSable Lake Shore Express,,Sun
14:36:38,20,Madison,,Mon,Tue,Wed,Thu,Fri
07:51:52,20,Madison,,Mon,Tue,Wed,Thu,Fri
14:15:50,151,Sheridan,,Sun
22:40:24,147,Outer DuSable Lake Shore Express,,Mon,Tue,Wed,Thu,Fri
17:13:44,147,Outer DuSable Lake Shore Express,,Mon,Tue,Wed,Thu,Fri
08:32:41,6,Jackson Park Express,,Mon,Tue,Wed,Thu,Fri
14:37:38,6,Jackson Park Express,,Sat
21:34:04,151,Sheridan,,Sat
09:34:26,26,South Shore Express,,Mon,Tue,Wed,Thu,Fri
19:59:18,147,Outer DuSable Lake Shore Express,,Mon,Tue,Wed,Thu,Fri
23:00:30,3,King Drive,,Mon,Tue,Wed,Thu,Fri
10:20:41,151,Sheridan,,Mon,Tue,Wed,Thu,Fri
23:16:00,6,Jackson Park Express,,Mon,Tue,Wed,Thu,Fri
21:58:54,147,Outer DuSable Lake Shore Express,,Sat
22:27:44,3,King Drive,,Sat
15:10:48,3,King Drive,,Sat
08:52:02,147,Outer DuSable Lake Shore Express,,Sun
00:31:47,151,Sheridan,,Mon
21:35:27,6,Jackson Park Express,,Sat
07:06:14,6,Jackson Park Express,,Sun
09:20:29,151,Sheridan,,Sat
21:03:57,147,Outer DuSable Lake Shore Express,,Sun
15:12:19,157,Streeterville/Taylor,,Mon,Tue,Wed,Thu,Fri
15:12:19,157,Streeterville/Taylor,,Mon,Tue,Wed,Thu,Fri
05:40:00,3,King Drive,,Mon,Tue,Wed,Thu,Fri
09:29:22,3,King Drive,,Sun
07:21:27,6,Jackson Park Express,,Sat
16:04:49,151,Sheridan,,Sat
05:48:30,3,King Drive,,Mon,Tue,Wed,Thu,Fri
08:00:14,3,King Drive,,Mon,Tue,Wed,Thu,Fri
21:51:18,147,Outer DuSable Lake Shore Express,,Mon,Tue,Wed,Thu,Fri
07:32:24,147,Outer DuSable Lake Shore Express,,Mon,Tue,Wed,Thu,Fri
08:51:30,147,Outer DuSable Lake Shore Express,,Sat
11:10:44,3,King Drive,,Mon,Tue,Wed,Thu,Fri
05:50:51,151,Sheridan,,Sun
09:45:38,151,Sheridan,,Sun
05:40:54,20,Madison,,Mon,Tue,Wed,Thu,Fri
04:41:48,66,Chicago,,Sun
22:30:00,3,King Drive,,Sun
13:36:14,6,Jackson Park Express,,Sun
08:59:34,151,Sheridan,,Sat
09:31:16,6,Jackson Park Express,,Sat
10:24:50,157,Streeterville/Taylor,,Mon,Tue,Wed,Thu,Fri
23:55:57,6,Jackson Park Express,,Sat
13:46:48,147,Outer DuSable Lake Shore Express,,Sun
10:50:46,151,Sheridan,,Sat
13:53:28,3,King Drive,,Sun
18:59:51,147,Outer DuSable Lake Shore Express,,Sun
13:02:48,147,Outer DuSable Lake Shore Express,,Sun
12:58:31,147,Outer DuSable Lake Shore Express,,Mon,Tue,Wed,Thu,Fri
10:45:27,147,Outer DuSable Lake Shore Express,,Sun
14:39:14,6,Jackson Park Express,,Sun
17:00:58,151,Sheridan,,Sat
17:57:52,147,Outer DuSable Lake Shore Express,,Mon,Tue,Wed,Thu,Fri
18:12:08,6,Jackson Park Express,,Mon,Tue,Wed,Thu,Fri
07:47:14,6,Jackson Park Express,,Sun
10:58:27,147,Outer DuSable Lake Shore Express,,Sun
16:30:40,147,Outer DuSable Lake Shore Express,,Sun
12:55:19,157,Streeterville/Taylor,,Mon,Tue,Wed,Thu,Fri
09:39:57,147,Outer DuSable Lake Shore Express,,Sat
04:11:48,66,Chicago,,Sun
10:41:11,6,Jackson Park Express,,Mon,Tue,Wed,Thu,Fri
15:35:14,6,Jackson Park Express,,Sat
15:08:07,151,Sheridan,,Sun
14:26:16,151,Sheridan,,Sun
23:12:08,3,King Drive,,Mon,Tue,Wed,Thu,Fri
01:43:17,151,Sheridan,,Sun
23:53:24,3,King Drive,,Sun
11:23:40,26,South Shore Express,,Mon,Tue,Wed,Thu,Fri
11:53:11,6,Jackson Park Express,,Mon,Tue,Wed,Thu,Fri
06:28:14,6,Jackson Park Express,,Mon,Tue,Wed,Thu,Fri
17:17:02,151,Sheridan,,Sat
07:36:57,6,Jackson Park Express,,Sat
16:19:12,3,King Drive,,Sun
20:49:00,6,Jackson Park Express,,Sun
09:34:44,3,King Drive,,Sat
17:08:58,151,Sheridan,,Sat
10:01:36,3,King Drive,,Sat
16:41:55,147,Outer DuSable Lake Shore Express,,Sat
12:40:34,3,King Drive,,Sat
21:22:57,6,Jackson Park Express,,Sat
02:11:48,66,Chicago,,Mon
02:11:48,66,Chicago,,Mon
09:12:22,20,Madison,,Mon,Tue,Wed,Thu,Fri
21:31:18,147,Outer DuSable Lake Shore Express,,Mon,Tue,Wed,Thu,Fri
22:40:57,6,Jackson Park Express,,Sat
09:38:37,151,Sheridan,,Mon,Tue,Wed,Thu,Fri
08:47:22,20,Madison,,Mon,Tue,Wed,Thu,Fri
12:24:25,6,Jackson Park Express,,Sat
18:49:44,6,Jackson Park Express,,Sat
10:38:14,3,King Drive,,Mon,Tue,Wed,Thu,Fri
17:34:23,143,Stockton/Michigan Express,,Mon,Tue,Wed,Thu,Fri
10:48:44,3,King Drive,,Mon,Tue,Wed,Thu,Fri
17:16:22,151,Sheridan,,Mon,Tue,Wed,Thu,Fri
10:41:14,6,Jackson Park Express,,Sat
19:02:36,3,King Drive,,Mon,Tue,Wed,Thu,Fri
06:41:46,6,Jackson Park Express,,Sat
15:08:07,151,Sheridan,,Sun
19:55:27,6,Jackson Park Express,,Sat
20:14:21,147,Outer DuSable Lake Shore Express,,Sat
15:07:49,151,Sheridan,,Sat
14:02:01,147,Outer DuSable Lake Shore Express,,Sat
14:51:14,6,Jackson Park Express,,Sat
10:51:14,3,King Drive,,Sun
15:23:49,151,Sheridan,,Sat
19:47:16,151,Sheridan,,Sat
09:27:22,20,Madison,,Mon,Tue,Wed,Thu,Fri
17:24:44,6,Jackson Park Express,,Sat
06:09:47,151,Sheridan,,Mon,Tue,Wed,Thu,Fri
16:22:48,3,King Drive,,Sat
18:02:24,157,Streeterville/Taylor,,Mon,Tue,Wed,Thu,Fri
10:22:59,151,Sheridan,,Sat
17:42:20,3,King Drive,,Mon,Tue,Wed,Thu,Fri
17:08:48,3,King Drive,,Sat
16:49:25,147,Outer DuSable Lake Shore Express,,Sat
17:56:31,151,Sheridan,,Mon,Tue,Wed,Thu,Fri
16:08:45,147,Outer DuSable Lake Shore Express,,Sun
14:36:55,147,Outer DuSable Lake Shore Express,,Sat
22:24:30,6,Jackson Park Express,,Sun
22:12:44,3,King Drive,,Sat
09:10:16,6,Jackson Park Express,,Sun
19:27:44,3,King Drive,,Mon,Tue,Wed,Thu,Fri
16:29:19,151,Sheridan,,Sat
02:41:48,66,Chicago,,Tue,Wed,Thu,Fri,Sat
20:11:57,6,Jackson Park Express,,Sun
08:14:38,3,King Drive,,Sun
16:01:28,147,Outer DuSable Lake Shore Express,,Mon,Tue,Wed,Thu,Fri
14:27:48,3,King Drive,,Sat
20:21:58,3,King Drive,,Sat
09:02:47,157,Streeterville/Taylor,,Mon,Tue,Wed,Thu,Fri
11:49:11,151,Sheridan,,Sat
22:36:30,3,King Drive,,Mon,Tue,Wed,Thu,Fri
04:51:54,20,Madison,,Mon,Tue,Wed,Thu,Fri
17:06:49,143,Stockton/Michigan Express,,Mon,Tue,Wed,Thu,Fri
08:33:05,147,Outer DuSable Lake Shore Express,,Sun
08:02:22,26,South Shore Express,,Mon,Tue,Wed,Thu,Fri
07:25:52,3,King Drive,,Mon,Tue,Wed,Thu,Fri
07:33:38,20,Madison,,Mon,Tue,Wed,Thu,Fri
17:13:44,147,Outer DuSable Lake Shore Express,,Mon,Tue,Wed,Thu,Fri
17:05:14,6,Jackson Park Express,,Mon,Tue,Wed,Thu,Fri
14:04:58,3,King Drive,,Sun
10:45:27,147,Outer DuSable Lake Shore Express,,Sun
17:01:08,6,Jackson Park Express,,Sat
22:02:19,6,Jackson Park Express,,Mon,Tue,Wed,Thu,Fri
12:33:25,6,Jackson Park Express,,Sat
16:13:48,3,King Drive,,Sat
07:34:35,147,Outer DuSable Lake Shore Express,,Sun
06:08:16,6,Jackson Park Express,,Sun
06:00:54,20,Madison,,Mon,Tue,Wed,Thu,Fri
15:38:07,151,Sheridan,,Sun
17:47:47,147,Outer DuSable Lake Shore Express,,Mon,Tue,Wed,Thu,Fri
16:52:54,151,Sheridan,,Sat
22:25:34,151,Sheridan,,Mon,Tue,Wed,Thu,Fri
14:02:48,3,King Drive,,Sat
06:30:54,20,Madison,,Mon,Tue,Wed,Thu,Fri
14:36:48,3,King Drive,,Sat
17:51:23,143,Stockton/Michigan Express,,Mon,Tue,Wed,Thu,Fri
17:58:12,3,King Drive,,Sun
17:06:17,147,Outer DuSable Lake Shore Express,,Mon,Tue,Wed,Thu,Fri
08:46:38,151,Sheridan,,Sat
08:50:47,157,Streeterville/Taylor,,Mon,Tue,Wed,Thu,Fri
09:38:37,151,Sheridan,,Mon,Tue,Wed,Thu,Fri
12:18:25,6,Jackson Park Express,,Mon,Tue,Wed,Thu,Fri
07:47:02,147,Outer DuSable Lake Shore Express,,Sat
19:15:14,6,Jackson Park Express,,Sat
09:22:44,3,King Drive,,Sat
09:02:14,6,Jackson Park Express,,Sun
22:00:30,3,King Drive,,Mon,Tue,Wed,Thu,Fri
13:30:28,3,King Drive,,Sun
17:35:05,20,Madison,,Mon,Tue,Wed,Thu,Fri
05:27:05,147,Outer DuSable Lake Shore Express,,Mon,Tue,Wed,Thu,Fri
12:21:45,147,Outer DuSable Lake Shore Express,,Sat
09:07:13,151,Sheridan,,Sun
23:56:16,6,Jackson Park Express,,Sun
23:25:57,6,Jackson Park Express,,Sat
17:17:02,151,Sheridan,,Sat
22:17:08,151,Sheridan,,Sun
14:23:04,147,Outer DuSable Lake Shore Express,,Mon,Tue,Wed,Thu,Fri
15:48:19,157,Streeterville/Taylor,,Mon,Tue,Wed,Thu,Fri
15:10:48,3,King Drive,,Sat
22:03:04,151,Sheridan,,Sat
13:04:07,147,Outer DuSable Lake Shore Express,,Sat
13:20:11,6,Jackson Park Express,,Sun
15:16:38,20,Madison,,Mon,Tue,Wed,Thu,Fri
12:39:54,151,Sheridan,,Sat
12:05:44,3,King Drive,,Mon,Tue,Wed,Thu,Fri
17:17:16,151,Sheridan,,Sun
20:11:57,147,Outer DuSable Lake Shore Express,,Sun
18:37:44,6,Jackson Park Express,,Sat
10:24:40,26,South Shore Express,,Mon,Tue,Wed,Thu,Fri
23:40:43,151,Sheridan,,Mon,Tue,Wed,Thu,Fri
13:56:49,151,Sheridan,,Sat
23:53:24,3,King Drive,,Sun
15:06:19,151,Sheridan,,Mon,Tue,Wed,Thu,Fri
09:00:28,151,Sheridan,,Mon,Tue,Wed,Thu,Fri
10:38:14,3,King Drive,,Mon,Tue,Wed,Thu,Fri
10:42:20,151,Sheridan,,Sat
17:14:35,20,Madison,,Mon,Tue,Wed,Thu,Fri
22:40:24,147,Outer DuSable Lake Shore Express,,Mon,Tue,Wed,Thu,Fri
17:14:15,143,Stockton/Michigan Express,,Mon,Tue,Wed,Thu,Fri
18:00:35,20,Madison,,Mon,Tue,Wed,Thu,Fri
20:25:44,6,Jackson Park Express,,Mon,Tue,Wed,Thu,Fri
18:37:07,147,Outer DuSable Lake Shore Express,,Mon,Tue,Wed,Thu,Fri
08:41:28,151,Sheridan,,Mon,Tue,Wed,Thu,Fri
20:17:18,147,Outer DuSable Lake Shore Express,,Mon,Tue,Wed,Thu,Fri
16:16:27,151,Sheridan,,Mon,Tue,Wed,Thu,Fri
09:27:22,20,Madison,,Mon,Tue,Wed,Thu,Fri
22:10:04,151,Sheridan,,Mon,Tue,Wed,Thu,Fri
23:57:17,151,Sheridan,,Mon,Tue,Wed,Thu,Fri
12:30:04,147,Outer DuSable Lake Shore Express,,Mon,Tue,Wed,Thu,Fri
12:54:10,26,South Shore Express,,Mon,Tue,Wed,Thu,Fri
10:51:44,6,Jackson Park Express,,Sat
10:05:57,6,Jackson Park Express,,Mon,Tue,Wed,Thu,Fri
14:33:44,6,Jackson Park Express,,Sat
18:04:20,3,King Drive,,Mon,Tue,Wed,Thu,Fri
15:57:35,20,Madison,,Mon,Tue,Wed,Thu,Fri
13:24:48,147,Outer DuSable Lake Shore Express,,Sun
19:27:44,3,King Drive,,Mon,Tue,Wed,Thu,Fri
17:47:25,151,Sheridan,,Sun
06:20:51,151,Sheridan,,Sat
11:20:29,151,Sheridan,,Sun
15:47:49,151,Sheridan,,Sat
16:58:23,143,Stockton/Michigan Express,,Mon,Tue,Wed,Thu,Fri
07:56:46,6,Jackson Park Express,,Sat
08:08:16,6,Jackson Park Express,,Sun
14:42:36,3,King Drive,,Mon,Tue,Wed,Thu,Fri
23:11:16,6,Jackson Park Express,,Sat
17:48:37,151,Sheridan,,Sat
17:36:37,147,Outer DuSable Lake Shore Express,,Sat
12:04:06,3,King Drive,,Sun
07:05:54,147,Outer DuSable Lake Shore Express,,Mon,Tue,Wed,Thu,Fri
16:37:57,143,Stockton/Michigan Express,,Mon,Tue,Wed,Thu,Fri
23:59:16,3,King Drive,,Mon,Tue,Wed,Thu,Fri
07:37:44,6,Jackson Park Express,,Mon,Tue,Wed,Thu,Fri
14:05:20,151,Sheridan,,Sun
07:24:31,26,South Shore Express,,Mon,Tue,Wed,Thu,Fri
13:26:44,6,Jackson Park Express,,Mon,Tue,Wed,Thu,Fri
10:51:14,3,King Drive,,Sun
08:24:17,151,Sheridan,,Sun
22:31:54,147,Outer DuSable Lake Shore Express,,Sat
20:16:25,151,Sheridan,,Sat
11:03:41,6,Jackson Park Express,,Sat
20:20:00,3,King Drive,,Sun
08:02:22,20,Madison,,Mon,Tue,Wed,Thu,Fri
14:04:49,151,Sheridan,,Sat
22:24:30,3,King Drive,,Mon,Tue,Wed,Thu,Fri
06:16:44,26,South Shore Express,,Mon,Tue,Wed,Thu,Fri
08:03:02,147,Outer DuSable Lake Shore Express,,Sat
19:50:17,157,Streeterville/Taylor,,Mon,Tue,Wed,Thu,Fri
22:19:54,147,Outer DuSable Lake Shore Express,,Sat
13:03:20,151,Sheridan,,Sun
10:07:44,3,King Drive,,Mon,Tue,Wed,Thu,Fri
22:48:30,3,King Drive,,Mon,Tue,Wed,Thu,Fri
08:24:47,157,Streeterville/Taylor,,Mon,Tue,Wed,Thu,Fri
11:15:58,3,King Drive,,Sat
19:32:18,147,Outer DuSable Lake Shore Express,,Sat
07:10:00,3,King Drive,,Sat
14:42:19,151,Sheridan,,Mon,Tue,Wed,Thu,Fri
15:57:12,3,King Drive,,Sun
16:25:20,3,King Drive,,Mon,Tue,Wed,Thu,Fri
08:02:14,6,Jackson Park Express,,Sun
22:21:49,6,Jackson Park Express,,Mon,Tue,Wed,Thu,Fri
09:07:36,3,King Drive,,Mon,Tue,Wed,Thu,Fri
01:07:17,151,Sheridan,,Mon
06:55:30,147,Outer DuSable Lake Shore Express,,Sun
15:57:10,151,Sheridan,,Mon,Tue,Wed,Thu,Fri
23:19:19,6,Jackson Park Express,,Mon,Tue,Wed,Thu,Fri
14:54:19,151,Sheridan,,Mon,Tue,Wed,Thu,Fri
20:45:57,147,Outer DuSable Lake Shore Express,,Sun
09:19:52,20,Madison,,Mon,Tue,Wed,Thu,Fri
09:40:06,3,King Drive,,Mon,Tue,Wed,Thu,Fri
20:54:30,3,King Drive,,Mon,Tue,Wed,Thu,Fri
19:33:57,6,Jackson Park Express,,Sun
23:21:46,6,Jackson Park Express,,Sun
22:59:57,147,Outer DuSable Lake Shore Express,,Sat
01:26:47,151,Sheridan,,Sun
19:47:49,6,Jackson Park Express,,Mon,Tue,Wed,Thu,Fri
15:55:55,6,Jackson Park Express,,Mon,Tue,Wed,Thu,Fri
11:46:34,3,King Drive,,Sat
17:04:35,20,Madison,,Mon,Tue,Wed,Thu,Fri
15:15:36,3,King Drive,,Mon,Tue,Wed,Thu,Fri
13:38:44,6,Jackson Park Express,,Mon,Tue,Wed,Thu,Fri
06:19:13,157,Streeterville/Taylor,,Mon,Tue,Wed,Thu,Fri
08:12:41,6,Jackson Park Express,,Mon,Tue,Wed,Thu,Fri
15:57:37,151,Sheridan,,Sun
10:35:29,151,Sheridan,,Sun
14:16:40,26,South Shore Express,,Mon,Tue,Wed,Thu,Fri
16:07:37,151,Sheridan,,Sun
09:25:22,26,South Shore Express,,Mon,Tue,Wed,Thu,Fri
09:17:14,6,Jackson Park Express,,Sun
15:44:55,147,Outer DuSable Lake Shore Express,,Sat
09:22:44,3,King Drive,,Sat
20:30:17,157,Streeterville/Taylor,,Mon,Tue,Wed,Thu,Fri
17:14:15,143,Stockton/Michigan Express,,Mon,Tue,Wed,Thu,Fri
23:59:16,3,King Drive,,Mon,Tue,Wed,Thu,Fri
17:46:35,20,Madison,,Mon,Tue,Wed,Thu,Fri
20:30:44,3,King Drive,,Mon,Tue,Wed,Thu,Fri
14:50:40,26,South Shore Express,,Mon,Tue,Wed,Thu,Fri
13:11:31,147,Outer DuSable Lake Shore Express,,Mon,Tue,Wed,Thu,Fri
21:41:05,147,Outer DuSable Lake Shore Express,,Sun
13:33:50,151,Sheridan,,Sun
07:48:46,157,Streeterville/Taylor,,Mon,Tue,Wed,Thu,Fri
07:52:21,151,Sheridan,,Sun
18:22:11,151,Sheridan,,Sat
10:58:29,151,Sheridan,,Sun
06:02:14,6,Jackson Park Express,,Mon,Tue,Wed,Thu,Fri
20:01:44,6,Jackson Park Express,,Sun
13:57:14,6,Jackson Park Express,,Sun
23:26:16,6,Jackson Park Express,,Sat
16:14:28,147,Outer DuSable Lake Shore Express,,Mon,Tue,Wed,Thu,Fri
16:34:35,20,Madison,,Mon,Tue,Wed,Thu,Fri
15:27:01,147,Outer DuSable Lake Shore Express,,Mon,Tue,Wed,Thu,Fri
15:37:40,151,Sheridan,,Mon,Tue,Wed,Thu,Fri
08:02:48,147,Outer DuSable Lake Shore Express,,Mon,Tue,Wed,Thu,Fri
13:27:05,26,South Shore Express,,Mon,Tue,Wed,Thu,Fri
18:40:05,20,Madison,,Mon,Tue,Wed,Thu,Fri
05:53:17,151,Sheridan,,Mon,Tue,Wed,Thu,Fri
12:39:10,26,South Shore Express,,Mon,Tue,Wed,Thu,Fri
17:15:44,6,Jackson Park Express,,Sun
12:10:44,6,Jackson Park Express,,Sat
20:06:50,151,Sheridan,,Sat
17:35:55,157,Streeterville/Taylor,,Mon,Tue,Wed,Thu,Fri
10:13:52,3,King Drive,,Sun
09:30:59,151,Sheridan,,Sat
17:01:27,151,Sheridan,,Mon,Tue,Wed,Thu,Fri
14:33:40,26,South Shore Express,,Mon,Tue,Wed,Thu,Fri
13:13:48,147,Outer DuSable Lake Shore Express,,Sun
16:37:19,151,Sheridan,,Sat
13:06:25,6,Jackson Park Express,,Mon,Tue,Wed,Thu,Fri
14:36:11,151,Sheridan,,Sun
08:09:22,26,South Shore Express,,Mon,Tue,Wed,Thu,Fri
16:45:38,6,Jackson Park Express,,Mon,Tue,Wed,Thu,Fri
08:12:22,20,Madison,,Mon,Tue,Wed,Thu,Fri
11:59:10,147,Outer DuSable Lake Shore Express,,Mon,Tue,Wed,Thu,Fri
08:22:02,151,Sheridan,,Mon,Tue,Wed,Thu,Fri
08:02:41,6,Jackson Park Express,,Mon,Tue,Wed,Thu,Fri
16:28:52,157,Streeterville/Taylor,,Mon,Tue,Wed,Thu,Fri
21:30:46,6,Jackson Park Express,,Sat
17:37:27,6,Jackson Park Express,,Sun
00:16:17,151,Sheridan,,Tue,Wed,Thu,Fri,Sat
16:24:35,20,Madison,,Mon,Tue,Wed,Thu,Fri
15:14:11,6,Jackson Park Express,,Sun
00:12:47,151,Sheridan,,Mon
13:41:58,3,King Drive,,Sun
14:20:06,3,King Drive,,Mon,Tue,Wed,Thu,Fri
20:33:19,6,Jackson Park Express,,Mon,Tue,Wed,Thu,Fri
07:47:02,147,Outer DuSable Lake Shore Express,,Sat
06:13:30,3,King Drive,,Mon,Tue,Wed,Thu,Fri
08:01:41,151,Sheridan,,Mon,Tue,Wed,Thu,Fri
19:57:25,151,Sheridan,,Sun
13:07:55,6,Jackson Park Express,,Sat
20:30:30,6,Jackson Park Express,,Sat
19:40:21,147,Outer DuSable Lake Shore Express,,Sat
17:42:23,143,Stockton/Michigan Express,,Mon,Tue,Wed,Thu,Fri
09:20:43,151,Sheridan,,Sun
16:49:45,147,Outer DuSable Lake Shore Express,,Sun
17:28:44,147,Outer DuSable Lake Shore Express,,Mon,Tue,Wed,Thu,Fri
12:22:47,157,Streeterville/Taylor,,Mon,Tue,Wed,Thu,Fri
12:47:54,151,Sheridan,,Sat
06:35:30,147,Outer DuSable Lake Shore Express,,Mon,Tue,Wed,Thu,Fri
10:53:41,6,Jackson Park Express,,Sat
18:39:20,3,King Drive,,Sat
13:18:58,3,King Drive,,Sun
12:49:34,3,King Drive,,Sat
12:11:59,151,Sheridan,,Sun
11:44:54,147,Outer DuSable Lake Shore Express,,Sun
14:45:04,147,Outer DuSable Lake Shore Express,,Mon,Tue,Wed,Thu,Fri
11:09:59,151,Sheridan,,Sun
01:41:42,66,Chicago,,Sun
19:20:57,147,Outer DuSable Lake Shore Express,,Sun
15:13:12,3,King Drive,,Sun
10:13:52,3,King Drive,,Sun
12:06:49,151,Sheridan,,Mon,Tue,Wed,Thu,Fri
20:12:44,3,King Drive,,Mon,Tue,Wed,Thu,Fri
19:56:46,151,Sheridan,,Sat
09:25:16,6,Jackson Park Express,,Sun
07:57:22,20,Madison,,Mon,Tue,Wed,Thu,Fri
20:20:27,6,Jackson Park Express,,Sat
08:02:22,20,Madison,,Mon,Tue,Wed,Thu,Fri
08:27:22,20,Madison,,Mon,Tue,Wed,Thu,Fri
12:16:06,3,King Drive,,Sun
14:01:38,6,Jackson Park Express,,Sat
06:40:54,20,Madison,,Mon,Tue,Wed,Thu,Fri
23:39:57,147,Outer DuSable Lake Shore Express,,Sat
17:04:35,20,Madison,,Mon,Tue,Wed,Thu,Fri
16:29:44,6,Jackson Park Express,,Sat
16:51:27,151,Sheridan,,Mon,Tue,Wed,Thu,Fri
18:53:14,3,King Drive,,Sun
09:51:59,151,Sheridan,,Sat
22:40:34,151,Sheridan,,Mon,Tue,Wed,Thu,Fri
11:11:27,147,Outer DuSable Lake Shore Express,,Sun
06:11:51,151,Sheridan,,Sun
16:00:50,157,Streeterville/Taylor,,Mon,Tue,Wed,Thu,Fri
00:51:46,6,Jackson Park Express,,Mon
03:11:42,66,Chicago,,Mon,Tue,Wed,Thu,Fri
07:33:38,20,Madison,,Mon,Tue,Wed,Thu,Fri
07:14:35,147,Outer DuSable Lake Shore Express,,Sun
23:19:05,147,Outer DuSable Lake Shore Express,,Sun
13:43:35,26,South Shore Express,,Mon,Tue,Wed,Thu,Fri
12:35:44,6,Jackson Park Express,,Sat
10:27:57,147,Outer DuSable Lake Shore Express,,Sat
08:47:14,6,Jackson Park Express,,Sun
15:07:49,151,Sheridan,,Sat
19:50:17,157,Streeterville/Taylor,,Mon,Tue,Wed,Thu,Fri
21:51:18,147,Outer DuSable Lake Shore Express,,Mon,Tue,Wed,Thu,Fri
12:44:14,6,Jackson Park Express,,Sat
15:38:07,151,Sheridan,,Sun
18:33:42,147,Outer DuSable Lake Shore Express,,Sat
07:26:49,6,Jackson Park Express,,Mon,Tue,Wed,Thu,Fri
08:07:46,157,Streeterville/Taylor,,Mon,Tue,Wed,Thu,Fri
17:24:35,20,Madison,,Mon,Tue,Wed,Thu,Fri
23:42:16,3,King Drive,,Mon,Tue,Wed,Thu,Fri
23:38:35,147,Outer DuSable Lake Shore Express,,Sun
16:37:41,151,Sheridan,,Sun
06:25:16,6,Jackson Park Express,,Sat
10:15:15,147,Outer DuSable Lake Shore Express,,Mon,Tue,Wed,Thu,Fri
11:05:11,6,Jackson Park Express,,Mon,Tue,Wed,Thu,Fri
05:47:14,6,Jackson Park Express,,Mon,Tue,Wed,Thu,Fri
10:30:11,6,Jackson Park Express,,Sat
00:53:13,151,Sheridan,,Sun
03:41:42,66,Chicago,,Mon,Tue,Wed,Thu,Fri
00:45:14,6,Jackson Park Express,,Sun
16:17:55,147,Outer DuSable Lake Shore Express,,Sat
19:08:12,147,Outer DuSable Lake Shore Express,,Mon,Tue,Wed,Thu,Fri
13:47:04,147,Outer DuSable Lake Shore Express,,Mon,Tue,Wed,Thu,Fri
17:29:45,147,Outer DuSable Lake Shore Express,,Sun
13:46:44,6,Jackson Park Express,,Sun
05:29:13,151,Sheridan,,Sun
10:12:29,151,Sheridan,,Sat
16:46:27,151,Sheridan,,Mon,Tue,Wed,Thu,Fri
17:29:35,20,Madison,,Mon,Tue,Wed,Thu,Fri
18:58:55,151,Sheridan,,Sun
18:08:40,147,Outer DuSable Lake Shore Express,,Sat
18:16:42,147,Outer DuSable Lake Shore Express,,Sat
06:12:08,3,King Drive,,Sat
07:14:35,147,Outer DuSable Lake Shore Express,,Sun
17:09:55,157,Streeterville/Taylor,,Mon,Tue,Wed,Thu,Fri
16:13:44,6,Jackson Park Express,,Sun
09:59:49,157,Streeterville/Taylor,,Mon,Tue,Wed,Thu,Fri
09:47:48,157,Streeterville/Taylor,,Mon,Tue,Wed,Thu,Fri
23:00:30,3,King Drive,,Mon,Tue,Wed,Thu,Fri
09:35:15,147,Outer DuSable Lake Shore Express,,Mon,Tue,Wed,Thu,Fri
08:35:38,3,King Drive,,Sun
10:32:55,151,Sheridan,,Sat
09:59:22,3,King Drive,,Sun
19:09:57,147,Outer DuSable Lake Shore Express,,Sun
11:23:11,6,Jackson Park Express,,Sun
00:57:17,151,Sheridan,,Tue,Wed,Thu,Fri,Sat
22:53:46,6,Jackson Park Express,,Sun
14:19:48,3,King Drive,,Sat
11:32:41,151,Sheridan,,Sat
18:00:35,20,Madison,,Mon,Tue,Wed,Thu,Fri
05:40:54,20,Madison,,Mon,Tue,Wed,Thu,Fri
15:36:25,147,Outer DuSable Lake Shore Express,,Sat
18:19:50,3,King Drive,,Sun
17:53:05,20,Madison,,Mon,Tue,Wed,Thu,Fri
10:32:00,147,Outer DuSable Lake Shore Express,,Sun
21:37:38,151,Sheridan,,Sun
15:40:52,20,Madison,,Mon,Tue,Wed,Thu,Fri
18:15:20,3,King Drive,,Mon,Tue,Wed,Thu,Fri
17:09:20,3,King Drive,,Mon,Tue,Wed,Thu,Fri
12:54:49,151,Sheridan,,Mon,Tue,Wed,Thu,Fri
16:36:27,151,Sheridan,,Mon,Tue,Wed,Thu,Fri
05:29:13,151,Sheridan,,Sun
16:08:35,20,Madison,,Mon,Tue,Wed,Thu,Fri
17:47:57,6,Jackson Park Express,,Sun
16:59:45,147,Outer DuSable Lake Shore Express,,Sun
05:48:30,3,King Drive,,Mon,Tue,Wed,Thu,Fri
14:28:44,6,Jackson Park Express,,Sun
14:56:31,147,Outer DuSable Lake Shore Express,,Mon,Tue,Wed,Thu,Fri
13:53:31,147,Outer DuSable Lake Shore Express,,Sat
09:40:16,6,Jackson Park Express,,Sun
01:11:48,66,Chicago,,Tue,Wed,Thu,Fri,Sat
12:16:06,3,King Drive,,Sun
09:33:38,151,Sheridan,,Sun
12:30:04,147,Outer DuSable Lake Shore Express,,Mon,Tue,Wed,Thu,Fri
17:51:40,147,Outer DuSable Lake Shore Express,,Sat
12:22:29,151,Sheridan,,Sun
22:00:30,3,King Drive,,Mon,Tue,Wed,Thu,Fri
10:35:15,147,Outer DuSable Lake Shore Express,,Mon,Tue,Wed,Thu,Fri
12:51:48,147,Outer DuSable Lake Shore Express,,Sun
19:02:14,6,Jackson Park Express,,Sat
11:44:10,147,Outer DuSable Lake Shore Express,,Mon,Tue,Wed,Thu,Fri
17:14:12,3,King Drive,,Sun
05:48:54,26,South Shore Express,,Mon,Tue,Wed,Thu,Fri
14:42:15,147,Outer DuSable Lake Shore Express,,Sun
14:53:11,6,Jackson Park Express,,Sun
08:23:52,26,South Shore Express,,Mon,Tue,Wed,Thu,Fri
06:10:54,20,Madison,,Mon,Tue,Wed,Thu,Fri
11:53:10,26,South Shore Express,,Mon,Tue,Wed,Thu,Fri
23:00:35,147,Outer DuSable Lake Shore Express,,Sun
11:07:46,151,Sheridan,,Sat
19:35:44,3,King Drive,,Sun
08:19:45,147,Outer DuSable Lake Shore Express,,Mon,Tue,Wed,Thu,Fri
13:16:04,147,Outer DuSable Lake Shore Express,,Sat
00:53:13,151,Sheridan,,Sun
06:55:30,147,Outer DuSable Lake Shore Express,,Sun
19:52:44,6,Jackson Park Express,,Sat
23:00:24,147,Outer DuSable Lake Shore Express,,Mon,Tue,Wed,Thu,Fri
18:40:14,3,King Drive,,Sun
17:28:14,6,Jackson Park Express,,Mon,Tue,Wed,Thu,Fri
10:07:44,3,King Drive,,Mon,Tue,Wed,Thu,Fri
18:16:42,147,Outer DuSable Lake Shore Express,,Sat
18:05:08,6,Jackson Park Express,,Sat
10:55:36,3,King Drive,,Sat
06:40:49,6,Jackson Park Express,,Mon,Tue,Wed,Thu,Fri
13:46:19,157,Streeterville/Taylor,,Mon,Tue,Wed,Thu,Fri
09:08:47,157,Streeterville/Taylor,,Mon,Tue,Wed,Thu,Fri
10:39:50,157,Streeterville/Taylor,,Mon,Tue,Wed,Thu,Fri
22:21:35,147,Outer DuSable Lake Shore Express,,Sun
20:39:25,151,Sheridan,,Mon,Tue,Wed,Thu,Fri
00:37:13,151,Sheridan,,Sun
06:20:54,20,Madison,,Mon,Tue,Wed,Thu,Fri
06:02:43,157,Streeterville/Taylor,,Mon,Tue,Wed,Thu,Fri
05:31:21,151,Sheridan,,Mon,Tue,Wed,Thu,Fri
20:49:51,147,Outer DuSable Lake Shore Express,,Sat
11:33:27,147,Outer DuSable Lake Shore Express,,Sun
18:01:57,143,Stockton/Michigan Express,,Mon,Tue,Wed,Thu,Fri
03:41:48,66,Chicago,,Sat
05:57:05,147,Outer DuSable Lake Shore Express,,Sat
08:31:44,3,King Drive,,Sat
12:54:58,3,King Drive,,Sun
08:30:06,3,King Drive,,Mon,Tue,Wed,Thu,Fri
06:36:44,157,Streeterville/Taylor,,Mon,Tue,Wed,Thu,Fri
15:15:36,3,King Drive,,Mon,Tue,Wed,Thu,Fri
08:42:41,6,Jackson Park Express,,Mon,Tue,Wed,Thu,Fri
22:37:14,6,Jackson Park Express,,Mon,Tue,Wed,Thu,Fri
13:12:19,157,Streeterville/Taylor,,Mon,Tue,Wed,Thu,Fri
22:36:30,3,King Drive,,Mon,Tue,Wed,Thu,Fri
13:10:35,26,South Shore Express,,Mon,Tue,Wed,Thu,Fri
18:19:45,147,Outer DuSable Lake Shore Express,,Sun
14:49:44,6,Jackson Park Express,,Sun
17:11:27,151,Sheridan,,Mon,Tue,Wed,Thu,Fri
10:36:44,6,Jackson Park Express,,Mon,Tue,Wed,Thu,Fri
18:39:20,3,King Drive,,Sat
13:46:48,147,Outer DuSable Lake Shore Express,,Sun
11:33:45,147,Outer DuSable Lake Shore Express,,Sat
06:03:19,26,South Shore Express,,Mon,Tue,Wed,Thu,Fri
12:05:37,151,Sheridan,,Sat
10:18:30,147,Outer DuSable Lake Shore Express,,Sun
12:22:34,3,King Drive,,Sat
21:26:30,3,King Drive,,Mon,Tue,Wed,Thu,Fri
17:34:52,6,Jackson Park Express,,Mon,Tue,Wed,Thu,Fri
14:00:05,26,South Shore Express,,Mon,Tue,Wed,Thu,Fri
07:00:54,20,Madison,,Mon,Tue,Wed,Thu,Fri
20:25:55,151,Sheridan,,Sat
16:19:12,3,King Drive,,Sun
20:20:00,3,King Drive,,Sun
10:02:00,147,Outer DuSable Lake Shore Express,,Sun
19:48:51,147,Outer DuSable Lake Shore Express,,Sat
16:56:25,147,Outer DuSable Lake Shore Express,,Sat
06:19:30,147,Outer DuSable Lake Shore Express,,Mon,Tue,Wed,Thu,Fri
05:45:32,147,Outer DuSable Lake Shore Express,,Mon,Tue,Wed,Thu,Fri
16:28:52,157,Streeterville/Taylor,,Mon,Tue,Wed,Thu,Fri
05:33:24,26,South Shore Express,,Mon,Tue,Wed,Thu,Fri
16:37:41,151,Sheridan,,Sun
18:37:20,3,King Drive,,Mon,Tue,Wed,Thu,Fri
09:58:14,3,King Drive,,Mon,Tue,Wed,Thu,Fri
11:38:10,26,South Shore Express,,Mon,Tue,Wed,Thu,Fri
09:59:22,3,King Drive,,Sun
15:10:55,147,Outer DuSable Lake Shore Express,,Sat
20:30:44,3,King Drive,,Mon,Tue,Wed,Thu,Fri
19:57:25,151,Sheridan,,Sun
15:04:36,3,King Drive,,Mon,Tue,Wed,Thu,Fri
22:08:54,147,Outer DuSable Lake Shore Express,,Sat
12:41:06,3,King Drive,,Mon,Tue,Wed,Thu,Fri
08:27:22,20,Madison,,Mon,Tue,Wed,Thu,Fri
11:07:46,151,Sheridan,,Sat
14:42:25,6,Jackson Park Express,,Mon,Tue,Wed,Thu,Fri
12:51:37,147,Outer DuSable Lake Shore Express,,Sat
24:31:16,6,Jackson Park Express,,Sat
23:02:44,3,King Drive,,Sat
15:58:15,147,Outer DuSable Lake Shore Express,,Sun
13:31:11,6,Jackson Park Express,,Sun
09:35:15,147,Outer DuSable Lake Shore Express,,Mon,Tue,Wed,Thu,Fri
09:02:22,20,Madison,,Mon,Tue,Wed,Thu,Fri
11:55:54,147,Outer DuSable Lake Shore Express,,Sun
23:53:43,151,Sheridan,,Sun
11:45:18,157,Streeterville/Taylor,,Mon,Tue,Wed,Thu,Fri
19:10:47,157,Streeterville/Taylor,,Mon,Tue,Wed,Thu,Fri
14:26:44,6,Jackson Park Express,,Mon,Tue,Wed,Thu,Fri
23:57:30,6,Jackson Park Express,,Mon,Tue,Wed,Thu,Fri
00:12:47,151,Sheridan,,Mon
10:17:44,3,King Drive,,Mon,Tue,Wed,Thu,Fri
07:31:02,147,Outer DuSable Lake Shore Express,,Sat
18:33:42,147,Outer DuSable Lake Shore Express,,Sat
18:05:11,151,Sheridan,,Sat
15:26:36,3,King Drive,,Mon,Tue,Wed,Thu,Fri
21:18:38,151,Sheridan,,Sun
21:19:04,151,Sheridan,,Sat
15:39:49,151,Sheridan,,Sat
14:27:58,147,Outer DuSable Lake Shore Express,,Sat
10:05:46,6,Jackson Park Express,,Sat
08:17:14,6,Jackson Park Express,,Sun
15:53:25,147,Outer DuSable Lake Shore Express,,Sat
17:39:45,147,Outer DuSable Lake Shore Express,,Sun
10:55:50,157,Streeterville/Taylor,,Mon,Tue,Wed,Thu,Fri
07:13:31,26,South Shore Express,,Mon,Tue,Wed,Thu,Fri
14:49:20,3,King Drive,,Sun
16:24:14,6,Jackson Park Express,,Sun
14:48:19,157,Streeterville/Taylor,,Mon,Tue,Wed,Thu,Fri
20:27:57,147,Outer DuSable Lake Shore Express,,Sun
04:41:48,66,Chicago,,Sat
10:14:36,3,King Drive,,Sat
15:02:25,147,Outer DuSable Lake Shore Express,,Sat
16:08:35,20,Madison,,Mon,Tue,Wed,Thu,Fri
10:45:36,3,King Drive,,Sat
12:54:10,26,South Shore Express,,Mon,Tue,Wed,Thu,Fri
17:07:27,6,Jackson Park Express,,Sun
18:18:44,6,Jackson Park Express,,Sun
12:14:37,147,Outer DuSable Lake Shore Express,,Mon,Tue,Wed,Thu,Fri
08:45:41,6,Jackson Park Express,,Sat
20:48:58,3,King Drive,,Sat
16:51:27,151,Sheridan,,Mon,Tue,Wed,Thu,Fri
14:45:25,147,Outer DuSable Lake Shore Express,,Sat
12:04:06,3,King Drive,,Sun
17:36:37,147,Outer DuSable Lake Shore Express,,Sat
17:20:44,147,Outer DuSable Lake Shore Express,,Mon,Tue,Wed,Thu,Fri
16:35:25,147,Outer DuSable Lake Shore Express,,Mon,Tue,Wed,Thu,Fri
06:19:13,157,Streeterville/Taylor,,Mon,Tue,Wed,Thu,Fri
14:31:36,3,King Drive,,Mon,Tue,Wed,Thu,Fri
21:48:30,3,King Drive,,Mon,Tue,Wed,Thu,Fri
17:29:37,147,Outer DuSable Lake Shore Express,,Sat
16:02:44,6,Jackson Park Express,,Sat
13:57:48,147,Outer DuSable Lake Shore Express,,Sun
07:12:08,3,King Drive,,Sun
12:58:31,147,Outer DuSable Lake Shore Express,,Mon,Tue,Wed,Thu,Fri
13:35:48,147,Outer DuSable Lake Shore Express,,Sun
08:41:22,26,South Shore Express,,Mon,Tue,Wed,Thu,Fri
11:11:27,147,Outer DuSable Lake Shore Express,,Sun
13:17:38,6,Jackson Park Express,,Sat
07:52:08,3,King Drive,,Sun
13:33:50,151,Sheridan,,Sun
12:16:44,6,Jackson Park Express,,Sun
08:57:22,20,Madison,,Mon,Tue,Wed,Thu,Fri
10:23:04,151,Sheridan,,Sun
14:03:19,157,Streeterville/Taylor,,Mon,Tue,Wed,Thu,Fri
13:35:48,3,King Drive,,Sat
01:37:17,151,Sheridan,,Tue,Wed,Thu,Fri,Sat
12:05:45,147,Outer DuSable Lake Shore Express,,Sat
04:49:24,20,Madison,,Mon,Tue,Wed,Thu,Fri
01:41:48,66,Chicago,,Mon
06:58:02,147,Outer DuSable Lake Shore Express,,Sat
23:18:29,151,Sheridan,,Sat
18:29:27,6,Jackson Park Express,,Sun
09:54:16,6,Jackson Park Express,,Sat
06:52:00,3,King Drive,,Sat
17:49:24,157,Streeterville/Taylor,,Mon,Tue,Wed,Thu,Fri
22:24:30,3,King Drive,,Mon,Tue,Wed,Thu,Fri
13:53:50,151,Sheridan,,Sun
06:41:17,151,Sheridan,,Sat
08:32:22,20,Madison,,Mon,Tue,Wed,Thu,Fri
13:05:54,151,Sheridan,,Sat
16:40:48,3,King Drive,,Sat
09:00:44,6,Jackson Park Express,,Mon,Tue,Wed,Thu,Fri
15:44:58,147,Outer DuSable Lake Shore Express,,Mon,Tue,Wed,Thu,Fri
09:54:46,6,Jackson Park Express,,Sun
19:40:21,147,Outer DuSable Lake Shore Express,,Sat
16:15:21,157,Streeterville/Taylor,,Mon,Tue,Wed,Thu,Fri
18:02:24,157,Streeterville/Taylor,,Mon,Tue,Wed,Thu,Fri
11:15:46,151,Sheridan,,Sat
17:53:05,20,Madison,,Mon,Tue,Wed,Thu,Fri
09:41:57,6,Jackson Park Express,,Mon,Tue,Wed,Thu,Fri
09:29:22,3,King Drive,,Sun
14:11:41,6,Jackson Park Express,,Sun
21:10:27,6,Jackson Park Express,,Sat
16:29:19,151,Sheridan,,Sat
21:11:48,147,Outer DuSable Lake Shore Express,,Mon,Tue,Wed,Thu,Fri
07:03:22,3,King Drive,,Mon,Tue,Wed,Thu,Fri
16:27:41,151,Sheridan,,Sun
06:50:57,147,Outer DuSable Lake Shore Express,,Mon,Tue,Wed,Thu,Fri
06:26:14,6,Jackson Park Express,,Sat
17:22:55,157,Streeterville/Taylor,,Mon,Tue,Wed,Thu,Fri
08:09:22,26,South Shore Express,,Mon,Tue,Wed,Thu,Fri
12:51:37,147,Outer DuSable Lake Shore Express,,Sat
04:42:01,66,Chicago,,Mon,Tue,Wed,Thu,Fri
18:49:48,147,Outer DuSable Lake Shore Express,,Sun
08:50:44,6,Jackson Park Express,,Mon,Tue,Wed,Thu,Fri
10:09:16,6,Jackson Park Express,,Sun
18:39:58,151,Sheridan,,Mon,Tue,Wed,Thu,Fri
05:47:44,6,Jackson Park Express,,Sat
09:44:11,6,Jackson Park Express,,Sat
09:12:00,3,King Drive,,Sun
18:14:31,143,Stockton/Michigan Express,,Mon,Tue,Wed,Thu,Fri
11:17:11,6,Jackson Park Express,,Mon,Tue,Wed,Thu,Fri
18:17:52,157,Streeterville/Taylor,,Mon,Tue,Wed,Thu,Fri
07:25:55,151,Sheridan,,Mon,Tue,Wed,Thu,Fri
10:25:36,3,King Drive,,Sat
09:07:36,3,King Drive,,Mon,Tue,Wed,Thu,Fri
19:11:44,6,Jackson Park Express,,Sun
09:12:22,20,Madison,,Mon,Tue,Wed,Thu,Fri
10:24:50,157,Streeterville/Taylor,,Mon,Tue,Wed,Thu,Fri
16:13:19,151,Sheridan,,Sat
10:28:16,6,Jackson Park Express,,Sat
03:41:48,66,Chicago,,Sun
15:28:52,20,Madison,,Mon,Tue,Wed,Thu,Fri
14:53:36,3,King Drive,,Mon,Tue,Wed,Thu,Fri
15:35:12,3,King Drive,,Sun
05:37:17,151,Sheridan,,Sat
16:04:48,3,King Drive,,Sat
12:44:11,6,Jackson Park Express,,Sun
13:59:04,147,Outer DuSable Lake Shore Express,,Mon,Tue,Wed,Thu,Fri
14:57:38,20,Madison,,Mon,Tue,Wed,Thu,Fri
01:41:48,66,Chicago,,Tue,Wed,Thu,Fri,Sat
21:57:38,151,Sheridan,,Sun
22:00:27,6,Jackson Park Express,,Sat
09:07:22,20,Madison,,Mon,Tue,Wed,Thu,Fri
20:11:38,151,Sheridan,,Sun
05:17:19,6,Jackson Park Express,,Mon,Tue,Wed,Thu,Fri
18:27:54,151,Sheridan,,Mon,Tue,Wed,Thu,Fri
14:15:58,3,King Drive,,Sun
01:11:55,66,Chicago,,Sun
22:48:30,3,King Drive,,Mon,Tue,Wed,Thu,Fri
11:23:40,26,South Shore Express,,Mon,Tue,Wed,Thu,Fri
14:48:19,157,Streeterville/Taylor,,Mon,Tue,Wed,Thu,Fri
18:51:10,147,Outer DuSable Lake Shore Express,,Sat
22:43:27,147,Outer DuSable Lake Shore Express,,Sat
15:36:19,157,Streeterville/Taylor,,Mon,Tue,Wed,Thu,Fri
07:08:24,20,Madison,,Mon,Tue,Wed,Thu,Fri
11:33:45,147,Outer DuSable Lake Shore Express,,Sat
09:58:41,151,Sheridan,,Mon,Tue,Wed,Thu,Fri
08:12:37,151,Sheridan,,Mon,Tue,Wed,Thu,Fri
08:54:06,3,King Drive,,Mon,Tue,Wed,Thu,Fri
07:25:52,3,King Drive,,Mon,Tue,Wed,Thu,Fri
09:40:06,3,King Drive,,Mon,Tue,Wed,Thu,Fri
12:39:47,157,Streeterville/Taylor,,Mon,Tue,Wed,Thu,Fri
18:15:08,6,Jackson Park Express,,Sat
07:25:31,20,Madison,,Mon,Tue,Wed,Thu,Fri
08:07:11,6,Jackson Park Express,,Sat
05:21:00,3,King Drive,,Mon,Tue,Wed,Thu,Fri
18:27:25,151,Sheridan,,Sun
19:07:16,151,Sheridan,,Sat
13:53:48,3,King Drive,,Sat
17:06:27,151,Sheridan,,Mon,Tue,Wed,Thu,Fri
06:26:43,151,Sheridan,,Mon,Tue,Wed,Thu,Fri
18:22:31,147,Outer DuSable Lake Shore Express,,Mon,Tue,Wed,Thu,Fri
14:02:48,3,King Drive,,Sat
08:51:30,147,Outer DuSable Lake Shore Express,,Sat
14:46:11,151,Sheridan,,Sun
17:22:52,6,Jackson Park Express,,Mon,Tue,Wed,Thu,Fri
05:09:21,151,Sheridan,,Mon,Tue,Wed,Thu,Fri
16:34:38,6,Jackson Park Express,,Sat
15:57:10,151,Sheridan,,Mon,Tue,Wed,Thu,Fri
18:13:41,151,Sheridan,,Sat
17:21:18,151,Sheridan,,Mon,Tue,Wed,Thu,Fri
18:17:19,151,Sheridan,,Mon,Tue,Wed,Thu,Fri
22:42:44,3,King Drive,,Sat
07:41:15,20,Madison,,Mon,Tue,Wed,Thu,Fri
17:37:16,151,Sheridan,,Sun
13:54:49,151,Sheridan,,Mon,Tue,Wed,Thu,Fri
11:50:29,151,Sheridan,,Sun
20:49:04,151,Sheridan,,Sat
16:58:50,147,Outer DuSable Lake Shore Express,,Mon,Tue,Wed,Thu,Fri
23:36:00,6,Jackson Park Express,,Mon,Tue,Wed,Thu,Fri
16:44:35,20,Madison,,Mon,Tue,Wed,Thu,Fri
18:28:39,143,Stockton/Michigan Express,,Mon,Tue,Wed,Thu,Fri
00:43:19,6,Jackson Park Express,,Tue,Wed,Thu,Fri,Sat
10:37:52,3,King Drive,,Sun
09:10:44,6,Jackson Park Express,,Mon,Tue,Wed,Thu,Fri
22:13:27,6,Jackson Park Express,,Sat
00:57:17,151,Sheridan,,Tue,Wed,Thu,Fri,Sat
19:41:11,151,Sheridan,,Mon,Tue,Wed,Thu,Fri
07:48:46,157,Streeterville/Taylor,,Mon,Tue,Wed,Thu,Fri
17:53:44,6,Jackson Park Express,,Sat
15:10:44,6,Jackson Park Express,,Sun
19:20:55,151,Sheridan,,Sun
06:33:22,3,King Drive,,Mon,Tue,Wed,Thu,Fri
11:08:40,26,South Shore Express,,Mon,Tue,Wed,Thu,Fri
18:20:14,6,Jackson Park Express,,Mon,Tue,Wed,Thu,Fri
16:36:57,6,Jackson Park Express,,Sun
13:46:19,157,Streeterville/Taylor,,Mon,Tue,Wed,Thu,Fri
12:08:10,26,South Shore Express,,Mon,Tue,Wed,Thu,Fri
10:15:15,147,Outer DuSable Lake Shore Express,,Mon,Tue,Wed,Thu,Fri
16:58:23,143,Stockton/Michigan Express,,Mon,Tue,Wed,Thu,Fri
11:15:58,3,King Drive,,Sat
24:10:46,6,Jackson Park Express,,Sun
17:10:08,6,Jackson Park Express,,Sat
08:32:22,26,South Shore Express,,Mon,Tue,Wed,Thu,Fri