arrival_time,route_short_name,route_long_name,headsign,service_days
20:39:30,20,Madison,,Sun
17:07:57,60,Blue Island/26th,,Mon,Tue,Wed,Thu,Fri
22:58:50,20,Madison,,Sat
15:19:17,157,Streeterville/Taylor,,Mon,Tue,Wed,Thu,Fri
19:00:31,60,Blue Island/26th,,Sun
09:13:40,20,Madison,,Sat
11:36:29,J14,Jeffery Jump,,Sun
01:43:34,60,Blue Island/26th,,Mon
13:04:34,60,Blue Island/26th,,Sun
10:24:00,20,Madison,,Sun
16:59:57,60,Blue Island/26th,,Mon,Tue,Wed,Thu,Fri
21:17:20,20,Madison,,Mon,Tue,Wed,Thu,Fri
16:53:36,J14,Jeffery Jump,,Sat
11:24:44,60,Blue Island/26th,,Mon,Tue,Wed,Thu,Fri
06:48:48,56,Milwaukee,,Sun
17:28:32,124,Navy Pier,,Sat
12:37:40,20,Madison,,Sat
16:39:59,J14,Jeffery Jump,,Sun
07:48:50,20,Madison,,Sun
16:52:34,60,Blue Island/26th,,Sun
10:19:14,157,Streeterville/Taylor,,Mon,Tue,Wed,Thu,Fri
10:00:40,20,Madison,,Sat
08:35:01,60,Blue Island/26th,,Sat
23:27:20,20,Madison,,Sat
13:04:47,157,Streeterville/Taylor,,Mon,Tue,Wed,Thu,Fri
09:02:31,60,Blue Island/26th,,Sun
15:01:41,20,Madison,,Mon,Tue,Wed,Thu,Fri
16:22:40,20,Madison,,Sat
20:12:14,60,Blue Island/26th,,Mon,Tue,Wed,Thu,Fri
17:11:32,124,Navy Pier,,Sat
10:55:14,60,Blue Island/26th,,Mon,Tue,Wed,Thu,Fri
01:12:49,20,Madison,,Tue,Wed,Thu,Fri,Sat
12:44:34,60,Blue Island/26th,,Sun
06:35:01,60,Blue Island/26th,,Sun
12:51:12,60,Blue Island/26th,,Mon,Tue,Wed,Thu,Fri
19:31:56,124,Navy Pier,,Sat
08:04:31,60,Blue Island/26th,,Sun
08:34:00,56,Milwaukee,,Mon,Tue,Wed,Thu,Fri
19:28:09,56,Milwaukee,,Sat
17:11:29,J14,Jeffery Jump,,Sat
05:59:20,20,Madison,,Sun
14:17:14,60,Blue Island/26th,,Mon,Tue,Wed,Thu,Fri
15:34:09,157,Streeterville/Taylor,,Mon,Tue,Wed,Thu,Fri
18:12:56,20,Madison,,Mon,Tue,Wed,Thu,Fri
12:22:12,60,Blue Island/26th,,Mon,Tue,Wed,Thu,Fri
13:31:10,20,Madison,,Sun
07:56:25,56,Milwaukee,,Sun
20:18:29,J14,Jeffery Jump,,Mon,Tue,Wed,Thu,Fri
05:37:20,20,Madison,,Sat
07:20:01,60,Blue Island/26th,,Sun
17:43:55,60,Blue Island/26th,,Mon,Tue,Wed,Thu,Fri
15:32:46,56,Milwaukee,,Sat
21:47:18,56,Milwaukee,,Sun
15:54:07,56,Milwaukee,,Mon,Tue,Wed,Thu,Fri
09:14:26,J14,Jeffery Jump,,Mon,Tue,Wed,Thu,Fri
08:13:36,J14,Jeffery Jump,,Sun
07:23:00,56,Milwaukee,,Mon,Tue,Wed,Thu,Fri
13:11:59,J14,Jeffery Jump,,Sun
09:45:16,56,Milwaukee,,Mon,Tue,Wed,Thu,Fri
19:22:50,60,Blue Island/26th,,Mon,Tue,Wed,Thu,Fri
20:08:29,J14,Jeffery Jump,,Mon,Tue,Wed,Thu,Fri
18:56:34,60,Blue Island/26th,,Sat
02:13:28,60,Blue Island/26th,,Sun
22:02:20,20,Madison,,Sat
18:20:26,20,Madison,,Mon,Tue,Wed,Thu,Fri
21:09:20,20,Madison,,Sun
07:04:00,157,Streeterville/Taylor,,Mon,Tue,Wed,Thu,Fri
10:34:00,20,Madison,,Sun
14:57:36,60,Blue Island/26th,,Sat
17:11:58,56,Milwaukee,,Mon,Tue,Wed,Thu,Fri
11:00:43,J14,Jeffery Jump,,Mon,Tue,Wed,Thu,Fri
14:30:06,J14,Jeffery Jump,,Sun
13:14:34,60,Blue Island/26th,,Sun
08:06:34,157,Streeterville/Taylor,,Mon,Tue,Wed,Thu,Fri
19:09:09,56,Milwaukee,,Sat
01:13:34,60,Blue Island/26th,,Mon
18:17:04,60,Blue Island/26th,,Sat
19:14:23,56,Milwaukee,,Mon,Tue,Wed,Thu,Fri
19:04:40,20,Madison,,Sat
15:50:16,20,Madison,,Mon,Tue,Wed,Thu,Fri
10:42:40,20,Madison,,Mon,Tue,Wed,Thu,Fri
10:56:29,J14,Jeffery Jump,,Sun
08:52:47,20,Madison,,Mon,Tue,Wed,Thu,Fri
08:26:56,J14,Jeffery Jump,,Mon,Tue,Wed,Thu,Fri
10:24:00,20,Madison,,Sun
09:28:42,124,Navy Pier,,Mon,Tue,Wed,Thu,Fri
19:06:29,J14,Jeffery Jump,,Sat
03:12:49,20,Madison,,Mon,Tue,Wed,Thu,Fri
19:32:47,60,Blue Island/26th,,Mon,Tue,Wed,Thu,Fri
09:54:00,20,Madison,,Sun
22:27:20,20,Madison,,Sun
18:14:16,56,Milwaukee,,Sat
13:35:36,J14,Jeffery Jump,,Sat
23:42:20,20,Madison,,Sat
10:44:00,20,Madison,,Sun
16:38:33,J14,Jeffery Jump,,Mon,Tue,Wed,Thu,Fri
18:03:26,J14,Jeffery Jump,,Mon,Tue,Wed,Thu,Fri
08:00:30,56,Milwaukee,,Mon,Tue,Wed,Thu,Fri
17:28:39,56,Milwaukee,,Sun
19:35:59,J14,Jeffery Jump,,Sat
21:47:36,60,Blue Island/26th,,Mon,Tue,Wed,Thu,Fri
15:20:06,J14,Jeffery Jump,,Sun
20:08:56,124,Navy Pier,,Sat
08:33:40,20,Madison,,Sat
19:58:02,56,Milwaukee,,Sun
21:44:59,J14,Jeffery Jump,,Sat
23:12:20,20,Madison,,Sun
21:08:20,20,Madison,,Mon,Tue,Wed,Thu,Fri
10:34:32,56,Milwaukee,,Sun
18:07:40,20,Madison,,Sat
11:54:00,20,Madison,,Sun
02:12:49,20,Madison,,Sun
14:12:02,56,Milwaukee,,Sun
11:02:40,20,Madison,,Mon,Tue,Wed,Thu,Fri
07:04:36,J14,Jeffery Jump,,Sun
14:47:10,20,Madison,,Mon,Tue,Wed,Thu,Fri
15:39:47,60,Blue Island/26th,,Mon,Tue,Wed,Thu,Fri
18:00:00,20,Madison,,Sun
15:46:40,20,Madison,,Sat
07:11:25,56,Milwaukee,,Sat
21:47:36,60,Blue Island/26th,,Mon,Tue,Wed,Thu,Fri
18:04:51,56,Milwaukee,,Mon,Tue,Wed,Thu,Fri
13:20:00,56,Milwaukee,,Mon,Tue,Wed,Thu,Fri
22:25:50,20,Madison,,Mon,Tue,Wed,Thu,Fri
01:43:31,60,Blue Island/26th,,Sun
18:59:36,J14,Jeffery Jump,,Mon,Tue,Wed,Thu,Fri
13:05:50,20,Madison,,Mon,Tue,Wed,Thu,Fri
20:52:49,124,Navy Pier,,Sun
14:23:00,56,Milwaukee,,Mon,Tue,Wed,Thu,Fri
13:31:36,J14,Jeffery Jump,,Sun
17:14:15,157,Streeterville/Taylor,,Mon,Tue,Wed,Thu,Fri
14:41:10,20,Madison,,Sun
14:01:20,20,Madison,,Mon,Tue,Wed,Thu,Fri
09:32:29,J14,Jeffery Jump,,Sat
22:30:20,20,Madison,,Sat
21:07:36,J14,Jeffery Jump,,Mon,Tue,Wed,Thu,Fri
23:01:45,J14,Jeffery Jump,,Mon,Tue,Wed,Thu,Fri
06:13:01,60,Blue Island/26th,,Sun
12:31:42,60,Blue Island/26th,,Mon,Tue,Wed,Thu,Fri
11:33:04,60,Blue Island/26th,,Sat
02:43:28,60,Blue Island/26th,,Sun
09:41:31,60,Blue Island/26th,,Sun
15:17:36,60,Blue Island/26th,,Sat
13:31:36,J14,Jeffery Jump,,Sun
18:30:00,20,Madison,,Sun
09:47:46,56,Milwaukee,,Mon,Tue,Wed,Thu,Fri
08:16:01,60,Blue Island/26th,,Sat
09:40:34,60,Blue Island/26th,,Sat
18:54:52,J14,Jeffery Jump,,Sun
01:43:28,60,Blue Island/26th,,Tue,Wed,Thu,Fri,Sat
17:02:29,J14,Jeffery Jump,,Sat
21:23:48,56,Milwaukee,,Sun
06:36:20,20,Madison,,Sat
08:47:12,124,Navy Pier,,Mon,Tue,Wed,Thu,Fri
21:40:50,20,Madison,,Sat
00:26:19,20,Madison,,Tue,Wed,Thu,Fri,Sat
12:42:10,20,Madison,,Sun
09:04:00,20,Madison,,Sun
11:34:31,60,Blue Island/26th,,Sun
21:07:27,157,Streeterville/Taylor,,Mon,Tue,Wed,Thu,Fri
03:12:49,20,Madison,,Sun
11:09:36,J14,Jeffery Jump,,Sat
11:34:14,60,Blue Island/26th,,Mon,Tue,Wed,Thu,Fri
13:14:20,20,Madison,,Mon,Tue,Wed,Thu,Fri
17:08:46,56,Milwaukee,,Sat
06:37:00,157,Streeterville/Taylor,,Mon,Tue,Wed,Thu,Fri
18:18:56,124,Navy Pier,,Sun
06:01:20,20,Madison,,Sat
10:01:31,60,Blue Island/26th,,Sun
20:23:45,J14,Jeffery Jump,,Sun
09:01:14,60,Blue Island/26th,,Mon,Tue,Wed,Thu,Fri
10:18:34,60,Blue Island/26th,,Sat
16:38:33,J14,Jeffery Jump,,Mon,Tue,Wed,Thu,Fri
19:23:45,J14,Jeffery Jump,,Sun
17:30:13,J14,Jeffery Jump,,Sat
09:32:29,J14,Jeffery Jump,,Sat
11:06:30,157,Streeterville/Taylor,,Mon,Tue,Wed,Thu,Fri
23:27:20,20,Madison,,Sat
19:00:00,20,Madison,,Sun
09:12:29,J14,Jeffery Jump,,Sat
14:07:14,60,Blue Island/26th,,Mon,Tue,Wed,Thu,Fri
10:36:14,60,Blue Island/26th,,Mon,Tue,Wed,Thu,Fri
10:06:56,124,Navy Pier,,Sat
01:12:49,20,Madison,,Tue,Wed,Thu,Fri,Sat
20:20:00,20,Madison,,Sun
11:16:29,J14,Jeffery Jump,,Sun
18:12:56,20,Madison,,Mon,Tue,Wed,Thu,Fri
10:46:34,60,Blue Island/26th,,Sat
19:10:00,20,Madison,,Sun
10:22:40,20,Madison,,Mon,Tue,Wed,Thu,Fri
04:13:28,60,Blue Island/26th,,Sat
08:54:01,60,Blue Island/26th,,Sat
11:33:04,60,Blue Island/26th,,Sat
12:17:04,60,Blue Island/26th,,Sun
17:27:40,J14,Jeffery Jump,,Mon,Tue,Wed,Thu,Fri
20:49:25,20,Madison,,Sun
10:30:40,20,Madison,,Sat
22:24:31,60,Blue Island/26th,,Sat
06:24:25,56,Milwaukee,,Sat
15:48:46,56,Milwaukee,,Sat
20:14:40,20,Madison,,Sat
12:27:09,56,Milwaukee,,Sat
16:19:16,20,Madison,,Mon,Tue,Wed,Thu,Fri
19:30:53,56,Milwaukee,,Mon,Tue,Wed,Thu,Fri
13:41:12,60,Blue Island/26th,,Mon,Tue,Wed,Thu,Fri
13:17:56,124,Navy Pier,,Sun
22:25:50,20,Madison,,Mon,Tue,Wed,Thu,Fri
10:27:56,124,Navy Pier,,Sun
13:01:10,20,Madison,,Sun
14:34:34,60,Blue Island/26th,,Sun
02:13:34,60,Blue Island/26th,,Mon
06:00:09,56,Milwaukee,,Mon,Tue,Wed,Thu,Fri
18:13:26,J14,Jeffery Jump,,Mon,Tue,Wed,Thu,Fri
10:02:46,56,Milwaukee,,Mon,Tue,Wed,Thu,Fri
07:22:50,J14,Jeffery Jump,,Mon,Tue,Wed,Thu,Fri
14:41:10,20,Madison,,Sun
22:35:32,56,Milwaukee,,Sun
01:13:28,60,Blue Island/26th,,Tue,Wed,Thu,Fri,Sat
16:18:59,124,Navy Pier,,Sat
05:01:02,20,Madison,,Mon,Tue,Wed,Thu,Fri
08:04:50,20,Madison,,Sun
15:31:10,20,Madison,,Sun
13:54:32,56,Milwaukee,,Sun
19:40:22,20,Madison,,Mon,Tue,Wed,Thu,Fri
08:13:36,J14,Jeffery Jump,,Sun
16:18:21,56,Milwaukee,,Mon,Tue,Wed,Thu,Fri
14:40:30,20,Madison,,Mon,Tue,Wed,Thu,Fri
18:14:16,56,Milwaukee,,Sat
23:27:20,20,Madison,,Sun
10:50:52,157,Streeterville/Taylor,,Mon,Tue,Wed,Thu,Fri
17:37:04,60,Blue Island/26th,,Sat
14:50:06,J14,Jeffery Jump,,Sun
15:42:00,56,Milwaukee,,Mon,Tue,Wed,Thu,Fri
13:34:34,60,Blue Island/26th,,Sun
10:52:26,124,Navy Pier,,Sun
09:59:44,60,Blue Island/26th,,Mon,Tue,Wed,Thu,Fri
13:06:29,J14,Jeffery Jump,,Sat
15:01:41,20,Madison,,Mon,Tue,Wed,Thu,Fri
07:28:50,J14,Jeffery Jump,,Mon,Tue,Wed,Thu,Fri
15:13:34,60,Blue Island/26th,,Sun
18:40:00,20,Madison,,Sun
13:21:12,60,Blue Island/26th,,Mon,Tue,Wed,Thu,Fri
12:05:59,J14,Jeffery Jump,,Sun
21:49:22,J14,Jeffery Jump,,Mon,Tue,Wed,Thu,Fri
17:37:40,20,Madison,,Sat
08:54:00,20,Madison,,Sun
12:51:10,20,Madison,,Sun
08:30:50,60,Blue Island/26th,,Mon,Tue,Wed,Thu,Fri
22:41:53,124,Navy Pier,,Mon,Tue,Wed,Thu,Fri
21:52:53,124,Navy Pier,,Mon,Tue,Wed,Thu,Fri
07:25:06,J14,Jeffery Jump,,Sun
05:37:20,20,Madison,,Sat
13:14:34,60,Blue Island/26th,,Sun
08:11:47,20,Madison,,Mon,Tue,Wed,Thu,Fri
21:13:31,60,Blue Island/26th,,Sat
09:12:04,60,Blue Island/26th,,Sat
08:23:00,56,Milwaukee,,Mon,Tue,Wed,Thu,Fri
09:24:50,J14,Jeffery Jump,,Mon,Tue,Wed,Thu,Fri
19:33:45,J14,Jeffery Jump,,Sun
05:58:28,60,Blue Island/26th,,Sat
08:04:31,60,Blue Island/26th,,Sun
07:19:06,J14,Jeffery Jump,,Sat
11:30:40,20,Madison,,Sat
06:39:01,60,Blue Island/26th,,Sat
06:17:09,56,Milwaukee,,Mon,Tue,Wed,Thu,Fri
16:10:06,J14,Jeffery Jump,,Sun
12:55:40,20,Madison,,Sat
16:59:46,20,Madison,,Mon,Tue,Wed,Thu,Fri
19:11:56,20,Madison,,Mon,Tue,Wed,Thu,Fri
17:53:58,56,Milwaukee,,Mon,Tue,Wed,Thu,Fri
19:25:29,124,Navy Pier,,Mon,Tue,Wed,Thu,Fri
16:39:59,J14,Jeffery Jump,,Sun
15:18:00,56,Milwaukee,,Mon,Tue,Wed,Thu,Fri
08:27:20,157,Streeterville/Taylor,,Mon,Tue,Wed,Thu,Fri
16:59:59,J14,Jeffery Jump,,Sun
08:27:47,20,Madison,,Mon,Tue,Wed,Thu,Fri
10:04:00,20,Madison,,Sun
16:59:57,60,Blue Island/26th,,Mon,Tue,Wed,Thu,Fri
03:13:28,60,Blue Island/26th,,Sat
24:03:01,60,Blue Island/26th,,Sun
20:20:31,60,Blue Island/26th,,Sun
22:43:52,J14,Jeffery Jump,,Mon,Tue,Wed,Thu,Fri
11:56:29,J14,Jeffery Jump,,Sun
14:07:14,60,Blue Island/26th,,Mon,Tue,Wed,Thu,Fri
17:27:40,20,Madison,,Sat
07:45:17,157,Streeterville/Taylor,,Mon,Tue,Wed,Thu,Fri
19:20:31,60,Blue Island/26th,,Sun
07:33:55,56,Milwaukee,,Sun
13:31:40,20,Madison,,Sat
13:41:56,124,Navy Pier,,Sun
11:24:44,60,Blue Island/26th,,Mon,Tue,Wed,Thu,Fri
13:11:10,20,Madison,,Sun
21:00:31,60,Blue Island/26th,,Sun
14:25:20,20,Madison,,Mon,Tue,Wed,Thu,Fri
07:49:47,60,Blue Island/26th,,Mon,Tue,Wed,Thu,Fri
16:29:28,56,Milwaukee,,Mon,Tue,Wed,Thu,Fri
05:32:06,60,Blue Island/26th,,Mon,Tue,Wed,Thu,Fri
18:44:26,20,Madison,,Mon,Tue,Wed,Thu,Fri
05:40:37,20,Madison,,Mon,Tue,Wed,Thu,Fri
18:58:39,56,Milwaukee,,Sun
11:12:40,20,Madison,,Mon,Tue,Wed,Thu,Fri
15:20:47,60,Blue Island/26th,,Mon,Tue,Wed,Thu,Fri
20:27:26,124,Navy Pier,,Sat
14:52:40,20,Madison,,Sat
19:26:34,60,Blue Island/26th,,Sat
10:47:53,56,Milwaukee,,Mon,Tue,Wed,Thu,Fri
13:57:36,60,Blue Island/26th,,Sat
11:39:09,56,Milwaukee,,Sat
09:33:17,20,Madison,,Mon,Tue,Wed,Thu,Fri
14:54:36,20,Madison,,Mon,Tue,Wed,Thu,Fri
17:57:04,60,Blue Island/26th,,Sat
19:18:29,J14,Jeffery Jump,,Mon,Tue,Wed,Thu,Fri
11:19:13,J14,Jeffery Jump,,Sat
15:49:02,124,Navy Pier,,Mon,Tue,Wed,Thu,Fri
14:44:34,60,Blue Island/26th,,Sun
13:47:36,60,Blue Island/26th,,Sat
08:52:50,157,Streeterville/Taylor,,Mon,Tue,Wed,Thu,Fri
09:46:36,J14,Jeffery Jump,,Sun
10:32:40,20,Madison,,Mon,Tue,Wed,Thu,Fri
12:28:36,60,Blue Island/26th,,Sat
15:00:06,J14,Jeffery Jump,,Sun
22:12:50,20,Madison,,Sun
13:04:34,60,Blue Island/26th,,Sun
08:29:25,20,Madison,,Sun
13:31:10,20,Madison,,Sun
06:40:37,20,Madison,,Mon,Tue,Wed,Thu,Fri
13:40:40,20,Madison,,Sat
10:00:43,J14,Jeffery Jump,,Mon,Tue,Wed,Thu,Fri
19:10:56,124,Navy Pier,,Sun
13:47:36,60,Blue Island/26th,,Sat
18:54:26,20,Madison,,Mon,Tue,Wed,Thu,Fri
13:50:42,60,Blue Island/26th,,Mon,Tue,Wed,Thu,Fri
20:19:02,56,Milwaukee,,Sun
16:18:56,J14,Jeffery Jump,,Mon,Tue,Wed,Thu,Fri
03:42:49,20,Madison,,Mon,Tue,Wed,Thu,Fri
10:32:40,20,Madison,,Mon,Tue,Wed,Thu,Fri
14:51:30,56,Milwaukee,,Mon,Tue,Wed,Thu,Fri
08:20:50,20,Madison,,Sun
11:12:02,56,Milwaukee,,Sun
18:28:36,J14,Jeffery Jump,,Sat
10:17:46,56,Milwaukee,,Mon,Tue,Wed,Thu,Fri
15:05:00,56,Milwaukee,,Mon,Tue,Wed,Thu,Fri
04:12:49,20,Madison,,Sun
00:42:49,20,Madison,,Sun
21:33:20,20,Madison,,Sat
09:24:44,60,Blue Island/26th,,Mon,Tue,Wed,Thu,Fri
10:46:14,60,Blue Island/26th,,Mon,Tue,Wed,Thu,Fri
17:38:22,J14,Jeffery Jump,,Sun
15:16:46,56,Milwaukee,,Sat
10:22:40,20,Madison,,Mon,Tue,Wed,Thu,Fri
12:41:12,60,Blue Island/26th,,Mon,Tue,Wed,Thu,Fri
11:00:06,J14,Jeffery Jump,,Sat
16:10:29,124,Navy Pier,,Sun
14:32:55,20,Madison,,Mon,Tue,Wed,Thu,Fri
16:49:40,20,Madison,,Sat
19:14:40,20,Madison,,Sat
10:00:43,J14,Jeffery Jump,,Mon,Tue,Wed,Thu,Fri
16:14:16,20,Madison,,Mon,Tue,Wed,Thu,Fri
20:49:25,20,Madison,,Sun
06:37:12,60,Blue Island/26th,,Mon,Tue,Wed,Thu,Fri
08:25:36,J14,Jeffery Jump,,Sun
10:50:31,60,Blue Island/26th,,Sun
14:09:20,20,Madison,,Mon,Tue,Wed,Thu,Fri
14:51:10,20,Madison,,Sun
17:49:36,J14,Jeffery Jump,,Sat
13:14:20,20,Madison,,Mon,Tue,Wed,Thu,Fri
10:08:44,60,Blue Island/26th,,Mon,Tue,Wed,Thu,Fri
08:20:50,20,Madison,,Sun
15:30:16,20,Madison,,Mon,Tue,Wed,Thu,Fri
09:20:47,157,Streeterville/Taylor,,Mon,Tue,Wed,Thu,Fri
00:18:34,60,Blue Island/26th,,Sun
08:14:35,20,Madison,,Sat
20:20:31,60,Blue Island/26th,,Sun
11:50:36,60,Blue Island/26th,,Sat
17:51:05,20,Madison,,Sun
19:59:59,124,Navy Pier,,Mon,Tue,Wed,Thu,Fri
16:04:40,20,Madison,,Sat
16:59:46,20,Madison,,Mon,Tue,Wed,Thu,Fri
06:53:20,20,Madison,,Sat
23:38:31,60,Blue Island/26th,,Sun
00:27:49,20,Madison,,Sun
18:56:59,J14,Jeffery Jump,,Sat
14:37:30,56,Milwaukee,,Mon,Tue,Wed,Thu,Fri
19:13:56,124,Navy Pier,,Sat
06:39:01,60,Blue Island/26th,,Sat
19:06:34,60,Blue Island/26th,,Sat
21:18:49,124,Navy Pier,,Sun
09:42:13,J14,Jeffery Jump,,Mon,Tue,Wed,Thu,Fri
22:27:20,20,Madison,,Sun
21:45:49,124,Navy Pier,,Sun
20:54:25,20,Madison,,Sat
07:19:06,J14,Jeffery Jump,,Sat
22:40:50,20,Madison,,Mon,Tue,Wed,Thu,Fri
14:57:36,60,Blue Island/26th,,Sat
12:46:43,J14,Jeffery Jump,,Sat
22:17:34,60,Blue Island/26th,,Mon,Tue,Wed,Thu,Fri
11:25:31,60,Blue Island/26th,,Sun
17:39:16,20,Madison,,Mon,Tue,Wed,Thu,Fri
18:00:00,20,Madison,,Sun
06:32:16,56,Milwaukee,,Mon,Tue,Wed,Thu,Fri
22:16:20,20,Madison,,Sat
10:26:29,J14,Jeffery Jump,,Sun
10:06:36,J14,Jeffery Jump,,Sun
17:02:34,60,Blue Island/26th,,Sun
18:54:40,20,Madison,,Sat
18:17:40,20,Madison,,Sat
13:50:42,60,Blue Island/26th,,Mon,Tue,Wed,Thu,Fri
19:40:22,20,Madison,,Mon,Tue,Wed,Thu,Fri
13:39:43,J14,Jeffery Jump,,Mon,Tue,Wed,Thu,Fri
15:55:40,20,Madison,,Sat
20:10:10,20,Madison,,Mon,Tue,Wed,Thu,Fri
10:10:59,J14,Jeffery Jump,,Sat
21:05:59,J14,Jeffery Jump,,Sat
20:45:59,J14,Jeffery Jump,,Sat
16:57:04,60,Blue Island/26th,,Sat
07:35:30,56,Milwaukee,,Mon,Tue,Wed,Thu,Fri
08:07:31,60,Blue Island/26th,,Sat
23:15:04,60,Blue Island/26th,,Mon,Tue,Wed,Thu,Fri
15:52:34,60,Blue Island/26th,,Sun
20:03:45,J14,Jeffery Jump,,Sun
15:49:17,60,Blue Island/26th,,Mon,Tue,Wed,Thu,Fri
09:30:20,J14,Jeffery Jump,,Mon,Tue,Wed,Thu,Fri
18:13:22,60,Blue Island/26th,,Mon,Tue,Wed,Thu,Fri
18:47:36,J14,Jeffery Jump,,Sat
13:31:12,60,Blue Island/26th,,Mon,Tue,Wed,Thu,Fri
09:50:04,60,Blue Island/26th,,Sat
11:32:15,20,Madison,,Mon,Tue,Wed,Thu,Fri
17:24:46,20,Madison,,Mon,Tue,Wed,Thu,Fri
19:51:27,157,Streeterville/Taylor,,Mon,Tue,Wed,Thu,Fri
13:49:43,J14,Jeffery Jump,,Mon,Tue,Wed,Thu,Fri
05:13:31,60,Blue Island/26th,,Sun
14:24:34,60,Blue Island/26th,,Sun
22:30:20,20,Madison,,Sat
18:36:34,60,Blue Island/26th,,Sat
10:46:34,60,Blue Island/26th,,Sat
15:57:36,60,Blue Island/26th,,Sat
14:39:43,J14,Jeffery Jump,,Mon,Tue,Wed,Thu,Fri
19:56:34,60,Blue Island/26th,,Sat
13:11:12,60,Blue Island/26th,,Mon,Tue,Wed,Thu,Fri
06:47:29,J14,Jeffery Jump,,Sat
20:44:35,20,Madison,,Sat
17:56:46,56,Milwaukee,,Sat
10:32:46,56,Milwaukee,,Mon,Tue,Wed,Thu,Fri
07:42:01,60,Blue Island/26th,,Sun
08:04:20,60,Blue Island/26th,,Mon,Tue,Wed,Thu,Fri
13:45:36,J14,Jeffery Jump,,Sat
10:40:40,20,Madison,,Sat
12:38:50,20,Madison,,Mon,Tue,Wed,Thu,Fri
14:30:06,J14,Jeffery Jump,,Sun
20:51:42,60,Blue Island/26th,,Mon,Tue,Wed,Thu,Fri
12:10:40,20,Madison,,Sat
23:40:50,20,Madison,,Mon,Tue,Wed,Thu,Fri
18:55:56,124,Navy Pier,,Sat
08:25:30,56,Milwaukee,,Mon,Tue,Wed,Thu,Fri
09:02:47,20,Madison,,Mon,Tue,Wed,Thu,Fri
06:00:09,56,Milwaukee,,Mon,Tue,Wed,Thu,Fri
09:48:39,124,Navy Pier,,Mon,Tue,Wed,Thu,Fri
05:09:48,56,Milwaukee,,Sat
23:38:31,60,Blue Island/26th,,Sun
14:12:02,56,Milwaukee,,Sun
09:51:31,60,Blue Island/26th,,Sun
00:12:49,20,Madison,,Mon
12:32:59,124,Navy Pier,,Sat
12:56:29,J14,Jeffery Jump,,Sat
17:19:46,20,Madison,,Mon,Tue,Wed,Thu,Fri
08:47:06,J14,Jeffery Jump,,Sun
13:52:00,56,Milwaukee,,Mon,Tue,Wed,Thu,Fri
05:13:28,60,Blue Island/26th,,Sat
06:20:37,20,Madison,,Mon,Tue,Wed,Thu,Fri
14:00:06,J14,Jeffery Jump,,Sun
23:02:31,60,Blue Island/26th,,Sat
11:00:43,J14,Jeffery Jump,,Mon,Tue,Wed,Thu,Fri
05:13:34,60,Blue Island/26th,,Mon,Tue,Wed,Thu,Fri
20:00:00,20,Madison,,Sun
05:10:48,56,Milwaukee,,Sun
21:30:29,124,Navy Pier,,Mon,Tue,Wed,Thu,Fri
13:19:43,J14,Jeffery Jump,,Mon,Tue,Wed,Thu,Fri
12:41:02,124,Navy Pier,,Mon,Tue,Wed,Thu,Fri
12:18:50,20,Madison,,Mon,Tue,Wed,Thu,Fri
03:13:26,60,Blue Island/26th,,Mon,Tue,Wed,Thu,Fri
05:56:06,J14,Jeffery Jump,,Mon,Tue,Wed,Thu,Fri
07:10:23,56,Milwaukee,,Mon,Tue,Wed,Thu,Fri
21:32:56,124,Navy Pier,,Sat
06:30:59,J14,Jeffery Jump,,Sat
21:13:45,J14,Jeffery Jump,,Sun
18:22:09,56,Milwaukee,,Sun
12:31:42,60,Blue Island/26th,,Mon,Tue,Wed,Thu,Fri
14:52:40,20,Madison,,Sat
23:09:20,20,Madison,,Sun
10:52:40,20,Madison,,Mon,Tue,Wed,Thu,Fri
16:47:36,60,Blue Island/26th,,Sat
22:11:18,56,Milwaukee,,Sun
15:04:17,157,Streeterville/Taylor,,Mon,Tue,Wed,Thu,Fri
20:22:14,60,Blue Island/26th,,Mon,Tue,Wed,Thu,Fri
14:40:06,J14,Jeffery Jump,,Sun
01:12:49,20,Madison,,Mon
22:17:23,124,Navy Pier,,Mon,Tue,Wed,Thu,Fri
21:58:01,60,Blue Island/26th,,Sun
18:31:01,60,Blue Island/26th,,Sun
10:03:10,20,Madison,,Mon,Tue,Wed,Thu,Fri
22:43:46,56,Milwaukee,,Mon,Tue,Wed,Thu,Fri
22:46:09,56,Milwaukee,,Sat
08:19:55,56,Milwaukee,,Sat
15:50:16,20,Madison,,Mon,Tue,Wed,Thu,Fri
15:16:46,56,Milwaukee,,Sat
10:18:34,60,Blue Island/26th,,Sat
20:59:20,20,Madison,,Sun
22:55:04,60,Blue Island/26th,,Mon,Tue,Wed,Thu,Fri
15:37:40,20,Madison,,Sat
15:57:36,60,Blue Island/26th,,Sat
09:12:47,20,Madison,,Mon,Tue,Wed,Thu,Fri
20:39:30,20,Madison,,Sun
11:04:44,60,Blue Island/26th,,Mon,Tue,Wed,Thu,Fri
08:53:47,60,Blue Island/26th,,Mon,Tue,Wed,Thu,Fri
15:01:47,60,Blue Island/26th,,Mon,Tue,Wed,Thu,Fri
19:30:31,60,Blue Island/26th,,Sun
08:15:56,J14,Jeffery Jump,,Mon,Tue,Wed,Thu,Fri
19:18:29,J14,Jeffery Jump,,Mon,Tue,Wed,Thu,Fri
17:53:58,56,Milwaukee,,Mon,Tue,Wed,Thu,Fri
15:25:32,124,Navy Pier,,Mon,Tue,Wed,Thu,Fri
16:37:36,60,Blue Island/26th,,Sat
17:45:10,J14,Jeffery Jump,,Mon,Tue,Wed,Thu,Fri
17:01:29,124,Navy Pier,,Sun
10:12:40,20,Madison,,Mon,Tue,Wed,Thu,Fri
06:19:20,20,Madison,,Sat
12:14:00,20,Madison,,Sun
14:47:36,60,Blue Island/26th,,Sat
13:44:34,60,Blue Island/26th,,Sun
13:39:43,J14,Jeffery Jump,,Mon,Tue,Wed,Thu,Fri
21:18:49,124,Navy Pier,,Sun
19:14:40,20,Madison,,Sat
20:46:31,60,Blue Island/26th,,Sat
13:01:12,60,Blue Island/26th,,Mon,Tue,Wed,Thu,Fri
06:18:20,20,Madison,,Sun
19:28:29,J14,Jeffery Jump,,Mon,Tue,Wed,Thu,Fri
01:12:49,20,Madison,,Mon
11:19:56,124,Navy Pier,,Sat
09:24:00,20,Madison,,Sun
09:40:44,60,Blue Island/26th,,Mon,Tue,Wed,Thu,Fri
08:31:29,J14,Jeffery Jump,,Sat
21:55:56,124,Navy Pier,,Sat
13:57:36,60,Blue Island/26th,,Sat
04:12:49,20,Madison,,Sat
08:10:50,60,Blue Island/26th,,Mon,Tue,Wed,Thu,Fri
10:56:04,60,Blue Island/26th,,Sat
18:16:44,56,Milwaukee,,Mon,Tue,Wed,Thu,Fri
13:14:09,56,Milwaukee,,Sat
08:45:01,60,Blue Island/26th,,Sat
07:57:32,56,Milwaukee,,Sat
19:50:00,20,Madison,,Sun
14:36:29,124,Navy Pier,,Sat
12:13:32,124,Navy Pier,,Mon,Tue,Wed,Thu,Fri
00:27:49,20,Madison,,Mon
17:07:40,20,Madison,,Sat
11:06:29,J14,Jeffery Jump,,Sun
05:37:58,60,Blue Island/26th,,Sat
14:17:20,20,Madison,,Mon,Tue,Wed,Thu,Fri
07:23:00,56,Milwaukee,,Mon,Tue,Wed,Thu,Fri
09:22:47,20,Madison,,Mon,Tue,Wed,Thu,Fri
09:54:00,20,Madison,,Sun
10:24:32,124,Navy Pier,,Mon,Tue,Wed,Thu,Fri
09:26:36,J14,Jeffery Jump,,Sun
21:45:49,124,Navy Pier,,Sun
10:10:43,J14,Jeffery Jump,,Mon,Tue,Wed,Thu,Fri
06:37:12,60,Blue Island/26th,,Mon,Tue,Wed,Thu,Fri
24:03:01,60,Blue Island/26th,,Sun
13:06:29,J14,Jeffery Jump,,Sat
13:07:59,124,Navy Pier,,Sat
15:37:36,60,Blue Island/26th,,Sat
16:04:40,20,Madison,,Sat
21:23:45,J14,Jeffery Jump,,Sun
09:15:23,56,Milwaukee,,Mon,Tue,Wed,Thu,Fri
06:48:48,56,Milwaukee,,Sun
17:20:36,J14,Jeffery Jump,,Sat
20:30:10,20,Madison,,Mon,Tue,Wed,Thu,Fri
12:26:43,J14,Jeffery Jump,,Sat
09:18:25,56,Milwaukee,,Sun
18:01:34,60,Blue Island/26th,,Sun
20:24:40,20,Madison,,Sat
18:31:01,60,Blue Island/26th,,Sun
21:32:09,60,Blue Island/26th,,Mon,Tue,Wed,Thu,Fri
15:32:46,56,Milwaukee,,Sat
09:02:29,J14,Jeffery Jump,,Sat
23:39:04,60,Blue Island/26th,,Sat
19:18:57,157,Streeterville/Taylor,,Mon,Tue,Wed,Thu,Fri
20:26:31,60,Blue Island/26th,,Sat
15:17:36,60,Blue Island/26th,,Sat
19:05:36,157,Streeterville/Taylor,,Mon,Tue,Wed,Thu,Fri
11:54:00,20,Madison,,Sun
11:39:26,124,Navy Pier,,Sat
19:09:02,124,Navy Pier,,Mon,Tue,Wed,Thu,Fri
19:32:27,157,Streeterville/Taylor,,Mon,Tue,Wed,Thu,Fri
17:45:10,J14,Jeffery Jump,,Mon,Tue,Wed,Thu,Fri
09:08:12,124,Navy Pier,,Mon,Tue,Wed,Thu,Fri
06:00:37,20,Madison,,Mon,Tue,Wed,Thu,Fri
09:40:29,124,Navy Pier,,Sat
08:53:01,60,Blue Island/26th,,Sun
21:46:09,56,Milwaukee,,Sat
08:24:20,60,Blue Island/26th,,Mon,Tue,Wed,Thu,Fri
20:36:31,60,Blue Island/26th,,Sat
04:12:49,20,Madison,,Sun
13:57:39,56,Milwaukee,,Sat
15:38:56,J14,Jeffery Jump,,Mon,Tue,Wed,Thu,Fri
06:58:31,60,Blue Island/26th,,Sat
02:43:31,60,Blue Island/26th,,Mon
12:30:47,157,Streeterville/Taylor,,Mon,Tue,Wed,Thu,Fri
18:55:56,124,Navy Pier,,Sat
18:58:23,56,Milwaukee,,Mon,Tue,Wed,Thu,Fri
08:59:25,56,Milwaukee,,Sun
18:17:04,60,Blue Island/26th,,Sat
11:49:50,J14,Jeffery Jump,,Mon,Tue,Wed,Thu,Fri
07:46:06,J14,Jeffery Jump,,Sat
16:43:36,J14,Jeffery Jump,,Sat
07:34:20,J14,Jeffery Jump,,Mon,Tue,Wed,Thu,Fri
19:50:00,20,Madison,,Sun
19:06:34,60,Blue Island/26th,,Sat
10:26:29,J14,Jeffery Jump,,Sun
19:38:29,J14,Jeffery Jump,,Mon,Tue,Wed,Thu,Fri
16:17:36,60,Blue Island/26th,,Sat
11:16:56,124,Navy Pier,,Sun
15:39:47,60,Blue Island/26th,,Mon,Tue,Wed,Thu,Fri
15:01:40,20,Madison,,Sat
14:42:47,60,Blue Island/26th,,Mon,Tue,Wed,Thu,Fri
08:43:40,20,Madison,,Sat
21:35:59,J14,Jeffery Jump,,Sat
14:07:36,60,Blue Island/26th,,Sat
13:02:09,56,Milwaukee,,Sun
18:45:22,J14,Jeffery Jump,,Sun
08:38:20,60,Blue Island/26th,,Mon,Tue,Wed,Thu,Fri
11:55:00,56,Milwaukee,,Mon,Tue,Wed,Thu,Fri
12:48:36,60,Blue Island/26th,,Sat
19:08:59,J14,Jeffery Jump,,Mon,Tue,Wed,Thu,Fri
20:06:09,56,Milwaukee,,Sat
16:20:46,56,Milwaukee,,Sat
14:28:46,56,Milwaukee,,Sat
10:16:29,J14,Jeffery Jump,,Sun
12:07:39,56,Milwaukee,,Sun
11:29:50,J14,Jeffery Jump,,Mon,Tue,Wed,Thu,Fri
13:19:39,56,Milwaukee,,Sun
19:40:00,20,Madison,,Sun
13:08:32,124,Navy Pier,,Mon,Tue,Wed,Thu,Fri
06:35:43,J14,Jeffery Jump,,Mon,Tue,Wed,Thu,Fri
16:33:36,J14,Jeffery Jump,,Sat
05:43:31,60,Blue Island/26th,,Sun
20:34:40,20,Madison,,Sat
19:20:56,20,Madison,,Mon,Tue,Wed,Thu,Fri
00:43:28,60,Blue Island/26th,,Tue,Wed,Thu,Fri,Sat
19:30:00,20,Madison,,Sun
10:18:14,60,Blue Island/26th,,Mon,Tue,Wed,Thu,Fri
20:04:53,56,Milwaukee,,Mon,Tue,Wed,Thu,Fri
23:25:50,20,Madison,,Mon,Tue,Wed,Thu,Fri
12:44:34,60,Blue Island/26th,,Sun
07:14:44,60,Blue Island/26th,,Mon,Tue,Wed,Thu,Fri
12:08:04,60,Blue Island/26th,,Sun
19:42:17,60,Blue Island/26th,,Mon,Tue,Wed,Thu,Fri
04:13:28,60,Blue Island/26th,,Sat
15:28:56,J14,Jeffery Jump,,Mon,Tue,Wed,Thu,Fri
04:13:31,60,Blue Island/26th,,Sun
08:42:32,56,Milwaukee,,Sat
20:42:29,124,Navy Pier,,Mon,Tue,Wed,Thu,Fri
12:12:42,60,Blue Island/26th,,Mon,Tue,Wed,Thu,Fri
11:46:43,J14,Jeffery Jump,,Sat
16:13:40,20,Madison,,Sat
13:49:43,J14,Jeffery Jump,,Mon,Tue,Wed,Thu,Fri
05:20:37,20,Madison,,Mon,Tue,Wed,Thu,Fri
18:41:43,J14,Jeffery Jump,,Mon,Tue,Wed,Thu,Fri
14:37:36,60,Blue Island/26th,,Sat
08:57:47,20,Madison,,Mon,Tue,Wed,Thu,Fri
22:43:31,60,Blue Island/26th,,Sat
08:46:17,60,Blue Island/26th,,Mon,Tue,Wed,Thu,Fri
17:07:04,60,Blue Island/26th,,Sat
12:20:06,60,Blue Island/26th,,Sat
14:37:36,60,Blue Island/26th,,Sat
12:38:50,20,Madison,,Mon,Tue,Wed,Thu,Fri
16:52:46,56,Milwaukee,,Sat
13:45:20,20,Madison,,Mon,Tue,Wed,Thu,Fri
06:10:37,20,Madison,,Mon,Tue,Wed,Thu,Fri
13:09:43,J14,Jeffery Jump,,Mon,Tue,Wed,Thu,Fri
07:04:06,J14,Jeffery Jump,,Sat
18:23:22,60,Blue Island/26th,,Mon,Tue,Wed,Thu,Fri
12:00:36,60,Blue Island/26th,,Sat
21:49:22,J14,Jeffery Jump,,Mon,Tue,Wed,Thu,Fri
17:27:58,56,Milwaukee,,Mon,Tue,Wed,Thu,Fri
08:05:56,J14,Jeffery Jump,,Mon,Tue,Wed,Thu,Fri
09:28:42,124,Navy Pier,,Mon,Tue,Wed,Thu,Fri
11:57:59,124,Navy Pier,,Sat
10:45:39,56,Milwaukee,,Sat
12:02:44,60,Blue Island/26th,,Mon,Tue,Wed,Thu,Fri
22:00:46,56,Milwaukee,,Mon,Tue,Wed,Thu,Fri
21:03:45,J14,Jeffery Jump,,Sun
21:07:27,157,Streeterville/Taylor,,Mon,Tue,Wed,Thu,Fri
10:26:14,60,Blue Island/26th,,Mon,Tue,Wed,Thu,Fri
20:50:00,20,Madison,,Mon,Tue,Wed,Thu,Fri
01:43:34,60,Blue Island/26th,,Mon
17:38:22,J14,Jeffery Jump,,Sun
17:01:10,20,Madison,,Sun
13:04:40,20,Madison,,Sat
12:11:09,56,Milwaukee,,Sat
09:02:26,J14,Jeffery Jump,,Mon,Tue,Wed,Thu,Fri
11:50:36,60,Blue Island/26th,,Sat
17:47:04,60,Blue Island/26th,,Sat
19:17:32,56,Milwaukee,,Sun
19:09:09,56,Milwaukee,,Sat
14:47:39,157,Streeterville/Taylor,,Mon,Tue,Wed,Thu,Fri
10:10:59,J14,Jeffery Jump,,Sat
05:47:36,J14,Jeffery Jump,,Mon,Tue,Wed,Thu,Fri
21:17:20,20,Madison,,Mon,Tue,Wed,Thu,Fri
17:09:59,J14,Jeffery Jump,,Sun
21:43:45,J14,Jeffery Jump,,Sun
16:22:40,20,Madison,,Sat
09:56:32,56,Milwaukee,,Sun
10:20:40,20,Madison,,Sat
10:57:56,124,Navy Pier,,Sat
20:13:45,J14,Jeffery Jump,,Sun
07:36:17,20,Madison,,Mon,Tue,Wed,Thu,Fri
08:14:00,56,Milwaukee,,Mon,Tue,Wed,Thu,Fri
22:36:01,60,Blue Island/26th,,Sun
16:32:34,60,Blue Island/26th,,Sun
22:17:01,60,Blue Island/26th,,Sun
05:15:02,56,Milwaukee,,Mon,Tue,Wed,Thu,Fri
16:23:09,56,Milwaukee,,Sun
17:11:10,20,Madison,,Sun
09:39:47,20,Madison,,Mon,Tue,Wed,Thu,Fri
08:05:56,J14,Jeffery Jump,,Mon,Tue,Wed,Thu,Fri
06:01:20,20,Madison,,Sat
14:09:20,20,Madison,,Mon,Tue,Wed,Thu,Fri
10:42:40,20,Madison,,Mon,Tue,Wed,Thu,Fri
11:02:40,20,Madison,,Mon,Tue,Wed,Thu,Fri
18:03:04,157,Streeterville/Taylor,,Mon,Tue,Wed,Thu,Fri
07:45:17,157,Streeterville/Taylor,,Mon,Tue,Wed,Thu,Fri
09:18:50,J14,Jeffery Jump,,Mon,Tue,Wed,Thu,Fri
15:01:47,60,Blue Island/26th,,Mon,Tue,Wed,Thu,Fri
06:57:46,56,Milwaukee,,Mon,Tue,Wed,Thu,Fri
12:39:50,J14,Jeffery Jump,,Mon,Tue,Wed,Thu,Fri
16:03:36,J14,Jeffery Jump,,Sat
17:29:46,20,Madison,,Mon,Tue,Wed,Thu,Fri
13:08:36,60,Blue Island/26th,,Sat
13:04:40,20,Madison,,Sat
16:18:56,J14,Jeffery Jump,,Mon,Tue,Wed,Thu,Fri
10:01:29,J14,Jeffery Jump,,Sat
20:05:59,J14,Jeffery Jump,,Sat
09:32:46,56,Milwaukee,,Mon,Tue,Wed,Thu,Fri
09:30:20,J14,Jeffery Jump,,Mon,Tue,Wed,Thu,Fri
15:41:10,20,Madison,,Sun
10:02:56,124,Navy Pier,,Sun
15:37:36,60,Blue Island/26th,,Sat
16:23:36,J14,Jeffery Jump,,Sat
09:22:47,20,Madison,,Mon,Tue,Wed,Thu,Fri
18:36:34,60,Blue Island/26th,,Sat
07:26:17,20,Madison,,Mon,Tue,Wed,Thu,Fri
13:41:10,20,Madison,,Sun
09:51:59,J14,Jeffery Jump,,Sat
10:26:09,56,Milwaukee,,Sat
00:41:19,20,Madison,,Tue,Wed,Thu,Fri,Sat
09:39:47,20,Madison,,Mon,Tue,Wed,Thu,Fri
19:52:17,60,Blue Island/26th,,Mon,Tue,Wed,Thu,Fri
17:51:19,124,Navy Pier,,Mon,Tue,Wed,Thu,Fri
16:31:40,20,Madison,,Sat
08:14:35,20,Madison,,Sat
18:13:22,60,Blue Island/26th,,Mon,Tue,Wed,Thu,Fri
09:36:50,J14,Jeffery Jump,,Mon,Tue,Wed,Thu,Fri
16:16:04,157,Streeterville/Taylor,,Mon,Tue,Wed,Thu,Fri
07:03:50,J14,Jeffery Jump,,Mon,Tue,Wed,Thu,Fri
13:09:43,J14,Jeffery Jump,,Mon,Tue,Wed,Thu,Fri
12:00:40,20,Madison,,Sat
14:51:10,20,Madison,,Sun
12:08:50,20,Madison,,Mon,Tue,Wed,Thu,Fri
07:52:17,20,Madison,,Mon,Tue,Wed,Thu,Fri
17:17:04,60,Blue Island/26th,,Sat
16:00:06,J14,Jeffery Jump,,Sun
13:43:59,124,Navy Pier,,Sat
16:51:57,60,Blue Island/26th,,Mon,Tue,Wed,Thu,Fri
18:30:00,20,Madison,,Sun
09:05:09,56,Milwaukee,,Sat
18:11:16,124,Navy Pier,,Mon,Tue,Wed,Thu,Fri
16:47:40,J14,Jeffery Jump,,Mon,Tue,Wed,Thu,Fri
16:31:10,20,Madison,,Sun
15:27:29,124,Navy Pier,,Sat
07:10:20,J14,Jeffery Jump,,Mon,Tue,Wed,Thu,Fri
19:50:56,124,Navy Pier,,Sat
13:49:40,20,Madison,,Sat
09:40:44,60,Blue Island/26th,,Mon,Tue,Wed,Thu,Fri
03:12:49,20,Madison,,Sat
13:08:36,60,Blue Island/26th,,Sat
08:38:20,157,Streeterville/Taylor,,Mon,Tue,Wed,Thu,Fri
22:44:20,20,Madison,,Sat
16:37:29,124,Navy Pier,,Sun
21:48:20,20,Madison,,Sat
08:00:17,20,Madison,,Mon,Tue,Wed,Thu,Fri
19:47:53,56,Milwaukee,,Mon,Tue,Wed,Thu,Fri
07:26:17,20,Madison,,Mon,Tue,Wed,Thu,Fri
14:29:43,J14,Jeffery Jump,,Mon,Tue,Wed,Thu,Fri
14:35:36,J14,Jeffery Jump,,Sat
18:50:09,56,Milwaukee,,Sat
08:19:55,56,Milwaukee,,Sat
18:56:34,60,Blue Island/26th,,Sat
09:27:47,20,Madison,,Mon,Tue,Wed,Thu,Fri
05:51:06,60,Blue Island/26th,,Mon,Tue,Wed,Thu,Fri
16:57:58,56,Milwaukee,,Mon,Tue,Wed,Thu,Fri
09:54:45,20,Madison,,Mon,Tue,Wed,Thu,Fri
18:26:34,60,Blue Island/26th,,Sat
10:14:00,20,Madison,,Sun
13:22:40,20,Madison,,Sat
18:59:36,J14,Jeffery Jump,,Mon,Tue,Wed,Thu,Fri
16:25:55,60,Blue Island/26th,,Mon,Tue,Wed,Thu,Fri
18:46:34,60,Blue Island/26th,,Sat
08:20:59,J14,Jeffery Jump,,Sat
15:01:40,20,Madison,,Sat
18:09:36,J14,Jeffery Jump,,Sat
21:18:20,20,Madison,,Sat
06:30:37,20,Madison,,Mon,Tue,Wed,Thu,Fri
02:42:49,20,Madison,,Sun
04:42:49,20,Madison,,Sat
08:24:31,60,Blue Island/26th,,Sun
10:08:34,60,Blue Island/26th,,Sat
09:03:40,20,Madison,,Sat
14:16:40,20,Madison,,Sat
09:59:44,60,Blue Island/26th,,Mon,Tue,Wed,Thu,Fri
09:46:45,20,Madison,,Mon,Tue,Wed,Thu,Fri
17:28:22,J14,Jeffery Jump,,Sun
14:29:56,124,Navy Pier,,Sun
06:18:20,20,Madison,,Sun
19:03:26,20,Madison,,Mon,Tue,Wed,Thu,Fri
15:51:09,56,Milwaukee,,Sun
12:57:20,20,Madison,,Mon,Tue,Wed,Thu,Fri
00:42:49,20,Madison,,Sun
05:11:49,20,Madison,,Sat
17:11:39,56,Milwaukee,,Sun
00:43:34,60,Blue Island/26th,,Sun
10:54:00,20,Madison,,Sun
05:42:06,60,Blue Island/26th,,Mon,Tue,Wed,Thu,Fri
08:59:25,56,Milwaukee,,Sun
17:43:55,60,Blue Island/26th,,Mon,Tue,Wed,Thu,Fri
04:13:26,60,Blue Island/26th,,Mon,Tue,Wed,Thu,Fri
19:20:00,20,Madison,,Sun
12:43:09,56,Milwaukee,,Sat
17:41:15,157,Streeterville/Taylor,,Mon,Tue,Wed,Thu,Fri
21:17:09,60,Blue Island/26th,,Mon,Tue,Wed,Thu,Fri
19:32:47,60,Blue Island/26th,,Mon,Tue,Wed,Thu,Fri
13:45:36,J14,Jeffery Jump,,Sat
05:42:06,60,Blue Island/26th,,Mon,Tue,Wed,Thu,Fri
12:18:50,20,Madison,,Mon,Tue,Wed,Thu,Fri
11:41:26,124,Navy Pier,,Sun
15:01:10,20,Madison,,Sun
10:47:53,56,Milwaukee,,Mon,Tue,Wed,Thu,Fri
11:45:32,124,Navy Pier,,Mon,Tue,Wed,Thu,Fri
16:24:16,20,Madison,,Mon,Tue,Wed,Thu,Fri
17:07:40,J14,Jeffery Jump,,Mon,Tue,Wed,Thu,Fri
16:38:12,124,Navy Pier,,Mon,Tue,Wed,Thu,Fri
15:31:10,20,Madison,,Sun
22:40:50,20,Madison,,Mon,Tue,Wed,Thu,Fri
18:09:36,J14,Jeffery Jump,,Sat
09:02:31,60,Blue Island/26th,,Sun
19:10:00,20,Madison,,Sun
18:19:56,124,Navy Pier,,Sat
12:10:40,20,Madison,,Sat
07:57:50,60,Blue Island/26th,,Mon,Tue,Wed,Thu,Fri
06:13:59,J14,Jeffery Jump,,Sat
20:29:27,157,Streeterville/Taylor,,Mon,Tue,Wed,Thu,Fri
08:54:01,60,Blue Island/26th,,Sat
19:05:36,157,Streeterville/Taylor,,Mon,Tue,Wed,Thu,Fri
09:42:10,20,Madison,,Sat
08:06:34,157,Streeterville/Taylor,,Mon,Tue,Wed,Thu,Fri
10:27:34,60,Blue Island/26th,,Sat
09:16:36,J14,Jeffery Jump,,Sun
19:30:26,20,Madison,,Mon,Tue,Wed,Thu,Fri
18:10:00,20,Madison,,Sun
18:38:06,J14,Jeffery Jump,,Sat
19:44:40,20,Madison,,Sat
17:17:40,20,Madison,,Sat
21:26:59,J14,Jeffery Jump,,Mon,Tue,Wed,Thu,Fri
15:03:09,56,Milwaukee,,Sun
12:29:50,J14,Jeffery Jump,,Mon,Tue,Wed,Thu,Fri
12:58:36,60,Blue Island/26th,,Sat
18:20:00,20,Madison,,Sun
13:20:00,56,Milwaukee,,Mon,Tue,Wed,Thu,Fri
14:21:10,20,Madison,,Sun
10:37:34,60,Blue Island/26th,,Sat
18:50:31,60,Blue Island/26th,,Sun
13:38:20,20,Madison,,Mon,Tue,Wed,Thu,Fri
07:10:25,20,Madison,,Sat
14:51:30,56,Milwaukee,,Mon,Tue,Wed,Thu,Fri
10:00:04,60,Blue Island/26th,,Sat
16:14:16,20,Madison,,Mon,Tue,Wed,Thu,Fri
19:14:23,56,Milwaukee,,Mon,Tue,Wed,Thu,Fri
17:40:46,56,Milwaukee,,Sat
02:43:31,60,Blue Island/26th,,Mon
03:43:28,60,Blue Island/26th,,Sun
16:08:16,20,Madison,,Mon,Tue,Wed,Thu,Fri
07:17:20,J14,Jeffery Jump,,Mon,Tue,Wed,Thu,Fri
12:15:29,124,Navy Pier,,Sat
09:13:59,124,Navy Pier,,Sat
17:50:06,20,Madison,,Mon,Tue,Wed,Thu,Fri
21:40:50,20,Madison,,Sat
12:29:56,124,Navy Pier,,Sun
11:28:13,J14,Jeffery Jump,,Sat
16:54:02,124,Navy Pier,,Sat
10:02:46,56,Milwaukee,,Mon,Tue,Wed,Thu,Fri
18:26:09,124,Navy Pier,,Mon,Tue,Wed,Thu,Fri
14:30:39,157,Streeterville/Taylor,,Mon,Tue,Wed,Thu,Fri
06:30:59,J14,Jeffery Jump,,Sat
15:19:09,56,Milwaukee,,Sun
20:56:31,60,Blue Island/26th,,Sat
14:30:39,157,Streeterville/Taylor,,Mon,Tue,Wed,Thu,Fri
15:19:43,J14,Jeffery Jump,,Mon,Tue,Wed,Thu,Fri
19:23:45,J14,Jeffery Jump,,Sun
09:12:29,J14,Jeffery Jump,,Sat
00:56:19,20,Madison,,Tue,Wed,Thu,Fri,Sat
04:25:59,J14,Jeffery Jump,,Mon,Tue,Wed,Thu,Fri
08:29:25,20,Madison,,Sun
08:35:01,60,Blue Island/26th,,Sat
19:02:50,60,Blue Island/26th,,Mon,Tue,Wed,Thu,Fri
20:22:14,60,Blue Island/26th,,Mon,Tue,Wed,Thu,Fri
12:13:32,124,Navy Pier,,Mon,Tue,Wed,Thu,Fri
23:55:01,60,Blue Island/26th,,Mon,Tue,Wed,Thu,Fri
01:42:49,20,Madison,,Mon
22:46:09,56,Milwaukee,,Sat
11:55:00,56,Milwaukee,,Mon,Tue,Wed,Thu,Fri
08:25:31,60,Blue Island/26th,,Sat
19:45:59,J14,Jeffery Jump,,Sat
13:28:39,56,Milwaukee,,Sat
11:46:29,J14,Jeffery Jump,,Sun
01:43:31,60,Blue Island/26th,,Sun
20:00:15,20,Madison,,Mon,Tue,Wed,Thu,Fri
15:47:36,60,Blue Island/26th,,Sat
03:42:49,20,Madison,,Mon,Tue,Wed,Thu,Fri
19:36:34,60,Blue Island/26th,,Sat
17:19:58,56,Milwaukee,,Mon,Tue,Wed,Thu,Fri
06:19:39,60,Blue Island/26th,,Mon,Tue,Wed,Thu,Fri
16:01:59,124,Navy Pier,,Sat
11:50:40,20,Madison,,Sat
16:58:40,20,Madison,,Sat
22:36:01,60,Blue Island/26th,,Sun
21:27:27,157,Streeterville/Taylor,,Mon,Tue,Wed,Thu,Fri
13:59:43,J14,Jeffery Jump,,Mon,Tue,Wed,Thu,Fri
15:11:17,60,Blue Island/26th,,Mon,Tue,Wed,Thu,Fri
09:01:53,56,Milwaukee,,Mon,Tue,Wed,Thu,Fri
07:22:50,J14,Jeffery Jump,,Mon,Tue,Wed,Thu,Fri
18:26:00,157,Streeterville/Taylor,,Mon,Tue,Wed,Thu,Fri
09:46:45,20,Madison,,Mon,Tue,Wed,Thu,Fri
10:34:44,157,Streeterville/Taylor,,Mon,Tue,Wed,Thu,Fri
19:03:26,20,Madison,,Mon,Tue,Wed,Thu,Fri
07:33:06,J14,Jeffery Jump,,Sat
17:18:22,J14,Jeffery Jump,,Sun
07:58:06,J14,Jeffery Jump,,Sat
07:14:44,60,Blue Island/26th,,Mon,Tue,Wed,Thu,Fri
21:48:20,20,Madison,,Sat
09:08:44,60,Blue Island/26th,,Mon,Tue,Wed,Thu,Fri
21:13:01,60,Blue Island/26th,,Sun
20:28:29,J14,Jeffery Jump,,Mon,Tue,Wed,Thu,Fri
05:32:06,60,Blue Island/26th,,Mon,Tue,Wed,Thu,Fri
23:17:31,60,Blue Island/26th,,Sun
18:47:36,J14,Jeffery Jump,,Sat
17:47:40,20,Madison,,Sat
22:17:01,60,Blue Island/26th,,Sun
15:33:34,60,Blue Island/26th,,Sun
11:53:14,60,Blue Island/26th,,Mon,Tue,Wed,Thu,Fri
08:25:36,J14,Jeffery Jump,,Sun
11:50:20,20,Madison,,Mon,Tue,Wed,Thu,Fri
11:50:40,20,Madison,,Sat
06:20:43,J14,Jeffery Jump,,Mon,Tue,Wed,Thu,Fri
07:11:25,56,Milwaukee,,Sat
07:33:55,56,Milwaukee,,Sun
08:16:50,157,Streeterville/Taylor,,Mon,Tue,Wed,Thu,Fri
18:10:00,20,Madison,,Sun
19:50:31,60,Blue Island/26th,,Sun
12:43:29,J14,Jeffery Jump,,Sun
09:36:36,J14,Jeffery Jump,,Sun
10:50:40,20,Madison,,Sat
12:16:43,J14,Jeffery Jump,,Sat
15:16:16,20,Madison,,Mon,Tue,Wed,Thu,Fri
22:43:31,60,Blue Island/26th,,Sat
19:54:40,20,Madison,,Sat
17:14:15,157,Streeterville/Taylor,,Mon,Tue,Wed,Thu,Fri
17:46:02,124,Navy Pier,,Sat
16:39:28,56,Milwaukee,,Mon,Tue,Wed,Thu,Fri
18:53:20,60,Blue Island/26th,,Mon,Tue,Wed,Thu,Fri
10:50:43,J14,Jeffery Jump,,Mon,Tue,Wed,Thu,Fri
11:34:00,20,Madison,,Sun
20:03:45,J14,Jeffery Jump,,Sun
18:03:55,60,Blue Island/26th,,Mon,Tue,Wed,Thu,Fri
07:32:17,60,Blue Island/26th,,Mon,Tue,Wed,Thu,Fri
18:31:43,J14,Jeffery Jump,,Mon,Tue,Wed,Thu,Fri
17:11:58,56,Milwaukee,,Mon,Tue,Wed,Thu,Fri
21:55:50,20,Madison,,Mon,Tue,Wed,Thu,Fri
06:00:18,56,Milwaukee,,Sat
12:47:47,157,Streeterville/Taylor,,Mon,Tue,Wed,Thu,Fri
08:18:25,56,Milwaukee,,Sun
11:08:01,60,Blue Island/26th,,Sun
08:33:40,20,Madison,,Sat
07:17:31,60,Blue Island/26th,,Sat
06:28:12,60,Blue Island/26th,,Mon,Tue,Wed,Thu,Fri
18:21:01,60,Blue Island/26th,,Sun
10:36:14,60,Blue Island/26th,,Mon,Tue,Wed,Thu,Fri
11:12:40,20,Madison,,Mon,Tue,Wed,Thu,Fri
09:07:06,J14,Jeffery Jump,,Sun
09:24:50,J14,Jeffery Jump,,Mon,Tue,Wed,Thu,Fri
06:28:13,J14,Jeffery Jump,,Mon,Tue,Wed,Thu,Fri
08:47:47,20,Madison,,Mon,Tue,Wed,Thu,Fri
08:04:20,60,Blue Island/26th,,Mon,Tue,Wed,Thu,Fri
16:39:09,56,Milwaukee,,Sun
11:34:31,60,Blue Island/26th,,Sun
15:30:16,20,Madison,,Mon,Tue,Wed,Thu,Fri
15:08:46,20,Madison,,Mon,Tue,Wed,Thu,Fri
17:07:57,60,Blue Island/26th,,Mon,Tue,Wed,Thu,Fri
00:18:34,60,Blue Island/26th,,Sun
18:44:56,124,Navy Pier,,Sun
19:53:45,J14,Jeffery Jump,,Sun
06:47:29,J14,Jeffery Jump,,Sat
07:41:17,60,Blue Island/26th,,Mon,Tue,Wed,Thu,Fri
19:06:29,J14,Jeffery Jump,,Sat
13:14:09,56,Milwaukee,,Sat
06:18:58,60,Blue Island/26th,,Sat
06:56:14,60,Blue Island/26th,,Mon,Tue,Wed,Thu,Fri
16:41:10,20,Madison,,Sun
07:17:31,60,Blue Island/26th,,Sat
11:28:13,J14,Jeffery Jump,,Sat
10:10:43,J14,Jeffery Jump,,Mon,Tue,Wed,Thu,Fri
15:58:47,60,Blue Island/26th,,Mon,Tue,Wed,Thu,Fri
12:12:42,60,Blue Island/26th,,Mon,Tue,Wed,Thu,Fri
16:35:59,124,Navy Pier,,Sat
18:22:20,J14,Jeffery Jump,,Mon,Tue,Wed,Thu,Fri
18:27:40,20,Madison,,Sat
05:50:37,20,Madison,,Mon,Tue,Wed,Thu,Fri
13:30:20,20,Madison,,Mon,Tue,Wed,Thu,Fri
19:25:59,J14,Jeffery Jump,,Sat
22:43:52,J14,Jeffery Jump,,Mon,Tue,Wed,Thu,Fri
07:24:00,157,Streeterville/Taylor,,Mon,Tue,Wed,Thu,Fri
18:41:43,J14,Jeffery Jump,,Mon,Tue,Wed,Thu,Fri
03:13:28,60,Blue Island/26th,,Sat
19:20:56,20,Madison,,Mon,Tue,Wed,Thu,Fri
13:41:10,20,Madison,,Sun
16:04:46,56,Milwaukee,,Sat
19:09:02,124,Navy Pier,,Mon,Tue,Wed,Thu,Fri
12:59:43,J14,Jeffery Jump,,Mon,Tue,Wed,Thu,Fri
09:52:10,20,Madison,,Sat
15:10:06,J14,Jeffery Jump,,Sun
08:57:47,20,Madison,,Mon,Tue,Wed,Thu,Fri
09:17:47,20,Madison,,Mon,Tue,Wed,Thu,Fri
21:32:56,124,Navy Pier,,Sat
18:29:37,56,Milwaukee,,Mon,Tue,Wed,Thu,Fri
14:14:34,60,Blue Island/26th,,Sun
07:35:02,56,Milwaukee,,Sat
20:40:31,60,Blue Island/26th,,Sun
10:51:32,124,Navy Pier,,Mon,Tue,Wed,Thu,Fri
15:23:34,60,Blue Island/26th,,Sun
12:33:59,J14,Jeffery Jump,,Sun
21:17:09,60,Blue Island/26th,,Mon,Tue,Wed,Thu,Fri
14:47:09,56,Milwaukee,,Sun
09:04:23,56,Milwaukee,,Mon,Tue,Wed,Thu,Fri
13:40:40,20,Madison,,Sat
11:40:40,20,Madison,,Sat
03:42:49,20,Madison,,Sat
10:11:31,60,Blue Island/26th,,Sun
16:52:34,60,Blue Island/26th,,Sun
10:20:43,J14,Jeffery Jump,,Mon,Tue,Wed,Thu,Fri
06:04:36,J14,Jeffery Jump,,Mon,Tue,Wed,Thu,Fri
17:27:45,157,Streeterville/Taylor,,Mon,Tue,Wed,Thu,Fri
08:46:00,20,Madison,,Sun
18:27:56,20,Madison,,Mon,Tue,Wed,Thu,Fri
15:58:56,J14,Jeffery Jump,,Mon,Tue,Wed,Thu,Fri
18:40:06,124,Navy Pier,,Mon,Tue,Wed,Thu,Fri
11:22:39,157,Streeterville/Taylor,,Mon,Tue,Wed,Thu,Fri
13:55:47,157,Streeterville/Taylor,,Mon,Tue,Wed,Thu,Fri
08:10:56,J14,Jeffery Jump,,Mon,Tue,Wed,Thu,Fri
12:04:00,20,Madison,,Sun
08:07:31,60,Blue Island/26th,,Sat
16:37:36,60,Blue Island/26th,,Sat
10:41:31,60,Blue Island/26th,,Sun
16:22:34,60,Blue Island/26th,,Sun
18:26:09,124,Navy Pier,,Mon,Tue,Wed,Thu,Fri
16:54:46,20,Madison,,Mon,Tue,Wed,Thu,Fri
11:22:39,157,Streeterville/Taylor,,Mon,Tue,Wed,Thu,Fri
17:51:19,124,Navy Pier,,Mon,Tue,Wed,Thu,Fri
14:52:17,60,Blue Island/26th,,Mon,Tue,Wed,Thu,Fri
21:25:59,J14,Jeffery Jump,,Sat
18:40:31,60,Blue Island/26th,,Sun
14:15:36,J14,Jeffery Jump,,Sat
05:58:28,60,Blue Island/26th,,Sat
18:08:22,J14,Jeffery Jump,,Sun
19:53:45,J14,Jeffery Jump,,Sun
10:31:31,60,Blue Island/26th,,Sun
15:27:36,60,Blue Island/26th,,Sat
10:44:00,20,Madison,,Sun
18:44:26,20,Madison,,Mon,Tue,Wed,Thu,Fri
20:00:15,20,Madison,,Mon,Tue,Wed,Thu,Fri
21:33:20,20,Madison,,Sat
16:16:52,60,Blue Island/26th,,Mon,Tue,Wed,Thu,Fri
08:08:00,56,Milwaukee,,Mon,Tue,Wed,Thu,Fri
16:04:46,56,Milwaukee,,Sat
16:57:40,J14,Jeffery Jump,,Mon,Tue,Wed,Thu,Fri
12:19:50,J14,Jeffery Jump,,Mon,Tue,Wed,Thu,Fri
20:04:40,20,Madison,,Sat
12:53:56,124,Navy Pier,,Sun
20:44:35,20,Madison,,Sat
19:31:56,124,Navy Pier,,Sat
15:20:29,124,Navy Pier,,Sun
14:43:40,20,Madison,,Sat
21:48:01,60,Blue Island/26th,,Sat
20:46:56,124,Navy Pier,,Sat
17:47:40,20,Madison,,Sat
12:28:36,60,Blue Island/26th,,Sat
16:18:21,56,Milwaukee,,Mon,Tue,Wed,Thu,Fri
17:54:03,J14,Jeffery Jump,,Mon,Tue,Wed,Thu,Fri
13:02:09,56,Milwaukee,,Sun
19:59:59,124,Navy Pier,,Mon,Tue,Wed,Thu,Fri
07:48:00,56,Milwaukee,,Mon,Tue,Wed,Thu,Fri
06:09:39,60,Blue Island/26th,,Mon,Tue,Wed,Thu,Fri
15:47:36,60,Blue Island/26th,,Sat
14:53:36,J14,Jeffery Jump,,Sat
17:53:55,60,Blue Island/26th,,Mon,Tue,Wed,Thu,Fri
18:43:22,60,Blue Island/26th,,Mon,Tue,Wed,Thu,Fri
04:56:29,J14,Jeffery Jump,,Mon,Tue,Wed,Thu,Fri
18:50:31,60,Blue Island/26th,,Sun
16:49:40,20,Madison,,Sat
14:05:36,J14,Jeffery Jump,,Sat
12:42:10,20,Madison,,Sun
06:44:06,J14,Jeffery Jump,,Sun
08:37:25,20,Madison,,Sun
09:50:43,J14,Jeffery Jump,,Mon,Tue,Wed,Thu,Fri
16:06:14,56,Milwaukee,,Mon,Tue,Wed,Thu,Fri
19:44:40,20,Madison,,Sat
05:19:43,J14,Jeffery Jump,,Mon,Tue,Wed,Thu,Fri
20:58:46,56,Milwaukee,,Mon,Tue,Wed,Thu,Fri
06:48:42,20,Madison,,Mon,Tue,Wed,Thu,Fri
20:06:09,56,Milwaukee,,Sat
05:11:19,20,Madison,,Sun
15:23:34,60,Blue Island/26th,,Sun
05:57:59,J14,Jeffery Jump,,Sat
13:41:56,124,Navy Pier,,Sun
01:43:28,60,Blue Island/26th,,Tue,Wed,Thu,Fri,Sat
10:50:52,157,Streeterville/Taylor,,Mon,Tue,Wed,Thu,Fri
20:02:26,124,Navy Pier,,Sun
20:10:27,157,Streeterville/Taylor,,Mon,Tue,Wed,Thu,Fri
17:12:34,60,Blue Island/26th,,Sun
13:03:00,56,Milwaukee,,Mon,Tue,Wed,Thu,Fri
05:40:37,20,Madison,,Mon,Tue,Wed,Thu,Fri
19:56:34,60,Blue Island/26th,,Sat
08:38:20,157,Streeterville/Taylor,,Mon,Tue,Wed,Thu,Fri
16:28:56,J14,Jeffery Jump,,Mon,Tue,Wed,Thu,Fri
17:54:03,J14,Jeffery Jump,,Mon,Tue,Wed,Thu,Fri
18:21:01,60,Blue Island/26th,,Sun
05:50:37,20,Madison,,Mon,Tue,Wed,Thu,Fri
08:41:59,J14,Jeffery Jump,,Sat
16:11:10,20,Madison,,Sun
16:45:29,157,Streeterville/Taylor,,Mon,Tue,Wed,Thu,Fri
08:26:56,J14,Jeffery Jump,,Mon,Tue,Wed,Thu,Fri
20:10:31,60,Blue Island/26th,,Sun
19:50:31,60,Blue Island/26th,,Sun
07:25:06,J14,Jeffery Jump,,Sun
12:26:04,60,Blue Island/26th,,Sun
12:10:36,60,Blue Island/26th,,Sat
18:52:14,157,Streeterville/Taylor,,Mon,Tue,Wed,Thu,Fri
19:36:34,60,Blue Island/26th,,Sat
06:57:50,J14,Jeffery Jump,,Mon,Tue,Wed,Thu,Fri
07:11:25,56,Milwaukee,,Sun
10:08:44,60,Blue Island/26th,,Mon,Tue,Wed,Thu,Fri
18:40:09,56,Milwaukee,,Sun
11:22:40,20,Madison,,Mon,Tue,Wed,Thu,Fri
08:42:47,20,Madison,,Mon,Tue,Wed,Thu,Fri
15:30:17,60,Blue Island/26th,,Mon,Tue,Wed,Thu,Fri
13:43:09,56,Milwaukee,,Sat
04:42:49,20,Madison,,Sun
11:50:20,20,Madison,,Mon,Tue,Wed,Thu,Fri
13:29:43,J14,Jeffery Jump,,Mon,Tue,Wed,Thu,Fri
08:18:25,56,Milwaukee,,Sun
13:25:36,J14,Jeffery Jump,,Sat
13:01:12,60,Blue Island/26th,,Mon,Tue,Wed,Thu,Fri
08:41:59,J14,Jeffery Jump,,Sat
08:33:31,60,Blue Island/26th,,Sun
09:21:34,60,Blue Island/26th,,Sat
14:40:06,J14,Jeffery Jump,,Sun
20:46:56,124,Navy Pier,,Sat
13:38:20,20,Madison,,Mon,Tue,Wed,Thu,Fri
13:36:02,124,Navy Pier,,Mon,Tue,Wed,Thu,Fri
12:28:50,20,Madison,,Mon,Tue,Wed,Thu,Fri
05:57:59,J14,Jeffery Jump,,Sat
12:37:40,20,Madison,,Sat
17:34:27,60,Blue Island/26th,,Mon,Tue,Wed,Thu,Fri
09:16:36,J14,Jeffery Jump,,Sun
22:35:32,56,Milwaukee,,Sun
14:27:36,60,Blue Island/26th,,Sat
14:20:06,J14,Jeffery Jump,,Sun
14:47:36,60,Blue Island/26th,,Sat
20:22:53,56,Milwaukee,,Mon,Tue,Wed,Thu,Fri
18:56:59,J14,Jeffery Jump,,Sat
12:24:59,J14,Jeffery Jump,,Sun
00:43:28,60,Blue Island/26th,,Tue,Wed,Thu,Fri,Sat
07:24:00,157,Streeterville/Taylor,,Mon,Tue,Wed,Thu,Fri
07:49:50,J14,Jeffery Jump,,Mon,Tue,Wed,Thu,Fri
11:25:31,60,Blue Island/26th,,Sun
01:42:49,20,Madison,,Tue,Wed,Thu,Fri,Sat
12:08:50,20,Madison,,Mon,Tue,Wed,Thu,Fri
14:23:00,56,Milwaukee,,Mon,Tue,Wed,Thu,Fri
20:47:59,J14,Jeffery Jump,,Mon,Tue,Wed,Thu,Fri
19:08:59,J14,Jeffery Jump,,Mon,Tue,Wed,Thu,Fri
08:56:56,J14,Jeffery Jump,,Mon,Tue,Wed,Thu,Fri
12:07:39,56,Milwaukee,,Sun
06:47:12,60,Blue Island/26th,,Mon,Tue,Wed,Thu,Fri
16:39:46,20,Madison,,Mon,Tue,Wed,Thu,Fri
05:20:37,20,Madison,,Mon,Tue,Wed,Thu,Fri
14:54:34,60,Blue Island/26th,,Sun
17:12:34,60,Blue Island/26th,,Sun
10:46:14,60,Blue Island/26th,,Mon,Tue,Wed,Thu,Fri
22:11:18,56,Milwaukee,,Sun
08:28:42,124,Navy Pier,,Mon,Tue,Wed,Thu,Fri
21:09:20,20,Madison,,Sun
09:37:32,56,Milwaukee,,Sun
09:42:10,20,Madison,,Sat
04:42:49,20,Madison,,Sat
09:50:04,60,Blue Island/26th,,Sat
19:42:17,60,Blue Island/26th,,Mon,Tue,Wed,Thu,Fri
20:43:45,J14,Jeffery Jump,,Sun
17:31:10,20,Madison,,Sun
14:53:29,124,Navy Pier,,Sat
12:47:47,157,Streeterville/Taylor,,Mon,Tue,Wed,Thu,Fri
21:23:45,J14,Jeffery Jump,,Sun
21:15:59,J14,Jeffery Jump,,Sat
19:12:50,60,Blue Island/26th,,Mon,Tue,Wed,Thu,Fri
07:48:00,56,Milwaukee,,Mon,Tue,Wed,Thu,Fri
08:57:06,J14,Jeffery Jump,,Sun
11:49:09,56,Milwaukee,,Sun
18:40:31,60,Blue Island/26th,,Sun
11:56:47,157,Streeterville/Taylor,,Mon,Tue,Wed,Thu,Fri
14:25:40,20,Madison,,Sat
13:54:32,56,Milwaukee,,Sun
16:13:36,124,Navy Pier,,Mon,Tue,Wed,Thu,Fri
10:04:00,20,Madison,,Sun
14:19:43,J14,Jeffery Jump,,Mon,Tue,Wed,Thu,Fri
09:33:40,20,Madison,,Sat
17:11:29,J14,Jeffery Jump,,Sat
13:19:39,56,Milwaukee,,Sun
11:00:40,20,Madison,,Sat
11:06:04,60,Blue Island/26th,,Sat
14:49:43,J14,Jeffery Jump,,Mon,Tue,Wed,Thu,Fri
18:38:52,157,Streeterville/Taylor,,Mon,Tue,Wed,Thu,Fri
10:10:40,20,Madison,,Sat
11:10:43,J14,Jeffery Jump,,Mon,Tue,Wed,Thu,Fri
05:39:20,20,Madison,,Sun
10:57:56,124,Navy Pier,,Sat
18:35:56,20,Madison,,Mon,Tue,Wed,Thu,Fri
15:30:00,56,Milwaukee,,Mon,Tue,Wed,Thu,Fri
08:47:47,20,Madison,,Mon,Tue,Wed,Thu,Fri
17:47:04,60,Blue Island/26th,,Sat
20:50:00,20,Madison,,Mon,Tue,Wed,Thu,Fri
04:13:26,60,Blue Island/26th,,Mon,Tue,Wed,Thu,Fri
04:25:59,J14,Jeffery Jump,,Mon,Tue,Wed,Thu,Fri
13:50:06,J14,Jeffery Jump,,Sun
10:01:31,60,Blue Island/26th,,Sun
20:18:29,J14,Jeffery Jump,,Mon,Tue,Wed,Thu,Fri
10:27:56,124,Navy Pier,,Sun
12:15:29,124,Navy Pier,,Sat
23:15:04,60,Blue Island/26th,,Mon,Tue,Wed,Thu,Fri
07:57:32,56,Milwaukee,,Sat
17:16:27,60,Blue Island/26th,,Mon,Tue,Wed,Thu,Fri
13:08:32,124,Navy Pier,,Mon,Tue,Wed,Thu,Fri
11:46:29,J14,Jeffery Jump,,Sun
07:27:30,20,Madison,,Sat
01:13:34,60,Blue Island/26th,,Mon
16:29:59,J14,Jeffery Jump,,Sun
23:57:20,20,Madison,,Sat
09:52:10,20,Madison,,Sat
16:06:14,56,Milwaukee,,Mon,Tue,Wed,Thu,Fri
09:31:31,60,Blue Island/26th,,Sun
06:57:31,60,Blue Island/26th,,Sun
06:24:25,56,Milwaukee,,Sat
23:12:20,20,Madison,,Sun
12:22:12,60,Blue Island/26th,,Mon,Tue,Wed,Thu,Fri
21:44:59,J14,Jeffery Jump,,Sat
16:01:47,157,Streeterville/Taylor,,Mon,Tue,Wed,Thu,Fri
14:07:36,60,Blue Island/26th,,Sat
08:52:29,J14,Jeffery Jump,,Sat
20:59:25,20,Madison,,Mon,Tue,Wed,Thu,Fri
18:33:22,60,Blue Island/26th,,Mon,Tue,Wed,Thu,Fri
09:50:14,60,Blue Island/26th,,Mon,Tue,Wed,Thu,Fri
15:30:17,60,Blue Island/26th,,Mon,Tue,Wed,Thu,Fri
06:37:20,20,Madison,,Sun
12:46:40,20,Madison,,Sat
20:46:09,56,Milwaukee,,Sat
10:27:34,60,Blue Island/26th,,Sat
15:13:36,J14,Jeffery Jump,,Sat
05:51:06,60,Blue Island/26th,,Mon,Tue,Wed,Thu,Fri
13:57:44,60,Blue Island/26th,,Mon,Tue,Wed,Thu,Fri
12:55:40,20,Madison,,Sat
07:54:50,J14,Jeffery Jump,,Mon,Tue,Wed,Thu,Fri
18:31:39,56,Milwaukee,,Sat
09:48:39,124,Navy Pier,,Mon,Tue,Wed,Thu,Fri
12:41:12,60,Blue Island/26th,,Mon,Tue,Wed,Thu,Fri
09:23:40,20,Madison,,Sat
14:13:16,56,Milwaukee,,Sat
17:14:46,20,Madison,,Mon,Tue,Wed,Thu,Fri
22:56:31,60,Blue Island/26th,,Sun
11:32:15,20,Madison,,Mon,Tue,Wed,Thu,Fri
17:09:46,20,Madison,,Mon,Tue,Wed,Thu,Fri
09:48:14,157,Streeterville/Taylor,,Mon,Tue,Wed,Thu,Fri
08:46:17,60,Blue Island/26th,,Mon,Tue,Wed,Thu,Fri
11:59:34,60,Blue Island/26th,,Sun
10:53:32,56,Milwaukee,,Sun
08:52:29,J14,Jeffery Jump,,Sat
10:34:44,157,Streeterville/Taylor,,Mon,Tue,Wed,Thu,Fri
13:11:12,60,Blue Island/26th,,Mon,Tue,Wed,Thu,Fri
17:32:34,60,Blue Island/26th,,Sun
12:51:12,60,Blue Island/26th,,Mon,Tue,Wed,Thu,Fri
22:42:20,20,Madison,,Sun
19:55:59,J14,Jeffery Jump,,Sat
14:36:29,124,Navy Pier,,Sat
10:55:14,60,Blue Island/26th,,Mon,Tue,Wed,Thu,Fri
16:55:09,56,Milwaukee,,Sun
03:12:49,20,Madison,,Sun
21:55:56,124,Navy Pier,,Sat
19:24:40,20,Madison,,Sat
19:58:29,J14,Jeffery Jump,,Mon,Tue,Wed,Thu,Fri
23:02:31,60,Blue Island/26th,,Sat
14:11:10,20,Madison,,Sun
11:39:09,157,Streeterville/Taylor,,Mon,Tue,Wed,Thu,Fri
18:40:09,56,Milwaukee,,Sun
06:43:43,J14,Jeffery Jump,,Mon,Tue,Wed,Thu,Fri
19:36:25,20,Madison,,Mon,Tue,Wed,Thu,Fri
11:14:00,20,Madison,,Sun
09:02:26,J14,Jeffery Jump,,Mon,Tue,Wed,Thu,Fri
10:52:26,124,Navy Pier,,Sun
17:28:22,J14,Jeffery Jump,,Sun
08:37:47,20,Madison,,Mon,Tue,Wed,Thu,Fri
16:01:47,157,Streeterville/Taylor,,Mon,Tue,Wed,Thu,Fri
19:46:34,60,Blue Island/26th,,Sat
15:51:10,20,Madison,,Sun
01:12:49,20,Madison,,Sun
10:34:00,20,Madison,,Sun
17:31:10,20,Madison,,Sun
16:01:10,20,Madison,,Sun
09:32:14,60,Blue Island/26th,,Mon,Tue,Wed,Thu,Fri
21:01:18,56,Milwaukee,,Sun
14:19:43,J14,Jeffery Jump,,Mon,Tue,Wed,Thu,Fri
09:38:47,20,Madison,,Mon,Tue,Wed,Thu,Fri
20:25:59,J14,Jeffery Jump,,Sat
20:12:14,60,Blue Island/26th,,Mon,Tue,Wed,Thu,Fri
11:42:36,60,Blue Island/26th,,Sat
02:42:49,20,Madison,,Tue,Wed,Thu,Fri,Sat
10:18:14,60,Blue Island/26th,,Mon,Tue,Wed,Thu,Fri
11:55:09,56,Milwaukee,,Sat
08:45:01,60,Blue Island/26th,,Sat
14:01:10,20,Madison,,Sun
18:03:04,157,Streeterville/Taylor,,Mon,Tue,Wed,Thu,Fri
12:24:59,J14,Jeffery Jump,,Sun
18:44:56,124,Navy Pier,,Sun
23:17:31,60,Blue Island/26th,,Sun
15:00:46,56,Milwaukee,,Sat
21:55:50,20,Madison,,Mon,Tue,Wed,Thu,Fri
14:59:43,J14,Jeffery Jump,,Mon,Tue,Wed,Thu,Fri
15:11:10,20,Madison,,Sun
21:26:31,60,Blue Island/26th,,Sun
17:44:41,20,Madison,,Mon,Tue,Wed,Thu,Fri
22:10:50,20,Madison,,Mon,Tue,Wed,Thu,Fri
12:28:40,20,Madison,,Sat
08:13:00,56,Milwaukee,,Mon,Tue,Wed,Thu,Fri
09:08:26,J14,Jeffery Jump,,Mon,Tue,Wed,Thu,Fri
09:34:00,20,Madison,,Sun
02:12:49,20,Madison,,Tue,Wed,Thu,Fri,Sat
21:36:29,J14,Jeffery Jump,,Mon,Tue,Wed,Thu,Fri
10:30:43,J14,Jeffery Jump,,Mon,Tue,Wed,Thu,Fri
10:40:29,J14,Jeffery Jump,,Sat
06:23:36,J14,Jeffery Jump,,Sun
15:19:40,20,Madison,,Sat
13:25:36,J14,Jeffery Jump,,Sat
14:20:06,J14,Jeffery Jump,,Sun
08:37:47,20,Madison,,Mon,Tue,Wed,Thu,Fri
21:52:53,124,Navy Pier,,Mon,Tue,Wed,Thu,Fri
12:28:40,20,Madison,,Sat
16:42:34,60,Blue Island/26th,,Sun
08:09:06,J14,Jeffery Jump,,Sat
02:43:28,60,Blue Island/26th,,Tue,Wed,Thu,Fri,Sat
22:43:46,56,Milwaukee,,Mon,Tue,Wed,Thu,Fri
19:46:34,60,Blue Island/26th,,Sat
17:52:59,157,Streeterville/Taylor,,Mon,Tue,Wed,Thu,Fri
06:56:20,20,Madison,,Sun
14:01:20,20,Madison,,Mon,Tue,Wed,Thu,Fri
19:18:57,157,Streeterville/Taylor,,Mon,Tue,Wed,Thu,Fri
18:51:06,J14,Jeffery Jump,,Mon,Tue,Wed,Thu,Fri
20:14:40,20,Madison,,Sat
19:36:25,20,Madison,,Mon,Tue,Wed,Thu,Fri
14:50:06,J14,Jeffery Jump,,Sun
17:39:16,20,Madison,,Mon,Tue,Wed,Thu,Fri
08:38:56,J14,Jeffery Jump,,Mon,Tue,Wed,Thu,Fri
10:06:32,124,Navy Pier,,Mon,Tue,Wed,Thu,Fri
09:50:43,J14,Jeffery Jump,,Mon,Tue,Wed,Thu,Fri
17:24:46,56,Milwaukee,,Sat
15:18:00,56,Milwaukee,,Mon,Tue,Wed,Thu,Fri
14:08:00,56,Milwaukee,,Mon,Tue,Wed,Thu,Fri
11:10:40,20,Madison,,Sat
16:53:36,J14,Jeffery Jump,,Sat
19:42:29,124,Navy Pier,,Mon,Tue,Wed,Thu,Fri
13:58:40,20,Madison,,Sat
11:37:13,J14,Jeffery Jump,,Sat
08:09:06,J14,Jeffery Jump,,Sat
16:32:34,60,Blue Island/26th,,Sun
06:35:43,J14,Jeffery Jump,,Mon,Tue,Wed,Thu,Fri
15:19:43,J14,Jeffery Jump,,Mon,Tue,Wed,Thu,Fri
23:21:04,60,Blue Island/26th,,Sat
17:42:34,60,Blue Island/26th,,Sun
18:01:34,60,Blue Island/26th,,Sun
00:56:19,20,Madison,,Tue,Wed,Thu,Fri,Sat
21:45:50,20,Madison,,Mon,Tue,Wed,Thu,Fri
16:10:06,J14,Jeffery Jump,,Sun
18:19:06,J14,Jeffery Jump,,Sat
18:17:40,20,Madison,,Sat
15:48:56,J14,Jeffery Jump,,Mon,Tue,Wed,Thu,Fri
07:04:36,J14,Jeffery Jump,,Sun
08:47:06,J14,Jeffery Jump,,Sun
19:38:29,J14,Jeffery Jump,,Mon,Tue,Wed,Thu,Fri
11:14:00,20,Madison,,Sun
18:26:34,60,Blue Island/26th,,Sat
03:43:26,60,Blue Island/26th,,Mon,Tue,Wed,Thu,Fri
20:06:34,60,Blue Island/26th,,Sat
18:26:00,157,Streeterville/Taylor,,Mon,Tue,Wed,Thu,Fri
08:17:47,20,Madison,,Mon,Tue,Wed,Thu,Fri
15:33:36,J14,Jeffery Jump,,Sat
15:10:06,J14,Jeffery Jump,,Sun
18:38:06,J14,Jeffery Jump,,Sat
06:32:16,56,Milwaukee,,Mon,Tue,Wed,Thu,Fri
12:46:43,J14,Jeffery Jump,,Sat
08:42:32,56,Milwaukee,,Sat
18:26:22,J14,Jeffery Jump,,Sun
18:07:40,20,Madison,,Sat
18:45:22,J14,Jeffery Jump,,Sun
07:34:39,157,Streeterville/Taylor,,Mon,Tue,Wed,Thu,Fri
15:23:16,20,Madison,,Mon,Tue,Wed,Thu,Fri
11:24:34,60,Blue Island/26th,,Sat
16:51:10,20,Madison,,Sun
12:38:36,60,Blue Island/26th,,Sat
15:37:40,20,Madison,,Sat
18:11:01,60,Blue Island/26th,,Sun
18:16:52,J14,Jeffery Jump,,Sun
09:17:47,20,Madison,,Mon,Tue,Wed,Thu,Fri
09:33:40,20,Madison,,Sat
10:32:46,56,Milwaukee,,Mon,Tue,Wed,Thu,Fri
14:07:40,20,Madison,,Sat
20:06:34,60,Blue Island/26th,,Sat
07:59:50,J14,Jeffery Jump,,Mon,Tue,Wed,Thu,Fri
11:39:09,157,Streeterville/Taylor,,Mon,Tue,Wed,Thu,Fri
21:06:29,124,Navy Pier,,Mon,Tue,Wed,Thu,Fri
05:19:43,J14,Jeffery Jump,,Mon,Tue,Wed,Thu,Fri
09:37:53,124,Navy Pier,,Sun
23:09:20,20,Madison,,Sun
16:30:42,157,Streeterville/Taylor,,Mon,Tue,Wed,Thu,Fri
20:36:31,60,Blue Island/26th,,Sat
13:19:43,J14,Jeffery Jump,,Mon,Tue,Wed,Thu,Fri
09:34:30,157,Streeterville/Taylor,,Mon,Tue,Wed,Thu,Fri
18:07:04,60,Blue Island/26th,,Sat
16:21:10,20,Madison,,Sun
09:02:29,J14,Jeffery Jump,,Sat
06:53:20,20,Madison,,Sat
17:07:40,20,Madison,,Sat
23:42:20,20,Madison,,Sun
05:30:37,20,Madison,,Mon,Tue,Wed,Thu,Fri
17:22:34,60,Blue Island/26th,,Sun
10:36:29,J14,Jeffery Jump,,Sun
12:34:34,60,Blue Island/26th,,Sun
22:06:09,56,Milwaukee,,Sat
20:10:00,20,Madison,,Sun
16:22:34,60,Blue Island/26th,,Sun
04:13:31,60,Blue Island/26th,,Sun
06:45:16,56,Milwaukee,,Mon,Tue,Wed,Thu,Fri
05:38:13,J14,Jeffery Jump,,Mon,Tue,Wed,Thu,Fri
14:10:06,J14,Jeffery Jump,,Sun
08:13:00,56,Milwaukee,,Mon,Tue,Wed,Thu,Fri
19:42:29,124,Navy Pier,,Mon,Tue,Wed,Thu,Fri
17:17:40,J14,Jeffery Jump,,Mon,Tue,Wed,Thu,Fri
16:31:10,20,Madison,,Sun
06:37:00,157,Streeterville/Taylor,,Mon,Tue,Wed,Thu,Fri
17:18:22,J14,Jeffery Jump,,Sun
15:53:36,J14,Jeffery Jump,,Sat
16:07:09,56,Milwaukee,,Sun
11:16:29,J14,Jeffery Jump,,Sun
13:02:29,J14,Jeffery Jump,,Sun
16:24:16,20,Madison,,Mon,Tue,Wed,Thu,Fri
14:31:02,124,Navy Pier,,Mon,Tue,Wed,Thu,Fri
13:22:20,20,Madison,,Mon,Tue,Wed,Thu,Fri
21:25:59,J14,Jeffery Jump,,Sat
18:01:31,20,Madison,,Mon,Tue,Wed,Thu,Fri
05:37:59,J14,Jeffery Jump,,Sat
19:04:40,20,Madison,,Sat
20:00:31,60,Blue Island/26th,,Sun
14:09:43,J14,Jeffery Jump,,Mon,Tue,Wed,Thu,Fri
02:12:49,20,Madison,,Mon
21:01:42,60,Blue Island/26th,,Mon,Tue,Wed,Thu,Fri
17:29:46,20,Madison,,Mon,Tue,Wed,Thu,Fri
12:17:04,60,Blue Island/26th,,Sun
14:05:36,J14,Jeffery Jump,,Sat
20:23:45,J14,Jeffery Jump,,Sun
15:13:34,60,Blue Island/26th,,Sun
16:01:59,124,Navy Pier,,Sat
17:36:10,J14,Jeffery Jump,,Mon,Tue,Wed,Thu,Fri
13:36:00,56,Milwaukee,,Mon,Tue,Wed,Thu,Fri
12:58:39,56,Milwaukee,,Sat
13:25:29,124,Navy Pier,,Sat
17:57:40,20,Madison,,Sat
15:23:36,J14,Jeffery Jump,,Sat
04:43:31,60,Blue Island/26th,,Sun
18:18:56,124,Navy Pier,,Sun
18:54:32,124,Navy Pier,,Mon,Tue,Wed,Thu,Fri
09:16:44,60,Blue Island/26th,,Mon,Tue,Wed,Thu,Fri
15:03:36,J14,Jeffery Jump,,Sat
18:03:26,J14,Jeffery Jump,,Mon,Tue,Wed,Thu,Fri
19:52:17,60,Blue Island/26th,,Mon,Tue,Wed,Thu,Fri
14:17:20,20,Madison,,Mon,Tue,Wed,Thu,Fri
17:37:04,60,Blue Island/26th,,Sat
09:04:01,60,Blue Island/26th,,Sat
17:28:39,56,Milwaukee,,Sun
20:22:53,56,Milwaukee,,Mon,Tue,Wed,Thu,Fri
20:59:25,20,Madison,,Mon,Tue,Wed,Thu,Fri
00:23:34,60,Blue Island/26th,,Mon
21:35:20,20,Madison,,Mon,Tue,Wed,Thu,Fri
18:50:09,56,Milwaukee,,Sat
16:36:46,56,Milwaukee,,Sat
20:04:40,20,Madison,,Sat
22:57:20,20,Madison,,Sun
21:25:50,20,Madison,,Sat
17:17:04,60,Blue Island/26th,,Sat
13:36:02,124,Navy Pier,,Mon,Tue,Wed,Thu,Fri
03:43:28,60,Blue Island/26th,,Sat
06:28:13,J14,Jeffery Jump,,Mon,Tue,Wed,Thu,Fri
11:56:29,J14,Jeffery Jump,,Sun
21:35:59,J14,Jeffery Jump,,Sat
11:06:30,157,Streeterville/Taylor,,Mon,Tue,Wed,Thu,Fri
09:50:14,60,Blue Island/26th,,Mon,Tue,Wed,Thu,Fri
11:14:44,60,Blue Island/26th,,Mon,Tue,Wed,Thu,Fri
17:09:46,20,Madison,,Mon,Tue,Wed,Thu,Fri
14:47:10,20,Madison,,Mon,Tue,Wed,Thu,Fri
17:46:09,56,Milwaukee,,Sun
13:38:06,60,Blue Island/26th,,Sat
17:43:58,56,Milwaukee,,Mon,Tue,Wed,Thu,Fri
07:32:20,20,Madison,,Sun
10:10:40,20,Madison,,Sat
22:44:20,20,Madison,,Sat
12:50:29,124,Navy Pier,,Sat
09:51:59,J14,Jeffery Jump,,Sat
16:34:55,60,Blue Island/26th,,Mon,Tue,Wed,Thu,Fri
20:08:29,J14,Jeffery Jump,,Mon,Tue,Wed,Thu,Fri
14:11:10,20,Madison,,Sun
13:29:43,J14,Jeffery Jump,,Mon,Tue,Wed,Thu,Fri
21:47:27,157,Streeterville/Taylor,,Mon,Tue,Wed,Thu,Fri
09:31:04,60,Blue Island/26th,,Sat
10:31:56,124,Navy Pier,,Sat
11:14:44,60,Blue Island/26th,,Mon,Tue,Wed,Thu,Fri
08:36:36,J14,Jeffery Jump,,Sun
06:58:12,20,Madison,,Mon,Tue,Wed,Thu,Fri
14:25:36,J14,Jeffery Jump,,Sat
23:25:50,20,Madison,,Mon,Tue,Wed,Thu,Fri
17:39:43,J14,Jeffery Jump,,Sat
20:41:42,60,Blue Island/26th,,Mon,Tue,Wed,Thu,Fri
07:52:17,20,Madison,,Mon,Tue,Wed,Thu,Fri
05:36:18,56,Milwaukee,,Sun
11:36:29,J14,Jeffery Jump,,Sun
15:50:06,J14,Jeffery Jump,,Sun
10:36:29,J14,Jeffery Jump,,Sun
11:20:40,20,Madison,,Sat
20:02:26,124,Navy Pier,,Sun
10:30:40,20,Madison,,Sat
17:17:40,J14,Jeffery Jump,,Mon,Tue,Wed,Thu,Fri
15:53:36,J14,Jeffery Jump,,Sat
19:17:32,56,Milwaukee,,Sun
07:35:02,56,Milwaukee,,Sat
09:41:31,60,Blue Island/26th,,Sun
11:59:50,J14,Jeffery Jump,,Mon,Tue,Wed,Thu,Fri
22:24:31,60,Blue Island/26th,,Sat
12:08:04,60,Blue Island/26th,,Sun
09:26:39,56,Milwaukee,,Sat
11:44:00,20,Madison,,Sun
18:03:55,60,Blue Island/26th,,Mon,Tue,Wed,Thu,Fri
17:56:01,20,Madison,,Mon,Tue,Wed,Thu,Fri
12:36:43,J14,Jeffery Jump,,Sat
07:10:23,56,Milwaukee,,Mon,Tue,Wed,Thu,Fri
16:43:36,J14,Jeffery Jump,,Sat
21:08:20,20,Madison,,Mon,Tue,Wed,Thu,Fri
10:08:34,60,Blue Island/26th,,Sat
16:16:52,60,Blue Island/26th,,Mon,Tue,Wed,Thu,Fri
14:25:40,20,Madison,,Sat
09:12:49,124,Navy Pier,,Sun
18:13:26,J14,Jeffery Jump,,Mon,Tue,Wed,Thu,Fri
20:50:31,60,Blue Island/26th,,Sun
05:13:34,60,Blue Island/26th,,Mon,Tue,Wed,Thu,Fri
17:22:34,60,Blue Island/26th,,Sun
11:46:43,J14,Jeffery Jump,,Sat
16:58:40,20,Madison,,Sat
11:53:14,60,Blue Island/26th,,Mon,Tue,Wed,Thu,Fri
12:26:09,56,Milwaukee,,Sun
18:31:39,56,Milwaukee,,Sat
00:27:49,20,Madison,,Sun
10:16:29,J14,Jeffery Jump,,Sun
22:42:20,20,Madison,,Sun
05:15:02,56,Milwaukee,,Mon,Tue,Wed,Thu,Fri
09:34:00,20,Madison,,Sun
22:55:50,20,Madison,,Mon,Tue,Wed,Thu,Fri
23:55:50,20,Madison,,Mon,Tue,Wed,Thu,Fri
15:58:56,J14,Jeffery Jump,,Mon,Tue,Wed,Thu,Fri
23:58:04,60,Blue Island/26th,,Sat
08:50:56,J14,Jeffery Jump,,Mon,Tue,Wed,Thu,Fri
16:38:12,124,Navy Pier,,Mon,Tue,Wed,Thu,Fri
20:02:17,60,Blue Island/26th,,Mon,Tue,Wed,Thu,Fri
11:10:43,J14,Jeffery Jump,,Mon,Tue,Wed,Thu,Fri
14:31:02,124,Navy Pier,,Mon,Tue,Wed,Thu,Fri
23:01:45,J14,Jeffery Jump,,Mon,Tue,Wed,Thu,Fri
14:12:47,157,Streeterville/Taylor,,Mon,Tue,Wed,Thu,Fri
00:27:49,20,Madison,,Mon
17:57:40,20,Madison,,Sat
06:44:06,J14,Jeffery Jump,,Sun
21:33:45,J14,Jeffery Jump,,Sun
14:03:32,124,Navy Pier,,Mon,Tue,Wed,Thu,Fri
17:49:36,J14,Jeffery Jump,,Sat
17:56:46,56,Milwaukee,,Sat
07:03:50,J14,Jeffery Jump,,Mon,Tue,Wed,Thu,Fri
09:32:46,56,Milwaukee,,Mon,Tue,Wed,Thu,Fri
16:57:58,56,Milwaukee,,Mon,Tue,Wed,Thu,Fri
22:55:50,20,Madison,,Mon,Tue,Wed,Thu,Fri
16:10:29,124,Navy Pier,,Sun
10:20:29,J14,Jeffery Jump,,Sat
17:20:36,J14,Jeffery Jump,,Sat
20:25:59,J14,Jeffery Jump,,Sat
15:13:36,J14,Jeffery Jump,,Sat
14:58:32,124,Navy Pier,,Mon,Tue,Wed,Thu,Fri
14:52:17,60,Blue Island/26th,,Mon,Tue,Wed,Thu,Fri
09:08:26,J14,Jeffery Jump,,Mon,Tue,Wed,Thu,Fri
10:37:34,60,Blue Island/26th,,Sat
17:41:05,20,Madison,,Sun
11:18:32,124,Navy Pier,,Mon,Tue,Wed,Thu,Fri
12:41:02,124,Navy Pier,,Mon,Tue,Wed,Thu,Fri
16:34:46,20,Madison,,Mon,Tue,Wed,Thu,Fri
18:31:43,J14,Jeffery Jump,,Mon,Tue,Wed,Thu,Fri
20:20:00,20,Madison,,Sun
14:55:29,124,Navy Pier,,Sun
12:43:09,56,Milwaukee,,Sat
15:21:10,20,Madison,,Sun
19:40:00,20,Madison,,Sun
06:17:09,56,Milwaukee,,Mon,Tue,Wed,Thu,Fri
16:52:46,56,Milwaukee,,Sat
07:58:06,J14,Jeffery Jump,,Sat
00:12:49,20,Madison,,Sun
10:50:29,J14,Jeffery Jump,,Sat
23:57:20,20,Madison,,Sat
06:40:37,20,Madison,,Mon,Tue,Wed,Thu,Fri
12:38:36,60,Blue Island/26th,,Sat
20:37:59,J14,Jeffery Jump,,Mon,Tue,Wed,Thu,Fri
13:18:36,60,Blue Island/26th,,Sat
11:20:43,J14,Jeffery Jump,,Mon,Tue,Wed,Thu,Fri
22:26:09,56,Milwaukee,,Sat
12:54:34,60,Blue Island/26th,,Sun
10:17:46,56,Milwaukee,,Mon,Tue,Wed,Thu,Fri
15:51:09,56,Milwaukee,,Sun
07:14:00,157,Streeterville/Taylor,,Mon,Tue,Wed,Thu,Fri
19:35:59,J14,Jeffery Jump,,Sat
07:23:44,60,Blue Island/26th,,Mon,Tue,Wed,Thu,Fri
15:40:06,J14,Jeffery Jump,,Sun
02:13:34,60,Blue Island/26th,,Mon
11:44:00,20,Madison,,Sun
10:11:31,60,Blue Island/26th,,Sun
08:00:06,J14,Jeffery Jump,,Sun
13:01:10,20,Madison,,Sun
17:52:56,124,Navy Pier,,Sun
14:31:10,20,Madison,,Sun
14:24:34,60,Blue Island/26th,,Sun
09:18:23,56,Milwaukee,,Mon,Tue,Wed,Thu,Fri
19:51:27,157,Streeterville/Taylor,,Mon,Tue,Wed,Thu,Fri
07:06:17,20,Madison,,Mon,Tue,Wed,Thu,Fri
16:42:34,60,Blue Island/26th,,Sun
11:16:31,60,Blue Island/26th,,Sun
08:32:47,20,Madison,,Mon,Tue,Wed,Thu,Fri
17:04:58,56,Milwaukee,,Mon,Tue,Wed,Thu,Fri
10:56:29,J14,Jeffery Jump,,Sun
17:51:05,20,Madison,,Sun
21:41:31,60,Blue Island/26th,,Sun
21:43:50,20,Madison,,Sun
11:39:50,J14,Jeffery Jump,,Mon,Tue,Wed,Thu,Fri
07:32:20,20,Madison,,Sun
01:13:28,60,Blue Island/26th,,Tue,Wed,Thu,Fri,Sat
12:56:29,J14,Jeffery Jump,,Sat
11:03:53,56,Milwaukee,,Mon,Tue,Wed,Thu,Fri
10:15:39,56,Milwaukee,,Sun
14:42:47,60,Blue Island/26th,,Mon,Tue,Wed,Thu,Fri
13:55:36,J14,Jeffery Jump,,Sat
15:04:34,60,Blue Island/26th,,Sun
22:35:04,60,Blue Island/26th,,Mon,Tue,Wed,Thu,Fri
08:36:36,J14,Jeffery Jump,,Sun
07:41:17,60,Blue Island/26th,,Mon,Tue,Wed,Thu,Fri
18:11:16,124,Navy Pier,,Mon,Tue,Wed,Thu,Fri
14:47:39,157,Streeterville/Taylor,,Mon,Tue,Wed,Thu,Fri
15:09:43,J14,Jeffery Jump,,Mon,Tue,Wed,Thu,Fri
09:03:40,20,Madison,,Sat
16:07:50,60,Blue Island/26th,,Mon,Tue,Wed,Thu,Fri
10:19:14,157,Streeterville/Taylor,,Mon,Tue,Wed,Thu,Fri
11:04:00,20,Madison,,Sun
03:13:26,60,Blue Island/26th,,Mon,Tue,Wed,Thu,Fri
19:55:59,J14,Jeffery Jump,,Sat
19:36:56,124,Navy Pier,,Sun
18:22:09,56,Milwaukee,,Sun
21:58:01,60,Blue Island/26th,,Sun
13:37:02,56,Milwaukee,,Sun
12:29:00,56,Milwaukee,,Mon,Tue,Wed,Thu,Fri
09:26:36,J14,Jeffery Jump,,Sun
09:51:31,60,Blue Island/26th,,Sun
18:54:32,124,Navy Pier,,Mon,Tue,Wed,Thu,Fri
17:03:16,124,Navy Pier,,Mon,Tue,Wed,Thu,Fri
12:49:50,J14,Jeffery Jump,,Mon,Tue,Wed,Thu,Fri
07:04:44,60,Blue Island/26th,,Mon,Tue,Wed,Thu,Fri
21:09:56,124,Navy Pier,,Sat
09:14:00,20,Madison,,Sun
15:56:16,20,Madison,,Mon,Tue,Wed,Thu,Fri
09:54:45,20,Madison,,Mon,Tue,Wed,Thu,Fri
19:47:09,56,Milwaukee,,Sat
12:32:35,20,Madison,,Sun
08:57:06,J14,Jeffery Jump,,Sun
13:34:34,60,Blue Island/26th,,Sun
09:42:29,J14,Jeffery Jump,,Sat
06:00:18,56,Milwaukee,,Sat
08:22:47,20,Madison,,Mon,Tue,Wed,Thu,Fri
17:11:39,56,Milwaukee,,Sun
11:39:09,56,Milwaukee,,Sat
07:15:20,20,Madison,,Sun
03:13:28,60,Blue Island/26th,,Sun
17:52:56,124,Navy Pier,,Sun
08:37:30,56,Milwaukee,,Mon,Tue,Wed,Thu,Fri
11:57:59,124,Navy Pier,,Sat
18:37:56,124,Navy Pier,,Sat
14:14:34,60,Blue Island/26th,,Sun
20:26:09,56,Milwaukee,,Sat
20:40:31,60,Blue Island/26th,,Sun
18:43:30,56,Milwaukee,,Mon,Tue,Wed,Thu,Fri
08:39:25,56,Milwaukee,,Sun
12:48:36,60,Blue Island/26th,,Sat
19:34:40,20,Madison,,Sat
09:37:53,124,Navy Pier,,Sun
16:11:10,20,Madison,,Sun
08:50:30,56,Milwaukee,,Mon,Tue,Wed,Thu,Fri
15:11:10,20,Madison,,Sun
02:12:49,20,Madison,,Tue,Wed,Thu,Fri,Sat
18:19:06,J14,Jeffery Jump,,Sat
16:07:36,60,Blue Island/26th,,Sat
18:14:47,157,Streeterville/Taylor,,Mon,Tue,Wed,Thu,Fri
07:27:30,20,Madison,,Sat
11:40:40,20,Madison,,Sat
15:43:36,J14,Jeffery Jump,,Sat
05:59:39,60,Blue Island/26th,,Mon,Tue,Wed,Thu,Fri
08:17:47,20,Madison,,Mon,Tue,Wed,Thu,Fri
16:57:40,J14,Jeffery Jump,,Mon,Tue,Wed,Thu,Fri
03:12:49,20,Madison,,Mon,Tue,Wed,Thu,Fri
05:29:13,J14,Jeffery Jump,,Mon,Tue,Wed,Thu,Fri
12:14:00,20,Madison,,Sun
16:49:59,J14,Jeffery Jump,,Sun
21:29:20,20,Madison,,Sun
17:27:04,60,Blue Island/26th,,Sat
20:00:31,60,Blue Island/26th,,Sun
16:31:40,20,Madison,,Sat
17:48:22,J14,Jeffery Jump,,Sun
09:33:17,20,Madison,,Mon,Tue,Wed,Thu,Fri
11:34:14,60,Blue Island/26th,,Mon,Tue,Wed,Thu,Fri
08:56:56,J14,Jeffery Jump,,Mon,Tue,Wed,Thu,Fri
07:16:17,20,Madison,,Mon,Tue,Wed,Thu,Fri
15:08:46,20,Madison,,Mon,Tue,Wed,Thu,Fri
00:42:49,20,Madison,,Mon
19:10:31,60,Blue Island/26th,,Sun
14:45:36,J14,Jeffery Jump,,Sat
19:25:29,124,Navy Pier,,Mon,Tue,Wed,Thu,Fri
06:56:20,20,Madison,,Sun
20:40:46,56,Milwaukee,,Mon,Tue,Wed,Thu,Fri
08:44:56,J14,Jeffery Jump,,Mon,Tue,Wed,Thu,Fri
10:03:44,157,Streeterville/Taylor,,Mon,Tue,Wed,Thu,Fri
02:42:49,20,Madison,,Sun
18:16:52,J14,Jeffery Jump,,Sun
19:12:50,60,Blue Island/26th,,Mon,Tue,Wed,Thu,Fri
18:43:22,60,Blue Island/26th,,Mon,Tue,Wed,Thu,Fri
05:39:32,56,Milwaukee,,Mon,Tue,Wed,Thu,Fri
06:35:01,60,Blue Island/26th,,Sun
04:42:49,20,Madison,,Mon,Tue,Wed,Thu,Fri
10:03:10,20,Madison,,Mon,Tue,Wed,Thu,Fri
10:20:43,J14,Jeffery Jump,,Mon,Tue,Wed,Thu,Fri
08:38:20,60,Blue Island/26th,,Mon,Tue,Wed,Thu,Fri
00:13:28,60,Blue Island/26th,,Tue,Wed,Thu,Fri,Sat
17:35:58,56,Milwaukee,,Mon,Tue,Wed,Thu,Fri
10:30:29,J14,Jeffery Jump,,Sat
16:25:55,60,Blue Island/26th,,Mon,Tue,Wed,Thu,Fri
15:56:16,20,Madison,,Mon,Tue,Wed,Thu,Fri
11:16:31,60,Blue Island/26th,,Sun
09:21:34,60,Blue Island/26th,,Sat
19:13:45,J14,Jeffery Jump,,Sun
08:52:47,20,Madison,,Mon,Tue,Wed,Thu,Fri
19:16:34,60,Blue Island/26th,,Sat
13:31:12,60,Blue Island/26th,,Mon,Tue,Wed,Thu,Fri
09:18:23,56,Milwaukee,,Mon,Tue,Wed,Thu,Fri
19:20:31,60,Blue Island/26th,,Sun
15:23:36,J14,Jeffery Jump,,Sat
07:45:17,20,Madison,,Mon,Tue,Wed,Thu,Fri
23:55:01,60,Blue Island/26th,,Mon,Tue,Wed,Thu,Fri
07:44:20,J14,Jeffery Jump,,Mon,Tue,Wed,Thu,Fri
13:53:20,20,Madison,,Mon,Tue,Wed,Thu,Fri
17:02:29,J14,Jeffery Jump,,Sat
14:00:06,J14,Jeffery Jump,,Sun
16:40:40,20,Madison,,Sat
11:41:26,124,Navy Pier,,Sun
15:46:40,20,Madison,,Sat
17:52:34,60,Blue Island/26th,,Sun
11:42:04,60,Blue Island/26th,,Sun
18:50:00,20,Madison,,Sun
06:47:55,56,Milwaukee,,Sat
14:44:34,60,Blue Island/26th,,Sun
15:11:17,60,Blue Island/26th,,Mon,Tue,Wed,Thu,Fri
09:21:31,60,Blue Island/26th,,Sun
13:18:36,60,Blue Island/26th,,Sat
07:34:39,157,Streeterville/Taylor,,Mon,Tue,Wed,Thu,Fri
21:30:31,60,Blue Island/26th,,Sat
22:43:53,124,Navy Pier,,Sat
15:28:56,J14,Jeffery Jump,,Mon,Tue,Wed,Thu,Fri
10:40:43,J14,Jeffery Jump,,Mon,Tue,Wed,Thu,Fri
16:08:56,J14,Jeffery Jump,,Mon,Tue,Wed,Thu,Fri
08:27:47,20,Madison,,Mon,Tue,Wed,Thu,Fri
16:02:16,20,Madison,,Mon,Tue,Wed,Thu,Fri
22:13:49,124,Navy Pier,,Sun
23:13:20,20,Madison,,Sat
02:12:49,20,Madison,,Mon
23:40:50,20,Madison,,Mon,Tue,Wed,Thu,Fri
14:08:00,56,Milwaukee,,Mon,Tue,Wed,Thu,Fri
14:18:59,124,Navy Pier,,Sat
20:40:05,20,Madison,,Mon,Tue,Wed,Thu,Fri
17:43:58,56,Milwaukee,,Mon,Tue,Wed,Thu,Fri
12:11:09,56,Milwaukee,,Sat
10:00:40,20,Madison,,Sat
10:31:31,60,Blue Island/26th,,Sun
13:13:40,20,Madison,,Sat
04:43:26,60,Blue Island/26th,,Mon,Tue,Wed,Thu,Fri
06:23:36,J14,Jeffery Jump,,Sun
23:35:04,60,Blue Island/26th,,Mon,Tue,Wed,Thu,Fri
11:43:44,60,Blue Island/26th,,Mon,Tue,Wed,Thu,Fri
21:43:45,J14,Jeffery Jump,,Sun
21:06:20,20,Madison,,Sat
16:54:02,124,Navy Pier,,Sat
14:17:36,60,Blue Island/26th,,Sat
17:30:13,J14,Jeffery Jump,,Sat
09:40:29,124,Navy Pier,,Sat
17:58:22,J14,Jeffery Jump,,Sun
15:19:40,20,Madison,,Sat
16:33:36,J14,Jeffery Jump,,Sat
19:30:00,20,Madison,,Sun
20:33:45,J14,Jeffery Jump,,Sun
16:49:46,20,Madison,,Mon,Tue,Wed,Thu,Fri
20:10:10,20,Madison,,Mon,Tue,Wed,Thu,Fri
20:27:26,124,Navy Pier,,Sat
18:04:51,56,Milwaukee,,Mon,Tue,Wed,Thu,Fri
07:59:30,20,Madison,,Sat
16:19:59,J14,Jeffery Jump,,Sun
22:21:46,56,Milwaukee,,Mon,Tue,Wed,Thu,Fri
08:53:47,60,Blue Island/26th,,Mon,Tue,Wed,Thu,Fri
15:03:09,56,Milwaukee,,Sun
12:53:56,124,Navy Pier,,Sun
16:07:50,60,Blue Island/26th,,Mon,Tue,Wed,Thu,Fri
06:57:50,J14,Jeffery Jump,,Mon,Tue,Wed,Thu,Fri
20:30:00,20,Madison,,Sun
06:47:12,60,Blue Island/26th,,Mon,Tue,Wed,Thu,Fri
03:13:28,60,Blue Island/26th,,Sun
14:04:34,60,Blue Island/26th,,Sun
05:23:34,60,Blue Island/26th,,Mon,Tue,Wed,Thu,Fri
09:36:50,J14,Jeffery Jump,,Mon,Tue,Wed,Thu,Fri
21:30:31,60,Blue Island/26th,,Sat
12:05:56,124,Navy Pier,,Sun
15:25:32,124,Navy Pier,,Mon,Tue,Wed,Thu,Fri
13:43:59,124,Navy Pier,,Sat
16:20:46,56,Milwaukee,,Sat
16:13:40,20,Madison,,Sat
08:30:50,60,Blue Island/26th,,Mon,Tue,Wed,Thu,Fri
21:18:46,56,Milwaukee,,Mon,Tue,Wed,Thu,Fri
15:05:00,56,Milwaukee,,Mon,Tue,Wed,Thu,Fri
08:37:25,20,Madison,,Sun
16:27:36,60,Blue Island/26th,,Sat
15:09:43,J14,Jeffery Jump,,Mon,Tue,Wed,Thu,Fri
10:59:01,60,Blue Island/26th,,Sun
06:20:37,20,Madison,,Mon,Tue,Wed,Thu,Fri
07:04:00,157,Streeterville/Taylor,,Mon,Tue,Wed,Thu,Fri
15:54:07,56,Milwaukee,,Mon,Tue,Wed,Thu,Fri
02:42:49,20,Madison,,Tue,Wed,Thu,Fri,Sat
12:24:00,20,Madison,,Sun
09:08:44,60,Blue Island/26th,,Mon,Tue,Wed,Thu,Fri
09:37:32,56,Milwaukee,,Sun
18:58:23,56,Milwaukee,,Mon,Tue,Wed,Thu,Fri
12:09:50,J14,Jeffery Jump,,Mon,Tue,Wed,Thu,Fri
11:50:34,60,Blue Island/26th,,Sun
13:25:29,124,Navy Pier,,Sat
18:38:52,157,Streeterville/Taylor,,Mon,Tue,Wed,Thu,Fri
13:41:12,60,Blue Island/26th,,Mon,Tue,Wed,Thu,Fri
13:03:00,56,Milwaukee,,Mon,Tue,Wed,Thu,Fri
21:32:09,60,Blue Island/26th,,Mon,Tue,Wed,Thu,Fri
09:02:47,20,Madison,,Mon,Tue,Wed,Thu,Fri
17:17:40,20,Madison,,Sat
19:15:59,J14,Jeffery Jump,,Sat
14:44:46,56,Milwaukee,,Sat
16:45:29,157,Streeterville/Taylor,,Mon,Tue,Wed,Thu,Fri
09:42:29,J14,Jeffery Jump,,Sat
15:48:46,56,Milwaukee,,Sat
18:04:09,56,Milwaukee,,Sun
05:30:37,20,Madison,,Mon,Tue,Wed,Thu,Fri
15:28:40,20,Madison,,Sat
13:38:06,60,Blue Island/26th,,Sat
00:41:19,20,Madison,,Tue,Wed,Thu,Fri,Sat
11:04:00,20,Madison,,Sun
16:19:16,20,Madison,,Mon,Tue,Wed,Thu,Fri
11:49:50,J14,Jeffery Jump,,Mon,Tue,Wed,Thu,Fri
15:03:36,J14,Jeffery Jump,,Sat
22:00:46,56,Milwaukee,,Mon,Tue,Wed,Thu,Fri
02:43:28,60,Blue Island/26th,,Sun
21:13:31,60,Blue Island/26th,,Sat
08:20:59,J14,Jeffery Jump,,Sat
19:58:02,56,Milwaukee,,Sun
05:13:28,60,Blue Island/26th,,Sat
11:10:40,20,Madison,,Sat
04:12:49,20,Madison,,Mon,Tue,Wed,Thu,Fri
14:04:34,60,Blue Island/26th,,Sun
06:56:14,60,Blue Island/26th,,Mon,Tue,Wed,Thu,Fri
17:14:46,20,Madison,,Mon,Tue,Wed,Thu,Fri
11:39:50,J14,Jeffery Jump,,Mon,Tue,Wed,Thu,Fri
18:22:20,J14,Jeffery Jump,,Mon,Tue,Wed,Thu,Fri
19:24:40,20,Madison,,Sat
12:09:50,J14,Jeffery Jump,,Mon,Tue,Wed,Thu,Fri
16:02:16,20,Madison,,Mon,Tue,Wed,Thu,Fri
09:05:09,56,Milwaukee,,Sat
21:46:09,56,Milwaukee,,Sat
07:53:31,60,Blue Island/26th,,Sat
15:04:34,60,Blue Island/26th,,Sun
13:22:20,20,Madison,,Mon,Tue,Wed,Thu,Fri
13:44:34,60,Blue Island/26th,,Sun
17:44:41,20,Madison,,Mon,Tue,Wed,Thu,Fri
09:07:47,20,Madison,,Mon,Tue,Wed,Thu,Fri
21:13:01,60,Blue Island/26th,,Sun
21:01:18,56,Milwaukee,,Sun
21:15:59,J14,Jeffery Jump,,Sat
11:20:40,20,Madison,,Sat
10:24:32,124,Navy Pier,,Mon,Tue,Wed,Thu,Fri
16:39:28,56,Milwaukee,,Mon,Tue,Wed,Thu,Fri
22:02:20,20,Madison,,Sat
07:33:06,J14,Jeffery Jump,,Sat
06:30:37,20,Madison,,Mon,Tue,Wed,Thu,Fri
16:23:09,56,Milwaukee,,Sun
06:57:31,60,Blue Island/26th,,Sun
11:56:43,J14,Jeffery Jump,,Sat
15:00:46,56,Milwaukee,,Sat
18:29:37,56,Milwaukee,,Mon,Tue,Wed,Thu,Fri
18:51:06,J14,Jeffery Jump,,Mon,Tue,Wed,Thu,Fri
09:56:36,J14,Jeffery Jump,,Sun
10:30:29,J14,Jeffery Jump,,Sat
20:45:59,J14,Jeffery Jump,,Sat
13:54:34,60,Blue Island/26th,,Sun
15:37:16,20,Madison,,Mon,Tue,Wed,Thu,Fri
11:26:29,J14,Jeffery Jump,,Sun
14:35:44,60,Blue Island/26th,,Mon,Tue,Wed,Thu,Fri
10:50:31,60,Blue Island/26th,,Sun
11:24:00,20,Madison,,Sun
13:55:36,J14,Jeffery Jump,,Sat
16:30:42,157,Streeterville/Taylor,,Mon,Tue,Wed,Thu,Fri
20:13:45,J14,Jeffery Jump,,Sun
16:37:29,124,Navy Pier,,Sun
14:31:10,20,Madison,,Sun
05:35:18,56,Milwaukee,,Sat
18:50:00,20,Madison,,Sun
18:36:40,20,Madison,,Sat
09:07:47,20,Madison,,Mon,Tue,Wed,Thu,Fri
05:09:06,J14,Jeffery Jump,,Mon,Tue,Wed,Thu,Fri
06:47:55,56,Milwaukee,,Sat
02:12:49,20,Madison,,Sun
21:00:31,60,Blue Island/26th,,Sun
11:42:36,60,Blue Island/26th,,Sat
18:03:32,124,Navy Pier,,Sat
06:13:59,J14,Jeffery Jump,,Sat
14:27:36,60,Blue Island/26th,,Sat
07:04:44,60,Blue Island/26th,,Mon,Tue,Wed,Thu,Fri
08:24:20,60,Blue Island/26th,,Mon,Tue,Wed,Thu,Fri
06:52:00,157,Streeterville/Taylor,,Mon,Tue,Wed,Thu,Fri
08:53:40,20,Madison,,Sat
17:41:15,157,Streeterville/Taylor,,Mon,Tue,Wed,Thu,Fri
15:52:34,60,Blue Island/26th,,Sun
06:58:31,60,Blue Island/26th,,Sat
20:50:31,60,Blue Island/26th,,Sun
07:48:50,20,Madison,,Sun
16:29:28,56,Milwaukee,,Mon,Tue,Wed,Thu,Fri
07:32:17,60,Blue Island/26th,,Mon,Tue,Wed,Thu,Fri
19:04:52,J14,Jeffery Jump,,Sun
00:43:34,60,Blue Island/26th,,Mon
10:34:32,56,Milwaukee,,Sun
21:35:20,20,Madison,,Mon,Tue,Wed,Thu,Fri
14:54:36,20,Madison,,Mon,Tue,Wed,Thu,Fri
09:06:34,157,Streeterville/Taylor,,Mon,Tue,Wed,Thu,Fri
20:16:34,60,Blue Island/26th,,Sat
00:57:49,20,Madison,,Mon
05:39:32,56,Milwaukee,,Mon,Tue,Wed,Thu,Fri
23:57:20,20,Madison,,Sun
13:24:34,60,Blue Island/26th,,Sun
10:02:56,124,Navy Pier,,Sun
14:21:10,20,Madison,,Sun
18:04:09,56,Milwaukee,,Sun
12:16:43,J14,Jeffery Jump,,Sat
11:50:34,60,Blue Island/26th,,Sun
17:27:40,J14,Jeffery Jump,,Mon,Tue,Wed,Thu,Fri
20:40:46,56,Milwaukee,,Mon,Tue,Wed,Thu,Fri
15:00:06,J14,Jeffery Jump,,Sun
16:12:34,60,Blue Island/26th,,Sun
10:54:00,20,Madison,,Sun
12:04:00,20,Madison,,Sun
04:43:26,60,Blue Island/26th,,Mon,Tue,Wed,Thu,Fri
13:04:47,157,Streeterville/Taylor,,Mon,Tue,Wed,Thu,Fri
15:27:29,124,Navy Pier,,Sat
13:57:39,56,Milwaukee,,Sat
08:24:10,20,Madison,,Sat
15:33:36,J14,Jeffery Jump,,Sat
14:40:30,20,Madison,,Mon,Tue,Wed,Thu,Fri
12:49:50,J14,Jeffery Jump,,Mon,Tue,Wed,Thu,Fri
00:57:49,20,Madison,,Mon
14:53:36,J14,Jeffery Jump,,Sat
20:42:29,124,Navy Pier,,Mon,Tue,Wed,Thu,Fri
20:26:31,60,Blue Island/26th,,Sat
07:16:17,20,Madison,,Mon,Tue,Wed,Thu,Fri
00:12:49,20,Madison,,Mon
19:04:52,J14,Jeffery Jump,,Sun
15:20:29,124,Navy Pier,,Sun
21:39:46,56,Milwaukee,,Mon,Tue,Wed,Thu,Fri
07:39:20,J14,Jeffery Jump,,Mon,Tue,Wed,Thu,Fri
09:23:40,20,Madison,,Sat
14:32:55,20,Madison,,Mon,Tue,Wed,Thu,Fri
12:12:00,56,Milwaukee,,Mon,Tue,Wed,Thu,Fri
11:00:06,J14,Jeffery Jump,,Sat
20:55:59,J14,Jeffery Jump,,Sat
19:26:34,60,Blue Island/26th,,Sat
13:02:29,J14,Jeffery Jump,,Sun
09:48:14,157,Streeterville/Taylor,,Mon,Tue,Wed,Thu,Fri
03:43:28,60,Blue Island/26th,,Sun
22:17:23,124,Navy Pier,,Mon,Tue,Wed,Thu,Fri
17:34:46,20,Madison,,Mon,Tue,Wed,Thu,Fri
08:37:30,56,Milwaukee,,Mon,Tue,Wed,Thu,Fri
16:29:59,J14,Jeffery Jump,,Sun
14:44:46,56,Milwaukee,,Sat
06:19:20,20,Madison,,Sat
12:46:00,56,Milwaukee,,Mon,Tue,Wed,Thu,Fri
11:22:40,20,Madison,,Mon,Tue,Wed,Thu,Fri
16:12:34,60,Blue Island/26th,,Sun
12:44:39,56,Milwaukee,,Sun
18:33:22,60,Blue Island/26th,,Mon,Tue,Wed,Thu,Fri
08:27:20,157,Streeterville/Taylor,,Mon,Tue,Wed,Thu,Fri
15:45:29,124,Navy Pier,,Sun
20:27:23,124,Navy Pier,,Sun
09:56:36,J14,Jeffery Jump,,Sun
12:02:44,60,Blue Island/26th,,Mon,Tue,Wed,Thu,Fri
05:37:59,J14,Jeffery Jump,,Sat
21:26:09,56,Milwaukee,,Sat
10:06:32,124,Navy Pier,,Mon,Tue,Wed,Thu,Fri
11:19:13,J14,Jeffery Jump,,Sat
22:02:36,60,Blue Island/26th,,Mon,Tue,Wed,Thu,Fri
22:43:53,124,Navy Pier,,Sat
07:59:50,J14,Jeffery Jump,,Mon,Tue,Wed,Thu,Fri
07:42:01,60,Blue Island/26th,,Sun
16:29:16,20,Madison,,Mon,Tue,Wed,Thu,Fri
18:14:47,157,Streeterville/Taylor,,Mon,Tue,Wed,Thu,Fri
12:57:20,20,Madison,,Mon,Tue,Wed,Thu,Fri
19:10:31,60,Blue Island/26th,,Sun
17:27:58,56,Milwaukee,,Mon,Tue,Wed,Thu,Fri
08:50:56,J14,Jeffery Jump,,Mon,Tue,Wed,Thu,Fri
21:26:20,20,Madison,,Mon,Tue,Wed,Thu,Fri
13:51:10,20,Madison,,Sun
06:12:43,J14,Jeffery Jump,,Mon,Tue,Wed,Thu,Fri
21:33:45,J14,Jeffery Jump,,Sun
09:18:25,56,Milwaukee,,Sun
15:38:56,J14,Jeffery Jump,,Mon,Tue,Wed,Thu,Fri
04:56:29,J14,Jeffery Jump,,Mon,Tue,Wed,Thu,Fri
14:01:29,124,Navy Pier,,Sat
20:40:02,56,Milwaukee,,Sun
14:25:36,J14,Jeffery Jump,,Sat
16:43:27,60,Blue Island/26th,,Mon,Tue,Wed,Thu,Fri
11:59:34,60,Blue Island/26th,,Sun
09:04:23,56,Milwaukee,,Mon,Tue,Wed,Thu,Fri
15:48:56,J14,Jeffery Jump,,Mon,Tue,Wed,Thu,Fri
13:58:40,20,Madison,,Sat
13:30:20,20,Madison,,Mon,Tue,Wed,Thu,Fri
16:51:10,20,Madison,,Sun
19:50:20,20,Madison,,Mon,Tue,Wed,Thu,Fri
10:21:31,60,Blue Island/26th,,Sun
18:46:34,60,Blue Island/26th,,Sat
06:12:43,J14,Jeffery Jump,,Mon,Tue,Wed,Thu,Fri
16:29:16,20,Madison,,Mon,Tue,Wed,Thu,Fri
16:08:16,20,Madison,,Mon,Tue,Wed,Thu,Fri
12:39:50,J14,Jeffery Jump,,Mon,Tue,Wed,Thu,Fri
07:39:20,J14,Jeffery Jump,,Mon,Tue,Wed,Thu,Fri
16:23:36,J14,Jeffery Jump,,Sat
06:58:12,20,Madison,,Mon,Tue,Wed,Thu,Fri
09:01:14,60,Blue Island/26th,,Mon,Tue,Wed,Thu,Fri
09:22:29,J14,Jeffery Jump,,Sat
17:34:46,20,Madison,,Mon,Tue,Wed,Thu,Fri
12:58:39,56,Milwaukee,,Sat
14:01:10,20,Madison,,Sun
20:53:45,J14,Jeffery Jump,,Sun
20:54:25,20,Madison,,Sat
12:29:50,J14,Jeffery Jump,,Mon,Tue,Wed,Thu,Fri
22:56:31,60,Blue Island/26th,,Sun
23:13:20,20,Madison,,Sat
02:43:28,60,Blue Island/26th,,Tue,Wed,Thu,Fri,Sat
19:37:32,56,Milwaukee,,Sun
10:52:40,20,Madison,,Mon,Tue,Wed,Thu,Fri
07:46:06,J14,Jeffery Jump,,Sat
15:28:40,20,Madison,,Sat
08:15:56,J14,Jeffery Jump,,Mon,Tue,Wed,Thu,Fri
21:26:09,56,Milwaukee,,Sat
17:24:46,20,Madison,,Mon,Tue,Wed,Thu,Fri
11:58:50,20,Madison,,Mon,Tue,Wed,Thu,Fri
22:06:09,56,Milwaukee,,Sat
16:08:56,J14,Jeffery Jump,,Mon,Tue,Wed,Thu,Fri
19:15:59,J14,Jeffery Jump,,Sat
17:03:16,124,Navy Pier,,Mon,Tue,Wed,Thu,Fri
14:34:34,60,Blue Island/26th,,Sun
13:43:09,56,Milwaukee,,Sat
11:34:00,20,Madison,,Sun
19:48:29,J14,Jeffery Jump,,Mon,Tue,Wed,Thu,Fri
10:46:29,J14,Jeffery Jump,,Sun
09:56:32,56,Milwaukee,,Sun
07:43:30,20,Madison,,Sat
08:10:56,J14,Jeffery Jump,,Mon,Tue,Wed,Thu,Fri
02:13:28,60,Blue Island/26th,,Sun
14:01:29,124,Navy Pier,,Sat
03:12:49,20,Madison,,Sat
05:11:19,20,Madison,,Sun
18:58:39,56,Milwaukee,,Sun
08:32:56,J14,Jeffery Jump,,Mon,Tue,Wed,Thu,Fri
17:57:04,60,Blue Island/26th,,Sat
23:35:04,60,Blue Island/26th,,Mon,Tue,Wed,Thu,Fri
20:53:45,J14,Jeffery Jump,,Sun
21:05:59,J14,Jeffery Jump,,Sat
20:57:36,J14,Jeffery Jump,,Mon,Tue,Wed,Thu,Fri
16:49:28,56,Milwaukee,,Mon,Tue,Wed,Thu,Fri
11:37:53,56,Milwaukee,,Mon,Tue,Wed,Thu,Fri
16:07:09,56,Milwaukee,,Sun
09:40:34,60,Blue Island/26th,,Sat
15:43:34,60,Blue Island/26th,,Sun
12:30:47,157,Streeterville/Taylor,,Mon,Tue,Wed,Thu,Fri
13:38:47,157,Streeterville/Taylor,,Mon,Tue,Wed,Thu,Fri
06:48:42,20,Madison,,Mon,Tue,Wed,Thu,Fri
00:23:34,60,Blue Island/26th,,Mon
10:59:01,60,Blue Island/26th,,Sun
09:22:29,J14,Jeffery Jump,,Sat
21:47:18,56,Milwaukee,,Sun
14:58:32,124,Navy Pier,,Mon,Tue,Wed,Thu,Fri
18:16:44,56,Milwaukee,,Mon,Tue,Wed,Thu,Fri
22:58:50,20,Madison,,Sat
10:30:43,J14,Jeffery Jump,,Mon,Tue,Wed,Thu,Fri
15:21:10,20,Madison,,Sun
17:27:29,124,Navy Pier,,Sun
11:04:09,56,Milwaukee,,Sat
08:44:00,56,Milwaukee,,Mon,Tue,Wed,Thu,Fri
07:36:17,20,Madison,,Mon,Tue,Wed,Thu,Fri
15:44:16,20,Madison,,Mon,Tue,Wed,Thu,Fri
10:50:40,20,Madison,,Sat
20:04:53,56,Milwaukee,,Mon,Tue,Wed,Thu,Fri
15:19:17,157,Streeterville/Taylor,,Mon,Tue,Wed,Thu,Fri
18:28:36,J14,Jeffery Jump,,Sat
16:41:10,20,Madison,,Sun
14:45:36,J14,Jeffery Jump,,Sat
15:44:29,124,Navy Pier,,Sat
13:21:10,20,Madison,,Sun
15:30:06,J14,Jeffery Jump,,Sun
09:16:44,60,Blue Island/26th,,Mon,Tue,Wed,Thu,Fri
20:19:02,56,Milwaukee,,Sun
08:06:17,20,Madison,,Mon,Tue,Wed,Thu,Fri
07:10:25,20,Madison,,Sat
09:14:26,J14,Jeffery Jump,,Mon,Tue,Wed,Thu,Fri
14:43:40,20,Madison,,Sat
14:29:56,124,Navy Pier,,Sun
09:04:01,60,Blue Island/26th,,Sat
20:26:09,56,Milwaukee,,Sat
19:22:50,60,Blue Island/26th,,Mon,Tue,Wed,Thu,Fri
11:22:09,56,Milwaukee,,Sat
09:04:00,20,Madison,,Sun
15:37:16,20,Madison,,Mon,Tue,Wed,Thu,Fri
19:13:45,J14,Jeffery Jump,,Sun
12:26:04,60,Blue Island/26th,,Sun
14:10:06,J14,Jeffery Jump,,Sun
09:36:36,J14,Jeffery Jump,,Sun
11:40:45,20,Madison,,Mon,Tue,Wed,Thu,Fri
16:21:10,20,Madison,,Sun
12:10:36,60,Blue Island/26th,,Sat
10:00:04,60,Blue Island/26th,,Sat
11:12:02,56,Milwaukee,,Sun
14:55:29,124,Navy Pier,,Sun
07:45:17,20,Madison,,Mon,Tue,Wed,Thu,Fri
16:13:36,J14,Jeffery Jump,,Sat
20:27:23,124,Navy Pier,,Sun
14:26:14,60,Blue Island/26th,,Mon,Tue,Wed,Thu,Fri
14:25:20,20,Madison,,Mon,Tue,Wed,Thu,Fri
08:14:00,56,Milwaukee,,Mon,Tue,Wed,Thu,Fri
02:42:49,20,Madison,,Mon
19:30:31,60,Blue Island/26th,,Sun
09:18:50,J14,Jeffery Jump,,Mon,Tue,Wed,Thu,Fri
16:54:46,20,Madison,,Mon,Tue,Wed,Thu,Fri
12:29:56,124,Navy Pier,,Sun
06:20:43,J14,Jeffery Jump,,Mon,Tue,Wed,Thu,Fri
06:52:00,157,Streeterville/Taylor,,Mon,Tue,Wed,Thu,Fri
09:20:47,157,Streeterville/Taylor,,Mon,Tue,Wed,Thu,Fri
18:01:31,20,Madison,,Mon,Tue,Wed,Thu,Fri
05:59:39,60,Blue Island/26th,,Mon,Tue,Wed,Thu,Fri
12:34:34,60,Blue Island/26th,,Sun
18:36:40,20,Madison,,Sat
11:04:09,56,Milwaukee,,Sat
12:51:10,20,Madison,,Sun
13:28:06,60,Blue Island/26th,,Sat
05:01:02,20,Madison,,Mon,Tue,Wed,Thu,Fri
05:35:18,56,Milwaukee,,Sat
16:01:10,20,Madison,,Sun
05:56:06,J14,Jeffery Jump,,Mon,Tue,Wed,Thu,Fri
11:37:13,J14,Jeffery Jump,,Sat
21:27:27,157,Streeterville/Taylor,,Mon,Tue,Wed,Thu,Fri
20:24:40,20,Madison,,Sat
15:40:06,J14,Jeffery Jump,,Sun
13:31:40,20,Madison,,Sat
13:52:00,56,Milwaukee,,Mon,Tue,Wed,Thu,Fri
21:26:20,20,Madison,,Mon,Tue,Wed,Thu,Fri
07:49:47,60,Blue Island/26th,,Mon,Tue,Wed,Thu,Fri
21:29:20,20,Madison,,Sun
23:21:04,60,Blue Island/26th,,Sat
17:27:04,60,Blue Island/26th,,Sat
20:20:10,20,Madison,,Mon,Tue,Wed,Thu,Fri
18:20:00,20,Madison,,Sun
19:00:31,60,Blue Island/26th,,Sun
20:35:59,J14,Jeffery Jump,,Sat
22:02:36,60,Blue Island/26th,,Mon,Tue,Wed,Thu,Fri
12:46:40,20,Madison,,Sat
18:54:52,J14,Jeffery Jump,,Sun
11:20:53,56,Milwaukee,,Mon,Tue,Wed,Thu,Fri
11:30:32,56,Milwaukee,,Sun
11:42:04,60,Blue Island/26th,,Sun
00:57:49,20,Madison,,Sun
08:53:40,20,Madison,,Sat
19:47:09,56,Milwaukee,,Sat
05:09:48,56,Milwaukee,,Sat
19:48:29,J14,Jeffery Jump,,Mon,Tue,Wed,Thu,Fri
06:09:39,60,Blue Island/26th,,Mon,Tue,Wed,Thu,Fri
20:57:36,J14,Jeffery Jump,,Mon,Tue,Wed,Thu,Fri
10:12:40,20,Madison,,Mon,Tue,Wed,Thu,Fri
17:27:29,124,Navy Pier,,Sun
20:10:27,157,Streeterville/Taylor,,Mon,Tue,Wed,Thu,Fri
21:58:20,20,Madison,,Sun
19:28:09,56,Milwaukee,,Sat
18:54:26,20,Madison,,Mon,Tue,Wed,Thu,Fri
05:10:48,56,Milwaukee,,Sun
18:40:06,124,Navy Pier,,Mon,Tue,Wed,Thu,Fri
15:27:36,60,Blue Island/26th,,Sat
21:25:50,20,Madison,,Sat
20:18:29,124,Navy Pier,,Mon,Tue,Wed,Thu,Fri
03:43:28,60,Blue Island/26th,,Sat
19:20:00,20,Madison,,Sun
06:45:16,56,Milwaukee,,Mon,Tue,Wed,Thu,Fri
18:26:22,J14,Jeffery Jump,,Sun
21:18:46,56,Milwaukee,,Mon,Tue,Wed,Thu,Fri
11:55:09,56,Milwaukee,,Sat
21:06:29,124,Navy Pier,,Mon,Tue,Wed,Thu,Fri
08:43:40,20,Madison,,Sat
08:17:50,60,Blue Island/26th,,Mon,Tue,Wed,Thu,Fri
12:15:29,J14,Jeffery Jump,,Sun
22:12:50,20,Madison,,Sun
21:16:59,J14,Jeffery Jump,,Mon,Tue,Wed,Thu,Fri
19:02:50,60,Blue Island/26th,,Mon,Tue,Wed,Thu,Fri
11:22:09,56,Milwaukee,,Sat
17:16:27,60,Blue Island/26th,,Mon,Tue,Wed,Thu,Fri
23:39:04,60,Blue Island/26th,,Sat
14:35:44,60,Blue Island/26th,,Mon,Tue,Wed,Thu,Fri
20:37:59,J14,Jeffery Jump,,Mon,Tue,Wed,Thu,Fri
14:18:59,124,Navy Pier,,Sat
16:59:59,J14,Jeffery Jump,,Sun
11:56:47,157,Streeterville/Taylor,,Mon,Tue,Wed,Thu,Fri
05:37:58,60,Blue Island/26th,,Sat
22:10:50,20,Madison,,Mon,Tue,Wed,Thu,Fri
14:35:36,J14,Jeffery Jump,,Sat
12:36:43,J14,Jeffery Jump,,Sat
18:43:30,56,Milwaukee,,Mon,Tue,Wed,Thu,Fri
21:26:31,60,Blue Island/26th,,Sun
18:35:52,J14,Jeffery Jump,,Sun
22:13:49,124,Navy Pier,,Sun
17:32:34,60,Blue Island/26th,,Sun
16:34:55,60,Blue Island/26th,,Mon,Tue,Wed,Thu,Fri
06:18:58,60,Blue Island/26th,,Sat
17:00:45,157,Streeterville/Taylor,,Mon,Tue,Wed,Thu,Fri
06:13:01,60,Blue Island/26th,,Sun
16:49:46,20,Madison,,Mon,Tue,Wed,Thu,Fri
06:36:20,20,Madison,,Sat
12:52:59,J14,Jeffery Jump,,Sun
07:17:20,J14,Jeffery Jump,,Mon,Tue,Wed,Thu,Fri
18:54:40,20,Madison,,Sat
00:12:49,20,Madison,,Sun
08:21:26,J14,Jeffery Jump,,Mon,Tue,Wed,Thu,Fri
07:23:44,60,Blue Island/26th,,Mon,Tue,Wed,Thu,Fri
10:46:29,J14,Jeffery Jump,,Sun
20:40:02,56,Milwaukee,,Sun
09:12:04,60,Blue Island/26th,,Sat
08:44:56,J14,Jeffery Jump,,Mon,Tue,Wed,Thu,Fri
11:24:34,60,Blue Island/26th,,Sat
03:42:49,20,Madison,,Sat
12:48:50,20,Madison,,Mon,Tue,Wed,Thu,Fri
07:45:06,J14,Jeffery Jump,,Sun
10:53:32,56,Milwaukee,,Sun
16:34:46,20,Madison,,Mon,Tue,Wed,Thu,Fri
05:36:18,56,Milwaukee,,Sun
20:58:46,56,Milwaukee,,Mon,Tue,Wed,Thu,Fri
16:47:36,60,Blue Island/26th,,Sat
12:29:00,56,Milwaukee,,Mon,Tue,Wed,Thu,Fri
18:07:04,60,Blue Island/26th,,Sat
19:33:45,J14,Jeffery Jump,,Sun
19:36:56,124,Navy Pier,,Sun
12:06:43,J14,Jeffery Jump,,Sat
19:45:59,J14,Jeffery Jump,,Sat
11:06:04,60,Blue Island/26th,,Sat
14:15:36,J14,Jeffery Jump,,Sat
15:07:36,60,Blue Island/26th,,Sat
14:07:40,20,Madison,,Sat
08:33:31,60,Blue Island/26th,,Sun
06:01:18,56,Milwaukee,,Sun
12:33:59,J14,Jeffery Jump,,Sun
08:16:50,157,Streeterville/Taylor,,Mon,Tue,Wed,Thu,Fri
16:17:36,60,Blue Island/26th,,Sat
14:39:43,J14,Jeffery Jump,,Mon,Tue,Wed,Thu,Fri
03:42:49,20,Madison,,Sun
08:43:01,60,Blue Island/26th,,Sun
15:49:02,124,Navy Pier,,Mon,Tue,Wed,Thu,Fri
20:20:10,20,Madison,,Mon,Tue,Wed,Thu,Fri
12:52:59,J14,Jeffery Jump,,Sun
21:06:20,20,Madison,,Sat
07:28:50,J14,Jeffery Jump,,Mon,Tue,Wed,Thu,Fri
17:40:46,56,Milwaukee,,Sat
10:06:39,56,Milwaukee,,Sat
10:56:04,60,Blue Island/26th,,Sat
14:34:40,20,Madison,,Sat
20:18:29,124,Navy Pier,,Mon,Tue,Wed,Thu,Fri
00:43:34,60,Blue Island/26th,,Mon
20:15:59,J14,Jeffery Jump,,Sat
12:12:00,56,Milwaukee,,Mon,Tue,Wed,Thu,Fri
22:55:04,60,Blue Island/26th,,Mon,Tue,Wed,Thu,Fri
09:46:36,J14,Jeffery Jump,,Sun
14:17:14,60,Blue Island/26th,,Mon,Tue,Wed,Thu,Fri
19:30:53,56,Milwaukee,,Mon,Tue,Wed,Thu,Fri
21:09:56,124,Navy Pier,,Sat
11:20:53,56,Milwaukee,,Mon,Tue,Wed,Thu,Fri
15:30:00,56,Milwaukee,,Mon,Tue,Wed,Thu,Fri
17:04:58,56,Milwaukee,,Mon,Tue,Wed,Thu,Fri
15:42:00,56,Milwaukee,,Mon,Tue,Wed,Thu,Fri
07:49:50,J14,Jeffery Jump,,Mon,Tue,Wed,Thu,Fri
11:09:36,J14,Jeffery Jump,,Sat
11:06:29,J14,Jeffery Jump,,Sun
10:50:29,J14,Jeffery Jump,,Sat
17:08:46,56,Milwaukee,,Sat
12:48:50,20,Madison,,Mon,Tue,Wed,Thu,Fri
12:24:00,20,Madison,,Sun
00:57:49,20,Madison,,Sun
01:13:31,60,Blue Island/26th,,Sun
09:07:06,J14,Jeffery Jump,,Sun
13:51:10,20,Madison,,Sun
22:17:34,60,Blue Island/26th,,Mon,Tue,Wed,Thu,Fri
19:47:53,56,Milwaukee,,Mon,Tue,Wed,Thu,Fri
09:24:00,20,Madison,,Sun
12:13:47,157,Streeterville/Taylor,,Mon,Tue,Wed,Thu,Fri
07:10:20,J14,Jeffery Jump,,Mon,Tue,Wed,Thu,Fri
13:53:20,20,Madison,,Mon,Tue,Wed,Thu,Fri
12:28:50,20,Madison,,Mon,Tue,Wed,Thu,Fri
17:27:49,124,Navy Pier,,Mon,Tue,Wed,Thu,Fri
18:27:40,20,Madison,,Sat
12:26:43,J14,Jeffery Jump,,Sat
18:23:22,60,Blue Island/26th,,Mon,Tue,Wed,Thu,Fri
21:43:50,20,Madison,,Sun
07:53:31,60,Blue Island/26th,,Sat
09:12:49,124,Navy Pier,,Sun
18:07:26,20,Madison,,Mon,Tue,Wed,Thu,Fri
06:10:37,20,Madison,,Mon,Tue,Wed,Thu,Fri
15:16:16,20,Madison,,Mon,Tue,Wed,Thu,Fri
17:41:05,20,Madison,,Sun
23:42:20,20,Madison,,Sun
17:37:40,20,Madison,,Sat
19:25:59,J14,Jeffery Jump,,Sat
15:07:36,60,Blue Island/26th,,Sat
10:15:39,56,Milwaukee,,Sun
10:06:56,124,Navy Pier,,Sat
13:59:43,J14,Jeffery Jump,,Mon,Tue,Wed,Thu,Fri
18:35:52,J14,Jeffery Jump,,Sun
20:51:42,60,Blue Island/26th,,Mon,Tue,Wed,Thu,Fri
12:59:43,J14,Jeffery Jump,,Mon,Tue,Wed,Thu,Fri
01:42:49,20,Madison,,Tue,Wed,Thu,Fri,Sat
22:06:01,60,Blue Island/26th,,Sat
14:09:43,J14,Jeffery Jump,,Mon,Tue,Wed,Thu,Fri
13:05:50,20,Madison,,Mon,Tue,Wed,Thu,Fri
09:38:47,20,Madison,,Mon,Tue,Wed,Thu,Fri
18:40:00,20,Madison,,Sun
15:50:06,J14,Jeffery Jump,,Sun
21:36:29,J14,Jeffery Jump,,Mon,Tue,Wed,Thu,Fri
12:05:56,124,Navy Pier,,Sun
15:47:47,157,Streeterville/Taylor,,Mon,Tue,Wed,Thu,Fri
14:05:56,124,Navy Pier,,Sun
09:32:14,60,Blue Island/26th,,Mon,Tue,Wed,Thu,Fri
16:36:46,56,Milwaukee,,Sat
12:26:09,56,Milwaukee,,Sun
09:06:34,157,Streeterville/Taylor,,Mon,Tue,Wed,Thu,Fri
23:58:04,60,Blue Island/26th,,Sat
17:04:46,20,Madison,,Mon,Tue,Wed,Thu,Fri
13:41:36,J14,Jeffery Jump,,Sun
09:44:00,20,Madison,,Sun
19:40:31,60,Blue Island/26th,,Sun
09:47:46,56,Milwaukee,,Mon,Tue,Wed,Thu,Fri
16:35:59,124,Navy Pier,,Sat
06:19:39,60,Blue Island/26th,,Mon,Tue,Wed,Thu,Fri
17:01:29,124,Navy Pier,,Sun
20:46:09,56,Milwaukee,,Sat
12:46:00,56,Milwaukee,,Mon,Tue,Wed,Thu,Fri
17:24:46,56,Milwaukee,,Sat
22:41:53,124,Navy Pier,,Mon,Tue,Wed,Thu,Fri
13:55:47,157,Streeterville/Taylor,,Mon,Tue,Wed,Thu,Fri
17:27:45,157,Streeterville/Taylor,,Mon,Tue,Wed,Thu,Fri
07:57:50,60,Blue Island/26th,,Mon,Tue,Wed,Thu,Fri
22:16:20,20,Madison,,Sat
08:32:47,20,Madison,,Mon,Tue,Wed,Thu,Fri
20:15:59,J14,Jeffery Jump,,Sat
17:36:10,J14,Jeffery Jump,,Mon,Tue,Wed,Thu,Fri
21:47:27,157,Streeterville/Taylor,,Mon,Tue,Wed,Thu,Fri
08:48:42,124,Navy Pier,,Mon,Tue,Wed,Thu,Fri
17:46:02,124,Navy Pier,,Sat
13:22:40,20,Madison,,Sat
06:25:18,56,Milwaukee,,Sun
22:26:09,56,Milwaukee,,Sat
20:55:59,J14,Jeffery Jump,,Sat
07:59:30,20,Madison,,Sat
08:00:06,J14,Jeffery Jump,,Sun
13:21:12,60,Blue Island/26th,,Mon,Tue,Wed,Thu,Fri
22:19:56,124,Navy Pier,,Sat
09:21:31,60,Blue Island/26th,,Sun
09:31:31,60,Blue Island/26th,,Sun
11:15:04,60,Blue Island/26th,,Sat
17:52:34,60,Blue Island/26th,,Sun
12:50:29,124,Navy Pier,,Sat
06:28:12,60,Blue Island/26th,,Mon,Tue,Wed,Thu,Fri
04:12:49,20,Madison,,Mon,Tue,Wed,Thu,Fri
03:43:26,60,Blue Island/26th,,Mon,Tue,Wed,Thu,Fri
10:40:43,J14,Jeffery Jump,,Mon,Tue,Wed,Thu,Fri
13:16:29,J14,Jeffery Jump,,Sat
17:25:27,60,Blue Island/26th,,Mon,Tue,Wed,Thu,Fri
07:54:50,J14,Jeffery Jump,,Mon,Tue,Wed,Thu,Fri
22:57:20,20,Madison,,Sun
08:04:50,20,Madison,,Sun
20:59:20,20,Madison,,Sun
17:11:10,20,Madison,,Sun
20:31:44,60,Blue Island/26th,,Mon,Tue,Wed,Thu,Fri
15:10:29,124,Navy Pier,,Sat
09:12:31,60,Blue Island/26th,,Sun
14:16:40,20,Madison,,Sat
15:30:06,J14,Jeffery Jump,,Sun
20:48:27,157,Streeterville/Taylor,,Mon,Tue,Wed,Thu,Fri
14:34:40,20,Madison,,Sat
17:11:32,124,Navy Pier,,Sat
21:45:50,20,Madison,,Mon,Tue,Wed,Thu,Fri
10:50:43,J14,Jeffery Jump,,Mon,Tue,Wed,Thu,Fri
14:37:30,56,Milwaukee,,Mon,Tue,Wed,Thu,Fri
16:43:27,60,Blue Island/26th,,Mon,Tue,Wed,Thu,Fri
09:08:42,124,Navy Pier,,Mon,Tue,Wed,Thu,Fri
19:13:56,124,Navy Pier,,Sat
09:42:13,J14,Jeffery Jump,,Mon,Tue,Wed,Thu,Fri
13:21:36,J14,Jeffery Jump,,Sun
07:36:31,60,Blue Island/26th,,Sat
22:35:04,60,Blue Island/26th,,Mon,Tue,Wed,Thu,Fri
19:29:00,20,Madison,,Mon,Tue,Wed,Thu,Fri
14:59:43,J14,Jeffery Jump,,Mon,Tue,Wed,Thu,Fri
22:04:22,J14,Jeffery Jump,,Mon,Tue,Wed,Thu,Fri
07:35:30,56,Milwaukee,,Mon,Tue,Wed,Thu,Fri
10:26:14,60,Blue Island/26th,,Mon,Tue,Wed,Thu,Fri
05:47:36,J14,Jeffery Jump,,Mon,Tue,Wed,Thu,Fri
16:39:09,56,Milwaukee,,Sun
13:21:10,20,Madison,,Sun
11:49:09,56,Milwaukee,,Sun
18:19:56,124,Navy Pier,,Sat
22:23:52,J14,Jeffery Jump,,Mon,Tue,Wed,Thu,Fri
13:50:06,J14,Jeffery Jump,,Sun
10:21:31,60,Blue Island/26th,,Sun
10:40:40,20,Madison,,Sat
05:59:20,20,Madison,,Sun
06:25:18,56,Milwaukee,,Sun
19:58:29,J14,Jeffery Jump,,Mon,Tue,Wed,Thu,Fri
19:30:26,20,Madison,,Mon,Tue,Wed,Thu,Fri
08:24:31,60,Blue Island/26th,,Sun
04:42:49,20,Madison,,Mon,Tue,Wed,Thu,Fri
14:12:47,157,Streeterville/Taylor,,Mon,Tue,Wed,Thu,Fri
15:45:29,124,Navy Pier,,Sun
08:50:30,56,Milwaukee,,Mon,Tue,Wed,Thu,Fri
07:44:20,J14,Jeffery Jump,,Mon,Tue,Wed,Thu,Fri
12:19:40,20,Madison,,Sat
01:12:49,20,Madison,,Sun
13:28:39,56,Milwaukee,,Sat
20:16:34,60,Blue Island/26th,,Sat
10:01:29,J14,Jeffery Jump,,Sat
09:13:59,124,Navy Pier,,Sat
08:00:30,56,Milwaukee,,Mon,Tue,Wed,Thu,Fri
16:47:40,J14,Jeffery Jump,,Mon,Tue,Wed,Thu,Fri
02:42:49,20,Madison,,Mon
05:38:13,J14,Jeffery Jump,,Mon,Tue,Wed,Thu,Fri
17:00:45,157,Streeterville/Taylor,,Mon,Tue,Wed,Thu,Fri
00:11:19,20,Madison,,Tue,Wed,Thu,Fri,Sat
10:40:29,J14,Jeffery Jump,,Sat
00:42:49,20,Madison,,Mon
10:31:56,124,Navy Pier,,Sat
22:40:49,124,Navy Pier,,Sun
16:16:04,157,Streeterville/Taylor,,Mon,Tue,Wed,Thu,Fri
07:36:31,60,Blue Island/26th,,Sat
16:44:46,20,Madison,,Mon,Tue,Wed,Thu,Fri
06:04:36,J14,Jeffery Jump,,Mon,Tue,Wed,Thu,Fri
10:20:29,J14,Jeffery Jump,,Sat
09:12:31,60,Blue Island/26th,,Sun
17:21:10,20,Madison,,Sun
18:53:20,60,Blue Island/26th,,Mon,Tue,Wed,Thu,Fri
08:16:01,60,Blue Island/26th,,Sat
21:03:45,J14,Jeffery Jump,,Sun
11:16:56,124,Navy Pier,,Sun
11:40:45,20,Madison,,Mon,Tue,Wed,Thu,Fri
12:13:47,157,Streeterville/Taylor,,Mon,Tue,Wed,Thu,Fri
15:55:40,20,Madison,,Sat
19:37:32,56,Milwaukee,,Sun
17:28:32,124,Navy Pier,,Sat
04:12:49,20,Madison,,Sat
17:46:09,56,Milwaukee,,Sun
22:19:56,124,Navy Pier,,Sat
13:41:36,J14,Jeffery Jump,,Sun
11:19:56,124,Navy Pier,,Sat
22:21:46,56,Milwaukee,,Mon,Tue,Wed,Thu,Fri
04:40:59,J14,Jeffery Jump,,Mon,Tue,Wed,Thu,Fri
08:22:47,20,Madison,,Mon,Tue,Wed,Thu,Fri
06:37:20,20,Madison,,Sun
14:03:32,124,Navy Pier,,Mon,Tue,Wed,Thu,Fri
09:26:39,56,Milwaukee,,Sat
11:30:32,56,Milwaukee,,Sun
08:08:00,56,Milwaukee,,Mon,Tue,Wed,Thu,Fri
06:51:20,J14,Jeffery Jump,,Mon,Tue,Wed,Thu,Fri
15:10:40,20,Madison,,Sat
16:57:04,60,Blue Island/26th,,Sat
01:42:49,20,Madison,,Sun
12:19:40,20,Madison,,Sat
20:52:49,124,Navy Pier,,Sun
15:19:09,56,Milwaukee,,Sun
11:15:04,60,Blue Island/26th,,Sat
07:14:00,157,Streeterville/Taylor,,Mon,Tue,Wed,Thu,Fri
20:10:31,60,Blue Island/26th,,Sun
15:44:16,20,Madison,,Mon,Tue,Wed,Thu,Fri
22:04:22,J14,Jeffery Jump,,Mon,Tue,Wed,Thu,Fri
12:44:39,56,Milwaukee,,Sun
02:13:28,60,Blue Island/26th,,Tue,Wed,Thu,Fri,Sat
11:26:29,J14,Jeffery Jump,,Sun
15:33:34,60,Blue Island/26th,,Sun
13:28:06,60,Blue Island/26th,,Sat
12:27:09,56,Milwaukee,,Sat
18:52:14,157,Streeterville/Taylor,,Mon,Tue,Wed,Thu,Fri
17:59:36,J14,Jeffery Jump,,Sat
10:26:09,56,Milwaukee,,Sat
20:30:00,20,Madison,,Sun
00:11:19,20,Madison,,Tue,Wed,Thu,Fri,Sat
14:54:34,60,Blue Island/26th,,Sun
21:16:59,J14,Jeffery Jump,,Mon,Tue,Wed,Thu,Fri
06:01:18,56,Milwaukee,,Sun
12:15:29,J14,Jeffery Jump,,Sun
08:52:50,157,Streeterville/Taylor,,Mon,Tue,Wed,Thu,Fri
21:39:46,56,Milwaukee,,Mon,Tue,Wed,Thu,Fri
17:02:34,60,Blue Island/26th,,Sun
15:01:10,20,Madison,,Sun
08:32:56,J14,Jeffery Jump,,Mon,Tue,Wed,Thu,Fri
08:53:01,60,Blue Island/26th,,Sun
09:12:47,20,Madison,,Mon,Tue,Wed,Thu,Fri
00:13:28,60,Blue Island/26th,,Tue,Wed,Thu,Fri,Sat
17:48:22,J14,Jeffery Jump,,Sun
11:59:50,J14,Jeffery Jump,,Mon,Tue,Wed,Thu,Fri
07:06:17,20,Madison,,Mon,Tue,Wed,Thu,Fri
08:06:17,20,Madison,,Mon,Tue,Wed,Thu,Fri
05:23:34,60,Blue Island/26th,,Mon,Tue,Wed,Thu,Fri
11:56:43,J14,Jeffery Jump,,Sat
20:41:42,60,Blue Island/26th,,Mon,Tue,Wed,Thu,Fri
09:44:00,20,Madison,,Sun
11:03:53,56,Milwaukee,,Mon,Tue,Wed,Thu,Fri
01:42:49,20,Madison,,Sun
20:35:59,J14,Jeffery Jump,,Sat
17:07:40,J14,Jeffery Jump,,Mon,Tue,Wed,Thu,Fri
19:43:45,J14,Jeffery Jump,,Sun
12:00:36,60,Blue Island/26th,,Sat
08:51:00,56,Milwaukee,,Mon,Tue,Wed,Thu,Fri
13:21:47,157,Streeterville/Taylor,,Mon,Tue,Wed,Thu,Fri
19:32:27,157,Streeterville/Taylor,,Mon,Tue,Wed,Thu,Fri
18:07:26,20,Madison,,Mon,Tue,Wed,Thu,Fri
17:39:43,J14,Jeffery Jump,,Sat
17:58:22,J14,Jeffery Jump,,Sun
04:42:49,20,Madison,,Sun
11:20:43,J14,Jeffery Jump,,Mon,Tue,Wed,Thu,Fri
09:24:44,60,Blue Island/26th,,Mon,Tue,Wed,Thu,Fri
07:45:06,J14,Jeffery Jump,,Sun
07:56:25,157,Streeterville/Taylor,,Mon,Tue,Wed,Thu,Fri
09:31:04,60,Blue Island/26th,,Sat
17:53:55,60,Blue Island/26th,,Mon,Tue,Wed,Thu,Fri
08:54:00,20,Madison,,Sun
19:28:29,J14,Jeffery Jump,,Mon,Tue,Wed,Thu,Fri
16:18:59,124,Navy Pier,,Sat
20:31:44,60,Blue Island/26th,,Mon,Tue,Wed,Thu,Fri
05:13:31,60,Blue Island/26th,,Sun
05:11:49,20,Madison,,Sat
10:14:00,20,Madison,,Sun
17:50:06,20,Madison,,Mon,Tue,Wed,Thu,Fri
12:58:36,60,Blue Island/26th,,Sat
20:33:45,J14,Jeffery Jump,,Sun
19:50:20,20,Madison,,Mon,Tue,Wed,Thu,Fri
18:11:01,60,Blue Island/26th,,Sun
05:09:06,J14,Jeffery Jump,,Mon,Tue,Wed,Thu,Fri
22:40:49,124,Navy Pier,,Sun
09:13:40,20,Madison,,Sat
15:41:10,20,Madison,,Sun
17:01:10,20,Madison,,Sun
17:59:36,J14,Jeffery Jump,,Sat
21:23:48,56,Milwaukee,,Sun
14:29:43,J14,Jeffery Jump,,Mon,Tue,Wed,Thu,Fri
01:42:49,20,Madison,,Mon
13:21:36,J14,Jeffery Jump,,Sun
08:39:25,56,Milwaukee,,Sun
10:20:40,20,Madison,,Sat
18:20:26,20,Madison,,Mon,Tue,Wed,Thu,Fri
20:48:27,157,Streeterville/Taylor,,Mon,Tue,Wed,Thu,Fri
18:03:32,124,Navy Pier,,Sat
08:42:47,20,Madison,,Mon,Tue,Wed,Thu,Fri
17:34:27,60,Blue Island/26th,,Mon,Tue,Wed,Thu,Fri
13:49:40,20,Madison,,Sat
11:08:01,60,Blue Island/26th,,Sun
11:58:50,20,Madison,,Mon,Tue,Wed,Thu,Fri
21:41:31,60,Blue Island/26th,,Sun
23:10:50,20,Madison,,Mon,Tue,Wed,Thu,Fri
21:11:20,20,Madison,,Sun
16:28:56,J14,Jeffery Jump,,Mon,Tue,Wed,Thu,Fri
20:30:10,20,Madison,,Mon,Tue,Wed,Thu,Fri
09:46:32,56,Milwaukee,,Sat
16:49:59,J14,Jeffery Jump,,Sun
16:44:46,20,Madison,,Mon,Tue,Wed,Thu,Fri
19:10:56,124,Navy Pier,,Sun
23:42:20,20,Madison,,Sat
20:56:31,60,Blue Island/26th,,Sat
16:27:36,60,Blue Island/26th,,Sat
13:36:00,56,Milwaukee,,Mon,Tue,Wed,Thu,Fri
15:43:36,J14,Jeffery Jump,,Sat
12:54:34,60,Blue Island/26th,,Sun
13:21:47,157,Streeterville/Taylor,,Mon,Tue,Wed,Thu,Fri
20:30:31,60,Blue Island/26th,,Sun
15:35:09,56,Milwaukee,,Sun
19:50:56,124,Navy Pier,,Sat
21:58:20,20,Madison,,Sun
11:29:50,J14,Jeffery Jump,,Mon,Tue,Wed,Thu,Fri
21:06:09,56,Milwaukee,,Sat
16:40:40,20,Madison,,Sat
14:53:29,124,Navy Pier,,Sat
10:41:31,60,Blue Island/26th,,Sun
19:00:00,20,Madison,,Sun
12:19:50,J14,Jeffery Jump,,Mon,Tue,Wed,Thu,Fri
15:51:10,20,Madison,,Sun
10:51:32,124,Navy Pier,,Mon,Tue,Wed,Thu,Fri
11:00:40,20,Madison,,Sat
15:34:09,157,Streeterville/Taylor,,Mon,Tue,Wed,Thu,Fri
11:37:53,56,Milwaukee,,Mon,Tue,Wed,Thu,Fri
13:11:10,20,Madison,,Sun
16:13:36,124,Navy Pier,,Mon,Tue,Wed,Thu,Fri
13:38:47,157,Streeterville/Taylor,,Mon,Tue,Wed,Thu,Fri
08:24:10,20,Madison,,Sat
13:37:02,56,Milwaukee,,Sun
02:13:28,60,Blue Island/26th,,Tue,Wed,Thu,Fri,Sat
10:45:39,56,Milwaukee,,Sat
20:05:59,J14,Jeffery Jump,,Sat
20:30:31,60,Blue Island/26th,,Sun
19:43:45,J14,Jeffery Jump,,Sun
13:11:59,J14,Jeffery Jump,,Sun
09:34:30,157,Streeterville/Taylor,,Mon,Tue,Wed,Thu,Fri
14:28:46,56,Milwaukee,,Sat
21:18:20,20,Madison,,Sat
23:55:50,20,Madison,,Mon,Tue,Wed,Thu,Fri
17:25:27,60,Blue Island/26th,,Mon,Tue,Wed,Thu,Fri
04:43:31,60,Blue Island/26th,,Sun
18:45:40,20,Madison,,Sat
06:57:46,56,Milwaukee,,Mon,Tue,Wed,Thu,Fri
08:00:17,20,Madison,,Mon,Tue,Wed,Thu,Fri
14:49:43,J14,Jeffery Jump,,Mon,Tue,Wed,Thu,Fri
16:49:28,56,Milwaukee,,Mon,Tue,Wed,Thu,Fri
09:14:00,20,Madison,,Sun
15:20:47,60,Blue Island/26th,,Mon,Tue,Wed,Thu,Fri
00:26:19,20,Madison,,Tue,Wed,Thu,Fri,Sat
08:46:00,20,Madison,,Sun
17:27:40,20,Madison,,Sat
07:15:20,20,Madison,,Sun
14:05:56,124,Navy Pier,,Sun
13:57:44,60,Blue Island/26th,,Mon,Tue,Wed,Thu,Fri
20:00:00,20,Madison,,Sun
07:20:01,60,Blue Island/26th,,Sun
04:43:28,60,Blue Island/26th,,Sat
05:43:31,60,Blue Island/26th,,Sun
13:24:34,60,Blue Island/26th,,Sun
12:32:35,20,Madison,,Sun
12:20:06,60,Blue Island/26th,,Sat
12:00:40,20,Madison,,Sat
21:07:36,J14,Jeffery Jump,,Mon,Tue,Wed,Thu,Fri
15:04:17,157,Streeterville/Taylor,,Mon,Tue,Wed,Thu,Fri
18:37:56,124,Navy Pier,,Sat
10:03:44,157,Streeterville/Taylor,,Mon,Tue,Wed,Thu,Fri
09:27:47,20,Madison,,Mon,Tue,Wed,Thu,Fri
06:51:20,J14,Jeffery Jump,,Mon,Tue,Wed,Thu,Fri
07:56:25,56,Milwaukee,,Sun
08:17:50,60,Blue Island/26th,,Mon,Tue,Wed,Thu,Fri
21:13:45,J14,Jeffery Jump,,Sun
18:08:22,J14,Jeffery Jump,,Sun
15:35:09,56,Milwaukee,,Sun
17:56:01,20,Madison,,Mon,Tue,Wed,Thu,Fri
14:29:32,56,Milwaukee,,Sun
16:03:36,J14,Jeffery Jump,,Sat
20:28:29,J14,Jeffery Jump,,Mon,Tue,Wed,Thu,Fri
08:38:56,J14,Jeffery Jump,,Mon,Tue,Wed,Thu,Fri
15:20:06,J14,Jeffery Jump,,Sun
15:44:29,124,Navy Pier,,Sat
20:34:40,20,Madison,,Sat
07:11:25,56,Milwaukee,,Sun
11:30:40,20,Madison,,Sat
15:58:47,60,Blue Island/26th,,Mon,Tue,Wed,Thu,Fri
10:06:39,56,Milwaukee,,Sat
15:43:34,60,Blue Island/26th,,Sun
07:04:06,J14,Jeffery Jump,,Sat
22:23:52,J14,Jeffery Jump,,Mon,Tue,Wed,Thu,Fri
20:10:00,20,Madison,,Sun
17:19:46,20,Madison,,Mon,Tue,Wed,Thu,Fri
05:39:20,20,Madison,,Sun
07:34:20,J14,Jeffery Jump,,Mon,Tue,Wed,Thu,Fri
12:06:43,J14,Jeffery Jump,,Sat
01:13:31,60,Blue Island/26th,,Sun
07:43:30,20,Madison,,Sat
08:25:31,60,Blue Island/26th,,Sat
16:02:34,60,Blue Island/26th,,Sun
13:45:20,20,Madison,,Mon,Tue,Wed,Thu,Fri
11:24:00,20,Madison,,Sun
11:43:44,60,Blue Island/26th,,Mon,Tue,Wed,Thu,Fri
08:25:30,56,Milwaukee,,Mon,Tue,Wed,Thu,Fri
20:47:59,J14,Jeffery Jump,,Mon,Tue,Wed,Thu,Fri
17:27:49,124,Navy Pier,,Mon,Tue,Wed,Thu,Fri
08:10:50,60,Blue Island/26th,,Mon,Tue,Wed,Thu,Fri
16:39:46,20,Madison,,Mon,Tue,Wed,Thu,Fri
21:26:59,J14,Jeffery Jump,,Mon,Tue,Wed,Thu,Fri
08:43:01,60,Blue Island/26th,,Sun
13:13:40,20,Madison,,Sat
23:27:20,20,Madison,,Sun
11:04:44,60,Blue Island/26th,,Mon,Tue,Wed,Thu,Fri
19:11:56,20,Madison,,Mon,Tue,Wed,Thu,Fri
16:02:34,60,Blue Island/26th,,Sun
18:35:56,20,Madison,,Mon,Tue,Wed,Thu,Fri
16:19:59,J14,Jeffery Jump,,Sun
22:06:01,60,Blue Island/26th,,Sat
16:55:09,56,Milwaukee,,Sun
15:47:47,157,Streeterville/Taylor,,Mon,Tue,Wed,Thu,Fri
21:48:01,60,Blue Island/26th,,Sat
08:21:26,J14,Jeffery Jump,,Mon,Tue,Wed,Thu,Fri
21:11:20,20,Madison,,Sun
17:09:59,J14,Jeffery Jump,,Sun
23:57:20,20,Madison,,Sun
15:10:40,20,Madison,,Sat
10:06:36,J14,Jeffery Jump,,Sun
15:10:29,124,Navy Pier,,Sat
14:29:32,56,Milwaukee,,Sun
20:08:56,124,Navy Pier,,Sat
12:05:59,J14,Jeffery Jump,,Sun
20:29:27,157,Streeterville/Taylor,,Mon,Tue,Wed,Thu,Fri
08:31:29,J14,Jeffery Jump,,Sat
16:07:36,60,Blue Island/26th,,Sat
19:29:00,20,Madison,,Mon,Tue,Wed,Thu,Fri
17:42:34,60,Blue Island/26th,,Sun
11:45:32,124,Navy Pier,,Mon,Tue,Wed,Thu,Fri
13:17:56,124,Navy Pier,,Sun
20:40:05,20,Madison,,Mon,Tue,Wed,Thu,Fri
15:23:16,20,Madison,,Mon,Tue,Wed,Thu,Fri
19:40:31,60,Blue Island/26th,,Sun
13:35:36,J14,Jeffery Jump,,Sat
04:43:28,60,Blue Island/26th,,Sat
13:07:59,124,Navy Pier,,Sat
23:10:50,20,Madison,,Mon,Tue,Wed,Thu,Fri
06:00:37,20,Madison,,Mon,Tue,Wed,Thu,Fri
20:46:31,60,Blue Island/26th,,Sat
17:35:58,56,Milwaukee,,Mon,Tue,Wed,Thu,Fri
09:46:32,56,Milwaukee,,Sat
17:21:10,20,Madison,,Sun
20:02:17,60,Blue Island/26th,,Mon,Tue,Wed,Thu,Fri
21:01:42,60,Blue Island/26th,,Mon,Tue,Wed,Thu,Fri
17:04:46,20,Madison,,Mon,Tue,Wed,Thu,Fri
17:07:04,60,Blue Island/26th,,Sat
12:43:29,J14,Jeffery Jump,,Sun
07:56:25,157,Streeterville/Taylor,,Mon,Tue,Wed,Thu,Fri
17:52:59,157,Streeterville/Taylor,,Mon,Tue,Wed,Thu,Fri
11:18:32,124,Navy Pier,,Mon,Tue,Wed,Thu,Fri
19:34:40,20,Madison,,Sat
05:29:13,J14,Jeffery Jump,,Mon,Tue,Wed,Thu,Fri
16:00:06,J14,Jeffery Jump,,Sun
20:43:45,J14,Jeffery Jump,,Sun
15:49:17,60,Blue Island/26th,,Mon,Tue,Wed,Thu,Fri
08:11:47,20,Madison,,Mon,Tue,Wed,Thu,Fri
19:16:34,60,Blue Island/26th,,Sat
18:45:40,20,Madison,,Sat
17:19:58,56,Milwaukee,,Mon,Tue,Wed,Thu,Fri
21:06:09,56,Milwaukee,,Sat
14:17:36,60,Blue Island/26th,,Sat
07:56:00,56,Milwaukee,,Mon,Tue,Wed,Thu,Fri
16:13:36,J14,Jeffery Jump,,Sat
13:16:29,J14,Jeffery Jump,,Sat
18:27:56,20,Madison,,Mon,Tue,Wed,Thu,Fri
13:54:34,60,Blue Island/26th,,Sun
19:54:40,20,Madison,,Sat
03:42:49,20,Madison,,Sun
14:26:14,60,Blue Island/26th,,Mon,Tue,Wed,Thu,Fri
21:30:29,124,Navy Pier,,Mon,Tue,Wed,Thu,Fri
14:47:09,56,Milwaukee,,Sun
16:51:57,60,Blue Island/26th,,Mon,Tue,Wed,Thu,Fri
04:40:59,J14,Jeffery Jump,,Mon,Tue,Wed,Thu,Fri
06:43:43,J14,Jeffery Jump,,Mon,Tue,Wed,Thu,Fri
14:13:16,56,Milwaukee,,Sat
00:43:34,60,Blue Island/26th,,Sun
12:32:59,124,Navy Pier,,Sat
11:39:26,124,Navy Pier,,Sat