arrival_time,route_short_name,route_long_name,headsign,service_days
07:22:41,151,Sheridan,,Sun
15:10:01,157,Streeterville/Taylor,,Mon,Tue,Wed,Thu,Fri
16:32:02,147,Outer DuSable Lake Shore Express,,Sat
14:54:48,3,King Drive,,Mon,Tue,Wed,Thu,Fri
20:24:11,147,Outer DuSable Lake Shore Express,,Mon,Tue,Wed,Thu,Fri
02:28:18,66,Chicago,,Sun
18:34:19,2,Hyde Park Express,,Mon,Tue,Wed,Thu,Fri
18:33:11,147,Outer DuSable Lake Shore Express,,Sun
14:32:38,146,Inner Lake Shore/Michigan Express,,Mon,Tue,Wed,Thu,Fri
06:58:41,147,Outer DuSable Lake Shore Express,,Sun
07:59:27,146,Inner Lake Shore/Michigan Express,,Mon,Tue,Wed,Thu,Fri
05:05:19,147,Outer DuSable Lake Shore Express,,Mon,Tue,Wed,Thu,Fri
10:11:31,157,Streeterville/Taylor,,Mon,Tue,Wed,Thu,Fri
11:17:41,151,Sheridan,,Sat
23:09:34,151,Sheridan,,Mon,Tue,Wed,Thu,Fri
01:57:59,66,Chicago,,Tue,Wed,Thu,Fri,Sat
13:27:18,3,King Drive,,Mon,Tue,Wed,Thu,Fri
06:48:56,147,Outer DuSable Lake Shore Express,,Mon,Tue,Wed,Thu,Fri
14:39:13,3,King Drive,,Sun
20:51:33,147,Outer DuSable Lake Shore Express,,Sat
14:31:10,151,Sheridan,,Sat
12:55:51,157,Streeterville/Taylor,,Mon,Tue,Wed,Thu,Fri
05:20:19,147,Outer DuSable Lake Shore Express,,Mon,Tue,Wed,Thu,Fri
17:56:32,3,King Drive,,Sat
17:27:17,151,Sheridan,,Sun
20:19:27,146,Inner Lake Shore/Michigan Express,,Mon,Tue,Wed,Thu,Fri
08:22:25,143,Stockton/Michigan Express,,Mon,Tue,Wed,Thu,Fri
22:02:41,151,Sheridan,,Sun
15:16:17,151,Sheridan,,Sun
15:24:42,157,Streeterville/Taylor,,Mon,Tue,Wed,Thu,Fri
12:29:24,146,Inner Lake Shore/Michigan Express,,Sun
07:55:11,147,Outer DuSable Lake Shore Express,,Mon,Tue,Wed,Thu,Fri
15:16:36,26,South Shore Express,,Mon,Tue,Wed,Thu,Fri
02:57:18,66,Chicago,,Tue,Wed,Thu,Fri,Sat
10:45:41,147,Outer DuSable Lake Shore Express,,Sun
13:27:48,3,King Drive,,Sun
16:27:03,147,Outer DuSable Lake Shore Express,,Sun
09:15:46,146,Inner Lake Shore/Michigan Express,,Mon,Tue,Wed,Thu,Fri
22:01:05,146,Inner Lake Shore/Michigan Express,,Mon,Tue,Wed,Thu,Fri
18:46:16,151,Sheridan,,Sat
19:46:07,3,King Drive,,Sat
17:34:46,146,Inner Lake Shore/Michigan Express,,Sun
18:46:07,3,King Drive,,Sat
10:18:33,151,Sheridan,,Mon,Tue,Wed,Thu,Fri
17:41:32,3,King Drive,,Mon,Tue,Wed,Thu,Fri
07:09:01,146,Inner Lake Shore/Michigan Express,,Mon,Tue,Wed,Thu,Fri
18:36:16,151,Sheridan,,Sat
21:20:11,147,Outer DuSable Lake Shore Express,,Sat
10:00:54,3,King Drive,,Mon,Tue,Wed,Thu,Fri
15:56:43,3,King Drive,,Mon,Tue,Wed,Thu,Fri
19:05:13,3,King Drive,,Mon,Tue,Wed,Thu,Fri
09:19:03,147,Outer DuSable Lake Shore Express,,Mon,Tue,Wed,Thu,Fri
12:55:17,151,Sheridan,,Mon,Tue,Wed,Thu,Fri
10:23:56,151,Sheridan,,Sun
20:06:07,3,King Drive,,Sat
22:16:09,146,Inner Lake Shore/Michigan Express,,Mon,Tue,Wed,Thu,Fri
15:10:43,3,King Drive,,Mon,Tue,Wed,Thu,Fri
18:00:11,2,Hyde Park Express,,Mon,Tue,Wed,Thu,Fri
13:51:33,147,Outer DuSable Lake Shore Express,,Sun
15:51:54,151,Sheridan,,Sat
13:41:46,146,Inner Lake Shore/Michigan Express,,Sun
21:47:13,3,King Drive,,Sat
12:10:18,3,King Drive,,Mon,Tue,Wed,Thu,Fri
17:36:03,147,Outer DuSable Lake Shore Express,,Sun
22:05:26,147,Outer DuSable Lake Shore Express,,Sat
07:35:40,3,King Drive,,Sat
16:44:43,3,King Drive,,Sun
14:49:40,147,Outer DuSable Lake Shore Express,,Sat
07:47:57,146,Inner Lake Shore/Michigan Express,,Mon,Tue,Wed,Thu,Fri
18:36:07,3,King Drive,,Sat
02:27:59,66,Chicago,,Tue,Wed,Thu,Fri,Sat
06:56:51,157,Streeterville/Taylor,,Mon,Tue,Wed,Thu,Fri
06:18:40,3,King Drive,,Sat
21:58:03,151,Sheridan,,Sat
07:58:01,157,Streeterville/Taylor,,Mon,Tue,Wed,Thu,Fri
19:14:13,3,King Drive,,Mon,Tue,Wed,Thu,Fri
05:58:40,3,King Drive,,Sat
18:37:20,146,Inner Lake Shore/Michigan Express,,Sun
18:25:20,146,Inner Lake Shore/Michigan Express,,Sun
08:16:24,148,Clarendon/Michigan Express,,Mon,Tue,Wed,Thu,Fri
07:18:40,3,King Drive,,Sat
20:07:11,147,Outer DuSable Lake Shore Express,,Mon,Tue,Wed,Thu,Fri
19:22:20,146,Inner Lake Shore/Michigan Express,,Sun
08:41:39,146,Inner Lake Shore/Michigan Express,,Sun
14:08:47,151,Sheridan,,Mon,Tue,Wed,Thu,Fri
09:48:03,147,Outer DuSable Lake Shore Express,,Mon,Tue,Wed,Thu,Fri
07:15:47,146,Inner Lake Shore/Michigan Express,,Sat
15:26:17,151,Sheridan,,Sun
14:22:38,146,Inner Lake Shore/Michigan Express,,Mon,Tue,Wed,Thu,Fri
12:14:11,147,Outer DuSable Lake Shore Express,,Sat
14:26:17,151,Sheridan,,Sun
14:32:38,146,Inner Lake Shore/Michigan Express,,Mon,Tue,Wed,Thu,Fri
15:50:36,26,South Shore Express,,Mon,Tue,Wed,Thu,Fri
07:52:40,3,King Drive,,Sat
18:33:11,147,Outer DuSable Lake Shore Express,,Sun
11:50:24,3,King Drive,,Mon,Tue,Wed,Thu,Fri
11:35:11,151,Sheridan,,Sun
08:40:24,3,King Drive,,Mon,Tue,Wed,Thu,Fri
12:20:43,3,King Drive,,Sat
12:10:18,3,King Drive,,Sat
11:18:33,151,Sheridan,,Mon,Tue,Wed,Thu,Fri
19:57:20,146,Inner Lake Shore/Michigan Express,,Sat
08:16:11,151,Sheridan,,Mon,Tue,Wed,Thu,Fri
18:44:30,146,Inner Lake Shore/Michigan Express,,Sat
14:47:18,3,King Drive,,Mon,Tue,Wed,Thu,Fri
20:15:20,26,South Shore Express,,Mon,Tue,Wed,Thu,Fri
13:10:02,3,King Drive,,Sat
10:45:41,151,Sheridan,,Sat
24:07:05,151,Sheridan,,Mon,Tue,Wed,Thu,Fri
15:08:33,147,Outer DuSable Lake Shore Express,,Sun
18:16:32,3,King Drive,,Sat
18:20:43,3,King Drive,,Sun
10:14:57,146,Inner Lake Shore/Michigan Express,,Sat
14:08:18,3,King Drive,,Mon,Tue,Wed,Thu,Fri
16:15:40,147,Outer DuSable Lake Shore Express,,Mon,Tue,Wed,Thu,Fri
13:16:17,147,Outer DuSable Lake Shore Express,,Sat
07:44:47,2,Hyde Park Express,,Mon,Tue,Wed,Thu,Fri
10:44:59,3,King Drive,,Sat
13:47:47,147,Outer DuSable Lake Shore Express,,Mon,Tue,Wed,Thu,Fri
12:28:55,147,Outer DuSable Lake Shore Express,,Mon,Tue,Wed,Thu,Fri
08:15:11,2,Hyde Park Express,,Mon,Tue,Wed,Thu,Fri
18:51:20,146,Inner Lake Shore/Michigan Express,,Sun
07:41:01,148,Clarendon/Michigan Express,,Mon,Tue,Wed,Thu,Fri
09:08:39,146,Inner Lake Shore/Michigan Express,,Sun
20:22:33,147,Outer DuSable Lake Shore Express,,Sat
21:23:04,151,Sheridan,,Sun
07:56:57,148,Clarendon/Michigan Express,,Mon,Tue,Wed,Thu,Fri
08:47:04,147,Outer DuSable Lake Shore Express,,Sat
19:35:41,151,Sheridan,,Sun
11:33:41,151,Sheridan,,Sat
13:14:46,146,Inner Lake Shore/Michigan Express,,Sun
20:15:41,151,Sheridan,,Mon,Tue,Wed,Thu,Fri
20:03:26,147,Outer DuSable Lake Shore Express,,Sun
06:23:41,151,Sheridan,,Mon,Tue,Wed,Thu,Fri
10:22:54,3,King Drive,,Mon,Tue,Wed,Thu,Fri
17:01:52,157,Streeterville/Taylor,,Mon,Tue,Wed,Thu,Fri
10:54:59,3,King Drive,,Sun
11:42:55,151,Sheridan,,Mon,Tue,Wed,Thu,Fri
11:09:50,146,Inner Lake Shore/Michigan Express,,Mon,Tue,Wed,Thu,Fri
09:04:05,146,Inner Lake Shore/Michigan Express,,Sat
06:55:56,147,Outer DuSable Lake Shore Express,,Mon,Tue,Wed,Thu,Fri
10:30:50,146,Inner Lake Shore/Michigan Express,,Mon,Tue,Wed,Thu,Fri
16:16:32,151,Sheridan,,Mon,Tue,Wed,Thu,Fri
20:00:10,151,Sheridan,,Sat
17:34:32,147,Outer DuSable Lake Shore Express,,Mon,Tue,Wed,Thu,Fri
13:20:42,146,Inner Lake Shore/Michigan Express,,Sat
14:05:55,151,Sheridan,,Sun
06:23:49,147,Outer DuSable Lake Shore Express,,Sat
08:08:09,146,Inner Lake Shore/Michigan Express,,Sat
16:06:17,151,Sheridan,,Sun
19:50:48,3,King Drive,,Mon,Tue,Wed,Thu,Fri
21:08:24,3,King Drive,,Sun
21:00:21,157,Streeterville/Taylor,,Mon,Tue,Wed,Thu,Fri
19:06:07,3,King Drive,,Sat
22:16:26,147,Outer DuSable Lake Shore Express,,Mon,Tue,Wed,Thu,Fri
16:57:02,3,King Drive,,Mon,Tue,Wed,Thu,Fri
13:43:10,151,Sheridan,,Sat
16:29:56,146,Inner Lake Shore/Michigan Express,,Sat
14:00:47,147,Outer DuSable Lake Shore Express,,Mon,Tue,Wed,Thu,Fri
06:29:51,157,Streeterville/Taylor,,Mon,Tue,Wed,Thu,Fri
18:49:17,151,Sheridan,,Mon,Tue,Wed,Thu,Fri
08:41:11,151,Sheridan,,Mon,Tue,Wed,Thu,Fri
01:10:50,151,Sheridan,,Tue,Wed,Thu,Fri,Sat
09:41:26,147,Outer DuSable Lake Shore Express,,Sun
11:18:11,147,Outer DuSable Lake Shore Express,,Sun
05:35:49,147,Outer DuSable Lake Shore Express,,Sat
09:26:34,151,Sheridan,,Sat
17:18:32,3,King Drive,,Sat
19:47:32,151,Sheridan,,Sat
10:58:21,157,Streeterville/Taylor,,Mon,Tue,Wed,Thu,Fri
09:37:27,146,Inner Lake Shore/Michigan Express,,Sat
13:08:38,146,Inner Lake Shore/Michigan Express,,Sun
07:22:48,147,Outer DuSable Lake Shore Express,,Mon,Tue,Wed,Thu,Fri
22:53:34,151,Sheridan,,Mon,Tue,Wed,Thu,Fri
12:17:55,147,Outer DuSable Lake Shore Express,,Mon,Tue,Wed,Thu,Fri
07:09:43,146,Inner Lake Shore/Michigan Express,,Sun
12:02:11,147,Outer DuSable Lake Shore Express,,Sun
07:18:18,147,Outer DuSable Lake Shore Express,,Mon,Tue,Wed,Thu,Fri
20:51:39,146,Inner Lake Shore/Michigan Express,,Sun
08:52:40,143,Stockton/Michigan Express,,Mon,Tue,Wed,Thu,Fri
23:02:41,151,Sheridan,,Sun
19:30:11,147,Outer DuSable Lake Shore Express,,Mon,Tue,Wed,Thu,Fri
08:09:40,3,King Drive,,Sat
14:36:17,151,Sheridan,,Sun
20:00:10,151,Sheridan,,Sat
09:29:54,3,King Drive,,Mon,Tue,Wed,Thu,Fri
21:47:13,3,King Drive,,Sat
13:59:10,151,Sheridan,,Sat
21:08:13,3,King Drive,,Sat
08:39:40,3,King Drive,,Sun
08:04:27,146,Inner Lake Shore/Michigan Express,,Mon,Tue,Wed,Thu,Fri
17:28:16,151,Sheridan,,Sat
18:57:13,3,King Drive,,Mon,Tue,Wed,Thu,Fri
16:15:54,147,Outer DuSable Lake Shore Express,,Sat
17:29:40,147,Outer DuSable Lake Shore Express,,Sat
17:27:32,3,King Drive,,Sat
08:21:11,151,Sheridan,,Mon,Tue,Wed,Thu,Fri
18:17:13,3,King Drive,,Mon,Tue,Wed,Thu,Fri
09:20:40,3,King Drive,,Sun
13:59:46,146,Inner Lake Shore/Michigan Express,,Sun
14:16:13,3,King Drive,,Sun
11:18:33,151,Sheridan,,Mon,Tue,Wed,Thu,Fri
20:32:20,26,South Shore Express,,Mon,Tue,Wed,Thu,Fri
13:15:25,151,Sheridan,,Sun
19:54:57,146,Inner Lake Shore/Michigan Express,,Sun
15:42:43,3,King Drive,,Mon,Tue,Wed,Thu,Fri
15:38:46,146,Inner Lake Shore/Michigan Express,,Sun
08:26:11,151,Sheridan,,Sat
13:36:25,147,Outer DuSable Lake Shore Express,,Mon,Tue,Wed,Thu,Fri
15:38:10,147,Outer DuSable Lake Shore Express,,Mon,Tue,Wed,Thu,Fri
13:37:48,3,King Drive,,Mon,Tue,Wed,Thu,Fri
05:53:49,147,Outer DuSable Lake Shore Express,,Sat
03:27:18,66,Chicago,,Mon
09:46:56,151,Sheridan,,Sat
18:54:25,151,Sheridan,,Sun
14:11:47,147,Outer DuSable Lake Shore Express,,Mon,Tue,Wed,Thu,Fri
14:46:33,147,Outer DuSable Lake Shore Express,,Sun
16:54:24,151,Sheridan,,Mon,Tue,Wed,Thu,Fri
17:21:10,147,Outer DuSable Lake Shore Express,,Sat
14:49:02,3,King Drive,,Sat
19:28:10,147,Outer DuSable Lake Shore Express,,Sat
10:42:51,157,Streeterville/Taylor,,Mon,Tue,Wed,Thu,Fri
16:31:46,146,Inner Lake Shore/Michigan Express,,Sun
07:01:26,147,Outer DuSable Lake Shore Express,,Mon,Tue,Wed,Thu,Fri
04:29:29,66,Chicago,,Sat
07:30:13,146,Inner Lake Shore/Michigan Express,,Sun
13:36:25,147,Outer DuSable Lake Shore Express,,Mon,Tue,Wed,Thu,Fri
18:06:32,3,King Drive,,Sat
07:41:11,151,Sheridan,,Mon,Tue,Wed,Thu,Fri
23:58:41,151,Sheridan,,Sat
16:22:01,26,South Shore Express,,Mon,Tue,Wed,Thu,Fri
08:39:03,147,Outer DuSable Lake Shore Express,,Mon,Tue,Wed,Thu,Fri
09:40:59,3,King Drive,,Sat
12:20:43,3,King Drive,,Sat
07:18:18,147,Outer DuSable Lake Shore Express,,Mon,Tue,Wed,Thu,Fri
11:20:59,3,King Drive,,Sun
13:37:02,3,King Drive,,Sat
08:55:39,146,Inner Lake Shore/Michigan Express,,Sun
08:24:11,151,Sheridan,,Sun
12:47:10,151,Sheridan,,Sat
09:06:34,151,Sheridan,,Sat
21:17:11,147,Outer DuSable Lake Shore Express,,Sun
22:33:09,146,Inner Lake Shore/Michigan Express,,Mon,Tue,Wed,Thu,Fri
12:30:47,151,Sheridan,,Sat
08:30:24,3,King Drive,,Mon,Tue,Wed,Thu,Fri
19:59:48,3,King Drive,,Mon,Tue,Wed,Thu,Fri
24:02:19,151,Sheridan,,Sun
08:26:40,3,King Drive,,Sat
05:37:57,151,Sheridan,,Mon,Tue,Wed,Thu,Fri
17:52:20,146,Inner Lake Shore/Michigan Express,,Sun
23:58:41,151,Sheridan,,Sat
14:23:47,147,Outer DuSable Lake Shore Express,,Mon,Tue,Wed,Thu,Fri
10:55:54,3,King Drive,,Mon,Tue,Wed,Thu,Fri
15:27:54,151,Sheridan,,Sat
18:41:13,3,King Drive,,Mon,Tue,Wed,Thu,Fri
08:18:11,157,Streeterville/Taylor,,Mon,Tue,Wed,Thu,Fri
18:23:30,2,Hyde Park Express,,Mon,Tue,Wed,Thu,Fri
06:47:41,151,Sheridan,,Mon,Tue,Wed,Thu,Fri
08:18:09,146,Inner Lake Shore/Michigan Express,,Sat
08:56:11,151,Sheridan,,Sat
11:08:18,3,King Drive,,Sat
06:29:57,151,Sheridan,,Sat
16:44:32,151,Sheridan,,Mon,Tue,Wed,Thu,Fri
10:32:11,147,Outer DuSable Lake Shore Express,,Sat
17:06:32,147,Outer DuSable Lake Shore Express,,Mon,Tue,Wed,Thu,Fri
07:37:31,157,Streeterville/Taylor,,Mon,Tue,Wed,Thu,Fri
12:45:11,147,Outer DuSable Lake Shore Express,,Sun
11:06:11,147,Outer DuSable Lake Shore Express,,Sun
19:23:13,3,King Drive,,Mon,Tue,Wed,Thu,Fri
09:05:03,147,Outer DuSable Lake Shore Express,,Mon,Tue,Wed,Thu,Fri
15:25:13,3,King Drive,,Sun
00:49:50,151,Sheridan,,Tue,Wed,Thu,Fri,Sat
19:19:40,147,Outer DuSable Lake Shore Express,,Sat
17:04:10,147,Outer DuSable Lake Shore Express,,Sat
08:56:11,151,Sheridan,,Mon,Tue,Wed,Thu,Fri
16:39:32,147,Outer DuSable Lake Shore Express,,Sat
22:19:26,147,Outer DuSable Lake Shore Express,,Sat
12:39:10,151,Sheridan,,Sat
10:18:33,151,Sheridan,,Mon,Tue,Wed,Thu,Fri
11:24:57,146,Inner Lake Shore/Michigan Express,,Sun
07:39:18,147,Outer DuSable Lake Shore Express,,Mon,Tue,Wed,Thu,Fri
12:43:18,3,King Drive,,Mon,Tue,Wed,Thu,Fri
15:41:54,147,Outer DuSable Lake Shore Express,,Sat
14:07:10,151,Sheridan,,Sat
07:14:35,3,King Drive,,Mon,Tue,Wed,Thu,Fri
13:55:02,3,King Drive,,Sat
16:05:46,146,Inner Lake Shore/Michigan Express,,Sun
00:56:35,151,Sheridan,,Sun
12:10:18,3,King Drive,,Sat
18:56:12,146,Inner Lake Shore/Michigan Express,,Mon,Tue,Wed,Thu,Fri
06:38:40,3,King Drive,,Sat
12:56:11,147,Outer DuSable Lake Shore Express,,Sun
21:40:48,147,Outer DuSable Lake Shore Express,,Sat
10:37:55,147,Outer DuSable Lake Shore Express,,Mon,Tue,Wed,Thu,Fri
07:42:57,146,Inner Lake Shore/Michigan Express,,Mon,Tue,Wed,Thu,Fri
15:28:36,26,South Shore Express,,Mon,Tue,Wed,Thu,Fri
16:29:38,146,Inner Lake Shore/Michigan Express,,Mon,Tue,Wed,Thu,Fri
18:49:13,3,King Drive,,Mon,Tue,Wed,Thu,Fri
17:56:32,3,King Drive,,Sat
06:55:56,147,Outer DuSable Lake Shore Express,,Mon,Tue,Wed,Thu,Fri
07:57:40,3,King Drive,,Sun
19:36:07,3,King Drive,,Sat
16:13:56,146,Inner Lake Shore/Michigan Express,,Sat
12:35:33,151,Sheridan,,Sun
09:11:04,147,Outer DuSable Lake Shore Express,,Sun
08:43:41,157,Streeterville/Taylor,,Mon,Tue,Wed,Thu,Fri
10:56:41,147,Outer DuSable Lake Shore Express,,Sun
11:42:55,151,Sheridan,,Mon,Tue,Wed,Thu,Fri
08:19:33,147,Outer DuSable Lake Shore Express,,Mon,Tue,Wed,Thu,Fri
13:59:10,151,Sheridan,,Sat
12:21:18,3,King Drive,,Mon,Tue,Wed,Thu,Fri
20:23:26,151,Sheridan,,Sun
22:05:56,151,Sheridan,,Mon,Tue,Wed,Thu,Fri
23:46:19,151,Sheridan,,Mon,Tue,Wed,Thu,Fri
20:55:13,3,King Drive,,Sat
07:51:39,146,Inner Lake Shore/Michigan Express,,Sun
07:00:04,151,Sheridan,,Mon,Tue,Wed,Thu,Fri
18:30:11,26,South Shore Express,,Mon,Tue,Wed,Thu,Fri
14:01:12,146,Inner Lake Shore/Michigan Express,,Sat
21:37:41,147,Outer DuSable Lake Shore Express,,Sun
17:48:32,147,Outer DuSable Lake Shore Express,,Mon,Tue,Wed,Thu,Fri
12:56:11,147,Outer DuSable Lake Shore Express,,Sun
10:55:54,3,King Drive,,Mon,Tue,Wed,Thu,Fri
22:21:24,3,King Drive,,Mon,Tue,Wed,Thu,Fri
10:54:59,3,King Drive,,Sun
16:55:26,146,Inner Lake Shore/Michigan Express,,Sat
19:11:11,26,South Shore Express,,Mon,Tue,Wed,Thu,Fri
07:59:27,146,Inner Lake Shore/Michigan Express,,Mon,Tue,Wed,Thu,Fri
21:52:48,147,Outer DuSable Lake Shore Express,,Sat
18:20:40,147,Outer DuSable Lake Shore Express,,Sat
15:48:13,3,King Drive,,Sun
22:27:18,151,Sheridan,,Sat
07:33:11,2,Hyde Park Express,,Mon,Tue,Wed,Thu,Fri
09:29:57,146,Inner Lake Shore/Michigan Express,,Sat
17:16:46,146,Inner Lake Shore/Michigan Express,,Sun
07:58:45,2,Hyde Park Express,,Mon,Tue,Wed,Thu,Fri
15:16:24,147,Outer DuSable Lake Shore Express,,Sat
22:12:41,151,Sheridan,,Sat
10:11:54,3,King Drive,,Mon,Tue,Wed,Thu,Fri
14:27:48,3,King Drive,,Mon,Tue,Wed,Thu,Fri
16:55:43,3,King Drive,,Sun
14:07:17,147,Outer DuSable Lake Shore Express,,Sat
22:12:31,146,Inner Lake Shore/Michigan Express,,Sat
17:57:08,146,Inner Lake Shore/Michigan Express,,Mon,Tue,Wed,Thu,Fri
07:15:40,3,King Drive,,Sun
09:15:25,143,Stockton/Michigan Express,,Mon,Tue,Wed,Thu,Fri
09:14:20,148,Clarendon/Michigan Express,,Mon,Tue,Wed,Thu,Fri
14:56:17,151,Sheridan,,Sun
18:25:13,3,King Drive,,Mon,Tue,Wed,Thu,Fri
16:55:40,147,Outer DuSable Lake Shore Express,,Sat
17:07:46,146,Inner Lake Shore/Michigan Express,,Sun
15:43:03,147,Outer DuSable Lake Shore Express,,Sun
15:46:17,151,Sheridan,,Sun
19:13:03,147,Outer DuSable Lake Shore Express,,Mon,Tue,Wed,Thu,Fri
14:33:12,146,Inner Lake Shore/Michigan Express,,Sat
11:59:24,3,King Drive,,Sun
13:50:17,147,Outer DuSable Lake Shore Express,,Sat
21:28:25,151,Sheridan,,Sat
17:03:57,26,South Shore Express,,Mon,Tue,Wed,Thu,Fri
21:19:18,147,Outer DuSable Lake Shore Express,,Mon,Tue,Wed,Thu,Fri
10:16:41,147,Outer DuSable Lake Shore Express,,Sun
15:16:17,151,Sheridan,,Sun
14:40:02,3,King Drive,,Sat
09:12:21,157,Streeterville/Taylor,,Mon,Tue,Wed,Thu,Fri
06:38:41,147,Outer DuSable Lake Shore Express,,Sun
09:59:57,146,Inner Lake Shore/Michigan Express,,Sat
11:48:55,147,Outer DuSable Lake Shore Express,,Mon,Tue,Wed,Thu,Fri
10:19:59,3,King Drive,,Sat
11:28:50,146,Inner Lake Shore/Michigan Express,,Mon,Tue,Wed,Thu,Fri
14:15:10,151,Sheridan,,Sat
12:37:55,147,Outer DuSable Lake Shore Express,,Mon,Tue,Wed,Thu,Fri
18:52:48,3,King Drive,,Sun
12:45:11,147,Outer DuSable Lake Shore Express,,Sun
10:01:31,146,Inner Lake Shore/Michigan Express,,Sun
08:46:11,151,Sheridan,,Mon,Tue,Wed,Thu,Fri
16:26:02,151,Sheridan,,Mon,Tue,Wed,Thu,Fri
10:38:20,146,Inner Lake Shore/Michigan Express,,Sat
21:43:03,151,Sheridan,,Sat
08:20:34,147,Outer DuSable Lake Shore Express,,Sat
20:03:26,147,Outer DuSable Lake Shore Express,,Sun
08:18:40,3,King Drive,,Sun
10:28:55,147,Outer DuSable Lake Shore Express,,Mon,Tue,Wed,Thu,Fri
08:39:50,146,Inner Lake Shore/Michigan Express,,Mon,Tue,Wed,Thu,Fri
21:22:18,3,King Drive,,Mon,Tue,Wed,Thu,Fri
11:25:41,151,Sheridan,,Sat
09:29:24,148,Clarendon/Michigan Express,,Mon,Tue,Wed,Thu,Fri
12:41:38,146,Inner Lake Shore/Michigan Express,,Mon,Tue,Wed,Thu,Fri
07:50:24,3,King Drive,,Mon,Tue,Wed,Thu,Fri
09:52:27,146,Inner Lake Shore/Michigan Express,,Sat
09:33:05,146,Inner Lake Shore/Michigan Express,,Sun
19:58:50,26,South Shore Express,,Mon,Tue,Wed,Thu,Fri
12:40:41,147,Outer DuSable Lake Shore Express,,Sat
06:45:05,3,King Drive,,Mon,Tue,Wed,Thu,Fri
15:26:10,147,Outer DuSable Lake Shore Express,,Mon,Tue,Wed,Thu,Fri
08:36:11,151,Sheridan,,Sat
17:18:32,3,King Drive,,Sat
18:20:40,147,Outer DuSable Lake Shore Express,,Sat
18:11:12,146,Inner Lake Shore/Michigan Express,,Mon,Tue,Wed,Thu,Fri
22:12:31,146,Inner Lake Shore/Michigan Express,,Sat
17:38:10,147,Outer DuSable Lake Shore Express,,Sat
18:49:17,151,Sheridan,,Mon,Tue,Wed,Thu,Fri
13:22:08,146,Inner Lake Shore/Michigan Express,,Mon,Tue,Wed,Thu,Fri
18:16:16,151,Sheridan,,Sat
12:14:25,151,Sheridan,,Sat
21:02:41,151,Sheridan,,Mon,Tue,Wed,Thu,Fri
11:40:18,3,King Drive,,Sat
07:38:41,147,Outer DuSable Lake Shore Express,,Sat
14:04:43,3,King Drive,,Sun
07:26:41,147,Outer DuSable Lake Shore Express,,Sat
17:04:10,147,Outer DuSable Lake Shore Express,,Sat
18:21:47,147,Outer DuSable Lake Shore Express,,Mon,Tue,Wed,Thu,Fri
09:30:11,147,Outer DuSable Lake Shore Express,,Mon,Tue,Wed,Thu,Fri
17:32:00,146,Inner Lake Shore/Michigan Express,,Mon,Tue,Wed,Thu,Fri
23:07:47,146,Inner Lake Shore/Michigan Express,,Sun
07:57:09,146,Inner Lake Shore/Michigan Express,,Sat
18:06:32,3,King Drive,,Sat
16:11:13,3,King Drive,,Sun
08:09:11,151,Sheridan,,Sun
08:11:04,147,Outer DuSable Lake Shore Express,,Sun
19:44:21,157,Streeterville/Taylor,,Mon,Tue,Wed,Thu,Fri
12:48:42,146,Inner Lake Shore/Michigan Express,,Sat
06:23:27,151,Sheridan,,Sun
08:16:33,143,Stockton/Michigan Express,,Mon,Tue,Wed,Thu,Fri
17:00:32,3,King Drive,,Sat
09:23:33,147,Outer DuSable Lake Shore Express,,Mon,Tue,Wed,Thu,Fri
11:40:11,147,Outer DuSable Lake Shore Express,,Sat
15:27:54,151,Sheridan,,Sat
16:52:02,3,King Drive,,Sat
18:30:47,151,Sheridan,,Sun
12:00:20,146,Inner Lake Shore/Michigan Express,,Sat
20:04:54,146,Inner Lake Shore/Michigan Express,,Mon,Tue,Wed,Thu,Fri
16:22:01,26,South Shore Express,,Mon,Tue,Wed,Thu,Fri
09:00:40,3,King Drive,,Sun
18:30:11,2,Hyde Park Express,,Mon,Tue,Wed,Thu,Fri
18:10:30,146,Inner Lake Shore/Michigan Express,,Sat
17:12:40,147,Outer DuSable Lake Shore Express,,Sat
08:46:50,148,Clarendon/Michigan Express,,Mon,Tue,Wed,Thu,Fri
13:27:18,3,King Drive,,Mon,Tue,Wed,Thu,Fri
15:00:02,147,Outer DuSable Lake Shore Express,,Sat
15:56:17,151,Sheridan,,Sun
14:33:12,146,Inner Lake Shore/Michigan Express,,Sat
10:53:20,146,Inner Lake Shore/Michigan Express,,Mon,Tue,Wed,Thu,Fri
17:11:27,26,South Shore Express,,Mon,Tue,Wed,Thu,Fri
16:46:17,151,Sheridan,,Sun
03:27:18,66,Chicago,,Mon
16:35:07,3,King Drive,,Mon,Tue,Wed,Thu,Fri
07:01:26,147,Outer DuSable Lake Shore Express,,Mon,Tue,Wed,Thu,Fri
16:07:25,147,Outer DuSable Lake Shore Express,,Sun
22:56:41,147,Outer DuSable Lake Shore Express,,Sun
18:06:40,151,Sheridan,,Mon,Tue,Wed,Thu,Fri
14:22:38,146,Inner Lake Shore/Michigan Express,,Mon,Tue,Wed,Thu,Fri
11:25:41,151,Sheridan,,Sat
11:41:41,151,Sheridan,,Sat
08:30:50,146,Inner Lake Shore/Michigan Express,,Mon,Tue,Wed,Thu,Fri
11:06:11,147,Outer DuSable Lake Shore Express,,Sat
00:58:29,66,Chicago,,Sun
14:27:43,3,King Drive,,Sun
08:11:33,143,Stockton/Michigan Express,,Mon,Tue,Wed,Thu,Fri
08:28:09,146,Inner Lake Shore/Michigan Express,,Sat
11:06:57,146,Inner Lake Shore/Michigan Express,,Sun
19:32:48,3,King Drive,,Mon,Tue,Wed,Thu,Fri
20:42:13,3,King Drive,,Sat
13:04:42,146,Inner Lake Shore/Michigan Express,,Sat
08:14:33,147,Outer DuSable Lake Shore Express,,Mon,Tue,Wed,Thu,Fri
17:43:20,146,Inner Lake Shore/Michigan Express,,Sun
08:10:24,3,King Drive,,Mon,Tue,Wed,Thu,Fri
13:11:10,151,Sheridan,,Sat
10:11:54,3,King Drive,,Mon,Tue,Wed,Thu,Fri
00:40:50,151,Sheridan,,Mon
17:56:16,151,Sheridan,,Sat
21:18:41,151,Sheridan,,Mon,Tue,Wed,Thu,Fri
12:59:17,147,Outer DuSable Lake Shore Express,,Sat
12:32:20,146,Inner Lake Shore/Michigan Express,,Sat
17:43:20,146,Inner Lake Shore/Michigan Express,,Sun
09:06:47,143,Stockton/Michigan Express,,Mon,Tue,Wed,Thu,Fri
18:56:07,3,King Drive,,Sat
20:06:18,151,Sheridan,,Sun
21:11:03,147,Outer DuSable Lake Shore Express,,Sat
16:15:33,147,Outer DuSable Lake Shore Express,,Sun
18:26:07,3,King Drive,,Sat
14:55:11,157,Streeterville/Taylor,,Mon,Tue,Wed,Thu,Fri
15:26:17,151,Sheridan,,Sun
13:37:48,3,King Drive,,Mon,Tue,Wed,Thu,Fri
08:29:04,147,Outer DuSable Lake Shore Express,,Sat
18:54:40,147,Outer DuSable Lake Shore Express,,Sat
00:14:40,3,King Drive,,Tue,Wed,Thu,Fri,Sat
09:06:50,148,Clarendon/Michigan Express,,Mon,Tue,Wed,Thu,Fri
23:46:19,151,Sheridan,,Mon,Tue,Wed,Thu,Fri
14:59:30,146,Inner Lake Shore/Michigan Express,,Sat
12:54:18,3,King Drive,,Mon,Tue,Wed,Thu,Fri
07:48:04,147,Outer DuSable Lake Shore Express,,Sun
09:16:34,151,Sheridan,,Sat
16:55:43,3,King Drive,,Sun
09:53:59,3,King Drive,,Sat
11:34:24,3,King Drive,,Sun
22:05:26,147,Outer DuSable Lake Shore Express,,Sat
11:40:18,3,King Drive,,Sat
11:07:59,3,King Drive,,Sun
13:21:45,26,South Shore Express,,Mon,Tue,Wed,Thu,Fri
07:54:27,146,Inner Lake Shore/Michigan Express,,Mon,Tue,Wed,Thu,Fri
01:27:59,66,Chicago,,Mon
09:32:26,147,Outer DuSable Lake Shore Express,,Sun
19:19:40,147,Outer DuSable Lake Shore Express,,Sat
09:53:59,3,King Drive,,Sat
21:47:24,3,King Drive,,Mon,Tue,Wed,Thu,Fri
15:20:03,147,Outer DuSable Lake Shore Express,,Sun
14:22:02,3,King Drive,,Sat
12:59:38,146,Inner Lake Shore/Michigan Express,,Sun
15:28:36,26,South Shore Express,,Mon,Tue,Wed,Thu,Fri
16:39:32,147,Outer DuSable Lake Shore Express,,Mon,Tue,Wed,Thu,Fri
09:25:11,143,Stockton/Michigan Express,,Mon,Tue,Wed,Thu,Fri
01:16:35,151,Sheridan,,Sun
12:42:02,3,King Drive,,Sat
22:11:09,146,Inner Lake Shore/Michigan Express,,Sun
15:40:06,26,South Shore Express,,Mon,Tue,Wed,Thu,Fri
14:40:02,3,King Drive,,Sat
11:26:20,146,Inner Lake Shore/Michigan Express,,Sat
12:11:54,3,King Drive,,Sun
18:07:11,26,South Shore Express,,Mon,Tue,Wed,Thu,Fri
13:12:42,146,Inner Lake Shore/Michigan Express,,Sat
16:14:46,146,Inner Lake Shore/Michigan Express,,Sun
23:22:41,151,Sheridan,,Sun
19:22:20,146,Inner Lake Shore/Michigan Express,,Mon,Tue,Wed,Thu,Fri
12:52:02,3,King Drive,,Sat
11:30:33,151,Sheridan,,Mon,Tue,Wed,Thu,Fri
09:00:04,147,Outer DuSable Lake Shore Express,,Sun
07:25:27,146,Inner Lake Shore/Michigan Express,,Mon,Tue,Wed,Thu,Fri
09:36:34,151,Sheridan,,Sun
19:36:50,146,Inner Lake Shore/Michigan Express,,Mon,Tue,Wed,Thu,Fri
18:56:07,3,King Drive,,Sat
21:37:26,147,Outer DuSable Lake Shore Express,,Mon,Tue,Wed,Thu,Fri
14:53:08,146,Inner Lake Shore/Michigan Express,,Mon,Tue,Wed,Thu,Fri
15:31:02,3,King Drive,,Sat
16:05:46,146,Inner Lake Shore/Michigan Express,,Sun
15:36:43,3,King Drive,,Sun
09:46:11,151,Sheridan,,Mon,Tue,Wed,Thu,Fri
14:47:10,151,Sheridan,,Sat
19:25:54,151,Sheridan,,Sat
10:11:59,3,King Drive,,Sun
09:16:34,151,Sheridan,,Sat
13:25:25,147,Outer DuSable Lake Shore Express,,Mon,Tue,Wed,Thu,Fri
18:58:00,146,Inner Lake Shore/Michigan Express,,Sat
09:12:20,148,Clarendon/Michigan Express,,Mon,Tue,Wed,Thu,Fri
17:37:47,151,Sheridan,,Sun
11:15:41,147,Outer DuSable Lake Shore Express,,Sat
15:01:17,147,Outer DuSable Lake Shore Express,,Mon,Tue,Wed,Thu,Fri
15:33:24,147,Outer DuSable Lake Shore Express,,Sat
18:41:13,3,King Drive,,Mon,Tue,Wed,Thu,Fri
14:50:43,3,King Drive,,Sun
06:35:05,3,King Drive,,Mon,Tue,Wed,Thu,Fri
11:37:55,147,Outer DuSable Lake Shore Express,,Mon,Tue,Wed,Thu,Fri
17:26:54,151,Sheridan,,Mon,Tue,Wed,Thu,Fri
17:37:47,151,Sheridan,,Sun
13:45:55,151,Sheridan,,Sun
20:29:13,3,King Drive,,Sat
15:27:43,3,King Drive,,Mon,Tue,Wed,Thu,Fri
14:14:47,147,Outer DuSable Lake Shore Express,,Sat
17:36:03,147,Outer DuSable Lake Shore Express,,Sun
11:39:54,3,King Drive,,Mon,Tue,Wed,Thu,Fri
15:55:55,147,Outer DuSable Lake Shore Express,,Sun
07:35:11,143,Stockton/Michigan Express,,Mon,Tue,Wed,Thu,Fri
06:36:19,147,Outer DuSable Lake Shore Express,,Sat
12:48:42,146,Inner Lake Shore/Michigan Express,,Sat
19:11:41,157,Streeterville/Taylor,,Mon,Tue,Wed,Thu,Fri
16:56:27,26,South Shore Express,,Mon,Tue,Wed,Thu,Fri
09:20:24,3,King Drive,,Mon,Tue,Wed,Thu,Fri
22:21:34,151,Sheridan,,Mon,Tue,Wed,Thu,Fri
22:47:29,3,King Drive,,Mon,Tue,Wed,Thu,Fri
22:42:41,151,Sheridan,,Sun
15:56:56,146,Inner Lake Shore/Michigan Express,,Sat
19:21:03,151,Sheridan,,Sun
18:42:25,151,Sheridan,,Sun
18:58:01,157,Streeterville/Taylor,,Mon,Tue,Wed,Thu,Fri
12:10:18,3,King Drive,,Mon,Tue,Wed,Thu,Fri
11:06:33,151,Sheridan,,Mon,Tue,Wed,Thu,Fri
23:57:40,3,King Drive,,Mon,Tue,Wed,Thu,Fri
16:46:02,3,King Drive,,Mon,Tue,Wed,Thu,Fri
13:57:47,147,Outer DuSable Lake Shore Express,,Sat
19:25:21,157,Streeterville/Taylor,,Mon,Tue,Wed,Thu,Fri
23:42:18,151,Sheridan,,Sat
23:57:40,3,King Drive,,Mon,Tue,Wed,Thu,Fri
14:46:17,151,Sheridan,,Sun
15:27:43,3,King Drive,,Mon,Tue,Wed,Thu,Fri
09:30:11,147,Outer DuSable Lake Shore Express,,Mon,Tue,Wed,Thu,Fri
11:26:20,146,Inner Lake Shore/Michigan Express,,Sat
22:38:11,147,Outer DuSable Lake Shore Express,,Sun
07:15:47,146,Inner Lake Shore/Michigan Express,,Sat
19:36:57,146,Inner Lake Shore/Michigan Express,,Sun
08:00:34,147,Outer DuSable Lake Shore Express,,Sat
10:28:55,147,Outer DuSable Lake Shore Express,,Mon,Tue,Wed,Thu,Fri
12:21:51,157,Streeterville/Taylor,,Mon,Tue,Wed,Thu,Fri
19:13:03,147,Outer DuSable Lake Shore Express,,Mon,Tue,Wed,Thu,Fri
01:57:59,66,Chicago,,Mon
05:53:49,147,Outer DuSable Lake Shore Express,,Sat
08:16:33,143,Stockton/Michigan Express,,Mon,Tue,Wed,Thu,Fri
22:51:09,146,Inner Lake Shore/Michigan Express,,Mon,Tue,Wed,Thu,Fri
20:43:47,151,Sheridan,,Sat
08:41:11,151,Sheridan,,Mon,Tue,Wed,Thu,Fri
13:56:17,151,Sheridan,,Mon,Tue,Wed,Thu,Fri
21:46:05,146,Inner Lake Shore/Michigan Express,,Mon,Tue,Wed,Thu,Fri
22:31:09,146,Inner Lake Shore/Michigan Express,,Sun
16:36:17,151,Sheridan,,Sun
12:43:17,151,Sheridan,,Mon,Tue,Wed,Thu,Fri
16:42:08,146,Inner Lake Shore/Michigan Express,,Mon,Tue,Wed,Thu,Fri
14:39:10,151,Sheridan,,Sat
09:52:31,146,Inner Lake Shore/Michigan Express,,Sun
05:05:19,147,Outer DuSable Lake Shore Express,,Mon,Tue,Wed,Thu,Fri
23:28:10,3,King Drive,,Mon,Tue,Wed,Thu,Fri
21:01:33,147,Outer DuSable Lake Shore Express,,Sat
11:32:41,147,Outer DuSable Lake Shore Express,,Sat
13:28:42,146,Inner Lake Shore/Michigan Express,,Sat
10:37:41,151,Sheridan,,Sat
16:21:26,146,Inner Lake Shore/Michigan Express,,Sat
17:47:33,147,Outer DuSable Lake Shore Express,,Sun
08:15:24,146,Inner Lake Shore/Michigan Express,,Mon,Tue,Wed,Thu,Fri
15:50:36,26,South Shore Express,,Mon,Tue,Wed,Thu,Fri
09:29:54,3,King Drive,,Mon,Tue,Wed,Thu,Fri
16:16:32,151,Sheridan,,Mon,Tue,Wed,Thu,Fri
11:50:11,147,Outer DuSable Lake Shore Express,,Sun
03:27:36,66,Chicago,,Sun
11:17:54,3,King Drive,,Mon,Tue,Wed,Thu,Fri
19:03:48,3,King Drive,,Sun
20:20:24,3,King Drive,,Sun
11:06:11,147,Outer DuSable Lake Shore Express,,Sat
14:44:46,146,Inner Lake Shore/Michigan Express,,Sun
22:33:09,146,Inner Lake Shore/Michigan Express,,Mon,Tue,Wed,Thu,Fri
11:52:20,146,Inner Lake Shore/Michigan Express,,Sat
22:36:26,147,Outer DuSable Lake Shore Express,,Mon,Tue,Wed,Thu,Fri
15:49:43,3,King Drive,,Mon,Tue,Wed,Thu,Fri
09:29:57,146,Inner Lake Shore/Michigan Express,,Sat
17:16:46,146,Inner Lake Shore/Michigan Express,,Sun
13:01:54,3,King Drive,,Sun
14:53:08,146,Inner Lake Shore/Michigan Express,,Mon,Tue,Wed,Thu,Fri
02:57:18,66,Chicago,,Mon
06:15:10,3,King Drive,,Mon,Tue,Wed,Thu,Fri
15:48:56,146,Inner Lake Shore/Michigan Express,,Sat
07:00:17,146,Inner Lake Shore/Michigan Express,,Sat
12:24:20,146,Inner Lake Shore/Michigan Express,,Sat
15:20:46,146,Inner Lake Shore/Michigan Express,,Sun
10:46:20,146,Inner Lake Shore/Michigan Express,,Sat
15:35:43,3,King Drive,,Mon,Tue,Wed,Thu,Fri
14:32:10,147,Outer DuSable Lake Shore Express,,Sat
12:31:17,151,Sheridan,,Mon,Tue,Wed,Thu,Fri
07:25:27,146,Inner Lake Shore/Michigan Express,,Mon,Tue,Wed,Thu,Fri
09:56:35,3,King Drive,,Sun
19:14:25,151,Sheridan,,Mon,Tue,Wed,Thu,Fri
17:54:37,3,King Drive,,Mon,Tue,Wed,Thu,Fri
06:45:17,146,Inner Lake Shore/Michigan Express,,Sat
19:45:17,147,Outer DuSable Lake Shore Express,,Sat
21:00:21,157,Streeterville/Taylor,,Mon,Tue,Wed,Thu,Fri
15:43:03,147,Outer DuSable Lake Shore Express,,Sun
08:27:25,143,Stockton/Michigan Express,,Mon,Tue,Wed,Thu,Fri
19:27:42,146,Inner Lake Shore/Michigan Express,,Sat
17:11:27,26,South Shore Express,,Mon,Tue,Wed,Thu,Fri
10:11:59,3,King Drive,,Sun
06:03:27,151,Sheridan,,Sun
17:04:54,151,Sheridan,,Mon,Tue,Wed,Thu,Fri
14:38:41,157,Streeterville/Taylor,,Mon,Tue,Wed,Thu,Fri
17:58:17,151,Sheridan,,Sun
10:07:27,146,Inner Lake Shore/Michigan Express,,Sat
15:19:54,151,Sheridan,,Sat
20:00:33,151,Sheridan,,Mon,Tue,Wed,Thu,Fri
20:34:27,146,Inner Lake Shore/Michigan Express,,Mon,Tue,Wed,Thu,Fri
10:54:20,146,Inner Lake Shore/Michigan Express,,Sat
13:14:24,3,King Drive,,Sun
17:57:06,26,South Shore Express,,Mon,Tue,Wed,Thu,Fri
18:01:30,146,Inner Lake Shore/Michigan Express,,Sat
19:01:17,151,Sheridan,,Mon,Tue,Wed,Thu,Fri
15:03:38,146,Inner Lake Shore/Michigan Express,,Mon,Tue,Wed,Thu,Fri
21:46:05,146,Inner Lake Shore/Michigan Express,,Mon,Tue,Wed,Thu,Fri
21:26:20,26,South Shore Express,,Mon,Tue,Wed,Thu,Fri
12:05:11,151,Sheridan,,Sun
15:23:02,3,King Drive,,Sat
18:12:20,146,Inner Lake Shore/Michigan Express,,Sun
10:21:57,146,Inner Lake Shore/Michigan Express,,Sun
17:24:32,3,King Drive,,Mon,Tue,Wed,Thu,Fri
23:27:18,151,Sheridan,,Sat
10:23:56,151,Sheridan,,Sun
14:02:33,147,Outer DuSable Lake Shore Express,,Sun
15:47:46,146,Inner Lake Shore/Michigan Express,,Sun
07:30:54,3,King Drive,,Mon,Tue,Wed,Thu,Fri
08:48:34,151,Sheridan,,Sun
19:32:48,3,King Drive,,Mon,Tue,Wed,Thu,Fri
07:40:24,3,King Drive,,Mon,Tue,Wed,Thu,Fri
12:23:11,147,Outer DuSable Lake Shore Express,,Sun
16:15:54,147,Outer DuSable Lake Shore Express,,Sat
08:40:50,148,Clarendon/Michigan Express,,Mon,Tue,Wed,Thu,Fri
08:11:11,151,Sheridan,,Mon,Tue,Wed,Thu,Fri
08:43:40,3,King Drive,,Sat
05:22:57,151,Sheridan,,Mon,Tue,Wed,Thu,Fri
14:12:38,146,Inner Lake Shore/Michigan Express,,Mon,Tue,Wed,Thu,Fri
07:09:43,146,Inner Lake Shore/Michigan Express,,Sun
17:52:42,157,Streeterville/Taylor,,Mon,Tue,Wed,Thu,Fri
07:37:31,157,Streeterville/Taylor,,Mon,Tue,Wed,Thu,Fri
08:10:57,148,Clarendon/Michigan Express,,Mon,Tue,Wed,Thu,Fri
10:41:41,147,Outer DuSable Lake Shore Express,,Sat
21:34:54,146,Inner Lake Shore/Michigan Express,,Sat
08:31:04,147,Outer DuSable Lake Shore Express,,Sun
21:08:48,3,King Drive,,Mon,Tue,Wed,Thu,Fri
05:22:57,151,Sheridan,,Mon,Tue,Wed,Thu,Fri
18:29:10,147,Outer DuSable Lake Shore Express,,Sat
12:35:33,151,Sheridan,,Sun
22:00:13,3,King Drive,,Sat
22:22:41,151,Sheridan,,Sun
12:02:11,147,Outer DuSable Lake Shore Express,,Sun
08:53:16,146,Inner Lake Shore/Michigan Express,,Mon,Tue,Wed,Thu,Fri
09:46:11,151,Sheridan,,Mon,Tue,Wed,Thu,Fri
10:48:55,147,Outer DuSable Lake Shore Express,,Mon,Tue,Wed,Thu,Fri
12:20:24,146,Inner Lake Shore/Michigan Express,,Sun
19:41:48,3,King Drive,,Mon,Tue,Wed,Thu,Fri
23:16:11,147,Outer DuSable Lake Shore Express,,Sun
12:52:02,3,King Drive,,Sat
08:11:04,147,Outer DuSable Lake Shore Express,,Sun
17:59:03,147,Outer DuSable Lake Shore Express,,Sun
16:05:52,157,Streeterville/Taylor,,Mon,Tue,Wed,Thu,Fri
17:36:41,2,Hyde Park Express,,Mon,Tue,Wed,Thu,Fri
22:37:59,3,King Drive,,Sun
16:24:24,147,Outer DuSable Lake Shore Express,,Sat
17:06:32,2,Hyde Park Express,,Mon,Tue,Wed,Thu,Fri
14:46:33,147,Outer DuSable Lake Shore Express,,Sun
06:45:05,3,King Drive,,Mon,Tue,Wed,Thu,Fri
13:20:42,146,Inner Lake Shore/Michigan Express,,Sat
06:29:43,146,Inner Lake Shore/Michigan Express,,Sun
10:37:55,147,Outer DuSable Lake Shore Express,,Mon,Tue,Wed,Thu,Fri
16:48:27,26,South Shore Express,,Mon,Tue,Wed,Thu,Fri
13:12:42,146,Inner Lake Shore/Michigan Express,,Sat
11:59:48,3,King Drive,,Mon,Tue,Wed,Thu,Fri
18:20:47,151,Sheridan,,Mon,Tue,Wed,Thu,Fri
09:48:46,146,Inner Lake Shore/Michigan Express,,Mon,Tue,Wed,Thu,Fri
15:07:30,146,Inner Lake Shore/Michigan Express,,Sat
19:15:54,151,Sheridan,,Sat
09:50:35,148,Clarendon/Michigan Express,,Mon,Tue,Wed,Thu,Fri
21:37:26,147,Outer DuSable Lake Shore Express,,Mon,Tue,Wed,Thu,Fri
10:38:20,146,Inner Lake Shore/Michigan Express,,Mon,Tue,Wed,Thu,Fri
08:20:04,147,Outer DuSable Lake Shore Express,,Sun
20:36:24,3,King Drive,,Sun
06:08:19,151,Sheridan,,Mon,Tue,Wed,Thu,Fri
09:12:34,151,Sheridan,,Sun
20:43:11,147,Outer DuSable Lake Shore Express,,Mon,Tue,Wed,Thu,Fri
12:21:38,146,Inner Lake Shore/Michigan Express,,Mon,Tue,Wed,Thu,Fri
24:22:19,151,Sheridan,,Sun
16:29:34,2,Hyde Park Express,,Mon,Tue,Wed,Thu,Fri
08:29:11,157,Streeterville/Taylor,,Mon,Tue,Wed,Thu,Fri
12:11:24,146,Inner Lake Shore/Michigan Express,,Sun
20:38:48,3,King Drive,,Mon,Tue,Wed,Thu,Fri
07:01:20,2,Hyde Park Express,,Mon,Tue,Wed,Thu,Fri
15:51:54,151,Sheridan,,Sat
10:56:54,3,King Drive,,Sat
23:27:11,151,Sheridan,,Mon,Tue,Wed,Thu,Fri
06:25:35,3,King Drive,,Mon,Tue,Wed,Thu,Fri
17:27:57,26,South Shore Express,,Mon,Tue,Wed,Thu,Fri
08:09:57,148,Clarendon/Michigan Express,,Mon,Tue,Wed,Thu,Fri
17:28:43,3,King Drive,,Sun
10:45:41,147,Outer DuSable Lake Shore Express,,Sun
18:59:49,2,Hyde Park Express,,Mon,Tue,Wed,Thu,Fri
06:49:43,146,Inner Lake Shore/Michigan Express,,Sun
12:06:41,147,Outer DuSable Lake Shore Express,,Sat
16:40:39,151,Sheridan,,Sat
23:31:54,3,King Drive,,Sat
10:56:41,147,Outer DuSable Lake Shore Express,,Sun
07:32:11,147,Outer DuSable Lake Shore Express,,Sun
07:35:26,151,Sheridan,,Mon,Tue,Wed,Thu,Fri
09:34:41,147,Outer DuSable Lake Shore Express,,Mon,Tue,Wed,Thu,Fri
15:50:24,147,Outer DuSable Lake Shore Express,,Sat
06:08:19,151,Sheridan,,Mon,Tue,Wed,Thu,Fri
17:13:03,147,Outer DuSable Lake Shore Express,,Sun
20:23:26,151,Sheridan,,Sun
14:35:46,146,Inner Lake Shore/Michigan Express,,Sun
10:14:57,146,Inner Lake Shore/Michigan Express,,Sat
12:06:55,151,Sheridan,,Mon,Tue,Wed,Thu,Fri
13:53:12,146,Inner Lake Shore/Michigan Express,,Sat
22:42:18,151,Sheridan,,Sat
18:55:54,151,Sheridan,,Sat
18:25:13,3,King Drive,,Mon,Tue,Wed,Thu,Fri
16:16:17,151,Sheridan,,Sun
13:53:12,146,Inner Lake Shore/Michigan Express,,Sat
14:36:17,147,Outer DuSable Lake Shore Express,,Mon,Tue,Wed,Thu,Fri
10:10:25,147,Outer DuSable Lake Shore Express,,Mon,Tue,Wed,Thu,Fri
08:22:25,143,Stockton/Michigan Express,,Mon,Tue,Wed,Thu,Fri
18:58:00,146,Inner Lake Shore/Michigan Express,,Sat
16:46:56,146,Inner Lake Shore/Michigan Express,,Sat
11:32:41,147,Outer DuSable Lake Shore Express,,Sat
20:38:48,3,King Drive,,Mon,Tue,Wed,Thu,Fri
23:17:05,3,King Drive,,Sun
14:49:02,3,King Drive,,Sat
15:49:43,3,King Drive,,Mon,Tue,Wed,Thu,Fri
16:05:26,146,Inner Lake Shore/Michigan Express,,Sat
12:20:24,146,Inner Lake Shore/Michigan Express,,Sun
16:40:39,151,Sheridan,,Sat
10:24:41,147,Outer DuSable Lake Shore Express,,Sat
20:22:33,147,Outer DuSable Lake Shore Express,,Sat
17:43:34,2,Hyde Park Express,,Mon,Tue,Wed,Thu,Fri
12:30:47,151,Sheridan,,Sat
10:17:16,146,Inner Lake Shore/Michigan Express,,Mon,Tue,Wed,Thu,Fri
19:36:57,146,Inner Lake Shore/Michigan Express,,Sun
08:26:33,147,Outer DuSable Lake Shore Express,,Mon,Tue,Wed,Thu,Fri
00:57:59,66,Chicago,,Mon
12:31:38,146,Inner Lake Shore/Michigan Express,,Mon,Tue,Wed,Thu,Fri
07:03:49,151,Sheridan,,Sun
08:30:54,148,Clarendon/Michigan Express,,Mon,Tue,Wed,Thu,Fri
14:24:33,147,Outer DuSable Lake Shore Express,,Sun
19:18:56,147,Outer DuSable Lake Shore Express,,Sun
12:40:42,146,Inner Lake Shore/Michigan Express,,Sat
19:50:41,151,Sheridan,,Sun
08:14:11,151,Sheridan,,Sat
17:30:02,3,King Drive,,Mon,Tue,Wed,Thu,Fri
15:57:10,151,Sheridan,,Mon,Tue,Wed,Thu,Fri
15:24:38,146,Inner Lake Shore/Michigan Express,,Mon,Tue,Wed,Thu,Fri
19:29:55,151,Sheridan,,Mon,Tue,Wed,Thu,Fri
23:40:40,3,King Drive,,Mon,Tue,Wed,Thu,Fri
14:33:47,151,Sheridan,,Mon,Tue,Wed,Thu,Fri
08:43:33,147,Outer DuSable Lake Shore Express,,Mon,Tue,Wed,Thu,Fri
00:57:59,66,Chicago,,Sun
16:56:27,26,South Shore Express,,Mon,Tue,Wed,Thu,Fri
11:55:11,151,Sheridan,,Sun
06:46:27,151,Sheridan,,Sat
17:09:32,3,King Drive,,Sat
07:14:35,3,King Drive,,Mon,Tue,Wed,Thu,Fri
17:28:52,157,Streeterville/Taylor,,Mon,Tue,Wed,Thu,Fri
19:49:54,146,Inner Lake Shore/Michigan Express,,Mon,Tue,Wed,Thu,Fri
09:36:34,151,Sheridan,,Sun
15:49:02,3,King Drive,,Sat
22:42:41,151,Sheridan,,Sun
21:03:57,146,Inner Lake Shore/Michigan Express,,Mon,Tue,Wed,Thu,Fri
12:23:11,147,Outer DuSable Lake Shore Express,,Sun
11:40:11,147,Outer DuSable Lake Shore Express,,Sun
09:06:11,151,Sheridan,,Mon,Tue,Wed,Thu,Fri
15:31:33,147,Outer DuSable Lake Shore Express,,Sun
11:28:55,147,Outer DuSable Lake Shore Express,,Mon,Tue,Wed,Thu,Fri
20:22:21,157,Streeterville/Taylor,,Mon,Tue,Wed,Thu,Fri
06:01:40,3,King Drive,,Mon,Tue,Wed,Thu,Fri
13:23:46,146,Inner Lake Shore/Michigan Express,,Sun
18:58:01,157,Streeterville/Taylor,,Mon,Tue,Wed,Thu,Fri
17:12:39,151,Sheridan,,Sat
19:06:20,146,Inner Lake Shore/Michigan Express,,Sun
11:17:55,147,Outer DuSable Lake Shore Express,,Mon,Tue,Wed,Thu,Fri
07:58:01,157,Streeterville/Taylor,,Mon,Tue,Wed,Thu,Fri
07:14:41,147,Outer DuSable Lake Shore Express,,Sat
17:30:02,3,King Drive,,Mon,Tue,Wed,Thu,Fri
21:58:24,3,King Drive,,Mon,Tue,Wed,Thu,Fri
13:29:11,147,Outer DuSable Lake Shore Express,,Sun
16:07:02,3,King Drive,,Sat
17:01:33,147,Outer DuSable Lake Shore Express,,Sun
08:33:17,143,Stockton/Michigan Express,,Mon,Tue,Wed,Thu,Fri
14:44:46,146,Inner Lake Shore/Michigan Express,,Sun
16:05:30,2,Hyde Park Express,,Mon,Tue,Wed,Thu,Fri
17:16:32,2,Hyde Park Express,,Mon,Tue,Wed,Thu,Fri
10:48:57,146,Inner Lake Shore/Michigan Express,,Sun
22:57:05,3,King Drive,,Sun
21:03:57,146,Inner Lake Shore/Michigan Express,,Mon,Tue,Wed,Thu,Fri
08:39:03,147,Outer DuSable Lake Shore Express,,Mon,Tue,Wed,Thu,Fri
15:41:00,2,Hyde Park Express,,Mon,Tue,Wed,Thu,Fri
04:30:18,66,Chicago,,Mon,Tue,Wed,Thu,Fri
19:50:48,3,King Drive,,Mon,Tue,Wed,Thu,Fri
08:52:40,143,Stockton/Michigan Express,,Mon,Tue,Wed,Thu,Fri
14:42:38,146,Inner Lake Shore/Michigan Express,,Mon,Tue,Wed,Thu,Fri
10:26:59,3,King Drive,,Sun
18:37:40,147,Outer DuSable Lake Shore Express,,Sat
11:17:55,147,Outer DuSable Lake Shore Express,,Mon,Tue,Wed,Thu,Fri
12:23:41,147,Outer DuSable Lake Shore Express,,Sat
13:40:11,147,Outer DuSable Lake Shore Express,,Sun
16:33:43,3,King Drive,,Sun
17:36:32,3,King Drive,,Sat
02:57:18,66,Chicago,,Tue,Wed,Thu,Fri,Sat
05:38:40,3,King Drive,,Sat
20:28:48,3,King Drive,,Mon,Tue,Wed,Thu,Fri
11:59:24,3,King Drive,,Sun
07:30:26,151,Sheridan,,Mon,Tue,Wed,Thu,Fri
13:40:11,147,Outer DuSable Lake Shore Express,,Sun
14:23:47,147,Outer DuSable Lake Shore Express,,Mon,Tue,Wed,Thu,Fri
17:38:24,151,Sheridan,,Mon,Tue,Wed,Thu,Fri
12:21:38,146,Inner Lake Shore/Michigan Express,,Mon,Tue,Wed,Thu,Fri
21:52:57,146,Inner Lake Shore/Michigan Express,,Sat
06:55:05,3,King Drive,,Mon,Tue,Wed,Thu,Fri
09:41:41,147,Outer DuSable Lake Shore Express,,Mon,Tue,Wed,Thu,Fri
15:47:46,146,Inner Lake Shore/Michigan Express,,Sun
21:28:25,151,Sheridan,,Sat
16:51:32,3,King Drive,,Mon,Tue,Wed,Thu,Fri
19:03:48,3,King Drive,,Sun
21:00:48,147,Outer DuSable Lake Shore Express,,Mon,Tue,Wed,Thu,Fri
17:20:00,146,Inner Lake Shore/Michigan Express,,Sat
17:23:34,2,Hyde Park Express,,Mon,Tue,Wed,Thu,Fri
19:45:03,151,Sheridan,,Mon,Tue,Wed,Thu,Fri
18:20:30,146,Inner Lake Shore/Michigan Express,,Sat
17:04:39,151,Sheridan,,Sat
13:47:47,147,Outer DuSable Lake Shore Express,,Mon,Tue,Wed,Thu,Fri
17:01:33,147,Outer DuSable Lake Shore Express,,Sun
13:21:45,26,South Shore Express,,Mon,Tue,Wed,Thu,Fri
17:00:32,3,King Drive,,Sat
13:27:10,151,Sheridan,,Sat
12:00:18,3,King Drive,,Sat
19:46:07,3,King Drive,,Sat
00:49:50,151,Sheridan,,Tue,Wed,Thu,Fri,Sat
15:29:46,146,Inner Lake Shore/Michigan Express,,Sun
14:21:41,157,Streeterville/Taylor,,Mon,Tue,Wed,Thu,Fri
11:50:18,3,King Drive,,Sat
01:27:59,66,Chicago,,Tue,Wed,Thu,Fri,Sat
17:27:32,3,King Drive,,Sat
15:38:46,146,Inner Lake Shore/Michigan Express,,Sun
14:21:41,157,Streeterville/Taylor,,Mon,Tue,Wed,Thu,Fri
23:28:10,3,King Drive,,Mon,Tue,Wed,Thu,Fri
06:18:40,3,King Drive,,Sat
11:45:11,151,Sheridan,,Sun
14:47:10,151,Sheridan,,Sat
08:09:39,146,Inner Lake Shore/Michigan Express,,Sun
21:41:59,3,King Drive,,Sun
08:19:54,146,Inner Lake Shore/Michigan Express,,Mon,Tue,Wed,Thu,Fri
06:58:40,3,King Drive,,Sat
15:33:24,147,Outer DuSable Lake Shore Express,,Sat
20:43:04,151,Sheridan,,Sun
21:42:41,151,Sheridan,,Sun
11:09:50,146,Inner Lake Shore/Michigan Express,,Mon,Tue,Wed,Thu,Fri
07:23:29,3,King Drive,,Mon,Tue,Wed,Thu,Fri
17:08:02,3,King Drive,,Mon,Tue,Wed,Thu,Fri
09:21:31,146,Inner Lake Shore/Michigan Express,,Sat
09:24:34,151,Sheridan,,Sun
07:51:11,151,Sheridan,,Mon,Tue,Wed,Thu,Fri
20:18:48,3,King Drive,,Mon,Tue,Wed,Thu,Fri
17:07:46,146,Inner Lake Shore/Michigan Express,,Sun
18:41:12,146,Inner Lake Shore/Michigan Express,,Mon,Tue,Wed,Thu,Fri
08:21:24,148,Clarendon/Michigan Express,,Mon,Tue,Wed,Thu,Fri
09:20:04,147,Outer DuSable Lake Shore Express,,Sun
09:03:46,146,Inner Lake Shore/Michigan Express,,Mon,Tue,Wed,Thu,Fri
21:20:21,157,Streeterville/Taylor,,Mon,Tue,Wed,Thu,Fri
16:14:46,146,Inner Lake Shore/Michigan Express,,Sun
16:25:02,3,King Drive,,Sat
08:46:39,146,Inner Lake Shore/Michigan Express,,Sat
18:17:21,157,Streeterville/Taylor,,Mon,Tue,Wed,Thu,Fri
11:51:12,146,Inner Lake Shore/Michigan Express,,Mon,Tue,Wed,Thu,Fri
13:19:10,151,Sheridan,,Sat
10:27:01,157,Streeterville/Taylor,,Mon,Tue,Wed,Thu,Fri
16:53:02,147,Outer DuSable Lake Shore Express,,Mon,Tue,Wed,Thu,Fri
23:40:40,3,King Drive,,Mon,Tue,Wed,Thu,Fri
16:29:07,3,King Drive,,Mon,Tue,Wed,Thu,Fri
20:13:33,147,Outer DuSable Lake Shore Express,,Sat
12:19:17,151,Sheridan,,Mon,Tue,Wed,Thu,Fri
16:46:32,2,Hyde Park Express,,Mon,Tue,Wed,Thu,Fri
10:30:33,151,Sheridan,,Mon,Tue,Wed,Thu,Fri
22:02:41,151,Sheridan,,Sun
21:08:48,3,King Drive,,Mon,Tue,Wed,Thu,Fri
07:29:48,147,Outer DuSable Lake Shore Express,,Mon,Tue,Wed,Thu,Fri
22:52:31,146,Inner Lake Shore/Michigan Express,,Sat
09:04:04,147,Outer DuSable Lake Shore Express,,Sat
17:29:40,147,Outer DuSable Lake Shore Express,,Sat
12:22:47,151,Sheridan,,Sat
17:09:32,3,King Drive,,Sat
07:45:09,146,Inner Lake Shore/Michigan Express,,Sat
20:28:47,151,Sheridan,,Sat
09:54:18,147,Outer DuSable Lake Shore Express,,Sun
13:23:47,147,Outer DuSable Lake Shore Express,,Sat
17:48:02,3,King Drive,,Mon,Tue,Wed,Thu,Fri
08:10:04,147,Outer DuSable Lake Shore Express,,Sat
14:31:10,151,Sheridan,,Sat
14:33:11,26,South Shore Express,,Mon,Tue,Wed,Thu,Fri
11:17:54,3,King Drive,,Mon,Tue,Wed,Thu,Fri
11:15:57,146,Inner Lake Shore/Michigan Express,,Sun
07:10:04,151,Sheridan,,Mon,Tue,Wed,Thu,Fri
16:16:39,151,Sheridan,,Sat
10:25:41,147,Outer DuSable Lake Shore Express,,Sun
10:06:48,147,Outer DuSable Lake Shore Express,,Sat
19:14:25,151,Sheridan,,Mon,Tue,Wed,Thu,Fri
09:30:04,147,Outer DuSable Lake Shore Express,,Sat
08:07:51,157,Streeterville/Taylor,,Mon,Tue,Wed,Thu,Fri
09:03:46,146,Inner Lake Shore/Michigan Express,,Mon,Tue,Wed,Thu,Fri
14:15:55,151,Sheridan,,Sun
05:36:49,147,Outer DuSable Lake Shore Express,,Mon,Tue,Wed,Thu,Fri
10:29:57,146,Inner Lake Shore/Michigan Express,,Sat
14:13:33,147,Outer DuSable Lake Shore Express,,Sun
14:27:48,3,King Drive,,Mon,Tue,Wed,Thu,Fri
10:15:11,147,Outer DuSable Lake Shore Express,,Sat
08:46:11,151,Sheridan,,Sat
17:01:52,157,Streeterville/Taylor,,Mon,Tue,Wed,Thu,Fri
13:22:08,146,Inner Lake Shore/Michigan Express,,Mon,Tue,Wed,Thu,Fri
12:08:55,147,Outer DuSable Lake Shore Express,,Mon,Tue,Wed,Thu,Fri
07:32:09,146,Inner Lake Shore/Michigan Express,,Sat
08:21:11,151,Sheridan,,Mon,Tue,Wed,Thu,Fri
14:24:17,147,Outer DuSable Lake Shore Express,,Sat
11:57:11,147,Outer DuSable Lake Shore Express,,Sat
13:33:17,147,Outer DuSable Lake Shore Express,,Sat
11:33:57,146,Inner Lake Shore/Michigan Express,,Sun
14:21:17,151,Sheridan,,Mon,Tue,Wed,Thu,Fri
15:14:08,146,Inner Lake Shore/Michigan Express,,Mon,Tue,Wed,Thu,Fri
07:54:27,146,Inner Lake Shore/Michigan Express,,Mon,Tue,Wed,Thu,Fri
03:57:48,66,Chicago,,Sun
23:42:19,151,Sheridan,,Sun
16:36:17,151,Sheridan,,Sun
19:05:54,151,Sheridan,,Sat
17:34:32,147,Outer DuSable Lake Shore Express,,Mon,Tue,Wed,Thu,Fri
08:20:24,3,King Drive,,Mon,Tue,Wed,Thu,Fri
20:08:48,3,King Drive,,Mon,Tue,Wed,Thu,Fri
15:26:10,147,Outer DuSable Lake Shore Express,,Mon,Tue,Wed,Thu,Fri
19:15:54,151,Sheridan,,Sat
10:19:59,3,King Drive,,Sat
16:34:02,3,King Drive,,Sat
12:38:51,157,Streeterville/Taylor,,Mon,Tue,Wed,Thu,Fri
08:37:15,2,Hyde Park Express,,Mon,Tue,Wed,Thu,Fri
16:27:03,147,Outer DuSable Lake Shore Express,,Sun
17:06:43,3,King Drive,,Sun
10:23:50,146,Inner Lake Shore/Michigan Express,,Mon,Tue,Wed,Thu,Fri
13:05:55,151,Sheridan,,Sun
11:41:41,151,Sheridan,,Sat
12:00:18,3,King Drive,,Sat
07:57:40,3,King Drive,,Sun
22:09:24,3,King Drive,,Mon,Tue,Wed,Thu,Fri
16:16:02,3,King Drive,,Sat
08:26:11,151,Sheridan,,Mon,Tue,Wed,Thu,Fri
22:31:09,146,Inner Lake Shore/Michigan Express,,Sun
11:25:11,151,Sheridan,,Sun
08:30:24,3,King Drive,,Mon,Tue,Wed,Thu,Fri
18:10:33,147,Outer DuSable Lake Shore Express,,Sun
14:57:33,147,Outer DuSable Lake Shore Express,,Sun
11:10:20,146,Inner Lake Shore/Michigan Express,,Sat
15:10:43,3,King Drive,,Mon,Tue,Wed,Thu,Fri
18:41:12,146,Inner Lake Shore/Michigan Express,,Mon,Tue,Wed,Thu,Fri
17:47:33,147,Outer DuSable Lake Shore Express,,Sun
22:35:26,147,Outer DuSable Lake Shore Express,,Sat
23:07:47,146,Inner Lake Shore/Michigan Express,,Sun
16:56:39,151,Sheridan,,Sat
05:46:40,3,King Drive,,Mon,Tue,Wed,Thu,Fri
06:18:34,147,Outer DuSable Lake Shore Express,,Mon,Tue,Wed,Thu,Fri
08:25:15,2,Hyde Park Express,,Mon,Tue,Wed,Thu,Fri
18:44:41,147,Outer DuSable Lake Shore Express,,Sun
03:57:48,66,Chicago,,Sun
16:36:51,2,Hyde Park Express,,Mon,Tue,Wed,Thu,Fri
08:37:39,146,Inner Lake Shore/Michigan Express,,Sat
19:42:46,146,Inner Lake Shore/Michigan Express,,Sat
18:18:47,151,Sheridan,,Sun
07:16:51,157,Streeterville/Taylor,,Mon,Tue,Wed,Thu,Fri
08:39:40,143,Stockton/Michigan Express,,Mon,Tue,Wed,Thu,Fri
08:16:11,151,Sheridan,,Mon,Tue,Wed,Thu,Fri
01:57:59,66,Chicago,,Sun
22:42:18,151,Sheridan,,Sat
10:57:57,146,Inner Lake Shore/Michigan Express,,Sun
04:29:18,66,Chicago,,Sat
11:18:20,146,Inner Lake Shore/Michigan Express,,Sat
18:55:18,147,Outer DuSable Lake Shore Express,,Sun
12:02:24,146,Inner Lake Shore/Michigan Express,,Sun
22:57:18,151,Sheridan,,Sat
16:17:38,146,Inner Lake Shore/Michigan Express,,Mon,Tue,Wed,Thu,Fri
11:57:55,147,Outer DuSable Lake Shore Express,,Mon,Tue,Wed,Thu,Fri
18:22:03,147,Outer DuSable Lake Shore Express,,Sun
12:31:17,151,Sheridan,,Mon,Tue,Wed,Thu,Fri
05:31:43,146,Inner Lake Shore/Michigan Express,,Mon,Tue,Wed,Thu,Fri
16:16:39,151,Sheridan,,Sat
15:20:46,146,Inner Lake Shore/Michigan Express,,Sun
16:32:39,151,Sheridan,,Sat
15:42:43,3,King Drive,,Mon,Tue,Wed,Thu,Fri
13:28:42,146,Inner Lake Shore/Michigan Express,,Sat
21:24:29,3,King Drive,,Sun
16:13:56,146,Inner Lake Shore/Michigan Express,,Sat
10:44:59,3,King Drive,,Sat
15:02:46,146,Inner Lake Shore/Michigan Express,,Sun
13:58:15,26,South Shore Express,,Mon,Tue,Wed,Thu,Fri
09:20:34,147,Outer DuSable Lake Shore Express,,Sat
19:13:49,2,Hyde Park Express,,Mon,Tue,Wed,Thu,Fri
17:15:22,157,Streeterville/Taylor,,Mon,Tue,Wed,Thu,Fri
12:06:41,147,Outer DuSable Lake Shore Express,,Sat
14:22:02,3,King Drive,,Sat
11:14:11,157,Streeterville/Taylor,,Mon,Tue,Wed,Thu,Fri
09:21:31,146,Inner Lake Shore/Michigan Express,,Sat
00:17:05,3,King Drive,,Mon
07:01:27,151,Sheridan,,Sat
19:14:13,3,King Drive,,Mon,Tue,Wed,Thu,Fri
14:04:43,3,King Drive,,Sun
13:46:51,157,Streeterville/Taylor,,Mon,Tue,Wed,Thu,Fri
21:07:50,26,South Shore Express,,Mon,Tue,Wed,Thu,Fri
13:01:38,146,Inner Lake Shore/Michigan Express,,Mon,Tue,Wed,Thu,Fri
07:39:11,151,Sheridan,,Sun
20:48:48,3,King Drive,,Mon,Tue,Wed,Thu,Fri
16:50:03,147,Outer DuSable Lake Shore Express,,Sun
20:48:57,146,Inner Lake Shore/Michigan Express,,Mon,Tue,Wed,Thu,Fri
17:48:43,3,King Drive,,Sun
14:43:17,151,Sheridan,,Mon,Tue,Wed,Thu,Fri
12:14:11,147,Outer DuSable Lake Shore Express,,Sat
11:14:11,157,Streeterville/Taylor,,Mon,Tue,Wed,Thu,Fri
22:57:18,151,Sheridan,,Sat
01:57:59,66,Chicago,,Sun
12:59:17,147,Outer DuSable Lake Shore Express,,Sat
09:25:11,143,Stockton/Michigan Express,,Mon,Tue,Wed,Thu,Fri
08:36:11,151,Sheridan,,Sun
16:09:43,3,King Drive,,Mon,Tue,Wed,Thu,Fri
16:26:02,151,Sheridan,,Mon,Tue,Wed,Thu,Fri
18:02:07,3,King Drive,,Mon,Tue,Wed,Thu,Fri
22:53:34,151,Sheridan,,Mon,Tue,Wed,Thu,Fri
13:37:02,3,King Drive,,Sat
18:12:10,147,Outer DuSable Lake Shore Express,,Sat
11:45:11,151,Sheridan,,Sun
19:26:45,26,South Shore Express,,Mon,Tue,Wed,Thu,Fri
08:09:11,151,Sheridan,,Sun
13:16:18,3,King Drive,,Mon,Tue,Wed,Thu,Fri
15:01:17,147,Outer DuSable Lake Shore Express,,Mon,Tue,Wed,Thu,Fri
14:51:30,146,Inner Lake Shore/Michigan Express,,Sat
07:30:50,2,Hyde Park Express,,Mon,Tue,Wed,Thu,Fri
20:08:48,3,King Drive,,Mon,Tue,Wed,Thu,Fri
17:46:32,3,King Drive,,Sat
13:52:43,3,King Drive,,Sun
06:15:43,146,Inner Lake Shore/Michigan Express,,Mon,Tue,Wed,Thu,Fri
20:28:47,151,Sheridan,,Sat
15:02:13,3,King Drive,,Sun
12:15:11,151,Sheridan,,Sun
09:00:41,2,Hyde Park Express,,Mon,Tue,Wed,Thu,Fri
09:56:03,147,Outer DuSable Lake Shore Express,,Mon,Tue,Wed,Thu,Fri
15:03:13,3,King Drive,,Mon,Tue,Wed,Thu,Fri
14:21:17,151,Sheridan,,Mon,Tue,Wed,Thu,Fri
09:56:48,147,Outer DuSable Lake Shore Express,,Sat
11:30:33,151,Sheridan,,Mon,Tue,Wed,Thu,Fri
14:49:11,26,South Shore Express,,Mon,Tue,Wed,Thu,Fri
08:26:09,146,Inner Lake Shore/Michigan Express,,Sun
16:11:13,3,King Drive,,Sun
13:14:24,3,King Drive,,Sun
18:22:03,147,Outer DuSable Lake Shore Express,,Sun
11:57:55,147,Outer DuSable Lake Shore Express,,Mon,Tue,Wed,Thu,Fri
07:00:39,148,Clarendon/Michigan Express,,Mon,Tue,Wed,Thu,Fri
14:53:46,146,Inner Lake Shore/Michigan Express,,Sun
12:11:38,146,Inner Lake Shore/Michigan Express,,Mon,Tue,Wed,Thu,Fri
09:37:56,147,Outer DuSable Lake Shore Express,,Sat
17:02:32,3,King Drive,,Mon,Tue,Wed,Thu,Fri
21:51:09,146,Inner Lake Shore/Michigan Express,,Sun
17:16:47,151,Sheridan,,Sun
11:15:11,151,Sheridan,,Sun
10:05:18,151,Sheridan,,Sat
08:09:40,3,King Drive,,Sat
14:55:10,151,Sheridan,,Sat
16:43:02,3,King Drive,,Sat
08:26:20,146,Inner Lake Shore/Michigan Express,,Mon,Tue,Wed,Thu,Fri
23:16:26,147,Outer DuSable Lake Shore Express,,Mon,Tue,Wed,Thu,Fri
10:54:33,151,Sheridan,,Mon,Tue,Wed,Thu,Fri
17:04:39,151,Sheridan,,Sat
09:39:54,3,King Drive,,Mon,Tue,Wed,Thu,Fri
11:30:18,3,King Drive,,Sat
08:14:11,151,Sheridan,,Sat
15:07:32,147,Outer DuSable Lake Shore Express,,Sat
10:42:51,157,Streeterville/Taylor,,Mon,Tue,Wed,Thu,Fri
14:32:10,147,Outer DuSable Lake Shore Express,,Sat
16:09:43,3,King Drive,,Mon,Tue,Wed,Thu,Fri
07:35:11,143,Stockton/Michigan Express,,Mon,Tue,Wed,Thu,Fri
20:03:21,157,Streeterville/Taylor,,Mon,Tue,Wed,Thu,Fri
18:26:16,151,Sheridan,,Sat
04:29:18,66,Chicago,,Sun
08:45:40,143,Stockton/Michigan Express,,Mon,Tue,Wed,Thu,Fri
08:29:11,157,Streeterville/Taylor,,Mon,Tue,Wed,Thu,Fri
08:43:33,147,Outer DuSable Lake Shore Express,,Mon,Tue,Wed,Thu,Fri
07:38:27,146,Inner Lake Shore/Michigan Express,,Mon,Tue,Wed,Thu,Fri
15:03:41,26,South Shore Express,,Mon,Tue,Wed,Thu,Fri
09:27:20,146,Inner Lake Shore/Michigan Express,,Mon,Tue,Wed,Thu,Fri
17:52:32,151,Sheridan,,Mon,Tue,Wed,Thu,Fri
05:37:57,151,Sheridan,,Mon,Tue,Wed,Thu,Fri
21:11:03,147,Outer DuSable Lake Shore Express,,Sat
16:03:43,3,King Drive,,Mon,Tue,Wed,Thu,Fri
16:33:52,157,Streeterville/Taylor,,Mon,Tue,Wed,Thu,Fri
17:24:33,147,Outer DuSable Lake Shore Express,,Sun
23:15:40,3,King Drive,,Mon,Tue,Wed,Thu,Fri
13:12:25,147,Outer DuSable Lake Shore Express,,Mon,Tue,Wed,Thu,Fri
16:12:01,26,South Shore Express,,Mon,Tue,Wed,Thu,Fri
18:26:07,3,King Drive,,Sat
08:00:27,148,Clarendon/Michigan Express,,Mon,Tue,Wed,Thu,Fri
23:11:05,146,Inner Lake Shore/Michigan Express,,Sat
08:55:39,146,Inner Lake Shore/Michigan Express,,Sun
10:56:54,3,King Drive,,Sat
18:44:21,157,Streeterville/Taylor,,Mon,Tue,Wed,Thu,Fri
17:25:46,146,Inner Lake Shore/Michigan Express,,Sun
15:14:08,146,Inner Lake Shore/Michigan Express,,Mon,Tue,Wed,Thu,Fri
15:59:54,151,Sheridan,,Sat
22:42:13,3,King Drive,,Sat
13:05:18,3,King Drive,,Mon,Tue,Wed,Thu,Fri
20:31:39,146,Inner Lake Shore/Michigan Express,,Sun
07:40:24,3,King Drive,,Mon,Tue,Wed,Thu,Fri
15:48:13,3,King Drive,,Sun
10:29:41,151,Sheridan,,Sat
16:07:02,3,King Drive,,Sat
17:46:16,151,Sheridan,,Sat
17:06:17,151,Sheridan,,Sun
17:38:43,3,King Drive,,Sun
09:21:50,146,Inner Lake Shore/Michigan Express,,Mon,Tue,Wed,Thu,Fri
11:05:11,151,Sheridan,,Sun
19:01:17,151,Sheridan,,Mon,Tue,Wed,Thu,Fri
16:32:02,147,Outer DuSable Lake Shore Express,,Sat
14:54:48,3,King Drive,,Mon,Tue,Wed,Thu,Fri
17:52:20,146,Inner Lake Shore/Michigan Express,,Sun
07:32:11,147,Outer DuSable Lake Shore Express,,Sun
15:58:54,147,Outer DuSable Lake Shore Express,,Sat
11:59:48,3,King Drive,,Mon,Tue,Wed,Thu,Fri
10:15:11,147,Outer DuSable Lake Shore Express,,Sat
09:46:56,151,Sheridan,,Sat
21:15:50,146,Inner Lake Shore/Michigan Express,,Sat
13:55:55,151,Sheridan,,Sun
19:54:25,147,Outer DuSable Lake Shore Express,,Sat
07:16:51,157,Streeterville/Taylor,,Mon,Tue,Wed,Thu,Fri
08:05:33,143,Stockton/Michigan Express,,Mon,Tue,Wed,Thu,Fri
08:20:34,147,Outer DuSable Lake Shore Express,,Sat
17:13:34,2,Hyde Park Express,,Mon,Tue,Wed,Thu,Fri
17:48:32,147,Outer DuSable Lake Shore Express,,Mon,Tue,Wed,Thu,Fri
07:28:27,148,Clarendon/Michigan Express,,Mon,Tue,Wed,Thu,Fri
17:19:27,26,South Shore Express,,Mon,Tue,Wed,Thu,Fri
08:26:40,3,King Drive,,Sat
19:27:42,146,Inner Lake Shore/Michigan Express,,Sat
19:10:40,147,Outer DuSable Lake Shore Express,,Sat
20:48:57,146,Inner Lake Shore/Michigan Express,,Mon,Tue,Wed,Thu,Fri
09:38:40,3,King Drive,,Sun
17:16:47,151,Sheridan,,Sun
08:00:04,147,Outer DuSable Lake Shore Express,,Sun
18:02:07,3,King Drive,,Mon,Tue,Wed,Thu,Fri
13:27:10,151,Sheridan,,Sat
10:48:57,146,Inner Lake Shore/Michigan Express,,Sun
05:53:19,151,Sheridan,,Mon,Tue,Wed,Thu,Fri
20:05:24,3,King Drive,,Sun
10:22:27,146,Inner Lake Shore/Michigan Express,,Sat
09:55:16,146,Inner Lake Shore/Michigan Express,,Mon,Tue,Wed,Thu,Fri
22:56:41,147,Outer DuSable Lake Shore Express,,Sun
17:08:02,3,King Drive,,Mon,Tue,Wed,Thu,Fri
17:58:43,3,King Drive,,Sun
12:06:03,151,Sheridan,,Sat
11:53:24,146,Inner Lake Shore/Michigan Express,,Sun
12:38:51,157,Streeterville/Taylor,,Mon,Tue,Wed,Thu,Fri
20:31:11,151,Sheridan,,Mon,Tue,Wed,Thu,Fri
08:29:04,147,Outer DuSable Lake Shore Express,,Sat
11:47:51,157,Streeterville/Taylor,,Mon,Tue,Wed,Thu,Fri
09:49:54,3,King Drive,,Mon,Tue,Wed,Thu,Fri
01:27:59,66,Chicago,,Tue,Wed,Thu,Fri,Sat
16:31:46,146,Inner Lake Shore/Michigan Express,,Sun
13:55:55,151,Sheridan,,Sun
12:56:42,146,Inner Lake Shore/Michigan Express,,Sat
18:18:11,26,South Shore Express,,Mon,Tue,Wed,Thu,Fri
15:29:17,151,Sheridan,,Mon,Tue,Wed,Thu,Fri
13:46:02,3,King Drive,,Sat
01:16:35,151,Sheridan,,Sun
18:30:41,157,Streeterville/Taylor,,Mon,Tue,Wed,Thu,Fri
17:58:17,151,Sheridan,,Sun
05:10:20,151,Sheridan,,Sat
08:01:11,151,Sheridan,,Mon,Tue,Wed,Thu,Fri
15:02:17,151,Sheridan,,Mon,Tue,Wed,Thu,Fri
09:27:59,3,King Drive,,Sat
14:01:12,146,Inner Lake Shore/Michigan Express,,Sat
20:24:11,147,Outer DuSable Lake Shore Express,,Mon,Tue,Wed,Thu,Fri
22:13:13,3,King Drive,,Sat
15:07:02,3,King Drive,,Sat
08:37:39,146,Inner Lake Shore/Michigan Express,,Sat
14:48:47,147,Outer DuSable Lake Shore Express,,Mon,Tue,Wed,Thu,Fri
07:27:05,148,Clarendon/Michigan Express,,Mon,Tue,Wed,Thu,Fri
11:08:55,147,Outer DuSable Lake Shore Express,,Mon,Tue,Wed,Thu,Fri
11:01:41,151,Sheridan,,Sat
15:35:08,146,Inner Lake Shore/Michigan Express,,Mon,Tue,Wed,Thu,Fri
06:50:04,143,Stockton/Michigan Express,,Mon,Tue,Wed,Thu,Fri
09:14:01,146,Inner Lake Shore/Michigan Express,,Sat
06:01:43,146,Inner Lake Shore/Michigan Express,,Mon,Tue,Wed,Thu,Fri
13:00:25,147,Outer DuSable Lake Shore Express,,Mon,Tue,Wed,Thu,Fri
11:07:59,3,King Drive,,Sun
20:57:11,147,Outer DuSable Lake Shore Express,,Sun
08:24:11,151,Sheridan,,Sun
00:22:29,3,King Drive,,Sun
18:32:00,146,Inner Lake Shore/Michigan Express,,Sat
17:12:26,146,Inner Lake Shore/Michigan Express,,Sat
09:56:35,3,King Drive,,Sun
15:52:02,157,Streeterville/Taylor,,Mon,Tue,Wed,Thu,Fri
07:15:40,3,King Drive,,Sun
09:20:35,148,Clarendon/Michigan Express,,Mon,Tue,Wed,Thu,Fri
07:41:11,151,Sheridan,,Mon,Tue,Wed,Thu,Fri
08:56:34,147,Outer DuSable Lake Shore Express,,Sat
07:50:24,3,King Drive,,Mon,Tue,Wed,Thu,Fri
19:35:41,151,Sheridan,,Sun
10:34:48,151,Sheridan,,Sun
18:38:55,147,Outer DuSable Lake Shore Express,,Mon,Tue,Wed,Thu,Fri
16:58:46,146,Inner Lake Shore/Michigan Express,,Sun
14:17:48,3,King Drive,,Mon,Tue,Wed,Thu,Fri
21:08:13,3,King Drive,,Sat
15:51:10,147,Outer DuSable Lake Shore Express,,Mon,Tue,Wed,Thu,Fri
08:11:33,143,Stockton/Michigan Express,,Mon,Tue,Wed,Thu,Fri
09:35:57,148,Clarendon/Michigan Express,,Mon,Tue,Wed,Thu,Fri
09:04:05,146,Inner Lake Shore/Michigan Express,,Sat
18:30:48,3,King Drive,,Sun
15:56:56,146,Inner Lake Shore/Michigan Express,,Sat
11:28:50,146,Inner Lake Shore/Michigan Express,,Mon,Tue,Wed,Thu,Fri
07:18:40,3,King Drive,,Sat
07:49:34,147,Outer DuSable Lake Shore Express,,Sat
08:56:05,146,Inner Lake Shore/Michigan Express,,Sat
12:01:12,146,Inner Lake Shore/Michigan Express,,Mon,Tue,Wed,Thu,Fri
10:02:46,146,Inner Lake Shore/Michigan Express,,Mon,Tue,Wed,Thu,Fri
09:12:34,151,Sheridan,,Sun
11:49:41,151,Sheridan,,Sat
09:40:31,157,Streeterville/Taylor,,Mon,Tue,Wed,Thu,Fri
11:46:54,3,King Drive,,Sun
14:43:17,151,Sheridan,,Mon,Tue,Wed,Thu,Fri
08:57:03,147,Outer DuSable Lake Shore Express,,Mon,Tue,Wed,Thu,Fri
10:27:01,157,Streeterville/Taylor,,Mon,Tue,Wed,Thu,Fri
11:01:20,146,Inner Lake Shore/Michigan Express,,Mon,Tue,Wed,Thu,Fri
13:40:43,3,King Drive,,Sun
18:35:17,151,Sheridan,,Mon,Tue,Wed,Thu,Fri
09:40:59,3,King Drive,,Sat
18:35:17,151,Sheridan,,Mon,Tue,Wed,Thu,Fri
09:15:25,143,Stockton/Michigan Express,,Mon,Tue,Wed,Thu,Fri
11:28:55,147,Outer DuSable Lake Shore Express,,Mon,Tue,Wed,Thu,Fri
23:12:18,151,Sheridan,,Sat
15:59:54,151,Sheridan,,Sat
19:30:11,147,Outer DuSable Lake Shore Express,,Mon,Tue,Wed,Thu,Fri
20:58:48,3,King Drive,,Mon,Tue,Wed,Thu,Fri
06:45:17,146,Inner Lake Shore/Michigan Express,,Sat
07:39:18,147,Outer DuSable Lake Shore Express,,Mon,Tue,Wed,Thu,Fri
18:44:41,147,Outer DuSable Lake Shore Express,,Sun
24:28:12,151,Sheridan,,Mon,Tue,Wed,Thu,Fri
14:16:13,3,King Drive,,Sun
11:30:31,157,Streeterville/Taylor,,Mon,Tue,Wed,Thu,Fri
18:33:13,3,King Drive,,Mon,Tue,Wed,Thu,Fri
21:17:27,146,Inner Lake Shore/Michigan Express,,Mon,Tue,Wed,Thu,Fri
06:03:27,151,Sheridan,,Sun
10:36:41,147,Outer DuSable Lake Shore Express,,Sun
07:19:30,2,Hyde Park Express,,Mon,Tue,Wed,Thu,Fri
10:49:11,147,Outer DuSable Lake Shore Express,,Sat
13:06:47,147,Outer DuSable Lake Shore Express,,Sat
06:35:41,151,Sheridan,,Mon,Tue,Wed,Thu,Fri
08:34:50,146,Inner Lake Shore/Michigan Express,,Mon,Tue,Wed,Thu,Fri
06:28:43,146,Inner Lake Shore/Michigan Express,,Mon,Tue,Wed,Thu,Fri
17:19:27,26,South Shore Express,,Mon,Tue,Wed,Thu,Fri
17:55:10,147,Outer DuSable Lake Shore Express,,Sat
18:41:48,3,King Drive,,Sun
15:52:02,157,Streeterville/Taylor,,Mon,Tue,Wed,Thu,Fri
08:19:33,147,Outer DuSable Lake Shore Express,,Mon,Tue,Wed,Thu,Fri
22:37:34,151,Sheridan,,Mon,Tue,Wed,Thu,Fri
20:58:47,151,Sheridan,,Sat
16:01:06,26,South Shore Express,,Mon,Tue,Wed,Thu,Fri
06:11:27,151,Sheridan,,Sat
07:06:04,143,Stockton/Michigan Express,,Mon,Tue,Wed,Thu,Fri
17:03:56,146,Inner Lake Shore/Michigan Express,,Sat
19:29:55,151,Sheridan,,Mon,Tue,Wed,Thu,Fri
14:15:10,151,Sheridan,,Sat
15:50:24,147,Outer DuSable Lake Shore Express,,Sat
07:34:31,148,Clarendon/Michigan Express,,Mon,Tue,Wed,Thu,Fri
18:02:20,146,Inner Lake Shore/Michigan Express,,Sun
12:32:18,3,King Drive,,Mon,Tue,Wed,Thu,Fri
07:12:26,147,Outer DuSable Lake Shore Express,,Mon,Tue,Wed,Thu,Fri
23:17:05,3,King Drive,,Sun
09:56:48,147,Outer DuSable Lake Shore Express,,Sat
08:26:11,151,Sheridan,,Mon,Tue,Wed,Thu,Fri
15:19:43,3,King Drive,,Mon,Tue,Wed,Thu,Fri
20:43:11,147,Outer DuSable Lake Shore Express,,Mon,Tue,Wed,Thu,Fri
14:55:10,151,Sheridan,,Sat
22:05:56,151,Sheridan,,Mon,Tue,Wed,Thu,Fri
17:52:42,157,Streeterville/Taylor,,Mon,Tue,Wed,Thu,Fri
19:57:20,146,Inner Lake Shore/Michigan Express,,Sat
23:27:11,151,Sheridan,,Mon,Tue,Wed,Thu,Fri
13:28:02,3,King Drive,,Sat
06:23:49,147,Outer DuSable Lake Shore Express,,Sat
07:49:34,147,Outer DuSable Lake Shore Express,,Sat
21:02:41,151,Sheridan,,Mon,Tue,Wed,Thu,Fri
15:43:54,151,Sheridan,,Sat
24:16:35,151,Sheridan,,Sat
06:36:19,147,Outer DuSable Lake Shore Express,,Sat
17:47:01,26,South Shore Express,,Mon,Tue,Wed,Thu,Fri
08:56:34,147,Outer DuSable Lake Shore Express,,Sat
06:47:41,151,Sheridan,,Mon,Tue,Wed,Thu,Fri
08:01:11,151,Sheridan,,Sat
10:10:31,146,Inner Lake Shore/Michigan Express,,Sun
05:46:40,3,King Drive,,Mon,Tue,Wed,Thu,Fri
10:45:41,151,Sheridan,,Sat
15:55:55,147,Outer DuSable Lake Shore Express,,Sun
19:50:41,151,Sheridan,,Sun
17:28:30,146,Inner Lake Shore/Michigan Express,,Sat
06:49:41,147,Outer DuSable Lake Shore Express,,Sat
08:00:04,147,Outer DuSable Lake Shore Express,,Sun
20:43:04,151,Sheridan,,Sun
22:22:41,151,Sheridan,,Sun
10:45:50,146,Inner Lake Shore/Michigan Express,,Mon,Tue,Wed,Thu,Fri
17:41:22,157,Streeterville/Taylor,,Mon,Tue,Wed,Thu,Fri
16:24:39,151,Sheridan,,Sat
19:11:41,157,Streeterville/Taylor,,Mon,Tue,Wed,Thu,Fri
22:09:24,3,King Drive,,Mon,Tue,Wed,Thu,Fri
07:14:41,147,Outer DuSable Lake Shore Express,,Sat
07:42:57,146,Inner Lake Shore/Michigan Express,,Mon,Tue,Wed,Thu,Fri
11:33:41,151,Sheridan,,Sat
21:43:03,151,Sheridan,,Sat
07:20:04,151,Sheridan,,Mon,Tue,Wed,Thu,Fri
09:34:41,147,Outer DuSable Lake Shore Express,,Mon,Tue,Wed,Thu,Fri
09:36:41,151,Sheridan,,Mon,Tue,Wed,Thu,Fri
16:16:02,3,King Drive,,Sat
10:32:59,3,King Drive,,Sat
18:30:11,26,South Shore Express,,Mon,Tue,Wed,Thu,Fri
12:43:17,151,Sheridan,,Mon,Tue,Wed,Thu,Fri
15:51:10,147,Outer DuSable Lake Shore Express,,Mon,Tue,Wed,Thu,Fri
17:28:16,151,Sheridan,,Sat
13:05:18,3,King Drive,,Mon,Tue,Wed,Thu,Fri
16:44:43,3,King Drive,,Sun
18:52:48,3,King Drive,,Sun
12:49:47,147,Outer DuSable Lake Shore Express,,Sat
18:12:10,147,Outer DuSable Lake Shore Express,,Sat
18:21:47,147,Outer DuSable Lake Shore Express,,Mon,Tue,Wed,Thu,Fri
19:25:54,151,Sheridan,,Sat
13:32:46,146,Inner Lake Shore/Michigan Express,,Sun
09:06:47,143,Stockton/Michigan Express,,Mon,Tue,Wed,Thu,Fri
07:54:11,151,Sheridan,,Sun
12:31:38,146,Inner Lake Shore/Michigan Express,,Mon,Tue,Wed,Thu,Fri
12:56:42,146,Inner Lake Shore/Michigan Express,,Sat
05:02:20,151,Sheridan,,Sun
13:48:18,3,King Drive,,Mon,Tue,Wed,Thu,Fri
06:35:41,151,Sheridan,,Mon,Tue,Wed,Thu,Fri
11:35:11,151,Sheridan,,Sun
13:41:46,146,Inner Lake Shore/Michigan Express,,Sun
24:02:19,151,Sheridan,,Sun
10:29:41,151,Sheridan,,Sat
01:57:59,66,Chicago,,Mon
09:36:11,151,Sheridan,,Mon,Tue,Wed,Thu,Fri
17:46:32,3,King Drive,,Sat
13:35:55,151,Sheridan,,Sun
22:27:13,3,King Drive,,Sat
22:55:26,147,Outer DuSable Lake Shore Express,,Sat
12:05:11,151,Sheridan,,Sun
20:51:33,147,Outer DuSable Lake Shore Express,,Sat
09:27:20,146,Inner Lake Shore/Michigan Express,,Mon,Tue,Wed,Thu,Fri
07:52:40,3,King Drive,,Sat
12:31:11,147,Outer DuSable Lake Shore Express,,Sat
07:36:40,3,King Drive,,Sun
10:30:57,146,Inner Lake Shore/Michigan Express,,Sun
18:17:21,157,Streeterville/Taylor,,Mon,Tue,Wed,Thu,Fri
11:10:20,146,Inner Lake Shore/Michigan Express,,Sat
07:11:35,148,Clarendon/Michigan Express,,Mon,Tue,Wed,Thu,Fri
20:42:33,147,Outer DuSable Lake Shore Express,,Sat
11:30:18,3,King Drive,,Sat
16:35:32,151,Sheridan,,Mon,Tue,Wed,Thu,Fri
11:46:54,3,King Drive,,Sun
07:27:11,157,Streeterville/Taylor,,Mon,Tue,Wed,Thu,Fri
09:03:50,148,Clarendon/Michigan Express,,Mon,Tue,Wed,Thu,Fri
10:21:18,151,Sheridan,,Sat
23:57:05,3,King Drive,,Sun
08:01:11,151,Sheridan,,Mon,Tue,Wed,Thu,Fri
03:27:18,66,Chicago,,Tue,Wed,Thu,Fri,Sat
11:57:11,147,Outer DuSable Lake Shore Express,,Sat
20:13:47,151,Sheridan,,Sat
13:12:25,147,Outer DuSable Lake Shore Express,,Mon,Tue,Wed,Thu,Fri
11:19:18,3,King Drive,,Sat
13:51:33,147,Outer DuSable Lake Shore Express,,Sun
11:30:31,157,Streeterville/Taylor,,Mon,Tue,Wed,Thu,Fri
17:53:34,2,Hyde Park Express,,Mon,Tue,Wed,Thu,Fri
13:18:11,147,Outer DuSable Lake Shore Express,,Sun
05:46:43,146,Inner Lake Shore/Michigan Express,,Mon,Tue,Wed,Thu,Fri
08:40:04,147,Outer DuSable Lake Shore Express,,Sun
09:14:59,3,King Drive,,Sat
09:52:27,146,Inner Lake Shore/Michigan Express,,Sat
12:08:20,146,Inner Lake Shore/Michigan Express,,Sat
16:19:52,157,Streeterville/Taylor,,Mon,Tue,Wed,Thu,Fri
15:13:43,3,King Drive,,Sun
16:58:46,146,Inner Lake Shore/Michigan Express,,Sun
12:23:41,147,Outer DuSable Lake Shore Express,,Sat
08:56:11,151,Sheridan,,Mon,Tue,Wed,Thu,Fri
18:17:13,3,King Drive,,Mon,Tue,Wed,Thu,Fri
09:26:21,157,Streeterville/Taylor,,Mon,Tue,Wed,Thu,Fri
09:29:41,2,Hyde Park Express,,Mon,Tue,Wed,Thu,Fri
17:35:32,3,King Drive,,Mon,Tue,Wed,Thu,Fri
11:53:24,146,Inner Lake Shore/Michigan Express,,Sun
18:12:20,146,Inner Lake Shore/Michigan Express,,Sun
16:06:38,146,Inner Lake Shore/Michigan Express,,Mon,Tue,Wed,Thu,Fri
08:50:24,3,King Drive,,Mon,Tue,Wed,Thu,Fri
17:12:39,151,Sheridan,,Sat
14:36:17,147,Outer DuSable Lake Shore Express,,Mon,Tue,Wed,Thu,Fri
08:25:24,148,Clarendon/Michigan Express,,Mon,Tue,Wed,Thu,Fri
11:52:20,146,Inner Lake Shore/Michigan Express,,Sat
11:40:11,147,Outer DuSable Lake Shore Express,,Sun
19:36:50,146,Inner Lake Shore/Michigan Express,,Mon,Tue,Wed,Thu,Fri
13:55:02,3,King Drive,,Sat
20:15:41,151,Sheridan,,Mon,Tue,Wed,Thu,Fri
21:32:01,146,Inner Lake Shore/Michigan Express,,Mon,Tue,Wed,Thu,Fri
10:26:59,3,King Drive,,Sun
06:29:51,157,Streeterville/Taylor,,Mon,Tue,Wed,Thu,Fri
12:22:47,151,Sheridan,,Sat
22:12:41,151,Sheridan,,Sat
13:50:46,146,Inner Lake Shore/Michigan Express,,Sun
15:20:47,151,Sheridan,,Mon,Tue,Wed,Thu,Fri
20:58:48,3,King Drive,,Mon,Tue,Wed,Thu,Fri
15:31:30,146,Inner Lake Shore/Michigan Express,,Sat
07:09:01,146,Inner Lake Shore/Michigan Express,,Mon,Tue,Wed,Thu,Fri
11:28:54,3,King Drive,,Mon,Tue,Wed,Thu,Fri
22:42:13,3,King Drive,,Sat
10:16:41,147,Outer DuSable Lake Shore Express,,Sun
07:31:57,146,Inner Lake Shore/Michigan Express,,Mon,Tue,Wed,Thu,Fri
00:57:59,66,Chicago,,Mon
13:25:55,151,Sheridan,,Sun
20:15:20,26,South Shore Express,,Mon,Tue,Wed,Thu,Fri
17:46:40,147,Outer DuSable Lake Shore Express,,Sat
06:29:34,147,Outer DuSable Lake Shore Express,,Mon,Tue,Wed,Thu,Fri
09:26:11,151,Sheridan,,Mon,Tue,Wed,Thu,Fri
16:52:02,3,King Drive,,Sat
12:43:18,3,King Drive,,Mon,Tue,Wed,Thu,Fri
07:30:26,151,Sheridan,,Mon,Tue,Wed,Thu,Fri
14:02:33,147,Outer DuSable Lake Shore Express,,Sun
08:58:16,146,Inner Lake Shore/Michigan Express,,Mon,Tue,Wed,Thu,Fri
15:56:08,146,Inner Lake Shore/Michigan Express,,Mon,Tue,Wed,Thu,Fri
17:03:56,146,Inner Lake Shore/Michigan Express,,Sat
13:25:25,147,Outer DuSable Lake Shore Express,,Mon,Tue,Wed,Thu,Fri
07:49:57,148,Clarendon/Michigan Express,,Mon,Tue,Wed,Thu,Fri
10:17:55,147,Outer DuSable Lake Shore Express,,Mon,Tue,Wed,Thu,Fri
12:11:54,3,King Drive,,Sun
17:36:57,26,South Shore Express,,Mon,Tue,Wed,Thu,Fri
09:47:56,147,Outer DuSable Lake Shore Express,,Sat
16:03:40,147,Outer DuSable Lake Shore Express,,Mon,Tue,Wed,Thu,Fri
15:03:38,146,Inner Lake Shore/Michigan Express,,Mon,Tue,Wed,Thu,Fri
09:26:11,151,Sheridan,,Mon,Tue,Wed,Thu,Fri
18:18:11,26,South Shore Express,,Mon,Tue,Wed,Thu,Fri
08:33:17,143,Stockton/Michigan Express,,Mon,Tue,Wed,Thu,Fri
16:03:40,147,Outer DuSable Lake Shore Express,,Mon,Tue,Wed,Thu,Fri
17:20:00,146,Inner Lake Shore/Michigan Express,,Mon,Tue,Wed,Thu,Fri
15:12:17,151,Sheridan,,Mon,Tue,Wed,Thu,Fri
07:01:27,151,Sheridan,,Sat
16:07:54,151,Sheridan,,Sat
00:14:40,3,King Drive,,Tue,Wed,Thu,Fri,Sat
20:06:18,151,Sheridan,,Sun
15:08:33,147,Outer DuSable Lake Shore Express,,Sun
06:38:41,147,Outer DuSable Lake Shore Express,,Sun
17:41:32,3,King Drive,,Mon,Tue,Wed,Thu,Fri
07:51:41,143,Stockton/Michigan Express,,Mon,Tue,Wed,Thu,Fri
17:52:32,151,Sheridan,,Mon,Tue,Wed,Thu,Fri
10:00:54,3,King Drive,,Mon,Tue,Wed,Thu,Fri
06:49:39,146,Inner Lake Shore/Michigan Express,,Mon,Tue,Wed,Thu,Fri
12:49:55,147,Outer DuSable Lake Shore Express,,Mon,Tue,Wed,Thu,Fri
15:38:40,151,Sheridan,,Mon,Tue,Wed,Thu,Fri
07:38:41,147,Outer DuSable Lake Shore Express,,Sat
08:53:20,148,Clarendon/Michigan Express,,Mon,Tue,Wed,Thu,Fri
17:36:16,151,Sheridan,,Sat
18:41:48,3,King Drive,,Sun
10:33:54,3,King Drive,,Mon,Tue,Wed,Thu,Fri
17:19:02,3,King Drive,,Mon,Tue,Wed,Thu,Fri
07:58:33,143,Stockton/Michigan Express,,Mon,Tue,Wed,Thu,Fri
08:40:24,3,King Drive,,Mon,Tue,Wed,Thu,Fri
12:24:20,146,Inner Lake Shore/Michigan Express,,Sat
15:13:17,147,Outer DuSable Lake Shore Express,,Mon,Tue,Wed,Thu,Fri
06:29:43,146,Inner Lake Shore/Michigan Express,,Sun
14:33:11,26,South Shore Express,,Mon,Tue,Wed,Thu,Fri
11:54:55,151,Sheridan,,Mon,Tue,Wed,Thu,Fri
14:41:40,147,Outer DuSable Lake Shore Express,,Sat
07:48:01,148,Clarendon/Michigan Express,,Mon,Tue,Wed,Thu,Fri
09:19:15,2,Hyde Park Express,,Mon,Tue,Wed,Thu,Fri
09:20:24,3,King Drive,,Mon,Tue,Wed,Thu,Fri
12:49:55,147,Outer DuSable Lake Shore Express,,Mon,Tue,Wed,Thu,Fri
08:39:40,143,Stockton/Michigan Express,,Mon,Tue,Wed,Thu,Fri
14:02:38,146,Inner Lake Shore/Michigan Express,,Mon,Tue,Wed,Thu,Fri
01:27:59,66,Chicago,,Sun
11:25:11,151,Sheridan,,Sun
08:47:04,147,Outer DuSable Lake Shore Express,,Sat
15:03:10,151,Sheridan,,Sat
08:10:04,147,Outer DuSable Lake Shore Express,,Sat
11:15:41,147,Outer DuSable Lake Shore Express,,Sat
10:58:21,157,Streeterville/Taylor,,Mon,Tue,Wed,Thu,Fri
20:21:26,147,Outer DuSable Lake Shore Express,,Sun
10:06:59,3,King Drive,,Sat
14:56:17,151,Sheridan,,Sun
05:22:20,151,Sheridan,,Sun
12:41:38,146,Inner Lake Shore/Michigan Express,,Sun
13:45:12,146,Inner Lake Shore/Michigan Express,,Sat
05:46:43,146,Inner Lake Shore/Michigan Express,,Mon,Tue,Wed,Thu,Fri
16:24:24,147,Outer DuSable Lake Shore Express,,Sat
10:57:57,146,Inner Lake Shore/Michigan Express,,Sun
10:23:50,146,Inner Lake Shore/Michigan Express,,Mon,Tue,Wed,Thu,Fri
13:52:38,146,Inner Lake Shore/Michigan Express,,Mon,Tue,Wed,Thu,Fri
19:45:17,147,Outer DuSable Lake Shore Express,,Sat
08:34:50,146,Inner Lake Shore/Michigan Express,,Mon,Tue,Wed,Thu,Fri
16:55:04,146,Inner Lake Shore/Michigan Express,,Mon,Tue,Wed,Thu,Fri
18:03:40,147,Outer DuSable Lake Shore Express,,Sat
19:56:07,3,King Drive,,Sat
11:50:11,147,Outer DuSable Lake Shore Express,,Sun
10:53:41,151,Sheridan,,Sat
08:51:04,147,Outer DuSable Lake Shore Express,,Sun
03:54:36,66,Chicago,,Sat
21:40:21,157,Streeterville/Taylor,,Mon,Tue,Wed,Thu,Fri
07:51:39,146,Inner Lake Shore/Michigan Express,,Sun
11:40:11,147,Outer DuSable Lake Shore Express,,Sat
23:31:54,3,King Drive,,Sat
10:17:16,146,Inner Lake Shore/Michigan Express,,Mon,Tue,Wed,Thu,Fri
19:42:20,26,South Shore Express,,Mon,Tue,Wed,Thu,Fri
20:35:50,146,Inner Lake Shore/Michigan Express,,Sat
06:38:43,146,Inner Lake Shore/Michigan Express,,Mon,Tue,Wed,Thu,Fri
24:16:35,151,Sheridan,,Sat
22:00:13,3,King Drive,,Sat
11:50:18,3,King Drive,,Sat
12:39:10,151,Sheridan,,Sat
09:54:18,147,Outer DuSable Lake Shore Express,,Sun
08:48:34,151,Sheridan,,Sun
12:50:38,146,Inner Lake Shore/Michigan Express,,Sun
12:19:17,151,Sheridan,,Mon,Tue,Wed,Thu,Fri
21:34:18,151,Sheridan,,Mon,Tue,Wed,Thu,Fri
08:12:15,2,Hyde Park Express,,Mon,Tue,Wed,Thu,Fri
09:32:26,147,Outer DuSable Lake Shore Express,,Sun
10:34:48,151,Sheridan,,Sun
14:41:40,147,Outer DuSable Lake Shore Express,,Sat
16:24:39,151,Sheridan,,Sat
14:50:43,3,King Drive,,Sun
12:45:33,151,Sheridan,,Sun
02:27:59,66,Chicago,,Tue,Wed,Thu,Fri,Sat
10:54:33,151,Sheridan,,Mon,Tue,Wed,Thu,Fri
13:29:11,147,Outer DuSable Lake Shore Express,,Sun
21:47:24,3,King Drive,,Mon,Tue,Wed,Thu,Fri
09:21:05,146,Inner Lake Shore/Michigan Express,,Sun
13:19:17,151,Sheridan,,Mon,Tue,Wed,Thu,Fri
11:44:20,146,Inner Lake Shore/Michigan Express,,Sat
17:06:17,151,Sheridan,,Sun
22:52:31,146,Inner Lake Shore/Michigan Express,,Sat
07:43:41,143,Stockton/Michigan Express,,Mon,Tue,Wed,Thu,Fri
10:30:57,146,Inner Lake Shore/Michigan Express,,Sun
20:58:47,151,Sheridan,,Sat
09:13:34,147,Outer DuSable Lake Shore Express,,Sat
20:13:47,151,Sheridan,,Sat
18:38:55,147,Outer DuSable Lake Shore Express,,Mon,Tue,Wed,Thu,Fri
09:16:11,151,Sheridan,,Mon,Tue,Wed,Thu,Fri
24:36:35,151,Sheridan,,Sat
16:15:40,147,Outer DuSable Lake Shore Express,,Mon,Tue,Wed,Thu,Fri
12:24:24,3,King Drive,,Sun
15:48:56,146,Inner Lake Shore/Michigan Express,,Sat
22:27:18,151,Sheridan,,Sat
08:53:16,146,Inner Lake Shore/Michigan Express,,Mon,Tue,Wed,Thu,Fri
16:56:39,151,Sheridan,,Sat
11:08:18,3,King Drive,,Sat
19:36:47,147,Outer DuSable Lake Shore Express,,Sat
00:31:40,3,King Drive,,Tue,Wed,Thu,Fri,Sat
18:26:12,146,Inner Lake Shore/Michigan Express,,Mon,Tue,Wed,Thu,Fri
05:51:27,151,Sheridan,,Sat
18:45:11,2,Hyde Park Express,,Mon,Tue,Wed,Thu,Fri
08:59:17,143,Stockton/Michigan Express,,Mon,Tue,Wed,Thu,Fri
07:38:27,146,Inner Lake Shore/Michigan Express,,Mon,Tue,Wed,Thu,Fri
12:45:33,151,Sheridan,,Sun
19:22:20,146,Inner Lake Shore/Michigan Express,,Sun
16:50:03,147,Outer DuSable Lake Shore Express,,Sun
00:56:35,151,Sheridan,,Sun
09:34:15,2,Hyde Park Express,,Mon,Tue,Wed,Thu,Fri
12:40:42,146,Inner Lake Shore/Michigan Express,,Sat
15:59:43,3,King Drive,,Sun
16:46:02,3,King Drive,,Mon,Tue,Wed,Thu,Fri
15:59:43,3,King Drive,,Sun
19:48:41,147,Outer DuSable Lake Shore Express,,Mon,Tue,Wed,Thu,Fri
02:57:36,66,Chicago,,Sun
06:45:13,148,Clarendon/Michigan Express,,Mon,Tue,Wed,Thu,Fri
13:31:17,151,Sheridan,,Mon,Tue,Wed,Thu,Fri
11:49:41,151,Sheridan,,Sat
22:13:13,3,King Drive,,Sat
14:03:51,157,Streeterville/Taylor,,Mon,Tue,Wed,Thu,Fri
06:55:05,3,King Drive,,Mon,Tue,Wed,Thu,Fri
08:35:50,148,Clarendon/Michigan Express,,Mon,Tue,Wed,Thu,Fri
15:56:17,151,Sheridan,,Sun
20:46:41,151,Sheridan,,Mon,Tue,Wed,Thu,Fri
18:02:20,146,Inner Lake Shore/Michigan Express,,Sun
17:48:43,3,King Drive,,Sun
21:42:41,151,Sheridan,,Sun
22:56:26,147,Outer DuSable Lake Shore Express,,Mon,Tue,Wed,Thu,Fri
18:30:48,3,King Drive,,Sun
07:16:11,147,Outer DuSable Lake Shore Express,,Sun
19:42:20,26,South Shore Express,,Mon,Tue,Wed,Thu,Fri
09:44:57,146,Inner Lake Shore/Michigan Express,,Sat
09:56:33,151,Sheridan,,Mon,Tue,Wed,Thu,Fri
22:50:13,146,Inner Lake Shore/Michigan Express,,Sun
00:57:59,66,Chicago,,Tue,Wed,Thu,Fri,Sat
07:12:26,147,Outer DuSable Lake Shore Express,,Mon,Tue,Wed,Thu,Fri
06:38:40,3,King Drive,,Sat
09:27:59,3,King Drive,,Sat
10:57:55,147,Outer DuSable Lake Shore Express,,Mon,Tue,Wed,Thu,Fri
06:09:49,147,Outer DuSable Lake Shore Express,,Sat
23:10:09,146,Inner Lake Shore/Michigan Express,,Mon,Tue,Wed,Thu,Fri
19:36:07,3,King Drive,,Sat
07:32:11,151,Sheridan,,Sat
09:00:59,3,King Drive,,Sat
09:10:24,3,King Drive,,Mon,Tue,Wed,Thu,Fri
12:51:38,146,Inner Lake Shore/Michigan Express,,Mon,Tue,Wed,Thu,Fri
17:28:43,3,King Drive,,Sun
20:00:33,151,Sheridan,,Mon,Tue,Wed,Thu,Fri
09:08:39,146,Inner Lake Shore/Michigan Express,,Sun
07:03:49,151,Sheridan,,Sun
02:57:36,66,Chicago,,Sun
02:28:18,66,Chicago,,Mon
11:28:11,147,Outer DuSable Lake Shore Express,,Sun
07:01:41,147,Outer DuSable Lake Shore Express,,Sat
22:51:09,146,Inner Lake Shore/Michigan Express,,Mon,Tue,Wed,Thu,Fri
09:44:57,146,Inner Lake Shore/Michigan Express,,Sat
16:16:17,151,Sheridan,,Sun
13:01:02,3,King Drive,,Sat
14:51:30,146,Inner Lake Shore/Michigan Express,,Sat
13:50:46,146,Inner Lake Shore/Michigan Express,,Sun
19:11:11,26,South Shore Express,,Mon,Tue,Wed,Thu,Fri
07:06:51,157,Streeterville/Taylor,,Mon,Tue,Wed,Thu,Fri
13:03:10,151,Sheridan,,Sat
17:47:47,151,Sheridan,,Sun
08:39:04,147,Outer DuSable Lake Shore Express,,Sat
21:18:41,151,Sheridan,,Mon,Tue,Wed,Thu,Fri
10:12:56,151,Sheridan,,Sun
03:56:24,66,Chicago,,Mon,Tue,Wed,Thu,Fri
09:04:04,147,Outer DuSable Lake Shore Express,,Sat
08:36:11,151,Sheridan,,Sun
16:38:26,146,Inner Lake Shore/Michigan Express,,Sat
19:44:21,157,Streeterville/Taylor,,Mon,Tue,Wed,Thu,Fri
06:29:34,147,Outer DuSable Lake Shore Express,,Mon,Tue,Wed,Thu,Fri
22:16:26,147,Outer DuSable Lake Shore Express,,Mon,Tue,Wed,Thu,Fri
07:47:11,151,Sheridan,,Sat
08:51:04,147,Outer DuSable Lake Shore Express,,Sun
07:00:04,151,Sheridan,,Mon,Tue,Wed,Thu,Fri
07:45:09,146,Inner Lake Shore/Michigan Express,,Sat
11:54:55,151,Sheridan,,Mon,Tue,Wed,Thu,Fri
18:46:19,2,Hyde Park Express,,Mon,Tue,Wed,Thu,Fri
07:16:49,151,Sheridan,,Sat
17:13:03,147,Outer DuSable Lake Shore Express,,Sun
15:16:24,147,Outer DuSable Lake Shore Express,,Sat
13:08:38,146,Inner Lake Shore/Michigan Express,,Sun
23:48:29,3,King Drive,,Sat
09:00:34,151,Sheridan,,Sun
04:29:18,66,Chicago,,Mon,Tue,Wed,Thu,Fri
10:21:57,146,Inner Lake Shore/Michigan Express,,Sun
10:17:55,147,Outer DuSable Lake Shore Express,,Mon,Tue,Wed,Thu,Fri
14:38:41,157,Streeterville/Taylor,,Mon,Tue,Wed,Thu,Fri
24:36:35,151,Sheridan,,Sat
10:11:31,157,Streeterville/Taylor,,Mon,Tue,Wed,Thu,Fri
08:39:04,147,Outer DuSable Lake Shore Express,,Sat
17:19:02,3,King Drive,,Mon,Tue,Wed,Thu,Fri
10:30:50,146,Inner Lake Shore/Michigan Express,,Mon,Tue,Wed,Thu,Fri
11:23:11,147,Outer DuSable Lake Shore Express,,Sat
09:00:24,3,King Drive,,Mon,Tue,Wed,Thu,Fri
13:07:17,151,Sheridan,,Mon,Tue,Wed,Thu,Fri
17:02:32,3,King Drive,,Mon,Tue,Wed,Thu,Fri
14:46:17,151,Sheridan,,Sun
15:07:32,147,Outer DuSable Lake Shore Express,,Sat
08:08:09,146,Inner Lake Shore/Michigan Express,,Sat
10:21:18,151,Sheridan,,Sat
11:08:55,147,Outer DuSable Lake Shore Express,,Mon,Tue,Wed,Thu,Fri
20:39:26,147,Outer DuSable Lake Shore Express,,Sun
19:21:03,151,Sheridan,,Sun
17:12:26,146,Inner Lake Shore/Michigan Express,,Sat
16:15:33,147,Outer DuSable Lake Shore Express,,Sun
10:29:57,146,Inner Lake Shore/Michigan Express,,Sat
16:03:43,3,King Drive,,Mon,Tue,Wed,Thu,Fri
18:12:11,2,Hyde Park Express,,Mon,Tue,Wed,Thu,Fri
10:41:59,3,King Drive,,Sun
08:51:33,147,Outer DuSable Lake Shore Express,,Mon,Tue,Wed,Thu,Fri
15:56:08,146,Inner Lake Shore/Michigan Express,,Mon,Tue,Wed,Thu,Fri
19:56:07,3,King Drive,,Sat
19:42:46,146,Inner Lake Shore/Michigan Express,,Sat
21:19:18,147,Outer DuSable Lake Shore Express,,Mon,Tue,Wed,Thu,Fri
21:11:39,146,Inner Lake Shore/Michigan Express,,Sun
18:18:11,2,Hyde Park Express,,Mon,Tue,Wed,Thu,Fri
18:04:47,147,Outer DuSable Lake Shore Express,,Mon,Tue,Wed,Thu,Fri
20:32:33,147,Outer DuSable Lake Shore Express,,Sat
12:32:20,146,Inner Lake Shore/Michigan Express,,Sat
15:36:43,3,King Drive,,Sun
11:44:20,146,Inner Lake Shore/Michigan Express,,Sat
20:13:57,146,Inner Lake Shore/Michigan Express,,Sun
07:58:33,143,Stockton/Michigan Express,,Mon,Tue,Wed,Thu,Fri
16:25:02,3,King Drive,,Sat
18:05:12,157,Streeterville/Taylor,,Mon,Tue,Wed,Thu,Fri
21:31:09,146,Inner Lake Shore/Michigan Express,,Sun
12:32:18,3,King Drive,,Mon,Tue,Wed,Thu,Fri
21:56:56,147,Outer DuSable Lake Shore Express,,Mon,Tue,Wed,Thu,Fri
08:46:11,151,Sheridan,,Mon,Tue,Wed,Thu,Fri
16:55:26,146,Inner Lake Shore/Michigan Express,,Sat
19:06:03,151,Sheridan,,Sun
08:32:03,147,Outer DuSable Lake Shore Express,,Mon,Tue,Wed,Thu,Fri
10:04:18,147,Outer DuSable Lake Shore Express,,Sun
09:14:01,146,Inner Lake Shore/Michigan Express,,Sat
08:56:11,151,Sheridan,,Sat
14:16:11,26,South Shore Express,,Mon,Tue,Wed,Thu,Fri
14:08:46,146,Inner Lake Shore/Michigan Express,,Sun
08:14:33,147,Outer DuSable Lake Shore Express,,Mon,Tue,Wed,Thu,Fri
08:44:46,146,Inner Lake Shore/Michigan Express,,Mon,Tue,Wed,Thu,Fri
19:06:56,147,Outer DuSable Lake Shore Express,,Sun
15:39:30,146,Inner Lake Shore/Michigan Express,,Sat
17:32:00,146,Inner Lake Shore/Michigan Express,,Mon,Tue,Wed,Thu,Fri
10:44:48,151,Sheridan,,Sun
18:37:40,147,Outer DuSable Lake Shore Express,,Sat
11:01:41,151,Sheridan,,Sat
07:45:48,151,Sheridan,,Mon,Tue,Wed,Thu,Fri
08:48:46,146,Inner Lake Shore/Michigan Express,,Mon,Tue,Wed,Thu,Fri
08:44:46,146,Inner Lake Shore/Michigan Express,,Mon,Tue,Wed,Thu,Fri
08:22:50,148,Clarendon/Michigan Express,,Mon,Tue,Wed,Thu,Fri
11:58:03,151,Sheridan,,Sat
16:48:39,151,Sheridan,,Sat
20:31:11,151,Sheridan,,Mon,Tue,Wed,Thu,Fri
15:29:17,151,Sheridan,,Mon,Tue,Wed,Thu,Fri
17:57:06,26,South Shore Express,,Mon,Tue,Wed,Thu,Fri
17:15:54,151,Sheridan,,Mon,Tue,Wed,Thu,Fri
09:56:01,157,Streeterville/Taylor,,Mon,Tue,Wed,Thu,Fri
22:35:26,147,Outer DuSable Lake Shore Express,,Sat
19:32:26,147,Outer DuSable Lake Shore Express,,Sun
14:24:17,147,Outer DuSable Lake Shore Express,,Sat
08:03:57,148,Clarendon/Michigan Express,,Mon,Tue,Wed,Thu,Fri
13:14:46,146,Inner Lake Shore/Michigan Express,,Sun
09:01:33,151,Sheridan,,Mon,Tue,Wed,Thu,Fri
18:06:16,151,Sheridan,,Sat
14:43:30,146,Inner Lake Shore/Michigan Express,,Sat
18:57:11,26,South Shore Express,,Mon,Tue,Wed,Thu,Fri
19:02:40,147,Outer DuSable Lake Shore Express,,Sat
15:06:17,151,Sheridan,,Sun
21:32:01,146,Inner Lake Shore/Michigan Express,,Mon,Tue,Wed,Thu,Fri
17:36:16,151,Sheridan,,Sat
17:53:30,146,Inner Lake Shore/Michigan Express,,Sat
20:13:57,146,Inner Lake Shore/Michigan Express,,Sun
18:18:47,151,Sheridan,,Sun
21:31:09,146,Inner Lake Shore/Michigan Express,,Sun
16:46:17,151,Sheridan,,Sun
21:58:24,3,King Drive,,Mon,Tue,Wed,Thu,Fri
22:33:24,3,King Drive,,Mon,Tue,Wed,Thu,Fri
13:19:02,3,King Drive,,Sat
13:28:02,3,King Drive,,Sat
21:13:25,151,Sheridan,,Sat
19:59:48,3,King Drive,,Mon,Tue,Wed,Thu,Fri
14:58:02,3,King Drive,,Sat
20:34:27,146,Inner Lake Shore/Michigan Express,,Mon,Tue,Wed,Thu,Fri
16:46:56,146,Inner Lake Shore/Michigan Express,,Sat
05:58:40,3,King Drive,,Sat
10:25:41,147,Outer DuSable Lake Shore Express,,Sun
09:59:57,146,Inner Lake Shore/Michigan Express,,Sat
21:17:27,146,Inner Lake Shore/Michigan Express,,Mon,Tue,Wed,Thu,Fri
16:49:46,146,Inner Lake Shore/Michigan Express,,Sun
19:10:42,146,Inner Lake Shore/Michigan Express,,Mon,Tue,Wed,Thu,Fri
06:06:11,147,Outer DuSable Lake Shore Express,,Mon,Tue,Wed,Thu,Fri
20:07:11,147,Outer DuSable Lake Shore Express,,Mon,Tue,Wed,Thu,Fri
14:26:46,146,Inner Lake Shore/Michigan Express,,Sun
21:40:48,147,Outer DuSable Lake Shore Express,,Sat
20:29:13,3,King Drive,,Sat
11:15:57,146,Inner Lake Shore/Michigan Express,,Sun
19:32:26,147,Outer DuSable Lake Shore Express,,Sun
13:43:47,151,Sheridan,,Mon,Tue,Wed,Thu,Fri
12:49:24,3,King Drive,,Sun
07:17:31,146,Inner Lake Shore/Michigan Express,,Mon,Tue,Wed,Thu,Fri
14:49:11,26,South Shore Express,,Mon,Tue,Wed,Thu,Fri
19:45:03,151,Sheridan,,Mon,Tue,Wed,Thu,Fri
07:51:11,151,Sheridan,,Mon,Tue,Wed,Thu,Fri
05:38:40,3,King Drive,,Sat
17:04:54,151,Sheridan,,Mon,Tue,Wed,Thu,Fri
19:06:20,146,Inner Lake Shore/Michigan Express,,Sun
14:13:02,3,King Drive,,Sat
08:18:40,3,King Drive,,Sun
07:27:11,157,Streeterville/Taylor,,Mon,Tue,Wed,Thu,Fri
13:07:17,151,Sheridan,,Mon,Tue,Wed,Thu,Fri
06:49:43,146,Inner Lake Shore/Michigan Express,,Sun
15:15:30,146,Inner Lake Shore/Michigan Express,,Sat
15:40:02,3,King Drive,,Sat
10:30:33,151,Sheridan,,Mon,Tue,Wed,Thu,Fri
20:28:48,3,King Drive,,Mon,Tue,Wed,Thu,Fri
10:02:46,146,Inner Lake Shore/Michigan Express,,Mon,Tue,Wed,Thu,Fri
12:40:41,147,Outer DuSable Lake Shore Express,,Sat
22:59:13,3,King Drive,,Sat
07:51:41,143,Stockton/Michigan Express,,Mon,Tue,Wed,Thu,Fri
10:06:33,151,Sheridan,,Mon,Tue,Wed,Thu,Fri
11:39:54,3,King Drive,,Mon,Tue,Wed,Thu,Fri
12:01:12,146,Inner Lake Shore/Michigan Express,,Mon,Tue,Wed,Thu,Fri
10:09:46,146,Inner Lake Shore/Michigan Express,,Mon,Tue,Wed,Thu,Fri
08:04:27,146,Inner Lake Shore/Michigan Express,,Mon,Tue,Wed,Thu,Fri
22:16:09,146,Inner Lake Shore/Michigan Express,,Mon,Tue,Wed,Thu,Fri
14:39:13,3,King Drive,,Sun
13:01:02,3,King Drive,,Sat
06:41:13,148,Clarendon/Michigan Express,,Mon,Tue,Wed,Thu,Fri
19:47:26,147,Outer DuSable Lake Shore Express,,Sun
08:41:50,148,Clarendon/Michigan Express,,Mon,Tue,Wed,Thu,Fri
16:48:27,26,South Shore Express,,Mon,Tue,Wed,Thu,Fri
10:00:34,151,Sheridan,,Sun
17:38:10,147,Outer DuSable Lake Shore Express,,Sat
11:09:41,151,Sheridan,,Sat
09:10:24,3,King Drive,,Mon,Tue,Wed,Thu,Fri
10:54:20,146,Inner Lake Shore/Michigan Express,,Sat
10:01:31,146,Inner Lake Shore/Michigan Express,,Sun
15:45:38,146,Inner Lake Shore/Michigan Express,,Mon,Tue,Wed,Thu,Fri
16:40:27,26,South Shore Express,,Mon,Tue,Wed,Thu,Fri
16:21:37,3,King Drive,,Mon,Tue,Wed,Thu,Fri
06:23:27,151,Sheridan,,Sun
12:17:55,147,Outer DuSable Lake Shore Express,,Mon,Tue,Wed,Thu,Fri
09:21:50,146,Inner Lake Shore/Michigan Express,,Mon,Tue,Wed,Thu,Fri
13:36:42,146,Inner Lake Shore/Michigan Express,,Sat
23:22:41,151,Sheridan,,Sun
09:34:50,146,Inner Lake Shore/Michigan Express,,Mon,Tue,Wed,Thu,Fri
15:02:17,151,Sheridan,,Mon,Tue,Wed,Thu,Fri
07:10:04,151,Sheridan,,Mon,Tue,Wed,Thu,Fri
19:36:47,147,Outer DuSable Lake Shore Express,,Sat
19:26:07,3,King Drive,,Sat
17:20:39,151,Sheridan,,Sat
17:06:43,3,King Drive,,Sun
15:49:02,3,King Drive,,Sat
19:15:11,2,Hyde Park Express,,Mon,Tue,Wed,Thu,Fri
06:15:10,3,King Drive,,Mon,Tue,Wed,Thu,Fri
12:06:03,151,Sheridan,,Sat
15:23:30,146,Inner Lake Shore/Michigan Express,,Sat
16:44:32,151,Sheridan,,Mon,Tue,Wed,Thu,Fri
07:43:41,147,Outer DuSable Lake Shore Express,,Mon,Tue,Wed,Thu,Fri
09:52:31,146,Inner Lake Shore/Michigan Express,,Sun
11:49:41,147,Outer DuSable Lake Shore Express,,Sat
07:55:11,2,Hyde Park Express,,Mon,Tue,Wed,Thu,Fri
07:43:41,143,Stockton/Michigan Express,,Mon,Tue,Wed,Thu,Fri
10:46:20,146,Inner Lake Shore/Michigan Express,,Sat
15:31:02,3,King Drive,,Sat
23:12:18,151,Sheridan,,Sat
22:19:41,147,Outer DuSable Lake Shore Express,,Sun
15:40:06,26,South Shore Express,,Mon,Tue,Wed,Thu,Fri
22:21:24,3,King Drive,,Mon,Tue,Wed,Thu,Fri
12:14:25,151,Sheridan,,Sat
12:31:37,3,King Drive,,Sat
09:22:20,148,Clarendon/Michigan Express,,Mon,Tue,Wed,Thu,Fri
18:06:06,2,Hyde Park Express,,Mon,Tue,Wed,Thu,Fri
14:17:12,146,Inner Lake Shore/Michigan Express,,Sat
06:56:51,157,Streeterville/Taylor,,Mon,Tue,Wed,Thu,Fri
09:33:05,146,Inner Lake Shore/Michigan Express,,Sun
11:34:24,3,King Drive,,Sun
14:04:02,3,King Drive,,Sat
13:10:02,3,King Drive,,Sat
08:06:11,151,Sheridan,,Mon,Tue,Wed,Thu,Fri
07:05:05,3,King Drive,,Mon,Tue,Wed,Thu,Fri
10:02:03,147,Outer DuSable Lake Shore Express,,Mon,Tue,Wed,Thu,Fri
12:08:20,146,Inner Lake Shore/Michigan Express,,Sat
08:26:11,151,Sheridan,,Sat
18:30:41,157,Streeterville/Taylor,,Mon,Tue,Wed,Thu,Fri
17:43:04,146,Inner Lake Shore/Michigan Express,,Mon,Tue,Wed,Thu,Fri
05:30:42,151,Sheridan,,Sat
15:11:10,151,Sheridan,,Sat
12:42:02,3,King Drive,,Sat
14:04:02,3,King Drive,,Sat
16:33:52,157,Streeterville/Taylor,,Mon,Tue,Wed,Thu,Fri
19:58:50,26,South Shore Express,,Mon,Tue,Wed,Thu,Fri
17:37:00,146,Inner Lake Shore/Michigan Express,,Sat
17:45:30,146,Inner Lake Shore/Michigan Express,,Sat
18:25:20,146,Inner Lake Shore/Michigan Express,,Sun
23:57:05,3,King Drive,,Sun
07:55:48,151,Sheridan,,Mon,Tue,Wed,Thu,Fri
10:02:03,147,Outer DuSable Lake Shore Express,,Mon,Tue,Wed,Thu,Fri
11:23:11,147,Outer DuSable Lake Shore Express,,Sat
18:09:43,3,King Drive,,Sun
07:21:26,143,Stockton/Michigan Express,,Mon,Tue,Wed,Thu,Fri
13:35:10,151,Sheridan,,Sat
18:30:47,151,Sheridan,,Sun
12:25:11,151,Sheridan,,Sun
07:53:31,148,Clarendon/Michigan Express,,Mon,Tue,Wed,Thu,Fri
10:54:48,151,Sheridan,,Sun
16:06:17,151,Sheridan,,Sun
11:06:33,151,Sheridan,,Mon,Tue,Wed,Thu,Fri
17:20:39,151,Sheridan,,Sat
19:26:07,3,King Drive,,Sat
12:41:38,146,Inner Lake Shore/Michigan Express,,Sun
10:49:11,147,Outer DuSable Lake Shore Express,,Sat
15:54:06,2,Hyde Park Express,,Mon,Tue,Wed,Thu,Fri
10:06:59,3,King Drive,,Sat
05:52:41,147,Outer DuSable Lake Shore Express,,Mon,Tue,Wed,Thu,Fri
13:48:18,3,King Drive,,Mon,Tue,Wed,Thu,Fri
15:56:46,146,Inner Lake Shore/Michigan Express,,Sun
15:35:08,146,Inner Lake Shore/Michigan Express,,Mon,Tue,Wed,Thu,Fri
17:35:32,3,King Drive,,Mon,Tue,Wed,Thu,Fri
09:41:20,146,Inner Lake Shore/Michigan Express,,Mon,Tue,Wed,Thu,Fri
20:39:26,147,Outer DuSable Lake Shore Express,,Sun
08:00:24,3,King Drive,,Mon,Tue,Wed,Thu,Fri
13:19:17,151,Sheridan,,Mon,Tue,Wed,Thu,Fri
14:17:46,146,Inner Lake Shore/Michigan Express,,Sun
10:39:57,146,Inner Lake Shore/Michigan Express,,Sun
09:48:34,151,Sheridan,,Sun
02:28:18,66,Chicago,,Mon
05:52:41,147,Outer DuSable Lake Shore Express,,Mon,Tue,Wed,Thu,Fri
07:47:57,146,Inner Lake Shore/Michigan Express,,Mon,Tue,Wed,Thu,Fri
15:35:54,151,Sheridan,,Sat
15:13:43,3,King Drive,,Sun
20:51:39,146,Inner Lake Shore/Michigan Express,,Sun
16:38:33,147,Outer DuSable Lake Shore Express,,Sun
17:45:30,146,Inner Lake Shore/Michigan Express,,Sat
17:46:16,151,Sheridan,,Sat
24:05:29,3,King Drive,,Sat
18:03:40,147,Outer DuSable Lake Shore Express,,Sat
07:39:11,151,Sheridan,,Sun
06:35:05,3,King Drive,,Mon,Tue,Wed,Thu,Fri
16:26:17,151,Sheridan,,Sun
22:50:13,146,Inner Lake Shore/Michigan Express,,Sun
06:59:05,146,Inner Lake Shore/Michigan Express,,Mon,Tue,Wed,Thu,Fri
12:21:18,3,King Drive,,Mon,Tue,Wed,Thu,Fri
17:54:37,3,King Drive,,Mon,Tue,Wed,Thu,Fri
14:57:33,147,Outer DuSable Lake Shore Express,,Sun
16:19:52,157,Streeterville/Taylor,,Mon,Tue,Wed,Thu,Fri
08:26:20,146,Inner Lake Shore/Michigan Express,,Mon,Tue,Wed,Thu,Fri
18:32:00,146,Inner Lake Shore/Michigan Express,,Sat
06:06:11,147,Outer DuSable Lake Shore Express,,Mon,Tue,Wed,Thu,Fri
17:43:04,146,Inner Lake Shore/Michigan Express,,Mon,Tue,Wed,Thu,Fri
15:46:17,151,Sheridan,,Sun
21:34:13,3,King Drive,,Sat
18:46:16,151,Sheridan,,Sat
17:58:43,3,King Drive,,Sun
13:23:46,146,Inner Lake Shore/Michigan Express,,Sun
13:57:47,147,Outer DuSable Lake Shore Express,,Sat
06:15:43,146,Inner Lake Shore/Michigan Express,,Mon,Tue,Wed,Thu,Fri
14:36:17,151,Sheridan,,Sun
18:57:11,26,South Shore Express,,Mon,Tue,Wed,Thu,Fri
15:35:43,3,King Drive,,Mon,Tue,Wed,Thu,Fri
01:10:50,151,Sheridan,,Tue,Wed,Thu,Fri,Sat
06:44:51,157,Streeterville/Taylor,,Mon,Tue,Wed,Thu,Fri
08:28:09,146,Inner Lake Shore/Michigan Express,,Sat
17:28:52,157,Streeterville/Taylor,,Mon,Tue,Wed,Thu,Fri
11:15:11,151,Sheridan,,Sun
08:57:51,157,Streeterville/Taylor,,Mon,Tue,Wed,Thu,Fri
13:16:18,3,King Drive,,Mon,Tue,Wed,Thu,Fri
20:46:41,151,Sheridan,,Mon,Tue,Wed,Thu,Fri
09:20:04,147,Outer DuSable Lake Shore Express,,Sun
07:33:18,147,Outer DuSable Lake Shore Express,,Mon,Tue,Wed,Thu,Fri
09:00:24,3,King Drive,,Mon,Tue,Wed,Thu,Fri
21:56:56,147,Outer DuSable Lake Shore Express,,Mon,Tue,Wed,Thu,Fri
17:46:40,147,Outer DuSable Lake Shore Express,,Sat
15:58:02,3,King Drive,,Sat
21:30:11,147,Outer DuSable Lake Shore Express,,Sat
18:16:16,151,Sheridan,,Sat
23:16:11,147,Outer DuSable Lake Shore Express,,Sun
11:02:20,146,Inner Lake Shore/Michigan Express,,Sat
14:52:47,151,Sheridan,,Mon,Tue,Wed,Thu,Fri
19:16:07,3,King Drive,,Sat
10:22:27,146,Inner Lake Shore/Michigan Express,,Sat
13:40:47,147,Outer DuSable Lake Shore Express,,Sat
24:05:29,3,King Drive,,Sat
10:48:55,147,Outer DuSable Lake Shore Express,,Mon,Tue,Wed,Thu,Fri
07:50:41,147,Outer DuSable Lake Shore Express,,Mon,Tue,Wed,Thu,Fri
21:52:57,146,Inner Lake Shore/Michigan Express,,Sat
13:45:55,151,Sheridan,,Sun
17:38:24,151,Sheridan,,Mon,Tue,Wed,Thu,Fri
12:55:51,157,Streeterville/Taylor,,Mon,Tue,Wed,Thu,Fri
20:19:27,146,Inner Lake Shore/Michigan Express,,Mon,Tue,Wed,Thu,Fri
10:22:54,3,King Drive,,Mon,Tue,Wed,Thu,Fri
07:55:11,147,Outer DuSable Lake Shore Express,,Mon,Tue,Wed,Thu,Fri
14:39:10,151,Sheridan,,Sat
15:25:13,3,King Drive,,Sun
14:53:46,146,Inner Lake Shore/Michigan Express,,Sun
10:38:20,146,Inner Lake Shore/Michigan Express,,Sat
21:08:24,3,King Drive,,Sun
08:27:25,143,Stockton/Michigan Express,,Mon,Tue,Wed,Thu,Fri
16:57:02,3,King Drive,,Mon,Tue,Wed,Thu,Fri
19:16:07,3,King Drive,,Sat
13:03:10,151,Sheridan,,Sat
17:24:33,147,Outer DuSable Lake Shore Express,,Sun
16:06:06,2,Hyde Park Express,,Mon,Tue,Wed,Thu,Fri
13:58:15,26,South Shore Express,,Mon,Tue,Wed,Thu,Fri
00:57:59,66,Chicago,,Tue,Wed,Thu,Fri,Sat
18:36:16,151,Sheridan,,Sat
12:11:24,146,Inner Lake Shore/Michigan Express,,Sun
13:19:02,3,King Drive,,Sat
20:35:50,146,Inner Lake Shore/Michigan Express,,Sat
10:00:34,151,Sheridan,,Sun
21:21:13,3,King Drive,,Sat
09:40:31,157,Streeterville/Taylor,,Mon,Tue,Wed,Thu,Fri
13:06:47,147,Outer DuSable Lake Shore Express,,Sat
09:11:04,147,Outer DuSable Lake Shore Express,,Sun
16:15:43,3,King Drive,,Mon,Tue,Wed,Thu,Fri
23:15:26,147,Outer DuSable Lake Shore Express,,Sat
09:48:34,151,Sheridan,,Sun
22:37:59,3,King Drive,,Sun
19:51:48,3,King Drive,,Sun
07:47:11,151,Sheridan,,Sat
16:42:08,146,Inner Lake Shore/Michigan Express,,Mon,Tue,Wed,Thu,Fri
14:23:10,151,Sheridan,,Sat
06:48:56,147,Outer DuSable Lake Shore Express,,Mon,Tue,Wed,Thu,Fri
07:45:48,151,Sheridan,,Mon,Tue,Wed,Thu,Fri
16:32:39,151,Sheridan,,Sat
16:07:54,151,Sheridan,,Sat
10:07:27,146,Inner Lake Shore/Michigan Express,,Sat
08:18:11,157,Streeterville/Taylor,,Mon,Tue,Wed,Thu,Fri
22:36:26,147,Outer DuSable Lake Shore Express,,Mon,Tue,Wed,Thu,Fri
22:47:29,3,King Drive,,Mon,Tue,Wed,Thu,Fri
09:14:59,3,King Drive,,Sat
17:08:00,146,Inner Lake Shore/Michigan Express,,Mon,Tue,Wed,Thu,Fri
13:33:17,147,Outer DuSable Lake Shore Express,,Sat
15:57:10,151,Sheridan,,Mon,Tue,Wed,Thu,Fri
14:35:46,146,Inner Lake Shore/Michigan Express,,Sun
08:20:24,3,King Drive,,Mon,Tue,Wed,Thu,Fri
12:25:11,151,Sheridan,,Sun
13:50:17,147,Outer DuSable Lake Shore Express,,Sat
07:35:26,151,Sheridan,,Mon,Tue,Wed,Thu,Fri
08:30:50,146,Inner Lake Shore/Michigan Express,,Mon,Tue,Wed,Thu,Fri
07:35:40,3,King Drive,,Sat
08:26:09,146,Inner Lake Shore/Michigan Express,,Sun
18:05:12,157,Streeterville/Taylor,,Mon,Tue,Wed,Thu,Fri
07:22:41,151,Sheridan,,Sun
18:26:16,151,Sheridan,,Sat
12:29:24,146,Inner Lake Shore/Michigan Express,,Sun
10:37:41,151,Sheridan,,Sat
16:21:37,3,King Drive,,Mon,Tue,Wed,Thu,Fri
11:06:54,3,King Drive,,Mon,Tue,Wed,Thu,Fri
07:36:27,148,Clarendon/Michigan Express,,Mon,Tue,Wed,Thu,Fri
14:23:10,151,Sheridan,,Sat
13:16:17,147,Outer DuSable Lake Shore Express,,Sat
11:33:57,146,Inner Lake Shore/Michigan Express,,Sun
17:13:32,3,King Drive,,Mon,Tue,Wed,Thu,Fri
16:21:26,146,Inner Lake Shore/Michigan Express,,Sat
10:05:18,151,Sheridan,,Sat
11:01:20,146,Inner Lake Shore/Michigan Express,,Mon,Tue,Wed,Thu,Fri
16:15:43,3,King Drive,,Mon,Tue,Wed,Thu,Fri
16:29:38,146,Inner Lake Shore/Michigan Express,,Mon,Tue,Wed,Thu,Fri
16:49:46,146,Inner Lake Shore/Michigan Express,,Sun
08:43:40,3,King Drive,,Sat
10:32:59,3,King Drive,,Sat
08:51:11,151,Sheridan,,Mon,Tue,Wed,Thu,Fri
06:18:41,147,Outer DuSable Lake Shore Express,,Sun
13:51:10,151,Sheridan,,Sat
18:46:10,147,Outer DuSable Lake Shore Express,,Sat
16:54:24,151,Sheridan,,Mon,Tue,Wed,Thu,Fri
13:07:11,147,Outer DuSable Lake Shore Express,,Sun
11:18:20,146,Inner Lake Shore/Michigan Express,,Sat
08:39:50,146,Inner Lake Shore/Michigan Express,,Mon,Tue,Wed,Thu,Fri
13:40:15,26,South Shore Express,,Mon,Tue,Wed,Thu,Fri
15:31:33,147,Outer DuSable Lake Shore Express,,Sun
06:30:17,146,Inner Lake Shore/Michigan Express,,Sat
10:39:57,146,Inner Lake Shore/Michigan Express,,Sun
08:26:33,147,Outer DuSable Lake Shore Express,,Mon,Tue,Wed,Thu,Fri
22:17:59,3,King Drive,,Sun
14:17:12,146,Inner Lake Shore/Michigan Express,,Sat
11:05:11,151,Sheridan,,Sun
09:38:35,148,Clarendon/Michigan Express,,Mon,Tue,Wed,Thu,Fri
08:05:11,2,Hyde Park Express,,Mon,Tue,Wed,Thu,Fri
13:57:48,3,King Drive,,Mon,Tue,Wed,Thu,Fri
21:11:39,146,Inner Lake Shore/Michigan Express,,Sun
22:59:13,3,King Drive,,Sat
13:46:02,3,King Drive,,Sat
15:12:17,151,Sheridan,,Mon,Tue,Wed,Thu,Fri
08:31:11,151,Sheridan,,Mon,Tue,Wed,Thu,Fri
21:07:50,26,South Shore Express,,Mon,Tue,Wed,Thu,Fri
19:05:54,151,Sheridan,,Sat
23:48:29,3,King Drive,,Sat
09:41:26,147,Outer DuSable Lake Shore Express,,Sun
17:15:54,151,Sheridan,,Mon,Tue,Wed,Thu,Fri
05:02:35,151,Sheridan,,Mon,Tue,Wed,Thu,Fri
15:45:38,146,Inner Lake Shore/Michigan Express,,Mon,Tue,Wed,Thu,Fri
19:47:26,147,Outer DuSable Lake Shore Express,,Sun
07:20:04,151,Sheridan,,Mon,Tue,Wed,Thu,Fri
12:55:55,151,Sheridan,,Sun
12:12:11,147,Outer DuSable Lake Shore Express,,Sun
18:08:17,151,Sheridan,,Sun
17:47:47,151,Sheridan,,Sun
11:37:55,147,Outer DuSable Lake Shore Express,,Mon,Tue,Wed,Thu,Fri
14:59:30,146,Inner Lake Shore/Michigan Express,,Sat
12:49:24,3,King Drive,,Sun
05:43:05,151,Sheridan,,Sun
09:01:33,151,Sheridan,,Mon,Tue,Wed,Thu,Fri
21:21:13,3,King Drive,,Sat
18:43:41,26,South Shore Express,,Mon,Tue,Wed,Thu,Fri
19:12:34,146,Inner Lake Shore/Michigan Express,,Sat
15:47:40,151,Sheridan,,Mon,Tue,Wed,Thu,Fri
21:52:48,147,Outer DuSable Lake Shore Express,,Sat
19:22:20,146,Inner Lake Shore/Michigan Express,,Mon,Tue,Wed,Thu,Fri
12:15:11,151,Sheridan,,Sun
11:17:41,151,Sheridan,,Sat
16:35:07,3,King Drive,,Mon,Tue,Wed,Thu,Fri
14:08:47,151,Sheridan,,Mon,Tue,Wed,Thu,Fri
20:32:20,26,South Shore Express,,Mon,Tue,Wed,Thu,Fri
20:52:24,3,King Drive,,Sun
23:42:18,151,Sheridan,,Sat
17:13:32,3,King Drive,,Mon,Tue,Wed,Thu,Fri
08:09:54,146,Inner Lake Shore/Michigan Express,,Mon,Tue,Wed,Thu,Fri
14:00:47,147,Outer DuSable Lake Shore Express,,Mon,Tue,Wed,Thu,Fri
08:06:11,151,Sheridan,,Mon,Tue,Wed,Thu,Fri
21:34:13,3,King Drive,,Sat
08:15:24,146,Inner Lake Shore/Michigan Express,,Mon,Tue,Wed,Thu,Fri
11:58:03,151,Sheridan,,Sat
12:21:51,157,Streeterville/Taylor,,Mon,Tue,Wed,Thu,Fri
13:29:51,157,Streeterville/Taylor,,Mon,Tue,Wed,Thu,Fri
09:16:11,151,Sheridan,,Mon,Tue,Wed,Thu,Fri
05:02:35,151,Sheridan,,Mon,Tue,Wed,Thu,Fri
15:02:46,146,Inner Lake Shore/Michigan Express,,Sun
13:52:43,3,King Drive,,Sun
12:54:18,3,King Drive,,Mon,Tue,Wed,Thu,Fri
13:11:38,146,Inner Lake Shore/Michigan Express,,Mon,Tue,Wed,Thu,Fri
15:15:30,146,Inner Lake Shore/Michigan Express,,Sat
03:56:24,66,Chicago,,Mon,Tue,Wed,Thu,Fri
16:06:38,146,Inner Lake Shore/Michigan Express,,Mon,Tue,Wed,Thu,Fri
18:07:11,26,South Shore Express,,Mon,Tue,Wed,Thu,Fri
19:14:48,3,King Drive,,Sun
16:16:41,2,Hyde Park Express,,Mon,Tue,Wed,Thu,Fri
18:33:13,3,King Drive,,Mon,Tue,Wed,Thu,Fri
19:54:57,146,Inner Lake Shore/Michigan Express,,Sun
08:34:50,148,Clarendon/Michigan Express,,Mon,Tue,Wed,Thu,Fri
09:56:56,151,Sheridan,,Sat
18:44:30,146,Inner Lake Shore/Michigan Express,,Sat
19:41:48,3,King Drive,,Mon,Tue,Wed,Thu,Fri
17:55:10,147,Outer DuSable Lake Shore Express,,Sat
21:51:09,146,Inner Lake Shore/Michigan Express,,Sun
07:01:41,147,Outer DuSable Lake Shore Express,,Sat
10:04:18,147,Outer DuSable Lake Shore Express,,Sun
09:56:33,151,Sheridan,,Mon,Tue,Wed,Thu,Fri
17:03:34,2,Hyde Park Express,,Mon,Tue,Wed,Thu,Fri
21:58:11,147,Outer DuSable Lake Shore Express,,Sun
16:40:27,26,South Shore Express,,Mon,Tue,Wed,Thu,Fri
22:21:34,151,Sheridan,,Mon,Tue,Wed,Thu,Fri
23:03:10,3,King Drive,,Mon,Tue,Wed,Thu,Fri
10:41:59,3,King Drive,,Sun
13:32:38,146,Inner Lake Shore/Michigan Express,,Mon,Tue,Wed,Thu,Fri
07:20:01,148,Clarendon/Michigan Express,,Mon,Tue,Wed,Thu,Fri
08:09:54,146,Inner Lake Shore/Michigan Express,,Mon,Tue,Wed,Thu,Fri
22:32:31,146,Inner Lake Shore/Michigan Express,,Sat
15:10:01,157,Streeterville/Taylor,,Mon,Tue,Wed,Thu,Fri
20:57:11,147,Outer DuSable Lake Shore Express,,Sun
22:56:26,147,Outer DuSable Lake Shore Express,,Mon,Tue,Wed,Thu,Fri
12:34:11,147,Outer DuSable Lake Shore Express,,Sun
22:19:41,147,Outer DuSable Lake Shore Express,,Sun
20:49:50,26,South Shore Express,,Mon,Tue,Wed,Thu,Fri
16:29:07,3,King Drive,,Mon,Tue,Wed,Thu,Fri
17:57:08,146,Inner Lake Shore/Michigan Express,,Mon,Tue,Wed,Thu,Fri
12:50:38,146,Inner Lake Shore/Michigan Express,,Sun
12:47:10,151,Sheridan,,Sat
17:17:43,3,King Drive,,Sun
09:00:40,3,King Drive,,Sun
10:06:48,147,Outer DuSable Lake Shore Express,,Sat
14:37:48,3,King Drive,,Mon,Tue,Wed,Thu,Fri
20:13:33,147,Outer DuSable Lake Shore Express,,Sat
18:26:12,146,Inner Lake Shore/Michigan Express,,Mon,Tue,Wed,Thu,Fri
13:31:17,151,Sheridan,,Mon,Tue,Wed,Thu,Fri
08:48:46,146,Inner Lake Shore/Michigan Express,,Mon,Tue,Wed,Thu,Fri
09:10:16,146,Inner Lake Shore/Michigan Express,,Mon,Tue,Wed,Thu,Fri
23:09:34,151,Sheridan,,Mon,Tue,Wed,Thu,Fri
08:09:39,146,Inner Lake Shore/Michigan Express,,Sun
09:06:11,151,Sheridan,,Mon,Tue,Wed,Thu,Fri
21:58:11,147,Outer DuSable Lake Shore Express,,Sun
13:07:11,147,Outer DuSable Lake Shore Express,,Sun
12:16:20,146,Inner Lake Shore/Michigan Express,,Sat
14:11:47,147,Outer DuSable Lake Shore Express,,Mon,Tue,Wed,Thu,Fri
08:49:15,2,Hyde Park Express,,Mon,Tue,Wed,Thu,Fri
09:55:16,146,Inner Lake Shore/Michigan Express,,Mon,Tue,Wed,Thu,Fri
19:26:48,3,King Drive,,Sun
17:20:00,146,Inner Lake Shore/Michigan Express,,Sat
17:21:02,147,Outer DuSable Lake Shore Express,,Mon,Tue,Wed,Thu,Fri
06:44:51,157,Streeterville/Taylor,,Mon,Tue,Wed,Thu,Fri
08:36:11,151,Sheridan,,Mon,Tue,Wed,Thu,Fri
11:50:24,3,King Drive,,Mon,Tue,Wed,Thu,Fri
09:12:21,157,Streeterville/Taylor,,Mon,Tue,Wed,Thu,Fri
13:05:55,151,Sheridan,,Sun
07:57:09,146,Inner Lake Shore/Michigan Express,,Sat
14:17:46,146,Inner Lake Shore/Michigan Express,,Sun
08:28:50,148,Clarendon/Michigan Express,,Mon,Tue,Wed,Thu,Fri
03:27:18,66,Chicago,,Tue,Wed,Thu,Fri,Sat
18:20:43,3,King Drive,,Sun
18:36:07,3,King Drive,,Sat
10:44:54,3,King Drive,,Mon,Tue,Wed,Thu,Fri
10:09:46,146,Inner Lake Shore/Michigan Express,,Mon,Tue,Wed,Thu,Fri
13:32:38,146,Inner Lake Shore/Michigan Express,,Mon,Tue,Wed,Thu,Fri
15:36:17,151,Sheridan,,Sun
20:43:47,151,Sheridan,,Sat
14:26:46,146,Inner Lake Shore/Michigan Express,,Sun
21:20:21,157,Streeterville/Taylor,,Mon,Tue,Wed,Thu,Fri
06:42:26,147,Outer DuSable Lake Shore Express,,Mon,Tue,Wed,Thu,Fri
19:49:54,146,Inner Lake Shore/Michigan Express,,Mon,Tue,Wed,Thu,Fri
23:15:48,3,King Drive,,Sat
17:47:01,26,South Shore Express,,Mon,Tue,Wed,Thu,Fri
08:39:40,3,King Drive,,Sun
10:42:33,151,Sheridan,,Mon,Tue,Wed,Thu,Fri
21:58:03,151,Sheridan,,Sat
08:56:05,146,Inner Lake Shore/Michigan Express,,Sat
00:31:40,3,King Drive,,Tue,Wed,Thu,Fri,Sat
11:19:20,146,Inner Lake Shore/Michigan Express,,Mon,Tue,Wed,Thu,Fri
09:41:20,146,Inner Lake Shore/Michigan Express,,Mon,Tue,Wed,Thu,Fri
13:42:38,146,Inner Lake Shore/Michigan Express,,Mon,Tue,Wed,Thu,Fri
06:29:57,151,Sheridan,,Sat
12:36:54,3,King Drive,,Sun
08:40:04,147,Outer DuSable Lake Shore Express,,Sun
11:28:54,3,King Drive,,Mon,Tue,Wed,Thu,Fri
06:25:35,3,King Drive,,Mon,Tue,Wed,Thu,Fri
12:02:24,146,Inner Lake Shore/Michigan Express,,Sun
17:34:46,146,Inner Lake Shore/Michigan Express,,Sun
06:38:43,146,Inner Lake Shore/Michigan Express,,Mon,Tue,Wed,Thu,Fri
02:28:18,66,Chicago,,Sun
12:59:38,146,Inner Lake Shore/Michigan Express,,Sun
20:03:21,157,Streeterville/Taylor,,Mon,Tue,Wed,Thu,Fri
14:02:38,146,Inner Lake Shore/Michigan Express,,Mon,Tue,Wed,Thu,Fri
07:36:40,3,King Drive,,Sun
00:40:50,151,Sheridan,,Mon
18:16:32,3,King Drive,,Sat
09:47:56,147,Outer DuSable Lake Shore Express,,Sat
21:30:11,147,Outer DuSable Lake Shore Express,,Sat
06:11:27,151,Sheridan,,Sat
17:59:03,147,Outer DuSable Lake Shore Express,,Sun
07:16:49,151,Sheridan,,Sat
15:24:38,146,Inner Lake Shore/Michigan Express,,Mon,Tue,Wed,Thu,Fri
18:55:18,147,Outer DuSable Lake Shore Express,,Sun
21:03:26,151,Sheridan,,Sun
07:23:29,3,King Drive,,Mon,Tue,Wed,Thu,Fri
15:15:02,3,King Drive,,Sat
23:42:19,151,Sheridan,,Sun
15:03:13,3,King Drive,,Mon,Tue,Wed,Thu,Fri
11:47:51,157,Streeterville/Taylor,,Mon,Tue,Wed,Thu,Fri
20:32:33,147,Outer DuSable Lake Shore Express,,Sat
19:48:41,147,Outer DuSable Lake Shore Express,,Mon,Tue,Wed,Thu,Fri
08:06:27,148,Clarendon/Michigan Express,,Mon,Tue,Wed,Thu,Fri
21:34:18,151,Sheridan,,Mon,Tue,Wed,Thu,Fri
08:05:33,143,Stockton/Michigan Express,,Mon,Tue,Wed,Thu,Fri
16:48:22,157,Streeterville/Taylor,,Mon,Tue,Wed,Thu,Fri
16:55:04,146,Inner Lake Shore/Michigan Express,,Mon,Tue,Wed,Thu,Fri
16:31:57,26,South Shore Express,,Mon,Tue,Wed,Thu,Fri
07:16:20,2,Hyde Park Express,,Mon,Tue,Wed,Thu,Fri
08:36:11,151,Sheridan,,Mon,Tue,Wed,Thu,Fri
21:37:41,147,Outer DuSable Lake Shore Express,,Sun
09:53:31,148,Clarendon/Michigan Express,,Mon,Tue,Wed,Thu,Fri
13:40:15,26,South Shore Express,,Mon,Tue,Wed,Thu,Fri
10:53:41,151,Sheridan,,Sat
13:52:38,146,Inner Lake Shore/Michigan Express,,Mon,Tue,Wed,Thu,Fri
21:03:26,151,Sheridan,,Sun
13:57:48,3,King Drive,,Mon,Tue,Wed,Thu,Fri
06:09:49,147,Outer DuSable Lake Shore Express,,Sat
11:20:59,3,King Drive,,Sun
16:17:38,146,Inner Lake Shore/Michigan Express,,Mon,Tue,Wed,Thu,Fri
19:51:48,3,King Drive,,Sun
15:03:41,26,South Shore Express,,Mon,Tue,Wed,Thu,Fri
12:08:55,147,Outer DuSable Lake Shore Express,,Mon,Tue,Wed,Thu,Fri
17:27:57,26,South Shore Express,,Mon,Tue,Wed,Thu,Fri
14:43:30,146,Inner Lake Shore/Michigan Express,,Sat
23:02:41,151,Sheridan,,Sun
10:41:41,147,Outer DuSable Lake Shore Express,,Sat
13:23:47,147,Outer DuSable Lake Shore Express,,Sat
19:02:40,147,Outer DuSable Lake Shore Express,,Sat
14:27:43,3,King Drive,,Sun
08:07:51,157,Streeterville/Taylor,,Mon,Tue,Wed,Thu,Fri
13:11:38,146,Inner Lake Shore/Michigan Express,,Mon,Tue,Wed,Thu,Fri
07:08:56,147,Outer DuSable Lake Shore Express,,Mon,Tue,Wed,Thu,Fri
09:15:46,146,Inner Lake Shore/Michigan Express,,Mon,Tue,Wed,Thu,Fri
15:07:02,3,King Drive,,Sat
17:33:34,2,Hyde Park Express,,Mon,Tue,Wed,Thu,Fri
20:18:07,3,King Drive,,Sat
09:37:56,147,Outer DuSable Lake Shore Express,,Sat
09:00:59,3,King Drive,,Sat
03:27:36,66,Chicago,,Sun
18:20:30,146,Inner Lake Shore/Michigan Express,,Sat
18:06:16,151,Sheridan,,Sat
16:18:06,2,Hyde Park Express,,Mon,Tue,Wed,Thu,Fri
06:56:13,148,Clarendon/Michigan Express,,Mon,Tue,Wed,Thu,Fri
18:10:13,3,King Drive,,Mon,Tue,Wed,Thu,Fri
15:24:54,147,Outer DuSable Lake Shore Express,,Sat
07:55:48,151,Sheridan,,Mon,Tue,Wed,Thu,Fri
06:46:27,151,Sheridan,,Sat
07:11:13,148,Clarendon/Michigan Express,,Mon,Tue,Wed,Thu,Fri
17:53:30,146,Inner Lake Shore/Michigan Express,,Sat
13:35:10,151,Sheridan,,Sat
07:48:04,147,Outer DuSable Lake Shore Express,,Sun
12:55:10,151,Sheridan,,Sat
06:30:17,146,Inner Lake Shore/Michigan Express,,Sat
11:06:54,3,King Drive,,Mon,Tue,Wed,Thu,Fri
09:34:50,146,Inner Lake Shore/Michigan Express,,Mon,Tue,Wed,Thu,Fri
15:07:30,146,Inner Lake Shore/Michigan Express,,Sat
12:37:55,147,Outer DuSable Lake Shore Express,,Mon,Tue,Wed,Thu,Fri
18:20:47,151,Sheridan,,Mon,Tue,Wed,Thu,Fri
06:28:43,146,Inner Lake Shore/Michigan Express,,Mon,Tue,Wed,Thu,Fri
08:59:17,143,Stockton/Michigan Express,,Mon,Tue,Wed,Thu,Fri
18:04:47,147,Outer DuSable Lake Shore Express,,Mon,Tue,Wed,Thu,Fri
18:09:43,3,King Drive,,Sun
18:46:07,3,King Drive,,Sat
09:13:34,147,Outer DuSable Lake Shore Express,,Sat
15:56:46,146,Inner Lake Shore/Michigan Express,,Sun
19:06:03,151,Sheridan,,Sun
18:49:13,3,King Drive,,Mon,Tue,Wed,Thu,Fri
21:23:04,151,Sheridan,,Sun
03:54:36,66,Chicago,,Sat
07:06:04,143,Stockton/Michigan Express,,Mon,Tue,Wed,Thu,Fri
15:58:54,147,Outer DuSable Lake Shore Express,,Sat
14:35:33,147,Outer DuSable Lake Shore Express,,Sun
12:04:51,157,Streeterville/Taylor,,Mon,Tue,Wed,Thu,Fri
07:05:05,3,King Drive,,Mon,Tue,Wed,Thu,Fri
23:16:26,147,Outer DuSable Lake Shore Express,,Mon,Tue,Wed,Thu,Fri
10:58:41,147,Outer DuSable Lake Shore Express,,Sat
16:38:26,146,Inner Lake Shore/Michigan Express,,Sat
11:51:12,146,Inner Lake Shore/Michigan Express,,Mon,Tue,Wed,Thu,Fri
13:00:25,147,Outer DuSable Lake Shore Express,,Mon,Tue,Wed,Thu,Fri
09:24:34,151,Sheridan,,Sun
05:36:49,147,Outer DuSable Lake Shore Express,,Mon,Tue,Wed,Thu,Fri
09:10:16,146,Inner Lake Shore/Michigan Express,,Mon,Tue,Wed,Thu,Fri
21:41:59,3,King Drive,,Sun
13:59:46,146,Inner Lake Shore/Michigan Express,,Sun
08:16:24,148,Clarendon/Michigan Express,,Mon,Tue,Wed,Thu,Fri
17:38:43,3,King Drive,,Sun
08:46:39,146,Inner Lake Shore/Michigan Express,,Sat
06:18:34,147,Outer DuSable Lake Shore Express,,Mon,Tue,Wed,Thu,Fri
14:25:12,146,Inner Lake Shore/Michigan Express,,Sat
13:18:11,147,Outer DuSable Lake Shore Express,,Sun
14:52:47,151,Sheridan,,Mon,Tue,Wed,Thu,Fri
09:05:03,147,Outer DuSable Lake Shore Express,,Mon,Tue,Wed,Thu,Fri
17:27:17,151,Sheridan,,Sun
06:49:39,146,Inner Lake Shore/Michigan Express,,Mon,Tue,Wed,Thu,Fri
15:38:12,157,Streeterville/Taylor,,Mon,Tue,Wed,Thu,Fri
10:36:41,147,Outer DuSable Lake Shore Express,,Sun
13:01:38,146,Inner Lake Shore/Michigan Express,,Mon,Tue,Wed,Thu,Fri
18:01:30,146,Inner Lake Shore/Michigan Express,,Sat
23:10:09,146,Inner Lake Shore/Michigan Express,,Mon,Tue,Wed,Thu,Fri
06:59:05,146,Inner Lake Shore/Michigan Express,,Mon,Tue,Wed,Thu,Fri
16:40:32,3,King Drive,,Mon,Tue,Wed,Thu,Fri
19:00:11,2,Hyde Park Express,,Mon,Tue,Wed,Thu,Fri
19:05:13,3,King Drive,,Mon,Tue,Wed,Thu,Fri
20:55:50,146,Inner Lake Shore/Michigan Express,,Sat
16:27:32,147,Outer DuSable Lake Shore Express,,Mon,Tue,Wed,Thu,Fri
21:59:59,3,King Drive,,Sun
08:57:51,157,Streeterville/Taylor,,Mon,Tue,Wed,Thu,Fri
09:43:31,146,Inner Lake Shore/Michigan Express,,Sun
06:58:41,147,Outer DuSable Lake Shore Express,,Sun
09:19:03,147,Outer DuSable Lake Shore Express,,Mon,Tue,Wed,Thu,Fri
20:42:33,147,Outer DuSable Lake Shore Express,,Sat
01:57:59,66,Chicago,,Tue,Wed,Thu,Fri,Sat
12:55:17,151,Sheridan,,Mon,Tue,Wed,Thu,Fri
21:22:18,3,King Drive,,Mon,Tue,Wed,Thu,Fri
22:37:34,151,Sheridan,,Mon,Tue,Wed,Thu,Fri
07:30:54,3,King Drive,,Mon,Tue,Wed,Thu,Fri
08:11:11,151,Sheridan,,Mon,Tue,Wed,Thu,Fri
11:18:11,147,Outer DuSable Lake Shore Express,,Sun
09:23:33,147,Outer DuSable Lake Shore Express,,Mon,Tue,Wed,Thu,Fri
10:10:31,146,Inner Lake Shore/Michigan Express,,Sun
16:31:57,26,South Shore Express,,Mon,Tue,Wed,Thu,Fri
14:14:47,147,Outer DuSable Lake Shore Express,,Sat
18:51:20,146,Inner Lake Shore/Michigan Express,,Sun
16:05:26,146,Inner Lake Shore/Michigan Express,,Sat
07:21:26,143,Stockton/Michigan Express,,Mon,Tue,Wed,Thu,Fri
18:08:17,151,Sheridan,,Sun
22:19:26,147,Outer DuSable Lake Shore Express,,Sat
17:25:46,146,Inner Lake Shore/Michigan Express,,Sun
12:41:38,146,Inner Lake Shore/Michigan Express,,Mon,Tue,Wed,Thu,Fri
21:15:50,146,Inner Lake Shore/Michigan Express,,Sat
15:20:47,151,Sheridan,,Mon,Tue,Wed,Thu,Fri
13:46:51,157,Streeterville/Taylor,,Mon,Tue,Wed,Thu,Fri
05:30:42,151,Sheridan,,Sat
17:15:22,157,Streeterville/Taylor,,Mon,Tue,Wed,Thu,Fri
08:00:34,147,Outer DuSable Lake Shore Express,,Sat
11:39:16,146,Inner Lake Shore/Michigan Express,,Mon,Tue,Wed,Thu,Fri
14:07:10,151,Sheridan,,Sat
14:47:18,3,King Drive,,Mon,Tue,Wed,Thu,Fri
21:40:21,157,Streeterville/Taylor,,Mon,Tue,Wed,Thu,Fri
20:55:13,3,King Drive,,Sat
22:01:05,146,Inner Lake Shore/Michigan Express,,Mon,Tue,Wed,Thu,Fri
09:11:03,147,Outer DuSable Lake Shore Express,,Mon,Tue,Wed,Thu,Fri
22:17:59,3,King Drive,,Sun
17:48:02,3,King Drive,,Mon,Tue,Wed,Thu,Fri
09:11:03,147,Outer DuSable Lake Shore Express,,Mon,Tue,Wed,Thu,Fri
09:30:04,147,Outer DuSable Lake Shore Express,,Sat
14:05:55,151,Sheridan,,Sun
16:40:32,3,King Drive,,Mon,Tue,Wed,Thu,Fri
14:37:48,3,King Drive,,Mon,Tue,Wed,Thu,Fri
08:45:40,143,Stockton/Michigan Express,,Mon,Tue,Wed,Thu,Fri
05:20:19,147,Outer DuSable Lake Shore Express,,Mon,Tue,Wed,Thu,Fri
16:53:02,147,Outer DuSable Lake Shore Express,,Mon,Tue,Wed,Thu,Fri
14:08:46,146,Inner Lake Shore/Michigan Express,,Sun
19:23:13,3,King Drive,,Mon,Tue,Wed,Thu,Fri
09:37:27,146,Inner Lake Shore/Michigan Express,,Sat
10:33:54,3,King Drive,,Mon,Tue,Wed,Thu,Fri
10:24:41,147,Outer DuSable Lake Shore Express,,Sat
12:31:37,3,King Drive,,Sat
09:49:54,3,King Drive,,Mon,Tue,Wed,Thu,Fri
19:10:40,147,Outer DuSable Lake Shore Express,,Sat
16:39:32,147,Outer DuSable Lake Shore Express,,Sat
16:43:02,3,King Drive,,Sat
12:28:55,147,Outer DuSable Lake Shore Express,,Mon,Tue,Wed,Thu,Fri
09:20:40,3,King Drive,,Sun
16:48:39,151,Sheridan,,Sat
19:26:48,3,King Drive,,Sun
10:57:55,147,Outer DuSable Lake Shore Express,,Mon,Tue,Wed,Thu,Fri
22:32:31,146,Inner Lake Shore/Michigan Express,,Sat
07:00:17,146,Inner Lake Shore/Michigan Express,,Sat
10:45:50,146,Inner Lake Shore/Michigan Express,,Mon,Tue,Wed,Thu,Fri
10:13:18,151,Sheridan,,Sat
14:08:18,3,King Drive,,Mon,Tue,Wed,Thu,Fri
20:41:21,157,Streeterville/Taylor,,Mon,Tue,Wed,Thu,Fri
07:29:48,147,Outer DuSable Lake Shore Express,,Mon,Tue,Wed,Thu,Fri
23:03:10,3,King Drive,,Mon,Tue,Wed,Thu,Fri
09:36:56,151,Sheridan,,Sat
10:38:20,146,Inner Lake Shore/Michigan Express,,Mon,Tue,Wed,Thu,Fri
06:50:04,143,Stockton/Michigan Express,,Mon,Tue,Wed,Thu,Fri
11:39:16,146,Inner Lake Shore/Michigan Express,,Mon,Tue,Wed,Thu,Fri
21:26:20,26,South Shore Express,,Mon,Tue,Wed,Thu,Fri
20:04:54,146,Inner Lake Shore/Michigan Express,,Mon,Tue,Wed,Thu,Fri
06:43:27,151,Sheridan,,Sun
20:48:48,3,King Drive,,Mon,Tue,Wed,Thu,Fri
08:59:50,148,Clarendon/Michigan Express,,Mon,Tue,Wed,Thu,Fri
21:50:18,151,Sheridan,,Mon,Tue,Wed,Thu,Fri
11:44:24,146,Inner Lake Shore/Michigan Express,,Sun
19:38:48,3,King Drive,,Sun
18:29:10,147,Outer DuSable Lake Shore Express,,Sat
05:35:49,147,Outer DuSable Lake Shore Express,,Sat
20:36:24,3,King Drive,,Sun
18:06:40,151,Sheridan,,Mon,Tue,Wed,Thu,Fri
17:21:02,147,Outer DuSable Lake Shore Express,,Mon,Tue,Wed,Thu,Fri
15:38:40,151,Sheridan,,Mon,Tue,Wed,Thu,Fri
16:47:10,147,Outer DuSable Lake Shore Express,,Sat
14:03:51,157,Streeterville/Taylor,,Mon,Tue,Wed,Thu,Fri
15:19:54,151,Sheridan,,Sat
07:43:57,148,Clarendon/Michigan Express,,Mon,Tue,Wed,Thu,Fri
20:55:50,146,Inner Lake Shore/Michigan Express,,Sat
10:44:48,151,Sheridan,,Sun
14:17:48,3,King Drive,,Mon,Tue,Wed,Thu,Fri
16:51:32,3,King Drive,,Mon,Tue,Wed,Thu,Fri
11:06:11,147,Outer DuSable Lake Shore Express,,Sun
09:56:03,147,Outer DuSable Lake Shore Express,,Mon,Tue,Wed,Thu,Fri
01:27:59,66,Chicago,,Sun
07:50:41,147,Outer DuSable Lake Shore Express,,Mon,Tue,Wed,Thu,Fri
13:35:55,151,Sheridan,,Sun
07:44:11,2,Hyde Park Express,,Mon,Tue,Wed,Thu,Fri
23:37:05,3,King Drive,,Sun
15:31:30,146,Inner Lake Shore/Michigan Express,,Sat
23:15:48,3,King Drive,,Sat
08:36:11,151,Sheridan,,Sat
08:41:39,146,Inner Lake Shore/Michigan Express,,Sun
19:12:34,146,Inner Lake Shore/Michigan Express,,Sat
14:42:38,146,Inner Lake Shore/Michigan Express,,Mon,Tue,Wed,Thu,Fri
21:20:11,147,Outer DuSable Lake Shore Express,,Sat
16:48:22,157,Streeterville/Taylor,,Mon,Tue,Wed,Thu,Fri
05:53:19,151,Sheridan,,Mon,Tue,Wed,Thu,Fri
08:18:09,146,Inner Lake Shore/Michigan Express,,Sat
08:01:11,151,Sheridan,,Sat
13:19:10,151,Sheridan,,Sat
16:05:52,157,Streeterville/Taylor,,Mon,Tue,Wed,Thu,Fri
10:44:54,3,King Drive,,Mon,Tue,Wed,Thu,Fri
23:15:40,3,King Drive,,Mon,Tue,Wed,Thu,Fri
06:49:41,147,Outer DuSable Lake Shore Express,,Sat
18:37:20,146,Inner Lake Shore/Michigan Express,,Sun
15:20:03,147,Outer DuSable Lake Shore Express,,Sun
20:05:24,3,King Drive,,Sun
20:04:03,147,Outer DuSable Lake Shore Express,,Sat
15:03:10,151,Sheridan,,Sat
19:06:07,3,King Drive,,Sat
18:42:25,151,Sheridan,,Sun
12:04:51,157,Streeterville/Taylor,,Mon,Tue,Wed,Thu,Fri
16:56:32,2,Hyde Park Express,,Mon,Tue,Wed,Thu,Fri
07:30:13,146,Inner Lake Shore/Michigan Express,,Sun
09:41:41,147,Outer DuSable Lake Shore Express,,Mon,Tue,Wed,Thu,Fri
17:08:00,146,Inner Lake Shore/Michigan Express,,Mon,Tue,Wed,Thu,Fri
11:28:11,147,Outer DuSable Lake Shore Express,,Sun
22:55:26,147,Outer DuSable Lake Shore Express,,Sat
20:21:26,147,Outer DuSable Lake Shore Express,,Sun
21:34:54,146,Inner Lake Shore/Michigan Express,,Sat
05:31:43,146,Inner Lake Shore/Michigan Express,,Mon,Tue,Wed,Thu,Fri
19:35:54,151,Sheridan,,Sat
20:04:03,147,Outer DuSable Lake Shore Express,,Sat
16:40:46,146,Inner Lake Shore/Michigan Express,,Sun
18:10:13,3,King Drive,,Mon,Tue,Wed,Thu,Fri
14:48:47,147,Outer DuSable Lake Shore Express,,Mon,Tue,Wed,Thu,Fri
16:22:43,3,King Drive,,Sun
19:14:48,3,King Drive,,Sun
16:22:46,146,Inner Lake Shore/Michigan Express,,Sun
07:06:51,157,Streeterville/Taylor,,Mon,Tue,Wed,Thu,Fri
13:25:55,151,Sheridan,,Sun
16:53:34,2,Hyde Park Express,,Mon,Tue,Wed,Thu,Fri
04:42:12,151,Sheridan,,Mon,Tue,Wed,Thu,Fri
24:28:12,151,Sheridan,,Mon,Tue,Wed,Thu,Fri
15:23:02,3,King Drive,,Sat
13:42:38,146,Inner Lake Shore/Michigan Express,,Mon,Tue,Wed,Thu,Fri
15:54:00,2,Hyde Park Express,,Mon,Tue,Wed,Thu,Fri
05:02:20,151,Sheridan,,Sun
04:29:18,66,Chicago,,Sun
18:44:21,157,Streeterville/Taylor,,Mon,Tue,Wed,Thu,Fri
21:00:48,147,Outer DuSable Lake Shore Express,,Mon,Tue,Wed,Thu,Fri
18:54:40,147,Outer DuSable Lake Shore Express,,Sat
13:43:10,151,Sheridan,,Sat
17:26:54,151,Sheridan,,Mon,Tue,Wed,Thu,Fri
08:50:24,3,King Drive,,Mon,Tue,Wed,Thu,Fri
16:34:02,3,King Drive,,Sat
07:04:19,2,Hyde Park Express,,Mon,Tue,Wed,Thu,Fri
08:46:11,151,Sheridan,,Sat
08:43:41,157,Streeterville/Taylor,,Mon,Tue,Wed,Thu,Fri
08:32:03,147,Outer DuSable Lake Shore Express,,Mon,Tue,Wed,Thu,Fri
08:58:16,146,Inner Lake Shore/Michigan Express,,Mon,Tue,Wed,Thu,Fri
14:16:11,26,South Shore Express,,Mon,Tue,Wed,Thu,Fri
19:47:32,151,Sheridan,,Sat
16:29:56,146,Inner Lake Shore/Michigan Express,,Sat
14:24:33,147,Outer DuSable Lake Shore Express,,Sun
11:19:18,3,King Drive,,Sat
06:58:40,3,King Drive,,Sat
08:02:33,147,Outer DuSable Lake Shore Express,,Mon,Tue,Wed,Thu,Fri
11:49:41,147,Outer DuSable Lake Shore Express,,Sat
09:00:04,147,Outer DuSable Lake Shore Express,,Sun
19:28:10,147,Outer DuSable Lake Shore Express,,Sat
10:12:56,151,Sheridan,,Sun
11:34:20,146,Inner Lake Shore/Michigan Express,,Sat
13:12:51,157,Streeterville/Taylor,,Mon,Tue,Wed,Thu,Fri
14:26:17,151,Sheridan,,Sun
19:25:21,157,Streeterville/Taylor,,Mon,Tue,Wed,Thu,Fri
12:12:11,147,Outer DuSable Lake Shore Express,,Sun
09:36:56,151,Sheridan,,Sat
19:06:56,147,Outer DuSable Lake Shore Express,,Sun
09:20:34,147,Outer DuSable Lake Shore Express,,Sat
15:15:02,3,King Drive,,Sat
14:25:12,146,Inner Lake Shore/Michigan Express,,Sat
13:32:46,146,Inner Lake Shore/Michigan Express,,Sun
07:48:11,157,Streeterville/Taylor,,Mon,Tue,Wed,Thu,Fri
17:20:00,146,Inner Lake Shore/Michigan Express,,Mon,Tue,Wed,Thu,Fri
15:40:02,3,King Drive,,Sat
15:24:54,147,Outer DuSable Lake Shore Express,,Sat
07:43:41,147,Outer DuSable Lake Shore Express,,Mon,Tue,Wed,Thu,Fri
16:56:17,151,Sheridan,,Sun
15:23:30,146,Inner Lake Shore/Michigan Express,,Sat
16:06:40,151,Sheridan,,Mon,Tue,Wed,Thu,Fri
12:11:38,146,Inner Lake Shore/Michigan Express,,Mon,Tue,Wed,Thu,Fri
16:39:32,147,Outer DuSable Lake Shore Express,,Mon,Tue,Wed,Thu,Fri
08:19:54,146,Inner Lake Shore/Michigan Express,,Mon,Tue,Wed,Thu,Fri
16:01:06,26,South Shore Express,,Mon,Tue,Wed,Thu,Fri
17:21:10,147,Outer DuSable Lake Shore Express,,Sat
15:02:13,3,King Drive,,Sun
12:34:11,147,Outer DuSable Lake Shore Express,,Sun
16:35:32,151,Sheridan,,Mon,Tue,Wed,Thu,Fri
12:49:47,147,Outer DuSable Lake Shore Express,,Sat
18:10:33,147,Outer DuSable Lake Shore Express,,Sun
08:07:33,147,Outer DuSable Lake Shore Express,,Mon,Tue,Wed,Thu,Fri
21:01:33,147,Outer DuSable Lake Shore Express,,Sat
10:42:33,151,Sheridan,,Mon,Tue,Wed,Thu,Fri
15:11:46,146,Inner Lake Shore/Michigan Express,,Sun
08:35:41,2,Hyde Park Express,,Mon,Tue,Wed,Thu,Fri
15:41:54,147,Outer DuSable Lake Shore Express,,Sat
12:00:20,146,Inner Lake Shore/Michigan Express,,Sat
05:51:27,151,Sheridan,,Sat
20:41:21,157,Streeterville/Taylor,,Mon,Tue,Wed,Thu,Fri
16:56:17,151,Sheridan,,Sun
17:36:32,3,King Drive,,Sat
13:40:43,3,King Drive,,Sun
21:36:24,3,King Drive,,Mon,Tue,Wed,Thu,Fri
24:07:05,151,Sheridan,,Mon,Tue,Wed,Thu,Fri
08:51:11,151,Sheridan,,Mon,Tue,Wed,Thu,Fri
15:19:43,3,King Drive,,Mon,Tue,Wed,Thu,Fri
13:15:25,151,Sheridan,,Sun
07:16:11,147,Outer DuSable Lake Shore Express,,Sun
16:27:32,147,Outer DuSable Lake Shore Express,,Mon,Tue,Wed,Thu,Fri
07:54:11,151,Sheridan,,Sun
16:47:10,147,Outer DuSable Lake Shore Express,,Sat
16:55:40,147,Outer DuSable Lake Shore Express,,Sat
07:22:48,147,Outer DuSable Lake Shore Express,,Mon,Tue,Wed,Thu,Fri
19:26:45,26,South Shore Express,,Mon,Tue,Wed,Thu,Fri
19:38:48,3,King Drive,,Sun
23:15:26,147,Outer DuSable Lake Shore Express,,Sat
07:19:35,148,Clarendon/Michigan Express,,Mon,Tue,Wed,Thu,Fri
19:54:25,147,Outer DuSable Lake Shore Express,,Sat
06:43:27,151,Sheridan,,Sun
13:12:51,157,Streeterville/Taylor,,Mon,Tue,Wed,Thu,Fri
16:33:43,3,King Drive,,Sun
18:11:12,146,Inner Lake Shore/Michigan Express,,Mon,Tue,Wed,Thu,Fri
12:55:10,151,Sheridan,,Sat
22:27:13,3,King Drive,,Sat
23:37:05,3,King Drive,,Sun
13:40:47,147,Outer DuSable Lake Shore Express,,Sat
14:13:33,147,Outer DuSable Lake Shore Express,,Sun
08:57:03,147,Outer DuSable Lake Shore Express,,Mon,Tue,Wed,Thu,Fri
15:56:43,3,King Drive,,Mon,Tue,Wed,Thu,Fri
11:24:57,146,Inner Lake Shore/Michigan Express,,Sun
06:18:41,147,Outer DuSable Lake Shore Express,,Sun
22:57:05,3,King Drive,,Sun
01:27:59,66,Chicago,,Mon
09:43:31,146,Inner Lake Shore/Michigan Express,,Sun
04:42:12,151,Sheridan,,Mon,Tue,Wed,Thu,Fri
14:31:02,3,King Drive,,Sat
16:07:24,147,Outer DuSable Lake Shore Express,,Sat
10:58:41,147,Outer DuSable Lake Shore Express,,Sat
17:48:11,2,Hyde Park Express,,Mon,Tue,Wed,Thu,Fri
15:24:42,157,Streeterville/Taylor,,Mon,Tue,Wed,Thu,Fri
12:55:55,151,Sheridan,,Sun
09:06:34,151,Sheridan,,Sat
07:26:41,147,Outer DuSable Lake Shore Express,,Sat
17:24:32,3,King Drive,,Mon,Tue,Wed,Thu,Fri
20:15:50,146,Inner Lake Shore/Michigan Express,,Sat
21:36:24,3,King Drive,,Mon,Tue,Wed,Thu,Fri
14:15:55,151,Sheridan,,Sun
18:57:13,3,King Drive,,Mon,Tue,Wed,Thu,Fri
13:29:51,157,Streeterville/Taylor,,Mon,Tue,Wed,Thu,Fri
20:52:24,3,King Drive,,Sun
20:31:39,146,Inner Lake Shore/Michigan Express,,Sun
22:11:09,146,Inner Lake Shore/Michigan Express,,Sun
17:17:43,3,King Drive,,Sun
21:17:11,147,Outer DuSable Lake Shore Express,,Sun
10:53:20,146,Inner Lake Shore/Michigan Express,,Mon,Tue,Wed,Thu,Fri
11:02:20,146,Inner Lake Shore/Michigan Express,,Sat
07:32:11,151,Sheridan,,Sat
16:06:40,151,Sheridan,,Mon,Tue,Wed,Thu,Fri
07:33:18,147,Outer DuSable Lake Shore Express,,Mon,Tue,Wed,Thu,Fri
12:24:24,3,King Drive,,Sun
15:35:54,151,Sheridan,,Sat
10:10:25,147,Outer DuSable Lake Shore Express,,Mon,Tue,Wed,Thu,Fri
09:26:21,157,Streeterville/Taylor,,Mon,Tue,Wed,Thu,Fri
13:56:17,151,Sheridan,,Mon,Tue,Wed,Thu,Fri
12:31:11,147,Outer DuSable Lake Shore Express,,Sat
09:21:05,146,Inner Lake Shore/Michigan Express,,Sun
18:55:54,151,Sheridan,,Sat
11:55:11,151,Sheridan,,Sun
11:06:57,146,Inner Lake Shore/Michigan Express,,Sun
05:43:05,151,Sheridan,,Sun
10:32:11,147,Outer DuSable Lake Shore Express,,Sat
08:00:24,3,King Drive,,Mon,Tue,Wed,Thu,Fri
18:43:41,26,South Shore Express,,Mon,Tue,Wed,Thu,Fri
16:26:51,2,Hyde Park Express,,Mon,Tue,Wed,Thu,Fri
08:47:20,148,Clarendon/Michigan Express,,Mon,Tue,Wed,Thu,Fri
15:11:46,146,Inner Lake Shore/Michigan Express,,Sun
17:12:40,147,Outer DuSable Lake Shore Express,,Sat
14:58:02,3,King Drive,,Sat
08:20:04,147,Outer DuSable Lake Shore Express,,Sun
13:51:10,151,Sheridan,,Sat
13:43:47,151,Sheridan,,Mon,Tue,Wed,Thu,Fri
14:55:11,157,Streeterville/Taylor,,Mon,Tue,Wed,Thu,Fri
14:09:12,146,Inner Lake Shore/Michigan Express,,Sat
09:56:01,157,Streeterville/Taylor,,Mon,Tue,Wed,Thu,Fri
13:45:12,146,Inner Lake Shore/Michigan Express,,Sat
21:24:29,3,King Drive,,Sun
23:11:05,146,Inner Lake Shore/Michigan Express,,Sat
12:36:54,3,King Drive,,Sun
09:48:46,146,Inner Lake Shore/Michigan Express,,Mon,Tue,Wed,Thu,Fri
16:22:46,146,Inner Lake Shore/Michigan Express,,Sun
08:31:04,147,Outer DuSable Lake Shore Express,,Sun
08:10:24,3,King Drive,,Mon,Tue,Wed,Thu,Fri
16:40:46,146,Inner Lake Shore/Michigan Express,,Sun
13:27:48,3,King Drive,,Sun
10:06:33,151,Sheridan,,Mon,Tue,Wed,Thu,Fri
08:07:33,147,Outer DuSable Lake Shore Express,,Mon,Tue,Wed,Thu,Fri
15:13:17,147,Outer DuSable Lake Shore Express,,Mon,Tue,Wed,Thu,Fri
15:06:17,151,Sheridan,,Sun
21:50:18,151,Sheridan,,Mon,Tue,Wed,Thu,Fri
10:13:18,151,Sheridan,,Sat
15:39:30,146,Inner Lake Shore/Michigan Express,,Sat
18:54:25,151,Sheridan,,Sun
05:22:20,151,Sheridan,,Sun
15:40:36,2,Hyde Park Express,,Mon,Tue,Wed,Thu,Fri
07:32:09,146,Inner Lake Shore/Michigan Express,,Sat
13:36:42,146,Inner Lake Shore/Michigan Express,,Sat
05:10:20,151,Sheridan,,Sat
07:08:56,147,Outer DuSable Lake Shore Express,,Mon,Tue,Wed,Thu,Fri
02:57:18,66,Chicago,,Mon
14:31:02,3,King Drive,,Sat
20:18:07,3,King Drive,,Sat
06:24:47,148,Clarendon/Michigan Express,,Mon,Tue,Wed,Thu,Fri
20:15:50,146,Inner Lake Shore/Michigan Express,,Sat
13:01:54,3,King Drive,,Sun
15:38:10,147,Outer DuSable Lake Shore Express,,Mon,Tue,Wed,Thu,Fri
16:07:24,147,Outer DuSable Lake Shore Express,,Sat
21:13:25,151,Sheridan,,Sat
15:58:02,3,King Drive,,Sat
19:18:56,147,Outer DuSable Lake Shore Express,,Sun
08:31:11,151,Sheridan,,Mon,Tue,Wed,Thu,Fri
12:06:55,151,Sheridan,,Mon,Tue,Wed,Thu,Fri
15:43:54,151,Sheridan,,Sat
15:47:40,151,Sheridan,,Mon,Tue,Wed,Thu,Fri
16:26:17,151,Sheridan,,Sun
20:18:48,3,King Drive,,Mon,Tue,Wed,Thu,Fri
16:22:43,3,King Drive,,Sun
23:27:18,151,Sheridan,,Sat
08:55:20,148,Clarendon/Michigan Express,,Mon,Tue,Wed,Thu,Fri
15:16:36,26,South Shore Express,,Mon,Tue,Wed,Thu,Fri
09:44:01,148,Clarendon/Michigan Express,,Mon,Tue,Wed,Thu,Fri
15:29:46,146,Inner Lake Shore/Michigan Express,,Sun
22:38:11,147,Outer DuSable Lake Shore Express,,Sun
15:38:12,157,Streeterville/Taylor,,Mon,Tue,Wed,Thu,Fri
07:17:31,146,Inner Lake Shore/Michigan Express,,Mon,Tue,Wed,Thu,Fri
06:26:13,148,Clarendon/Michigan Express,,Mon,Tue,Wed,Thu,Fri
14:13:02,3,King Drive,,Sat
18:10:30,146,Inner Lake Shore/Michigan Express,,Sat
11:19:20,146,Inner Lake Shore/Michigan Express,,Mon,Tue,Wed,Thu,Fri
07:31:57,146,Inner Lake Shore/Michigan Express,,Mon,Tue,Wed,Thu,Fri
16:12:01,26,South Shore Express,,Mon,Tue,Wed,Thu,Fri
20:20:24,3,King Drive,,Sun
09:26:34,151,Sheridan,,Sat
06:01:40,3,King Drive,,Mon,Tue,Wed,Thu,Fri
09:38:40,3,King Drive,,Sun
17:28:30,146,Inner Lake Shore/Michigan Express,,Sat
12:16:20,146,Inner Lake Shore/Michigan Express,,Sat
21:59:59,3,King Drive,,Sun
19:10:42,146,Inner Lake Shore/Michigan Express,,Mon,Tue,Wed,Thu,Fri
20:49:50,26,South Shore Express,,Mon,Tue,Wed,Thu,Fri
20:22:21,157,Streeterville/Taylor,,Mon,Tue,Wed,Thu,Fri
06:42:26,147,Outer DuSable Lake Shore Express,,Mon,Tue,Wed,Thu,Fri
09:48:03,147,Outer DuSable Lake Shore Express,,Mon,Tue,Wed,Thu,Fri
18:55:33,147,Outer DuSable Lake Shore Express,,Mon,Tue,Wed,Thu,Fri
20:42:13,3,King Drive,,Sat
24:22:19,151,Sheridan,,Sun
14:09:12,146,Inner Lake Shore/Michigan Express,,Sat
09:56:56,151,Sheridan,,Sat
14:07:17,147,Outer DuSable Lake Shore Express,,Sat
09:29:05,148,Clarendon/Michigan Express,,Mon,Tue,Wed,Thu,Fri
13:11:10,151,Sheridan,,Sat
08:47:41,2,Hyde Park Express,,Mon,Tue,Wed,Thu,Fri
17:03:57,26,South Shore Express,,Mon,Tue,Wed,Thu,Fri
17:56:16,151,Sheridan,,Sat
17:36:57,26,South Shore Express,,Mon,Tue,Wed,Thu,Fri
11:48:55,147,Outer DuSable Lake Shore Express,,Mon,Tue,Wed,Thu,Fri
11:34:20,146,Inner Lake Shore/Michigan Express,,Sat
11:44:24,146,Inner Lake Shore/Michigan Express,,Sun
12:51:38,146,Inner Lake Shore/Michigan Express,,Mon,Tue,Wed,Thu,Fri
17:37:00,146,Inner Lake Shore/Michigan Express,,Sat
15:36:17,151,Sheridan,,Sun
08:02:33,147,Outer DuSable Lake Shore Express,,Mon,Tue,Wed,Thu,Fri
15:11:10,151,Sheridan,,Sat
14:49:40,147,Outer DuSable Lake Shore Express,,Sat
17:26:51,2,Hyde Park Express,,Mon,Tue,Wed,Thu,Fri
08:25:11,2,Hyde Park Express,,Mon,Tue,Wed,Thu,Fri
07:48:11,157,Streeterville/Taylor,,Mon,Tue,Wed,Thu,Fri
17:41:22,157,Streeterville/Taylor,,Mon,Tue,Wed,Thu,Fri
18:55:33,147,Outer DuSable Lake Shore Express,,Mon,Tue,Wed,Thu,Fri
17:06:32,147,Outer DuSable Lake Shore Express,,Mon,Tue,Wed,Thu,Fri
14:35:33,147,Outer DuSable Lake Shore Express,,Sun
11:09:41,151,Sheridan,,Sat
15:00:02,147,Outer DuSable Lake Shore Express,,Sat
16:07:25,147,Outer DuSable Lake Shore Express,,Sun
13:04:42,146,Inner Lake Shore/Michigan Express,,Sat
09:39:54,3,King Drive,,Mon,Tue,Wed,Thu,Fri
22:33:24,3,King Drive,,Mon,Tue,Wed,Thu,Fri
00:22:29,3,King Drive,,Sun
16:38:33,147,Outer DuSable Lake Shore Express,,Sun
09:00:34,151,Sheridan,,Sun
18:56:12,146,Inner Lake Shore/Michigan Express,,Mon,Tue,Wed,Thu,Fri
18:46:10,147,Outer DuSable Lake Shore Express,,Sat
10:54:48,151,Sheridan,,Sun
14:33:47,151,Sheridan,,Mon,Tue,Wed,Thu,Fri
09:14:41,2,Hyde Park Express,,Mon,Tue,Wed,Thu,Fri
06:01:43,146,Inner Lake Shore/Michigan Express,,Mon,Tue,Wed,Thu,Fri
16:41:34,2,Hyde Park Express,,Mon,Tue,Wed,Thu,Fri
20:06:07,3,King Drive,,Sat
06:23:41,151,Sheridan,,Mon,Tue,Wed,Thu,Fri
19:35:54,151,Sheridan,,Sat
08:51:33,147,Outer DuSable Lake Shore Express,,Mon,Tue,Wed,Thu,Fri
00:17:05,3,King Drive,,Mon
14:12:38,146,Inner Lake Shore/Michigan Express,,Mon,Tue,Wed,Thu,Fri
09:04:15,2,Hyde Park Express,,Mon,Tue,Wed,Thu,Fri