arrival_time,route_short_name,route_long_name,headsign,service_days
23:39:30,151,Sheridan,,Sun
18:26:44,146,Inner Lake Shore/Michigan Express,,Sun
14:37:14,146,Inner Lake Shore/Michigan Express,,Mon,Tue,Wed,Thu,Fri
08:00:38,3,King Drive,,Sat
11:36:14,151,Sheridan,,Sun
13:49:26,151,Sheridan,,Mon,Tue,Wed,Thu,Fri
22:14:38,3,King Drive,,Sun
13:13:26,151,Sheridan,,Mon,Tue,Wed,Thu,Fri
06:35:20,3,King Drive,,Sat
21:48:13,3,King Drive,,Sat
15:10:58,147,Outer DuSable Lake Shore Express,,Sat
21:24:38,147,Outer DuSable Lake Shore Express,,Sat
13:16:21,26,South Shore Express,,Mon,Tue,Wed,Thu,Fri
10:17:30,151,Sheridan,,Sat
07:23:52,147,Outer DuSable Lake Shore Express,,Mon,Tue,Wed,Thu,Fri
23:39:12,151,Sheridan,,Sat
06:06:35,147,Outer DuSable Lake Shore Express,,Mon,Tue,Wed,Thu,Fri
06:45:38,3,King Drive,,Mon,Tue,Wed,Thu,Fri
09:20:22,147,Outer DuSable Lake Shore Express,,Mon,Tue,Wed,Thu,Fri
21:13:00,146,Inner Lake Shore/Michigan Express,,Sat
12:44:09,147,Outer DuSable Lake Shore Express,,Sat
18:29:56,147,Outer DuSable Lake Shore Express,,Mon,Tue,Wed,Thu,Fri
20:00:31,3,King Drive,,Mon,Tue,Wed,Thu,Fri
10:48:28,151,Sheridan,,Mon,Tue,Wed,Thu,Fri
19:15:57,146,Inner Lake Shore/Michigan Express,,Sun
12:11:01,3,King Drive,,Sat
10:40:22,147,Outer DuSable Lake Shore Express,,Mon,Tue,Wed,Thu,Fri
11:55:38,147,Outer DuSable Lake Shore Express,,Sat
20:58:53,147,Outer DuSable Lake Shore Express,,Mon,Tue,Wed,Thu,Fri
17:42:48,146,Inner Lake Shore/Michigan Express,,Sat
14:04:01,3,King Drive,,Mon,Tue,Wed,Thu,Fri
23:25:37,147,Outer DuSable Lake Shore Express,,Mon,Tue,Wed,Thu,Fri
17:26:25,147,Outer DuSable Lake Shore Express,,Sun
19:40:24,147,Outer DuSable Lake Shore Express,,Mon,Tue,Wed,Thu,Fri
18:52:00,125,Water Tower Express,,Mon,Tue,Wed,Thu,Fri
18:54:12,151,Sheridan,,Sun
09:35:27,146,Inner Lake Shore/Michigan Express,,Mon,Tue,Wed,Thu,Fri
09:35:27,146,Inner Lake Shore/Michigan Express,,Mon,Tue,Wed,Thu,Fri
09:43:00,125,Water Tower Express,,Mon,Tue,Wed,Thu,Fri
19:14:40,147,Outer DuSable Lake Shore Express,,Sat
23:30:14,151,Sheridan,,Mon,Tue,Wed,Thu,Fri
22:08:27,146,Inner Lake Shore/Michigan Express,,Sun
07:58:51,147,Outer DuSable Lake Shore Express,,Sun
13:43:14,146,Inner Lake Shore/Michigan Express,,Sun
09:34:44,151,Sheridan,,Mon,Tue,Wed,Thu,Fri
15:03:26,151,Sheridan,,Sun
08:13:33,151,Sheridan,,Sun
17:56:25,147,Outer DuSable Lake Shore Express,,Sun
14:46:14,146,Inner Lake Shore/Michigan Express,,Sun
20:22:40,151,Sheridan,,Sat
09:49:25,3,King Drive,,Sun
15:54:09,147,Outer DuSable Lake Shore Express,,Sun
11:33:43,3,King Drive,,Sun
15:16:47,148,Clarendon/Michigan Express,,Mon,Tue,Wed,Thu,Fri
18:24:06,3,King Drive,,Sat
13:13:01,3,King Drive,,Sun
16:37:25,147,Outer DuSable Lake Shore Express,,Sun
22:22:00,151,Sheridan,,Sun
19:02:23,3,King Drive,,Mon,Tue,Wed,Thu,Fri
20:47:44,151,Sheridan,,Sun
17:16:45,143,Stockton/Michigan Express,,Mon,Tue,Wed,Thu,Fri
16:32:47,148,Clarendon/Michigan Express,,Mon,Tue,Wed,Thu,Fri
11:13:58,146,Inner Lake Shore/Michigan Express,,Mon,Tue,Wed,Thu,Fri
10:15:30,26,South Shore Express,,Mon,Tue,Wed,Thu,Fri
18:04:03,148,Clarendon/Michigan Express,,Mon,Tue,Wed,Thu,Fri
12:37:26,151,Sheridan,,Mon,Tue,Wed,Thu,Fri
18:01:57,147,Outer DuSable Lake Shore Express,,Mon,Tue,Wed,Thu,Fri
09:52:55,3,King Drive,,Sat
01:14:19,151,Sheridan,,Sun
11:30:12,151,Sheridan,,Sat
21:21:31,3,King Drive,,Sat
08:40:08,3,King Drive,,Sun
16:58:48,3,King Drive,,Sun
23:28:13,3,King Drive,,Sat
14:52:03,151,Sheridan,,Sat
17:34:06,151,Sheridan,,Mon,Tue,Wed,Thu,Fri
19:53:27,146,Inner Lake Shore/Michigan Express,,Sun
14:49:10,151,Sheridan,,Mon,Tue,Wed,Thu,Fri
23:15:14,151,Sheridan,,Mon,Tue,Wed,Thu,Fri
06:13:49,151,Sheridan,,Mon,Tue,Wed,Thu,Fri
15:04:17,146,Inner Lake Shore/Michigan Express,,Sat
21:52:27,146,Inner Lake Shore/Michigan Express,,Sun
13:52:17,146,Inner Lake Shore/Michigan Express,,Sat
17:53:48,3,King Drive,,Sun
09:49:05,147,Outer DuSable Lake Shore Express,,Sun
15:10:39,147,Outer DuSable Lake Shore Express,,Sun
15:45:58,3,King Drive,,Sat
12:00:13,3,King Drive,,Mon,Tue,Wed,Thu,Fri
16:29:33,151,Sheridan,,Sat
06:45:38,3,King Drive,,Mon,Tue,Wed,Thu,Fri
16:26:55,147,Outer DuSable Lake Shore Express,,Sun
12:22:13,3,King Drive,,Mon,Tue,Wed,Thu,Fri
14:19:06,3,King Drive,,Sat
15:19:48,3,King Drive,,Sun
09:18:10,146,Inner Lake Shore/Michigan Express,,Sun
19:02:23,3,King Drive,,Mon,Tue,Wed,Thu,Fri
15:54:38,151,Sheridan,,Mon,Tue,Wed,Thu,Fri
18:29:08,151,Sheridan,,Sat
17:18:42,147,Outer DuSable Lake Shore Express,,Sat
14:17:56,147,Outer DuSable Lake Shore Express,,Sat
16:32:40,147,Outer DuSable Lake Shore Express,,Mon,Tue,Wed,Thu,Fri
13:53:39,147,Outer DuSable Lake Shore Express,,Mon,Tue,Wed,Thu,Fri
22:59:25,146,Inner Lake Shore/Michigan Express,,Sun
09:28:36,147,Outer DuSable Lake Shore Express,,Sat
18:16:25,147,Outer DuSable Lake Shore Express,,Sun
08:53:43,3,King Drive,,Mon,Tue,Wed,Thu,Fri
12:51:14,146,Inner Lake Shore/Michigan Express,,Sat
16:27:17,146,Inner Lake Shore/Michigan Express,,Mon,Tue,Wed,Thu,Fri
17:29:20,146,Inner Lake Shore/Michigan Express,,Mon,Tue,Wed,Thu,Fri
17:13:26,151,Sheridan,,Sun
12:20:40,151,Sheridan,,Sat
15:38:34,146,Inner Lake Shore/Michigan Express,,Sat
12:04:53,147,Outer DuSable Lake Shore Express,,Mon,Tue,Wed,Thu,Fri
14:44:01,3,King Drive,,Sun
17:38:00,125,Water Tower Express,,Mon,Tue,Wed,Thu,Fri
11:11:13,3,King Drive,,Sat
09:40:00,26,South Shore Express,,Mon,Tue,Wed,Thu,Fri
07:23:52,147,Outer DuSable Lake Shore Express,,Mon,Tue,Wed,Thu,Fri
13:41:07,147,Outer DuSable Lake Shore Express,,Sun
12:27:44,151,Sheridan,,Sun
21:48:13,3,King Drive,,Sat
19:31:09,147,Outer DuSable Lake Shore Express,,Mon,Tue,Wed,Thu,Fri
20:59:58,151,Sheridan,,Mon,Tue,Wed,Thu,Fri
17:50:34,146,Inner Lake Shore/Michigan Express,,Sat
14:09:10,147,Outer DuSable Lake Shore Express,,Sat
16:43:03,146,Inner Lake Shore/Michigan Express,,Mon,Tue,Wed,Thu,Fri
16:44:22,151,Sheridan,,Mon,Tue,Wed,Thu,Fri
16:08:53,3,King Drive,,Mon,Tue,Wed,Thu,Fri
17:57:28,3,King Drive,,Sat
21:09:25,3,King Drive,,Mon,Tue,Wed,Thu,Fri
13:23:10,147,Outer DuSable Lake Shore Express,,Sat
22:33:13,3,King Drive,,Sat
19:48:53,147,Outer DuSable Lake Shore Express,,Sun
06:00:20,3,King Drive,,Mon,Tue,Wed,Thu,Fri
20:00:31,3,King Drive,,Mon,Tue,Wed,Thu,Fri
09:15:38,3,King Drive,,Sat
14:39:37,26,South Shore Express,,Mon,Tue,Wed,Thu,Fri
23:01:00,151,Sheridan,,Sun
01:21:19,151,Sheridan,,Tue,Wed,Thu,Fri,Sat
12:37:26,151,Sheridan,,Mon,Tue,Wed,Thu,Fri
21:09:23,147,Outer DuSable Lake Shore Express,,Sun
20:05:24,147,Outer DuSable Lake Shore Express,,Mon,Tue,Wed,Thu,Fri
20:29:42,151,Sheridan,,Mon,Tue,Wed,Thu,Fri
17:24:42,147,Outer DuSable Lake Shore Express,,Sat
23:05:22,147,Outer DuSable Lake Shore Express,,Sun
15:18:01,146,Inner Lake Shore/Michigan Express,,Mon,Tue,Wed,Thu,Fri
11:11:28,151,Sheridan,,Mon,Tue,Wed,Thu,Fri
21:52:27,146,Inner Lake Shore/Michigan Express,,Sun
16:24:22,151,Sheridan,,Mon,Tue,Wed,Thu,Fri
13:09:01,3,King Drive,,Mon,Tue,Wed,Thu,Fri
06:56:20,3,King Drive,,Sun
15:22:34,146,Inner Lake Shore/Michigan Express,,Sat
09:07:00,26,South Shore Express,,Mon,Tue,Wed,Thu,Fri
20:02:23,147,Outer DuSable Lake Shore Express,,Sun
17:19:20,146,Inner Lake Shore/Michigan Express,,Mon,Tue,Wed,Thu,Fri
11:49:13,3,King Drive,,Mon,Tue,Wed,Thu,Fri
23:44:43,146,Inner Lake Shore/Michigan Express,,Sat
14:06:14,146,Inner Lake Shore/Michigan Express,,Mon,Tue,Wed,Thu,Fri
15:08:03,151,Sheridan,,Sat
15:52:48,3,King Drive,,Sun
09:46:57,146,Inner Lake Shore/Michigan Express,,Mon,Tue,Wed,Thu,Fri
19:27:45,146,Inner Lake Shore/Michigan Express,,Mon,Tue,Wed,Thu,Fri
09:03:38,3,King Drive,,Sat
21:44:38,147,Outer DuSable Lake Shore Express,,Sat
17:18:00,125,Water Tower Express,,Mon,Tue,Wed,Thu,Fri
21:27:28,146,Inner Lake Shore/Michigan Express,,Mon,Tue,Wed,Thu,Fri
23:54:28,151,Sheridan,,Sat
17:10:34,146,Inner Lake Shore/Michigan Express,,Mon,Tue,Wed,Thu,Fri
23:30:14,151,Sheridan,,Mon,Tue,Wed,Thu,Fri
13:33:56,147,Outer DuSable Lake Shore Express,,Sat
05:17:20,3,King Drive,,Sat
18:33:12,147,Outer DuSable Lake Shore Express,,Sat
18:04:23,3,King Drive,,Sat
10:00:22,147,Outer DuSable Lake Shore Express,,Mon,Tue,Wed,Thu,Fri
13:25:26,151,Sheridan,,Mon,Tue,Wed,Thu,Fri
23:00:14,151,Sheridan,,Mon,Tue,Wed,Thu,Fri
13:28:01,146,Inner Lake Shore/Michigan Express,,Sat
10:00:22,147,Outer DuSable Lake Shore Express,,Mon,Tue,Wed,Thu,Fri
11:13:58,146,Inner Lake Shore/Michigan Express,,Mon,Tue,Wed,Thu,Fri
12:58:58,151,Sheridan,,Sun
14:16:14,146,Inner Lake Shore/Michigan Express,,Mon,Tue,Wed,Thu,Fri
10:39:27,146,Inner Lake Shore/Michigan Express,,Sun
13:20:01,3,King Drive,,Mon,Tue,Wed,Thu,Fri
08:23:21,147,Outer DuSable Lake Shore Express,,Sat
22:48:13,3,King Drive,,Sat
05:37:20,3,King Drive,,Sat
17:56:25,147,Outer DuSable Lake Shore Express,,Sun
23:16:38,3,King Drive,,Mon,Tue,Wed,Thu,Fri
22:03:13,3,King Drive,,Sat
17:51:27,147,Outer DuSable Lake Shore Express,,Sat
10:51:38,147,Outer DuSable Lake Shore Express,,Sat
05:37:34,26,South Shore Express,,Mon,Tue,Wed,Thu,Fri
09:15:05,147,Outer DuSable Lake Shore Express,,Sun
10:17:55,146,Inner Lake Shore/Michigan Express,,Sun
14:15:01,3,King Drive,,Mon,Tue,Wed,Thu,Fri
10:00:36,147,Outer DuSable Lake Shore Express,,Sat
18:22:04,146,Inner Lake Shore/Michigan Express,,Sat
16:42:40,147,Outer DuSable Lake Shore Express,,Mon,Tue,Wed,Thu,Fri
08:39:10,146,Inner Lake Shore/Michigan Express,,Sun
20:59:25,3,King Drive,,Mon,Tue,Wed,Thu,Fri
11:53:57,146,Inner Lake Shore/Michigan Express,,Sun
15:03:25,147,Outer DuSable Lake Shore Express,,Mon,Tue,Wed,Thu,Fri
21:16:08,3,King Drive,,Sun
19:26:43,3,King Drive,,Sun
17:23:50,146,Inner Lake Shore/Michigan Express,,Mon,Tue,Wed,Thu,Fri
19:24:31,3,King Drive,,Mon,Tue,Wed,Thu,Fri
15:25:10,151,Sheridan,,Mon,Tue,Wed,Thu,Fri
21:24:38,147,Outer DuSable Lake Shore Express,,Sat
13:08:07,147,Outer DuSable Lake Shore Express,,Sun
06:24:49,151,Sheridan,,Sat
17:04:42,147,Outer DuSable Lake Shore Express,,Sat
07:51:52,147,Outer DuSable Lake Shore Express,,Mon,Tue,Wed,Thu,Fri
20:12:25,147,Outer DuSable Lake Shore Express,,Sat
22:05:52,147,Outer DuSable Lake Shore Express,,Sun
11:11:28,151,Sheridan,,Mon,Tue,Wed,Thu,Fri
19:40:18,3,King Drive,,Sat
22:18:13,3,King Drive,,Sat
21:30:14,151,Sheridan,,Mon,Tue,Wed,Thu,Fri
12:46:30,146,Inner Lake Shore/Michigan Express,,Mon,Tue,Wed,Thu,Fri
07:18:19,151,Sheridan,,Sun
16:45:33,151,Sheridan,,Sat
12:24:57,146,Inner Lake Shore/Michigan Express,,Sun
17:16:58,3,King Drive,,Mon,Tue,Wed,Thu,Fri
07:17:46,151,Sheridan,,Mon,Tue,Wed,Thu,Fri
08:37:33,151,Sheridan,,Sat
10:31:13,3,King Drive,,Sat
19:59:26,151,Sheridan,,Mon,Tue,Wed,Thu,Fri
18:49:41,147,Outer DuSable Lake Shore Express,,Sat
17:43:26,151,Sheridan,,Sun
05:25:20,3,King Drive,,Mon,Tue,Wed,Thu,Fri
17:27:58,3,King Drive,,Mon,Tue,Wed,Thu,Fri
16:03:58,3,King Drive,,Sat
08:58:33,151,Sheridan,,Sun
19:14:15,146,Inner Lake Shore/Michigan Express,,Sat
22:54:38,3,King Drive,,Sun
14:00:40,147,Outer DuSable Lake Shore Express,,Sat
16:54:20,146,Inner Lake Shore/Michigan Express,,Sat
10:42:13,146,Inner Lake Shore/Michigan Express,,Mon,Tue,Wed,Thu,Fri
17:54:06,151,Sheridan,,Mon,Tue,Wed,Thu,Fri
18:46:25,147,Outer DuSable Lake Shore Express,,Sun
12:06:44,151,Sheridan,,Sun
14:44:19,151,Sheridan,,Sat
19:23:26,151,Sheridan,,Mon,Tue,Wed,Thu,Fri
19:07:43,146,Inner Lake Shore/Michigan Express,,Sun
18:33:58,3,King Drive,,Mon,Tue,Wed,Thu,Fri
19:50:12,151,Sheridan,,Sun
15:25:25,147,Outer DuSable Lake Shore Express,,Mon,Tue,Wed,Thu,Fri
15:30:48,3,King Drive,,Sun
19:12:43,3,King Drive,,Sun
19:26:23,147,Outer DuSable Lake Shore Express,,Sun
20:18:31,3,King Drive,,Mon,Tue,Wed,Thu,Fri
17:05:58,3,King Drive,,Mon,Tue,Wed,Thu,Fri
15:14:25,147,Outer DuSable Lake Shore Express,,Mon,Tue,Wed,Thu,Fri
11:15:14,151,Sheridan,,Sun
15:51:00,125,Water Tower Express,,Mon,Tue,Wed,Thu,Fri
11:30:12,151,Sheridan,,Sat
07:34:54,146,Inner Lake Shore/Michigan Express,,Sun
18:56:09,147,Outer DuSable Lake Shore Express,,Sun
18:42:58,146,Inner Lake Shore/Michigan Express,,Sun
16:21:58,3,King Drive,,Sat
08:58:30,125,Water Tower Express,,Mon,Tue,Wed,Thu,Fri
16:48:26,147,Outer DuSable Lake Shore Express,,Mon,Tue,Wed,Thu,Fri
16:11:30,125,Water Tower Express,,Mon,Tue,Wed,Thu,Fri
18:36:11,143,Stockton/Michigan Express,,Mon,Tue,Wed,Thu,Fri
19:00:13,146,Inner Lake Shore/Michigan Express,,Sun
08:43:33,151,Sheridan,,Sun
13:31:01,3,King Drive,,Mon,Tue,Wed,Thu,Fri
09:15:38,3,King Drive,,Sat
10:07:30,151,Sheridan,,Sat
13:37:26,151,Sheridan,,Mon,Tue,Wed,Thu,Fri
16:47:48,3,King Drive,,Sun
19:22:40,147,Outer DuSable Lake Shore Express,,Sat
15:48:03,151,Sheridan,,Sat
11:25:44,151,Sheridan,,Sun
24:09:44,151,Sheridan,,Sat
19:15:31,3,King Drive,,Mon,Tue,Wed,Thu,Fri
12:20:01,3,King Drive,,Sat
18:33:26,151,Sheridan,,Sun
11:16:13,3,King Drive,,Mon,Tue,Wed,Thu,Fri
09:19:00,26,South Shore Express,,Mon,Tue,Wed,Thu,Fri
17:38:00,146,Inner Lake Shore/Michigan Express,,Sun
18:15:48,3,King Drive,,Sun
11:27:13,3,King Drive,,Mon,Tue,Wed,Thu,Fri
13:06:18,3,King Drive,,Sat
21:00:14,146,Inner Lake Shore/Michigan Express,,Mon,Tue,Wed,Thu,Fri
06:31:10,146,Inner Lake Shore/Michigan Express,,Mon,Tue,Wed,Thu,Fri
13:34:14,146,Inner Lake Shore/Michigan Express,,Sun
15:36:28,147,Outer DuSable Lake Shore Express,,Sat
16:01:58,147,Outer DuSable Lake Shore Express,,Sat
14:16:17,146,Inner Lake Shore/Michigan Express,,Sat
20:03:55,147,Outer DuSable Lake Shore Express,,Sat
15:00:58,3,King Drive,,Sat
18:46:54,151,Sheridan,,Mon,Tue,Wed,Thu,Fri
10:23:13,3,King Drive,,Mon,Tue,Wed,Thu,Fri
17:40:03,151,Sheridan,,Sat
16:30:58,3,King Drive,,Sat
10:51:38,147,Outer DuSable Lake Shore Express,,Sat
10:48:28,151,Sheridan,,Mon,Tue,Wed,Thu,Fri
20:04:18,3,King Drive,,Sat
16:50:28,147,Outer DuSable Lake Shore Express,,Sat
12:49:26,151,Sheridan,,Mon,Tue,Wed,Thu,Fri
08:05:25,3,King Drive,,Mon,Tue,Wed,Thu,Fri
19:31:09,147,Outer DuSable Lake Shore Express,,Mon,Tue,Wed,Thu,Fri
18:03:30,146,Inner Lake Shore/Michigan Express,,Sun
15:25:10,151,Sheridan,,Mon,Tue,Wed,Thu,Fri
15:03:26,151,Sheridan,,Sun
07:47:08,3,King Drive,,Mon,Tue,Wed,Thu,Fri
17:37:58,147,Outer DuSable Lake Shore Express,,Sat
06:23:20,147,Outer DuSable Lake Shore Express,,Mon,Tue,Wed,Thu,Fri
21:44:38,147,Outer DuSable Lake Shore Express,,Sat
19:38:55,147,Outer DuSable Lake Shore Express,,Sat
16:28:04,146,Inner Lake Shore/Michigan Express,,Sat
10:19:57,146,Inner Lake Shore/Michigan Express,,Mon,Tue,Wed,Thu,Fri
08:21:30,26,South Shore Express,,Mon,Tue,Wed,Thu,Fri
17:23:50,146,Inner Lake Shore/Michigan Express,,Mon,Tue,Wed,Thu,Fri
20:59:58,151,Sheridan,,Mon,Tue,Wed,Thu,Fri
23:58:30,151,Sheridan,,Sun
10:59:30,26,South Shore Express,,Mon,Tue,Wed,Thu,Fri
17:03:30,146,Inner Lake Shore/Michigan Express,,Sun
06:09:50,3,King Drive,,Mon,Tue,Wed,Thu,Fri
19:23:54,151,Sheridan,,Sat
21:54:38,3,King Drive,,Sun
07:12:38,146,Inner Lake Shore/Michigan Express,,Sun
14:28:14,146,Inner Lake Shore/Michigan Express,,Sun
19:47:24,147,Outer DuSable Lake Shore Express,,Mon,Tue,Wed,Thu,Fri
23:37:10,146,Inner Lake Shore/Michigan Express,,Sun
12:38:14,151,Sheridan,,Sun
17:06:58,3,King Drive,,Sat
17:08:21,148,Clarendon/Michigan Express,,Mon,Tue,Wed,Thu,Fri
15:47:04,146,Inner Lake Shore/Michigan Express,,Sat
10:07:30,151,Sheridan,,Sat
12:29:30,26,South Shore Express,,Mon,Tue,Wed,Thu,Fri
13:01:26,151,Sheridan,,Mon,Tue,Wed,Thu,Fri
23:45:37,147,Outer DuSable Lake Shore Express,,Mon,Tue,Wed,Thu,Fri
14:26:39,147,Outer DuSable Lake Shore Express,,Sun
15:53:28,147,Outer DuSable Lake Shore Express,,Sat
13:02:27,146,Inner Lake Shore/Michigan Express,,Sun
15:44:54,151,Sheridan,,Mon,Tue,Wed,Thu,Fri
20:52:43,3,King Drive,,Mon,Tue,Wed,Thu,Fri
09:03:38,3,King Drive,,Sat
07:47:30,26,South Shore Express,,Mon,Tue,Wed,Thu,Fri
23:11:20,3,King Drive,,Sun
11:27:22,147,Outer DuSable Lake Shore Express,,Sun
18:11:00,146,Inner Lake Shore/Michigan Express,,Sun
16:19:17,146,Inner Lake Shore/Michigan Express,,Mon,Tue,Wed,Thu,Fri
08:39:21,147,Outer DuSable Lake Shore Express,,Sat
20:27:31,3,King Drive,,Mon,Tue,Wed,Thu,Fri
10:29:41,146,Inner Lake Shore/Michigan Express,,Sat
21:30:14,151,Sheridan,,Mon,Tue,Wed,Thu,Fri
19:15:31,3,King Drive,,Mon,Tue,Wed,Thu,Fri
14:27:11,147,Outer DuSable Lake Shore Express,,Sat
11:27:13,3,King Drive,,Mon,Tue,Wed,Thu,Fri
12:20:40,151,Sheridan,,Sat
13:36:31,3,King Drive,,Sun
14:17:39,147,Outer DuSable Lake Shore Express,,Mon,Tue,Wed,Thu,Fri
19:52:18,3,King Drive,,Sat
07:09:02,26,South Shore Express,,Mon,Tue,Wed,Thu,Fri
13:52:14,146,Inner Lake Shore/Michigan Express,,Sun
18:07:41,147,Outer DuSable Lake Shore Express,,Sat
22:46:52,147,Outer DuSable Lake Shore Express,,Sun
13:46:14,146,Inner Lake Shore/Michigan Express,,Mon,Tue,Wed,Thu,Fri
09:20:43,3,King Drive,,Mon,Tue,Wed,Thu,Fri
14:35:23,3,King Drive,,Sat
11:23:42,151,Sheridan,,Mon,Tue,Wed,Thu,Fri
14:11:12,151,Sheridan,,Sun
22:54:12,151,Sheridan,,Sat
07:56:40,146,Inner Lake Shore/Michigan Express,,Sun
13:04:08,151,Sheridan,,Sat
14:01:06,3,King Drive,,Sat
11:36:12,151,Sheridan,,Mon,Tue,Wed,Thu,Fri
13:25:26,151,Sheridan,,Mon,Tue,Wed,Thu,Fri
22:40:57,146,Inner Lake Shore/Michigan Express,,Mon,Tue,Wed,Thu,Fri
17:33:26,151,Sheridan,,Sun
16:21:58,3,King Drive,,Mon,Tue,Wed,Thu,Fri
13:30:38,151,Sheridan,,Sat
12:50:54,147,Outer DuSable Lake Shore Express,,Mon,Tue,Wed,Thu,Fri
14:52:28,3,King Drive,,Sat
15:31:00,125,Water Tower Express,,Mon,Tue,Wed,Thu,Fri
08:37:44,151,Sheridan,,Mon,Tue,Wed,Thu,Fri
08:42:22,147,Outer DuSable Lake Shore Express,,Mon,Tue,Wed,Thu,Fri
18:44:10,147,Outer DuSable Lake Shore Express,,Mon,Tue,Wed,Thu,Fri
15:04:14,146,Inner Lake Shore/Michigan Express,,Sun
07:54:00,26,South Shore Express,,Mon,Tue,Wed,Thu,Fri
22:42:41,146,Inner Lake Shore/Michigan Express,,Sun
22:07:07,147,Outer DuSable Lake Shore Express,,Mon,Tue,Wed,Thu,Fri
12:48:28,151,Sheridan,,Sun
17:04:22,151,Sheridan,,Mon,Tue,Wed,Thu,Fri
14:37:10,151,Sheridan,,Mon,Tue,Wed,Thu,Fri
19:47:26,151,Sheridan,,Mon,Tue,Wed,Thu,Fri
11:07:38,147,Outer DuSable Lake Shore Express,,Sat
07:04:33,151,Sheridan,,Mon,Tue,Wed,Thu,Fri
16:12:58,3,King Drive,,Sat
18:16:17,148,Clarendon/Michigan Express,,Mon,Tue,Wed,Thu,Fri
18:58:45,146,Inner Lake Shore/Michigan Express,,Sat
08:18:10,146,Inner Lake Shore/Michigan Express,,Sun
12:56:30,146,Inner Lake Shore/Michigan Express,,Mon,Tue,Wed,Thu,Fri
11:20:41,146,Inner Lake Shore/Michigan Express,,Sat
14:26:44,146,Inner Lake Shore/Michigan Express,,Mon,Tue,Wed,Thu,Fri
12:11:38,147,Outer DuSable Lake Shore Express,,Sat
22:13:00,146,Inner Lake Shore/Michigan Express,,Sat
16:48:58,3,King Drive,,Sat
21:10:27,146,Inner Lake Shore/Michigan Express,,Sun
09:05:43,3,King Drive,,Mon,Tue,Wed,Thu,Fri
18:51:01,146,Inner Lake Shore/Michigan Express,,Sat
14:27:11,147,Outer DuSable Lake Shore Express,,Sat
15:30:48,3,King Drive,,Sun
09:23:57,146,Inner Lake Shore/Michigan Express,,Mon,Tue,Wed,Thu,Fri
22:39:12,151,Sheridan,,Sat
18:20:52,151,Sheridan,,Sat
18:13:26,151,Sheridan,,Sun
10:32:36,147,Outer DuSable Lake Shore Express,,Sat
15:54:26,151,Sheridan,,Sun
21:45:52,147,Outer DuSable Lake Shore Express,,Sun
14:05:39,147,Outer DuSable Lake Shore Express,,Mon,Tue,Wed,Thu,Fri
21:09:18,3,King Drive,,Sat
12:13:26,151,Sheridan,,Mon,Tue,Wed,Thu,Fri
21:43:00,146,Inner Lake Shore/Michigan Express,,Sat
06:28:38,3,King Drive,,Mon,Tue,Wed,Thu,Fri
18:21:36,146,Inner Lake Shore/Michigan Express,,Mon,Tue,Wed,Thu,Fri
15:08:18,3,King Drive,,Sun
22:05:27,146,Inner Lake Shore/Michigan Express,,Mon,Tue,Wed,Thu,Fri
19:05:54,147,Outer DuSable Lake Shore Express,,Sun
13:52:06,3,King Drive,,Sat
21:27:23,147,Outer DuSable Lake Shore Express,,Sun
08:58:40,146,Inner Lake Shore/Michigan Express,,Sun
15:14:25,147,Outer DuSable Lake Shore Express,,Mon,Tue,Wed,Thu,Fri
11:04:28,146,Inner Lake Shore/Michigan Express,,Mon,Tue,Wed,Thu,Fri
17:35:36,146,Inner Lake Shore/Michigan Express,,Mon,Tue,Wed,Thu,Fri
10:52:30,151,Sheridan,,Sun
14:04:01,3,King Drive,,Mon,Tue,Wed,Thu,Fri
16:21:25,147,Outer DuSable Lake Shore Express,,Mon,Tue,Wed,Thu,Fri
07:47:30,26,South Shore Express,,Mon,Tue,Wed,Thu,Fri
14:16:14,146,Inner Lake Shore/Michigan Express,,Mon,Tue,Wed,Thu,Fri
17:39:06,151,Sheridan,,Mon,Tue,Wed,Thu,Fri
16:08:25,147,Outer DuSable Lake Shore Express,,Mon,Tue,Wed,Thu,Fri
20:02:23,147,Outer DuSable Lake Shore Express,,Sun
23:39:12,151,Sheridan,,Sat
20:38:25,147,Outer DuSable Lake Shore Express,,Sat
12:56:01,3,King Drive,,Sat
18:53:54,151,Sheridan,,Sat
11:23:28,146,Inner Lake Shore/Michigan Express,,Mon,Tue,Wed,Thu,Fri
19:08:48,3,King Drive,,Mon,Tue,Wed,Thu,Fri
16:00:47,146,Inner Lake Shore/Michigan Express,,Mon,Tue,Wed,Thu,Fri
14:27:23,3,King Drive,,Sat
11:34:23,147,Outer DuSable Lake Shore Express,,Mon,Tue,Wed,Thu,Fri
06:38:08,3,King Drive,,Mon,Tue,Wed,Thu,Fri
17:50:34,146,Inner Lake Shore/Michigan Express,,Sat
20:41:08,3,King Drive,,Sun
19:35:26,151,Sheridan,,Mon,Tue,Wed,Thu,Fri
12:58:01,3,King Drive,,Mon,Tue,Wed,Thu,Fri
17:46:12,147,Outer DuSable Lake Shore Express,,Mon,Tue,Wed,Thu,Fri
19:11:10,151,Sheridan,,Mon,Tue,Wed,Thu,Fri
06:53:00,125,Water Tower Express,,Mon,Tue,Wed,Thu,Fri
23:24:11,146,Inner Lake Shore/Michigan Express,,Mon,Tue,Wed,Thu,Fri
20:14:26,151,Sheridan,,Mon,Tue,Wed,Thu,Fri
18:36:25,147,Outer DuSable Lake Shore Express,,Sun
16:43:03,146,Inner Lake Shore/Michigan Express,,Mon,Tue,Wed,Thu,Fri
09:28:13,3,King Drive,,Mon,Tue,Wed,Thu,Fri
14:19:06,3,King Drive,,Sat
08:58:30,125,Water Tower Express,,Mon,Tue,Wed,Thu,Fri
20:16:44,151,Sheridan,,Sun
10:00:36,147,Outer DuSable Lake Shore Express,,Sat
10:59:28,151,Sheridan,,Mon,Tue,Wed,Thu,Fri
07:30:38,3,King Drive,,Sat
21:47:53,147,Outer DuSable Lake Shore Express,,Mon,Tue,Wed,Thu,Fri
16:23:56,151,Sheridan,,Sun
09:00:22,147,Outer DuSable Lake Shore Express,,Mon,Tue,Wed,Thu,Fri
16:57:58,3,King Drive,,Sat
07:14:38,3,King Drive,,Sat
19:11:10,151,Sheridan,,Mon,Tue,Wed,Thu,Fri
15:46:47,148,Clarendon/Michigan Express,,Mon,Tue,Wed,Thu,Fri
17:40:03,151,Sheridan,,Sat
09:20:43,3,King Drive,,Mon,Tue,Wed,Thu,Fri
20:43:26,151,Sheridan,,Sat
08:41:43,3,King Drive,,Mon,Tue,Wed,Thu,Fri
19:01:47,146,Inner Lake Shore/Michigan Express,,Mon,Tue,Wed,Thu,Fri
20:29:00,146,Inner Lake Shore/Michigan Express,,Mon,Tue,Wed,Thu,Fri
21:47:53,147,Outer DuSable Lake Shore Express,,Mon,Tue,Wed,Thu,Fri
22:05:52,147,Outer DuSable Lake Shore Express,,Sun
15:54:38,151,Sheridan,,Mon,Tue,Wed,Thu,Fri
08:08:16,151,Sheridan,,Sat
13:56:14,146,Inner Lake Shore/Michigan Express,,Mon,Tue,Wed,Thu,Fri
06:34:18,26,South Shore Express,,Mon,Tue,Wed,Thu,Fri
15:27:58,3,King Drive,,Sat
18:13:26,151,Sheridan,,Sun
08:21:43,3,King Drive,,Mon,Tue,Wed,Thu,Fri
17:03:04,146,Inner Lake Shore/Michigan Express,,Sat
10:33:13,3,King Drive,,Mon,Tue,Wed,Thu,Fri
15:27:58,147,Outer DuSable Lake Shore Express,,Sat
17:42:48,3,King Drive,,Sun
14:03:38,147,Outer DuSable Lake Shore Express,,Sun
14:04:22,151,Sheridan,,Sat
15:33:55,147,Outer DuSable Lake Shore Express,,Mon,Tue,Wed,Thu,Fri
11:45:43,3,King Drive,,Sun
07:38:30,26,South Shore Express,,Mon,Tue,Wed,Thu,Fri
08:51:16,151,Sheridan,,Sat
13:17:54,147,Outer DuSable Lake Shore Express,,Mon,Tue,Wed,Thu,Fri
14:29:39,147,Outer DuSable Lake Shore Express,,Mon,Tue,Wed,Thu,Fri
19:33:54,151,Sheridan,,Sat
17:14:27,147,Outer DuSable Lake Shore Express,,Mon,Tue,Wed,Thu,Fri
09:32:05,147,Outer DuSable Lake Shore Express,,Sun
21:04:44,151,Sheridan,,Sun
10:31:13,146,Inner Lake Shore/Michigan Express,,Mon,Tue,Wed,Thu,Fri
06:53:00,125,Water Tower Express,,Mon,Tue,Wed,Thu,Fri
17:26:25,147,Outer DuSable Lake Shore Express,,Sun
18:55:41,3,King Drive,,Mon,Tue,Wed,Thu,Fri
17:32:33,151,Sheridan,,Sat
21:24:56,151,Sheridan,,Sat
14:26:01,3,King Drive,,Mon,Tue,Wed,Thu,Fri
18:59:25,147,Outer DuSable Lake Shore Express,,Mon,Tue,Wed,Thu,Fri
13:22:08,151,Sheridan,,Sat
18:36:25,147,Outer DuSable Lake Shore Express,,Sun
17:18:42,147,Outer DuSable Lake Shore Express,,Sat
15:14:44,146,Inner Lake Shore/Michigan Express,,Sun
13:30:38,151,Sheridan,,Sat
16:13:03,151,Sheridan,,Sat
17:38:58,3,King Drive,,Mon,Tue,Wed,Thu,Fri
21:17:23,147,Outer DuSable Lake Shore Express,,Mon,Tue,Wed,Thu,Fri
16:51:26,147,Outer DuSable Lake Shore Express,,Mon,Tue,Wed,Thu,Fri
19:52:18,3,King Drive,,Sat
13:46:14,146,Inner Lake Shore/Michigan Express,,Mon,Tue,Wed,Thu,Fri
00:54:49,151,Sheridan,,Mon
07:03:49,151,Sheridan,,Sat
07:55:55,3,King Drive,,Mon,Tue,Wed,Thu,Fri
05:35:20,3,King Drive,,Mon,Tue,Wed,Thu,Fri
20:44:58,151,Sheridan,,Mon,Tue,Wed,Thu,Fri
15:54:58,3,King Drive,,Sat
15:40:03,151,Sheridan,,Sat
13:04:08,151,Sheridan,,Sat
12:26:30,146,Inner Lake Shore/Michigan Express,,Mon,Tue,Wed,Thu,Fri
15:10:31,3,King Drive,,Mon,Tue,Wed,Thu,Fri
07:04:33,151,Sheridan,,Mon,Tue,Wed,Thu,Fri
09:18:10,146,Inner Lake Shore/Michigan Express,,Sun
09:53:28,151,Sheridan,,Mon,Tue,Wed,Thu,Fri
08:14:30,125,Water Tower Express,,Mon,Tue,Wed,Thu,Fri
23:45:30,151,Sheridan,,Mon,Tue,Wed,Thu,Fri
12:27:38,147,Outer DuSable Lake Shore Express,,Sat
21:21:31,3,King Drive,,Sat
05:44:20,3,King Drive,,Mon,Tue,Wed,Thu,Fri
20:16:18,3,King Drive,,Sat
21:15:14,151,Sheridan,,Mon,Tue,Wed,Thu,Fri
18:04:36,151,Sheridan,,Sat
22:59:25,146,Inner Lake Shore/Michigan Express,,Sun
07:08:08,3,King Drive,,Mon,Tue,Wed,Thu,Fri
17:42:48,3,King Drive,,Sun
15:04:14,146,Inner Lake Shore/Michigan Express,,Sun
23:46:20,3,King Drive,,Mon,Tue,Wed,Thu,Fri
18:00:58,3,King Drive,,Mon,Tue,Wed,Thu,Fri
14:55:14,146,Inner Lake Shore/Michigan Express,,Sun
07:21:03,151,Sheridan,,Sat
16:33:30,125,Water Tower Express,,Mon,Tue,Wed,Thu,Fri
20:03:24,151,Sheridan,,Sat
20:14:00,146,Inner Lake Shore/Michigan Express,,Sat
19:03:54,151,Sheridan,,Sat
19:03:54,151,Sheridan,,Sat
10:30:55,3,King Drive,,Sun
11:55:26,151,Sheridan,,Sat
20:41:18,3,King Drive,,Sat
14:44:41,3,King Drive,,Sat
13:49:21,26,South Shore Express,,Mon,Tue,Wed,Thu,Fri
15:55:34,146,Inner Lake Shore/Michigan Express,,Sat
17:34:12,147,Outer DuSable Lake Shore Express,,Mon,Tue,Wed,Thu,Fri
06:06:35,147,Outer DuSable Lake Shore Express,,Mon,Tue,Wed,Thu,Fri
07:48:11,146,Inner Lake Shore/Michigan Express,,Mon,Tue,Wed,Thu,Fri
19:41:13,3,King Drive,,Sun
15:43:39,147,Outer DuSable Lake Shore Express,,Sun
09:44:36,147,Outer DuSable Lake Shore Express,,Sat
09:11:33,151,Sheridan,,Sun
10:59:28,151,Sheridan,,Mon,Tue,Wed,Thu,Fri
13:36:17,146,Inner Lake Shore/Michigan Express,,Sat
13:10:45,146,Inner Lake Shore/Michigan Express,,Sat
23:05:37,147,Outer DuSable Lake Shore Express,,Mon,Tue,Wed,Thu,Fri
17:31:28,147,Outer DuSable Lake Shore Express,,Sat
07:37:03,151,Sheridan,,Sat
17:48:19,151,Sheridan,,Sat
17:35:48,146,Inner Lake Shore/Michigan Express,,Sat
17:59:27,147,Outer DuSable Lake Shore Express,,Sat
13:24:58,146,Inner Lake Shore/Michigan Express,,Sun
07:36:10,146,Inner Lake Shore/Michigan Express,,Sat
21:04:54,147,Outer DuSable Lake Shore Express,,Sat
17:24:22,151,Sheridan,,Mon,Tue,Wed,Thu,Fri
16:53:26,151,Sheridan,,Sun
13:48:01,3,King Drive,,Sun
14:22:37,26,South Shore Express,,Mon,Tue,Wed,Thu,Fri
20:29:55,147,Outer DuSable Lake Shore Express,,Sat
06:03:05,151,Sheridan,,Sat
22:07:07,147,Outer DuSable Lake Shore Express,,Mon,Tue,Wed,Thu,Fri
23:24:12,151,Sheridan,,Sat
18:53:10,147,Outer DuSable Lake Shore Express,,Mon,Tue,Wed,Thu,Fri
12:47:08,151,Sheridan,,Sat
16:34:28,147,Outer DuSable Lake Shore Express,,Sat
20:23:00,146,Inner Lake Shore/Michigan Express,,Sat
18:45:24,151,Sheridan,,Sat
19:24:09,147,Outer DuSable Lake Shore Express,,Mon,Tue,Wed,Thu,Fri
15:30:34,146,Inner Lake Shore/Michigan Express,,Sat
22:56:58,146,Inner Lake Shore/Michigan Express,,Sat
09:19:00,26,South Shore Express,,Mon,Tue,Wed,Thu,Fri
08:23:33,151,Sheridan,,Sat
14:22:01,3,King Drive,,Sun
07:44:30,151,Sheridan,,Mon,Tue,Wed,Thu,Fri
13:43:26,147,Outer DuSable Lake Shore Express,,Sat
21:20:25,3,King Drive,,Mon,Tue,Wed,Thu,Fri
19:43:54,151,Sheridan,,Sat
13:02:27,146,Inner Lake Shore/Michigan Express,,Sun
18:00:58,3,King Drive,,Mon,Tue,Wed,Thu,Fri
09:00:08,3,King Drive,,Sun
10:42:55,3,King Drive,,Sun
14:33:01,3,King Drive,,Sun
18:54:12,151,Sheridan,,Sun
12:48:28,151,Sheridan,,Sun
19:30:36,3,King Drive,,Sat
08:37:44,151,Sheridan,,Mon,Tue,Wed,Thu,Fri
11:03:41,146,Inner Lake Shore/Michigan Express,,Sat
08:53:43,3,King Drive,,Mon,Tue,Wed,Thu,Fri
20:13:45,146,Inner Lake Shore/Michigan Express,,Mon,Tue,Wed,Thu,Fri
18:48:17,146,Inner Lake Shore/Michigan Express,,Mon,Tue,Wed,Thu,Fri
18:37:08,151,Sheridan,,Sat
17:31:28,147,Outer DuSable Lake Shore Express,,Sat
08:26:57,146,Inner Lake Shore/Michigan Express,,Mon,Tue,Wed,Thu,Fri
16:58:13,143,Stockton/Michigan Express,,Mon,Tue,Wed,Thu,Fri
17:26:58,3,King Drive,,Sat
20:23:24,147,Outer DuSable Lake Shore Express,,Mon,Tue,Wed,Thu,Fri
14:51:39,147,Outer DuSable Lake Shore Express,,Mon,Tue,Wed,Thu,Fri
16:10:28,147,Outer DuSable Lake Shore Express,,Sat
17:44:06,151,Sheridan,,Mon,Tue,Wed,Thu,Fri
09:50:30,26,South Shore Express,,Mon,Tue,Wed,Thu,Fri
07:29:46,26,South Shore Express,,Mon,Tue,Wed,Thu,Fri
15:24:03,151,Sheridan,,Sat
15:52:48,3,King Drive,,Sun
16:35:33,146,Inner Lake Shore/Michigan Express,,Mon,Tue,Wed,Thu,Fri
20:28:18,3,King Drive,,Sat
15:31:47,148,Clarendon/Michigan Express,,Mon,Tue,Wed,Thu,Fri
11:43:30,26,South Shore Express,,Mon,Tue,Wed,Thu,Fri
10:30:55,3,King Drive,,Sun
05:21:34,26,South Shore Express,,Mon,Tue,Wed,Thu,Fri
23:41:25,146,Inner Lake Shore/Michigan Express,,Mon,Tue,Wed,Thu,Fri
18:26:01,3,King Drive,,Sun
18:59:25,147,Outer DuSable Lake Shore Express,,Mon,Tue,Wed,Thu,Fri
13:25:01,3,King Drive,,Sun
16:08:53,3,King Drive,,Mon,Tue,Wed,Thu,Fri
20:23:57,146,Inner Lake Shore/Michigan Express,,Sun
13:13:43,146,Inner Lake Shore/Michigan Express,,Sun
18:26:50,146,Inner Lake Shore/Michigan Express,,Mon,Tue,Wed,Thu,Fri
19:57:24,147,Outer DuSable Lake Shore Express,,Mon,Tue,Wed,Thu,Fri
12:29:30,26,South Shore Express,,Mon,Tue,Wed,Thu,Fri
19:51:31,3,King Drive,,Mon,Tue,Wed,Thu,Fri
19:08:06,3,King Drive,,Sat
18:19:00,146,Inner Lake Shore/Michigan Express,,Sun
09:15:05,147,Outer DuSable Lake Shore Express,,Sun
15:34:26,151,Sheridan,,Sun
15:34:54,151,Sheridan,,Mon,Tue,Wed,Thu,Fri
16:29:33,151,Sheridan,,Sat
15:00:58,3,King Drive,,Sat
07:56:40,146,Inner Lake Shore/Michigan Express,,Sun
12:25:26,151,Sheridan,,Mon,Tue,Wed,Thu,Fri
12:13:30,26,South Shore Express,,Mon,Tue,Wed,Thu,Fri
14:28:06,151,Sheridan,,Sat
12:18:14,146,Inner Lake Shore/Michigan Express,,Sat
08:36:38,3,King Drive,,Sat
07:44:30,125,Water Tower Express,,Mon,Tue,Wed,Thu,Fri
23:45:07,147,Outer DuSable Lake Shore Express,,Sat
07:31:00,151,Sheridan,,Mon,Tue,Wed,Thu,Fri
17:48:19,151,Sheridan,,Sat
18:35:01,3,King Drive,,Sun
17:51:20,148,Clarendon/Michigan Express,,Mon,Tue,Wed,Thu,Fri
20:16:18,3,King Drive,,Sat
23:56:40,146,Inner Lake Shore/Michigan Express,,Sun
13:36:14,146,Inner Lake Shore/Michigan Express,,Mon,Tue,Wed,Thu,Fri
20:20:55,147,Outer DuSable Lake Shore Express,,Sat
19:43:54,151,Sheridan,,Sat
15:10:39,147,Outer DuSable Lake Shore Express,,Sun
07:55:10,146,Inner Lake Shore/Michigan Express,,Sat
11:38:13,3,King Drive,,Mon,Tue,Wed,Thu,Fri
12:57:07,147,Outer DuSable Lake Shore Express,,Sun
14:26:39,147,Outer DuSable Lake Shore Express,,Sun
16:57:58,3,King Drive,,Sat
14:00:17,146,Inner Lake Shore/Michigan Express,,Sat
16:01:25,147,Outer DuSable Lake Shore Express,,Mon,Tue,Wed,Thu,Fri
16:42:28,147,Outer DuSable Lake Shore Express,,Sat
17:10:48,146,Inner Lake Shore/Michigan Express,,Sat
15:10:00,125,Water Tower Express,,Mon,Tue,Wed,Thu,Fri
12:15:44,146,Inner Lake Shore/Michigan Express,,Mon,Tue,Wed,Thu,Fri
09:34:44,151,Sheridan,,Mon,Tue,Wed,Thu,Fri
22:26:22,147,Outer DuSable Lake Shore Express,,Sun
18:31:17,148,Clarendon/Michigan Express,,Mon,Tue,Wed,Thu,Fri
18:37:08,151,Sheridan,,Sat
19:23:54,151,Sheridan,,Sat
10:39:27,146,Inner Lake Shore/Michigan Express,,Sun
23:09:12,151,Sheridan,,Sat
18:37:56,147,Outer DuSable Lake Shore Express,,Mon,Tue,Wed,Thu,Fri
09:50:25,146,Inner Lake Shore/Michigan Express,,Sat
07:48:11,146,Inner Lake Shore/Michigan Express,,Mon,Tue,Wed,Thu,Fri
11:50:07,147,Outer DuSable Lake Shore Express,,Sun
19:54:00,146,Inner Lake Shore/Michigan Express,,Mon,Tue,Wed,Thu,Fri
16:32:27,143,Stockton/Michigan Express,,Mon,Tue,Wed,Thu,Fri
19:13:54,151,Sheridan,,Sat
10:29:41,146,Inner Lake Shore/Michigan Express,,Sat
08:39:10,146,Inner Lake Shore/Michigan Express,,Sun
07:38:51,147,Outer DuSable Lake Shore Express,,Sun
18:07:41,147,Outer DuSable Lake Shore Express,,Sat
05:54:21,151,Sheridan,,Sun
18:26:25,147,Outer DuSable Lake Shore Express,,Sun
07:19:55,146,Inner Lake Shore/Michigan Express,,Mon,Tue,Wed,Thu,Fri
09:12:25,146,Inner Lake Shore/Michigan Express,,Sat
11:14:00,26,South Shore Express,,Mon,Tue,Wed,Thu,Fri
16:03:56,151,Sheridan,,Sun
19:42:31,3,King Drive,,Mon,Tue,Wed,Thu,Fri
21:53:56,151,Sheridan,,Sat
12:17:14,151,Sheridan,,Sun
13:06:18,3,King Drive,,Sat
11:07:38,147,Outer DuSable Lake Shore Express,,Sat
11:04:58,151,Sheridan,,Sat
12:41:14,146,Inner Lake Shore/Michigan Express,,Sat
15:24:26,151,Sheridan,,Sun
15:08:18,3,King Drive,,Sun
08:50:38,3,King Drive,,Sat
11:53:57,146,Inner Lake Shore/Michigan Express,,Sun
19:59:45,146,Inner Lake Shore/Michigan Express,,Mon,Tue,Wed,Thu,Fri
18:10:28,143,Stockton/Michigan Express,,Mon,Tue,Wed,Thu,Fri
12:01:23,147,Outer DuSable Lake Shore Express,,Sun
09:55:13,3,King Drive,,Mon,Tue,Wed,Thu,Fri
16:59:11,147,Outer DuSable Lake Shore Express,,Mon,Tue,Wed,Thu,Fri
14:37:14,146,Inner Lake Shore/Michigan Express,,Sun
14:00:17,146,Inner Lake Shore/Michigan Express,,Sat
15:56:03,151,Sheridan,,Sat
21:20:25,3,King Drive,,Mon,Tue,Wed,Thu,Fri
07:36:20,3,King Drive,,Sun
13:41:54,147,Outer DuSable Lake Shore Express,,Mon,Tue,Wed,Thu,Fri
18:51:28,146,Inner Lake Shore/Michigan Express,,Sun
16:18:28,147,Outer DuSable Lake Shore Express,,Sat
15:02:28,147,Outer DuSable Lake Shore Express,,Sat
21:09:26,151,Sheridan,,Sat
22:54:57,146,Inner Lake Shore/Michigan Express,,Mon,Tue,Wed,Thu,Fri
15:34:54,151,Sheridan,,Mon,Tue,Wed,Thu,Fri
19:35:26,151,Sheridan,,Mon,Tue,Wed,Thu,Fri
11:49:53,147,Outer DuSable Lake Shore Express,,Mon,Tue,Wed,Thu,Fri
19:14:31,146,Inner Lake Shore/Michigan Express,,Mon,Tue,Wed,Thu,Fri
22:08:56,151,Sheridan,,Sat
12:22:13,3,King Drive,,Mon,Tue,Wed,Thu,Fri
18:24:06,3,King Drive,,Sat
06:46:32,26,South Shore Express,,Mon,Tue,Wed,Thu,Fri
17:29:22,151,Sheridan,,Mon,Tue,Wed,Thu,Fri
22:24:12,151,Sheridan,,Sat
19:14:40,147,Outer DuSable Lake Shore Express,,Sat
17:05:58,3,King Drive,,Mon,Tue,Wed,Thu,Fri
08:56:44,151,Sheridan,,Mon,Tue,Wed,Thu,Fri
07:18:19,151,Sheridan,,Sun
18:11:58,3,King Drive,,Mon,Tue,Wed,Thu,Fri
13:52:17,146,Inner Lake Shore/Michigan Express,,Sat
24:09:44,151,Sheridan,,Sat
15:50:17,146,Inner Lake Shore/Michigan Express,,Mon,Tue,Wed,Thu,Fri
09:36:43,3,King Drive,,Mon,Tue,Wed,Thu,Fri
12:49:01,3,King Drive,,Sun
19:08:01,146,Inner Lake Shore/Michigan Express,,Mon,Tue,Wed,Thu,Fri
14:37:14,146,Inner Lake Shore/Michigan Express,,Mon,Tue,Wed,Thu,Fri
08:01:00,26,South Shore Express,,Mon,Tue,Wed,Thu,Fri
08:29:30,125,Water Tower Express,,Mon,Tue,Wed,Thu,Fri
16:39:58,3,King Drive,,Sat
23:25:07,147,Outer DuSable Lake Shore Express,,Sat
17:53:26,151,Sheridan,,Sun
08:18:51,147,Outer DuSable Lake Shore Express,,Sun
23:45:37,147,Outer DuSable Lake Shore Express,,Mon,Tue,Wed,Thu,Fri
17:24:42,147,Outer DuSable Lake Shore Express,,Sat
12:23:53,147,Outer DuSable Lake Shore Express,,Sun
15:24:30,146,Inner Lake Shore/Michigan Express,,Sun
21:39:56,151,Sheridan,,Sat
17:06:58,3,King Drive,,Sat
16:28:10,147,Outer DuSable Lake Shore Express,,Mon,Tue,Wed,Thu,Fri
15:34:26,151,Sheridan,,Sun
16:59:11,147,Outer DuSable Lake Shore Express,,Mon,Tue,Wed,Thu,Fri
14:55:14,146,Inner Lake Shore/Michigan Express,,Sun
09:39:38,3,King Drive,,Sat
22:34:38,3,King Drive,,Sun
16:54:48,146,Inner Lake Shore/Michigan Express,,Mon,Tue,Wed,Thu,Fri
17:44:00,143,Stockton/Michigan Express,,Mon,Tue,Wed,Thu,Fri
13:09:01,3,King Drive,,Mon,Tue,Wed,Thu,Fri
14:28:14,146,Inner Lake Shore/Michigan Express,,Sun
15:44:58,147,Outer DuSable Lake Shore Express,,Sat
15:54:26,151,Sheridan,,Sun
17:58:34,146,Inner Lake Shore/Michigan Express,,Sat
15:39:47,146,Inner Lake Shore/Michigan Express,,Mon,Tue,Wed,Thu,Fri
16:17:27,143,Stockton/Michigan Express,,Mon,Tue,Wed,Thu,Fri
12:00:13,3,King Drive,,Mon,Tue,Wed,Thu,Fri
21:33:13,3,King Drive,,Sat
05:13:05,151,Sheridan,,Mon,Tue,Wed,Thu,Fri
17:42:42,147,Outer DuSable Lake Shore Express,,Mon,Tue,Wed,Thu,Fri
07:47:08,3,King Drive,,Mon,Tue,Wed,Thu,Fri
06:42:35,147,Outer DuSable Lake Shore Express,,Sat
15:25:25,147,Outer DuSable Lake Shore Express,,Mon,Tue,Wed,Thu,Fri
08:41:43,3,King Drive,,Mon,Tue,Wed,Thu,Fri
15:43:31,3,King Drive,,Mon,Tue,Wed,Thu,Fri
08:07:52,147,Outer DuSable Lake Shore Express,,Mon,Tue,Wed,Thu,Fri
23:59:50,3,King Drive,,Sat
16:53:17,148,Clarendon/Michigan Express,,Mon,Tue,Wed,Thu,Fri
14:48:39,147,Outer DuSable Lake Shore Express,,Sun
13:13:08,151,Sheridan,,Sat
16:10:47,148,Clarendon/Michigan Express,,Mon,Tue,Wed,Thu,Fri
16:03:58,3,King Drive,,Sat
12:06:44,151,Sheridan,,Sun
16:04:03,151,Sheridan,,Sat
11:46:14,151,Sheridan,,Sun
22:24:12,151,Sheridan,,Sat
10:19:57,146,Inner Lake Shore/Michigan Express,,Mon,Tue,Wed,Thu,Fri
17:10:34,146,Inner Lake Shore/Michigan Express,,Mon,Tue,Wed,Thu,Fri
11:48:42,151,Sheridan,,Mon,Tue,Wed,Thu,Fri
09:23:57,146,Inner Lake Shore/Michigan Express,,Mon,Tue,Wed,Thu,Fri
13:52:06,3,King Drive,,Sat
16:32:27,143,Stockton/Michigan Express,,Mon,Tue,Wed,Thu,Fri
18:33:58,3,King Drive,,Mon,Tue,Wed,Thu,Fri
09:10:30,125,Water Tower Express,,Mon,Tue,Wed,Thu,Fri
19:55:25,147,Outer DuSable Lake Shore Express,,Sat
18:05:57,147,Outer DuSable Lake Shore Express,,Mon,Tue,Wed,Thu,Fri
23:59:50,3,King Drive,,Sat
09:12:36,147,Outer DuSable Lake Shore Express,,Sat
08:43:33,151,Sheridan,,Sun
20:44:44,146,Inner Lake Shore/Michigan Express,,Mon,Tue,Wed,Thu,Fri
11:21:43,3,King Drive,,Sun
23:32:03,3,King Drive,,Sun
22:00:14,151,Sheridan,,Mon,Tue,Wed,Thu,Fri
11:35:57,146,Inner Lake Shore/Michigan Express,,Sun
18:32:04,146,Inner Lake Shore/Michigan Express,,Mon,Tue,Wed,Thu,Fri
17:14:22,151,Sheridan,,Mon,Tue,Wed,Thu,Fri
23:17:40,146,Inner Lake Shore/Michigan Express,,Sun
16:34:22,151,Sheridan,,Mon,Tue,Wed,Thu,Fri
06:57:32,26,South Shore Express,,Mon,Tue,Wed,Thu,Fri
07:16:20,3,King Drive,,Sun
16:44:31,148,Clarendon/Michigan Express,,Mon,Tue,Wed,Thu,Fri
07:15:38,3,King Drive,,Mon,Tue,Wed,Thu,Fri
20:41:24,147,Outer DuSable Lake Shore Express,,Mon,Tue,Wed,Thu,Fri
22:13:00,146,Inner Lake Shore/Michigan Express,,Sat
20:53:00,146,Inner Lake Shore/Michigan Express,,Sat
14:37:39,147,Outer DuSable Lake Shore Express,,Sun
17:57:28,3,King Drive,,Sat
06:47:33,151,Sheridan,,Mon,Tue,Wed,Thu,Fri
06:00:50,147,Outer DuSable Lake Shore Express,,Sat
20:27:31,3,King Drive,,Mon,Tue,Wed,Thu,Fri
20:17:23,147,Outer DuSable Lake Shore Express,,Sun
19:40:00,146,Inner Lake Shore/Michigan Express,,Mon,Tue,Wed,Thu,Fri
09:46:30,151,Sheridan,,Sat
20:03:55,147,Outer DuSable Lake Shore Express,,Sat
07:34:11,146,Inner Lake Shore/Michigan Express,,Mon,Tue,Wed,Thu,Fri
07:59:30,125,Water Tower Express,,Mon,Tue,Wed,Thu,Fri
18:50:26,143,Stockton/Michigan Express,,Mon,Tue,Wed,Thu,Fri
19:38:12,151,Sheridan,,Sun
12:29:44,146,Inner Lake Shore/Michigan Express,,Sat
08:23:21,147,Outer DuSable Lake Shore Express,,Sat
21:18:14,146,Inner Lake Shore/Michigan Express,,Mon,Tue,Wed,Thu,Fri
18:22:58,3,King Drive,,Mon,Tue,Wed,Thu,Fri
13:30:07,147,Outer DuSable Lake Shore Express,,Sun
17:14:34,146,Inner Lake Shore/Michigan Express,,Mon,Tue,Wed,Thu,Fri
21:09:18,3,King Drive,,Sat
16:18:28,147,Outer DuSable Lake Shore Express,,Sat
12:02:01,3,King Drive,,Sat
15:32:39,147,Outer DuSable Lake Shore Express,,Sun
18:06:04,146,Inner Lake Shore/Michigan Express,,Sat
14:59:39,147,Outer DuSable Lake Shore Express,,Sun
17:46:58,3,King Drive,,Sat
10:15:00,151,Sheridan,,Sun
12:36:01,3,King Drive,,Mon,Tue,Wed,Thu,Fri
19:08:25,147,Outer DuSable Lake Shore Express,,Mon,Tue,Wed,Thu,Fri
01:30:49,151,Sheridan,,Sun
14:55:31,3,King Drive,,Sun
11:03:22,147,Outer DuSable Lake Shore Express,,Sun
16:23:56,151,Sheridan,,Sun
12:29:24,151,Sheridan,,Sat
10:31:13,146,Inner Lake Shore/Michigan Express,,Mon,Tue,Wed,Thu,Fri
18:13:06,3,King Drive,,Sat
23:11:43,146,Inner Lake Shore/Michigan Express,,Sat
08:26:57,146,Inner Lake Shore/Michigan Express,,Mon,Tue,Wed,Thu,Fri
21:14:38,147,Outer DuSable Lake Shore Express,,Sat
08:29:30,26,South Shore Express,,Mon,Tue,Wed,Thu,Fri
18:37:18,146,Inner Lake Shore/Michigan Express,,Mon,Tue,Wed,Thu,Fri
06:52:40,146,Inner Lake Shore/Michigan Express,,Mon,Tue,Wed,Thu,Fri
15:43:39,147,Outer DuSable Lake Shore Express,,Sun
09:38:16,151,Sheridan,,Sun
08:44:00,125,Water Tower Express,,Mon,Tue,Wed,Thu,Fri
15:08:03,151,Sheridan,,Sat
19:06:15,146,Inner Lake Shore/Michigan Express,,Sat
16:58:48,3,King Drive,,Sun
14:52:26,151,Sheridan,,Sun
10:26:28,151,Sheridan,,Mon,Tue,Wed,Thu,Fri
17:09:17,151,Sheridan,,Sat
10:15:00,151,Sheridan,,Sun
20:46:57,146,Inner Lake Shore/Michigan Express,,Sun
09:12:36,147,Outer DuSable Lake Shore Express,,Sat
08:28:33,151,Sheridan,,Sun
13:34:06,3,King Drive,,Sat
20:09:31,3,King Drive,,Mon,Tue,Wed,Thu,Fri
16:53:33,151,Sheridan,,Sat
18:14:22,151,Sheridan,,Mon,Tue,Wed,Thu,Fri
16:14:38,151,Sheridan,,Mon,Tue,Wed,Thu,Fri
14:37:10,151,Sheridan,,Mon,Tue,Wed,Thu,Fri
16:36:48,3,King Drive,,Sun
22:54:38,3,King Drive,,Sun
18:33:12,147,Outer DuSable Lake Shore Express,,Sat
11:47:12,151,Sheridan,,Sat
11:00:07,147,Outer DuSable Lake Shore Express,,Mon,Tue,Wed,Thu,Fri
16:47:25,147,Outer DuSable Lake Shore Express,,Sun
16:14:48,3,King Drive,,Sun
13:56:08,151,Sheridan,,Sat
14:01:26,151,Sheridan,,Mon,Tue,Wed,Thu,Fri
20:31:44,151,Sheridan,,Sun
12:55:08,151,Sheridan,,Sat
05:53:18,26,South Shore Express,,Mon,Tue,Wed,Thu,Fri
18:43:03,146,Inner Lake Shore/Michigan Express,,Mon,Tue,Wed,Thu,Fri
07:00:38,3,King Drive,,Mon,Tue,Wed,Thu,Fri
16:43:58,3,King Drive,,Mon,Tue,Wed,Thu,Fri
12:38:01,3,King Drive,,Sat
06:21:18,26,South Shore Express,,Mon,Tue,Wed,Thu,Fri
20:52:43,3,King Drive,,Mon,Tue,Wed,Thu,Fri
11:49:13,3,King Drive,,Mon,Tue,Wed,Thu,Fri
19:50:12,151,Sheridan,,Sun
08:37:33,151,Sheridan,,Sat
14:15:01,3,King Drive,,Mon,Tue,Wed,Thu,Fri
18:04:23,3,King Drive,,Sat
01:11:19,151,Sheridan,,Mon
09:36:43,3,King Drive,,Mon,Tue,Wed,Thu,Fri
23:30:20,3,King Drive,,Mon,Tue,Wed,Thu,Fri
14:44:01,3,King Drive,,Sun
12:44:09,147,Outer DuSable Lake Shore Express,,Sat
16:26:28,147,Outer DuSable Lake Shore Express,,Sat
17:09:22,151,Sheridan,,Mon,Tue,Wed,Thu,Fri
16:34:22,151,Sheridan,,Mon,Tue,Wed,Thu,Fri
18:01:57,147,Outer DuSable Lake Shore Express,,Mon,Tue,Wed,Thu,Fri
15:38:34,146,Inner Lake Shore/Michigan Express,,Sat
15:40:03,151,Sheridan,,Sat
16:37:04,146,Inner Lake Shore/Michigan Express,,Sat
11:34:23,147,Outer DuSable Lake Shore Express,,Mon,Tue,Wed,Thu,Fri
14:13:10,151,Sheridan,,Mon,Tue,Wed,Thu,Fri
18:13:06,3,King Drive,,Sat
20:47:25,147,Outer DuSable Lake Shore Express,,Sat
09:52:55,3,King Drive,,Sat
00:54:49,151,Sheridan,,Mon
10:16:36,147,Outer DuSable Lake Shore Express,,Sat
22:40:57,146,Inner Lake Shore/Michigan Express,,Mon,Tue,Wed,Thu,Fri
20:13:10,151,Sheridan,,Sat
16:42:28,147,Outer DuSable Lake Shore Express,,Sat
11:04:58,151,Sheridan,,Sat
11:23:38,147,Outer DuSable Lake Shore Express,,Sat
17:12:30,146,Inner Lake Shore/Michigan Express,,Sun
11:33:01,3,King Drive,,Sat
06:45:19,151,Sheridan,,Sat
13:09:12,151,Sheridan,,Sun
20:15:24,147,Outer DuSable Lake Shore Express,,Mon,Tue,Wed,Thu,Fri
18:03:26,151,Sheridan,,Sun
14:42:12,151,Sheridan,,Sun
17:23:26,151,Sheridan,,Sun
16:04:39,147,Outer DuSable Lake Shore Express,,Sun
10:20:13,3,King Drive,,Sat
16:45:20,146,Inner Lake Shore/Michigan Express,,Sat
10:15:28,151,Sheridan,,Mon,Tue,Wed,Thu,Fri
20:14:00,146,Inner Lake Shore/Michigan Express,,Sat
00:41:46,151,Sheridan,,Sun
11:57:43,3,King Drive,,Sun
12:38:14,151,Sheridan,,Sun
17:42:48,146,Inner Lake Shore/Michigan Express,,Sat
20:08:08,3,King Drive,,Sun
12:00:56,151,Sheridan,,Mon,Tue,Wed,Thu,Fri
19:08:06,3,King Drive,,Sat
07:03:49,151,Sheridan,,Sat
21:34:38,147,Outer DuSable Lake Shore Express,,Sat
20:13:45,146,Inner Lake Shore/Michigan Express,,Mon,Tue,Wed,Thu,Fri
18:43:26,151,Sheridan,,Sun
16:53:33,151,Sheridan,,Sat
09:36:00,151,Sheridan,,Sat
19:34:27,146,Inner Lake Shore/Michigan Express,,Sun
13:29:42,151,Sheridan,,Sun
08:01:00,26,South Shore Express,,Mon,Tue,Wed,Thu,Fri
21:36:53,147,Outer DuSable Lake Shore Express,,Mon,Tue,Wed,Thu,Fri
06:47:33,151,Sheridan,,Mon,Tue,Wed,Thu,Fri
09:25:16,151,Sheridan,,Sun
07:35:21,147,Outer DuSable Lake Shore Express,,Sat
19:08:25,147,Outer DuSable Lake Shore Express,,Mon,Tue,Wed,Thu,Fri
13:42:01,3,King Drive,,Mon,Tue,Wed,Thu,Fri
12:46:07,147,Outer DuSable Lake Shore Express,,Sun
21:31:25,3,King Drive,,Mon,Tue,Wed,Thu,Fri
18:21:36,146,Inner Lake Shore/Michigan Express,,Mon,Tue,Wed,Thu,Fri
10:17:55,146,Inner Lake Shore/Michigan Express,,Sun
06:17:50,3,King Drive,,Mon,Tue,Wed,Thu,Fri
18:03:26,151,Sheridan,,Sun
10:52:30,151,Sheridan,,Sun
17:46:58,3,King Drive,,Sat
20:34:57,146,Inner Lake Shore/Michigan Express,,Sun
14:15:39,147,Outer DuSable Lake Shore Express,,Sun
16:45:30,146,Inner Lake Shore/Michigan Express,,Sun
16:58:48,146,Inner Lake Shore/Michigan Express,,Mon,Tue,Wed,Thu,Fri
16:21:33,151,Sheridan,,Sat
21:58:00,146,Inner Lake Shore/Michigan Express,,Sat
16:53:26,151,Sheridan,,Sun
18:50:26,143,Stockton/Michigan Express,,Mon,Tue,Wed,Thu,Fri
22:31:37,147,Outer DuSable Lake Shore Express,,Mon,Tue,Wed,Thu,Fri
21:45:14,151,Sheridan,,Mon,Tue,Wed,Thu,Fri
11:57:43,3,King Drive,,Sun
10:15:28,151,Sheridan,,Mon,Tue,Wed,Thu,Fri
12:12:23,147,Outer DuSable Lake Shore Express,,Sun
17:51:42,147,Outer DuSable Lake Shore Express,,Mon,Tue,Wed,Thu,Fri
13:01:01,3,King Drive,,Sun
08:18:08,3,King Drive,,Sat
14:15:39,147,Outer DuSable Lake Shore Express,,Sun
12:37:01,3,King Drive,,Sun
16:34:28,147,Outer DuSable Lake Shore Express,,Sat
11:54:28,146,Inner Lake Shore/Michigan Express,,Mon,Tue,Wed,Thu,Fri
11:58:30,26,South Shore Express,,Mon,Tue,Wed,Thu,Fri
16:03:34,146,Inner Lake Shore/Michigan Express,,Sat
15:32:03,151,Sheridan,,Sat
10:33:13,3,King Drive,,Mon,Tue,Wed,Thu,Fri
22:42:44,146,Inner Lake Shore/Michigan Express,,Sat
09:50:30,26,South Shore Express,,Mon,Tue,Wed,Thu,Fri
18:37:18,146,Inner Lake Shore/Michigan Express,,Mon,Tue,Wed,Thu,Fri
11:36:14,151,Sheridan,,Sun
20:21:15,146,Inner Lake Shore/Michigan Express,,Mon,Tue,Wed,Thu,Fri
06:56:38,3,King Drive,,Sat
12:38:24,151,Sheridan,,Sat
11:18:23,147,Outer DuSable Lake Shore Express,,Mon,Tue,Wed,Thu,Fri
12:50:54,147,Outer DuSable Lake Shore Express,,Mon,Tue,Wed,Thu,Fri
16:18:30,146,Inner Lake Shore/Michigan Express,,Sun
12:38:01,3,King Drive,,Sat
07:52:46,151,Sheridan,,Sat
01:21:19,151,Sheridan,,Tue,Wed,Thu,Fri,Sat
23:39:30,151,Sheridan,,Sun
06:07:48,26,South Shore Express,,Mon,Tue,Wed,Thu,Fri
13:22:08,151,Sheridan,,Sat
08:28:43,3,King Drive,,Mon,Tue,Wed,Thu,Fri
09:43:00,125,Water Tower Express,,Mon,Tue,Wed,Thu,Fri
00:41:19,151,Sheridan,,Tue,Wed,Thu,Fri,Sat
08:18:10,146,Inner Lake Shore/Michigan Express,,Sun
21:36:08,3,King Drive,,Sun
13:16:06,3,King Drive,,Sat
15:24:03,151,Sheridan,,Sat
11:55:44,151,Sheridan,,Sun
07:17:46,151,Sheridan,,Mon,Tue,Wed,Thu,Fri
17:13:26,151,Sheridan,,Sun
08:53:25,146,Inner Lake Shore/Michigan Express,,Sat
22:03:13,3,King Drive,,Sat
17:31:31,143,Stockton/Michigan Express,,Mon,Tue,Wed,Thu,Fri
09:05:43,3,King Drive,,Mon,Tue,Wed,Thu,Fri
13:43:26,147,Outer DuSable Lake Shore Express,,Sat
13:49:42,151,Sheridan,,Sun
14:37:31,3,King Drive,,Mon,Tue,Wed,Thu,Fri
16:39:58,3,King Drive,,Sat
08:47:43,3,King Drive,,Mon,Tue,Wed,Thu,Fri
17:06:41,147,Outer DuSable Lake Shore Express,,Mon,Tue,Wed,Thu,Fri
06:57:19,151,Sheridan,,Sun
01:14:19,151,Sheridan,,Sun
11:43:31,3,King Drive,,Sat
14:59:39,147,Outer DuSable Lake Shore Express,,Sun
18:14:22,151,Sheridan,,Mon,Tue,Wed,Thu,Fri
20:04:18,3,King Drive,,Sat
16:16:25,147,Outer DuSable Lake Shore Express,,Mon,Tue,Wed,Thu,Fri
07:59:30,125,Water Tower Express,,Mon,Tue,Wed,Thu,Fri
17:03:04,146,Inner Lake Shore/Michigan Express,,Sat
17:19:22,151,Sheridan,,Mon,Tue,Wed,Thu,Fri
14:16:17,146,Inner Lake Shore/Michigan Express,,Sat
11:05:13,3,King Drive,,Mon,Tue,Wed,Thu,Fri
19:48:53,147,Outer DuSable Lake Shore Express,,Sun
09:49:25,3,King Drive,,Sun
18:26:50,146,Inner Lake Shore/Michigan Express,,Mon,Tue,Wed,Thu,Fri
22:16:27,146,Inner Lake Shore/Michigan Express,,Mon,Tue,Wed,Thu,Fri
21:42:44,151,Sheridan,,Sun
16:54:22,151,Sheridan,,Mon,Tue,Wed,Thu,Fri
12:34:37,147,Outer DuSable Lake Shore Express,,Sun
12:20:38,147,Outer DuSable Lake Shore Express,,Mon,Tue,Wed,Thu,Fri
07:44:30,151,Sheridan,,Mon,Tue,Wed,Thu,Fri
16:32:58,3,King Drive,,Mon,Tue,Wed,Thu,Fri
08:21:30,26,South Shore Express,,Mon,Tue,Wed,Thu,Fri
22:48:37,147,Outer DuSable Lake Shore Express,,Sat
18:43:26,151,Sheridan,,Sun
22:41:30,151,Sheridan,,Sun
13:37:26,151,Sheridan,,Mon,Tue,Wed,Thu,Fri
21:27:53,147,Outer DuSable Lake Shore Express,,Mon,Tue,Wed,Thu,Fri
15:24:30,146,Inner Lake Shore/Michigan Express,,Sun
09:15:00,151,Sheridan,,Sat
18:15:30,125,Water Tower Express,,Mon,Tue,Wed,Thu,Fri
21:37:27,146,Inner Lake Shore/Michigan Express,,Sun
23:24:11,146,Inner Lake Shore/Michigan Express,,Mon,Tue,Wed,Thu,Fri
11:00:07,147,Outer DuSable Lake Shore Express,,Mon,Tue,Wed,Thu,Fri
11:21:42,151,Sheridan,,Sat
17:58:34,146,Inner Lake Shore/Michigan Express,,Sat
14:56:37,26,South Shore Express,,Mon,Tue,Wed,Thu,Fri
19:34:27,146,Inner Lake Shore/Michigan Express,,Sun
10:56:28,151,Sheridan,,Sat
09:55:13,3,King Drive,,Mon,Tue,Wed,Thu,Fri
19:14:15,146,Inner Lake Shore/Michigan Express,,Sat
20:41:08,3,King Drive,,Sun
19:22:40,147,Outer DuSable Lake Shore Express,,Sat
17:38:58,3,King Drive,,Mon,Tue,Wed,Thu,Fri
18:53:54,151,Sheridan,,Sat
11:38:37,147,Outer DuSable Lake Shore Express,,Sun
21:43:00,146,Inner Lake Shore/Michigan Express,,Sat
11:20:41,146,Inner Lake Shore/Michigan Express,,Sat
18:34:54,151,Sheridan,,Mon,Tue,Wed,Thu,Fri
08:44:00,125,Water Tower Express,,Mon,Tue,Wed,Thu,Fri
18:35:06,3,King Drive,,Sat
12:47:01,3,King Drive,,Sat
17:03:30,146,Inner Lake Shore/Michigan Express,,Sun
10:09:55,146,Inner Lake Shore/Michigan Express,,Sat
12:20:01,3,King Drive,,Sat
00:36:03,151,Sheridan,,Mon
12:46:30,146,Inner Lake Shore/Michigan Express,,Mon,Tue,Wed,Thu,Fri
18:17:11,147,Outer DuSable Lake Shore Express,,Mon,Tue,Wed,Thu,Fri
07:56:00,151,Sheridan,,Mon,Tue,Wed,Thu,Fri
11:03:41,146,Inner Lake Shore/Michigan Express,,Sat
13:29:42,151,Sheridan,,Sun
14:08:17,146,Inner Lake Shore/Michigan Express,,Sat
19:23:26,151,Sheridan,,Mon,Tue,Wed,Thu,Fri
11:55:38,147,Outer DuSable Lake Shore Express,,Sat
19:40:24,147,Outer DuSable Lake Shore Express,,Mon,Tue,Wed,Thu,Fri
19:54:00,146,Inner Lake Shore/Michigan Express,,Mon,Tue,Wed,Thu,Fri
18:35:01,3,King Drive,,Sun
08:01:57,146,Inner Lake Shore/Michigan Express,,Mon,Tue,Wed,Thu,Fri
21:09:26,151,Sheridan,,Sat
19:26:43,3,King Drive,,Sun
15:47:04,146,Inner Lake Shore/Michigan Express,,Sat
13:59:31,3,King Drive,,Sun
16:17:27,143,Stockton/Michigan Express,,Mon,Tue,Wed,Thu,Fri
16:01:25,147,Outer DuSable Lake Shore Express,,Mon,Tue,Wed,Thu,Fri
10:38:00,151,Sheridan,,Sat
16:38:40,147,Outer DuSable Lake Shore Express,,Mon,Tue,Wed,Thu,Fri
18:34:44,146,Inner Lake Shore/Michigan Express,,Sun
09:25:14,151,Sheridan,,Mon,Tue,Wed,Thu,Fri
11:38:13,3,King Drive,,Mon,Tue,Wed,Thu,Fri
13:42:01,3,King Drive,,Mon,Tue,Wed,Thu,Fri
12:11:13,3,King Drive,,Mon,Tue,Wed,Thu,Fri
10:53:13,146,Inner Lake Shore/Michigan Express,,Mon,Tue,Wed,Thu,Fri
13:25:06,3,King Drive,,Sat
14:06:14,146,Inner Lake Shore/Michigan Express,,Mon,Tue,Wed,Thu,Fri
15:55:18,3,King Drive,,Mon,Tue,Wed,Thu,Fri
07:13:30,125,Water Tower Express,,Mon,Tue,Wed,Thu,Fri
15:22:34,146,Inner Lake Shore/Michigan Express,,Sat
18:37:56,147,Outer DuSable Lake Shore Express,,Mon,Tue,Wed,Thu,Fri
05:37:20,3,King Drive,,Sat
13:47:38,151,Sheridan,,Sat
14:17:39,147,Outer DuSable Lake Shore Express,,Mon,Tue,Wed,Thu,Fri
13:31:01,3,King Drive,,Mon,Tue,Wed,Thu,Fri
06:15:35,151,Sheridan,,Sun
13:10:55,147,Outer DuSable Lake Shore Express,,Sat
07:38:08,3,King Drive,,Mon,Tue,Wed,Thu,Fri
17:29:12,147,Outer DuSable Lake Shore Express,,Mon,Tue,Wed,Thu,Fri
19:10:30,125,Water Tower Express,,Mon,Tue,Wed,Thu,Fri
19:51:31,3,King Drive,,Mon,Tue,Wed,Thu,Fri
18:23:26,151,Sheridan,,Sun
15:43:31,3,King Drive,,Mon,Tue,Wed,Thu,Fri
19:15:23,147,Outer DuSable Lake Shore Express,,Sun
14:48:31,3,King Drive,,Mon,Tue,Wed,Thu,Fri
21:37:27,146,Inner Lake Shore/Michigan Express,,Sun
07:55:55,3,King Drive,,Mon,Tue,Wed,Thu,Fri
18:15:30,125,Water Tower Express,,Mon,Tue,Wed,Thu,Fri
13:16:06,3,King Drive,,Sat
13:34:06,3,King Drive,,Sat
13:59:42,151,Sheridan,,Sun
18:04:48,3,King Drive,,Sun
17:03:04,146,Inner Lake Shore/Michigan Express,,Mon,Tue,Wed,Thu,Fri
05:57:05,151,Sheridan,,Mon,Tue,Wed,Thu,Fri
12:50:57,146,Inner Lake Shore/Michigan Express,,Sun
16:58:48,146,Inner Lake Shore/Michigan Express,,Mon,Tue,Wed,Thu,Fri
15:02:28,147,Outer DuSable Lake Shore Express,,Sat
18:45:24,151,Sheridan,,Sat
15:45:58,3,King Drive,,Sat
09:32:05,147,Outer DuSable Lake Shore Express,,Sun
08:53:25,146,Inner Lake Shore/Michigan Express,,Sat
18:04:22,151,Sheridan,,Mon,Tue,Wed,Thu,Fri
20:05:00,146,Inner Lake Shore/Michigan Express,,Sat
18:03:30,146,Inner Lake Shore/Michigan Express,,Sun
19:15:42,151,Sheridan,,Sun
22:04:38,147,Outer DuSable Lake Shore Express,,Sat
06:53:08,3,King Drive,,Mon,Tue,Wed,Thu,Fri
18:24:38,151,Sheridan,,Mon,Tue,Wed,Thu,Fri
19:14:31,146,Inner Lake Shore/Michigan Express,,Mon,Tue,Wed,Thu,Fri
20:41:18,3,King Drive,,Sat
17:16:58,3,King Drive,,Sat
08:35:43,3,King Drive,,Mon,Tue,Wed,Thu,Fri
16:59:51,148,Clarendon/Michigan Express,,Mon,Tue,Wed,Thu,Fri
17:56:12,147,Outer DuSable Lake Shore Express,,Mon,Tue,Wed,Thu,Fri
16:14:48,3,King Drive,,Sun
14:32:12,151,Sheridan,,Sun
13:53:01,3,King Drive,,Mon,Tue,Wed,Thu,Fri
08:18:08,3,King Drive,,Sat
13:53:01,3,King Drive,,Mon,Tue,Wed,Thu,Fri
20:44:44,146,Inner Lake Shore/Michigan Express,,Mon,Tue,Wed,Thu,Fri
10:37:28,151,Sheridan,,Mon,Tue,Wed,Thu,Fri
11:38:42,151,Sheridan,,Sat
16:03:48,3,King Drive,,Sun
17:16:25,147,Outer DuSable Lake Shore Express,,Sun
16:11:30,125,Water Tower Express,,Mon,Tue,Wed,Thu,Fri
22:46:52,147,Outer DuSable Lake Shore Express,,Sun
16:09:30,146,Inner Lake Shore/Michigan Express,,Sun
08:18:51,147,Outer DuSable Lake Shore Express,,Sun
20:34:57,146,Inner Lake Shore/Michigan Express,,Sun
13:19:42,151,Sheridan,,Sun
10:02:30,26,South Shore Express,,Mon,Tue,Wed,Thu,Fri
09:28:13,3,King Drive,,Mon,Tue,Wed,Thu,Fri
16:45:20,146,Inner Lake Shore/Michigan Express,,Sat
20:52:44,146,Inner Lake Shore/Michigan Express,,Mon,Tue,Wed,Thu,Fri
17:25:50,148,Clarendon/Michigan Express,,Mon,Tue,Wed,Thu,Fri
13:13:01,3,King Drive,,Sun
17:37:15,143,Stockton/Michigan Express,,Mon,Tue,Wed,Thu,Fri
16:54:58,3,King Drive,,Mon,Tue,Wed,Thu,Fri
19:00:13,146,Inner Lake Shore/Michigan Express,,Sun
20:14:26,151,Sheridan,,Mon,Tue,Wed,Thu,Fri
17:58:00,125,Water Tower Express,,Mon,Tue,Wed,Thu,Fri
18:57:06,3,King Drive,,Sat
06:16:20,3,King Drive,,Sat
11:23:38,147,Outer DuSable Lake Shore Express,,Sat
15:58:47,148,Clarendon/Michigan Express,,Mon,Tue,Wed,Thu,Fri
21:54:38,147,Outer DuSable Lake Shore Express,,Sat
10:40:30,151,Sheridan,,Sun
14:37:39,147,Outer DuSable Lake Shore Express,,Sun
21:53:56,151,Sheridan,,Sat
12:49:01,3,King Drive,,Sun
20:32:10,151,Sheridan,,Sat
12:00:56,151,Sheridan,,Mon,Tue,Wed,Thu,Fri
12:34:37,147,Outer DuSable Lake Shore Express,,Sun
11:36:12,151,Sheridan,,Mon,Tue,Wed,Thu,Fri
16:55:30,125,Water Tower Express,,Mon,Tue,Wed,Thu,Fri
15:24:26,151,Sheridan,,Sun
16:51:36,148,Clarendon/Michigan Express,,Mon,Tue,Wed,Thu,Fri
14:01:14,146,Inner Lake Shore/Michigan Express,,Sun
08:50:38,3,King Drive,,Sat
19:30:36,3,King Drive,,Sat
12:37:01,3,King Drive,,Sun
16:47:48,3,King Drive,,Sun
08:08:00,26,South Shore Express,,Mon,Tue,Wed,Thu,Fri
23:20:30,151,Sheridan,,Sun
05:40:51,151,Sheridan,,Sat
11:17:11,146,Inner Lake Shore/Michigan Express,,Sun
15:27:58,147,Outer DuSable Lake Shore Express,,Sat
08:50:27,146,Inner Lake Shore/Michigan Express,,Mon,Tue,Wed,Thu,Fri
18:51:28,146,Inner Lake Shore/Michigan Express,,Sun
18:14:36,146,Inner Lake Shore/Michigan Express,,Mon,Tue,Wed,Thu,Fri
10:37:28,151,Sheridan,,Mon,Tue,Wed,Thu,Fri
11:05:13,3,King Drive,,Mon,Tue,Wed,Thu,Fri
17:16:51,148,Clarendon/Michigan Express,,Mon,Tue,Wed,Thu,Fri
13:39:08,151,Sheridan,,Sat
07:10:52,147,Outer DuSable Lake Shore Express,,Mon,Tue,Wed,Thu,Fri
05:17:20,3,King Drive,,Sat
23:56:40,146,Inner Lake Shore/Michigan Express,,Sun
14:40:39,147,Outer DuSable Lake Shore Express,,Mon,Tue,Wed,Thu,Fri
10:16:36,147,Outer DuSable Lake Shore Express,,Sat
17:03:04,146,Inner Lake Shore/Michigan Express,,Mon,Tue,Wed,Thu,Fri
08:39:21,147,Outer DuSable Lake Shore Express,,Sat
19:10:30,125,Water Tower Express,,Mon,Tue,Wed,Thu,Fri
20:02:57,146,Inner Lake Shore/Michigan Express,,Sun
22:54:57,146,Inner Lake Shore/Michigan Express,,Mon,Tue,Wed,Thu,Fri
21:46:13,146,Inner Lake Shore/Michigan Express,,Mon,Tue,Wed,Thu,Fri
19:30:15,146,Inner Lake Shore/Michigan Express,,Sat
12:38:27,146,Inner Lake Shore/Michigan Express,,Sun
07:37:22,147,Outer DuSable Lake Shore Express,,Mon,Tue,Wed,Thu,Fri
15:54:58,3,King Drive,,Sat
13:19:31,146,Inner Lake Shore/Michigan Express,,Sat
17:19:12,147,Outer DuSable Lake Shore Express,,Mon,Tue,Wed,Thu,Fri
21:13:00,146,Inner Lake Shore/Michigan Express,,Sat
10:41:13,3,King Drive,,Sat
13:41:54,147,Outer DuSable Lake Shore Express,,Mon,Tue,Wed,Thu,Fri
17:49:58,3,King Drive,,Mon,Tue,Wed,Thu,Fri
07:02:21,147,Outer DuSable Lake Shore Express,,Sat
14:48:17,146,Inner Lake Shore/Michigan Express,,Sat
08:07:21,147,Outer DuSable Lake Shore Express,,Sat
11:47:12,151,Sheridan,,Sat
20:29:25,147,Outer DuSable Lake Shore Express,,Sat
13:19:31,146,Inner Lake Shore/Michigan Express,,Sat
08:28:43,3,King Drive,,Mon,Tue,Wed,Thu,Fri
20:45:31,3,King Drive,,Mon,Tue,Wed,Thu,Fri
21:09:14,146,Inner Lake Shore/Michigan Express,,Mon,Tue,Wed,Thu,Fri
12:36:01,3,King Drive,,Mon,Tue,Wed,Thu,Fri
11:53:01,3,King Drive,,Sat
19:46:15,146,Inner Lake Shore/Michigan Express,,Sat
15:51:15,148,Clarendon/Michigan Express,,Mon,Tue,Wed,Thu,Fri
14:36:19,151,Sheridan,,Sat
14:36:19,151,Sheridan,,Sat
07:15:24,146,Inner Lake Shore/Michigan Express,,Sat
23:44:25,3,King Drive,,Sat
21:34:38,147,Outer DuSable Lake Shore Express,,Sat
14:19:14,146,Inner Lake Shore/Michigan Express,,Sun
22:14:38,147,Outer DuSable Lake Shore Express,,Sat
06:00:20,3,King Drive,,Mon,Tue,Wed,Thu,Fri
07:19:21,147,Outer DuSable Lake Shore Express,,Sat
17:28:03,146,Inner Lake Shore/Michigan Express,,Sat
10:47:44,151,Sheridan,,Sat
21:08:53,147,Outer DuSable Lake Shore Express,,Mon,Tue,Wed,Thu,Fri
17:17:17,151,Sheridan,,Sat
13:52:10,147,Outer DuSable Lake Shore Express,,Sat
15:01:10,151,Sheridan,,Mon,Tue,Wed,Thu,Fri
16:26:55,147,Outer DuSable Lake Shore Express,,Sun
06:39:35,147,Outer DuSable Lake Shore Express,,Mon,Tue,Wed,Thu,Fri
17:55:00,146,Inner Lake Shore/Michigan Express,,Sun
09:00:08,3,King Drive,,Sun
07:21:03,151,Sheridan,,Sat
13:32:51,26,South Shore Express,,Mon,Tue,Wed,Thu,Fri
12:46:07,147,Outer DuSable Lake Shore Express,,Sun
06:03:05,151,Sheridan,,Sat
15:13:10,151,Sheridan,,Mon,Tue,Wed,Thu,Fri
11:43:31,3,King Drive,,Sat
15:42:55,147,Outer DuSable Lake Shore Express,,Mon,Tue,Wed,Thu,Fri
17:49:06,151,Sheridan,,Mon,Tue,Wed,Thu,Fri
14:25:10,151,Sheridan,,Mon,Tue,Wed,Thu,Fri
09:53:28,151,Sheridan,,Mon,Tue,Wed,Thu,Fri
17:07:04,146,Inner Lake Shore/Michigan Express,,Mon,Tue,Wed,Thu,Fri
14:20:06,151,Sheridan,,Sat
17:55:06,146,Inner Lake Shore/Michigan Express,,Mon,Tue,Wed,Thu,Fri
14:33:01,3,King Drive,,Sun
21:54:38,3,King Drive,,Sun
15:36:58,3,King Drive,,Sat
00:41:19,151,Sheridan,,Tue,Wed,Thu,Fri,Sat
18:58:26,147,Outer DuSable Lake Shore Express,,Sat
22:15:14,151,Sheridan,,Mon,Tue,Wed,Thu,Fri
18:59:10,151,Sheridan,,Mon,Tue,Wed,Thu,Fri
07:38:19,151,Sheridan,,Sun
20:50:53,147,Outer DuSable Lake Shore Express,,Mon,Tue,Wed,Thu,Fri
16:55:30,125,Water Tower Express,,Mon,Tue,Wed,Thu,Fri
19:57:00,146,Inner Lake Shore/Michigan Express,,Sat
18:34:44,146,Inner Lake Shore/Michigan Express,,Sun
17:21:00,146,Inner Lake Shore/Michigan Express,,Sun
16:33:30,125,Water Tower Express,,Mon,Tue,Wed,Thu,Fri
16:38:40,147,Outer DuSable Lake Shore Express,,Mon,Tue,Wed,Thu,Fri
18:22:42,143,Stockton/Michigan Express,,Mon,Tue,Wed,Thu,Fri
12:03:56,151,Sheridan,,Sat
22:42:44,146,Inner Lake Shore/Michigan Express,,Sat
08:27:44,151,Sheridan,,Mon,Tue,Wed,Thu,Fri
18:11:00,146,Inner Lake Shore/Michigan Express,,Sun
09:12:27,146,Inner Lake Shore/Michigan Express,,Mon,Tue,Wed,Thu,Fri
23:08:57,146,Inner Lake Shore/Michigan Express,,Mon,Tue,Wed,Thu,Fri
16:49:48,146,Inner Lake Shore/Michigan Express,,Mon,Tue,Wed,Thu,Fri
14:40:17,146,Inner Lake Shore/Michigan Express,,Sat
12:49:26,151,Sheridan,,Mon,Tue,Wed,Thu,Fri
17:51:27,147,Outer DuSable Lake Shore Express,,Sat
08:24:52,147,Outer DuSable Lake Shore Express,,Mon,Tue,Wed,Thu,Fri
09:16:38,3,King Drive,,Sun
23:26:13,146,Inner Lake Shore/Michigan Express,,Sat
13:52:10,147,Outer DuSable Lake Shore Express,,Sat
20:29:42,151,Sheridan,,Mon,Tue,Wed,Thu,Fri
19:59:45,146,Inner Lake Shore/Michigan Express,,Mon,Tue,Wed,Thu,Fri
13:56:08,151,Sheridan,,Sat
14:52:03,151,Sheridan,,Sat
13:33:56,147,Outer DuSable Lake Shore Express,,Sat
15:36:58,3,King Drive,,Sat
23:43:22,147,Outer DuSable Lake Shore Express,,Sun
11:11:13,3,King Drive,,Sat
13:13:26,151,Sheridan,,Mon,Tue,Wed,Thu,Fri
14:45:12,147,Outer DuSable Lake Shore Express,,Sat
23:25:07,147,Outer DuSable Lake Shore Express,,Sat
19:26:42,151,Sheridan,,Sun
08:37:21,147,Outer DuSable Lake Shore Express,,Sun
20:50:53,147,Outer DuSable Lake Shore Express,,Mon,Tue,Wed,Thu,Fri
05:30:34,147,Outer DuSable Lake Shore Express,,Mon,Tue,Wed,Thu,Fri
06:28:38,3,King Drive,,Mon,Tue,Wed,Thu,Fri
17:34:06,151,Sheridan,,Mon,Tue,Wed,Thu,Fri
15:10:00,125,Water Tower Express,,Mon,Tue,Wed,Thu,Fri
06:36:19,151,Sheridan,,Sun
16:57:42,147,Outer DuSable Lake Shore Express,,Sat
20:33:24,147,Outer DuSable Lake Shore Express,,Mon,Tue,Wed,Thu,Fri
13:29:54,147,Outer DuSable Lake Shore Express,,Mon,Tue,Wed,Thu,Fri
14:44:19,151,Sheridan,,Sat
21:14:38,147,Outer DuSable Lake Shore Express,,Sat
18:59:10,151,Sheridan,,Mon,Tue,Wed,Thu,Fri
19:47:24,147,Outer DuSable Lake Shore Express,,Mon,Tue,Wed,Thu,Fri
18:19:00,146,Inner Lake Shore/Michigan Express,,Sun
15:52:30,146,Inner Lake Shore/Michigan Express,,Sun
19:53:54,151,Sheridan,,Sat
13:44:17,146,Inner Lake Shore/Michigan Express,,Sat
11:09:43,3,King Drive,,Sun
17:11:42,147,Outer DuSable Lake Shore Express,,Sat
01:47:19,151,Sheridan,,Sun
05:35:05,151,Sheridan,,Mon,Tue,Wed,Thu,Fri
11:33:43,146,Inner Lake Shore/Michigan Express,,Mon,Tue,Wed,Thu,Fri
19:19:06,3,King Drive,,Sat
20:52:44,146,Inner Lake Shore/Michigan Express,,Mon,Tue,Wed,Thu,Fri
08:19:08,3,King Drive,,Sun
12:29:01,3,King Drive,,Sat
18:17:11,147,Outer DuSable Lake Shore Express,,Mon,Tue,Wed,Thu,Fri
06:30:49,151,Sheridan,,Mon,Tue,Wed,Thu,Fri
20:43:00,146,Inner Lake Shore/Michigan Express,,Sat
23:08:13,3,King Drive,,Sat
17:16:25,147,Outer DuSable Lake Shore Express,,Sun
15:32:31,3,King Drive,,Mon,Tue,Wed,Thu,Fri
12:11:56,151,Sheridan,,Sat
15:42:55,147,Outer DuSable Lake Shore Express,,Mon,Tue,Wed,Thu,Fri
21:04:54,147,Outer DuSable Lake Shore Express,,Sat
19:14:55,147,Outer DuSable Lake Shore Express,,Mon,Tue,Wed,Thu,Fri
19:33:54,151,Sheridan,,Sat
18:01:36,146,Inner Lake Shore/Michigan Express,,Mon,Tue,Wed,Thu,Fri
15:51:55,147,Outer DuSable Lake Shore Express,,Mon,Tue,Wed,Thu,Fri
13:16:30,146,Inner Lake Shore/Michigan Express,,Mon,Tue,Wed,Thu,Fri
23:54:28,151,Sheridan,,Sat
15:28:31,146,Inner Lake Shore/Michigan Express,,Mon,Tue,Wed,Thu,Fri
17:01:17,151,Sheridan,,Sat
12:58:58,151,Sheridan,,Sun
17:51:42,147,Outer DuSable Lake Shore Express,,Mon,Tue,Wed,Thu,Fri
07:15:24,146,Inner Lake Shore/Michigan Express,,Sat
19:53:25,3,King Drive,,Sun
06:56:20,3,King Drive,,Sun
15:32:39,147,Outer DuSable Lake Shore Express,,Sun
23:37:10,146,Inner Lake Shore/Michigan Express,,Sun
20:05:00,146,Inner Lake Shore/Michigan Express,,Sat
16:32:45,148,Clarendon/Michigan Express,,Mon,Tue,Wed,Thu,Fri
10:53:13,146,Inner Lake Shore/Michigan Express,,Mon,Tue,Wed,Thu,Fri
18:06:25,147,Outer DuSable Lake Shore Express,,Sun
23:01:00,151,Sheridan,,Sun
09:46:57,146,Inner Lake Shore/Michigan Express,,Mon,Tue,Wed,Thu,Fri
08:38:57,146,Inner Lake Shore/Michigan Express,,Mon,Tue,Wed,Thu,Fri
14:57:14,146,Inner Lake Shore/Michigan Express,,Mon,Tue,Wed,Thu,Fri
07:51:52,147,Outer DuSable Lake Shore Express,,Mon,Tue,Wed,Thu,Fri
07:52:46,151,Sheridan,,Sat
09:37:40,146,Inner Lake Shore/Michigan Express,,Sun
10:15:30,26,South Shore Express,,Mon,Tue,Wed,Thu,Fri
19:30:55,147,Outer DuSable Lake Shore Express,,Sat
23:23:52,147,Outer DuSable Lake Shore Express,,Sun
17:19:20,146,Inner Lake Shore/Michigan Express,,Mon,Tue,Wed,Thu,Fri
13:10:45,146,Inner Lake Shore/Michigan Express,,Sat
21:36:08,3,King Drive,,Sun
08:56:44,151,Sheridan,,Mon,Tue,Wed,Thu,Fri
14:20:06,151,Sheridan,,Sat
17:33:26,151,Sheridan,,Sun
19:38:12,151,Sheridan,,Sun
10:03:43,3,King Drive,,Mon,Tue,Wed,Thu,Fri
11:54:28,146,Inner Lake Shore/Michigan Express,,Mon,Tue,Wed,Thu,Fri
16:27:17,146,Inner Lake Shore/Michigan Express,,Mon,Tue,Wed,Thu,Fri
17:14:34,146,Inner Lake Shore/Michigan Express,,Mon,Tue,Wed,Thu,Fri
23:28:13,3,King Drive,,Sat
09:06:14,151,Sheridan,,Mon,Tue,Wed,Thu,Fri
14:08:17,146,Inner Lake Shore/Michigan Express,,Sat
23:20:30,151,Sheridan,,Sun
09:25:30,151,Sheridan,,Sat
12:23:53,147,Outer DuSable Lake Shore Express,,Sun
12:25:26,151,Sheridan,,Mon,Tue,Wed,Thu,Fri
08:58:40,146,Inner Lake Shore/Michigan Express,,Sun
21:23:44,151,Sheridan,,Sun
19:47:00,146,Inner Lake Shore/Michigan Express,,Mon,Tue,Wed,Thu,Fri
18:08:06,146,Inner Lake Shore/Michigan Express,,Mon,Tue,Wed,Thu,Fri
15:41:48,3,King Drive,,Sun
23:05:07,147,Outer DuSable Lake Shore Express,,Sat
17:44:06,151,Sheridan,,Mon,Tue,Wed,Thu,Fri
13:16:30,146,Inner Lake Shore/Michigan Express,,Mon,Tue,Wed,Thu,Fri
19:59:26,151,Sheridan,,Mon,Tue,Wed,Thu,Fri
17:31:48,3,King Drive,,Sun
14:05:51,26,South Shore Express,,Mon,Tue,Wed,Thu,Fri
12:38:24,151,Sheridan,,Sat
06:36:19,151,Sheridan,,Sun
09:25:14,151,Sheridan,,Mon,Tue,Wed,Thu,Fri
18:44:58,3,King Drive,,Mon,Tue,Wed,Thu,Fri
10:02:30,26,South Shore Express,,Mon,Tue,Wed,Thu,Fri
00:25:00,151,Sheridan,,Sun
09:57:57,146,Inner Lake Shore/Michigan Express,,Mon,Tue,Wed,Thu,Fri
08:34:25,146,Inner Lake Shore/Michigan Express,,Sat
20:09:31,3,King Drive,,Mon,Tue,Wed,Thu,Fri
14:11:01,3,King Drive,,Sun
11:33:43,3,King Drive,,Sun
08:23:33,151,Sheridan,,Sat
05:57:20,3,King Drive,,Sat
15:39:47,146,Inner Lake Shore/Michigan Express,,Mon,Tue,Wed,Thu,Fri
18:14:36,146,Inner Lake Shore/Michigan Express,,Mon,Tue,Wed,Thu,Fri
15:52:30,146,Inner Lake Shore/Michigan Express,,Sun
10:44:30,26,South Shore Express,,Mon,Tue,Wed,Thu,Fri
18:12:27,147,Outer DuSable Lake Shore Express,,Mon,Tue,Wed,Thu,Fri
21:36:13,146,Inner Lake Shore/Michigan Express,,Mon,Tue,Wed,Thu,Fri
18:23:26,151,Sheridan,,Sun
13:19:07,147,Outer DuSable Lake Shore Express,,Sun
15:14:34,146,Inner Lake Shore/Michigan Express,,Sat
18:49:41,147,Outer DuSable Lake Shore Express,,Sat
10:44:30,26,South Shore Express,,Mon,Tue,Wed,Thu,Fri
22:08:27,146,Inner Lake Shore/Michigan Express,,Sun
22:00:14,151,Sheridan,,Mon,Tue,Wed,Thu,Fri
11:45:43,3,King Drive,,Sun
20:47:44,151,Sheridan,,Sun
14:26:44,146,Inner Lake Shore/Michigan Express,,Mon,Tue,Wed,Thu,Fri
09:31:00,26,South Shore Express,,Mon,Tue,Wed,Thu,Fri
06:57:19,151,Sheridan,,Sun
17:09:48,3,King Drive,,Sun
08:18:00,151,Sheridan,,Mon,Tue,Wed,Thu,Fri
15:09:58,3,King Drive,,Sat
11:09:43,3,King Drive,,Sun
07:15:38,3,King Drive,,Mon,Tue,Wed,Thu,Fri
07:38:08,3,King Drive,,Mon,Tue,Wed,Thu,Fri
09:07:00,26,South Shore Express,,Mon,Tue,Wed,Thu,Fri
09:20:22,147,Outer DuSable Lake Shore Express,,Mon,Tue,Wed,Thu,Fri
10:09:55,146,Inner Lake Shore/Michigan Express,,Sat
09:57:57,146,Inner Lake Shore/Michigan Express,,Mon,Tue,Wed,Thu,Fri
20:58:08,3,King Drive,,Sun
16:15:09,147,Outer DuSable Lake Shore Express,,Sun
10:41:13,3,King Drive,,Sat
14:53:58,147,Outer DuSable Lake Shore Express,,Sat
09:28:36,147,Outer DuSable Lake Shore Express,,Sat
18:58:43,3,King Drive,,Sun
05:49:20,147,Outer DuSable Lake Shore Express,,Mon,Tue,Wed,Thu,Fri
10:28:00,151,Sheridan,,Sun
10:22:35,147,Outer DuSable Lake Shore Express,,Sun
18:46:25,147,Outer DuSable Lake Shore Express,,Sun
15:18:01,146,Inner Lake Shore/Michigan Express,,Mon,Tue,Wed,Thu,Fri
09:49:05,147,Outer DuSable Lake Shore Express,,Sun
18:48:15,148,Clarendon/Michigan Express,,Mon,Tue,Wed,Thu,Fri
18:57:06,3,King Drive,,Sat
14:47:14,146,Inner Lake Shore/Michigan Express,,Mon,Tue,Wed,Thu,Fri
12:29:44,146,Inner Lake Shore/Michigan Express,,Sat
13:39:08,151,Sheridan,,Sat
14:40:39,147,Outer DuSable Lake Shore Express,,Mon,Tue,Wed,Thu,Fri
05:57:20,3,King Drive,,Sat
21:10:27,146,Inner Lake Shore/Michigan Express,,Sun
21:15:14,151,Sheridan,,Mon,Tue,Wed,Thu,Fri
18:45:43,3,King Drive,,Sun
15:28:31,146,Inner Lake Shore/Michigan Express,,Mon,Tue,Wed,Thu,Fri
19:15:42,151,Sheridan,,Sun
17:36:58,3,King Drive,,Sat
07:23:08,3,King Drive,,Mon,Tue,Wed,Thu,Fri
15:27:58,3,King Drive,,Sat
06:35:20,3,King Drive,,Sat
17:55:00,146,Inner Lake Shore/Michigan Express,,Sun
14:12:22,151,Sheridan,,Sat
19:24:57,146,Inner Lake Shore/Michigan Express,,Sun
16:36:30,146,Inner Lake Shore/Michigan Express,,Sun
18:01:20,148,Clarendon/Michigan Express,,Mon,Tue,Wed,Thu,Fri
19:42:31,3,King Drive,,Mon,Tue,Wed,Thu,Fri
17:46:12,147,Outer DuSable Lake Shore Express,,Mon,Tue,Wed,Thu,Fri
20:56:25,147,Outer DuSable Lake Shore Express,,Sat
22:17:25,3,King Drive,,Mon,Tue,Wed,Thu,Fri
09:23:00,125,Water Tower Express,,Mon,Tue,Wed,Thu,Fri
18:34:47,148,Clarendon/Michigan Express,,Mon,Tue,Wed,Thu,Fri
12:09:57,146,Inner Lake Shore/Michigan Express,,Sun
08:58:33,151,Sheridan,,Sun
20:23:57,146,Inner Lake Shore/Michigan Express,,Sun
12:58:01,3,King Drive,,Mon,Tue,Wed,Thu,Fri
19:06:40,147,Outer DuSable Lake Shore Express,,Sat
18:43:47,146,Inner Lake Shore/Michigan Express,,Sat
11:23:28,146,Inner Lake Shore/Michigan Express,,Mon,Tue,Wed,Thu,Fri
22:05:27,146,Inner Lake Shore/Michigan Express,,Mon,Tue,Wed,Thu,Fri
06:31:10,146,Inner Lake Shore/Michigan Express,,Mon,Tue,Wed,Thu,Fri
11:35:57,146,Inner Lake Shore/Michigan Express,,Sun
12:09:57,146,Inner Lake Shore/Michigan Express,,Sun
07:56:00,151,Sheridan,,Mon,Tue,Wed,Thu,Fri
21:09:14,146,Inner Lake Shore/Michigan Express,,Mon,Tue,Wed,Thu,Fri
17:31:48,3,King Drive,,Sun
08:14:43,3,King Drive,,Mon,Tue,Wed,Thu,Fri
13:24:58,146,Inner Lake Shore/Michigan Express,,Sun
17:06:25,147,Outer DuSable Lake Shore Express,,Sun
14:56:17,146,Inner Lake Shore/Michigan Express,,Sat
21:56:13,146,Inner Lake Shore/Michigan Express,,Mon,Tue,Wed,Thu,Fri
17:04:11,147,Outer DuSable Lake Shore Express,,Mon,Tue,Wed,Thu,Fri
06:22:35,147,Outer DuSable Lake Shore Express,,Sat
16:21:58,3,King Drive,,Mon,Tue,Wed,Thu,Fri
16:27:30,146,Inner Lake Shore/Michigan Express,,Sun
18:29:18,146,Inner Lake Shore/Michigan Express,,Sat
07:45:38,3,King Drive,,Sat
09:46:30,151,Sheridan,,Sat
12:24:57,146,Inner Lake Shore/Michigan Express,,Sun
21:27:23,147,Outer DuSable Lake Shore Express,,Sun
21:09:25,3,King Drive,,Mon,Tue,Wed,Thu,Fri
07:45:38,3,King Drive,,Sat
15:00:03,151,Sheridan,,Sat
13:47:38,151,Sheridan,,Sat
18:22:04,146,Inner Lake Shore/Michigan Express,,Sat
10:03:00,151,Sheridan,,Sun
17:18:04,148,Clarendon/Michigan Express,,Mon,Tue,Wed,Thu,Fri
17:27:58,3,King Drive,,Mon,Tue,Wed,Thu,Fri
20:38:25,147,Outer DuSable Lake Shore Express,,Sat
17:31:31,143,Stockton/Michigan Express,,Mon,Tue,Wed,Thu,Fri
19:06:40,147,Outer DuSable Lake Shore Express,,Sat
15:19:28,147,Outer DuSable Lake Shore Express,,Sat
17:18:00,125,Water Tower Express,,Mon,Tue,Wed,Thu,Fri
17:35:36,146,Inner Lake Shore/Michigan Express,,Mon,Tue,Wed,Thu,Fri
08:47:43,3,King Drive,,Mon,Tue,Wed,Thu,Fri
23:58:40,146,Inner Lake Shore/Michigan Express,,Mon,Tue,Wed,Thu,Fri
10:04:28,151,Sheridan,,Mon,Tue,Wed,Thu,Fri
19:30:55,147,Outer DuSable Lake Shore Express,,Sat
07:58:51,147,Outer DuSable Lake Shore Express,,Sun
18:04:36,151,Sheridan,,Sat
11:21:43,3,King Drive,,Sun
13:25:06,3,King Drive,,Sat
22:45:30,151,Sheridan,,Mon,Tue,Wed,Thu,Fri
16:04:03,151,Sheridan,,Sat
14:19:14,146,Inner Lake Shore/Michigan Express,,Sun
23:32:03,3,King Drive,,Sun
16:14:38,151,Sheridan,,Mon,Tue,Wed,Thu,Fri
11:33:01,3,King Drive,,Sat
20:31:44,151,Sheridan,,Sun
17:37:12,147,Outer DuSable Lake Shore Express,,Mon,Tue,Wed,Thu,Fri
17:56:19,151,Sheridan,,Sat
19:43:57,146,Inner Lake Shore/Michigan Express,,Sun
11:03:44,151,Sheridan,,Sun
07:12:38,146,Inner Lake Shore/Michigan Express,,Sun
15:36:28,147,Outer DuSable Lake Shore Express,,Sat
22:18:37,147,Outer DuSable Lake Shore Express,,Mon,Tue,Wed,Thu,Fri
06:09:50,3,King Drive,,Mon,Tue,Wed,Thu,Fri
13:06:30,146,Inner Lake Shore/Michigan Express,,Mon,Tue,Wed,Thu,Fri
22:25:27,146,Inner Lake Shore/Michigan Express,,Sun
17:54:06,151,Sheridan,,Mon,Tue,Wed,Thu,Fri
18:35:06,3,King Drive,,Sat
23:30:20,3,King Drive,,Mon,Tue,Wed,Thu,Fri
08:13:33,151,Sheridan,,Sun
15:14:34,146,Inner Lake Shore/Michigan Express,,Sat
06:22:35,147,Outer DuSable Lake Shore Express,,Sat
17:39:06,151,Sheridan,,Mon,Tue,Wed,Thu,Fri
12:02:01,3,King Drive,,Sat
19:37:23,147,Outer DuSable Lake Shore Express,,Sun
17:36:25,147,Outer DuSable Lake Shore Express,,Sun
19:24:09,147,Outer DuSable Lake Shore Express,,Mon,Tue,Wed,Thu,Fri
07:37:03,151,Sheridan,,Sat
00:25:00,151,Sheridan,,Sun
16:10:17,146,Inner Lake Shore/Michigan Express,,Mon,Tue,Wed,Thu,Fri
13:49:42,151,Sheridan,,Sun
07:13:30,125,Water Tower Express,,Mon,Tue,Wed,Thu,Fri
19:40:18,3,King Drive,,Sat
09:23:00,125,Water Tower Express,,Mon,Tue,Wed,Thu,Fri
21:42:25,3,King Drive,,Mon,Tue,Wed,Thu,Fri
09:50:30,151,Sheridan,,Sun
06:55:21,147,Outer DuSable Lake Shore Express,,Mon,Tue,Wed,Thu,Fri
20:47:25,147,Outer DuSable Lake Shore Express,,Sat
14:21:42,151,Sheridan,,Sun
22:41:30,151,Sheridan,,Sun
21:53:25,3,King Drive,,Mon,Tue,Wed,Thu,Fri
22:37:38,147,Outer DuSable Lake Shore Express,,Sat
22:02:30,151,Sheridan,,Sun
16:20:15,148,Clarendon/Michigan Express,,Mon,Tue,Wed,Thu,Fri
05:35:20,3,King Drive,,Mon,Tue,Wed,Thu,Fri
20:45:31,3,King Drive,,Mon,Tue,Wed,Thu,Fri
16:36:48,3,King Drive,,Sun
10:51:13,3,King Drive,,Sat
17:26:58,3,King Drive,,Sat
16:54:20,146,Inner Lake Shore/Michigan Express,,Sat
22:17:25,3,King Drive,,Mon,Tue,Wed,Thu,Fri
21:04:44,151,Sheridan,,Sun
08:08:16,151,Sheridan,,Sat
18:15:48,3,King Drive,,Sun
17:03:26,151,Sheridan,,Sun
06:42:35,147,Outer DuSable Lake Shore Express,,Sat
20:08:08,3,King Drive,,Sun
09:00:22,147,Outer DuSable Lake Shore Express,,Mon,Tue,Wed,Thu,Fri
12:11:01,3,King Drive,,Sat
12:03:56,151,Sheridan,,Sat
23:25:37,147,Outer DuSable Lake Shore Express,,Mon,Tue,Wed,Thu,Fri
13:01:30,146,Inner Lake Shore/Michigan Express,,Sat
12:56:30,146,Inner Lake Shore/Michigan Express,,Mon,Tue,Wed,Thu,Fri
17:53:48,3,King Drive,,Sun
08:14:10,146,Inner Lake Shore/Michigan Express,,Sat
20:51:23,147,Outer DuSable Lake Shore Express,,Sun
22:30:30,151,Sheridan,,Mon,Tue,Wed,Thu,Fri
17:33:50,148,Clarendon/Michigan Express,,Mon,Tue,Wed,Thu,Fri
17:46:30,146,Inner Lake Shore/Michigan Express,,Sun
23:11:20,3,King Drive,,Sun
23:44:25,3,King Drive,,Sat
17:10:48,146,Inner Lake Shore/Michigan Express,,Sat
17:49:06,151,Sheridan,,Mon,Tue,Wed,Thu,Fri
16:58:13,143,Stockton/Michigan Express,,Mon,Tue,Wed,Thu,Fri
12:47:01,3,King Drive,,Mon,Tue,Wed,Thu,Fri
16:12:04,146,Inner Lake Shore/Michigan Express,,Sat
16:46:28,143,Stockton/Michigan Express,,Mon,Tue,Wed,Thu,Fri
18:06:25,147,Outer DuSable Lake Shore Express,,Sun
17:51:44,143,Stockton/Michigan Express,,Mon,Tue,Wed,Thu,Fri
21:08:53,147,Outer DuSable Lake Shore Express,,Mon,Tue,Wed,Thu,Fri
16:54:48,146,Inner Lake Shore/Michigan Express,,Mon,Tue,Wed,Thu,Fri
17:48:36,146,Inner Lake Shore/Michigan Express,,Mon,Tue,Wed,Thu,Fri
18:33:00,125,Water Tower Express,,Mon,Tue,Wed,Thu,Fri
11:01:13,3,King Drive,,Sat
07:56:33,151,Sheridan,,Sun
17:07:04,146,Inner Lake Shore/Michigan Express,,Mon,Tue,Wed,Thu,Fri
11:48:42,151,Sheridan,,Mon,Tue,Wed,Thu,Fri
07:09:02,26,South Shore Express,,Mon,Tue,Wed,Thu,Fri
14:35:57,147,Outer DuSable Lake Shore Express,,Sat
20:33:23,147,Outer DuSable Lake Shore Express,,Sun
07:19:21,147,Outer DuSable Lake Shore Express,,Sat
19:04:42,151,Sheridan,,Sun
18:16:25,147,Outer DuSable Lake Shore Express,,Sun
16:20:04,146,Inner Lake Shore/Michigan Express,,Sat
05:21:34,26,South Shore Express,,Mon,Tue,Wed,Thu,Fri
19:07:43,146,Inner Lake Shore/Michigan Express,,Sun
21:33:13,3,King Drive,,Sat
06:34:18,26,South Shore Express,,Mon,Tue,Wed,Thu,Fri
17:10:18,148,Clarendon/Michigan Express,,Mon,Tue,Wed,Thu,Fri
08:14:27,146,Inner Lake Shore/Michigan Express,,Mon,Tue,Wed,Thu,Fri
22:25:38,147,Outer DuSable Lake Shore Express,,Sat
14:47:14,146,Inner Lake Shore/Michigan Express,,Mon,Tue,Wed,Thu,Fri
14:25:10,151,Sheridan,,Mon,Tue,Wed,Thu,Fri
17:11:42,147,Outer DuSable Lake Shore Express,,Sat
17:42:06,146,Inner Lake Shore/Michigan Express,,Mon,Tue,Wed,Thu,Fri
23:08:57,146,Inner Lake Shore/Michigan Express,,Mon,Tue,Wed,Thu,Fri
17:36:58,3,King Drive,,Sat
20:54:56,151,Sheridan,,Sat
23:00:14,151,Sheridan,,Mon,Tue,Wed,Thu,Fri
20:58:08,3,King Drive,,Sun
16:13:56,151,Sheridan,,Sun
12:41:14,146,Inner Lake Shore/Michigan Express,,Sat
24:02:00,151,Sheridan,,Mon,Tue,Wed,Thu,Fri
11:27:22,147,Outer DuSable Lake Shore Express,,Sun
12:15:44,146,Inner Lake Shore/Michigan Express,,Mon,Tue,Wed,Thu,Fri
22:31:37,147,Outer DuSable Lake Shore Express,,Mon,Tue,Wed,Thu,Fri
11:17:11,146,Inner Lake Shore/Michigan Express,,Sun
23:44:43,146,Inner Lake Shore/Michigan Express,,Sat
10:54:13,3,King Drive,,Mon,Tue,Wed,Thu,Fri
19:33:45,146,Inner Lake Shore/Michigan Express,,Mon,Tue,Wed,Thu,Fri
10:06:55,3,King Drive,,Sat
08:29:30,125,Water Tower Express,,Mon,Tue,Wed,Thu,Fri
18:54:47,146,Inner Lake Shore/Michigan Express,,Mon,Tue,Wed,Thu,Fri
09:15:44,151,Sheridan,,Mon,Tue,Wed,Thu,Fri
20:55:18,3,King Drive,,Sat
18:16:27,147,Outer DuSable Lake Shore Express,,Sat
13:19:42,151,Sheridan,,Sun
22:18:37,147,Outer DuSable Lake Shore Express,,Mon,Tue,Wed,Thu,Fri
14:52:28,3,King Drive,,Sat
14:24:17,146,Inner Lake Shore/Michigan Express,,Sat
06:57:32,26,South Shore Express,,Mon,Tue,Wed,Thu,Fri
14:13:10,151,Sheridan,,Mon,Tue,Wed,Thu,Fri
06:08:40,146,Inner Lake Shore/Michigan Express,,Mon,Tue,Wed,Thu,Fri
16:32:40,147,Outer DuSable Lake Shore Express,,Mon,Tue,Wed,Thu,Fri
11:18:23,147,Outer DuSable Lake Shore Express,,Mon,Tue,Wed,Thu,Fri
08:42:22,147,Outer DuSable Lake Shore Express,,Mon,Tue,Wed,Thu,Fri
19:12:43,3,King Drive,,Sun
14:28:06,151,Sheridan,,Sat
17:04:11,147,Outer DuSable Lake Shore Express,,Mon,Tue,Wed,Thu,Fri
15:21:39,147,Outer DuSable Lake Shore Express,,Sun
11:43:43,146,Inner Lake Shore/Michigan Express,,Mon,Tue,Wed,Thu,Fri
19:27:45,146,Inner Lake Shore/Michigan Express,,Mon,Tue,Wed,Thu,Fri
08:56:30,26,South Shore Express,,Mon,Tue,Wed,Thu,Fri
11:51:13,146,Inner Lake Shore/Michigan Express,,Sat
24:03:43,146,Inner Lake Shore/Michigan Express,,Sat
19:19:06,3,King Drive,,Sat
09:57:00,151,Sheridan,,Sat
18:14:04,146,Inner Lake Shore/Michigan Express,,Sat
22:28:00,146,Inner Lake Shore/Michigan Express,,Sat
10:08:57,146,Inner Lake Shore/Michigan Express,,Mon,Tue,Wed,Thu,Fri
18:00:29,143,Stockton/Michigan Express,,Mon,Tue,Wed,Thu,Fri
21:56:13,146,Inner Lake Shore/Michigan Express,,Mon,Tue,Wed,Thu,Fri
14:59:31,3,King Drive,,Mon,Tue,Wed,Thu,Fri
06:08:40,146,Inner Lake Shore/Michigan Express,,Mon,Tue,Wed,Thu,Fri
08:59:43,3,King Drive,,Mon,Tue,Wed,Thu,Fri
01:41:19,151,Sheridan,,Tue,Wed,Thu,Fri,Sat
07:36:20,3,King Drive,,Sun
17:04:22,151,Sheridan,,Mon,Tue,Wed,Thu,Fri
08:07:00,151,Sheridan,,Mon,Tue,Wed,Thu,Fri
09:01:57,146,Inner Lake Shore/Michigan Express,,Mon,Tue,Wed,Thu,Fri
14:17:56,147,Outer DuSable Lake Shore Express,,Sat
15:18:15,148,Clarendon/Michigan Express,,Mon,Tue,Wed,Thu,Fri
10:08:57,146,Inner Lake Shore/Michigan Express,,Mon,Tue,Wed,Thu,Fri
14:57:14,146,Inner Lake Shore/Michigan Express,,Mon,Tue,Wed,Thu,Fri
17:21:00,146,Inner Lake Shore/Michigan Express,,Sun
12:29:24,151,Sheridan,,Sat
15:55:18,3,King Drive,,Mon,Tue,Wed,Thu,Fri
15:09:58,3,King Drive,,Sat
08:38:00,26,South Shore Express,,Mon,Tue,Wed,Thu,Fri
21:28:00,146,Inner Lake Shore/Michigan Express,,Sat
10:28:00,151,Sheridan,,Sat
17:12:30,146,Inner Lake Shore/Michigan Express,,Sun
16:54:58,3,King Drive,,Mon,Tue,Wed,Thu,Fri
22:39:12,151,Sheridan,,Sat
07:38:19,151,Sheridan,,Sun
16:43:58,3,King Drive,,Mon,Tue,Wed,Thu,Fri
20:41:24,147,Outer DuSable Lake Shore Express,,Mon,Tue,Wed,Thu,Fri
11:04:28,146,Inner Lake Shore/Michigan Express,,Mon,Tue,Wed,Thu,Fri
08:47:14,151,Sheridan,,Mon,Tue,Wed,Thu,Fri
18:01:36,146,Inner Lake Shore/Michigan Express,,Mon,Tue,Wed,Thu,Fri
17:09:48,3,King Drive,,Sun
16:33:56,151,Sheridan,,Sun
00:20:46,151,Sheridan,,Tue,Wed,Thu,Fri,Sat
18:24:11,147,Outer DuSable Lake Shore Express,,Mon,Tue,Wed,Thu,Fri
08:47:00,26,South Shore Express,,Mon,Tue,Wed,Thu,Fri
10:06:05,147,Outer DuSable Lake Shore Express,,Sun
10:03:00,151,Sheridan,,Sun
06:53:08,3,King Drive,,Mon,Tue,Wed,Thu,Fri
21:28:00,146,Inner Lake Shore/Michigan Express,,Sat
21:45:14,151,Sheridan,,Mon,Tue,Wed,Thu,Fri
17:32:33,151,Sheridan,,Sat
13:29:54,147,Outer DuSable Lake Shore Express,,Mon,Tue,Wed,Thu,Fri
15:00:03,151,Sheridan,,Sat
19:24:31,3,King Drive,,Mon,Tue,Wed,Thu,Fri
09:04:16,151,Sheridan,,Sat
23:26:13,146,Inner Lake Shore/Michigan Express,,Sat
15:54:09,147,Outer DuSable Lake Shore Express,,Sun
14:40:17,146,Inner Lake Shore/Michigan Express,,Sat
07:54:00,26,South Shore Express,,Mon,Tue,Wed,Thu,Fri
17:26:42,147,Outer DuSable Lake Shore Express,,Mon,Tue,Wed,Thu,Fri
21:42:25,3,King Drive,,Mon,Tue,Wed,Thu,Fri
21:16:08,3,King Drive,,Sun
16:18:30,146,Inner Lake Shore/Michigan Express,,Sun
19:53:25,3,King Drive,,Sun
20:12:25,147,Outer DuSable Lake Shore Express,,Sat
15:51:00,125,Water Tower Express,,Mon,Tue,Wed,Thu,Fri
09:15:00,151,Sheridan,,Sat
23:15:14,151,Sheridan,,Mon,Tue,Wed,Thu,Fri
20:43:26,151,Sheridan,,Sat
07:56:20,3,King Drive,,Sun
18:55:41,3,King Drive,,Mon,Tue,Wed,Thu,Fri
22:56:58,146,Inner Lake Shore/Michigan Express,,Sat
18:51:01,146,Inner Lake Shore/Michigan Express,,Sat
07:00:38,3,King Drive,,Mon,Tue,Wed,Thu,Fri
17:37:15,143,Stockton/Michigan Express,,Mon,Tue,Wed,Thu,Fri
17:03:26,151,Sheridan,,Sun
08:56:30,26,South Shore Express,,Mon,Tue,Wed,Thu,Fri
09:10:30,125,Water Tower Express,,Mon,Tue,Wed,Thu,Fri
22:27:57,146,Inner Lake Shore/Michigan Express,,Mon,Tue,Wed,Thu,Fri
10:30:00,26,South Shore Express,,Mon,Tue,Wed,Thu,Fri
11:23:42,151,Sheridan,,Mon,Tue,Wed,Thu,Fri
12:36:30,146,Inner Lake Shore/Michigan Express,,Mon,Tue,Wed,Thu,Fri
09:15:44,151,Sheridan,,Mon,Tue,Wed,Thu,Fri
06:46:32,26,South Shore Express,,Mon,Tue,Wed,Thu,Fri
13:20:01,3,King Drive,,Mon,Tue,Wed,Thu,Fri
16:47:25,147,Outer DuSable Lake Shore Express,,Sun
12:12:23,147,Outer DuSable Lake Shore Express,,Sun
17:46:25,147,Outer DuSable Lake Shore Express,,Sun
19:30:15,146,Inner Lake Shore/Michigan Express,,Sat
08:21:43,3,King Drive,,Mon,Tue,Wed,Thu,Fri
18:11:34,148,Clarendon/Michigan Express,,Mon,Tue,Wed,Thu,Fri
18:12:36,151,Sheridan,,Sat
22:14:38,3,King Drive,,Sun
07:38:30,26,South Shore Express,,Mon,Tue,Wed,Thu,Fri
21:58:00,146,Inner Lake Shore/Michigan Express,,Sat
16:10:28,147,Outer DuSable Lake Shore Express,,Sat
07:23:08,3,King Drive,,Mon,Tue,Wed,Thu,Fri
13:43:06,3,King Drive,,Sat
13:26:30,146,Inner Lake Shore/Michigan Express,,Mon,Tue,Wed,Thu,Fri
19:37:23,147,Outer DuSable Lake Shore Express,,Sun
16:51:26,147,Outer DuSable Lake Shore Express,,Mon,Tue,Wed,Thu,Fri
08:56:05,147,Outer DuSable Lake Shore Express,,Sun
07:30:38,3,King Drive,,Sat
11:46:14,151,Sheridan,,Sun
21:54:38,147,Outer DuSable Lake Shore Express,,Sat
20:58:53,147,Outer DuSable Lake Shore Express,,Mon,Tue,Wed,Thu,Fri
15:21:39,147,Outer DuSable Lake Shore Express,,Sun
16:56:25,147,Outer DuSable Lake Shore Express,,Sun
08:14:43,3,King Drive,,Mon,Tue,Wed,Thu,Fri
10:59:30,26,South Shore Express,,Mon,Tue,Wed,Thu,Fri
12:44:30,26,South Shore Express,,Mon,Tue,Wed,Thu,Fri
07:18:46,26,South Shore Express,,Mon,Tue,Wed,Thu,Fri
22:54:12,151,Sheridan,,Sat
17:20:48,3,King Drive,,Sun
19:53:27,146,Inner Lake Shore/Michigan Express,,Sun
23:09:12,151,Sheridan,,Sat
08:00:38,3,King Drive,,Sat
13:49:26,151,Sheridan,,Mon,Tue,Wed,Thu,Fri
10:36:21,147,Outer DuSable Lake Shore Express,,Sun
14:21:42,151,Sheridan,,Sun
22:45:37,147,Outer DuSable Lake Shore Express,,Mon,Tue,Wed,Thu,Fri
17:22:12,147,Outer DuSable Lake Shore Express,,Mon,Tue,Wed,Thu,Fri
21:39:56,151,Sheridan,,Sat
20:05:24,147,Outer DuSable Lake Shore Express,,Mon,Tue,Wed,Thu,Fri
09:40:00,26,South Shore Express,,Mon,Tue,Wed,Thu,Fri
23:05:25,3,King Drive,,Mon,Tue,Wed,Thu,Fri
21:03:00,146,Inner Lake Shore/Michigan Express,,Sat
10:26:28,151,Sheridan,,Mon,Tue,Wed,Thu,Fri
16:01:30,146,Inner Lake Shore/Michigan Express,,Sun
22:04:38,147,Outer DuSable Lake Shore Express,,Sat
22:33:13,3,King Drive,,Sat
15:18:58,3,King Drive,,Sat
12:18:14,146,Inner Lake Shore/Michigan Express,,Sat
00:36:03,151,Sheridan,,Mon
08:56:05,147,Outer DuSable Lake Shore Express,,Sun
18:33:00,125,Water Tower Express,,Mon,Tue,Wed,Thu,Fri
09:25:30,151,Sheridan,,Sat
21:09:23,147,Outer DuSable Lake Shore Express,,Sun
05:44:20,3,King Drive,,Mon,Tue,Wed,Thu,Fri
09:34:25,3,King Drive,,Sun
16:00:47,146,Inner Lake Shore/Michigan Express,,Mon,Tue,Wed,Thu,Fri
16:13:03,151,Sheridan,,Sat
19:47:00,146,Inner Lake Shore/Michigan Express,,Mon,Tue,Wed,Thu,Fri
05:52:50,3,King Drive,,Mon,Tue,Wed,Thu,Fri
17:29:20,146,Inner Lake Shore/Michigan Express,,Mon,Tue,Wed,Thu,Fri
08:05:25,3,King Drive,,Mon,Tue,Wed,Thu,Fri
21:56:53,147,Outer DuSable Lake Shore Express,,Mon,Tue,Wed,Thu,Fri
07:37:22,147,Outer DuSable Lake Shore Express,,Mon,Tue,Wed,Thu,Fri
08:56:06,147,Outer DuSable Lake Shore Express,,Sat
11:16:13,3,King Drive,,Mon,Tue,Wed,Thu,Fri
05:54:21,151,Sheridan,,Sun
09:50:30,151,Sheridan,,Sun
15:04:17,146,Inner Lake Shore/Michigan Express,,Sat
20:33:24,147,Outer DuSable Lake Shore Express,,Mon,Tue,Wed,Thu,Fri
22:34:38,3,King Drive,,Sun
09:04:16,151,Sheridan,,Sat
13:52:07,147,Outer DuSable Lake Shore Express,,Sun
09:37:40,146,Inner Lake Shore/Michigan Express,,Sun
10:56:28,151,Sheridan,,Sat
13:59:31,3,King Drive,,Sun
19:05:54,147,Outer DuSable Lake Shore Express,,Sun
13:08:07,147,Outer DuSable Lake Shore Express,,Sun
13:04:54,147,Outer DuSable Lake Shore Express,,Mon,Tue,Wed,Thu,Fri
17:11:57,147,Outer DuSable Lake Shore Express,,Mon,Tue,Wed,Thu,Fri
10:50:06,147,Outer DuSable Lake Shore Express,,Sun
17:09:17,151,Sheridan,,Sat
18:05:57,147,Outer DuSable Lake Shore Express,,Mon,Tue,Wed,Thu,Fri
11:03:22,147,Outer DuSable Lake Shore Express,,Sun
16:37:25,147,Outer DuSable Lake Shore Express,,Sun
09:44:36,147,Outer DuSable Lake Shore Express,,Sat
15:14:26,151,Sheridan,,Sun
16:12:04,146,Inner Lake Shore/Michigan Express,,Sat
14:32:12,151,Sheridan,,Sun
23:16:38,3,King Drive,,Mon,Tue,Wed,Thu,Fri
01:47:19,151,Sheridan,,Sun
09:12:27,146,Inner Lake Shore/Michigan Express,,Mon,Tue,Wed,Thu,Fri
23:57:03,3,King Drive,,Sun
16:16:25,147,Outer DuSable Lake Shore Express,,Mon,Tue,Wed,Thu,Fri
07:29:30,125,Water Tower Express,,Mon,Tue,Wed,Thu,Fri
11:29:00,26,South Shore Express,,Mon,Tue,Wed,Thu,Fri
17:25:03,151,Sheridan,,Sat
16:25:48,3,King Drive,,Sun
17:19:33,146,Inner Lake Shore/Michigan Express,,Sat
09:39:38,3,King Drive,,Sat
17:17:17,151,Sheridan,,Sat
10:06:55,3,King Drive,,Sat
16:50:28,147,Outer DuSable Lake Shore Express,,Sat
19:24:57,146,Inner Lake Shore/Michigan Express,,Sun
20:58:27,146,Inner Lake Shore/Michigan Express,,Sun
12:47:01,3,King Drive,,Sat
20:06:45,146,Inner Lake Shore/Michigan Express,,Mon,Tue,Wed,Thu,Fri
21:36:53,147,Outer DuSable Lake Shore Express,,Mon,Tue,Wed,Thu,Fri
09:44:14,151,Sheridan,,Mon,Tue,Wed,Thu,Fri
20:33:00,146,Inner Lake Shore/Michigan Express,,Sat
10:43:43,3,King Drive,,Mon,Tue,Wed,Thu,Fri
17:44:00,143,Stockton/Michigan Express,,Mon,Tue,Wed,Thu,Fri
10:54:13,3,King Drive,,Mon,Tue,Wed,Thu,Fri
17:24:22,151,Sheridan,,Mon,Tue,Wed,Thu,Fri
19:21:31,146,Inner Lake Shore/Michigan Express,,Mon,Tue,Wed,Thu,Fri
19:08:48,3,King Drive,,Mon,Tue,Wed,Thu,Fri
15:14:26,151,Sheridan,,Sun
18:42:58,146,Inner Lake Shore/Michigan Express,,Sun
20:20:55,147,Outer DuSable Lake Shore Express,,Sat
19:43:57,146,Inner Lake Shore/Michigan Express,,Sun
15:16:03,151,Sheridan,,Sat
14:09:10,147,Outer DuSable Lake Shore Express,,Sat
15:32:03,151,Sheridan,,Sat
19:53:54,151,Sheridan,,Sat
10:56:43,3,King Drive,,Sun
15:55:34,146,Inner Lake Shore/Michigan Express,,Sat
06:13:49,151,Sheridan,,Mon,Tue,Wed,Thu,Fri
16:30:58,3,King Drive,,Sat
07:55:10,146,Inner Lake Shore/Michigan Express,,Sat
10:28:00,151,Sheridan,,Sat
17:49:58,3,King Drive,,Mon,Tue,Wed,Thu,Fri
17:16:58,3,King Drive,,Sat
16:57:42,147,Outer DuSable Lake Shore Express,,Sat
18:04:22,151,Sheridan,,Mon,Tue,Wed,Thu,Fri
16:15:09,147,Outer DuSable Lake Shore Express,,Sun
18:53:10,147,Outer DuSable Lake Shore Express,,Mon,Tue,Wed,Thu,Fri
14:45:12,147,Outer DuSable Lake Shore Express,,Sat
09:50:25,146,Inner Lake Shore/Michigan Express,,Sat
22:18:13,3,King Drive,,Sat
19:33:31,3,King Drive,,Mon,Tue,Wed,Thu,Fri
16:37:33,151,Sheridan,,Sat
18:37:03,146,Inner Lake Shore/Michigan Express,,Sat
08:19:08,3,King Drive,,Sun
16:08:25,147,Outer DuSable Lake Shore Express,,Mon,Tue,Wed,Thu,Fri
14:35:23,3,King Drive,,Sat
20:28:18,3,King Drive,,Sat
11:55:26,151,Sheridan,,Sat
22:41:25,3,King Drive,,Mon,Tue,Wed,Thu,Fri
13:34:14,146,Inner Lake Shore/Michigan Express,,Sun
14:56:17,146,Inner Lake Shore/Michigan Express,,Sat
07:19:55,146,Inner Lake Shore/Michigan Express,,Mon,Tue,Wed,Thu,Fri
17:16:45,143,Stockton/Michigan Express,,Mon,Tue,Wed,Thu,Fri
08:37:21,147,Outer DuSable Lake Shore Express,,Sun
08:08:00,26,South Shore Express,,Mon,Tue,Wed,Thu,Fri
07:30:38,3,King Drive,,Mon,Tue,Wed,Thu,Fri
17:22:12,147,Outer DuSable Lake Shore Express,,Mon,Tue,Wed,Thu,Fri
08:01:57,146,Inner Lake Shore/Michigan Express,,Mon,Tue,Wed,Thu,Fri
14:11:01,3,King Drive,,Sun
10:50:06,147,Outer DuSable Lake Shore Express,,Sun
16:21:58,3,King Drive,,Sat
07:38:51,147,Outer DuSable Lake Shore Express,,Sun
15:44:26,151,Sheridan,,Sun
17:56:12,147,Outer DuSable Lake Shore Express,,Mon,Tue,Wed,Thu,Fri
17:01:17,151,Sheridan,,Sat
22:30:30,151,Sheridan,,Mon,Tue,Wed,Thu,Fri
14:10:06,3,King Drive,,Sat
14:44:41,3,King Drive,,Sat
18:00:29,143,Stockton/Michigan Express,,Mon,Tue,Wed,Thu,Fri
18:04:48,3,King Drive,,Sun
20:46:57,146,Inner Lake Shore/Michigan Express,,Sun
17:14:27,147,Outer DuSable Lake Shore Express,,Mon,Tue,Wed,Thu,Fri
08:51:16,151,Sheridan,,Sat
09:44:14,151,Sheridan,,Mon,Tue,Wed,Thu,Fri
16:01:30,146,Inner Lake Shore/Michigan Express,,Sun
17:42:20,148,Clarendon/Michigan Express,,Mon,Tue,Wed,Thu,Fri
07:51:21,147,Outer DuSable Lake Shore Express,,Sat
09:27:38,3,King Drive,,Sat
22:05:25,3,King Drive,,Mon,Tue,Wed,Thu,Fri
16:42:33,148,Clarendon/Michigan Express,,Mon,Tue,Wed,Thu,Fri
13:36:31,3,King Drive,,Sun
05:30:34,147,Outer DuSable Lake Shore Express,,Mon,Tue,Wed,Thu,Fri
12:27:38,147,Outer DuSable Lake Shore Express,,Sat
09:11:33,151,Sheridan,,Sun
17:25:03,151,Sheridan,,Sat
22:22:00,151,Sheridan,,Sun
14:29:39,147,Outer DuSable Lake Shore Express,,Mon,Tue,Wed,Thu,Fri
24:03:43,146,Inner Lake Shore/Michigan Express,,Sat
15:18:58,3,King Drive,,Sat
19:33:45,146,Inner Lake Shore/Michigan Express,,Mon,Tue,Wed,Thu,Fri
22:08:56,151,Sheridan,,Sat
13:10:55,147,Outer DuSable Lake Shore Express,,Sat
12:47:08,151,Sheridan,,Sat
12:11:13,3,King Drive,,Mon,Tue,Wed,Thu,Fri
16:20:04,146,Inner Lake Shore/Michigan Express,,Sat
17:23:26,151,Sheridan,,Sun
12:36:30,146,Inner Lake Shore/Michigan Express,,Mon,Tue,Wed,Thu,Fri
20:17:23,147,Outer DuSable Lake Shore Express,,Sun
10:30:00,26,South Shore Express,,Mon,Tue,Wed,Thu,Fri
08:14:10,146,Inner Lake Shore/Michigan Express,,Sat
20:43:00,146,Inner Lake Shore/Michigan Express,,Sat
23:45:30,151,Sheridan,,Mon,Tue,Wed,Thu,Fri
18:43:47,146,Inner Lake Shore/Michigan Express,,Sat
14:04:22,151,Sheridan,,Sat
23:57:03,3,King Drive,,Sun
15:13:10,151,Sheridan,,Mon,Tue,Wed,Thu,Fri
16:56:41,147,Outer DuSable Lake Shore Express,,Mon,Tue,Wed,Thu,Fri
14:46:14,146,Inner Lake Shore/Michigan Express,,Sun
09:06:14,151,Sheridan,,Mon,Tue,Wed,Thu,Fri
17:38:00,125,Water Tower Express,,Mon,Tue,Wed,Thu,Fri
10:43:43,3,King Drive,,Mon,Tue,Wed,Thu,Fri
10:47:44,151,Sheridan,,Sat
13:36:14,146,Inner Lake Shore/Michigan Express,,Mon,Tue,Wed,Thu,Fri
08:34:25,146,Inner Lake Shore/Michigan Express,,Sat
22:45:37,147,Outer DuSable Lake Shore Express,,Mon,Tue,Wed,Thu,Fri
17:24:31,143,Stockton/Michigan Express,,Mon,Tue,Wed,Thu,Fri
17:55:06,146,Inner Lake Shore/Michigan Express,,Mon,Tue,Wed,Thu,Fri
18:44:10,147,Outer DuSable Lake Shore Express,,Mon,Tue,Wed,Thu,Fri
08:47:14,151,Sheridan,,Mon,Tue,Wed,Thu,Fri
14:32:17,146,Inner Lake Shore/Michigan Express,,Sat
20:23:24,147,Outer DuSable Lake Shore Express,,Mon,Tue,Wed,Thu,Fri
16:24:22,151,Sheridan,,Mon,Tue,Wed,Thu,Fri
22:15:14,151,Sheridan,,Mon,Tue,Wed,Thu,Fri
24:02:00,151,Sheridan,,Mon,Tue,Wed,Thu,Fri
12:36:08,147,Outer DuSable Lake Shore Express,,Mon,Tue,Wed,Thu,Fri
12:59:51,26,South Shore Express,,Mon,Tue,Wed,Thu,Fri
08:50:27,146,Inner Lake Shore/Michigan Express,,Mon,Tue,Wed,Thu,Fri
18:11:58,3,King Drive,,Mon,Tue,Wed,Thu,Fri
13:30:07,147,Outer DuSable Lake Shore Express,,Sun
18:43:03,146,Inner Lake Shore/Michigan Express,,Mon,Tue,Wed,Thu,Fri
19:33:31,3,King Drive,,Mon,Tue,Wed,Thu,Fri
21:27:53,147,Outer DuSable Lake Shore Express,,Mon,Tue,Wed,Thu,Fri
16:48:26,147,Outer DuSable Lake Shore Express,,Mon,Tue,Wed,Thu,Fri
15:30:34,146,Inner Lake Shore/Michigan Express,,Sat
06:24:49,151,Sheridan,,Sat
10:58:11,146,Inner Lake Shore/Michigan Express,,Sun
12:04:28,146,Inner Lake Shore/Michigan Express,,Mon,Tue,Wed,Thu,Fri
17:53:26,151,Sheridan,,Sun
11:25:44,151,Sheridan,,Sun
15:56:03,151,Sheridan,,Sat
17:07:44,143,Stockton/Michigan Express,,Mon,Tue,Wed,Thu,Fri
20:36:44,146,Inner Lake Shore/Michigan Express,,Mon,Tue,Wed,Thu,Fri
14:48:31,3,King Drive,,Mon,Tue,Wed,Thu,Fri
17:56:19,151,Sheridan,,Sat
17:44:42,147,Outer DuSable Lake Shore Express,,Sat
12:09:43,3,King Drive,,Sun
07:10:52,147,Outer DuSable Lake Shore Express,,Mon,Tue,Wed,Thu,Fri
16:46:28,143,Stockton/Michigan Express,,Mon,Tue,Wed,Thu,Fri
24:03:20,3,King Drive,,Mon,Tue,Wed,Thu,Fri
14:11:12,151,Sheridan,,Sun
07:29:46,26,South Shore Express,,Mon,Tue,Wed,Thu,Fri
10:56:43,3,King Drive,,Sun
22:37:38,147,Outer DuSable Lake Shore Express,,Sat
17:25:21,148,Clarendon/Michigan Express,,Mon,Tue,Wed,Thu,Fri
08:28:33,151,Sheridan,,Sun
20:22:40,151,Sheridan,,Sat
20:24:38,3,King Drive,,Sun
14:12:22,151,Sheridan,,Sat
22:29:25,3,King Drive,,Mon,Tue,Wed,Thu,Fri
06:21:18,26,South Shore Express,,Mon,Tue,Wed,Thu,Fri
08:07:21,147,Outer DuSable Lake Shore Express,,Sat
22:25:38,147,Outer DuSable Lake Shore Express,,Sat
13:09:12,151,Sheridan,,Sun
15:14:44,146,Inner Lake Shore/Michigan Express,,Sun
10:13:13,3,King Drive,,Mon,Tue,Wed,Thu,Fri
21:03:00,146,Inner Lake Shore/Michigan Express,,Sat
22:53:25,3,King Drive,,Mon,Tue,Wed,Thu,Fri
07:29:30,125,Water Tower Express,,Mon,Tue,Wed,Thu,Fri
11:21:43,3,King Drive,,Sat
19:38:55,147,Outer DuSable Lake Shore Express,,Sat
07:14:38,3,King Drive,,Sat
14:49:10,151,Sheridan,,Mon,Tue,Wed,Thu,Fri
16:03:48,3,King Drive,,Sun
16:32:58,3,King Drive,,Mon,Tue,Wed,Thu,Fri
17:42:42,147,Outer DuSable Lake Shore Express,,Mon,Tue,Wed,Thu,Fri
09:13:13,3,King Drive,,Mon,Tue,Wed,Thu,Fri
01:11:19,151,Sheridan,,Mon
12:38:27,146,Inner Lake Shore/Michigan Express,,Sun
06:59:35,147,Outer DuSable Lake Shore Express,,Sun
16:04:38,151,Sheridan,,Mon,Tue,Wed,Thu,Fri
19:54:15,146,Inner Lake Shore/Michigan Express,,Sat
18:32:04,146,Inner Lake Shore/Michigan Express,,Mon,Tue,Wed,Thu,Fri
15:01:10,151,Sheridan,,Mon,Tue,Wed,Thu,Fri
20:51:23,147,Outer DuSable Lake Shore Express,,Sun
17:46:30,146,Inner Lake Shore/Michigan Express,,Sun
09:45:43,3,King Drive,,Mon,Tue,Wed,Thu,Fri
20:59:25,3,King Drive,,Mon,Tue,Wed,Thu,Fri
16:36:30,146,Inner Lake Shore/Michigan Express,,Sun
17:38:00,146,Inner Lake Shore/Michigan Express,,Sun
23:05:07,147,Outer DuSable Lake Shore Express,,Sat
01:30:49,151,Sheridan,,Sun
11:53:01,3,King Drive,,Sat
15:21:31,3,King Drive,,Mon,Tue,Wed,Thu,Fri
20:21:15,146,Inner Lake Shore/Michigan Express,,Mon,Tue,Wed,Thu,Fri
17:28:03,146,Inner Lake Shore/Michigan Express,,Sat
16:03:56,151,Sheridan,,Sun
16:03:34,146,Inner Lake Shore/Michigan Express,,Sat
10:40:30,151,Sheridan,,Sun
14:22:37,26,South Shore Express,,Mon,Tue,Wed,Thu,Fri
16:13:56,151,Sheridan,,Sun
09:31:00,26,South Shore Express,,Mon,Tue,Wed,Thu,Fri
15:53:28,147,Outer DuSable Lake Shore Express,,Sat
09:27:38,3,King Drive,,Sat
17:24:31,143,Stockton/Michigan Express,,Mon,Tue,Wed,Thu,Fri
16:06:15,148,Clarendon/Michigan Express,,Mon,Tue,Wed,Thu,Fri
24:03:20,3,King Drive,,Mon,Tue,Wed,Thu,Fri
16:10:17,146,Inner Lake Shore/Michigan Express,,Mon,Tue,Wed,Thu,Fri
18:06:04,146,Inner Lake Shore/Michigan Express,,Sat
20:36:31,3,King Drive,,Mon,Tue,Wed,Thu,Fri
14:56:37,26,South Shore Express,,Mon,Tue,Wed,Thu,Fri
13:17:54,147,Outer DuSable Lake Shore Express,,Mon,Tue,Wed,Thu,Fri
21:45:52,147,Outer DuSable Lake Shore Express,,Sun
12:05:58,146,Inner Lake Shore/Michigan Express,,Sat
13:39:42,151,Sheridan,,Sun
08:14:30,125,Water Tower Express,,Mon,Tue,Wed,Thu,Fri
07:56:33,151,Sheridan,,Sun
18:29:08,151,Sheridan,,Sat
17:35:48,146,Inner Lake Shore/Michigan Express,,Sat
11:03:44,151,Sheridan,,Sun
13:13:43,146,Inner Lake Shore/Michigan Express,,Sun
13:26:30,146,Inner Lake Shore/Michigan Express,,Mon,Tue,Wed,Thu,Fri
12:50:57,146,Inner Lake Shore/Michigan Express,,Sun
20:53:00,146,Inner Lake Shore/Michigan Express,,Sat
15:43:30,146,Inner Lake Shore/Michigan Express,,Sun
16:21:25,147,Outer DuSable Lake Shore Express,,Mon,Tue,Wed,Thu,Fri
15:33:55,147,Outer DuSable Lake Shore Express,,Mon,Tue,Wed,Thu,Fri
15:44:54,151,Sheridan,,Mon,Tue,Wed,Thu,Fri
08:07:52,147,Outer DuSable Lake Shore Express,,Mon,Tue,Wed,Thu,Fri
13:32:51,26,South Shore Express,,Mon,Tue,Wed,Thu,Fri
05:57:05,151,Sheridan,,Mon,Tue,Wed,Thu,Fri
07:05:40,146,Inner Lake Shore/Michigan Express,,Mon,Tue,Wed,Thu,Fri
12:44:30,26,South Shore Express,,Mon,Tue,Wed,Thu,Fri
20:13:10,151,Sheridan,,Sat
10:18:55,3,King Drive,,Sun
09:36:00,151,Sheridan,,Sat
17:09:22,151,Sheridan,,Mon,Tue,Wed,Thu,Fri
14:39:37,26,South Shore Express,,Mon,Tue,Wed,Thu,Fri
20:12:57,146,Inner Lake Shore/Michigan Express,,Sun
13:06:30,146,Inner Lake Shore/Michigan Express,,Mon,Tue,Wed,Thu,Fri
13:19:07,147,Outer DuSable Lake Shore Express,,Sun
16:45:33,151,Sheridan,,Sat
14:42:12,151,Sheridan,,Sun
08:15:00,26,South Shore Express,,Mon,Tue,Wed,Thu,Fri
13:44:17,146,Inner Lake Shore/Michigan Express,,Sat
12:04:53,147,Outer DuSable Lake Shore Express,,Mon,Tue,Wed,Thu,Fri
22:25:27,146,Inner Lake Shore/Michigan Express,,Sun
08:27:44,151,Sheridan,,Mon,Tue,Wed,Thu,Fri
16:09:30,146,Inner Lake Shore/Michigan Express,,Sun
00:20:46,151,Sheridan,,Tue,Wed,Thu,Fri,Sat
19:08:01,146,Inner Lake Shore/Michigan Express,,Mon,Tue,Wed,Thu,Fri
00:17:16,151,Sheridan,,Mon
13:48:01,3,King Drive,,Sun
14:26:01,3,King Drive,,Mon,Tue,Wed,Thu,Fri
07:51:21,147,Outer DuSable Lake Shore Express,,Sat
16:28:04,146,Inner Lake Shore/Michigan Express,,Sat
06:17:50,3,King Drive,,Mon,Tue,Wed,Thu,Fri
08:07:00,151,Sheridan,,Mon,Tue,Wed,Thu,Fri
20:03:12,151,Sheridan,,Sun
14:10:14,146,Inner Lake Shore/Michigan Express,,Sun
19:46:55,147,Outer DuSable Lake Shore Express,,Sat
17:51:44,143,Stockton/Michigan Express,,Mon,Tue,Wed,Thu,Fri
09:25:16,151,Sheridan,,Sun
16:56:25,147,Outer DuSable Lake Shore Express,,Sun
17:37:12,147,Outer DuSable Lake Shore Express,,Mon,Tue,Wed,Thu,Fri
12:55:08,151,Sheridan,,Sat
06:39:35,147,Outer DuSable Lake Shore Express,,Mon,Tue,Wed,Thu,Fri
07:44:30,125,Water Tower Express,,Mon,Tue,Wed,Thu,Fri
21:46:13,146,Inner Lake Shore/Michigan Express,,Mon,Tue,Wed,Thu,Fri
15:08:15,146,Inner Lake Shore/Michigan Express,,Mon,Tue,Wed,Thu,Fri
18:46:06,3,King Drive,,Sat
13:25:01,3,King Drive,,Sun
23:11:43,146,Inner Lake Shore/Michigan Express,,Sat
12:56:01,3,King Drive,,Sat
22:42:41,146,Inner Lake Shore/Michigan Express,,Sun
12:17:14,151,Sheridan,,Sun
11:50:07,147,Outer DuSable Lake Shore Express,,Sun
06:33:00,125,Water Tower Express,,Mon,Tue,Wed,Thu,Fri
14:51:39,147,Outer DuSable Lake Shore Express,,Mon,Tue,Wed,Thu,Fri
11:15:14,151,Sheridan,,Sun
15:19:48,3,King Drive,,Sun
10:18:55,3,King Drive,,Sun
19:26:23,147,Outer DuSable Lake Shore Express,,Sun
12:13:26,151,Sheridan,,Mon,Tue,Wed,Thu,Fri
20:18:31,3,King Drive,,Mon,Tue,Wed,Thu,Fri
11:36:11,146,Inner Lake Shore/Michigan Express,,Sat
20:03:24,151,Sheridan,,Sat
19:15:57,146,Inner Lake Shore/Michigan Express,,Sun
12:04:28,146,Inner Lake Shore/Michigan Express,,Mon,Tue,Wed,Thu,Fri
20:23:00,146,Inner Lake Shore/Michigan Express,,Sat
12:21:43,3,King Drive,,Sun
23:45:07,147,Outer DuSable Lake Shore Express,,Sat
16:59:22,151,Sheridan,,Mon,Tue,Wed,Thu,Fri
18:58:43,3,King Drive,,Sun
18:52:00,125,Water Tower Express,,Mon,Tue,Wed,Thu,Fri
09:57:00,151,Sheridan,,Sat
11:43:43,146,Inner Lake Shore/Michigan Express,,Mon,Tue,Wed,Thu,Fri
22:45:30,151,Sheridan,,Mon,Tue,Wed,Thu,Fri
11:16:22,147,Outer DuSable Lake Shore Express,,Sun
06:15:35,151,Sheridan,,Sun
07:18:51,147,Outer DuSable Lake Shore Express,,Sun
12:05:58,146,Inner Lake Shore/Michigan Express,,Sat
23:23:52,147,Outer DuSable Lake Shore Express,,Sun
13:49:21,26,South Shore Express,,Mon,Tue,Wed,Thu,Fri
19:38:15,146,Inner Lake Shore/Michigan Express,,Sat
10:32:36,147,Outer DuSable Lake Shore Express,,Sat
17:48:36,146,Inner Lake Shore/Michigan Express,,Mon,Tue,Wed,Thu,Fri
15:16:03,151,Sheridan,,Sat
21:56:53,147,Outer DuSable Lake Shore Express,,Mon,Tue,Wed,Thu,Fri
15:44:26,151,Sheridan,,Sun
18:41:27,147,Outer DuSable Lake Shore Express,,Sat
16:54:30,146,Inner Lake Shore/Michigan Express,,Sun
23:46:20,3,King Drive,,Mon,Tue,Wed,Thu,Fri
23:43:22,147,Outer DuSable Lake Shore Express,,Sun
16:43:56,151,Sheridan,,Sun
17:33:51,148,Clarendon/Michigan Express,,Mon,Tue,Wed,Thu,Fri
10:20:22,147,Outer DuSable Lake Shore Express,,Mon,Tue,Wed,Thu,Fri
07:34:54,146,Inner Lake Shore/Michigan Express,,Sun
00:57:33,151,Sheridan,,Sun
16:26:28,147,Outer DuSable Lake Shore Express,,Sat
19:14:55,147,Outer DuSable Lake Shore Express,,Mon,Tue,Wed,Thu,Fri
13:53:39,147,Outer DuSable Lake Shore Express,,Mon,Tue,Wed,Thu,Fri
14:10:14,146,Inner Lake Shore/Michigan Express,,Sun
17:36:25,147,Outer DuSable Lake Shore Express,,Sun
05:32:51,151,Sheridan,,Sun
16:54:22,151,Sheridan,,Mon,Tue,Wed,Thu,Fri
10:17:30,151,Sheridan,,Sat
23:41:25,146,Inner Lake Shore/Michigan Express,,Mon,Tue,Wed,Thu,Fri
19:04:42,151,Sheridan,,Sun
18:16:27,147,Outer DuSable Lake Shore Express,,Sat
16:19:17,146,Inner Lake Shore/Michigan Express,,Mon,Tue,Wed,Thu,Fri
18:24:27,147,Outer DuSable Lake Shore Express,,Sat
18:12:27,147,Outer DuSable Lake Shore Express,,Mon,Tue,Wed,Thu,Fri
07:18:51,147,Outer DuSable Lake Shore Express,,Sun
06:16:20,3,King Drive,,Sat
19:22:15,146,Inner Lake Shore/Michigan Express,,Sat
23:05:25,3,King Drive,,Mon,Tue,Wed,Thu,Fri
14:24:17,146,Inner Lake Shore/Michigan Express,,Sat
19:22:15,146,Inner Lake Shore/Michigan Express,,Sat
10:58:11,146,Inner Lake Shore/Michigan Express,,Sun
09:40:22,147,Outer DuSable Lake Shore Express,,Mon,Tue,Wed,Thu,Fri
08:40:08,3,King Drive,,Sun
10:38:00,151,Sheridan,,Sat
10:04:25,3,King Drive,,Sun
19:15:23,147,Outer DuSable Lake Shore Express,,Sun
01:01:19,151,Sheridan,,Tue,Wed,Thu,Fri,Sat
14:27:23,3,King Drive,,Sat
11:38:42,151,Sheridan,,Sat
07:34:11,146,Inner Lake Shore/Michigan Express,,Mon,Tue,Wed,Thu,Fri
18:48:17,146,Inner Lake Shore/Michigan Express,,Mon,Tue,Wed,Thu,Fri
21:18:14,146,Inner Lake Shore/Michigan Express,,Mon,Tue,Wed,Thu,Fri
15:44:58,147,Outer DuSable Lake Shore Express,,Sat
18:26:01,3,King Drive,,Sun
10:36:21,147,Outer DuSable Lake Shore Express,,Sun
18:58:45,146,Inner Lake Shore/Michigan Express,,Sat
21:42:44,151,Sheridan,,Sun
18:22:58,3,King Drive,,Mon,Tue,Wed,Thu,Fri
19:01:47,146,Inner Lake Shore/Michigan Express,,Mon,Tue,Wed,Thu,Fri
17:16:58,3,King Drive,,Mon,Tue,Wed,Thu,Fri
13:01:26,151,Sheridan,,Mon,Tue,Wed,Thu,Fri
16:44:22,151,Sheridan,,Mon,Tue,Wed,Thu,Fri
05:32:51,151,Sheridan,,Sun
20:29:00,146,Inner Lake Shore/Michigan Express,,Mon,Tue,Wed,Thu,Fri
22:16:27,146,Inner Lake Shore/Michigan Express,,Mon,Tue,Wed,Thu,Fri
17:06:25,147,Outer DuSable Lake Shore Express,,Sun
18:46:17,148,Clarendon/Michigan Express,,Mon,Tue,Wed,Thu,Fri
05:52:50,3,King Drive,,Mon,Tue,Wed,Thu,Fri
15:03:25,147,Outer DuSable Lake Shore Express,,Mon,Tue,Wed,Thu,Fri
14:00:40,147,Outer DuSable Lake Shore Express,,Sat
20:06:45,146,Inner Lake Shore/Michigan Express,,Mon,Tue,Wed,Thu,Fri
12:21:43,3,King Drive,,Sun
19:06:15,146,Inner Lake Shore/Michigan Express,,Sat
17:50:51,148,Clarendon/Michigan Express,,Mon,Tue,Wed,Thu,Fri
09:38:16,151,Sheridan,,Sun
12:36:08,147,Outer DuSable Lake Shore Express,,Mon,Tue,Wed,Thu,Fri
17:59:27,147,Outer DuSable Lake Shore Express,,Sat
13:52:14,146,Inner Lake Shore/Michigan Express,,Sun
12:27:44,151,Sheridan,,Sun
22:05:25,3,King Drive,,Mon,Tue,Wed,Thu,Fri
10:40:22,147,Outer DuSable Lake Shore Express,,Mon,Tue,Wed,Thu,Fri
12:57:07,147,Outer DuSable Lake Shore Express,,Sun
11:49:53,147,Outer DuSable Lake Shore Express,,Mon,Tue,Wed,Thu,Fri
17:20:48,3,King Drive,,Sun
09:31:25,146,Inner Lake Shore/Michigan Express,,Sat
05:53:18,26,South Shore Express,,Mon,Tue,Wed,Thu,Fri
12:51:14,146,Inner Lake Shore/Michigan Express,,Sat
14:48:39,147,Outer DuSable Lake Shore Express,,Sun
08:29:30,26,South Shore Express,,Mon,Tue,Wed,Thu,Fri
20:02:57,146,Inner Lake Shore/Michigan Express,,Sun
11:58:30,26,South Shore Express,,Mon,Tue,Wed,Thu,Fri
23:05:22,147,Outer DuSable Lake Shore Express,,Sun
11:13:28,151,Sheridan,,Sat
17:58:00,125,Water Tower Express,,Mon,Tue,Wed,Thu,Fri
21:00:14,146,Inner Lake Shore/Michigan Express,,Mon,Tue,Wed,Thu,Fri
19:41:13,3,King Drive,,Sun
17:19:12,147,Outer DuSable Lake Shore Express,,Mon,Tue,Wed,Thu,Fri
22:28:00,146,Inner Lake Shore/Michigan Express,,Sat
08:24:52,147,Outer DuSable Lake Shore Express,,Mon,Tue,Wed,Thu,Fri
13:23:10,147,Outer DuSable Lake Shore Express,,Sat
17:29:30,146,Inner Lake Shore/Michigan Express,,Sun
00:57:33,151,Sheridan,,Sun
06:59:35,147,Outer DuSable Lake Shore Express,,Sun
23:05:37,147,Outer DuSable Lake Shore Express,,Mon,Tue,Wed,Thu,Fri
17:42:06,146,Inner Lake Shore/Michigan Express,,Mon,Tue,Wed,Thu,Fri
19:40:00,146,Inner Lake Shore/Michigan Express,,Mon,Tue,Wed,Thu,Fri
18:45:43,3,King Drive,,Sun
10:13:13,3,King Drive,,Mon,Tue,Wed,Thu,Fri
18:24:27,147,Outer DuSable Lake Shore Express,,Sat
09:31:25,146,Inner Lake Shore/Michigan Express,,Sat
11:01:13,3,King Drive,,Sat
15:35:15,148,Clarendon/Michigan Express,,Mon,Tue,Wed,Thu,Fri
22:26:22,147,Outer DuSable Lake Shore Express,,Sun
20:44:58,151,Sheridan,,Mon,Tue,Wed,Thu,Fri
00:41:46,151,Sheridan,,Sun
05:35:05,151,Sheridan,,Mon,Tue,Wed,Thu,Fri
20:56:25,147,Outer DuSable Lake Shore Express,,Sat
11:38:37,147,Outer DuSable Lake Shore Express,,Sun
18:10:28,143,Stockton/Michigan Express,,Mon,Tue,Wed,Thu,Fri
06:00:50,147,Outer DuSable Lake Shore Express,,Sat
08:36:38,3,King Drive,,Sat
13:01:01,3,King Drive,,Sun
08:35:43,3,King Drive,,Mon,Tue,Wed,Thu,Fri
15:21:31,3,King Drive,,Mon,Tue,Wed,Thu,Fri
19:57:00,146,Inner Lake Shore/Michigan Express,,Sat
22:41:25,3,King Drive,,Mon,Tue,Wed,Thu,Fri
13:16:21,26,South Shore Express,,Mon,Tue,Wed,Thu,Fri
13:28:01,146,Inner Lake Shore/Michigan Express,,Sat
17:26:42,147,Outer DuSable Lake Shore Express,,Mon,Tue,Wed,Thu,Fri
18:26:25,147,Outer DuSable Lake Shore Express,,Sun
07:36:10,146,Inner Lake Shore/Michigan Express,,Sat
17:19:22,151,Sheridan,,Mon,Tue,Wed,Thu,Fri
18:46:06,3,King Drive,,Sat
13:52:07,147,Outer DuSable Lake Shore Express,,Sun
11:39:38,147,Outer DuSable Lake Shore Express,,Sat
06:07:48,26,South Shore Express,,Mon,Tue,Wed,Thu,Fri
22:27:57,146,Inner Lake Shore/Michigan Express,,Mon,Tue,Wed,Thu,Fri
19:46:15,146,Inner Lake Shore/Michigan Express,,Sat
17:19:33,146,Inner Lake Shore/Michigan Express,,Sat
12:11:56,151,Sheridan,,Sat
10:22:35,147,Outer DuSable Lake Shore Express,,Sun
12:29:01,3,King Drive,,Sat
21:31:25,3,King Drive,,Mon,Tue,Wed,Thu,Fri
10:42:13,146,Inner Lake Shore/Michigan Express,,Mon,Tue,Wed,Thu,Fri
14:05:51,26,South Shore Express,,Mon,Tue,Wed,Thu,Fri
20:32:10,151,Sheridan,,Sat
08:38:57,146,Inner Lake Shore/Michigan Express,,Mon,Tue,Wed,Thu,Fri
16:25:48,3,King Drive,,Sun
10:06:05,147,Outer DuSable Lake Shore Express,,Sun
20:24:38,3,King Drive,,Sun
19:55:25,147,Outer DuSable Lake Shore Express,,Sat
17:04:42,147,Outer DuSable Lake Shore Express,,Sat
06:23:20,147,Outer DuSable Lake Shore Express,,Mon,Tue,Wed,Thu,Fri
05:49:20,147,Outer DuSable Lake Shore Express,,Mon,Tue,Wed,Thu,Fri
05:37:34,26,South Shore Express,,Mon,Tue,Wed,Thu,Fri
23:58:40,146,Inner Lake Shore/Michigan Express,,Mon,Tue,Wed,Thu,Fri
16:43:56,151,Sheridan,,Sun
18:44:58,3,King Drive,,Mon,Tue,Wed,Thu,Fri
10:03:43,3,King Drive,,Mon,Tue,Wed,Thu,Fri
11:43:30,26,South Shore Express,,Mon,Tue,Wed,Thu,Fri
16:54:30,146,Inner Lake Shore/Michigan Express,,Sun
10:04:25,3,King Drive,,Sun
15:19:28,147,Outer DuSable Lake Shore Express,,Sat
07:05:40,146,Inner Lake Shore/Michigan Express,,Mon,Tue,Wed,Thu,Fri
20:36:31,3,King Drive,,Mon,Tue,Wed,Thu,Fri
20:03:12,151,Sheridan,,Sun
18:22:33,148,Clarendon/Michigan Express,,Mon,Tue,Wed,Thu,Fri
15:10:31,3,King Drive,,Mon,Tue,Wed,Thu,Fri
22:14:38,147,Outer DuSable Lake Shore Express,,Sat
14:01:14,146,Inner Lake Shore/Michigan Express,,Sun
12:47:01,3,King Drive,,Mon,Tue,Wed,Thu,Fri
11:13:28,151,Sheridan,,Sat
12:26:30,146,Inner Lake Shore/Michigan Express,,Mon,Tue,Wed,Thu,Fri
20:15:24,147,Outer DuSable Lake Shore Express,,Mon,Tue,Wed,Thu,Fri
12:58:25,147,Outer DuSable Lake Shore Express,,Sat
23:08:13,3,King Drive,,Sat
20:36:44,146,Inner Lake Shore/Michigan Express,,Mon,Tue,Wed,Thu,Fri
16:04:39,147,Outer DuSable Lake Shore Express,,Sun
09:40:22,147,Outer DuSable Lake Shore Express,,Mon,Tue,Wed,Thu,Fri
12:01:23,147,Outer DuSable Lake Shore Express,,Sun
11:36:11,146,Inner Lake Shore/Michigan Express,,Sat
23:58:30,151,Sheridan,,Sun
00:17:16,151,Sheridan,,Mon
10:23:13,3,King Drive,,Mon,Tue,Wed,Thu,Fri
07:35:21,147,Outer DuSable Lake Shore Express,,Sat
18:41:27,147,Outer DuSable Lake Shore Express,,Sat
18:12:36,151,Sheridan,,Sat
09:57:10,146,Inner Lake Shore/Michigan Express,,Sun
15:32:31,3,King Drive,,Mon,Tue,Wed,Thu,Fri
21:23:44,151,Sheridan,,Sun
16:56:41,147,Outer DuSable Lake Shore Express,,Mon,Tue,Wed,Thu,Fri
21:24:56,151,Sheridan,,Sat
15:48:03,151,Sheridan,,Sat
14:35:57,147,Outer DuSable Lake Shore Express,,Sat
16:01:58,147,Outer DuSable Lake Shore Express,,Sat
17:46:25,147,Outer DuSable Lake Shore Express,,Sun
21:27:28,146,Inner Lake Shore/Michigan Express,,Mon,Tue,Wed,Thu,Fri
07:18:46,26,South Shore Express,,Mon,Tue,Wed,Thu,Fri
14:55:31,3,King Drive,,Sun
20:33:23,147,Outer DuSable Lake Shore Express,,Sun
11:51:13,146,Inner Lake Shore/Michigan Express,,Sat
10:20:13,3,King Drive,,Sat
15:10:58,147,Outer DuSable Lake Shore Express,,Sat
15:08:15,146,Inner Lake Shore/Michigan Express,,Mon,Tue,Wed,Thu,Fri
20:33:00,146,Inner Lake Shore/Michigan Express,,Sat
10:51:13,3,King Drive,,Sat
12:59:51,26,South Shore Express,,Mon,Tue,Wed,Thu,Fri
12:20:38,147,Outer DuSable Lake Shore Express,,Mon,Tue,Wed,Thu,Fri
20:55:18,3,King Drive,,Sat
16:59:22,151,Sheridan,,Mon,Tue,Wed,Thu,Fri
14:53:58,147,Outer DuSable Lake Shore Express,,Sat
12:09:43,3,King Drive,,Sun
17:44:42,147,Outer DuSable Lake Shore Express,,Sat
17:29:12,147,Outer DuSable Lake Shore Express,,Mon,Tue,Wed,Thu,Fri
16:42:40,147,Outer DuSable Lake Shore Express,,Mon,Tue,Wed,Thu,Fri
14:37:31,3,King Drive,,Mon,Tue,Wed,Thu,Fri
21:53:25,3,King Drive,,Mon,Tue,Wed,Thu,Fri
10:46:41,146,Inner Lake Shore/Michigan Express,,Sat
17:37:58,147,Outer DuSable Lake Shore Express,,Sat
14:03:38,147,Outer DuSable Lake Shore Express,,Sun
07:16:20,3,King Drive,,Sun
13:04:54,147,Outer DuSable Lake Shore Express,,Mon,Tue,Wed,Thu,Fri
21:23:27,146,Inner Lake Shore/Michigan Express,,Sun
20:58:27,146,Inner Lake Shore/Michigan Express,,Sun
13:41:07,147,Outer DuSable Lake Shore Express,,Sun
08:47:00,26,South Shore Express,,Mon,Tue,Wed,Thu,Fri
11:16:22,147,Outer DuSable Lake Shore Express,,Sun
07:56:20,3,King Drive,,Sun
13:39:42,151,Sheridan,,Sun
16:35:33,146,Inner Lake Shore/Michigan Express,,Mon,Tue,Wed,Thu,Fri
19:38:15,146,Inner Lake Shore/Michigan Express,,Sat
10:28:00,151,Sheridan,,Sun
13:43:06,3,King Drive,,Sat
01:41:19,151,Sheridan,,Tue,Wed,Thu,Fri,Sat
12:11:38,147,Outer DuSable Lake Shore Express,,Sat
07:02:21,147,Outer DuSable Lake Shore Express,,Sat
23:24:12,151,Sheridan,,Sat
14:37:14,146,Inner Lake Shore/Michigan Express,,Sun
06:56:38,3,King Drive,,Sat
22:29:25,3,King Drive,,Mon,Tue,Wed,Thu,Fri
13:59:42,151,Sheridan,,Sun
06:45:19,151,Sheridan,,Sat
13:13:08,151,Sheridan,,Sat
13:36:17,146,Inner Lake Shore/Michigan Express,,Sat
16:48:58,3,King Drive,,Sat
15:51:55,147,Outer DuSable Lake Shore Express,,Mon,Tue,Wed,Thu,Fri
19:46:55,147,Outer DuSable Lake Shore Express,,Sat
11:21:42,151,Sheridan,,Sat
13:01:30,146,Inner Lake Shore/Michigan Express,,Sat
06:33:00,125,Water Tower Express,,Mon,Tue,Wed,Thu,Fri
09:34:25,3,King Drive,,Sun
21:36:13,146,Inner Lake Shore/Michigan Express,,Mon,Tue,Wed,Thu,Fri
16:37:33,151,Sheridan,,Sat
21:17:23,147,Outer DuSable Lake Shore Express,,Mon,Tue,Wed,Thu,Fri
07:08:08,3,King Drive,,Mon,Tue,Wed,Thu,Fri
17:42:21,148,Clarendon/Michigan Express,,Mon,Tue,Wed,Thu,Fri
16:33:56,151,Sheridan,,Sun
06:55:21,147,Outer DuSable Lake Shore Express,,Mon,Tue,Wed,Thu,Fri
15:34:30,146,Inner Lake Shore/Michigan Express,,Sun
16:27:30,146,Inner Lake Shore/Michigan Express,,Sun
15:50:17,146,Inner Lake Shore/Michigan Express,,Mon,Tue,Wed,Thu,Fri
08:15:00,26,South Shore Express,,Mon,Tue,Wed,Thu,Fri
18:37:03,146,Inner Lake Shore/Michigan Express,,Sat
12:58:25,147,Outer DuSable Lake Shore Express,,Sat
18:56:09,147,Outer DuSable Lake Shore Express,,Sun
18:46:54,151,Sheridan,,Mon,Tue,Wed,Thu,Fri
09:16:38,3,King Drive,,Sun
18:22:42,143,Stockton/Michigan Express,,Mon,Tue,Wed,Thu,Fri
07:31:00,151,Sheridan,,Mon,Tue,Wed,Thu,Fri
10:31:13,3,King Drive,,Sat
14:32:17,146,Inner Lake Shore/Michigan Express,,Sat
09:13:13,3,King Drive,,Mon,Tue,Wed,Thu,Fri
16:21:33,151,Sheridan,,Sat
09:57:10,146,Inner Lake Shore/Michigan Express,,Sun
13:56:14,146,Inner Lake Shore/Michigan Express,,Mon,Tue,Wed,Thu,Fri
14:59:31,3,King Drive,,Mon,Tue,Wed,Thu,Fri
15:41:48,3,King Drive,,Sun
05:40:51,151,Sheridan,,Sat
16:12:58,3,King Drive,,Sat
08:14:27,146,Inner Lake Shore/Michigan Express,,Mon,Tue,Wed,Thu,Fri
18:14:04,146,Inner Lake Shore/Michigan Express,,Sat
14:05:39,147,Outer DuSable Lake Shore Express,,Mon,Tue,Wed,Thu,Fri
22:02:30,151,Sheridan,,Sun
20:16:44,151,Sheridan,,Sun
17:11:57,147,Outer DuSable Lake Shore Express,,Mon,Tue,Wed,Thu,Fri
13:43:14,146,Inner Lake Shore/Michigan Express,,Sun
18:34:54,151,Sheridan,,Mon,Tue,Wed,Thu,Fri
14:22:01,3,King Drive,,Sun
21:23:27,146,Inner Lake Shore/Michigan Express,,Sun
22:53:25,3,King Drive,,Mon,Tue,Wed,Thu,Fri
11:29:00,26,South Shore Express,,Mon,Tue,Wed,Thu,Fri
18:58:26,147,Outer DuSable Lake Shore Express,,Sat
22:48:37,147,Outer DuSable Lake Shore Express,,Sat
11:39:38,147,Outer DuSable Lake Shore Express,,Sat
08:18:00,151,Sheridan,,Mon,Tue,Wed,Thu,Fri
10:04:28,151,Sheridan,,Mon,Tue,Wed,Thu,Fri
08:59:43,3,King Drive,,Mon,Tue,Wed,Thu,Fri
07:30:38,3,King Drive,,Mon,Tue,Wed,Thu,Fri
09:45:43,3,King Drive,,Mon,Tue,Wed,Thu,Fri
09:12:25,146,Inner Lake Shore/Michigan Express,,Sat
20:12:57,146,Inner Lake Shore/Michigan Express,,Sun
19:54:15,146,Inner Lake Shore/Michigan Express,,Sat
19:57:24,147,Outer DuSable Lake Shore Express,,Mon,Tue,Wed,Thu,Fri
05:25:20,3,King Drive,,Mon,Tue,Wed,Thu,Fri
18:33:26,151,Sheridan,,Sun
19:13:54,151,Sheridan,,Sat
14:01:06,3,King Drive,,Sat
18:08:06,146,Inner Lake Shore/Michigan Express,,Mon,Tue,Wed,Thu,Fri
17:14:22,151,Sheridan,,Mon,Tue,Wed,Thu,Fri
06:30:49,151,Sheridan,,Mon,Tue,Wed,Thu,Fri
14:48:17,146,Inner Lake Shore/Michigan Express,,Sat
16:45:30,146,Inner Lake Shore/Michigan Express,,Sun
18:29:56,147,Outer DuSable Lake Shore Express,,Mon,Tue,Wed,Thu,Fri
14:10:06,3,King Drive,,Sat
08:56:06,147,Outer DuSable Lake Shore Express,,Sat
14:52:26,151,Sheridan,,Sun
16:37:04,146,Inner Lake Shore/Michigan Express,,Sat
05:13:05,151,Sheridan,,Mon,Tue,Wed,Thu,Fri
16:04:38,151,Sheridan,,Mon,Tue,Wed,Thu,Fri
15:31:00,125,Water Tower Express,,Mon,Tue,Wed,Thu,Fri
09:01:57,146,Inner Lake Shore/Michigan Express,,Mon,Tue,Wed,Thu,Fri
18:20:52,151,Sheridan,,Sat
17:29:22,151,Sheridan,,Mon,Tue,Wed,Thu,Fri
18:24:38,151,Sheridan,,Mon,Tue,Wed,Thu,Fri
22:48:13,3,King Drive,,Sat
18:54:47,146,Inner Lake Shore/Michigan Express,,Mon,Tue,Wed,Thu,Fri
16:28:10,147,Outer DuSable Lake Shore Express,,Mon,Tue,Wed,Thu,Fri
18:29:18,146,Inner Lake Shore/Michigan Express,,Sat
17:43:26,151,Sheridan,,Sun
14:01:26,151,Sheridan,,Mon,Tue,Wed,Thu,Fri
16:49:48,146,Inner Lake Shore/Michigan Express,,Mon,Tue,Wed,Thu,Fri
15:34:30,146,Inner Lake Shore/Michigan Express,,Sun
11:55:44,151,Sheridan,,Sun
16:22:47,148,Clarendon/Michigan Express,,Mon,Tue,Wed,Thu,Fri
20:54:56,151,Sheridan,,Sat
17:06:41,147,Outer DuSable Lake Shore Express,,Mon,Tue,Wed,Thu,Fri
18:36:11,143,Stockton/Michigan Express,,Mon,Tue,Wed,Thu,Fri
06:52:40,146,Inner Lake Shore/Michigan Express,,Mon,Tue,Wed,Thu,Fri
23:17:40,146,Inner Lake Shore/Michigan Express,,Sun
10:42:55,3,King Drive,,Sun
15:43:30,146,Inner Lake Shore/Michigan Express,,Sun
01:01:19,151,Sheridan,,Tue,Wed,Thu,Fri,Sat
17:01:33,148,Clarendon/Michigan Express,,Mon,Tue,Wed,Thu,Fri
19:47:26,151,Sheridan,,Mon,Tue,Wed,Thu,Fri
10:46:41,146,Inner Lake Shore/Michigan Express,,Sat
18:24:11,147,Outer DuSable Lake Shore Express,,Mon,Tue,Wed,Thu,Fri
19:26:42,151,Sheridan,,Sun
06:38:08,3,King Drive,,Mon,Tue,Wed,Thu,Fri
11:14:00,26,South Shore Express,,Mon,Tue,Wed,Thu,Fri
11:33:43,146,Inner Lake Shore/Michigan Express,,Mon,Tue,Wed,Thu,Fri
19:21:31,146,Inner Lake Shore/Michigan Express,,Mon,Tue,Wed,Thu,Fri
17:29:30,146,Inner Lake Shore/Michigan Express,,Sun
12:13:30,26,South Shore Express,,Mon,Tue,Wed,Thu,Fri
10:20:22,147,Outer DuSable Lake Shore Express,,Mon,Tue,Wed,Thu,Fri
17:07:44,143,Stockton/Michigan Express,,Mon,Tue,Wed,Thu,Fri
11:21:43,3,King Drive,,Sat
18:26:44,146,Inner Lake Shore/Michigan Express,,Sun
17:34:12,147,Outer DuSable Lake Shore Express,,Mon,Tue,Wed,Thu,Fri
08:38:00,26,South Shore Express,,Mon,Tue,Wed,Thu,Fri