arrival_time,route_short_name,route_long_name,headsign,service_days
06:56:38,20,Madison,,Sat
16:53:52,124,Navy Pier,,Sun
15:29:30,60,Blue Island/26th,,Mon,Tue,Wed,Thu,Fri
21:29:13,56,Milwaukee,,Sat
09:33:15,56,Milwaukee,,Sat
11:12:38,60,Blue Island/26th,,Sat
17:46:29,60,Blue Island/26th,,Sun
19:30:30,124,Navy Pier,,Sun
14:24:52,J14,Jeffery Jump,,Sat
15:45:45,20,Madison,,Mon,Tue,Wed,Thu,Fri
23:28:57,J14,Jeffery Jump,,Sat
02:03:09,60,Blue Island/26th,,Mon
05:46:57,J14,Jeffery Jump,,Mon,Tue,Wed,Thu,Fri
02:57:56,20,Madison,,Sun
12:27:31,56,Milwaukee,,Mon,Tue,Wed,Thu,Fri
12:44:21,20,Madison,,Mon,Tue,Wed,Thu,Fri
19:49:28,60,Blue Island/26th,,Sat
17:59:04,J14,Jeffery Jump,,Sun
08:13:20,J14,Jeffery Jump,,Sat
14:46:12,20,Madison,,Sun
19:08:35,60,Blue Island/26th,,Mon,Tue,Wed,Thu,Fri
10:31:57,157,Streeterville/Taylor,,Mon,Tue,Wed,Thu,Fri
11:55:01,J14,Jeffery Jump,,Sun
22:12:35,124,Navy Pier,,Mon,Tue,Wed,Thu,Fri
09:18:27,157,Streeterville/Taylor,,Mon,Tue,Wed,Thu,Fri
07:16:52,56,Milwaukee,,Mon,Tue,Wed,Thu,Fri
07:19:41,20,Madison,,Mon,Tue,Wed,Thu,Fri
21:31:07,20,Madison,,Sun
16:44:48,20,Madison,,Sat
22:17:31,60,Blue Island/26th,,Sun
15:40:29,20,Madison,,Mon,Tue,Wed,Thu,Fri
20:47:15,56,Milwaukee,,Sat
18:31:59,20,Madison,,Sat
19:38:53,J14,Jeffery Jump,,Sun
07:44:24,20,Madison,,Sat
08:41:13,20,Madison,,Sat
13:21:50,157,Streeterville/Taylor,,Mon,Tue,Wed,Thu,Fri
11:15:01,J14,Jeffery Jump,,Sun
11:42:09,124,Navy Pier,,Sat
09:34:51,56,Milwaukee,,Mon,Tue,Wed,Thu,Fri
21:22:10,60,Blue Island/26th,,Sat
08:10:20,20,Madison,,Mon,Tue,Wed,Thu,Fri
16:13:57,J14,Jeffery Jump,,Mon,Tue,Wed,Thu,Fri
05:25:38,20,Madison,,Sat
19:38:26,J14,Jeffery Jump,,Mon,Tue,Wed,Thu,Fri
05:56:05,J14,Jeffery Jump,,Mon,Tue,Wed,Thu,Fri
07:58:16,J14,Jeffery Jump,,Sat
19:54:42,20,Madison,,Mon,Tue,Wed,Thu,Fri
17:19:12,124,Navy Pier,,Sun
20:06:59,56,Milwaukee,,Sun
14:53:34,157,Streeterville/Taylor,,Mon,Tue,Wed,Thu,Fri
14:06:36,56,Milwaukee,,Mon,Tue,Wed,Thu,Fri
15:22:03,J14,Jeffery Jump,,Mon,Tue,Wed,Thu,Fri
18:43:00,J14,Jeffery Jump,,Mon,Tue,Wed,Thu,Fri
16:42:46,20,Madison,,Mon,Tue,Wed,Thu,Fri
17:50:28,60,Blue Island/26th,,Sat
15:04:56,J14,Jeffery Jump,,Sat
19:28:16,20,Madison,,Mon,Tue,Wed,Thu,Fri
11:36:48,20,Madison,,Sat
18:54:12,20,Madison,,Sun
15:19:50,56,Milwaukee,,Sun
20:33:42,J14,Jeffery Jump,,Sat
09:54:51,20,Madison,,Mon,Tue,Wed,Thu,Fri
21:00:57,124,Navy Pier,,Sat
11:10:52,60,Blue Island/26th,,Sun
09:05:13,56,Milwaukee,,Sun
19:57:03,60,Blue Island/26th,,Sun
13:50:49,J14,Jeffery Jump,,Sun
15:45:57,J14,Jeffery Jump,,Mon,Tue,Wed,Thu,Fri
03:27:56,20,Madison,,Mon
22:01:12,J14,Jeffery Jump,,Sat
20:18:38,J14,Jeffery Jump,,Sun
16:12:13,60,Blue Island/26th,,Mon,Tue,Wed,Thu,Fri
16:48:12,157,Streeterville/Taylor,,Mon,Tue,Wed,Thu,Fri
09:21:10,60,Blue Island/26th,,Sun
18:11:03,124,Navy Pier,,Sun
13:44:11,60,Blue Island/26th,,Mon,Tue,Wed,Thu,Fri
09:09:48,124,Navy Pier,,Mon,Tue,Wed,Thu,Fri
13:44:48,20,Madison,,Sat
19:55:06,60,Blue Island/26th,,Mon,Tue,Wed,Thu,Fri
12:40:52,60,Blue Island/26th,,Sun
10:47:57,157,Streeterville/Taylor,,Mon,Tue,Wed,Thu,Fri
06:30:34,J14,Jeffery Jump,,Mon,Tue,Wed,Thu,Fri
09:37:06,60,Blue Island/26th,,Mon,Tue,Wed,Thu,Fri
10:29:52,56,Milwaukee,,Sat
19:35:06,124,Navy Pier,,Sat
15:50:48,20,Madison,,Sat
12:44:22,20,Madison,,Mon,Tue,Wed,Thu,Fri
14:11:43,56,Milwaukee,,Sat
17:43:48,20,Madison,,Sat
14:04:56,J14,Jeffery Jump,,Sat
17:23:46,20,Madison,,Sat
05:40:27,60,Blue Island/26th,,Sat
15:22:18,60,Blue Island/26th,,Mon,Tue,Wed,Thu,Fri
18:34:22,J14,Jeffery Jump,,Sat
15:51:50,56,Milwaukee,,Sun
16:46:30,J14,Jeffery Jump,,Mon,Tue,Wed,Thu,Fri
08:56:50,J14,Jeffery Jump,,Sun
06:06:17,60,Blue Island/26th,,Mon,Tue,Wed,Thu,Fri
18:24:12,20,Madison,,Sun
11:06:46,20,Madison,,Sat
13:26:48,20,Madison,,Sat
10:05:26,60,Blue Island/26th,,Mon,Tue,Wed,Thu,Fri
20:30:12,20,Madison,,Sat
20:08:49,J14,Jeffery Jump,,Sun
15:36:12,124,Navy Pier,,Sun
04:27:56,20,Madison,,Sun
21:23:57,124,Navy Pier,,Sat
12:14:11,60,Blue Island/26th,,Mon,Tue,Wed,Thu,Fri
10:54:52,20,Madison,,Mon,Tue,Wed,Thu,Fri
14:50:53,J14,Jeffery Jump,,Sun
09:57:13,20,Madison,,Sat
18:28:16,60,Blue Island/26th,,Sat
06:48:27,157,Streeterville/Taylor,,Mon,Tue,Wed,Thu,Fri
09:47:15,60,Blue Island/26th,,Mon,Tue,Wed,Thu,Fri
07:54:22,60,Blue Island/26th,,Sat
11:36:31,56,Milwaukee,,Mon,Tue,Wed,Thu,Fri
01:07:09,60,Blue Island/26th,,Sun
02:36:52,60,Blue Island/26th,,Sun
16:49:04,J14,Jeffery Jump,,Sun
13:40:16,J14,Jeffery Jump,,Mon,Tue,Wed,Thu,Fri
10:16:12,20,Madison,,Sun
18:51:12,20,Madison,,Mon,Tue,Wed,Thu,Fri
17:32:11,56,Milwaukee,,Mon,Tue,Wed,Thu,Fri
01:04:09,60,Blue Island/26th,,Mon
09:43:40,60,Blue Island/26th,,Sat
10:32:58,60,Blue Island/26th,,Sat
13:30:16,J14,Jeffery Jump,,Mon,Tue,Wed,Thu,Fri
22:02:38,20,Madison,,Sun
11:55:50,157,Streeterville/Taylor,,Mon,Tue,Wed,Thu,Fri
18:21:43,124,Navy Pier,,Sat
06:38:52,60,Blue Island/26th,,Sun
17:10:10,J14,Jeffery Jump,,Mon,Tue,Wed,Thu,Fri
12:02:16,60,Blue Island/26th,,Sat
02:32:50,60,Blue Island/26th,,Tue,Wed,Thu,Fri,Sat
11:14:57,J14,Jeffery Jump,,Sun
16:28:19,60,Blue Island/26th,,Mon,Tue,Wed,Thu,Fri
15:20:04,J14,Jeffery Jump,,Sun
18:57:43,124,Navy Pier,,Sat
11:52:16,60,Blue Island/26th,,Sat
22:12:00,124,Navy Pier,,Mon,Tue,Wed,Thu,Fri
14:21:06,56,Milwaukee,,Mon,Tue,Wed,Thu,Fri
11:04:52,20,Madison,,Mon,Tue,Wed,Thu,Fri
08:46:45,56,Milwaukee,,Sun
11:24:36,60,Blue Island/26th,,Mon,Tue,Wed,Thu,Fri
20:27:22,J14,Jeffery Jump,,Mon,Tue,Wed,Thu,Fri
21:02:50,157,Streeterville/Taylor,,Mon,Tue,Wed,Thu,Fri
20:14:43,20,Madison,,Mon,Tue,Wed,Thu,Fri
15:32:46,20,Madison,,Sat
09:34:50,56,Milwaukee,,Mon,Tue,Wed,Thu,Fri
08:34:13,20,Madison,,Sun
20:07:22,J14,Jeffery Jump,,Mon,Tue,Wed,Thu,Fri
16:18:10,60,Blue Island/26th,,Sun
18:50:13,20,Madison,,Sat
08:17:13,20,Madison,,Sat
08:36:42,20,Madison,,Sun
21:46:38,56,Milwaukee,,Mon,Tue,Wed,Thu,Fri
11:54:34,56,Milwaukee,,Mon,Tue,Wed,Thu,Fri
13:00:52,60,Blue Island/26th,,Sun
23:01:27,J14,Jeffery Jump,,Mon,Tue,Wed,Thu,Fri
08:17:43,157,Streeterville/Taylor,,Mon,Tue,Wed,Thu,Fri
14:14:11,60,Blue Island/26th,,Mon,Tue,Wed,Thu,Fri
16:20:05,60,Blue Island/26th,,Sat
06:45:26,60,Blue Island/26th,,Mon,Tue,Wed,Thu,Fri
19:49:13,56,Milwaukee,,Mon,Tue,Wed,Thu,Fri
16:50:28,60,Blue Island/26th,,Sat
18:48:49,J14,Jeffery Jump,,Sun
15:39:40,60,Blue Island/26th,,Sun
09:36:26,124,Navy Pier,,Sat
16:58:38,56,Milwaukee,,Mon,Tue,Wed,Thu,Fri
08:51:43,56,Milwaukee,,Mon,Tue,Wed,Thu,Fri
18:01:16,20,Madison,,Mon,Tue,Wed,Thu,Fri
06:26:07,20,Madison,,Sun
06:45:38,20,Madison,,Mon,Tue,Wed,Thu,Fri
11:46:12,20,Madison,,Sun
13:21:00,J14,Jeffery Jump,,Sun
07:10:37,20,Madison,,Mon,Tue,Wed,Thu,Fri
15:29:22,60,Blue Island/26th,,Sun
20:17:26,J14,Jeffery Jump,,Mon,Tue,Wed,Thu,Fri
19:22:58,60,Blue Island/26th,,Sat
05:56:22,60,Blue Island/26th,,Sun
08:23:20,J14,Jeffery Jump,,Sat
15:16:50,157,Streeterville/Taylor,,Mon,Tue,Wed,Thu,Fri
16:25:15,56,Milwaukee,,Sun
11:12:16,60,Blue Island/26th,,Sat
07:40:20,J14,Jeffery Jump,,Sat
21:10:13,20,Madison,,Sat
20:20:12,20,Madison,,Sat
08:35:19,20,Madison,,Mon,Tue,Wed,Thu,Fri
16:12:45,20,Madison,,Mon,Tue,Wed,Thu,Fri
14:58:12,20,Madison,,Mon,Tue,Wed,Thu,Fri
22:17:38,20,Madison,,Sun
13:05:22,J14,Jeffery Jump,,Sat
12:11:10,60,Blue Island/26th,,Sun
03:57:55,20,Madison,,Sat
14:00:16,J14,Jeffery Jump,,Mon,Tue,Wed,Thu,Fri
22:32:37,20,Madison,,Sun
16:02:13,56,Milwaukee,,Sat
18:33:29,20,Madison,,Mon,Tue,Wed,Thu,Fri
14:36:12,20,Madison,,Sun
15:55:45,20,Madison,,Mon,Tue,Wed,Thu,Fri
18:52:00,J14,Jeffery Jump,,Mon,Tue,Wed,Thu,Fri
21:22:54,20,Madison,,Mon,Tue,Wed,Thu,Fri
14:30:29,60,Blue Island/26th,,Sun
20:53:10,60,Blue Island/26th,,Sat
12:31:10,60,Blue Island/26th,,Sun
12:15:43,157,Streeterville/Taylor,,Mon,Tue,Wed,Thu,Fri
10:54:57,J14,Jeffery Jump,,Sun
18:37:03,124,Navy Pier,,Sun
07:45:02,20,Madison,,Mon,Tue,Wed,Thu,Fri
08:35:13,20,Madison,,Sun
05:24:54,56,Milwaukee,,Sun
09:59:38,J14,Jeffery Jump,,Sat
15:39:22,60,Blue Island/26th,,Sun
20:43:33,60,Blue Island/26th,,Sun
17:20:03,J14,Jeffery Jump,,Mon,Tue,Wed,Thu,Fri
13:30:22,J14,Jeffery Jump,,Mon,Tue,Wed,Thu,Fri
12:02:38,60,Blue Island/26th,,Sat
08:13:16,J14,Jeffery Jump,,Sat
22:07:16,J14,Jeffery Jump,,Sun
09:24:41,J14,Jeffery Jump,,Mon,Tue,Wed,Thu,Fri
11:52:43,56,Milwaukee,,Sun
07:51:26,56,Milwaukee,,Mon,Tue,Wed,Thu,Fri
09:01:43,157,Streeterville/Taylor,,Mon,Tue,Wed,Thu,Fri
20:18:42,J14,Jeffery Jump,,Sun
09:33:13,56,Milwaukee,,Sat
17:15:03,J14,Jeffery Jump,,Mon,Tue,Wed,Thu,Fri
16:49:00,J14,Jeffery Jump,,Sun
13:36:13,20,Madison,,Sun
18:50:12,20,Madison,,Sat
10:13:52,J14,Jeffery Jump,,Mon,Tue,Wed,Thu,Fri
19:22:59,56,Milwaukee,,Sun
06:58:51,60,Blue Island/26th,,Sat
10:10:40,56,Milwaukee,,Mon,Tue,Wed,Thu,Fri
08:24:40,60,Blue Island/26th,,Sat
19:14:12,20,Madison,,Sun
17:46:10,60,Blue Island/26th,,Sun
17:44:49,60,Blue Island/26th,,Mon,Tue,Wed,Thu,Fri
05:29:22,60,Blue Island/26th,,Sun
15:51:52,56,Milwaukee,,Sun
15:41:05,60,Blue Island/26th,,Sat
20:54:12,20,Madison,,Sun
17:09:26,60,Blue Island/26th,,Mon,Tue,Wed,Thu,Fri
13:04:50,157,Streeterville/Taylor,,Mon,Tue,Wed,Thu,Fri
15:14:46,20,Madison,,Sat
09:06:13,20,Madison,,Sun
08:18:54,20,Madison,,Sun
18:00:28,60,Blue Island/26th,,Sat
14:16:13,20,Madison,,Sun
12:41:46,20,Madison,,Sat
11:22:16,60,Blue Island/26th,,Sat
12:23:46,20,Madison,,Sat
11:40:16,J14,Jeffery Jump,,Mon,Tue,Wed,Thu,Fri
13:26:33,124,Navy Pier,,Sat
09:16:13,20,Madison,,Sun
13:50:24,56,Milwaukee,,Mon,Tue,Wed,Thu,Fri
16:07:46,20,Madison,,Mon,Tue,Wed,Thu,Fri
21:28:50,J14,Jeffery Jump,,Sun
12:59:48,20,Madison,,Sat
12:57:51,124,Navy Pier,,Mon,Tue,Wed,Thu,Fri
17:02:01,60,Blue Island/26th,,Mon,Tue,Wed,Thu,Fri
16:18:29,60,Blue Island/26th,,Sun
06:04:16,J14,Jeffery Jump,,Mon,Tue,Wed,Thu,Fri
11:06:48,20,Madison,,Sat
08:44:40,60,Blue Island/26th,,Sat
11:04:36,60,Blue Island/26th,,Mon,Tue,Wed,Thu,Fri
15:38:18,60,Blue Island/26th,,Mon,Tue,Wed,Thu,Fri
16:44:22,J14,Jeffery Jump,,Sat
13:36:21,20,Madison,,Mon,Tue,Wed,Thu,Fri
22:47:20,J14,Jeffery Jump,,Sun
05:35:46,60,Blue Island/26th,,Mon,Tue,Wed,Thu,Fri
07:54:40,60,Blue Island/26th,,Sat
17:13:45,56,Milwaukee,,Sun
08:46:46,J14,Jeffery Jump,,Sun
17:01:26,60,Blue Island/26th,,Mon,Tue,Wed,Thu,Fri
19:08:53,J14,Jeffery Jump,,Sun
12:54:11,60,Blue Island/26th,,Mon,Tue,Wed,Thu,Fri
24:08:42,60,Blue Island/26th,,Sat
11:03:57,157,Streeterville/Taylor,,Mon,Tue,Wed,Thu,Fri
09:26:46,J14,Jeffery Jump,,Sun
16:17:46,20,Madison,,Sat
23:08:57,J14,Jeffery Jump,,Sat
12:47:52,56,Milwaukee,,Sun
07:04:20,56,Milwaukee,,Mon,Tue,Wed,Thu,Fri
22:52:01,J14,Jeffery Jump,,Sat
08:30:43,157,Streeterville/Taylor,,Mon,Tue,Wed,Thu,Fri
10:14:52,20,Madison,,Mon,Tue,Wed,Thu,Fri
04:57:56,20,Madison,,Sun
21:31:08,20,Madison,,Sun
15:10:21,124,Navy Pier,,Mon,Tue,Wed,Thu,Fri
18:41:50,56,Milwaukee,,Mon,Tue,Wed,Thu,Fri
14:08:22,20,Madison,,Mon,Tue,Wed,Thu,Fri
12:42:19,J14,Jeffery Jump,,Sun
14:51:23,60,Blue Island/26th,,Sat
16:27:45,20,Madison,,Mon,Tue,Wed,Thu,Fri
20:44:42,20,Madison,,Mon,Tue,Wed,Thu,Fri
14:11:46,20,Madison,,Sat
14:11:47,60,Blue Island/26th,,Sat
18:32:06,56,Milwaukee,,Sat
08:41:12,20,Madison,,Sat
14:47:03,J14,Jeffery Jump,,Mon,Tue,Wed,Thu,Fri
19:57:26,J14,Jeffery Jump,,Mon,Tue,Wed,Thu,Fri
09:29:42,J14,Jeffery Jump,,Sat
14:04:11,60,Blue Island/26th,,Mon,Tue,Wed,Thu,Fri
12:21:52,124,Navy Pier,,Sun
09:19:13,157,Streeterville/Taylor,,Mon,Tue,Wed,Thu,Fri
08:54:46,J14,Jeffery Jump,,Mon,Tue,Wed,Thu,Fri
19:01:12,20,Madison,,Mon,Tue,Wed,Thu,Fri
20:43:38,J14,Jeffery Jump,,Sat
20:44:43,20,Madison,,Mon,Tue,Wed,Thu,Fri
16:55:59,J14,Jeffery Jump,,Mon,Tue,Wed,Thu,Fri
21:52:20,J14,Jeffery Jump,,Sun
03:06:50,60,Blue Island/26th,,Sun
14:43:40,56,Milwaukee,,Sat
12:00:16,J14,Jeffery Jump,,Mon,Tue,Wed,Thu,Fri
16:09:38,56,Milwaukee,,Mon,Tue,Wed,Thu,Fri
07:00:17,56,Milwaukee,,Sun
07:22:17,56,Milwaukee,,Sun
13:46:12,20,Madison,,Sun
14:04:36,60,Blue Island/26th,,Mon,Tue,Wed,Thu,Fri
21:14:12,20,Madison,,Sun
09:52:23,157,Streeterville/Taylor,,Mon,Tue,Wed,Thu,Fri
18:44:13,20,Madison,,Sun
12:24:11,60,Blue Island/26th,,Mon,Tue,Wed,Thu,Fri
11:11:10,60,Blue Island/26th,,Sun
19:16:43,124,Navy Pier,,Sat
20:48:16,60,Blue Island/26th,,Mon,Tue,Wed,Thu,Fri
10:48:20,56,Milwaukee,,Sat
17:58:25,J14,Jeffery Jump,,Mon,Tue,Wed,Thu,Fri
21:16:26,124,Navy Pier,,Sun
22:26:38,20,Madison,,Mon,Tue,Wed,Thu,Fri
14:16:12,20,Madison,,Sun
13:24:36,60,Blue Island/26th,,Mon,Tue,Wed,Thu,Fri
09:36:13,20,Madison,,Sun
19:13:58,60,Blue Island/26th,,Sat
14:58:11,20,Madison,,Mon,Tue,Wed,Thu,Fri
08:23:22,60,Blue Island/26th,,Mon,Tue,Wed,Thu,Fri
15:29:56,60,Blue Island/26th,,Mon,Tue,Wed,Thu,Fri
10:02:01,56,Milwaukee,,Sun
19:01:30,J14,Jeffery Jump,,Mon,Tue,Wed,Thu,Fri
09:01:45,60,Blue Island/26th,,Sun
21:12:10,60,Blue Island/26th,,Sat
17:07:45,20,Madison,,Mon,Tue,Wed,Thu,Fri
17:08:41,56,Milwaukee,,Mon,Tue,Wed,Thu,Fri
09:14:52,J14,Jeffery Jump,,Mon,Tue,Wed,Thu,Fri
03:33:22,60,Blue Island/26th,,Mon
20:11:03,56,Milwaukee,,Sat
08:33:16,J14,Jeffery Jump,,Sat
08:57:13,20,Madison,,Sat
19:40:13,20,Madison,,Sat
08:48:01,124,Navy Pier,,Mon,Tue,Wed,Thu,Fri
11:42:16,60,Blue Island/26th,,Sat
19:26:48,60,Blue Island/26th,,Mon,Tue,Wed,Thu,Fri
16:17:45,20,Madison,,Mon,Tue,Wed,Thu,Fri
20:07:01,56,Milwaukee,,Sun
17:27:42,60,Blue Island/26th,,Mon,Tue,Wed,Thu,Fri
08:33:43,56,Milwaukee,,Mon,Tue,Wed,Thu,Fri
12:41:10,60,Blue Island/26th,,Sun
21:47:37,20,Madison,,Sun
08:24:22,60,Blue Island/26th,,Sat
18:34:11,J14,Jeffery Jump,,Mon,Tue,Wed,Thu,Fri
13:31:47,60,Blue Island/26th,,Sat
20:53:42,J14,Jeffery Jump,,Sat
02:36:39,60,Blue Island/26th,,Sun
10:36:59,20,Madison,,Sat
10:37:00,20,Madison,,Sat
11:09:19,J14,Jeffery Jump,,Sat
13:34:24,56,Milwaukee,,Mon,Tue,Wed,Thu,Fri
15:47:24,56,Milwaukee,,Mon,Tue,Wed,Thu,Fri
13:24:52,J14,Jeffery Jump,,Sat
17:41:02,124,Navy Pier,,Mon,Tue,Wed,Thu,Fri
17:57:49,124,Navy Pier,,Mon,Tue,Wed,Thu,Fri
08:02:45,60,Blue Island/26th,,Sun
12:05:48,20,Madison,,Sat
19:24:04,J14,Jeffery Jump,,Sat
15:16:12,20,Madison,,Sun
20:43:42,J14,Jeffery Jump,,Sat
04:02:39,60,Blue Island/26th,,Sat
14:21:12,124,Navy Pier,,Sun
10:19:42,J14,Jeffery Jump,,Sat
14:01:47,60,Blue Island/26th,,Sat
12:24:08,J14,Jeffery Jump,,Sun
10:50:52,60,Blue Island/26th,,Sun
07:11:38,20,Madison,,Sat
14:01:23,60,Blue Island/26th,,Sat
18:50:24,60,Blue Island/26th,,Mon,Tue,Wed,Thu,Fri
15:44:09,124,Navy Pier,,Sat
09:36:26,20,Madison,,Mon,Tue,Wed,Thu,Fri
11:24:03,124,Navy Pier,,Sat
15:50:58,60,Blue Island/26th,,Sat
20:38:38,J14,Jeffery Jump,,Sun
17:42:01,124,Navy Pier,,Mon,Tue,Wed,Thu,Fri
18:44:12,20,Madison,,Sun
10:03:13,157,Streeterville/Taylor,,Mon,Tue,Wed,Thu,Fri
10:25:31,J14,Jeffery Jump,,Sun
20:25:03,60,Blue Island/26th,,Sun
23:29:01,J14,Jeffery Jump,,Sat
20:39:05,60,Blue Island/26th,,Mon,Tue,Wed,Thu,Fri
14:20:16,J14,Jeffery Jump,,Mon,Tue,Wed,Thu,Fri
16:35:48,20,Madison,,Sat
12:32:48,20,Madison,,Sat
08:00:19,20,Madison,,Mon,Tue,Wed,Thu,Fri
23:27:37,20,Madison,,Sun
21:05:08,56,Milwaukee,,Mon,Tue,Wed,Thu,Fri
14:44:36,60,Blue Island/26th,,Mon,Tue,Wed,Thu,Fri
12:31:58,60,Blue Island/26th,,Sat
19:04:09,124,Navy Pier,,Sun
06:20:01,60,Blue Island/26th,,Sat
16:37:07,60,Blue Island/26th,,Mon,Tue,Wed,Thu,Fri
12:30:16,J14,Jeffery Jump,,Mon,Tue,Wed,Thu,Fri
16:29:38,56,Milwaukee,,Mon,Tue,Wed,Thu,Fri
08:05:22,56,Milwaukee,,Sun
23:42:37,20,Madison,,Sat
11:20:50,157,Streeterville/Taylor,,Mon,Tue,Wed,Thu,Fri
18:51:11,20,Madison,,Mon,Tue,Wed,Thu,Fri
17:44:41,56,Milwaukee,,Mon,Tue,Wed,Thu,Fri
14:30:53,J14,Jeffery Jump,,Sun
14:43:43,56,Milwaukee,,Sat
14:24:11,60,Blue Island/26th,,Mon,Tue,Wed,Thu,Fri
09:44:27,56,Milwaukee,,Mon,Tue,Wed,Thu,Fri
16:34:26,J14,Jeffery Jump,,Sat
13:08:46,20,Madison,,Sat
14:38:11,20,Madison,,Mon,Tue,Wed,Thu,Fri
18:39:51,60,Blue Island/26th,,Sun
11:50:22,J14,Jeffery Jump,,Mon,Tue,Wed,Thu,Fri
16:49:03,157,Streeterville/Taylor,,Mon,Tue,Wed,Thu,Fri
14:56:57,J14,Jeffery Jump,,Mon,Tue,Wed,Thu,Fri
09:27:43,20,Madison,,Mon,Tue,Wed,Thu,Fri
06:05:37,20,Madison,,Mon,Tue,Wed,Thu,Fri
21:23:38,J14,Jeffery Jump,,Sat
17:30:05,60,Blue Island/26th,,Sat
08:45:52,60,Blue Island/26th,,Mon,Tue,Wed,Thu,Fri
08:38:31,60,Blue Island/26th,,Sun
06:40:01,60,Blue Island/26th,,Sat
11:55:56,J14,Jeffery Jump,,Sat
19:45:39,124,Navy Pier,,Mon,Tue,Wed,Thu,Fri
12:45:52,124,Navy Pier,,Sun
11:36:13,20,Madison,,Sun
15:41:48,20,Madison,,Sat
22:37:33,60,Blue Island/26th,,Sat
16:54:26,J14,Jeffery Jump,,Sat
08:08:33,60,Blue Island/26th,,Mon,Tue,Wed,Thu,Fri
20:02:50,157,Streeterville/Taylor,,Mon,Tue,Wed,Thu,Fri
18:34:12,20,Madison,,Sun
19:58:28,60,Blue Island/26th,,Sat
16:32:45,20,Madison,,Mon,Tue,Wed,Thu,Fri
08:52:06,56,Milwaukee,,Sat
18:25:22,J14,Jeffery Jump,,Mon,Tue,Wed,Thu,Fri
19:04:12,20,Madison,,Sun
10:33:56,J14,Jeffery Jump,,Mon,Tue,Wed,Thu,Fri
20:08:29,60,Blue Island/26th,,Sat
17:20:10,J14,Jeffery Jump,,Mon,Tue,Wed,Thu,Fri
08:29:40,56,Milwaukee,,Mon,Tue,Wed,Thu,Fri
05:50:17,56,Milwaukee,,Sun
20:34:12,20,Madison,,Sun
22:56:21,60,Blue Island/26th,,Sat
04:27:56,20,Madison,,Mon,Tue,Wed,Thu,Fri
20:49:29,56,Milwaukee,,Sun
23:01:31,J14,Jeffery Jump,,Mon,Tue,Wed,Thu,Fri
13:34:52,J14,Jeffery Jump,,Sat
12:10:52,60,Blue Island/26th,,Sun
16:34:34,157,Streeterville/Taylor,,Mon,Tue,Wed,Thu,Fri
13:46:13,20,Madison,,Sun
15:00:29,60,Blue Island/26th,,Sun
15:21:28,60,Blue Island/26th,,Sat
08:05:20,20,Madison,,Mon,Tue,Wed,Thu,Fri
08:19:03,56,Milwaukee,,Mon,Tue,Wed,Thu,Fri
10:54:51,20,Madison,,Mon,Tue,Wed,Thu,Fri
22:56:38,20,Madison,,Mon,Tue,Wed,Thu,Fri
07:57:03,J14,Jeffery Jump,,Mon,Tue,Wed,Thu,Fri
16:47:45,20,Madison,,Mon,Tue,Wed,Thu,Fri
17:57:43,56,Milwaukee,,Sat
19:29:00,J14,Jeffery Jump,,Mon,Tue,Wed,Thu,Fri
18:03:31,60,Blue Island/26th,,Mon,Tue,Wed,Thu,Fri
09:30:52,60,Blue Island/26th,,Sun
24:08:27,60,Blue Island/26th,,Sat
21:27:15,J14,Jeffery Jump,,Mon,Tue,Wed,Thu,Fri
19:57:22,J14,Jeffery Jump,,Mon,Tue,Wed,Thu,Fri
19:16:06,124,Navy Pier,,Sat
18:04:03,60,Blue Island/26th,,Mon,Tue,Wed,Thu,Fri
13:12:13,56,Milwaukee,,Sat
23:42:38,20,Madison,,Sat
08:09:43,20,Madison,,Sat
10:34:57,J14,Jeffery Jump,,Sun
14:41:23,60,Blue Island/26th,,Sat
18:08:46,20,Madison,,Mon,Tue,Wed,Thu,Fri
20:04:42,20,Madison,,Mon,Tue,Wed,Thu,Fri
16:09:15,56,Milwaukee,,Sun
16:52:45,20,Madison,,Mon,Tue,Wed,Thu,Fri
06:35:36,60,Blue Island/26th,,Mon,Tue,Wed,Thu,Fri
19:00:13,20,Madison,,Sat
15:36:12,20,Madison,,Sun
08:33:20,J14,Jeffery Jump,,Sat
20:47:11,J14,Jeffery Jump,,Mon,Tue,Wed,Thu,Fri
16:50:24,56,Milwaukee,,Sat
18:32:03,56,Milwaukee,,Sat
05:56:27,157,Streeterville/Taylor,,Mon,Tue,Wed,Thu,Fri
15:46:12,20,Madison,,Sun
13:22:52,56,Milwaukee,,Sun
05:03:06,56,Milwaukee,,Mon,Tue,Wed,Thu,Fri
00:57:55,20,Madison,,Mon
16:04:26,J14,Jeffery Jump,,Sat
12:15:26,J14,Jeffery Jump,,Sat
16:51:18,J14,Jeffery Jump,,Mon,Tue,Wed,Thu,Fri
13:08:48,20,Madison,,Sat
21:27:54,20,Madison,,Sat
16:12:46,20,Madison,,Mon,Tue,Wed,Thu,Fri
23:37:39,60,Blue Island/26th,,Mon,Tue,Wed,Thu,Fri
10:42:31,124,Navy Pier,,Mon,Tue,Wed,Thu,Fri
13:20:29,60,Blue Island/26th,,Sun
14:52:50,157,Streeterville/Taylor,,Mon,Tue,Wed,Thu,Fri
11:04:51,20,Madison,,Mon,Tue,Wed,Thu,Fri
12:11:31,56,Milwaukee,,Mon,Tue,Wed,Thu,Fri
24:10:12,60,Blue Island/26th,,Sun
09:47:13,20,Madison,,Sat
04:57:55,20,Madison,,Sat
19:44:42,20,Madison,,Mon,Tue,Wed,Thu,Fri
18:57:06,124,Navy Pier,,Sat
08:21:01,60,Blue Island/26th,,Sun
12:05:26,J14,Jeffery Jump,,Sat
07:23:14,157,Streeterville/Taylor,,Mon,Tue,Wed,Thu,Fri
15:50:35,60,Blue Island/26th,,Sat
10:05:00,60,Blue Island/26th,,Mon,Tue,Wed,Thu,Fri
12:14:46,20,Madison,,Sat
18:04:22,J14,Jeffery Jump,,Sat
22:01:08,J14,Jeffery Jump,,Sat
17:03:48,20,Madison,,Sat
09:05:13,56,Milwaukee,,Mon,Tue,Wed,Thu,Fri
08:30:13,20,Madison,,Sat
09:56:27,124,Navy Pier,,Sun
06:59:59,56,Milwaukee,,Sat
22:56:37,20,Madison,,Mon,Tue,Wed,Thu,Fri
17:06:12,20,Madison,,Sun
10:44:57,J14,Jeffery Jump,,Sun
20:04:04,J14,Jeffery Jump,,Sat
15:05:46,20,Madison,,Sat
10:03:52,J14,Jeffery Jump,,Mon,Tue,Wed,Thu,Fri
18:13:52,60,Blue Island/26th,,Sun
11:56:12,20,Madison,,Sun
15:50:46,20,Madison,,Mon,Tue,Wed,Thu,Fri
03:27:56,20,Madison,,Sun
19:20:35,20,Madison,,Mon,Tue,Wed,Thu,Fri
18:00:05,60,Blue Island/26th,,Sat
15:14:48,20,Madison,,Sat
15:01:28,60,Blue Island/26th,,Sat
08:40:19,20,Madison,,Mon,Tue,Wed,Thu,Fri
08:04:03,56,Milwaukee,,Mon,Tue,Wed,Thu,Fri
13:09:12,124,Navy Pier,,Sun
11:34:13,56,Milwaukee,,Sun
13:10:16,J14,Jeffery Jump,,Mon,Tue,Wed,Thu,Fri
09:51:43,56,Milwaukee,,Sat
09:43:59,60,Blue Island/26th,,Sat
07:31:51,60,Blue Island/26th,,Sat
08:00:46,J14,Jeffery Jump,,Sun
09:02:01,J14,Jeffery Jump,,Sat
17:08:29,60,Blue Island/26th,,Sun
07:24:06,60,Blue Island/26th,,Mon,Tue,Wed,Thu,Fri
12:11:36,56,Milwaukee,,Sat
16:50:27,56,Milwaukee,,Sat
08:45:19,20,Madison,,Mon,Tue,Wed,Thu,Fri
17:45:22,60,Blue Island/26th,,Mon,Tue,Wed,Thu,Fri
21:21:52,60,Blue Island/26th,,Sat
07:33:37,20,Madison,,Sun
17:40:10,56,Milwaukee,,Sat
08:42:57,157,Streeterville/Taylor,,Mon,Tue,Wed,Thu,Fri
08:30:19,20,Madison,,Mon,Tue,Wed,Thu,Fri
18:21:06,124,Navy Pier,,Sat
17:13:46,20,Madison,,Sat
08:01:31,60,Blue Island/26th,,Mon,Tue,Wed,Thu,Fri
16:53:39,124,Navy Pier,,Sat
01:33:09,60,Blue Island/26th,,Tue,Wed,Thu,Fri,Sat
22:27:16,J14,Jeffery Jump,,Sun
16:00:35,60,Blue Island/26th,,Sat
24:05:09,60,Blue Island/26th,,Mon,Tue,Wed,Thu,Fri
19:11:12,20,Madison,,Mon,Tue,Wed,Thu,Fri
15:21:05,60,Blue Island/26th,,Sat
09:44:52,20,Madison,,Mon,Tue,Wed,Thu,Fri
12:44:36,60,Blue Island/26th,,Mon,Tue,Wed,Thu,Fri
09:14:10,56,Milwaukee,,Mon,Tue,Wed,Thu,Fri
21:14:12,20,Madison,,Mon,Tue,Wed,Thu,Fri
09:44:19,J14,Jeffery Jump,,Mon,Tue,Wed,Thu,Fri
22:47:38,20,Madison,,Sun
11:09:31,124,Navy Pier,,Mon,Tue,Wed,Thu,Fri
22:02:11,J14,Jeffery Jump,,Mon,Tue,Wed,Thu,Fri
09:07:43,157,Streeterville/Taylor,,Mon,Tue,Wed,Thu,Fri
07:57:07,J14,Jeffery Jump,,Mon,Tue,Wed,Thu,Fri
16:41:55,J14,Jeffery Jump,,Mon,Tue,Wed,Thu,Fri
17:10:03,J14,Jeffery Jump,,Mon,Tue,Wed,Thu,Fri
20:10:12,20,Madison,,Sat
13:40:10,60,Blue Island/26th,,Sun
20:39:28,60,Blue Island/26th,,Mon,Tue,Wed,Thu,Fri
19:14:00,J14,Jeffery Jump,,Sat
15:39:11,J14,Jeffery Jump,,Sun
08:05:24,56,Milwaukee,,Sun
16:38:29,60,Blue Island/26th,,Sun
22:41:37,20,Madison,,Mon,Tue,Wed,Thu,Fri
16:06:13,20,Madison,,Sun
20:57:46,60,Blue Island/26th,,Mon,Tue,Wed,Thu,Fri
09:46:13,20,Madison,,Sun
10:15:31,124,Navy Pier,,Mon,Tue,Wed,Thu,Fri
21:22:54,20,Madison,,Sun
14:24:21,20,Madison,,Mon,Tue,Wed,Thu,Fri
08:34:52,J14,Jeffery Jump,,Mon,Tue,Wed,Thu,Fri
10:26:13,20,Madison,,Sun
17:00:05,60,Blue Island/26th,,Sat
10:39:13,56,Milwaukee,,Sun
22:51:57,J14,Jeffery Jump,,Sat
05:03:08,56,Milwaukee,,Mon,Tue,Wed,Thu,Fri
19:48:49,J14,Jeffery Jump,,Sun
09:53:40,60,Blue Island/26th,,Sat
16:20:01,60,Blue Island/26th,,Mon,Tue,Wed,Thu,Fri
15:31:05,60,Blue Island/26th,,Sat
20:58:08,60,Blue Island/26th,,Mon,Tue,Wed,Thu,Fri
19:45:29,56,Milwaukee,,Sun
16:35:46,20,Madison,,Sat
07:07:03,J14,Jeffery Jump,,Mon,Tue,Wed,Thu,Fri
18:21:52,60,Blue Island/26th,,Sun
06:07:08,20,Madison,,Sun
08:45:20,20,Madison,,Mon,Tue,Wed,Thu,Fri
01:57:55,20,Madison,,Tue,Wed,Thu,Fri,Sat
23:27:38,20,Madison,,Sat
07:20:16,J14,Jeffery Jump,,Sat
13:12:21,20,Madison,,Mon,Tue,Wed,Thu,Fri
16:41:49,J14,Jeffery Jump,,Mon,Tue,Wed,Thu,Fri
20:26:22,56,Milwaukee,,Mon,Tue,Wed,Thu,Fri
11:06:33,124,Navy Pier,,Sat
16:17:27,56,Milwaukee,,Sat
17:36:42,60,Blue Island/26th,,Mon,Tue,Wed,Thu,Fri
09:27:42,157,Streeterville/Taylor,,Mon,Tue,Wed,Thu,Fri
17:23:48,20,Madison,,Sat
22:37:51,60,Blue Island/26th,,Sat
04:37:15,60,Blue Island/26th,,Mon,Tue,Wed,Thu,Fri
17:15:10,J14,Jeffery Jump,,Mon,Tue,Wed,Thu,Fri
20:04:11,60,Blue Island/26th,,Mon,Tue,Wed,Thu,Fri
06:15:47,60,Blue Island/26th,,Mon,Tue,Wed,Thu,Fri
10:43:33,J14,Jeffery Jump,,Mon,Tue,Wed,Thu,Fri
06:16:09,60,Blue Island/26th,,Sun
16:37:42,60,Blue Island/26th,,Mon,Tue,Wed,Thu,Fri
15:00:10,60,Blue Island/26th,,Sun
23:57:56,20,Madison,,Sat
14:38:57,J14,Jeffery Jump,,Mon,Tue,Wed,Thu,Fri
12:54:21,20,Madison,,Mon,Tue,Wed,Thu,Fri
04:59:54,56,Milwaukee,,Sun
16:57:22,56,Milwaukee,,Sun
22:02:37,20,Madison,,Sat
08:38:15,60,Blue Island/26th,,Sun
16:39:52,56,Milwaukee,,Sun
12:33:23,J14,Jeffery Jump,,Sun
14:21:01,124,Navy Pier,,Mon,Tue,Wed,Thu,Fri
13:54:36,60,Blue Island/26th,,Mon,Tue,Wed,Thu,Fri
20:54:43,20,Madison,,Mon,Tue,Wed,Thu,Fri
12:04:11,60,Blue Island/26th,,Mon,Tue,Wed,Thu,Fri
09:14:13,56,Milwaukee,,Mon,Tue,Wed,Thu,Fri
14:45:12,20,Madison,,Mon,Tue,Wed,Thu,Fri
18:41:52,56,Milwaukee,,Mon,Tue,Wed,Thu,Fri
10:52:19,J14,Jeffery Jump,,Mon,Tue,Wed,Thu,Fri
18:39:33,60,Blue Island/26th,,Sun
15:54:04,157,Streeterville/Taylor,,Mon,Tue,Wed,Thu,Fri
14:34:56,J14,Jeffery Jump,,Sat
12:06:12,20,Madison,,Sun
14:02:46,20,Madison,,Sat
07:48:38,20,Madison,,Sun
13:20:22,20,Madison,,Mon,Tue,Wed,Thu,Fri
15:16:42,20,Madison,,Mon,Tue,Wed,Thu,Fri
21:48:05,124,Navy Pier,,Mon,Tue,Wed,Thu,Fri
19:48:53,J14,Jeffery Jump,,Sun
19:20:00,J14,Jeffery Jump,,Mon,Tue,Wed,Thu,Fri
11:34:51,20,Madison,,Mon,Tue,Wed,Thu,Fri
08:34:46,J14,Jeffery Jump,,Mon,Tue,Wed,Thu,Fri
08:09:06,56,Milwaukee,,Mon,Tue,Wed,Thu,Fri
12:46:12,20,Madison,,Sun
17:49:43,56,Milwaukee,,Sun
08:09:03,56,Milwaukee,,Mon,Tue,Wed,Thu,Fri
15:29:13,56,Milwaukee,,Sat
09:20:52,60,Blue Island/26th,,Sun
14:00:22,J14,Jeffery Jump,,Mon,Tue,Wed,Thu,Fri
06:45:37,20,Madison,,Mon,Tue,Wed,Thu,Fri
20:44:13,20,Madison,,Sun
09:27:12,20,Madison,,Sat
11:17:57,56,Milwaukee,,Mon,Tue,Wed,Thu,Fri
12:20:52,60,Blue Island/26th,,Sun
05:55:37,20,Madison,,Mon,Tue,Wed,Thu,Fri
08:29:43,56,Milwaukee,,Mon,Tue,Wed,Thu,Fri
19:45:30,60,Blue Island/26th,,Mon,Tue,Wed,Thu,Fri
05:56:05,60,Blue Island/26th,,Mon,Tue,Wed,Thu,Fri
12:36:12,20,Madison,,Sun
04:47:30,20,Madison,,Mon,Tue,Wed,Thu,Fri
17:25:12,20,Madison,,Sun
18:46:38,60,Blue Island/26th,,Sat
16:28:29,60,Blue Island/26th,,Sun
08:24:06,56,Milwaukee,,Mon,Tue,Wed,Thu,Fri
18:08:45,20,Madison,,Mon,Tue,Wed,Thu,Fri
06:13:31,J14,Jeffery Jump,,Mon,Tue,Wed,Thu,Fri
06:40:22,56,Milwaukee,,Mon,Tue,Wed,Thu,Fri
14:47:48,124,Navy Pier,,Mon,Tue,Wed,Thu,Fri
06:58:20,J14,Jeffery Jump,,Sat
20:07:26,J14,Jeffery Jump,,Mon,Tue,Wed,Thu,Fri
17:07:10,56,Milwaukee,,Sat
15:33:09,124,Navy Pier,,Mon,Tue,Wed,Thu,Fri
08:29:57,157,Streeterville/Taylor,,Mon,Tue,Wed,Thu,Fri
23:57:55,20,Madison,,Sat
06:15:37,20,Madison,,Mon,Tue,Wed,Thu,Fri
10:21:06,56,Milwaukee,,Sun
19:50:13,20,Madison,,Sat
19:29:57,124,Navy Pier,,Sun
15:47:27,56,Milwaukee,,Mon,Tue,Wed,Thu,Fri
14:38:46,20,Madison,,Sat
04:59:17,56,Milwaukee,,Sat
22:08:56,124,Navy Pier,,Sun
13:05:20,56,Milwaukee,,Sun
11:55:10,56,Milwaukee,,Sat
14:31:52,20,Madison,,Mon,Tue,Wed,Thu,Fri
20:20:23,60,Blue Island/26th,,Mon,Tue,Wed,Thu,Fri
12:51:47,60,Blue Island/26th,,Sat
08:58:10,56,Milwaukee,,Mon,Tue,Wed,Thu,Fri
08:14:52,J14,Jeffery Jump,,Mon,Tue,Wed,Thu,Fri
14:27:43,56,Milwaukee,,Sat
15:00:53,J14,Jeffery Jump,,Sun
21:42:23,124,Navy Pier,,Sun
17:31:43,56,Milwaukee,,Sun
07:22:15,56,Milwaukee,,Sun
06:58:16,J14,Jeffery Jump,,Sat
10:12:58,60,Blue Island/26th,,Sat
06:55:26,60,Blue Island/26th,,Mon,Tue,Wed,Thu,Fri
11:29:04,J14,Jeffery Jump,,Sat
10:49:23,J14,Jeffery Jump,,Sat
10:24:36,60,Blue Island/26th,,Mon,Tue,Wed,Thu,Fri
09:04:46,J14,Jeffery Jump,,Mon,Tue,Wed,Thu,Fri
17:28:29,60,Blue Island/26th,,Sun
13:51:47,60,Blue Island/26th,,Sat
08:07:59,56,Milwaukee,,Sat
18:11:39,124,Navy Pier,,Sun
17:02:45,20,Madison,,Mon,Tue,Wed,Thu,Fri
10:04:51,20,Madison,,Mon,Tue,Wed,Thu,Fri
18:14:10,124,Navy Pier,,Mon,Tue,Wed,Thu,Fri
11:44:57,J14,Jeffery Jump,,Sun
17:49:04,J14,Jeffery Jump,,Sun
22:32:37,20,Madison,,Sat
15:55:13,124,Navy Pier,,Mon,Tue,Wed,Thu,Fri
13:40:22,J14,Jeffery Jump,,Mon,Tue,Wed,Thu,Fri
08:34:22,60,Blue Island/26th,,Sat
05:25:20,20,Madison,,Mon,Tue,Wed,Thu,Fri
09:17:12,20,Madison,,Sat
13:33:12,124,Navy Pier,,Sun
12:20:22,J14,Jeffery Jump,,Mon,Tue,Wed,Thu,Fri
05:26:22,56,Milwaukee,,Mon,Tue,Wed,Thu,Fri
15:43:33,124,Navy Pier,,Sat
21:49:11,J14,Jeffery Jump,,Mon,Tue,Wed,Thu,Fri
11:05:01,J14,Jeffery Jump,,Sun
20:24:12,20,Madison,,Sun
09:12:36,56,Milwaukee,,Sat
18:24:13,20,Madison,,Sun
14:20:10,60,Blue Island/26th,,Sun
11:55:52,J14,Jeffery Jump,,Sat
15:34:22,J14,Jeffery Jump,,Sat
11:16:12,20,Madison,,Sun
15:19:52,56,Milwaukee,,Sun
18:24:22,J14,Jeffery Jump,,Sat
11:50:16,J14,Jeffery Jump,,Mon,Tue,Wed,Thu,Fri
06:55:00,60,Blue Island/26th,,Mon,Tue,Wed,Thu,Fri
20:22:50,157,Streeterville/Taylor,,Mon,Tue,Wed,Thu,Fri
20:58:30,124,Navy Pier,,Mon,Tue,Wed,Thu,Fri
13:44:46,20,Madison,,Sat
22:02:37,20,Madison,,Sun
19:37:03,60,Blue Island/26th,,Sun
10:34:11,60,Blue Island/26th,,Mon,Tue,Wed,Thu,Fri
17:08:38,56,Milwaukee,,Mon,Tue,Wed,Thu,Fri
12:24:36,60,Blue Island/26th,,Mon,Tue,Wed,Thu,Fri
09:57:17,56,Milwaukee,,Mon,Tue,Wed,Thu,Fri
17:12:15,20,Madison,,Mon,Tue,Wed,Thu,Fri
19:58:53,J14,Jeffery Jump,,Sun
18:44:20,157,Streeterville/Taylor,,Mon,Tue,Wed,Thu,Fri
09:05:15,56,Milwaukee,,Sun
12:31:31,124,Navy Pier,,Mon,Tue,Wed,Thu,Fri
19:04:04,157,Streeterville/Taylor,,Mon,Tue,Wed,Thu,Fri
22:56:31,60,Blue Island/26th,,Mon,Tue,Wed,Thu,Fri
11:20:16,J14,Jeffery Jump,,Mon,Tue,Wed,Thu,Fri
12:55:26,J14,Jeffery Jump,,Sat
04:57:55,20,Madison,,Sun
01:07:22,60,Blue Island/26th,,Sun
23:56:56,20,Madison,,Mon,Tue,Wed,Thu,Fri
10:56:48,20,Madison,,Sat
21:07:15,J14,Jeffery Jump,,Mon,Tue,Wed,Thu,Fri
05:46:54,J14,Jeffery Jump,,Mon,Tue,Wed,Thu,Fri
22:08:23,124,Navy Pier,,Sun
07:44:21,60,Blue Island/26th,,Sat
10:33:52,J14,Jeffery Jump,,Mon,Tue,Wed,Thu,Fri
07:16:50,56,Milwaukee,,Mon,Tue,Wed,Thu,Fri
06:00:50,56,Milwaukee,,Mon,Tue,Wed,Thu,Fri
10:45:03,124,Navy Pier,,Sun
08:14:46,J14,Jeffery Jump,,Mon,Tue,Wed,Thu,Fri
16:25:13,56,Milwaukee,,Sun
12:20:16,J14,Jeffery Jump,,Mon,Tue,Wed,Thu,Fri
18:08:49,J14,Jeffery Jump,,Sun
24:12:56,20,Madison,,Sun
15:40:50,157,Streeterville/Taylor,,Mon,Tue,Wed,Thu,Fri
11:54:57,J14,Jeffery Jump,,Sun
10:51:10,60,Blue Island/26th,,Sun
13:53:46,20,Madison,,Sat
17:19:00,J14,Jeffery Jump,,Sun
10:01:10,60,Blue Island/26th,,Sun
18:17:15,20,Madison,,Mon,Tue,Wed,Thu,Fri
09:24:06,56,Milwaukee,,Sun
22:32:38,20,Madison,,Sat
09:08:23,124,Navy Pier,,Sun
15:45:40,56,Milwaukee,,Sat
19:14:13,20,Madison,,Sun
14:51:42,20,Madison,,Mon,Tue,Wed,Thu,Fri
18:28:53,J14,Jeffery Jump,,Sun
02:03:03,60,Blue Island/26th,,Tue,Wed,Thu,Fri,Sat
07:04:48,60,Blue Island/26th,,Mon,Tue,Wed,Thu,Fri
15:01:33,56,Milwaukee,,Mon,Tue,Wed,Thu,Fri
17:24:02,124,Navy Pier,,Mon,Tue,Wed,Thu,Fri
17:18:07,60,Blue Island/26th,,Mon,Tue,Wed,Thu,Fri
13:31:23,60,Blue Island/26th,,Sat
17:34:13,20,Madison,,Sun
12:34:03,124,Navy Pier,,Sat
01:57:55,20,Madison,,Sun
13:00:22,J14,Jeffery Jump,,Mon,Tue,Wed,Thu,Fri
20:40:13,20,Madison,,Sat
16:26:48,20,Madison,,Sat
17:31:45,56,Milwaukee,,Sun
13:50:29,60,Blue Island/26th,,Sun
08:26:43,56,Milwaukee,,Sun
16:46:36,J14,Jeffery Jump,,Mon,Tue,Wed,Thu,Fri
18:38:49,J14,Jeffery Jump,,Sun
11:56:13,20,Madison,,Sun
13:26:13,56,Milwaukee,,Sat
17:14:22,J14,Jeffery Jump,,Sat
09:09:01,124,Navy Pier,,Mon,Tue,Wed,Thu,Fri
12:50:22,J14,Jeffery Jump,,Mon,Tue,Wed,Thu,Fri
08:30:12,20,Madison,,Sat
08:03:37,20,Madison,,Sun
16:56:12,20,Madison,,Sun
06:39:45,60,Blue Island/26th,,Sat
14:00:21,20,Madison,,Mon,Tue,Wed,Thu,Fri
19:54:43,20,Madison,,Mon,Tue,Wed,Thu,Fri
20:08:53,J14,Jeffery Jump,,Sun
19:46:18,124,Navy Pier,,Mon,Tue,Wed,Thu,Fri
14:13:34,157,Streeterville/Taylor,,Mon,Tue,Wed,Thu,Fri
16:22:45,20,Madison,,Mon,Tue,Wed,Thu,Fri
11:50:52,60,Blue Island/26th,,Sun
11:37:50,157,Streeterville/Taylor,,Mon,Tue,Wed,Thu,Fri
19:08:49,J14,Jeffery Jump,,Sun
15:20:10,60,Blue Island/26th,,Sun
09:48:21,124,Navy Pier,,Mon,Tue,Wed,Thu,Fri
05:36:57,J14,Jeffery Jump,,Mon,Tue,Wed,Thu,Fri
11:30:22,J14,Jeffery Jump,,Mon,Tue,Wed,Thu,Fri
07:33:38,20,Madison,,Sun
08:13:06,56,Milwaukee,,Mon,Tue,Wed,Thu,Fri
17:29:04,J14,Jeffery Jump,,Sun
21:13:38,J14,Jeffery Jump,,Sat
11:42:38,60,Blue Island/26th,,Sat
16:37:45,20,Madison,,Mon,Tue,Wed,Thu,Fri
16:14:22,J14,Jeffery Jump,,Sat
18:41:12,20,Madison,,Mon,Tue,Wed,Thu,Fri
12:04:21,20,Madison,,Mon,Tue,Wed,Thu,Fri
22:09:57,124,Navy Pier,,Sat
15:17:34,157,Streeterville/Taylor,,Mon,Tue,Wed,Thu,Fri
18:07:45,56,Milwaukee,,Sun
20:24:04,J14,Jeffery Jump,,Sat
05:25:28,60,Blue Island/26th,,Mon,Tue,Wed,Thu,Fri
08:04:46,J14,Jeffery Jump,,Mon,Tue,Wed,Thu,Fri
13:40:29,60,Blue Island/26th,,Sun
03:03:22,60,Blue Island/26th,,Mon
19:08:06,60,Blue Island/26th,,Mon,Tue,Wed,Thu,Fri
17:10:05,60,Blue Island/26th,,Sat
00:42:55,20,Madison,,Mon
14:31:23,60,Blue Island/26th,,Sat
16:56:13,20,Madison,,Sun
08:02:13,20,Madison,,Sat
10:11:50,56,Milwaukee,,Sat
14:35:06,56,Milwaukee,,Mon,Tue,Wed,Thu,Fri
21:41:38,20,Madison,,Mon,Tue,Wed,Thu,Fri
01:57:56,20,Madison,,Sun
17:10:28,60,Blue Island/26th,,Sat
06:58:33,60,Blue Island/26th,,Sat
16:26:12,20,Madison,,Sun
09:56:13,20,Madison,,Sun
16:40:05,60,Blue Island/26th,,Sat
16:09:15,J14,Jeffery Jump,,Sun
21:27:55,20,Madison,,Sat
17:10:43,124,Navy Pier,,Sat
11:44:11,60,Blue Island/26th,,Mon,Tue,Wed,Thu,Fri
18:49:54,60,Blue Island/26th,,Mon,Tue,Wed,Thu,Fri
21:12:01,56,Milwaukee,,Sun
05:23:37,20,Madison,,Mon,Tue,Wed,Thu,Fri
15:36:13,20,Madison,,Sun
19:28:18,20,Madison,,Mon,Tue,Wed,Thu,Fri
20:53:03,60,Blue Island/26th,,Sun
08:13:05,56,Milwaukee,,Mon,Tue,Wed,Thu,Fri
15:11:28,60,Blue Island/26th,,Sat
23:14:08,20,Madison,,Mon,Tue,Wed,Thu,Fri
12:50:46,20,Madison,,Sat
07:17:07,J14,Jeffery Jump,,Mon,Tue,Wed,Thu,Fri
19:36:00,20,Madison,,Mon,Tue,Wed,Thu,Fri
09:00:31,60,Blue Island/26th,,Mon,Tue,Wed,Thu,Fri
14:58:43,56,Milwaukee,,Sat
17:27:07,60,Blue Island/26th,,Mon,Tue,Wed,Thu,Fri
13:06:13,20,Madison,,Sun
13:34:11,60,Blue Island/26th,,Mon,Tue,Wed,Thu,Fri
15:31:28,60,Blue Island/26th,,Sat
17:34:26,J14,Jeffery Jump,,Sat
20:54:42,20,Madison,,Mon,Tue,Wed,Thu,Fri
14:51:47,60,Blue Island/26th,,Sat
15:13:36,56,Milwaukee,,Mon,Tue,Wed,Thu,Fri
11:15:38,56,Milwaukee,,Sun
16:26:46,20,Madison,,Sat
08:04:40,60,Blue Island/26th,,Sat
09:00:20,20,Madison,,Mon,Tue,Wed,Thu,Fri
16:09:11,J14,Jeffery Jump,,Sun
05:06:31,20,Madison,,Mon,Tue,Wed,Thu,Fri
10:52:58,60,Blue Island/26th,,Sat
13:35:46,20,Madison,,Sat
17:53:46,20,Madison,,Sat
11:44:36,60,Blue Island/26th,,Mon,Tue,Wed,Thu,Fri
19:27:15,60,Blue Island/26th,,Mon,Tue,Wed,Thu,Fri
08:24:05,56,Milwaukee,,Mon,Tue,Wed,Thu,Fri
10:41:48,124,Navy Pier,,Mon,Tue,Wed,Thu,Fri
15:13:57,J14,Jeffery Jump,,Mon,Tue,Wed,Thu,Fri
13:01:00,J14,Jeffery Jump,,Sun
23:27:38,20,Madison,,Sun
24:12:55,20,Madison,,Sun
07:26:38,20,Madison,,Sat
07:22:35,157,Streeterville/Taylor,,Mon,Tue,Wed,Thu,Fri
16:17:56,124,Navy Pier,,Mon,Tue,Wed,Thu,Fri
17:25:03,J14,Jeffery Jump,,Mon,Tue,Wed,Thu,Fri
10:17:13,20,Madison,,Sat
14:20:53,J14,Jeffery Jump,,Sun
11:02:00,J14,Jeffery Jump,,Mon,Tue,Wed,Thu,Fri
15:16:13,20,Madison,,Sun
16:50:05,60,Blue Island/26th,,Sat
16:46:13,20,Madison,,Sun
16:36:13,20,Madison,,Sun
20:37:15,J14,Jeffery Jump,,Mon,Tue,Wed,Thu,Fri
12:46:13,20,Madison,,Sun
12:23:48,20,Madison,,Sat
20:20:13,20,Madison,,Sat
20:44:43,56,Milwaukee,,Mon,Tue,Wed,Thu,Fri
20:20:47,60,Blue Island/26th,,Mon,Tue,Wed,Thu,Fri
20:24:43,20,Madison,,Mon,Tue,Wed,Thu,Fri
15:06:03,J14,Jeffery Jump,,Mon,Tue,Wed,Thu,Fri
22:11:38,20,Madison,,Mon,Tue,Wed,Thu,Fri
02:57:56,20,Madison,,Mon
12:51:30,J14,Jeffery Jump,,Sun
12:41:48,20,Madison,,Sat
10:19:38,J14,Jeffery Jump,,Sat
08:35:20,20,Madison,,Mon,Tue,Wed,Thu,Fri
16:19:41,56,Milwaukee,,Mon,Tue,Wed,Thu,Fri
18:04:40,60,Blue Island/26th,,Sun
11:20:52,60,Blue Island/26th,,Sun
17:02:46,20,Madison,,Mon,Tue,Wed,Thu,Fri
13:18:24,56,Milwaukee,,Mon,Tue,Wed,Thu,Fri
06:41:38,20,Madison,,Sat
17:44:26,J14,Jeffery Jump,,Sat
12:57:40,56,Milwaukee,,Sat
07:43:45,60,Blue Island/26th,,Sun
15:26:13,20,Madison,,Sun
14:46:13,20,Madison,,Sun
11:01:55,J14,Jeffery Jump,,Mon,Tue,Wed,Thu,Fri
11:20:22,J14,Jeffery Jump,,Mon,Tue,Wed,Thu,Fri
19:11:11,20,Madison,,Mon,Tue,Wed,Thu,Fri
22:30:38,56,Milwaukee,,Mon,Tue,Wed,Thu,Fri
07:48:13,60,Blue Island/26th,,Mon,Tue,Wed,Thu,Fri
14:52:33,124,Navy Pier,,Sat
19:47:21,60,Blue Island/26th,,Sun
14:12:50,157,Streeterville/Taylor,,Mon,Tue,Wed,Thu,Fri
19:45:56,60,Blue Island/26th,,Mon,Tue,Wed,Thu,Fri
09:18:54,60,Blue Island/26th,,Mon,Tue,Wed,Thu,Fri
06:19:45,60,Blue Island/26th,,Sat
16:01:52,124,Navy Pier,,Sun
21:59:29,56,Milwaukee,,Sun
17:53:48,20,Madison,,Sat
11:25:01,J14,Jeffery Jump,,Sun
13:21:23,60,Blue Island/26th,,Sat
20:06:20,56,Milwaukee,,Mon,Tue,Wed,Thu,Fri
08:03:38,20,Madison,,Sun
07:48:37,20,Madison,,Sun
15:04:11,60,Blue Island/26th,,Mon,Tue,Wed,Thu,Fri
11:14:52,20,Madison,,Mon,Tue,Wed,Thu,Fri
10:48:05,124,Navy Pier,,Sat
16:00:57,J14,Jeffery Jump,,Mon,Tue,Wed,Thu,Fri
12:22:05,60,Blue Island/26th,,Sat
18:26:50,56,Milwaukee,,Mon,Tue,Wed,Thu,Fri
11:51:10,60,Blue Island/26th,,Sun
19:04:16,60,Blue Island/26th,,Sat
20:27:01,56,Milwaukee,,Sun
17:13:48,20,Madison,,Sat
16:25:57,J14,Jeffery Jump,,Mon,Tue,Wed,Thu,Fri
23:42:37,20,Madison,,Sun
14:10:53,J14,Jeffery Jump,,Sun
20:53:38,J14,Jeffery Jump,,Sat
16:30:28,60,Blue Island/26th,,Sat
16:17:24,56,Milwaukee,,Sat
20:06:33,60,Blue Island/26th,,Sun
18:22:13,60,Blue Island/26th,,Mon,Tue,Wed,Thu,Fri
18:26:43,56,Milwaukee,,Sun
18:42:55,J14,Jeffery Jump,,Mon,Tue,Wed,Thu,Fri
17:10:06,124,Navy Pier,,Sat
22:26:37,20,Madison,,Mon,Tue,Wed,Thu,Fri
09:50:52,60,Blue Island/26th,,Sun
15:46:13,20,Madison,,Sun
16:55:52,J14,Jeffery Jump,,Mon,Tue,Wed,Thu,Fri
07:47:07,J14,Jeffery Jump,,Mon,Tue,Wed,Thu,Fri
19:44:00,J14,Jeffery Jump,,Sat
14:41:47,60,Blue Island/26th,,Sat
21:07:11,J14,Jeffery Jump,,Mon,Tue,Wed,Thu,Fri
07:03:08,20,Madison,,Mon,Tue,Wed,Thu,Fri
17:39:34,157,Streeterville/Taylor,,Mon,Tue,Wed,Thu,Fri
07:41:24,60,Blue Island/26th,,Mon,Tue,Wed,Thu,Fri
08:30:19,60,Blue Island/26th,,Mon,Tue,Wed,Thu,Fri
18:04:13,20,Madison,,Sun
18:09:12,157,Streeterville/Taylor,,Mon,Tue,Wed,Thu,Fri
08:53:40,60,Blue Island/26th,,Sat
20:30:13,20,Madison,,Sat
01:57:55,20,Madison,,Mon
06:25:07,20,Madison,,Sat
13:55:43,56,Milwaukee,,Sat
13:36:22,20,Madison,,Mon,Tue,Wed,Thu,Fri
14:20:46,20,Madison,,Sat
14:40:53,J14,Jeffery Jump,,Sun
12:06:13,20,Madison,,Sun
09:36:12,20,Madison,,Sun
06:13:15,56,Milwaukee,,Sat
06:15:23,60,Blue Island/26th,,Mon,Tue,Wed,Thu,Fri
21:03:34,157,Streeterville/Taylor,,Mon,Tue,Wed,Thu,Fri
20:11:06,56,Milwaukee,,Sat
14:44:56,J14,Jeffery Jump,,Sat
12:44:57,56,Milwaukee,,Mon,Tue,Wed,Thu,Fri
06:36:22,56,Milwaukee,,Sat
09:28:24,60,Blue Island/26th,,Mon,Tue,Wed,Thu,Fri
10:33:19,60,Blue Island/26th,,Sat
15:10:29,60,Blue Island/26th,,Sun
13:57:52,124,Navy Pier,,Sun
15:26:12,20,Madison,,Sun
13:56:13,20,Madison,,Sun
21:05:06,56,Milwaukee,,Mon,Tue,Wed,Thu,Fri
16:07:45,20,Madison,,Mon,Tue,Wed,Thu,Fri
06:51:22,56,Milwaukee,,Mon,Tue,Wed,Thu,Fri
15:34:29,20,Madison,,Mon,Tue,Wed,Thu,Fri
21:36:07,20,Madison,,Sat
20:48:31,J14,Jeffery Jump,,Sun
15:49:22,60,Blue Island/26th,,Sun
01:36:39,60,Blue Island/26th,,Sun
14:35:39,124,Navy Pier,,Sat
21:08:13,56,Milwaukee,,Sat
13:27:09,124,Navy Pier,,Sat
10:24:11,60,Blue Island/26th,,Mon,Tue,Wed,Thu,Fri
19:30:03,56,Milwaukee,,Sat
14:00:53,J14,Jeffery Jump,,Sun
18:03:06,124,Navy Pier,,Sat
20:15:33,60,Blue Island/26th,,Sun
20:42:50,157,Streeterville/Taylor,,Mon,Tue,Wed,Thu,Fri
14:28:04,157,Streeterville/Taylor,,Mon,Tue,Wed,Thu,Fri
21:35:28,60,Blue Island/26th,,Mon,Tue,Wed,Thu,Fri
13:01:10,60,Blue Island/26th,,Sun
23:15:07,20,Madison,,Sun
08:08:01,56,Milwaukee,,Sat
01:04:33,60,Blue Island/26th,,Tue,Wed,Thu,Fri,Sat
23:27:37,20,Madison,,Sat
17:33:45,20,Madison,,Mon,Tue,Wed,Thu,Fri
18:44:15,J14,Jeffery Jump,,Sat
10:20:52,60,Blue Island/26th,,Sun
16:45:07,60,Blue Island/26th,,Mon,Tue,Wed,Thu,Fri
15:00:49,J14,Jeffery Jump,,Sun
21:08:27,J14,Jeffery Jump,,Sun
19:04:04,J14,Jeffery Jump,,Sat
11:34:36,60,Blue Island/26th,,Mon,Tue,Wed,Thu,Fri
10:34:51,20,Madison,,Mon,Tue,Wed,Thu,Fri
05:24:52,56,Milwaukee,,Sun
15:16:41,20,Madison,,Mon,Tue,Wed,Thu,Fri
06:25:36,60,Blue Island/26th,,Mon,Tue,Wed,Thu,Fri
22:02:38,20,Madison,,Sat
18:40:12,20,Madison,,Sat
18:17:16,20,Madison,,Mon,Tue,Wed,Thu,Fri
15:04:52,J14,Jeffery Jump,,Sat
02:27:55,20,Madison,,Tue,Wed,Thu,Fri,Sat
15:55:24,60,Blue Island/26th,,Mon,Tue,Wed,Thu,Fri
19:44:43,20,Madison,,Mon,Tue,Wed,Thu,Fri
17:24:22,J14,Jeffery Jump,,Sat
17:39:46,20,Madison,,Mon,Tue,Wed,Thu,Fri
18:34:06,J14,Jeffery Jump,,Mon,Tue,Wed,Thu,Fri
14:40:49,J14,Jeffery Jump,,Sun
19:14:19,60,Blue Island/26th,,Sat
16:54:01,60,Blue Island/26th,,Mon,Tue,Wed,Thu,Fri
17:00:28,60,Blue Island/26th,,Sat
06:39:41,J14,Jeffery Jump,,Mon,Tue,Wed,Thu,Fri
15:49:15,J14,Jeffery Jump,,Sun
05:24:17,56,Milwaukee,,Sat
14:46:12,124,Navy Pier,,Sun
17:37:40,60,Blue Island/26th,,Sun
21:08:15,56,Milwaukee,,Sat
16:58:29,60,Blue Island/26th,,Sun
20:34:51,60,Blue Island/26th,,Sun
16:52:46,20,Madison,,Mon,Tue,Wed,Thu,Fri
20:54:13,20,Madison,,Sun
13:26:10,56,Milwaukee,,Sat
10:43:50,56,Milwaukee,,Mon,Tue,Wed,Thu,Fri
17:29:00,J14,Jeffery Jump,,Sun
11:35:48,124,Navy Pier,,Mon,Tue,Wed,Thu,Fri
15:29:15,J14,Jeffery Jump,,Sun
14:14:50,56,Milwaukee,,Sun
11:54:11,60,Blue Island/26th,,Mon,Tue,Wed,Thu,Fri
10:45:01,J14,Jeffery Jump,,Sun
08:45:40,56,Milwaukee,,Mon,Tue,Wed,Thu,Fri
17:27:22,157,Streeterville/Taylor,,Mon,Tue,Wed,Thu,Fri
21:30:31,60,Blue Island/26th,,Sun
09:51:10,60,Blue Island/26th,,Sun
16:19:38,56,Milwaukee,,Mon,Tue,Wed,Thu,Fri
16:06:12,20,Madison,,Sun
14:34:11,60,Blue Island/26th,,Mon,Tue,Wed,Thu,Fri
13:50:53,J14,Jeffery Jump,,Sun
20:17:29,60,Blue Island/26th,,Sat
19:06:51,124,Navy Pier,,Mon,Tue,Wed,Thu,Fri
08:54:52,J14,Jeffery Jump,,Mon,Tue,Wed,Thu,Fri
11:41:33,124,Navy Pier,,Sat
15:10:10,60,Blue Island/26th,,Sun
22:24:24,56,Milwaukee,,Sun
19:01:25,J14,Jeffery Jump,,Mon,Tue,Wed,Thu,Fri
17:03:46,20,Madison,,Sat
10:34:36,60,Blue Island/26th,,Mon,Tue,Wed,Thu,Fri
18:18:49,J14,Jeffery Jump,,Sun
20:09:36,124,Navy Pier,,Mon,Tue,Wed,Thu,Fri
08:03:01,60,Blue Island/26th,,Sun
08:40:43,56,Milwaukee,,Mon,Tue,Wed,Thu,Fri
14:45:11,20,Madison,,Mon,Tue,Wed,Thu,Fri
15:30:03,J14,Jeffery Jump,,Mon,Tue,Wed,Thu,Fri
20:38:30,124,Navy Pier,,Sat
10:21:03,124,Navy Pier,,Sun
08:44:46,J14,Jeffery Jump,,Mon,Tue,Wed,Thu,Fri
02:33:22,60,Blue Island/26th,,Mon
22:11:37,20,Madison,,Mon,Tue,Wed,Thu,Fri
18:21:43,60,Blue Island/26th,,Mon,Tue,Wed,Thu,Fri
07:18:38,20,Madison,,Sun
08:00:20,20,Madison,,Mon,Tue,Wed,Thu,Fri
21:35:49,60,Blue Island/26th,,Mon,Tue,Wed,Thu,Fri
02:57:55,20,Madison,,Mon
17:17:46,20,Madison,,Mon,Tue,Wed,Thu,Fri
14:10:16,J14,Jeffery Jump,,Mon,Tue,Wed,Thu,Fri
16:38:38,56,Milwaukee,,Mon,Tue,Wed,Thu,Fri
14:50:29,60,Blue Island/26th,,Sun
19:10:12,20,Madison,,Sat
19:07:21,60,Blue Island/26th,,Sun
18:25:45,20,Madison,,Mon,Tue,Wed,Thu,Fri
18:45:13,56,Milwaukee,,Sun
23:26:37,20,Madison,,Mon,Tue,Wed,Thu,Fri
20:26:10,60,Blue Island/26th,,Sat
13:20:10,60,Blue Island/26th,,Sun
16:07:57,J14,Jeffery Jump,,Mon,Tue,Wed,Thu,Fri
10:01:30,124,Navy Pier,,Sat
10:36:12,20,Madison,,Sun
17:02:03,157,Streeterville/Taylor,,Mon,Tue,Wed,Thu,Fri
12:30:52,60,Blue Island/26th,,Sun
05:56:09,60,Blue Island/26th,,Sun
19:20:13,20,Madison,,Sat
09:25:13,56,Milwaukee,,Mon,Tue,Wed,Thu,Fri
19:24:00,J14,Jeffery Jump,,Sat
15:36:52,124,Navy Pier,,Sun
01:57:56,20,Madison,,Tue,Wed,Thu,Fri,Sat
07:37:07,J14,Jeffery Jump,,Mon,Tue,Wed,Thu,Fri
15:20:29,60,Blue Island/26th,,Sun
19:54:00,J14,Jeffery Jump,,Sat
12:44:11,60,Blue Island/26th,,Mon,Tue,Wed,Thu,Fri
19:20:12,20,Madison,,Sat
24:12:56,20,Madison,,Sat
06:40:20,56,Milwaukee,,Mon,Tue,Wed,Thu,Fri
03:02:50,60,Blue Island/26th,,Tue,Wed,Thu,Fri,Sat
08:16:46,J14,Jeffery Jump,,Sun
14:00:22,20,Madison,,Mon,Tue,Wed,Thu,Fri
19:03:06,56,Milwaukee,,Sun
14:21:52,124,Navy Pier,,Sun
04:32:39,60,Blue Island/26th,,Sat
12:00:22,J14,Jeffery Jump,,Mon,Tue,Wed,Thu,Fri
13:22:34,157,Streeterville/Taylor,,Mon,Tue,Wed,Thu,Fri
14:00:10,60,Blue Island/26th,,Sun
02:27:55,20,Madison,,Sun
15:06:13,20,Madison,,Sun
18:14:22,J14,Jeffery Jump,,Sat
15:44:26,J14,Jeffery Jump,,Sat
17:00:22,J14,Jeffery Jump,,Mon,Tue,Wed,Thu,Fri
21:23:00,124,Navy Pier,,Mon,Tue,Wed,Thu,Fri
20:08:10,60,Blue Island/26th,,Sat
22:17:38,20,Madison,,Sat
13:30:10,60,Blue Island/26th,,Sun
14:20:49,J14,Jeffery Jump,,Sun
14:47:48,20,Madison,,Sat
22:17:15,60,Blue Island/26th,,Sun
07:50:19,20,Madison,,Mon,Tue,Wed,Thu,Fri
01:04:22,60,Blue Island/26th,,Mon
11:19:19,J14,Jeffery Jump,,Sat
14:38:12,20,Madison,,Mon,Tue,Wed,Thu,Fri
21:16:28,60,Blue Island/26th,,Mon,Tue,Wed,Thu,Fri
16:35:23,157,Streeterville/Taylor,,Mon,Tue,Wed,Thu,Fri
08:46:12,20,Madison,,Sun
11:44:22,20,Madison,,Mon,Tue,Wed,Thu,Fri
12:11:34,56,Milwaukee,,Mon,Tue,Wed,Thu,Fri
11:07:09,124,Navy Pier,,Sat
05:36:54,J14,Jeffery Jump,,Mon,Tue,Wed,Thu,Fri
02:27:56,20,Madison,,Tue,Wed,Thu,Fri,Sat
11:38:15,J14,Jeffery Jump,,Sat
09:05:13,56,Milwaukee,,Mon,Tue,Wed,Thu,Fri
18:19:05,60,Blue Island/26th,,Sat
07:18:37,20,Madison,,Sun
08:14:22,60,Blue Island/26th,,Sat
13:40:53,J14,Jeffery Jump,,Sun
21:37:11,J14,Jeffery Jump,,Mon,Tue,Wed,Thu,Fri
08:36:46,J14,Jeffery Jump,,Sun
19:10:13,20,Madison,,Sat
17:28:15,20,Madison,,Mon,Tue,Wed,Thu,Fri
10:39:15,56,Milwaukee,,Sun
19:44:13,20,Madison,,Sun
19:40:28,60,Blue Island/26th,,Sat
15:05:48,20,Madison,,Sat
15:10:30,J14,Jeffery Jump,,Sun
10:43:47,56,Milwaukee,,Mon,Tue,Wed,Thu,Fri
20:15:30,124,Navy Pier,,Sat
07:26:37,20,Madison,,Sat
05:28:24,J14,Jeffery Jump,,Mon,Tue,Wed,Thu,Fri
07:06:35,157,Streeterville/Taylor,,Mon,Tue,Wed,Thu,Fri
10:07:13,20,Madison,,Sat
20:14:57,124,Navy Pier,,Sat
06:07:38,20,Madison,,Sat
02:57:56,20,Madison,,Tue,Wed,Thu,Fri,Sat
12:40:16,J14,Jeffery Jump,,Mon,Tue,Wed,Thu,Fri
11:33:06,124,Navy Pier,,Sun
20:24:00,J14,Jeffery Jump,,Sat
06:25:37,20,Madison,,Mon,Tue,Wed,Thu,Fri
08:15:20,20,Madison,,Mon,Tue,Wed,Thu,Fri
17:00:29,J14,Jeffery Jump,,Mon,Tue,Wed,Thu,Fri
22:00:52,60,Blue Island/26th,,Sat
08:01:04,157,Streeterville/Taylor,,Mon,Tue,Wed,Thu,Fri
16:27:52,124,Navy Pier,,Sun
11:21:10,60,Blue Island/26th,,Sun
05:28:27,J14,Jeffery Jump,,Mon,Tue,Wed,Thu,Fri
07:22:42,60,Blue Island/26th,,Sun
15:59:15,J14,Jeffery Jump,,Sun
13:20:22,J14,Jeffery Jump,,Mon,Tue,Wed,Thu,Fri
07:16:51,60,Blue Island/26th,,Sat
16:10:35,60,Blue Island/26th,,Sat
12:55:22,J14,Jeffery Jump,,Sat
18:26:52,56,Milwaukee,,Mon,Tue,Wed,Thu,Fri
15:10:41,20,Madison,,Mon,Tue,Wed,Thu,Fri
13:57:52,56,Milwaukee,,Sun
12:22:28,60,Blue Island/26th,,Sat
15:22:45,60,Blue Island/26th,,Mon,Tue,Wed,Thu,Fri
20:11:17,60,Blue Island/26th,,Mon,Tue,Wed,Thu,Fri
14:21:47,60,Blue Island/26th,,Sat
05:48:37,20,Madison,,Sat
12:41:06,56,Milwaukee,,Sat
14:58:40,56,Milwaukee,,Sat
21:21:01,60,Blue Island/26th,,Sun
18:11:43,56,Milwaukee,,Mon,Tue,Wed,Thu,Fri
13:55:50,157,Streeterville/Taylor,,Mon,Tue,Wed,Thu,Fri
11:31:10,60,Blue Island/26th,,Sun
18:16:03,J14,Jeffery Jump,,Mon,Tue,Wed,Thu,Fri
15:56:13,20,Madison,,Sun
21:16:49,60,Blue Island/26th,,Mon,Tue,Wed,Thu,Fri
06:28:22,56,Milwaukee,,Mon,Tue,Wed,Thu,Fri
11:07:52,56,Milwaukee,,Sat
07:11:37,20,Madison,,Sat
23:40:31,60,Blue Island/26th,,Sat
20:14:12,20,Madison,,Sun
22:32:38,20,Madison,,Sun
09:49:05,124,Navy Pier,,Mon,Tue,Wed,Thu,Fri
19:17:21,60,Blue Island/26th,,Sun
01:33:39,60,Blue Island/26th,,Mon
10:15:31,J14,Jeffery Jump,,Sun
17:44:38,56,Milwaukee,,Mon,Tue,Wed,Thu,Fri
23:57:55,20,Madison,,Sun
22:58:31,60,Blue Island/26th,,Sun
09:46:12,20,Madison,,Sun
04:27:55,20,Madison,,Sat
09:51:45,56,Milwaukee,,Sat
19:23:34,157,Streeterville/Taylor,,Mon,Tue,Wed,Thu,Fri
07:58:20,J14,Jeffery Jump,,Sat
02:33:03,60,Blue Island/26th,,Tue,Wed,Thu,Fri,Sat
15:29:40,60,Blue Island/26th,,Sun
12:24:21,20,Madison,,Mon,Tue,Wed,Thu,Fri
05:25:49,60,Blue Island/26th,,Mon,Tue,Wed,Thu,Fri
02:57:55,20,Madison,,Sun
06:25:08,20,Madison,,Sat
18:31:48,124,Navy Pier,,Mon,Tue,Wed,Thu,Fri
18:36:46,60,Blue Island/26th,,Sat
17:13:43,56,Milwaukee,,Sun
16:39:04,J14,Jeffery Jump,,Sun
15:20:00,J14,Jeffery Jump,,Sun
11:54:31,56,Milwaukee,,Mon,Tue,Wed,Thu,Fri
19:47:03,60,Blue Island/26th,,Sun
05:45:38,20,Madison,,Mon,Tue,Wed,Thu,Fri
19:14:52,56,Milwaukee,,Mon,Tue,Wed,Thu,Fri
06:01:01,60,Blue Island/26th,,Sat
18:41:11,20,Madison,,Mon,Tue,Wed,Thu,Fri
21:39:01,60,Blue Island/26th,,Sun
06:49:05,157,Streeterville/Taylor,,Mon,Tue,Wed,Thu,Fri
18:25:46,20,Madison,,Mon,Tue,Wed,Thu,Fri
20:58:27,J14,Jeffery Jump,,Sun
16:48:38,56,Milwaukee,,Mon,Tue,Wed,Thu,Fri
09:35:27,J14,Jeffery Jump,,Sun
17:19:52,124,Navy Pier,,Sun
13:51:23,60,Blue Island/26th,,Sat
13:24:56,J14,Jeffery Jump,,Sat
13:10:22,J14,Jeffery Jump,,Mon,Tue,Wed,Thu,Fri
09:28:54,60,Blue Island/26th,,Mon,Tue,Wed,Thu,Fri
23:17:45,60,Blue Island/26th,,Sat
05:46:05,60,Blue Island/26th,,Mon,Tue,Wed,Thu,Fri
10:14:51,20,Madison,,Mon,Tue,Wed,Thu,Fri
12:14:36,60,Blue Island/26th,,Mon,Tue,Wed,Thu,Fri
11:40:52,60,Blue Island/26th,,Sun
19:32:19,60,Blue Island/26th,,Sat
07:34:35,60,Blue Island/26th,,Mon,Tue,Wed,Thu,Fri
05:47:37,20,Madison,,Sun
21:04:13,20,Madison,,Sun
13:52:21,20,Madison,,Mon,Tue,Wed,Thu,Fri
09:06:57,157,Streeterville/Taylor,,Mon,Tue,Wed,Thu,Fri
15:28:29,20,Madison,,Mon,Tue,Wed,Thu,Fri
21:08:31,J14,Jeffery Jump,,Sun
12:14:22,20,Madison,,Mon,Tue,Wed,Thu,Fri
22:18:01,J14,Jeffery Jump,,Sat
11:14:36,60,Blue Island/26th,,Mon,Tue,Wed,Thu,Fri
19:54:33,124,Navy Pier,,Sat
16:42:45,20,Madison,,Mon,Tue,Wed,Thu,Fri
06:25:11,60,Blue Island/26th,,Mon,Tue,Wed,Thu,Fri
08:02:03,60,Blue Island/26th,,Mon,Tue,Wed,Thu,Fri
06:51:20,56,Milwaukee,,Mon,Tue,Wed,Thu,Fri
17:50:30,J14,Jeffery Jump,,Mon,Tue,Wed,Thu,Fri
19:57:00,124,Navy Pier,,Sun
12:41:52,20,Madison,,Mon,Tue,Wed,Thu,Fri
16:16:12,20,Madison,,Sun
13:26:46,20,Madison,,Sat
05:25:37,20,Madison,,Sat
08:15:01,60,Blue Island/26th,,Mon,Tue,Wed,Thu,Fri
09:10:52,124,Navy Pier,,Sat
23:16:31,J14,Jeffery Jump,,Mon,Tue,Wed,Thu,Fri
15:41:46,20,Madison,,Sat
13:01:47,60,Blue Island/26th,,Sat
14:21:23,60,Blue Island/26th,,Sat
08:33:43,56,Milwaukee,,Mon,Tue,Wed,Thu,Fri
11:04:11,60,Blue Island/26th,,Mon,Tue,Wed,Thu,Fri
13:44:22,20,Madison,,Mon,Tue,Wed,Thu,Fri
18:07:08,J14,Jeffery Jump,,Mon,Tue,Wed,Thu,Fri
10:44:36,60,Blue Island/26th,,Mon,Tue,Wed,Thu,Fri
17:16:13,20,Madison,,Sun
11:16:48,20,Madison,,Sat
13:54:52,J14,Jeffery Jump,,Sat
06:31:05,157,Streeterville/Taylor,,Mon,Tue,Wed,Thu,Fri
17:10:01,60,Blue Island/26th,,Mon,Tue,Wed,Thu,Fri
18:32:00,20,Madison,,Sat
12:21:10,60,Blue Island/26th,,Sun
15:14:03,J14,Jeffery Jump,,Mon,Tue,Wed,Thu,Fri
10:39:38,J14,Jeffery Jump,,Sat
12:11:33,56,Milwaukee,,Sat
21:47:30,124,Navy Pier,,Mon,Tue,Wed,Thu,Fri
08:46:13,20,Madison,,Sun
07:23:24,56,Milwaukee,,Sat
00:42:56,20,Madison,,Mon
16:33:54,56,Milwaukee,,Sat
08:50:19,20,Madison,,Mon,Tue,Wed,Thu,Fri
18:58:22,56,Milwaukee,,Mon,Tue,Wed,Thu,Fri
21:13:42,J14,Jeffery Jump,,Sat
18:31:01,124,Navy Pier,,Mon,Tue,Wed,Thu,Fri
05:18:27,J14,Jeffery Jump,,Mon,Tue,Wed,Thu,Fri
14:24:22,20,Madison,,Mon,Tue,Wed,Thu,Fri
09:54:03,J14,Jeffery Jump,,Mon,Tue,Wed,Thu,Fri
13:44:39,124,Navy Pier,,Sat
11:14:11,60,Blue Island/26th,,Mon,Tue,Wed,Thu,Fri
04:27:55,20,Madison,,Mon,Tue,Wed,Thu,Fri
10:52:14,J14,Jeffery Jump,,Mon,Tue,Wed,Thu,Fri
12:05:22,J14,Jeffery Jump,,Sat
13:44:21,20,Madison,,Mon,Tue,Wed,Thu,Fri
14:56:13,20,Madison,,Sun
15:29:11,J14,Jeffery Jump,,Sun
08:26:46,J14,Jeffery Jump,,Sun
13:36:12,20,Madison,,Sun
17:35:29,J14,Jeffery Jump,,Mon,Tue,Wed,Thu,Fri
17:12:16,20,Madison,,Mon,Tue,Wed,Thu,Fri
21:18:46,J14,Jeffery Jump,,Sun
06:35:37,20,Madison,,Mon,Tue,Wed,Thu,Fri
20:04:12,20,Madison,,Sun
05:47:38,20,Madison,,Sun
16:18:03,124,Navy Pier,,Sat
16:53:03,124,Navy Pier,,Sat
16:30:05,60,Blue Island/26th,,Sat
22:32:15,56,Milwaukee,,Sat
13:55:40,56,Milwaukee,,Sat
11:46:41,J14,Jeffery Jump,,Sat
06:30:30,J14,Jeffery Jump,,Mon,Tue,Wed,Thu,Fri
04:59:52,56,Milwaukee,,Sun
19:03:08,56,Milwaukee,,Sun
19:22:50,157,Streeterville/Taylor,,Mon,Tue,Wed,Thu,Fri
21:49:15,J14,Jeffery Jump,,Mon,Tue,Wed,Thu,Fri
12:34:11,60,Blue Island/26th,,Mon,Tue,Wed,Thu,Fri
14:31:47,60,Blue Island/26th,,Sat
07:17:03,J14,Jeffery Jump,,Mon,Tue,Wed,Thu,Fri
17:37:59,60,Blue Island/26th,,Sun
15:38:45,60,Blue Island/26th,,Mon,Tue,Wed,Thu,Fri
16:31:57,J14,Jeffery Jump,,Mon,Tue,Wed,Thu,Fri
12:34:22,20,Madison,,Mon,Tue,Wed,Thu,Fri
10:21:39,124,Navy Pier,,Sun
07:34:45,20,Madison,,Mon,Tue,Wed,Thu,Fri
10:35:01,J14,Jeffery Jump,,Sun
17:18:29,60,Blue Island/26th,,Sun
13:41:47,60,Blue Island/26th,,Sat
15:24:33,56,Milwaukee,,Mon,Tue,Wed,Thu,Fri
06:55:38,20,Madison,,Mon,Tue,Wed,Thu,Fri
10:15:06,60,Blue Island/26th,,Mon,Tue,Wed,Thu,Fri
08:53:59,60,Blue Island/26th,,Sat
11:52:45,56,Milwaukee,,Sun
12:15:22,J14,Jeffery Jump,,Sat
17:42:41,J14,Jeffery Jump,,Mon,Tue,Wed,Thu,Fri
07:27:59,56,Milwaukee,,Mon,Tue,Wed,Thu,Fri
10:40:52,60,Blue Island/26th,,Sun
17:54:22,J14,Jeffery Jump,,Sat
04:27:55,20,Madison,,Sun
12:04:01,124,Navy Pier,,Mon,Tue,Wed,Thu,Fri
14:17:33,124,Navy Pier,,Sat
10:24:51,20,Madison,,Mon,Tue,Wed,Thu,Fri
14:48:31,124,Navy Pier,,Mon,Tue,Wed,Thu,Fri
14:44:11,60,Blue Island/26th,,Mon,Tue,Wed,Thu,Fri
21:18:55,20,Madison,,Sat
23:37:52,60,Blue Island/26th,,Mon,Tue,Wed,Thu,Fri
21:11:59,56,Milwaukee,,Sun
18:14:10,60,Blue Island/26th,,Sun
15:59:34,56,Milwaukee,,Mon,Tue,Wed,Thu,Fri
12:11:50,56,Milwaukee,,Sun
16:28:10,60,Blue Island/26th,,Sun
15:47:05,60,Blue Island/26th,,Mon,Tue,Wed,Thu,Fri
18:58:53,J14,Jeffery Jump,,Sun
13:53:35,124,Navy Pier,,Mon,Tue,Wed,Thu,Fri
08:52:01,60,Blue Island/26th,,Sun
00:37:22,60,Blue Island/26th,,Sun
11:35:01,J14,Jeffery Jump,,Sun
03:27:55,20,Madison,,Tue,Wed,Thu,Fri,Sat
07:47:03,J14,Jeffery Jump,,Mon,Tue,Wed,Thu,Fri
08:43:20,J14,Jeffery Jump,,Sat
14:16:52,20,Madison,,Mon,Tue,Wed,Thu,Fri
07:34:06,60,Blue Island/26th,,Mon,Tue,Wed,Thu,Fri
14:50:49,J14,Jeffery Jump,,Sun
05:56:09,J14,Jeffery Jump,,Mon,Tue,Wed,Thu,Fri
16:53:48,20,Madison,,Sat
11:46:46,20,Madison,,Sat
23:40:15,60,Blue Island/26th,,Sat
16:10:58,60,Blue Island/26th,,Sat
06:23:08,J14,Jeffery Jump,,Mon,Tue,Wed,Thu,Fri
09:33:59,60,Blue Island/26th,,Sat
13:06:12,20,Madison,,Sun
15:03:52,56,Milwaukee,,Sun
01:33:52,60,Blue Island/26th,,Mon
14:11:23,60,Blue Island/26th,,Sat
09:47:12,20,Madison,,Sat
11:30:16,J14,Jeffery Jump,,Mon,Tue,Wed,Thu,Fri
14:30:10,60,Blue Island/26th,,Sun
15:28:28,20,Madison,,Mon,Tue,Wed,Thu,Fri
16:07:27,157,Streeterville/Taylor,,Mon,Tue,Wed,Thu,Fri
17:32:08,56,Milwaukee,,Mon,Tue,Wed,Thu,Fri
21:11:03,60,Blue Island/26th,,Sun
04:03:39,60,Blue Island/26th,,Mon,Tue,Wed,Thu,Fri
15:04:41,20,Madison,,Mon,Tue,Wed,Thu,Fri
20:40:12,20,Madison,,Sat
11:55:13,56,Milwaukee,,Sat
12:32:43,157,Streeterville/Taylor,,Mon,Tue,Wed,Thu,Fri
15:46:36,60,Blue Island/26th,,Mon,Tue,Wed,Thu,Fri
10:25:27,J14,Jeffery Jump,,Sun
13:57:12,124,Navy Pier,,Sun
16:27:12,124,Navy Pier,,Sun
09:34:30,J14,Jeffery Jump,,Mon,Tue,Wed,Thu,Fri
13:11:00,J14,Jeffery Jump,,Sun
02:02:50,60,Blue Island/26th,,Tue,Wed,Thu,Fri,Sat
07:37:03,J14,Jeffery Jump,,Mon,Tue,Wed,Thu,Fri
13:40:22,56,Milwaukee,,Sun
16:37:38,J14,Jeffery Jump,,Mon,Tue,Wed,Thu,Fri
17:54:13,20,Madison,,Sun
01:27:55,20,Madison,,Mon
00:34:09,60,Blue Island/26th,,Mon
16:58:41,56,Milwaukee,,Mon,Tue,Wed,Thu,Fri
13:09:52,124,Navy Pier,,Sun
14:27:20,157,Streeterville/Taylor,,Mon,Tue,Wed,Thu,Fri
18:40:13,20,Madison,,Sat
13:50:10,60,Blue Island/26th,,Sun
19:44:04,J14,Jeffery Jump,,Sat
16:22:46,20,Madison,,Mon,Tue,Wed,Thu,Fri
22:35:51,60,Blue Island/26th,,Mon,Tue,Wed,Thu,Fri
01:36:52,60,Blue Island/26th,,Sun
18:57:33,60,Blue Island/26th,,Sun
08:44:23,124,Navy Pier,,Sun
09:20:42,J14,Jeffery Jump,,Sat
11:45:01,J14,Jeffery Jump,,Sun
02:03:22,60,Blue Island/26th,,Mon
13:12:22,20,Madison,,Mon,Tue,Wed,Thu,Fri
05:48:38,20,Madison,,Sat
21:26:38,60,Blue Island/26th,,Mon,Tue,Wed,Thu,Fri
07:40:03,20,Madison,,Mon,Tue,Wed,Thu,Fri
06:04:20,J14,Jeffery Jump,,Mon,Tue,Wed,Thu,Fri
10:48:22,56,Milwaukee,,Sat
23:16:27,J14,Jeffery Jump,,Mon,Tue,Wed,Thu,Fri
17:18:42,60,Blue Island/26th,,Mon,Tue,Wed,Thu,Fri
04:45:00,20,Madison,,Mon,Tue,Wed,Thu,Fri
21:18:50,J14,Jeffery Jump,,Sun
18:03:43,124,Navy Pier,,Sat
13:09:39,124,Navy Pier,,Sat
21:00:12,20,Madison,,Sat
02:27:56,20,Madison,,Mon
23:26:38,20,Madison,,Mon,Tue,Wed,Thu,Fri
16:00:58,60,Blue Island/26th,,Sat
17:44:22,J14,Jeffery Jump,,Sat
20:57:11,J14,Jeffery Jump,,Mon,Tue,Wed,Thu,Fri
05:45:37,20,Madison,,Mon,Tue,Wed,Thu,Fri
19:14:04,J14,Jeffery Jump,,Sat
01:27:56,20,Madison,,Mon
10:10:52,60,Blue Island/26th,,Sun
15:27:09,124,Navy Pier,,Sat
12:10:16,J14,Jeffery Jump,,Mon,Tue,Wed,Thu,Fri
16:59:04,J14,Jeffery Jump,,Sun
07:14:45,60,Blue Island/26th,,Mon,Tue,Wed,Thu,Fri
18:15:01,124,Navy Pier,,Mon,Tue,Wed,Thu,Fri
16:44:26,J14,Jeffery Jump,,Sat
18:13:46,20,Madison,,Sat
10:10:43,56,Milwaukee,,Mon,Tue,Wed,Thu,Fri
10:09:42,J14,Jeffery Jump,,Sat
03:33:39,60,Blue Island/26th,,Tue,Wed,Thu,Fri,Sat
18:12:31,60,Blue Island/26th,,Mon,Tue,Wed,Thu,Fri
22:07:20,J14,Jeffery Jump,,Sun
09:37:35,60,Blue Island/26th,,Mon,Tue,Wed,Thu,Fri
10:06:12,20,Madison,,Sun
00:34:22,60,Blue Island/26th,,Mon
08:10:19,20,Madison,,Mon,Tue,Wed,Thu,Fri
20:34:00,124,Navy Pier,,Mon,Tue,Wed,Thu,Fri
21:27:11,J14,Jeffery Jump,,Mon,Tue,Wed,Thu,Fri
19:38:22,J14,Jeffery Jump,,Mon,Tue,Wed,Thu,Fri
07:45:22,56,Milwaukee,,Sat
11:24:51,20,Madison,,Mon,Tue,Wed,Thu,Fri
18:18:53,J14,Jeffery Jump,,Sun
09:28:58,124,Navy Pier,,Mon,Tue,Wed,Thu,Fri
21:23:35,124,Navy Pier,,Mon,Tue,Wed,Thu,Fri
19:34:04,J14,Jeffery Jump,,Sat
10:57:36,56,Milwaukee,,Sun
15:59:48,20,Madison,,Sat
24:12:55,20,Madison,,Sat
13:44:52,J14,Jeffery Jump,,Sat
18:58:36,60,Blue Island/26th,,Mon,Tue,Wed,Thu,Fri
09:06:50,J14,Jeffery Jump,,Sun
17:43:46,20,Madison,,Sat
03:57:56,20,Madison,,Sun
13:44:03,124,Navy Pier,,Sat
21:26:16,60,Blue Island/26th,,Mon,Tue,Wed,Thu,Fri
06:45:07,20,Madison,,Sun
12:48:34,157,Streeterville/Taylor,,Mon,Tue,Wed,Thu,Fri
19:23:19,60,Blue Island/26th,,Sat
17:54:22,60,Blue Island/26th,,Sun
09:32:56,124,Navy Pier,,Sun
11:24:11,60,Blue Island/26th,,Mon,Tue,Wed,Thu,Fri
14:34:52,J14,Jeffery Jump,,Sat
09:03:40,60,Blue Island/26th,,Sat
07:16:33,60,Blue Island/26th,,Sat
19:38:49,J14,Jeffery Jump,,Sun
13:12:10,56,Milwaukee,,Sat
19:54:13,20,Madison,,Sun
14:02:09,124,Navy Pier,,Sat
20:31:26,56,Milwaukee,,Sat
17:18:10,60,Blue Island/26th,,Sun
19:47:56,J14,Jeffery Jump,,Mon,Tue,Wed,Thu,Fri
18:22:10,60,Blue Island/26th,,Sun
19:24:12,20,Madison,,Sun
11:36:46,20,Madison,,Sat
14:40:10,60,Blue Island/26th,,Sun
12:50:48,20,Madison,,Sat
15:23:48,20,Madison,,Sat
03:07:03,60,Blue Island/26th,,Sun
08:53:33,60,Blue Island/26th,,Mon,Tue,Wed,Thu,Fri
18:40:54,60,Blue Island/26th,,Mon,Tue,Wed,Thu,Fri
04:03:20,60,Blue Island/26th,,Sun
16:29:15,J14,Jeffery Jump,,Sun
10:07:12,20,Madison,,Sat
04:31:03,60,Blue Island/26th,,Sun
04:37:31,60,Blue Island/26th,,Mon,Tue,Wed,Thu,Fri
21:14:13,20,Madison,,Mon,Tue,Wed,Thu,Fri
16:19:15,J14,Jeffery Jump,,Sun
22:46:42,J14,Jeffery Jump,,Mon,Tue,Wed,Thu,Fri
08:24:46,J14,Jeffery Jump,,Mon,Tue,Wed,Thu,Fri
11:41:10,60,Blue Island/26th,,Sun
08:52:57,J14,Jeffery Jump,,Sat
17:09:00,J14,Jeffery Jump,,Sun
07:10:38,20,Madison,,Mon,Tue,Wed,Thu,Fri
05:36:08,60,Blue Island/26th,,Mon,Tue,Wed,Thu,Fri
13:14:52,J14,Jeffery Jump,,Sat
17:22:45,20,Madison,,Mon,Tue,Wed,Thu,Fri
12:57:43,56,Milwaukee,,Sat
21:32:10,60,Blue Island/26th,,Sat
08:14:40,60,Blue Island/26th,,Sat
09:11:45,60,Blue Island/26th,,Sun
16:39:16,124,Navy Pier,,Mon,Tue,Wed,Thu,Fri
08:40:43,56,Milwaukee,,Mon,Tue,Wed,Thu,Fri
06:07:07,20,Madison,,Sun
19:50:36,56,Milwaukee,,Sat
09:34:25,J14,Jeffery Jump,,Mon,Tue,Wed,Thu,Fri
05:06:30,20,Madison,,Mon,Tue,Wed,Thu,Fri
06:26:08,20,Madison,,Sun
11:07:50,56,Milwaukee,,Sat
05:14:58,60,Blue Island/26th,,Mon,Tue,Wed,Thu,Fri
19:50:33,56,Milwaukee,,Sat
13:20:16,J14,Jeffery Jump,,Mon,Tue,Wed,Thu,Fri
21:41:52,60,Blue Island/26th,,Sat
12:32:46,20,Madison,,Sat
08:57:12,20,Madison,,Sat
19:54:41,60,Blue Island/26th,,Mon,Tue,Wed,Thu,Fri
14:20:29,60,Blue Island/26th,,Sun
21:50:13,56,Milwaukee,,Sat
18:58:49,J14,Jeffery Jump,,Sun
08:30:52,60,Blue Island/26th,,Mon,Tue,Wed,Thu,Fri
18:45:04,157,Streeterville/Taylor,,Mon,Tue,Wed,Thu,Fri
22:32:13,56,Milwaukee,,Sat
06:28:20,56,Milwaukee,,Mon,Tue,Wed,Thu,Fri
17:50:36,J14,Jeffery Jump,,Mon,Tue,Wed,Thu,Fri
03:33:55,20,Madison,,Mon,Tue,Wed,Thu,Fri
16:53:12,124,Navy Pier,,Sun
09:35:31,J14,Jeffery Jump,,Sun
01:27:55,20,Madison,,Tue,Wed,Thu,Fri,Sat
21:02:21,60,Blue Island/26th,,Sun
23:02:38,20,Madison,,Sun
11:59:03,124,Navy Pier,,Sat
16:59:00,J14,Jeffery Jump,,Sun
08:30:20,20,Madison,,Mon,Tue,Wed,Thu,Fri
11:34:11,60,Blue Island/26th,,Mon,Tue,Wed,Thu,Fri
07:04:22,56,Milwaukee,,Mon,Tue,Wed,Thu,Fri
07:00:01,56,Milwaukee,,Sat
14:54:11,60,Blue Island/26th,,Mon,Tue,Wed,Thu,Fri
08:55:19,20,Madison,,Mon,Tue,Wed,Thu,Fri
09:01:57,J14,Jeffery Jump,,Sat
00:42:56,20,Madison,,Tue,Wed,Thu,Fri,Sat
11:16:13,20,Madison,,Sun
17:33:46,20,Madison,,Mon,Tue,Wed,Thu,Fri
17:16:12,20,Madison,,Sun
15:45:43,56,Milwaukee,,Sat
06:07:37,20,Madison,,Sat
10:11:52,56,Milwaukee,,Sat
13:14:36,60,Blue Island/26th,,Mon,Tue,Wed,Thu,Fri
14:47:46,20,Madison,,Sat
05:56:28,60,Blue Island/26th,,Mon,Tue,Wed,Thu,Fri
22:35:01,J14,Jeffery Jump,,Sat
19:07:03,60,Blue Island/26th,,Sun
08:43:16,J14,Jeffery Jump,,Sat
08:56:46,J14,Jeffery Jump,,Sun
19:44:12,20,Madison,,Sun
22:56:15,60,Blue Island/26th,,Mon,Tue,Wed,Thu,Fri
09:40:03,157,Streeterville/Taylor,,Mon,Tue,Wed,Thu,Fri
15:04:42,20,Madison,,Mon,Tue,Wed,Thu,Fri
18:48:54,124,Navy Pier,,Mon,Tue,Wed,Thu,Fri
11:56:34,157,Streeterville/Taylor,,Mon,Tue,Wed,Thu,Fri
20:34:42,20,Madison,,Mon,Tue,Wed,Thu,Fri
21:03:38,J14,Jeffery Jump,,Sat
05:50:10,56,Milwaukee,,Sat
23:15:08,20,Madison,,Sat
22:37:31,60,Blue Island/26th,,Sun
12:51:33,124,Navy Pier,,Sat
13:05:22,56,Milwaukee,,Sun
13:24:11,60,Blue Island/26th,,Mon,Tue,Wed,Thu,Fri
14:21:03,56,Milwaukee,,Mon,Tue,Wed,Thu,Fri
16:08:48,20,Madison,,Sat
13:17:48,20,Madison,,Sat
15:21:57,J14,Jeffery Jump,,Mon,Tue,Wed,Thu,Fri
17:49:45,56,Milwaukee,,Sun
14:39:03,J14,Jeffery Jump,,Mon,Tue,Wed,Thu,Fri
21:31:52,60,Blue Island/26th,,Sat
21:02:22,60,Blue Island/26th,,Sat
18:27:13,157,Streeterville/Taylor,,Mon,Tue,Wed,Thu,Fri
08:22:49,60,Blue Island/26th,,Mon,Tue,Wed,Thu,Fri
14:11:48,20,Madison,,Sat
16:19:11,J14,Jeffery Jump,,Sun
08:44:22,60,Blue Island/26th,,Sat
16:01:03,J14,Jeffery Jump,,Mon,Tue,Wed,Thu,Fri
21:46:57,124,Navy Pier,,Sat
14:56:48,20,Madison,,Sat
15:50:46,20,Madison,,Sat
21:20:45,60,Blue Island/26th,,Sun
16:11:43,60,Blue Island/26th,,Mon,Tue,Wed,Thu,Fri
07:46:26,56,Milwaukee,,Mon,Tue,Wed,Thu,Fri
19:11:00,J14,Jeffery Jump,,Mon,Tue,Wed,Thu,Fri
12:14:57,J14,Jeffery Jump,,Sun
09:57:20,56,Milwaukee,,Mon,Tue,Wed,Thu,Fri
11:04:43,157,Streeterville/Taylor,,Mon,Tue,Wed,Thu,Fri
08:16:50,J14,Jeffery Jump,,Sun
09:16:50,J14,Jeffery Jump,,Sun
09:54:52,20,Madison,,Mon,Tue,Wed,Thu,Fri
14:46:52,124,Navy Pier,,Sun
15:24:56,J14,Jeffery Jump,,Sat
20:26:59,56,Milwaukee,,Sun
17:34:12,20,Madison,,Sun
23:19:45,60,Blue Island/26th,,Sun
13:04:22,20,Madison,,Mon,Tue,Wed,Thu,Fri
09:57:00,124,Navy Pier,,Sun
11:34:15,56,Milwaukee,,Sun
18:01:15,20,Madison,,Mon,Tue,Wed,Thu,Fri
12:51:34,J14,Jeffery Jump,,Sun
15:11:05,124,Navy Pier,,Mon,Tue,Wed,Thu,Fri
13:44:56,J14,Jeffery Jump,,Sat
08:44:50,124,Navy Pier,,Sat
09:55:27,J14,Jeffery Jump,,Sun
18:26:45,56,Milwaukee,,Sun
15:26:33,124,Navy Pier,,Sat
20:14:13,20,Madison,,Sun
13:01:23,60,Blue Island/26th,,Sat
14:54:52,J14,Jeffery Jump,,Sat
22:10:30,124,Navy Pier,,Sat
10:02:27,157,Streeterville/Taylor,,Mon,Tue,Wed,Thu,Fri
10:46:48,20,Madison,,Sat
10:01:59,56,Milwaukee,,Sun
19:49:15,56,Milwaukee,,Mon,Tue,Wed,Thu,Fri
12:34:21,20,Madison,,Mon,Tue,Wed,Thu,Fri
11:57:09,124,Navy Pier,,Sun
09:04:52,J14,Jeffery Jump,,Mon,Tue,Wed,Thu,Fri
07:40:02,20,Madison,,Mon,Tue,Wed,Thu,Fri
09:20:38,J14,Jeffery Jump,,Sat
15:22:41,20,Madison,,Mon,Tue,Wed,Thu,Fri
22:15:10,60,Blue Island/26th,,Mon,Tue,Wed,Thu,Fri
18:51:55,J14,Jeffery Jump,,Mon,Tue,Wed,Thu,Fri
19:24:13,20,Madison,,Sun
17:27:36,124,Navy Pier,,Sat
11:34:52,20,Madison,,Mon,Tue,Wed,Thu,Fri
11:26:46,20,Madison,,Sat
20:27:26,J14,Jeffery Jump,,Mon,Tue,Wed,Thu,Fri
07:46:29,56,Milwaukee,,Mon,Tue,Wed,Thu,Fri
18:44:11,J14,Jeffery Jump,,Sat
21:26:36,56,Milwaukee,,Mon,Tue,Wed,Thu,Fri
13:16:13,20,Madison,,Sun
20:24:13,20,Madison,,Sun
12:16:13,20,Madison,,Sun
07:44:01,60,Blue Island/26th,,Sun
20:10:53,60,Blue Island/26th,,Mon,Tue,Wed,Thu,Fri
03:33:09,60,Blue Island/26th,,Mon
06:38:15,56,Milwaukee,,Sun
08:37:49,60,Blue Island/26th,,Mon,Tue,Wed,Thu,Fri
15:54:22,J14,Jeffery Jump,,Sat
11:26:48,20,Madison,,Sat
20:00:12,20,Madison,,Sat
16:04:22,J14,Jeffery Jump,,Sat
12:04:36,60,Blue Island/26th,,Mon,Tue,Wed,Thu,Fri
12:42:23,J14,Jeffery Jump,,Sun
10:21:10,60,Blue Island/26th,,Sun
07:20:20,J14,Jeffery Jump,,Sat
13:28:22,20,Madison,,Mon,Tue,Wed,Thu,Fri
21:01:30,124,Navy Pier,,Sat
16:09:13,56,Milwaukee,,Sun
16:26:13,20,Madison,,Sun
16:20:03,J14,Jeffery Jump,,Mon,Tue,Wed,Thu,Fri
18:13:48,20,Madison,,Sat
04:32:52,60,Blue Island/26th,,Sat
20:22:53,124,Navy Pier,,Sun
12:00:52,60,Blue Island/26th,,Sun
19:04:00,J14,Jeffery Jump,,Sat
13:34:56,J14,Jeffery Jump,,Sat
21:37:15,J14,Jeffery Jump,,Mon,Tue,Wed,Thu,Fri
17:40:05,60,Blue Island/26th,,Sat
01:33:22,60,Blue Island/26th,,Tue,Wed,Thu,Fri,Sat
08:52:08,56,Milwaukee,,Sat
09:49:38,J14,Jeffery Jump,,Sat
19:36:00,60,Blue Island/26th,,Mon,Tue,Wed,Thu,Fri
16:39:50,56,Milwaukee,,Sun
05:40:42,60,Blue Island/26th,,Sat
05:44:20,56,Milwaukee,,Mon,Tue,Wed,Thu,Fri
21:46:36,56,Milwaukee,,Mon,Tue,Wed,Thu,Fri
09:37:13,20,Madison,,Sat
07:40:54,60,Blue Island/26th,,Mon,Tue,Wed,Thu,Fri
19:00:12,20,Madison,,Sat
00:42:55,20,Madison,,Sun
16:29:41,56,Milwaukee,,Mon,Tue,Wed,Thu,Fri
23:44:15,60,Blue Island/26th,,Sun
14:47:52,56,Milwaukee,,Sun
20:03:34,157,Streeterville/Taylor,,Mon,Tue,Wed,Thu,Fri
22:47:37,20,Madison,,Sat
15:40:28,20,Madison,,Mon,Tue,Wed,Thu,Fri
22:14:52,60,Blue Island/26th,,Mon,Tue,Wed,Thu,Fri
08:02:12,20,Madison,,Sat
21:52:16,J14,Jeffery Jump,,Sun
21:28:46,J14,Jeffery Jump,,Sun
07:44:15,56,Milwaukee,,Sun
16:26:03,J14,Jeffery Jump,,Mon,Tue,Wed,Thu,Fri
10:05:27,J14,Jeffery Jump,,Sun
11:11:41,J14,Jeffery Jump,,Mon,Tue,Wed,Thu,Fri
10:42:58,60,Blue Island/26th,,Sat
05:19:57,60,Blue Island/26th,,Sat
10:23:19,60,Blue Island/26th,,Sat
19:04:13,20,Madison,,Sun
19:40:12,20,Madison,,Sat
21:23:42,J14,Jeffery Jump,,Sat
10:16:13,20,Madison,,Sun
10:53:19,60,Blue Island/26th,,Sat
14:20:22,J14,Jeffery Jump,,Mon,Tue,Wed,Thu,Fri
19:54:04,J14,Jeffery Jump,,Sat
18:26:27,157,Streeterville/Taylor,,Mon,Tue,Wed,Thu,Fri
17:05:03,J14,Jeffery Jump,,Mon,Tue,Wed,Thu,Fri
17:30:10,J14,Jeffery Jump,,Mon,Tue,Wed,Thu,Fri
09:28:33,157,Streeterville/Taylor,,Mon,Tue,Wed,Thu,Fri
16:35:33,124,Navy Pier,,Sat
12:44:54,56,Milwaukee,,Mon,Tue,Wed,Thu,Fri
21:54:10,60,Blue Island/26th,,Mon,Tue,Wed,Thu,Fri
20:31:29,56,Milwaukee,,Sat
16:01:09,124,Navy Pier,,Sat
11:36:34,56,Milwaukee,,Mon,Tue,Wed,Thu,Fri
10:43:37,J14,Jeffery Jump,,Mon,Tue,Wed,Thu,Fri
14:06:13,20,Madison,,Sun
24:09:57,60,Blue Island/26th,,Sun
00:42:56,20,Madison,,Sun
16:20:28,60,Blue Island/26th,,Sat
17:44:12,20,Madison,,Sun
18:34:13,20,Madison,,Sun
09:44:14,J14,Jeffery Jump,,Mon,Tue,Wed,Thu,Fri
02:27:56,20,Madison,,Sun
06:38:39,60,Blue Island/26th,,Sun
14:06:12,20,Madison,,Sun
18:57:51,60,Blue Island/26th,,Sun
20:37:57,124,Navy Pier,,Sat
11:46:48,20,Madison,,Sat
14:54:36,60,Blue Island/26th,,Mon,Tue,Wed,Thu,Fri
22:11:13,56,Milwaukee,,Sat
19:54:12,20,Madison,,Sun
11:56:46,20,Madison,,Sat
13:52:22,20,Madison,,Mon,Tue,Wed,Thu,Fri
13:04:11,60,Blue Island/26th,,Mon,Tue,Wed,Thu,Fri
15:45:46,20,Madison,,Mon,Tue,Wed,Thu,Fri
16:45:42,60,Blue Island/26th,,Mon,Tue,Wed,Thu,Fri
17:40:13,56,Milwaukee,,Sat
11:04:57,J14,Jeffery Jump,,Sun
22:47:38,20,Madison,,Sat
11:39:10,56,Milwaukee,,Sat
10:26:05,124,Navy Pier,,Sat
01:27:56,20,Madison,,Sun
15:55:46,20,Madison,,Mon,Tue,Wed,Thu,Fri
09:44:24,56,Milwaukee,,Mon,Tue,Wed,Thu,Fri
22:31:53,J14,Jeffery Jump,,Mon,Tue,Wed,Thu,Fri
16:36:12,20,Madison,,Sun
11:33:43,124,Navy Pier,,Sun
20:43:22,60,Blue Island/26th,,Sat
15:37:57,J14,Jeffery Jump,,Mon,Tue,Wed,Thu,Fri
12:04:22,20,Madison,,Mon,Tue,Wed,Thu,Fri
15:01:05,60,Blue Island/26th,,Sat
08:25:20,20,Madison,,Mon,Tue,Wed,Thu,Fri
05:46:28,60,Blue Island/26th,,Mon,Tue,Wed,Thu,Fri
21:35:29,56,Milwaukee,,Sun
20:06:51,60,Blue Island/26th,,Sun
13:44:36,60,Blue Island/26th,,Mon,Tue,Wed,Thu,Fri
21:47:37,20,Madison,,Sat
08:51:43,56,Milwaukee,,Mon,Tue,Wed,Thu,Fri
12:41:58,60,Blue Island/26th,,Sat
14:26:12,20,Madison,,Sun
19:37:21,60,Blue Island/26th,,Sun
21:38:45,60,Blue Island/26th,,Sun
15:41:28,60,Blue Island/26th,,Sat
11:32:38,60,Blue Island/26th,,Sat
17:20:11,56,Milwaukee,,Mon,Tue,Wed,Thu,Fri
19:28:49,J14,Jeffery Jump,,Sun
20:04:00,J14,Jeffery Jump,,Sat
13:11:10,60,Blue Island/26th,,Sun
09:39:42,J14,Jeffery Jump,,Sat
09:12:50,20,Madison,,Mon,Tue,Wed,Thu,Fri
08:15:19,20,Madison,,Mon,Tue,Wed,Thu,Fri
19:28:55,J14,Jeffery Jump,,Mon,Tue,Wed,Thu,Fri
13:33:52,124,Navy Pier,,Sun
17:28:10,60,Blue Island/26th,,Sun
03:27:55,20,Madison,,Mon
19:01:11,20,Madison,,Mon,Tue,Wed,Thu,Fri
21:47:38,20,Madison,,Sat
05:25:22,20,Madison,,Mon,Tue,Wed,Thu,Fri
10:46:13,20,Madison,,Sun
07:58:29,56,Milwaukee,,Mon,Tue,Wed,Thu,Fri
15:04:36,60,Blue Island/26th,,Mon,Tue,Wed,Thu,Fri
12:59:46,20,Madison,,Sat
21:02:40,60,Blue Island/26th,,Sat
19:55:09,124,Navy Pier,,Sat
18:31:13,60,Blue Island/26th,,Mon,Tue,Wed,Thu,Fri
14:35:03,124,Navy Pier,,Sat
18:45:15,56,Milwaukee,,Sun
02:27:55,20,Madison,,Mon
19:17:45,60,Blue Island/26th,,Mon,Tue,Wed,Thu,Fri
13:04:21,20,Madison,,Mon,Tue,Wed,Thu,Fri
07:24:35,60,Blue Island/26th,,Mon,Tue,Wed,Thu,Fri
08:56:12,20,Madison,,Sun
20:24:42,20,Madison,,Mon,Tue,Wed,Thu,Fri
11:57:48,124,Navy Pier,,Sun
06:56:37,20,Madison,,Sat
14:27:40,56,Milwaukee,,Sat
14:56:12,20,Madison,,Sun
11:56:48,20,Madison,,Sat
21:26:38,56,Milwaukee,,Mon,Tue,Wed,Thu,Fri
10:21:08,56,Milwaukee,,Sun
16:47:46,20,Madison,,Mon,Tue,Wed,Thu,Fri
18:54:13,20,Madison,,Sun
12:11:52,56,Milwaukee,,Sun
17:58:44,124,Navy Pier,,Mon,Tue,Wed,Thu,Fri
08:19:06,56,Milwaukee,,Mon,Tue,Wed,Thu,Fri
09:37:12,20,Madison,,Sat
18:14:12,20,Madison,,Sun
11:54:22,20,Madison,,Mon,Tue,Wed,Thu,Fri
23:44:31,60,Blue Island/26th,,Sun
08:24:52,J14,Jeffery Jump,,Mon,Tue,Wed,Thu,Fri
08:34:40,60,Blue Island/26th,,Sat
13:31:04,J14,Jeffery Jump,,Sun
17:14:12,157,Streeterville/Taylor,,Mon,Tue,Wed,Thu,Fri
09:10:38,J14,Jeffery Jump,,Sat
16:32:46,20,Madison,,Mon,Tue,Wed,Thu,Fri
17:54:52,60,Blue Island/26th,,Mon,Tue,Wed,Thu,Fri
23:18:01,60,Blue Island/26th,,Sat
18:25:16,J14,Jeffery Jump,,Mon,Tue,Wed,Thu,Fri
18:31:40,60,Blue Island/26th,,Sun
15:28:50,157,Streeterville/Taylor,,Mon,Tue,Wed,Thu,Fri
09:06:12,20,Madison,,Sun
15:12:40,56,Milwaukee,,Sat
20:34:43,20,Madison,,Mon,Tue,Wed,Thu,Fri
21:33:42,J14,Jeffery Jump,,Sat
20:57:15,J14,Jeffery Jump,,Mon,Tue,Wed,Thu,Fri
09:56:12,20,Madison,,Sun
06:23:12,J14,Jeffery Jump,,Mon,Tue,Wed,Thu,Fri
08:38:22,60,Blue Island/26th,,Mon,Tue,Wed,Thu,Fri
06:35:11,60,Blue Island/26th,,Mon,Tue,Wed,Thu,Fri
12:51:23,60,Blue Island/26th,,Sat
12:16:33,124,Navy Pier,,Sat
14:30:42,20,Madison,,Mon,Tue,Wed,Thu,Fri
10:55:01,J14,Jeffery Jump,,Sun
07:44:03,60,Blue Island/26th,,Sat
14:20:18,124,Navy Pier,,Mon,Tue,Wed,Thu,Fri
18:55:38,60,Blue Island/26th,,Sat
06:00:52,56,Milwaukee,,Mon,Tue,Wed,Thu,Fri
10:44:52,20,Madison,,Mon,Tue,Wed,Thu,Fri
08:50:42,20,Madison,,Sat
14:29:48,20,Madison,,Sat
18:38:53,J14,Jeffery Jump,,Sun
20:10:13,20,Madison,,Sat
10:15:27,J14,Jeffery Jump,,Sun
07:07:07,J14,Jeffery Jump,,Mon,Tue,Wed,Thu,Fri
17:20:28,60,Blue Island/26th,,Sat
15:59:46,20,Madison,,Sat
07:05:57,157,Streeterville/Taylor,,Mon,Tue,Wed,Thu,Fri
11:17:54,56,Milwaukee,,Mon,Tue,Wed,Thu,Fri
01:04:20,60,Blue Island/26th,,Tue,Wed,Thu,Fri,Sat
04:59:42,60,Blue Island/26th,,Sat
13:25:21,124,Navy Pier,,Mon,Tue,Wed,Thu,Fri
20:34:35,124,Navy Pier,,Mon,Tue,Wed,Thu,Fri
09:43:06,56,Milwaukee,,Sun
24:26:56,20,Madison,,Mon,Tue,Wed,Thu,Fri
08:36:50,J14,Jeffery Jump,,Sun
09:18:43,60,Blue Island/26th,,Mon,Tue,Wed,Thu,Fri
15:24:52,J14,Jeffery Jump,,Sat
15:13:36,60,Blue Island/26th,,Mon,Tue,Wed,Thu,Fri
08:26:50,J14,Jeffery Jump,,Sun
09:33:40,60,Blue Island/26th,,Sat
12:17:09,124,Navy Pier,,Sat
21:42:56,124,Navy Pier,,Sun
10:30:52,60,Blue Island/26th,,Sun
20:04:36,60,Blue Island/26th,,Mon,Tue,Wed,Thu,Fri
20:04:43,20,Madison,,Mon,Tue,Wed,Thu,Fri
13:54:11,60,Blue Island/26th,,Mon,Tue,Wed,Thu,Fri
21:14:13,20,Madison,,Sun
18:46:16,60,Blue Island/26th,,Sat
20:43:34,157,Streeterville/Taylor,,Mon,Tue,Wed,Thu,Fri
13:21:47,60,Blue Island/26th,,Sat
23:56:55,20,Madison,,Mon,Tue,Wed,Thu,Fri
17:34:22,J14,Jeffery Jump,,Sat
21:45:42,J14,Jeffery Jump,,Sat
18:52:06,56,Milwaukee,,Sat
12:16:12,20,Madison,,Sun
21:04:12,20,Madison,,Sun
14:48:36,56,Milwaukee,,Mon,Tue,Wed,Thu,Fri
08:55:43,157,Streeterville/Taylor,,Mon,Tue,Wed,Thu,Fri
17:28:13,124,Navy Pier,,Sat
18:11:40,56,Milwaukee,,Mon,Tue,Wed,Thu,Fri
14:46:57,J14,Jeffery Jump,,Mon,Tue,Wed,Thu,Fri
16:08:46,20,Madison,,Sat
11:36:31,124,Navy Pier,,Mon,Tue,Wed,Thu,Fri
09:23:59,60,Blue Island/26th,,Sat
13:26:13,20,Madison,,Sun
24:27:55,20,Madison,,Sun
22:24:22,56,Milwaukee,,Sun
16:01:12,124,Navy Pier,,Sun
10:26:12,20,Madison,,Sun
23:02:37,20,Madison,,Sat
24:27:56,20,Madison,,Sat
11:00:24,56,Milwaukee,,Mon,Tue,Wed,Thu,Fri
20:00:13,20,Madison,,Sat
18:04:22,60,Blue Island/26th,,Sun
11:21:34,157,Streeterville/Taylor,,Mon,Tue,Wed,Thu,Fri
22:19:22,60,Blue Island/26th,,Sat
12:35:22,J14,Jeffery Jump,,Sat
05:23:38,20,Madison,,Mon,Tue,Wed,Thu,Fri
22:17:15,J14,Jeffery Jump,,Mon,Tue,Wed,Thu,Fri
20:48:38,60,Blue Island/26th,,Mon,Tue,Wed,Thu,Fri
07:00:15,56,Milwaukee,,Sun
11:15:36,56,Milwaukee,,Sun
10:56:13,20,Madison,,Sun
20:25:21,60,Blue Island/26th,,Sun
14:14:52,56,Milwaukee,,Sun
11:54:21,20,Madison,,Mon,Tue,Wed,Thu,Fri
19:32:22,56,Milwaukee,,Mon,Tue,Wed,Thu,Fri
12:50:52,60,Blue Island/26th,,Sun
13:21:04,J14,Jeffery Jump,,Sun
18:24:26,J14,Jeffery Jump,,Sat
14:30:41,20,Madison,,Mon,Tue,Wed,Thu,Fri
07:45:03,20,Madison,,Mon,Tue,Wed,Thu,Fri
12:10:22,J14,Jeffery Jump,,Mon,Tue,Wed,Thu,Fri
18:39:06,124,Navy Pier,,Sat
19:04:38,60,Blue Island/26th,,Sat
14:24:36,60,Blue Island/26th,,Mon,Tue,Wed,Thu,Fri
22:35:33,60,Blue Island/26th,,Mon,Tue,Wed,Thu,Fri
15:44:22,J14,Jeffery Jump,,Sat
13:50:16,J14,Jeffery Jump,,Mon,Tue,Wed,Thu,Fri
08:04:22,60,Blue Island/26th,,Sat
12:56:12,20,Madison,,Sun
20:43:40,60,Blue Island/26th,,Sat
09:59:42,J14,Jeffery Jump,,Sat
21:56:38,20,Madison,,Mon,Tue,Wed,Thu,Fri
17:45:52,124,Navy Pier,,Sun
17:25:01,124,Navy Pier,,Mon,Tue,Wed,Thu,Fri
20:06:22,56,Milwaukee,,Mon,Tue,Wed,Thu,Fri
15:04:50,157,Streeterville/Taylor,,Mon,Tue,Wed,Thu,Fri
15:05:34,157,Streeterville/Taylor,,Mon,Tue,Wed,Thu,Fri
15:59:31,56,Milwaukee,,Mon,Tue,Wed,Thu,Fri
13:02:24,56,Milwaukee,,Mon,Tue,Wed,Thu,Fri
19:28:53,J14,Jeffery Jump,,Sun
22:27:20,J14,Jeffery Jump,,Sun
07:37:56,56,Milwaukee,,Mon,Tue,Wed,Thu,Fri
11:22:38,60,Blue Island/26th,,Sat
09:09:13,60,Blue Island/26th,,Mon,Tue,Wed,Thu,Fri
14:14:36,60,Blue Island/26th,,Mon,Tue,Wed,Thu,Fri
07:02:37,20,Madison,,Sun
08:30:06,56,Milwaukee,,Sat
04:59:15,56,Milwaukee,,Sat
21:11:21,60,Blue Island/26th,,Sun
15:39:15,J14,Jeffery Jump,,Sun
15:11:52,124,Navy Pier,,Sun
17:19:04,J14,Jeffery Jump,,Sun
12:26:12,20,Madison,,Sun
05:18:24,J14,Jeffery Jump,,Mon,Tue,Wed,Thu,Fri
09:24:08,56,Milwaukee,,Sun
00:42:55,20,Madison,,Tue,Wed,Thu,Fri,Sat
17:14:26,J14,Jeffery Jump,,Sat
20:17:22,J14,Jeffery Jump,,Mon,Tue,Wed,Thu,Fri
12:33:19,J14,Jeffery Jump,,Sun
24:27:56,20,Madison,,Sun
16:38:41,56,Milwaukee,,Mon,Tue,Wed,Thu,Fri
16:03:43,60,Blue Island/26th,,Mon,Tue,Wed,Thu,Fri
05:35:38,20,Madison,,Mon,Tue,Wed,Thu,Fri
07:44:25,20,Madison,,Sat
16:48:29,60,Blue Island/26th,,Sun
07:27:56,56,Milwaukee,,Mon,Tue,Wed,Thu,Fri
10:17:43,157,Streeterville/Taylor,,Mon,Tue,Wed,Thu,Fri
20:59:05,124,Navy Pier,,Mon,Tue,Wed,Thu,Fri
12:14:48,20,Madison,,Sat
15:09:33,124,Navy Pier,,Sat
16:24:26,J14,Jeffery Jump,,Sat
07:05:15,60,Blue Island/26th,,Mon,Tue,Wed,Thu,Fri
13:00:16,J14,Jeffery Jump,,Mon,Tue,Wed,Thu,Fri
07:02:38,20,Madison,,Sun
22:17:37,20,Madison,,Sun
05:26:08,20,Madison,,Sun
12:47:50,157,Streeterville/Taylor,,Mon,Tue,Wed,Thu,Fri
12:34:36,60,Blue Island/26th,,Mon,Tue,Wed,Thu,Fri
15:23:46,20,Madison,,Sat
16:36:09,124,Navy Pier,,Sat
19:17:03,60,Blue Island/26th,,Sun
06:16:22,60,Blue Island/26th,,Sun
09:27:13,20,Madison,,Sat
08:45:43,56,Milwaukee,,Mon,Tue,Wed,Thu,Fri
18:03:46,20,Madison,,Sat
10:06:13,20,Madison,,Sun
19:20:34,20,Madison,,Mon,Tue,Wed,Thu,Fri
07:58:26,56,Milwaukee,,Mon,Tue,Wed,Thu,Fri
10:04:52,20,Madison,,Mon,Tue,Wed,Thu,Fri
06:13:47,56,Milwaukee,,Sun
12:25:22,J14,Jeffery Jump,,Sat
17:08:10,60,Blue Island/26th,,Sun
16:54:22,J14,Jeffery Jump,,Sat
12:30:20,56,Milwaukee,,Sun
02:06:39,60,Blue Island/26th,,Sun
09:36:27,20,Madison,,Mon,Tue,Wed,Thu,Fri
21:47:30,124,Navy Pier,,Sat
09:05:20,20,Madison,,Mon,Tue,Wed,Thu,Fri
19:27:21,60,Blue Island/26th,,Sun
14:16:51,20,Madison,,Mon,Tue,Wed,Thu,Fri
08:40:20,20,Madison,,Mon,Tue,Wed,Thu,Fri
17:50:05,60,Blue Island/26th,,Sat
19:18:53,J14,Jeffery Jump,,Sun
05:01:52,60,Blue Island/26th,,Sun
18:48:03,60,Blue Island/26th,,Sun
10:49:19,J14,Jeffery Jump,,Sat
16:39:00,J14,Jeffery Jump,,Sun
19:35:59,20,Madison,,Mon,Tue,Wed,Thu,Fri
03:27:55,20,Madison,,Sun
08:56:13,20,Madison,,Sun
14:29:46,20,Madison,,Sat
12:30:22,56,Milwaukee,,Sun
11:39:13,56,Milwaukee,,Sat
09:20:20,20,Madison,,Mon,Tue,Wed,Thu,Fri
08:04:52,J14,Jeffery Jump,,Mon,Tue,Wed,Thu,Fri
13:41:23,60,Blue Island/26th,,Sat
20:49:31,56,Milwaukee,,Sun
09:29:38,J14,Jeffery Jump,,Sat
09:16:46,J14,Jeffery Jump,,Sun
17:53:52,157,Streeterville/Taylor,,Mon,Tue,Wed,Thu,Fri
12:56:13,20,Madison,,Sun
11:32:16,60,Blue Island/26th,,Sat
13:54:56,J14,Jeffery Jump,,Sat
18:14:26,J14,Jeffery Jump,,Sat
16:20:33,60,Blue Island/26th,,Mon,Tue,Wed,Thu,Fri
13:05:26,J14,Jeffery Jump,,Sat
17:57:31,56,Milwaukee,,Mon,Tue,Wed,Thu,Fri
16:58:10,60,Blue Island/26th,,Sun
21:15:53,124,Navy Pier,,Sun
14:31:50,56,Milwaukee,,Sun
18:13:06,56,Milwaukee,,Sat
13:28:21,20,Madison,,Mon,Tue,Wed,Thu,Fri
15:54:26,J14,Jeffery Jump,,Sat
12:31:35,60,Blue Island/26th,,Sat
12:26:13,20,Madison,,Sun
22:56:03,60,Blue Island/26th,,Sat
19:23:01,56,Milwaukee,,Sun
13:17:46,20,Madison,,Sat
19:26:01,124,Navy Pier,,Mon,Tue,Wed,Thu,Fri
07:23:22,56,Milwaukee,,Sat
18:49:39,124,Navy Pier,,Mon,Tue,Wed,Thu,Fri
08:30:08,56,Milwaukee,,Sat
09:24:36,J14,Jeffery Jump,,Mon,Tue,Wed,Thu,Fri
08:54:57,157,Streeterville/Taylor,,Mon,Tue,Wed,Thu,Fri
04:47:31,20,Madison,,Mon,Tue,Wed,Thu,Fri
09:45:27,J14,Jeffery Jump,,Sun
10:00:57,124,Navy Pier,,Sat
10:39:42,J14,Jeffery Jump,,Sat
10:03:56,J14,Jeffery Jump,,Mon,Tue,Wed,Thu,Fri
06:15:20,56,Milwaukee,,Mon,Tue,Wed,Thu,Fri
07:27:29,20,Madison,,Mon,Tue,Wed,Thu,Fri
12:27:34,56,Milwaukee,,Mon,Tue,Wed,Thu,Fri
18:28:38,60,Blue Island/26th,,Sat
17:06:13,20,Madison,,Sun
15:49:40,60,Blue Island/26th,,Sun
12:36:13,20,Madison,,Sun
14:14:52,J14,Jeffery Jump,,Sat
19:57:21,60,Blue Island/26th,,Sun
21:17:15,J14,Jeffery Jump,,Mon,Tue,Wed,Thu,Fri
14:47:50,56,Milwaukee,,Sun
14:26:13,20,Madison,,Sun
05:55:38,20,Madison,,Mon,Tue,Wed,Thu,Fri
10:00:52,60,Blue Island/26th,,Sun
07:54:43,60,Blue Island/26th,,Mon,Tue,Wed,Thu,Fri
10:45:39,124,Navy Pier,,Sun
06:25:38,20,Madison,,Mon,Tue,Wed,Thu,Fri
15:32:48,20,Madison,,Sat
03:03:09,60,Blue Island/26th,,Mon
17:54:12,20,Madison,,Sun
05:20:12,60,Blue Island/26th,,Sat
06:41:37,20,Madison,,Sat
21:39:46,J14,Jeffery Jump,,Sun
20:53:21,60,Blue Island/26th,,Sun
09:26:50,J14,Jeffery Jump,,Sun
04:03:33,60,Blue Island/26th,,Sun
14:34:36,60,Blue Island/26th,,Mon,Tue,Wed,Thu,Fri
07:00:12,60,Blue Island/26th,,Sun
09:06:46,J14,Jeffery Jump,,Sun
20:49:23,124,Navy Pier,,Sun
08:43:43,157,Streeterville/Taylor,,Mon,Tue,Wed,Thu,Fri
10:29:42,J14,Jeffery Jump,,Sat
06:45:08,20,Madison,,Sun
09:13:40,60,Blue Island/26th,,Sat
10:41:10,60,Blue Island/26th,,Sun
17:04:26,J14,Jeffery Jump,,Sat
17:28:16,20,Madison,,Mon,Tue,Wed,Thu,Fri
17:02:57,124,Navy Pier,,Mon,Tue,Wed,Thu,Fri
15:34:26,J14,Jeffery Jump,,Sat
05:50:08,56,Milwaukee,,Sat
18:04:12,20,Madison,,Sun
13:40:20,56,Milwaukee,,Sun
18:48:53,J14,Jeffery Jump,,Sun
15:41:34,157,Streeterville/Taylor,,Mon,Tue,Wed,Thu,Fri
13:40:43,56,Milwaukee,,Sat
17:20:05,60,Blue Island/26th,,Sat
15:05:57,J14,Jeffery Jump,,Mon,Tue,Wed,Thu,Fri
12:45:22,J14,Jeffery Jump,,Sat
23:16:12,60,Blue Island/26th,,Mon,Tue,Wed,Thu,Fri
15:10:42,20,Madison,,Mon,Tue,Wed,Thu,Fri
18:14:13,20,Madison,,Sun
17:59:00,J14,Jeffery Jump,,Sun
20:38:42,J14,Jeffery Jump,,Sun
06:57:03,J14,Jeffery Jump,,Mon,Tue,Wed,Thu,Fri
11:06:13,20,Madison,,Sun
09:14:46,J14,Jeffery Jump,,Mon,Tue,Wed,Thu,Fri
22:17:37,20,Madison,,Sat
17:42:48,J14,Jeffery Jump,,Mon,Tue,Wed,Thu,Fri
10:46:46,20,Madison,,Sat
09:02:01,60,Blue Island/26th,,Sun
12:54:22,20,Madison,,Mon,Tue,Wed,Thu,Fri
20:34:33,60,Blue Island/26th,,Sun
17:04:22,J14,Jeffery Jump,,Sat
11:36:12,20,Madison,,Sun
01:01:55,20,Madison,,Tue,Wed,Thu,Fri,Sat
04:02:52,60,Blue Island/26th,,Sat
07:40:20,J14,Jeffery Jump,,Sun
14:18:09,124,Navy Pier,,Sat
21:18:54,20,Madison,,Sat
15:56:12,20,Madison,,Sun
22:17:11,J14,Jeffery Jump,,Mon,Tue,Wed,Thu,Fri
10:36:13,20,Madison,,Sun
05:44:22,56,Milwaukee,,Mon,Tue,Wed,Thu,Fri
17:07:46,20,Madison,,Mon,Tue,Wed,Thu,Fri
23:02:37,20,Madison,,Sun
09:39:38,J14,Jeffery Jump,,Sat
20:28:42,J14,Jeffery Jump,,Sun
22:02:15,J14,Jeffery Jump,,Mon,Tue,Wed,Thu,Fri
17:53:45,20,Madison,,Mon,Tue,Wed,Thu,Fri
21:54:29,60,Blue Island/26th,,Mon,Tue,Wed,Thu,Fri
10:17:12,20,Madison,,Sat
05:50:15,56,Milwaukee,,Sun
09:20:19,20,Madison,,Mon,Tue,Wed,Thu,Fri
12:51:10,60,Blue Island/26th,,Sun
15:03:50,56,Milwaukee,,Sun
16:33:57,56,Milwaukee,,Sat
06:59:57,60,Blue Island/26th,,Sun
11:06:12,20,Madison,,Sun
16:40:09,124,Navy Pier,,Mon,Tue,Wed,Thu,Fri
15:50:45,20,Madison,,Mon,Tue,Wed,Thu,Fri
07:45:24,56,Milwaukee,,Sat
17:35:22,J14,Jeffery Jump,,Mon,Tue,Wed,Thu,Fri
11:38:11,J14,Jeffery Jump,,Sat
16:17:07,124,Navy Pier,,Mon,Tue,Wed,Thu,Fri
10:03:49,60,Blue Island/26th,,Sat
01:27:55,20,Madison,,Sun
13:26:12,20,Madison,,Sun
18:59:05,60,Blue Island/26th,,Mon,Tue,Wed,Thu,Fri
13:50:27,56,Milwaukee,,Mon,Tue,Wed,Thu,Fri
15:49:11,J14,Jeffery Jump,,Sun
16:28:52,60,Blue Island/26th,,Mon,Tue,Wed,Thu,Fri
21:07:19,60,Blue Island/26th,,Mon,Tue,Wed,Thu,Fri
08:45:22,124,Navy Pier,,Sat
18:34:26,J14,Jeffery Jump,,Sat
09:09:43,60,Blue Island/26th,,Mon,Tue,Wed,Thu,Fri
10:24:52,20,Madison,,Mon,Tue,Wed,Thu,Fri
20:47:13,56,Milwaukee,,Sat
16:08:10,60,Blue Island/26th,,Sun
18:03:48,20,Madison,,Sat
19:32:20,56,Milwaukee,,Mon,Tue,Wed,Thu,Fri
18:37:39,124,Navy Pier,,Sun
10:11:10,60,Blue Island/26th,,Sun
13:14:11,60,Blue Island/26th,,Mon,Tue,Wed,Thu,Fri
08:18:43,20,Madison,,Sun
07:47:43,60,Blue Island/26th,,Mon,Tue,Wed,Thu,Fri
11:19:23,J14,Jeffery Jump,,Sat
10:03:28,60,Blue Island/26th,,Sat
07:55:19,20,Madison,,Mon,Tue,Wed,Thu,Fri
16:14:26,J14,Jeffery Jump,,Sat
19:43:34,157,Streeterville/Taylor,,Mon,Tue,Wed,Thu,Fri
20:48:27,J14,Jeffery Jump,,Sun
16:08:29,60,Blue Island/26th,,Sun
14:57:03,J14,Jeffery Jump,,Mon,Tue,Wed,Thu,Fri
17:25:13,20,Madison,,Sun
08:53:19,60,Blue Island/26th,,Mon,Tue,Wed,Thu,Fri
22:17:57,J14,Jeffery Jump,,Sat
08:16:57,157,Streeterville/Taylor,,Mon,Tue,Wed,Thu,Fri
17:54:26,J14,Jeffery Jump,,Sat
13:09:03,124,Navy Pier,,Sat
08:58:13,56,Milwaukee,,Mon,Tue,Wed,Thu,Fri
23:42:38,20,Madison,,Sun
16:38:10,60,Blue Island/26th,,Sun
21:39:50,J14,Jeffery Jump,,Sun
24:26:55,20,Madison,,Mon,Tue,Wed,Thu,Fri
15:14:52,J14,Jeffery Jump,,Sat
20:29:58,60,Blue Island/26th,,Mon,Tue,Wed,Thu,Fri
11:09:03,124,Navy Pier,,Sun
03:03:03,60,Blue Island/26th,,Tue,Wed,Thu,Fri,Sat
03:27:55,20,Madison,,Sat
19:12:36,56,Milwaukee,,Sat
11:26:12,20,Madison,,Sun
10:14:48,124,Navy Pier,,Mon,Tue,Wed,Thu,Fri
09:12:49,20,Madison,,Mon,Tue,Wed,Thu,Fri
13:20:21,20,Madison,,Mon,Tue,Wed,Thu,Fri
05:26:20,56,Milwaukee,,Mon,Tue,Wed,Thu,Fri
14:31:51,20,Madison,,Mon,Tue,Wed,Thu,Fri
12:41:03,56,Milwaukee,,Sat
18:37:08,60,Blue Island/26th,,Sat
18:08:53,J14,Jeffery Jump,,Sun
17:58:19,J14,Jeffery Jump,,Mon,Tue,Wed,Thu,Fri
21:06:58,60,Blue Island/26th,,Mon,Tue,Wed,Thu,Fri
15:58:29,60,Blue Island/26th,,Sun
12:14:21,20,Madison,,Mon,Tue,Wed,Thu,Fri
17:57:40,56,Milwaukee,,Sat
09:10:20,124,Navy Pier,,Sat
16:57:45,20,Madison,,Mon,Tue,Wed,Thu,Fri
17:45:06,124,Navy Pier,,Sat
06:13:35,157,Streeterville/Taylor,,Mon,Tue,Wed,Thu,Fri
19:07:35,124,Navy Pier,,Mon,Tue,Wed,Thu,Fri
14:02:48,20,Madison,,Sat
08:51:43,20,Madison,,Sat
11:46:45,J14,Jeffery Jump,,Sat
13:01:04,J14,Jeffery Jump,,Sun
20:23:34,157,Streeterville/Taylor,,Mon,Tue,Wed,Thu,Fri
01:27:56,20,Madison,,Tue,Wed,Thu,Fri,Sat
20:52:52,60,Blue Island/26th,,Sat
17:39:45,20,Madison,,Mon,Tue,Wed,Thu,Fri
04:30:50,60,Blue Island/26th,,Sun
22:47:16,J14,Jeffery Jump,,Sun
09:53:59,60,Blue Island/26th,,Sat
16:53:26,60,Blue Island/26th,,Mon,Tue,Wed,Thu,Fri
06:13:27,J14,Jeffery Jump,,Mon,Tue,Wed,Thu,Fri
09:44:51,20,Madison,,Mon,Tue,Wed,Thu,Fri
21:50:15,56,Milwaukee,,Sat
00:57:56,20,Madison,,Mon
04:27:56,20,Madison,,Sat
20:17:10,60,Blue Island/26th,,Sat
13:11:47,60,Blue Island/26th,,Sat
07:41:42,157,Streeterville/Taylor,,Mon,Tue,Wed,Thu,Fri
16:40:28,60,Blue Island/26th,,Sat
15:36:10,56,Milwaukee,,Mon,Tue,Wed,Thu,Fri
02:33:09,60,Blue Island/26th,,Mon
11:00:52,60,Blue Island/26th,,Sun
18:48:21,60,Blue Island/26th,,Sun
20:33:38,J14,Jeffery Jump,,Sat
09:03:59,60,Blue Island/26th,,Sat
10:56:46,20,Madison,,Sat
12:40:22,J14,Jeffery Jump,,Mon,Tue,Wed,Thu,Fri
06:48:22,J14,Jeffery Jump,,Mon,Tue,Wed,Thu,Fri
20:58:31,J14,Jeffery Jump,,Sun
11:09:39,124,Navy Pier,,Sun
17:45:43,124,Navy Pier,,Sat
04:03:52,60,Blue Island/26th,,Mon,Tue,Wed,Thu,Fri
19:58:49,60,Blue Island/26th,,Sat
05:01:39,60,Blue Island/26th,,Sun
21:57:45,60,Blue Island/26th,,Sun
14:29:57,J14,Jeffery Jump,,Mon,Tue,Wed,Thu,Fri
13:26:05,124,Navy Pier,,Mon,Tue,Wed,Thu,Fri
16:27:46,20,Madison,,Mon,Tue,Wed,Thu,Fri
14:10:10,60,Blue Island/26th,,Sun
19:10:55,J14,Jeffery Jump,,Mon,Tue,Wed,Thu,Fri
07:54:13,60,Blue Island/26th,,Mon,Tue,Wed,Thu,Fri
07:44:17,56,Milwaukee,,Sun
18:33:28,20,Madison,,Mon,Tue,Wed,Thu,Fri
17:40:28,60,Blue Island/26th,,Sat
16:09:41,56,Milwaukee,,Mon,Tue,Wed,Thu,Fri
15:32:24,124,Navy Pier,,Mon,Tue,Wed,Thu,Fri
19:34:12,20,Madison,,Sun
06:13:17,56,Milwaukee,,Sat
20:04:13,20,Madison,,Sun
17:30:03,J14,Jeffery Jump,,Mon,Tue,Wed,Thu,Fri
18:13:03,56,Milwaukee,,Sat
17:26:26,157,Streeterville/Taylor,,Mon,Tue,Wed,Thu,Fri
16:02:10,56,Milwaukee,,Sat
10:43:19,60,Blue Island/26th,,Sat
23:20:01,60,Blue Island/26th,,Sun
19:45:31,56,Milwaukee,,Sun
09:54:07,J14,Jeffery Jump,,Mon,Tue,Wed,Thu,Fri
08:45:19,60,Blue Island/26th,,Mon,Tue,Wed,Thu,Fri
09:07:13,20,Madison,,Sat
09:13:59,60,Blue Island/26th,,Sat
12:47:50,56,Milwaukee,,Sun
08:05:19,20,Madison,,Mon,Tue,Wed,Thu,Fri
13:52:51,124,Navy Pier,,Mon,Tue,Wed,Thu,Fri
18:39:43,124,Navy Pier,,Sat
11:52:38,60,Blue Island/26th,,Sat
15:35:52,56,Milwaukee,,Sun
16:51:11,J14,Jeffery Jump,,Mon,Tue,Wed,Thu,Fri
14:24:56,J14,Jeffery Jump,,Sat
16:21:23,157,Streeterville/Taylor,,Mon,Tue,Wed,Thu,Fri
09:07:12,20,Madison,,Sat
21:33:38,J14,Jeffery Jump,,Sat
10:25:30,124,Navy Pier,,Sat
22:30:36,56,Milwaukee,,Mon,Tue,Wed,Thu,Fri
18:54:15,J14,Jeffery Jump,,Sat
16:37:44,J14,Jeffery Jump,,Mon,Tue,Wed,Thu,Fri
11:23:29,56,Milwaukee,,Sat
16:17:46,20,Madison,,Mon,Tue,Wed,Thu,Fri
03:36:50,60,Blue Island/26th,,Sun
21:29:15,56,Milwaukee,,Sat
09:23:40,60,Blue Island/26th,,Sat
14:35:03,56,Milwaukee,,Mon,Tue,Wed,Thu,Fri
20:26:29,60,Blue Island/26th,,Sat
04:59:29,60,Blue Island/26th,,Mon,Tue,Wed,Thu,Fri
03:37:03,60,Blue Island/26th,,Sun
13:16:12,20,Madison,,Sun
17:25:10,J14,Jeffery Jump,,Mon,Tue,Wed,Thu,Fri
16:16:13,20,Madison,,Sun
14:40:29,60,Blue Island/26th,,Sun
04:59:10,60,Blue Island/26th,,Mon,Tue,Wed,Thu,Fri
19:25:18,124,Navy Pier,,Mon,Tue,Wed,Thu,Fri
20:28:38,J14,Jeffery Jump,,Sun
08:59:03,60,Blue Island/26th,,Mon,Tue,Wed,Thu,Fri
12:14:57,157,Streeterville/Taylor,,Mon,Tue,Wed,Thu,Fri
07:31:33,60,Blue Island/26th,,Sat
12:04:57,J14,Jeffery Jump,,Sun
22:01:10,60,Blue Island/26th,,Sat
19:31:58,60,Blue Island/26th,,Sat
16:17:48,20,Madison,,Sat
18:07:43,56,Milwaukee,,Sun
14:30:03,J14,Jeffery Jump,,Mon,Tue,Wed,Thu,Fri
12:26:06,56,Milwaukee,,Sat
19:27:03,60,Blue Island/26th,,Sun
21:56:37,20,Madison,,Mon,Tue,Wed,Thu,Fri
08:15:33,60,Blue Island/26th,,Mon,Tue,Wed,Thu,Fri
09:55:31,J14,Jeffery Jump,,Sun
07:37:59,56,Milwaukee,,Mon,Tue,Wed,Thu,Fri
17:39:00,J14,Jeffery Jump,,Sun
24:11:56,20,Madison,,Mon,Tue,Wed,Thu,Fri
20:10:13,124,Navy Pier,,Mon,Tue,Wed,Thu,Fri
09:17:13,20,Madison,,Sat
11:11:36,J14,Jeffery Jump,,Mon,Tue,Wed,Thu,Fri
19:40:49,60,Blue Island/26th,,Sat
14:14:56,J14,Jeffery Jump,,Sat
15:06:12,20,Madison,,Sun
13:35:48,20,Madison,,Sat
07:50:20,20,Madison,,Mon,Tue,Wed,Thu,Fri
09:40:52,60,Blue Island/26th,,Sun
07:55:20,20,Madison,,Mon,Tue,Wed,Thu,Fri
06:36:24,56,Milwaukee,,Sat
21:35:31,56,Milwaukee,,Sun
12:35:26,J14,Jeffery Jump,,Sat
08:20:20,20,Madison,,Mon,Tue,Wed,Thu,Fri
13:50:22,J14,Jeffery Jump,,Mon,Tue,Wed,Thu,Fri
06:35:38,20,Madison,,Mon,Tue,Wed,Thu,Fri
20:23:26,124,Navy Pier,,Sun
02:57:55,20,Madison,,Tue,Wed,Thu,Fri,Sat
05:24:15,56,Milwaukee,,Sat
16:57:46,20,Madison,,Mon,Tue,Wed,Thu,Fri
09:46:48,60,Blue Island/26th,,Mon,Tue,Wed,Thu,Fri
10:23:56,J14,Jeffery Jump,,Mon,Tue,Wed,Thu,Fri
22:11:15,56,Milwaukee,,Sat
22:31:49,J14,Jeffery Jump,,Mon,Tue,Wed,Thu,Fri
18:28:49,J14,Jeffery Jump,,Sun
08:48:48,124,Navy Pier,,Mon,Tue,Wed,Thu,Fri
13:11:04,J14,Jeffery Jump,,Sun
15:53:20,157,Streeterville/Taylor,,Mon,Tue,Wed,Thu,Fri
07:27:28,20,Madison,,Mon,Tue,Wed,Thu,Fri
08:26:45,56,Milwaukee,,Sun
19:49:49,60,Blue Island/26th,,Sat
12:41:35,60,Blue Island/26th,,Sat
17:01:59,124,Navy Pier,,Mon,Tue,Wed,Thu,Fri
16:44:46,20,Madison,,Sat
14:31:52,56,Milwaukee,,Sun
19:42:50,157,Streeterville/Taylor,,Mon,Tue,Wed,Thu,Fri
20:43:51,60,Blue Island/26th,,Sun
09:55:48,60,Blue Island/26th,,Mon,Tue,Wed,Thu,Fri
09:26:12,20,Madison,,Sun
14:48:33,56,Milwaukee,,Mon,Tue,Wed,Thu,Fri
17:17:45,20,Madison,,Mon,Tue,Wed,Thu,Fri
08:00:20,157,Streeterville/Taylor,,Mon,Tue,Wed,Thu,Fri
20:50:12,20,Madison,,Sat
10:31:10,60,Blue Island/26th,,Sun
10:09:38,J14,Jeffery Jump,,Sat
19:34:13,20,Madison,,Sun
23:09:01,J14,Jeffery Jump,,Sat
10:54:11,60,Blue Island/26th,,Mon,Tue,Wed,Thu,Fri
13:53:48,20,Madison,,Sat
17:57:34,56,Milwaukee,,Mon,Tue,Wed,Thu,Fri
11:54:36,60,Blue Island/26th,,Mon,Tue,Wed,Thu,Fri
04:59:27,60,Blue Island/26th,,Sat
14:10:29,60,Blue Island/26th,,Sun
17:22:46,20,Madison,,Mon,Tue,Wed,Thu,Fri
10:59:23,J14,Jeffery Jump,,Sat
12:01:10,60,Blue Island/26th,,Sun
21:36:08,20,Madison,,Sat
17:44:13,20,Madison,,Sun
09:12:38,56,Milwaukee,,Sat
09:51:34,157,Streeterville/Taylor,,Mon,Tue,Wed,Thu,Fri
17:01:12,157,Streeterville/Taylor,,Mon,Tue,Wed,Thu,Fri
12:30:48,124,Navy Pier,,Mon,Tue,Wed,Thu,Fri
09:39:12,157,Streeterville/Taylor,,Mon,Tue,Wed,Thu,Fri
14:56:46,20,Madison,,Sat
21:42:10,60,Blue Island/26th,,Sat
20:50:13,20,Madison,,Sat
14:53:09,124,Navy Pier,,Sat
03:57:56,20,Madison,,Mon,Tue,Wed,Thu,Fri
15:11:05,60,Blue Island/26th,,Sat
20:14:42,20,Madison,,Mon,Tue,Wed,Thu,Fri
10:27:47,56,Milwaukee,,Mon,Tue,Wed,Thu,Fri
15:38:03,J14,Jeffery Jump,,Mon,Tue,Wed,Thu,Fri
19:30:13,20,Madison,,Sat
10:29:50,56,Milwaukee,,Sat
17:07:13,56,Milwaukee,,Sat
08:51:45,60,Blue Island/26th,,Sun
13:04:36,60,Blue Island/26th,,Mon,Tue,Wed,Thu,Fri
13:31:00,J14,Jeffery Jump,,Sun
17:53:46,20,Madison,,Mon,Tue,Wed,Thu,Fri
07:40:16,J14,Jeffery Jump,,Sun
05:35:37,20,Madison,,Mon,Tue,Wed,Thu,Fri
14:54:56,J14,Jeffery Jump,,Sat
22:37:15,60,Blue Island/26th,,Sun
05:15:19,60,Blue Island/26th,,Mon,Tue,Wed,Thu,Fri
20:47:15,J14,Jeffery Jump,,Mon,Tue,Wed,Thu,Fri
17:46:16,20,Madison,,Mon,Tue,Wed,Thu,Fri
19:30:12,20,Madison,,Sat
15:34:28,20,Madison,,Mon,Tue,Wed,Thu,Fri
06:45:00,60,Blue Island/26th,,Mon,Tue,Wed,Thu,Fri
12:58:35,124,Navy Pier,,Mon,Tue,Wed,Thu,Fri
12:41:51,20,Madison,,Mon,Tue,Wed,Thu,Fri
20:14:00,J14,Jeffery Jump,,Sat
15:10:09,124,Navy Pier,,Sat
16:01:45,20,Madison,,Mon,Tue,Wed,Thu,Fri
14:10:22,J14,Jeffery Jump,,Mon,Tue,Wed,Thu,Fri
20:44:45,56,Milwaukee,,Mon,Tue,Wed,Thu,Fri
12:26:03,56,Milwaukee,,Sat
24:05:22,60,Blue Island/26th,,Mon,Tue,Wed,Thu,Fri
24:27:55,20,Madison,,Sat
08:18:55,20,Madison,,Sun
13:57:50,56,Milwaukee,,Sun
20:26:20,56,Milwaukee,,Mon,Tue,Wed,Thu,Fri
09:26:13,20,Madison,,Sun
03:27:56,20,Madison,,Tue,Wed,Thu,Fri,Sat
07:40:16,J14,Jeffery Jump,,Sat
16:53:46,20,Madison,,Sat
17:23:40,56,Milwaukee,,Sat
21:04:43,20,Madison,,Mon,Tue,Wed,Thu,Fri
13:10:52,60,Blue Island/26th,,Sun
09:16:12,20,Madison,,Sun
18:07:14,J14,Jeffery Jump,,Mon,Tue,Wed,Thu,Fri
16:24:22,J14,Jeffery Jump,,Sat
15:53:33,J14,Jeffery Jump,,Mon,Tue,Wed,Thu,Fri
22:08:38,56,Milwaukee,,Mon,Tue,Wed,Thu,Fri
13:14:56,J14,Jeffery Jump,,Sat
16:48:41,56,Milwaukee,,Mon,Tue,Wed,Thu,Fri
17:54:40,60,Blue Island/26th,,Sun
06:05:38,20,Madison,,Mon,Tue,Wed,Thu,Fri
21:03:42,J14,Jeffery Jump,,Sat
22:47:37,20,Madison,,Sun
13:30:29,60,Blue Island/26th,,Sun
15:54:54,60,Blue Island/26th,,Mon,Tue,Wed,Thu,Fri
24:35:22,60,Blue Island/26th,,Mon,Tue,Wed,Thu,Fri
09:08:56,124,Navy Pier,,Sun
10:13:56,J14,Jeffery Jump,,Mon,Tue,Wed,Thu,Fri
20:34:10,60,Blue Island/26th,,Sat
15:58:10,60,Blue Island/26th,,Sun
14:06:33,56,Milwaukee,,Mon,Tue,Wed,Thu,Fri
06:39:45,J14,Jeffery Jump,,Mon,Tue,Wed,Thu,Fri
06:48:26,J14,Jeffery Jump,,Mon,Tue,Wed,Thu,Fri
10:57:38,56,Milwaukee,,Sun
19:58:49,J14,Jeffery Jump,,Sun
09:27:45,20,Madison,,Mon,Tue,Wed,Thu,Fri
06:57:07,J14,Jeffery Jump,,Mon,Tue,Wed,Thu,Fri
13:56:12,20,Madison,,Sun
06:13:45,56,Milwaukee,,Sun
12:05:01,J14,Jeffery Jump,,Sun
12:12:05,60,Blue Island/26th,,Sat
19:50:12,20,Madison,,Sat
11:30:52,60,Blue Island/26th,,Sun
14:10:49,J14,Jeffery Jump,,Sun
10:13:19,60,Blue Island/26th,,Sat
13:39:34,157,Streeterville/Taylor,,Mon,Tue,Wed,Thu,Fri
10:32:43,157,Streeterville/Taylor,,Mon,Tue,Wed,Thu,Fri
15:35:50,56,Milwaukee,,Sun
11:23:26,56,Milwaukee,,Sat
17:33:46,20,Madison,,Sat
21:10:12,20,Madison,,Sat
23:15:07,20,Madison,,Sat
09:25:10,56,Milwaukee,,Mon,Tue,Wed,Thu,Fri
18:23:00,20,Madison,,Sat
11:29:00,J14,Jeffery Jump,,Sat
11:01:10,60,Blue Island/26th,,Sun
06:15:38,20,Madison,,Mon,Tue,Wed,Thu,Fri
05:57:05,157,Streeterville/Taylor,,Mon,Tue,Wed,Thu,Fri
10:44:51,20,Madison,,Mon,Tue,Wed,Thu,Fri
11:26:13,20,Madison,,Sun
15:54:28,124,Navy Pier,,Mon,Tue,Wed,Thu,Fri
08:00:50,J14,Jeffery Jump,,Sun
06:30:27,157,Streeterville/Taylor,,Mon,Tue,Wed,Thu,Fri
15:10:34,J14,Jeffery Jump,,Sun
09:00:57,157,Streeterville/Taylor,,Mon,Tue,Wed,Thu,Fri
20:14:04,J14,Jeffery Jump,,Sat
13:05:34,157,Streeterville/Taylor,,Mon,Tue,Wed,Thu,Fri
12:25:26,J14,Jeffery Jump,,Sat
18:09:35,60,Blue Island/26th,,Sat
19:17:18,60,Blue Island/26th,,Mon,Tue,Wed,Thu,Fri
03:57:55,20,Madison,,Sun
12:05:46,20,Madison,,Sat
22:41:38,20,Madison,,Mon,Tue,Wed,Thu,Fri
17:54:19,60,Blue Island/26th,,Mon,Tue,Wed,Thu,Fri
19:47:52,J14,Jeffery Jump,,Mon,Tue,Wed,Thu,Fri
08:20:12,20,Madison,,Sun
11:02:28,60,Blue Island/26th,,Sat
18:31:22,60,Blue Island/26th,,Sun
20:34:29,60,Blue Island/26th,,Sat
11:24:57,J14,Jeffery Jump,,Sun
21:22:55,20,Madison,,Mon,Tue,Wed,Thu,Fri
09:29:43,124,Navy Pier,,Mon,Tue,Wed,Thu,Fri
14:01:33,124,Navy Pier,,Sat
12:52:09,124,Navy Pier,,Sat
18:13:03,60,Blue Island/26th,,Mon,Tue,Wed,Thu,Fri
06:55:37,20,Madison,,Mon,Tue,Wed,Thu,Fri
19:19:55,J14,Jeffery Jump,,Mon,Tue,Wed,Thu,Fri
06:05:53,60,Blue Island/26th,,Mon,Tue,Wed,Thu,Fri
14:36:13,20,Madison,,Sun
11:24:39,124,Navy Pier,,Sat
16:08:03,J14,Jeffery Jump,,Mon,Tue,Wed,Thu,Fri
16:20:34,157,Streeterville/Taylor,,Mon,Tue,Wed,Thu,Fri
22:08:36,56,Milwaukee,,Mon,Tue,Wed,Thu,Fri
16:18:39,124,Navy Pier,,Sat
11:14:51,20,Madison,,Mon,Tue,Wed,Thu,Fri
19:36:26,60,Blue Island/26th,,Mon,Tue,Wed,Thu,Fri
14:00:49,J14,Jeffery Jump,,Sun
17:30:28,60,Blue Island/26th,,Sat
19:34:00,J14,Jeffery Jump,,Sat
00:57:55,20,Madison,,Sun
12:50:16,J14,Jeffery Jump,,Mon,Tue,Wed,Thu,Fri
18:58:20,56,Milwaukee,,Mon,Tue,Wed,Thu,Fri
10:14:41,60,Blue Island/26th,,Mon,Tue,Wed,Thu,Fri
14:20:48,20,Madison,,Sat
15:13:11,60,Blue Island/26th,,Mon,Tue,Wed,Thu,Fri
15:29:57,J14,Jeffery Jump,,Mon,Tue,Wed,Thu,Fri
19:14:50,56,Milwaukee,,Mon,Tue,Wed,Thu,Fri
08:17:12,20,Madison,,Sat
02:06:52,60,Blue Island/26th,,Sun
08:20:19,20,Madison,,Mon,Tue,Wed,Thu,Fri
14:11:40,56,Milwaukee,,Sat
15:01:36,56,Milwaukee,,Mon,Tue,Wed,Thu,Fri
18:15:57,J14,Jeffery Jump,,Mon,Tue,Wed,Thu,Fri
07:27:03,J14,Jeffery Jump,,Mon,Tue,Wed,Thu,Fri
10:27:00,20,Madison,,Sat
10:54:36,60,Blue Island/26th,,Mon,Tue,Wed,Thu,Fri
08:08:01,60,Blue Island/26th,,Mon,Tue,Wed,Thu,Fri
23:57:56,20,Madison,,Sun
08:55:20,20,Madison,,Mon,Tue,Wed,Thu,Fri
08:46:50,J14,Jeffery Jump,,Sun
19:12:33,56,Milwaukee,,Sat
16:48:10,60,Blue Island/26th,,Sun
08:46:43,56,Milwaukee,,Sun
11:38:34,157,Streeterville/Taylor,,Mon,Tue,Wed,Thu,Fri
19:03:20,157,Streeterville/Taylor,,Mon,Tue,Wed,Thu,Fri
08:04:06,56,Milwaukee,,Mon,Tue,Wed,Thu,Fri
13:34:36,60,Blue Island/26th,,Mon,Tue,Wed,Thu,Fri
15:46:03,J14,Jeffery Jump,,Mon,Tue,Wed,Thu,Fri
12:03:18,124,Navy Pier,,Mon,Tue,Wed,Thu,Fri
05:29:09,60,Blue Island/26th,,Sun
20:34:13,20,Madison,,Sun
15:11:12,124,Navy Pier,,Sun
19:35:43,124,Navy Pier,,Sat
11:09:23,J14,Jeffery Jump,,Sat
10:48:43,157,Streeterville/Taylor,,Mon,Tue,Wed,Thu,Fri
23:41:37,20,Madison,,Mon,Tue,Wed,Thu,Fri
16:14:03,J14,Jeffery Jump,,Mon,Tue,Wed,Thu,Fri
14:41:34,157,Streeterville/Taylor,,Mon,Tue,Wed,Thu,Fri
14:38:48,20,Madison,,Sat
16:01:46,20,Madison,,Mon,Tue,Wed,Thu,Fri
21:31:37,20,Madison,,Mon,Tue,Wed,Thu,Fri
12:45:12,124,Navy Pier,,Sun
08:23:16,J14,Jeffery Jump,,Sat
10:05:31,J14,Jeffery Jump,,Sun
16:00:33,124,Navy Pier,,Sat
09:12:01,60,Blue Island/26th,,Sun
06:12:57,157,Streeterville/Taylor,,Mon,Tue,Wed,Thu,Fri
18:31:43,60,Blue Island/26th,,Mon,Tue,Wed,Thu,Fri
11:24:52,20,Madison,,Mon,Tue,Wed,Thu,Fri
18:04:26,J14,Jeffery Jump,,Sat
23:41:38,20,Madison,,Mon,Tue,Wed,Thu,Fri
18:19:28,60,Blue Island/26th,,Sat
18:22:59,20,Madison,,Sat
18:55:16,60,Blue Island/26th,,Sat
18:52:03,56,Milwaukee,,Sat
12:12:28,60,Blue Island/26th,,Sat
21:17:11,J14,Jeffery Jump,,Mon,Tue,Wed,Thu,Fri
21:41:37,20,Madison,,Mon,Tue,Wed,Thu,Fri
08:50:20,20,Madison,,Mon,Tue,Wed,Thu,Fri
13:56:34,157,Streeterville/Taylor,,Mon,Tue,Wed,Thu,Fri
08:44:52,J14,Jeffery Jump,,Mon,Tue,Wed,Thu,Fri
00:57:56,20,Madison,,Sun
04:45:01,20,Madison,,Mon,Tue,Wed,Thu,Fri
13:18:27,56,Milwaukee,,Mon,Tue,Wed,Thu,Fri
17:24:26,J14,Jeffery Jump,,Sat
13:02:27,56,Milwaukee,,Mon,Tue,Wed,Thu,Fri
13:34:27,56,Milwaukee,,Mon,Tue,Wed,Thu,Fri
11:34:57,J14,Jeffery Jump,,Sun
13:11:23,60,Blue Island/26th,,Sat
14:50:10,60,Blue Island/26th,,Sun
17:40:32,157,Streeterville/Taylor,,Mon,Tue,Wed,Thu,Fri
08:09:42,20,Madison,,Sat
21:11:52,60,Blue Island/26th,,Sat
14:00:29,60,Blue Island/26th,,Sun
15:53:27,J14,Jeffery Jump,,Mon,Tue,Wed,Thu,Fri
08:25:19,20,Madison,,Mon,Tue,Wed,Thu,Fri
21:59:31,56,Milwaukee,,Sun
24:11:55,20,Madison,,Mon,Tue,Wed,Thu,Fri
15:59:11,J14,Jeffery Jump,,Sun
09:31:10,60,Blue Island/26th,,Sun
12:15:01,J14,Jeffery Jump,,Sun
21:47:38,20,Madison,,Sun
10:59:19,J14,Jeffery Jump,,Sat
08:53:01,J14,Jeffery Jump,,Sat
16:34:22,J14,Jeffery Jump,,Sat
16:08:13,157,Streeterville/Taylor,,Mon,Tue,Wed,Thu,Fri
17:52:56,157,Streeterville/Taylor,,Mon,Tue,Wed,Thu,Fri
17:46:15,20,Madison,,Mon,Tue,Wed,Thu,Fri
22:46:38,J14,Jeffery Jump,,Mon,Tue,Wed,Thu,Fri
12:45:26,J14,Jeffery Jump,,Sat
15:36:13,56,Milwaukee,,Mon,Tue,Wed,Thu,Fri
03:33:52,60,Blue Island/26th,,Tue,Wed,Thu,Fri,Sat
11:46:13,20,Madison,,Sun
22:58:15,60,Blue Island/26th,,Sun
07:27:07,J14,Jeffery Jump,,Mon,Tue,Wed,Thu,Fri
03:27:56,20,Madison,,Sat
17:15:03,157,Streeterville/Taylor,,Mon,Tue,Wed,Thu,Fri
11:40:22,J14,Jeffery Jump,,Mon,Tue,Wed,Thu,Fri
04:57:56,20,Madison,,Sat
15:13:33,56,Milwaukee,,Mon,Tue,Wed,Thu,Fri
06:15:22,56,Milwaukee,,Mon,Tue,Wed,Thu,Fri
14:44:52,J14,Jeffery Jump,,Sat
21:58:01,60,Blue Island/26th,,Sun
18:10:03,157,Streeterville/Taylor,,Mon,Tue,Wed,Thu,Fri
08:34:12,20,Madison,,Sun
16:32:03,J14,Jeffery Jump,,Mon,Tue,Wed,Thu,Fri
16:19:57,J14,Jeffery Jump,,Mon,Tue,Wed,Thu,Fri
23:14:07,20,Madison,,Mon,Tue,Wed,Thu,Fri
09:05:19,20,Madison,,Mon,Tue,Wed,Thu,Fri
17:49:00,J14,Jeffery Jump,,Sun
10:23:52,J14,Jeffery Jump,,Mon,Tue,Wed,Thu,Fri
10:16:57,157,Streeterville/Taylor,,Mon,Tue,Wed,Thu,Fri
01:01:56,20,Madison,,Tue,Wed,Thu,Fri,Sat
15:22:42,20,Madison,,Mon,Tue,Wed,Thu,Fri
17:23:43,56,Milwaukee,,Sat
20:37:11,J14,Jeffery Jump,,Mon,Tue,Wed,Thu,Fri
22:19:40,60,Blue Island/26th,,Sat
11:00:27,56,Milwaukee,,Mon,Tue,Wed,Thu,Fri
14:51:41,20,Madison,,Mon,Tue,Wed,Thu,Fri
21:00:13,20,Madison,,Sat
10:34:52,20,Madison,,Mon,Tue,Wed,Thu,Fri
17:36:07,60,Blue Island/26th,,Mon,Tue,Wed,Thu,Fri
09:00:19,20,Madison,,Mon,Tue,Wed,Thu,Fri
05:26:07,20,Madison,,Sun
10:26:59,20,Madison,,Sat
19:56:27,124,Navy Pier,,Sun
10:56:12,20,Madison,,Sun
10:22:58,60,Blue Island/26th,,Sat
11:08:48,124,Navy Pier,,Mon,Tue,Wed,Thu,Fri
12:34:39,124,Navy Pier,,Sat
14:40:50,157,Streeterville/Taylor,,Mon,Tue,Wed,Thu,Fri
15:29:34,157,Streeterville/Taylor,,Mon,Tue,Wed,Thu,Fri
16:29:11,J14,Jeffery Jump,,Sun
07:03:07,20,Madison,,Mon,Tue,Wed,Thu,Fri
09:35:53,124,Navy Pier,,Sat
09:45:31,J14,Jeffery Jump,,Sun
10:29:38,J14,Jeffery Jump,,Sat
08:44:56,124,Navy Pier,,Sun
16:04:13,60,Blue Island/26th,,Mon,Tue,Wed,Thu,Fri
12:24:12,J14,Jeffery Jump,,Sun
12:31:57,157,Streeterville/Taylor,,Mon,Tue,Wed,Thu,Fri
00:37:09,60,Blue Island/26th,,Sun
09:49:42,J14,Jeffery Jump,,Sat
22:34:57,J14,Jeffery Jump,,Sat
20:29:35,60,Blue Island/26th,,Mon,Tue,Wed,Thu,Fri
07:19:42,20,Madison,,Mon,Tue,Wed,Thu,Fri
16:46:12,20,Madison,,Sun
11:59:39,124,Navy Pier,,Sat
15:29:10,56,Milwaukee,,Sat
01:57:56,20,Madison,,Mon
12:30:22,J14,Jeffery Jump,,Mon,Tue,Wed,Thu,Fri
21:30:15,60,Blue Island/26th,,Sun
21:04:42,20,Madison,,Mon,Tue,Wed,Thu,Fri
17:39:04,J14,Jeffery Jump,,Sun
17:33:48,20,Madison,,Sat
13:40:40,56,Milwaukee,,Sat
14:08:21,20,Madison,,Mon,Tue,Wed,Thu,Fri
24:35:09,60,Blue Island/26th,,Mon,Tue,Wed,Thu,Fri
21:24:30,124,Navy Pier,,Sat
11:44:21,20,Madison,,Mon,Tue,Wed,Thu,Fri
12:21:12,124,Navy Pier,,Sun
10:47:30,124,Navy Pier,,Sat
07:14:18,60,Blue Island/26th,,Mon,Tue,Wed,Thu,Fri
10:27:50,56,Milwaukee,,Mon,Tue,Wed,Thu,Fri
23:15:57,60,Blue Island/26th,,Mon,Tue,Wed,Thu,Fri
12:24:22,20,Madison,,Mon,Tue,Wed,Thu,Fri
09:10:42,J14,Jeffery Jump,,Sat
07:34:46,20,Madison,,Mon,Tue,Wed,Thu,Fri
11:02:49,60,Blue Island/26th,,Sat
21:02:03,60,Blue Island/26th,,Sun
15:24:36,56,Milwaukee,,Mon,Tue,Wed,Thu,Fri
18:40:24,60,Blue Island/26th,,Mon,Tue,Wed,Thu,Fri
20:49:56,124,Navy Pier,,Sun
03:57:55,20,Madison,,Mon,Tue,Wed,Thu,Fri
18:09:58,60,Blue Island/26th,,Sat
13:40:49,J14,Jeffery Jump,,Sun
17:45:12,124,Navy Pier,,Sun
10:44:11,60,Blue Island/26th,,Mon,Tue,Wed,Thu,Fri
16:37:46,20,Madison,,Mon,Tue,Wed,Thu,Fri
19:03:33,124,Navy Pier,,Sun
17:05:10,J14,Jeffery Jump,,Mon,Tue,Wed,Thu,Fri
09:57:12,20,Madison,,Sat
09:41:10,60,Blue Island/26th,,Sun
11:16:46,20,Madison,,Sat
15:14:56,J14,Jeffery Jump,,Sat
14:30:49,J14,Jeffery Jump,,Sun
10:46:12,20,Madison,,Sun
16:57:20,56,Milwaukee,,Sun
19:18:49,J14,Jeffery Jump,,Sun
18:54:11,J14,Jeffery Jump,,Sat
23:02:38,20,Madison,,Sat
17:09:04,J14,Jeffery Jump,,Sun
07:42:24,157,Streeterville/Taylor,,Mon,Tue,Wed,Thu,Fri
19:30:06,56,Milwaukee,,Sat
07:22:27,60,Blue Island/26th,,Sun
13:22:50,56,Milwaukee,,Sun
21:45:38,J14,Jeffery Jump,,Sat
09:43:08,56,Milwaukee,,Sun
03:57:56,20,Madison,,Sat
06:00:45,60,Blue Island/26th,,Sat
20:44:12,20,Madison,,Sun
08:20:45,60,Blue Island/26th,,Sun
03:33:56,20,Madison,,Mon,Tue,Wed,Thu,Fri
06:38:17,56,Milwaukee,,Sun
09:32:23,124,Navy Pier,,Sun
21:22:55,20,Madison,,Sun
13:38:50,157,Streeterville/Taylor,,Mon,Tue,Wed,Thu,Fri
23:15:08,20,Madison,,Sun
12:54:36,60,Blue Island/26th,,Mon,Tue,Wed,Thu,Fri
21:31:38,20,Madison,,Mon,Tue,Wed,Thu,Fri
14:04:52,J14,Jeffery Jump,,Sat
20:15:51,60,Blue Island/26th,,Sun
09:56:15,60,Blue Island/26th,,Mon,Tue,Wed,Thu,Fri
07:51:29,56,Milwaukee,,Mon,Tue,Wed,Thu,Fri
17:20:08,56,Milwaukee,,Mon,Tue,Wed,Thu,Fri
15:12:43,56,Milwaukee,,Sat