arrival_time,route_short_name,route_long_name,headsign,service_days
07:20:50,151,Sheridan,,Sun
15:06:35,157,Streeterville/Taylor,,Mon,Tue,Wed,Thu,Fri
16:28:59,147,Outer DuSable Lake Shore Express,,Sat
14:52:17,3,King Drive,,Mon,Tue,Wed,Thu,Fri
20:21:48,147,Outer DuSable Lake Shore Express,,Mon,Tue,Wed,Thu,Fri
18:31:54,2,Hyde Park Express,,Mon,Tue,Wed,Thu,Fri
18:30:48,147,Outer DuSable Lake Shore Express,,Sun
14:29:23,146,Inner Lake Shore/Michigan Express,,Mon,Tue,Wed,Thu,Fri
06:56:50,147,Outer DuSable Lake Shore Express,,Sun
07:56:58,146,Inner Lake Shore/Michigan Express,,Mon,Tue,Wed,Thu,Fri
05:03:36,147,Outer DuSable Lake Shore Express,,Mon,Tue,Wed,Thu,Fri
10:08:46,157,Streeterville/Taylor,,Mon,Tue,Wed,Thu,Fri
11:15:18,151,Sheridan,,Sat
23:07:35,151,Sheridan,,Mon,Tue,Wed,Thu,Fri
13:24:47,3,King Drive,,Mon,Tue,Wed,Thu,Fri
06:46:49,147,Outer DuSable Lake Shore Express,,Mon,Tue,Wed,Thu,Fri
14:36:30,3,King Drive,,Sun
20:49:02,147,Outer DuSable Lake Shore Express,,Sat
14:28:15,151,Sheridan,,Sat
12:52:39,157,Streeterville/Taylor,,Mon,Tue,Wed,Thu,Fri
05:18:36,147,Outer DuSable Lake Shore Express,,Mon,Tue,Wed,Thu,Fri
17:53:26,3,King Drive,,Sat
17:24:31,151,Sheridan,,Sun
20:16:58,146,Inner Lake Shore/Michigan Express,,Mon,Tue,Wed,Thu,Fri
08:19:46,143,Stockton/Michigan Express,,Mon,Tue,Wed,Thu,Fri
22:00:50,151,Sheridan,,Sun
15:13:31,151,Sheridan,,Sun
15:21:01,157,Streeterville/Taylor,,Mon,Tue,Wed,Thu,Fri
12:26:45,146,Inner Lake Shore/Michigan Express,,Sun
07:52:48,147,Outer DuSable Lake Shore Express,,Mon,Tue,Wed,Thu,Fri
15:13:39,26,South Shore Express,,Mon,Tue,Wed,Thu,Fri
10:43:18,147,Outer DuSable Lake Shore Express,,Sun
13:25:17,3,King Drive,,Sun
16:24:32,147,Outer DuSable Lake Shore Express,,Sun
09:12:49,146,Inner Lake Shore/Michigan Express,,Mon,Tue,Wed,Thu,Fri
21:58:55,146,Inner Lake Shore/Michigan Express,,Mon,Tue,Wed,Thu,Fri
18:42:58,151,Sheridan,,Sat
19:43:13,3,King Drive,,Sat
17:31:49,146,Inner Lake Shore/Michigan Express,,Sun
18:43:13,3,King Drive,,Sat
10:16:02,151,Sheridan,,Mon,Tue,Wed,Thu,Fri
17:38:26,3,King Drive,,Mon,Tue,Wed,Thu,Fri
07:06:42,146,Inner Lake Shore/Michigan Express,,Mon,Tue,Wed,Thu,Fri
18:32:58,151,Sheridan,,Sat
21:17:48,147,Outer DuSable Lake Shore Express,,Sat
09:58:34,3,King Drive,,Mon,Tue,Wed,Thu,Fri
15:54:00,3,King Drive,,Mon,Tue,Wed,Thu,Fri
19:02:30,3,King Drive,,Mon,Tue,Wed,Thu,Fri
09:16:32,147,Outer DuSable Lake Shore Express,,Mon,Tue,Wed,Thu,Fri
12:52:31,151,Sheridan,,Mon,Tue,Wed,Thu,Fri
10:21:49,151,Sheridan,,Sun
20:03:13,3,King Drive,,Sat
22:14:08,146,Inner Lake Shore/Michigan Express,,Mon,Tue,Wed,Thu,Fri
15:08:00,3,King Drive,,Mon,Tue,Wed,Thu,Fri
17:57:23,2,Hyde Park Express,,Mon,Tue,Wed,Thu,Fri
13:49:02,147,Outer DuSable Lake Shore Express,,Sun
15:48:44,151,Sheridan,,Sat
13:38:49,146,Inner Lake Shore/Michigan Express,,Sun
21:44:30,3,King Drive,,Sat
12:07:47,3,King Drive,,Mon,Tue,Wed,Thu,Fri
17:33:32,147,Outer DuSable Lake Shore Express,,Sun
22:03:19,147,Outer DuSable Lake Shore Express,,Sat
07:33:56,3,King Drive,,Sat
16:42:00,3,King Drive,,Sun
14:46:45,147,Outer DuSable Lake Shore Express,,Sat
07:45:28,146,Inner Lake Shore/Michigan Express,,Mon,Tue,Wed,Thu,Fri
18:33:13,3,King Drive,,Sat
06:54:40,157,Streeterville/Taylor,,Mon,Tue,Wed,Thu,Fri
06:16:56,3,King Drive,,Sat
21:55:32,151,Sheridan,,Sat
07:55:16,157,Streeterville/Taylor,,Mon,Tue,Wed,Thu,Fri
19:11:30,3,King Drive,,Mon,Tue,Wed,Thu,Fri
05:56:56,3,King Drive,,Sat
18:34:32,146,Inner Lake Shore/Michigan Express,,Sun
18:22:32,146,Inner Lake Shore/Michigan Express,,Sun
08:13:45,148,Clarendon/Michigan Express,,Mon,Tue,Wed,Thu,Fri
07:16:56,3,King Drive,,Sat
20:04:48,147,Outer DuSable Lake Shore Express,,Mon,Tue,Wed,Thu,Fri
19:19:32,146,Inner Lake Shore/Michigan Express,,Sun
08:39:38,146,Inner Lake Shore/Michigan Express,,Sun
14:06:01,151,Sheridan,,Mon,Tue,Wed,Thu,Fri
09:45:32,147,Outer DuSable Lake Shore Express,,Mon,Tue,Wed,Thu,Fri
07:14:04,146,Inner Lake Shore/Michigan Express,,Sat
15:23:31,151,Sheridan,,Sun
14:19:23,146,Inner Lake Shore/Michigan Express,,Mon,Tue,Wed,Thu,Fri
12:11:48,147,Outer DuSable Lake Shore Express,,Sat
14:23:31,151,Sheridan,,Sun
14:29:23,146,Inner Lake Shore/Michigan Express,,Mon,Tue,Wed,Thu,Fri
15:47:39,26,South Shore Express,,Mon,Tue,Wed,Thu,Fri
07:50:56,3,King Drive,,Sat
18:30:48,147,Outer DuSable Lake Shore Express,,Sun
11:48:04,3,King Drive,,Mon,Tue,Wed,Thu,Fri
11:32:48,151,Sheridan,,Sun
08:38:04,3,King Drive,,Mon,Tue,Wed,Thu,Fri
12:18:00,3,King Drive,,Sat
12:07:47,3,King Drive,,Sat
11:16:02,151,Sheridan,,Mon,Tue,Wed,Thu,Fri
19:54:32,146,Inner Lake Shore/Michigan Express,,Sat
08:13:48,151,Sheridan,,Mon,Tue,Wed,Thu,Fri
18:40:56,146,Inner Lake Shore/Michigan Express,,Sat
14:44:47,3,King Drive,,Mon,Tue,Wed,Thu,Fri
20:12:53,26,South Shore Express,,Mon,Tue,Wed,Thu,Fri
13:06:56,3,King Drive,,Sat
10:43:18,151,Sheridan,,Sat
24:05:37,151,Sheridan,,Mon,Tue,Wed,Thu,Fri
15:06:02,147,Outer DuSable Lake Shore Express,,Sun
18:13:26,3,King Drive,,Sat
18:18:00,3,King Drive,,Sun
10:12:28,146,Inner Lake Shore/Michigan Express,,Sat
14:05:47,3,King Drive,,Mon,Tue,Wed,Thu,Fri
16:12:45,147,Outer DuSable Lake Shore Express,,Mon,Tue,Wed,Thu,Fri
13:13:31,147,Outer DuSable Lake Shore Express,,Sat
07:43:06,2,Hyde Park Express,,Mon,Tue,Wed,Thu,Fri
10:42:51,3,King Drive,,Sat
13:45:01,147,Outer DuSable Lake Shore Express,,Mon,Tue,Wed,Thu,Fri
12:26:16,147,Outer DuSable Lake Shore Express,,Mon,Tue,Wed,Thu,Fri
08:12:24,2,Hyde Park Express,,Mon,Tue,Wed,Thu,Fri
18:48:32,146,Inner Lake Shore/Michigan Express,,Sun
07:38:42,148,Clarendon/Michigan Express,,Mon,Tue,Wed,Thu,Fri
09:06:38,146,Inner Lake Shore/Michigan Express,,Sun
20:20:02,147,Outer DuSable Lake Shore Express,,Sat
21:21:05,151,Sheridan,,Sun
07:54:28,148,Clarendon/Michigan Express,,Mon,Tue,Wed,Thu,Fri
08:45:05,147,Outer DuSable Lake Shore Express,,Sat
19:33:18,151,Sheridan,,Sun
11:31:18,151,Sheridan,,Sat
13:11:49,146,Inner Lake Shore/Michigan Express,,Sun
20:13:18,151,Sheridan,,Mon,Tue,Wed,Thu,Fri
20:01:19,147,Outer DuSable Lake Shore Express,,Sun
06:21:50,151,Sheridan,,Mon,Tue,Wed,Thu,Fri
10:20:34,3,King Drive,,Mon,Tue,Wed,Thu,Fri
16:56:56,157,Streeterville/Taylor,,Mon,Tue,Wed,Thu,Fri
10:52:51,3,King Drive,,Sun
11:40:16,151,Sheridan,,Mon,Tue,Wed,Thu,Fri
11:07:02,146,Inner Lake Shore/Michigan Express,,Mon,Tue,Wed,Thu,Fri
09:01:55,146,Inner Lake Shore/Michigan Express,,Sat
06:53:49,147,Outer DuSable Lake Shore Express,,Mon,Tue,Wed,Thu,Fri
10:28:02,146,Inner Lake Shore/Michigan Express,,Mon,Tue,Wed,Thu,Fri
16:13:29,151,Sheridan,,Mon,Tue,Wed,Thu,Fri
19:57:15,151,Sheridan,,Sat
17:31:29,147,Outer DuSable Lake Shore Express,,Mon,Tue,Wed,Thu,Fri
13:17:36,146,Inner Lake Shore/Michigan Express,,Sat
14:03:16,151,Sheridan,,Sun
06:22:06,147,Outer DuSable Lake Shore Express,,Sat
08:06:08,146,Inner Lake Shore/Michigan Express,,Sat
16:03:31,151,Sheridan,,Sun
19:48:17,3,King Drive,,Mon,Tue,Wed,Thu,Fri
21:06:04,3,King Drive,,Sun
20:57:50,157,Streeterville/Taylor,,Mon,Tue,Wed,Thu,Fri
19:03:13,3,King Drive,,Sat
22:14:19,147,Outer DuSable Lake Shore Express,,Mon,Tue,Wed,Thu,Fri
16:53:56,3,King Drive,,Mon,Tue,Wed,Thu,Fri
13:40:15,151,Sheridan,,Sat
16:26:13,146,Inner Lake Shore/Michigan Express,,Sat
13:58:01,147,Outer DuSable Lake Shore Express,,Mon,Tue,Wed,Thu,Fri
06:27:40,157,Streeterville/Taylor,,Mon,Tue,Wed,Thu,Fri
18:46:31,151,Sheridan,,Mon,Tue,Wed,Thu,Fri
08:38:48,151,Sheridan,,Mon,Tue,Wed,Thu,Fri
01:09:39,151,Sheridan,,Tue,Wed,Thu,Fri,Sat
09:39:19,147,Outer DuSable Lake Shore Express,,Sun
11:15:48,147,Outer DuSable Lake Shore Express,,Sun
05:34:06,147,Outer DuSable Lake Shore Express,,Sat
09:24:35,151,Sheridan,,Sat
17:15:26,3,King Drive,,Sat
19:44:29,151,Sheridan,,Sat
10:55:29,157,Streeterville/Taylor,,Mon,Tue,Wed,Thu,Fri
09:34:58,146,Inner Lake Shore/Michigan Express,,Sat
13:05:23,146,Inner Lake Shore/Michigan Express,,Sun
07:20:33,147,Outer DuSable Lake Shore Express,,Mon,Tue,Wed,Thu,Fri
22:51:35,151,Sheridan,,Mon,Tue,Wed,Thu,Fri
12:15:16,147,Outer DuSable Lake Shore Express,,Mon,Tue,Wed,Thu,Fri
07:07:51,146,Inner Lake Shore/Michigan Express,,Sun
11:59:48,147,Outer DuSable Lake Shore Express,,Sun
07:16:03,147,Outer DuSable Lake Shore Express,,Mon,Tue,Wed,Thu,Fri
20:49:38,146,Inner Lake Shore/Michigan Express,,Sun
08:49:45,143,Stockton/Michigan Express,,Mon,Tue,Wed,Thu,Fri
23:00:50,151,Sheridan,,Sun
19:27:48,147,Outer DuSable Lake Shore Express,,Mon,Tue,Wed,Thu,Fri
08:07:56,3,King Drive,,Sat
14:33:31,151,Sheridan,,Sun
19:57:15,151,Sheridan,,Sat
09:27:34,3,King Drive,,Mon,Tue,Wed,Thu,Fri
21:44:30,3,King Drive,,Sat
13:56:15,151,Sheridan,,Sat
21:05:30,3,King Drive,,Sat
08:37:56,3,King Drive,,Sun
08:01:58,146,Inner Lake Shore/Michigan Express,,Mon,Tue,Wed,Thu,Fri
17:24:58,151,Sheridan,,Sat
18:54:30,3,King Drive,,Mon,Tue,Wed,Thu,Fri
16:12:44,147,Outer DuSable Lake Shore Express,,Sat
17:26:45,147,Outer DuSable Lake Shore Express,,Sat
17:24:26,3,King Drive,,Sat
08:18:48,151,Sheridan,,Mon,Tue,Wed,Thu,Fri
18:14:30,3,King Drive,,Mon,Tue,Wed,Thu,Fri
09:18:56,3,King Drive,,Sun
13:56:49,146,Inner Lake Shore/Michigan Express,,Sun
14:13:30,3,King Drive,,Sun
11:16:02,151,Sheridan,,Mon,Tue,Wed,Thu,Fri
20:29:53,26,South Shore Express,,Mon,Tue,Wed,Thu,Fri
13:12:46,151,Sheridan,,Sun
19:52:28,146,Inner Lake Shore/Michigan Express,,Sun
15:40:00,3,King Drive,,Mon,Tue,Wed,Thu,Fri
15:35:49,146,Inner Lake Shore/Michigan Express,,Sun
08:24:20,151,Sheridan,,Sat
13:33:46,147,Outer DuSable Lake Shore Express,,Mon,Tue,Wed,Thu,Fri
15:35:15,147,Outer DuSable Lake Shore Express,,Mon,Tue,Wed,Thu,Fri
13:35:17,3,King Drive,,Mon,Tue,Wed,Thu,Fri
05:52:06,147,Outer DuSable Lake Shore Express,,Sat
09:44:49,151,Sheridan,,Sat
18:51:46,151,Sheridan,,Sun
14:09:01,147,Outer DuSable Lake Shore Express,,Mon,Tue,Wed,Thu,Fri
14:44:02,147,Outer DuSable Lake Shore Express,,Sun
16:51:14,151,Sheridan,,Mon,Tue,Wed,Thu,Fri
17:18:15,147,Outer DuSable Lake Shore Express,,Sat
14:45:56,3,King Drive,,Sat
19:25:15,147,Outer DuSable Lake Shore Express,,Sat
10:39:59,157,Streeterville/Taylor,,Mon,Tue,Wed,Thu,Fri
16:28:49,146,Inner Lake Shore/Michigan Express,,Sun
06:59:19,147,Outer DuSable Lake Shore Express,,Mon,Tue,Wed,Thu,Fri
07:28:21,146,Inner Lake Shore/Michigan Express,,Sun
13:33:46,147,Outer DuSable Lake Shore Express,,Mon,Tue,Wed,Thu,Fri
18:03:26,3,King Drive,,Sat
07:38:48,151,Sheridan,,Mon,Tue,Wed,Thu,Fri
23:56:50,151,Sheridan,,Sat
16:18:55,26,South Shore Express,,Mon,Tue,Wed,Thu,Fri
08:36:32,147,Outer DuSable Lake Shore Express,,Mon,Tue,Wed,Thu,Fri
09:38:51,3,King Drive,,Sat
12:18:00,3,King Drive,,Sat
07:16:03,147,Outer DuSable Lake Shore Express,,Mon,Tue,Wed,Thu,Fri
11:18:51,3,King Drive,,Sun
13:33:56,3,King Drive,,Sat
08:53:38,146,Inner Lake Shore/Michigan Express,,Sun
08:22:20,151,Sheridan,,Sun
12:44:15,151,Sheridan,,Sat
09:04:35,151,Sheridan,,Sat
21:15:20,147,Outer DuSable Lake Shore Express,,Sun
22:31:08,146,Inner Lake Shore/Michigan Express,,Mon,Tue,Wed,Thu,Fri
12:28:01,151,Sheridan,,Sat
08:28:04,3,King Drive,,Mon,Tue,Wed,Thu,Fri
19:57:17,3,King Drive,,Mon,Tue,Wed,Thu,Fri
24:00:36,151,Sheridan,,Sun
08:24:56,3,King Drive,,Sat
05:36:22,151,Sheridan,,Mon,Tue,Wed,Thu,Fri
17:49:32,146,Inner Lake Shore/Michigan Express,,Sun
23:56:50,151,Sheridan,,Sat
14:21:01,147,Outer DuSable Lake Shore Express,,Mon,Tue,Wed,Thu,Fri
10:53:34,3,King Drive,,Mon,Tue,Wed,Thu,Fri
15:24:44,151,Sheridan,,Sat
18:38:30,3,King Drive,,Mon,Tue,Wed,Thu,Fri
08:15:12,157,Streeterville/Taylor,,Mon,Tue,Wed,Thu,Fri
18:20:54,2,Hyde Park Express,,Mon,Tue,Wed,Thu,Fri
06:45:50,151,Sheridan,,Mon,Tue,Wed,Thu,Fri
08:16:08,146,Inner Lake Shore/Michigan Express,,Sat
08:54:20,151,Sheridan,,Sat
11:05:47,3,King Drive,,Sat
06:28:22,151,Sheridan,,Sat
16:41:29,151,Sheridan,,Mon,Tue,Wed,Thu,Fri
10:29:48,147,Outer DuSable Lake Shore Express,,Sat
17:03:29,147,Outer DuSable Lake Shore Express,,Mon,Tue,Wed,Thu,Fri
07:35:06,157,Streeterville/Taylor,,Mon,Tue,Wed,Thu,Fri
12:42:48,147,Outer DuSable Lake Shore Express,,Sun
11:03:48,147,Outer DuSable Lake Shore Express,,Sun
19:20:30,3,King Drive,,Mon,Tue,Wed,Thu,Fri
09:02:32,147,Outer DuSable Lake Shore Express,,Mon,Tue,Wed,Thu,Fri
15:22:30,3,King Drive,,Sun
00:48:39,151,Sheridan,,Tue,Wed,Thu,Fri,Sat
19:16:45,147,Outer DuSable Lake Shore Express,,Sat
17:01:15,147,Outer DuSable Lake Shore Express,,Sat
08:53:48,151,Sheridan,,Mon,Tue,Wed,Thu,Fri
16:36:29,147,Outer DuSable Lake Shore Express,,Sat
22:17:19,147,Outer DuSable Lake Shore Express,,Sat
12:36:15,151,Sheridan,,Sat
10:16:02,151,Sheridan,,Mon,Tue,Wed,Thu,Fri
11:22:28,146,Inner Lake Shore/Michigan Express,,Sun
07:37:03,147,Outer DuSable Lake Shore Express,,Mon,Tue,Wed,Thu,Fri
12:40:47,3,King Drive,,Mon,Tue,Wed,Thu,Fri
15:38:44,147,Outer DuSable Lake Shore Express,,Sat
14:04:15,151,Sheridan,,Sat
07:12:39,3,King Drive,,Mon,Tue,Wed,Thu,Fri
13:51:56,3,King Drive,,Sat
16:02:49,146,Inner Lake Shore/Michigan Express,,Sun
00:55:07,151,Sheridan,,Sun
12:07:47,3,King Drive,,Sat
18:53:06,146,Inner Lake Shore/Michigan Express,,Mon,Tue,Wed,Thu,Fri
06:36:56,3,King Drive,,Sat
12:53:48,147,Outer DuSable Lake Shore Express,,Sun
21:38:33,147,Outer DuSable Lake Shore Express,,Sat
10:35:16,147,Outer DuSable Lake Shore Express,,Mon,Tue,Wed,Thu,Fri
07:40:28,146,Inner Lake Shore/Michigan Express,,Mon,Tue,Wed,Thu,Fri
15:25:39,26,South Shore Express,,Mon,Tue,Wed,Thu,Fri
16:26:23,146,Inner Lake Shore/Michigan Express,,Mon,Tue,Wed,Thu,Fri
18:46:30,3,King Drive,,Mon,Tue,Wed,Thu,Fri
17:53:26,3,King Drive,,Sat
06:53:49,147,Outer DuSable Lake Shore Express,,Mon,Tue,Wed,Thu,Fri
07:55:56,3,King Drive,,Sun
19:33:13,3,King Drive,,Sat
16:10:13,146,Inner Lake Shore/Michigan Express,,Sat
12:33:02,151,Sheridan,,Sun
09:09:05,147,Outer DuSable Lake Shore Express,,Sun
08:40:42,157,Streeterville/Taylor,,Mon,Tue,Wed,Thu,Fri
10:54:18,147,Outer DuSable Lake Shore Express,,Sun
11:40:16,151,Sheridan,,Mon,Tue,Wed,Thu,Fri
08:17:02,147,Outer DuSable Lake Shore Express,,Mon,Tue,Wed,Thu,Fri
13:56:15,151,Sheridan,,Sat
12:18:47,3,King Drive,,Mon,Tue,Wed,Thu,Fri
20:21:19,151,Sheridan,,Sun
22:03:49,151,Sheridan,,Mon,Tue,Wed,Thu,Fri
23:44:36,151,Sheridan,,Mon,Tue,Wed,Thu,Fri
20:52:30,3,King Drive,,Sat
07:49:38,146,Inner Lake Shore/Michigan Express,,Sun
06:58:05,151,Sheridan,,Mon,Tue,Wed,Thu,Fri
18:27:24,26,South Shore Express,,Mon,Tue,Wed,Thu,Fri
13:58:06,146,Inner Lake Shore/Michigan Express,,Sat
21:35:50,147,Outer DuSable Lake Shore Express,,Sun
17:45:29,147,Outer DuSable Lake Shore Express,,Mon,Tue,Wed,Thu,Fri
12:53:48,147,Outer DuSable Lake Shore Express,,Sun
10:53:34,3,King Drive,,Mon,Tue,Wed,Thu,Fri
22:19:04,3,King Drive,,Mon,Tue,Wed,Thu,Fri
10:52:51,3,King Drive,,Sun
16:51:43,146,Inner Lake Shore/Michigan Express,,Sat
19:08:24,26,South Shore Express,,Mon,Tue,Wed,Thu,Fri
07:56:58,146,Inner Lake Shore/Michigan Express,,Mon,Tue,Wed,Thu,Fri
21:50:33,147,Outer DuSable Lake Shore Express,,Sat
18:17:45,147,Outer DuSable Lake Shore Express,,Sat
15:45:30,3,King Drive,,Sun
22:25:03,151,Sheridan,,Sat
07:30:24,2,Hyde Park Express,,Mon,Tue,Wed,Thu,Fri
09:27:28,146,Inner Lake Shore/Michigan Express,,Sat
17:13:49,146,Inner Lake Shore/Michigan Express,,Sun
07:56:59,2,Hyde Park Express,,Mon,Tue,Wed,Thu,Fri
15:13:14,147,Outer DuSable Lake Shore Express,,Sat
22:10:18,151,Sheridan,,Sat
10:09:34,3,King Drive,,Mon,Tue,Wed,Thu,Fri
14:25:17,3,King Drive,,Mon,Tue,Wed,Thu,Fri
16:53:00,3,King Drive,,Sun
14:04:31,147,Outer DuSable Lake Shore Express,,Sat
22:10:12,146,Inner Lake Shore/Michigan Express,,Sat
17:53:53,146,Inner Lake Shore/Michigan Express,,Mon,Tue,Wed,Thu,Fri
07:13:56,3,King Drive,,Sun
09:12:46,143,Stockton/Michigan Express,,Mon,Tue,Wed,Thu,Fri
09:11:32,148,Clarendon/Michigan Express,,Mon,Tue,Wed,Thu,Fri
14:53:31,151,Sheridan,,Sun
18:22:30,3,King Drive,,Mon,Tue,Wed,Thu,Fri
16:52:45,147,Outer DuSable Lake Shore Express,,Sat
17:04:49,146,Inner Lake Shore/Michigan Express,,Sun
15:40:32,147,Outer DuSable Lake Shore Express,,Sun
15:43:31,151,Sheridan,,Sun
19:10:32,147,Outer DuSable Lake Shore Express,,Mon,Tue,Wed,Thu,Fri
14:30:06,146,Inner Lake Shore/Michigan Express,,Sat
11:57:04,3,King Drive,,Sun
13:47:31,147,Outer DuSable Lake Shore Express,,Sat
21:25:46,151,Sheridan,,Sat
17:00:40,26,South Shore Express,,Mon,Tue,Wed,Thu,Fri
21:17:03,147,Outer DuSable Lake Shore Express,,Mon,Tue,Wed,Thu,Fri
10:14:18,147,Outer DuSable Lake Shore Express,,Sun
15:13:31,151,Sheridan,,Sun
14:36:56,3,King Drive,,Sat
09:09:29,157,Streeterville/Taylor,,Mon,Tue,Wed,Thu,Fri
06:36:50,147,Outer DuSable Lake Shore Express,,Sun
09:57:28,146,Inner Lake Shore/Michigan Express,,Sat
11:46:16,147,Outer DuSable Lake Shore Express,,Mon,Tue,Wed,Thu,Fri
10:17:51,3,King Drive,,Sat
11:26:02,146,Inner Lake Shore/Michigan Express,,Mon,Tue,Wed,Thu,Fri
14:12:15,151,Sheridan,,Sat
12:35:16,147,Outer DuSable Lake Shore Express,,Mon,Tue,Wed,Thu,Fri
18:50:17,3,King Drive,,Sun
12:42:48,147,Outer DuSable Lake Shore Express,,Sun
09:59:12,146,Inner Lake Shore/Michigan Express,,Sun
16:22:59,151,Sheridan,,Mon,Tue,Wed,Thu,Fri
08:43:48,151,Sheridan,,Mon,Tue,Wed,Thu,Fri
10:35:32,146,Inner Lake Shore/Michigan Express,,Sat
21:40:32,151,Sheridan,,Sat
08:18:35,147,Outer DuSable Lake Shore Express,,Sat
20:01:19,147,Outer DuSable Lake Shore Express,,Sun
08:16:56,3,King Drive,,Sun
10:26:16,147,Outer DuSable Lake Shore Express,,Mon,Tue,Wed,Thu,Fri
08:37:02,146,Inner Lake Shore/Michigan Express,,Mon,Tue,Wed,Thu,Fri
21:19:47,3,King Drive,,Mon,Tue,Wed,Thu,Fri
11:23:18,151,Sheridan,,Sat
09:26:45,148,Clarendon/Michigan Express,,Mon,Tue,Wed,Thu,Fri
12:38:23,146,Inner Lake Shore/Michigan Express,,Mon,Tue,Wed,Thu,Fri
07:48:04,3,King Drive,,Mon,Tue,Wed,Thu,Fri
09:49:58,146,Inner Lake Shore/Michigan Express,,Sat
09:30:55,146,Inner Lake Shore/Michigan Express,,Sun
19:56:23,26,South Shore Express,,Mon,Tue,Wed,Thu,Fri
12:38:18,147,Outer DuSable Lake Shore Express,,Sat
06:43:09,3,King Drive,,Mon,Tue,Wed,Thu,Fri
15:23:15,147,Outer DuSable Lake Shore Express,,Mon,Tue,Wed,Thu,Fri
08:34:20,151,Sheridan,,Sat
17:15:26,3,King Drive,,Sat
18:17:45,147,Outer DuSable Lake Shore Express,,Sat
18:08:06,146,Inner Lake Shore/Michigan Express,,Mon,Tue,Wed,Thu,Fri
22:10:12,146,Inner Lake Shore/Michigan Express,,Sat
17:35:15,147,Outer DuSable Lake Shore Express,,Sat
18:46:31,151,Sheridan,,Mon,Tue,Wed,Thu,Fri
13:18:53,146,Inner Lake Shore/Michigan Express,,Mon,Tue,Wed,Thu,Fri
18:12:58,151,Sheridan,,Sat
12:11:46,151,Sheridan,,Sat
21:00:18,151,Sheridan,,Mon,Tue,Wed,Thu,Fri
07:36:50,147,Outer DuSable Lake Shore Express,,Sat
11:37:47,3,King Drive,,Sat
14:02:00,3,King Drive,,Sun
07:24:50,147,Outer DuSable Lake Shore Express,,Sat
17:01:15,147,Outer DuSable Lake Shore Express,,Sat
18:19:01,147,Outer DuSable Lake Shore Express,,Mon,Tue,Wed,Thu,Fri
09:27:48,147,Outer DuSable Lake Shore Express,,Mon,Tue,Wed,Thu,Fri
17:28:26,146,Inner Lake Shore/Michigan Express,,Mon,Tue,Wed,Thu,Fri
23:06:04,146,Inner Lake Shore/Michigan Express,,Sun
07:55:08,146,Inner Lake Shore/Michigan Express,,Sat
18:03:26,3,King Drive,,Sat
16:08:30,3,King Drive,,Sun
08:07:20,151,Sheridan,,Sun
08:09:05,147,Outer DuSable Lake Shore Express,,Sun
19:41:50,157,Streeterville/Taylor,,Mon,Tue,Wed,Thu,Fri
12:45:36,146,Inner Lake Shore/Michigan Express,,Sat
06:21:52,151,Sheridan,,Sun
08:14:02,143,Stockton/Michigan Express,,Mon,Tue,Wed,Thu,Fri
16:57:26,3,King Drive,,Sat
09:21:02,147,Outer DuSable Lake Shore Express,,Mon,Tue,Wed,Thu,Fri
11:37:48,147,Outer DuSable Lake Shore Express,,Sat
15:24:44,151,Sheridan,,Sat
16:48:56,3,King Drive,,Sat
18:28:01,151,Sheridan,,Sun
11:57:32,146,Inner Lake Shore/Michigan Express,,Sat
20:02:15,146,Inner Lake Shore/Michigan Express,,Mon,Tue,Wed,Thu,Fri
16:18:55,26,South Shore Express,,Mon,Tue,Wed,Thu,Fri
08:58:56,3,King Drive,,Sun
18:28:14,2,Hyde Park Express,,Mon,Tue,Wed,Thu,Fri
18:06:56,146,Inner Lake Shore/Michigan Express,,Sat
17:09:45,147,Outer DuSable Lake Shore Express,,Sat
08:44:02,148,Clarendon/Michigan Express,,Mon,Tue,Wed,Thu,Fri
13:24:47,3,King Drive,,Mon,Tue,Wed,Thu,Fri
14:56:59,147,Outer DuSable Lake Shore Express,,Sat
15:53:31,151,Sheridan,,Sun
14:30:06,146,Inner Lake Shore/Michigan Express,,Sat
10:50:32,146,Inner Lake Shore/Michigan Express,,Mon,Tue,Wed,Thu,Fri
17:08:10,26,South Shore Express,,Mon,Tue,Wed,Thu,Fri
16:43:31,151,Sheridan,,Sun
16:32:13,3,King Drive,,Mon,Tue,Wed,Thu,Fri
06:59:19,147,Outer DuSable Lake Shore Express,,Mon,Tue,Wed,Thu,Fri
16:04:46,147,Outer DuSable Lake Shore Express,,Sun
22:54:50,147,Outer DuSable Lake Shore Express,,Sun
18:03:45,151,Sheridan,,Mon,Tue,Wed,Thu,Fri
14:19:23,146,Inner Lake Shore/Michigan Express,,Mon,Tue,Wed,Thu,Fri
11:23:18,151,Sheridan,,Sat
11:39:18,151,Sheridan,,Sat
08:28:02,146,Inner Lake Shore/Michigan Express,,Mon,Tue,Wed,Thu,Fri
11:03:48,147,Outer DuSable Lake Shore Express,,Sat
14:25:00,3,King Drive,,Sun
08:09:02,143,Stockton/Michigan Express,,Mon,Tue,Wed,Thu,Fri
08:26:08,146,Inner Lake Shore/Michigan Express,,Sat
11:04:28,146,Inner Lake Shore/Michigan Express,,Sun
19:30:17,3,King Drive,,Mon,Tue,Wed,Thu,Fri
20:39:30,3,King Drive,,Sat
13:01:36,146,Inner Lake Shore/Michigan Express,,Sat
08:12:02,147,Outer DuSable Lake Shore Express,,Mon,Tue,Wed,Thu,Fri
17:40:32,146,Inner Lake Shore/Michigan Express,,Sun
08:08:04,3,King Drive,,Mon,Tue,Wed,Thu,Fri
13:08:15,151,Sheridan,,Sat
10:09:34,3,King Drive,,Mon,Tue,Wed,Thu,Fri
00:39:39,151,Sheridan,,Mon
17:52:58,151,Sheridan,,Sat
21:16:18,151,Sheridan,,Mon,Tue,Wed,Thu,Fri
12:56:31,147,Outer DuSable Lake Shore Express,,Sat
12:29:32,146,Inner Lake Shore/Michigan Express,,Sat
17:40:32,146,Inner Lake Shore/Michigan Express,,Sun
09:04:01,143,Stockton/Michigan Express,,Mon,Tue,Wed,Thu,Fri
18:53:13,3,King Drive,,Sat
20:04:03,151,Sheridan,,Sun
21:08:32,147,Outer DuSable Lake Shore Express,,Sat
16:13:02,147,Outer DuSable Lake Shore Express,,Sun
18:23:13,3,King Drive,,Sat
14:51:52,157,Streeterville/Taylor,,Mon,Tue,Wed,Thu,Fri
15:23:31,151,Sheridan,,Sun
13:35:17,3,King Drive,,Mon,Tue,Wed,Thu,Fri
08:27:05,147,Outer DuSable Lake Shore Express,,Sat
18:51:45,147,Outer DuSable Lake Shore Express,,Sat
00:12:56,3,King Drive,,Tue,Wed,Thu,Fri,Sat
09:04:02,148,Clarendon/Michigan Express,,Mon,Tue,Wed,Thu,Fri
23:44:36,151,Sheridan,,Mon,Tue,Wed,Thu,Fri
14:55:56,146,Inner Lake Shore/Michigan Express,,Sat
12:51:47,3,King Drive,,Mon,Tue,Wed,Thu,Fri
07:46:05,147,Outer DuSable Lake Shore Express,,Sun
09:14:35,151,Sheridan,,Sat
16:53:00,3,King Drive,,Sun
09:51:51,3,King Drive,,Sat
11:32:04,3,King Drive,,Sun
22:03:19,147,Outer DuSable Lake Shore Express,,Sat
11:37:47,3,King Drive,,Sat
11:05:51,3,King Drive,,Sun
13:19:08,26,South Shore Express,,Mon,Tue,Wed,Thu,Fri
07:51:58,146,Inner Lake Shore/Michigan Express,,Mon,Tue,Wed,Thu,Fri
09:30:19,147,Outer DuSable Lake Shore Express,,Sun
19:16:45,147,Outer DuSable Lake Shore Express,,Sat
09:51:51,3,King Drive,,Sat
21:45:04,3,King Drive,,Mon,Tue,Wed,Thu,Fri
15:17:32,147,Outer DuSable Lake Shore Express,,Sun
14:18:56,3,King Drive,,Sat
12:56:23,146,Inner Lake Shore/Michigan Express,,Sun
15:25:39,26,South Shore Express,,Mon,Tue,Wed,Thu,Fri
16:36:29,147,Outer DuSable Lake Shore Express,,Mon,Tue,Wed,Thu,Fri
09:22:48,143,Stockton/Michigan Express,,Mon,Tue,Wed,Thu,Fri
01:15:07,151,Sheridan,,Sun
12:38:56,3,King Drive,,Sat
22:09:08,146,Inner Lake Shore/Michigan Express,,Sun
15:37:09,26,South Shore Express,,Mon,Tue,Wed,Thu,Fri
14:36:56,3,King Drive,,Sat
11:23:32,146,Inner Lake Shore/Michigan Express,,Sat
12:09:34,3,King Drive,,Sun
18:04:24,26,South Shore Express,,Mon,Tue,Wed,Thu,Fri
13:09:36,146,Inner Lake Shore/Michigan Express,,Sat
16:11:49,146,Inner Lake Shore/Michigan Express,,Sun
23:20:50,151,Sheridan,,Sun
12:48:56,3,King Drive,,Sat
19:19:32,146,Inner Lake Shore/Michigan Express,,Mon,Tue,Wed,Thu,Fri
11:28:02,151,Sheridan,,Mon,Tue,Wed,Thu,Fri
08:58:05,147,Outer DuSable Lake Shore Express,,Sun
07:22:58,146,Inner Lake Shore/Michigan Express,,Mon,Tue,Wed,Thu,Fri
09:34:35,151,Sheridan,,Sun
19:34:02,146,Inner Lake Shore/Michigan Express,,Mon,Tue,Wed,Thu,Fri
18:53:13,3,King Drive,,Sat
21:35:19,147,Outer DuSable Lake Shore Express,,Mon,Tue,Wed,Thu,Fri
14:49:53,146,Inner Lake Shore/Michigan Express,,Mon,Tue,Wed,Thu,Fri
15:27:56,3,King Drive,,Sat
16:02:49,146,Inner Lake Shore/Michigan Express,,Sun
15:34:00,3,King Drive,,Sun
09:43:48,151,Sheridan,,Mon,Tue,Wed,Thu,Fri
14:44:15,151,Sheridan,,Sat
19:22:44,151,Sheridan,,Sat
10:09:51,3,King Drive,,Sun
09:14:35,151,Sheridan,,Sat
13:22:46,147,Outer DuSable Lake Shore Express,,Mon,Tue,Wed,Thu,Fri
18:54:26,146,Inner Lake Shore/Michigan Express,,Sat
09:09:32,148,Clarendon/Michigan Express,,Mon,Tue,Wed,Thu,Fri
17:35:01,151,Sheridan,,Sun
11:13:18,147,Outer DuSable Lake Shore Express,,Sat
14:58:31,147,Outer DuSable Lake Shore Express,,Mon,Tue,Wed,Thu,Fri
15:30:14,147,Outer DuSable Lake Shore Express,,Sat
18:38:30,3,King Drive,,Mon,Tue,Wed,Thu,Fri
14:48:00,3,King Drive,,Sun
06:33:09,3,King Drive,,Mon,Tue,Wed,Thu,Fri
11:35:16,147,Outer DuSable Lake Shore Express,,Mon,Tue,Wed,Thu,Fri
17:23:44,151,Sheridan,,Mon,Tue,Wed,Thu,Fri
17:35:01,151,Sheridan,,Sun
13:43:16,151,Sheridan,,Sun
20:26:30,3,King Drive,,Sat
15:25:00,3,King Drive,,Mon,Tue,Wed,Thu,Fri
14:12:01,147,Outer DuSable Lake Shore Express,,Sat
17:33:32,147,Outer DuSable Lake Shore Express,,Sun
11:37:34,3,King Drive,,Mon,Tue,Wed,Thu,Fri
15:53:16,147,Outer DuSable Lake Shore Express,,Sun
07:32:48,143,Stockton/Michigan Express,,Mon,Tue,Wed,Thu,Fri
06:34:36,147,Outer DuSable Lake Shore Express,,Sat
12:45:36,146,Inner Lake Shore/Michigan Express,,Sat
19:09:03,157,Streeterville/Taylor,,Mon,Tue,Wed,Thu,Fri
16:53:10,26,South Shore Express,,Mon,Tue,Wed,Thu,Fri
09:18:04,3,King Drive,,Mon,Tue,Wed,Thu,Fri
22:19:35,151,Sheridan,,Mon,Tue,Wed,Thu,Fri
22:45:21,3,King Drive,,Mon,Tue,Wed,Thu,Fri
22:40:50,151,Sheridan,,Sun
15:53:13,146,Inner Lake Shore/Michigan Express,,Sat
19:18:32,151,Sheridan,,Sun
18:39:46,151,Sheridan,,Sun
18:55:16,157,Streeterville/Taylor,,Mon,Tue,Wed,Thu,Fri
12:07:47,3,King Drive,,Mon,Tue,Wed,Thu,Fri
11:04:02,151,Sheridan,,Mon,Tue,Wed,Thu,Fri
23:55:56,3,King Drive,,Mon,Tue,Wed,Thu,Fri
16:42:56,3,King Drive,,Mon,Tue,Wed,Thu,Fri
13:55:01,147,Outer DuSable Lake Shore Express,,Sat
23:40:03,151,Sheridan,,Sat
23:55:56,3,King Drive,,Mon,Tue,Wed,Thu,Fri
14:43:31,151,Sheridan,,Sun
15:25:00,3,King Drive,,Mon,Tue,Wed,Thu,Fri
09:27:48,147,Outer DuSable Lake Shore Express,,Mon,Tue,Wed,Thu,Fri
11:23:32,146,Inner Lake Shore/Michigan Express,,Sat
22:36:20,147,Outer DuSable Lake Shore Express,,Sun
07:14:04,146,Inner Lake Shore/Michigan Express,,Sat
19:34:28,146,Inner Lake Shore/Michigan Express,,Sun
07:58:35,147,Outer DuSable Lake Shore Express,,Sat
10:26:16,147,Outer DuSable Lake Shore Express,,Mon,Tue,Wed,Thu,Fri
12:18:39,157,Streeterville/Taylor,,Mon,Tue,Wed,Thu,Fri
19:22:50,157,Streeterville/Taylor,,Mon,Tue,Wed,Thu,Fri
19:10:32,147,Outer DuSable Lake Shore Express,,Mon,Tue,Wed,Thu,Fri
05:52:06,147,Outer DuSable Lake Shore Express,,Sat
08:14:02,143,Stockton/Michigan Express,,Mon,Tue,Wed,Thu,Fri
22:49:08,146,Inner Lake Shore/Michigan Express,,Mon,Tue,Wed,Thu,Fri
20:41:01,151,Sheridan,,Sat
08:38:48,151,Sheridan,,Mon,Tue,Wed,Thu,Fri
13:53:31,151,Sheridan,,Mon,Tue,Wed,Thu,Fri
21:43:55,146,Inner Lake Shore/Michigan Express,,Mon,Tue,Wed,Thu,Fri
22:29:08,146,Inner Lake Shore/Michigan Express,,Sun
16:33:31,151,Sheridan,,Sun
12:40:31,151,Sheridan,,Mon,Tue,Wed,Thu,Fri
16:38:53,146,Inner Lake Shore/Michigan Express,,Mon,Tue,Wed,Thu,Fri
14:36:15,151,Sheridan,,Sat
09:50:12,146,Inner Lake Shore/Michigan Express,,Sun
05:03:36,147,Outer DuSable Lake Shore Express,,Mon,Tue,Wed,Thu,Fri
23:26:26,3,King Drive,,Mon,Tue,Wed,Thu,Fri
20:59:02,147,Outer DuSable Lake Shore Express,,Sat
11:30:18,147,Outer DuSable Lake Shore Express,,Sat
13:25:36,146,Inner Lake Shore/Michigan Express,,Sat
10:35:18,151,Sheridan,,Sat
16:17:43,146,Inner Lake Shore/Michigan Express,,Sat
17:45:02,147,Outer DuSable Lake Shore Express,,Sun
08:12:45,146,Inner Lake Shore/Michigan Express,,Mon,Tue,Wed,Thu,Fri
15:47:39,26,South Shore Express,,Mon,Tue,Wed,Thu,Fri
09:27:34,3,King Drive,,Mon,Tue,Wed,Thu,Fri
16:13:29,151,Sheridan,,Mon,Tue,Wed,Thu,Fri
11:47:48,147,Outer DuSable Lake Shore Express,,Sun
11:15:34,3,King Drive,,Mon,Tue,Wed,Thu,Fri
19:01:17,3,King Drive,,Sun
20:18:04,3,King Drive,,Sun
11:03:48,147,Outer DuSable Lake Shore Express,,Sat
14:41:49,146,Inner Lake Shore/Michigan Express,,Sun
22:31:08,146,Inner Lake Shore/Michigan Express,,Mon,Tue,Wed,Thu,Fri
11:49:32,146,Inner Lake Shore/Michigan Express,,Sat
22:34:19,147,Outer DuSable Lake Shore Express,,Mon,Tue,Wed,Thu,Fri
15:47:00,3,King Drive,,Mon,Tue,Wed,Thu,Fri
09:27:28,146,Inner Lake Shore/Michigan Express,,Sat
14:49:53,146,Inner Lake Shore/Michigan Express,,Mon,Tue,Wed,Thu,Fri
17:13:49,146,Inner Lake Shore/Michigan Express,,Sun
12:59:34,3,King Drive,,Sun
06:13:26,3,King Drive,,Mon,Tue,Wed,Thu,Fri
15:45:13,146,Inner Lake Shore/Michigan Express,,Sat
06:58:34,146,Inner Lake Shore/Michigan Express,,Sat
12:21:32,146,Inner Lake Shore/Michigan Express,,Sat
15:17:49,146,Inner Lake Shore/Michigan Express,,Sun
10:43:32,146,Inner Lake Shore/Michigan Express,,Sat
15:33:00,3,King Drive,,Mon,Tue,Wed,Thu,Fri
14:29:15,147,Outer DuSable Lake Shore Express,,Sat
12:28:31,151,Sheridan,,Mon,Tue,Wed,Thu,Fri
07:22:58,146,Inner Lake Shore/Michigan Express,,Mon,Tue,Wed,Thu,Fri
09:54:39,3,King Drive,,Sun
19:11:46,151,Sheridan,,Mon,Tue,Wed,Thu,Fri
17:51:43,3,King Drive,,Mon,Tue,Wed,Thu,Fri
06:43:34,146,Inner Lake Shore/Michigan Express,,Sat
19:42:31,147,Outer DuSable Lake Shore Express,,Sat
20:57:50,157,Streeterville/Taylor,,Mon,Tue,Wed,Thu,Fri
15:40:32,147,Outer DuSable Lake Shore Express,,Sun
08:24:46,143,Stockton/Michigan Express,,Mon,Tue,Wed,Thu,Fri
19:24:36,146,Inner Lake Shore/Michigan Express,,Sat
17:08:10,26,South Shore Express,,Mon,Tue,Wed,Thu,Fri
10:09:51,3,King Drive,,Sun
06:01:52,151,Sheridan,,Sun
17:01:44,151,Sheridan,,Mon,Tue,Wed,Thu,Fri
14:35:22,157,Streeterville/Taylor,,Mon,Tue,Wed,Thu,Fri
17:55:31,151,Sheridan,,Sun
10:04:58,146,Inner Lake Shore/Michigan Express,,Sat
15:16:44,151,Sheridan,,Sat
19:58:02,151,Sheridan,,Mon,Tue,Wed,Thu,Fri
10:51:32,146,Inner Lake Shore/Michigan Express,,Sat
20:31:58,146,Inner Lake Shore/Michigan Express,,Mon,Tue,Wed,Thu,Fri
13:12:04,3,King Drive,,Sun
17:54:09,26,South Shore Express,,Mon,Tue,Wed,Thu,Fri
17:57:56,146,Inner Lake Shore/Michigan Express,,Sat
18:58:31,151,Sheridan,,Mon,Tue,Wed,Thu,Fri
15:00:23,146,Inner Lake Shore/Michigan Express,,Mon,Tue,Wed,Thu,Fri
21:43:55,146,Inner Lake Shore/Michigan Express,,Mon,Tue,Wed,Thu,Fri
21:23:53,26,South Shore Express,,Mon,Tue,Wed,Thu,Fri
12:02:48,151,Sheridan,,Sun
15:19:56,3,King Drive,,Sat
18:09:32,146,Inner Lake Shore/Michigan Express,,Sun
10:19:28,146,Inner Lake Shore/Michigan Express,,Sun
17:21:26,3,King Drive,,Mon,Tue,Wed,Thu,Fri
23:25:03,151,Sheridan,,Sat
10:21:49,151,Sheridan,,Sun
14:00:02,147,Outer DuSable Lake Shore Express,,Sun
15:44:49,146,Inner Lake Shore/Michigan Express,,Sun
07:28:34,3,King Drive,,Mon,Tue,Wed,Thu,Fri
08:46:35,151,Sheridan,,Sun
19:30:17,3,King Drive,,Mon,Tue,Wed,Thu,Fri
07:38:04,3,King Drive,,Mon,Tue,Wed,Thu,Fri
12:20:48,147,Outer DuSable Lake Shore Express,,Sun
16:12:44,147,Outer DuSable Lake Shore Express,,Sat
08:38:02,148,Clarendon/Michigan Express,,Mon,Tue,Wed,Thu,Fri
08:08:48,151,Sheridan,,Mon,Tue,Wed,Thu,Fri
08:41:56,3,King Drive,,Sat
05:21:22,151,Sheridan,,Mon,Tue,Wed,Thu,Fri
14:09:23,146,Inner Lake Shore/Michigan Express,,Mon,Tue,Wed,Thu,Fri
07:07:51,146,Inner Lake Shore/Michigan Express,,Sun
17:48:41,157,Streeterville/Taylor,,Mon,Tue,Wed,Thu,Fri
07:35:06,157,Streeterville/Taylor,,Mon,Tue,Wed,Thu,Fri
08:08:28,148,Clarendon/Michigan Express,,Mon,Tue,Wed,Thu,Fri
10:39:18,147,Outer DuSable Lake Shore Express,,Sat
21:32:15,146,Inner Lake Shore/Michigan Express,,Sat
08:29:05,147,Outer DuSable Lake Shore Express,,Sun
21:06:17,3,King Drive,,Mon,Tue,Wed,Thu,Fri
05:21:22,151,Sheridan,,Mon,Tue,Wed,Thu,Fri
18:26:15,147,Outer DuSable Lake Shore Express,,Sat
12:33:02,151,Sheridan,,Sun
21:57:30,3,King Drive,,Sat
22:20:50,151,Sheridan,,Sun
11:59:48,147,Outer DuSable Lake Shore Express,,Sun
08:50:19,146,Inner Lake Shore/Michigan Express,,Mon,Tue,Wed,Thu,Fri
09:43:48,151,Sheridan,,Mon,Tue,Wed,Thu,Fri
10:46:16,147,Outer DuSable Lake Shore Express,,Mon,Tue,Wed,Thu,Fri
19:39:17,3,King Drive,,Mon,Tue,Wed,Thu,Fri
12:17:45,146,Inner Lake Shore/Michigan Express,,Sun
23:14:20,147,Outer DuSable Lake Shore Express,,Sun
12:48:56,3,King Drive,,Sat
08:09:05,147,Outer DuSable Lake Shore Express,,Sun
17:56:32,147,Outer DuSable Lake Shore Express,,Sun
16:01:58,157,Streeterville/Taylor,,Mon,Tue,Wed,Thu,Fri
17:33:53,2,Hyde Park Express,,Mon,Tue,Wed,Thu,Fri
22:35:51,3,King Drive,,Sun
16:21:14,147,Outer DuSable Lake Shore Express,,Sat
17:03:22,2,Hyde Park Express,,Mon,Tue,Wed,Thu,Fri
14:44:02,147,Outer DuSable Lake Shore Express,,Sun
06:43:09,3,King Drive,,Mon,Tue,Wed,Thu,Fri
13:17:36,146,Inner Lake Shore/Michigan Express,,Sat
06:27:51,146,Inner Lake Shore/Michigan Express,,Sun
10:35:16,147,Outer DuSable Lake Shore Express,,Mon,Tue,Wed,Thu,Fri
16:45:10,26,South Shore Express,,Mon,Tue,Wed,Thu,Fri
13:09:36,146,Inner Lake Shore/Michigan Express,,Sat
11:57:17,3,King Drive,,Mon,Tue,Wed,Thu,Fri
18:18:01,151,Sheridan,,Mon,Tue,Wed,Thu,Fri
09:45:49,146,Inner Lake Shore/Michigan Express,,Mon,Tue,Wed,Thu,Fri
15:03:56,146,Inner Lake Shore/Michigan Express,,Sat
19:12:44,151,Sheridan,,Sat
09:48:25,148,Clarendon/Michigan Express,,Mon,Tue,Wed,Thu,Fri
21:35:19,147,Outer DuSable Lake Shore Express,,Mon,Tue,Wed,Thu,Fri
10:35:32,146,Inner Lake Shore/Michigan Express,,Mon,Tue,Wed,Thu,Fri
08:18:05,147,Outer DuSable Lake Shore Express,,Sun
20:34:04,3,King Drive,,Sun
06:06:36,151,Sheridan,,Mon,Tue,Wed,Thu,Fri
09:10:35,151,Sheridan,,Sun
20:40:48,147,Outer DuSable Lake Shore Express,,Mon,Tue,Wed,Thu,Fri
12:18:23,146,Inner Lake Shore/Michigan Express,,Mon,Tue,Wed,Thu,Fri
24:20:36,151,Sheridan,,Sun
16:27:21,2,Hyde Park Express,,Mon,Tue,Wed,Thu,Fri
08:26:12,157,Streeterville/Taylor,,Mon,Tue,Wed,Thu,Fri
12:08:45,146,Inner Lake Shore/Michigan Express,,Sun
20:36:17,3,King Drive,,Mon,Tue,Wed,Thu,Fri
06:59:44,2,Hyde Park Express,,Mon,Tue,Wed,Thu,Fri
15:48:44,151,Sheridan,,Sat
10:54:34,3,King Drive,,Sat
23:25:20,151,Sheridan,,Mon,Tue,Wed,Thu,Fri
06:23:39,3,King Drive,,Mon,Tue,Wed,Thu,Fri
17:24:40,26,South Shore Express,,Mon,Tue,Wed,Thu,Fri
08:07:28,148,Clarendon/Michigan Express,,Mon,Tue,Wed,Thu,Fri
17:26:00,3,King Drive,,Sun
10:43:18,147,Outer DuSable Lake Shore Express,,Sun
18:57:24,2,Hyde Park Express,,Mon,Tue,Wed,Thu,Fri
06:47:51,146,Inner Lake Shore/Michigan Express,,Sun
12:04:18,147,Outer DuSable Lake Shore Express,,Sat
16:37:12,151,Sheridan,,Sat
23:29:34,3,King Drive,,Sat
10:54:18,147,Outer DuSable Lake Shore Express,,Sun
07:30:20,147,Outer DuSable Lake Shore Express,,Sun
07:33:19,151,Sheridan,,Mon,Tue,Wed,Thu,Fri
09:32:18,147,Outer DuSable Lake Shore Express,,Mon,Tue,Wed,Thu,Fri
15:47:14,147,Outer DuSable Lake Shore Express,,Sat
06:06:36,151,Sheridan,,Mon,Tue,Wed,Thu,Fri
17:10:32,147,Outer DuSable Lake Shore Express,,Sun
20:21:19,151,Sheridan,,Sun
14:32:49,146,Inner Lake Shore/Michigan Express,,Sun
10:12:28,146,Inner Lake Shore/Michigan Express,,Sat
12:04:16,151,Sheridan,,Mon,Tue,Wed,Thu,Fri
13:50:06,146,Inner Lake Shore/Michigan Express,,Sat
22:40:03,151,Sheridan,,Sat
18:52:44,151,Sheridan,,Sat
18:22:30,3,King Drive,,Mon,Tue,Wed,Thu,Fri
16:13:31,151,Sheridan,,Sun
13:50:06,146,Inner Lake Shore/Michigan Express,,Sat
14:33:31,147,Outer DuSable Lake Shore Express,,Mon,Tue,Wed,Thu,Fri
10:07:46,147,Outer DuSable Lake Shore Express,,Mon,Tue,Wed,Thu,Fri
08:19:46,143,Stockton/Michigan Express,,Mon,Tue,Wed,Thu,Fri
18:54:26,146,Inner Lake Shore/Michigan Express,,Sat
16:43:13,146,Inner Lake Shore/Michigan Express,,Sat
11:30:18,147,Outer DuSable Lake Shore Express,,Sat
20:36:17,3,King Drive,,Mon,Tue,Wed,Thu,Fri
23:15:09,3,King Drive,,Sun
14:45:56,3,King Drive,,Sat
15:47:00,3,King Drive,,Mon,Tue,Wed,Thu,Fri
16:01:43,146,Inner Lake Shore/Michigan Express,,Sat
12:17:45,146,Inner Lake Shore/Michigan Express,,Sun
16:37:12,151,Sheridan,,Sat
10:22:18,147,Outer DuSable Lake Shore Express,,Sat
20:20:02,147,Outer DuSable Lake Shore Express,,Sat
17:41:21,2,Hyde Park Express,,Mon,Tue,Wed,Thu,Fri
12:28:01,151,Sheridan,,Sat
10:14:19,146,Inner Lake Shore/Michigan Express,,Mon,Tue,Wed,Thu,Fri
19:34:28,146,Inner Lake Shore/Michigan Express,,Sun
08:24:02,147,Outer DuSable Lake Shore Express,,Mon,Tue,Wed,Thu,Fri
12:28:23,146,Inner Lake Shore/Michigan Express,,Mon,Tue,Wed,Thu,Fri
07:02:06,151,Sheridan,,Sun
08:28:15,148,Clarendon/Michigan Express,,Mon,Tue,Wed,Thu,Fri
14:22:02,147,Outer DuSable Lake Shore Express,,Sun
12:37:36,146,Inner Lake Shore/Michigan Express,,Sat
19:48:18,151,Sheridan,,Sun
08:12:20,151,Sheridan,,Sat
17:26:56,3,King Drive,,Mon,Tue,Wed,Thu,Fri
15:54:15,151,Sheridan,,Mon,Tue,Wed,Thu,Fri
15:21:23,146,Inner Lake Shore/Michigan Express,,Mon,Tue,Wed,Thu,Fri
19:27:16,151,Sheridan,,Mon,Tue,Wed,Thu,Fri
23:38:56,3,King Drive,,Mon,Tue,Wed,Thu,Fri
14:31:01,151,Sheridan,,Mon,Tue,Wed,Thu,Fri
08:41:02,147,Outer DuSable Lake Shore Express,,Mon,Tue,Wed,Thu,Fri
16:53:10,26,South Shore Express,,Mon,Tue,Wed,Thu,Fri
11:52:48,151,Sheridan,,Sun
06:44:52,151,Sheridan,,Sat
17:06:26,3,King Drive,,Sat
07:12:39,3,King Drive,,Mon,Tue,Wed,Thu,Fri
17:23:56,157,Streeterville/Taylor,,Mon,Tue,Wed,Thu,Fri
19:16:49,147,Outer DuSable Lake Shore Express,,Sun
19:47:15,146,Inner Lake Shore/Michigan Express,,Mon,Tue,Wed,Thu,Fri
09:34:35,151,Sheridan,,Sun
15:45:56,3,King Drive,,Sat
22:40:50,151,Sheridan,,Sun
21:01:28,146,Inner Lake Shore/Michigan Express,,Mon,Tue,Wed,Thu,Fri
12:20:48,147,Outer DuSable Lake Shore Express,,Sun
11:37:48,147,Outer DuSable Lake Shore Express,,Sun
09:03:48,151,Sheridan,,Mon,Tue,Wed,Thu,Fri
15:29:02,147,Outer DuSable Lake Shore Express,,Sun
11:26:16,147,Outer DuSable Lake Shore Express,,Mon,Tue,Wed,Thu,Fri
20:19:50,157,Streeterville/Taylor,,Mon,Tue,Wed,Thu,Fri
05:59:56,3,King Drive,,Mon,Tue,Wed,Thu,Fri
13:20:49,146,Inner Lake Shore/Michigan Express,,Sun
18:55:16,157,Streeterville/Taylor,,Mon,Tue,Wed,Thu,Fri
17:09:12,151,Sheridan,,Sat
19:03:32,146,Inner Lake Shore/Michigan Express,,Sun
11:15:16,147,Outer DuSable Lake Shore Express,,Mon,Tue,Wed,Thu,Fri
07:55:16,157,Streeterville/Taylor,,Mon,Tue,Wed,Thu,Fri
07:12:50,147,Outer DuSable Lake Shore Express,,Sat
17:26:56,3,King Drive,,Mon,Tue,Wed,Thu,Fri
21:56:04,3,King Drive,,Mon,Tue,Wed,Thu,Fri
13:26:48,147,Outer DuSable Lake Shore Express,,Sun
16:03:56,3,King Drive,,Sat
16:59:02,147,Outer DuSable Lake Shore Express,,Sun
08:30:31,143,Stockton/Michigan Express,,Mon,Tue,Wed,Thu,Fri
14:41:49,146,Inner Lake Shore/Michigan Express,,Sun
16:02:53,2,Hyde Park Express,,Mon,Tue,Wed,Thu,Fri
17:13:22,2,Hyde Park Express,,Mon,Tue,Wed,Thu,Fri
10:46:28,146,Inner Lake Shore/Michigan Express,,Sun
22:55:09,3,King Drive,,Sun
21:01:28,146,Inner Lake Shore/Michigan Express,,Mon,Tue,Wed,Thu,Fri
08:36:32,147,Outer DuSable Lake Shore Express,,Mon,Tue,Wed,Thu,Fri
15:38:23,2,Hyde Park Express,,Mon,Tue,Wed,Thu,Fri
19:48:17,3,King Drive,,Mon,Tue,Wed,Thu,Fri
08:49:45,143,Stockton/Michigan Express,,Mon,Tue,Wed,Thu,Fri
14:39:23,146,Inner Lake Shore/Michigan Express,,Mon,Tue,Wed,Thu,Fri
10:24:51,3,King Drive,,Sun
18:34:45,147,Outer DuSable Lake Shore Express,,Sat
11:15:16,147,Outer DuSable Lake Shore Express,,Mon,Tue,Wed,Thu,Fri
12:21:18,147,Outer DuSable Lake Shore Express,,Sat
13:37:48,147,Outer DuSable Lake Shore Express,,Sun
16:31:00,3,King Drive,,Sun
17:33:26,3,King Drive,,Sat
05:36:56,3,King Drive,,Sat
20:26:17,3,King Drive,,Mon,Tue,Wed,Thu,Fri
11:57:04,3,King Drive,,Sun
13:37:48,147,Outer DuSable Lake Shore Express,,Sun
14:21:01,147,Outer DuSable Lake Shore Express,,Mon,Tue,Wed,Thu,Fri
17:35:14,151,Sheridan,,Mon,Tue,Wed,Thu,Fri
12:18:23,146,Inner Lake Shore/Michigan Express,,Mon,Tue,Wed,Thu,Fri
21:50:28,146,Inner Lake Shore/Michigan Express,,Sat
06:53:09,3,King Drive,,Mon,Tue,Wed,Thu,Fri
09:39:18,147,Outer DuSable Lake Shore Express,,Mon,Tue,Wed,Thu,Fri
15:44:49,146,Inner Lake Shore/Michigan Express,,Sun
21:25:46,151,Sheridan,,Sat
16:48:26,3,King Drive,,Mon,Tue,Wed,Thu,Fri
19:01:17,3,King Drive,,Sun
20:58:33,147,Outer DuSable Lake Shore Express,,Mon,Tue,Wed,Thu,Fri
17:16:26,146,Inner Lake Shore/Michigan Express,,Sat
17:21:21,2,Hyde Park Express,,Mon,Tue,Wed,Thu,Fri
19:42:32,151,Sheridan,,Mon,Tue,Wed,Thu,Fri
18:16:56,146,Inner Lake Shore/Michigan Express,,Sat
17:01:12,151,Sheridan,,Sat
13:45:01,147,Outer DuSable Lake Shore Express,,Mon,Tue,Wed,Thu,Fri
16:59:02,147,Outer DuSable Lake Shore Express,,Sun
13:19:08,26,South Shore Express,,Mon,Tue,Wed,Thu,Fri
07:28:19,151,Sheridan,,Mon,Tue,Wed,Thu,Fri
16:57:26,3,King Drive,,Sat
13:24:15,151,Sheridan,,Sat
11:57:47,3,King Drive,,Sat
19:43:13,3,King Drive,,Sat
00:48:39,151,Sheridan,,Tue,Wed,Thu,Fri,Sat
15:26:49,146,Inner Lake Shore/Michigan Express,,Sun
14:18:22,157,Streeterville/Taylor,,Mon,Tue,Wed,Thu,Fri
11:47:47,3,King Drive,,Sat
17:24:26,3,King Drive,,Sat
15:35:49,146,Inner Lake Shore/Michigan Express,,Sun
14:18:22,157,Streeterville/Taylor,,Mon,Tue,Wed,Thu,Fri
23:26:26,3,King Drive,,Mon,Tue,Wed,Thu,Fri
06:16:56,3,King Drive,,Sat
11:42:48,151,Sheridan,,Sun
14:44:15,151,Sheridan,,Sat
08:07:38,146,Inner Lake Shore/Michigan Express,,Sun
21:39:51,3,King Drive,,Sun
08:17:15,146,Inner Lake Shore/Michigan Express,,Mon,Tue,Wed,Thu,Fri
06:56:56,3,King Drive,,Sat
15:30:14,147,Outer DuSable Lake Shore Express,,Sat
20:41:05,151,Sheridan,,Sun
21:40:50,151,Sheridan,,Sun
11:07:02,146,Inner Lake Shore/Michigan Express,,Mon,Tue,Wed,Thu,Fri
07:21:21,3,King Drive,,Mon,Tue,Wed,Thu,Fri
17:04:56,3,King Drive,,Mon,Tue,Wed,Thu,Fri
09:19:12,146,Inner Lake Shore/Michigan Express,,Sat
09:22:35,151,Sheridan,,Sun
07:48:48,151,Sheridan,,Mon,Tue,Wed,Thu,Fri
20:16:17,3,King Drive,,Mon,Tue,Wed,Thu,Fri
17:04:49,146,Inner Lake Shore/Michigan Express,,Sun
18:38:06,146,Inner Lake Shore/Michigan Express,,Mon,Tue,Wed,Thu,Fri
08:18:45,148,Clarendon/Michigan Express,,Mon,Tue,Wed,Thu,Fri
09:18:05,147,Outer DuSable Lake Shore Express,,Sun
09:00:49,146,Inner Lake Shore/Michigan Express,,Mon,Tue,Wed,Thu,Fri
21:17:50,157,Streeterville/Taylor,,Mon,Tue,Wed,Thu,Fri
16:11:49,146,Inner Lake Shore/Michigan Express,,Sun
16:21:56,3,King Drive,,Sat
08:44:38,146,Inner Lake Shore/Michigan Express,,Sat
10:24:16,157,Streeterville/Taylor,,Mon,Tue,Wed,Thu,Fri
18:14:09,157,Streeterville/Taylor,,Mon,Tue,Wed,Thu,Fri
11:48:06,146,Inner Lake Shore/Michigan Express,,Mon,Tue,Wed,Thu,Fri
13:16:15,151,Sheridan,,Sat
16:49:59,147,Outer DuSable Lake Shore Express,,Mon,Tue,Wed,Thu,Fri
23:38:56,3,King Drive,,Mon,Tue,Wed,Thu,Fri
16:26:13,3,King Drive,,Mon,Tue,Wed,Thu,Fri
20:11:02,147,Outer DuSable Lake Shore Express,,Sat
12:16:31,151,Sheridan,,Mon,Tue,Wed,Thu,Fri
16:43:22,2,Hyde Park Express,,Mon,Tue,Wed,Thu,Fri
10:28:02,151,Sheridan,,Mon,Tue,Wed,Thu,Fri
22:00:50,151,Sheridan,,Sun
21:06:17,3,King Drive,,Mon,Tue,Wed,Thu,Fri
07:27:33,147,Outer DuSable Lake Shore Express,,Mon,Tue,Wed,Thu,Fri
22:50:12,146,Inner Lake Shore/Michigan Express,,Sat
09:02:05,147,Outer DuSable Lake Shore Express,,Sat
17:26:45,147,Outer DuSable Lake Shore Express,,Sat
12:20:01,151,Sheridan,,Sat
17:06:26,3,King Drive,,Sat
07:43:08,146,Inner Lake Shore/Michigan Express,,Sat
20:26:01,151,Sheridan,,Sat
09:52:03,147,Outer DuSable Lake Shore Express,,Sun
13:21:01,147,Outer DuSable Lake Shore Express,,Sat
17:44:56,3,King Drive,,Mon,Tue,Wed,Thu,Fri
08:08:05,147,Outer DuSable Lake Shore Express,,Sat
14:28:15,151,Sheridan,,Sat
14:30:24,26,South Shore Express,,Mon,Tue,Wed,Thu,Fri
11:15:34,3,King Drive,,Mon,Tue,Wed,Thu,Fri
11:13:28,146,Inner Lake Shore/Michigan Express,,Sun
07:08:05,151,Sheridan,,Mon,Tue,Wed,Thu,Fri
16:13:12,151,Sheridan,,Sat
10:23:18,147,Outer DuSable Lake Shore Express,,Sun
10:04:33,147,Outer DuSable Lake Shore Express,,Sat
19:11:46,151,Sheridan,,Mon,Tue,Wed,Thu,Fri
09:28:05,147,Outer DuSable Lake Shore Express,,Sat
08:04:59,157,Streeterville/Taylor,,Mon,Tue,Wed,Thu,Fri
09:00:49,146,Inner Lake Shore/Michigan Express,,Mon,Tue,Wed,Thu,Fri
14:13:16,151,Sheridan,,Sun
05:35:06,147,Outer DuSable Lake Shore Express,,Mon,Tue,Wed,Thu,Fri
10:27:28,146,Inner Lake Shore/Michigan Express,,Sat
14:11:02,147,Outer DuSable Lake Shore Express,,Sun
14:25:17,3,King Drive,,Mon,Tue,Wed,Thu,Fri
10:12:48,147,Outer DuSable Lake Shore Express,,Sat
08:44:20,151,Sheridan,,Sat
16:56:56,157,Streeterville/Taylor,,Mon,Tue,Wed,Thu,Fri
13:18:53,146,Inner Lake Shore/Michigan Express,,Mon,Tue,Wed,Thu,Fri
12:06:16,147,Outer DuSable Lake Shore Express,,Mon,Tue,Wed,Thu,Fri
07:30:08,146,Inner Lake Shore/Michigan Express,,Sat
08:18:48,151,Sheridan,,Mon,Tue,Wed,Thu,Fri
14:21:31,147,Outer DuSable Lake Shore Express,,Sat
11:54:48,147,Outer DuSable Lake Shore Express,,Sat
13:30:31,147,Outer DuSable Lake Shore Express,,Sat
11:31:28,146,Inner Lake Shore/Michigan Express,,Sun
14:18:31,151,Sheridan,,Mon,Tue,Wed,Thu,Fri
15:10:53,146,Inner Lake Shore/Michigan Express,,Mon,Tue,Wed,Thu,Fri
07:51:58,146,Inner Lake Shore/Michigan Express,,Mon,Tue,Wed,Thu,Fri
23:40:36,151,Sheridan,,Sun
16:33:31,151,Sheridan,,Sun
19:02:44,151,Sheridan,,Sat
17:31:29,147,Outer DuSable Lake Shore Express,,Mon,Tue,Wed,Thu,Fri
08:18:04,3,King Drive,,Mon,Tue,Wed,Thu,Fri
20:06:17,3,King Drive,,Mon,Tue,Wed,Thu,Fri
15:23:15,147,Outer DuSable Lake Shore Express,,Mon,Tue,Wed,Thu,Fri
19:12:44,151,Sheridan,,Sat
10:17:51,3,King Drive,,Sat
16:30:56,3,King Drive,,Sat
12:35:39,157,Streeterville/Taylor,,Mon,Tue,Wed,Thu,Fri
08:35:29,2,Hyde Park Express,,Mon,Tue,Wed,Thu,Fri
16:24:32,147,Outer DuSable Lake Shore Express,,Sun
17:04:00,3,King Drive,,Sun
10:21:02,146,Inner Lake Shore/Michigan Express,,Mon,Tue,Wed,Thu,Fri
13:03:16,151,Sheridan,,Sun
11:39:18,151,Sheridan,,Sat
11:57:47,3,King Drive,,Sat
07:55:56,3,King Drive,,Sun
22:07:04,3,King Drive,,Mon,Tue,Wed,Thu,Fri
16:12:56,3,King Drive,,Sat
08:23:48,151,Sheridan,,Mon,Tue,Wed,Thu,Fri
22:29:08,146,Inner Lake Shore/Michigan Express,,Sun
11:22:48,151,Sheridan,,Sun
08:28:04,3,King Drive,,Mon,Tue,Wed,Thu,Fri
18:08:02,147,Outer DuSable Lake Shore Express,,Sun
14:55:02,147,Outer DuSable Lake Shore Express,,Sun
11:07:32,146,Inner Lake Shore/Michigan Express,,Sat
15:08:00,3,King Drive,,Mon,Tue,Wed,Thu,Fri
18:38:06,146,Inner Lake Shore/Michigan Express,,Mon,Tue,Wed,Thu,Fri
17:45:02,147,Outer DuSable Lake Shore Express,,Sun
22:33:19,147,Outer DuSable Lake Shore Express,,Sat
23:06:04,146,Inner Lake Shore/Michigan Express,,Sun
06:16:35,147,Outer DuSable Lake Shore Express,,Mon,Tue,Wed,Thu,Fri
16:53:12,151,Sheridan,,Sat
08:23:29,2,Hyde Park Express,,Mon,Tue,Wed,Thu,Fri
05:44:56,3,King Drive,,Mon,Tue,Wed,Thu,Fri
18:42:18,147,Outer DuSable Lake Shore Express,,Sun
16:33:52,2,Hyde Park Express,,Mon,Tue,Wed,Thu,Fri
08:35:38,146,Inner Lake Shore/Michigan Express,,Sat
19:39:49,146,Inner Lake Shore/Michigan Express,,Sat
18:16:01,151,Sheridan,,Sun
07:14:40,157,Streeterville/Taylor,,Mon,Tue,Wed,Thu,Fri
08:36:45,143,Stockton/Michigan Express,,Mon,Tue,Wed,Thu,Fri
08:13:48,151,Sheridan,,Mon,Tue,Wed,Thu,Fri
22:40:03,151,Sheridan,,Sat
10:55:28,146,Inner Lake Shore/Michigan Express,,Sun
11:15:32,146,Inner Lake Shore/Michigan Express,,Sat
18:53:03,147,Outer DuSable Lake Shore Express,,Sun
11:59:45,146,Inner Lake Shore/Michigan Express,,Sun
22:55:03,151,Sheridan,,Sat
16:14:23,146,Inner Lake Shore/Michigan Express,,Mon,Tue,Wed,Thu,Fri
11:55:16,147,Outer DuSable Lake Shore Express,,Mon,Tue,Wed,Thu,Fri
18:19:32,147,Outer DuSable Lake Shore Express,,Sun
12:28:31,151,Sheridan,,Mon,Tue,Wed,Thu,Fri
05:29:51,146,Inner Lake Shore/Michigan Express,,Mon,Tue,Wed,Thu,Fri
16:13:12,151,Sheridan,,Sat
15:17:49,146,Inner Lake Shore/Michigan Express,,Sun
16:29:12,151,Sheridan,,Sat
15:40:00,3,King Drive,,Mon,Tue,Wed,Thu,Fri
13:25:36,146,Inner Lake Shore/Michigan Express,,Sat
21:22:21,3,King Drive,,Sun
16:10:13,146,Inner Lake Shore/Michigan Express,,Sat
10:42:51,3,King Drive,,Sat
14:59:49,146,Inner Lake Shore/Michigan Express,,Sun
13:55:38,26,South Shore Express,,Mon,Tue,Wed,Thu,Fri
09:18:35,147,Outer DuSable Lake Shore Express,,Sat
19:11:24,2,Hyde Park Express,,Mon,Tue,Wed,Thu,Fri
17:10:26,157,Streeterville/Taylor,,Mon,Tue,Wed,Thu,Fri
12:04:18,147,Outer DuSable Lake Shore Express,,Sat
14:18:56,3,King Drive,,Sat
11:11:12,157,Streeterville/Taylor,,Mon,Tue,Wed,Thu,Fri
09:19:12,146,Inner Lake Shore/Michigan Express,,Sat
00:15:09,3,King Drive,,Mon
06:59:52,151,Sheridan,,Sat
19:11:30,3,King Drive,,Mon,Tue,Wed,Thu,Fri
14:02:00,3,King Drive,,Sun
13:43:39,157,Streeterville/Taylor,,Mon,Tue,Wed,Thu,Fri
21:05:23,26,South Shore Express,,Mon,Tue,Wed,Thu,Fri
12:58:23,146,Inner Lake Shore/Michigan Express,,Mon,Tue,Wed,Thu,Fri
07:37:20,151,Sheridan,,Sun
20:46:17,3,King Drive,,Mon,Tue,Wed,Thu,Fri
16:47:32,147,Outer DuSable Lake Shore Express,,Sun
20:46:28,146,Inner Lake Shore/Michigan Express,,Mon,Tue,Wed,Thu,Fri
17:46:00,3,King Drive,,Sun
14:40:31,151,Sheridan,,Mon,Tue,Wed,Thu,Fri
12:11:48,147,Outer DuSable Lake Shore Express,,Sat
11:11:12,157,Streeterville/Taylor,,Mon,Tue,Wed,Thu,Fri
22:55:03,151,Sheridan,,Sat
12:56:31,147,Outer DuSable Lake Shore Express,,Sat
09:22:48,143,Stockton/Michigan Express,,Mon,Tue,Wed,Thu,Fri
08:34:20,151,Sheridan,,Sun
16:07:00,3,King Drive,,Mon,Tue,Wed,Thu,Fri
16:22:59,151,Sheridan,,Mon,Tue,Wed,Thu,Fri
17:59:13,3,King Drive,,Mon,Tue,Wed,Thu,Fri
22:51:35,151,Sheridan,,Mon,Tue,Wed,Thu,Fri
13:33:56,3,King Drive,,Sat
18:09:15,147,Outer DuSable Lake Shore Express,,Sat
11:42:48,151,Sheridan,,Sun
19:24:08,26,South Shore Express,,Mon,Tue,Wed,Thu,Fri
08:07:20,151,Sheridan,,Sun
13:13:47,3,King Drive,,Mon,Tue,Wed,Thu,Fri
14:58:31,147,Outer DuSable Lake Shore Express,,Mon,Tue,Wed,Thu,Fri
14:47:56,146,Inner Lake Shore/Michigan Express,,Sat
07:29:14,2,Hyde Park Express,,Mon,Tue,Wed,Thu,Fri
20:06:17,3,King Drive,,Mon,Tue,Wed,Thu,Fri
17:43:26,3,King Drive,,Sat
13:50:00,3,King Drive,,Sun
06:13:51,146,Inner Lake Shore/Michigan Express,,Mon,Tue,Wed,Thu,Fri
20:26:01,151,Sheridan,,Sat
14:59:30,3,King Drive,,Sun
12:12:48,151,Sheridan,,Sun
08:57:54,2,Hyde Park Express,,Mon,Tue,Wed,Thu,Fri
09:53:32,147,Outer DuSable Lake Shore Express,,Mon,Tue,Wed,Thu,Fri
15:00:30,3,King Drive,,Mon,Tue,Wed,Thu,Fri
14:18:31,151,Sheridan,,Mon,Tue,Wed,Thu,Fri
09:54:33,147,Outer DuSable Lake Shore Express,,Sat
11:28:02,151,Sheridan,,Mon,Tue,Wed,Thu,Fri
14:46:24,26,South Shore Express,,Mon,Tue,Wed,Thu,Fri
08:24:08,146,Inner Lake Shore/Michigan Express,,Sun
16:08:30,3,King Drive,,Sun
13:12:04,3,King Drive,,Sun
18:19:32,147,Outer DuSable Lake Shore Express,,Sun
11:55:16,147,Outer DuSable Lake Shore Express,,Mon,Tue,Wed,Thu,Fri
06:58:38,148,Clarendon/Michigan Express,,Mon,Tue,Wed,Thu,Fri
14:50:49,146,Inner Lake Shore/Michigan Express,,Sun
12:08:23,146,Inner Lake Shore/Michigan Express,,Mon,Tue,Wed,Thu,Fri
09:35:49,147,Outer DuSable Lake Shore Express,,Sat
16:59:26,3,King Drive,,Mon,Tue,Wed,Thu,Fri
21:49:08,146,Inner Lake Shore/Michigan Express,,Sun
17:14:01,151,Sheridan,,Sun
11:12:48,151,Sheridan,,Sun
10:03:03,151,Sheridan,,Sat
08:07:56,3,King Drive,,Sat
14:52:15,151,Sheridan,,Sat
16:39:56,3,King Drive,,Sat
08:23:32,146,Inner Lake Shore/Michigan Express,,Mon,Tue,Wed,Thu,Fri
23:14:19,147,Outer DuSable Lake Shore Express,,Mon,Tue,Wed,Thu,Fri
10:52:02,151,Sheridan,,Mon,Tue,Wed,Thu,Fri
17:01:12,151,Sheridan,,Sat
09:37:34,3,King Drive,,Mon,Tue,Wed,Thu,Fri
11:27:47,3,King Drive,,Sat
08:12:20,151,Sheridan,,Sat
15:04:29,147,Outer DuSable Lake Shore Express,,Sat
10:39:59,157,Streeterville/Taylor,,Mon,Tue,Wed,Thu,Fri
14:29:15,147,Outer DuSable Lake Shore Express,,Sat
16:07:00,3,King Drive,,Mon,Tue,Wed,Thu,Fri
07:32:48,143,Stockton/Michigan Express,,Mon,Tue,Wed,Thu,Fri
20:00:50,157,Streeterville/Taylor,,Mon,Tue,Wed,Thu,Fri
18:22:58,151,Sheridan,,Sat
08:42:45,143,Stockton/Michigan Express,,Mon,Tue,Wed,Thu,Fri
08:26:12,157,Streeterville/Taylor,,Mon,Tue,Wed,Thu,Fri
08:41:02,147,Outer DuSable Lake Shore Express,,Mon,Tue,Wed,Thu,Fri
07:35:58,146,Inner Lake Shore/Michigan Express,,Mon,Tue,Wed,Thu,Fri
15:00:54,26,South Shore Express,,Mon,Tue,Wed,Thu,Fri
09:24:32,146,Inner Lake Shore/Michigan Express,,Mon,Tue,Wed,Thu,Fri
17:49:29,151,Sheridan,,Mon,Tue,Wed,Thu,Fri
05:36:22,151,Sheridan,,Mon,Tue,Wed,Thu,Fri
21:08:32,147,Outer DuSable Lake Shore Express,,Sat
16:01:00,3,King Drive,,Mon,Tue,Wed,Thu,Fri
16:29:17,157,Streeterville/Taylor,,Mon,Tue,Wed,Thu,Fri
17:22:02,147,Outer DuSable Lake Shore Express,,Sun
23:13:56,3,King Drive,,Mon,Tue,Wed,Thu,Fri
13:09:46,147,Outer DuSable Lake Shore Express,,Mon,Tue,Wed,Thu,Fri
16:08:55,26,South Shore Express,,Mon,Tue,Wed,Thu,Fri
18:23:13,3,King Drive,,Sat
07:57:58,148,Clarendon/Michigan Express,,Mon,Tue,Wed,Thu,Fri
23:08:55,146,Inner Lake Shore/Michigan Express,,Sat
08:53:38,146,Inner Lake Shore/Michigan Express,,Sun
10:54:34,3,King Drive,,Sat
18:41:29,157,Streeterville/Taylor,,Mon,Tue,Wed,Thu,Fri
17:22:49,146,Inner Lake Shore/Michigan Express,,Sun
15:10:53,146,Inner Lake Shore/Michigan Express,,Mon,Tue,Wed,Thu,Fri
15:56:44,151,Sheridan,,Sat
22:39:30,3,King Drive,,Sat
13:02:47,3,King Drive,,Mon,Tue,Wed,Thu,Fri
20:29:38,146,Inner Lake Shore/Michigan Express,,Sun
07:38:04,3,King Drive,,Mon,Tue,Wed,Thu,Fri
15:45:30,3,King Drive,,Sun
16:03:56,3,King Drive,,Sat
10:27:18,151,Sheridan,,Sat
17:42:58,151,Sheridan,,Sat
17:03:31,151,Sheridan,,Sun
17:36:00,3,King Drive,,Sun
09:19:02,146,Inner Lake Shore/Michigan Express,,Mon,Tue,Wed,Thu,Fri
11:02:48,151,Sheridan,,Sun
18:58:31,151,Sheridan,,Mon,Tue,Wed,Thu,Fri
16:28:59,147,Outer DuSable Lake Shore Express,,Sat
14:52:17,3,King Drive,,Mon,Tue,Wed,Thu,Fri
17:49:32,146,Inner Lake Shore/Michigan Express,,Sun
07:30:20,147,Outer DuSable Lake Shore Express,,Sun
15:55:44,147,Outer DuSable Lake Shore Express,,Sat
11:57:17,3,King Drive,,Mon,Tue,Wed,Thu,Fri
10:12:48,147,Outer DuSable Lake Shore Express,,Sat
09:44:49,151,Sheridan,,Sat
21:13:02,146,Inner Lake Shore/Michigan Express,,Sat
13:53:16,151,Sheridan,,Sun
19:51:46,147,Outer DuSable Lake Shore Express,,Sat
07:14:40,157,Streeterville/Taylor,,Mon,Tue,Wed,Thu,Fri
08:03:02,143,Stockton/Michigan Express,,Mon,Tue,Wed,Thu,Fri
08:18:35,147,Outer DuSable Lake Shore Express,,Sat
17:11:21,2,Hyde Park Express,,Mon,Tue,Wed,Thu,Fri
17:45:29,147,Outer DuSable Lake Shore Express,,Mon,Tue,Wed,Thu,Fri
07:25:58,148,Clarendon/Michigan Express,,Mon,Tue,Wed,Thu,Fri
17:16:10,26,South Shore Express,,Mon,Tue,Wed,Thu,Fri
08:24:56,3,King Drive,,Sat
19:24:36,146,Inner Lake Shore/Michigan Express,,Sat
19:07:45,147,Outer DuSable Lake Shore Express,,Sat
20:46:28,146,Inner Lake Shore/Michigan Express,,Mon,Tue,Wed,Thu,Fri
09:36:56,3,King Drive,,Sun
17:14:01,151,Sheridan,,Sun
07:58:05,147,Outer DuSable Lake Shore Express,,Sun
17:59:13,3,King Drive,,Mon,Tue,Wed,Thu,Fri
13:24:15,151,Sheridan,,Sat
10:46:28,146,Inner Lake Shore/Michigan Express,,Sun
20:03:04,3,King Drive,,Sun
05:51:36,151,Sheridan,,Mon,Tue,Wed,Thu,Fri
10:19:58,146,Inner Lake Shore/Michigan Express,,Sat
09:52:19,146,Inner Lake Shore/Michigan Express,,Mon,Tue,Wed,Thu,Fri
22:54:50,147,Outer DuSable Lake Shore Express,,Sun
17:04:56,3,King Drive,,Mon,Tue,Wed,Thu,Fri
17:56:00,3,King Drive,,Sun
12:03:32,151,Sheridan,,Sat
11:50:45,146,Inner Lake Shore/Michigan Express,,Sun
12:35:39,157,Streeterville/Taylor,,Mon,Tue,Wed,Thu,Fri
20:28:48,151,Sheridan,,Mon,Tue,Wed,Thu,Fri
08:27:05,147,Outer DuSable Lake Shore Express,,Sat
11:44:39,157,Streeterville/Taylor,,Mon,Tue,Wed,Thu,Fri
09:47:34,3,King Drive,,Mon,Tue,Wed,Thu,Fri
16:28:49,146,Inner Lake Shore/Michigan Express,,Sun
13:53:16,151,Sheridan,,Sun
12:53:36,146,Inner Lake Shore/Michigan Express,,Sat
18:15:24,26,South Shore Express,,Mon,Tue,Wed,Thu,Fri
15:26:31,151,Sheridan,,Mon,Tue,Wed,Thu,Fri
13:42:56,3,King Drive,,Sat
01:15:07,151,Sheridan,,Sun
18:27:42,157,Streeterville/Taylor,,Mon,Tue,Wed,Thu,Fri
17:55:31,151,Sheridan,,Sun
05:09:09,151,Sheridan,,Sat
07:58:48,151,Sheridan,,Mon,Tue,Wed,Thu,Fri
14:59:31,151,Sheridan,,Mon,Tue,Wed,Thu,Fri
09:25:51,3,King Drive,,Sat
13:58:06,146,Inner Lake Shore/Michigan Express,,Sat
20:21:48,147,Outer DuSable Lake Shore Express,,Mon,Tue,Wed,Thu,Fri
22:10:30,3,King Drive,,Sat
15:03:56,3,King Drive,,Sat
08:35:38,146,Inner Lake Shore/Michigan Express,,Sat
14:46:01,147,Outer DuSable Lake Shore Express,,Mon,Tue,Wed,Thu,Fri
07:24:55,148,Clarendon/Michigan Express,,Mon,Tue,Wed,Thu,Fri
11:06:16,147,Outer DuSable Lake Shore Express,,Mon,Tue,Wed,Thu,Fri
10:59:18,151,Sheridan,,Sat
15:31:53,146,Inner Lake Shore/Michigan Express,,Mon,Tue,Wed,Thu,Fri
06:48:05,143,Stockton/Michigan Express,,Mon,Tue,Wed,Thu,Fri
09:11:42,146,Inner Lake Shore/Michigan Express,,Sat
05:59:51,146,Inner Lake Shore/Michigan Express,,Mon,Tue,Wed,Thu,Fri
12:57:46,147,Outer DuSable Lake Shore Express,,Mon,Tue,Wed,Thu,Fri
11:05:51,3,King Drive,,Sun
20:55:20,147,Outer DuSable Lake Shore Express,,Sun
08:22:20,151,Sheridan,,Sun
00:20:21,3,King Drive,,Sun
18:28:26,146,Inner Lake Shore/Michigan Express,,Sat
17:08:43,146,Inner Lake Shore/Michigan Express,,Sat
09:54:39,3,King Drive,,Sun
15:48:15,157,Streeterville/Taylor,,Mon,Tue,Wed,Thu,Fri
07:13:56,3,King Drive,,Sun
09:18:25,148,Clarendon/Michigan Express,,Mon,Tue,Wed,Thu,Fri
07:38:48,151,Sheridan,,Mon,Tue,Wed,Thu,Fri
08:54:35,147,Outer DuSable Lake Shore Express,,Sat
07:48:04,3,King Drive,,Mon,Tue,Wed,Thu,Fri
19:33:18,151,Sheridan,,Sun
10:32:33,151,Sheridan,,Sun
18:36:16,147,Outer DuSable Lake Shore Express,,Mon,Tue,Wed,Thu,Fri
16:55:49,146,Inner Lake Shore/Michigan Express,,Sun
14:15:17,3,King Drive,,Mon,Tue,Wed,Thu,Fri
21:05:30,3,King Drive,,Sat
15:48:15,147,Outer DuSable Lake Shore Express,,Mon,Tue,Wed,Thu,Fri
08:09:02,143,Stockton/Michigan Express,,Mon,Tue,Wed,Thu,Fri
09:33:28,148,Clarendon/Michigan Express,,Mon,Tue,Wed,Thu,Fri
09:01:55,146,Inner Lake Shore/Michigan Express,,Sat
18:28:17,3,King Drive,,Sun
15:53:13,146,Inner Lake Shore/Michigan Express,,Sat
11:26:02,146,Inner Lake Shore/Michigan Express,,Mon,Tue,Wed,Thu,Fri
07:16:56,3,King Drive,,Sat
07:47:35,147,Outer DuSable Lake Shore Express,,Sat
08:53:55,146,Inner Lake Shore/Michigan Express,,Sat
11:58:06,146,Inner Lake Shore/Michigan Express,,Mon,Tue,Wed,Thu,Fri
09:59:49,146,Inner Lake Shore/Michigan Express,,Mon,Tue,Wed,Thu,Fri
09:10:35,151,Sheridan,,Sun
11:47:18,151,Sheridan,,Sat
09:37:46,157,Streeterville/Taylor,,Mon,Tue,Wed,Thu,Fri
11:44:34,3,King Drive,,Sun
14:40:31,151,Sheridan,,Mon,Tue,Wed,Thu,Fri
08:54:32,147,Outer DuSable Lake Shore Express,,Mon,Tue,Wed,Thu,Fri
10:24:16,157,Streeterville/Taylor,,Mon,Tue,Wed,Thu,Fri
10:58:32,146,Inner Lake Shore/Michigan Express,,Mon,Tue,Wed,Thu,Fri
13:38:00,3,King Drive,,Sun
18:32:31,151,Sheridan,,Mon,Tue,Wed,Thu,Fri
09:38:51,3,King Drive,,Sat
18:32:31,151,Sheridan,,Mon,Tue,Wed,Thu,Fri
09:12:46,143,Stockton/Michigan Express,,Mon,Tue,Wed,Thu,Fri
11:26:16,147,Outer DuSable Lake Shore Express,,Mon,Tue,Wed,Thu,Fri
23:10:03,151,Sheridan,,Sat
15:56:44,151,Sheridan,,Sat
19:27:48,147,Outer DuSable Lake Shore Express,,Mon,Tue,Wed,Thu,Fri
20:56:17,3,King Drive,,Mon,Tue,Wed,Thu,Fri
06:43:34,146,Inner Lake Shore/Michigan Express,,Sat
07:37:03,147,Outer DuSable Lake Shore Express,,Mon,Tue,Wed,Thu,Fri
18:42:18,147,Outer DuSable Lake Shore Express,,Sun
24:26:53,151,Sheridan,,Mon,Tue,Wed,Thu,Fri
14:13:30,3,King Drive,,Sun
11:27:25,157,Streeterville/Taylor,,Mon,Tue,Wed,Thu,Fri
18:30:30,3,King Drive,,Mon,Tue,Wed,Thu,Fri
21:14:58,146,Inner Lake Shore/Michigan Express,,Mon,Tue,Wed,Thu,Fri
06:01:52,151,Sheridan,,Sun
10:34:18,147,Outer DuSable Lake Shore Express,,Sun
07:16:54,2,Hyde Park Express,,Mon,Tue,Wed,Thu,Fri
10:46:48,147,Outer DuSable Lake Shore Express,,Sat
13:04:01,147,Outer DuSable Lake Shore Express,,Sat
06:33:50,151,Sheridan,,Mon,Tue,Wed,Thu,Fri
08:32:02,146,Inner Lake Shore/Michigan Express,,Mon,Tue,Wed,Thu,Fri
06:26:51,146,Inner Lake Shore/Michigan Express,,Mon,Tue,Wed,Thu,Fri
17:16:10,26,South Shore Express,,Mon,Tue,Wed,Thu,Fri
17:52:15,147,Outer DuSable Lake Shore Express,,Sat
18:39:17,3,King Drive,,Sun
15:48:15,157,Streeterville/Taylor,,Mon,Tue,Wed,Thu,Fri
08:17:02,147,Outer DuSable Lake Shore Express,,Mon,Tue,Wed,Thu,Fri
22:35:35,151,Sheridan,,Mon,Tue,Wed,Thu,Fri
20:56:01,151,Sheridan,,Sat
06:09:52,151,Sheridan,,Sat
15:58:09,26,South Shore Express,,Mon,Tue,Wed,Thu,Fri
07:04:05,143,Stockton/Michigan Express,,Mon,Tue,Wed,Thu,Fri
17:00:13,146,Inner Lake Shore/Michigan Express,,Sat
19:27:16,151,Sheridan,,Mon,Tue,Wed,Thu,Fri
14:12:15,151,Sheridan,,Sat
15:47:14,147,Outer DuSable Lake Shore Express,,Sat
07:32:12,148,Clarendon/Michigan Express,,Mon,Tue,Wed,Thu,Fri
17:59:32,146,Inner Lake Shore/Michigan Express,,Sun
12:29:47,3,King Drive,,Mon,Tue,Wed,Thu,Fri
07:10:19,147,Outer DuSable Lake Shore Express,,Mon,Tue,Wed,Thu,Fri
23:15:09,3,King Drive,,Sun
09:54:33,147,Outer DuSable Lake Shore Express,,Sat
08:23:48,151,Sheridan,,Mon,Tue,Wed,Thu,Fri
15:17:00,3,King Drive,,Mon,Tue,Wed,Thu,Fri
20:40:48,147,Outer DuSable Lake Shore Express,,Mon,Tue,Wed,Thu,Fri
14:52:15,151,Sheridan,,Sat
22:03:49,151,Sheridan,,Mon,Tue,Wed,Thu,Fri
17:48:41,157,Streeterville/Taylor,,Mon,Tue,Wed,Thu,Fri
19:54:32,146,Inner Lake Shore/Michigan Express,,Sat
23:25:20,151,Sheridan,,Mon,Tue,Wed,Thu,Fri
13:24:56,3,King Drive,,Sat
06:22:06,147,Outer DuSable Lake Shore Express,,Sat
07:47:35,147,Outer DuSable Lake Shore Express,,Sat
21:00:18,151,Sheridan,,Mon,Tue,Wed,Thu,Fri
15:40:44,151,Sheridan,,Sat
24:15:07,151,Sheridan,,Sat
06:34:36,147,Outer DuSable Lake Shore Express,,Sat
17:43:55,26,South Shore Express,,Mon,Tue,Wed,Thu,Fri
08:54:35,147,Outer DuSable Lake Shore Express,,Sat
06:45:50,151,Sheridan,,Mon,Tue,Wed,Thu,Fri
07:59:20,151,Sheridan,,Sat
10:08:12,146,Inner Lake Shore/Michigan Express,,Sun
05:44:56,3,King Drive,,Mon,Tue,Wed,Thu,Fri
10:43:18,151,Sheridan,,Sat
15:53:16,147,Outer DuSable Lake Shore Express,,Sun
19:48:18,151,Sheridan,,Sun
17:24:56,146,Inner Lake Shore/Michigan Express,,Sat
06:47:50,147,Outer DuSable Lake Shore Express,,Sat
07:58:05,147,Outer DuSable Lake Shore Express,,Sun
20:41:05,151,Sheridan,,Sun
22:20:50,151,Sheridan,,Sun
10:43:02,146,Inner Lake Shore/Michigan Express,,Mon,Tue,Wed,Thu,Fri
17:36:47,157,Streeterville/Taylor,,Mon,Tue,Wed,Thu,Fri
16:21:12,151,Sheridan,,Sat
07:12:50,147,Outer DuSable Lake Shore Express,,Sat
19:09:03,157,Streeterville/Taylor,,Mon,Tue,Wed,Thu,Fri
22:07:04,3,King Drive,,Mon,Tue,Wed,Thu,Fri
07:40:28,146,Inner Lake Shore/Michigan Express,,Mon,Tue,Wed,Thu,Fri
11:31:18,151,Sheridan,,Sat
21:40:32,151,Sheridan,,Sat
07:18:05,151,Sheridan,,Mon,Tue,Wed,Thu,Fri
09:32:18,147,Outer DuSable Lake Shore Express,,Mon,Tue,Wed,Thu,Fri
09:34:18,151,Sheridan,,Mon,Tue,Wed,Thu,Fri
16:12:56,3,King Drive,,Sat
10:30:51,3,King Drive,,Sat
18:27:24,26,South Shore Express,,Mon,Tue,Wed,Thu,Fri
12:40:31,151,Sheridan,,Mon,Tue,Wed,Thu,Fri
15:48:15,147,Outer DuSable Lake Shore Express,,Mon,Tue,Wed,Thu,Fri
17:24:58,151,Sheridan,,Sat
13:02:47,3,King Drive,,Mon,Tue,Wed,Thu,Fri
16:42:00,3,King Drive,,Sun
18:50:17,3,King Drive,,Sun
12:47:01,147,Outer DuSable Lake Shore Express,,Sat
18:09:15,147,Outer DuSable Lake Shore Express,,Sat
18:19:01,147,Outer DuSable Lake Shore Express,,Mon,Tue,Wed,Thu,Fri
07:52:20,151,Sheridan,,Sun
19:22:44,151,Sheridan,,Sat
13:29:49,146,Inner Lake Shore/Michigan Express,,Sun
09:04:01,143,Stockton/Michigan Express,,Mon,Tue,Wed,Thu,Fri
12:28:23,146,Inner Lake Shore/Michigan Express,,Mon,Tue,Wed,Thu,Fri
12:53:36,146,Inner Lake Shore/Michigan Express,,Sat
05:01:09,151,Sheridan,,Sun
13:45:47,3,King Drive,,Mon,Tue,Wed,Thu,Fri
06:33:50,151,Sheridan,,Mon,Tue,Wed,Thu,Fri
11:32:48,151,Sheridan,,Sun
13:38:49,146,Inner Lake Shore/Michigan Express,,Sun
24:00:36,151,Sheridan,,Sun
10:27:18,151,Sheridan,,Sat
09:33:48,151,Sheridan,,Mon,Tue,Wed,Thu,Fri
17:43:26,3,King Drive,,Sat
13:33:16,151,Sheridan,,Sun
22:24:30,3,King Drive,,Sat
22:53:19,147,Outer DuSable Lake Shore Express,,Sat
12:02:48,151,Sheridan,,Sun
20:49:02,147,Outer DuSable Lake Shore Express,,Sat
09:24:32,146,Inner Lake Shore/Michigan Express,,Mon,Tue,Wed,Thu,Fri
07:50:56,3,King Drive,,Sat
12:28:48,147,Outer DuSable Lake Shore Express,,Sat
07:34:56,3,King Drive,,Sun
10:28:28,146,Inner Lake Shore/Michigan Express,,Sun
18:14:09,157,Streeterville/Taylor,,Mon,Tue,Wed,Thu,Fri
11:07:32,146,Inner Lake Shore/Michigan Express,,Sat
07:09:25,148,Clarendon/Michigan Express,,Mon,Tue,Wed,Thu,Fri
20:40:02,147,Outer DuSable Lake Shore Express,,Sat
11:27:47,3,King Drive,,Sat
16:32:29,151,Sheridan,,Mon,Tue,Wed,Thu,Fri
11:44:34,3,King Drive,,Sun
07:24:53,157,Streeterville/Taylor,,Mon,Tue,Wed,Thu,Fri
09:01:02,148,Clarendon/Michigan Express,,Mon,Tue,Wed,Thu,Fri
10:19:03,151,Sheridan,,Sat
23:55:09,3,King Drive,,Sun
07:58:48,151,Sheridan,,Mon,Tue,Wed,Thu,Fri
11:54:48,147,Outer DuSable Lake Shore Express,,Sat
13:09:46,147,Outer DuSable Lake Shore Express,,Mon,Tue,Wed,Thu,Fri
20:11:01,151,Sheridan,,Sat
11:16:47,3,King Drive,,Sat
13:49:02,147,Outer DuSable Lake Shore Express,,Sun
11:27:25,157,Streeterville/Taylor,,Mon,Tue,Wed,Thu,Fri
17:51:21,2,Hyde Park Express,,Mon,Tue,Wed,Thu,Fri
13:15:48,147,Outer DuSable Lake Shore Express,,Sun
05:44:51,146,Inner Lake Shore/Michigan Express,,Mon,Tue,Wed,Thu,Fri
08:38:05,147,Outer DuSable Lake Shore Express,,Sun
09:12:51,3,King Drive,,Sat
09:49:58,146,Inner Lake Shore/Michigan Express,,Sat
12:05:32,146,Inner Lake Shore/Michigan Express,,Sat
16:15:37,157,Streeterville/Taylor,,Mon,Tue,Wed,Thu,Fri
15:11:00,3,King Drive,,Sun
16:55:49,146,Inner Lake Shore/Michigan Express,,Sun
12:21:18,147,Outer DuSable Lake Shore Express,,Sat
08:53:48,151,Sheridan,,Mon,Tue,Wed,Thu,Fri
18:14:30,3,King Drive,,Mon,Tue,Wed,Thu,Fri
09:23:29,157,Streeterville/Taylor,,Mon,Tue,Wed,Thu,Fri
09:26:54,2,Hyde Park Express,,Mon,Tue,Wed,Thu,Fri
17:32:26,3,King Drive,,Mon,Tue,Wed,Thu,Fri
11:50:45,146,Inner Lake Shore/Michigan Express,,Sun
18:09:32,146,Inner Lake Shore/Michigan Express,,Sun
16:03:23,146,Inner Lake Shore/Michigan Express,,Mon,Tue,Wed,Thu,Fri
08:48:04,3,King Drive,,Mon,Tue,Wed,Thu,Fri
17:09:12,151,Sheridan,,Sat
14:33:31,147,Outer DuSable Lake Shore Express,,Mon,Tue,Wed,Thu,Fri
08:22:45,148,Clarendon/Michigan Express,,Mon,Tue,Wed,Thu,Fri
11:49:32,146,Inner Lake Shore/Michigan Express,,Sat
11:37:48,147,Outer DuSable Lake Shore Express,,Sun
19:34:02,146,Inner Lake Shore/Michigan Express,,Mon,Tue,Wed,Thu,Fri
13:51:56,3,King Drive,,Sat
21:29:42,146,Inner Lake Shore/Michigan Express,,Mon,Tue,Wed,Thu,Fri
20:13:18,151,Sheridan,,Mon,Tue,Wed,Thu,Fri
10:24:51,3,King Drive,,Sun
06:27:40,157,Streeterville/Taylor,,Mon,Tue,Wed,Thu,Fri
12:20:01,151,Sheridan,,Sat
22:10:18,151,Sheridan,,Sat
13:47:49,146,Inner Lake Shore/Michigan Express,,Sun
15:18:01,151,Sheridan,,Mon,Tue,Wed,Thu,Fri
20:56:17,3,King Drive,,Mon,Tue,Wed,Thu,Fri
15:27:56,146,Inner Lake Shore/Michigan Express,,Sat
07:06:42,146,Inner Lake Shore/Michigan Express,,Mon,Tue,Wed,Thu,Fri
11:26:34,3,King Drive,,Mon,Tue,Wed,Thu,Fri
22:39:30,3,King Drive,,Sat
10:14:18,147,Outer DuSable Lake Shore Express,,Sun
07:29:28,146,Inner Lake Shore/Michigan Express,,Mon,Tue,Wed,Thu,Fri
13:23:16,151,Sheridan,,Sun
20:12:53,26,South Shore Express,,Mon,Tue,Wed,Thu,Fri
17:43:45,147,Outer DuSable Lake Shore Express,,Sat
06:27:35,147,Outer DuSable Lake Shore Express,,Mon,Tue,Wed,Thu,Fri
09:23:48,151,Sheridan,,Mon,Tue,Wed,Thu,Fri
16:48:56,3,King Drive,,Sat
12:40:47,3,King Drive,,Mon,Tue,Wed,Thu,Fri
07:28:19,151,Sheridan,,Mon,Tue,Wed,Thu,Fri
14:00:02,147,Outer DuSable Lake Shore Express,,Sun
08:55:19,146,Inner Lake Shore/Michigan Express,,Mon,Tue,Wed,Thu,Fri
15:52:53,146,Inner Lake Shore/Michigan Express,,Mon,Tue,Wed,Thu,Fri
17:00:13,146,Inner Lake Shore/Michigan Express,,Sat
13:22:46,147,Outer DuSable Lake Shore Express,,Mon,Tue,Wed,Thu,Fri
07:47:28,148,Clarendon/Michigan Express,,Mon,Tue,Wed,Thu,Fri
10:15:16,147,Outer DuSable Lake Shore Express,,Mon,Tue,Wed,Thu,Fri
12:09:34,3,King Drive,,Sun
09:45:49,147,Outer DuSable Lake Shore Express,,Sat
17:33:40,26,South Shore Express,,Mon,Tue,Wed,Thu,Fri
16:00:45,147,Outer DuSable Lake Shore Express,,Mon,Tue,Wed,Thu,Fri
15:00:23,146,Inner Lake Shore/Michigan Express,,Mon,Tue,Wed,Thu,Fri
09:23:48,151,Sheridan,,Mon,Tue,Wed,Thu,Fri
18:15:24,26,South Shore Express,,Mon,Tue,Wed,Thu,Fri
08:30:31,143,Stockton/Michigan Express,,Mon,Tue,Wed,Thu,Fri
16:00:45,147,Outer DuSable Lake Shore Express,,Mon,Tue,Wed,Thu,Fri
17:16:26,146,Inner Lake Shore/Michigan Express,,Mon,Tue,Wed,Thu,Fri
15:09:31,151,Sheridan,,Mon,Tue,Wed,Thu,Fri
06:59:52,151,Sheridan,,Sat
16:04:44,151,Sheridan,,Sat
00:12:56,3,King Drive,,Tue,Wed,Thu,Fri,Sat
20:04:03,151,Sheridan,,Sun
15:06:02,147,Outer DuSable Lake Shore Express,,Sun
06:36:50,147,Outer DuSable Lake Shore Express,,Sun
17:38:26,3,King Drive,,Mon,Tue,Wed,Thu,Fri
07:49:18,143,Stockton/Michigan Express,,Mon,Tue,Wed,Thu,Fri
17:49:29,151,Sheridan,,Mon,Tue,Wed,Thu,Fri
09:58:34,3,King Drive,,Mon,Tue,Wed,Thu,Fri
06:47:38,146,Inner Lake Shore/Michigan Express,,Mon,Tue,Wed,Thu,Fri
12:47:16,147,Outer DuSable Lake Shore Express,,Mon,Tue,Wed,Thu,Fri
15:35:45,151,Sheridan,,Mon,Tue,Wed,Thu,Fri
07:36:50,147,Outer DuSable Lake Shore Express,,Sat
08:50:32,148,Clarendon/Michigan Express,,Mon,Tue,Wed,Thu,Fri
17:32:58,151,Sheridan,,Sat
18:39:17,3,King Drive,,Sun
10:31:34,3,King Drive,,Mon,Tue,Wed,Thu,Fri
17:15:56,3,King Drive,,Mon,Tue,Wed,Thu,Fri
07:56:02,143,Stockton/Michigan Express,,Mon,Tue,Wed,Thu,Fri
08:38:04,3,King Drive,,Mon,Tue,Wed,Thu,Fri
12:21:32,146,Inner Lake Shore/Michigan Express,,Sat
15:10:31,147,Outer DuSable Lake Shore Express,,Mon,Tue,Wed,Thu,Fri
06:27:51,146,Inner Lake Shore/Michigan Express,,Sun
14:30:24,26,South Shore Express,,Mon,Tue,Wed,Thu,Fri
11:52:16,151,Sheridan,,Mon,Tue,Wed,Thu,Fri
14:38:45,147,Outer DuSable Lake Shore Express,,Sat
07:45:42,148,Clarendon/Michigan Express,,Mon,Tue,Wed,Thu,Fri
09:17:29,2,Hyde Park Express,,Mon,Tue,Wed,Thu,Fri
09:18:04,3,King Drive,,Mon,Tue,Wed,Thu,Fri
12:47:16,147,Outer DuSable Lake Shore Express,,Mon,Tue,Wed,Thu,Fri
08:36:45,143,Stockton/Michigan Express,,Mon,Tue,Wed,Thu,Fri
13:59:23,146,Inner Lake Shore/Michigan Express,,Mon,Tue,Wed,Thu,Fri
11:22:48,151,Sheridan,,Sun
08:45:05,147,Outer DuSable Lake Shore Express,,Sat
15:00:15,151,Sheridan,,Sat
08:08:05,147,Outer DuSable Lake Shore Express,,Sat
11:13:18,147,Outer DuSable Lake Shore Express,,Sat
10:55:29,157,Streeterville/Taylor,,Mon,Tue,Wed,Thu,Fri
20:19:19,147,Outer DuSable Lake Shore Express,,Sun
10:04:51,3,King Drive,,Sat
14:53:31,151,Sheridan,,Sun
05:21:09,151,Sheridan,,Sun
12:38:23,146,Inner Lake Shore/Michigan Express,,Sun
13:42:06,146,Inner Lake Shore/Michigan Express,,Sat
05:44:51,146,Inner Lake Shore/Michigan Express,,Mon,Tue,Wed,Thu,Fri
16:21:14,147,Outer DuSable Lake Shore Express,,Sat
10:55:28,146,Inner Lake Shore/Michigan Express,,Sun
10:21:02,146,Inner Lake Shore/Michigan Express,,Mon,Tue,Wed,Thu,Fri
13:49:23,146,Inner Lake Shore/Michigan Express,,Mon,Tue,Wed,Thu,Fri
19:42:31,147,Outer DuSable Lake Shore Express,,Sat
08:32:02,146,Inner Lake Shore/Michigan Express,,Mon,Tue,Wed,Thu,Fri
16:51:39,146,Inner Lake Shore/Michigan Express,,Mon,Tue,Wed,Thu,Fri
18:00:45,147,Outer DuSable Lake Shore Express,,Sat
19:53:13,3,King Drive,,Sat
11:47:48,147,Outer DuSable Lake Shore Express,,Sun
10:51:18,151,Sheridan,,Sat
08:49:05,147,Outer DuSable Lake Shore Express,,Sun
21:37:50,157,Streeterville/Taylor,,Mon,Tue,Wed,Thu,Fri
07:49:38,146,Inner Lake Shore/Michigan Express,,Sun
11:37:48,147,Outer DuSable Lake Shore Express,,Sat
23:29:34,3,King Drive,,Sat
10:14:19,146,Inner Lake Shore/Michigan Express,,Mon,Tue,Wed,Thu,Fri
19:39:53,26,South Shore Express,,Mon,Tue,Wed,Thu,Fri
20:33:02,146,Inner Lake Shore/Michigan Express,,Sat
06:36:51,146,Inner Lake Shore/Michigan Express,,Mon,Tue,Wed,Thu,Fri
24:15:07,151,Sheridan,,Sat
21:57:30,3,King Drive,,Sat
11:47:47,3,King Drive,,Sat
12:36:15,151,Sheridan,,Sat
09:52:03,147,Outer DuSable Lake Shore Express,,Sun
08:46:35,151,Sheridan,,Sun
12:47:23,146,Inner Lake Shore/Michigan Express,,Sun
12:16:31,151,Sheridan,,Mon,Tue,Wed,Thu,Fri
21:32:03,151,Sheridan,,Mon,Tue,Wed,Thu,Fri
08:10:29,2,Hyde Park Express,,Mon,Tue,Wed,Thu,Fri
09:30:19,147,Outer DuSable Lake Shore Express,,Sun
10:32:33,151,Sheridan,,Sun
14:38:45,147,Outer DuSable Lake Shore Express,,Sat
16:21:12,151,Sheridan,,Sat
14:48:00,3,King Drive,,Sun
21:45:04,3,King Drive,,Mon,Tue,Wed,Thu,Fri
12:43:02,151,Sheridan,,Sun
10:52:02,151,Sheridan,,Mon,Tue,Wed,Thu,Fri
13:26:48,147,Outer DuSable Lake Shore Express,,Sun
09:18:55,146,Inner Lake Shore/Michigan Express,,Sun
13:16:31,151,Sheridan,,Mon,Tue,Wed,Thu,Fri
11:41:32,146,Inner Lake Shore/Michigan Express,,Sat
17:03:31,151,Sheridan,,Sun
22:50:12,146,Inner Lake Shore/Michigan Express,,Sat
07:41:18,143,Stockton/Michigan Express,,Mon,Tue,Wed,Thu,Fri
10:28:28,146,Inner Lake Shore/Michigan Express,,Sun
20:56:01,151,Sheridan,,Sat
09:11:35,147,Outer DuSable Lake Shore Express,,Sat
20:11:01,151,Sheridan,,Sat
18:36:16,147,Outer DuSable Lake Shore Express,,Mon,Tue,Wed,Thu,Fri
09:13:48,151,Sheridan,,Mon,Tue,Wed,Thu,Fri
24:35:07,151,Sheridan,,Sat
16:12:45,147,Outer DuSable Lake Shore Express,,Mon,Tue,Wed,Thu,Fri
12:22:04,3,King Drive,,Sun
15:45:13,146,Inner Lake Shore/Michigan Express,,Sat
22:25:03,151,Sheridan,,Sat
08:50:19,146,Inner Lake Shore/Michigan Express,,Mon,Tue,Wed,Thu,Fri
16:53:12,151,Sheridan,,Sat
11:05:47,3,King Drive,,Sat
19:34:01,147,Outer DuSable Lake Shore Express,,Sat
00:29:56,3,King Drive,,Tue,Wed,Thu,Fri,Sat
18:23:06,146,Inner Lake Shore/Michigan Express,,Mon,Tue,Wed,Thu,Fri
05:49:52,151,Sheridan,,Sat
18:43:14,2,Hyde Park Express,,Mon,Tue,Wed,Thu,Fri
08:56:31,143,Stockton/Michigan Express,,Mon,Tue,Wed,Thu,Fri
07:35:58,146,Inner Lake Shore/Michigan Express,,Mon,Tue,Wed,Thu,Fri
12:43:02,151,Sheridan,,Sun
19:19:32,146,Inner Lake Shore/Michigan Express,,Sun
16:47:32,147,Outer DuSable Lake Shore Express,,Sun
00:55:07,151,Sheridan,,Sun
09:32:29,2,Hyde Park Express,,Mon,Tue,Wed,Thu,Fri
12:37:36,146,Inner Lake Shore/Michigan Express,,Sat
15:57:00,3,King Drive,,Sun
16:42:56,3,King Drive,,Mon,Tue,Wed,Thu,Fri
15:57:00,3,King Drive,,Sun
19:46:18,147,Outer DuSable Lake Shore Express,,Mon,Tue,Wed,Thu,Fri
06:43:21,148,Clarendon/Michigan Express,,Mon,Tue,Wed,Thu,Fri
13:28:31,151,Sheridan,,Mon,Tue,Wed,Thu,Fri
11:47:18,151,Sheridan,,Sat
22:10:30,3,King Drive,,Sat
14:00:39,157,Streeterville/Taylor,,Mon,Tue,Wed,Thu,Fri
06:53:09,3,King Drive,,Mon,Tue,Wed,Thu,Fri
08:33:02,148,Clarendon/Michigan Express,,Mon,Tue,Wed,Thu,Fri
15:53:31,151,Sheridan,,Sun
20:44:18,151,Sheridan,,Mon,Tue,Wed,Thu,Fri
17:59:32,146,Inner Lake Shore/Michigan Express,,Sun
17:46:00,3,King Drive,,Sun
21:40:50,151,Sheridan,,Sun
22:54:19,147,Outer DuSable Lake Shore Express,,Mon,Tue,Wed,Thu,Fri
18:28:17,3,King Drive,,Sun
07:14:20,147,Outer DuSable Lake Shore Express,,Sun
19:39:53,26,South Shore Express,,Mon,Tue,Wed,Thu,Fri
09:42:28,146,Inner Lake Shore/Michigan Express,,Sat
09:54:02,151,Sheridan,,Mon,Tue,Wed,Thu,Fri
22:48:21,146,Inner Lake Shore/Michigan Express,,Sun
07:10:19,147,Outer DuSable Lake Shore Express,,Mon,Tue,Wed,Thu,Fri
06:36:56,3,King Drive,,Sat
09:25:51,3,King Drive,,Sat
10:55:16,147,Outer DuSable Lake Shore Express,,Mon,Tue,Wed,Thu,Fri
06:08:06,147,Outer DuSable Lake Shore Express,,Sat
23:08:08,146,Inner Lake Shore/Michigan Express,,Mon,Tue,Wed,Thu,Fri
19:33:13,3,King Drive,,Sat
07:30:20,151,Sheridan,,Sat
08:58:51,3,King Drive,,Sat
09:08:04,3,King Drive,,Mon,Tue,Wed,Thu,Fri
12:48:23,146,Inner Lake Shore/Michigan Express,,Mon,Tue,Wed,Thu,Fri
17:26:00,3,King Drive,,Sun
19:58:02,151,Sheridan,,Mon,Tue,Wed,Thu,Fri
09:06:38,146,Inner Lake Shore/Michigan Express,,Sun
07:02:06,151,Sheridan,,Sun
11:25:48,147,Outer DuSable Lake Shore Express,,Sun
06:59:50,147,Outer DuSable Lake Shore Express,,Sat
22:49:08,146,Inner Lake Shore/Michigan Express,,Mon,Tue,Wed,Thu,Fri
09:42:28,146,Inner Lake Shore/Michigan Express,,Sat
16:13:31,151,Sheridan,,Sun
12:57:56,3,King Drive,,Sat
14:47:56,146,Inner Lake Shore/Michigan Express,,Sat
13:47:49,146,Inner Lake Shore/Michigan Express,,Sun
19:08:24,26,South Shore Express,,Mon,Tue,Wed,Thu,Fri
07:04:40,157,Streeterville/Taylor,,Mon,Tue,Wed,Thu,Fri
13:00:15,151,Sheridan,,Sat
17:45:01,151,Sheridan,,Sun
08:37:05,147,Outer DuSable Lake Shore Express,,Sat
21:16:18,151,Sheridan,,Mon,Tue,Wed,Thu,Fri
10:10:49,151,Sheridan,,Sun
09:02:05,147,Outer DuSable Lake Shore Express,,Sat
08:34:20,151,Sheridan,,Sun
16:34:43,146,Inner Lake Shore/Michigan Express,,Sat
19:41:50,157,Streeterville/Taylor,,Mon,Tue,Wed,Thu,Fri
06:27:35,147,Outer DuSable Lake Shore Express,,Mon,Tue,Wed,Thu,Fri
22:14:19,147,Outer DuSable Lake Shore Express,,Mon,Tue,Wed,Thu,Fri
07:45:20,151,Sheridan,,Sat
08:49:05,147,Outer DuSable Lake Shore Express,,Sun
06:58:05,151,Sheridan,,Mon,Tue,Wed,Thu,Fri
07:43:08,146,Inner Lake Shore/Michigan Express,,Sat
11:52:16,151,Sheridan,,Mon,Tue,Wed,Thu,Fri
18:43:54,2,Hyde Park Express,,Mon,Tue,Wed,Thu,Fri
07:15:06,151,Sheridan,,Sat
17:10:32,147,Outer DuSable Lake Shore Express,,Sun
15:13:14,147,Outer DuSable Lake Shore Express,,Sat
13:05:23,146,Inner Lake Shore/Michigan Express,,Sun
23:46:21,3,King Drive,,Sat
10:19:28,146,Inner Lake Shore/Michigan Express,,Sun
08:58:35,151,Sheridan,,Sun
10:15:16,147,Outer DuSable Lake Shore Express,,Mon,Tue,Wed,Thu,Fri
14:35:22,157,Streeterville/Taylor,,Mon,Tue,Wed,Thu,Fri
24:35:07,151,Sheridan,,Sat
10:08:46,157,Streeterville/Taylor,,Mon,Tue,Wed,Thu,Fri
08:37:05,147,Outer DuSable Lake Shore Express,,Sat
17:15:56,3,King Drive,,Mon,Tue,Wed,Thu,Fri
10:28:02,146,Inner Lake Shore/Michigan Express,,Mon,Tue,Wed,Thu,Fri
11:20:48,147,Outer DuSable Lake Shore Express,,Sat
08:58:04,3,King Drive,,Mon,Tue,Wed,Thu,Fri
13:04:31,151,Sheridan,,Mon,Tue,Wed,Thu,Fri
16:59:26,3,King Drive,,Mon,Tue,Wed,Thu,Fri
14:43:31,151,Sheridan,,Sun
15:04:29,147,Outer DuSable Lake Shore Express,,Sat
08:06:08,146,Inner Lake Shore/Michigan Express,,Sat
10:19:03,151,Sheridan,,Sat
11:06:16,147,Outer DuSable Lake Shore Express,,Mon,Tue,Wed,Thu,Fri
20:37:19,147,Outer DuSable Lake Shore Express,,Sun
19:18:32,151,Sheridan,,Sun
17:08:43,146,Inner Lake Shore/Michigan Express,,Sat
16:13:02,147,Outer DuSable Lake Shore Express,,Sun
10:27:28,146,Inner Lake Shore/Michigan Express,,Sat
16:01:00,3,King Drive,,Mon,Tue,Wed,Thu,Fri
18:09:23,2,Hyde Park Express,,Mon,Tue,Wed,Thu,Fri
10:39:51,3,King Drive,,Sun
08:49:02,147,Outer DuSable Lake Shore Express,,Mon,Tue,Wed,Thu,Fri
15:52:53,146,Inner Lake Shore/Michigan Express,,Mon,Tue,Wed,Thu,Fri
19:53:13,3,King Drive,,Sat
19:39:49,146,Inner Lake Shore/Michigan Express,,Sat
21:17:03,147,Outer DuSable Lake Shore Express,,Mon,Tue,Wed,Thu,Fri
21:09:38,146,Inner Lake Shore/Michigan Express,,Sun
18:16:14,2,Hyde Park Express,,Mon,Tue,Wed,Thu,Fri
18:02:01,147,Outer DuSable Lake Shore Express,,Mon,Tue,Wed,Thu,Fri
20:30:02,147,Outer DuSable Lake Shore Express,,Sat
12:29:32,146,Inner Lake Shore/Michigan Express,,Sat
15:34:00,3,King Drive,,Sun
11:41:32,146,Inner Lake Shore/Michigan Express,,Sat
20:11:28,146,Inner Lake Shore/Michigan Express,,Sun
07:56:02,143,Stockton/Michigan Express,,Mon,Tue,Wed,Thu,Fri
16:21:56,3,King Drive,,Sat
18:01:31,157,Streeterville/Taylor,,Mon,Tue,Wed,Thu,Fri
21:29:08,146,Inner Lake Shore/Michigan Express,,Sun
12:29:47,3,King Drive,,Mon,Tue,Wed,Thu,Fri
21:54:49,147,Outer DuSable Lake Shore Express,,Mon,Tue,Wed,Thu,Fri
08:43:48,151,Sheridan,,Mon,Tue,Wed,Thu,Fri
16:51:43,146,Inner Lake Shore/Michigan Express,,Sat
19:03:32,151,Sheridan,,Sun
08:29:32,147,Outer DuSable Lake Shore Express,,Mon,Tue,Wed,Thu,Fri
10:02:03,147,Outer DuSable Lake Shore Express,,Sun
09:11:42,146,Inner Lake Shore/Michigan Express,,Sat
08:54:20,151,Sheridan,,Sat
14:13:24,26,South Shore Express,,Mon,Tue,Wed,Thu,Fri
14:05:49,146,Inner Lake Shore/Michigan Express,,Sun
08:12:02,147,Outer DuSable Lake Shore Express,,Mon,Tue,Wed,Thu,Fri
08:41:49,146,Inner Lake Shore/Michigan Express,,Mon,Tue,Wed,Thu,Fri
19:04:49,147,Outer DuSable Lake Shore Express,,Sun
15:35:56,146,Inner Lake Shore/Michigan Express,,Sat
17:28:26,146,Inner Lake Shore/Michigan Express,,Mon,Tue,Wed,Thu,Fri
10:42:33,151,Sheridan,,Sun
18:34:45,147,Outer DuSable Lake Shore Express,,Sat
10:59:18,151,Sheridan,,Sat
07:43:33,151,Sheridan,,Mon,Tue,Wed,Thu,Fri
08:45:49,146,Inner Lake Shore/Michigan Express,,Mon,Tue,Wed,Thu,Fri
08:41:49,146,Inner Lake Shore/Michigan Express,,Mon,Tue,Wed,Thu,Fri
08:20:02,148,Clarendon/Michigan Express,,Mon,Tue,Wed,Thu,Fri
11:55:32,151,Sheridan,,Sat
16:45:12,151,Sheridan,,Sat
20:28:48,151,Sheridan,,Mon,Tue,Wed,Thu,Fri
15:26:31,151,Sheridan,,Mon,Tue,Wed,Thu,Fri
17:54:09,26,South Shore Express,,Mon,Tue,Wed,Thu,Fri
17:12:44,151,Sheridan,,Mon,Tue,Wed,Thu,Fri
09:53:16,157,Streeterville/Taylor,,Mon,Tue,Wed,Thu,Fri
22:33:19,147,Outer DuSable Lake Shore Express,,Sat
19:30:19,147,Outer DuSable Lake Shore Express,,Sun
14:21:31,147,Outer DuSable Lake Shore Express,,Sat
08:01:28,148,Clarendon/Michigan Express,,Mon,Tue,Wed,Thu,Fri
13:11:49,146,Inner Lake Shore/Michigan Express,,Sun
08:59:02,151,Sheridan,,Mon,Tue,Wed,Thu,Fri
18:02:58,151,Sheridan,,Sat
14:39:56,146,Inner Lake Shore/Michigan Express,,Sat
18:54:24,26,South Shore Express,,Mon,Tue,Wed,Thu,Fri
18:59:45,147,Outer DuSable Lake Shore Express,,Sat
15:03:31,151,Sheridan,,Sun
21:29:42,146,Inner Lake Shore/Michigan Express,,Mon,Tue,Wed,Thu,Fri
17:32:58,151,Sheridan,,Sat
17:49:56,146,Inner Lake Shore/Michigan Express,,Sat
20:11:28,146,Inner Lake Shore/Michigan Express,,Sun
18:16:01,151,Sheridan,,Sun
21:29:08,146,Inner Lake Shore/Michigan Express,,Sun
16:43:31,151,Sheridan,,Sun
21:56:04,3,King Drive,,Mon,Tue,Wed,Thu,Fri
22:31:04,3,King Drive,,Mon,Tue,Wed,Thu,Fri
13:15:56,3,King Drive,,Sat
13:24:56,3,King Drive,,Sat
21:10:46,151,Sheridan,,Sat
19:57:17,3,King Drive,,Mon,Tue,Wed,Thu,Fri
14:54:56,3,King Drive,,Sat
20:31:58,146,Inner Lake Shore/Michigan Express,,Mon,Tue,Wed,Thu,Fri
16:43:13,146,Inner Lake Shore/Michigan Express,,Sat
05:56:56,3,King Drive,,Sat
10:23:18,147,Outer DuSable Lake Shore Express,,Sun
09:57:28,146,Inner Lake Shore/Michigan Express,,Sat
21:14:58,146,Inner Lake Shore/Michigan Express,,Mon,Tue,Wed,Thu,Fri
16:46:49,146,Inner Lake Shore/Michigan Express,,Sun
19:07:36,146,Inner Lake Shore/Michigan Express,,Mon,Tue,Wed,Thu,Fri
06:04:20,147,Outer DuSable Lake Shore Express,,Mon,Tue,Wed,Thu,Fri
20:04:48,147,Outer DuSable Lake Shore Express,,Mon,Tue,Wed,Thu,Fri
14:23:49,146,Inner Lake Shore/Michigan Express,,Sun
21:38:33,147,Outer DuSable Lake Shore Express,,Sat
20:26:30,3,King Drive,,Sat
11:13:28,146,Inner Lake Shore/Michigan Express,,Sun
19:30:19,147,Outer DuSable Lake Shore Express,,Sun
13:41:01,151,Sheridan,,Mon,Tue,Wed,Thu,Fri
12:47:04,3,King Drive,,Sun
07:15:12,146,Inner Lake Shore/Michigan Express,,Mon,Tue,Wed,Thu,Fri
14:46:24,26,South Shore Express,,Mon,Tue,Wed,Thu,Fri
19:42:32,151,Sheridan,,Mon,Tue,Wed,Thu,Fri
07:48:48,151,Sheridan,,Mon,Tue,Wed,Thu,Fri
05:36:56,3,King Drive,,Sat
17:01:44,151,Sheridan,,Mon,Tue,Wed,Thu,Fri
19:03:32,146,Inner Lake Shore/Michigan Express,,Sun
14:09:56,3,King Drive,,Sat
08:16:56,3,King Drive,,Sun
07:24:53,157,Streeterville/Taylor,,Mon,Tue,Wed,Thu,Fri
13:04:31,151,Sheridan,,Mon,Tue,Wed,Thu,Fri
06:47:51,146,Inner Lake Shore/Michigan Express,,Sun
15:11:56,146,Inner Lake Shore/Michigan Express,,Sat
15:36:56,3,King Drive,,Sat
10:28:02,151,Sheridan,,Mon,Tue,Wed,Thu,Fri
20:26:17,3,King Drive,,Mon,Tue,Wed,Thu,Fri
09:59:49,146,Inner Lake Shore/Michigan Express,,Mon,Tue,Wed,Thu,Fri
12:38:18,147,Outer DuSable Lake Shore Express,,Sat
22:56:30,3,King Drive,,Sat
07:49:18,143,Stockton/Michigan Express,,Mon,Tue,Wed,Thu,Fri
10:04:02,151,Sheridan,,Mon,Tue,Wed,Thu,Fri
11:37:34,3,King Drive,,Mon,Tue,Wed,Thu,Fri
11:58:06,146,Inner Lake Shore/Michigan Express,,Mon,Tue,Wed,Thu,Fri
10:06:49,146,Inner Lake Shore/Michigan Express,,Mon,Tue,Wed,Thu,Fri
08:01:58,146,Inner Lake Shore/Michigan Express,,Mon,Tue,Wed,Thu,Fri
22:14:08,146,Inner Lake Shore/Michigan Express,,Mon,Tue,Wed,Thu,Fri
14:36:30,3,King Drive,,Sun
12:57:56,3,King Drive,,Sat
06:39:21,148,Clarendon/Michigan Express,,Mon,Tue,Wed,Thu,Fri
19:45:19,147,Outer DuSable Lake Shore Express,,Sun
08:39:02,148,Clarendon/Michigan Express,,Mon,Tue,Wed,Thu,Fri
16:45:10,26,South Shore Express,,Mon,Tue,Wed,Thu,Fri
09:58:35,151,Sheridan,,Sun
17:35:15,147,Outer DuSable Lake Shore Express,,Sat
11:07:18,151,Sheridan,,Sat
09:08:04,3,King Drive,,Mon,Tue,Wed,Thu,Fri
10:51:32,146,Inner Lake Shore/Michigan Express,,Sat
09:59:12,146,Inner Lake Shore/Michigan Express,,Sun
15:42:23,146,Inner Lake Shore/Michigan Express,,Mon,Tue,Wed,Thu,Fri
16:37:10,26,South Shore Express,,Mon,Tue,Wed,Thu,Fri
16:18:43,3,King Drive,,Mon,Tue,Wed,Thu,Fri
06:21:52,151,Sheridan,,Sun
12:15:16,147,Outer DuSable Lake Shore Express,,Mon,Tue,Wed,Thu,Fri
09:19:02,146,Inner Lake Shore/Michigan Express,,Mon,Tue,Wed,Thu,Fri
13:33:36,146,Inner Lake Shore/Michigan Express,,Sat
23:20:50,151,Sheridan,,Sun
09:32:02,146,Inner Lake Shore/Michigan Express,,Mon,Tue,Wed,Thu,Fri
14:59:31,151,Sheridan,,Mon,Tue,Wed,Thu,Fri
07:08:05,151,Sheridan,,Mon,Tue,Wed,Thu,Fri
19:34:01,147,Outer DuSable Lake Shore Express,,Sat
19:23:13,3,King Drive,,Sat
17:17:12,151,Sheridan,,Sat
17:04:00,3,King Drive,,Sun
15:45:56,3,King Drive,,Sat
19:13:14,2,Hyde Park Express,,Mon,Tue,Wed,Thu,Fri
06:13:26,3,King Drive,,Mon,Tue,Wed,Thu,Fri
12:03:32,151,Sheridan,,Sat
15:19:56,146,Inner Lake Shore/Michigan Express,,Sat
16:41:29,151,Sheridan,,Mon,Tue,Wed,Thu,Fri
07:41:18,147,Outer DuSable Lake Shore Express,,Mon,Tue,Wed,Thu,Fri
09:50:12,146,Inner Lake Shore/Michigan Express,,Sun
11:47:18,147,Outer DuSable Lake Shore Express,,Sat
07:52:24,2,Hyde Park Express,,Mon,Tue,Wed,Thu,Fri
07:41:18,143,Stockton/Michigan Express,,Mon,Tue,Wed,Thu,Fri
10:43:32,146,Inner Lake Shore/Michigan Express,,Sat
15:27:56,3,King Drive,,Sat
23:10:03,151,Sheridan,,Sat
22:17:50,147,Outer DuSable Lake Shore Express,,Sun
15:37:09,26,South Shore Express,,Mon,Tue,Wed,Thu,Fri
22:19:04,3,King Drive,,Mon,Tue,Wed,Thu,Fri
12:11:46,151,Sheridan,,Sat
12:28:43,3,King Drive,,Sat
09:19:32,148,Clarendon/Michigan Express,,Mon,Tue,Wed,Thu,Fri
18:03:59,2,Hyde Park Express,,Mon,Tue,Wed,Thu,Fri
14:14:06,146,Inner Lake Shore/Michigan Express,,Sat
06:54:40,157,Streeterville/Taylor,,Mon,Tue,Wed,Thu,Fri
09:30:55,146,Inner Lake Shore/Michigan Express,,Sun
11:32:04,3,King Drive,,Sun
14:00:56,3,King Drive,,Sat
13:06:56,3,King Drive,,Sat
08:03:48,151,Sheridan,,Mon,Tue,Wed,Thu,Fri
07:03:09,3,King Drive,,Mon,Tue,Wed,Thu,Fri
09:59:32,147,Outer DuSable Lake Shore Express,,Mon,Tue,Wed,Thu,Fri
12:05:32,146,Inner Lake Shore/Michigan Express,,Sat
08:24:20,151,Sheridan,,Sat
18:27:42,157,Streeterville/Taylor,,Mon,Tue,Wed,Thu,Fri
17:39:39,146,Inner Lake Shore/Michigan Express,,Mon,Tue,Wed,Thu,Fri
05:29:23,151,Sheridan,,Sat
15:08:15,151,Sheridan,,Sat
12:38:56,3,King Drive,,Sat
14:00:56,3,King Drive,,Sat
16:29:17,157,Streeterville/Taylor,,Mon,Tue,Wed,Thu,Fri
19:56:23,26,South Shore Express,,Mon,Tue,Wed,Thu,Fri
17:33:26,146,Inner Lake Shore/Michigan Express,,Sat
17:41:56,146,Inner Lake Shore/Michigan Express,,Sat
18:22:32,146,Inner Lake Shore/Michigan Express,,Sun
23:55:09,3,King Drive,,Sun
07:53:33,151,Sheridan,,Mon,Tue,Wed,Thu,Fri
09:59:32,147,Outer DuSable Lake Shore Express,,Mon,Tue,Wed,Thu,Fri
11:20:48,147,Outer DuSable Lake Shore Express,,Sat
18:07:00,3,King Drive,,Sun
07:19:19,143,Stockton/Michigan Express,,Mon,Tue,Wed,Thu,Fri
13:32:15,151,Sheridan,,Sat
18:28:01,151,Sheridan,,Sun
12:22:48,151,Sheridan,,Sun
07:51:12,148,Clarendon/Michigan Express,,Mon,Tue,Wed,Thu,Fri
10:52:33,151,Sheridan,,Sun
16:03:31,151,Sheridan,,Sun
11:04:02,151,Sheridan,,Mon,Tue,Wed,Thu,Fri
17:17:12,151,Sheridan,,Sat
19:23:13,3,King Drive,,Sat
12:38:23,146,Inner Lake Shore/Michigan Express,,Sun
10:46:48,147,Outer DuSable Lake Shore Express,,Sat
15:51:59,2,Hyde Park Express,,Mon,Tue,Wed,Thu,Fri
10:04:51,3,King Drive,,Sat
05:50:50,147,Outer DuSable Lake Shore Express,,Mon,Tue,Wed,Thu,Fri
13:45:47,3,King Drive,,Mon,Tue,Wed,Thu,Fri
15:53:49,146,Inner Lake Shore/Michigan Express,,Sun
15:31:53,146,Inner Lake Shore/Michigan Express,,Mon,Tue,Wed,Thu,Fri
17:32:26,3,King Drive,,Mon,Tue,Wed,Thu,Fri
09:38:32,146,Inner Lake Shore/Michigan Express,,Mon,Tue,Wed,Thu,Fri
20:37:19,147,Outer DuSable Lake Shore Express,,Sun
07:58:04,3,King Drive,,Mon,Tue,Wed,Thu,Fri
13:16:31,151,Sheridan,,Mon,Tue,Wed,Thu,Fri
14:14:49,146,Inner Lake Shore/Michigan Express,,Sun
10:37:28,146,Inner Lake Shore/Michigan Express,,Sun
09:46:35,151,Sheridan,,Sun
05:50:50,147,Outer DuSable Lake Shore Express,,Mon,Tue,Wed,Thu,Fri
07:45:28,146,Inner Lake Shore/Michigan Express,,Mon,Tue,Wed,Thu,Fri
15:32:44,151,Sheridan,,Sat
15:11:00,3,King Drive,,Sun
20:49:38,146,Inner Lake Shore/Michigan Express,,Sun
16:36:02,147,Outer DuSable Lake Shore Express,,Sun
17:41:56,146,Inner Lake Shore/Michigan Express,,Sat
17:42:58,151,Sheridan,,Sat
24:03:21,3,King Drive,,Sat
18:00:45,147,Outer DuSable Lake Shore Express,,Sat
07:37:20,151,Sheridan,,Sun
06:33:09,3,King Drive,,Mon,Tue,Wed,Thu,Fri
16:23:31,151,Sheridan,,Sun
22:48:21,146,Inner Lake Shore/Michigan Express,,Sun
06:56:55,146,Inner Lake Shore/Michigan Express,,Mon,Tue,Wed,Thu,Fri
12:18:47,3,King Drive,,Mon,Tue,Wed,Thu,Fri
17:51:43,3,King Drive,,Mon,Tue,Wed,Thu,Fri
14:55:02,147,Outer DuSable Lake Shore Express,,Sun
16:15:37,157,Streeterville/Taylor,,Mon,Tue,Wed,Thu,Fri
08:23:32,146,Inner Lake Shore/Michigan Express,,Mon,Tue,Wed,Thu,Fri
18:28:26,146,Inner Lake Shore/Michigan Express,,Sat
06:04:20,147,Outer DuSable Lake Shore Express,,Mon,Tue,Wed,Thu,Fri
17:39:39,146,Inner Lake Shore/Michigan Express,,Mon,Tue,Wed,Thu,Fri
15:43:31,151,Sheridan,,Sun
21:31:30,3,King Drive,,Sat
18:42:58,151,Sheridan,,Sat
17:56:00,3,King Drive,,Sun
13:20:49,146,Inner Lake Shore/Michigan Express,,Sun
13:55:01,147,Outer DuSable Lake Shore Express,,Sat
06:13:51,146,Inner Lake Shore/Michigan Express,,Mon,Tue,Wed,Thu,Fri
14:33:31,151,Sheridan,,Sun
18:54:24,26,South Shore Express,,Mon,Tue,Wed,Thu,Fri
15:33:00,3,King Drive,,Mon,Tue,Wed,Thu,Fri
01:09:39,151,Sheridan,,Tue,Wed,Thu,Fri,Sat
06:42:40,157,Streeterville/Taylor,,Mon,Tue,Wed,Thu,Fri
08:26:08,146,Inner Lake Shore/Michigan Express,,Sat
17:23:56,157,Streeterville/Taylor,,Mon,Tue,Wed,Thu,Fri
11:12:48,151,Sheridan,,Sun
08:54:59,157,Streeterville/Taylor,,Mon,Tue,Wed,Thu,Fri
13:13:47,3,King Drive,,Mon,Tue,Wed,Thu,Fri
20:44:18,151,Sheridan,,Mon,Tue,Wed,Thu,Fri
09:18:05,147,Outer DuSable Lake Shore Express,,Sun
07:31:03,147,Outer DuSable Lake Shore Express,,Mon,Tue,Wed,Thu,Fri
08:58:04,3,King Drive,,Mon,Tue,Wed,Thu,Fri
21:54:49,147,Outer DuSable Lake Shore Express,,Mon,Tue,Wed,Thu,Fri
17:43:45,147,Outer DuSable Lake Shore Express,,Sat
15:54:56,3,King Drive,,Sat
21:27:48,147,Outer DuSable Lake Shore Express,,Sat
18:12:58,151,Sheridan,,Sat
23:14:20,147,Outer DuSable Lake Shore Express,,Sun
10:59:32,146,Inner Lake Shore/Michigan Express,,Sat
14:50:01,151,Sheridan,,Mon,Tue,Wed,Thu,Fri
19:13:13,3,King Drive,,Sat
10:19:58,146,Inner Lake Shore/Michigan Express,,Sat
13:38:01,147,Outer DuSable Lake Shore Express,,Sat
24:03:21,3,King Drive,,Sat
10:46:16,147,Outer DuSable Lake Shore Express,,Mon,Tue,Wed,Thu,Fri
07:48:18,147,Outer DuSable Lake Shore Express,,Mon,Tue,Wed,Thu,Fri
21:50:28,146,Inner Lake Shore/Michigan Express,,Sat
13:43:16,151,Sheridan,,Sun
17:35:14,151,Sheridan,,Mon,Tue,Wed,Thu,Fri
12:52:39,157,Streeterville/Taylor,,Mon,Tue,Wed,Thu,Fri
20:16:58,146,Inner Lake Shore/Michigan Express,,Mon,Tue,Wed,Thu,Fri
10:20:34,3,King Drive,,Mon,Tue,Wed,Thu,Fri
07:52:48,147,Outer DuSable Lake Shore Express,,Mon,Tue,Wed,Thu,Fri
14:36:15,151,Sheridan,,Sat
15:22:30,3,King Drive,,Sun
14:50:49,146,Inner Lake Shore/Michigan Express,,Sun
10:35:32,146,Inner Lake Shore/Michigan Express,,Sat
21:06:04,3,King Drive,,Sun
08:24:46,143,Stockton/Michigan Express,,Mon,Tue,Wed,Thu,Fri
16:53:56,3,King Drive,,Mon,Tue,Wed,Thu,Fri
19:13:13,3,King Drive,,Sat
13:00:15,151,Sheridan,,Sat
17:22:02,147,Outer DuSable Lake Shore Express,,Sun
16:03:59,2,Hyde Park Express,,Mon,Tue,Wed,Thu,Fri
13:55:38,26,South Shore Express,,Mon,Tue,Wed,Thu,Fri
18:32:58,151,Sheridan,,Sat
12:08:45,146,Inner Lake Shore/Michigan Express,,Sun
13:15:56,3,King Drive,,Sat
20:33:02,146,Inner Lake Shore/Michigan Express,,Sat
09:58:35,151,Sheridan,,Sun
21:18:30,3,King Drive,,Sat
09:37:46,157,Streeterville/Taylor,,Mon,Tue,Wed,Thu,Fri
13:04:01,147,Outer DuSable Lake Shore Express,,Sat
09:09:05,147,Outer DuSable Lake Shore Express,,Sun
16:13:00,3,King Drive,,Mon,Tue,Wed,Thu,Fri
23:13:19,147,Outer DuSable Lake Shore Express,,Sat
09:46:35,151,Sheridan,,Sun
22:35:51,3,King Drive,,Sun
19:49:17,3,King Drive,,Sun
07:45:20,151,Sheridan,,Sat
16:38:53,146,Inner Lake Shore/Michigan Express,,Mon,Tue,Wed,Thu,Fri
14:20:15,151,Sheridan,,Sat
06:46:49,147,Outer DuSable Lake Shore Express,,Mon,Tue,Wed,Thu,Fri
07:43:33,151,Sheridan,,Mon,Tue,Wed,Thu,Fri
16:29:12,151,Sheridan,,Sat
16:04:44,151,Sheridan,,Sat
10:04:58,146,Inner Lake Shore/Michigan Express,,Sat
08:15:12,157,Streeterville/Taylor,,Mon,Tue,Wed,Thu,Fri
22:34:19,147,Outer DuSable Lake Shore Express,,Mon,Tue,Wed,Thu,Fri
22:45:21,3,King Drive,,Mon,Tue,Wed,Thu,Fri
09:12:51,3,King Drive,,Sat
17:04:26,146,Inner Lake Shore/Michigan Express,,Mon,Tue,Wed,Thu,Fri
13:30:31,147,Outer DuSable Lake Shore Express,,Sat
15:54:15,151,Sheridan,,Mon,Tue,Wed,Thu,Fri
14:32:49,146,Inner Lake Shore/Michigan Express,,Sun
08:18:04,3,King Drive,,Mon,Tue,Wed,Thu,Fri
12:22:48,151,Sheridan,,Sun
13:47:31,147,Outer DuSable Lake Shore Express,,Sat
07:33:19,151,Sheridan,,Mon,Tue,Wed,Thu,Fri
08:28:02,146,Inner Lake Shore/Michigan Express,,Mon,Tue,Wed,Thu,Fri
07:33:56,3,King Drive,,Sat
08:24:08,146,Inner Lake Shore/Michigan Express,,Sun
18:01:31,157,Streeterville/Taylor,,Mon,Tue,Wed,Thu,Fri
07:20:50,151,Sheridan,,Sun
18:22:58,151,Sheridan,,Sat
12:26:45,146,Inner Lake Shore/Michigan Express,,Sun
10:35:18,151,Sheridan,,Sat
16:18:43,3,King Drive,,Mon,Tue,Wed,Thu,Fri
11:04:34,3,King Drive,,Mon,Tue,Wed,Thu,Fri
07:33:58,148,Clarendon/Michigan Express,,Mon,Tue,Wed,Thu,Fri
14:20:15,151,Sheridan,,Sat
13:13:31,147,Outer DuSable Lake Shore Express,,Sat
11:31:28,146,Inner Lake Shore/Michigan Express,,Sun
17:10:26,3,King Drive,,Mon,Tue,Wed,Thu,Fri
16:17:43,146,Inner Lake Shore/Michigan Express,,Sat
10:03:03,151,Sheridan,,Sat
10:58:32,146,Inner Lake Shore/Michigan Express,,Mon,Tue,Wed,Thu,Fri
16:13:00,3,King Drive,,Mon,Tue,Wed,Thu,Fri
16:26:23,146,Inner Lake Shore/Michigan Express,,Mon,Tue,Wed,Thu,Fri
16:46:49,146,Inner Lake Shore/Michigan Express,,Sun
08:41:56,3,King Drive,,Sat
10:30:51,3,King Drive,,Sat
08:48:48,151,Sheridan,,Mon,Tue,Wed,Thu,Fri
06:16:50,147,Outer DuSable Lake Shore Express,,Sun
13:48:15,151,Sheridan,,Sat
18:43:15,147,Outer DuSable Lake Shore Express,,Sat
16:51:14,151,Sheridan,,Mon,Tue,Wed,Thu,Fri
13:04:48,147,Outer DuSable Lake Shore Express,,Sun
11:15:32,146,Inner Lake Shore/Michigan Express,,Sat
08:37:02,146,Inner Lake Shore/Michigan Express,,Mon,Tue,Wed,Thu,Fri
13:37:38,26,South Shore Express,,Mon,Tue,Wed,Thu,Fri
15:29:02,147,Outer DuSable Lake Shore Express,,Sun
06:28:34,146,Inner Lake Shore/Michigan Express,,Sat
10:37:28,146,Inner Lake Shore/Michigan Express,,Sun
08:24:02,147,Outer DuSable Lake Shore Express,,Mon,Tue,Wed,Thu,Fri
22:15:51,3,King Drive,,Sun
14:14:06,146,Inner Lake Shore/Michigan Express,,Sat
11:02:48,151,Sheridan,,Sun
09:36:25,148,Clarendon/Michigan Express,,Mon,Tue,Wed,Thu,Fri
13:55:17,3,King Drive,,Mon,Tue,Wed,Thu,Fri
21:09:38,146,Inner Lake Shore/Michigan Express,,Sun
22:56:30,3,King Drive,,Sat
13:42:56,3,King Drive,,Sat
15:09:31,151,Sheridan,,Mon,Tue,Wed,Thu,Fri
08:28:48,151,Sheridan,,Mon,Tue,Wed,Thu,Fri
21:05:23,26,South Shore Express,,Mon,Tue,Wed,Thu,Fri
19:02:44,151,Sheridan,,Sat
23:46:21,3,King Drive,,Sat
09:39:19,147,Outer DuSable Lake Shore Express,,Sun
17:12:44,151,Sheridan,,Mon,Tue,Wed,Thu,Fri
05:01:07,151,Sheridan,,Mon,Tue,Wed,Thu,Fri
15:42:23,146,Inner Lake Shore/Michigan Express,,Mon,Tue,Wed,Thu,Fri
19:45:19,147,Outer DuSable Lake Shore Express,,Sun
07:18:05,151,Sheridan,,Mon,Tue,Wed,Thu,Fri
12:53:16,151,Sheridan,,Sun
12:09:48,147,Outer DuSable Lake Shore Express,,Sun
18:05:31,151,Sheridan,,Sun
17:45:01,151,Sheridan,,Sun
11:35:16,147,Outer DuSable Lake Shore Express,,Mon,Tue,Wed,Thu,Fri
08:02:24,2,Hyde Park Express,,Mon,Tue,Wed,Thu,Fri
14:55:56,146,Inner Lake Shore/Michigan Express,,Sat
12:47:04,3,King Drive,,Sun
05:41:37,151,Sheridan,,Sun
08:59:02,151,Sheridan,,Mon,Tue,Wed,Thu,Fri
21:18:30,3,King Drive,,Sat
18:40:54,26,South Shore Express,,Mon,Tue,Wed,Thu,Fri
19:09:09,146,Inner Lake Shore/Michigan Express,,Sat
15:44:45,151,Sheridan,,Mon,Tue,Wed,Thu,Fri
21:50:33,147,Outer DuSable Lake Shore Express,,Sat
19:19:32,146,Inner Lake Shore/Michigan Express,,Mon,Tue,Wed,Thu,Fri
12:12:48,151,Sheridan,,Sun
11:15:18,151,Sheridan,,Sat
16:32:13,3,King Drive,,Mon,Tue,Wed,Thu,Fri
14:06:01,151,Sheridan,,Mon,Tue,Wed,Thu,Fri
20:29:53,26,South Shore Express,,Mon,Tue,Wed,Thu,Fri
20:50:04,3,King Drive,,Sun
23:40:03,151,Sheridan,,Sat
17:10:26,3,King Drive,,Mon,Tue,Wed,Thu,Fri
08:07:15,146,Inner Lake Shore/Michigan Express,,Mon,Tue,Wed,Thu,Fri
13:58:01,147,Outer DuSable Lake Shore Express,,Mon,Tue,Wed,Thu,Fri
08:03:48,151,Sheridan,,Mon,Tue,Wed,Thu,Fri
21:31:30,3,King Drive,,Sat
08:12:45,146,Inner Lake Shore/Michigan Express,,Mon,Tue,Wed,Thu,Fri
11:55:32,151,Sheridan,,Sat
12:18:39,157,Streeterville/Taylor,,Mon,Tue,Wed,Thu,Fri
13:26:39,157,Streeterville/Taylor,,Mon,Tue,Wed,Thu,Fri
09:13:48,151,Sheridan,,Mon,Tue,Wed,Thu,Fri
05:01:07,151,Sheridan,,Mon,Tue,Wed,Thu,Fri
14:59:49,146,Inner Lake Shore/Michigan Express,,Sun
13:50:00,3,King Drive,,Sun
12:51:47,3,King Drive,,Mon,Tue,Wed,Thu,Fri
13:08:23,146,Inner Lake Shore/Michigan Express,,Mon,Tue,Wed,Thu,Fri
16:03:23,146,Inner Lake Shore/Michigan Express,,Mon,Tue,Wed,Thu,Fri
15:11:56,146,Inner Lake Shore/Michigan Express,,Sat
18:04:24,26,South Shore Express,,Mon,Tue,Wed,Thu,Fri
19:12:17,3,King Drive,,Sun
16:13:53,2,Hyde Park Express,,Mon,Tue,Wed,Thu,Fri
18:30:30,3,King Drive,,Mon,Tue,Wed,Thu,Fri
19:52:28,146,Inner Lake Shore/Michigan Express,,Sun
08:32:02,148,Clarendon/Michigan Express,,Mon,Tue,Wed,Thu,Fri
09:54:49,151,Sheridan,,Sat
18:40:56,146,Inner Lake Shore/Michigan Express,,Sat
19:39:17,3,King Drive,,Mon,Tue,Wed,Thu,Fri
17:52:15,147,Outer DuSable Lake Shore Express,,Sat
21:49:08,146,Inner Lake Shore/Michigan Express,,Sun
06:59:50,147,Outer DuSable Lake Shore Express,,Sat
10:02:03,147,Outer DuSable Lake Shore Express,,Sun
09:54:02,151,Sheridan,,Mon,Tue,Wed,Thu,Fri
17:01:21,2,Hyde Park Express,,Mon,Tue,Wed,Thu,Fri
21:56:20,147,Outer DuSable Lake Shore Express,,Sun
16:37:10,26,South Shore Express,,Mon,Tue,Wed,Thu,Fri
22:19:35,151,Sheridan,,Mon,Tue,Wed,Thu,Fri
23:01:26,3,King Drive,,Mon,Tue,Wed,Thu,Fri
10:39:51,3,King Drive,,Sun
13:29:23,146,Inner Lake Shore/Michigan Express,,Mon,Tue,Wed,Thu,Fri
07:17:42,148,Clarendon/Michigan Express,,Mon,Tue,Wed,Thu,Fri
08:07:15,146,Inner Lake Shore/Michigan Express,,Mon,Tue,Wed,Thu,Fri
22:30:12,146,Inner Lake Shore/Michigan Express,,Sat
15:06:35,157,Streeterville/Taylor,,Mon,Tue,Wed,Thu,Fri
20:55:20,147,Outer DuSable Lake Shore Express,,Sun
22:54:19,147,Outer DuSable Lake Shore Express,,Mon,Tue,Wed,Thu,Fri
12:31:48,147,Outer DuSable Lake Shore Express,,Sun
22:17:50,147,Outer DuSable Lake Shore Express,,Sun
20:47:23,26,South Shore Express,,Mon,Tue,Wed,Thu,Fri
16:26:13,3,King Drive,,Mon,Tue,Wed,Thu,Fri
17:53:53,146,Inner Lake Shore/Michigan Express,,Mon,Tue,Wed,Thu,Fri
12:47:23,146,Inner Lake Shore/Michigan Express,,Sun
12:44:15,151,Sheridan,,Sat
17:15:00,3,King Drive,,Sun
08:58:56,3,King Drive,,Sun
10:04:33,147,Outer DuSable Lake Shore Express,,Sat
14:35:17,3,King Drive,,Mon,Tue,Wed,Thu,Fri
20:11:02,147,Outer DuSable Lake Shore Express,,Sat
18:23:06,146,Inner Lake Shore/Michigan Express,,Mon,Tue,Wed,Thu,Fri
13:28:31,151,Sheridan,,Mon,Tue,Wed,Thu,Fri
08:45:49,146,Inner Lake Shore/Michigan Express,,Mon,Tue,Wed,Thu,Fri
09:07:19,146,Inner Lake Shore/Michigan Express,,Mon,Tue,Wed,Thu,Fri
23:07:35,151,Sheridan,,Mon,Tue,Wed,Thu,Fri
08:07:38,146,Inner Lake Shore/Michigan Express,,Sun
09:03:48,151,Sheridan,,Mon,Tue,Wed,Thu,Fri
21:56:20,147,Outer DuSable Lake Shore Express,,Sun
13:04:48,147,Outer DuSable Lake Shore Express,,Sun
12:13:32,146,Inner Lake Shore/Michigan Express,,Sat
14:09:01,147,Outer DuSable Lake Shore Express,,Mon,Tue,Wed,Thu,Fri
08:47:29,2,Hyde Park Express,,Mon,Tue,Wed,Thu,Fri
09:52:19,146,Inner Lake Shore/Michigan Express,,Mon,Tue,Wed,Thu,Fri
19:24:17,3,King Drive,,Sun
17:16:26,146,Inner Lake Shore/Michigan Express,,Sat
17:17:59,147,Outer DuSable Lake Shore Express,,Mon,Tue,Wed,Thu,Fri
06:42:40,157,Streeterville/Taylor,,Mon,Tue,Wed,Thu,Fri
08:33:48,151,Sheridan,,Mon,Tue,Wed,Thu,Fri
11:48:04,3,King Drive,,Mon,Tue,Wed,Thu,Fri
09:09:29,157,Streeterville/Taylor,,Mon,Tue,Wed,Thu,Fri
13:03:16,151,Sheridan,,Sun
07:55:08,146,Inner Lake Shore/Michigan Express,,Sat
14:14:49,146,Inner Lake Shore/Michigan Express,,Sun
08:26:02,148,Clarendon/Michigan Express,,Mon,Tue,Wed,Thu,Fri
18:18:00,3,King Drive,,Sun
18:33:13,3,King Drive,,Sat
10:42:34,3,King Drive,,Mon,Tue,Wed,Thu,Fri
10:06:49,146,Inner Lake Shore/Michigan Express,,Mon,Tue,Wed,Thu,Fri
13:29:23,146,Inner Lake Shore/Michigan Express,,Mon,Tue,Wed,Thu,Fri
15:33:31,151,Sheridan,,Sun
20:41:01,151,Sheridan,,Sat
14:23:49,146,Inner Lake Shore/Michigan Express,,Sun
21:17:50,157,Streeterville/Taylor,,Mon,Tue,Wed,Thu,Fri
06:40:19,147,Outer DuSable Lake Shore Express,,Mon,Tue,Wed,Thu,Fri
19:47:15,146,Inner Lake Shore/Michigan Express,,Mon,Tue,Wed,Thu,Fri
23:13:17,3,King Drive,,Sat
17:43:55,26,South Shore Express,,Mon,Tue,Wed,Thu,Fri
08:37:56,3,King Drive,,Sun
10:40:02,151,Sheridan,,Mon,Tue,Wed,Thu,Fri
21:55:32,151,Sheridan,,Sat
08:53:55,146,Inner Lake Shore/Michigan Express,,Sat
00:29:56,3,King Drive,,Tue,Wed,Thu,Fri,Sat
11:16:32,146,Inner Lake Shore/Michigan Express,,Mon,Tue,Wed,Thu,Fri
09:38:32,146,Inner Lake Shore/Michigan Express,,Mon,Tue,Wed,Thu,Fri
13:39:23,146,Inner Lake Shore/Michigan Express,,Mon,Tue,Wed,Thu,Fri
06:28:22,151,Sheridan,,Sat
12:34:34,3,King Drive,,Sun
08:38:05,147,Outer DuSable Lake Shore Express,,Sun
11:26:34,3,King Drive,,Mon,Tue,Wed,Thu,Fri
06:23:39,3,King Drive,,Mon,Tue,Wed,Thu,Fri
11:59:45,146,Inner Lake Shore/Michigan Express,,Sun
17:31:49,146,Inner Lake Shore/Michigan Express,,Sun
06:36:51,146,Inner Lake Shore/Michigan Express,,Mon,Tue,Wed,Thu,Fri
12:56:23,146,Inner Lake Shore/Michigan Express,,Sun
20:00:50,157,Streeterville/Taylor,,Mon,Tue,Wed,Thu,Fri
13:59:23,146,Inner Lake Shore/Michigan Express,,Mon,Tue,Wed,Thu,Fri
07:34:56,3,King Drive,,Sun
00:39:39,151,Sheridan,,Mon
18:13:26,3,King Drive,,Sat
09:45:49,147,Outer DuSable Lake Shore Express,,Sat
21:27:48,147,Outer DuSable Lake Shore Express,,Sat
06:09:52,151,Sheridan,,Sat
17:56:32,147,Outer DuSable Lake Shore Express,,Sun
07:15:06,151,Sheridan,,Sat
15:21:23,146,Inner Lake Shore/Michigan Express,,Mon,Tue,Wed,Thu,Fri
18:53:03,147,Outer DuSable Lake Shore Express,,Sun
21:01:19,151,Sheridan,,Sun
07:21:21,3,King Drive,,Mon,Tue,Wed,Thu,Fri
15:11:56,3,King Drive,,Sat
23:40:36,151,Sheridan,,Sun
15:00:30,3,King Drive,,Mon,Tue,Wed,Thu,Fri
11:44:39,157,Streeterville/Taylor,,Mon,Tue,Wed,Thu,Fri
20:30:02,147,Outer DuSable Lake Shore Express,,Sat
19:46:18,147,Outer DuSable Lake Shore Express,,Mon,Tue,Wed,Thu,Fri
08:03:58,148,Clarendon/Michigan Express,,Mon,Tue,Wed,Thu,Fri
21:32:03,151,Sheridan,,Mon,Tue,Wed,Thu,Fri
08:03:02,143,Stockton/Michigan Express,,Mon,Tue,Wed,Thu,Fri
16:43:26,157,Streeterville/Taylor,,Mon,Tue,Wed,Thu,Fri
16:51:39,146,Inner Lake Shore/Michigan Express,,Mon,Tue,Wed,Thu,Fri
16:28:40,26,South Shore Express,,Mon,Tue,Wed,Thu,Fri
07:14:44,2,Hyde Park Express,,Mon,Tue,Wed,Thu,Fri
08:33:48,151,Sheridan,,Mon,Tue,Wed,Thu,Fri
21:35:50,147,Outer DuSable Lake Shore Express,,Sun
09:51:12,148,Clarendon/Michigan Express,,Mon,Tue,Wed,Thu,Fri
13:37:38,26,South Shore Express,,Mon,Tue,Wed,Thu,Fri
10:51:18,151,Sheridan,,Sat
13:49:23,146,Inner Lake Shore/Michigan Express,,Mon,Tue,Wed,Thu,Fri
21:01:19,151,Sheridan,,Sun
13:55:17,3,King Drive,,Mon,Tue,Wed,Thu,Fri
06:08:06,147,Outer DuSable Lake Shore Express,,Sat
11:18:51,3,King Drive,,Sun
16:14:23,146,Inner Lake Shore/Michigan Express,,Mon,Tue,Wed,Thu,Fri
19:49:17,3,King Drive,,Sun
15:00:54,26,South Shore Express,,Mon,Tue,Wed,Thu,Fri
12:06:16,147,Outer DuSable Lake Shore Express,,Mon,Tue,Wed,Thu,Fri
17:24:40,26,South Shore Express,,Mon,Tue,Wed,Thu,Fri
14:39:56,146,Inner Lake Shore/Michigan Express,,Sat
23:00:50,151,Sheridan,,Sun
10:39:18,147,Outer DuSable Lake Shore Express,,Sat
13:21:01,147,Outer DuSable Lake Shore Express,,Sat
18:59:45,147,Outer DuSable Lake Shore Express,,Sat
14:25:00,3,King Drive,,Sun
08:04:59,157,Streeterville/Taylor,,Mon,Tue,Wed,Thu,Fri
13:08:23,146,Inner Lake Shore/Michigan Express,,Mon,Tue,Wed,Thu,Fri
07:06:49,147,Outer DuSable Lake Shore Express,,Mon,Tue,Wed,Thu,Fri
09:12:49,146,Inner Lake Shore/Michigan Express,,Mon,Tue,Wed,Thu,Fri
15:03:56,3,King Drive,,Sat
17:31:21,2,Hyde Park Express,,Mon,Tue,Wed,Thu,Fri
20:15:13,3,King Drive,,Sat
09:35:49,147,Outer DuSable Lake Shore Express,,Sat
08:58:51,3,King Drive,,Sat
18:16:56,146,Inner Lake Shore/Michigan Express,,Sat
18:02:58,151,Sheridan,,Sat
16:15:59,2,Hyde Park Express,,Mon,Tue,Wed,Thu,Fri
06:54:21,148,Clarendon/Michigan Express,,Mon,Tue,Wed,Thu,Fri
18:07:30,3,King Drive,,Mon,Tue,Wed,Thu,Fri
15:21:44,147,Outer DuSable Lake Shore Express,,Sat
07:53:33,151,Sheridan,,Mon,Tue,Wed,Thu,Fri
06:44:52,151,Sheridan,,Sat
07:09:21,148,Clarendon/Michigan Express,,Mon,Tue,Wed,Thu,Fri
17:49:56,146,Inner Lake Shore/Michigan Express,,Sat
13:32:15,151,Sheridan,,Sat
07:46:05,147,Outer DuSable Lake Shore Express,,Sun
12:52:15,151,Sheridan,,Sat
06:28:34,146,Inner Lake Shore/Michigan Express,,Sat
11:04:34,3,King Drive,,Mon,Tue,Wed,Thu,Fri
09:32:02,146,Inner Lake Shore/Michigan Express,,Mon,Tue,Wed,Thu,Fri
15:03:56,146,Inner Lake Shore/Michigan Express,,Sat
12:35:16,147,Outer DuSable Lake Shore Express,,Mon,Tue,Wed,Thu,Fri
18:18:01,151,Sheridan,,Mon,Tue,Wed,Thu,Fri
06:26:51,146,Inner Lake Shore/Michigan Express,,Mon,Tue,Wed,Thu,Fri
08:56:31,143,Stockton/Michigan Express,,Mon,Tue,Wed,Thu,Fri
18:02:01,147,Outer DuSable Lake Shore Express,,Mon,Tue,Wed,Thu,Fri
18:07:00,3,King Drive,,Sun
18:43:13,3,King Drive,,Sat
09:11:35,147,Outer DuSable Lake Shore Express,,Sat
15:53:49,146,Inner Lake Shore/Michigan Express,,Sun
19:03:32,151,Sheridan,,Sun
18:46:30,3,King Drive,,Mon,Tue,Wed,Thu,Fri
21:21:05,151,Sheridan,,Sun
07:04:05,143,Stockton/Michigan Express,,Mon,Tue,Wed,Thu,Fri
15:55:44,147,Outer DuSable Lake Shore Express,,Sat
14:33:02,147,Outer DuSable Lake Shore Express,,Sun
12:01:39,157,Streeterville/Taylor,,Mon,Tue,Wed,Thu,Fri
10:56:18,147,Outer DuSable Lake Shore Express,,Sat
07:03:09,3,King Drive,,Mon,Tue,Wed,Thu,Fri
23:14:19,147,Outer DuSable Lake Shore Express,,Mon,Tue,Wed,Thu,Fri
16:34:43,146,Inner Lake Shore/Michigan Express,,Sat
11:48:06,146,Inner Lake Shore/Michigan Express,,Mon,Tue,Wed,Thu,Fri
12:57:46,147,Outer DuSable Lake Shore Express,,Mon,Tue,Wed,Thu,Fri
09:22:35,151,Sheridan,,Sun
05:35:06,147,Outer DuSable Lake Shore Express,,Mon,Tue,Wed,Thu,Fri
09:07:19,146,Inner Lake Shore/Michigan Express,,Mon,Tue,Wed,Thu,Fri
21:39:51,3,King Drive,,Sun
13:56:49,146,Inner Lake Shore/Michigan Express,,Sun
08:13:45,148,Clarendon/Michigan Express,,Mon,Tue,Wed,Thu,Fri
17:36:00,3,King Drive,,Sun
08:44:38,146,Inner Lake Shore/Michigan Express,,Sat
06:16:35,147,Outer DuSable Lake Shore Express,,Mon,Tue,Wed,Thu,Fri
14:22:06,146,Inner Lake Shore/Michigan Express,,Sat
13:15:48,147,Outer DuSable Lake Shore Express,,Sun
14:50:01,151,Sheridan,,Mon,Tue,Wed,Thu,Fri
09:02:32,147,Outer DuSable Lake Shore Express,,Mon,Tue,Wed,Thu,Fri
17:24:31,151,Sheridan,,Sun
06:47:38,146,Inner Lake Shore/Michigan Express,,Mon,Tue,Wed,Thu,Fri
15:34:31,157,Streeterville/Taylor,,Mon,Tue,Wed,Thu,Fri
10:34:18,147,Outer DuSable Lake Shore Express,,Sun
12:58:23,146,Inner Lake Shore/Michigan Express,,Mon,Tue,Wed,Thu,Fri
17:57:56,146,Inner Lake Shore/Michigan Express,,Sat
23:08:08,146,Inner Lake Shore/Michigan Express,,Mon,Tue,Wed,Thu,Fri
06:56:55,146,Inner Lake Shore/Michigan Express,,Mon,Tue,Wed,Thu,Fri
16:37:26,3,King Drive,,Mon,Tue,Wed,Thu,Fri
18:58:14,2,Hyde Park Express,,Mon,Tue,Wed,Thu,Fri
19:02:30,3,King Drive,,Mon,Tue,Wed,Thu,Fri
20:53:02,146,Inner Lake Shore/Michigan Express,,Sat
16:24:29,147,Outer DuSable Lake Shore Express,,Mon,Tue,Wed,Thu,Fri
21:57:51,3,King Drive,,Sun
08:54:59,157,Streeterville/Taylor,,Mon,Tue,Wed,Thu,Fri
09:41:12,146,Inner Lake Shore/Michigan Express,,Sun
06:56:50,147,Outer DuSable Lake Shore Express,,Sun
09:16:32,147,Outer DuSable Lake Shore Express,,Mon,Tue,Wed,Thu,Fri
20:40:02,147,Outer DuSable Lake Shore Express,,Sat
21:19:47,3,King Drive,,Mon,Tue,Wed,Thu,Fri
12:52:31,151,Sheridan,,Mon,Tue,Wed,Thu,Fri
22:35:35,151,Sheridan,,Mon,Tue,Wed,Thu,Fri
07:28:34,3,King Drive,,Mon,Tue,Wed,Thu,Fri
08:08:48,151,Sheridan,,Mon,Tue,Wed,Thu,Fri
11:15:48,147,Outer DuSable Lake Shore Express,,Sun
09:21:02,147,Outer DuSable Lake Shore Express,,Mon,Tue,Wed,Thu,Fri
10:08:12,146,Inner Lake Shore/Michigan Express,,Sun
16:28:40,26,South Shore Express,,Mon,Tue,Wed,Thu,Fri
14:12:01,147,Outer DuSable Lake Shore Express,,Sat
18:48:32,146,Inner Lake Shore/Michigan Express,,Sun
16:01:43,146,Inner Lake Shore/Michigan Express,,Sat
07:19:19,143,Stockton/Michigan Express,,Mon,Tue,Wed,Thu,Fri
18:05:31,151,Sheridan,,Sun
22:17:19,147,Outer DuSable Lake Shore Express,,Sat
17:22:49,146,Inner Lake Shore/Michigan Express,,Sun
12:38:23,146,Inner Lake Shore/Michigan Express,,Mon,Tue,Wed,Thu,Fri
21:13:02,146,Inner Lake Shore/Michigan Express,,Sat
15:18:01,151,Sheridan,,Mon,Tue,Wed,Thu,Fri
13:43:39,157,Streeterville/Taylor,,Mon,Tue,Wed,Thu,Fri
05:29:23,151,Sheridan,,Sat
17:10:26,157,Streeterville/Taylor,,Mon,Tue,Wed,Thu,Fri
07:58:35,147,Outer DuSable Lake Shore Express,,Sat
11:36:19,146,Inner Lake Shore/Michigan Express,,Mon,Tue,Wed,Thu,Fri
14:04:15,151,Sheridan,,Sat
14:44:47,3,King Drive,,Mon,Tue,Wed,Thu,Fri
21:37:50,157,Streeterville/Taylor,,Mon,Tue,Wed,Thu,Fri
20:52:30,3,King Drive,,Sat
21:58:55,146,Inner Lake Shore/Michigan Express,,Mon,Tue,Wed,Thu,Fri
09:08:32,147,Outer DuSable Lake Shore Express,,Mon,Tue,Wed,Thu,Fri
22:15:51,3,King Drive,,Sun
17:44:56,3,King Drive,,Mon,Tue,Wed,Thu,Fri
09:08:32,147,Outer DuSable Lake Shore Express,,Mon,Tue,Wed,Thu,Fri
09:28:05,147,Outer DuSable Lake Shore Express,,Sat
14:03:16,151,Sheridan,,Sun
16:37:26,3,King Drive,,Mon,Tue,Wed,Thu,Fri
14:35:17,3,King Drive,,Mon,Tue,Wed,Thu,Fri
08:42:45,143,Stockton/Michigan Express,,Mon,Tue,Wed,Thu,Fri
05:18:36,147,Outer DuSable Lake Shore Express,,Mon,Tue,Wed,Thu,Fri
16:49:59,147,Outer DuSable Lake Shore Express,,Mon,Tue,Wed,Thu,Fri
14:05:49,146,Inner Lake Shore/Michigan Express,,Sun
19:20:30,3,King Drive,,Mon,Tue,Wed,Thu,Fri
09:34:58,146,Inner Lake Shore/Michigan Express,,Sat
10:31:34,3,King Drive,,Mon,Tue,Wed,Thu,Fri
10:22:18,147,Outer DuSable Lake Shore Express,,Sat
12:28:43,3,King Drive,,Sat
09:47:34,3,King Drive,,Mon,Tue,Wed,Thu,Fri
19:07:45,147,Outer DuSable Lake Shore Express,,Sat
16:36:29,147,Outer DuSable Lake Shore Express,,Sat
16:39:56,3,King Drive,,Sat
12:26:16,147,Outer DuSable Lake Shore Express,,Mon,Tue,Wed,Thu,Fri
09:18:56,3,King Drive,,Sun
16:45:12,151,Sheridan,,Sat
19:24:17,3,King Drive,,Sun
10:55:16,147,Outer DuSable Lake Shore Express,,Mon,Tue,Wed,Thu,Fri
22:30:12,146,Inner Lake Shore/Michigan Express,,Sat
06:58:34,146,Inner Lake Shore/Michigan Express,,Sat
10:43:02,146,Inner Lake Shore/Michigan Express,,Mon,Tue,Wed,Thu,Fri
10:11:03,151,Sheridan,,Sat
14:05:47,3,King Drive,,Mon,Tue,Wed,Thu,Fri
20:38:50,157,Streeterville/Taylor,,Mon,Tue,Wed,Thu,Fri
07:27:33,147,Outer DuSable Lake Shore Express,,Mon,Tue,Wed,Thu,Fri
23:01:26,3,King Drive,,Mon,Tue,Wed,Thu,Fri
09:34:49,151,Sheridan,,Sat
10:35:32,146,Inner Lake Shore/Michigan Express,,Mon,Tue,Wed,Thu,Fri
06:48:05,143,Stockton/Michigan Express,,Mon,Tue,Wed,Thu,Fri
11:36:19,146,Inner Lake Shore/Michigan Express,,Mon,Tue,Wed,Thu,Fri
21:23:53,26,South Shore Express,,Mon,Tue,Wed,Thu,Fri
20:02:15,146,Inner Lake Shore/Michigan Express,,Mon,Tue,Wed,Thu,Fri
06:41:52,151,Sheridan,,Sun
20:46:17,3,King Drive,,Mon,Tue,Wed,Thu,Fri
08:57:02,148,Clarendon/Michigan Express,,Mon,Tue,Wed,Thu,Fri
21:48:03,151,Sheridan,,Mon,Tue,Wed,Thu,Fri
11:41:45,146,Inner Lake Shore/Michigan Express,,Sun
19:36:17,3,King Drive,,Sun
18:26:15,147,Outer DuSable Lake Shore Express,,Sat
05:34:06,147,Outer DuSable Lake Shore Express,,Sat
20:34:04,3,King Drive,,Sun
18:03:45,151,Sheridan,,Mon,Tue,Wed,Thu,Fri
17:17:59,147,Outer DuSable Lake Shore Express,,Mon,Tue,Wed,Thu,Fri
15:35:45,151,Sheridan,,Mon,Tue,Wed,Thu,Fri
16:44:15,147,Outer DuSable Lake Shore Express,,Sat
14:00:39,157,Streeterville/Taylor,,Mon,Tue,Wed,Thu,Fri
15:16:44,151,Sheridan,,Sat
07:41:28,148,Clarendon/Michigan Express,,Mon,Tue,Wed,Thu,Fri
20:53:02,146,Inner Lake Shore/Michigan Express,,Sat
10:42:33,151,Sheridan,,Sun
14:15:17,3,King Drive,,Mon,Tue,Wed,Thu,Fri
16:48:26,3,King Drive,,Mon,Tue,Wed,Thu,Fri
11:03:48,147,Outer DuSable Lake Shore Express,,Sun
09:53:32,147,Outer DuSable Lake Shore Express,,Mon,Tue,Wed,Thu,Fri
07:48:18,147,Outer DuSable Lake Shore Express,,Mon,Tue,Wed,Thu,Fri
13:33:16,151,Sheridan,,Sun
07:41:24,2,Hyde Park Express,,Mon,Tue,Wed,Thu,Fri
23:35:09,3,King Drive,,Sun
15:27:56,146,Inner Lake Shore/Michigan Express,,Sat
23:13:17,3,King Drive,,Sat
08:34:20,151,Sheridan,,Sat
08:39:38,146,Inner Lake Shore/Michigan Express,,Sun
19:09:09,146,Inner Lake Shore/Michigan Express,,Sat
14:39:23,146,Inner Lake Shore/Michigan Express,,Mon,Tue,Wed,Thu,Fri
21:17:48,147,Outer DuSable Lake Shore Express,,Sat
16:43:26,157,Streeterville/Taylor,,Mon,Tue,Wed,Thu,Fri
05:51:36,151,Sheridan,,Mon,Tue,Wed,Thu,Fri
08:16:08,146,Inner Lake Shore/Michigan Express,,Sat
07:59:20,151,Sheridan,,Sat
16:01:58,157,Streeterville/Taylor,,Mon,Tue,Wed,Thu,Fri
13:16:15,151,Sheridan,,Sat
10:42:34,3,King Drive,,Mon,Tue,Wed,Thu,Fri
23:13:56,3,King Drive,,Mon,Tue,Wed,Thu,Fri
06:47:50,147,Outer DuSable Lake Shore Express,,Sat
18:34:32,146,Inner Lake Shore/Michigan Express,,Sun
15:17:32,147,Outer DuSable Lake Shore Express,,Sun
20:03:04,3,King Drive,,Sun
12:01:39,157,Streeterville/Taylor,,Mon,Tue,Wed,Thu,Fri
20:01:32,147,Outer DuSable Lake Shore Express,,Sat
15:00:15,151,Sheridan,,Sat
19:03:13,3,King Drive,,Sat
18:39:46,151,Sheridan,,Sun
16:53:22,2,Hyde Park Express,,Mon,Tue,Wed,Thu,Fri
07:28:21,146,Inner Lake Shore/Michigan Express,,Sun
09:39:18,147,Outer DuSable Lake Shore Express,,Mon,Tue,Wed,Thu,Fri
17:04:26,146,Inner Lake Shore/Michigan Express,,Mon,Tue,Wed,Thu,Fri
11:25:48,147,Outer DuSable Lake Shore Express,,Sun
22:53:19,147,Outer DuSable Lake Shore Express,,Sat
20:19:19,147,Outer DuSable Lake Shore Express,,Sun
21:32:15,146,Inner Lake Shore/Michigan Express,,Sat
05:29:51,146,Inner Lake Shore/Michigan Express,,Mon,Tue,Wed,Thu,Fri
19:32:44,151,Sheridan,,Sat
20:01:32,147,Outer DuSable Lake Shore Express,,Sat
16:37:49,146,Inner Lake Shore/Michigan Express,,Sun
18:07:30,3,King Drive,,Mon,Tue,Wed,Thu,Fri
14:46:01,147,Outer DuSable Lake Shore Express,,Mon,Tue,Wed,Thu,Fri
16:20:00,3,King Drive,,Sun
19:12:17,3,King Drive,,Sun
16:19:49,146,Inner Lake Shore/Michigan Express,,Sun
07:04:40,157,Streeterville/Taylor,,Mon,Tue,Wed,Thu,Fri
13:23:16,151,Sheridan,,Sun
16:51:21,2,Hyde Park Express,,Mon,Tue,Wed,Thu,Fri
04:40:53,151,Sheridan,,Mon,Tue,Wed,Thu,Fri
24:26:53,151,Sheridan,,Mon,Tue,Wed,Thu,Fri
15:19:56,3,King Drive,,Sat
13:39:23,146,Inner Lake Shore/Michigan Express,,Mon,Tue,Wed,Thu,Fri
15:51:23,2,Hyde Park Express,,Mon,Tue,Wed,Thu,Fri
05:01:09,151,Sheridan,,Sun
18:41:29,157,Streeterville/Taylor,,Mon,Tue,Wed,Thu,Fri
20:58:33,147,Outer DuSable Lake Shore Express,,Mon,Tue,Wed,Thu,Fri
18:51:45,147,Outer DuSable Lake Shore Express,,Sat
13:40:15,151,Sheridan,,Sat
17:23:44,151,Sheridan,,Mon,Tue,Wed,Thu,Fri
08:48:04,3,King Drive,,Mon,Tue,Wed,Thu,Fri
16:30:56,3,King Drive,,Sat
07:01:54,2,Hyde Park Express,,Mon,Tue,Wed,Thu,Fri
08:44:20,151,Sheridan,,Sat
08:40:42,157,Streeterville/Taylor,,Mon,Tue,Wed,Thu,Fri
08:29:32,147,Outer DuSable Lake Shore Express,,Mon,Tue,Wed,Thu,Fri
08:55:19,146,Inner Lake Shore/Michigan Express,,Mon,Tue,Wed,Thu,Fri
14:13:24,26,South Shore Express,,Mon,Tue,Wed,Thu,Fri
19:44:29,151,Sheridan,,Sat
16:26:13,146,Inner Lake Shore/Michigan Express,,Sat
14:22:02,147,Outer DuSable Lake Shore Express,,Sun
11:16:47,3,King Drive,,Sat
06:56:56,3,King Drive,,Sat
08:00:02,147,Outer DuSable Lake Shore Express,,Mon,Tue,Wed,Thu,Fri
11:47:18,147,Outer DuSable Lake Shore Express,,Sat
08:58:05,147,Outer DuSable Lake Shore Express,,Sun
19:25:15,147,Outer DuSable Lake Shore Express,,Sat
10:10:49,151,Sheridan,,Sun
11:31:32,146,Inner Lake Shore/Michigan Express,,Sat
13:09:39,157,Streeterville/Taylor,,Mon,Tue,Wed,Thu,Fri
14:23:31,151,Sheridan,,Sun
19:22:50,157,Streeterville/Taylor,,Mon,Tue,Wed,Thu,Fri
12:09:48,147,Outer DuSable Lake Shore Express,,Sun
09:34:49,151,Sheridan,,Sat
19:04:49,147,Outer DuSable Lake Shore Express,,Sun
09:18:35,147,Outer DuSable Lake Shore Express,,Sat
15:11:56,3,King Drive,,Sat
14:22:06,146,Inner Lake Shore/Michigan Express,,Sat
13:29:49,146,Inner Lake Shore/Michigan Express,,Sun
07:45:33,157,Streeterville/Taylor,,Mon,Tue,Wed,Thu,Fri
17:16:26,146,Inner Lake Shore/Michigan Express,,Mon,Tue,Wed,Thu,Fri
15:36:56,3,King Drive,,Sat
15:21:44,147,Outer DuSable Lake Shore Express,,Sat
07:41:18,147,Outer DuSable Lake Shore Express,,Mon,Tue,Wed,Thu,Fri
16:53:31,151,Sheridan,,Sun
15:19:56,146,Inner Lake Shore/Michigan Express,,Sat
16:03:45,151,Sheridan,,Mon,Tue,Wed,Thu,Fri
12:08:23,146,Inner Lake Shore/Michigan Express,,Mon,Tue,Wed,Thu,Fri
16:36:29,147,Outer DuSable Lake Shore Express,,Mon,Tue,Wed,Thu,Fri
08:17:15,146,Inner Lake Shore/Michigan Express,,Mon,Tue,Wed,Thu,Fri
15:58:09,26,South Shore Express,,Mon,Tue,Wed,Thu,Fri
17:18:15,147,Outer DuSable Lake Shore Express,,Sat
14:59:30,3,King Drive,,Sun
12:31:48,147,Outer DuSable Lake Shore Express,,Sun
16:32:29,151,Sheridan,,Mon,Tue,Wed,Thu,Fri
12:47:01,147,Outer DuSable Lake Shore Express,,Sat
18:08:02,147,Outer DuSable Lake Shore Express,,Sun
08:05:02,147,Outer DuSable Lake Shore Express,,Mon,Tue,Wed,Thu,Fri
20:59:02,147,Outer DuSable Lake Shore Express,,Sat
10:40:02,151,Sheridan,,Mon,Tue,Wed,Thu,Fri
15:08:49,146,Inner Lake Shore/Michigan Express,,Sun
08:32:54,2,Hyde Park Express,,Mon,Tue,Wed,Thu,Fri
15:38:44,147,Outer DuSable Lake Shore Express,,Sat
11:57:32,146,Inner Lake Shore/Michigan Express,,Sat
05:49:52,151,Sheridan,,Sat
20:38:50,157,Streeterville/Taylor,,Mon,Tue,Wed,Thu,Fri
16:53:31,151,Sheridan,,Sun
17:33:26,3,King Drive,,Sat
13:38:00,3,King Drive,,Sun
21:34:04,3,King Drive,,Mon,Tue,Wed,Thu,Fri
24:05:37,151,Sheridan,,Mon,Tue,Wed,Thu,Fri
08:48:48,151,Sheridan,,Mon,Tue,Wed,Thu,Fri
15:17:00,3,King Drive,,Mon,Tue,Wed,Thu,Fri
13:12:46,151,Sheridan,,Sun
07:14:20,147,Outer DuSable Lake Shore Express,,Sun
16:24:29,147,Outer DuSable Lake Shore Express,,Mon,Tue,Wed,Thu,Fri
07:52:20,151,Sheridan,,Sun
16:44:15,147,Outer DuSable Lake Shore Express,,Sat
16:52:45,147,Outer DuSable Lake Shore Express,,Sat
07:20:33,147,Outer DuSable Lake Shore Express,,Mon,Tue,Wed,Thu,Fri
19:24:08,26,South Shore Express,,Mon,Tue,Wed,Thu,Fri
19:36:17,3,King Drive,,Sun
07:17:25,148,Clarendon/Michigan Express,,Mon,Tue,Wed,Thu,Fri
23:13:19,147,Outer DuSable Lake Shore Express,,Sat
19:51:46,147,Outer DuSable Lake Shore Express,,Sat
06:41:52,151,Sheridan,,Sun
13:09:39,157,Streeterville/Taylor,,Mon,Tue,Wed,Thu,Fri
16:31:00,3,King Drive,,Sun
18:08:06,146,Inner Lake Shore/Michigan Express,,Mon,Tue,Wed,Thu,Fri
12:52:15,151,Sheridan,,Sat
22:24:30,3,King Drive,,Sat
23:35:09,3,King Drive,,Sun
13:38:01,147,Outer DuSable Lake Shore Express,,Sat
14:11:02,147,Outer DuSable Lake Shore Express,,Sun
08:54:32,147,Outer DuSable Lake Shore Express,,Mon,Tue,Wed,Thu,Fri
15:54:00,3,King Drive,,Mon,Tue,Wed,Thu,Fri
11:22:28,146,Inner Lake Shore/Michigan Express,,Sun
06:16:50,147,Outer DuSable Lake Shore Express,,Sun
22:55:09,3,King Drive,,Sun
09:41:12,146,Inner Lake Shore/Michigan Express,,Sun
04:40:53,151,Sheridan,,Mon,Tue,Wed,Thu,Fri
14:27:56,3,King Drive,,Sat
16:04:14,147,Outer DuSable Lake Shore Express,,Sat
10:56:18,147,Outer DuSable Lake Shore Express,,Sat
17:45:23,2,Hyde Park Express,,Mon,Tue,Wed,Thu,Fri
15:21:01,157,Streeterville/Taylor,,Mon,Tue,Wed,Thu,Fri
12:53:16,151,Sheridan,,Sun
09:04:35,151,Sheridan,,Sat
07:24:50,147,Outer DuSable Lake Shore Express,,Sat
17:21:26,3,King Drive,,Mon,Tue,Wed,Thu,Fri
20:13:02,146,Inner Lake Shore/Michigan Express,,Sat
21:34:04,3,King Drive,,Mon,Tue,Wed,Thu,Fri
14:13:16,151,Sheridan,,Sun
18:54:30,3,King Drive,,Mon,Tue,Wed,Thu,Fri
13:26:39,157,Streeterville/Taylor,,Mon,Tue,Wed,Thu,Fri
20:50:04,3,King Drive,,Sun
20:29:38,146,Inner Lake Shore/Michigan Express,,Sun
22:09:08,146,Inner Lake Shore/Michigan Express,,Sun
17:15:00,3,King Drive,,Sun
21:15:20,147,Outer DuSable Lake Shore Express,,Sun
10:50:32,146,Inner Lake Shore/Michigan Express,,Mon,Tue,Wed,Thu,Fri
10:59:32,146,Inner Lake Shore/Michigan Express,,Sat
07:30:20,151,Sheridan,,Sat
16:03:45,151,Sheridan,,Mon,Tue,Wed,Thu,Fri
07:31:03,147,Outer DuSable Lake Shore Express,,Mon,Tue,Wed,Thu,Fri
12:22:04,3,King Drive,,Sun
15:32:44,151,Sheridan,,Sat
10:07:46,147,Outer DuSable Lake Shore Express,,Mon,Tue,Wed,Thu,Fri
09:23:29,157,Streeterville/Taylor,,Mon,Tue,Wed,Thu,Fri
13:53:31,151,Sheridan,,Mon,Tue,Wed,Thu,Fri
12:28:48,147,Outer DuSable Lake Shore Express,,Sat
09:18:55,146,Inner Lake Shore/Michigan Express,,Sun
18:52:44,151,Sheridan,,Sat
11:52:48,151,Sheridan,,Sun
11:04:28,146,Inner Lake Shore/Michigan Express,,Sun
05:41:37,151,Sheridan,,Sun
10:29:48,147,Outer DuSable Lake Shore Express,,Sat
07:58:04,3,King Drive,,Mon,Tue,Wed,Thu,Fri
18:40:54,26,South Shore Express,,Mon,Tue,Wed,Thu,Fri
16:23:52,2,Hyde Park Express,,Mon,Tue,Wed,Thu,Fri
08:44:32,148,Clarendon/Michigan Express,,Mon,Tue,Wed,Thu,Fri
15:08:49,146,Inner Lake Shore/Michigan Express,,Sun
17:09:45,147,Outer DuSable Lake Shore Express,,Sat
14:54:56,3,King Drive,,Sat
08:18:05,147,Outer DuSable Lake Shore Express,,Sun
13:48:15,151,Sheridan,,Sat
13:41:01,151,Sheridan,,Mon,Tue,Wed,Thu,Fri
14:51:52,157,Streeterville/Taylor,,Mon,Tue,Wed,Thu,Fri
14:06:06,146,Inner Lake Shore/Michigan Express,,Sat
09:53:16,157,Streeterville/Taylor,,Mon,Tue,Wed,Thu,Fri
13:42:06,146,Inner Lake Shore/Michigan Express,,Sat
21:22:21,3,King Drive,,Sun
23:08:55,146,Inner Lake Shore/Michigan Express,,Sat
12:34:34,3,King Drive,,Sun
09:45:49,146,Inner Lake Shore/Michigan Express,,Mon,Tue,Wed,Thu,Fri
16:19:49,146,Inner Lake Shore/Michigan Express,,Sun
08:29:05,147,Outer DuSable Lake Shore Express,,Sun
08:08:04,3,King Drive,,Mon,Tue,Wed,Thu,Fri
16:37:49,146,Inner Lake Shore/Michigan Express,,Sun
13:25:17,3,King Drive,,Sun
10:04:02,151,Sheridan,,Mon,Tue,Wed,Thu,Fri
08:05:02,147,Outer DuSable Lake Shore Express,,Mon,Tue,Wed,Thu,Fri
15:10:31,147,Outer DuSable Lake Shore Express,,Mon,Tue,Wed,Thu,Fri
15:03:31,151,Sheridan,,Sun
21:48:03,151,Sheridan,,Mon,Tue,Wed,Thu,Fri
10:11:03,151,Sheridan,,Sat
15:35:56,146,Inner Lake Shore/Michigan Express,,Sat
18:51:46,151,Sheridan,,Sun
05:21:09,151,Sheridan,,Sun
15:38:29,2,Hyde Park Express,,Mon,Tue,Wed,Thu,Fri
07:30:08,146,Inner Lake Shore/Michigan Express,,Sat
13:33:36,146,Inner Lake Shore/Michigan Express,,Sat
05:09:09,151,Sheridan,,Sat
07:06:49,147,Outer DuSable Lake Shore Express,,Mon,Tue,Wed,Thu,Fri
14:27:56,3,King Drive,,Sat
20:15:13,3,King Drive,,Sat
06:23:04,148,Clarendon/Michigan Express,,Mon,Tue,Wed,Thu,Fri
20:13:02,146,Inner Lake Shore/Michigan Express,,Sat
12:59:34,3,King Drive,,Sun
15:35:15,147,Outer DuSable Lake Shore Express,,Mon,Tue,Wed,Thu,Fri
16:04:14,147,Outer DuSable Lake Shore Express,,Sat
21:10:46,151,Sheridan,,Sat
15:54:56,3,King Drive,,Sat
19:16:49,147,Outer DuSable Lake Shore Express,,Sun
08:28:48,151,Sheridan,,Mon,Tue,Wed,Thu,Fri
12:04:16,151,Sheridan,,Mon,Tue,Wed,Thu,Fri
15:40:44,151,Sheridan,,Sat
15:44:45,151,Sheridan,,Mon,Tue,Wed,Thu,Fri
16:23:31,151,Sheridan,,Sun
20:16:17,3,King Drive,,Mon,Tue,Wed,Thu,Fri
16:20:00,3,King Drive,,Sun
23:25:03,151,Sheridan,,Sat
08:52:32,148,Clarendon/Michigan Express,,Mon,Tue,Wed,Thu,Fri
15:13:39,26,South Shore Express,,Mon,Tue,Wed,Thu,Fri
09:41:42,148,Clarendon/Michigan Express,,Mon,Tue,Wed,Thu,Fri
15:26:49,146,Inner Lake Shore/Michigan Express,,Sun
22:36:20,147,Outer DuSable Lake Shore Express,,Sun
15:34:31,157,Streeterville/Taylor,,Mon,Tue,Wed,Thu,Fri
07:15:12,146,Inner Lake Shore/Michigan Express,,Mon,Tue,Wed,Thu,Fri
06:24:21,148,Clarendon/Michigan Express,,Mon,Tue,Wed,Thu,Fri
14:09:56,3,King Drive,,Sat
18:06:56,146,Inner Lake Shore/Michigan Express,,Sat
11:16:32,146,Inner Lake Shore/Michigan Express,,Mon,Tue,Wed,Thu,Fri
07:29:28,146,Inner Lake Shore/Michigan Express,,Mon,Tue,Wed,Thu,Fri
16:08:55,26,South Shore Express,,Mon,Tue,Wed,Thu,Fri
20:18:04,3,King Drive,,Sun
09:24:35,151,Sheridan,,Sat
05:59:56,3,King Drive,,Mon,Tue,Wed,Thu,Fri
09:36:56,3,King Drive,,Sun
17:24:56,146,Inner Lake Shore/Michigan Express,,Sat
12:13:32,146,Inner Lake Shore/Michigan Express,,Sat
21:57:51,3,King Drive,,Sun
19:07:36,146,Inner Lake Shore/Michigan Express,,Mon,Tue,Wed,Thu,Fri
20:47:23,26,South Shore Express,,Mon,Tue,Wed,Thu,Fri
20:19:50,157,Streeterville/Taylor,,Mon,Tue,Wed,Thu,Fri
06:40:19,147,Outer DuSable Lake Shore Express,,Mon,Tue,Wed,Thu,Fri
09:45:32,147,Outer DuSable Lake Shore Express,,Mon,Tue,Wed,Thu,Fri
18:53:02,147,Outer DuSable Lake Shore Express,,Mon,Tue,Wed,Thu,Fri
20:39:30,3,King Drive,,Sat
24:20:36,151,Sheridan,,Sun
14:06:06,146,Inner Lake Shore/Michigan Express,,Sat
09:54:49,151,Sheridan,,Sat
14:04:31,147,Outer DuSable Lake Shore Express,,Sat
09:26:55,148,Clarendon/Michigan Express,,Mon,Tue,Wed,Thu,Fri
13:08:15,151,Sheridan,,Sat
08:44:54,2,Hyde Park Express,,Mon,Tue,Wed,Thu,Fri
17:00:40,26,South Shore Express,,Mon,Tue,Wed,Thu,Fri
17:52:58,151,Sheridan,,Sat
17:33:40,26,South Shore Express,,Mon,Tue,Wed,Thu,Fri
11:46:16,147,Outer DuSable Lake Shore Express,,Mon,Tue,Wed,Thu,Fri
11:31:32,146,Inner Lake Shore/Michigan Express,,Sat
11:41:45,146,Inner Lake Shore/Michigan Express,,Sun
12:48:23,146,Inner Lake Shore/Michigan Express,,Mon,Tue,Wed,Thu,Fri
17:33:26,146,Inner Lake Shore/Michigan Express,,Sat
15:33:31,151,Sheridan,,Sun
08:00:02,147,Outer DuSable Lake Shore Express,,Mon,Tue,Wed,Thu,Fri
15:08:15,151,Sheridan,,Sat
14:46:45,147,Outer DuSable Lake Shore Express,,Sat
17:23:52,2,Hyde Park Express,,Mon,Tue,Wed,Thu,Fri
08:22:24,2,Hyde Park Express,,Mon,Tue,Wed,Thu,Fri
07:45:33,157,Streeterville/Taylor,,Mon,Tue,Wed,Thu,Fri
17:36:47,157,Streeterville/Taylor,,Mon,Tue,Wed,Thu,Fri
18:53:02,147,Outer DuSable Lake Shore Express,,Mon,Tue,Wed,Thu,Fri
17:03:29,147,Outer DuSable Lake Shore Express,,Mon,Tue,Wed,Thu,Fri
14:33:02,147,Outer DuSable Lake Shore Express,,Sun
11:07:18,151,Sheridan,,Sat
14:56:59,147,Outer DuSable Lake Shore Express,,Sat
16:04:46,147,Outer DuSable Lake Shore Express,,Sun
13:01:36,146,Inner Lake Shore/Michigan Express,,Sat
09:37:34,3,King Drive,,Mon,Tue,Wed,Thu,Fri
22:31:04,3,King Drive,,Mon,Tue,Wed,Thu,Fri
00:20:21,3,King Drive,,Sun
16:36:02,147,Outer DuSable Lake Shore Express,,Sun
08:58:35,151,Sheridan,,Sun
18:53:06,146,Inner Lake Shore/Michigan Express,,Mon,Tue,Wed,Thu,Fri
18:43:15,147,Outer DuSable Lake Shore Express,,Sat
10:52:33,151,Sheridan,,Sun
14:31:01,151,Sheridan,,Mon,Tue,Wed,Thu,Fri
09:11:54,2,Hyde Park Express,,Mon,Tue,Wed,Thu,Fri
05:59:51,146,Inner Lake Shore/Michigan Express,,Mon,Tue,Wed,Thu,Fri
16:39:21,2,Hyde Park Express,,Mon,Tue,Wed,Thu,Fri
20:03:13,3,King Drive,,Sat
06:21:50,151,Sheridan,,Mon,Tue,Wed,Thu,Fri
19:32:44,151,Sheridan,,Sat
08:49:02,147,Outer DuSable Lake Shore Express,,Mon,Tue,Wed,Thu,Fri
00:15:09,3,King Drive,,Mon
14:09:23,146,Inner Lake Shore/Michigan Express,,Mon,Tue,Wed,Thu,Fri
09:02:29,2,Hyde Park Express,,Mon,Tue,Wed,Thu,Fri