arrival_time,route_short_name,route_long_name,headsign,service_days
12:35:49,95,95th,,Sat
20:05:41,95,95th,,Mon,Tue,Wed,Thu,Fri
05:31:08,106,East 103rd,,Sun
13:53:08,111,111th/King Drive,,Sun
18:31:07,115,Pullman/115th,,Sun
06:40:53,103,West 103rd,,Sat
22:26:11,34,South Michigan,,Mon,Tue,Wed,Thu,Fri
18:01:49,95,95th,,Sat
19:06:21,100,Jeffery Manor Express,,Mon,Tue,Wed,Thu,Fri
06:55:03,3,King Drive,,Sat
11:00:11,34,South Michigan,,Mon,Tue,Wed,Thu,Fri
20:25:11,119,Michigan/119th,,Sat
14:09:49,95,95th,,Mon,Tue,Wed,Thu,Fri
21:10:03,3,King Drive,,Sun
22:38:56,34,South Michigan,,Sat
15:00:53,103,West 103rd,,Sat
01:51:35,N5,South Shore Night Bus,,Sun
03:20:56,34,South Michigan,,Sat
16:05:03,34,South Michigan,,Sun
14:04:23,115,Pullman/115th,,Sat
20:15:41,95,95th,,Mon,Tue,Wed,Thu,Fri
20:40:09,3,King Drive,,Sat
10:11:21,106,East 103rd,,Sat
12:29:49,95,95th,,Mon,Tue,Wed,Thu,Fri
13:03:25,34,South Michigan,,Sat
13:02:15,115,Pullman/115th,,Sat
16:30:23,115,Pullman/115th,,Sat
04:38:15,4,Cottage Grove,,Sun
12:02:41,95,95th,,Sun
13:36:14,106,East 103rd,,Sun
22:46:54,111,111th/King Drive,,Sat
05:37:06,3,King Drive,,Mon,Tue,Wed,Thu,Fri
07:33:03,100,Jeffery Manor Express,,Mon,Tue,Wed,Thu,Fri
12:23:25,34,South Michigan,,Sat
08:55:53,103,West 103rd,,Sun
05:31:08,106,East 103rd,,Mon,Tue,Wed,Thu,Fri
16:36:58,95,95th,,Mon,Tue,Wed,Thu,Fri
16:55:53,103,West 103rd,,Sun
18:36:08,106,East 103rd,,Sat
18:48:36,3,King Drive,,Mon,Tue,Wed,Thu,Fri
12:00:49,95,95th,,Mon,Tue,Wed,Thu,Fri
16:01:05,111,111th/King Drive,,Mon,Tue,Wed,Thu,Fri
06:21:08,106,East 103rd,,Mon,Tue,Wed,Thu,Fri
22:40:53,103,West 103rd,,Mon,Tue,Wed,Thu,Fri
20:55:07,115,Pullman/115th,,Sat
10:52:09,3,King Drive,,Sat
12:47:09,3,King Drive,,Mon,Tue,Wed,Thu,Fri
02:21:11,34,South Michigan,,Mon
07:50:11,34,South Michigan,,Mon,Tue,Wed,Thu,Fri
12:35:49,95,95th,,Sat
11:36:06,103,West 103rd,,Mon,Tue,Wed,Thu,Fri
12:12:41,95,95th,,Sun
12:18:23,115,Pullman/115th,,Sun
10:50:11,34,South Michigan,,Mon,Tue,Wed,Thu,Fri
20:28:24,111,111th/King Drive,,Sun
15:25:39,119,Michigan/119th,,Sat
14:06:25,34,South Michigan,,Mon,Tue,Wed,Thu,Fri
23:56:52,4,Cottage Grove,,Sun
13:17:25,34,South Michigan,,Mon,Tue,Wed,Thu,Fri
00:59:15,4,Cottage Grove,,Mon
05:50:56,34,South Michigan,,Sun
23:32:11,95,95th,,Mon,Tue,Wed,Thu,Fri
17:35:55,34,South Michigan,,Mon,Tue,Wed,Thu,Fri
08:50:11,34,South Michigan,,Mon,Tue,Wed,Thu,Fri
15:16:21,106,East 103rd,,Sun
13:31:11,119,Michigan/119th,,Sun
11:05:53,115,Pullman/115th,,Sat
13:23:25,34,South Michigan,,Sat
08:40:36,3,King Drive,,Sun
21:01:08,106,East 103rd,,Sun
14:25:03,34,South Michigan,,Sun
17:55:15,95,95th,,Sun
14:24:53,115,Pullman/115th,,Mon,Tue,Wed,Thu,Fri
20:13:15,95,95th,,Sat
16:55:13,103,West 103rd,,Mon,Tue,Wed,Thu,Fri
21:38:37,115,Pullman/115th,,Sun
10:22:06,3,King Drive,,Sun
17:08:09,3,King Drive,,Sat
16:01:05,111,111th/King Drive,,Mon,Tue,Wed,Thu,Fri
20:42:56,34,South Michigan,,Sat
14:26:23,115,Pullman/115th,,Mon,Tue,Wed,Thu,Fri
13:27:53,115,Pullman/115th,,Mon,Tue,Wed,Thu,Fri
15:46:58,95,95th,,Mon,Tue,Wed,Thu,Fri
11:58:06,3,King Drive,,Sun
09:28:07,115,Pullman/115th,,Sun
20:58:54,111,111th/King Drive,,Sat
19:05:55,34,South Michigan,,Mon,Tue,Wed,Thu,Fri
17:43:43,3,King Drive,,Mon,Tue,Wed,Thu,Fri
06:31:08,106,East 103rd,,Sun
15:12:58,111,111th/King Drive,,Mon,Tue,Wed,Thu,Fri
14:55:49,95,95th,,Sat
20:15:53,103,West 103rd,,Sun
08:40:09,3,King Drive,,Sat
22:10:56,119,Michigan/119th,,Sun
14:10:39,119,Michigan/119th,,Sat
10:52:41,95,95th,,Sun
12:52:06,103,West 103rd,,Mon,Tue,Wed,Thu,Fri
15:34:49,95,95th,,Sat
20:10:09,3,King Drive,,Sat
07:35:03,3,King Drive,,Sun
03:21:11,34,South Michigan,,Mon,Tue,Wed,Thu,Fri
05:40:56,119,Michigan/119th,,Sat
15:41:09,3,King Drive,,Sun
13:13:25,34,South Michigan,,Sat
19:15:55,34,South Michigan,,Mon,Tue,Wed,Thu,Fri
02:20:56,34,South Michigan,,Tue,Wed,Thu,Fri,Sat
08:40:21,111,111th/King Drive,,Mon,Tue,Wed,Thu,Fri
22:20:09,3,King Drive,,Sat
22:05:15,115,Pullman/115th,,Mon,Tue,Wed,Thu,Fri
07:01:08,106,East 103rd,,Sun
05:42:54,111,111th/King Drive,,Sat
19:40:53,103,West 103rd,,Sat
18:20:25,119,Michigan/119th,,Mon,Tue,Wed,Thu,Fri
16:36:09,3,King Drive,,Sun
10:31:11,119,Michigan/119th,,Sun
10:46:36,3,King Drive,,Mon,Tue,Wed,Thu,Fri
05:37:06,3,King Drive,,Mon,Tue,Wed,Thu,Fri
12:39:49,95,95th,,Mon,Tue,Wed,Thu,Fri
23:14:03,95,95th,,Sat
14:23:13,3,King Drive,,Sat
15:33:25,34,South Michigan,,Sat
19:43:58,111,111th/King Drive,,Mon,Tue,Wed,Thu,Fri
19:15:53,103,West 103rd,,Sun
14:05:49,95,95th,,Sat
06:11:11,119,Michigan/119th,,Sun
11:08:09,3,King Drive,,Mon,Tue,Wed,Thu,Fri
10:00:11,34,South Michigan,,Mon,Tue,Wed,Thu,Fri
16:45:03,34,South Michigan,,Sun
22:10:56,119,Michigan/119th,,Sun
23:51:11,34,South Michigan,,Sun
02:00:15,4,Cottage Grove,,Sun
12:58:09,3,King Drive,,Sat
15:23:08,111,111th/King Drive,,Sun
21:00:53,103,West 103rd,,Mon,Tue,Wed,Thu,Fri
11:40:39,119,Michigan/119th,,Sat
15:16:58,95,95th,,Sun
21:28:45,95,95th,,Sun
14:02:09,3,King Drive,,Sun
10:50:11,34,South Michigan,,Mon,Tue,Wed,Thu,Fri
08:31:06,103,West 103rd,,Mon,Tue,Wed,Thu,Fri
17:43:43,3,King Drive,,Mon,Tue,Wed,Thu,Fri
16:17:05,111,111th/King Drive,,Mon,Tue,Wed,Thu,Fri
11:15:53,103,West 103rd,,Sun
18:24:58,95,95th,,Mon,Tue,Wed,Thu,Fri
21:56:11,119,Michigan/119th,,Mon,Tue,Wed,Thu,Fri
13:02:11,95,95th,,Sun
13:45:49,95,95th,,Sat
11:31:08,106,East 103rd,,Mon,Tue,Wed,Thu,Fri
13:34:08,111,111th/King Drive,,Sun
07:43:08,106,East 103rd,,Mon,Tue,Wed,Thu,Fri
11:01:14,106,East 103rd,,Sun
08:55:54,111,111th/King Drive,,Sat
10:27:11,119,Michigan/119th,,Sat
07:37:09,3,King Drive,,Mon,Tue,Wed,Thu,Fri
22:28:07,115,Pullman/115th,,Mon,Tue,Wed,Thu,Fri
13:09:49,95,95th,,Mon,Tue,Wed,Thu,Fri
11:50:49,95,95th,,Mon,Tue,Wed,Thu,Fri
21:45:15,115,Pullman/115th,,Mon,Tue,Wed,Thu,Fri
08:01:24,111,111th/King Drive,,Sat
17:46:14,106,East 103rd,,Sat
19:11:11,119,Michigan/119th,,Sat
09:55:09,3,King Drive,,Sat
11:46:33,34,South Michigan,,Sun
23:10:56,119,Michigan/119th,,Sun
16:45:03,34,South Michigan,,Sun
13:29:06,3,King Drive,,Sun
11:51:11,119,Michigan/119th,,Sun
20:15:41,95,95th,,Mon,Tue,Wed,Thu,Fri
20:40:09,3,King Drive,,Sat
18:04:15,115,Pullman/115th,,Mon,Tue,Wed,Thu,Fri
15:53:25,34,South Michigan,,Sat
10:22:24,111,111th/King Drive,,Sun
09:26:33,34,South Michigan,,Sun
16:26:58,95,95th,,Sun
02:51:44,N5,South Shore Night Bus,,Tue,Wed,Thu,Fri,Sat
21:12:41,95,95th,,Sat
19:37:49,95,95th,,Sat
06:15:11,119,Michigan/119th,,Mon,Tue,Wed,Thu,Fri
19:16:38,106,East 103rd,,Mon,Tue,Wed,Thu,Fri
14:48:13,3,King Drive,,Mon,Tue,Wed,Thu,Fri
11:25:49,95,95th,,Sat
05:50:56,34,South Michigan,,Sun
16:35:13,3,King Drive,,Sat
12:15:53,103,West 103rd,,Sun
08:43:11,95,95th,,Sun
20:04:36,3,King Drive,,Mon,Tue,Wed,Thu,Fri
21:25:09,3,King Drive,,Sat
05:00:03,3,King Drive,,Mon,Tue,Wed,Thu,Fri
07:02:58,115,Pullman/115th,,Sat
17:10:13,103,West 103rd,,Mon,Tue,Wed,Thu,Fri
18:48:36,3,King Drive,,Mon,Tue,Wed,Thu,Fri
12:37:08,111,111th/King Drive,,Sun
08:04:09,3,King Drive,,Sat
21:30:41,95,95th,,Sat
12:10:19,95,95th,,Mon,Tue,Wed,Thu,Fri
15:03:25,34,South Michigan,,Sat
17:06:58,95,95th,,Mon,Tue,Wed,Thu,Fri
18:58:58,111,111th/King Drive,,Mon,Tue,Wed,Thu,Fri
06:03:00,103,West 103rd,,Mon,Tue,Wed,Thu,Fri
19:45:19,95,95th,,Sat
08:54:58,95,95th,,Mon,Tue,Wed,Thu,Fri
06:15:11,119,Michigan/119th,,Mon,Tue,Wed,Thu,Fri
08:20:11,119,Michigan/119th,,Mon,Tue,Wed,Thu,Fri
10:22:07,115,Pullman/115th,,Sun
06:44:24,111,111th/King Drive,,Sat
07:20:11,34,South Michigan,,Mon,Tue,Wed,Thu,Fri
18:32:25,119,Michigan/119th,,Mon,Tue,Wed,Thu,Fri
11:52:09,3,King Drive,,Mon,Tue,Wed,Thu,Fri
11:36:06,103,West 103rd,,Mon,Tue,Wed,Thu,Fri
06:24:24,111,111th/King Drive,,Sat
04:51:00,103,West 103rd,,Mon,Tue,Wed,Thu,Fri
05:54:57,3,King Drive,,Sun
01:51:40,N5,South Shore Night Bus,,Mon
15:34:49,95,95th,,Sat
20:25:11,119,Michigan/119th,,Sat
19:45:19,95,95th,,Sat
12:38:11,34,South Michigan,,Mon,Tue,Wed,Thu,Fri
19:36:37,115,Pullman/115th,,Sat
18:05:03,34,South Michigan,,Sun
23:51:35,N5,South Shore Night Bus,,Sat
10:35:36,3,King Drive,,Mon,Tue,Wed,Thu,Fri
12:36:23,115,Pullman/115th,,Sun
22:45:07,115,Pullman/115th,,Sun
04:29:15,4,Cottage Grove,,Mon,Tue,Wed,Thu,Fri
20:25:41,34,South Michigan,,Mon,Tue,Wed,Thu,Fri
15:44:49,95,95th,,Sat
21:26:11,34,South Michigan,,Mon,Tue,Wed,Thu,Fri
08:04:58,95,95th,,Mon,Tue,Wed,Thu,Fri
13:16:14,106,East 103rd,,Sun
07:21:14,111,111th/King Drive,,Mon,Tue,Wed,Thu,Fri
14:35:09,3,King Drive,,Sun
09:52:41,95,95th,,Sun
15:11:21,106,East 103rd,,Mon,Tue,Wed,Thu,Fri
03:54:15,4,Cottage Grove,,Mon,Tue,Wed,Thu,Fri
07:52:09,3,King Drive,,Sat
06:21:08,106,East 103rd,,Mon,Tue,Wed,Thu,Fri
16:55:03,34,South Michigan,,Sun
12:38:11,34,South Michigan,,Mon,Tue,Wed,Thu,Fri
13:39:49,95,95th,,Mon,Tue,Wed,Thu,Fri
18:26:11,119,Michigan/119th,,Sat
15:26:58,95,95th,,Sun
11:12:41,95,95th,,Sun
17:12:19,95,95th,,Sat
16:46:09,3,King Drive,,Sat
12:32:41,95,95th,,Sun
17:25:15,95,95th,,Sun
00:26:11,34,South Michigan,,Tue,Wed,Thu,Fri,Sat
09:50:11,34,South Michigan,,Mon,Tue,Wed,Thu,Fri
05:46:08,111,111th/King Drive,,Mon,Tue,Wed,Thu,Fri
08:47:49,95,95th,,Sat
20:01:08,106,East 103rd,,Sat
16:44:49,95,95th,,Sat
20:49:45,95,95th,,Sun
07:45:14,111,111th/King Drive,,Mon,Tue,Wed,Thu,Fri
20:16:08,106,East 103rd,,Mon,Tue,Wed,Thu,Fri
03:21:44,N5,South Shore Night Bus,,Sun
17:51:49,95,95th,,Sat
12:03:09,3,King Drive,,Mon,Tue,Wed,Thu,Fri
10:37:21,106,East 103rd,,Sat
13:51:11,119,Michigan/119th,,Sun
17:00:53,103,West 103rd,,Sat
21:40:09,3,King Drive,,Sat
14:02:15,115,Pullman/115th,,Sun
22:15:36,3,King Drive,,Mon,Tue,Wed,Thu,Fri
20:55:09,3,King Drive,,Sat
09:25:15,115,Pullman/115th,,Mon,Tue,Wed,Thu,Fri
12:29:08,111,111th/King Drive,,Sat
07:15:07,115,Pullman/115th,,Sat
12:29:49,95,95th,,Mon,Tue,Wed,Thu,Fri
13:05:03,34,South Michigan,,Sun
12:58:09,3,King Drive,,Mon,Tue,Wed,Thu,Fri
12:59:49,95,95th,,Mon,Tue,Wed,Thu,Fri
11:13:23,115,Pullman/115th,,Mon,Tue,Wed,Thu,Fri
06:58:45,95,95th,,Mon,Tue,Wed,Thu,Fri
19:53:36,3,King Drive,,Mon,Tue,Wed,Thu,Fri
13:25:49,95,95th,,Sat
08:46:08,106,East 103rd,,Mon,Tue,Wed,Thu,Fri
18:44:58,95,95th,,Mon,Tue,Wed,Thu,Fri
20:10:06,3,King Drive,,Sun
08:57:56,34,South Michigan,,Sat
18:15:36,3,King Drive,,Sun
15:35:03,34,South Michigan,,Sun
22:21:08,106,East 103rd,,Mon,Tue,Wed,Thu,Fri
18:12:36,3,King Drive,,Mon,Tue,Wed,Thu,Fri
09:24:58,95,95th,,Mon,Tue,Wed,Thu,Fri
12:05:49,95,95th,,Sat
12:44:23,115,Pullman/115th,,Sat
10:50:49,95,95th,,Mon,Tue,Wed,Thu,Fri
18:27:09,3,King Drive,,Sat
22:24:54,111,111th/King Drive,,Sat
20:31:08,106,East 103rd,,Sun
21:10:09,3,King Drive,,Sat
10:36:33,34,South Michigan,,Sun
13:39:49,95,95th,,Mon,Tue,Wed,Thu,Fri
04:51:11,119,Michigan/119th,,Mon,Tue,Wed,Thu,Fri
05:20:53,103,West 103rd,,Sat
07:10:11,34,South Michigan,,Mon,Tue,Wed,Thu,Fri
16:55:21,106,East 103rd,,Mon,Tue,Wed,Thu,Fri
17:17:28,111,111th/King Drive,,Mon,Tue,Wed,Thu,Fri
15:25:03,34,South Michigan,,Sun
00:06:11,119,Michigan/119th,,Mon
07:01:00,103,West 103rd,,Mon,Tue,Wed,Thu,Fri
10:42:11,119,Michigan/119th,,Sat
15:54:13,3,King Drive,,Mon,Tue,Wed,Thu,Fri
17:45:15,95,95th,,Sun
23:51:44,N5,South Shore Night Bus,,Sun
05:51:11,119,Michigan/119th,,Mon,Tue,Wed,Thu,Fri
17:25:21,106,East 103rd,,Mon,Tue,Wed,Thu,Fri
17:10:21,106,East 103rd,,Mon,Tue,Wed,Thu,Fri
09:15:53,103,West 103rd,,Sun
07:32:32,115,Pullman/115th,,Mon,Tue,Wed,Thu,Fri
05:04:01,111,111th/King Drive,,Mon,Tue,Wed,Thu,Fri
09:15:09,3,King Drive,,Sat
15:40:53,115,Pullman/115th,,Mon,Tue,Wed,Thu,Fri
04:25:03,3,King Drive,,Mon,Tue,Wed,Thu,Fri
16:05:13,3,King Drive,,Mon,Tue,Wed,Thu,Fri
14:41:13,3,King Drive,,Sat
10:36:33,34,South Michigan,,Sun
13:35:03,34,South Michigan,,Sun
18:31:08,106,East 103rd,,Sun
21:50:03,3,King Drive,,Sun
04:52:41,95,95th,,Mon,Tue,Wed,Thu,Fri
21:01:11,119,Michigan/119th,,Mon,Tue,Wed,Thu,Fri
10:44:08,111,111th/King Drive,,Sat
16:48:15,115,Pullman/115th,,Sat
21:26:11,34,South Michigan,,Mon,Tue,Wed,Thu,Fri
17:43:13,103,West 103rd,,Mon,Tue,Wed,Thu,Fri
07:10:11,34,South Michigan,,Mon,Tue,Wed,Thu,Fri
20:15:03,34,South Michigan,,Sun
07:57:11,119,Michigan/119th,,Mon,Tue,Wed,Thu,Fri
19:23:11,34,South Michigan,,Sat
16:40:39,119,Michigan/119th,,Sat
17:35:03,34,South Michigan,,Sun
09:04:03,100,Jeffery Manor Express,,Mon,Tue,Wed,Thu,Fri
19:45:41,95,95th,,Mon,Tue,Wed,Thu,Fri
15:36:58,95,95th,,Mon,Tue,Wed,Thu,Fri
21:38:41,95,95th,,Sat
07:51:03,34,South Michigan,,Sun
17:20:25,119,Michigan/119th,,Mon,Tue,Wed,Thu,Fri
11:54:28,111,111th/King Drive,,Mon,Tue,Wed,Thu,Fri
11:55:21,106,East 103rd,,Sat
17:11:13,3,King Drive,,Mon,Tue,Wed,Thu,Fri
01:31:15,4,Cottage Grove,,Mon
16:25:39,119,Michigan/119th,,Sat
07:51:07,115,Pullman/115th,,Sat
14:13:09,3,King Drive,,Sun
18:01:36,3,King Drive,,Sun
08:30:11,34,South Michigan,,Mon,Tue,Wed,Thu,Fri
13:25:49,95,95th,,Sat
12:01:08,106,East 103rd,,Mon,Tue,Wed,Thu,Fri
19:06:36,3,King Drive,,Mon,Tue,Wed,Thu,Fri
10:54:21,111,111th/King Drive,,Mon,Tue,Wed,Thu,Fri
10:36:58,95,95th,,Sat
11:53:25,34,South Michigan,,Sat
09:15:37,115,Pullman/115th,,Sat
15:43:13,3,King Drive,,Mon,Tue,Wed,Thu,Fri
21:19:41,95,95th,,Mon,Tue,Wed,Thu,Fri
12:48:11,34,South Michigan,,Mon,Tue,Wed,Thu,Fri
04:59:15,4,Cottage Grove,,Sat
06:40:56,119,Michigan/119th,,Sat
11:54:28,111,111th/King Drive,,Mon,Tue,Wed,Thu,Fri
14:59:13,3,King Drive,,Sat
09:56:33,34,South Michigan,,Sun
19:36:08,106,East 103rd,,Mon,Tue,Wed,Thu,Fri
19:55:19,95,95th,,Sat
16:24:23,115,Pullman/115th,,Mon,Tue,Wed,Thu,Fri
21:16:07,115,Pullman/115th,,Sat
14:35:03,34,South Michigan,,Sun
12:14:09,3,King Drive,,Mon,Tue,Wed,Thu,Fri
08:04:09,3,King Drive,,Sat
08:11:23,115,Pullman/115th,,Mon,Tue,Wed,Thu,Fri
15:30:09,3,King Drive,,Sun
09:41:54,95,95th,,Mon,Tue,Wed,Thu,Fri
09:23:54,111,111th/King Drive,,Sun
18:03:36,3,King Drive,,Mon,Tue,Wed,Thu,Fri
20:05:41,95,95th,,Mon,Tue,Wed,Thu,Fri
11:01:09,3,King Drive,,Sat
10:02:36,3,King Drive,,Mon,Tue,Wed,Thu,Fri
12:16:14,106,East 103rd,,Sun
15:23:25,34,South Michigan,,Sat
06:47:32,115,Pullman/115th,,Mon,Tue,Wed,Thu,Fri
18:56:25,119,Michigan/119th,,Mon,Tue,Wed,Thu,Fri
18:00:02,115,Pullman/115th,,Mon,Tue,Wed,Thu,Fri
16:32:35,111,111th/King Drive,,Mon,Tue,Wed,Thu,Fri
16:58:09,3,King Drive,,Sun
03:50:56,34,South Michigan,,Sat
10:13:36,3,King Drive,,Mon,Tue,Wed,Thu,Fri
13:29:49,95,95th,,Mon,Tue,Wed,Thu,Fri
15:25:39,119,Michigan/119th,,Sat
11:46:09,3,King Drive,,Sat
11:53:53,115,Pullman/115th,,Mon,Tue,Wed,Thu,Fri
22:16:11,95,95th,,Mon,Tue,Wed,Thu,Fri
13:55:03,34,South Michigan,,Sun
12:20:25,119,Michigan/119th,,Mon,Tue,Wed,Thu,Fri
14:36:21,106,East 103rd,,Sun
21:11:41,95,95th,,Mon,Tue,Wed,Thu,Fri
01:51:44,N5,South Shore Night Bus,,Tue,Wed,Thu,Fri,Sat
15:45:05,111,111th/King Drive,,Mon,Tue,Wed,Thu,Fri
14:52:23,115,Pullman/115th,,Sat
18:41:06,103,West 103rd,,Mon,Tue,Wed,Thu,Fri
15:05:08,111,111th/King Drive,,Sun
18:47:49,95,95th,,Sat
12:45:03,34,South Michigan,,Sun
06:00:53,103,West 103rd,,Sat
12:44:25,119,Michigan/119th,,Mon,Tue,Wed,Thu,Fri
19:45:41,34,South Michigan,,Mon,Tue,Wed,Thu,Fri
13:38:13,3,King Drive,,Sat
12:06:03,34,South Michigan,,Sun
21:49:41,95,95th,,Mon,Tue,Wed,Thu,Fri
04:58:15,4,Cottage Grove,,Sun
15:08:13,3,King Drive,,Sat
09:09:36,3,King Drive,,Mon,Tue,Wed,Thu,Fri
08:20:11,34,South Michigan,,Mon,Tue,Wed,Thu,Fri
13:18:15,115,Pullman/115th,,Sat
05:00:54,106,East 103rd,,Sat
11:32:41,95,95th,,Sun
01:31:15,4,Cottage Grove,,Tue,Wed,Thu,Fri,Sat
13:35:53,103,West 103rd,,Sun
19:35:03,34,South Michigan,,Sun
22:00:56,34,South Michigan,,Sun
18:51:09,3,King Drive,,Sat
06:51:09,3,King Drive,,Mon,Tue,Wed,Thu,Fri
13:43:25,34,South Michigan,,Sat
07:09:08,106,East 103rd,,Mon,Tue,Wed,Thu,Fri
19:11:15,95,95th,,Sun
06:00:53,103,West 103rd,,Sat
04:21:44,N5,South Shore Night Bus,,Mon,Tue,Wed,Thu,Fri
16:40:43,103,West 103rd,,Mon,Tue,Wed,Thu,Fri
22:15:08,111,111th/King Drive,,Mon,Tue,Wed,Thu,Fri
17:11:11,119,Michigan/119th,,Sun
06:36:39,3,King Drive,,Mon,Tue,Wed,Thu,Fri
22:01:08,106,East 103rd,,Sun
11:20:08,111,111th/King Drive,,Sat
19:45:03,34,South Michigan,,Sun
10:32:11,119,Michigan/119th,,Mon,Tue,Wed,Thu,Fri
19:44:53,115,Pullman/115th,,Mon,Tue,Wed,Thu,Fri
10:16:08,106,East 103rd,,Mon,Tue,Wed,Thu,Fri
16:26:13,103,West 103rd,,Mon,Tue,Wed,Thu,Fri
17:09:38,111,111th/King Drive,,Sun
18:15:03,34,South Michigan,,Sun
19:15:55,34,South Michigan,,Mon,Tue,Wed,Thu,Fri
11:23:25,34,South Michigan,,Sat
11:35:53,103,West 103rd,,Sun
11:22:23,115,Pullman/115th,,Sat
12:58:15,115,Pullman/115th,,Sun
11:28:23,115,Pullman/115th,,Mon,Tue,Wed,Thu,Fri
00:51:44,N5,South Shore Night Bus,,Tue,Wed,Thu,Fri,Sat
14:35:49,95,95th,,Sat
12:15:33,34,South Michigan,,Sun
15:00:21,106,East 103rd,,Mon,Tue,Wed,Thu,Fri
17:21:21,106,East 103rd,,Sat
23:32:11,95,95th,,Mon,Tue,Wed,Thu,Fri
10:56:56,34,South Michigan,,Sat
05:20:54,111,111th/King Drive,,Sat
16:16:58,95,95th,,Mon,Tue,Wed,Thu,Fri
18:15:55,34,South Michigan,,Mon,Tue,Wed,Thu,Fri
00:16:11,119,Michigan/119th,,Tue,Wed,Thu,Fri,Sat
06:55:11,119,Michigan/119th,,Mon,Tue,Wed,Thu,Fri
11:44:11,119,Michigan/119th,,Mon,Tue,Wed,Thu,Fri
16:55:39,119,Michigan/119th,,Sat
05:07:06,3,King Drive,,Mon,Tue,Wed,Thu,Fri
12:44:08,111,111th/King Drive,,Sat
10:36:58,95,95th,,Sat
15:20:25,119,Michigan/119th,,Mon,Tue,Wed,Thu,Fri
21:46:11,34,South Michigan,,Mon,Tue,Wed,Thu,Fri
20:50:03,3,King Drive,,Sun
14:47:08,111,111th/King Drive,,Sun
07:50:56,34,South Michigan,,Sat
15:44:13,3,King Drive,,Sat
14:51:21,106,East 103rd,,Sat
13:50:45,95,95th,,Sun
16:05:08,111,111th/King Drive,,Sat
11:20:11,119,Michigan/119th,,Mon,Tue,Wed,Thu,Fri
01:31:15,4,Cottage Grove,,Tue,Wed,Thu,Fri,Sat
10:01:06,103,West 103rd,,Mon,Tue,Wed,Thu,Fri
16:56:25,119,Michigan/119th,,Mon,Tue,Wed,Thu,Fri
02:31:15,4,Cottage Grove,,Mon
06:46:41,95,95th,,Sat
21:18:54,111,111th/King Drive,,Sat
18:11:08,106,East 103rd,,Sat
19:35:53,103,West 103rd,,Sun
19:31:08,106,East 103rd,,Sat
11:17:06,103,West 103rd,,Mon,Tue,Wed,Thu,Fri
14:59:49,95,95th,,Mon,Tue,Wed,Thu,Fri
17:17:08,111,111th/King Drive,,Sat
19:43:36,3,King Drive,,Mon,Tue,Wed,Thu,Fri
21:40:54,111,111th/King Drive,,Sat
22:10:03,3,King Drive,,Sun
16:55:21,106,East 103rd,,Mon,Tue,Wed,Thu,Fri
07:52:09,3,King Drive,,Sat
12:00:11,34,South Michigan,,Mon,Tue,Wed,Thu,Fri
09:50:11,34,South Michigan,,Mon,Tue,Wed,Thu,Fri
20:56:21,111,111th/King Drive,,Mon,Tue,Wed,Thu,Fri
22:06:11,34,South Michigan,,Mon,Tue,Wed,Thu,Fri
19:15:36,3,King Drive,,Mon,Tue,Wed,Thu,Fri
20:40:53,103,West 103rd,,Mon,Tue,Wed,Thu,Fri
18:03:36,3,King Drive,,Mon,Tue,Wed,Thu,Fri
17:45:55,34,South Michigan,,Mon,Tue,Wed,Thu,Fri
17:35:08,111,111th/King Drive,,Sat
14:45:49,95,95th,,Sat
08:31:11,119,Michigan/119th,,Sun
18:01:08,106,East 103rd,,Sun
10:13:36,3,King Drive,,Mon,Tue,Wed,Thu,Fri
05:52:11,34,South Michigan,,Mon,Tue,Wed,Thu,Fri
16:52:23,115,Pullman/115th,,Mon,Tue,Wed,Thu,Fri
18:34:58,95,95th,,Mon,Tue,Wed,Thu,Fri
14:45:55,34,South Michigan,,Mon,Tue,Wed,Thu,Fri
12:21:36,3,King Drive,,Sun
20:02:56,34,South Michigan,,Sat
22:35:11,95,95th,,Mon,Tue,Wed,Thu,Fri
18:39:09,3,King Drive,,Sat
16:06:21,106,East 103rd,,Sat
03:31:15,4,Cottage Grove,,Sat
21:09:11,34,South Michigan,,Mon,Tue,Wed,Thu,Fri
11:20:53,103,West 103rd,,Sat
08:04:09,3,King Drive,,Mon,Tue,Wed,Thu,Fri
13:14:09,3,King Drive,,Sat
11:44:11,119,Michigan/119th,,Mon,Tue,Wed,Thu,Fri
02:21:35,N5,South Shore Night Bus,,Sun
07:11:11,119,Michigan/119th,,Sun
15:18:24,95,95th,,Mon,Tue,Wed,Thu,Fri
06:35:53,103,West 103rd,,Sun
02:50:56,34,South Michigan,,Tue,Wed,Thu,Fri,Sat
12:40:09,3,King Drive,,Sat
16:06:21,106,East 103rd,,Sat
14:09:58,111,111th/King Drive,,Mon,Tue,Wed,Thu,Fri
12:15:33,34,South Michigan,,Sun
08:01:24,111,111th/King Drive,,Sat
11:03:25,34,South Michigan,,Sat
09:21:23,115,Pullman/115th,,Sat
14:59:13,3,King Drive,,Mon,Tue,Wed,Thu,Fri
19:01:00,103,West 103rd,,Mon,Tue,Wed,Thu,Fri
13:35:53,103,West 103rd,,Sun
11:03:25,34,South Michigan,,Sat
11:43:25,34,South Michigan,,Sat
13:29:43,3,King Drive,,Sat
21:25:15,115,Pullman/115th,,Mon,Tue,Wed,Thu,Fri
15:59:08,111,111th/King Drive,,Sun
07:40:06,103,West 103rd,,Mon,Tue,Wed,Thu,Fri
18:15:15,95,95th,,Sun
23:20:56,34,South Michigan,,Sun
11:08:45,115,Pullman/115th,,Mon,Tue,Wed,Thu,Fri
19:11:19,95,95th,,Mon,Tue,Wed,Thu,Fri
12:08:11,34,South Michigan,,Mon,Tue,Wed,Thu,Fri
16:56:21,106,East 103rd,,Sat
10:07:49,95,95th,,Sat
11:06:49,95,95th,,Sat
07:32:11,95,95th,,Sat
19:55:19,95,95th,,Sat
18:30:49,95,95th,,Sat
08:46:06,103,West 103rd,,Mon,Tue,Wed,Thu,Fri
10:40:53,103,West 103rd,,Sat
14:55:39,119,Michigan/119th,,Sat
09:36:08,106,East 103rd,,Mon,Tue,Wed,Thu,Fri
16:40:08,106,East 103rd,,Sun
14:20:25,119,Michigan/119th,,Mon,Tue,Wed,Thu,Fri
06:56:58,100,Jeffery Manor Express,,Mon,Tue,Wed,Thu,Fri
11:40:11,34,South Michigan,,Mon,Tue,Wed,Thu,Fri
22:51:11,119,Michigan/119th,,Sun
16:53:25,34,South Michigan,,Sat
04:21:15,4,Cottage Grove,,Sun
12:35:53,103,West 103rd,,Sun
14:50:13,3,King Drive,,Sat
12:51:11,119,Michigan/119th,,Sun
19:42:37,115,Pullman/115th,,Sun
14:29:23,115,Pullman/115th,,Sun
22:40:07,115,Pullman/115th,,Sat
17:09:38,111,111th/King Drive,,Sun
14:46:43,103,West 103rd,,Mon,Tue,Wed,Thu,Fri
12:09:28,111,111th/King Drive,,Mon,Tue,Wed,Thu,Fri
15:26:13,3,King Drive,,Sat
17:06:24,95,95th,,Sun
16:00:53,103,West 103rd,,Sat
09:23:06,103,West 103rd,,Mon,Tue,Wed,Thu,Fri
13:46:25,34,South Michigan,,Mon,Tue,Wed,Thu,Fri
07:49:09,3,King Drive,,Mon,Tue,Wed,Thu,Fri
18:35:03,34,South Michigan,,Sun
14:13:09,3,King Drive,,Sun
09:08:11,119,Michigan/119th,,Mon,Tue,Wed,Thu,Fri
17:02:35,111,111th/King Drive,,Mon,Tue,Wed,Thu,Fri
09:22:41,95,95th,,Sun
06:40:54,100,Jeffery Manor Express,,Mon,Tue,Wed,Thu,Fri
10:30:07,115,Pullman/115th,,Sun
17:31:49,95,95th,,Sat
15:11:21,106,East 103rd,,Mon,Tue,Wed,Thu,Fri
11:35:53,103,West 103rd,,Sun
19:56:09,3,King Drive,,Sat
18:17:38,111,111th/King Drive,,Sun
05:42:11,34,South Michigan,,Mon,Tue,Wed,Thu,Fri
08:20:56,119,Michigan/119th,,Sat
05:22:06,3,King Drive,,Mon,Tue,Wed,Thu,Fri
00:59:15,4,Cottage Grove,,Sun
10:16:33,34,South Michigan,,Sun
04:51:44,N5,South Shore Night Bus,,Sun
15:25:55,34,South Michigan,,Mon,Tue,Wed,Thu,Fri
13:51:09,3,King Drive,,Sun
06:00:54,106,East 103rd,,Sat
19:23:11,34,South Michigan,,Sat
05:01:08,106,East 103rd,,Sun
03:51:11,34,South Michigan,,Mon,Tue,Wed,Thu,Fri
09:20:11,119,Michigan/119th,,Mon,Tue,Wed,Thu,Fri
15:09:32,115,Pullman/115th,,Mon,Tue,Wed,Thu,Fri
12:31:09,3,King Drive,,Sat
14:44:23,115,Pullman/115th,,Sun
09:47:49,95,95th,,Sat
13:43:36,103,West 103rd,,Mon,Tue,Wed,Thu,Fri
12:47:09,3,King Drive,,Mon,Tue,Wed,Thu,Fri
21:35:53,103,West 103rd,,Sun
16:55:13,103,West 103rd,,Mon,Tue,Wed,Thu,Fri
15:36:58,95,95th,,Sun
07:51:03,34,South Michigan,,Sun
22:51:07,115,Pullman/115th,,Mon,Tue,Wed,Thu,Fri
11:37:09,3,King Drive,,Sat
19:30:56,119,Michigan/119th,,Sun
20:12:56,34,South Michigan,,Sat
16:20:53,103,West 103rd,,Sat
17:54:09,3,King Drive,,Mon,Tue,Wed,Thu,Fri
13:06:09,3,King Drive,,Sat
17:34:23,115,Pullman/115th,,Mon,Tue,Wed,Thu,Fri
12:55:03,34,South Michigan,,Sun
19:35:06,3,King Drive,,Sun
05:29:36,3,King Drive,,Mon,Tue,Wed,Thu,Fri
11:41:09,3,King Drive,,Mon,Tue,Wed,Thu,Fri
11:55:53,103,West 103rd,,Sun
07:09:41,95,95th,,Sat
11:01:24,111,111th/King Drive,,Sun
15:47:08,111,111th/King Drive,,Sat
21:08:07,115,Pullman/115th,,Mon,Tue,Wed,Thu,Fri
08:44:58,95,95th,,Mon,Tue,Wed,Thu,Fri
08:11:39,3,King Drive,,Mon,Tue,Wed,Thu,Fri
13:59:08,111,111th/King Drive,,Sat
20:00:53,103,West 103rd,,Mon,Tue,Wed,Thu,Fri
05:00:53,103,West 103rd,,Sat
12:54:23,115,Pullman/115th,,Sun
12:31:08,106,East 103rd,,Mon,Tue,Wed,Thu,Fri
18:40:44,106,East 103rd,,Mon,Tue,Wed,Thu,Fri
16:15:15,115,Pullman/115th,,Sat
09:39:23,115,Pullman/115th,,Sat
05:00:58,115,Pullman/115th,,Mon,Tue,Wed,Thu,Fri
15:40:39,119,Michigan/119th,,Sat
06:25:03,3,King Drive,,Sat
21:55:08,111,111th/King Drive,,Mon,Tue,Wed,Thu,Fri
06:21:33,95,95th,,Sat
12:08:53,115,Pullman/115th,,Mon,Tue,Wed,Thu,Fri
11:40:49,95,95th,,Mon,Tue,Wed,Thu,Fri
16:20:25,119,Michigan/119th,,Mon,Tue,Wed,Thu,Fri
13:28:23,115,Pullman/115th,,Sun
22:51:15,115,Pullman/115th,,Mon,Tue,Wed,Thu,Fri
15:25:53,115,Pullman/115th,,Mon,Tue,Wed,Thu,Fri
15:35:13,3,King Drive,,Sat
23:08:54,111,111th/King Drive,,Sat
06:09:03,3,King Drive,,Sat
08:20:56,119,Michigan/119th,,Sat
19:55:53,103,West 103rd,,Sun
16:45:55,34,South Michigan,,Mon,Tue,Wed,Thu,Fri
09:27:49,95,95th,,Sat
10:56:33,34,South Michigan,,Sun
12:58:09,3,King Drive,,Sat
08:20:53,103,West 103rd,,Sat
18:56:11,119,Michigan/119th,,Sat
05:50:56,34,South Michigan,,Sat
11:17:06,103,West 103rd,,Mon,Tue,Wed,Thu,Fri
08:04:09,3,King Drive,,Mon,Tue,Wed,Thu,Fri
08:32:28,115,Pullman/115th,,Sun
22:20:56,34,South Michigan,,Sun
21:01:41,95,95th,,Mon,Tue,Wed,Thu,Fri
07:25:09,3,King Drive,,Mon,Tue,Wed,Thu,Fri
17:16:02,115,Pullman/115th,,Mon,Tue,Wed,Thu,Fri
09:32:11,119,Michigan/119th,,Mon,Tue,Wed,Thu,Fri
08:10:11,34,South Michigan,,Mon,Tue,Wed,Thu,Fri
09:04:06,103,West 103rd,,Mon,Tue,Wed,Thu,Fri
14:23:25,34,South Michigan,,Sat
11:11:25,119,Michigan/119th,,Sat
13:11:21,106,East 103rd,,Sat
06:54:08,106,East 103rd,,Mon,Tue,Wed,Thu,Fri
06:03:11,95,95th,,Mon,Tue,Wed,Thu,Fri
16:25:21,106,East 103rd,,Mon,Tue,Wed,Thu,Fri
01:50:56,34,South Michigan,,Sun
07:05:09,3,King Drive,,Mon,Tue,Wed,Thu,Fri
15:44:39,100,Jeffery Manor Express,,Mon,Tue,Wed,Thu,Fri
09:45:21,106,East 103rd,,Sat
09:19:36,3,King Drive,,Mon,Tue,Wed,Thu,Fri
06:07:45,115,Pullman/115th,,Mon,Tue,Wed,Thu,Fri
16:25:09,3,King Drive,,Sun
22:01:08,106,East 103rd,,Sat
21:35:53,103,West 103rd,,Sun
09:39:21,111,111th/King Drive,,Mon,Tue,Wed,Thu,Fri
10:34:06,3,King Drive,,Sun
23:16:15,115,Pullman/115th,,Mon,Tue,Wed,Thu,Fri
16:32:25,119,Michigan/119th,,Mon,Tue,Wed,Thu,Fri
16:55:39,119,Michigan/119th,,Sat
17:30:32,115,Pullman/115th,,Mon,Tue,Wed,Thu,Fri
02:51:44,N5,South Shore Night Bus,,Tue,Wed,Thu,Fri,Sat
12:15:53,103,West 103rd,,Sun
19:13:58,111,111th/King Drive,,Mon,Tue,Wed,Thu,Fri
20:09:45,95,95th,,Sun
14:05:13,3,King Drive,,Sat
21:02:41,95,95th,,Sat
09:16:08,106,East 103rd,,Mon,Tue,Wed,Thu,Fri
09:58:02,115,Pullman/115th,,Mon,Tue,Wed,Thu,Fri
15:00:43,103,West 103rd,,Mon,Tue,Wed,Thu,Fri
10:08:11,119,Michigan/119th,,Mon,Tue,Wed,Thu,Fri
11:56:11,119,Michigan/119th,,Mon,Tue,Wed,Thu,Fri
21:59:11,95,95th,,Mon,Tue,Wed,Thu,Fri
05:26:11,119,Michigan/119th,,Mon,Tue,Wed,Thu,Fri
17:33:13,3,King Drive,,Mon,Tue,Wed,Thu,Fri
17:20:53,103,West 103rd,,Sat
13:09:09,3,King Drive,,Mon,Tue,Wed,Thu,Fri
13:05:03,34,South Michigan,,Sun
15:08:24,95,95th,,Mon,Tue,Wed,Thu,Fri
06:18:00,103,West 103rd,,Mon,Tue,Wed,Thu,Fri
17:52:54,111,111th/King Drive,,Sat
10:38:45,115,Pullman/115th,,Mon,Tue,Wed,Thu,Fri
04:21:44,N5,South Shore Night Bus,,Mon,Tue,Wed,Thu,Fri
17:55:03,34,South Michigan,,Sun
21:55:08,111,111th/King Drive,,Mon,Tue,Wed,Thu,Fri
14:35:53,103,West 103rd,,Sun
08:45:23,115,Pullman/115th,,Sat
16:16:13,3,King Drive,,Mon,Tue,Wed,Thu,Fri
17:44:25,119,Michigan/119th,,Mon,Tue,Wed,Thu,Fri
13:25:39,119,Michigan/119th,,Sat
09:35:53,103,West 103rd,,Sun
13:31:08,106,East 103rd,,Mon,Tue,Wed,Thu,Fri
12:20:25,119,Michigan/119th,,Mon,Tue,Wed,Thu,Fri
02:51:11,34,South Michigan,,Mon
10:36:08,106,East 103rd,,Mon,Tue,Wed,Thu,Fri
18:39:09,3,King Drive,,Sat
07:54:11,95,95th,,Sat
12:11:11,119,Michigan/119th,,Sun
21:35:21,111,111th/King Drive,,Mon,Tue,Wed,Thu,Fri
16:14:49,95,95th,,Sat
17:21:49,95,95th,,Sat
13:59:23,115,Pullman/115th,,Sun
08:47:15,115,Pullman/115th,,Mon,Tue,Wed,Thu,Fri
04:23:15,4,Cottage Grove,,Sun
07:14:11,95,95th,,Sun
23:36:11,119,Michigan/119th,,Mon,Tue,Wed,Thu,Fri
00:40:56,34,South Michigan,,Sun
12:46:37,115,Pullman/115th,,Sat
16:06:58,95,95th,,Mon,Tue,Wed,Thu,Fri
14:05:03,34,South Michigan,,Sun
04:35:03,3,King Drive,,Mon,Tue,Wed,Thu,Fri
06:44:09,3,King Drive,,Mon,Tue,Wed,Thu,Fri
04:01:15,4,Cottage Grove,,Sat
13:07:25,34,South Michigan,,Mon,Tue,Wed,Thu,Fri
14:32:13,3,King Drive,,Sat
15:22:15,115,Pullman/115th,,Sun
17:04:19,95,95th,,Sat
08:36:33,34,South Michigan,,Sun
09:57:49,95,95th,,Sat
17:04:19,95,95th,,Sat
23:05:11,95,95th,,Sun
15:51:11,119,Michigan/119th,,Sun
17:20:23,115,Pullman/115th,,Mon,Tue,Wed,Thu,Fri
13:53:39,3,King Drive,,Mon,Tue,Wed,Thu,Fri
14:25:49,95,95th,,Sat
16:25:39,119,Michigan/119th,,Sat
12:39:28,111,111th/King Drive,,Mon,Tue,Wed,Thu,Fri
20:10:09,3,King Drive,,Sat
15:05:03,34,South Michigan,,Sun
11:55:49,95,95th,,Sat
04:44:03,3,King Drive,,Mon,Tue,Wed,Thu,Fri
22:20:53,103,West 103rd,,Sat
07:20:11,34,South Michigan,,Mon,Tue,Wed,Thu,Fri
19:45:41,95,95th,,Mon,Tue,Wed,Thu,Fri
05:20:56,34,South Michigan,,Sat
10:39:06,103,West 103rd,,Mon,Tue,Wed,Thu,Fri
19:03:09,3,King Drive,,Sat
00:35:56,119,Michigan/119th,,Mon
12:42:41,95,95th,,Sun
09:22:41,95,95th,,Sun
18:19:23,115,Pullman/115th,,Sun
19:13:11,34,South Michigan,,Sat
05:59:36,3,King Drive,,Mon,Tue,Wed,Thu,Fri
16:25:09,3,King Drive,,Sun
05:40:56,119,Michigan/119th,,Sat
09:31:54,111,111th/King Drive,,Sat
12:56:25,119,Michigan/119th,,Mon,Tue,Wed,Thu,Fri
13:32:25,119,Michigan/119th,,Mon,Tue,Wed,Thu,Fri
22:48:03,3,King Drive,,Mon,Tue,Wed,Thu,Fri
14:44:25,119,Michigan/119th,,Mon,Tue,Wed,Thu,Fri
06:41:11,119,Michigan/119th,,Sun
17:45:55,34,South Michigan,,Mon,Tue,Wed,Thu,Fri
09:52:41,95,95th,,Sun
15:56:21,106,East 103rd,,Sun
07:15:53,103,West 103rd,,Sun
09:42:41,95,95th,,Sun
14:15:53,103,West 103rd,,Sun
16:31:23,115,Pullman/115th,,Sun
10:26:33,34,South Michigan,,Sun
13:55:03,34,South Michigan,,Sun
11:20:49,95,95th,,Mon,Tue,Wed,Thu,Fri
13:20:53,103,West 103rd,,Sat
00:06:11,34,South Michigan,,Tue,Wed,Thu,Fri,Sat
17:55:55,34,South Michigan,,Mon,Tue,Wed,Thu,Fri
10:41:54,111,111th/King Drive,,Sun
21:57:15,95,95th,,Sun
11:24:23,115,Pullman/115th,,Sun
05:49:58,115,Pullman/115th,,Sat
23:18:56,34,South Michigan,,Sat
07:40:06,103,West 103rd,,Mon,Tue,Wed,Thu,Fri
04:42:11,34,South Michigan,,Mon,Tue,Wed,Thu,Fri
23:09:11,119,Michigan/119th,,Sat
21:44:15,95,95th,,Sun
09:22:06,3,King Drive,,Sun
16:38:13,3,King Drive,,Mon,Tue,Wed,Thu,Fri
14:20:45,95,95th,,Sun
18:20:53,103,West 103rd,,Sat
17:10:21,106,East 103rd,,Mon,Tue,Wed,Thu,Fri
13:22:13,3,King Drive,,Sat
10:55:53,103,West 103rd,,Sun
17:21:23,115,Pullman/115th,,Sat
13:45:03,34,South Michigan,,Sun
17:41:25,119,Michigan/119th,,Sat
14:56:21,106,East 103rd,,Sun
13:11:15,95,95th,,Sun
13:27:25,34,South Michigan,,Mon,Tue,Wed,Thu,Fri
11:11:11,119,Michigan/119th,,Sun
18:30:06,3,King Drive,,Sun
19:01:08,106,East 103rd,,Sat
16:05:55,34,South Michigan,,Mon,Tue,Wed,Thu,Fri
18:01:06,103,West 103rd,,Mon,Tue,Wed,Thu,Fri
11:22:41,95,95th,,Sun
18:15:53,103,West 103rd,,Sun
19:29:15,115,Pullman/115th,,Mon,Tue,Wed,Thu,Fri
19:28:09,3,King Drive,,Sat
22:40:56,34,South Michigan,,Sun
14:45:55,34,South Michigan,,Mon,Tue,Wed,Thu,Fri
16:26:48,100,Jeffery Manor Express,,Mon,Tue,Wed,Thu,Fri
10:40:53,103,West 103rd,,Sat
18:41:45,95,95th,,Sun
10:15:53,103,West 103rd,,Sun
10:51:11,119,Michigan/119th,,Sun
15:10:53,115,Pullman/115th,,Mon,Tue,Wed,Thu,Fri
12:02:41,95,95th,,Sun
06:59:02,115,Pullman/115th,,Mon,Tue,Wed,Thu,Fri
14:55:53,103,West 103rd,,Sun
12:33:06,3,King Drive,,Sun
01:21:35,N5,South Shore Night Bus,,Sun
16:32:51,106,East 103rd,,Mon,Tue,Wed,Thu
13:59:49,95,95th,,Mon,Tue,Wed,Thu,Fri
22:06:07,115,Pullman/115th,,Sun
23:04:37,115,Pullman/115th,,Sun
21:37:56,34,South Michigan,,Sat
17:56:25,119,Michigan/119th,,Mon,Tue,Wed,Thu,Fri
23:59:15,4,Cottage Grove,,Sun
13:01:08,106,East 103rd,,Mon,Tue,Wed,Thu,Fri
14:26:21,106,East 103rd,,Sat
13:42:23,115,Pullman/115th,,Mon,Tue,Wed,Thu,Fri
16:25:55,34,South Michigan,,Mon,Tue,Wed,Thu,Fri
13:07:06,3,King Drive,,Sun
15:56:25,119,Michigan/119th,,Mon,Tue,Wed,Thu,Fri
22:51:11,119,Michigan/119th,,Sun
20:15:36,3,King Drive,,Mon,Tue,Wed,Thu,Fri
13:40:39,119,Michigan/119th,,Sat
08:17:06,103,West 103rd,,Mon,Tue,Wed,Thu,Fri
14:25:03,34,South Michigan,,Sun
05:20:56,34,South Michigan,,Sun
16:38:13,3,King Drive,,Mon,Tue,Wed,Thu,Fri
06:35:11,119,Michigan/119th,,Mon,Tue,Wed,Thu,Fri
19:58:54,111,111th/King Drive,,Sat
11:55:49,95,95th,,Sat
09:34:06,3,King Drive,,Sun
09:40:56,119,Michigan/119th,,Sat
04:40:53,103,West 103rd,,Sat
13:18:06,3,King Drive,,Sun
17:08:25,119,Michigan/119th,,Mon,Tue,Wed,Thu,Fri
07:15:03,100,Jeffery Manor Express,,Mon,Tue,Wed,Thu,Fri
19:55:53,103,West 103rd,,Sun
16:52:38,111,111th/King Drive,,Sun
18:15:09,3,King Drive,,Sat
07:37:09,3,King Drive,,Mon,Tue,Wed,Thu,Fri
08:26:54,106,East 103rd,,Sat
08:57:49,95,95th,,Sat
19:32:41,119,Michigan/119th,,Mon,Tue,Wed,Thu,Fri
15:26:58,95,95th,,Sun
17:43:38,111,111th/King Drive,,Sun
19:10:56,119,Michigan/119th,,Sun
11:16:33,34,South Michigan,,Sun
06:04:24,111,111th/King Drive,,Sat
21:02:56,34,South Michigan,,Sat
04:20:56,34,South Michigan,,Sat
16:04:13,3,King Drive,,Sat
14:35:55,34,South Michigan,,Mon,Tue,Wed,Thu,Fri
08:54:21,111,111th/King Drive,,Mon,Tue,Wed,Thu,Fri
07:55:03,3,King Drive,,Sun
10:26:56,34,South Michigan,,Sat
15:40:23,115,Pullman/115th,,Sat
17:53:25,34,South Michigan,,Sat
07:54:11,95,95th,,Sat
17:15:55,34,South Michigan,,Mon,Tue,Wed,Thu,Fri
13:54:28,111,111th/King Drive,,Mon,Tue,Wed,Thu,Fri
15:08:25,119,Michigan/119th,,Mon,Tue,Wed,Thu,Fri
21:11:41,95,95th,,Mon,Tue,Wed,Thu,Fri
15:40:53,103,West 103rd,,Sat
14:35:09,3,King Drive,,Sun
11:53:25,34,South Michigan,,Sat
19:26:54,111,111th/King Drive,,Sun
10:02:41,95,95th,,Sun
12:21:21,106,East 103rd,,Sat
03:51:35,N5,South Shore Night Bus,,Sat
15:29:08,111,111th/King Drive,,Sat
19:15:09,3,King Drive,,Sat
09:22:06,3,King Drive,,Sun
18:28:54,111,111th/King Drive,,Sat
16:34:49,95,95th,,Sat
15:35:55,34,South Michigan,,Mon,Tue,Wed,Thu,Fri
14:56:25,119,Michigan/119th,,Mon,Tue,Wed,Thu,Fri
08:56:11,119,Michigan/119th,,Mon,Tue,Wed,Thu,Fri
21:57:56,34,South Michigan,,Sat
00:20:56,34,South Michigan,,Mon
19:40:23,115,Pullman/115th,,Sat
21:36:11,119,Michigan/119th,,Mon,Tue,Wed,Thu,Fri
08:51:11,119,Michigan/119th,,Sun
12:10:06,3,King Drive,,Sun
18:34:45,95,95th,,Sun
15:45:03,34,South Michigan,,Sun
08:04:06,103,West 103rd,,Mon,Tue,Wed,Thu,Fri
14:48:13,3,King Drive,,Mon,Tue,Wed,Thu,Fri
04:50:56,34,South Michigan,,Sun
22:31:11,119,Michigan/119th,,Sun
14:14:23,115,Pullman/115th,,Sun
16:34:49,95,95th,,Sat
08:26:21,111,111th/King Drive,,Mon,Tue,Wed,Thu,Fri
03:01:15,4,Cottage Grove,,Sun
19:27:49,95,95th,,Sat
09:49:54,111,111th/King Drive,,Sat
11:27:07,115,Pullman/115th,,Sat
22:31:24,111,111th/King Drive,,Sun
17:52:09,3,King Drive,,Sat
18:39:36,3,King Drive,,Mon,Tue,Wed,Thu,Fri
17:10:09,3,King Drive,,Sun
21:49:41,95,95th,,Mon,Tue,Wed,Thu,Fri
07:30:54,106,East 103rd,,Sat
13:38:13,3,King Drive,,Sat
07:12:07,115,Pullman/115th,,Sun
21:15:53,103,West 103rd,,Sun
19:53:37,115,Pullman/115th,,Sat
06:44:24,111,111th/King Drive,,Sat
07:25:09,3,King Drive,,Sat
13:36:25,34,South Michigan,,Mon,Tue,Wed,Thu,Fri
18:51:24,111,111th/King Drive,,Sun
10:02:54,111,111th/King Drive,,Sun
08:00:53,103,West 103rd,,Sat
18:56:25,119,Michigan/119th,,Mon,Tue,Wed,Thu,Fri
20:19:23,115,Pullman/115th,,Sat
21:50:56,119,Michigan/119th,,Sun
03:20:56,34,South Michigan,,Sat
07:25:11,119,Michigan/119th,,Mon,Tue,Wed,Thu,Fri
06:50:56,34,South Michigan,,Sat
17:22:06,3,King Drive,,Sun
19:03:09,3,King Drive,,Sat
09:35:53,103,West 103rd,,Sun
20:08:15,115,Pullman/115th,,Mon,Tue,Wed,Thu,Fri
10:40:11,34,South Michigan,,Mon,Tue,Wed,Thu,Fri
18:11:11,119,Michigan/119th,,Sat
23:38:56,34,South Michigan,,Sat
09:27:56,34,South Michigan,,Sat
03:51:44,N5,South Shore Night Bus,,Mon,Tue,Wed,Thu,Fri
15:53:25,34,South Michigan,,Sat
09:01:14,106,East 103rd,,Sun
05:40:56,119,Michigan/119th,,Sun
17:45:15,95,95th,,Sun
10:24:36,3,King Drive,,Mon,Tue,Wed,Thu,Fri
18:57:08,106,East 103rd,,Mon,Tue,Wed,Thu,Fri
01:31:15,4,Cottage Grove,,Sun
15:35:13,3,King Drive,,Sat
09:33:37,115,Pullman/115th,,Sat
14:55:39,119,Michigan/119th,,Sat
13:20:45,95,95th,,Sun
18:35:55,34,South Michigan,,Mon,Tue,Wed,Thu,Fri
14:15:49,95,95th,,Sat
10:11:21,106,East 103rd,,Sat
10:08:08,111,111th/King Drive,,Sat
16:56:21,106,East 103rd,,Sat
13:44:23,115,Pullman/115th,,Sun
09:56:56,34,South Michigan,,Sat
21:58:41,95,95th,,Sat
20:46:11,119,Michigan/119th,,Mon,Tue,Wed,Thu,Fri
16:03:25,34,South Michigan,,Sat
16:45:45,115,Pullman/115th,,Sun
05:21:33,95,95th,,Sat
10:30:49,95,95th,,Mon,Tue,Wed,Thu,Fri
19:01:08,106,East 103rd,,Sun
14:16:25,34,South Michigan,,Mon,Tue,Wed,Thu,Fri
09:27:56,34,South Michigan,,Sat
06:40:53,103,West 103rd,,Sat
22:26:11,34,South Michigan,,Mon,Tue,Wed,Thu,Fri
05:45:37,115,Pullman/115th,,Sat
15:08:23,115,Pullman/115th,,Sat
21:29:54,111,111th/King Drive,,Sun
18:40:44,106,East 103rd,,Mon,Tue,Wed,Thu,Fri
13:40:45,95,95th,,Sun
12:46:08,106,East 103rd,,Mon,Tue,Wed,Thu,Fri
07:13:15,115,Pullman/115th,,Mon,Tue,Wed,Thu,Fri
19:33:11,34,South Michigan,,Sat
08:37:49,95,95th,,Sat
13:13:25,34,South Michigan,,Sat
16:14:49,95,95th,,Sat
21:28:07,115,Pullman/115th,,Mon,Tue,Wed,Thu,Fri
18:41:45,95,95th,,Sun
13:54:28,111,111th/King Drive,,Mon,Tue,Wed,Thu,Fri
19:01:08,106,East 103rd,,Sun
03:31:15,4,Cottage Grove,,Sun
09:00:11,34,South Michigan,,Mon,Tue,Wed,Thu,Fri
00:51:26,34,South Michigan,,Tue,Wed,Thu,Fri,Sat
19:50:56,119,Michigan/119th,,Sun
12:33:25,34,South Michigan,,Sat
11:55:53,103,West 103rd,,Sun
16:59:08,111,111th/King Drive,,Sat
21:40:56,34,South Michigan,,Sun
07:17:58,115,Pullman/115th,,Sun
22:01:08,106,East 103rd,,Sat
15:57:13,103,West 103rd,,Mon,Tue,Wed,Thu,Fri
06:22:11,95,95th,,Sun
08:14:58,95,95th,,Mon,Tue,Wed,Thu,Fri
09:31:14,106,East 103rd,,Sun
13:02:11,95,95th,,Sun
11:46:09,3,King Drive,,Sat
01:51:35,N5,South Shore Night Bus,,Sun
09:42:41,95,95th,,Sun
06:06:08,111,111th/King Drive,,Mon,Tue,Wed,Thu,Fri
13:46:25,34,South Michigan,,Mon,Tue,Wed,Thu,Fri
21:31:08,106,East 103rd,,Sat
13:51:09,3,King Drive,,Sun
07:39:09,3,King Drive,,Sat
13:30:45,95,95th,,Sun
13:45:03,34,South Michigan,,Sun
09:16:33,34,South Michigan,,Sun
16:44:25,119,Michigan/119th,,Mon,Tue,Wed,Thu,Fri
20:56:08,106,East 103rd,,Mon,Tue,Wed,Thu,Fri
06:42:11,34,South Michigan,,Mon,Tue,Wed,Thu,Fri
06:52:11,34,South Michigan,,Mon,Tue,Wed,Thu,Fri
19:17:49,95,95th,,Sat
05:53:07,115,Pullman/115th,,Sun
12:54:28,111,111th/King Drive,,Mon,Tue,Wed,Thu,Fri
14:22:45,115,Pullman/115th,,Sat
06:05:54,100,Jeffery Manor Express,,Mon,Tue,Wed,Thu,Fri
20:22:41,95,95th,,Sat
21:35:45,95,95th,,Sun
08:39:09,3,King Drive,,Mon,Tue,Wed,Thu,Fri
15:16:58,95,95th,,Sun
18:21:49,95,95th,,Sat
18:35:03,34,South Michigan,,Sun
10:40:07,115,Pullman/115th,,Sun
18:30:36,3,King Drive,,Mon,Tue,Wed,Thu,Fri
10:01:06,103,West 103rd,,Mon,Tue,Wed,Thu,Fri
21:02:41,95,95th,,Sat
20:15:36,3,King Drive,,Mon,Tue,Wed,Thu,Fri
16:55:55,34,South Michigan,,Mon,Tue,Wed,Thu,Fri
15:43:25,34,South Michigan,,Sat
06:34:57,3,King Drive,,Sun
19:35:41,95,95th,,Mon,Tue,Wed,Thu,Fri
14:15:49,95,95th,,Sat
09:16:33,34,South Michigan,,Sun
14:11:08,111,111th/King Drive,,Sun
02:21:35,N5,South Shore Night Bus,,Sun
15:36:21,106,East 103rd,,Sun
15:40:39,119,Michigan/119th,,Sat
20:55:11,119,Michigan/119th,,Sat
00:35:56,119,Michigan/119th,,Mon
10:00:53,103,West 103rd,,Sat
09:46:33,34,South Michigan,,Sun
10:56:56,34,South Michigan,,Sat
14:29:08,111,111th/King Drive,,Sun
18:48:37,115,Pullman/115th,,Sun
17:08:09,3,King Drive,,Sat
23:28:07,95,95th,,Sun
01:50:56,34,South Michigan,,Tue,Wed,Thu,Fri,Sat
15:20:53,103,West 103rd,,Sat
22:51:54,111,111th/King Drive,,Sun
18:11:08,106,East 103rd,,Sat
15:43:13,3,King Drive,,Mon,Tue,Wed,Thu,Fri
04:31:11,119,Michigan/119th,,Mon,Tue,Wed,Thu,Fri
10:20:49,95,95th,,Mon,Tue,Wed,Thu,Fri
12:31:11,119,Michigan/119th,,Sun
00:20:56,34,South Michigan,,Mon
16:49:13,3,King Drive,,Mon,Tue,Wed,Thu,Fri
13:15:49,95,95th,,Sat
08:20:09,3,King Drive,,Mon,Tue,Wed,Thu,Fri
11:34:06,3,King Drive,,Sun
20:48:54,111,111th/King Drive,,Sun
09:56:08,106,East 103rd,,Mon,Tue,Wed,Thu,Fri
11:02:08,111,111th/King Drive,,Sat
18:19:15,115,Pullman/115th,,Mon,Tue,Wed,Thu,Fri
15:15:53,103,West 103rd,,Sun
11:35:49,95,95th,,Sat
11:08:09,3,King Drive,,Mon,Tue,Wed,Thu,Fri
07:34:54,111,111th/King Drive,,Sun
13:44:08,111,111th/King Drive,,Sat
14:50:15,115,Pullman/115th,,Sun
13:16:23,115,Pullman/115th,,Sat
17:25:55,34,South Michigan,,Mon,Tue,Wed,Thu,Fri
12:00:53,103,West 103rd,,Sat
15:17:13,3,King Drive,,Sat
13:20:45,95,95th,,Sun
21:15:53,103,West 103rd,,Sun
18:28:58,111,111th/King Drive,,Mon,Tue,Wed,Thu,Fri
20:53:41,95,95th,,Mon,Tue,Wed,Thu,Fri
00:21:35,N5,South Shore Night Bus,,Sun
15:44:13,3,King Drive,,Sat
13:33:25,34,South Michigan,,Sat
20:55:53,103,West 103rd,,Sun
20:05:41,34,South Michigan,,Mon,Tue,Wed,Thu,Fri
21:40:53,103,West 103rd,,Mon,Tue,Wed,Thu,Fri
13:20:25,119,Michigan/119th,,Mon,Tue,Wed,Thu,Fri
08:28:09,3,King Drive,,Sat
21:30:03,3,King Drive,,Sun
11:56:33,34,South Michigan,,Sun
21:48:41,95,95th,,Sat
11:52:09,3,King Drive,,Mon,Tue,Wed,Thu,Fri
11:58:54,111,111th/King Drive,,Sun
08:36:58,115,Pullman/115th,,Sat
18:25:55,34,South Michigan,,Mon,Tue,Wed,Thu,Fri
09:50:49,95,95th,,Mon,Tue,Wed,Thu,Fri
07:21:28,115,Pullman/115th,,Sat
19:56:11,119,Michigan/119th,,Sat
10:46:36,3,King Drive,,Mon,Tue,Wed,Thu,Fri
20:25:09,3,King Drive,,Sat
14:01:08,106,East 103rd,,Mon,Tue,Wed,Thu,Fri
06:36:39,3,King Drive,,Mon,Tue,Wed,Thu,Fri
07:09:08,106,East 103rd,,Mon,Tue,Wed,Thu,Fri
16:00:23,115,Pullman/115th,,Sun
13:05:49,95,95th,,Sat
07:54:58,115,Pullman/115th,,Sun
23:00:03,3,King Drive,,Sat
12:32:41,95,95th,,Sun
12:20:53,103,West 103rd,,Sat
07:20:56,119,Michigan/119th,,Sat
14:26:39,3,King Drive,,Mon,Tue,Wed,Thu,Fri
23:12:41,95,95th,,Mon,Tue,Wed,Thu,Fri
09:01:08,106,East 103rd,,Mon,Tue,Wed,Thu,Fri
22:54:11,95,95th,,Mon,Tue,Wed,Thu,Fri
14:55:55,34,South Michigan,,Mon,Tue,Wed,Thu,Fri
14:41:13,3,King Drive,,Sat
12:25:49,95,95th,,Sat
13:12:53,115,Pullman/115th,,Mon,Tue,Wed,Thu,Fri
05:30:54,106,East 103rd,,Sat
18:15:03,34,South Michigan,,Sun
03:59:15,4,Cottage Grove,,Mon,Tue,Wed,Thu,Fri
05:35:53,103,West 103rd,,Sun
16:35:55,34,South Michigan,,Mon,Tue,Wed,Thu,Fri
15:55:53,115,Pullman/115th,,Mon,Tue,Wed,Thu,Fri
12:31:09,3,King Drive,,Sat
14:10:53,115,Pullman/115th,,Mon,Tue,Wed,Thu,Fri
17:03:08,106,East 103rd,,Sun
07:25:09,3,King Drive,,Mon,Tue,Wed,Thu,Fri
17:11:13,3,King Drive,,Mon,Tue,Wed,Thu,Fri
03:50:56,34,South Michigan,,Sun
10:22:24,111,111th/King Drive,,Sun
00:19:56,34,South Michigan,,Sun
18:44:25,119,Michigan/119th,,Mon,Tue,Wed,Thu,Fri
17:02:02,115,Pullman/115th,,Mon,Tue,Wed,Thu,Fri
18:34:24,111,111th/King Drive,,Sun
23:00:03,3,King Drive,,Sat
22:35:03,3,King Drive,,Sun
20:32:41,95,95th,,Sat
08:55:53,103,West 103rd,,Sun
10:10:06,3,King Drive,,Sun
09:50:49,95,95th,,Mon,Tue,Wed,Thu,Fri
09:33:54,95,95th,,Mon,Tue,Wed,Thu,Fri
17:58:58,111,111th/King Drive,,Mon,Tue,Wed,Thu,Fri
18:43:11,34,South Michigan,,Sat
14:55:53,103,West 103rd,,Sun
02:21:44,N5,South Shore Night Bus,,Tue,Wed,Thu,Fri,Sat
16:31:45,115,Pullman/115th,,Sat
06:14:57,3,King Drive,,Sun
19:47:24,111,111th/King Drive,,Sun
06:07:06,3,King Drive,,Mon,Tue,Wed,Thu,Fri
16:25:03,34,South Michigan,,Sun
07:31:08,106,East 103rd,,Sun
20:29:23,115,Pullman/115th,,Sun
16:06:02,115,Pullman/115th,,Mon,Tue,Wed,Thu,Fri
16:35:13,3,King Drive,,Sat
17:15:55,34,South Michigan,,Mon,Tue,Wed,Thu,Fri
19:15:36,3,King Drive,,Mon,Tue,Wed,Thu,Fri
07:01:08,106,East 103rd,,Sun
16:35:03,34,South Michigan,,Sun
18:46:21,100,Jeffery Manor Express,,Mon,Tue,Wed,Thu,Fri
13:24:28,111,111th/King Drive,,Mon,Tue,Wed,Thu,Fri
22:55:08,111,111th/King Drive,,Mon,Tue,Wed,Thu,Fri
08:09:07,115,Pullman/115th,,Sat
18:05:55,34,South Michigan,,Mon,Tue,Wed,Thu,Fri
07:40:56,119,Michigan/119th,,Sat
11:08:11,119,Michigan/119th,,Mon,Tue,Wed,Thu,Fri
19:35:41,95,95th,,Mon,Tue,Wed,Thu,Fri
10:15:53,103,West 103rd,,Sun
19:13:53,115,Pullman/115th,,Sun
14:10:45,95,95th,,Sun
12:15:49,95,95th,,Sat
10:40:49,95,95th,,Mon,Tue,Wed,Thu,Fri
10:44:11,119,Michigan/119th,,Mon,Tue,Wed,Thu,Fri
18:34:45,95,95th,,Sun
17:00:13,3,King Drive,,Mon,Tue,Wed,Thu,Fri
09:24:58,95,95th,,Mon,Tue,Wed,Thu,Fri
19:56:09,3,King Drive,,Sat
20:36:37,115,Pullman/115th,,Sun
10:43:09,3,King Drive,,Sat
09:56:56,34,South Michigan,,Sat
07:00:54,106,East 103rd,,Sat
21:37:56,34,South Michigan,,Sat
08:52:41,95,95th,,Sun
01:21:11,34,South Michigan,,Tue,Wed,Thu,Fri,Sat
12:28:11,34,South Michigan,,Mon,Tue,Wed,Thu,Fri
09:23:54,111,111th/King Drive,,Sun
07:42:54,111,111th/King Drive,,Sat
06:21:03,34,South Michigan,,Sun
16:06:48,100,Jeffery Manor Express,,Mon,Tue,Wed,Thu,Fri
11:19:09,3,King Drive,,Mon,Tue,Wed,Thu,Fri
17:26:13,103,West 103rd,,Mon,Tue,Wed,Thu,Fri
08:27:56,34,South Michigan,,Sat
16:20:02,115,Pullman/115th,,Mon,Tue,Wed,Thu,Fri
08:40:56,119,Michigan/119th,,Sat
13:40:06,3,King Drive,,Sun
07:30:07,115,Pullman/115th,,Sun
06:32:07,115,Pullman/115th,,Mon,Tue,Wed,Thu,Fri
19:19:37,115,Pullman/115th,,Sat
20:49:45,95,95th,,Sun
19:02:37,115,Pullman/115th,,Sat
06:39:41,95,95th,,Mon,Tue,Wed,Thu,Fri
13:19:49,95,95th,,Mon,Tue,Wed,Thu,Fri
13:15:53,103,West 103rd,,Sun
21:36:08,106,East 103rd,,Mon,Tue,Wed,Thu,Fri
09:27:32,115,Pullman/115th,,Mon,Tue,Wed,Thu,Fri
04:43:15,4,Cottage Grove,,Sun
16:57:09,3,King Drive,,Sat
12:11:11,119,Michigan/119th,,Sun
16:24:13,3,King Drive,,Sat
16:45:55,34,South Michigan,,Mon,Tue,Wed,Thu,Fri
15:24:23,115,Pullman/115th,,Sat
14:56:58,111,111th/King Drive,,Mon,Tue,Wed,Thu,Fri
16:26:13,103,West 103rd,,Mon,Tue,Wed,Thu,Fri
16:03:25,34,South Michigan,,Sat
09:09:21,111,111th/King Drive,,Mon,Tue,Wed,Thu,Fri
23:06:11,34,South Michigan,,Mon,Tue,Wed,Thu,Fri
18:48:02,115,Pullman/115th,,Mon,Tue,Wed,Thu,Fri
20:25:03,34,South Michigan,,Sun
15:41:09,3,King Drive,,Sun
20:48:23,115,Pullman/115th,,Sun
16:40:21,106,East 103rd,,Mon,Tue,Wed,Thu,Fri
09:04:06,103,West 103rd,,Mon,Tue,Wed,Thu,Fri
16:10:21,106,East 103rd,,Mon,Tue,Wed,Thu,Fri
22:35:53,103,West 103rd,,Sun
14:39:49,95,95th,,Mon,Tue,Wed,Thu,Fri
13:56:25,34,South Michigan,,Mon,Tue,Wed,Thu,Fri
12:13:09,3,King Drive,,Sat
18:57:36,3,King Drive,,Mon,Tue,Wed,Thu,Fri
11:24:21,111,111th/King Drive,,Mon,Tue,Wed,Thu,Fri
08:27:56,34,South Michigan,,Sat
16:25:03,34,South Michigan,,Sun
15:19:09,3,King Drive,,Sun
20:35:03,34,South Michigan,,Sun
11:50:11,34,South Michigan,,Mon,Tue,Wed,Thu,Fri
16:04:49,95,95th,,Sat
07:36:11,95,95th,,Sun
16:13:25,34,South Michigan,,Sat
07:25:11,119,Michigan/119th,,Mon,Tue,Wed,Thu,Fri
23:00:56,34,South Michigan,,Sun
13:56:21,106,East 103rd,,Sun
14:57:09,3,King Drive,,Sun
18:33:11,34,South Michigan,,Sat
09:24:21,111,111th/King Drive,,Mon,Tue,Wed,Thu,Fri
15:21:13,3,King Drive,,Mon,Tue,Wed,Thu,Fri
12:25:03,34,South Michigan,,Sun
17:55:21,106,East 103rd,,Mon,Tue,Wed,Thu,Fri
05:52:06,3,King Drive,,Mon,Tue,Wed,Thu,Fri
11:19:09,3,King Drive,,Sat
01:29:45,4,Cottage Grove,,Mon
15:11:11,119,Michigan/119th,,Sun
23:16:07,115,Pullman/115th,,Mon,Tue,Wed,Thu,Fri
15:25:03,34,South Michigan,,Sun
04:40:53,103,West 103rd,,Sat
21:50:03,3,King Drive,,Sun
09:36:07,115,Pullman/115th,,Sun
10:07:49,95,95th,,Sat
21:39:41,95,95th,,Mon,Tue,Wed,Thu,Fri
23:32:33,95,95th,,Sat
20:16:11,119,Michigan/119th,,Mon,Tue,Wed,Thu,Fri
20:34:07,115,Pullman/115th,,Sat
16:46:09,3,King Drive,,Sat
12:58:09,3,King Drive,,Mon,Tue,Wed,Thu,Fri
08:20:09,3,King Drive,,Mon,Tue,Wed,Thu,Fri
14:59:49,95,95th,,Mon,Tue,Wed,Thu,Fri
13:23:25,34,South Michigan,,Sat
11:40:53,103,West 103rd,,Sat
08:53:14,106,East 103rd,,Sat
12:13:25,34,South Michigan,,Sat
13:29:06,3,King Drive,,Sun
15:05:49,95,95th,,Sat
12:09:37,115,Pullman/115th,,Sun
02:00:15,4,Cottage Grove,,Mon
05:53:11,95,95th,,Mon,Tue,Wed,Thu,Fri
02:21:40,N5,South Shore Night Bus,,Mon
12:14:06,103,West 103rd,,Mon,Tue,Wed,Thu,Fri
13:35:49,95,95th,,Sat
12:24:28,111,111th/King Drive,,Mon,Tue,Wed,Thu,Fri
17:17:28,111,111th/King Drive,,Mon,Tue,Wed,Thu,Fri
22:32:03,3,King Drive,,Mon,Tue,Wed,Thu,Fri
11:56:14,106,East 103rd,,Sun
04:21:35,N5,South Shore Night Bus,,Sat
22:25:37,115,Pullman/115th,,Sun
05:20:56,34,South Michigan,,Sun
20:05:41,34,South Michigan,,Mon,Tue,Wed,Thu,Fri
20:05:03,34,South Michigan,,Sun
19:43:36,3,King Drive,,Mon,Tue,Wed,Thu,Fri
10:35:36,3,King Drive,,Mon,Tue,Wed,Thu,Fri
17:33:25,34,South Michigan,,Sat
18:46:54,111,111th/King Drive,,Sat
16:57:09,3,King Drive,,Sat
06:13:11,95,95th,,Mon,Tue,Wed,Thu,Fri
09:30:11,34,South Michigan,,Mon,Tue,Wed,Thu,Fri
08:40:09,3,King Drive,,Sat
09:46:33,34,South Michigan,,Sun
08:21:41,95,95th,,Sun
07:16:24,95,95th,,Mon,Tue,Wed,Thu,Fri
15:41:21,106,East 103rd,,Sat
17:56:11,119,Michigan/119th,,Sat
21:31:08,106,East 103rd,,Sat
14:01:21,106,East 103rd,,Sat
19:46:11,119,Michigan/119th,,Mon,Tue,Wed,Thu,Fri
11:31:11,119,Michigan/119th,,Sun
22:55:08,111,111th/King Drive,,Mon,Tue,Wed,Thu,Fri
20:16:11,119,Michigan/119th,,Mon,Tue,Wed,Thu,Fri
10:15:09,3,King Drive,,Sat
13:08:25,119,Michigan/119th,,Mon,Tue,Wed,Thu,Fri
14:10:45,95,95th,,Sun
09:17:49,95,95th,,Sat
09:04:09,3,King Drive,,Sat
10:20:49,95,95th,,Mon,Tue,Wed,Thu,Fri
15:08:25,119,Michigan/119th,,Mon,Tue,Wed,Thu,Fri
20:45:41,34,South Michigan,,Mon,Tue,Wed,Thu,Fri
19:55:41,95,95th,,Mon,Tue,Wed,Thu,Fri
04:31:11,119,Michigan/119th,,Mon,Tue,Wed,Thu,Fri
02:51:35,N5,South Shore Night Bus,,Sun
15:56:58,95,95th,,Sun
10:46:06,3,King Drive,,Sun
20:01:08,106,East 103rd,,Sun
19:02:06,3,King Drive,,Sun
00:36:11,119,Michigan/119th,,Tue,Wed,Thu,Fri,Sat
17:52:09,3,King Drive,,Sat
09:12:41,95,95th,,Sun
14:16:25,34,South Michigan,,Mon,Tue,Wed,Thu,Fri
21:35:21,111,111th/King Drive,,Mon,Tue,Wed,Thu,Fri
09:20:56,119,Michigan/119th,,Sat
10:57:11,119,Michigan/119th,,Sat
13:56:25,34,South Michigan,,Mon,Tue,Wed,Thu,Fri
02:31:15,4,Cottage Grove,,Tue,Wed,Thu,Fri,Sat
10:52:41,95,95th,,Sun
16:18:14,106,East 103rd,,Sun
11:24:21,111,111th/King Drive,,Mon,Tue,Wed,Thu,Fri
22:35:53,103,West 103rd,,Sun
22:51:54,111,111th/King Drive,,Sun
07:27:06,103,West 103rd,,Mon,Tue,Wed,Thu,Fri
12:56:14,106,East 103rd,,Sun
20:25:41,34,South Michigan,,Mon,Tue,Wed,Thu,Fri
22:38:11,95,95th,,Sat
17:05:03,34,South Michigan,,Sun
21:20:53,103,West 103rd,,Sat
12:25:09,3,King Drive,,Mon,Tue,Wed,Thu,Fri
02:01:15,4,Cottage Grove,,Tue,Wed,Thu,Fri,Sat
20:26:36,3,King Drive,,Mon,Tue,Wed,Thu,Fri
15:55:21,106,East 103rd,,Mon,Tue,Wed,Thu,Fri
11:00:53,103,West 103rd,,Sat
22:21:08,106,East 103rd,,Mon,Tue,Wed,Thu,Fri
05:14:36,3,King Drive,,Mon,Tue,Wed,Thu,Fri
07:35:53,103,West 103rd,,Sun
14:15:03,34,South Michigan,,Sun
16:24:13,3,King Drive,,Sat
05:40:56,119,Michigan/119th,,Sun
11:12:41,95,95th,,Sun
07:45:14,111,111th/King Drive,,Mon,Tue,Wed,Thu,Fri
15:57:13,103,West 103rd,,Mon,Tue,Wed,Thu,Fri
12:31:11,119,Michigan/119th,,Sun
05:15:15,115,Pullman/115th,,Mon,Tue,Wed,Thu,Fri
20:59:07,115,Pullman/115th,,Sat
00:09:56,119,Michigan/119th,,Sun
10:11:11,119,Michigan/119th,,Sun
18:01:49,95,95th,,Sat
23:09:11,119,Michigan/119th,,Sat
10:44:08,111,111th/King Drive,,Sat
14:40:53,103,West 103rd,,Sat
18:21:49,95,95th,,Sat
10:58:06,103,West 103rd,,Mon,Tue,Wed,Thu,Fri
15:56:25,119,Michigan/119th,,Mon,Tue,Wed,Thu,Fri
20:07:54,111,111th/King Drive,,Sun
22:43:15,95,95th,,Sun
05:34:15,115,Pullman/115th,,Mon,Tue,Wed,Thu,Fri
20:25:41,95,95th,,Mon,Tue,Wed,Thu,Fri
14:19:49,95,95th,,Mon,Tue,Wed,Thu,Fri
04:50:56,34,South Michigan,,Sat
10:46:06,3,King Drive,,Sun
06:38:07,115,Pullman/115th,,Sat
17:20:45,115,Pullman/115th,,Sun
11:46:06,3,King Drive,,Sun
13:14:15,115,Pullman/115th,,Sun
07:10:06,3,King Drive,,Sat
09:54:21,111,111th/King Drive,,Mon,Tue,Wed,Thu,Fri
01:20:56,34,South Michigan,,Sun
20:38:54,111,111th/King Drive,,Sat
11:22:06,3,King Drive,,Sun
10:32:53,115,Pullman/115th,,Sat
20:05:03,34,South Michigan,,Sun
22:49:11,119,Michigan/119th,,Sat
00:51:37,95,95th,,Mon
08:31:06,103,West 103rd,,Mon,Tue,Wed,Thu,Fri
08:35:53,103,West 103rd,,Sun
08:24:58,95,95th,,Mon,Tue,Wed,Thu,Fri
06:00:56,119,Michigan/119th,,Sat
13:14:08,111,111th/King Drive,,Sat
09:19:36,3,King Drive,,Mon,Tue,Wed,Thu,Fri
14:11:11,119,Michigan/119th,,Sun
10:24:21,111,111th/King Drive,,Mon,Tue,Wed,Thu,Fri
11:58:37,115,Pullman/115th,,Sat
17:44:25,119,Michigan/119th,,Mon,Tue,Wed,Thu,Fri
00:21:44,N5,South Shore Night Bus,,Tue,Wed,Thu,Fri,Sat
05:52:00,3,King Drive,,Sat
15:56:21,106,East 103rd,,Sun
11:39:21,111,111th/King Drive,,Mon,Tue,Wed,Thu,Fri
10:13:23,115,Pullman/115th,,Mon,Tue,Wed,Thu,Fri
16:10:39,119,Michigan/119th,,Sat
22:10:53,103,West 103rd,,Mon,Tue,Wed,Thu,Fri
10:02:54,111,111th/King Drive,,Sun
12:06:03,34,South Michigan,,Sun
09:11:11,119,Michigan/119th,,Sun
11:19:09,3,King Drive,,Sat
22:31:11,119,Michigan/119th,,Sun
12:40:39,119,Michigan/119th,,Sat
00:51:26,34,South Michigan,,Tue,Wed,Thu,Fri,Sat
18:04:58,95,95th,,Mon,Tue,Wed,Thu,Fri
04:35:53,103,West 103rd,,Sun
06:04:24,111,111th/King Drive,,Sat
06:02:11,34,South Michigan,,Mon,Tue,Wed,Thu,Fri
18:37:23,115,Pullman/115th,,Sun
14:20:23,115,Pullman/115th,,Sat
06:04:54,111,111th/King Drive,,Sun
07:12:09,3,King Drive,,Mon,Tue,Wed,Thu,Fri
17:35:15,95,95th,,Sun
11:36:33,34,South Michigan,,Sun
09:20:53,103,West 103rd,,Sat
10:32:11,119,Michigan/119th,,Mon,Tue,Wed,Thu,Fri
22:18:56,34,South Michigan,,Sat
20:30:06,3,King Drive,,Sun
05:03:15,4,Cottage Grove,,Sun
09:36:33,34,South Michigan,,Sun
11:55:09,3,King Drive,,Sat
14:43:25,34,South Michigan,,Sat
08:24:58,95,95th,,Mon,Tue,Wed,Thu,Fri
15:27:15,115,Pullman/115th,,Sat
12:39:49,95,95th,,Mon,Tue,Wed,Thu,Fri
14:05:49,95,95th,,Sat
20:35:41,95,95th,,Mon,Tue,Wed,Thu,Fri
15:05:55,34,South Michigan,,Mon,Tue,Wed,Thu,Fri
06:08:28,115,Pullman/115th,,Sat
09:10:07,115,Pullman/115th,,Sun
20:55:09,3,King Drive,,Sat
07:49:09,3,King Drive,,Mon,Tue,Wed,Thu,Fri
09:57:23,115,Pullman/115th,,Sat
14:14:08,111,111th/King Drive,,Sat
13:20:39,3,King Drive,,Mon,Tue,Wed,Thu,Fri
15:17:13,3,King Drive,,Sat
13:01:08,106,East 103rd,,Mon,Tue,Wed,Thu,Fri
19:01:08,106,East 103rd,,Sat
18:35:53,103,West 103rd,,Sun
14:45:49,95,95th,,Sat
13:15:03,34,South Michigan,,Sun
08:54:21,111,111th/King Drive,,Mon,Tue,Wed,Thu,Fri
07:31:09,3,King Drive,,Mon,Tue,Wed,Thu,Fri
20:02:56,34,South Michigan,,Sat
17:07:23,115,Pullman/115th,,Sun
10:25:09,3,King Drive,,Sat
14:35:03,34,South Michigan,,Sun
16:17:05,111,111th/King Drive,,Mon,Tue,Wed,Thu,Fri
20:42:56,34,South Michigan,,Sat
15:45:03,34,South Michigan,,Sun
21:19:41,95,95th,,Mon,Tue,Wed,Thu,Fri
18:04:58,95,95th,,Mon,Tue,Wed,Thu,Fri
09:14:58,95,95th,,Mon,Tue,Wed,Thu,Fri
16:41:08,111,111th/King Drive,,Sat
14:37:21,106,East 103rd,,Mon,Tue,Wed,Thu,Fri
20:19:45,95,95th,,Sun
04:51:33,95,95th,,Sat
06:06:08,111,111th/King Drive,,Mon,Tue,Wed,Thu,Fri
18:51:09,3,King Drive,,Sat
05:02:11,34,South Michigan,,Mon,Tue,Wed,Thu,Fri
23:56:56,119,Michigan/119th,,Mon,Tue,Wed,Thu,Fri
06:01:08,106,East 103rd,,Sun
17:05:55,34,South Michigan,,Mon,Tue,Wed,Thu,Fri
09:51:36,3,King Drive,,Mon,Tue,Wed,Thu,Fri
10:56:49,95,95th,,Sat
08:40:36,3,King Drive,,Sun
03:01:15,4,Cottage Grove,,Sat
14:20:25,119,Michigan/119th,,Mon,Tue,Wed,Thu,Fri
12:20:53,103,West 103rd,,Sat
05:52:11,34,South Michigan,,Mon,Tue,Wed,Thu,Fri
10:46:58,95,95th,,Sat
21:07:37,115,Pullman/115th,,Sun
12:18:11,34,South Michigan,,Mon,Tue,Wed,Thu,Fri
09:17:56,34,South Michigan,,Sat
15:32:25,119,Michigan/119th,,Mon,Tue,Wed,Thu,Fri
06:13:11,95,95th,,Mon,Tue,Wed,Thu,Fri
14:06:25,34,South Michigan,,Mon,Tue,Wed,Thu,Fri
22:01:08,106,East 103rd,,Sun
07:57:28,115,Pullman/115th,,Sat
11:42:23,115,Pullman/115th,,Sun
12:42:41,95,95th,,Sun
20:01:08,106,East 103rd,,Sat
15:10:13,3,King Drive,,Mon,Tue,Wed,Thu,Fri
21:50:24,111,111th/King Drive,,Sun
18:08:25,119,Michigan/119th,,Mon,Tue,Wed,Thu,Fri
08:10:11,34,South Michigan,,Mon,Tue,Wed,Thu,Fri
12:18:08,111,111th/King Drive,,Sun
14:16:21,106,East 103rd,,Sun
12:32:25,119,Michigan/119th,,Mon,Tue,Wed,Thu,Fri
12:55:53,103,West 103rd,,Sun
16:00:53,103,West 103rd,,Sat
22:16:11,119,Michigan/119th,,Mon,Tue,Wed,Thu,Fri
20:04:53,115,Pullman/115th,,Mon,Tue,Wed,Thu,Fri
02:20:56,34,South Michigan,,Tue,Wed,Thu,Fri,Sat
11:10:49,95,95th,,Mon,Tue,Wed,Thu,Fri
19:51:15,95,95th,,Sun
16:32:25,119,Michigan/119th,,Mon,Tue,Wed,Thu,Fri
08:35:53,103,West 103rd,,Sun
06:56:37,115,Pullman/115th,,Sat
15:13:25,34,South Michigan,,Sat
07:21:03,34,South Michigan,,Sun
16:20:53,103,West 103rd,,Sat
08:39:09,3,King Drive,,Mon,Tue,Wed,Thu,Fri
02:21:11,34,South Michigan,,Mon
19:35:06,3,King Drive,,Sun
14:35:55,34,South Michigan,,Mon,Tue,Wed,Thu,Fri
16:16:13,3,King Drive,,Mon,Tue,Wed,Thu,Fri
20:45:41,34,South Michigan,,Mon,Tue,Wed,Thu,Fri
17:25:03,34,South Michigan,,Sun
15:55:03,34,South Michigan,,Sun
07:52:06,103,West 103rd,,Mon,Tue,Wed,Thu,Fri
13:25:03,34,South Michigan,,Sun
11:43:25,34,South Michigan,,Sat
13:39:28,111,111th/King Drive,,Mon,Tue,Wed,Thu,Fri
10:48:23,115,Pullman/115th,,Sun
18:25:15,95,95th,,Sun
07:07:19,95,95th,,Mon,Tue,Wed,Thu,Fri
17:19:09,3,King Drive,,Sat
04:12:45,4,Cottage Grove,,Mon,Tue,Wed,Thu,Fri
23:00:56,34,South Michigan,,Sun
11:28:09,3,King Drive,,Sat
11:01:09,3,King Drive,,Sat
10:24:21,111,111th/King Drive,,Mon,Tue,Wed,Thu,Fri
10:20:11,119,Michigan/119th,,Mon,Tue,Wed,Thu,Fri
19:01:15,95,95th,,Sun
11:23:25,34,South Michigan,,Sat
06:35:53,103,West 103rd,,Sun
15:25:21,106,East 103rd,,Mon,Tue,Wed,Thu,Fri
13:34:15,115,Pullman/115th,,Sat
18:30:56,119,Michigan/119th,,Sun
10:20:06,103,West 103rd,,Mon,Tue,Wed,Thu,Fri
07:58:02,115,Pullman/115th,,Mon,Tue,Wed,Thu,Fri
09:32:41,95,95th,,Sun
17:22:06,3,King Drive,,Sun
22:46:54,111,111th/King Drive,,Sat
18:15:36,3,King Drive,,Sun
10:55:07,115,Pullman/115th,,Sat
17:54:15,115,Pullman/115th,,Sat
15:35:53,103,West 103rd,,Sun
09:42:32,115,Pullman/115th,,Mon,Tue,Wed,Thu,Fri
12:44:36,3,King Drive,,Sun
08:42:07,115,Pullman/115th,,Sun
07:00:07,115,Pullman/115th,,Mon,Tue,Wed,Thu,Fri
07:20:53,103,West 103rd,,Sat
10:24:36,3,King Drive,,Mon,Tue,Wed,Thu,Fri
12:25:09,3,King Drive,,Mon,Tue,Wed,Thu,Fri
10:57:36,3,King Drive,,Mon,Tue,Wed,Thu,Fri
19:15:03,34,South Michigan,,Sun
07:04:54,111,111th/King Drive,,Sun
12:04:09,3,King Drive,,Sat
09:32:11,119,Michigan/119th,,Mon,Tue,Wed,Thu,Fri
14:37:13,3,King Drive,,Mon,Tue,Wed,Thu,Fri
10:16:33,34,South Michigan,,Sun
06:21:45,115,Pullman/115th,,Mon,Tue,Wed,Thu,Fri
20:32:56,34,South Michigan,,Sat
07:38:58,115,Pullman/115th,,Sat
14:41:53,115,Pullman/115th,,Mon,Tue,Wed,Thu,Fri
09:31:54,111,111th/King Drive,,Sat
12:14:09,3,King Drive,,Mon,Tue,Wed,Thu,Fri
16:46:58,95,95th,,Mon,Tue,Wed,Thu,Fri
20:30:56,119,Michigan/119th,,Sun
14:03:25,34,South Michigan,,Sat
18:00:53,103,West 103rd,,Sat
11:11:25,119,Michigan/119th,,Sat
14:55:49,95,95th,,Sat
19:59:28,111,111th/King Drive,,Mon,Tue,Wed,Thu,Fri
21:00:53,103,West 103rd,,Mon,Tue,Wed,Thu,Fri
18:01:23,115,Pullman/115th,,Sun
06:29:36,3,King Drive,,Mon,Tue,Wed,Thu,Fri
13:43:25,34,South Michigan,,Sat
18:39:36,3,King Drive,,Mon,Tue,Wed,Thu,Fri
18:35:55,34,South Michigan,,Mon,Tue,Wed,Thu,Fri
22:20:15,95,95th,,Sun
14:26:39,3,King Drive,,Mon,Tue,Wed,Thu,Fri
16:06:58,95,95th,,Mon,Tue,Wed,Thu,Fri
08:56:33,34,South Michigan,,Sun
13:31:39,3,King Drive,,Mon,Tue,Wed,Thu,Fri
15:59:15,115,Pullman/115th,,Sat
05:20:56,34,South Michigan,,Sat
13:36:21,106,East 103rd,,Sat
06:44:09,3,King Drive,,Mon,Tue,Wed,Thu,Fri
11:06:23,115,Pullman/115th,,Sun
12:05:49,95,95th,,Sat
06:20:53,103,West 103rd,,Sat
06:50:56,34,South Michigan,,Sat
11:55:09,3,King Drive,,Sat
12:13:09,3,King Drive,,Sat
16:47:09,3,King Drive,,Sun
21:01:41,95,95th,,Mon,Tue,Wed,Thu,Fri
12:45:03,34,South Michigan,,Sun
12:55:49,95,95th,,Sat
21:40:56,34,South Michigan,,Sun
09:32:41,95,95th,,Sun
17:45:02,115,Pullman/115th,,Mon,Tue,Wed,Thu,Fri
17:26:48,100,Jeffery Manor Express,,Mon,Tue,Wed,Thu,Fri
16:52:38,111,111th/King Drive,,Sun
11:09:21,111,111th/King Drive,,Mon,Tue,Wed,Thu,Fri
14:25:39,119,Michigan/119th,,Sat
01:20:56,34,South Michigan,,Mon
08:56:11,119,Michigan/119th,,Mon,Tue,Wed,Thu,Fri
06:39:08,106,East 103rd,,Mon,Tue,Wed,Thu,Fri
09:49:54,111,111th/King Drive,,Sat
21:37:07,115,Pullman/115th,,Sat
20:25:41,95,95th,,Mon,Tue,Wed,Thu,Fri
11:31:14,106,East 103rd,,Sun
02:50:56,34,South Michigan,,Sun
21:31:08,106,East 103rd,,Sun
14:23:13,3,King Drive,,Sat
17:55:55,34,South Michigan,,Mon,Tue,Wed,Thu,Fri
16:40:53,103,West 103rd,,Sat
08:12:21,111,111th/King Drive,,Mon,Tue,Wed,Thu,Fri
20:43:41,95,95th,,Mon,Tue,Wed,Thu,Fri
11:45:49,95,95th,,Sat
11:10:49,95,95th,,Mon,Tue,Wed,Thu,Fri
04:30:53,103,West 103rd,,Mon,Tue,Wed,Thu,Fri
03:01:15,4,Cottage Grove,,Sat
08:46:33,34,South Michigan,,Sun
22:36:56,119,Michigan/119th,,Mon,Tue,Wed,Thu,Fri
16:46:48,100,Jeffery Manor Express,,Mon,Tue,Wed,Thu,Fri
19:43:11,34,South Michigan,,Sat
02:21:44,N5,South Shore Night Bus,,Tue,Wed,Thu,Fri,Sat
05:21:33,95,95th,,Sat
08:40:11,34,South Michigan,,Mon,Tue,Wed,Thu,Fri
19:28:09,3,King Drive,,Sat
19:50:56,119,Michigan/119th,,Sun
12:16:08,106,East 103rd,,Mon,Tue,Wed,Thu,Fri
10:46:56,34,South Michigan,,Sat
07:19:09,3,King Drive,,Mon,Tue,Wed,Thu,Fri
09:36:33,34,South Michigan,,Sun
20:55:41,34,South Michigan,,Mon,Tue,Wed,Thu,Fri
19:48:15,115,Pullman/115th,,Mon,Tue,Wed,Thu,Fri
03:51:44,N5,South Shore Night Bus,,Sun
07:52:06,103,West 103rd,,Mon,Tue,Wed,Thu,Fri
09:00:07,115,Pullman/115th,,Sun
10:08:45,115,Pullman/115th,,Mon,Tue,Wed,Thu,Fri
04:34:15,4,Cottage Grove,,Mon,Tue,Wed,Thu,Fri
14:57:09,3,King Drive,,Sun
03:50:56,34,South Michigan,,Sun
14:59:08,111,111th/King Drive,,Sat
12:36:14,106,East 103rd,,Sun
12:36:09,3,King Drive,,Mon,Tue,Wed,Thu,Fri
21:17:41,119,Michigan/119th,,Mon,Tue,Wed,Thu,Fri
08:52:41,95,95th,,Sun
06:30:54,106,East 103rd,,Sat
20:22:41,95,95th,,Sat
15:54:13,3,King Drive,,Sat
09:42:06,103,West 103rd,,Mon,Tue,Wed,Thu,Fri
12:36:09,3,King Drive,,Mon,Tue,Wed,Thu,Fri
07:10:06,3,King Drive,,Sat
12:10:39,119,Michigan/119th,,Sat
12:08:25,119,Michigan/119th,,Mon,Tue,Wed,Thu,Fri
08:58:54,111,111th/King Drive,,Sun
20:40:53,103,West 103rd,,Sat
18:24:58,95,95th,,Mon,Tue,Wed,Thu,Fri
14:46:09,3,King Drive,,Sun
17:55:53,103,West 103rd,,Sun
05:44:36,3,King Drive,,Mon,Tue,Wed,Thu,Fri
22:29:11,119,Michigan/119th,,Sat
10:11:11,119,Michigan/119th,,Sun
15:55:21,106,East 103rd,,Mon,Tue,Wed,Thu,Fri
14:56:58,111,111th/King Drive,,Mon,Tue,Wed,Thu,Fri
05:48:00,103,West 103rd,,Mon,Tue,Wed,Thu,Fri
06:58:45,95,95th,,Mon,Tue,Wed,Thu,Fri
21:48:11,119,Michigan/119th,,Sat
03:31:15,4,Cottage Grove,,Mon,Tue,Wed,Thu,Fri
10:36:56,34,South Michigan,,Sat
21:30:41,95,95th,,Sat
03:31:15,4,Cottage Grove,,Mon,Tue,Wed,Thu,Fri
12:54:53,115,Pullman/115th,,Mon,Tue,Wed,Thu,Fri
08:11:39,3,King Drive,,Mon,Tue,Wed,Thu,Fri
11:20:11,34,South Michigan,,Mon,Tue,Wed,Thu,Fri
17:55:45,115,Pullman/115th,,Sun
24:00:45,4,Cottage Grove,,Mon,Tue,Wed,Thu,Fri
09:55:53,103,West 103rd,,Sun
15:12:58,111,111th/King Drive,,Mon,Tue,Wed,Thu,Fri
11:00:49,95,95th,,Mon,Tue,Wed,Thu,Fri
16:11:43,103,West 103rd,,Mon,Tue,Wed,Thu,Fri
13:53:08,111,111th/King Drive,,Sun
11:58:06,3,King Drive,,Sun
15:32:13,3,King Drive,,Mon,Tue,Wed,Thu,Fri
07:50:11,34,South Michigan,,Mon,Tue,Wed,Thu,Fri
11:55:39,119,Michigan/119th,,Sat
17:41:09,3,King Drive,,Sat
09:56:11,119,Michigan/119th,,Mon,Tue,Wed,Thu,Fri
17:56:11,119,Michigan/119th,,Sat
07:52:03,100,Jeffery Manor Express,,Mon,Tue,Wed,Thu,Fri
01:21:35,N5,South Shore Night Bus,,Sun
17:06:58,95,95th,,Mon,Tue,Wed,Thu,Fri
17:53:25,34,South Michigan,,Sat
19:41:00,103,West 103rd,,Mon,Tue,Wed,Thu,Fri
11:34:06,3,King Drive,,Sun
14:24:54,106,East 103rd,,Mon,Tue,Wed,Thu,Fri
15:25:49,95,95th,,Sat
09:54:21,111,111th/King Drive,,Mon,Tue,Wed,Thu,Fri
17:13:25,34,South Michigan,,Sat
20:18:21,111,111th/King Drive,,Mon,Tue,Wed,Thu,Fri
18:13:58,111,111th/King Drive,,Mon,Tue,Wed,Thu,Fri
13:10:06,103,West 103rd,,Mon,Tue,Wed,Thu,Fri
18:06:35,100,Jeffery Manor Express,,Mon,Tue,Wed,Thu,Fri
17:26:58,95,95th,,Mon,Tue,Wed,Thu,Fri
11:20:54,111,111th/King Drive,,Sun
07:39:09,3,King Drive,,Sat
18:15:09,3,King Drive,,Sat
16:26:58,95,95th,,Mon,Tue,Wed,Thu,Fri
17:26:13,103,West 103rd,,Mon,Tue,Wed,Thu,Fri
11:22:06,3,King Drive,,Sun
15:30:09,3,King Drive,,Sun
12:00:49,95,95th,,Mon,Tue,Wed,Thu,Fri
07:54:58,95,95th,,Mon,Tue,Wed,Thu,Fri
11:22:41,95,95th,,Sun
23:06:11,34,South Michigan,,Mon,Tue,Wed,Thu,Fri
10:36:08,106,East 103rd,,Mon,Tue,Wed,Thu,Fri
03:31:15,4,Cottage Grove,,Sun
05:25:08,111,111th/King Drive,,Mon,Tue,Wed,Thu,Fri
08:46:06,103,West 103rd,,Mon,Tue,Wed,Thu,Fri
06:35:07,115,Pullman/115th,,Sun
10:09:21,111,111th/King Drive,,Mon,Tue,Wed,Thu,Fri
10:42:11,119,Michigan/119th,,Sat
16:46:58,95,95th,,Sun
11:43:07,115,Pullman/115th,,Sat
00:30:56,119,Michigan/119th,,Sun
18:56:11,119,Michigan/119th,,Sat
08:34:03,100,Jeffery Manor Express,,Mon,Tue,Wed,Thu,Fri
08:27:07,115,Pullman/115th,,Sat
12:24:28,111,111th/King Drive,,Mon,Tue,Wed,Thu,Fri
10:56:33,34,South Michigan,,Sun
09:51:36,3,King Drive,,Mon,Tue,Wed,Thu,Fri
21:09:24,111,111th/King Drive,,Sun
09:07:49,95,95th,,Sat
22:05:53,103,West 103rd,,Sun
07:46:11,119,Michigan/119th,,Mon,Tue,Wed,Thu,Fri
12:14:06,103,West 103rd,,Mon,Tue,Wed,Thu,Fri
14:32:43,103,West 103rd,,Mon,Tue,Wed,Thu,Fri
19:04:24,95,95th,,Mon,Tue,Wed,Thu,Fri
18:45:55,34,South Michigan,,Mon,Tue,Wed,Thu,Fri
22:20:53,103,West 103rd,,Sat
14:55:55,34,South Michigan,,Mon,Tue,Wed,Thu,Fri
22:43:15,95,95th,,Sun
17:45:28,95,95th,,Mon,Tue,Wed,Thu,Fri
14:39:49,95,95th,,Mon,Tue,Wed,Thu,Fri
10:31:14,106,East 103rd,,Sun
05:30:58,115,Pullman/115th,,Sat
17:06:48,100,Jeffery Manor Express,,Mon,Tue,Wed,Thu,Fri
09:18:07,115,Pullman/115th,,Sun
09:27:49,95,95th,,Sat
23:26:11,34,South Michigan,,Mon,Tue,Wed,Thu,Fri
09:11:15,115,Pullman/115th,,Mon,Tue,Wed,Thu,Fri
23:10:56,119,Michigan/119th,,Sun
14:32:13,3,King Drive,,Sat
06:45:11,119,Michigan/119th,,Mon,Tue,Wed,Thu,Fri
17:10:39,119,Michigan/119th,,Sat
15:15:49,95,95th,,Sat
10:44:11,119,Michigan/119th,,Mon,Tue,Wed,Thu,Fri
00:31:15,4,Cottage Grove,,Sun
10:16:08,106,East 103rd,,Mon,Tue,Wed,Thu,Fri
08:00:23,115,Pullman/115th,,Mon,Tue,Wed,Thu,Fri
11:30:11,34,South Michigan,,Mon,Tue,Wed,Thu,Fri
05:43:11,95,95th,,Mon,Tue,Wed,Thu,Fri
17:31:08,106,East 103rd,,Sun
21:58:07,115,Pullman/115th,,Sat
11:20:54,111,111th/King Drive,,Sun
18:34:58,95,95th,,Mon,Tue,Wed,Thu,Fri
05:02:11,34,South Michigan,,Mon,Tue,Wed,Thu,Fri
09:25:09,3,King Drive,,Sat
16:27:13,3,King Drive,,Mon,Tue,Wed,Thu,Fri
08:44:11,119,Michigan/119th,,Mon,Tue,Wed,Thu,Fri
08:01:08,106,East 103rd,,Sun
11:35:49,95,95th,,Sat
16:48:02,115,Pullman/115th,,Mon,Tue,Wed,Thu,Fri
15:05:55,34,South Michigan,,Mon,Tue,Wed,Thu,Fri
17:55:21,106,East 103rd,,Mon,Tue,Wed,Thu,Fri
08:13:28,115,Pullman/115th,,Sun
17:46:44,100,Jeffery Manor Express,,Mon,Tue,Wed,Thu,Fri
15:56:58,95,95th,,Sun
23:56:22,4,Cottage Grove,,Sat
07:12:09,3,King Drive,,Mon,Tue,Wed,Thu,Fri
14:40:58,111,111th/King Drive,,Mon,Tue,Wed,Thu,Fri
18:54:58,95,95th,,Mon,Tue,Wed,Thu,Fri
19:17:49,95,95th,,Sat
13:07:25,34,South Michigan,,Mon,Tue,Wed,Thu,Fri
19:33:36,3,King Drive,,Mon,Tue,Wed,Thu,Fri
21:17:41,119,Michigan/119th,,Mon,Tue,Wed,Thu,Fri
22:40:56,34,South Michigan,,Sun
12:39:23,115,Pullman/115th,,Mon,Tue,Wed,Thu,Fri
10:20:11,34,South Michigan,,Mon,Tue,Wed,Thu,Fri
11:19:09,3,King Drive,,Mon,Tue,Wed,Thu,Fri
19:04:54,111,111th/King Drive,,Sat
10:34:09,3,King Drive,,Sat
23:58:56,34,South Michigan,,Sat
10:57:11,119,Michigan/119th,,Sat
06:33:00,103,West 103rd,,Mon,Tue,Wed,Thu,Fri
22:40:06,3,King Drive,,Sat
08:51:11,119,Michigan/119th,,Sun
16:26:48,100,Jeffery Manor Express,,Mon,Tue,Wed,Thu,Fri
13:11:21,106,East 103rd,,Sat
21:44:15,95,95th,,Sun
13:45:49,95,95th,,Sat
05:22:11,34,South Michigan,,Mon,Tue,Wed,Thu,Fri
05:00:03,3,King Drive,,Mon,Tue,Wed,Thu,Fri
13:10:23,115,Pullman/115th,,Mon,Tue,Wed,Thu,Fri
22:46:26,34,South Michigan,,Mon,Tue,Wed,Thu,Fri
10:39:06,103,West 103rd,,Mon,Tue,Wed,Thu,Fri
00:06:11,119,Michigan/119th,,Mon
07:33:14,111,111th/King Drive,,Mon,Tue,Wed,Thu,Fri
06:00:54,106,East 103rd,,Sat
07:33:08,106,East 103rd,,Mon,Tue,Wed,Thu,Fri
13:26:36,103,West 103rd,,Mon,Tue,Wed,Thu,Fri
15:44:49,95,95th,,Sat
18:31:08,106,East 103rd,,Sun
07:55:03,3,King Drive,,Sun
21:59:07,115,Pullman/115th,,Sun
18:00:38,111,111th/King Drive,,Sun
08:23:23,115,Pullman/115th,,Mon,Tue,Wed,Thu,Fri
17:43:38,111,111th/King Drive,,Sun
18:57:08,106,East 103rd,,Mon,Tue,Wed,Thu,Fri
13:11:15,95,95th,,Sun
10:25:09,3,King Drive,,Sat
06:25:54,100,Jeffery Manor Express,,Mon,Tue,Wed,Thu,Fri
08:05:08,106,East 103rd,,Mon,Tue,Wed,Thu,Fri
08:58:54,111,111th/King Drive,,Sun
07:21:03,34,South Michigan,,Sun
05:25:08,111,111th/King Drive,,Mon,Tue,Wed,Thu,Fri
20:36:08,106,East 103rd,,Mon,Tue,Wed,Thu,Fri
11:46:33,34,South Michigan,,Sun
13:18:06,3,King Drive,,Sun
20:50:03,3,King Drive,,Sun
11:32:11,119,Michigan/119th,,Mon,Tue,Wed,Thu,Fri
14:14:13,3,King Drive,,Sat
22:49:11,119,Michigan/119th,,Sat
06:23:28,115,Pullman/115th,,Sun
19:58:54,111,111th/King Drive,,Sat
11:46:08,106,East 103rd,,Mon,Tue,Wed,Thu,Fri
17:16:58,95,95th,,Mon,Tue,Wed,Thu,Fri
09:39:21,111,111th/King Drive,,Mon,Tue,Wed,Thu,Fri
08:57:56,34,South Michigan,,Sat
19:40:54,111,111th/King Drive,,Sat
06:42:11,34,South Michigan,,Mon,Tue,Wed,Thu,Fri
20:38:54,111,111th/King Drive,,Sat
22:15:08,111,111th/King Drive,,Mon,Tue,Wed,Thu,Fri
17:45:03,34,South Michigan,,Sun
17:43:25,34,South Michigan,,Sat
14:56:53,115,Pullman/115th,,Mon,Tue,Wed,Thu,Fri
10:06:33,34,South Michigan,,Sun
15:29:05,111,111th/King Drive,,Mon,Tue,Wed,Thu,Fri
08:18:19,95,95th,,Sat
09:08:11,119,Michigan/119th,,Mon,Tue,Wed,Thu,Fri
23:51:44,N5,South Shore Night Bus,,Mon,Tue,Wed,Thu,Fri
18:25:03,34,South Michigan,,Sun
15:15:03,34,South Michigan,,Sun
19:08:25,119,Michigan/119th,,Mon,Tue,Wed,Thu,Fri
13:29:08,111,111th/King Drive,,Sat
18:28:54,111,111th/King Drive,,Sat
08:10:33,3,King Drive,,Sun
23:38:56,34,South Michigan,,Sat
14:47:24,95,95th,,Sun
16:36:58,95,95th,,Mon,Tue,Wed,Thu,Fri
16:32:35,111,111th/King Drive,,Mon,Tue,Wed,Thu,Fri
12:42:37,115,Pullman/115th,,Sun
09:56:08,106,East 103rd,,Mon,Tue,Wed,Thu,Fri
13:09:28,111,111th/King Drive,,Mon,Tue,Wed,Thu,Fri
01:51:44,N5,South Shore Night Bus,,Mon
13:40:45,95,95th,,Sun
12:59:08,111,111th/King Drive,,Sat
22:19:07,115,Pullman/115th,,Sat
15:05:49,95,95th,,Sat
07:04:54,111,111th/King Drive,,Sun
00:06:11,34,South Michigan,,Tue,Wed,Thu,Fri,Sat
10:31:11,119,Michigan/119th,,Sun
21:16:08,106,East 103rd,,Mon,Tue,Wed,Thu,Fri
14:14:13,3,King Drive,,Sat
16:36:58,95,95th,,Sun
22:59:07,115,Pullman/115th,,Sat
09:55:09,3,King Drive,,Sat
06:49:41,95,95th,,Mon,Tue,Wed,Thu,Fri
18:10:21,106,East 103rd,,Mon,Tue,Wed,Thu,Fri
19:26:11,119,Michigan/119th,,Sat
18:34:15,115,Pullman/115th,,Mon,Tue,Wed,Thu,Fri
23:51:37,95,95th,,Sun
05:22:06,3,King Drive,,Mon,Tue,Wed,Thu,Fri
09:40:53,103,West 103rd,,Sat
07:24:58,95,95th,,Mon,Tue,Wed,Thu,Fri
14:44:25,119,Michigan/119th,,Mon,Tue,Wed,Thu,Fri
18:26:26,100,Jeffery Manor Express,,Mon,Tue,Wed,Thu,Fri
12:45:49,95,95th,,Sat
09:00:56,119,Michigan/119th,,Sat
19:04:24,95,95th,,Mon,Tue,Wed,Thu,Fri
11:42:41,95,95th,,Sun
21:17:56,34,South Michigan,,Sat
12:09:28,111,111th/King Drive,,Mon,Tue,Wed,Thu,Fri
20:52:41,95,95th,,Sat
07:10:56,34,South Michigan,,Sat
00:51:33,95,95th,,Sun
12:08:25,119,Michigan/119th,,Mon,Tue,Wed,Thu,Fri
10:32:41,95,95th,,Sun
08:32:54,111,111th/King Drive,,Sun
12:29:08,111,111th/King Drive,,Sat
15:55:39,119,Michigan/119th,,Sat
08:04:54,111,111th/King Drive,,Sun
23:12:24,111,111th/King Drive,,Sun
07:02:11,34,South Michigan,,Mon,Tue,Wed,Thu,Fri
09:58:06,3,King Drive,,Sun
17:03:15,115,Pullman/115th,,Sun
18:06:35,100,Jeffery Manor Express,,Mon,Tue,Wed,Thu,Fri
13:56:53,115,Pullman/115th,,Mon,Tue,Wed,Thu,Fri
18:03:09,3,King Drive,,Sat
07:15:00,3,King Drive,,Sun
15:14:08,111,111th/King Drive,,Sat
11:10:09,3,King Drive,,Sat
06:03:11,119,Michigan/119th,,Mon,Tue,Wed,Thu,Fri
17:41:25,119,Michigan/119th,,Sat
06:41:11,119,Michigan/119th,,Sun
22:00:09,3,King Drive,,Sat
19:43:11,34,South Michigan,,Sat
20:01:11,119,Michigan/119th,,Mon,Tue,Wed,Thu,Fri
14:24:54,106,East 103rd,,Mon,Tue,Wed,Thu,Fri
14:15:39,3,King Drive,,Mon,Tue,Wed,Thu,Fri
15:40:21,106,East 103rd,,Mon,Tue,Wed,Thu,Fri
18:33:11,34,South Michigan,,Sat
16:15:53,115,Pullman/115th,,Sun
16:54:49,95,95th,,Sat
07:33:14,111,111th/King Drive,,Mon,Tue,Wed,Thu,Fri
18:45:36,3,King Drive,,Sun
05:54:57,3,King Drive,,Sun
14:48:54,106,East 103rd,,Mon,Tue,Wed,Thu,Fri
21:48:07,115,Pullman/115th,,Mon,Tue,Wed,Thu,Fri
03:21:44,N5,South Shore Night Bus,,Mon,Tue,Wed,Thu,Fri
17:26:38,111,111th/King Drive,,Sun
15:54:45,115,Pullman/115th,,Sun
16:06:48,100,Jeffery Manor Express,,Mon,Tue,Wed,Thu,Fri
11:52:07,115,Pullman/115th,,Sun
21:01:08,106,East 103rd,,Sat
08:10:56,34,South Michigan,,Sat
18:28:37,115,Pullman/115th,,Sat
10:10:49,95,95th,,Mon,Tue,Wed,Thu,Fri
19:15:03,34,South Michigan,,Sun
12:40:39,119,Michigan/119th,,Sat
14:13:14,106,East 103rd,,Mon,Tue,Wed,Thu,Fri
12:16:08,106,East 103rd,,Mon,Tue,Wed,Thu,Fri
11:00:49,95,95th,,Mon,Tue,Wed,Thu,Fri
21:36:11,119,Michigan/119th,,Mon,Tue,Wed,Thu,Fri
08:19:03,34,South Michigan,,Sun
20:10:56,119,Michigan/119th,,Sun
21:48:11,119,Michigan/119th,,Sat
16:11:11,119,Michigan/119th,,Sun
06:52:11,95,95th,,Sun
16:31:11,119,Michigan/119th,,Sun
23:36:11,119,Michigan/119th,,Mon,Tue,Wed,Thu,Fri
20:30:06,3,King Drive,,Sun
04:21:44,N5,South Shore Night Bus,,Sun
19:41:15,95,95th,,Sun
08:34:58,95,95th,,Mon,Tue,Wed,Thu,Fri
18:40:53,103,West 103rd,,Sat
13:27:25,34,South Michigan,,Mon,Tue,Wed,Thu,Fri
14:26:25,34,South Michigan,,Mon,Tue,Wed,Thu,Fri
14:08:25,119,Michigan/119th,,Mon,Tue,Wed,Thu,Fri
20:45:03,34,South Michigan,,Sun
08:49:09,3,King Drive,,Mon,Tue,Wed,Thu,Fri
05:01:08,106,East 103rd,,Sun
10:08:11,119,Michigan/119th,,Mon,Tue,Wed,Thu,Fri
23:18:56,34,South Michigan,,Sat
15:29:23,115,Pullman/115th,,Sun
04:50:56,34,South Michigan,,Sun
15:15:55,34,South Michigan,,Mon,Tue,Wed,Thu,Fri
20:04:45,95,95th,,Sat
17:52:54,111,111th/King Drive,,Sat
16:24:49,95,95th,,Sat
22:31:24,111,111th/King Drive,,Sun
19:26:11,119,Michigan/119th,,Sat
22:20:09,3,King Drive,,Sat
02:50:56,34,South Michigan,,Sun
05:40:53,103,West 103rd,,Sat
01:21:44,N5,South Shore Night Bus,,Mon
14:49:49,95,95th,,Mon,Tue,Wed,Thu,Fri
18:17:38,111,111th/King Drive,,Sun
12:49:49,95,95th,,Mon,Tue,Wed,Thu,Fri
21:46:11,34,South Michigan,,Mon,Tue,Wed,Thu,Fri
10:20:53,103,West 103rd,,Sat
18:51:15,115,Pullman/115th,,Mon,Tue,Wed,Thu,Fri
10:46:33,34,South Michigan,,Sun
03:20:56,34,South Michigan,,Sun
04:35:53,103,West 103rd,,Sun
14:51:11,119,Michigan/119th,,Sun
11:00:53,103,West 103rd,,Sat
16:15:55,34,South Michigan,,Mon,Tue,Wed,Thu,Fri
18:26:11,119,Michigan/119th,,Sat
11:01:14,106,East 103rd,,Sun
14:24:09,3,King Drive,,Sun
20:19:45,95,95th,,Sun
09:45:21,106,East 103rd,,Sat
06:03:00,103,West 103rd,,Mon,Tue,Wed,Thu,Fri
08:00:11,34,South Michigan,,Mon,Tue,Wed,Thu,Fri
15:15:03,34,South Michigan,,Sun
04:51:44,N5,South Shore Night Bus,,Sun
16:14:09,3,King Drive,,Sun
20:07:54,111,111th/King Drive,,Sun
15:20:53,103,West 103rd,,Sat
18:25:55,34,South Michigan,,Mon,Tue,Wed,Thu,Fri
15:42:43,103,West 103rd,,Mon,Tue,Wed,Thu,Fri
15:45:05,111,111th/King Drive,,Mon,Tue,Wed,Thu,Fri
05:22:11,34,South Michigan,,Mon,Tue,Wed,Thu,Fri
17:22:13,3,King Drive,,Mon,Tue,Wed,Thu,Fri
15:16:21,106,East 103rd,,Sun
18:46:54,111,111th/King Drive,,Sat
11:32:41,95,95th,,Sun
15:13:25,34,South Michigan,,Sat
11:25:39,119,Michigan/119th,,Sat
18:57:36,3,King Drive,,Mon,Tue,Wed,Thu,Fri
10:22:06,3,King Drive,,Sun
12:56:06,3,King Drive,,Sun
20:15:03,34,South Michigan,,Sun
13:56:25,119,Michigan/119th,,Mon,Tue,Wed,Thu,Fri
11:55:39,119,Michigan/119th,,Sat
21:10:11,119,Michigan/119th,,Sat
18:13:11,34,South Michigan,,Sat
07:54:58,95,95th,,Mon,Tue,Wed,Thu,Fri
17:05:55,34,South Michigan,,Mon,Tue,Wed,Thu,Fri
13:11:11,119,Michigan/119th,,Sun
13:26:36,103,West 103rd,,Mon,Tue,Wed,Thu,Fri
17:26:58,95,95th,,Mon,Tue,Wed,Thu,Fri
07:43:08,106,East 103rd,,Mon,Tue,Wed,Thu,Fri
20:55:11,119,Michigan/119th,,Sat
19:10:15,115,Pullman/115th,,Mon,Tue,Wed,Thu,Fri
04:21:44,N5,South Shore Night Bus,,Sun
07:40:11,34,South Michigan,,Mon,Tue,Wed,Thu,Fri
12:46:08,106,East 103rd,,Mon,Tue,Wed,Thu,Fri
20:59:45,95,95th,,Sun
12:51:11,119,Michigan/119th,,Sun
09:57:11,119,Michigan/119th,,Sat
07:44:58,95,95th,,Mon,Tue,Wed,Thu,Fri
20:35:53,103,West 103rd,,Sun
10:16:56,34,South Michigan,,Sat
06:41:58,115,Pullman/115th,,Sun
20:16:08,106,East 103rd,,Mon,Tue,Wed,Thu,Fri
10:34:06,3,King Drive,,Sun
15:55:53,103,West 103rd,,Sun
19:20:53,103,West 103rd,,Sat
10:58:07,115,Pullman/115th,,Sun
03:50:56,34,South Michigan,,Sat
17:40:53,103,West 103rd,,Sat
08:51:28,115,Pullman/115th,,Sun
21:36:08,106,East 103rd,,Mon,Tue,Wed,Thu,Fri
15:35:53,103,West 103rd,,Sun
17:15:53,103,West 103rd,,Sun
17:41:49,95,95th,,Sat
15:52:09,3,King Drive,,Sun
15:45:55,34,South Michigan,,Mon,Tue,Wed,Thu,Fri
10:58:06,103,West 103rd,,Mon,Tue,Wed,Thu,Fri
05:51:33,95,95th,,Sat
11:20:53,103,West 103rd,,Sat
06:29:36,3,King Drive,,Mon,Tue,Wed,Thu,Fri
04:39:15,4,Cottage Grove,,Sat
17:43:25,34,South Michigan,,Sat
22:06:11,34,South Michigan,,Mon,Tue,Wed,Thu,Fri
12:36:14,106,East 103rd,,Sun
10:06:56,34,South Michigan,,Sat
19:52:06,3,King Drive,,Sun
05:20:53,103,West 103rd,,Sat
09:25:09,3,King Drive,,Sat
01:00:56,34,South Michigan,,Sun
19:00:53,103,West 103rd,,Sat
07:10:02,115,Pullman/115th,,Mon,Tue,Wed,Thu,Fri
20:50:56,119,Michigan/119th,,Sun
09:03:23,115,Pullman/115th,,Sat
11:42:41,95,95th,,Sun
10:12:11,119,Michigan/119th,,Sat
12:00:23,115,Pullman/115th,,Sun
21:57:15,95,95th,,Sun
17:47:36,3,King Drive,,Sun
14:35:49,95,95th,,Sat
11:13:25,34,South Michigan,,Sat
18:03:11,34,South Michigan,,Sat
06:07:06,3,King Drive,,Mon,Tue,Wed,Thu,Fri
08:16:28,115,Pullman/115th,,Sat
13:47:13,3,King Drive,,Sat
13:05:49,95,95th,,Sat
23:51:11,34,South Michigan,,Sun
09:58:06,3,King Drive,,Sun
12:28:23,115,Pullman/115th,,Mon,Tue,Wed,Thu,Fri
01:50:56,34,South Michigan,,Tue,Wed,Thu,Fri,Sat
13:39:28,111,111th/King Drive,,Mon,Tue,Wed,Thu,Fri
06:26:14,111,111th/King Drive,,Mon,Tue,Wed,Thu,Fri
04:21:35,N5,South Shore Night Bus,,Sat
03:21:11,34,South Michigan,,Mon,Tue,Wed,Thu,Fri
15:26:58,95,95th,,Mon,Tue,Wed,Thu,Fri
19:31:08,106,East 103rd,,Sun
17:41:09,3,King Drive,,Sat
22:38:11,95,95th,,Sat
09:30:11,34,South Michigan,,Mon,Tue,Wed,Thu,Fri
15:10:39,119,Michigan/119th,,Sat
07:50:56,34,South Michigan,,Sat
06:25:11,119,Michigan/119th,,Mon,Tue,Wed,Thu,Fri
23:51:33,95,95th,,Sat
18:10:54,111,111th/King Drive,,Sat
05:48:00,103,West 103rd,,Mon,Tue,Wed,Thu,Fri
17:34:36,3,King Drive,,Sun
08:20:11,34,South Michigan,,Mon,Tue,Wed,Thu,Fri
11:23:45,115,Pullman/115th,,Mon,Tue,Wed,Thu,Fri
22:35:11,95,95th,,Mon,Tue,Wed,Thu,Fri
16:14:13,3,King Drive,,Sat
14:05:13,3,King Drive,,Sat
06:14:36,3,King Drive,,Mon,Tue,Wed,Thu,Fri
06:04:58,115,Pullman/115th,,Sun
10:56:08,106,East 103rd,,Mon,Tue,Wed,Thu,Fri
00:19:56,34,South Michigan,,Sun
10:40:49,95,95th,,Mon,Tue,Wed,Thu,Fri
01:01:15,4,Cottage Grove,,Tue,Wed,Thu,Fri,Sat
20:25:03,34,South Michigan,,Sun
14:47:08,111,111th/King Drive,,Sun
18:30:36,3,King Drive,,Mon,Tue,Wed,Thu,Fri
07:21:14,111,111th/King Drive,,Mon,Tue,Wed,Thu,Fri
11:31:14,106,East 103rd,,Sun
10:35:53,103,West 103rd,,Sun
14:40:53,103,West 103rd,,Sat
22:40:53,103,West 103rd,,Mon,Tue,Wed,Thu,Fri
21:12:36,3,King Drive,,Mon,Tue,Wed,Thu,Fri
16:35:53,103,West 103rd,,Sun
19:25:53,115,Pullman/115th,,Mon,Tue,Wed,Thu,Fri
05:20:54,111,111th/King Drive,,Sat
15:46:58,95,95th,,Sun
15:29:05,111,111th/King Drive,,Mon,Tue,Wed,Thu,Fri
13:15:03,34,South Michigan,,Sun
16:23:25,34,South Michigan,,Sat
21:38:41,95,95th,,Sat
07:34:54,111,111th/King Drive,,Sun
11:41:09,3,King Drive,,Mon,Tue,Wed,Thu,Fri
14:13:14,106,East 103rd,,Mon,Tue,Wed,Thu,Fri
21:29:41,95,95th,,Mon,Tue,Wed,Thu,Fri
16:46:48,100,Jeffery Manor Express,,Mon,Tue,Wed,Thu,Fri
03:01:15,4,Cottage Grove,,Mon,Tue,Wed,Thu,Fri
17:25:03,34,South Michigan,,Sun
07:14:00,103,West 103rd,,Mon,Tue,Wed,Thu,Fri
00:31:15,4,Cottage Grove,,Tue,Wed,Thu,Fri,Sat
15:28:43,103,West 103rd,,Mon,Tue,Wed,Thu,Fri
11:46:08,106,East 103rd,,Mon,Tue,Wed,Thu,Fri
17:31:28,111,111th/King Drive,,Mon,Tue,Wed,Thu,Fri
08:20:53,103,West 103rd,,Sat
02:20:56,34,South Michigan,,Sun
00:16:11,119,Michigan/119th,,Tue,Wed,Thu,Fri,Sat
18:05:15,95,95th,,Sun
13:16:08,106,East 103rd,,Mon,Tue,Wed,Thu,Fri
11:06:49,95,95th,,Sat
07:11:11,119,Michigan/119th,,Sun
18:01:08,106,East 103rd,,Sun
16:14:09,3,King Drive,,Sun
22:31:08,106,East 103rd,,Sun
21:30:56,119,Michigan/119th,,Sun
11:16:08,106,East 103rd,,Mon,Tue,Wed,Thu,Fri
17:10:13,103,West 103rd,,Mon,Tue,Wed,Thu,Fri
15:14:43,103,West 103rd,,Mon,Tue,Wed,Thu,Fri
12:56:14,106,East 103rd,,Sun
13:29:49,95,95th,,Mon,Tue,Wed,Thu,Fri
14:53:25,34,South Michigan,,Sat
19:56:11,119,Michigan/119th,,Sat
16:38:23,115,Pullman/115th,,Mon,Tue,Wed,Thu,Fri
11:30:11,34,South Michigan,,Mon,Tue,Wed,Thu,Fri
13:51:11,119,Michigan/119th,,Sun
18:45:03,34,South Michigan,,Sun
14:59:13,3,King Drive,,Mon,Tue,Wed,Thu,Fri
11:55:23,115,Pullman/115th,,Sat
05:51:11,119,Michigan/119th,,Mon,Tue,Wed,Thu,Fri
12:46:21,106,East 103rd,,Sat
20:57:07,115,Pullman/115th,,Sun
06:40:03,3,King Drive,,Sat
15:51:11,119,Michigan/119th,,Sun
08:12:03,100,Jeffery Manor Express,,Mon,Tue,Wed,Thu,Fri
13:31:11,119,Michigan/119th,,Sun
16:08:25,119,Michigan/119th,,Mon,Tue,Wed,Thu,Fri
06:58:09,3,King Drive,,Mon,Tue,Wed,Thu,Fri
09:12:41,95,95th,,Sun
23:01:07,115,Pullman/115th,,Sat
14:19:49,95,95th,,Mon,Tue,Wed,Thu,Fri
14:00:06,103,West 103rd,,Mon,Tue,Wed,Thu,Fri
17:35:53,103,West 103rd,,Sun
12:11:53,115,Pullman/115th,,Sat
16:51:11,119,Michigan/119th,,Sun
05:23:11,95,95th,,Mon,Tue,Wed,Thu,Fri
16:05:13,3,King Drive,,Mon,Tue,Wed,Thu,Fri
16:23:25,34,South Michigan,,Sat
08:47:56,34,South Michigan,,Sat
14:20:53,103,West 103rd,,Sat
07:33:08,106,East 103rd,,Mon,Tue,Wed,Thu,Fri
17:40:21,106,East 103rd,,Mon,Tue,Wed,Thu,Fri
13:46:15,115,Pullman/115th,,Sun
14:51:11,119,Michigan/119th,,Sun
11:09:21,111,111th/King Drive,,Mon,Tue,Wed,Thu,Fri
20:52:41,95,95th,,Sat
19:01:00,103,West 103rd,,Mon,Tue,Wed,Thu,Fri
15:43:25,34,South Michigan,,Sat
15:16:30,100,Jeffery Manor Express,,Mon,Tue,Wed,Thu,Fri
20:55:41,34,South Michigan,,Mon,Tue,Wed,Thu,Fri
16:16:58,95,95th,,Sun
16:35:08,111,111th/King Drive,,Sun
07:31:09,3,King Drive,,Mon,Tue,Wed,Thu,Fri
22:20:15,95,95th,,Sun
17:21:15,115,Pullman/115th,,Sat
18:13:58,111,111th/King Drive,,Mon,Tue,Wed,Thu,Fri
20:52:56,34,South Michigan,,Sat
13:35:49,95,95th,,Sat
13:40:53,103,West 103rd,,Sat
20:04:36,3,King Drive,,Mon,Tue,Wed,Thu,Fri
06:40:03,3,King Drive,,Sat
17:08:25,119,Michigan/119th,,Mon,Tue,Wed,Thu,Fri
14:00:53,103,West 103rd,,Sat
09:40:53,103,West 103rd,,Sat
09:00:11,34,South Michigan,,Mon,Tue,Wed,Thu,Fri
09:09:21,111,111th/King Drive,,Mon,Tue,Wed,Thu,Fri
04:20:56,34,South Michigan,,Sat
08:30:11,34,South Michigan,,Mon,Tue,Wed,Thu,Fri
16:56:58,95,95th,,Mon,Tue,Wed,Thu,Fri
12:04:09,3,King Drive,,Sat
10:10:06,3,King Drive,,Sun
20:39:07,115,Pullman/115th,,Sat
19:25:55,34,South Michigan,,Mon,Tue,Wed,Thu,Fri
11:02:41,95,95th,,Sun
06:23:11,95,95th,,Mon,Tue,Wed,Thu,Fri
16:11:15,115,Pullman/115th,,Sun
20:10:11,119,Michigan/119th,,Sat
08:37:54,111,111th/King Drive,,Sat
17:49:15,115,Pullman/115th,,Mon,Tue,Wed,Thu,Fri
05:59:58,115,Pullman/115th,,Mon,Tue,Wed,Thu,Fri
06:18:00,103,West 103rd,,Mon,Tue,Wed,Thu,Fri
15:29:08,111,111th/King Drive,,Sat
20:59:45,95,95th,,Sun
11:39:21,111,111th/King Drive,,Mon,Tue,Wed,Thu,Fri
22:35:03,3,King Drive,,Sun
21:59:11,95,95th,,Mon,Tue,Wed,Thu,Fri
05:04:01,111,111th/King Drive,,Mon,Tue,Wed,Thu,Fri
11:38:45,115,Pullman/115th,,Mon,Tue,Wed,Thu,Fri
14:45:03,34,South Michigan,,Sun
11:26:33,34,South Michigan,,Sun
17:44:58,111,111th/King Drive,,Mon,Tue,Wed,Thu,Fri
04:21:11,34,South Michigan,,Mon,Tue,Wed,Thu,Fri
01:50:56,34,South Michigan,,Sun
07:05:11,119,Michigan/119th,,Mon,Tue,Wed,Thu,Fri
17:13:25,34,South Michigan,,Sat
13:09:49,95,95th,,Mon,Tue,Wed,Thu,Fri
17:51:03,119,Michigan/119th,,Sun
11:03:21,106,East 103rd,,Sat
16:49:23,115,Pullman/115th,,Sun
18:10:54,111,111th/King Drive,,Sat
07:23:08,106,East 103rd,,Mon,Tue,Wed,Thu,Fri
10:42:41,95,95th,,Sun
22:58:56,34,South Michigan,,Sat
09:11:11,119,Michigan/119th,,Sun
07:33:07,115,Pullman/115th,,Sat
15:05:03,34,South Michigan,,Sun
21:56:08,106,East 103rd,,Mon,Tue,Wed,Thu,Fri
13:19:49,95,95th,,Mon,Tue,Wed,Thu,Fri
05:07:06,3,King Drive,,Mon,Tue,Wed,Thu,Fri
14:59:23,115,Pullman/115th,,Sun
18:57:49,95,95th,,Sat
15:41:08,111,111th/King Drive,,Sun
05:00:54,106,East 103rd,,Sat
15:47:08,111,111th/King Drive,,Sat
17:03:25,34,South Michigan,,Sat
18:03:11,34,South Michigan,,Sat
10:17:49,95,95th,,Sat
06:40:54,100,Jeffery Manor Express,,Mon,Tue,Wed,Thu,Fri
10:15:09,3,King Drive,,Sat
19:31:08,106,East 103rd,,Sun
17:20:25,119,Michigan/119th,,Mon,Tue,Wed,Thu,Fri
12:25:49,95,95th,,Sat
06:24:24,111,111th/King Drive,,Sat
17:19:09,3,King Drive,,Sat
19:25:41,95,95th,,Mon,Tue,Wed,Thu,Fri
06:34:54,111,111th/King Drive,,Sun
22:32:03,3,King Drive,,Mon,Tue,Wed,Thu,Fri
18:15:55,34,South Michigan,,Mon,Tue,Wed,Thu,Fri
16:26:58,95,95th,,Sun
22:56:41,95,95th,,Sat
15:23:25,34,South Michigan,,Sat
19:46:11,119,Michigan/119th,,Mon,Tue,Wed,Thu,Fri
10:49:23,115,Pullman/115th,,Sat
10:43:09,3,King Drive,,Sat
06:44:28,115,Pullman/115th,,Sat
19:55:41,34,South Michigan,,Mon,Tue,Wed,Thu,Fri
07:57:11,119,Michigan/119th,,Mon,Tue,Wed,Thu,Fri
09:19:21,106,East 103rd,,Sat
17:58:58,111,111th/King Drive,,Mon,Tue,Wed,Thu,Fri
20:28:24,111,111th/King Drive,,Sun
23:35:56,119,Michigan/119th,,Sun
20:00:53,103,West 103rd,,Sat
01:20:56,34,South Michigan,,Sun
17:31:11,119,Michigan/119th,,Sun
16:54:49,95,95th,,Sat
11:16:33,34,South Michigan,,Sun
20:01:08,106,East 103rd,,Sun
18:27:09,3,King Drive,,Sat
10:43:23,115,Pullman/115th,,Mon,Tue,Wed,Thu,Fri
20:37:36,3,King Drive,,Mon,Tue,Wed,Thu,Fri
17:36:28,95,95th,,Mon,Tue,Wed,Thu,Fri
16:13:25,34,South Michigan,,Sat
18:11:49,95,95th,,Sat
20:48:36,3,King Drive,,Mon,Tue,Wed,Thu,Fri
08:24:07,115,Pullman/115th,,Sun
17:37:45,115,Pullman/115th,,Sat
12:53:25,34,South Michigan,,Sat
04:35:03,3,King Drive,,Mon,Tue,Wed,Thu,Fri
19:33:36,3,King Drive,,Mon,Tue,Wed,Thu,Fri
21:15:21,111,111th/King Drive,,Mon,Tue,Wed,Thu,Fri
07:44:58,95,95th,,Mon,Tue,Wed,Thu,Fri
13:15:53,103,West 103rd,,Sun
15:19:09,3,King Drive,,Sun
21:19:45,95,95th,,Sun
20:31:08,106,East 103rd,,Sun
07:24:24,111,111th/King Drive,,Sat
16:04:13,3,King Drive,,Sat
21:12:36,3,King Drive,,Mon,Tue,Wed,Thu,Fri
09:35:09,3,King Drive,,Sat
14:44:08,111,111th/King Drive,,Sat
12:19:49,95,95th,,Mon,Tue,Wed,Thu,Fri
16:51:11,119,Michigan/119th,,Sun
14:08:25,119,Michigan/119th,,Mon,Tue,Wed,Thu,Fri
18:01:06,103,West 103rd,,Mon,Tue,Wed,Thu,Fri
16:58:09,3,King Drive,,Sun
12:08:11,34,South Michigan,,Mon,Tue,Wed,Thu,Fri
15:16:21,106,East 103rd,,Sat
15:55:53,103,West 103rd,,Sun
19:02:06,3,King Drive,,Sun
21:39:07,115,Pullman/115th,,Sat
10:52:09,3,King Drive,,Sat
09:44:11,119,Michigan/119th,,Mon,Tue,Wed,Thu,Fri
08:32:54,111,111th/King Drive,,Sun
12:31:08,106,East 103rd,,Mon,Tue,Wed,Thu,Fri
16:41:08,111,111th/King Drive,,Sat
21:20:53,103,West 103rd,,Mon,Tue,Wed,Thu,Fri
18:58:58,111,111th/King Drive,,Mon,Tue,Wed,Thu,Fri
16:36:09,3,King Drive,,Sun
02:50:56,34,South Michigan,,Tue,Wed,Thu,Fri,Sat
20:32:56,34,South Michigan,,Sat
17:31:28,111,111th/King Drive,,Mon,Tue,Wed,Thu,Fri
13:33:25,34,South Michigan,,Sat
12:54:28,111,111th/King Drive,,Mon,Tue,Wed,Thu,Fri
19:21:00,103,West 103rd,,Mon,Tue,Wed,Thu,Fri
11:56:08,111,111th/King Drive,,Sat
09:36:08,106,East 103rd,,Mon,Tue,Wed,Thu,Fri
06:47:07,115,Pullman/115th,,Mon,Tue,Wed,Thu,Fri
16:44:49,95,95th,,Sat
08:14:58,95,95th,,Mon,Tue,Wed,Thu,Fri
08:40:11,34,South Michigan,,Mon,Tue,Wed,Thu,Fri
22:10:03,3,King Drive,,Sun
22:40:06,3,King Drive,,Sat
10:22:41,95,95th,,Sun
07:14:11,95,95th,,Sun
00:36:11,119,Michigan/119th,,Tue,Wed,Thu,Fri,Sat
12:52:41,95,95th,,Sun
16:05:55,34,South Michigan,,Mon,Tue,Wed,Thu,Fri
19:20:25,119,Michigan/119th,,Mon,Tue,Wed,Thu,Fri
09:40:11,34,South Michigan,,Mon,Tue,Wed,Thu,Fri
05:50:56,34,South Michigan,,Sat
11:30:09,3,King Drive,,Mon,Tue,Wed,Thu,Fri
17:36:28,95,95th,,Mon,Tue,Wed,Thu,Fri
11:06:33,34,South Michigan,,Sun
07:33:03,100,Jeffery Manor Express,,Mon,Tue,Wed,Thu,Fri
09:20:11,119,Michigan/119th,,Mon,Tue,Wed,Thu,Fri
20:55:53,103,West 103rd,,Sun
17:15:03,34,South Michigan,,Sun
09:10:11,34,South Michigan,,Mon,Tue,Wed,Thu,Fri
07:52:03,100,Jeffery Manor Express,,Mon,Tue,Wed,Thu,Fri
12:59:08,111,111th/King Drive,,Sat
14:44:08,111,111th/King Drive,,Sat
22:10:54,111,111th/King Drive,,Sun
09:45:09,3,King Drive,,Sat
11:55:21,106,East 103rd,,Sat
12:13:25,34,South Michigan,,Sat
05:35:53,103,West 103rd,,Sun
12:44:25,119,Michigan/119th,,Mon,Tue,Wed,Thu,Fri
00:31:15,4,Cottage Grove,,Mon
19:05:55,34,South Michigan,,Mon,Tue,Wed,Thu,Fri
13:59:08,111,111th/King Drive,,Sat
19:11:11,119,Michigan/119th,,Sat
15:46:58,95,95th,,Mon,Tue,Wed,Thu,Fri
20:46:11,119,Michigan/119th,,Mon,Tue,Wed,Thu,Fri
18:51:45,95,95th,,Sun
23:29:11,119,Michigan/119th,,Sat
18:14:58,95,95th,,Mon,Tue,Wed,Thu,Fri
02:01:15,4,Cottage Grove,,Tue,Wed,Thu,Fri,Sat
15:15:55,34,South Michigan,,Mon,Tue,Wed,Thu,Fri
20:25:09,3,King Drive,,Sat
15:44:25,119,Michigan/119th,,Mon,Tue,Wed,Thu,Fri
08:00:11,34,South Michigan,,Mon,Tue,Wed,Thu,Fri
19:05:03,34,South Michigan,,Sun
18:45:55,34,South Michigan,,Mon,Tue,Wed,Thu,Fri
23:35:56,119,Michigan/119th,,Sun
19:21:15,95,95th,,Sun
10:36:56,34,South Michigan,,Sat
16:14:13,3,King Drive,,Sat
20:18:37,115,Pullman/115th,,Sun
11:02:41,95,95th,,Sun
04:55:45,4,Cottage Grove,,Mon,Tue,Wed,Thu,Fri
17:40:21,106,East 103rd,,Mon,Tue,Wed,Thu,Fri
21:00:53,103,West 103rd,,Sat
16:15:55,34,South Michigan,,Mon,Tue,Wed,Thu,Fri
05:20:58,115,Pullman/115th,,Mon,Tue,Wed,Thu,Fri
19:52:06,3,King Drive,,Sun
11:11:11,119,Michigan/119th,,Sun
08:34:03,100,Jeffery Manor Express,,Mon,Tue,Wed,Thu,Fri
17:12:19,95,95th,,Sat
15:08:24,95,95th,,Mon,Tue,Wed,Thu,Fri
14:31:11,119,Michigan/119th,,Sun
06:22:11,34,South Michigan,,Mon,Tue,Wed,Thu,Fri
19:37:49,95,95th,,Sat
18:28:58,111,111th/King Drive,,Mon,Tue,Wed,Thu,Fri
05:00:53,103,West 103rd,,Sat
13:32:25,119,Michigan/119th,,Mon,Tue,Wed,Thu,Fri
23:32:33,95,95th,,Sat
09:40:36,3,King Drive,,Mon,Tue,Wed,Thu,Fri
11:33:25,34,South Michigan,,Sat
19:41:00,103,West 103rd,,Mon,Tue,Wed,Thu,Fri
18:00:38,111,111th/King Drive,,Sun
08:52:09,3,King Drive,,Sat
06:03:11,95,95th,,Mon,Tue,Wed,Thu,Fri
09:47:49,95,95th,,Sat
22:19:41,95,95th,,Sat
19:42:09,3,King Drive,,Sat
19:45:41,34,South Michigan,,Mon,Tue,Wed,Thu,Fri
12:55:49,95,95th,,Sat
12:22:41,95,95th,,Sun
16:33:25,34,South Michigan,,Sat
07:40:11,34,South Michigan,,Mon,Tue,Wed,Thu,Fri
06:33:11,95,95th,,Mon,Tue,Wed,Thu,Fri
13:29:43,3,King Drive,,Sat
19:06:21,100,Jeffery Manor Express,,Mon,Tue,Wed,Thu,Fri
08:55:54,111,111th/King Drive,,Sat
20:55:03,34,South Michigan,,Sun
19:51:15,95,95th,,Sun
20:18:54,111,111th/King Drive,,Sat
19:13:11,34,South Michigan,,Sat
10:12:07,115,Pullman/115th,,Sun
18:01:36,3,King Drive,,Sun
20:24:53,115,Pullman/115th,,Mon,Tue,Wed,Thu,Fri
10:37:21,106,East 103rd,,Sat
13:50:45,95,95th,,Sun
18:10:21,106,East 103rd,,Mon,Tue,Wed,Thu,Fri
04:50:56,34,South Michigan,,Sat
12:19:49,95,95th,,Mon,Tue,Wed,Thu,Fri
23:14:03,95,95th,,Sat
06:26:28,115,Pullman/115th,,Sat
07:34:58,95,95th,,Mon,Tue,Wed,Thu,Fri
07:15:53,103,West 103rd,,Sun
16:59:08,111,111th/King Drive,,Sat
18:03:09,3,King Drive,,Sat
10:39:07,115,Pullman/115th,,Sat
19:55:03,34,South Michigan,,Sun
20:31:08,106,East 103rd,,Sat
17:15:19,95,95th,,Sun
07:26:23,115,Pullman/115th,,Mon,Tue,Wed,Thu,Fri
22:58:56,34,South Michigan,,Sat
23:12:24,111,111th/King Drive,,Sun
18:05:15,95,95th,,Sun
06:46:41,95,95th,,Sat
13:42:39,3,King Drive,,Mon,Tue,Wed,Thu,Fri
21:35:45,95,95th,,Sun
13:55:39,119,Michigan/119th,,Sat
06:51:03,34,South Michigan,,Sun
09:40:11,34,South Michigan,,Mon,Tue,Wed,Thu,Fri
22:19:41,95,95th,,Sat
21:28:45,95,95th,,Sun
07:43:09,3,King Drive,,Mon,Tue,Wed,Thu,Fri
06:34:57,3,King Drive,,Sun
12:14:08,111,111th/King Drive,,Sat
15:00:53,103,West 103rd,,Sat
15:36:58,95,95th,,Mon,Tue,Wed,Thu,Fri
08:44:58,95,95th,,Mon,Tue,Wed,Thu,Fri
22:08:11,119,Michigan/119th,,Sat
08:31:08,106,East 103rd,,Sun
12:55:03,34,South Michigan,,Sun
14:55:03,34,South Michigan,,Sun
15:38:02,115,Pullman/115th,,Mon,Tue,Wed,Thu,Fri
14:37:13,3,King Drive,,Mon,Tue,Wed,Thu,Fri
14:29:08,111,111th/King Drive,,Sat
13:47:13,3,King Drive,,Sat
15:14:23,115,Pullman/115th,,Sun
17:32:25,119,Michigan/119th,,Mon,Tue,Wed,Thu,Fri
12:28:11,34,South Michigan,,Mon,Tue,Wed,Thu,Fri
21:05:15,115,Pullman/115th,,Mon,Tue,Wed,Thu,Fri
15:32:13,3,King Drive,,Mon,Tue,Wed,Thu,Fri
06:56:14,111,111th/King Drive,,Mon,Tue,Wed,Thu,Fri
21:09:45,95,95th,,Sun
16:11:43,103,West 103rd,,Mon,Tue,Wed,Thu,Fri
19:31:15,95,95th,,Sun
22:20:56,34,South Michigan,,Sun
14:38:49,95,95th,,Sun
15:21:13,3,King Drive,,Mon,Tue,Wed,Thu,Fri
21:05:03,34,South Michigan,,Sun
15:14:08,111,111th/King Drive,,Sat
07:41:11,119,Michigan/119th,,Sun
06:35:11,119,Michigan/119th,,Mon,Tue,Wed,Thu,Fri
18:47:49,95,95th,,Sat
18:25:15,95,95th,,Sun
15:52:09,3,King Drive,,Sun
04:51:11,119,Michigan/119th,,Mon,Tue,Wed,Thu,Fri
12:52:41,95,95th,,Sun
15:41:21,106,East 103rd,,Sat
12:14:08,111,111th/King Drive,,Sat
18:55:53,103,West 103rd,,Sun
06:20:56,34,South Michigan,,Sat
18:13:37,115,Pullman/115th,,Sun
18:51:45,95,95th,,Sun
10:50:49,95,95th,,Mon,Tue,Wed,Thu,Fri
10:01:14,106,East 103rd,,Sun
13:29:08,111,111th/King Drive,,Sat
13:25:23,115,Pullman/115th,,Mon,Tue,Wed,Thu,Fri
08:17:06,103,West 103rd,,Mon,Tue,Wed,Thu,Fri
05:44:36,3,King Drive,,Mon,Tue,Wed,Thu,Fri
16:44:25,119,Michigan/119th,,Mon,Tue,Wed,Thu,Fri
21:27:07,115,Pullman/115th,,Sun
09:00:53,103,West 103rd,,Sat
18:12:36,3,King Drive,,Mon,Tue,Wed,Thu,Fri
03:01:15,4,Cottage Grove,,Sun
00:51:41,95,95th,,Tue,Wed,Thu,Fri,Sat
18:30:49,95,95th,,Sat
10:20:06,103,West 103rd,,Mon,Tue,Wed,Thu,Fri
08:19:54,111,111th/King Drive,,Sat
21:29:54,111,111th/King Drive,,Sun
16:34:02,115,Pullman/115th,,Mon,Tue,Wed,Thu,Fri
06:01:08,106,East 103rd,,Mon,Tue,Wed,Thu,Fri
21:12:41,95,95th,,Sat
20:37:36,3,King Drive,,Mon,Tue,Wed,Thu,Fri
17:00:53,103,West 103rd,,Sat
20:10:06,3,King Drive,,Sun
23:15:08,111,111th/King Drive,,Mon,Tue,Wed,Thu,Fri
10:06:33,34,South Michigan,,Sun
18:45:36,3,King Drive,,Sun
17:06:24,95,95th,,Sun
16:16:58,95,95th,,Mon,Tue,Wed,Thu,Fri
15:54:49,95,95th,,Sat
06:05:54,100,Jeffery Manor Express,,Mon,Tue,Wed,Thu,Fri
06:39:08,106,East 103rd,,Mon,Tue,Wed,Thu,Fri
16:43:25,34,South Michigan,,Sat
05:05:53,103,West 103rd,,Sun
06:54:57,3,King Drive,,Sun
13:14:08,111,111th/King Drive,,Sat
08:57:32,115,Pullman/115th,,Mon,Tue,Wed,Thu,Fri
09:26:33,34,South Michigan,,Sun
14:56:21,106,East 103rd,,Sun
16:24:49,95,95th,,Sat
00:29:15,4,Cottage Grove,,Mon
08:46:33,34,South Michigan,,Sun
19:59:23,115,Pullman/115th,,Sat
19:31:15,95,95th,,Sun
14:01:08,106,East 103rd,,Mon,Tue,Wed,Thu,Fri
16:46:58,95,95th,,Mon,Tue,Wed,Thu,Fri
17:33:13,3,King Drive,,Mon,Tue,Wed,Thu,Fri
05:52:06,3,King Drive,,Mon,Tue,Wed,Thu,Fri
06:39:41,95,95th,,Mon,Tue,Wed,Thu,Fri
12:03:09,3,King Drive,,Mon,Tue,Wed,Thu,Fri
11:32:11,119,Michigan/119th,,Mon,Tue,Wed,Thu,Fri
13:36:14,106,East 103rd,,Sun
07:48:07,115,Pullman/115th,,Sun
16:25:21,106,East 103rd,,Mon,Tue,Wed,Thu,Fri
07:05:09,3,King Drive,,Mon,Tue,Wed,Thu,Fri
21:01:11,119,Michigan/119th,,Mon,Tue,Wed,Thu,Fri
09:36:56,34,South Michigan,,Sat
15:25:21,106,East 103rd,,Mon,Tue,Wed,Thu,Fri
10:26:58,95,95th,,Sat
19:47:24,111,111th/King Drive,,Sun
13:55:53,103,West 103rd,,Sun
16:35:55,34,South Michigan,,Mon,Tue,Wed,Thu,Fri
15:32:25,119,Michigan/119th,,Mon,Tue,Wed,Thu,Fri
21:10:03,3,King Drive,,Sun
01:20:56,34,South Michigan,,Mon
14:54:53,115,Pullman/115th,,Mon,Tue,Wed,Thu,Fri
06:14:36,3,King Drive,,Mon,Tue,Wed,Thu,Fri
12:22:09,3,King Drive,,Sat
10:26:08,111,111th/King Drive,,Sat
06:25:03,3,King Drive,,Sat
08:01:08,106,East 103rd,,Sun
18:36:08,106,East 103rd,,Sat
16:23:08,111,111th/King Drive,,Sat
06:36:15,115,Pullman/115th,,Mon,Tue,Wed,Thu,Fri
07:36:28,115,Pullman/115th,,Sun
11:50:11,34,South Michigan,,Mon,Tue,Wed,Thu,Fri
09:39:15,115,Pullman/115th,,Mon,Tue,Wed,Thu,Fri
18:26:26,100,Jeffery Manor Express,,Mon,Tue,Wed,Thu,Fri
19:21:15,95,95th,,Sun
14:38:45,115,Pullman/115th,,Sat
06:58:09,3,King Drive,,Mon,Tue,Wed,Thu,Fri
08:46:08,106,East 103rd,,Mon,Tue,Wed,Thu,Fri
06:40:56,119,Michigan/119th,,Sat
16:23:08,111,111th/King Drive,,Sat
15:03:25,34,South Michigan,,Sat
12:58:11,34,South Michigan,,Mon,Tue,Wed,Thu,Fri
11:30:49,95,95th,,Mon,Tue,Wed,Thu,Fri
11:40:11,34,South Michigan,,Mon,Tue,Wed,Thu,Fri
11:51:11,119,Michigan/119th,,Sun
13:15:08,111,111th/King Drive,,Sun
20:45:03,34,South Michigan,,Sun
14:49:49,95,95th,,Mon,Tue,Wed,Thu,Fri
21:56:08,106,East 103rd,,Mon,Tue,Wed,Thu,Fri
06:23:11,95,95th,,Mon,Tue,Wed,Thu,Fri
23:20:56,34,South Michigan,,Sun
16:03:09,3,King Drive,,Sun
11:08:11,119,Michigan/119th,,Mon,Tue,Wed,Thu,Fri
06:20:56,119,Michigan/119th,,Sat
01:51:11,34,South Michigan,,Mon
18:21:06,103,West 103rd,,Mon,Tue,Wed,Thu,Fri
19:07:49,95,95th,,Sat
02:30:45,4,Cottage Grove,,Mon
20:40:11,119,Michigan/119th,,Sat
21:18:54,111,111th/King Drive,,Sat
22:00:36,3,King Drive,,Mon,Tue,Wed,Thu,Fri
08:28:02,115,Pullman/115th,,Mon,Tue,Wed,Thu,Fri
11:36:33,34,South Michigan,,Sun
09:02:41,95,95th,,Sun
12:35:53,103,West 103rd,,Sun
19:22:54,111,111th/King Drive,,Sat
19:03:11,34,South Michigan,,Sat
09:13:54,111,111th/King Drive,,Sat
09:50:07,115,Pullman/115th,,Sat
15:31:11,119,Michigan/119th,,Sun
17:43:13,103,West 103rd,,Mon,Tue,Wed,Thu,Fri
16:40:53,103,West 103rd,,Sat
21:25:09,3,King Drive,,Sat
14:29:08,111,111th/King Drive,,Sun
19:25:03,34,South Michigan,,Sun
13:56:13,3,King Drive,,Sat
17:15:03,34,South Michigan,,Sun
11:45:49,95,95th,,Sat
17:06:48,100,Jeffery Manor Express,,Mon,Tue,Wed,Thu,Fri
08:34:58,95,95th,,Mon,Tue,Wed,Thu,Fri
07:15:11,119,Michigan/119th,,Mon,Tue,Wed,Thu,Fri
08:00:56,119,Michigan/119th,,Sat
06:55:03,3,King Drive,,Sat
17:05:03,34,South Michigan,,Sun
16:04:49,95,95th,,Sat
15:52:02,115,Pullman/115th,,Mon,Tue,Wed,Thu,Fri
20:20:53,103,West 103rd,,Mon,Tue,Wed,Thu,Fri
19:04:23,115,Pullman/115th,,Sat
09:43:24,111,111th/King Drive,,Sun
05:11:00,103,West 103rd,,Mon,Tue,Wed,Thu,Fri
06:45:11,119,Michigan/119th,,Mon,Tue,Wed,Thu,Fri
04:44:03,3,King Drive,,Mon,Tue,Wed,Thu,Fri
14:14:08,111,111th/King Drive,,Sat
13:16:08,106,East 103rd,,Mon,Tue,Wed,Thu,Fri
01:00:56,34,South Michigan,,Sun
14:53:25,34,South Michigan,,Sat
02:51:44,N5,South Shore Night Bus,,Mon
17:35:55,34,South Michigan,,Mon,Tue,Wed,Thu,Fri
08:25:36,3,King Drive,,Sun
18:55:23,115,Pullman/115th,,Sun
15:54:49,95,95th,,Sat
19:25:55,34,South Michigan,,Mon,Tue,Wed,Thu,Fri
15:55:55,34,South Michigan,,Mon,Tue,Wed,Thu,Fri
20:44:53,115,Pullman/115th,,Mon,Tue,Wed,Thu,Fri
08:37:54,111,111th/King Drive,,Sat
20:10:11,119,Michigan/119th,,Sat
12:33:06,103,West 103rd,,Mon,Tue,Wed,Thu,Fri
12:46:21,106,East 103rd,,Sat
05:31:08,106,East 103rd,,Mon,Tue,Wed,Thu,Fri
03:51:11,34,South Michigan,,Mon,Tue,Wed,Thu,Fri
09:44:11,119,Michigan/119th,,Mon,Tue,Wed,Thu,Fri
04:52:33,3,King Drive,,Mon,Tue,Wed,Thu,Fri
09:55:53,103,West 103rd,,Sun
06:51:09,3,King Drive,,Mon,Tue,Wed,Thu,Fri
20:22:56,34,South Michigan,,Sat
08:00:53,103,West 103rd,,Sat
16:56:58,95,95th,,Mon,Tue,Wed,Thu,Fri
20:55:03,34,South Michigan,,Sun
10:02:36,3,King Drive,,Mon,Tue,Wed,Thu,Fri
05:52:15,115,Pullman/115th,,Mon,Tue,Wed,Thu,Fri
07:58:41,95,95th,,Sun
17:31:49,95,95th,,Sat
21:19:45,95,95th,,Sun
20:13:15,95,95th,,Sat
17:02:35,111,111th/King Drive,,Mon,Tue,Wed,Thu,Fri
21:30:03,3,King Drive,,Sun
13:49:49,95,95th,,Mon,Tue,Wed,Thu,Fri
07:00:53,103,West 103rd,,Sat
18:46:21,100,Jeffery Manor Express,,Mon,Tue,Wed,Thu,Fri
11:25:49,95,95th,,Sat
06:11:11,119,Michigan/119th,,Sun
06:00:07,115,Pullman/115th,,Sat
08:37:56,34,South Michigan,,Sat
06:34:54,111,111th/King Drive,,Sun
06:21:03,34,South Michigan,,Sun
17:25:23,115,Pullman/115th,,Sun
06:52:11,34,South Michigan,,Mon,Tue,Wed,Thu,Fri
22:19:37,115,Pullman/115th,,Sun
16:47:35,111,111th/King Drive,,Mon,Tue,Wed,Thu,Fri
20:31:08,106,East 103rd,,Sat
11:29:21,106,East 103rd,,Sat
08:31:08,106,East 103rd,,Sun
16:53:25,34,South Michigan,,Sat
07:24:24,111,111th/King Drive,,Sat
20:35:41,34,South Michigan,,Mon,Tue,Wed,Thu,Fri
08:11:11,119,Michigan/119th,,Sun
17:26:48,100,Jeffery Manor Express,,Mon,Tue,Wed,Thu,Fri
22:38:56,34,South Michigan,,Sat
22:56:11,119,Michigan/119th,,Mon,Tue,Wed,Thu,Fri
07:00:53,103,West 103rd,,Sat
14:11:08,111,111th/King Drive,,Sun
20:18:21,111,111th/King Drive,,Mon,Tue,Wed,Thu,Fri
16:31:21,106,East 103rd,,Sat
22:15:36,3,King Drive,,Mon,Tue,Wed,Thu,Fri
21:28:11,119,Michigan/119th,,Sat
17:03:08,106,East 103rd,,Sun
11:38:08,111,111th/King Drive,,Sat
11:39:54,111,111th/King Drive,,Sun
12:44:36,3,King Drive,,Sun
16:40:08,106,East 103rd,,Sun
17:04:45,115,Pullman/115th,,Sat
02:30:45,4,Cottage Grove,,Sun
18:53:11,34,South Michigan,,Sat
13:11:11,119,Michigan/119th,,Sun
10:27:11,119,Michigan/119th,,Sat
14:10:39,119,Michigan/119th,,Sat
17:45:28,95,95th,,Mon,Tue,Wed,Thu,Fri
08:11:11,119,Michigan/119th,,Sun
20:50:56,119,Michigan/119th,,Sun
09:10:11,34,South Michigan,,Mon,Tue,Wed,Thu,Fri
15:08:09,3,King Drive,,Sun
07:35:53,103,West 103rd,,Sun
08:43:11,95,95th,,Sun
09:13:54,111,111th/King Drive,,Sat
09:01:08,106,East 103rd,,Mon,Tue,Wed,Thu,Fri
19:05:03,34,South Michigan,,Sun
10:56:49,95,95th,,Sat
07:15:03,100,Jeffery Manor Express,,Mon,Tue,Wed,Thu,Fri
22:40:07,115,Pullman/115th,,Sun
20:29:45,95,95th,,Sun
08:28:09,3,King Drive,,Sat
14:13:25,34,South Michigan,,Sat
00:30:56,119,Michigan/119th,,Sun
08:52:09,3,King Drive,,Sat
23:00:03,3,King Drive,,Sun
16:15:53,103,West 103rd,,Sun
10:56:11,119,Michigan/119th,,Mon,Tue,Wed,Thu,Fri
08:00:54,106,East 103rd,,Sat
16:25:55,34,South Michigan,,Mon,Tue,Wed,Thu,Fri
11:28:09,3,King Drive,,Sat
00:51:44,N5,South Shore Night Bus,,Mon
04:42:11,34,South Michigan,,Mon,Tue,Wed,Thu,Fri
13:55:49,95,95th,,Sat
12:44:08,111,111th/King Drive,,Sat
11:40:49,95,95th,,Mon,Tue,Wed,Thu,Fri
21:40:53,103,West 103rd,,Mon,Tue,Wed,Thu,Fri
20:37:51,111,111th/King Drive,,Mon,Tue,Wed,Thu,Fri
15:06:15,115,Pullman/115th,,Sun
09:23:06,103,West 103rd,,Mon,Tue,Wed,Thu,Fri
11:13:25,34,South Michigan,,Sat
14:33:25,34,South Michigan,,Sat
06:42:14,111,111th/King Drive,,Mon,Tue,Wed,Thu,Fri
09:30:06,3,King Drive,,Mon,Tue,Wed,Thu,Fri
09:40:36,3,King Drive,,Mon,Tue,Wed,Thu,Fri
02:20:56,34,South Michigan,,Sun
22:28:15,115,Pullman/115th,,Mon,Tue,Wed,Thu,Fri
04:01:15,4,Cottage Grove,,Sun
20:56:08,106,East 103rd,,Mon,Tue,Wed,Thu,Fri
05:21:41,95,95th,,Sun
20:42:41,95,95th,,Sat
17:54:09,3,King Drive,,Mon,Tue,Wed,Thu,Fri
21:28:11,119,Michigan/119th,,Sat
18:05:55,34,South Michigan,,Mon,Tue,Wed,Thu,Fri
11:31:08,106,East 103rd,,Mon,Tue,Wed,Thu,Fri
10:46:58,95,95th,,Sat
01:01:15,4,Cottage Grove,,Sun
08:18:08,106,East 103rd,,Mon,Tue,Wed,Thu,Fri
11:25:39,119,Michigan/119th,,Sat
15:40:21,106,East 103rd,,Mon,Tue,Wed,Thu,Fri
18:20:53,103,West 103rd,,Sat
16:43:25,34,South Michigan,,Sat
09:46:06,3,King Drive,,Sun
19:01:15,95,95th,,Sun
14:20:45,95,95th,,Sun
02:51:40,N5,South Shore Night Bus,,Mon
23:29:11,119,Michigan/119th,,Sat
08:04:54,111,111th/King Drive,,Sun
17:55:23,115,Pullman/115th,,Sat
18:50:56,119,Michigan/119th,,Sun
15:08:13,3,King Drive,,Sat
20:00:45,95,95th,,Sun
16:15:53,103,West 103rd,,Sun
14:36:21,106,East 103rd,,Sun
07:20:56,119,Michigan/119th,,Sat
16:27:13,3,King Drive,,Mon,Tue,Wed,Thu,Fri
15:54:13,3,King Drive,,Sat
21:50:56,119,Michigan/119th,,Sun
08:56:28,115,Pullman/115th,,Sat
15:55:03,34,South Michigan,,Sun
07:27:06,103,West 103rd,,Mon,Tue,Wed,Thu,Fri
18:50:56,119,Michigan/119th,,Sun
03:20:56,34,South Michigan,,Sun
18:45:37,115,Pullman/115th,,Sat
14:25:28,111,111th/King Drive,,Mon,Tue,Wed,Thu,Fri
21:10:09,3,King Drive,,Sat
11:20:11,119,Michigan/119th,,Mon,Tue,Wed,Thu,Fri
14:30:19,95,95th,,Sun
19:35:41,34,South Michigan,,Mon,Tue,Wed,Thu,Fri
07:34:58,95,95th,,Mon,Tue,Wed,Thu,Fri
18:21:36,3,King Drive,,Mon,Tue,Wed,Thu,Fri
13:35:03,34,South Michigan,,Sun
07:15:00,3,King Drive,,Sun
06:19:07,115,Pullman/115th,,Sat
13:36:25,34,South Michigan,,Mon,Tue,Wed,Thu,Fri
20:53:41,95,95th,,Mon,Tue,Wed,Thu,Fri
11:16:07,115,Pullman/115th,,Sun
15:35:03,34,South Michigan,,Sun
13:14:09,3,King Drive,,Sat
19:15:09,3,King Drive,,Sat
01:01:15,4,Cottage Grove,,Mon
05:39:11,119,Michigan/119th,,Mon,Tue,Wed,Thu,Fri
15:10:39,119,Michigan/119th,,Sat
21:36:36,3,King Drive,,Mon,Tue,Wed,Thu,Fri
12:40:53,103,West 103rd,,Sat
16:47:35,111,111th/King Drive,,Mon,Tue,Wed,Thu,Fri
08:47:49,95,95th,,Sat
07:46:11,119,Michigan/119th,,Mon,Tue,Wed,Thu,Fri
19:35:03,34,South Michigan,,Sun
07:09:14,111,111th/King Drive,,Mon,Tue,Wed,Thu,Fri
06:22:06,3,King Drive,,Mon,Tue,Wed,Thu,Fri
05:11:00,103,West 103rd,,Mon,Tue,Wed,Thu,Fri
09:02:41,95,95th,,Sun
07:36:11,95,95th,,Sun
12:56:06,3,King Drive,,Sun
05:46:08,111,111th/King Drive,,Mon,Tue,Wed,Thu,Fri
14:59:13,3,King Drive,,Sat
10:00:53,103,West 103rd,,Sat
15:44:53,115,Pullman/115th,,Sun
19:16:38,106,East 103rd,,Mon,Tue,Wed,Thu,Fri
11:16:49,95,95th,,Sat
13:15:49,95,95th,,Sat
12:30:37,115,Pullman/115th,,Sat
15:00:21,106,East 103rd,,Mon,Tue,Wed,Thu,Fri
16:08:25,119,Michigan/119th,,Mon,Tue,Wed,Thu,Fri
12:25:39,119,Michigan/119th,,Sat
08:26:54,106,East 103rd,,Sat
18:45:03,34,South Michigan,,Sun
15:14:43,103,West 103rd,,Mon,Tue,Wed,Thu,Fri
18:10:56,119,Michigan/119th,,Sun
21:20:03,34,South Michigan,,Sun
12:49:09,3,King Drive,,Sat
10:46:33,34,South Michigan,,Sun
09:04:58,95,95th,,Mon,Tue,Wed,Thu,Fri
08:44:11,119,Michigan/119th,,Mon,Tue,Wed,Thu,Fri
07:49:23,115,Pullman/115th,,Mon,Tue,Wed,Thu,Fri
14:34:15,115,Pullman/115th,,Sun
10:09:21,111,111th/King Drive,,Mon,Tue,Wed,Thu,Fri
13:22:13,3,King Drive,,Sat
00:26:11,34,South Michigan,,Tue,Wed,Thu,Fri,Sat
16:47:09,3,King Drive,,Sun
20:15:41,34,South Michigan,,Mon,Tue,Wed,Thu,Fri
08:50:11,34,South Michigan,,Mon,Tue,Wed,Thu,Fri
07:16:24,95,95th,,Mon,Tue,Wed,Thu,Fri
04:00:45,4,Cottage Grove,,Sun
23:28:07,95,95th,,Sun
18:29:23,115,Pullman/115th,,Sat
03:31:15,4,Cottage Grove,,Sat
20:32:41,95,95th,,Sat
06:55:11,119,Michigan/119th,,Mon,Tue,Wed,Thu,Fri
05:31:07,115,Pullman/115th,,Sat
17:51:49,95,95th,,Sat
13:10:39,119,Michigan/119th,,Sat
14:25:28,111,111th/King Drive,,Mon,Tue,Wed,Thu,Fri
08:12:21,111,111th/King Drive,,Mon,Tue,Wed,Thu,Fri
13:00:53,103,West 103rd,,Sat
21:00:36,3,King Drive,,Mon,Tue,Wed,Thu,Fri
08:16:09,3,King Drive,,Sat
08:13:02,115,Pullman/115th,,Mon,Tue,Wed,Thu,Fri
13:00:53,103,West 103rd,,Sat
06:12:11,34,South Michigan,,Mon,Tue,Wed,Thu,Fri
20:18:54,111,111th/King Drive,,Sat
12:21:36,3,King Drive,,Sun
00:21:37,95,95th,,Mon
03:21:44,N5,South Shore Night Bus,,Sun
13:24:28,111,111th/King Drive,,Mon,Tue,Wed,Thu,Fri
10:20:53,103,West 103rd,,Sat
10:16:56,34,South Michigan,,Sat
15:43:15,115,Pullman/115th,,Sat
18:25:21,106,East 103rd,,Mon,Tue,Wed,Thu,Fri
20:30:56,119,Michigan/119th,,Sun
19:13:58,111,111th/King Drive,,Mon,Tue,Wed,Thu,Fri
15:18:24,95,95th,,Mon,Tue,Wed,Thu,Fri
18:20:25,119,Michigan/119th,,Mon,Tue,Wed,Thu,Fri
07:40:53,103,West 103rd,,Sat
13:56:13,3,King Drive,,Sat
08:26:21,111,111th/King Drive,,Mon,Tue,Wed,Thu,Fri
03:01:15,4,Cottage Grove,,Mon,Tue,Wed,Thu,Fri
19:06:53,115,Pullman/115th,,Mon,Tue,Wed,Thu,Fri
19:08:25,119,Michigan/119th,,Mon,Tue,Wed,Thu,Fri
18:11:37,115,Pullman/115th,,Sat
07:24:58,95,95th,,Mon,Tue,Wed,Thu,Fri
07:53:08,106,East 103rd,,Mon,Tue,Wed,Thu,Fri
10:57:36,3,King Drive,,Mon,Tue,Wed,Thu,Fri
11:43:23,115,Pullman/115th,,Mon,Tue,Wed,Thu,Fri
04:21:15,4,Cottage Grove,,Sat
04:21:11,34,South Michigan,,Mon,Tue,Wed,Thu,Fri
00:21:44,N5,South Shore Night Bus,,Mon
12:03:25,34,South Michigan,,Sat
18:31:02,115,Pullman/115th,,Mon,Tue,Wed,Thu,Fri
07:21:32,115,Pullman/115th,,Mon,Tue,Wed,Thu,Fri
17:35:15,95,95th,,Sun
16:18:14,106,East 103rd,,Sun
17:26:25,119,Michigan/119th,,Sat
06:20:56,119,Michigan/119th,,Sat
14:40:39,119,Michigan/119th,,Sat
15:45:55,34,South Michigan,,Mon,Tue,Wed,Thu,Fri
07:58:21,111,111th/King Drive,,Mon,Tue,Wed,Thu,Fri
19:20:25,119,Michigan/119th,,Mon,Tue,Wed,Thu,Fri
19:00:53,103,West 103rd,,Sat
16:13:23,115,Pullman/115th,,Sat
06:55:53,103,West 103rd,,Sun
08:40:53,103,West 103rd,,Sat
20:09:45,95,95th,,Sun
21:30:56,119,Michigan/119th,,Sun
14:25:49,95,95th,,Sat
00:51:35,N5,South Shore Night Bus,,Sun
23:00:03,3,King Drive,,Sun
19:22:23,115,Pullman/115th,,Sat
18:44:58,95,95th,,Mon,Tue,Wed,Thu,Fri
09:30:06,3,King Drive,,Mon,Tue,Wed,Thu,Fri
05:39:11,119,Michigan/119th,,Mon,Tue,Wed,Thu,Fri
11:38:53,115,Pullman/115th,,Sat
21:40:54,111,111th/King Drive,,Sat
01:21:40,N5,South Shore Night Bus,,Mon
18:15:53,103,West 103rd,,Sun
22:46:26,34,South Michigan,,Mon,Tue,Wed,Thu,Fri
04:20:56,34,South Michigan,,Sun
06:01:08,106,East 103rd,,Mon,Tue,Wed,Thu,Fri
12:39:28,111,111th/King Drive,,Mon,Tue,Wed,Thu,Fri
11:33:25,34,South Michigan,,Sat
16:55:03,34,South Michigan,,Sun
18:40:53,103,West 103rd,,Sat
15:55:55,34,South Michigan,,Mon,Tue,Wed,Thu,Fri
06:05:53,103,West 103rd,,Sun
13:12:23,115,Pullman/115th,,Sun
21:29:41,95,95th,,Mon,Tue,Wed,Thu,Fri
18:25:03,34,South Michigan,,Sun
13:00:23,115,Pullman/115th,,Sat
23:05:11,95,95th,,Sun
18:32:25,119,Michigan/119th,,Mon,Tue,Wed,Thu,Fri
19:56:08,106,East 103rd,,Mon,Tue,Wed,Thu,Fri
18:55:53,103,West 103rd,,Sun
12:56:25,119,Michigan/119th,,Mon,Tue,Wed,Thu,Fri
17:43:23,115,Pullman/115th,,Sun
09:46:56,34,South Michigan,,Sat
14:37:21,106,East 103rd,,Mon,Tue,Wed,Thu,Fri
17:15:19,95,95th,,Sun
13:44:08,111,111th/King Drive,,Sat
15:44:25,119,Michigan/119th,,Mon,Tue,Wed,Thu,Fri
20:29:45,95,95th,,Sun
20:39:45,95,95th,,Sun
07:00:54,106,East 103rd,,Sat
18:15:15,95,95th,,Sun
00:09:56,119,Michigan/119th,,Sun
07:10:56,34,South Michigan,,Sat
18:05:03,34,South Michigan,,Sun
11:06:33,34,South Michigan,,Sun
03:21:44,N5,South Shore Night Bus,,Mon,Tue,Wed,Thu,Fri
16:49:13,3,King Drive,,Mon,Tue,Wed,Thu,Fri
02:21:44,N5,South Shore Night Bus,,Mon
18:21:36,3,King Drive,,Mon,Tue,Wed,Thu,Fri
09:01:14,106,East 103rd,,Sun
13:56:25,119,Michigan/119th,,Mon,Tue,Wed,Thu,Fri
14:55:03,34,South Michigan,,Sun
14:29:49,95,95th,,Mon,Tue,Wed,Thu,Fri
08:32:11,119,Michigan/119th,,Mon,Tue,Wed,Thu,Fri
12:16:14,106,East 103rd,,Sun
07:05:11,119,Michigan/119th,,Mon,Tue,Wed,Thu,Fri
16:31:11,119,Michigan/119th,,Sun
07:58:21,111,111th/King Drive,,Mon,Tue,Wed,Thu,Fri
04:51:33,95,95th,,Sat
11:58:23,115,Pullman/115th,,Mon,Tue,Wed,Thu,Fri
14:59:08,111,111th/King Drive,,Sat
14:05:03,34,South Michigan,,Sun
13:31:39,3,King Drive,,Mon,Tue,Wed,Thu,Fri
06:47:00,103,West 103rd,,Mon,Tue,Wed,Thu,Fri
22:10:54,111,111th/King Drive,,Sun
12:26:07,115,Pullman/115th,,Sun
08:47:56,34,South Michigan,,Sat
10:58:06,3,King Drive,,Sun
09:37:49,95,95th,,Sat
06:03:11,119,Michigan/119th,,Mon,Tue,Wed,Thu,Fri
11:01:24,111,111th/King Drive,,Sun
23:05:03,3,King Drive,,Mon,Tue,Wed,Thu,Fri
10:23:45,115,Pullman/115th,,Mon,Tue,Wed,Thu,Fri
19:32:41,119,Michigan/119th,,Mon,Tue,Wed,Thu,Fri
09:46:06,3,King Drive,,Sun
06:12:11,34,South Michigan,,Mon,Tue,Wed,Thu,Fri
18:41:11,119,Michigan/119th,,Sat
20:22:56,34,South Michigan,,Sat
13:55:53,103,West 103rd,,Sun
20:52:56,34,South Michigan,,Sat
19:18:36,3,King Drive,,Sun
06:26:14,111,111th/King Drive,,Mon,Tue,Wed,Thu,Fri
19:25:03,34,South Michigan,,Sun
16:36:58,95,95th,,Sun
15:56:58,95,95th,,Mon,Tue,Wed,Thu,Fri
11:03:21,106,East 103rd,,Sat
09:40:56,119,Michigan/119th,,Sat
11:16:08,106,East 103rd,,Mon,Tue,Wed,Thu,Fri
21:24:36,3,King Drive,,Mon,Tue,Wed,Thu,Fri
22:56:41,95,95th,,Sat
12:33:06,103,West 103rd,,Mon,Tue,Wed,Thu,Fri
07:04:24,111,111th/King Drive,,Sat
19:27:49,95,95th,,Sat
17:17:08,111,111th/King Drive,,Sat
00:21:41,95,95th,,Tue,Wed,Thu,Fri,Sat
13:16:14,106,East 103rd,,Sun
14:16:43,103,West 103rd,,Mon,Tue,Wed,Thu,Fri
17:46:44,100,Jeffery Manor Express,,Mon,Tue,Wed,Thu,Fri
08:59:09,3,King Drive,,Mon,Tue,Wed,Thu,Fri
19:35:53,103,West 103rd,,Sun
06:49:41,95,95th,,Mon,Tue,Wed,Thu,Fri
12:10:19,95,95th,,Mon,Tue,Wed,Thu,Fri
21:48:36,3,King Drive,,Mon,Tue,Wed,Thu,Fri
10:05:09,3,King Drive,,Sat
05:51:33,95,95th,,Sat
21:18:07,115,Pullman/115th,,Sun
07:35:11,119,Michigan/119th,,Mon,Tue,Wed,Thu,Fri
06:33:00,103,West 103rd,,Mon,Tue,Wed,Thu,Fri
20:00:37,115,Pullman/115th,,Sun
16:10:21,106,East 103rd,,Mon,Tue,Wed,Thu,Fri
05:53:11,95,95th,,Mon,Tue,Wed,Thu,Fri
12:48:11,34,South Michigan,,Mon,Tue,Wed,Thu,Fri
06:09:03,3,King Drive,,Sat
03:51:35,N5,South Shore Night Bus,,Sat
16:55:53,103,West 103rd,,Sun
08:37:49,95,95th,,Sat
21:15:21,111,111th/King Drive,,Mon,Tue,Wed,Thu,Fri
18:11:49,95,95th,,Sat
14:46:09,3,King Drive,,Sun
16:56:58,95,95th,,Sun
15:10:13,3,King Drive,,Mon,Tue,Wed,Thu,Fri
12:56:08,111,111th/King Drive,,Sun
21:56:11,119,Michigan/119th,,Mon,Tue,Wed,Thu,Fri
07:56:39,3,King Drive,,Mon,Tue,Wed,Thu,Fri
14:40:39,119,Michigan/119th,,Sat
22:29:11,119,Michigan/119th,,Sat
11:56:08,111,111th/King Drive,,Sat
19:28:58,111,111th/King Drive,,Mon,Tue,Wed,Thu,Fri
19:55:41,34,South Michigan,,Mon,Tue,Wed,Thu,Fri
18:44:25,119,Michigan/119th,,Mon,Tue,Wed,Thu,Fri
13:44:25,119,Michigan/119th,,Mon,Tue,Wed,Thu,Fri
06:00:56,119,Michigan/119th,,Sat
08:29:09,3,King Drive,,Mon,Tue,Wed,Thu,Fri
16:40:21,106,East 103rd,,Mon,Tue,Wed,Thu,Fri
11:20:11,34,South Michigan,,Mon,Tue,Wed,Thu,Fri
19:53:36,3,King Drive,,Mon,Tue,Wed,Thu,Fri
10:26:33,34,South Michigan,,Sun
00:21:33,95,95th,,Sun
06:56:58,100,Jeffery Manor Express,,Mon,Tue,Wed,Thu,Fri
15:42:43,103,West 103rd,,Mon,Tue,Wed,Thu,Fri
14:54:45,115,Pullman/115th,,Sat
21:39:41,95,95th,,Mon,Tue,Wed,Thu,Fri
04:30:53,103,West 103rd,,Mon,Tue,Wed,Thu,Fri
07:15:11,119,Michigan/119th,,Mon,Tue,Wed,Thu,Fri
12:59:49,95,95th,,Mon,Tue,Wed,Thu,Fri
14:56:58,95,95th,,Sun
15:56:58,95,95th,,Mon,Tue,Wed,Thu,Fri
08:57:49,95,95th,,Sat
07:30:11,34,South Michigan,,Mon,Tue,Wed,Thu,Fri
14:04:39,3,King Drive,,Mon,Tue,Wed,Thu,Fri
17:54:58,95,95th,,Mon,Tue,Wed,Thu,Fri
15:25:55,34,South Michigan,,Mon,Tue,Wed,Thu,Fri
08:59:15,115,Pullman/115th,,Mon,Tue,Wed,Thu,Fri
11:56:11,119,Michigan/119th,,Mon,Tue,Wed,Thu,Fri
18:46:23,115,Pullman/115th,,Sat
10:31:14,106,East 103rd,,Sun
19:40:54,111,111th/King Drive,,Sat
14:35:53,103,West 103rd,,Sun
19:56:08,106,East 103rd,,Mon,Tue,Wed,Thu,Fri
08:16:09,3,King Drive,,Sat
13:36:21,106,East 103rd,,Sat
15:20:25,119,Michigan/119th,,Mon,Tue,Wed,Thu,Fri
23:05:03,3,King Drive,,Mon,Tue,Wed,Thu,Fri
19:24:36,3,King Drive,,Mon,Tue,Wed,Thu,Fri
16:17:08,111,111th/King Drive,,Sun
04:52:41,95,95th,,Mon,Tue,Wed,Thu,Fri
18:00:53,103,West 103rd,,Sat
12:14:37,115,Pullman/115th,,Sat
15:55:39,119,Michigan/119th,,Sat
15:00:43,103,West 103rd,,Mon,Tue,Wed,Thu,Fri
10:34:09,3,King Drive,,Sat
05:05:53,103,West 103rd,,Sun
13:55:49,95,95th,,Sat
06:52:11,95,95th,,Sun
14:11:11,119,Michigan/119th,,Sun
08:40:21,111,111th/King Drive,,Mon,Tue,Wed,Thu,Fri
17:55:53,103,West 103rd,,Sun
16:10:23,115,Pullman/115th,,Mon,Tue,Wed,Thu,Fri
06:02:11,34,South Michigan,,Mon,Tue,Wed,Thu,Fri
17:33:25,34,South Michigan,,Sat
19:41:15,95,95th,,Sun
18:43:58,111,111th/King Drive,,Mon,Tue,Wed,Thu,Fri
08:05:08,106,East 103rd,,Mon,Tue,Wed,Thu,Fri
22:36:56,119,Michigan/119th,,Mon,Tue,Wed,Thu,Fri
15:15:53,103,West 103rd,,Sun
14:18:15,115,Pullman/115th,,Sun
15:31:11,119,Michigan/119th,,Sun
21:22:11,95,95th,,Sat
16:46:58,95,95th,,Sun
10:39:21,111,111th/King Drive,,Mon,Tue,Wed,Thu,Fri
14:25:39,119,Michigan/119th,,Sat
17:54:58,95,95th,,Mon,Tue,Wed,Thu,Fri
14:20:53,103,West 103rd,,Sat
20:28:07,115,Pullman/115th,,Mon,Tue,Wed,Thu,Fri
11:11:07,115,Pullman/115th,,Sat
12:23:53,115,Pullman/115th,,Mon,Tue,Wed,Thu,Fri
13:31:08,106,East 103rd,,Mon,Tue,Wed,Thu,Fri
19:28:58,111,111th/King Drive,,Mon,Tue,Wed,Thu,Fri
14:15:03,34,South Michigan,,Sun
17:21:49,95,95th,,Sat
21:09:24,111,111th/King Drive,,Sun
21:20:53,103,West 103rd,,Mon,Tue,Wed,Thu,Fri
07:01:00,103,West 103rd,,Mon,Tue,Wed,Thu,Fri
08:32:08,106,East 103rd,,Mon,Tue,Wed,Thu,Fri
00:40:56,34,South Michigan,,Sun
16:06:58,95,95th,,Sun
08:06:07,115,Pullman/115th,,Sun
10:23:07,115,Pullman/115th,,Sat
14:36:23,115,Pullman/115th,,Sat
17:51:03,119,Michigan/119th,,Sun
10:00:49,95,95th,,Mon,Tue,Wed,Thu,Fri
18:43:11,34,South Michigan,,Sat
14:56:25,119,Michigan/119th,,Mon,Tue,Wed,Thu,Fri
05:31:00,103,West 103rd,,Mon,Tue,Wed,Thu,Fri
12:13:23,115,Pullman/115th,,Mon,Tue,Wed,Thu,Fri
17:04:23,115,Pullman/115th,,Sat
06:30:54,106,East 103rd,,Sat
08:54:58,95,95th,,Mon,Tue,Wed,Thu,Fri
11:39:54,111,111th/King Drive,,Sun
13:59:49,95,95th,,Mon,Tue,Wed,Thu,Fri
10:42:41,95,95th,,Sun
09:10:06,3,King Drive,,Sun
19:03:11,34,South Michigan,,Sat
19:26:54,111,111th/King Drive,,Sun
10:56:11,119,Michigan/119th,,Mon,Tue,Wed,Thu,Fri
09:07:56,34,South Michigan,,Sat
07:42:54,111,111th/King Drive,,Sat
17:44:58,111,111th/King Drive,,Mon,Tue,Wed,Thu,Fri
00:51:11,34,South Michigan,,Mon
19:04:54,111,111th/King Drive,,Sat
02:31:15,4,Cottage Grove,,Sun
11:56:14,106,East 103rd,,Sun
07:32:11,95,95th,,Sat
18:54:58,95,95th,,Mon,Tue,Wed,Thu,Fri
14:29:08,111,111th/King Drive,,Sat
15:06:58,95,95th,,Sun
06:56:14,111,111th/King Drive,,Mon,Tue,Wed,Thu,Fri
12:43:25,34,South Michigan,,Sat
05:11:11,119,Michigan/119th,,Mon,Tue,Wed,Thu,Fri
05:42:54,111,111th/King Drive,,Sat
15:15:49,95,95th,,Sat
12:21:21,106,East 103rd,,Sat
12:33:06,3,King Drive,,Sun
13:09:09,3,King Drive,,Mon,Tue,Wed,Thu,Fri
11:15:53,103,West 103rd,,Sun
05:14:36,3,King Drive,,Mon,Tue,Wed,Thu,Fri
09:33:54,95,95th,,Mon,Tue,Wed,Thu,Fri
16:33:25,34,South Michigan,,Sat
08:37:56,34,South Michigan,,Sat
14:56:58,95,95th,,Sun
10:12:41,95,95th,,Sun
09:31:11,119,Michigan/119th,,Sun
15:23:08,111,111th/King Drive,,Sun
15:16:21,106,East 103rd,,Sat
10:04:07,115,Pullman/115th,,Sun
19:59:28,111,111th/King Drive,,Mon,Tue,Wed,Thu,Fri
07:23:08,106,East 103rd,,Mon,Tue,Wed,Thu,Fri
12:35:03,34,South Michigan,,Sun
20:48:07,115,Pullman/115th,,Mon,Tue,Wed,Thu,Fri
14:09:49,95,95th,,Mon,Tue,Wed,Thu,Fri
22:54:11,95,95th,,Mon,Tue,Wed,Thu,Fri
18:55:55,34,South Michigan,,Mon,Tue,Wed,Thu,Fri
08:31:11,119,Michigan/119th,,Sun
05:11:11,119,Michigan/119th,,Mon,Tue,Wed,Thu,Fri
20:43:41,95,95th,,Mon,Tue,Wed,Thu,Fri
14:32:43,103,West 103rd,,Mon,Tue,Wed,Thu,Fri
16:26:58,95,95th,,Mon,Tue,Wed,Thu,Fri
17:30:09,3,King Drive,,Sat
12:00:53,103,West 103rd,,Sat
12:43:25,34,South Michigan,,Sat
04:56:15,115,Pullman/115th,,Mon,Tue,Wed,Thu,Fri
08:04:58,95,95th,,Mon,Tue,Wed,Thu,Fri
12:10:06,3,King Drive,,Sun
13:30:15,115,Pullman/115th,,Sun
21:01:08,106,East 103rd,,Sun
10:30:49,95,95th,,Mon,Tue,Wed,Thu,Fri
13:25:03,34,South Michigan,,Sun
11:55:06,103,West 103rd,,Mon,Tue,Wed,Thu,Fri
11:37:09,3,King Drive,,Sat
17:40:53,103,West 103rd,,Sat
20:42:41,95,95th,,Sat
14:10:53,115,Pullman/115th,,Mon,Tue,Wed,Thu,Fri
15:44:39,100,Jeffery Manor Express,,Mon,Tue,Wed,Thu,Fri
09:10:06,3,King Drive,,Sun
21:48:41,95,95th,,Sat
18:12:23,115,Pullman/115th,,Sat
05:31:00,103,West 103rd,,Mon,Tue,Wed,Thu,Fri
15:36:58,95,95th,,Sun
18:55:03,34,South Michigan,,Sun
19:06:36,3,King Drive,,Mon,Tue,Wed,Thu,Fri
21:20:53,103,West 103rd,,Sat
21:10:11,119,Michigan/119th,,Sat
18:41:11,119,Michigan/119th,,Sat
07:58:41,95,95th,,Sun
17:35:03,34,South Michigan,,Sun
16:16:58,95,95th,,Sun
15:59:08,111,111th/King Drive,,Sun
17:31:08,106,East 103rd,,Sun
14:03:25,34,South Michigan,,Sat
12:58:11,34,South Michigan,,Mon,Tue,Wed,Thu,Fri
15:35:55,34,South Michigan,,Mon,Tue,Wed,Thu,Fri
09:20:56,119,Michigan/119th,,Sat
20:36:08,106,East 103rd,,Mon,Tue,Wed,Thu,Fri
14:39:53,115,Pullman/115th,,Mon,Tue,Wed,Thu,Fri
13:25:39,119,Michigan/119th,,Sat
11:10:06,3,King Drive,,Sun
14:40:58,111,111th/King Drive,,Mon,Tue,Wed,Thu,Fri
16:11:11,119,Michigan/119th,,Sun
20:01:11,119,Michigan/119th,,Mon,Tue,Wed,Thu,Fri
14:02:09,3,King Drive,,Sun
13:34:08,111,111th/King Drive,,Sun
14:31:11,119,Michigan/119th,,Sun
22:05:53,103,West 103rd,,Sun
10:20:11,34,South Michigan,,Mon,Tue,Wed,Thu,Fri
13:53:25,34,South Michigan,,Sat
18:08:25,119,Michigan/119th,,Mon,Tue,Wed,Thu,Fri
07:30:56,34,South Michigan,,Sat
16:56:25,119,Michigan/119th,,Mon,Tue,Wed,Thu,Fri
14:46:30,100,Jeffery Manor Express,,Mon,Tue,Wed,Thu,Fri
17:47:36,3,King Drive,,Sun
19:53:11,34,South Michigan,,Sat
11:20:49,95,95th,,Mon,Tue,Wed,Thu,Fri
18:51:24,111,111th/King Drive,,Sun
12:33:25,34,South Michigan,,Sat
08:32:11,119,Michigan/119th,,Mon,Tue,Wed,Thu,Fri
16:40:43,103,West 103rd,,Mon,Tue,Wed,Thu,Fri
09:51:11,119,Michigan/119th,,Sun
18:39:19,95,95th,,Sat
11:30:49,95,95th,,Mon,Tue,Wed,Thu,Fri
14:51:21,106,East 103rd,,Sat
22:35:08,111,111th/King Drive,,Mon,Tue,Wed,Thu,Fri
22:08:11,119,Michigan/119th,,Sat
20:35:41,34,South Michigan,,Mon,Tue,Wed,Thu,Fri
06:55:53,103,West 103rd,,Sun
10:10:11,34,South Michigan,,Mon,Tue,Wed,Thu,Fri
09:04:03,100,Jeffery Manor Express,,Mon,Tue,Wed,Thu,Fri
00:31:15,4,Cottage Grove,,Tue,Wed,Thu,Fri,Sat
06:32:11,34,South Michigan,,Mon,Tue,Wed,Thu,Fri
10:51:11,119,Michigan/119th,,Sun
14:00:45,95,95th,,Sun
15:56:53,115,Pullman/115th,,Sat
10:12:41,95,95th,,Sun
13:03:25,34,South Michigan,,Sat
12:55:53,103,West 103rd,,Sun
09:56:33,34,South Michigan,,Sun
01:21:11,34,South Michigan,,Tue,Wed,Thu,Fri,Sat
06:17:07,115,Pullman/115th,,Mon,Tue,Wed,Thu,Fri
07:00:56,119,Michigan/119th,,Sat
09:51:11,119,Michigan/119th,,Sun
08:36:33,34,South Michigan,,Sun
09:37:49,95,95th,,Sat
09:24:21,111,111th/King Drive,,Mon,Tue,Wed,Thu,Fri
19:11:15,95,95th,,Sun
14:46:43,103,West 103rd,,Mon,Tue,Wed,Thu,Fri
20:35:53,103,West 103rd,,Sun
23:26:11,34,South Michigan,,Mon,Tue,Wed,Thu,Fri
22:48:03,3,King Drive,,Mon,Tue,Wed,Thu,Fri
03:21:35,N5,South Shore Night Bus,,Sat
17:35:53,103,West 103rd,,Sun
10:02:41,95,95th,,Sun
10:41:54,111,111th/King Drive,,Sun
09:57:49,95,95th,,Sat
13:44:25,119,Michigan/119th,,Mon,Tue,Wed,Thu,Fri
09:42:06,103,West 103rd,,Mon,Tue,Wed,Thu,Fri
12:18:08,111,111th/King Drive,,Sun
13:10:39,119,Michigan/119th,,Sat
21:09:45,95,95th,,Sun
22:19:07,115,Pullman/115th,,Sat
09:36:56,34,South Michigan,,Sat
20:15:41,34,South Michigan,,Mon,Tue,Wed,Thu,Fri
21:57:56,34,South Michigan,,Sat
08:19:03,34,South Michigan,,Sun
13:50:15,115,Pullman/115th,,Sat
22:00:36,3,King Drive,,Mon,Tue,Wed,Thu,Fri
19:25:41,95,95th,,Mon,Tue,Wed,Thu,Fri
10:00:11,34,South Michigan,,Mon,Tue,Wed,Thu,Fri
14:16:21,106,East 103rd,,Sun
20:58:54,111,111th/King Drive,,Sat
16:35:08,111,111th/King Drive,,Sun
18:25:21,106,East 103rd,,Mon,Tue,Wed,Thu,Fri
13:06:09,3,King Drive,,Sat
08:40:53,103,West 103rd,,Sat
13:45:54,106,East 103rd,,Mon,Tue,Wed,Thu,Fri
08:55:36,3,King Drive,,Sun
07:09:14,111,111th/King Drive,,Mon,Tue,Wed,Thu,Fri
19:33:11,34,South Michigan,,Sat
18:57:49,95,95th,,Sat
17:26:38,111,111th/King Drive,,Sun
08:32:08,106,East 103rd,,Mon,Tue,Wed,Thu,Fri
21:58:41,95,95th,,Sat
10:00:49,95,95th,,Mon,Tue,Wed,Thu,Fri
13:55:23,115,Pullman/115th,,Mon,Tue,Wed,Thu,Fri
15:05:08,111,111th/King Drive,,Sun
09:07:49,95,95th,,Sat
17:10:09,3,King Drive,,Sun
14:15:53,103,West 103rd,,Sun
19:07:49,95,95th,,Sat
17:46:14,106,East 103rd,,Sat
21:16:08,106,East 103rd,,Mon,Tue,Wed,Thu,Fri
07:35:03,3,King Drive,,Sun
19:08:24,111,111th/King Drive,,Sun
22:31:08,106,East 103rd,,Sun
11:10:11,34,South Michigan,,Mon,Tue,Wed,Thu,Fri
15:54:13,3,King Drive,,Mon,Tue,Wed,Thu,Fri
17:00:13,3,King Drive,,Mon,Tue,Wed,Thu,Fri
13:53:39,3,King Drive,,Mon,Tue,Wed,Thu,Fri
05:42:11,34,South Michigan,,Mon,Tue,Wed,Thu,Fri
19:21:00,103,West 103rd,,Mon,Tue,Wed,Thu,Fri
11:56:33,34,South Michigan,,Sun
16:28:15,115,Pullman/115th,,Sun
23:46:26,34,South Michigan,,Mon,Tue,Wed,Thu,Fri
11:38:08,111,111th/King Drive,,Sat
19:32:23,115,Pullman/115th,,Sun
20:39:45,95,95th,,Sun
05:45:58,115,Pullman/115th,,Sun
04:52:33,3,King Drive,,Mon,Tue,Wed,Thu,Fri
17:25:21,106,East 103rd,,Mon,Tue,Wed,Thu,Fri
11:34:07,115,Pullman/115th,,Sun
09:20:11,34,South Michigan,,Mon,Tue,Wed,Thu,Fri
16:32:51,106,East 103rd,,Mon,Tue,Wed,Thu
23:16:11,119,Michigan/119th,,Mon,Tue,Wed,Thu,Fri
21:02:56,34,South Michigan,,Sat
19:30:56,119,Michigan/119th,,Sun
01:21:44,N5,South Shore Night Bus,,Tue,Wed,Thu,Fri,Sat
16:05:08,111,111th/King Drive,,Sat
12:15:49,95,95th,,Sat
20:10:23,115,Pullman/115th,,Sun
05:26:11,119,Michigan/119th,,Mon,Tue,Wed,Thu,Fri
11:10:06,3,King Drive,,Sun
14:29:49,95,95th,,Mon,Tue,Wed,Thu,Fri
14:45:03,34,South Michigan,,Sun
14:00:53,103,West 103rd,,Sat
06:32:11,34,South Michigan,,Mon,Tue,Wed,Thu,Fri
16:40:39,119,Michigan/119th,,Sat
23:01:07,115,Pullman/115th,,Sun
12:23:25,34,South Michigan,,Sat
09:15:53,103,West 103rd,,Sun
14:46:30,100,Jeffery Manor Express,,Mon,Tue,Wed,Thu,Fri
12:43:23,115,Pullman/115th,,Mon,Tue,Wed,Thu,Fri
12:56:08,111,111th/King Drive,,Sun
09:00:53,103,West 103rd,,Sat
17:23:25,34,South Michigan,,Sat
06:31:08,106,East 103rd,,Sun
14:00:45,95,95th,,Sun
21:00:36,3,King Drive,,Mon,Tue,Wed,Thu,Fri
11:29:21,106,East 103rd,,Sat
09:06:33,34,South Michigan,,Sun
16:03:09,3,King Drive,,Sun
19:36:08,106,East 103rd,,Mon,Tue,Wed,Thu,Fri
17:38:23,115,Pullman/115th,,Sat
22:02:54,111,111th/King Drive,,Sat
08:12:03,100,Jeffery Manor Express,,Mon,Tue,Wed,Thu,Fri
19:41:11,119,Michigan/119th,,Sat
17:56:25,119,Michigan/119th,,Mon,Tue,Wed,Thu,Fri
18:10:56,119,Michigan/119th,,Sun
10:06:37,115,Pullman/115th,,Sat
21:17:56,34,South Michigan,,Sat
18:15:02,115,Pullman/115th,,Mon,Tue,Wed,Thu,Fri
17:25:55,34,South Michigan,,Mon,Tue,Wed,Thu,Fri
22:16:11,95,95th,,Mon,Tue,Wed,Thu,Fri
12:18:11,34,South Michigan,,Mon,Tue,Wed,Thu,Fri
18:30:06,3,King Drive,,Sun
23:49:11,119,Michigan/119th,,Sat
15:25:49,95,95th,,Sat
19:53:11,34,South Michigan,,Sat
20:12:56,34,South Michigan,,Sat
12:12:41,95,95th,,Sun
08:15:53,103,West 103rd,,Sun
09:31:14,106,East 103rd,,Sun
16:31:21,106,East 103rd,,Sat
17:10:39,119,Michigan/119th,,Sat
16:56:58,95,95th,,Sun
15:46:58,95,95th,,Sun
20:00:53,103,West 103rd,,Sat
17:34:36,3,King Drive,,Sun
18:53:11,34,South Michigan,,Sat
12:10:39,119,Michigan/119th,,Sat
09:19:21,106,East 103rd,,Sat
08:59:09,3,King Drive,,Mon,Tue,Wed,Thu,Fri
09:45:09,3,King Drive,,Sat
23:49:11,119,Michigan/119th,,Sat
07:00:56,119,Michigan/119th,,Sat
13:49:49,95,95th,,Mon,Tue,Wed,Thu,Fri
18:34:24,111,111th/King Drive,,Sun
07:55:53,103,West 103rd,,Sun
10:40:11,34,South Michigan,,Mon,Tue,Wed,Thu,Fri
07:53:08,106,East 103rd,,Mon,Tue,Wed,Thu,Fri
17:06:23,115,Pullman/115th,,Mon,Tue,Wed,Thu,Fri
00:51:11,34,South Michigan,,Mon
10:26:08,111,111th/King Drive,,Sat
17:41:49,95,95th,,Sat
12:35:03,34,South Michigan,,Sun
13:10:06,103,West 103rd,,Mon,Tue,Wed,Thu,Fri
08:08:11,119,Michigan/119th,,Mon,Tue,Wed,Thu,Fri
02:31:15,4,Cottage Grove,,Tue,Wed,Thu,Fri,Sat
10:54:21,111,111th/King Drive,,Mon,Tue,Wed,Thu,Fri
22:08:07,115,Pullman/115th,,Mon,Tue,Wed,Thu,Fri
23:12:41,95,95th,,Mon,Tue,Wed,Thu,Fri
20:15:53,103,West 103rd,,Sun
07:25:09,3,King Drive,,Sat
11:46:06,3,King Drive,,Sun
07:19:09,3,King Drive,,Mon,Tue,Wed,Thu,Fri
09:20:11,34,South Michigan,,Mon,Tue,Wed,Thu,Fri
17:38:15,115,Pullman/115th,,Sun
20:20:53,103,West 103rd,,Sat
21:19:07,115,Pullman/115th,,Sat
08:56:33,34,South Michigan,,Sun
21:36:36,3,King Drive,,Mon,Tue,Wed,Thu,Fri
10:30:11,34,South Michigan,,Mon,Tue,Wed,Thu,Fri
13:17:25,34,South Michigan,,Mon,Tue,Wed,Thu,Fri
08:20:11,119,Michigan/119th,,Mon,Tue,Wed,Thu,Fri
08:21:41,95,95th,,Sun
11:20:08,111,111th/King Drive,,Sat
10:58:23,115,Pullman/115th,,Mon,Tue,Wed,Thu,Fri
06:01:08,106,East 103rd,,Sun
20:37:51,111,111th/King Drive,,Mon,Tue,Wed,Thu,Fri
05:21:41,95,95th,,Sun
20:40:11,119,Michigan/119th,,Sat
07:41:11,119,Michigan/119th,,Sun
20:56:21,111,111th/King Drive,,Mon,Tue,Wed,Thu,Fri
07:40:56,119,Michigan/119th,,Sat
19:55:03,34,South Michigan,,Sun
19:08:24,111,111th/King Drive,,Sun
00:28:45,4,Cottage Grove,,Sun
17:30:09,3,King Drive,,Sat
11:50:49,95,95th,,Mon,Tue,Wed,Thu,Fri
23:59:15,4,Cottage Grove,,Sat
18:11:11,119,Michigan/119th,,Sat
12:58:23,115,Pullman/115th,,Mon,Tue,Wed,Thu,Fri
05:40:53,103,West 103rd,,Sat
14:04:39,3,King Drive,,Mon,Tue,Wed,Thu,Fri
13:45:54,106,East 103rd,,Mon,Tue,Wed,Thu,Fri
04:44:15,4,Cottage Grove,,Sat
10:39:21,111,111th/King Drive,,Mon,Tue,Wed,Thu,Fri
19:43:58,111,111th/King Drive,,Mon,Tue,Wed,Thu,Fri
19:24:37,115,Pullman/115th,,Sun
06:20:56,34,South Michigan,,Sat
11:10:09,3,King Drive,,Sat
20:26:36,3,King Drive,,Mon,Tue,Wed,Thu,Fri
03:21:35,N5,South Shore Night Bus,,Sat
10:15:23,115,Pullman/115th,,Sat
05:31:08,106,East 103rd,,Sun
07:44:32,115,Pullman/115th,,Mon,Tue,Wed,Thu,Fri
15:08:09,3,King Drive,,Sun
19:18:36,3,King Drive,,Sun
01:51:44,N5,South Shore Night Bus,,Tue,Wed,Thu,Fri,Sat
17:15:53,103,West 103rd,,Sun
17:21:21,106,East 103rd,,Sat
02:51:11,34,South Michigan,,Mon
19:35:41,34,South Michigan,,Mon,Tue,Wed,Thu,Fri
14:09:58,111,111th/King Drive,,Mon,Tue,Wed,Thu,Fri
22:16:11,119,Michigan/119th,,Mon,Tue,Wed,Thu,Fri
14:01:21,106,East 103rd,,Sat
14:33:25,34,South Michigan,,Sat
08:53:14,106,East 103rd,,Sat
10:35:53,103,West 103rd,,Sun
12:52:06,103,West 103rd,,Mon,Tue,Wed,Thu,Fri
17:22:13,3,King Drive,,Mon,Tue,Wed,Thu,Fri
09:53:45,115,Pullman/115th,,Mon,Tue,Wed,Thu,Fri
08:49:09,3,King Drive,,Mon,Tue,Wed,Thu,Fri
19:55:41,95,95th,,Mon,Tue,Wed,Thu,Fri
11:10:11,34,South Michigan,,Mon,Tue,Wed,Thu,Fri
15:11:11,119,Michigan/119th,,Sun
13:09:28,111,111th/King Drive,,Mon,Tue,Wed,Thu,Fri
08:55:36,3,King Drive,,Sun
12:25:39,119,Michigan/119th,,Sat
07:09:41,95,95th,,Sat
20:40:53,103,West 103rd,,Sat
06:25:11,119,Michigan/119th,,Mon,Tue,Wed,Thu,Fri
19:24:36,3,King Drive,,Mon,Tue,Wed,Thu,Fri
08:08:11,119,Michigan/119th,,Mon,Tue,Wed,Thu,Fri
11:52:41,95,95th,,Sun
11:30:09,3,King Drive,,Mon,Tue,Wed,Thu,Fri
19:22:54,111,111th/King Drive,,Sat
18:14:58,95,95th,,Mon,Tue,Wed,Thu,Fri
22:10:53,103,West 103rd,,Mon,Tue,Wed,Thu,Fri
09:46:07,115,Pullman/115th,,Sun
11:31:11,119,Michigan/119th,,Sun
04:26:15,4,Cottage Grove,,Sat
22:39:07,115,Pullman/115th,,Sat
22:00:09,3,King Drive,,Sat
15:36:21,106,East 103rd,,Sun
06:16:07,115,Pullman/115th,,Sun
21:20:03,34,South Michigan,,Sun
23:56:56,119,Michigan/119th,,Mon,Tue,Wed,Thu,Fri
14:30:19,95,95th,,Sun
11:55:06,103,West 103rd,,Mon,Tue,Wed,Thu,Fri
23:46:26,34,South Michigan,,Mon,Tue,Wed,Thu,Fri
07:31:08,106,East 103rd,,Sun
10:10:11,34,South Michigan,,Mon,Tue,Wed,Thu,Fri
11:26:33,34,South Michigan,,Sun
17:32:25,119,Michigan/119th,,Mon,Tue,Wed,Thu,Fri
09:09:36,3,King Drive,,Mon,Tue,Wed,Thu,Fri
10:22:41,95,95th,,Sun
17:55:03,34,South Michigan,,Sun
06:20:53,103,West 103rd,,Sat
07:14:00,103,West 103rd,,Mon,Tue,Wed,Thu,Fri
06:54:07,115,Pullman/115th,,Sun
14:15:39,3,King Drive,,Mon,Tue,Wed,Thu,Fri
05:01:08,106,East 103rd,,Mon,Tue,Wed,Thu,Fri
09:56:11,119,Michigan/119th,,Mon,Tue,Wed,Thu,Fri
04:43:15,4,Cottage Grove,,Mon,Tue,Wed,Thu,Fri
09:00:56,119,Michigan/119th,,Sat
15:28:43,103,West 103rd,,Mon,Tue,Wed,Thu,Fri
09:35:09,3,King Drive,,Sat
20:13:07,115,Pullman/115th,,Sat
06:04:54,111,111th/King Drive,,Sun
07:30:56,34,South Michigan,,Sat
19:51:23,115,Pullman/115th,,Sun
12:40:53,103,West 103rd,,Sat
13:40:06,3,King Drive,,Sun
21:46:37,115,Pullman/115th,,Sun
12:03:25,34,South Michigan,,Sat
06:54:08,106,East 103rd,,Mon,Tue,Wed,Thu,Fri
18:23:11,34,South Michigan,,Sat
06:33:11,95,95th,,Mon,Tue,Wed,Thu,Fri
09:04:09,3,King Drive,,Sat
23:15:08,111,111th/King Drive,,Mon,Tue,Wed,Thu,Fri
21:00:53,103,West 103rd,,Sat
19:42:09,3,King Drive,,Sat
08:15:53,103,West 103rd,,Sun
12:00:11,34,South Michigan,,Mon,Tue,Wed,Thu,Fri
11:00:11,34,South Michigan,,Mon,Tue,Wed,Thu,Fri
10:58:06,3,King Drive,,Sun
08:04:06,103,West 103rd,,Mon,Tue,Wed,Thu,Fri
19:16:15,95,95th,,Mon,Tue,Wed,Thu,Fri
14:48:54,106,East 103rd,,Mon,Tue,Wed,Thu,Fri
19:31:08,106,East 103rd,,Sat
13:20:39,3,King Drive,,Mon,Tue,Wed,Thu,Fri
20:48:36,3,King Drive,,Mon,Tue,Wed,Thu,Fri
04:48:15,4,Cottage Grove,,Mon,Tue,Wed,Thu,Fri
10:46:56,34,South Michigan,,Sat
17:31:11,119,Michigan/119th,,Sun
06:42:14,111,111th/King Drive,,Mon,Tue,Wed,Thu,Fri
21:22:11,95,95th,,Sat
19:41:11,119,Michigan/119th,,Sat
06:14:57,3,King Drive,,Sun
15:26:58,95,95th,,Mon,Tue,Wed,Thu,Fri
08:00:56,119,Michigan/119th,,Sat
21:10:56,119,Michigan/119th,,Sun
14:06:15,115,Pullman/115th,,Sat
06:54:57,3,King Drive,,Sun
10:26:58,95,95th,,Sat
09:31:11,119,Michigan/119th,,Sun
12:22:09,3,King Drive,,Sat
19:16:15,95,95th,,Mon,Tue,Wed,Thu,Fri
09:20:53,103,West 103rd,,Sat
13:20:53,103,West 103rd,,Sat
08:40:56,119,Michigan/119th,,Sat
23:59:15,4,Cottage Grove,,Mon,Tue,Wed,Thu,Fri
14:26:25,34,South Michigan,,Mon,Tue,Wed,Thu,Fri
06:25:54,100,Jeffery Manor Express,,Mon,Tue,Wed,Thu,Fri
14:38:49,95,95th,,Sun
12:49:49,95,95th,,Mon,Tue,Wed,Thu,Fri
05:23:11,95,95th,,Mon,Tue,Wed,Thu,Fri
18:43:58,111,111th/King Drive,,Mon,Tue,Wed,Thu,Fri
13:43:36,103,West 103rd,,Mon,Tue,Wed,Thu,Fri
05:01:08,106,East 103rd,,Mon,Tue,Wed,Thu,Fri
09:17:49,95,95th,,Sat
05:52:00,3,King Drive,,Sat
04:17:45,4,Cottage Grove,,Mon,Tue,Wed,Thu,Fri
21:24:36,3,King Drive,,Mon,Tue,Wed,Thu,Fri
17:26:25,119,Michigan/119th,,Sat
09:57:11,119,Michigan/119th,,Sat
16:10:39,119,Michigan/119th,,Sat
19:11:19,95,95th,,Mon,Tue,Wed,Thu,Fri
11:40:39,119,Michigan/119th,,Sat
10:55:53,103,West 103rd,,Sun
21:50:53,103,West 103rd,,Sat
15:26:13,3,King Drive,,Sat
14:26:21,106,East 103rd,,Sat
21:10:56,119,Michigan/119th,,Sun
22:00:56,34,South Michigan,,Sun
18:13:11,34,South Michigan,,Sat
16:17:08,111,111th/King Drive,,Sun
10:08:08,111,111th/King Drive,,Sat
18:41:06,103,West 103rd,,Mon,Tue,Wed,Thu,Fri
17:35:08,111,111th/King Drive,,Sat
13:40:53,103,West 103rd,,Sat
16:35:53,103,West 103rd,,Sun
20:20:53,103,West 103rd,,Sat
17:03:25,34,South Michigan,,Sat
18:39:19,95,95th,,Sat
18:30:56,119,Michigan/119th,,Sun
12:01:08,106,East 103rd,,Mon,Tue,Wed,Thu,Fri
09:07:56,34,South Michigan,,Sat
18:23:11,34,South Michigan,,Sat
17:20:53,103,West 103rd,,Sat
08:25:36,3,King Drive,,Sun
07:55:53,103,West 103rd,,Sun
12:53:25,34,South Michigan,,Sat
12:28:23,115,Pullman/115th,,Sat
14:23:25,34,South Michigan,,Sat
16:20:25,119,Michigan/119th,,Mon,Tue,Wed,Thu,Fri
13:48:23,115,Pullman/115th,,Sat
05:59:36,3,King Drive,,Mon,Tue,Wed,Thu,Fri
13:32:23,115,Pullman/115th,,Sat
07:38:23,115,Pullman/115th,,Mon,Tue,Wed,Thu,Fri
10:56:08,106,East 103rd,,Mon,Tue,Wed,Thu,Fri
07:02:11,34,South Michigan,,Mon,Tue,Wed,Thu,Fri
20:00:45,95,95th,,Sun
13:20:25,119,Michigan/119th,,Mon,Tue,Wed,Thu,Fri
20:04:45,95,95th,,Sat
10:53:45,115,Pullman/115th,,Mon,Tue,Wed,Thu,Fri
12:45:49,95,95th,,Sat
21:05:03,34,South Michigan,,Sun
20:35:03,34,South Michigan,,Sun
14:13:25,34,South Michigan,,Sat
16:06:58,95,95th,,Sun
12:55:39,119,Michigan/119th,,Sat
08:10:33,3,King Drive,,Sun
04:54:15,4,Cottage Grove,,Sat
21:01:08,106,East 103rd,,Sat
22:35:08,111,111th/King Drive,,Mon,Tue,Wed,Thu,Fri
09:43:24,111,111th/King Drive,,Sun
09:15:09,3,King Drive,,Sat
07:56:39,3,King Drive,,Mon,Tue,Wed,Thu,Fri
05:51:41,95,95th,,Sun
08:43:02,115,Pullman/115th,,Mon,Tue,Wed,Thu,Fri
16:15:03,34,South Michigan,,Sun
10:30:11,34,South Michigan,,Mon,Tue,Wed,Thu,Fri
05:40:58,115,Pullman/115th,,Mon,Tue,Wed,Thu,Fri
10:12:11,119,Michigan/119th,,Sat
18:35:53,103,West 103rd,,Sun
13:08:25,119,Michigan/119th,,Mon,Tue,Wed,Thu,Fri
13:42:39,3,King Drive,,Mon,Tue,Wed,Thu,Fri
14:24:09,3,King Drive,,Sun
14:50:13,3,King Drive,,Sat
23:16:11,119,Michigan/119th,,Mon,Tue,Wed,Thu,Fri
13:40:39,119,Michigan/119th,,Sat
12:25:03,34,South Michigan,,Sun
07:04:24,111,111th/King Drive,,Sat
10:20:11,119,Michigan/119th,,Mon,Tue,Wed,Thu,Fri
04:20:56,34,South Michigan,,Sun
16:35:03,34,South Michigan,,Sun
06:21:33,95,95th,,Sat
05:43:11,95,95th,,Mon,Tue,Wed,Thu,Fri
22:24:54,111,111th/King Drive,,Sat
02:01:15,4,Cottage Grove,,Sun
19:45:03,34,South Michigan,,Sun
16:47:23,115,Pullman/115th,,Sat
20:10:56,119,Michigan/119th,,Sun
07:30:11,34,South Michigan,,Mon,Tue,Wed,Thu,Fri
07:07:19,95,95th,,Mon,Tue,Wed,Thu,Fri
08:10:56,34,South Michigan,,Sat
13:07:06,3,King Drive,,Sun
01:21:44,N5,South Shore Night Bus,,Tue,Wed,Thu,Fri,Sat
21:48:36,3,King Drive,,Mon,Tue,Wed,Thu,Fri
17:23:25,34,South Michigan,,Sat
08:19:54,111,111th/King Drive,,Sat
08:18:08,106,East 103rd,,Mon,Tue,Wed,Thu,Fri
08:18:19,95,95th,,Sat
23:08:54,111,111th/King Drive,,Sat
14:16:43,103,West 103rd,,Mon,Tue,Wed,Thu,Fri
15:41:08,111,111th/King Drive,,Sun
02:01:15,4,Cottage Grove,,Mon
05:00:15,4,Cottage Grove,,Mon,Tue,Wed,Thu,Fri
07:43:09,3,King Drive,,Mon,Tue,Wed,Thu,Fri
09:14:58,95,95th,,Mon,Tue,Wed,Thu,Fri
09:54:07,115,Pullman/115th,,Sun
06:22:06,3,King Drive,,Mon,Tue,Wed,Thu,Fri
08:29:09,3,King Drive,,Mon,Tue,Wed,Thu,Fri
20:48:54,111,111th/King Drive,,Sun
12:22:41,95,95th,,Sun
03:51:44,N5,South Shore Night Bus,,Sun
11:16:49,95,95th,,Sat
05:51:41,95,95th,,Sun
09:16:08,106,East 103rd,,Mon,Tue,Wed,Thu,Fri
14:00:06,103,West 103rd,,Mon,Tue,Wed,Thu,Fri
12:32:25,119,Michigan/119th,,Mon,Tue,Wed,Thu,Fri
19:10:56,119,Michigan/119th,,Sun
21:50:24,111,111th/King Drive,,Sun
22:56:11,119,Michigan/119th,,Mon,Tue,Wed,Thu,Fri
20:40:53,103,West 103rd,,Mon,Tue,Wed,Thu,Fri
18:55:55,34,South Michigan,,Mon,Tue,Wed,Thu,Fri
13:53:25,34,South Michigan,,Sat
01:01:15,4,Cottage Grove,,Tue,Wed,Thu,Fri,Sat
04:25:03,3,King Drive,,Mon,Tue,Wed,Thu,Fri
19:15:53,103,West 103rd,,Sun
19:20:53,103,West 103rd,,Sat
14:43:25,34,South Michigan,,Sat
12:40:09,3,King Drive,,Sat
17:16:58,95,95th,,Mon,Tue,Wed,Thu,Fri
20:31:11,119,Michigan/119th,,Mon,Tue,Wed,Thu,Fri
18:55:03,34,South Michigan,,Sun
01:29:45,4,Cottage Grove,,Sun
06:05:53,103,West 103rd,,Sun
18:21:06,103,West 103rd,,Mon,Tue,Wed,Thu,Fri
10:10:49,95,95th,,Mon,Tue,Wed,Thu,Fri
07:40:53,103,West 103rd,,Sat
12:55:39,119,Michigan/119th,,Sat
17:45:03,34,South Michigan,,Sun
12:49:09,3,King Drive,,Sat
15:16:30,100,Jeffery Manor Express,,Mon,Tue,Wed,Thu,Fri
13:15:08,111,111th/King Drive,,Sun
11:02:08,111,111th/King Drive,,Sat
11:52:41,95,95th,,Sun
21:59:07,115,Pullman/115th,,Sat
07:20:53,103,West 103rd,,Sat
10:01:14,106,East 103rd,,Sun
13:55:39,119,Michigan/119th,,Sat
14:47:24,95,95th,,Sun
07:30:54,106,East 103rd,,Sat
10:32:41,95,95th,,Sun
21:40:09,3,King Drive,,Sat
22:02:54,111,111th/King Drive,,Sat
22:18:56,34,South Michigan,,Sat
06:59:58,115,Pullman/115th,,Sun
14:32:25,119,Michigan/119th,,Mon,Tue,Wed,Thu,Fri
20:20:53,103,West 103rd,,Mon,Tue,Wed,Thu,Fri
17:25:15,95,95th,,Sun
04:01:15,4,Cottage Grove,,Sat
10:26:56,34,South Michigan,,Sat
15:38:15,115,Pullman/115th,,Sun
17:55:15,95,95th,,Sun
20:35:41,95,95th,,Mon,Tue,Wed,Thu,Fri
19:06:37,115,Pullman/115th,,Sun
05:30:54,106,East 103rd,,Sat
13:56:21,106,East 103rd,,Sun
05:10:56,119,Michigan/119th,,Sun
15:10:45,115,Pullman/115th,,Sat
10:28:23,115,Pullman/115th,,Mon,Tue,Wed,Thu,Fri
09:46:56,34,South Michigan,,Sat
02:51:35,N5,South Shore Night Bus,,Sun
11:40:53,103,West 103rd,,Sat
11:58:54,111,111th/King Drive,,Sun
09:34:06,3,King Drive,,Sun
06:51:03,34,South Michigan,,Sun
15:33:25,34,South Michigan,,Sat
19:40:53,103,West 103rd,,Sat
17:11:11,119,Michigan/119th,,Sun
12:37:08,111,111th/King Drive,,Sun
16:55:55,34,South Michigan,,Mon,Tue,Wed,Thu,Fri
09:41:54,95,95th,,Mon,Tue,Wed,Thu,Fri
13:30:45,95,95th,,Sun
06:22:11,34,South Michigan,,Mon,Tue,Wed,Thu,Fri
20:00:53,103,West 103rd,,Mon,Tue,Wed,Thu,Fri
08:35:23,115,Pullman/115th,,Mon,Tue,Wed,Thu,Fri
08:00:54,106,East 103rd,,Sat
10:17:49,95,95th,,Sat
23:51:41,95,95th,,Mon,Tue,Wed,Thu,Fri
14:32:25,119,Michigan/119th,,Mon,Tue,Wed,Thu,Fri
05:29:36,3,King Drive,,Mon,Tue,Wed,Thu,Fri
15:40:53,103,West 103rd,,Sat
23:58:56,34,South Michigan,,Sat
15:06:58,95,95th,,Sun
20:31:11,119,Michigan/119th,,Mon,Tue,Wed,Thu,Fri
09:04:58,95,95th,,Mon,Tue,Wed,Thu,Fri
05:10:56,119,Michigan/119th,,Sun
01:51:11,34,South Michigan,,Mon
04:51:00,103,West 103rd,,Mon,Tue,Wed,Thu,Fri
21:50:53,103,West 103rd,,Sat
09:17:56,34,South Michigan,,Sat
10:06:56,34,South Michigan,,Sat
16:05:03,34,South Michigan,,Sun
06:47:00,103,West 103rd,,Mon,Tue,Wed,Thu,Fri
09:06:33,34,South Michigan,,Sun
10:05:09,3,King Drive,,Sat
16:15:03,34,South Michigan,,Sun
15:23:32,115,Pullman/115th,,Mon,Tue,Wed,Thu,Fri
21:31:08,106,East 103rd,,Sun
07:35:11,119,Michigan/119th,,Mon,Tue,Wed,Thu,Fri
06:22:11,95,95th,,Sun
09:12:32,115,Pullman/115th,,Mon,Tue,Wed,Thu,Fri
21:09:11,34,South Michigan,,Mon,Tue,Wed,Thu,Fri
03:51:44,N5,South Shore Night Bus,,Mon,Tue,Wed,Thu,Fri
13:40:23,115,Pullman/115th,,Mon,Tue,Wed,Thu,Fri