arrival_time,route_short_name,route_long_name,headsign,service_days
17:05:28,60,Blue Island/26th,,Mon,Tue,Wed,Thu,Fri
07:26:08,151,Sheridan,,Sun
15:15:57,157,Streeterville/Taylor,,Mon,Tue,Wed,Thu,Fri
16:37:25,147,Outer DuSable Lake Shore Express,,Sat
18:59:08,60,Blue Island/26th,,Sun
14:59:48,3,King Drive,,Mon,Tue,Wed,Thu,Fri
20:28:32,147,Outer DuSable Lake Shore Express,,Mon,Tue,Wed,Thu,Fri
08:00:06,4,Cottage Grove,,Sun
02:31:24,66,Chicago,,Sun
13:03:02,60,Blue Island/26th,,Sun
18:37:32,147,Outer DuSable Lake Shore Express,,Sun
14:46:25,4,Cottage Grove,,Mon,Tue,Wed,Thu,Fri
16:57:28,60,Blue Island/26th,,Mon,Tue,Wed,Thu,Fri
17:28:52,4,Cottage Grove,,Sat
07:01:53,147,Outer DuSable Lake Shore Express,,Sun
11:22:45,60,Blue Island/26th,,Mon,Tue,Wed,Thu,Fri
17:25:11,124,Navy Pier,,Sat
14:54:42,X4,Cottage Grove Express,,Mon,Tue,Wed,Thu,Fri
05:08:39,147,Outer DuSable Lake Shore Express,,Mon,Tue,Wed,Thu,Fri
16:50:57,60,Blue Island/26th,,Sun
10:16:19,157,Streeterville/Taylor,,Mon,Tue,Wed,Thu,Fri
11:22:05,151,Sheridan,,Sat
23:13:13,151,Sheridan,,Mon,Tue,Wed,Thu,Fri
02:01:17,66,Chicago,,Tue,Wed,Thu,Fri,Sat
13:32:06,3,King Drive,,Mon,Tue,Wed,Thu,Fri
06:52:54,147,Outer DuSable Lake Shore Express,,Mon,Tue,Wed,Thu,Fri
14:43:54,3,King Drive,,Sun
08:33:27,60,Blue Island/26th,,Sat
20:55:54,147,Outer DuSable Lake Shore Express,,Sat
14:36:35,151,Sheridan,,Sat
13:01:27,157,Streeterville/Taylor,,Mon,Tue,Wed,Thu,Fri
09:01:02,60,Blue Island/26th,,Sun
14:58:20,20,Madison,,Mon,Tue,Wed,Thu,Fri
20:10:15,60,Blue Island/26th,,Mon,Tue,Wed,Thu,Fri
17:08:06,124,Navy Pier,,Sat
10:53:15,60,Blue Island/26th,,Mon,Tue,Wed,Thu,Fri
05:23:39,147,Outer DuSable Lake Shore Express,,Mon,Tue,Wed,Thu,Fri
12:43:02,60,Blue Island/26th,,Sun
18:01:36,3,King Drive,,Sat
17:32:19,151,Sheridan,,Sun
06:33:44,60,Blue Island/26th,,Sun
22:34:14,4,Cottage Grove,,Sat
12:49:15,60,Blue Island/26th,,Mon,Tue,Wed,Thu,Fri
19:28:51,124,Navy Pier,,Sat
08:03:08,60,Blue Island/26th,,Sun
11:06:26,4,Cottage Grove,,Sat
08:27:09,143,Stockton/Michigan Express,,Mon,Tue,Wed,Thu,Fri
22:06:15,151,Sheridan,,Sun
15:21:10,151,Sheridan,,Sun
14:15:15,60,Blue Island/26th,,Mon,Tue,Wed,Thu,Fri
15:30:55,157,Streeterville/Taylor,,Mon,Tue,Wed,Thu,Fri
12:32:04,4,Cottage Grove,,Sat
16:32:04,4,Cottage Grove,,Sat
18:09:50,20,Madison,,Mon,Tue,Wed,Thu,Fri
10:16:39,4,Cottage Grove,,Mon,Tue,Wed,Thu,Fri
12:14:34,4,Cottage Grove,,Sat
12:20:15,60,Blue Island/26th,,Mon,Tue,Wed,Thu,Fri
07:59:34,147,Outer DuSable Lake Shore Express,,Mon,Tue,Wed,Thu,Fri
14:57:39,4,Cottage Grove,,Sun
15:21:43,26,South Shore Express,,Mon,Tue,Wed,Thu,Fri
03:00:24,66,Chicago,,Tue,Wed,Thu,Fri,Sat
10:49:54,147,Outer DuSable Lake Shore Express,,Sun
13:32:24,3,King Drive,,Sun
16:31:32,147,Outer DuSable Lake Shore Express,,Sun
07:18:44,60,Blue Island/26th,,Sun
18:51:45,151,Sheridan,,Sat
19:50:54,3,King Drive,,Sat
11:47:22,4,Cottage Grove,,Sat
18:50:54,3,King Drive,,Sat
17:41:28,60,Blue Island/26th,,Mon,Tue,Wed,Thu,Fri
10:21:49,4,Cottage Grove,,Sun
17:21:05,4,Cottage Grove,,Mon,Tue,Wed,Thu,Fri
10:23:19,151,Sheridan,,Mon,Tue,Wed,Thu,Fri
06:44:36,4,Cottage Grove,,Mon,Tue,Wed,Thu,Fri
17:47:25,3,King Drive,,Mon,Tue,Wed,Thu,Fri
21:49:44,4,Cottage Grove,,Mon,Tue,Wed,Thu,Fri
18:41:49,151,Sheridan,,Sat
21:24:32,147,Outer DuSable Lake Shore Express,,Sat
10:05:24,3,King Drive,,Mon,Tue,Wed,Thu,Fri
17:12:52,4,Cottage Grove,,Sat
20:45:39,4,Cottage Grove,,Sat
16:02:01,3,King Drive,,Mon,Tue,Wed,Thu,Fri
19:10:18,3,King Drive,,Mon,Tue,Wed,Thu,Fri
09:23:41,147,Outer DuSable Lake Shore Express,,Mon,Tue,Wed,Thu,Fri
13:00:40,151,Sheridan,,Mon,Tue,Wed,Thu,Fri
10:27:48,151,Sheridan,,Sun
20:10:54,3,King Drive,,Sat
15:16:01,3,King Drive,,Mon,Tue,Wed,Thu,Fri
19:17:34,4,Cottage Grove,,Mon,Tue,Wed,Thu,Fri
20:07:09,4,Cottage Grove,,Sat
13:56:09,147,Outer DuSable Lake Shore Express,,Sun
15:57:35,151,Sheridan,,Sat
06:41:24,X4,Cottage Grove Express,,Mon,Tue,Wed,Thu,Fri
19:20:40,60,Blue Island/26th,,Mon,Tue,Wed,Thu,Fri
21:51:42,3,King Drive,,Sat
12:15:06,3,King Drive,,Mon,Tue,Wed,Thu,Fri
17:40:32,147,Outer DuSable Lake Shore Express,,Sun
22:09:16,147,Outer DuSable Lake Shore Express,,Sat
07:39:18,3,King Drive,,Sat
16:49:24,3,King Drive,,Sun
18:55:02,60,Blue Island/26th,,Sat
14:54:55,147,Outer DuSable Lake Shore Express,,Sat
18:17:20,20,Madison,,Mon,Tue,Wed,Thu,Fri
18:40:54,3,King Drive,,Sat
02:31:17,66,Chicago,,Tue,Wed,Thu,Fri,Sat
07:00:53,157,Streeterville/Taylor,,Mon,Tue,Wed,Thu,Fri
06:22:06,3,King Drive,,Sat
14:55:51,60,Blue Island/26th,,Sat
07:20:31,4,Cottage Grove,,Mon,Tue,Wed,Thu,Fri
22:02:29,151,Sheridan,,Sat
13:13:02,60,Blue Island/26th,,Sun
08:03:00,157,Streeterville/Taylor,,Mon,Tue,Wed,Thu,Fri
19:19:18,3,King Drive,,Mon,Tue,Wed,Thu,Fri
15:17:25,4,Cottage Grove,,Mon,Tue,Wed,Thu,Fri
18:15:27,60,Blue Island/26th,,Sat
06:02:06,3,King Drive,,Sat
07:22:18,3,King Drive,,Sat
15:46:50,20,Madison,,Mon,Tue,Wed,Thu,Fri
11:36:09,4,Cottage Grove,,Sat
20:11:32,147,Outer DuSable Lake Shore Express,,Mon,Tue,Wed,Thu,Fri
06:59:31,4,Cottage Grove,,Mon,Tue,Wed,Thu,Fri
16:59:40,X4,Cottage Grove Express,,Mon,Tue,Wed,Thu,Fri
08:49:50,20,Madison,,Mon,Tue,Wed,Thu,Fri
14:14:00,151,Sheridan,,Mon,Tue,Wed,Thu,Fri
09:52:34,147,Outer DuSable Lake Shore Express,,Mon,Tue,Wed,Thu,Fri
17:07:39,4,Cottage Grove,,Sun
15:31:10,151,Sheridan,,Sun
20:07:09,4,Cottage Grove,,Mon,Tue,Wed,Thu,Fri
20:38:09,4,Cottage Grove,,Mon,Tue,Wed,Thu,Fri
09:25:01,124,Navy Pier,,Mon,Tue,Wed,Thu,Fri
19:30:40,60,Blue Island/26th,,Mon,Tue,Wed,Thu,Fri
12:18:47,147,Outer DuSable Lake Shore Express,,Sat
14:31:19,151,Sheridan,,Sun
15:55:43,26,South Shore Express,,Mon,Tue,Wed,Thu,Fri
07:56:18,3,King Drive,,Sat
18:37:32,147,Outer DuSable Lake Shore Express,,Sun
11:54:54,3,King Drive,,Mon,Tue,Wed,Thu,Fri
11:39:29,151,Sheridan,,Sun
08:44:54,3,King Drive,,Mon,Tue,Wed,Thu,Fri
13:21:42,4,Cottage Grove,,Mon,Tue,Wed,Thu,Fri
12:25:48,3,King Drive,,Sat
12:15:18,3,King Drive,,Sat
11:23:20,151,Sheridan,,Mon,Tue,Wed,Thu,Fri
18:48:59,4,Cottage Grove,,Mon,Tue,Wed,Thu,Fri
08:21:10,151,Sheridan,,Mon,Tue,Wed,Thu,Fri
21:45:57,60,Blue Island/26th,,Mon,Tue,Wed,Thu,Fri
15:32:12,X4,Cottage Grove Express,,Mon,Tue,Wed,Thu,Fri
14:52:06,3,King Drive,,Mon,Tue,Wed,Thu,Fri
20:19:36,26,South Shore Express,,Mon,Tue,Wed,Thu,Fri
13:15:31,3,King Drive,,Sat
20:06:01,124,Navy Pier,,Sat
10:50:05,151,Sheridan,,Sat
09:04:39,X4,Cottage Grove Express,,Mon,Tue,Wed,Thu,Fri
24:09:55,151,Sheridan,,Mon,Tue,Wed,Thu,Fri
15:13:09,147,Outer DuSable Lake Shore Express,,Sun
18:21:36,3,King Drive,,Sat
18:25:24,3,King Drive,,Sun
07:35:06,4,Cottage Grove,,Sun
14:13:06,3,King Drive,,Mon,Tue,Wed,Thu,Fri
16:20:47,147,Outer DuSable Lake Shore Express,,Mon,Tue,Wed,Thu,Fri
15:52:04,4,Cottage Grove,,Sat
13:21:17,147,Outer DuSable Lake Shore Express,,Sat
10:49:24,3,King Drive,,Sat
13:52:39,147,Outer DuSable Lake Shore Express,,Mon,Tue,Wed,Thu,Fri
15:37:45,60,Blue Island/26th,,Mon,Tue,Wed,Thu,Fri
12:33:41,147,Outer DuSable Lake Shore Express,,Mon,Tue,Wed,Thu,Fri
21:45:57,60,Blue Island/26th,,Mon,Tue,Wed,Thu,Fri
20:27:02,147,Outer DuSable Lake Shore Express,,Sat
21:26:50,151,Sheridan,,Sun
08:50:50,147,Outer DuSable Lake Shore Express,,Sat
19:39:50,151,Sheridan,,Sun
11:38:09,151,Sheridan,,Sat
16:28:09,4,Cottage Grove,,Sun
20:20:00,151,Sheridan,,Mon,Tue,Wed,Thu,Fri
10:07:39,4,Cottage Grove,,Mon,Tue,Wed,Thu,Fri
20:50:32,124,Navy Pier,,Sun
20:07:16,147,Outer DuSable Lake Shore Express,,Sun
06:27:45,151,Sheridan,,Mon,Tue,Wed,Thu,Fri
10:27:24,3,King Drive,,Mon,Tue,Wed,Thu,Fri
06:19:36,4,Cottage Grove,,Sun
17:10:10,157,Streeterville/Taylor,,Mon,Tue,Wed,Thu,Fri
10:59:12,3,King Drive,,Sun
13:32:42,4,Cottage Grove,,Mon,Tue,Wed,Thu,Fri
11:48:00,151,Sheridan,,Mon,Tue,Wed,Thu,Fri
06:11:44,60,Blue Island/26th,,Sun
12:29:45,60,Blue Island/26th,,Mon,Tue,Wed,Thu,Fri
11:31:21,60,Blue Island/26th,,Sat
09:40:02,60,Blue Island/26th,,Sun
15:15:51,60,Blue Island/26th,,Sat
06:59:50,147,Outer DuSable Lake Shore Express,,Mon,Tue,Wed,Thu,Fri
16:22:20,151,Sheridan,,Mon,Tue,Wed,Thu,Fri
08:14:27,60,Blue Island/26th,,Sat
09:38:57,60,Blue Island/26th,,Sat
20:05:04,151,Sheridan,,Sat
17:40:02,147,Outer DuSable Lake Shore Express,,Mon,Tue,Wed,Thu,Fri
14:10:49,151,Sheridan,,Sun
06:27:06,147,Outer DuSable Lake Shore Express,,Sat
12:31:42,4,Cottage Grove,,Mon,Tue,Wed,Thu,Fri
16:11:14,151,Sheridan,,Sun
19:55:36,3,King Drive,,Mon,Tue,Wed,Thu,Fri
18:52:22,4,Cottage Grove,,Sat
17:44:52,4,Cottage Grove,,Sat
12:33:04,4,Cottage Grove,,Sat
08:43:26,124,Navy Pier,,Mon,Tue,Wed,Thu,Fri
06:15:41,4,Cottage Grove,,Mon,Tue,Wed,Thu,Fri
11:33:02,60,Blue Island/26th,,Sun
21:12:30,3,King Drive,,Sun
21:04:46,157,Streeterville/Taylor,,Mon,Tue,Wed,Thu,Fri
19:10:54,3,King Drive,,Sat
22:20:09,147,Outer DuSable Lake Shore Express,,Mon,Tue,Wed,Thu,Fri
18:37:39,4,Cottage Grove,,Sun
17:02:55,3,King Drive,,Mon,Tue,Wed,Thu,Fri
11:32:15,60,Blue Island/26th,,Mon,Tue,Wed,Thu,Fri
13:48:35,151,Sheridan,,Sat
14:05:39,147,Outer DuSable Lake Shore Express,,Mon,Tue,Wed,Thu,Fri
06:33:53,157,Streeterville/Taylor,,Mon,Tue,Wed,Thu,Fri
18:54:14,151,Sheridan,,Mon,Tue,Wed,Thu,Fri
08:45:55,151,Sheridan,,Mon,Tue,Wed,Thu,Fri
23:37:19,4,Cottage Grove,,Mon,Tue,Wed,Thu,Fri
01:13:20,151,Sheridan,,Tue,Wed,Thu,Fri,Sat
18:16:12,124,Navy Pier,,Sun
07:48:01,X4,Cottage Grove Express,,Mon,Tue,Wed,Thu,Fri
10:00:02,60,Blue Island/26th,,Sun
09:45:13,147,Outer DuSable Lake Shore Express,,Sun
11:22:24,147,Outer DuSable Lake Shore Express,,Sun
13:37:04,4,Cottage Grove,,Sat
05:39:09,147,Outer DuSable Lake Shore Express,,Sat
12:10:44,4,Cottage Grove,,Sun
10:16:57,60,Blue Island/26th,,Sat
09:30:20,151,Sheridan,,Sat
15:12:04,4,Cottage Grove,,Sat
17:23:36,3,King Drive,,Sat
19:52:35,151,Sheridan,,Sat
08:59:10,60,Blue Island/26th,,Mon,Tue,Wed,Thu,Fri
11:03:23,157,Streeterville/Taylor,,Mon,Tue,Wed,Thu,Fri
19:25:09,4,Cottage Grove,,Sun
07:26:57,147,Outer DuSable Lake Shore Express,,Mon,Tue,Wed,Thu,Fri
14:05:15,60,Blue Island/26th,,Mon,Tue,Wed,Thu,Fri
10:34:15,60,Blue Island/26th,,Mon,Tue,Wed,Thu,Fri
10:04:17,124,Navy Pier,,Sat
22:57:13,151,Sheridan,,Mon,Tue,Wed,Thu,Fri
12:22:47,147,Outer DuSable Lake Shore Express,,Mon,Tue,Wed,Thu,Fri
12:06:24,147,Outer DuSable Lake Shore Express,,Sun
07:22:32,147,Outer DuSable Lake Shore Express,,Mon,Tue,Wed,Thu,Fri
08:57:58,143,Stockton/Michigan Express,,Mon,Tue,Wed,Thu,Fri
23:06:18,151,Sheridan,,Sun
19:34:32,147,Outer DuSable Lake Shore Express,,Mon,Tue,Wed,Thu,Fri
18:09:50,20,Madison,,Mon,Tue,Wed,Thu,Fri
15:13:04,4,Cottage Grove,,Sat
08:13:18,3,King Drive,,Sat
14:41:19,151,Sheridan,,Sun
10:44:51,60,Blue Island/26th,,Sat
16:23:02,X4,Cottage Grove Express,,Mon,Tue,Wed,Thu,Fri
18:48:09,4,Cottage Grove,,Sun
17:11:35,4,Cottage Grove,,Mon,Tue,Wed,Thu,Fri
20:05:00,151,Sheridan,,Sat
20:01:09,4,Cottage Grove,,Sun
19:01:22,4,Cottage Grove,,Sat
09:34:24,3,King Drive,,Mon,Tue,Wed,Thu,Fri
21:49:44,4,Cottage Grove,,Sat
08:52:27,60,Blue Island/26th,,Sat
11:31:21,60,Blue Island/26th,,Sat
12:15:32,60,Blue Island/26th,,Sun
21:51:42,3,King Drive,,Sat
14:04:35,151,Sheridan,,Sat
21:12:42,3,King Drive,,Sat
20:19:09,4,Cottage Grove,,Sun
06:43:24,4,Cottage Grove,,Sat
12:49:04,4,Cottage Grove,,Sat
08:43:30,3,King Drive,,Sun
18:38:09,4,Cottage Grove,,Sun
22:23:02,60,Blue Island/26th,,Sat
17:33:55,151,Sheridan,,Sat
16:15:50,20,Madison,,Mon,Tue,Wed,Thu,Fri
19:02:18,3,King Drive,,Mon,Tue,Wed,Thu,Fri
21:18:39,4,Cottage Grove,,Sun
16:21:32,147,Outer DuSable Lake Shore Express,,Sat
17:34:47,147,Outer DuSable Lake Shore Express,,Sat
17:32:36,3,King Drive,,Sat
08:26:05,151,Sheridan,,Mon,Tue,Wed,Thu,Fri
13:39:15,60,Blue Island/26th,,Mon,Tue,Wed,Thu,Fri
13:15:22,124,Navy Pier,,Sun
10:25:22,124,Navy Pier,,Sun
18:22:18,3,King Drive,,Mon,Tue,Wed,Thu,Fri
09:24:30,3,King Drive,,Sun
14:33:02,60,Blue Island/26th,,Sun
14:20:54,3,King Drive,,Sun
11:23:25,151,Sheridan,,Mon,Tue,Wed,Thu,Fri
20:36:36,26,South Shore Express,,Mon,Tue,Wed,Thu,Fri
19:07:09,4,Cottage Grove,,Sun
13:20:05,151,Sheridan,,Sun
15:48:01,3,King Drive,,Mon,Tue,Wed,Thu,Fri
08:29:53,151,Sheridan,,Sat
19:18:34,4,Cottage Grove,,Mon,Tue,Wed,Thu,Fri
13:41:17,147,Outer DuSable Lake Shore Express,,Mon,Tue,Wed,Thu,Fri
16:15:41,124,Navy Pier,,Sat
15:43:17,147,Outer DuSable Lake Shore Express,,Mon,Tue,Wed,Thu,Fri
13:42:36,3,King Drive,,Mon,Tue,Wed,Thu,Fri
04:58:20,20,Madison,,Mon,Tue,Wed,Thu,Fri
05:57:09,147,Outer DuSable Lake Shore Express,,Sat
16:59:40,X4,Cottage Grove Express,,Mon,Tue,Wed,Thu,Fri
03:30:24,66,Chicago,,Mon
09:50:55,151,Sheridan,,Sat
18:59:05,151,Sheridan,,Sun
17:01:23,4,Cottage Grove,,Mon,Tue,Wed,Thu,Fri
19:37:20,20,Madison,,Mon,Tue,Wed,Thu,Fri
14:16:39,147,Outer DuSable Lake Shore Express,,Mon,Tue,Wed,Thu,Fri
14:51:09,147,Outer DuSable Lake Shore Express,,Sun
16:49:04,4,Cottage Grove,,Sat
17:00:36,151,Sheridan,,Mon,Tue,Wed,Thu,Fri
17:26:17,147,Outer DuSable Lake Shore Express,,Sat
08:13:01,X4,Cottage Grove Express,,Mon,Tue,Wed,Thu,Fri
14:54:31,3,King Drive,,Sat
19:33:09,147,Outer DuSable Lake Shore Express,,Sat
10:47:51,157,Streeterville/Taylor,,Mon,Tue,Wed,Thu,Fri
05:07:58,4,Cottage Grove,,Sat
07:05:24,147,Outer DuSable Lake Shore Express,,Mon,Tue,Wed,Thu,Fri
17:35:27,60,Blue Island/26th,,Sat
13:33:02,60,Blue Island/26th,,Sun
04:32:47,66,Chicago,,Sat
10:49:52,124,Navy Pier,,Sun
13:41:17,147,Outer DuSable Lake Shore Express,,Mon,Tue,Wed,Thu,Fri
18:11:36,3,King Drive,,Sat
09:57:45,60,Blue Island/26th,,Mon,Tue,Wed,Thu,Fri
14:58:20,20,Madison,,Mon,Tue,Wed,Thu,Fri
07:46:15,151,Sheridan,,Mon,Tue,Wed,Thu,Fri
24:02:08,151,Sheridan,,Sat
17:58:09,4,Cottage Grove,,Sun
15:12:02,60,Blue Island/26th,,Sun
14:08:09,4,Cottage Grove,,Sun
16:27:43,26,South Shore Express,,Mon,Tue,Wed,Thu,Fri
09:07:39,4,Cottage Grove,,Mon,Tue,Wed,Thu,Fri
08:43:41,147,Outer DuSable Lake Shore Express,,Mon,Tue,Wed,Thu,Fri
13:19:15,60,Blue Island/26th,,Mon,Tue,Wed,Thu,Fri
09:45:12,3,King Drive,,Sat
11:17:56,4,Cottage Grove,,Sat
12:25:48,3,King Drive,,Sat
07:22:32,147,Outer DuSable Lake Shore Express,,Mon,Tue,Wed,Thu,Fri
08:28:40,60,Blue Island/26th,,Mon,Tue,Wed,Thu,Fri
22:39:32,124,Navy Pier,,Mon,Tue,Wed,Thu,Fri
21:50:32,124,Navy Pier,,Mon,Tue,Wed,Thu,Fri
11:25:12,3,King Drive,,Sun
13:45:04,4,Cottage Grove,,Sat
08:35:49,4,Cottage Grove,,Sat
13:42:31,3,King Drive,,Sat
08:27:35,151,Sheridan,,Sun
13:13:02,60,Blue Island/26th,,Sun
08:08:50,20,Madison,,Mon,Tue,Wed,Thu,Fri
21:12:02,60,Blue Island/26th,,Sat
09:10:27,60,Blue Island/26th,,Sat
18:17:39,4,Cottage Grove,,Sun
12:52:30,151,Sheridan,,Sat
14:57:04,4,Cottage Grove,,Sat
05:57:08,60,Blue Island/26th,,Sat
09:10:23,151,Sheridan,,Sat
21:20:46,147,Outer DuSable Lake Shore Express,,Sun
08:03:08,60,Blue Island/26th,,Sun
12:35:55,151,Sheridan,,Sat
08:34:54,3,King Drive,,Mon,Tue,Wed,Thu,Fri
20:04:36,3,King Drive,,Mon,Tue,Wed,Thu,Fri
06:37:32,60,Blue Island/26th,,Sat
20:28:09,4,Cottage Grove,,Mon,Tue,Wed,Thu,Fri
24:05:33,151,Sheridan,,Sun
08:30:18,3,King Drive,,Sat
13:48:09,4,Cottage Grove,,Sun
16:56:20,20,Madison,,Mon,Tue,Wed,Thu,Fri
19:08:50,20,Madison,,Mon,Tue,Wed,Thu,Fri
05:41:18,151,Sheridan,,Mon,Tue,Wed,Thu,Fri
14:27:55,4,Cottage Grove,,Mon,Tue,Wed,Thu,Fri
19:22:31,124,Navy Pier,,Mon,Tue,Wed,Thu,Fri
09:32:19,4,Cottage Grove,,Sun
15:48:09,4,Cottage Grove,,Sun
24:02:05,151,Sheridan,,Sat
14:28:39,147,Outer DuSable Lake Shore Express,,Mon,Tue,Wed,Thu,Fri
11:00:24,3,King Drive,,Mon,Tue,Wed,Thu,Fri
13:27:39,4,Cottage Grove,,Sun
15:33:30,151,Sheridan,,Sat
18:46:18,3,King Drive,,Mon,Tue,Wed,Thu,Fri
08:23:34,157,Streeterville/Taylor,,Mon,Tue,Wed,Thu,Fri
08:24:50,20,Madison,,Mon,Tue,Wed,Thu,Fri
16:57:28,60,Blue Island/26th,,Mon,Tue,Wed,Thu,Fri
06:51:55,151,Sheridan,,Mon,Tue,Wed,Thu,Fri
24:01:38,60,Blue Island/26th,,Sun
20:19:08,60,Blue Island/26th,,Sun
08:45:49,4,Cottage Grove,,Sat
08:57:39,4,Cottage Grove,,Mon,Tue,Wed,Thu,Fri
08:59:50,151,Sheridan,,Sat
11:13:18,3,King Drive,,Sat
06:33:13,151,Sheridan,,Sat
14:05:15,60,Blue Island/26th,,Mon,Tue,Wed,Thu,Fri
16:50:36,151,Sheridan,,Mon,Tue,Wed,Thu,Fri
10:36:47,147,Outer DuSable Lake Shore Express,,Sat
17:12:02,147,Outer DuSable Lake Shore Express,,Mon,Tue,Wed,Thu,Fri
07:41:57,157,Streeterville/Taylor,,Mon,Tue,Wed,Thu,Fri
19:19:08,60,Blue Island/26th,,Sun
12:49:24,147,Outer DuSable Lake Shore Express,,Sun
11:10:24,147,Outer DuSable Lake Shore Express,,Sun
19:28:18,3,King Drive,,Mon,Tue,Wed,Thu,Fri
09:09:47,147,Outer DuSable Lake Shore Express,,Mon,Tue,Wed,Thu,Fri
15:07:25,4,Cottage Grove,,Mon,Tue,Wed,Thu,Fri
15:29:54,3,King Drive,,Sun
00:52:20,151,Sheridan,,Tue,Wed,Thu,Fri,Sat
19:24:39,147,Outer DuSable Lake Shore Express,,Sat
13:39:22,124,Navy Pier,,Sun
17:09:17,147,Outer DuSable Lake Shore Express,,Sat
09:01:10,151,Sheridan,,Mon,Tue,Wed,Thu,Fri
14:47:39,4,Cottage Grove,,Sun
07:39:31,4,Cottage Grove,,Mon,Tue,Wed,Thu,Fri
16:44:55,147,Outer DuSable Lake Shore Express,,Sat
22:23:16,147,Outer DuSable Lake Shore Express,,Sat
12:44:35,151,Sheridan,,Sat
11:22:45,60,Blue Island/26th,,Mon,Tue,Wed,Thu,Fri
10:23:15,151,Sheridan,,Mon,Tue,Wed,Thu,Fri
18:28:09,4,Cottage Grove,,Sun
07:43:27,147,Outer DuSable Lake Shore Express,,Mon,Tue,Wed,Thu,Fri
12:48:06,3,King Drive,,Mon,Tue,Wed,Thu,Fri
15:47:32,147,Outer DuSable Lake Shore Express,,Sat
20:59:08,60,Blue Island/26th,,Sun
14:12:35,151,Sheridan,,Sat
07:47:40,60,Blue Island/26th,,Mon,Tue,Wed,Thu,Fri
13:42:42,4,Cottage Grove,,Mon,Tue,Wed,Thu,Fri
07:18:30,3,King Drive,,Mon,Tue,Wed,Thu,Fri
12:41:42,4,Cottage Grove,,Mon,Tue,Wed,Thu,Fri
13:20:04,4,Cottage Grove,,Sat
14:00:31,3,King Drive,,Sat
05:30:21,60,Blue Island/26th,,Mon,Tue,Wed,Thu,Fri
18:41:20,20,Madison,,Mon,Tue,Wed,Thu,Fri
00:59:17,151,Sheridan,,Sun
12:15:18,3,King Drive,,Sat
06:42:06,3,King Drive,,Sat
05:37:50,20,Madison,,Mon,Tue,Wed,Thu,Fri
07:10:31,4,Cottage Grove,,Mon,Tue,Wed,Thu,Fri
15:18:45,60,Blue Island/26th,,Mon,Tue,Wed,Thu,Fri
20:24:37,124,Navy Pier,,Sat
13:00:24,147,Outer DuSable Lake Shore Express,,Sun
21:44:54,147,Outer DuSable Lake Shore Express,,Sat
19:25:02,60,Blue Island/26th,,Sat
13:55:51,60,Blue Island/26th,,Sat
18:28:52,4,Cottage Grove,,Sat
10:42:41,147,Outer DuSable Lake Shore Express,,Mon,Tue,Wed,Thu,Fri
09:30:20,20,Madison,,Mon,Tue,Wed,Thu,Fri
15:33:43,26,South Shore Express,,Mon,Tue,Wed,Thu,Fri
14:51:20,20,Madison,,Mon,Tue,Wed,Thu,Fri
17:55:27,60,Blue Island/26th,,Sat
18:54:18,3,King Drive,,Mon,Tue,Wed,Thu,Fri
09:42:19,4,Cottage Grove,,Sun
18:01:36,3,King Drive,,Sat
15:45:41,124,Navy Pier,,Mon,Tue,Wed,Thu,Fri
06:59:50,147,Outer DuSable Lake Shore Express,,Mon,Tue,Wed,Thu,Fri
08:01:06,3,King Drive,,Sun
14:43:02,60,Blue Island/26th,,Sun
17:47:39,4,Cottage Grove,,Sun
13:45:51,60,Blue Island/26th,,Sat
08:26:49,4,Cottage Grove,,Sat
19:40:54,3,King Drive,,Sat
13:29:04,4,Cottage Grove,,Sat
12:40:09,151,Sheridan,,Sun
09:14:39,147,Outer DuSable Lake Shore Express,,Sun
08:49:04,157,Streeterville/Taylor,,Mon,Tue,Wed,Thu,Fri
12:26:51,60,Blue Island/26th,,Sat
13:03:02,60,Blue Island/26th,,Sun
06:37:50,20,Madison,,Mon,Tue,Wed,Thu,Fri
19:08:12,124,Navy Pier,,Sun
11:00:54,147,Outer DuSable Lake Shore Express,,Sun
11:48:05,151,Sheridan,,Mon,Tue,Wed,Thu,Fri
08:24:17,147,Outer DuSable Lake Shore Express,,Mon,Tue,Wed,Thu,Fri
13:45:51,60,Blue Island/26th,,Sat
18:51:20,20,Madison,,Mon,Tue,Wed,Thu,Fri
14:04:30,151,Sheridan,,Sat
12:26:06,3,King Drive,,Mon,Tue,Wed,Thu,Fri
13:48:45,60,Blue Island/26th,,Mon,Tue,Wed,Thu,Fri
20:27:23,151,Sheridan,,Sun
21:16:09,4,Cottage Grove,,Sat
22:09:45,151,Sheridan,,Mon,Tue,Wed,Thu,Fri
23:49:33,151,Sheridan,,Mon,Tue,Wed,Thu,Fri
20:59:42,3,King Drive,,Sat
07:04:35,151,Sheridan,,Mon,Tue,Wed,Thu,Fri
12:48:04,4,Cottage Grove,,Sat
18:35:06,26,South Shore Express,,Mon,Tue,Wed,Thu,Fri
21:41:16,147,Outer DuSable Lake Shore Express,,Sun
17:54:02,147,Outer DuSable Lake Shore Express,,Mon,Tue,Wed,Thu,Fri
13:00:24,147,Outer DuSable Lake Shore Express,,Sun
11:00:24,3,King Drive,,Mon,Tue,Wed,Thu,Fri
22:25:42,3,King Drive,,Mon,Tue,Wed,Thu,Fri
10:59:12,3,King Drive,,Sun
19:16:06,26,South Shore Express,,Mon,Tue,Wed,Thu,Fri
21:56:54,147,Outer DuSable Lake Shore Express,,Sat
07:23:01,X4,Cottage Grove Express,,Mon,Tue,Wed,Thu,Fri
18:25:47,147,Outer DuSable Lake Shore Express,,Sat
15:52:54,3,King Drive,,Sun
22:31:29,151,Sheridan,,Sat
09:22:45,60,Blue Island/26th,,Mon,Tue,Wed,Thu,Fri
10:44:15,60,Blue Island/26th,,Mon,Tue,Wed,Thu,Fri
11:50:44,4,Cottage Grove,,Sun
17:08:09,4,Cottage Grove,,Sun
12:01:42,4,Cottage Grove,,Mon,Tue,Wed,Thu,Fri
09:56:39,4,Cottage Grove,,Mon,Tue,Wed,Thu,Fri
12:39:15,60,Blue Island/26th,,Mon,Tue,Wed,Thu,Fri
15:22:02,147,Outer DuSable Lake Shore Express,,Sat
22:16:59,151,Sheridan,,Sat
10:16:24,3,King Drive,,Mon,Tue,Wed,Thu,Fri
14:32:36,3,King Drive,,Mon,Tue,Wed,Thu,Fri
17:00:24,3,King Drive,,Sun
17:18:09,4,Cottage Grove,,Sun
16:47:39,4,Cottage Grove,,Sun
16:07:37,124,Navy Pier,,Sun
18:06:22,4,Cottage Grove,,Sat
14:12:17,147,Outer DuSable Lake Shore Express,,Sat
17:50:27,4,Cottage Grove,,Mon,Tue,Wed,Thu,Fri
07:19:06,3,King Drive,,Sun
09:20:18,143,Stockton/Michigan Express,,Mon,Tue,Wed,Thu,Fri
16:10:50,20,Madison,,Mon,Tue,Wed,Thu,Fri
15:01:19,151,Sheridan,,Sun
18:36:52,4,Cottage Grove,,Sat
06:35:15,60,Blue Island/26th,,Mon,Tue,Wed,Thu,Fri
13:01:42,4,Cottage Grove,,Mon,Tue,Wed,Thu,Fri
18:30:18,3,King Drive,,Mon,Tue,Wed,Thu,Fri
17:00:47,147,Outer DuSable Lake Shore Express,,Sat
08:00:31,X4,Cottage Grove Express,,Mon,Tue,Wed,Thu,Fri
05:44:11,4,Cottage Grove,,Mon,Tue,Wed,Thu,Fri
10:49:02,60,Blue Island/26th,,Sun
15:47:39,147,Outer DuSable Lake Shore Express,,Sun
15:51:14,151,Sheridan,,Sun
19:17:32,147,Outer DuSable Lake Shore Express,,Mon,Tue,Wed,Thu,Fri
12:03:42,3,King Drive,,Sun
07:59:31,4,Cottage Grove,,Mon,Tue,Wed,Thu,Fri
13:55:17,147,Outer DuSable Lake Shore Express,,Sat
21:32:50,151,Sheridan,,Sat
17:09:58,26,South Shore Express,,Mon,Tue,Wed,Thu,Fri
21:23:16,147,Outer DuSable Lake Shore Express,,Mon,Tue,Wed,Thu,Fri
10:06:45,60,Blue Island/26th,,Mon,Tue,Wed,Thu,Fri
10:20:54,147,Outer DuSable Lake Shore Express,,Sun
15:21:14,151,Sheridan,,Sun
14:45:31,3,King Drive,,Sat
15:26:50,20,Madison,,Mon,Tue,Wed,Thu,Fri
09:17:27,157,Streeterville/Taylor,,Mon,Tue,Wed,Thu,Fri
06:41:53,147,Outer DuSable Lake Shore Express,,Sun
11:53:47,147,Outer DuSable Lake Shore Express,,Mon,Tue,Wed,Thu,Fri
20:19:08,60,Blue Island/26th,,Sun
11:48:51,60,Blue Island/26th,,Sat
10:24:12,3,King Drive,,Sat
19:57:12,124,Navy Pier,,Mon,Tue,Wed,Thu,Fri
14:20:35,151,Sheridan,,Sat
12:42:47,147,Outer DuSable Lake Shore Express,,Mon,Tue,Wed,Thu,Fri
18:57:12,3,King Drive,,Sun
16:56:20,20,Madison,,Mon,Tue,Wed,Thu,Fri
12:49:24,147,Outer DuSable Lake Shore Express,,Sun
23:37:08,60,Blue Island/26th,,Sun
08:51:10,151,Sheridan,,Mon,Tue,Wed,Thu,Fri
16:31:56,151,Sheridan,,Mon,Tue,Wed,Thu,Fri
21:47:29,151,Sheridan,,Sat
19:10:51,124,Navy Pier,,Sat
08:24:24,147,Outer DuSable Lake Shore Express,,Sat
20:07:16,147,Outer DuSable Lake Shore Express,,Sun
08:22:18,3,King Drive,,Sun
06:37:32,60,Blue Island/26th,,Sat
19:05:02,60,Blue Island/26th,,Sat
21:16:32,124,Navy Pier,,Sun
10:33:47,147,Outer DuSable Lake Shore Express,,Mon,Tue,Wed,Thu,Fri
21:43:32,124,Navy Pier,,Sun
21:26:54,3,King Drive,,Mon,Tue,Wed,Thu,Fri
11:30:05,151,Sheridan,,Sat
06:57:49,X4,Cottage Grove Express,,Mon,Tue,Wed,Thu,Fri
07:54:54,3,King Drive,,Mon,Tue,Wed,Thu,Fri
14:55:51,60,Blue Island/26th,,Sat
22:16:02,60,Blue Island/26th,,Mon,Tue,Wed,Thu,Fri
20:03:06,26,South Shore Express,,Mon,Tue,Wed,Thu,Fri
14:08:04,4,Cottage Grove,,Sat
12:45:17,147,Outer DuSable Lake Shore Express,,Sat
11:24:02,60,Blue Island/26th,,Sun
12:21:42,4,Cottage Grove,,Mon,Tue,Wed,Thu,Fri
06:48:48,3,King Drive,,Mon,Tue,Wed,Thu,Fri
15:45:04,4,Cottage Grove,,Sat
17:35:50,20,Madison,,Mon,Tue,Wed,Thu,Fri
15:31:17,147,Outer DuSable Lake Shore Express,,Mon,Tue,Wed,Thu,Fri
08:39:53,151,Sheridan,,Sat
17:23:36,3,King Drive,,Sat
09:31:49,4,Cottage Grove,,Sun
18:25:47,147,Outer DuSable Lake Shore Express,,Sat
14:32:04,4,Cottage Grove,,Sat
11:16:26,4,Cottage Grove,,Sat
17:00:57,60,Blue Island/26th,,Sun
17:43:17,147,Outer DuSable Lake Shore Express,,Sat
13:48:45,60,Blue Island/26th,,Mon,Tue,Wed,Thu,Fri
19:37:20,20,Madison,,Mon,Tue,Wed,Thu,Fri
18:54:10,151,Sheridan,,Mon,Tue,Wed,Thu,Fri
18:21:49,151,Sheridan,,Sat
12:19:25,151,Sheridan,,Sat
21:06:59,151,Sheridan,,Mon,Tue,Wed,Thu,Fri
11:45:18,3,King Drive,,Sat
07:42:09,147,Outer DuSable Lake Shore Express,,Sat
14:09:24,3,King Drive,,Sun
07:29:59,147,Outer DuSable Lake Shore Express,,Sat
16:55:27,60,Blue Island/26th,,Sat
17:09:17,147,Outer DuSable Lake Shore Express,,Sat
15:18:09,4,Cottage Grove,,Sun
18:26:47,147,Outer DuSable Lake Shore Express,,Mon,Tue,Wed,Thu,Fri
17:12:52,4,Cottage Grove,,Sat
08:05:57,60,Blue Island/26th,,Sat
23:13:38,60,Blue Island/26th,,Mon,Tue,Wed,Thu,Fri
09:34:34,147,Outer DuSable Lake Shore Express,,Mon,Tue,Wed,Thu,Fri
15:51:02,60,Blue Island/26th,,Sun
15:47:15,60,Blue Island/26th,,Mon,Tue,Wed,Thu,Fri
13:36:04,4,Cottage Grove,,Sat
18:11:04,60,Blue Island/26th,,Mon,Tue,Wed,Thu,Fri
13:29:15,60,Blue Island/26th,,Mon,Tue,Wed,Thu,Fri
09:48:27,60,Blue Island/26th,,Sat
16:51:40,4,Cottage Grove,,Mon,Tue,Wed,Thu,Fri
18:11:36,3,King Drive,,Sat
17:21:20,20,Madison,,Mon,Tue,Wed,Thu,Fri
16:15:54,3,King Drive,,Sun
08:12:38,151,Sheridan,,Sun
08:14:39,147,Outer DuSable Lake Shore Express,,Sun
19:48:46,157,Streeterville/Taylor,,Mon,Tue,Wed,Thu,Fri
06:26:35,151,Sheridan,,Sun
08:21:09,143,Stockton/Michigan Express,,Mon,Tue,Wed,Thu,Fri
17:05:48,3,King Drive,,Sat
09:28:17,147,Outer DuSable Lake Shore Express,,Mon,Tue,Wed,Thu,Fri
14:23:02,60,Blue Island/26th,,Sun
11:44:41,147,Outer DuSable Lake Shore Express,,Sat
15:33:35,151,Sheridan,,Sat
17:21:05,4,Cottage Grove,,Mon,Tue,Wed,Thu,Fri
16:57:18,3,King Drive,,Sat
18:35:02,60,Blue Island/26th,,Sat
18:35:44,151,Sheridan,,Sun
15:55:51,60,Blue Island/26th,,Sat
10:44:51,60,Blue Island/26th,,Sat
16:27:43,26,South Shore Express,,Mon,Tue,Wed,Thu,Fri
19:55:02,60,Blue Island/26th,,Sat
13:09:15,60,Blue Island/26th,,Mon,Tue,Wed,Thu,Fri
09:04:30,3,King Drive,,Sun
07:40:44,60,Blue Island/26th,,Sun
17:17:47,147,Outer DuSable Lake Shore Express,,Sat
11:06:39,4,Cottage Grove,,Mon,Tue,Wed,Thu,Fri
13:32:06,3,King Drive,,Mon,Tue,Wed,Thu,Fri
15:05:25,147,Outer DuSable Lake Shore Express,,Sat
13:52:04,4,Cottage Grove,,Sat
08:02:10,60,Blue Island/26th,,Mon,Tue,Wed,Thu,Fri
16:01:10,151,Sheridan,,Sun
17:17:28,26,South Shore Express,,Mon,Tue,Wed,Thu,Fri
16:51:15,151,Sheridan,,Sun
03:30:24,66,Chicago,,Mon
15:07:39,4,Cottage Grove,,Sun
16:40:43,3,King Drive,,Mon,Tue,Wed,Thu,Fri
07:05:24,147,Outer DuSable Lake Shore Express,,Mon,Tue,Wed,Thu,Fri
16:12:02,147,Outer DuSable Lake Shore Express,,Sun
20:49:51,60,Blue Island/26th,,Mon,Tue,Wed,Thu,Fri
23:00:16,147,Outer DuSable Lake Shore Express,,Sun
21:22:56,4,Cottage Grove,,Mon,Tue,Wed,Thu,Fri
18:12:15,151,Sheridan,,Mon,Tue,Wed,Thu,Fri
11:45:04,4,Cottage Grove,,Mon,Tue,Wed,Thu,Fri
18:52:51,124,Navy Pier,,Sat
18:08:09,4,Cottage Grove,,Sun
08:59:50,20,Madison,,Mon,Tue,Wed,Thu,Fri
09:45:11,124,Navy Pier,,Mon,Tue,Wed,Thu,Fri
16:37:39,4,Cottage Grove,,Sun
23:37:08,60,Blue Island/26th,,Sun
11:30:09,151,Sheridan,,Sat
09:50:02,60,Blue Island/26th,,Sun
11:46:05,151,Sheridan,,Sat
11:10:41,147,Outer DuSable Lake Shore Express,,Sat
01:01:47,66,Chicago,,Sun
14:32:24,3,King Drive,,Sun
08:16:09,143,Stockton/Michigan Express,,Mon,Tue,Wed,Thu,Fri
12:40:44,4,Cottage Grove,,Sun
19:37:36,3,King Drive,,Mon,Tue,Wed,Thu,Fri
12:29:56,124,Navy Pier,,Sat
19:38:34,4,Cottage Grove,,Mon,Tue,Wed,Thu,Fri
17:16:20,20,Madison,,Mon,Tue,Wed,Thu,Fri
20:46:42,3,King Drive,,Sat
08:19:11,147,Outer DuSable Lake Shore Express,,Mon,Tue,Wed,Thu,Fri
20:08:09,4,Cottage Grove,,Mon,Tue,Wed,Thu,Fri
06:17:50,20,Madison,,Mon,Tue,Wed,Thu,Fri
08:14:54,3,King Drive,,Mon,Tue,Wed,Thu,Fri
06:35:24,4,Cottage Grove,,Mon,Tue,Wed,Thu,Fri
14:28:55,4,Cottage Grove,,Mon,Tue,Wed,Thu,Fri
23:01:02,60,Blue Island/26th,,Sat
13:16:35,151,Sheridan,,Sat
21:27:47,124,Navy Pier,,Mon,Tue,Wed,Thu,Fri
10:16:24,3,King Drive,,Mon,Tue,Wed,Thu,Fri
13:09:56,4,Cottage Grove,,Sun
12:37:41,124,Navy Pier,,Mon,Tue,Wed,Thu,Fri
00:43:22,151,Sheridan,,Mon
18:01:45,151,Sheridan,,Sat
21:22:55,151,Sheridan,,Mon,Tue,Wed,Thu,Fri
13:04:17,147,Outer DuSable Lake Shore Express,,Sat
21:30:07,124,Navy Pier,,Sat
09:11:48,143,Stockton/Michigan Express,,Mon,Tue,Wed,Thu,Fri
12:29:45,60,Blue Island/26th,,Mon,Tue,Wed,Thu,Fri
19:00:54,3,King Drive,,Sat
14:11:25,4,Cottage Grove,,Mon,Tue,Wed,Thu,Fri
11:40:14,4,Cottage Grove,,Sun
20:10:29,151,Sheridan,,Sun
21:15:24,147,Outer DuSable Lake Shore Express,,Sat
16:20:02,147,Outer DuSable Lake Shore Express,,Sun
16:45:51,60,Blue Island/26th,,Sat
18:30:54,3,King Drive,,Sat
15:00:57,157,Streeterville/Taylor,,Mon,Tue,Wed,Thu,Fri
13:10:26,4,Cottage Grove,,Sun
20:20:15,60,Blue Island/26th,,Mon,Tue,Wed,Thu,Fri
14:20:55,4,Cottage Grove,,Mon,Tue,Wed,Thu,Fri
15:31:14,151,Sheridan,,Sun
13:42:36,3,King Drive,,Mon,Tue,Wed,Thu,Fri
08:32:50,147,Outer DuSable Lake Shore Express,,Sat
20:17:09,4,Cottage Grove,,Mon,Tue,Wed,Thu,Fri
18:59:47,147,Outer DuSable Lake Shore Express,,Sat
06:25:41,4,Cottage Grove,,Mon,Tue,Wed,Thu,Fri
22:15:02,124,Navy Pier,,Mon,Tue,Wed,Thu,Fri
00:18:06,3,King Drive,,Tue,Wed,Thu,Fri,Sat
21:56:38,60,Blue Island/26th,,Sun
18:31:52,4,Cottage Grove,,Sat
18:29:32,60,Blue Island/26th,,Sun
23:49:30,151,Sheridan,,Mon,Tue,Wed,Thu,Fri
12:59:06,3,King Drive,,Mon,Tue,Wed,Thu,Fri
07:51:39,147,Outer DuSable Lake Shore Express,,Sun
09:20:23,151,Sheridan,,Sat
17:00:24,3,King Drive,,Sun
09:58:12,3,King Drive,,Sat
15:46:50,20,Madison,,Mon,Tue,Wed,Thu,Fri
11:38:42,3,King Drive,,Sun
22:09:16,147,Outer DuSable Lake Shore Express,,Sat
10:16:57,60,Blue Island/26th,,Sat
11:45:18,3,King Drive,,Sat
11:27:39,4,Cottage Grove,,Mon,Tue,Wed,Thu,Fri
22:30:44,4,Cottage Grove,,Sun
22:53:38,60,Blue Island/26th,,Mon,Tue,Wed,Thu,Fri
11:12:12,3,King Drive,,Sun
13:26:28,26,South Shore Express,,Mon,Tue,Wed,Thu,Fri
01:31:17,66,Chicago,,Mon
15:55:51,60,Blue Island/26th,,Sat
09:36:09,147,Outer DuSable Lake Shore Express,,Sun
19:24:39,147,Outer DuSable Lake Shore Express,,Sat
21:51:42,3,King Drive,,Mon,Tue,Wed,Thu,Fri
09:04:39,X4,Cottage Grove Express,,Mon,Tue,Wed,Thu,Fri
15:24:39,147,Outer DuSable Lake Shore Express,,Sun
12:52:42,4,Cottage Grove,,Mon,Tue,Wed,Thu,Fri
14:27:31,3,King Drive,,Sat
14:28:09,4,Cottage Grove,,Sun
09:58:12,3,King Drive,,Sat
09:09:50,20,Madison,,Mon,Tue,Wed,Thu,Fri
11:37:39,4,Cottage Grove,,Sat
19:48:34,4,Cottage Grove,,Mon,Tue,Wed,Thu,Fri
11:02:45,60,Blue Island/26th,,Mon,Tue,Wed,Thu,Fri
08:51:40,60,Blue Island/26th,,Mon,Tue,Wed,Thu,Fri
15:33:43,26,South Shore Express,,Mon,Tue,Wed,Thu,Fri
14:59:45,60,Blue Island/26th,,Mon,Tue,Wed,Thu,Fri
18:39:22,4,Cottage Grove,,Sat
16:44:55,147,Outer DuSable Lake Shore Express,,Mon,Tue,Wed,Thu,Fri
09:29:39,143,Stockton/Michigan Express,,Mon,Tue,Wed,Thu,Fri
19:29:08,60,Blue Island/26th,,Sun
01:19:15,151,Sheridan,,Sun
12:47:31,3,King Drive,,Sat
09:36:56,4,Cottage Grove,,Sat
15:22:11,124,Navy Pier,,Mon,Tue,Wed,Thu,Fri
19:38:22,4,Cottage Grove,,Sat
16:35:51,60,Blue Island/26th,,Sat
15:45:13,26,South Shore Express,,Mon,Tue,Wed,Thu,Fri
16:58:37,124,Navy Pier,,Sun
14:45:31,3,King Drive,,Sat
14:45:51,60,Blue Island/26th,,Sat
12:16:12,3,King Drive,,Sun
13:43:02,60,Blue Island/26th,,Sun
18:12:06,26,South Shore Express,,Mon,Tue,Wed,Thu,Fri
21:16:32,124,Navy Pier,,Sun
20:45:02,60,Blue Island/26th,,Sat
12:59:15,60,Blue Island/26th,,Mon,Tue,Wed,Thu,Fri
23:26:13,151,Sheridan,,Sun
11:17:07,124,Navy Pier,,Sat
09:38:45,60,Blue Island/26th,,Mon,Tue,Wed,Thu,Fri
21:53:07,124,Navy Pier,,Sat
12:57:31,3,King Drive,,Sat
13:55:51,60,Blue Island/26th,,Sat
11:35:30,151,Sheridan,,Mon,Tue,Wed,Thu,Fri
09:03:36,147,Outer DuSable Lake Shore Express,,Sun
08:08:40,60,Blue Island/26th,,Mon,Tue,Wed,Thu,Fri
10:54:21,60,Blue Island/26th,,Sat
08:43:27,60,Blue Island/26th,,Sat
09:41:49,4,Cottage Grove,,Sun
09:40:23,151,Sheridan,,Sun
07:09:31,4,Cottage Grove,,Mon,Tue,Wed,Thu,Fri
14:33:16,124,Navy Pier,,Sat
19:00:54,3,King Drive,,Sat
21:41:09,147,Outer DuSable Lake Shore Express,,Mon,Tue,Wed,Thu,Fri
12:10:11,124,Navy Pier,,Mon,Tue,Wed,Thu,Fri
15:36:31,3,King Drive,,Sat
05:36:38,60,Blue Island/26th,,Sat
15:41:24,3,King Drive,,Sun
09:50:50,151,Sheridan,,Mon,Tue,Wed,Thu,Fri
14:38:09,4,Cottage Grove,,Sun
07:20:06,4,Cottage Grove,,Sun
14:52:35,151,Sheridan,,Sat
09:19:50,20,Madison,,Mon,Tue,Wed,Thu,Fri
19:31:14,151,Sheridan,,Sat
06:14:24,4,Cottage Grove,,Sat
10:21:31,124,Navy Pier,,Mon,Tue,Wed,Thu,Fri
06:57:24,4,Cottage Grove,,Sat
10:16:12,3,King Drive,,Sun
09:20:20,151,Sheridan,,Sat
13:30:17,147,Outer DuSable Lake Shore Express,,Mon,Tue,Wed,Thu,Fri
21:43:32,124,Navy Pier,,Sun
17:42:49,151,Sheridan,,Sun
11:20:17,147,Outer DuSable Lake Shore Express,,Sat
15:06:09,147,Outer DuSable Lake Shore Express,,Mon,Tue,Wed,Thu,Fri
15:39:02,147,Outer DuSable Lake Shore Express,,Sat
18:46:18,3,King Drive,,Mon,Tue,Wed,Thu,Fri
16:40:04,4,Cottage Grove,,Sat
15:07:12,X4,Cottage Grove Express,,Mon,Tue,Wed,Thu,Fri
14:55:24,3,King Drive,,Sun
06:35:15,60,Blue Island/26th,,Mon,Tue,Wed,Thu,Fri
24:01:38,60,Blue Island/26th,,Sun
06:38:48,3,King Drive,,Mon,Tue,Wed,Thu,Fri
11:42:47,147,Outer DuSable Lake Shore Express,,Mon,Tue,Wed,Thu,Fri
13:04:56,124,Navy Pier,,Sat
23:25:44,4,Cottage Grove,,Sun
17:33:21,151,Sheridan,,Mon,Tue,Wed,Thu,Fri
17:42:45,151,Sheridan,,Sun
09:05:31,4,Cottage Grove,,Sat
15:35:51,60,Blue Island/26th,,Sat
13:50:40,151,Sheridan,,Sun
17:59:57,60,Blue Island/26th,,Sun
20:33:42,3,King Drive,,Sat
15:33:01,3,King Drive,,Mon,Tue,Wed,Thu,Fri
14:19:47,147,Outer DuSable Lake Shore Express,,Sat
18:29:32,60,Blue Island/26th,,Sun
21:30:27,60,Blue Island/26th,,Mon,Tue,Wed,Thu,Fri
17:40:32,147,Outer DuSable Lake Shore Express,,Sun
11:44:24,3,King Drive,,Mon,Tue,Wed,Thu,Fri
16:00:32,147,Outer DuSable Lake Shore Express,,Sun
07:39:30,143,Stockton/Michigan Express,,Mon,Tue,Wed,Thu,Fri
06:39:39,147,Outer DuSable Lake Shore Express,,Sat
23:37:38,60,Blue Island/26th,,Sat
19:16:16,157,Streeterville/Taylor,,Mon,Tue,Wed,Thu,Fri
20:25:02,60,Blue Island/26th,,Sat
17:02:28,26,South Shore Express,,Mon,Tue,Wed,Thu,Fri
09:24:54,3,King Drive,,Mon,Tue,Wed,Thu,Fri
15:15:51,60,Blue Island/26th,,Sat
22:25:10,151,Sheridan,,Mon,Tue,Wed,Thu,Fri
22:51:30,3,King Drive,,Mon,Tue,Wed,Thu,Fri
22:46:18,151,Sheridan,,Sun
14:12:25,4,Cottage Grove,,Mon,Tue,Wed,Thu,Fri
19:25:29,151,Sheridan,,Sun
18:47:05,151,Sheridan,,Sun
19:02:48,157,Streeterville/Taylor,,Mon,Tue,Wed,Thu,Fri
05:34:24,4,Cottage Grove,,Sat
12:15:06,3,King Drive,,Mon,Tue,Wed,Thu,Fri
11:11:19,151,Sheridan,,Mon,Tue,Wed,Thu,Fri
24:01:06,3,King Drive,,Mon,Tue,Wed,Thu,Fri
16:51:55,3,King Drive,,Mon,Tue,Wed,Thu,Fri
11:36:37,124,Navy Pier,,Sat
14:02:47,147,Outer DuSable Lake Shore Express,,Sat
19:05:56,124,Navy Pier,,Mon,Tue,Wed,Thu,Fri
19:29:46,157,Streeterville/Taylor,,Mon,Tue,Wed,Thu,Fri
23:46:23,151,Sheridan,,Sat
10:17:39,4,Cottage Grove,,Mon,Tue,Wed,Thu,Fri
24:01:06,3,King Drive,,Mon,Tue,Wed,Thu,Fri
14:51:15,151,Sheridan,,Sun
05:37:41,4,Cottage Grove,,Mon,Tue,Wed,Thu,Fri
15:33:01,3,King Drive,,Mon,Tue,Wed,Thu,Fri
09:34:34,147,Outer DuSable Lake Shore Express,,Mon,Tue,Wed,Thu,Fri
15:06:25,4,Cottage Grove,,Mon,Tue,Wed,Thu,Fri
22:41:46,147,Outer DuSable Lake Shore Express,,Sun
09:04:26,124,Navy Pier,,Mon,Tue,Wed,Thu,Fri
05:57:50,20,Madison,,Mon,Tue,Wed,Thu,Fri
09:37:57,124,Navy Pier,,Sat
08:51:32,60,Blue Island/26th,,Sun
08:22:10,60,Blue Island/26th,,Mon,Tue,Wed,Thu,Fri
20:35:02,60,Blue Island/26th,,Sat
07:56:49,4,Cottage Grove,,Sat
10:32:19,4,Cottage Grove,,Sun
08:04:13,147,Outer DuSable Lake Shore Express,,Sat
06:57:02,60,Blue Island/26th,,Sat
10:33:47,147,Outer DuSable Lake Shore Express,,Mon,Tue,Wed,Thu,Fri
12:27:27,157,Streeterville/Taylor,,Mon,Tue,Wed,Thu,Fri
18:52:51,124,Navy Pier,,Sat
18:15:27,60,Blue Island/26th,,Sat
19:17:32,147,Outer DuSable Lake Shore Express,,Mon,Tue,Wed,Thu,Fri
02:01:17,66,Chicago,,Mon
05:57:09,147,Outer DuSable Lake Shore Express,,Sat
08:09:31,4,Cottage Grove,,Mon,Tue,Wed,Thu,Fri
10:47:39,4,Cottage Grove,,Mon,Tue,Wed,Thu,Fri
08:21:09,143,Stockton/Michigan Express,,Mon,Tue,Wed,Thu,Fri
19:05:02,60,Blue Island/26th,,Sat
16:09:04,4,Cottage Grove,,Sat
20:48:29,151,Sheridan,,Sat
16:15:51,60,Blue Island/26th,,Sat
15:44:55,X4,Cottage Grove Express,,Mon,Tue,Wed,Thu,Fri
11:14:22,124,Navy Pier,,Sun
08:46:00,151,Sheridan,,Mon,Tue,Wed,Thu,Fri
14:01:30,151,Sheridan,,Mon,Tue,Wed,Thu,Fri
15:37:45,60,Blue Island/26th,,Mon,Tue,Wed,Thu,Fri
14:40:45,60,Blue Island/26th,,Mon,Tue,Wed,Thu,Fri
16:41:10,151,Sheridan,,Sun
12:41:04,4,Cottage Grove,,Sat
12:48:35,151,Sheridan,,Mon,Tue,Wed,Thu,Fri
14:05:51,60,Blue Island/26th,,Sat
08:36:10,60,Blue Island/26th,,Mon,Tue,Wed,Thu,Fri
14:44:30,151,Sheridan,,Sat
12:46:51,60,Blue Island/26th,,Sat
05:08:39,147,Outer DuSable Lake Shore Express,,Mon,Tue,Wed,Thu,Fri
23:31:36,3,King Drive,,Mon,Tue,Wed,Thu,Fri
21:05:54,147,Outer DuSable Lake Shore Express,,Sat
11:37:17,147,Outer DuSable Lake Shore Express,,Sat
10:42:05,151,Sheridan,,Sat
13:05:11,124,Navy Pier,,Mon,Tue,Wed,Thu,Fri
17:52:02,147,Outer DuSable Lake Shore Express,,Sun
19:17:50,20,Madison,,Mon,Tue,Wed,Thu,Fri
15:55:43,26,South Shore Express,,Mon,Tue,Wed,Thu,Fri
09:34:24,3,King Drive,,Mon,Tue,Wed,Thu,Fri
16:22:15,151,Sheridan,,Mon,Tue,Wed,Thu,Fri
11:54:24,147,Outer DuSable Lake Shore Express,,Sun
03:30:32,66,Chicago,,Sun
11:22:24,3,King Drive,,Mon,Tue,Wed,Thu,Fri
10:16:15,60,Blue Island/26th,,Mon,Tue,Wed,Thu,Fri
05:08:58,4,Cottage Grove,,Mon,Tue,Wed,Thu,Fri
19:08:12,3,King Drive,,Sun
12:43:02,60,Blue Island/26th,,Sun
07:12:40,60,Blue Island/26th,,Mon,Tue,Wed,Thu,Fri
12:06:32,60,Blue Island/26th,,Sun
19:40:15,60,Blue Island/26th,,Mon,Tue,Wed,Thu,Fri
20:24:30,3,King Drive,,Sun
08:39:19,4,Cottage Grove,,Sun
11:10:41,147,Outer DuSable Lake Shore Express,,Sat
20:39:47,124,Navy Pier,,Mon,Tue,Wed,Thu,Fri
12:10:45,60,Blue Island/26th,,Mon,Tue,Wed,Thu,Fri
22:40:09,147,Outer DuSable Lake Shore Express,,Mon,Tue,Wed,Thu,Fri
15:55:01,3,King Drive,,Mon,Tue,Wed,Thu,Fri
05:17:50,20,Madison,,Mon,Tue,Wed,Thu,Fri
18:24:22,4,Cottage Grove,,Sat
14:35:51,60,Blue Island/26th,,Sat
08:54:50,20,Madison,,Mon,Tue,Wed,Thu,Fri
13:06:12,3,King Drive,,Sun
22:42:02,60,Blue Island/26th,,Sat
08:44:10,60,Blue Island/26th,,Mon,Tue,Wed,Thu,Fri
17:05:27,60,Blue Island/26th,,Sat
03:00:24,66,Chicago,,Mon
09:20:14,4,Cottage Grove,,Sat
06:18:36,3,King Drive,,Mon,Tue,Wed,Thu,Fri
18:09:12,4,Cottage Grove,,Mon,Tue,Wed,Thu,Fri
12:18:21,60,Blue Island/26th,,Sat
14:35:51,60,Blue Island/26th,,Sat
15:41:01,3,King Drive,,Mon,Tue,Wed,Thu,Fri
19:08:34,4,Cottage Grove,,Mon,Tue,Wed,Thu,Fri
06:07:50,20,Madison,,Mon,Tue,Wed,Thu,Fri
14:37:17,147,Outer DuSable Lake Shore Express,,Sat
18:21:04,60,Blue Island/26th,,Mon,Tue,Wed,Thu,Fri
12:36:35,151,Sheridan,,Mon,Tue,Wed,Thu,Fri
11:58:51,60,Blue Island/26th,,Sat
10:00:42,3,King Drive,,Sun
19:19:09,151,Sheridan,,Mon,Tue,Wed,Thu,Fri
18:00:13,3,King Drive,,Mon,Tue,Wed,Thu,Fri
19:50:09,147,Outer DuSable Lake Shore Express,,Sat
07:19:31,4,Cottage Grove,,Mon,Tue,Wed,Thu,Fri
09:25:01,124,Navy Pier,,Mon,Tue,Wed,Thu,Fri
11:54:56,124,Navy Pier,,Sat
12:00:45,60,Blue Island/26th,,Mon,Tue,Wed,Thu,Fri
21:04:46,157,Streeterville/Taylor,,Mon,Tue,Wed,Thu,Fri
10:24:15,60,Blue Island/26th,,Mon,Tue,Wed,Thu,Fri
15:47:39,147,Outer DuSable Lake Shore Express,,Sun
08:32:18,143,Stockton/Michigan Express,,Mon,Tue,Wed,Thu,Fri
17:17:28,26,South Shore Express,,Mon,Tue,Wed,Thu,Fri
10:16:12,3,King Drive,,Sun
11:48:51,60,Blue Island/26th,,Sat
17:45:27,60,Blue Island/26th,,Sat
06:06:30,151,Sheridan,,Sun
17:11:16,151,Sheridan,,Mon,Tue,Wed,Thu,Fri
14:44:25,157,Streeterville/Taylor,,Mon,Tue,Wed,Thu,Fri
16:33:02,4,Cottage Grove,,Mon,Tue,Wed,Thu,Fri
18:03:19,151,Sheridan,,Sun
15:25:30,151,Sheridan,,Sat
20:05:04,151,Sheridan,,Mon,Tue,Wed,Thu,Fri
10:55:07,124,Navy Pier,,Sat
13:18:42,3,King Drive,,Sun
18:02:21,26,South Shore Express,,Mon,Tue,Wed,Thu,Fri
08:20:06,4,Cottage Grove,,Sun
19:06:10,151,Sheridan,,Mon,Tue,Wed,Thu,Fri
07:33:20,20,Madison,,Mon,Tue,Wed,Thu,Fri
21:30:36,26,South Shore Express,,Mon,Tue,Wed,Thu,Fri
12:09:34,151,Sheridan,,Sun
15:28:31,3,King Drive,,Sat
22:11:14,4,Cottage Grove,,Sat
22:34:38,60,Blue Island/26th,,Sun
17:30:25,3,King Drive,,Mon,Tue,Wed,Thu,Fri
23:31:29,151,Sheridan,,Sat
10:27:45,151,Sheridan,,Sun
14:07:09,147,Outer DuSable Lake Shore Express,,Sun
16:31:02,60,Blue Island/26th,,Sun
07:35:12,3,King Drive,,Mon,Tue,Wed,Thu,Fri
08:52:15,151,Sheridan,,Sun
11:10:14,4,Cottage Grove,,Sun
09:36:39,4,Cottage Grove,,Mon,Tue,Wed,Thu,Fri
15:19:42,X4,Cottage Grove Express,,Mon,Tue,Wed,Thu,Fri
22:15:38,60,Blue Island/26th,,Sun
19:37:36,3,King Drive,,Mon,Tue,Wed,Thu,Fri
07:44:54,3,King Drive,,Mon,Tue,Wed,Thu,Fri
11:45:52,4,Cottage Grove,,Sat
08:10:06,4,Cottage Grove,,Sun
12:27:24,147,Outer DuSable Lake Shore Express,,Sun
16:21:32,147,Outer DuSable Lake Shore Express,,Sat
15:16:25,4,Cottage Grove,,Mon,Tue,Wed,Thu,Fri
08:16:05,151,Sheridan,,Mon,Tue,Wed,Thu,Fri
09:36:50,20,Madison,,Mon,Tue,Wed,Thu,Fri
08:47:18,3,King Drive,,Sat
05:26:13,151,Sheridan,,Mon,Tue,Wed,Thu,Fri
22:15:44,4,Cottage Grove,,Sun
17:42:52,4,Cottage Grove,,Sat
17:59:30,157,Streeterville/Taylor,,Mon,Tue,Wed,Thu,Fri
07:41:57,157,Streeterville/Taylor,,Mon,Tue,Wed,Thu,Fri
14:59:45,60,Blue Island/26th,,Mon,Tue,Wed,Thu,Fri
07:10:06,4,Cottage Grove,,Sat
17:26:20,20,Madison,,Mon,Tue,Wed,Thu,Fri
10:46:17,147,Outer DuSable Lake Shore Express,,Sat
05:09:28,4,Cottage Grove,,Mon,Tue,Wed,Thu,Fri
13:06:51,60,Blue Island/26th,,Sat
22:19:14,4,Cottage Grove,,Mon,Tue,Wed,Thu,Fri
17:31:05,4,Cottage Grove,,Mon,Tue,Wed,Thu,Fri
20:06:39,4,Cottage Grove,,Sat
08:34:39,147,Outer DuSable Lake Shore Express,,Sun
06:51:19,4,Cottage Grove,,Mon,Tue,Wed,Thu,Fri
21:49:44,4,Cottage Grove,,Sat
21:13:36,3,King Drive,,Mon,Tue,Wed,Thu,Fri
10:00:27,124,Navy Pier,,Sun
05:26:10,151,Sheridan,,Mon,Tue,Wed,Thu,Fri
05:54:54,4,Cottage Grove,,Sat
18:34:17,147,Outer DuSable Lake Shore Express,,Sat
12:40:05,151,Sheridan,,Sun
22:04:42,3,King Drive,,Sat
22:26:18,151,Sheridan,,Sun
12:06:24,147,Outer DuSable Lake Shore Express,,Sun
15:35:51,60,Blue Island/26th,,Sat
09:19:50,20,Madison,,Mon,Tue,Wed,Thu,Fri
09:50:55,151,Sheridan,,Mon,Tue,Wed,Thu,Fri
18:35:02,60,Blue Island/26th,,Sat
07:23:20,20,Madison,,Mon,Tue,Wed,Thu,Fri
10:53:47,147,Outer DuSable Lake Shore Express,,Mon,Tue,Wed,Thu,Fri
19:46:36,3,King Drive,,Mon,Tue,Wed,Thu,Fri
21:49:14,4,Cottage Grove,,Mon,Tue,Wed,Thu,Fri
09:36:50,20,Madison,,Mon,Tue,Wed,Thu,Fri
23:19:46,147,Outer DuSable Lake Shore Express,,Sun
12:57:31,3,King Drive,,Sat
18:57:47,4,Cottage Grove,,Mon,Tue,Wed,Thu,Fri
19:50:15,60,Blue Island/26th,,Mon,Tue,Wed,Thu,Fri
17:46:55,124,Navy Pier,,Mon,Tue,Wed,Thu,Fri
08:14:39,147,Outer DuSable Lake Shore Express,,Sun
18:11:04,60,Blue Island/26th,,Mon,Tue,Wed,Thu,Fri
18:03:32,147,Outer DuSable Lake Shore Express,,Sun
16:12:30,157,Streeterville/Taylor,,Mon,Tue,Wed,Thu,Fri
22:41:48,3,King Drive,,Sun
16:30:02,147,Outer DuSable Lake Shore Express,,Sat
14:51:09,147,Outer DuSable Lake Shore Express,,Sun
15:54:50,4,Cottage Grove,,Mon,Tue,Wed,Thu,Fri
06:48:48,3,King Drive,,Mon,Tue,Wed,Thu,Fri
07:49:20,20,Madison,,Mon,Tue,Wed,Thu,Fri
17:15:27,60,Blue Island/26th,,Sat
12:10:14,4,Cottage Grove,,Sun
10:42:41,147,Outer DuSable Lake Shore Express,,Mon,Tue,Wed,Thu,Fri
16:54:28,26,South Shore Express,,Mon,Tue,Wed,Thu,Fri
13:40:46,124,Navy Pier,,Sat
12:04:36,3,King Drive,,Mon,Tue,Wed,Thu,Fri
16:49:28,60,Blue Island/26th,,Mon,Tue,Wed,Thu,Fri
18:25:55,151,Sheridan,,Mon,Tue,Wed,Thu,Fri
19:21:15,151,Sheridan,,Sat
21:41:09,147,Outer DuSable Lake Shore Express,,Mon,Tue,Wed,Thu,Fri
16:47:15,X4,Cottage Grove Express,,Mon,Tue,Wed,Thu,Fri
18:07:21,124,Navy Pier,,Mon,Tue,Wed,Thu,Fri
08:23:39,147,Outer DuSable Lake Shore Express,,Sun
14:48:04,4,Cottage Grove,,Sat
20:40:30,3,King Drive,,Sun
05:59:24,4,Cottage Grove,,Sun
06:12:10,151,Sheridan,,Mon,Tue,Wed,Thu,Fri
09:16:23,151,Sheridan,,Sun
20:47:32,147,Outer DuSable Lake Shore Express,,Mon,Tue,Wed,Thu,Fri
15:24:16,124,Navy Pier,,Sat
19:47:51,124,Navy Pier,,Sat
12:32:42,4,Cottage Grove,,Mon,Tue,Wed,Thu,Fri
24:25:30,151,Sheridan,,Sun
09:38:45,60,Blue Island/26th,,Mon,Tue,Wed,Thu,Fri
13:06:51,60,Blue Island/26th,,Sat
08:34:34,157,Streeterville/Taylor,,Mon,Tue,Wed,Thu,Fri
20:43:36,3,King Drive,,Mon,Tue,Wed,Thu,Fri
15:57:30,151,Sheridan,,Sat
16:34:16,124,Navy Pier,,Sun
11:01:36,3,King Drive,,Sat
12:50:14,4,Cottage Grove,,Sun
07:57:20,20,Madison,,Mon,Tue,Wed,Thu,Fri
23:30:38,151,Sheridan,,Mon,Tue,Wed,Thu,Fri
06:29:18,3,King Drive,,Mon,Tue,Wed,Thu,Fri
17:33:58,26,South Shore Express,,Mon,Tue,Wed,Thu,Fri
17:33:24,3,King Drive,,Sun
10:49:54,147,Outer DuSable Lake Shore Express,,Sun
07:23:20,20,Madison,,Mon,Tue,Wed,Thu,Fri
10:37:39,4,Cottage Grove,,Mon,Tue,Wed,Thu,Fri
14:36:25,4,Cottage Grove,,Mon,Tue,Wed,Thu,Fri
12:11:17,147,Outer DuSable Lake Shore Express,,Sat
16:46:25,151,Sheridan,,Sat
17:41:05,4,Cottage Grove,,Mon,Tue,Wed,Thu,Fri
18:55:02,60,Blue Island/26th,,Sat
09:24:50,20,Madison,,Mon,Tue,Wed,Thu,Fri
23:35:48,3,King Drive,,Sat
11:00:54,147,Outer DuSable Lake Shore Express,,Sun
05:49:21,60,Blue Island/26th,,Mon,Tue,Wed,Thu,Fri
07:35:39,147,Outer DuSable Lake Shore Express,,Sun
18:25:02,60,Blue Island/26th,,Sat
07:40:10,151,Sheridan,,Mon,Tue,Wed,Thu,Fri
09:39:04,147,Outer DuSable Lake Shore Express,,Mon,Tue,Wed,Thu,Fri
15:56:02,147,Outer DuSable Lake Shore Express,,Sat
06:12:14,151,Sheridan,,Mon,Tue,Wed,Thu,Fri
17:17:32,147,Outer DuSable Lake Shore Express,,Sun
06:35:24,4,Cottage Grove,,Mon,Tue,Wed,Thu,Fri
20:27:20,151,Sheridan,,Sun
16:23:34,60,Blue Island/26th,,Mon,Tue,Wed,Thu,Fri
12:12:10,151,Sheridan,,Mon,Tue,Wed,Thu,Fri
18:45:02,60,Blue Island/26th,,Sat
22:46:25,151,Sheridan,,Sat
10:26:39,4,Cottage Grove,,Mon,Tue,Wed,Thu,Fri
17:04:34,4,Cottage Grove,,Sat
19:01:25,151,Sheridan,,Sat
06:27:50,20,Madison,,Mon,Tue,Wed,Thu,Fri
08:00:31,4,Cottage Grove,,Mon,Tue,Wed,Thu,Fri
18:11:42,X4,Cottage Grove Express,,Mon,Tue,Wed,Thu,Fri
08:23:08,60,Blue Island/26th,,Sun
10:06:57,60,Blue Island/26th,,Sat
17:27:39,4,Cottage Grove,,Sun
17:05:04,4,Cottage Grove,,Sat
18:30:18,3,King Drive,,Mon,Tue,Wed,Thu,Fri
23:53:36,4,Cottage Grove,,Sat
16:21:14,151,Sheridan,,Sun
09:57:45,60,Blue Island/26th,,Mon,Tue,Wed,Thu,Fri
14:41:09,147,Outer DuSable Lake Shore Express,,Mon,Tue,Wed,Thu,Fri
10:15:11,147,Outer DuSable Lake Shore Express,,Mon,Tue,Wed,Thu,Fri
15:20:04,4,Cottage Grove,,Sat
08:27:09,143,Stockton/Michigan Express,,Mon,Tue,Wed,Thu,Fri
14:27:22,124,Navy Pier,,Sun
19:00:20,20,Madison,,Mon,Tue,Wed,Thu,Fri
11:37:17,147,Outer DuSable Lake Shore Express,,Sat
20:43:36,3,King Drive,,Mon,Tue,Wed,Thu,Fri
23:20:36,3,King Drive,,Sun
16:07:39,4,Cottage Grove,,Sun
14:54:31,3,King Drive,,Sat
15:55:01,3,King Drive,,Mon,Tue,Wed,Thu,Fri
16:46:30,151,Sheridan,,Sat
05:40:21,60,Blue Island/26th,,Mon,Tue,Wed,Thu,Fri
10:29:11,147,Outer DuSable Lake Shore Express,,Sat
20:27:02,147,Outer DuSable Lake Shore Express,,Sat
07:35:06,4,Cottage Grove,,Sun
12:36:00,151,Sheridan,,Sat
17:41:28,60,Blue Island/26th,,Mon,Tue,Wed,Thu,Fri
08:31:11,147,Outer DuSable Lake Shore Express,,Mon,Tue,Wed,Thu,Fri
01:01:17,66,Chicago,,Mon
07:07:05,151,Sheridan,,Sun
14:29:09,147,Outer DuSable Lake Shore Express,,Sun
17:37:10,157,Streeterville/Taylor,,Mon,Tue,Wed,Thu,Fri
19:22:46,147,Outer DuSable Lake Shore Express,,Sun
21:15:27,60,Blue Island/26th,,Mon,Tue,Wed,Thu,Fri
19:30:40,60,Blue Island/26th,,Mon,Tue,Wed,Thu,Fri
17:11:53,X4,Cottage Grove Express,,Mon,Tue,Wed,Thu,Fri
19:54:50,151,Sheridan,,Sun
08:17:53,151,Sheridan,,Sat
05:40:21,60,Blue Island/26th,,Mon,Tue,Wed,Thu,Fri
18:11:42,X4,Cottage Grove Express,,Mon,Tue,Wed,Thu,Fri
17:35:55,3,King Drive,,Mon,Tue,Wed,Thu,Fri
16:02:40,151,Sheridan,,Mon,Tue,Wed,Thu,Fri
11:38:52,124,Navy Pier,,Sun
19:34:39,151,Sheridan,,Mon,Tue,Wed,Thu,Fri
16:57:39,4,Cottage Grove,,Sun
23:44:06,3,King Drive,,Mon,Tue,Wed,Thu,Fri
14:39:00,151,Sheridan,,Mon,Tue,Wed,Thu,Fri
07:33:49,4,Cottage Grove,,Sat
08:48:17,147,Outer DuSable Lake Shore Express,,Mon,Tue,Wed,Thu,Fri
01:01:17,66,Chicago,,Sun
11:42:21,124,Navy Pier,,Mon,Tue,Wed,Thu,Fri
16:20:50,20,Madison,,Mon,Tue,Wed,Thu,Fri
17:02:28,26,South Shore Express,,Mon,Tue,Wed,Thu,Fri
16:25:04,4,Cottage Grove,,Sat
11:59:30,151,Sheridan,,Sun
06:49:43,151,Sheridan,,Sat
23:33:44,4,Cottage Grove,,Sat
07:18:30,3,King Drive,,Mon,Tue,Wed,Thu,Fri
08:30:06,4,Cottage Grove,,Sun
12:30:14,4,Cottage Grove,,Sun
16:34:21,124,Navy Pier,,Mon,Tue,Wed,Thu,Fri
17:14:36,3,King Drive,,Sat
09:40:20,151,Sheridan,,Sun
15:54:31,3,King Drive,,Sat
11:46:04,4,Cottage Grove,,Mon,Tue,Wed,Thu,Fri
22:46:15,151,Sheridan,,Sun
13:37:39,4,Cottage Grove,,Sun
09:01:02,60,Blue Island/26th,,Sun
18:16:51,124,Navy Pier,,Sat
12:27:24,147,Outer DuSable Lake Shore Express,,Sun
11:44:24,147,Outer DuSable Lake Shore Express,,Sun
07:55:40,60,Blue Island/26th,,Mon,Tue,Wed,Thu,Fri
09:11:00,151,Sheridan,,Mon,Tue,Wed,Thu,Fri
15:36:09,147,Outer DuSable Lake Shore Express,,Sun
11:33:47,147,Outer DuSable Lake Shore Express,,Mon,Tue,Wed,Thu,Fri
20:26:46,157,Streeterville/Taylor,,Mon,Tue,Wed,Thu,Fri
09:12:19,4,Cottage Grove,,Sun
06:05:06,3,King Drive,,Mon,Tue,Wed,Thu,Fri
08:52:27,60,Blue Island/26th,,Sat
19:02:48,157,Streeterville/Taylor,,Mon,Tue,Wed,Thu,Fri
09:51:49,4,Cottage Grove,,Sun
08:38:01,X4,Cottage Grove Express,,Mon,Tue,Wed,Thu,Fri
14:56:25,4,Cottage Grove,,Mon,Tue,Wed,Thu,Fri
17:18:30,151,Sheridan,,Sat
11:22:41,147,Outer DuSable Lake Shore Express,,Mon,Tue,Wed,Thu,Fri
08:03:00,157,Streeterville/Taylor,,Mon,Tue,Wed,Thu,Fri
10:25:51,60,Blue Island/26th,,Sat
19:27:20,20,Madison,,Mon,Tue,Wed,Thu,Fri
07:18:01,147,Outer DuSable Lake Shore Express,,Sat
15:07:12,X4,Cottage Grove Express,,Mon,Tue,Wed,Thu,Fri
17:35:55,3,King Drive,,Mon,Tue,Wed,Thu,Fri
22:02:42,3,King Drive,,Mon,Tue,Wed,Thu,Fri
13:33:24,147,Outer DuSable Lake Shore Express,,Sun
16:12:31,3,King Drive,,Sat
17:06:02,147,Outer DuSable Lake Shore Express,,Sun
08:38:18,143,Stockton/Michigan Express,,Mon,Tue,Wed,Thu,Fri
12:56:51,60,Blue Island/26th,,Sat
23:00:36,3,King Drive,,Sun
08:43:41,147,Outer DuSable Lake Shore Express,,Mon,Tue,Wed,Thu,Fri
04:33:24,66,Chicago,,Mon,Tue,Wed,Thu,Fri
19:55:36,3,King Drive,,Mon,Tue,Wed,Thu,Fri
08:57:58,143,Stockton/Michigan Express,,Mon,Tue,Wed,Thu,Fri
10:31:12,3,King Drive,,Sun
18:42:47,147,Outer DuSable Lake Shore Express,,Sat
11:22:41,147,Outer DuSable Lake Shore Express,,Mon,Tue,Wed,Thu,Fri
12:28:11,147,Outer DuSable Lake Shore Express,,Sat
10:35:51,60,Blue Island/26th,,Sat
18:49:08,60,Blue Island/26th,,Sun
13:44:24,147,Outer DuSable Lake Shore Express,,Sun
20:19:09,4,Cottage Grove,,Sun
09:58:27,60,Blue Island/26th,,Sat
16:38:24,3,King Drive,,Sun
17:41:36,3,King Drive,,Sat
03:00:24,66,Chicago,,Tue,Wed,Thu,Fri,Sat
18:47:39,4,Cottage Grove,,Sun
16:10:50,20,Madison,,Mon,Tue,Wed,Thu,Fri
05:42:06,3,King Drive,,Sat
20:33:36,3,King Drive,,Mon,Tue,Wed,Thu,Fri
12:03:42,3,King Drive,,Sun
07:35:15,151,Sheridan,,Mon,Tue,Wed,Thu,Fri
16:17:39,4,Cottage Grove,,Sun
13:44:24,147,Outer DuSable Lake Shore Express,,Sun
14:28:39,147,Outer DuSable Lake Shore Express,,Mon,Tue,Wed,Thu,Fri
16:04:50,20,Madison,,Mon,Tue,Wed,Thu,Fri
17:44:51,151,Sheridan,,Mon,Tue,Wed,Thu,Fri
06:58:48,3,King Drive,,Mon,Tue,Wed,Thu,Fri
20:10:09,4,Cottage Grove,,Sun
09:46:09,147,Outer DuSable Lake Shore Express,,Mon,Tue,Wed,Thu,Fri
12:12:26,124,Navy Pier,,Sat
09:11:27,124,Navy Pier,,Sat
19:37:22,4,Cottage Grove,,Sat
21:32:53,151,Sheridan,,Sat
20:57:09,4,Cottage Grove,,Mon,Tue,Wed,Thu,Fri
17:46:50,20,Madison,,Mon,Tue,Wed,Thu,Fri
16:57:25,3,King Drive,,Mon,Tue,Wed,Thu,Fri
19:08:12,3,King Drive,,Sun
21:04:54,147,Outer DuSable Lake Shore Express,,Mon,Tue,Wed,Thu,Fri
13:53:04,4,Cottage Grove,,Sat
19:49:30,151,Sheridan,,Mon,Tue,Wed,Thu,Fri
12:27:22,124,Navy Pier,,Sun
17:10:25,151,Sheridan,,Sat
13:52:39,147,Outer DuSable Lake Shore Express,,Mon,Tue,Wed,Thu,Fri
07:55:49,4,Cottage Grove,,Sat
17:06:02,147,Outer DuSable Lake Shore Express,,Sun
13:26:28,26,South Shore Express,,Mon,Tue,Wed,Thu,Fri
17:05:48,3,King Drive,,Sat
16:50:36,124,Navy Pier,,Sat
13:32:35,151,Sheridan,,Sat
12:05:18,3,King Drive,,Sat
19:50:54,3,King Drive,,Sat
00:52:22,151,Sheridan,,Tue,Wed,Thu,Fri,Sat
18:22:41,124,Navy Pier,,Mon,Tue,Wed,Thu,Fri
14:27:25,157,Streeterville/Taylor,,Mon,Tue,Wed,Thu,Fri
13:51:42,4,Cottage Grove,,Mon,Tue,Wed,Thu,Fri
11:55:18,3,King Drive,,Sat
01:31:17,66,Chicago,,Tue,Wed,Thu,Fri,Sat
14:01:42,4,Cottage Grove,,Mon,Tue,Wed,Thu,Fri
20:55:02,60,Blue Island/26th,,Sat
17:32:36,3,King Drive,,Sat
14:27:25,157,Streeterville/Taylor,,Mon,Tue,Wed,Thu,Fri
23:31:36,3,King Drive,,Mon,Tue,Wed,Thu,Fri
06:22:06,3,King Drive,,Sat
08:33:27,60,Blue Island/26th,,Sat
19:00:40,60,Blue Island/26th,,Mon,Tue,Wed,Thu,Fri
20:20:15,60,Blue Island/26th,,Mon,Tue,Wed,Thu,Fri
11:49:30,151,Sheridan,,Sun
08:55:49,4,Cottage Grove,,Sat
12:10:11,124,Navy Pier,,Mon,Tue,Wed,Thu,Fri
21:45:48,3,King Drive,,Sun
14:52:30,151,Sheridan,,Sat
07:02:18,3,King Drive,,Sat
23:53:38,60,Blue Island/26th,,Mon,Tue,Wed,Thu,Fri
15:39:02,147,Outer DuSable Lake Shore Express,,Sat
20:46:45,151,Sheridan,,Sun
21:46:18,151,Sheridan,,Sun
08:23:57,60,Blue Island/26th,,Sat
07:27:30,3,King Drive,,Mon,Tue,Wed,Thu,Fri
19:16:09,4,Cottage Grove,,Sun
17:13:55,3,King Drive,,Mon,Tue,Wed,Thu,Fri
09:28:23,151,Sheridan,,Sun
07:56:10,151,Sheridan,,Mon,Tue,Wed,Thu,Fri
20:23:36,3,King Drive,,Mon,Tue,Wed,Thu,Fri
10:11:49,4,Cottage Grove,,Sun
18:57:39,4,Cottage Grove,,Sun
15:45:51,60,Blue Island/26th,,Sat
19:35:02,60,Blue Island/26th,,Sat
06:17:45,60,Blue Island/26th,,Mon,Tue,Wed,Thu,Fri
15:58:41,124,Navy Pier,,Sat
09:23:36,147,Outer DuSable Lake Shore Express,,Sun
22:34:38,60,Blue Island/26th,,Sun
21:24:46,157,Streeterville/Taylor,,Mon,Tue,Wed,Thu,Fri
16:30:31,3,King Drive,,Sat
15:09:15,60,Blue Island/26th,,Mon,Tue,Wed,Thu,Fri
16:10:32,X4,Cottage Grove Express,,Mon,Tue,Wed,Thu,Fri
18:22:53,157,Streeterville/Taylor,,Mon,Tue,Wed,Thu,Fri
13:24:35,151,Sheridan,,Sat
17:38:09,4,Cottage Grove,,Sun
10:31:49,157,Streeterville/Taylor,,Mon,Tue,Wed,Thu,Fri
09:57:56,4,Cottage Grove,,Sat
19:00:20,20,Madison,,Mon,Tue,Wed,Thu,Fri
16:58:25,147,Outer DuSable Lake Shore Express,,Mon,Tue,Wed,Thu,Fri
23:44:06,3,King Drive,,Mon,Tue,Wed,Thu,Fri
16:34:43,3,King Drive,,Mon,Tue,Wed,Thu,Fri
20:18:09,147,Outer DuSable Lake Shore Express,,Sat
12:24:40,151,Sheridan,,Mon,Tue,Wed,Thu,Fri
07:12:40,60,Blue Island/26th,,Mon,Tue,Wed,Thu,Fri
10:35:19,151,Sheridan,,Mon,Tue,Wed,Thu,Fri
22:06:18,151,Sheridan,,Sun
21:13:36,3,King Drive,,Mon,Tue,Wed,Thu,Fri
23:18:44,4,Cottage Grove,,Sat
07:33:57,147,Outer DuSable Lake Shore Express,,Mon,Tue,Wed,Thu,Fri
09:07:50,147,Outer DuSable Lake Shore Express,,Sat
09:06:45,60,Blue Island/26th,,Mon,Tue,Wed,Thu,Fri
17:34:47,147,Outer DuSable Lake Shore Express,,Sat
21:11:38,60,Blue Island/26th,,Sun
12:27:50,151,Sheridan,,Sat
17:14:36,3,King Drive,,Sat
05:30:21,60,Blue Island/26th,,Mon,Tue,Wed,Thu,Fri
20:33:20,151,Sheridan,,Sat
18:58:09,4,Cottage Grove,,Sun
09:58:16,147,Outer DuSable Lake Shore Express,,Sun
23:16:08,60,Blue Island/26th,,Sun
13:28:47,147,Outer DuSable Lake Shore Express,,Sat
22:15:38,60,Blue Island/26th,,Sun
15:32:02,60,Blue Island/26th,,Sun
17:53:43,3,King Drive,,Mon,Tue,Wed,Thu,Fri
08:13:54,147,Outer DuSable Lake Shore Express,,Sat
14:36:30,151,Sheridan,,Sat
15:05:04,4,Cottage Grove,,Sat
14:37:58,26,South Shore Express,,Mon,Tue,Wed,Thu,Fri
11:22:24,3,King Drive,,Mon,Tue,Wed,Thu,Fri
11:51:15,60,Blue Island/26th,,Mon,Tue,Wed,Thu,Fri
07:14:40,151,Sheridan,,Mon,Tue,Wed,Thu,Fri
09:57:39,4,Cottage Grove,,Mon,Tue,Wed,Thu,Fri
16:22:25,151,Sheridan,,Sat
10:29:54,147,Outer DuSable Lake Shore Express,,Sun
08:51:26,X4,Cottage Grove Express,,Mon,Tue,Wed,Thu,Fri
10:11:04,147,Outer DuSable Lake Shore Express,,Sat
19:19:05,151,Sheridan,,Mon,Tue,Wed,Thu,Fri
09:33:54,147,Outer DuSable Lake Shore Express,,Sat
12:06:04,4,Cottage Grove,,Sat
08:13:04,157,Streeterville/Taylor,,Mon,Tue,Wed,Thu,Fri
14:20:49,151,Sheridan,,Sun
05:40:09,147,Outer DuSable Lake Shore Express,,Mon,Tue,Wed,Thu,Fri
19:49:08,60,Blue Island/26th,,Sun
14:18:09,147,Outer DuSable Lake Shore Express,,Sun
14:32:36,3,King Drive,,Mon,Tue,Wed,Thu,Fri
10:19:47,147,Outer DuSable Lake Shore Express,,Sat
08:49:53,151,Sheridan,,Sat
15:12:50,20,Madison,,Mon,Tue,Wed,Thu,Fri
22:42:02,60,Blue Island/26th,,Sat
05:51:11,4,Cottage Grove,,Mon,Tue,Wed,Thu,Fri
20:58:09,4,Cottage Grove,,Sun
17:10:10,157,Streeterville/Taylor,,Mon,Tue,Wed,Thu,Fri
17:42:41,124,Navy Pier,,Sat
18:51:04,60,Blue Island/26th,,Mon,Tue,Wed,Thu,Fri
12:13:47,147,Outer DuSable Lake Shore Express,,Mon,Tue,Wed,Thu,Fri
08:26:00,151,Sheridan,,Mon,Tue,Wed,Thu,Fri
14:29:17,147,Outer DuSable Lake Shore Express,,Sat
18:01:28,60,Blue Island/26th,,Mon,Tue,Wed,Thu,Fri
07:30:10,60,Blue Island/26th,,Mon,Tue,Wed,Thu,Fri
11:30:14,4,Cottage Grove,,Sun
12:01:41,147,Outer DuSable Lake Shore Express,,Sat
13:38:17,147,Outer DuSable Lake Shore Express,,Sat
09:02:19,4,Cottage Grove,,Sun
14:26:30,151,Sheridan,,Mon,Tue,Wed,Thu,Fri
04:00:54,66,Chicago,,Sun
10:56:56,4,Cottage Grove,,Sat
06:19:36,4,Cottage Grove,,Sun
23:45:30,151,Sheridan,,Sun
15:28:09,4,Cottage Grove,,Sun
15:54:50,4,Cottage Grove,,Mon,Tue,Wed,Thu,Fri
16:41:14,151,Sheridan,,Sun
19:11:19,151,Sheridan,,Sat
17:40:02,147,Outer DuSable Lake Shore Express,,Mon,Tue,Wed,Thu,Fri
08:24:54,3,King Drive,,Mon,Tue,Wed,Thu,Fri
20:13:36,3,King Drive,,Mon,Tue,Wed,Thu,Fri
15:31:17,147,Outer DuSable Lake Shore Express,,Mon,Tue,Wed,Thu,Fri
10:24:12,3,King Drive,,Sat
16:39:31,3,King Drive,,Sat
12:44:27,157,Streeterville/Taylor,,Mon,Tue,Wed,Thu,Fri
19:21:19,151,Sheridan,,Sat
16:31:32,147,Outer DuSable Lake Shore Express,,Sun
17:11:24,3,King Drive,,Sun
11:06:32,60,Blue Island/26th,,Sun
13:10:30,151,Sheridan,,Sun
07:16:02,60,Blue Island/26th,,Sat
11:46:09,151,Sheridan,,Sat
12:05:18,3,King Drive,,Sat
06:26:15,60,Blue Island/26th,,Mon,Tue,Wed,Thu,Fri
18:19:32,60,Blue Island/26th,,Sun
08:01:06,3,King Drive,,Sun
10:34:15,60,Blue Island/26th,,Mon,Tue,Wed,Thu,Fri
22:13:42,3,King Drive,,Mon,Tue,Wed,Thu,Fri
16:21:31,3,King Drive,,Sat
09:06:39,4,Cottage Grove,,Mon,Tue,Wed,Thu,Fri
08:44:50,20,Madison,,Mon,Tue,Wed,Thu,Fri
13:21:04,4,Cottage Grove,,Sat
08:31:10,151,Sheridan,,Mon,Tue,Wed,Thu,Fri
16:47:15,X4,Cottage Grove Express,,Mon,Tue,Wed,Thu,Fri
11:29:20,151,Sheridan,,Sun
08:02:10,60,Blue Island/26th,,Mon,Tue,Wed,Thu,Fri
08:34:54,3,King Drive,,Mon,Tue,Wed,Thu,Fri
11:33:02,60,Blue Island/26th,,Sun
15:26:50,20,Madison,,Mon,Tue,Wed,Thu,Fri
15:05:20,20,Madison,,Mon,Tue,Wed,Thu,Fri
18:15:02,147,Outer DuSable Lake Shore Express,,Sun
10:31:49,4,Cottage Grove,,Sun
15:02:09,147,Outer DuSable Lake Shore Express,,Sun
17:05:28,60,Blue Island/26th,,Mon,Tue,Wed,Thu,Fri
18:42:12,124,Navy Pier,,Sun
06:14:24,4,Cottage Grove,,Sat
15:16:01,3,King Drive,,Mon,Tue,Wed,Thu,Fri
07:39:10,60,Blue Island/26th,,Mon,Tue,Wed,Thu,Fri
17:52:02,147,Outer DuSable Lake Shore Express,,Sun
15:21:04,4,Cottage Grove,,Sat
13:58:09,4,Cottage Grove,,Sun
06:17:38,60,Blue Island/26th,,Sat
06:54:15,60,Blue Island/26th,,Mon,Tue,Wed,Thu,Fri
22:39:16,147,Outer DuSable Lake Shore Express,,Sat
07:16:02,60,Blue Island/26th,,Sat
17:02:25,151,Sheridan,,Sat
05:50:06,3,King Drive,,Mon,Tue,Wed,Thu,Fri
15:56:40,60,Blue Island/26th,,Mon,Tue,Wed,Thu,Fri
06:22:16,147,Outer DuSable Lake Shore Express,,Mon,Tue,Wed,Thu,Fri
18:48:54,147,Outer DuSable Lake Shore Express,,Sun
12:10:45,60,Blue Island/26th,,Mon,Tue,Wed,Thu,Fri
16:32:41,124,Navy Pier,,Sat
04:00:54,66,Chicago,,Sun
05:47:50,20,Madison,,Mon,Tue,Wed,Thu,Fri
18:23:44,151,Sheridan,,Sun
20:58:09,4,Cottage Grove,,Mon,Tue,Wed,Thu,Fri
07:20:53,157,Streeterville/Taylor,,Mon,Tue,Wed,Thu,Fri
08:45:07,143,Stockton/Michigan Express,,Mon,Tue,Wed,Thu,Fri
08:21:15,151,Sheridan,,Mon,Tue,Wed,Thu,Fri
14:57:25,4,Cottage Grove,,Mon,Tue,Wed,Thu,Fri
02:01:17,66,Chicago,,Sun
22:46:29,151,Sheridan,,Sat
19:17:50,20,Madison,,Mon,Tue,Wed,Thu,Fri
04:32:24,66,Chicago,,Sat
18:59:24,147,Outer DuSable Lake Shore Express,,Sun
23:01:20,151,Sheridan,,Sat
11:53:17,4,Cottage Grove,,Mon,Tue,Wed,Thu,Fri
08:30:06,4,Cottage Grove,,Sun
12:02:41,147,Outer DuSable Lake Shore Express,,Mon,Tue,Wed,Thu,Fri
19:05:56,124,Navy Pier,,Mon,Tue,Wed,Thu,Fri
18:26:32,147,Outer DuSable Lake Shore Express,,Sun
12:36:40,151,Sheridan,,Mon,Tue,Wed,Thu,Fri
08:54:50,20,Madison,,Mon,Tue,Wed,Thu,Fri
16:22:30,151,Sheridan,,Sat
09:47:39,4,Cottage Grove,,Mon,Tue,Wed,Thu,Fri
09:14:50,20,Madison,,Mon,Tue,Wed,Thu,Fri
21:30:07,124,Navy Pier,,Sat
14:13:02,60,Blue Island/26th,,Sun
17:41:05,4,Cottage Grove,,Mon,Tue,Wed,Thu,Fri
20:39:08,60,Blue Island/26th,,Sun
10:48:21,124,Navy Pier,,Mon,Tue,Wed,Thu,Fri
15:22:02,60,Blue Island/26th,,Sun
16:38:30,151,Sheridan,,Sat
14:33:04,4,Cottage Grove,,Sat
21:15:27,60,Blue Island/26th,,Mon,Tue,Wed,Thu,Fri
06:44:24,4,Cottage Grove,,Sat
15:48:01,3,King Drive,,Mon,Tue,Wed,Thu,Fri
21:28:18,3,King Drive,,Sun
10:49:24,3,King Drive,,Sat
10:10:02,60,Blue Island/26th,,Sun
14:02:58,26,South Shore Express,,Mon,Tue,Wed,Thu,Fri
16:50:57,60,Blue Island/26th,,Sun
09:24:20,147,Outer DuSable Lake Shore Express,,Sat
17:23:40,157,Streeterville/Taylor,,Mon,Tue,Wed,Thu,Fri
12:11:17,147,Outer DuSable Lake Shore Express,,Sat
18:24:50,20,Madison,,Mon,Tue,Wed,Thu,Fri
14:27:31,3,King Drive,,Sat
18:36:46,124,Navy Pier,,Mon,Tue,Wed,Thu,Fri
09:47:09,X4,Cottage Grove Express,,Mon,Tue,Wed,Thu,Fri
11:19:25,157,Streeterville/Taylor,,Mon,Tue,Wed,Thu,Fri
08:56:39,4,Cottage Grove,,Mon,Tue,Wed,Thu,Fri
00:20:36,3,King Drive,,Mon
07:04:43,151,Sheridan,,Sat
19:19:18,3,King Drive,,Mon,Tue,Wed,Thu,Fri
12:16:04,4,Cottage Grove,,Sat
14:09:24,3,King Drive,,Sun
13:52:27,157,Streeterville/Taylor,,Mon,Tue,Wed,Thu,Fri
21:12:06,26,South Shore Express,,Mon,Tue,Wed,Thu,Fri
12:40:04,4,Cottage Grove,,Sat
08:05:57,60,Blue Island/26th,,Sat
15:57:50,X4,Cottage Grove Express,,Mon,Tue,Wed,Thu,Fri
07:42:38,151,Sheridan,,Sun
20:53:36,3,King Drive,,Mon,Tue,Wed,Thu,Fri
16:35:51,60,Blue Island/26th,,Sat
16:54:32,147,Outer DuSable Lake Shore Express,,Sun
10:40:02,60,Blue Island/26th,,Sun
16:21:02,60,Blue Island/26th,,Sun
17:53:24,3,King Drive,,Sun
18:22:41,124,Navy Pier,,Mon,Tue,Wed,Thu,Fri
16:51:20,20,Madison,,Mon,Tue,Wed,Thu,Fri
16:33:02,4,Cottage Grove,,Mon,Tue,Wed,Thu,Fri
14:48:30,151,Sheridan,,Mon,Tue,Wed,Thu,Fri
12:18:47,147,Outer DuSable Lake Shore Express,,Sat
11:19:25,157,Streeterville/Taylor,,Mon,Tue,Wed,Thu,Fri
23:01:23,151,Sheridan,,Sat
02:01:17,66,Chicago,,Sun
17:46:55,124,Navy Pier,,Mon,Tue,Wed,Thu,Fri
14:50:15,60,Blue Island/26th,,Mon,Tue,Wed,Thu,Fri
13:04:17,147,Outer DuSable Lake Shore Express,,Sat
09:29:39,143,Stockton/Michigan Express,,Mon,Tue,Wed,Thu,Fri
08:39:40,151,Sheridan,,Sun
18:39:08,60,Blue Island/26th,,Sun
16:15:01,3,King Drive,,Mon,Tue,Wed,Thu,Fri
05:57:08,60,Blue Island/26th,,Sat
16:31:50,151,Sheridan,,Mon,Tue,Wed,Thu,Fri
18:07:31,3,King Drive,,Mon,Tue,Wed,Thu,Fri
22:57:10,151,Sheridan,,Mon,Tue,Wed,Thu,Fri
10:30:02,60,Blue Island/26th,,Sun
15:25:51,60,Blue Island/26th,,Sat
13:42:31,3,King Drive,,Sat
16:23:32,4,Cottage Grove,,Mon,Tue,Wed,Thu,Fri
18:17:17,147,Outer DuSable Lake Shore Express,,Sat
11:49:34,151,Sheridan,,Sun
19:31:21,26,South Shore Express,,Mon,Tue,Wed,Thu,Fri
18:41:20,20,Madison,,Mon,Tue,Wed,Thu,Fri
08:12:35,151,Sheridan,,Sun
13:21:06,3,King Drive,,Mon,Tue,Wed,Thu,Fri
16:14:34,60,Blue Island/26th,,Mon,Tue,Wed,Thu,Fri
11:40:44,4,Cottage Grove,,Sun
15:06:09,147,Outer DuSable Lake Shore Express,,Mon,Tue,Wed,Thu,Fri
12:51:22,124,Navy Pier,,Sun
22:48:44,4,Cottage Grove,,Sat
19:28:51,124,Navy Pier,,Sat
15:17:37,124,Navy Pier,,Sun
20:13:36,3,King Drive,,Mon,Tue,Wed,Thu,Fri
21:46:32,60,Blue Island/26th,,Sat
17:51:36,3,King Drive,,Sat
20:44:07,124,Navy Pier,,Sat
15:57:39,4,Cottage Grove,,Sun
23:37:14,4,Cottage Grove,,Mon,Tue,Wed,Thu,Fri
13:57:24,3,King Drive,,Sun
20:33:23,151,Sheridan,,Sat
15:06:54,3,King Drive,,Sun
11:37:22,4,Cottage Grove,,Mon,Tue,Wed,Thu,Fri
12:19:39,151,Sheridan,,Sun
10:00:39,147,Outer DuSable Lake Shore Express,,Mon,Tue,Wed,Thu,Fri
12:26:51,60,Blue Island/26th,,Sat
05:57:41,4,Cottage Grove,,Mon,Tue,Wed,Thu,Fri
09:52:19,4,Cottage Grove,,Sun
15:08:18,3,King Drive,,Mon,Tue,Wed,Thu,Fri
14:26:35,151,Sheridan,,Mon,Tue,Wed,Thu,Fri
06:41:24,X4,Cottage Grove Express,,Mon,Tue,Wed,Thu,Fri
07:45:49,4,Cottage Grove,,Sat
19:57:12,124,Navy Pier,,Mon,Tue,Wed,Thu,Fri
17:37:39,4,Cottage Grove,,Sun
10:01:09,147,Outer DuSable Lake Shore Express,,Sat
09:32:39,X4,Cottage Grove Express,,Mon,Tue,Wed,Thu,Fri
06:07:45,60,Blue Island/26th,,Mon,Tue,Wed,Thu,Fri
11:35:25,151,Sheridan,,Mon,Tue,Wed,Thu,Fri
15:45:51,60,Blue Island/26th,,Sat
14:54:06,26,South Shore Express,,Mon,Tue,Wed,Thu,Fri
17:51:28,60,Blue Island/26th,,Mon,Tue,Wed,Thu,Fri
08:20:31,4,Cottage Grove,,Mon,Tue,Wed,Thu,Fri
12:04:34,4,Cottage Grove,,Sat
16:15:54,3,King Drive,,Sun
18:41:04,60,Blue Island/26th,,Mon,Tue,Wed,Thu,Fri
12:00:14,4,Cottage Grove,,Sun
13:18:42,3,King Drive,,Sun
18:26:32,147,Outer DuSable Lake Shore Express,,Sun
12:02:41,147,Outer DuSable Lake Shore Express,,Mon,Tue,Wed,Thu,Fri
18:49:08,60,Blue Island/26th,,Sun
10:36:56,4,Cottage Grove,,Sat
09:42:02,147,Outer DuSable Lake Shore Express,,Sat
17:21:45,151,Sheridan,,Sun
17:08:25,3,King Drive,,Mon,Tue,Wed,Thu,Fri
11:19:23,151,Sheridan,,Sun
10:09:34,151,Sheridan,,Sat
08:13:18,3,King Drive,,Sat
15:00:35,151,Sheridan,,Sat
20:58:09,4,Cottage Grove,,Sun
16:48:31,3,King Drive,,Sat
23:20:09,147,Outer DuSable Lake Shore Express,,Mon,Tue,Wed,Thu,Fri
10:59:19,151,Sheridan,,Mon,Tue,Wed,Thu,Fri
06:45:50,20,Madison,,Mon,Tue,Wed,Thu,Fri
17:10:30,151,Sheridan,,Sat
09:44:24,3,King Drive,,Mon,Tue,Wed,Thu,Fri
15:22:02,60,Blue Island/26th,,Sun
17:11:05,4,Cottage Grove,,Mon,Tue,Wed,Thu,Fri
11:35:18,3,King Drive,,Sat
13:39:22,124,Navy Pier,,Sun
08:17:50,151,Sheridan,,Sat
15:13:02,147,Outer DuSable Lake Shore Express,,Sat
10:47:51,157,Streeterville/Taylor,,Mon,Tue,Wed,Thu,Fri
13:04:04,4,Cottage Grove,,Sat
08:53:49,4,Cottage Grove,,Sun
14:37:17,147,Outer DuSable Lake Shore Express,,Sat
19:59:47,124,Navy Pier,,Sun
16:15:01,3,King Drive,,Mon,Tue,Wed,Thu,Fri
07:39:30,143,Stockton/Michigan Express,,Mon,Tue,Wed,Thu,Fri
20:07:46,157,Streeterville/Taylor,,Mon,Tue,Wed,Thu,Fri
17:10:57,60,Blue Island/26th,,Sun
18:31:49,151,Sheridan,,Sat
05:37:50,20,Madison,,Mon,Tue,Wed,Thu,Fri
04:32:24,66,Chicago,,Sun
19:55:02,60,Blue Island/26th,,Sat
08:51:07,143,Stockton/Michigan Express,,Mon,Tue,Wed,Thu,Fri
08:34:34,157,Streeterville/Taylor,,Mon,Tue,Wed,Thu,Fri
08:48:17,147,Outer DuSable Lake Shore Express,,Mon,Tue,Wed,Thu,Fri
15:08:36,26,South Shore Express,,Mon,Tue,Wed,Thu,Fri
17:59:37,X4,Cottage Grove Express,,Mon,Tue,Wed,Thu,Fri
06:57:49,X4,Cottage Grove Express,,Mon,Tue,Wed,Thu,Fri
08:39:14,4,Cottage Grove,,Mon,Tue,Wed,Thu,Fri
18:19:32,60,Blue Island/26th,,Sun
17:58:31,151,Sheridan,,Mon,Tue,Wed,Thu,Fri
05:47:50,20,Madison,,Mon,Tue,Wed,Thu,Fri
15:47:39,4,Cottage Grove,,Sun
05:41:15,151,Sheridan,,Mon,Tue,Wed,Thu,Fri
21:15:24,147,Outer DuSable Lake Shore Express,,Sat
16:09:01,3,King Drive,,Mon,Tue,Wed,Thu,Fri
16:41:36,157,Streeterville/Taylor,,Mon,Tue,Wed,Thu,Fri
20:09:08,60,Blue Island/26th,,Sun
19:49:08,60,Blue Island/26th,,Sun
17:29:02,147,Outer DuSable Lake Shore Express,,Sun
23:19:06,3,King Drive,,Mon,Tue,Wed,Thu,Fri
13:17:17,147,Outer DuSable Lake Shore Express,,Mon,Tue,Wed,Thu,Fri
16:17:28,26,South Shore Express,,Mon,Tue,Wed,Thu,Fri
18:30:54,3,King Drive,,Sat
09:56:56,4,Cottage Grove,,Sat
12:24:32,60,Blue Island/26th,,Sun
16:41:04,4,Cottage Grove,,Sat
11:01:36,3,King Drive,,Sat
12:08:51,60,Blue Island/26th,,Sat
18:49:19,157,Streeterville/Taylor,,Mon,Tue,Wed,Thu,Fri
19:35:02,60,Blue Island/26th,,Sat
10:06:45,60,Blue Island/26th,,Mon,Tue,Wed,Thu,Fri
16:05:35,151,Sheridan,,Sat
22:46:42,3,King Drive,,Sat
15:36:55,4,Cottage Grove,,Mon,Tue,Wed,Thu,Fri
16:33:04,4,Cottage Grove,,Sat
08:39:50,20,Madison,,Mon,Tue,Wed,Thu,Fri
13:10:06,3,King Drive,,Mon,Tue,Wed,Thu,Fri
22:00:44,4,Cottage Grove,,Sun
15:28:15,60,Blue Island/26th,,Mon,Tue,Wed,Thu,Fri
07:44:54,3,King Drive,,Mon,Tue,Wed,Thu,Fri
15:17:39,4,Cottage Grove,,Sun
20:47:09,4,Cottage Grove,,Mon,Tue,Wed,Thu,Fri
12:12:42,4,Cottage Grove,,Mon,Tue,Wed,Thu,Fri
15:52:54,3,King Drive,,Sun
16:58:09,4,Cottage Grove,,Sun
05:28:58,4,Cottage Grove,,Mon,Tue,Wed,Thu,Fri
10:34:05,151,Sheridan,,Sat
16:12:31,3,King Drive,,Sat
12:59:15,60,Blue Island/26th,,Mon,Tue,Wed,Thu,Fri
17:51:45,151,Sheridan,,Sat
08:32:02,60,Blue Island/26th,,Sun
17:11:15,151,Sheridan,,Sun
09:19:57,60,Blue Island/26th,,Sat
17:43:24,3,King Drive,,Sun
22:04:14,4,Cottage Grove,,Mon,Tue,Wed,Thu,Fri
20:44:07,124,Navy Pier,,Sat
11:09:20,151,Sheridan,,Sun
13:32:41,124,Navy Pier,,Mon,Tue,Wed,Thu,Fri
17:31:58,60,Blue Island/26th,,Mon,Tue,Wed,Thu,Fri
06:05:41,4,Cottage Grove,,Mon,Tue,Wed,Thu,Fri
19:06:14,151,Sheridan,,Mon,Tue,Wed,Thu,Fri
19:43:09,4,Cottage Grove,,Sun
14:25:51,60,Blue Island/26th,,Sat
14:45:51,60,Blue Island/26th,,Sat
16:37:25,147,Outer DuSable Lake Shore Express,,Sat
14:59:48,3,King Drive,,Mon,Tue,Wed,Thu,Fri
07:35:39,147,Outer DuSable Lake Shore Express,,Sun
16:04:32,147,Outer DuSable Lake Shore Express,,Sat
12:04:36,3,King Drive,,Mon,Tue,Wed,Thu,Fri
10:19:47,147,Outer DuSable Lake Shore Express,,Sat
09:50:59,151,Sheridan,,Sat
14:00:45,151,Sheridan,,Sun
19:59:09,147,Outer DuSable Lake Shore Express,,Sat
07:20:53,157,Streeterville/Taylor,,Mon,Tue,Wed,Thu,Fri
11:24:02,60,Blue Island/26th,,Sun
08:10:09,143,Stockton/Michigan Express,,Mon,Tue,Wed,Thu,Fri
08:24:24,147,Outer DuSable Lake Shore Express,,Sat
17:54:02,147,Outer DuSable Lake Shore Express,,Mon,Tue,Wed,Thu,Fri
16:56:34,4,Cottage Grove,,Sat
08:40:14,4,Cottage Grove,,Mon,Tue,Wed,Thu,Fri
17:25:28,26,South Shore Express,,Mon,Tue,Wed,Thu,Fri
06:45:15,60,Blue Island/26th,,Mon,Tue,Wed,Thu,Fri
08:30:18,3,King Drive,,Sat
16:36:20,20,Madison,,Mon,Tue,Wed,Thu,Fri
19:15:39,147,Outer DuSable Lake Shore Express,,Sat
05:17:50,20,Madison,,Mon,Tue,Wed,Thu,Fri
14:53:02,60,Blue Island/26th,,Sun
17:10:57,60,Blue Island/26th,,Sun
10:44:15,60,Blue Island/26th,,Mon,Tue,Wed,Thu,Fri
11:10:44,4,Cottage Grove,,Sun
08:24:56,124,Navy Pier,,Mon,Tue,Wed,Thu,Fri
09:42:30,3,King Drive,,Sun
17:21:49,151,Sheridan,,Sun
08:03:36,147,Outer DuSable Lake Shore Express,,Sun
18:07:31,3,King Drive,,Mon,Tue,Wed,Thu,Fri
13:32:30,151,Sheridan,,Sat
05:57:04,151,Sheridan,,Mon,Tue,Wed,Thu,Fri
20:09:30,3,King Drive,,Sun
09:48:27,60,Blue Island/26th,,Sat
19:40:15,60,Blue Island/26th,,Mon,Tue,Wed,Thu,Fri
23:00:16,147,Outer DuSable Lake Shore Express,,Sun
17:13:55,3,King Drive,,Mon,Tue,Wed,Thu,Fri
18:03:24,3,King Drive,,Sun
14:50:16,124,Navy Pier,,Sat
12:10:45,151,Sheridan,,Sat
12:44:27,157,Streeterville/Taylor,,Mon,Tue,Wed,Thu,Fri
20:35:29,151,Sheridan,,Mon,Tue,Wed,Thu,Fri
19:10:40,60,Blue Island/26th,,Mon,Tue,Wed,Thu,Fri
08:32:50,147,Outer DuSable Lake Shore Express,,Sat
18:39:08,60,Blue Island/26th,,Sun
11:53:27,157,Streeterville/Taylor,,Mon,Tue,Wed,Thu,Fri
20:28:39,4,Cottage Grove,,Sun
09:54:24,3,King Drive,,Mon,Tue,Wed,Thu,Fri
07:50:06,4,Cottage Grove,,Sun
09:47:09,X4,Cottage Grove Express,,Mon,Tue,Wed,Thu,Fri
01:31:17,66,Chicago,,Tue,Wed,Thu,Fri,Sat
16:10:01,124,Navy Pier,,Mon,Tue,Wed,Thu,Fri
14:37:25,4,Cottage Grove,,Mon,Tue,Wed,Thu,Fri
14:00:49,151,Sheridan,,Sun
18:24:12,X4,Cottage Grove Express,,Mon,Tue,Wed,Thu,Fri
11:04:21,60,Blue Island/26th,,Sat
18:23:06,26,South Shore Express,,Mon,Tue,Wed,Thu,Fri
15:34:40,151,Sheridan,,Mon,Tue,Wed,Thu,Fri
10:06:56,4,Cottage Grove,,Sat
13:51:31,3,King Drive,,Sat
01:19:17,151,Sheridan,,Sun
18:35:51,157,Streeterville/Taylor,,Mon,Tue,Wed,Thu,Fri
18:03:15,151,Sheridan,,Sun
08:06:10,151,Sheridan,,Mon,Tue,Wed,Thu,Fri
10:55:07,124,Navy Pier,,Sat
10:57:56,4,Cottage Grove,,Sat
18:32:50,20,Madison,,Mon,Tue,Wed,Thu,Fri
09:21:49,4,Cottage Grove,,Sun
05:12:55,151,Sheridan,,Sat
15:07:30,151,Sheridan,,Mon,Tue,Wed,Thu,Fri
09:32:12,3,King Drive,,Sat
20:28:32,147,Outer DuSable Lake Shore Express,,Mon,Tue,Wed,Thu,Fri
08:44:50,20,Madison,,Mon,Tue,Wed,Thu,Fri
05:10:11,4,Cottage Grove,,Sat
17:45:27,60,Blue Island/26th,,Sat
22:17:42,3,King Drive,,Sat
15:12:31,3,King Drive,,Sat
14:53:39,147,Outer DuSable Lake Shore Express,,Mon,Tue,Wed,Thu,Fri
10:00:02,60,Blue Island/26th,,Sun
19:29:22,4,Cottage Grove,,Sat
10:25:22,124,Navy Pier,,Sun
12:12:26,124,Navy Pier,,Sat
23:13:38,60,Blue Island/26th,,Mon,Tue,Wed,Thu,Fri
11:13:47,147,Outer DuSable Lake Shore Express,,Mon,Tue,Wed,Thu,Fri
17:13:58,60,Blue Island/26th,,Mon,Tue,Wed,Thu,Fri
11:06:05,151,Sheridan,,Sat
06:53:41,143,Stockton/Michigan Express,,Mon,Tue,Wed,Thu,Fri
13:05:11,124,Navy Pier,,Mon,Tue,Wed,Thu,Fri
13:05:17,147,Outer DuSable Lake Shore Express,,Mon,Tue,Wed,Thu,Fri
11:12:12,3,King Drive,,Sun
21:00:46,147,Outer DuSable Lake Shore Express,,Sun
14:49:04,4,Cottage Grove,,Sat
08:27:38,151,Sheridan,,Sun
00:26:18,3,King Drive,,Sun
15:28:04,4,Cottage Grove,,Sat
13:52:42,4,Cottage Grove,,Mon,Tue,Wed,Thu,Fri
09:30:02,60,Blue Island/26th,,Sun
06:56:14,60,Blue Island/26th,,Sun
12:20:15,60,Blue Island/26th,,Mon,Tue,Wed,Thu,Fri
10:00:42,3,King Drive,,Sun
15:58:27,157,Streeterville/Taylor,,Mon,Tue,Wed,Thu,Fri
07:19:06,3,King Drive,,Sun
14:05:51,60,Blue Island/26th,,Sat
17:57:39,4,Cottage Grove,,Sun
07:46:10,151,Sheridan,,Mon,Tue,Wed,Thu,Fri
09:00:24,147,Outer DuSable Lake Shore Express,,Sat
23:20:14,4,Cottage Grove,,Mon,Tue,Wed,Thu,Fri
08:00:31,X4,Cottage Grove Express,,Mon,Tue,Wed,Thu,Fri
18:31:04,60,Blue Island/26th,,Mon,Tue,Wed,Thu,Fri
07:54:54,3,King Drive,,Mon,Tue,Wed,Thu,Fri
09:48:15,60,Blue Island/26th,,Mon,Tue,Wed,Thu,Fri
19:39:53,151,Sheridan,,Sun
06:05:41,4,Cottage Grove,,Mon,Tue,Wed,Thu,Fri
15:28:15,60,Blue Island/26th,,Mon,Tue,Wed,Thu,Fri
10:38:53,151,Sheridan,,Sun
18:43:32,147,Outer DuSable Lake Shore Express,,Mon,Tue,Wed,Thu,Fri
14:22:36,3,King Drive,,Mon,Tue,Wed,Thu,Fri
21:12:42,3,King Drive,,Sat
10:25:51,60,Blue Island/26th,,Sat
05:57:41,4,Cottage Grove,,Mon,Tue,Wed,Thu,Fri
15:56:17,147,Outer DuSable Lake Shore Express,,Mon,Tue,Wed,Thu,Fri
08:16:09,143,Stockton/Michigan Express,,Mon,Tue,Wed,Thu,Fri
05:49:21,60,Blue Island/26th,,Mon,Tue,Wed,Thu,Fri
08:30:31,4,Cottage Grove,,Mon,Tue,Wed,Thu,Fri
07:23:01,X4,Cottage Grove Express,,Mon,Tue,Wed,Thu,Fri
18:35:12,3,King Drive,,Sun
13:55:45,60,Blue Island/26th,,Mon,Tue,Wed,Thu,Fri
08:19:31,4,Cottage Grove,,Mon,Tue,Wed,Thu,Fri
09:45:11,124,Navy Pier,,Mon,Tue,Wed,Thu,Fri
07:22:18,3,King Drive,,Sat
07:53:16,147,Outer DuSable Lake Shore Express,,Sat
12:39:15,60,Blue Island/26th,,Mon,Tue,Wed,Thu,Fri
09:16:20,151,Sheridan,,Sun
22:45:44,4,Cottage Grove,,Sun
17:11:20,20,Madison,,Mon,Tue,Wed,Thu,Fri
11:54:09,151,Sheridan,,Sat
22:55:08,60,Blue Island/26th,,Sun
11:51:12,3,King Drive,,Sun
17:06:20,20,Madison,,Mon,Tue,Wed,Thu,Fri
09:45:19,157,Streeterville/Taylor,,Mon,Tue,Wed,Thu,Fri
14:48:35,151,Sheridan,,Mon,Tue,Wed,Thu,Fri
20:55:09,4,Cottage Grove,,Sat
08:44:10,60,Blue Island/26th,,Mon,Tue,Wed,Thu,Fri
09:01:41,147,Outer DuSable Lake Shore Express,,Mon,Tue,Wed,Thu,Fri
11:58:02,60,Blue Island/26th,,Sun
08:16:49,4,Cottage Grove,,Sat
10:31:49,157,Streeterville/Taylor,,Mon,Tue,Wed,Thu,Fri
13:09:15,60,Blue Island/26th,,Mon,Tue,Wed,Thu,Fri
17:30:57,60,Blue Island/26th,,Sun
13:45:24,3,King Drive,,Sun
18:40:15,151,Sheridan,,Mon,Tue,Wed,Thu,Fri
12:49:15,60,Blue Island/26th,,Mon,Tue,Wed,Thu,Fri
09:45:12,3,King Drive,,Sat
18:40:19,151,Sheridan,,Mon,Tue,Wed,Thu,Fri
09:20:18,143,Stockton/Michigan Express,,Mon,Tue,Wed,Thu,Fri
11:33:47,147,Outer DuSable Lake Shore Express,,Mon,Tue,Wed,Thu,Fri
23:16:20,151,Sheridan,,Sat
21:45:44,4,Cottage Grove,,Sun
13:05:04,4,Cottage Grove,,Sat
21:05:39,4,Cottage Grove,,Sat
18:39:12,4,Cottage Grove,,Mon,Tue,Wed,Thu,Fri
16:05:30,151,Sheridan,,Sat
14:33:16,124,Navy Pier,,Sat
19:34:32,147,Outer DuSable Lake Shore Express,,Mon,Tue,Wed,Thu,Fri
10:53:15,60,Blue Island/26th,,Mon,Tue,Wed,Thu,Fri
21:03:36,3,King Drive,,Mon,Tue,Wed,Thu,Fri
07:43:27,147,Outer DuSable Lake Shore Express,,Mon,Tue,Wed,Thu,Fri
18:48:54,147,Outer DuSable Lake Shore Express,,Sun
24:30:52,151,Sheridan,,Mon,Tue,Wed,Thu,Fri
21:53:07,124,Navy Pier,,Sat
11:27:56,4,Cottage Grove,,Sat
14:20:54,3,King Drive,,Sun
23:01:02,60,Blue Island/26th,,Sat
11:35:55,157,Streeterville/Taylor,,Mon,Tue,Wed,Thu,Fri
18:38:18,3,King Drive,,Mon,Tue,Wed,Thu,Fri
14:18:09,4,Cottage Grove,,Sun
06:06:33,151,Sheridan,,Sun
10:40:50,147,Outer DuSable Lake Shore Express,,Sun
13:31:42,4,Cottage Grove,,Mon,Tue,Wed,Thu,Fri
10:53:41,147,Outer DuSable Lake Shore Express,,Sat
22:00:14,4,Cottage Grove,,Sat
13:11:47,147,Outer DuSable Lake Shore Express,,Sat
06:39:45,151,Sheridan,,Mon,Tue,Wed,Thu,Fri
10:49:52,124,Navy Pier,,Sun
15:36:04,4,Cottage Grove,,Sat
17:25:28,26,South Shore Express,,Mon,Tue,Wed,Thu,Fri
18:00:17,147,Outer DuSable Lake Shore Express,,Sat
18:46:12,3,King Drive,,Sun
08:34:50,20,Madison,,Mon,Tue,Wed,Thu,Fri
10:47:56,4,Cottage Grove,,Sat
15:58:27,157,Streeterville/Taylor,,Mon,Tue,Wed,Thu,Fri
08:24:17,147,Outer DuSable Lake Shore Express,,Mon,Tue,Wed,Thu,Fri
19:45:02,60,Blue Island/26th,,Sat
22:41:10,151,Sheridan,,Mon,Tue,Wed,Thu,Fri
21:03:25,151,Sheridan,,Sat
09:30:15,60,Blue Island/26th,,Mon,Tue,Wed,Thu,Fri
09:35:50,20,Madison,,Mon,Tue,Wed,Thu,Fri
07:34:19,4,Cottage Grove,,Sat
11:17:39,4,Cottage Grove,,Mon,Tue,Wed,Thu,Fri
16:06:21,26,South Shore Express,,Mon,Tue,Wed,Thu,Fri
06:14:40,151,Sheridan,,Sat
07:09:41,143,Stockton/Michigan Express,,Mon,Tue,Wed,Thu,Fri
20:10:15,60,Blue Island/26th,,Mon,Tue,Wed,Thu,Fri
19:34:35,151,Sheridan,,Mon,Tue,Wed,Thu,Fri
14:20:30,151,Sheridan,,Sat
15:56:02,147,Outer DuSable Lake Shore Express,,Sat
11:40:51,60,Blue Island/26th,,Sat
13:22:42,4,Cottage Grove,,Mon,Tue,Wed,Thu,Fri
08:56:49,4,Cottage Grove,,Sat
17:52:52,4,Cottage Grove,,Sat
10:16:15,60,Blue Island/26th,,Mon,Tue,Wed,Thu,Fri
12:37:06,3,King Drive,,Mon,Tue,Wed,Thu,Fri
07:16:20,147,Outer DuSable Lake Shore Express,,Mon,Tue,Wed,Thu,Fri
23:20:36,3,King Drive,,Sun
16:57:34,4,Cottage Grove,,Sat
10:01:09,147,Outer DuSable Lake Shore Express,,Sat
19:25:09,4,Cottage Grove,,Sun
08:31:15,151,Sheridan,,Mon,Tue,Wed,Thu,Fri
08:43:27,60,Blue Island/26th,,Sat
15:25:01,3,King Drive,,Mon,Tue,Wed,Thu,Fri
07:50:31,4,Cottage Grove,,Mon,Tue,Wed,Thu,Fri
20:47:32,147,Outer DuSable Lake Shore Express,,Mon,Tue,Wed,Thu,Fri
15:00:30,151,Sheridan,,Sat
22:09:48,151,Sheridan,,Mon,Tue,Wed,Thu,Fri
17:59:30,157,Streeterville/Taylor,,Mon,Tue,Wed,Thu,Fri
05:18:58,4,Cottage Grove,,Mon,Tue,Wed,Thu,Fri
18:42:12,124,Navy Pier,,Sun
23:16:08,60,Blue Island/26th,,Sun
18:09:12,4,Cottage Grove,,Mon,Tue,Wed,Thu,Fri
23:03:44,4,Cottage Grove,,Sat
23:30:35,151,Sheridan,,Mon,Tue,Wed,Thu,Fri
13:33:31,3,King Drive,,Sat
12:56:04,4,Cottage Grove,,Sat
19:43:09,4,Cottage Grove,,Sun
06:27:06,147,Outer DuSable Lake Shore Express,,Sat
07:53:16,147,Outer DuSable Lake Shore Express,,Sat
14:16:04,4,Cottage Grove,,Sat
21:06:55,151,Sheridan,,Mon,Tue,Wed,Thu,Fri
15:49:35,151,Sheridan,,Sat
06:29:24,4,Cottage Grove,,Sat
24:19:15,151,Sheridan,,Sat
17:26:52,4,Cottage Grove,,Sat
21:25:08,60,Blue Island/26th,,Sun
13:41:42,4,Cottage Grove,,Mon,Tue,Wed,Thu,Fri
06:39:39,147,Outer DuSable Lake Shore Express,,Sat
17:41:20,20,Madison,,Mon,Tue,Wed,Thu,Fri
17:52:36,26,South Shore Express,,Mon,Tue,Wed,Thu,Fri
09:00:24,147,Outer DuSable Lake Shore Express,,Sat
06:51:50,151,Sheridan,,Mon,Tue,Wed,Thu,Fri
08:04:53,151,Sheridan,,Sat
20:55:39,4,Cottage Grove,,Sat
05:50:06,3,King Drive,,Mon,Tue,Wed,Thu,Fri
10:50:09,151,Sheridan,,Sat
16:00:32,147,Outer DuSable Lake Shore Express,,Sun
12:30:44,4,Cottage Grove,,Sun
19:54:53,151,Sheridan,,Sun
06:53:01,147,Outer DuSable Lake Shore Express,,Sat
21:39:14,4,Cottage Grove,,Sat
08:03:36,147,Outer DuSable Lake Shore Express,,Sun
21:31:26,4,Cottage Grove,,Sun
07:46:49,4,Cottage Grove,,Sat
20:46:48,151,Sheridan,,Sun
08:34:50,20,Madison,,Mon,Tue,Wed,Thu,Fri
21:50:32,124,Navy Pier,,Mon,Tue,Wed,Thu,Fri
22:26:15,151,Sheridan,,Sun
18:58:47,4,Cottage Grove,,Mon,Tue,Wed,Thu,Fri
16:40:57,60,Blue Island/26th,,Sun
19:45:02,60,Blue Island/26th,,Sat
23:37:19,4,Cottage Grove,,Sat
17:49:06,157,Streeterville/Taylor,,Mon,Tue,Wed,Thu,Fri
16:30:25,151,Sheridan,,Sat
22:13:42,3,King Drive,,Mon,Tue,Wed,Thu,Fri
07:18:01,147,Outer DuSable Lake Shore Express,,Sat
19:16:16,157,Streeterville/Taylor,,Mon,Tue,Wed,Thu,Fri
11:20:14,4,Cottage Grove,,Sun
11:38:05,151,Sheridan,,Sat
17:35:50,20,Madison,,Mon,Tue,Wed,Thu,Fri
10:03:26,124,Navy Pier,,Mon,Tue,Wed,Thu,Fri
21:47:25,151,Sheridan,,Sat
10:12:19,4,Cottage Grove,,Sun
07:24:40,151,Sheridan,,Mon,Tue,Wed,Thu,Fri
09:39:04,147,Outer DuSable Lake Shore Express,,Mon,Tue,Wed,Thu,Fri
09:41:20,151,Sheridan,,Mon,Tue,Wed,Thu,Fri
22:48:44,4,Cottage Grove,,Mon,Tue,Wed,Thu,Fri
16:21:31,3,King Drive,,Sat
10:07:56,4,Cottage Grove,,Sat
10:37:12,3,King Drive,,Sat
07:11:06,4,Cottage Grove,,Sat
19:39:37,124,Navy Pier,,Mon,Tue,Wed,Thu,Fri
18:35:06,26,South Shore Express,,Mon,Tue,Wed,Thu,Fri
12:11:42,4,Cottage Grove,,Mon,Tue,Wed,Thu,Fri
12:48:40,151,Sheridan,,Mon,Tue,Wed,Thu,Fri
15:56:17,147,Outer DuSable Lake Shore Express,,Mon,Tue,Wed,Thu,Fri
17:33:50,151,Sheridan,,Sat
16:31:02,60,Blue Island/26th,,Sun
13:10:06,3,King Drive,,Mon,Tue,Wed,Thu,Fri
23:19:38,60,Blue Island/26th,,Sat
16:49:24,3,King Drive,,Sun
18:57:12,3,King Drive,,Sun
06:50:06,4,Cottage Grove,,Sun
17:40:57,60,Blue Island/26th,,Sun
12:54:47,147,Outer DuSable Lake Shore Express,,Sat
17:59:57,60,Blue Island/26th,,Sun
18:17:17,147,Outer DuSable Lake Shore Express,,Sat
18:26:47,147,Outer DuSable Lake Shore Express,,Mon,Tue,Wed,Thu,Fri
19:31:10,151,Sheridan,,Sat
09:11:48,143,Stockton/Michigan Express,,Mon,Tue,Wed,Thu,Fri
07:57:35,151,Sheridan,,Sun
05:04:52,151,Sheridan,,Sun
13:53:06,3,King Drive,,Mon,Tue,Wed,Thu,Fri
21:30:26,4,Cottage Grove,,Sun
06:39:49,151,Sheridan,,Mon,Tue,Wed,Thu,Fri
11:39:25,151,Sheridan,,Sun
24:05:30,151,Sheridan,,Sun
10:34:09,151,Sheridan,,Sat
02:01:17,66,Chicago,,Mon
09:40:55,151,Sheridan,,Mon,Tue,Wed,Thu,Fri
17:51:36,3,King Drive,,Sat
13:40:44,151,Sheridan,,Sun
09:17:39,4,Cottage Grove,,Mon,Tue,Wed,Thu,Fri
22:31:42,3,King Drive,,Sat
22:59:16,147,Outer DuSable Lake Shore Express,,Sat
18:25:02,60,Blue Island/26th,,Sat
12:09:30,151,Sheridan,,Sun
14:58:09,4,Cottage Grove,,Sun
20:55:54,147,Outer DuSable Lake Shore Express,,Sat
07:56:18,3,King Drive,,Sat
10:06:39,4,Cottage Grove,,Mon,Tue,Wed,Thu,Fri
12:35:47,147,Outer DuSable Lake Shore Express,,Sat
20:05:02,60,Blue Island/26th,,Sat
07:40:06,3,King Drive,,Sun
18:22:53,157,Streeterville/Taylor,,Mon,Tue,Wed,Thu,Fri
14:54:42,X4,Cottage Grove Express,,Mon,Tue,Wed,Thu,Fri
08:14:50,20,Madison,,Mon,Tue,Wed,Thu,Fri
20:47:02,147,Outer DuSable Lake Shore Express,,Sat
17:28:09,4,Cottage Grove,,Sun
11:35:18,3,King Drive,,Sat
16:41:31,151,Sheridan,,Mon,Tue,Wed,Thu,Fri
11:51:12,3,King Drive,,Sun
07:31:25,157,Streeterville/Taylor,,Mon,Tue,Wed,Thu,Fri
15:19:50,20,Madison,,Mon,Tue,Wed,Thu,Fri
11:22:51,60,Blue Island/26th,,Sat
12:36:51,60,Blue Island/26th,,Sat
10:25:34,151,Sheridan,,Sat
18:09:32,60,Blue Island/26th,,Sun
24:00:36,3,King Drive,,Sun
08:06:05,151,Sheridan,,Mon,Tue,Wed,Thu,Fri
03:30:24,66,Chicago,,Tue,Wed,Thu,Fri,Sat
12:01:41,147,Outer DuSable Lake Shore Express,,Sat
16:52:10,4,Cottage Grove,,Mon,Tue,Wed,Thu,Fri
08:51:26,X4,Cottage Grove Express,,Mon,Tue,Wed,Thu,Fri
20:18:25,151,Sheridan,,Sat
09:14:50,20,Madison,,Mon,Tue,Wed,Thu,Fri
13:17:17,147,Outer DuSable Lake Shore Express,,Mon,Tue,Wed,Thu,Fri
11:24:18,3,King Drive,,Sat
12:25:04,4,Cottage Grove,,Sat
13:56:09,147,Outer DuSable Lake Shore Express,,Sun
20:05:02,60,Blue Island/26th,,Sat
11:35:55,157,Streeterville/Taylor,,Mon,Tue,Wed,Thu,Fri
21:08:09,4,Cottage Grove,,Sun
13:22:24,147,Outer DuSable Lake Shore Express,,Sun
08:36:49,4,Cottage Grove,,Sat
08:43:36,147,Outer DuSable Lake Shore Express,,Sun
21:03:47,124,Navy Pier,,Mon,Tue,Wed,Thu,Fri
09:19:12,3,King Drive,,Sat
09:35:32,124,Navy Pier,,Sun
16:27:02,157,Streeterville/Taylor,,Mon,Tue,Wed,Thu,Fri
20:35:02,60,Blue Island/26th,,Sat
15:18:24,3,King Drive,,Sun
12:28:11,147,Outer DuSable Lake Shore Express,,Sat
09:18:39,X4,Cottage Grove Express,,Mon,Tue,Wed,Thu,Fri
09:01:05,151,Sheridan,,Mon,Tue,Wed,Thu,Fri
18:22:18,3,King Drive,,Mon,Tue,Wed,Thu,Fri
09:31:23,157,Streeterville/Taylor,,Mon,Tue,Wed,Thu,Fri
17:41:25,3,King Drive,,Mon,Tue,Wed,Thu,Fri
18:05:27,60,Blue Island/26th,,Sat
08:54:54,3,King Drive,,Mon,Tue,Wed,Thu,Fri
17:18:25,151,Sheridan,,Sat
05:27:50,20,Madison,,Mon,Tue,Wed,Thu,Fri
17:20:57,60,Blue Island/26th,,Sun
12:33:02,60,Blue Island/26th,,Sun
14:41:09,147,Outer DuSable Lake Shore Express,,Mon,Tue,Wed,Thu,Fri
22:48:44,4,Cottage Grove,,Sat
16:21:02,60,Blue Island/26th,,Sun
11:44:24,147,Outer DuSable Lake Shore Express,,Sun
13:02:42,4,Cottage Grove,,Mon,Tue,Wed,Thu,Fri
14:24:04,4,Cottage Grove,,Sat
11:54:52,4,Cottage Grove,,Sat
22:34:14,4,Cottage Grove,,Sat
19:39:37,124,Navy Pier,,Mon,Tue,Wed,Thu,Fri
14:00:31,3,King Drive,,Sat
10:50:44,4,Cottage Grove,,Sun
23:53:36,4,Cottage Grove,,Mon,Tue,Wed,Thu,Fri
09:46:39,4,Cottage Grove,,Mon,Tue,Wed,Thu,Fri
11:07:56,4,Cottage Grove,,Sat
20:20:04,151,Sheridan,,Mon,Tue,Wed,Thu,Fri
10:31:12,3,King Drive,,Sun
12:27:55,151,Sheridan,,Sat
06:33:53,157,Streeterville/Taylor,,Mon,Tue,Wed,Thu,Fri
22:16:55,151,Sheridan,,Sat
15:26:00,151,Sheridan,,Mon,Tue,Wed,Thu,Fri
21:03:36,3,King Drive,,Mon,Tue,Wed,Thu,Fri
15:37:04,4,Cottage Grove,,Sat
11:30:44,4,Cottage Grove,,Sun
16:10:32,X4,Cottage Grove Express,,Mon,Tue,Wed,Thu,Fri
16:20:50,20,Madison,,Mon,Tue,Wed,Thu,Fri
08:20:06,4,Cottage Grove,,Sun
11:33:24,3,King Drive,,Mon,Tue,Wed,Thu,Fri
22:46:42,3,King Drive,,Sat
10:20:54,147,Outer DuSable Lake Shore Express,,Sun
10:56:39,4,Cottage Grove,,Mon,Tue,Wed,Thu,Fri
01:01:17,66,Chicago,,Mon
13:30:35,151,Sheridan,,Sun
20:19:36,26,South Shore Express,,Mon,Tue,Wed,Thu,Fri
14:27:41,124,Navy Pier,,Mon,Tue,Wed,Thu,Fri
17:51:47,147,Outer DuSable Lake Shore Express,,Sat
09:31:00,151,Sheridan,,Mon,Tue,Wed,Thu,Fri
16:57:18,3,King Drive,,Sat
06:33:16,147,Outer DuSable Lake Shore Express,,Mon,Tue,Wed,Thu,Fri
12:48:06,3,King Drive,,Mon,Tue,Wed,Thu,Fri
09:18:39,X4,Cottage Grove Express,,Mon,Tue,Wed,Thu,Fri
07:35:10,151,Sheridan,,Mon,Tue,Wed,Thu,Fri
14:07:09,147,Outer DuSable Lake Shore Express,,Sun
17:58:20,20,Madison,,Mon,Tue,Wed,Thu,Fri
19:59:08,60,Blue Island/26th,,Sun
13:30:17,147,Outer DuSable Lake Shore Express,,Mon,Tue,Wed,Thu,Fri
10:22:41,147,Outer DuSable Lake Shore Express,,Mon,Tue,Wed,Thu,Fri
12:16:12,3,King Drive,,Sun
17:42:58,26,South Shore Express,,Mon,Tue,Wed,Thu,Fri
09:51:57,147,Outer DuSable Lake Shore Express,,Sat
20:59:51,60,Blue Island/26th,,Mon,Tue,Wed,Thu,Fri
17:26:20,20,Madison,,Mon,Tue,Wed,Thu,Fri
12:15:32,60,Blue Island/26th,,Sun
16:08:47,147,Outer DuSable Lake Shore Express,,Mon,Tue,Wed,Thu,Fri
09:30:55,151,Sheridan,,Mon,Tue,Wed,Thu,Fri
18:23:06,26,South Shore Express,,Mon,Tue,Wed,Thu,Fri
08:38:18,143,Stockton/Michigan Express,,Mon,Tue,Wed,Thu,Fri
16:08:47,147,Outer DuSable Lake Shore Express,,Mon,Tue,Wed,Thu,Fri
15:12:02,60,Blue Island/26th,,Sun
15:58:41,124,Navy Pier,,Sat
15:17:30,151,Sheridan,,Mon,Tue,Wed,Thu,Fri
07:04:40,151,Sheridan,,Sat
16:13:30,151,Sheridan,,Sat
00:18:06,3,King Drive,,Tue,Wed,Thu,Fri,Sat
13:22:26,124,Navy Pier,,Sat
20:10:25,151,Sheridan,,Sun
15:13:09,147,Outer DuSable Lake Shore Express,,Sun
06:41:53,147,Outer DuSable Lake Shore Express,,Sun
17:47:25,3,King Drive,,Mon,Tue,Wed,Thu,Fri
19:07:34,4,Cottage Grove,,Mon,Tue,Wed,Thu,Fri
07:56:00,143,Stockton/Michigan Express,,Mon,Tue,Wed,Thu,Fri
17:58:26,151,Sheridan,,Mon,Tue,Wed,Thu,Fri
10:05:24,3,King Drive,,Mon,Tue,Wed,Thu,Fri
12:54:47,147,Outer DuSable Lake Shore Express,,Mon,Tue,Wed,Thu,Fri
15:44:10,151,Sheridan,,Mon,Tue,Wed,Thu,Fri
07:42:09,147,Outer DuSable Lake Shore Express,,Sat
18:16:12,124,Navy Pier,,Sun
17:41:45,151,Sheridan,,Sat
18:51:21,124,Navy Pier,,Mon,Tue,Wed,Thu,Fri
09:14:45,60,Blue Island/26th,,Mon,Tue,Wed,Thu,Fri
19:50:15,60,Blue Island/26th,,Mon,Tue,Wed,Thu,Fri
18:46:12,3,King Drive,,Sun
17:35:27,60,Blue Island/26th,,Sat
09:02:27,60,Blue Island/26th,,Sat
10:38:24,3,King Drive,,Mon,Tue,Wed,Thu,Fri
17:24:55,3,King Drive,,Mon,Tue,Wed,Thu,Fri
05:54:24,4,Cottage Grove,,Sat
14:40:04,4,Cottage Grove,,Sat
08:03:09,143,Stockton/Michigan Express,,Mon,Tue,Wed,Thu,Fri
15:27:39,4,Cottage Grove,,Sun
14:17:04,4,Cottage Grove,,Sat
08:44:54,3,King Drive,,Mon,Tue,Wed,Thu,Fri
15:18:09,147,Outer DuSable Lake Shore Express,,Mon,Tue,Wed,Thu,Fri
20:10:09,4,Cottage Grove,,Sun
14:37:58,26,South Shore Express,,Mon,Tue,Wed,Thu,Fri
12:00:10,151,Sheridan,,Mon,Tue,Wed,Thu,Fri
14:19:55,4,Cottage Grove,,Mon,Tue,Wed,Thu,Fri
14:46:55,147,Outer DuSable Lake Shore Express,,Sat
21:28:26,4,Cottage Grove,,Sat
17:15:27,60,Blue Island/26th,,Sat
13:32:41,124,Navy Pier,,Mon,Tue,Wed,Thu,Fri
09:24:54,3,King Drive,,Mon,Tue,Wed,Thu,Fri
12:54:47,147,Outer DuSable Lake Shore Express,,Mon,Tue,Wed,Thu,Fri
09:13:31,4,Cottage Grove,,Sat
13:47:39,4,Cottage Grove,,Sun
08:45:07,143,Stockton/Michigan Express,,Mon,Tue,Wed,Thu,Fri
01:31:17,66,Chicago,,Sun
11:29:23,151,Sheridan,,Sun
08:50:50,147,Outer DuSable Lake Shore Express,,Sat
15:08:30,151,Sheridan,,Sat
08:13:54,147,Outer DuSable Lake Shore Express,,Sat
11:20:17,147,Outer DuSable Lake Shore Express,,Sat
11:03:23,157,Streeterville/Taylor,,Mon,Tue,Wed,Thu,Fri
19:47:34,4,Cottage Grove,,Mon,Tue,Wed,Thu,Fri
09:48:15,60,Blue Island/26th,,Mon,Tue,Wed,Thu,Fri
20:25:16,147,Outer DuSable Lake Shore Express,,Sun
11:12:45,60,Blue Island/26th,,Mon,Tue,Wed,Thu,Fri
17:06:20,20,Madison,,Mon,Tue,Wed,Thu,Fri
10:11:12,3,King Drive,,Sat
14:56:04,4,Cottage Grove,,Sat
15:01:15,151,Sheridan,,Sun
05:24:50,151,Sheridan,,Sun
17:23:53,X4,Cottage Grove Express,,Mon,Tue,Wed,Thu,Fri
13:36:21,60,Blue Island/26th,,Sat
07:05:06,4,Cottage Grove,,Sun
12:47:26,124,Navy Pier,,Sat
16:30:02,147,Outer DuSable Lake Shore Express,,Sat
16:32:28,60,Blue Island/26th,,Mon,Tue,Wed,Thu,Fri
12:42:42,4,Cottage Grove,,Mon,Tue,Wed,Thu,Fri
19:50:09,147,Outer DuSable Lake Shore Express,,Sat
18:08:47,147,Outer DuSable Lake Shore Express,,Sat
17:59:37,X4,Cottage Grove Express,,Mon,Tue,Wed,Thu,Fri
20:00:54,3,King Drive,,Sat
11:54:24,147,Outer DuSable Lake Shore Express,,Sun
08:54:39,147,Outer DuSable Lake Shore Express,,Sun
03:57:32,66,Chicago,,Sat
10:58:09,151,Sheridan,,Sat
21:44:46,157,Streeterville/Taylor,,Mon,Tue,Wed,Thu,Fri
09:29:27,60,Blue Island/26th,,Sat
11:44:41,147,Outer DuSable Lake Shore Express,,Sat
10:29:17,124,Navy Pier,,Sat
11:12:45,60,Blue Island/26th,,Mon,Tue,Wed,Thu,Fri
23:35:48,3,King Drive,,Sat
21:17:39,4,Cottage Grove,,Sun
06:55:20,20,Madison,,Mon,Tue,Wed,Thu,Fri
19:46:36,26,South Shore Express,,Mon,Tue,Wed,Thu,Fri
24:19:17,151,Sheridan,,Sat
22:04:42,3,King Drive,,Sat
11:55:18,3,King Drive,,Sat
19:46:52,4,Cottage Grove,,Sat
20:39:51,60,Blue Island/26th,,Mon,Tue,Wed,Thu,Fri
07:49:20,20,Madison,,Mon,Tue,Wed,Thu,Fri
12:44:30,151,Sheridan,,Sat
09:58:16,147,Outer DuSable Lake Shore Express,,Sun
08:52:18,151,Sheridan,,Sun
18:29:12,4,Cottage Grove,,Mon,Tue,Wed,Thu,Fri
12:24:35,151,Sheridan,,Mon,Tue,Wed,Thu,Fri
21:38:29,151,Sheridan,,Mon,Tue,Wed,Thu,Fri
18:24:12,X4,Cottage Grove Express,,Mon,Tue,Wed,Thu,Fri
09:36:09,147,Outer DuSable Lake Shore Express,,Sun
10:38:50,151,Sheridan,,Sun
19:59:47,124,Navy Pier,,Sun
14:46:55,147,Outer DuSable Lake Shore Express,,Sat
16:30:30,151,Sheridan,,Sat
05:29:28,4,Cottage Grove,,Mon,Tue,Wed,Thu,Fri
14:55:24,3,King Drive,,Sun
12:50:04,151,Sheridan,,Sun
02:31:17,66,Chicago,,Tue,Wed,Thu,Fri,Sat
10:59:15,151,Sheridan,,Mon,Tue,Wed,Thu,Fri
13:33:24,147,Outer DuSable Lake Shore Express,,Sun
21:51:42,3,King Drive,,Mon,Tue,Wed,Thu,Fri
13:24:35,151,Sheridan,,Mon,Tue,Wed,Thu,Fri
09:40:02,60,Blue Island/26th,,Sun
21:21:56,4,Cottage Grove,,Mon,Tue,Wed,Thu,Fri
05:34:24,4,Cottage Grove,,Sat
17:11:19,151,Sheridan,,Sun
22:23:02,60,Blue Island/26th,,Sat
12:06:32,60,Blue Island/26th,,Sun
18:01:28,60,Blue Island/26th,,Mon,Tue,Wed,Thu,Fri
07:48:00,143,Stockton/Michigan Express,,Mon,Tue,Wed,Thu,Fri
21:03:29,151,Sheridan,,Sat
12:24:04,4,Cottage Grove,,Sat
09:17:24,147,Outer DuSable Lake Shore Express,,Sat
17:52:50,20,Madison,,Mon,Tue,Wed,Thu,Fri
20:18:29,151,Sheridan,,Sat
18:43:32,147,Outer DuSable Lake Shore Express,,Mon,Tue,Wed,Thu,Fri
09:21:00,151,Sheridan,,Mon,Tue,Wed,Thu,Fri
24:39:17,151,Sheridan,,Sat
16:20:47,147,Outer DuSable Lake Shore Express,,Mon,Tue,Wed,Thu,Fri
10:50:14,4,Cottage Grove,,Sun
10:06:57,60,Blue Island/26th,,Sat
13:00:14,4,Cottage Grove,,Sun
12:28:42,3,King Drive,,Sun
16:14:34,60,Blue Island/26th,,Mon,Tue,Wed,Thu,Fri
22:31:25,151,Sheridan,,Sat
09:10:37,124,Navy Pier,,Sun
20:49:08,60,Blue Island/26th,,Sun
17:20:57,60,Blue Island/26th,,Sun
13:28:04,4,Cottage Grove,,Sat
17:02:30,151,Sheridan,,Sat
18:45:22,4,Cottage Grove,,Sat
11:13:18,3,King Drive,,Sat
19:41:39,147,Outer DuSable Lake Shore Express,,Sat
00:35:06,3,King Drive,,Tue,Wed,Thu,Fri,Sat
05:54:40,151,Sheridan,,Sat
11:51:15,60,Blue Island/26th,,Mon,Tue,Wed,Thu,Fri
09:04:18,143,Stockton/Michigan Express,,Mon,Tue,Wed,Thu,Fri
08:05:49,4,Cottage Grove,,Sat
20:15:39,4,Cottage Grove,,Sat
16:04:32,4,Cottage Grove,,Mon,Tue,Wed,Thu,Fri
12:50:00,151,Sheridan,,Sun
16:23:32,4,Cottage Grove,,Mon,Tue,Wed,Thu,Fri
16:54:32,147,Outer DuSable Lake Shore Express,,Sun
00:59:15,151,Sheridan,,Sun
08:06:49,4,Cottage Grove,,Sat
09:11:49,4,Cottage Grove,,Sun
16:04:24,3,King Drive,,Sun
23:56:38,60,Blue Island/26th,,Sat
16:34:21,124,Navy Pier,,Mon,Tue,Wed,Thu,Fri
16:51:55,3,King Drive,,Mon,Tue,Wed,Thu,Fri
20:00:15,60,Blue Island/26th,,Mon,Tue,Wed,Thu,Fri
16:04:24,3,King Drive,,Sun
19:53:02,147,Outer DuSable Lake Shore Express,,Mon,Tue,Wed,Thu,Fri
03:00:32,66,Chicago,,Sun
14:27:41,124,Navy Pier,,Mon,Tue,Wed,Thu,Fri
07:19:36,147,Outer DuSable Lake Shore Express,,Sun
13:36:35,151,Sheridan,,Mon,Tue,Wed,Thu,Fri
11:54:05,151,Sheridan,,Sat
22:17:42,3,King Drive,,Sat
14:09:27,157,Streeterville/Taylor,,Mon,Tue,Wed,Thu,Fri
06:58:48,3,King Drive,,Mon,Tue,Wed,Thu,Fri
16:01:14,151,Sheridan,,Sun
20:50:59,151,Sheridan,,Mon,Tue,Wed,Thu,Fri
14:00:11,124,Navy Pier,,Mon,Tue,Wed,Thu,Fri
17:53:24,3,King Drive,,Sun
08:25:31,X4,Cottage Grove Express,,Mon,Tue,Wed,Thu,Fri
21:46:15,151,Sheridan,,Sun
23:00:09,147,Outer DuSable Lake Shore Express,,Mon,Tue,Wed,Thu,Fri
18:35:12,3,King Drive,,Sun
15:46:07,4,Cottage Grove,,Mon,Tue,Wed,Thu,Fri
19:46:36,26,South Shore Express,,Mon,Tue,Wed,Thu,Fri
10:01:25,151,Sheridan,,Mon,Tue,Wed,Thu,Fri
16:07:37,124,Navy Pier,,Sun
01:01:17,66,Chicago,,Tue,Wed,Thu,Fri,Sat
07:16:20,147,Outer DuSable Lake Shore Express,,Mon,Tue,Wed,Thu,Fri
14:55:11,124,Navy Pier,,Mon,Tue,Wed,Thu,Fri
14:50:15,60,Blue Island/26th,,Mon,Tue,Wed,Thu,Fri
06:42:06,3,King Drive,,Sat
10:35:51,60,Blue Island/26th,,Sat
09:32:12,3,King Drive,,Sat
11:15:21,124,Navy Pier,,Mon,Tue,Wed,Thu,Fri
23:04:14,4,Cottage Grove,,Mon,Tue,Wed,Thu,Fri
12:37:41,124,Navy Pier,,Mon,Tue,Wed,Thu,Fri
11:02:41,147,Outer DuSable Lake Shore Express,,Mon,Tue,Wed,Thu,Fri
06:13:09,147,Outer DuSable Lake Shore Express,,Sat
19:40:54,3,King Drive,,Sat
16:31:20,20,Madison,,Mon,Tue,Wed,Thu,Fri
07:35:45,151,Sheridan,,Sat
04:59:28,4,Cottage Grove,,Mon,Tue,Wed,Thu,Fri
06:58:24,4,Cottage Grove,,Sat
09:05:12,3,King Drive,,Sat
09:14:54,3,King Drive,,Mon,Tue,Wed,Thu,Fri
17:33:24,3,King Drive,,Sun
20:05:00,151,Sheridan,,Mon,Tue,Wed,Thu,Fri
07:07:08,151,Sheridan,,Sun
14:52:37,124,Navy Pier,,Sun
03:00:32,66,Chicago,,Sun
13:44:04,4,Cottage Grove,,Sat
02:31:24,66,Chicago,,Mon
11:32:24,147,Outer DuSable Lake Shore Express,,Sun
07:05:01,147,Outer DuSable Lake Shore Express,,Sat
06:37:50,20,Madison,,Mon,Tue,Wed,Thu,Fri
16:21:10,151,Sheridan,,Sun
12:36:51,60,Blue Island/26th,,Sat
13:06:31,3,King Drive,,Sat
13:16:51,60,Blue Island/26th,,Sat
06:34:36,4,Cottage Grove,,Sun
13:11:42,4,Cottage Grove,,Mon,Tue,Wed,Thu,Fri
12:57:04,4,Cottage Grove,,Sat
19:16:06,26,South Shore Express,,Mon,Tue,Wed,Thu,Fri
12:53:02,60,Blue Island/26th,,Sun
07:10:53,157,Streeterville/Taylor,,Mon,Tue,Wed,Thu,Fri
13:08:35,151,Sheridan,,Sat
07:21:40,60,Blue Island/26th,,Mon,Tue,Wed,Thu,Fri
17:52:45,151,Sheridan,,Sun
14:17:39,4,Cottage Grove,,Sun
12:20:44,4,Cottage Grove,,Sun
08:42:54,147,Outer DuSable Lake Shore Express,,Sat
21:22:59,151,Sheridan,,Mon,Tue,Wed,Thu,Fri
10:16:45,151,Sheridan,,Sun
15:44:55,X4,Cottage Grove Express,,Mon,Tue,Wed,Thu,Fri
21:45:44,4,Cottage Grove,,Sun
10:10:02,60,Blue Island/26th,,Sun
03:59:09,66,Chicago,,Mon,Tue,Wed,Thu,Fri
17:48:09,4,Cottage Grove,,Sun
09:07:50,147,Outer DuSable Lake Shore Express,,Sat
17:50:12,124,Navy Pier,,Sun
08:47:49,4,Cottage Grove,,Sun
14:23:02,60,Blue Island/26th,,Sun
08:39:43,151,Sheridan,,Sun
19:48:46,157,Streeterville/Taylor,,Mon,Tue,Wed,Thu,Fri
06:33:16,147,Outer DuSable Lake Shore Express,,Mon,Tue,Wed,Thu,Fri
05:19:28,4,Cottage Grove,,Mon,Tue,Wed,Thu,Fri
07:03:20,20,Madison,,Mon,Tue,Wed,Thu,Fri
20:25:09,4,Cottage Grove,,Sat
22:20:09,147,Outer DuSable Lake Shore Express,,Mon,Tue,Wed,Thu,Fri
16:40:57,60,Blue Island/26th,,Sun
07:50:48,151,Sheridan,,Sat
11:15:02,60,Blue Island/26th,,Sun
08:54:39,147,Outer DuSable Lake Shore Express,,Sun
07:04:30,151,Sheridan,,Mon,Tue,Wed,Thu,Fri
08:29:50,20,Madison,,Mon,Tue,Wed,Thu,Fri
12:00:05,151,Sheridan,,Mon,Tue,Wed,Thu,Fri
07:20:10,151,Sheridan,,Sat
17:17:32,147,Outer DuSable Lake Shore Express,,Sun
15:22:02,147,Outer DuSable Lake Shore Express,,Sat
21:40:08,60,Blue Island/26th,,Sun
23:20:19,4,Cottage Grove,,Mon,Tue,Wed,Thu,Fri
23:52:18,3,King Drive,,Sat
14:40:45,60,Blue Island/26th,,Mon,Tue,Wed,Thu,Fri
15:03:02,60,Blue Island/26th,,Sun
09:04:20,151,Sheridan,,Sun
04:32:24,66,Chicago,,Mon,Tue,Wed,Thu,Fri
16:35:02,X4,Cottage Grove Express,,Mon,Tue,Wed,Thu,Fri
10:22:41,147,Outer DuSable Lake Shore Express,,Mon,Tue,Wed,Thu,Fri
22:33:38,60,Blue Island/26th,,Mon,Tue,Wed,Thu,Fri
17:47:45,X4,Cottage Grove Express,,Mon,Tue,Wed,Thu,Fri
07:39:10,60,Blue Island/26th,,Mon,Tue,Wed,Thu,Fri
18:07:21,124,Navy Pier,,Mon,Tue,Wed,Thu,Fri
14:44:25,157,Streeterville/Taylor,,Mon,Tue,Wed,Thu,Fri
24:39:15,151,Sheridan,,Sat
16:05:40,60,Blue Island/26th,,Mon,Tue,Wed,Thu,Fri
10:16:19,157,Streeterville/Taylor,,Mon,Tue,Wed,Thu,Fri
22:49:14,4,Cottage Grove,,Mon,Tue,Wed,Thu,Fri
20:48:09,4,Cottage Grove,,Sun
08:42:54,147,Outer DuSable Lake Shore Express,,Sat
19:34:12,124,Navy Pier,,Sun
17:24:55,3,King Drive,,Mon,Tue,Wed,Thu,Fri
11:27:41,147,Outer DuSable Lake Shore Express,,Sat
21:56:38,60,Blue Island/26th,,Sun
14:41:04,4,Cottage Grove,,Sat
09:04:54,3,King Drive,,Mon,Tue,Wed,Thu,Fri
09:50:02,60,Blue Island/26th,,Sun
18:51:21,124,Navy Pier,,Mon,Tue,Wed,Thu,Fri
13:12:40,151,Sheridan,,Mon,Tue,Wed,Thu,Fri
17:08:25,3,King Drive,,Mon,Tue,Wed,Thu,Fri
13:12:42,4,Cottage Grove,,Mon,Tue,Wed,Thu,Fri
14:51:19,151,Sheridan,,Sun
15:13:02,147,Outer DuSable Lake Shore Express,,Sat
17:20:52,4,Cottage Grove,,Sat
19:27:34,4,Cottage Grove,,Mon,Tue,Wed,Thu,Fri
06:34:36,4,Cottage Grove,,Sun
16:59:05,124,Navy Pier,,Mon,Tue,Wed,Thu,Fri
10:25:30,151,Sheridan,,Sat
11:13:47,147,Outer DuSable Lake Shore Express,,Mon,Tue,Wed,Thu,Fri
20:43:16,147,Outer DuSable Lake Shore Express,,Sun
07:02:40,60,Blue Island/26th,,Mon,Tue,Wed,Thu,Fri
21:07:07,124,Navy Pier,,Sat
19:25:25,151,Sheridan,,Sun
16:20:02,147,Outer DuSable Lake Shore Express,,Sun
15:52:50,20,Madison,,Mon,Tue,Wed,Thu,Fri
16:09:01,3,King Drive,,Mon,Tue,Wed,Thu,Fri
18:27:39,4,Cottage Grove,,Sun
19:20:22,4,Cottage Grove,,Sat
10:46:12,3,King Drive,,Sun
08:56:11,147,Outer DuSable Lake Shore Express,,Mon,Tue,Wed,Thu,Fri
13:33:02,60,Blue Island/26th,,Sun
08:19:50,20,Madison,,Mon,Tue,Wed,Thu,Fri
20:00:54,3,King Drive,,Sat
11:36:22,4,Cottage Grove,,Mon,Tue,Wed,Thu,Fri
17:50:12,124,Navy Pier,,Sun
11:54:56,124,Navy Pier,,Sat
21:23:16,147,Outer DuSable Lake Shore Express,,Mon,Tue,Wed,Thu,Fri
19:56:52,4,Cottage Grove,,Sat
18:34:51,124,Navy Pier,,Sat
14:13:02,60,Blue Island/26th,,Sun
18:09:55,147,Outer DuSable Lake Shore Express,,Mon,Tue,Wed,Thu,Fri
20:39:08,60,Blue Island/26th,,Sun
20:37:02,147,Outer DuSable Lake Shore Express,,Sat
15:41:24,3,King Drive,,Sun
12:46:51,60,Blue Island/26th,,Sat
18:20:52,4,Cottage Grove,,Sat
17:59:50,4,Cottage Grove,,Mon,Tue,Wed,Thu,Fri
09:35:32,124,Navy Pier,,Sun
11:07:39,4,Cottage Grove,,Mon,Tue,Wed,Thu,Fri
08:03:09,143,Stockton/Michigan Express,,Mon,Tue,Wed,Thu,Fri
16:30:31,3,King Drive,,Sat
16:05:51,60,Blue Island/26th,,Sat
18:11:27,157,Streeterville/Taylor,,Mon,Tue,Wed,Thu,Fri
05:57:45,60,Blue Island/26th,,Mon,Tue,Wed,Thu,Fri
12:37:06,3,King Drive,,Mon,Tue,Wed,Thu,Fri
13:28:09,4,Cottage Grove,,Sun
22:00:39,147,Outer DuSable Lake Shore Express,,Mon,Tue,Wed,Thu,Fri
08:14:50,20,Madison,,Mon,Tue,Wed,Thu,Fri
08:51:15,151,Sheridan,,Mon,Tue,Wed,Thu,Fri
19:10:34,151,Sheridan,,Sun
08:36:41,147,Outer DuSable Lake Shore Express,,Mon,Tue,Wed,Thu,Fri
10:08:24,147,Outer DuSable Lake Shore Express,,Sun
08:59:53,151,Sheridan,,Sat
14:20:58,26,South Shore Express,,Mon,Tue,Wed,Thu,Fri
13:38:09,4,Cottage Grove,,Sun
08:19:11,147,Outer DuSable Lake Shore Express,,Mon,Tue,Wed,Thu,Fri
19:10:46,147,Outer DuSable Lake Shore Express,,Sun
17:47:45,X4,Cottage Grove Express,,Mon,Tue,Wed,Thu,Fri
17:25:27,60,Blue Island/26th,,Sat
10:48:59,151,Sheridan,,Sun
19:59:08,60,Blue Island/26th,,Sun
18:42:47,147,Outer DuSable Lake Shore Express,,Sat
10:01:49,4,Cottage Grove,,Sun
09:30:20,20,Madison,,Mon,Tue,Wed,Thu,Fri
11:32:15,60,Blue Island/26th,,Mon,Tue,Wed,Thu,Fri
11:06:09,151,Sheridan,,Sat
07:50:40,151,Sheridan,,Mon,Tue,Wed,Thu,Fri
10:41:31,4,Cottage Grove,,Sun
07:13:20,20,Madison,,Mon,Tue,Wed,Thu,Fri
15:05:20,20,Madison,,Mon,Tue,Wed,Thu,Fri
19:09:08,60,Blue Island/26th,,Sun
12:02:40,151,Sheridan,,Sat
20:35:25,151,Sheridan,,Mon,Tue,Wed,Thu,Fri
19:22:31,124,Navy Pier,,Mon,Tue,Wed,Thu,Fri
16:54:30,151,Sheridan,,Sat
15:34:35,151,Sheridan,,Mon,Tue,Wed,Thu,Fri
18:02:21,26,South Shore Express,,Mon,Tue,Wed,Thu,Fri
17:22:16,151,Sheridan,,Mon,Tue,Wed,Thu,Fri
10:00:49,157,Streeterville/Taylor,,Mon,Tue,Wed,Thu,Fri
22:39:16,147,Outer DuSable Lake Shore Express,,Sat
19:36:16,147,Outer DuSable Lake Shore Express,,Sun
14:29:17,147,Outer DuSable Lake Shore Express,,Sat
09:06:25,151,Sheridan,,Mon,Tue,Wed,Thu,Fri
19:02:06,26,South Shore Express,,Mon,Tue,Wed,Thu,Fri
19:10:40,60,Blue Island/26th,,Mon,Tue,Wed,Thu,Fri
18:11:45,151,Sheridan,,Sat
19:07:47,147,Outer DuSable Lake Shore Express,,Sat
15:11:19,151,Sheridan,,Sun
15:36:25,4,Cottage Grove,,Mon,Tue,Wed,Thu,Fri
18:41:04,60,Blue Island/26th,,Mon,Tue,Wed,Thu,Fri
06:33:44,60,Blue Island/26th,,Sun
17:41:49,151,Sheridan,,Sat
18:23:40,151,Sheridan,,Sun
16:51:19,151,Sheridan,,Sun
08:36:10,60,Blue Island/26th,,Mon,Tue,Wed,Thu,Fri
22:02:42,3,King Drive,,Mon,Tue,Wed,Thu,Fri
22:37:42,3,King Drive,,Mon,Tue,Wed,Thu,Fri
13:24:31,3,King Drive,,Sat
13:33:31,3,King Drive,,Sat
21:17:53,151,Sheridan,,Sat
16:23:34,60,Blue Island/26th,,Mon,Tue,Wed,Thu,Fri
20:04:36,3,King Drive,,Mon,Tue,Wed,Thu,Fri
15:03:31,3,King Drive,,Sat
06:02:06,3,King Drive,,Sat
13:49:05,151,Sheridan,,Mon,Tue,Wed,Thu,Fri
15:52:50,20,Madison,,Mon,Tue,Wed,Thu,Fri
11:15:02,60,Blue Island/26th,,Sun
09:19:57,60,Blue Island/26th,,Sat
08:49:50,20,Madison,,Mon,Tue,Wed,Thu,Fri
10:29:54,147,Outer DuSable Lake Shore Express,,Sun
19:15:02,60,Blue Island/26th,,Sat
19:52:09,4,Cottage Grove,,Sun
13:29:15,60,Blue Island/26th,,Mon,Tue,Wed,Thu,Fri
06:09:39,147,Outer DuSable Lake Shore Express,,Mon,Tue,Wed,Thu,Fri
20:11:32,147,Outer DuSable Lake Shore Express,,Mon,Tue,Wed,Thu,Fri
15:57:50,X4,Cottage Grove Express,,Mon,Tue,Wed,Thu,Fri
11:16:39,4,Cottage Grove,,Mon,Tue,Wed,Thu,Fri
21:44:54,147,Outer DuSable Lake Shore Express,,Sat
19:19:08,60,Blue Island/26th,,Sun
07:42:20,20,Madison,,Mon,Tue,Wed,Thu,Fri
23:53:38,60,Blue Island/26th,,Mon,Tue,Wed,Thu,Fri
16:04:32,4,Cottage Grove,,Mon,Tue,Wed,Thu,Fri
20:33:42,3,King Drive,,Sat
19:36:16,147,Outer DuSable Lake Shore Express,,Sun
07:05:06,4,Cottage Grove,,Sun
11:38:52,124,Navy Pier,,Sun
12:53:42,3,King Drive,,Sun
17:50:57,60,Blue Island/26th,,Sun
11:40:32,60,Blue Island/26th,,Sun
14:54:06,26,South Shore Express,,Mon,Tue,Wed,Thu,Fri
14:43:02,60,Blue Island/26th,,Sun
19:49:34,151,Sheridan,,Mon,Tue,Wed,Thu,Fri
07:56:15,151,Sheridan,,Mon,Tue,Wed,Thu,Fri
05:42:06,3,King Drive,,Sat
17:11:11,151,Sheridan,,Mon,Tue,Wed,Thu,Fri
16:01:04,4,Cottage Grove,,Sat
14:18:31,3,King Drive,,Sat
15:09:15,60,Blue Island/26th,,Mon,Tue,Wed,Thu,Fri
09:20:02,60,Blue Island/26th,,Sun
08:22:18,3,King Drive,,Sun
13:16:51,60,Blue Island/26th,,Sat
07:31:25,157,Streeterville/Taylor,,Mon,Tue,Wed,Thu,Fri
13:12:35,151,Sheridan,,Mon,Tue,Wed,Thu,Fri
21:29:02,60,Blue Island/26th,,Sat
22:41:12,124,Navy Pier,,Sat
15:45:31,3,King Drive,,Sat
10:35:15,151,Sheridan,,Mon,Tue,Wed,Thu,Fri
10:16:56,4,Cottage Grove,,Sat
20:33:36,3,King Drive,,Mon,Tue,Wed,Thu,Fri
17:17:39,4,Cottage Grove,,Sun
12:45:17,147,Outer DuSable Lake Shore Express,,Sat
08:24:50,20,Madison,,Mon,Tue,Wed,Thu,Fri
15:58:50,20,Madison,,Mon,Tue,Wed,Thu,Fri
23:03:42,3,King Drive,,Sat
14:09:04,4,Cottage Grove,,Sat
22:11:32,124,Navy Pier,,Sun
07:56:00,143,Stockton/Michigan Express,,Mon,Tue,Wed,Thu,Fri
11:20:44,4,Cottage Grove,,Sun
14:15:46,124,Navy Pier,,Sat
10:11:15,151,Sheridan,,Mon,Tue,Wed,Thu,Fri
11:44:24,3,King Drive,,Mon,Tue,Wed,Thu,Fri
10:30:02,60,Blue Island/26th,,Sun
22:11:14,4,Cottage Grove,,Sat
23:33:38,60,Blue Island/26th,,Mon,Tue,Wed,Thu,Fri
11:41:45,60,Blue Island/26th,,Mon,Tue,Wed,Thu,Fri
16:50:36,124,Navy Pier,,Sat
14:43:54,3,King Drive,,Sun
13:06:31,3,King Drive,,Sat
14:15:51,60,Blue Island/26th,,Sat
09:37:57,124,Navy Pier,,Sat
19:51:16,147,Outer DuSable Lake Shore Express,,Sun
16:54:28,26,South Shore Express,,Mon,Tue,Wed,Thu,Fri
10:04:23,151,Sheridan,,Sun
17:43:17,147,Outer DuSable Lake Shore Express,,Sat
04:58:58,4,Cottage Grove,,Mon,Tue,Wed,Thu,Fri
16:46:20,20,Madison,,Mon,Tue,Wed,Thu,Fri
11:14:09,151,Sheridan,,Sat
09:14:54,3,King Drive,,Mon,Tue,Wed,Thu,Fri
16:46:28,26,South Shore Express,,Mon,Tue,Wed,Thu,Fri
20:24:37,124,Navy Pier,,Sat
16:27:13,3,King Drive,,Mon,Tue,Wed,Thu,Fri
06:26:38,151,Sheridan,,Sun
12:22:47,147,Outer DuSable Lake Shore Express,,Mon,Tue,Wed,Thu,Fri
23:26:10,151,Sheridan,,Sun
16:27:39,4,Cottage Grove,,Sun
15:07:35,151,Sheridan,,Mon,Tue,Wed,Thu,Fri
07:14:35,151,Sheridan,,Mon,Tue,Wed,Thu,Fri
19:41:39,147,Outer DuSable Lake Shore Express,,Sat
22:04:44,4,Cottage Grove,,Mon,Tue,Wed,Thu,Fri
08:51:40,60,Blue Island/26th,,Mon,Tue,Wed,Thu,Fri
19:30:54,3,King Drive,,Sat
17:26:20,151,Sheridan,,Sat
17:11:24,3,King Drive,,Sun
15:54:31,3,King Drive,,Sat
17:58:22,4,Cottage Grove,,Sat
08:47:49,4,Cottage Grove,,Sun
12:51:22,124,Navy Pier,,Sun
18:18:09,4,Cottage Grove,,Sun
06:18:36,3,King Drive,,Mon,Tue,Wed,Thu,Fri
13:13:04,4,Cottage Grove,,Sat
12:10:49,151,Sheridan,,Sat
14:01:04,4,Cottage Grove,,Sat
16:50:31,151,Sheridan,,Mon,Tue,Wed,Thu,Fri
10:17:56,4,Cottage Grove,,Sat
07:48:04,147,Outer DuSable Lake Shore Express,,Mon,Tue,Wed,Thu,Fri
16:05:40,60,Blue Island/26th,,Mon,Tue,Wed,Thu,Fri
11:54:17,147,Outer DuSable Lake Shore Express,,Sat
07:48:00,143,Stockton/Michigan Express,,Mon,Tue,Wed,Thu,Fri
15:36:31,3,King Drive,,Sat
06:45:15,60,Blue Island/26th,,Mon,Tue,Wed,Thu,Fri
12:40:14,4,Cottage Grove,,Sun
14:03:02,60,Blue Island/26th,,Sun
05:21:51,60,Blue Island/26th,,Mon,Tue,Wed,Thu,Fri
23:16:23,151,Sheridan,,Sat
22:23:16,147,Outer DuSable Lake Shore Express,,Sun
21:29:02,60,Blue Island/26th,,Sat
12:03:22,124,Navy Pier,,Sun
15:45:13,26,South Shore Express,,Mon,Tue,Wed,Thu,Fri
15:22:11,124,Navy Pier,,Mon,Tue,Wed,Thu,Fri
13:40:46,124,Navy Pier,,Sat
16:00:04,4,Cottage Grove,,Sat
08:28:40,60,Blue Island/26th,,Mon,Tue,Wed,Thu,Fri
22:25:42,3,King Drive,,Mon,Tue,Wed,Thu,Fri
08:10:06,4,Cottage Grove,,Sun
12:19:20,151,Sheridan,,Sat
06:50:19,4,Cottage Grove,,Mon,Tue,Wed,Thu,Fri
12:37:01,3,King Drive,,Sat
16:25:51,60,Blue Island/26th,,Sat
09:21:14,4,Cottage Grove,,Sat
10:57:32,60,Blue Island/26th,,Sun
06:17:50,20,Madison,,Mon,Tue,Wed,Thu,Fri
07:00:53,157,Streeterville/Taylor,,Mon,Tue,Wed,Thu,Fri
11:38:42,3,King Drive,,Sun
14:09:31,3,King Drive,,Sat
13:15:31,3,King Drive,,Sat
08:11:15,151,Sheridan,,Mon,Tue,Wed,Thu,Fri
07:21:19,4,Cottage Grove,,Sat
09:06:45,60,Blue Island/26th,,Mon,Tue,Wed,Thu,Fri
18:28:12,4,Cottage Grove,,Mon,Tue,Wed,Thu,Fri
07:08:48,3,King Drive,,Mon,Tue,Wed,Thu,Fri
11:49:02,60,Blue Island/26th,,Sun
10:06:47,147,Outer DuSable Lake Shore Express,,Mon,Tue,Wed,Thu,Fri
17:18:52,4,Cottage Grove,,Sat
13:22:26,124,Navy Pier,,Sat
08:29:50,151,Sheridan,,Sat
18:35:51,157,Streeterville/Taylor,,Mon,Tue,Wed,Thu,Fri
13:39:15,60,Blue Island/26th,,Mon,Tue,Wed,Thu,Fri
21:30:27,60,Blue Island/26th,,Mon,Tue,Wed,Thu,Fri
08:59:50,20,Madison,,Mon,Tue,Wed,Thu,Fri
05:33:33,151,Sheridan,,Sat
23:53:36,4,Cottage Grove,,Sat
15:16:30,151,Sheridan,,Sat
12:47:31,3,King Drive,,Sat
14:09:31,3,King Drive,,Sat
16:41:36,157,Streeterville/Taylor,,Mon,Tue,Wed,Thu,Fri
20:38:09,4,Cottage Grove,,Sun
20:03:06,26,South Shore Express,,Mon,Tue,Wed,Thu,Fri
16:17:04,4,Cottage Grove,,Sat
05:27:50,20,Madison,,Mon,Tue,Wed,Thu,Fri
13:36:21,60,Blue Island/26th,,Sat
24:00:36,3,King Drive,,Sun
16:15:50,20,Madison,,Mon,Tue,Wed,Thu,Fri
08:00:40,151,Sheridan,,Mon,Tue,Wed,Thu,Fri
10:06:47,147,Outer DuSable Lake Shore Express,,Mon,Tue,Wed,Thu,Fri
11:27:41,147,Outer DuSable Lake Shore Express,,Sat
18:14:24,3,King Drive,,Sun
09:28:26,4,Cottage Grove,,Sat
07:25:21,143,Stockton/Michigan Express,,Mon,Tue,Wed,Thu,Fri
21:12:02,60,Blue Island/26th,,Sat
13:40:35,151,Sheridan,,Sat
18:35:40,151,Sheridan,,Sun
12:29:35,151,Sheridan,,Sun
10:58:59,151,Sheridan,,Sun
16:11:10,151,Sheridan,,Sun
11:11:15,151,Sheridan,,Mon,Tue,Wed,Thu,Fri
14:03:02,60,Blue Island/26th,,Sun
06:54:15,60,Blue Island/26th,,Mon,Tue,Wed,Thu,Fri
17:26:25,151,Sheridan,,Sat
17:11:20,20,Madison,,Mon,Tue,Wed,Thu,Fri
19:30:54,3,King Drive,,Sat
10:53:41,147,Outer DuSable Lake Shore Express,,Sat
10:11:12,3,King Drive,,Sat
09:46:56,4,Cottage Grove,,Sat
05:56:09,147,Outer DuSable Lake Shore Express,,Mon,Tue,Wed,Thu,Fri
15:58:50,20,Madison,,Mon,Tue,Wed,Thu,Fri
13:53:06,3,King Drive,,Mon,Tue,Wed,Thu,Fri
21:28:56,4,Cottage Grove,,Sat
16:48:04,4,Cottage Grove,,Sat
07:52:02,60,Blue Island/26th,,Sat
15:03:02,60,Blue Island/26th,,Sun
17:41:25,3,King Drive,,Mon,Tue,Wed,Thu,Fri
13:43:02,60,Blue Island/26th,,Sun
17:41:20,20,Madison,,Mon,Tue,Wed,Thu,Fri
20:43:16,147,Outer DuSable Lake Shore Express,,Sun
09:04:50,20,Madison,,Mon,Tue,Wed,Thu,Fri
21:11:38,60,Blue Island/26th,,Sun
08:04:54,3,King Drive,,Mon,Tue,Wed,Thu,Fri
13:24:40,151,Sheridan,,Mon,Tue,Wed,Thu,Fri
09:52:20,151,Sheridan,,Sun
02:31:24,66,Chicago,,Mon
05:56:09,147,Outer DuSable Lake Shore Express,,Mon,Tue,Wed,Thu,Fri
15:27:25,4,Cottage Grove,,Mon,Tue,Wed,Thu,Fri
10:21:31,124,Navy Pier,,Mon,Tue,Wed,Thu,Fri
15:41:30,151,Sheridan,,Sat
06:27:50,20,Madison,,Mon,Tue,Wed,Thu,Fri
06:56:14,60,Blue Island/26th,,Sun
15:18:24,3,King Drive,,Sun
16:43:02,147,Outer DuSable Lake Shore Express,,Sun
10:46:39,4,Cottage Grove,,Mon,Tue,Wed,Thu,Fri
17:51:49,151,Sheridan,,Sat
24:09:18,3,King Drive,,Sat
18:08:47,147,Outer DuSable Lake Shore Express,,Sat
07:42:35,151,Sheridan,,Sun
06:38:48,3,King Drive,,Mon,Tue,Wed,Thu,Fri
16:31:10,151,Sheridan,,Sun
13:53:02,60,Blue Island/26th,,Sun
22:00:44,4,Cottage Grove,,Sun
15:33:50,20,Madison,,Mon,Tue,Wed,Thu,Fri
12:26:06,3,King Drive,,Mon,Tue,Wed,Thu,Fri
18:00:13,3,King Drive,,Mon,Tue,Wed,Thu,Fri
14:33:45,60,Blue Island/26th,,Mon,Tue,Wed,Thu,Fri
15:02:09,147,Outer DuSable Lake Shore Express,,Sun
10:49:02,60,Blue Island/26th,,Sun
16:27:02,157,Streeterville/Taylor,,Mon,Tue,Wed,Thu,Fri
16:34:16,124,Navy Pier,,Sun
06:09:39,147,Outer DuSable Lake Shore Express,,Mon,Tue,Wed,Thu,Fri
09:04:50,20,Madison,,Mon,Tue,Wed,Thu,Fri
18:00:52,4,Cottage Grove,,Sat
10:46:56,4,Cottage Grove,,Sat
15:51:10,151,Sheridan,,Sun
21:38:42,3,King Drive,,Sat
17:50:27,4,Cottage Grove,,Mon,Tue,Wed,Thu,Fri
20:59:08,60,Blue Island/26th,,Sun
18:51:49,151,Sheridan,,Sat
18:03:24,3,King Drive,,Sun
14:02:47,147,Outer DuSable Lake Shore Express,,Sat
11:40:51,60,Blue Island/26th,,Sat
18:00:11,124,Navy Pier,,Sat
16:14:02,4,Cottage Grove,,Mon,Tue,Wed,Thu,Fri
07:02:40,60,Blue Island/26th,,Mon,Tue,Wed,Thu,Fri
14:25:51,60,Blue Island/26th,,Sat
14:41:15,151,Sheridan,,Sun
19:02:06,26,South Shore Express,,Mon,Tue,Wed,Thu,Fri
08:22:10,60,Blue Island/26th,,Mon,Tue,Wed,Thu,Fri
15:41:01,3,King Drive,,Mon,Tue,Wed,Thu,Fri
01:13:22,151,Sheridan,,Tue,Wed,Thu,Fri,Sat
06:48:53,157,Streeterville/Taylor,,Mon,Tue,Wed,Thu,Fri
17:37:10,157,Streeterville/Taylor,,Mon,Tue,Wed,Thu,Fri
15:51:02,60,Blue Island/26th,,Sun
06:57:02,60,Blue Island/26th,,Sat
20:49:08,60,Blue Island/26th,,Sun
07:30:10,60,Blue Island/26th,,Mon,Tue,Wed,Thu,Fri
09:37:39,4,Cottage Grove,,Mon,Tue,Wed,Thu,Fri
11:19:20,151,Sheridan,,Sun
14:51:20,20,Madison,,Mon,Tue,Wed,Thu,Fri
09:03:00,157,Streeterville/Taylor,,Mon,Tue,Wed,Thu,Fri
18:47:59,4,Cottage Grove,,Mon,Tue,Wed,Thu,Fri
13:21:06,3,King Drive,,Mon,Tue,Wed,Thu,Fri
20:15:02,60,Blue Island/26th,,Sat
20:50:55,151,Sheridan,,Mon,Tue,Wed,Thu,Fri
09:23:36,147,Outer DuSable Lake Shore Express,,Sun
07:37:32,147,Outer DuSable Lake Shore Express,,Mon,Tue,Wed,Thu,Fri
14:00:04,4,Cottage Grove,,Sat
09:04:54,3,King Drive,,Mon,Tue,Wed,Thu,Fri
09:37:56,4,Cottage Grove,,Sat
12:02:42,4,Cottage Grove,,Mon,Tue,Wed,Thu,Fri
22:00:39,147,Outer DuSable Lake Shore Express,,Mon,Tue,Wed,Thu,Fri
15:58:09,4,Cottage Grove,,Sun
17:51:47,147,Outer DuSable Lake Shore Express,,Sat
16:03:31,3,King Drive,,Sat
13:23:02,60,Blue Island/26th,,Sun
10:00:27,124,Navy Pier,,Sun
15:29:54,3,King Drive,,Sun
21:34:32,147,Outer DuSable Lake Shore Express,,Sat
18:21:45,151,Sheridan,,Sat
23:19:46,147,Outer DuSable Lake Shore Express,,Sun
16:42:45,4,Cottage Grove,,Mon,Tue,Wed,Thu,Fri
14:58:05,151,Sheridan,,Mon,Tue,Wed,Thu,Fri
11:49:02,60,Blue Island/26th,,Sun
16:11:02,60,Blue Island/26th,,Sun
19:20:54,3,King Drive,,Sat
13:19:56,4,Cottage Grove,,Sun
13:45:47,147,Outer DuSable Lake Shore Express,,Sat
18:08:52,4,Cottage Grove,,Sat
20:38:09,4,Cottage Grove,,Sun
05:44:11,4,Cottage Grove,,Mon,Tue,Wed,Thu,Fri
10:53:47,147,Outer DuSable Lake Shore Express,,Mon,Tue,Wed,Thu,Fri
24:09:18,3,King Drive,,Sat
07:55:09,147,Outer DuSable Lake Shore Express,,Mon,Tue,Wed,Thu,Fri
13:50:44,151,Sheridan,,Sun
17:44:46,151,Sheridan,,Mon,Tue,Wed,Thu,Fri
13:01:27,157,Streeterville/Taylor,,Mon,Tue,Wed,Thu,Fri
15:24:16,124,Navy Pier,,Sat
10:27:24,3,King Drive,,Mon,Tue,Wed,Thu,Fri
11:54:17,4,Cottage Grove,,Mon,Tue,Wed,Thu,Fri
07:59:34,147,Outer DuSable Lake Shore Express,,Mon,Tue,Wed,Thu,Fri
14:44:35,151,Sheridan,,Sat
20:39:47,124,Navy Pier,,Mon,Tue,Wed,Thu,Fri
19:07:09,4,Cottage Grove,,Sun
20:25:02,60,Blue Island/26th,,Sat
07:13:20,20,Madison,,Mon,Tue,Wed,Thu,Fri
22:19:44,4,Cottage Grove,,Mon,Tue,Wed,Thu,Fri
21:12:30,3,King Drive,,Sun
08:32:18,143,Stockton/Michigan Express,,Mon,Tue,Wed,Thu,Fri
17:02:55,3,King Drive,,Mon,Tue,Wed,Thu,Fri
19:20:54,3,King Drive,,Sat
13:08:30,151,Sheridan,,Sat
17:29:02,147,Outer DuSable Lake Shore Express,,Sun
15:17:37,124,Navy Pier,,Sun
13:57:39,4,Cottage Grove,,Sun
14:02:58,26,South Shore Express,,Mon,Tue,Wed,Thu,Fri
01:01:17,66,Chicago,,Tue,Wed,Thu,Fri,Sat
21:06:39,4,Cottage Grove,,Mon,Tue,Wed,Thu,Fri
18:41:45,151,Sheridan,,Sat
13:24:31,3,King Drive,,Sat
18:19:12,4,Cottage Grove,,Mon,Tue,Wed,Thu,Fri
10:04:20,151,Sheridan,,Sun
21:25:42,3,King Drive,,Sat
23:03:44,4,Cottage Grove,,Mon,Tue,Wed,Thu,Fri
19:25:02,60,Blue Island/26th,,Sat
09:45:19,157,Streeterville/Taylor,,Mon,Tue,Wed,Thu,Fri
13:11:47,147,Outer DuSable Lake Shore Express,,Sat
22:15:02,124,Navy Pier,,Mon,Tue,Wed,Thu,Fri
09:14:39,147,Outer DuSable Lake Shore Express,,Sun
18:55:22,4,Cottage Grove,,Sat
16:21:01,3,King Drive,,Mon,Tue,Wed,Thu,Fri
17:31:20,20,Madison,,Mon,Tue,Wed,Thu,Fri
23:19:16,147,Outer DuSable Lake Shore Express,,Sat
09:52:23,151,Sheridan,,Sun
22:41:48,3,King Drive,,Sun
19:56:12,3,King Drive,,Sun
21:15:39,4,Cottage Grove,,Sat
07:50:45,151,Sheridan,,Sat
20:26:09,4,Cottage Grove,,Sat
14:28:35,151,Sheridan,,Sat
06:52:54,147,Outer DuSable Lake Shore Express,,Mon,Tue,Wed,Thu,Fri
19:28:22,4,Cottage Grove,,Sat
07:50:45,151,Sheridan,,Mon,Tue,Wed,Thu,Fri
16:38:25,151,Sheridan,,Sat
16:13:35,151,Sheridan,,Sat
16:11:02,60,Blue Island/26th,,Sun
18:31:04,60,Blue Island/26th,,Mon,Tue,Wed,Thu,Fri
08:23:34,157,Streeterville/Taylor,,Mon,Tue,Wed,Thu,Fri
22:40:09,147,Outer DuSable Lake Shore Express,,Mon,Tue,Wed,Thu,Fri
17:01:53,4,Cottage Grove,,Mon,Tue,Wed,Thu,Fri
22:51:30,3,King Drive,,Mon,Tue,Wed,Thu,Fri
19:34:09,4,Cottage Grove,,Sun
09:19:12,3,King Drive,,Sat
15:42:37,124,Navy Pier,,Sun
16:18:09,4,Cottage Grove,,Sun
20:24:57,124,Navy Pier,,Sun
13:38:17,147,Outer DuSable Lake Shore Express,,Sat
12:00:45,60,Blue Island/26th,,Mon,Tue,Wed,Thu,Fri
06:50:06,4,Cottage Grove,,Sun
16:02:45,151,Sheridan,,Mon,Tue,Wed,Thu,Fri
08:24:54,3,King Drive,,Mon,Tue,Wed,Thu,Fri
10:03:26,124,Navy Pier,,Mon,Tue,Wed,Thu,Fri
22:01:02,60,Blue Island/26th,,Mon,Tue,Wed,Thu,Fri
22:41:12,124,Navy Pier,,Sat
12:29:39,151,Sheridan,,Sun
13:55:17,147,Outer DuSable Lake Shore Express,,Sat
07:40:15,151,Sheridan,,Mon,Tue,Wed,Thu,Fri
07:40:44,60,Blue Island/26th,,Sun
07:39:18,3,King Drive,,Sat
16:25:50,20,Madison,,Mon,Tue,Wed,Thu,Fri
18:11:27,157,Streeterville/Taylor,,Mon,Tue,Wed,Thu,Fri
07:26:05,151,Sheridan,,Sun
18:31:45,151,Sheridan,,Sat
20:01:09,4,Cottage Grove,,Sun
19:09:08,60,Blue Island/26th,,Sun
10:42:09,151,Sheridan,,Sat
16:27:13,3,King Drive,,Mon,Tue,Wed,Thu,Fri
11:11:24,3,King Drive,,Mon,Tue,Wed,Thu,Fri
14:28:30,151,Sheridan,,Sat
13:21:17,147,Outer DuSable Lake Shore Express,,Sat
17:19:25,3,King Drive,,Mon,Tue,Wed,Thu,Fri
10:09:30,151,Sheridan,,Sat
16:21:01,3,King Drive,,Mon,Tue,Wed,Thu,Fri
13:58:16,124,Navy Pier,,Sat
08:47:18,3,King Drive,,Sat
10:37:12,3,King Drive,,Sat
08:55:55,151,Sheridan,,Mon,Tue,Wed,Thu,Fri
06:21:53,147,Outer DuSable Lake Shore Express,,Sun
13:56:30,151,Sheridan,,Sat
18:51:17,147,Outer DuSable Lake Shore Express,,Sat
17:00:41,151,Sheridan,,Mon,Tue,Wed,Thu,Fri
16:40:58,60,Blue Island/26th,,Mon,Tue,Wed,Thu,Fri
11:58:02,60,Blue Island/26th,,Sun
13:11:24,147,Outer DuSable Lake Shore Express,,Sun
10:20:02,60,Blue Island/26th,,Sun
18:45:02,60,Blue Island/26th,,Sat
15:36:09,147,Outer DuSable Lake Shore Express,,Sun
13:44:58,26,South Shore Express,,Mon,Tue,Wed,Thu,Fri
16:25:50,20,Madison,,Mon,Tue,Wed,Thu,Fri
16:04:50,20,Madison,,Mon,Tue,Wed,Thu,Fri
08:31:11,147,Outer DuSable Lake Shore Express,,Mon,Tue,Wed,Thu,Fri
22:21:48,3,King Drive,,Sun
19:34:09,4,Cottage Grove,,Sun
23:53:36,4,Cottage Grove,,Mon,Tue,Wed,Thu,Fri
11:09:23,151,Sheridan,,Sun
14:02:36,3,King Drive,,Mon,Tue,Wed,Thu,Fri
06:55:20,20,Madison,,Mon,Tue,Wed,Thu,Fri
23:03:42,3,King Drive,,Sat
08:59:10,60,Blue Island/26th,,Mon,Tue,Wed,Thu,Fri
13:51:31,3,King Drive,,Sat
15:17:35,151,Sheridan,,Mon,Tue,Wed,Thu,Fri
19:10:22,4,Cottage Grove,,Sat
08:35:55,151,Sheridan,,Mon,Tue,Wed,Thu,Fri
21:12:06,26,South Shore Express,,Mon,Tue,Wed,Thu,Fri
17:31:20,20,Madison,,Mon,Tue,Wed,Thu,Fri
17:11:53,X4,Cottage Grove Express,,Mon,Tue,Wed,Thu,Fri
19:11:15,151,Sheridan,,Sat
23:52:18,3,King Drive,,Sat
09:45:13,147,Outer DuSable Lake Shore Express,,Sun
22:55:08,60,Blue Island/26th,,Sun
17:22:21,151,Sheridan,,Mon,Tue,Wed,Thu,Fri
05:05:40,151,Sheridan,,Mon,Tue,Wed,Thu,Fri
17:21:20,20,Madison,,Mon,Tue,Wed,Thu,Fri
19:51:16,147,Outer DuSable Lake Shore Express,,Sun
07:24:45,151,Sheridan,,Mon,Tue,Wed,Thu,Fri
13:00:34,151,Sheridan,,Sun
12:16:24,147,Outer DuSable Lake Shore Express,,Sun
08:00:06,4,Cottage Grove,,Sun
18:13:10,151,Sheridan,,Sun
11:00:44,4,Cottage Grove,,Sun
17:52:49,151,Sheridan,,Sun
11:42:47,147,Outer DuSable Lake Shore Express,,Mon,Tue,Wed,Thu,Fri
12:53:42,3,King Drive,,Sun
05:45:55,151,Sheridan,,Sun
09:06:20,151,Sheridan,,Mon,Tue,Wed,Thu,Fri
21:25:42,3,King Drive,,Sat
16:59:05,124,Navy Pier,,Mon,Tue,Wed,Thu,Fri
18:38:12,4,Cottage Grove,,Mon,Tue,Wed,Thu,Fri
14:33:02,60,Blue Island/26th,,Sun
18:48:36,26,South Shore Express,,Mon,Tue,Wed,Thu,Fri
06:15:41,4,Cottage Grove,,Mon,Tue,Wed,Thu,Fri
15:53:10,151,Sheridan,,Mon,Tue,Wed,Thu,Fri
21:56:54,147,Outer DuSable Lake Shore Express,,Sat
12:19:35,151,Sheridan,,Sun
11:22:09,151,Sheridan,,Sat
11:26:26,4,Cottage Grove,,Sat
16:40:43,3,King Drive,,Mon,Tue,Wed,Thu,Fri
14:14:05,151,Sheridan,,Mon,Tue,Wed,Thu,Fri
13:58:16,124,Navy Pier,,Sat
23:05:44,4,Cottage Grove,,Sun
20:48:09,4,Cottage Grove,,Sun
20:36:36,26,South Shore Express,,Mon,Tue,Wed,Thu,Fri
20:56:30,3,King Drive,,Sun
23:46:20,151,Sheridan,,Sat
17:55:27,60,Blue Island/26th,,Sat
07:29:31,4,Cottage Grove,,Mon,Tue,Wed,Thu,Fri
23:33:38,60,Blue Island/26th,,Mon,Tue,Wed,Thu,Fri
17:19:25,3,King Drive,,Mon,Tue,Wed,Thu,Fri
18:18:42,4,Cottage Grove,,Mon,Tue,Wed,Thu,Fri
14:05:39,147,Outer DuSable Lake Shore Express,,Mon,Tue,Wed,Thu,Fri
08:11:10,151,Sheridan,,Mon,Tue,Wed,Thu,Fri
21:38:42,3,King Drive,,Sat
09:38:57,60,Blue Island/26th,,Sat
15:42:02,60,Blue Island/26th,,Sun
12:02:44,151,Sheridan,,Sat
12:27:27,157,Streeterville/Taylor,,Mon,Tue,Wed,Thu,Fri
13:35:27,157,Streeterville/Taylor,,Mon,Tue,Wed,Thu,Fri
06:45:50,20,Madison,,Mon,Tue,Wed,Thu,Fri
09:21:05,151,Sheridan,,Mon,Tue,Wed,Thu,Fri
05:05:43,151,Sheridan,,Mon,Tue,Wed,Thu,Fri
10:57:32,60,Blue Island/26th,,Sun
13:57:24,3,King Drive,,Sun
12:59:06,3,King Drive,,Mon,Tue,Wed,Thu,Fri
03:59:09,66,Chicago,,Mon,Tue,Wed,Thu,Fri
18:12:06,26,South Shore Express,,Mon,Tue,Wed,Thu,Fri
19:19:12,3,King Drive,,Sun
18:38:18,3,King Drive,,Mon,Tue,Wed,Thu,Fri
14:55:11,124,Navy Pier,,Mon,Tue,Wed,Thu,Fri
10:00:59,151,Sheridan,,Sat
19:46:36,3,King Drive,,Mon,Tue,Wed,Thu,Fri
18:00:17,147,Outer DuSable Lake Shore Express,,Sat
16:14:02,4,Cottage Grove,,Mon,Tue,Wed,Thu,Fri
17:24:37,124,Navy Pier,,Sun
07:05:01,147,Outer DuSable Lake Shore Express,,Sat
10:08:24,147,Outer DuSable Lake Shore Express,,Sun
10:01:20,151,Sheridan,,Mon,Tue,Wed,Thu,Fri
22:01:46,147,Outer DuSable Lake Shore Express,,Sun
16:46:28,26,South Shore Express,,Mon,Tue,Wed,Thu,Fri
22:30:44,4,Cottage Grove,,Sun
22:25:13,151,Sheridan,,Mon,Tue,Wed,Thu,Fri
07:33:20,20,Madison,,Mon,Tue,Wed,Thu,Fri
23:06:36,3,King Drive,,Mon,Tue,Wed,Thu,Fri
15:40:50,20,Madison,,Mon,Tue,Wed,Thu,Fri
10:46:12,3,King Drive,,Sun
22:22:44,4,Cottage Grove,,Sat
15:15:57,157,Streeterville/Taylor,,Mon,Tue,Wed,Thu,Fri
21:00:46,147,Outer DuSable Lake Shore Express,,Sun
23:00:09,147,Outer DuSable Lake Shore Express,,Mon,Tue,Wed,Thu,Fri
15:41:16,124,Navy Pier,,Sat
19:58:22,4,Cottage Grove,,Mon,Tue,Wed,Thu,Fri
12:38:24,147,Outer DuSable Lake Shore Express,,Sun
09:16:39,4,Cottage Grove,,Mon,Tue,Wed,Thu,Fri
09:14:45,60,Blue Island/26th,,Mon,Tue,Wed,Thu,Fri
22:23:16,147,Outer DuSable Lake Shore Express,,Sun
08:03:20,20,Madison,,Mon,Tue,Wed,Thu,Fri
20:54:06,26,South Shore Express,,Mon,Tue,Wed,Thu,Fri
16:34:43,3,King Drive,,Mon,Tue,Wed,Thu,Fri
18:07:39,4,Cottage Grove,,Sun
15:26:25,4,Cottage Grove,,Mon,Tue,Wed,Thu,Fri
14:27:22,124,Navy Pier,,Sun
05:51:11,4,Cottage Grove,,Mon,Tue,Wed,Thu,Fri
09:02:27,60,Blue Island/26th,,Sat
12:52:35,151,Sheridan,,Sat
19:20:40,60,Blue Island/26th,,Mon,Tue,Wed,Thu,Fri
17:35:53,X4,Cottage Grove Express,,Mon,Tue,Wed,Thu,Fri
08:15:49,4,Cottage Grove,,Sat
17:22:24,3,King Drive,,Sun
09:04:30,3,King Drive,,Sun
15:33:50,20,Madison,,Mon,Tue,Wed,Thu,Fri
10:11:04,147,Outer DuSable Lake Shore Express,,Sat
14:42:36,3,King Drive,,Mon,Tue,Wed,Thu,Fri
12:24:32,60,Blue Island/26th,,Sun
20:18:09,147,Outer DuSable Lake Shore Express,,Sat
23:50:36,4,Cottage Grove,,Sun
17:31:05,4,Cottage Grove,,Mon,Tue,Wed,Thu,Fri
12:08:51,60,Blue Island/26th,,Sat
09:58:27,60,Blue Island/26th,,Sat
14:52:37,124,Navy Pier,,Sun
13:36:40,151,Sheridan,,Mon,Tue,Wed,Thu,Fri
07:42:20,20,Madison,,Mon,Tue,Wed,Thu,Fri
20:24:57,124,Navy Pier,,Sun
23:13:10,151,Sheridan,,Mon,Tue,Wed,Thu,Fri
21:39:14,4,Cottage Grove,,Sat
06:44:36,4,Cottage Grove,,Mon,Tue,Wed,Thu,Fri
05:38:11,4,Cottage Grove,,Mon,Tue,Wed,Thu,Fri
14:24:15,60,Blue Island/26th,,Mon,Tue,Wed,Thu,Fri
09:11:05,151,Sheridan,,Mon,Tue,Wed,Thu,Fri
15:38:09,4,Cottage Grove,,Sun
22:01:46,147,Outer DuSable Lake Shore Express,,Sun
13:11:24,147,Outer DuSable Lake Shore Express,,Sun
14:16:39,147,Outer DuSable Lake Shore Express,,Mon,Tue,Wed,Thu,Fri
14:07:39,4,Cottage Grove,,Sun
19:29:08,60,Blue Island/26th,,Sun
16:51:20,20,Madison,,Mon,Tue,Wed,Thu,Fri
19:31:12,3,King Drive,,Sun
12:27:22,124,Navy Pier,,Sun
17:26:32,147,Outer DuSable Lake Shore Express,,Mon,Tue,Wed,Thu,Fri
06:48:53,157,Streeterville/Taylor,,Mon,Tue,Wed,Thu,Fri
21:35:14,4,Cottage Grove,,Mon,Tue,Wed,Thu,Fri
08:41:10,151,Sheridan,,Mon,Tue,Wed,Thu,Fri
11:54:54,3,King Drive,,Mon,Tue,Wed,Thu,Fri
09:17:27,157,Streeterville/Taylor,,Mon,Tue,Wed,Thu,Fri
13:10:34,151,Sheridan,,Sun
17:58:20,20,Madison,,Mon,Tue,Wed,Thu,Fri
05:57:45,60,Blue Island/26th,,Mon,Tue,Wed,Thu,Fri
12:33:02,60,Blue Island/26th,,Sun
03:30:24,66,Chicago,,Tue,Wed,Thu,Fri,Sat
10:26:56,4,Cottage Grove,,Sat
18:25:24,3,King Drive,,Sun
18:40:54,3,King Drive,,Sat
13:26:21,60,Blue Island/26th,,Sat
04:58:20,20,Madison,,Mon,Tue,Wed,Thu,Fri
10:49:24,3,King Drive,,Mon,Tue,Wed,Thu,Fri
20:16:39,4,Cottage Grove,,Sat
15:41:10,151,Sheridan,,Sun
20:48:25,151,Sheridan,,Sat
21:24:46,157,Streeterville/Taylor,,Mon,Tue,Wed,Thu,Fri
06:46:20,147,Outer DuSable Lake Shore Express,,Mon,Tue,Wed,Thu,Fri
16:35:02,X4,Cottage Grove Express,,Mon,Tue,Wed,Thu,Fri
23:20:12,3,King Drive,,Sat
17:52:36,26,South Shore Express,,Mon,Tue,Wed,Thu,Fri
07:47:40,60,Blue Island/26th,,Mon,Tue,Wed,Thu,Fri
08:43:30,3,King Drive,,Sun
23:19:38,60,Blue Island/26th,,Sat
10:47:19,151,Sheridan,,Mon,Tue,Wed,Thu,Fri
19:52:09,4,Cottage Grove,,Sun
17:25:27,60,Blue Island/26th,,Sat
22:02:25,151,Sheridan,,Sat
00:35:06,3,King Drive,,Tue,Wed,Thu,Fri,Sat
18:59:08,60,Blue Island/26th,,Sun
22:01:02,60,Blue Island/26th,,Mon,Tue,Wed,Thu,Fri
06:33:10,151,Sheridan,,Sat
19:57:22,4,Cottage Grove,,Sat
11:40:32,60,Blue Island/26th,,Sun
12:41:12,3,King Drive,,Sun
08:43:36,147,Outer DuSable Lake Shore Express,,Sun
10:42:01,4,Cottage Grove,,Sun
11:33:24,3,King Drive,,Mon,Tue,Wed,Thu,Fri
14:37:39,4,Cottage Grove,,Sun
06:29:18,3,King Drive,,Mon,Tue,Wed,Thu,Fri
02:31:24,66,Chicago,,Sun
06:07:45,60,Blue Island/26th,,Mon,Tue,Wed,Thu,Fri
17:24:37,124,Navy Pier,,Sun
20:07:46,157,Streeterville/Taylor,,Mon,Tue,Wed,Thu,Fri
08:10:31,4,Cottage Grove,,Mon,Tue,Wed,Thu,Fri
07:40:06,3,King Drive,,Sun
18:51:20,20,Madison,,Mon,Tue,Wed,Thu,Fri
15:29:04,4,Cottage Grove,,Sat
00:43:20,151,Sheridan,,Mon
18:36:46,124,Navy Pier,,Mon,Tue,Wed,Thu,Fri
15:25:51,60,Blue Island/26th,,Sat
18:21:36,3,King Drive,,Sat
09:51:57,147,Outer DuSable Lake Shore Express,,Sat
21:05:09,4,Cottage Grove,,Sat
20:15:47,124,Navy Pier,,Mon,Tue,Wed,Thu,Fri
21:34:32,147,Outer DuSable Lake Shore Express,,Sat
06:14:43,151,Sheridan,,Sat
18:03:32,147,Outer DuSable Lake Shore Express,,Sun
07:10:31,X4,Cottage Grove Express,,Mon,Tue,Wed,Thu,Fri
21:03:47,124,Navy Pier,,Mon,Tue,Wed,Thu,Fri
08:15:40,60,Blue Island/26th,,Mon,Tue,Wed,Thu,Fri
07:20:13,151,Sheridan,,Sat
19:00:40,60,Blue Island/26th,,Mon,Tue,Wed,Thu,Fri
18:59:24,147,Outer DuSable Lake Shore Express,,Sun
23:03:44,4,Cottage Grove,,Sat
21:07:23,151,Sheridan,,Sun
07:27:30,3,King Drive,,Mon,Tue,Wed,Thu,Fri
15:37:39,4,Cottage Grove,,Sun
17:13:58,60,Blue Island/26th,,Mon,Tue,Wed,Thu,Fri
15:20:31,3,King Drive,,Sat
23:45:33,151,Sheridan,,Sun
10:02:19,4,Cottage Grove,,Sun
15:08:18,3,King Drive,,Mon,Tue,Wed,Thu,Fri
23:37:38,60,Blue Island/26th,,Sat
14:33:45,60,Blue Island/26th,,Mon,Tue,Wed,Thu,Fri
14:15:46,124,Navy Pier,,Sat
11:53:27,157,Streeterville/Taylor,,Mon,Tue,Wed,Thu,Fri
05:36:38,60,Blue Island/26th,,Sat
20:37:02,147,Outer DuSable Lake Shore Express,,Sat
19:53:02,147,Outer DuSable Lake Shore Express,,Mon,Tue,Wed,Thu,Fri
21:25:08,60,Blue Island/26th,,Sun
20:37:09,4,Cottage Grove,,Mon,Tue,Wed,Thu,Fri
21:38:25,151,Sheridan,,Mon,Tue,Wed,Thu,Fri
22:11:32,124,Navy Pier,,Sun
08:10:09,143,Stockton/Michigan Express,,Mon,Tue,Wed,Thu,Fri
17:30:57,60,Blue Island/26th,,Sun
16:32:28,60,Blue Island/26th,,Mon,Tue,Wed,Thu,Fri
06:17:38,60,Blue Island/26th,,Sat
16:56:40,157,Streeterville/Taylor,,Mon,Tue,Wed,Thu,Fri
19:03:52,4,Cottage Grove,,Sat
06:11:44,60,Blue Island/26th,,Sun
16:46:20,20,Madison,,Mon,Tue,Wed,Thu,Fri
16:37:51,26,South Shore Express,,Mon,Tue,Wed,Thu,Fri
07:21:40,60,Blue Island/26th,,Mon,Tue,Wed,Thu,Fri
08:53:49,4,Cottage Grove,,Sun
08:41:15,151,Sheridan,,Mon,Tue,Wed,Thu,Fri
21:41:16,147,Outer DuSable Lake Shore Express,,Sun
16:23:02,X4,Cottage Grove Express,,Mon,Tue,Wed,Thu,Fri
09:10:27,60,Blue Island/26th,,Sat
11:22:51,60,Blue Island/26th,,Sat
18:47:22,4,Cottage Grove,,Sat
13:44:58,26,South Shore Express,,Mon,Tue,Wed,Thu,Fri
10:58:05,151,Sheridan,,Sat
21:07:20,151,Sheridan,,Sun
16:31:20,20,Madison,,Mon,Tue,Wed,Thu,Fri
14:02:36,3,King Drive,,Mon,Tue,Wed,Thu,Fri
13:12:04,4,Cottage Grove,,Sat
06:13:09,147,Outer DuSable Lake Shore Express,,Sat
11:25:12,3,King Drive,,Sun
17:35:53,X4,Cottage Grove Express,,Mon,Tue,Wed,Thu,Fri
09:27:39,4,Cottage Grove,,Mon,Tue,Wed,Thu,Fri
08:49:56,4,Cottage Grove,,Mon,Tue,Wed,Thu,Fri
19:56:12,3,King Drive,,Sun
15:08:36,26,South Shore Express,,Mon,Tue,Wed,Thu,Fri
15:19:42,X4,Cottage Grove Express,,Mon,Tue,Wed,Thu,Fri
12:13:47,147,Outer DuSable Lake Shore Express,,Mon,Tue,Wed,Thu,Fri
16:45:51,60,Blue Island/26th,,Sat
18:05:27,60,Blue Island/26th,,Sat
17:33:58,26,South Shore Express,,Mon,Tue,Wed,Thu,Fri
19:34:12,124,Navy Pier,,Sun
11:04:21,60,Blue Island/26th,,Sat
23:06:15,151,Sheridan,,Sun
16:16:04,4,Cottage Grove,,Sat
08:39:19,4,Cottage Grove,,Sun
15:05:51,60,Blue Island/26th,,Sat
10:46:17,147,Outer DuSable Lake Shore Express,,Sat
13:28:47,147,Outer DuSable Lake Shore Express,,Sat
08:32:02,60,Blue Island/26th,,Sun
19:07:47,147,Outer DuSable Lake Shore Express,,Sat
14:32:24,3,King Drive,,Sun
08:13:04,157,Streeterville/Taylor,,Mon,Tue,Wed,Thu,Fri
16:15:51,60,Blue Island/26th,,Sat
07:12:50,147,Outer DuSable Lake Shore Express,,Mon,Tue,Wed,Thu,Fri
08:41:32,60,Blue Island/26th,,Sun
15:45:41,124,Navy Pier,,Mon,Tue,Wed,Thu,Fri
10:27:56,4,Cottage Grove,,Sat
15:12:31,3,King Drive,,Sat
20:22:54,3,King Drive,,Sat
10:54:21,60,Blue Island/26th,,Sat
09:42:02,147,Outer DuSable Lake Shore Express,,Sat
03:30:32,66,Chicago,,Sun
09:05:12,3,King Drive,,Sat
18:11:49,151,Sheridan,,Sat
20:15:47,124,Navy Pier,,Mon,Tue,Wed,Thu,Fri
20:45:09,4,Cottage Grove,,Sat
22:53:38,60,Blue Island/26th,,Mon,Tue,Wed,Thu,Fri
18:15:18,3,King Drive,,Mon,Tue,Wed,Thu,Fri
14:15:15,60,Blue Island/26th,,Mon,Tue,Wed,Thu,Fri
21:07:07,124,Navy Pier,,Sat
15:30:32,147,Outer DuSable Lake Shore Express,,Sat
08:00:45,151,Sheridan,,Mon,Tue,Wed,Thu,Fri
11:50:14,4,Cottage Grove,,Sun
06:49:40,151,Sheridan,,Sat
15:08:09,4,Cottage Grove,,Sun
13:40:30,151,Sheridan,,Sat
07:51:39,147,Outer DuSable Lake Shore Express,,Sun
13:00:35,151,Sheridan,,Sat
11:11:24,3,King Drive,,Mon,Tue,Wed,Thu,Fri
22:16:02,60,Blue Island/26th,,Mon,Tue,Wed,Thu,Fri
12:42:47,147,Outer DuSable Lake Shore Express,,Mon,Tue,Wed,Thu,Fri
17:23:25,124,Navy Pier,,Mon,Tue,Wed,Thu,Fri
18:25:50,151,Sheridan,,Mon,Tue,Wed,Thu,Fri
18:09:55,147,Outer DuSable Lake Shore Express,,Mon,Tue,Wed,Thu,Fri
09:04:18,143,Stockton/Michigan Express,,Mon,Tue,Wed,Thu,Fri
18:21:04,60,Blue Island/26th,,Mon,Tue,Wed,Thu,Fri
18:14:24,3,King Drive,,Sun
11:56:04,4,Cottage Grove,,Sat
07:52:02,60,Blue Island/26th,,Sat
18:50:54,3,King Drive,,Sat
09:17:24,147,Outer DuSable Lake Shore Express,,Sat
09:10:37,124,Navy Pier,,Sun
12:22:42,4,Cottage Grove,,Mon,Tue,Wed,Thu,Fri
18:04:20,20,Madison,,Mon,Tue,Wed,Thu,Fri
07:00:31,4,Cottage Grove,,Mon,Tue,Wed,Thu,Fri
06:07:50,20,Madison,,Mon,Tue,Wed,Thu,Fri
19:10:30,151,Sheridan,,Sun
23:28:19,4,Cottage Grove,,Sun
15:12:50,20,Madison,,Mon,Tue,Wed,Thu,Fri
18:54:18,3,King Drive,,Mon,Tue,Wed,Thu,Fri
21:26:53,151,Sheridan,,Sun
03:57:32,66,Chicago,,Sat
07:09:41,143,Stockton/Michigan Express,,Mon,Tue,Wed,Thu,Fri
16:04:32,147,Outer DuSable Lake Shore Express,,Sat
14:40:09,147,Outer DuSable Lake Shore Express,,Sun
12:10:27,157,Streeterville/Taylor,,Mon,Tue,Wed,Thu,Fri
07:08:48,3,King Drive,,Mon,Tue,Wed,Thu,Fri
23:20:09,147,Outer DuSable Lake Shore Express,,Mon,Tue,Wed,Thu,Fri
11:03:17,147,Outer DuSable Lake Shore Express,,Sat
13:05:17,147,Outer DuSable Lake Shore Express,,Mon,Tue,Wed,Thu,Fri
09:28:20,151,Sheridan,,Sun
15:05:51,60,Blue Island/26th,,Sat
05:40:09,147,Outer DuSable Lake Shore Express,,Mon,Tue,Wed,Thu,Fri
21:45:48,3,King Drive,,Sun
17:43:24,3,King Drive,,Sun
10:04:17,124,Navy Pier,,Sat
20:49:51,60,Blue Island/26th,,Mon,Tue,Wed,Thu,Fri
22:04:32,60,Blue Island/26th,,Sat
17:34:52,4,Cottage Grove,,Sat
06:22:16,147,Outer DuSable Lake Shore Express,,Mon,Tue,Wed,Thu,Fri
09:35:50,20,Madison,,Mon,Tue,Wed,Thu,Fri
13:22:24,147,Outer DuSable Lake Shore Express,,Sun
14:58:00,151,Sheridan,,Mon,Tue,Wed,Thu,Fri
09:09:47,147,Outer DuSable Lake Shore Express,,Mon,Tue,Wed,Thu,Fri
12:03:22,124,Navy Pier,,Sun
17:32:15,151,Sheridan,,Sun
15:44:27,157,Streeterville/Taylor,,Mon,Tue,Wed,Thu,Fri
10:40:50,147,Outer DuSable Lake Shore Express,,Sun
14:03:22,124,Navy Pier,,Sun
09:30:15,60,Blue Island/26th,,Mon,Tue,Wed,Thu,Fri
16:46:25,3,King Drive,,Mon,Tue,Wed,Thu,Fri
19:10:18,3,King Drive,,Mon,Tue,Wed,Thu,Fri
16:32:55,147,Outer DuSable Lake Shore Express,,Mon,Tue,Wed,Thu,Fri
22:03:48,3,King Drive,,Sun
09:03:00,157,Streeterville/Taylor,,Mon,Tue,Wed,Thu,Fri
07:01:53,147,Outer DuSable Lake Shore Express,,Sun
09:23:41,147,Outer DuSable Lake Shore Express,,Mon,Tue,Wed,Thu,Fri
20:47:02,147,Outer DuSable Lake Shore Express,,Sat
02:01:17,66,Chicago,,Tue,Wed,Thu,Fri,Sat
13:00:35,151,Sheridan,,Mon,Tue,Wed,Thu,Fri
23:56:38,60,Blue Island/26th,,Sat
21:26:54,3,King Drive,,Mon,Tue,Wed,Thu,Fri
22:41:13,151,Sheridan,,Mon,Tue,Wed,Thu,Fri
17:01:20,20,Madison,,Mon,Tue,Wed,Thu,Fri
07:35:12,3,King Drive,,Mon,Tue,Wed,Thu,Fri
19:39:08,60,Blue Island/26th,,Sun
08:16:10,151,Sheridan,,Mon,Tue,Wed,Thu,Fri
11:22:24,147,Outer DuSable Lake Shore Express,,Sun
20:18:09,4,Cottage Grove,,Mon,Tue,Wed,Thu,Fri
09:28:17,147,Outer DuSable Lake Shore Express,,Mon,Tue,Wed,Thu,Fri
16:48:09,4,Cottage Grove,,Sun
16:37:51,26,South Shore Express,,Mon,Tue,Wed,Thu,Fri
16:32:41,124,Navy Pier,,Sat
06:17:45,60,Blue Island/26th,,Mon,Tue,Wed,Thu,Fri
14:19:47,147,Outer DuSable Lake Shore Express,,Sat
16:58:37,124,Navy Pier,,Sun
07:25:21,143,Stockton/Michigan Express,,Mon,Tue,Wed,Thu,Fri
18:13:14,151,Sheridan,,Sun
22:23:16,147,Outer DuSable Lake Shore Express,,Sat
22:39:32,124,Navy Pier,,Mon,Tue,Wed,Thu,Fri
15:26:05,151,Sheridan,,Mon,Tue,Wed,Thu,Fri
13:52:27,157,Streeterville/Taylor,,Mon,Tue,Wed,Thu,Fri
05:33:30,151,Sheridan,,Sat
17:23:40,157,Streeterville/Taylor,,Mon,Tue,Wed,Thu,Fri
08:04:13,147,Outer DuSable Lake Shore Express,,Sat
07:55:40,60,Blue Island/26th,,Mon,Tue,Wed,Thu,Fri
14:02:42,4,Cottage Grove,,Mon,Tue,Wed,Thu,Fri
14:12:30,151,Sheridan,,Sat
13:20:26,4,Cottage Grove,,Sun
08:48:56,4,Cottage Grove,,Mon,Tue,Wed,Thu,Fri
08:29:50,20,Madison,,Mon,Tue,Wed,Thu,Fri
14:52:06,3,King Drive,,Mon,Tue,Wed,Thu,Fri
21:44:46,157,Streeterville/Taylor,,Mon,Tue,Wed,Thu,Fri
20:59:42,3,King Drive,,Sat
23:20:31,4,Cottage Grove,,Sat
08:44:56,124,Navy Pier,,Mon,Tue,Wed,Thu,Fri
17:42:41,124,Navy Pier,,Sat
09:15:41,147,Outer DuSable Lake Shore Express,,Mon,Tue,Wed,Thu,Fri
22:21:48,3,King Drive,,Sun
17:53:43,3,King Drive,,Mon,Tue,Wed,Thu,Fri
09:15:41,147,Outer DuSable Lake Shore Express,,Mon,Tue,Wed,Thu,Fri
14:25:04,4,Cottage Grove,,Sat
09:33:54,147,Outer DuSable Lake Shore Express,,Sat
14:10:45,151,Sheridan,,Sun
16:46:25,3,King Drive,,Mon,Tue,Wed,Thu,Fri
10:29:11,147,Outer DuSable Lake Shore Express,,Sat
14:42:36,3,King Drive,,Mon,Tue,Wed,Thu,Fri
08:51:07,143,Stockton/Michigan Express,,Mon,Tue,Wed,Thu,Fri
07:35:31,X4,Cottage Grove Express,,Mon,Tue,Wed,Thu,Fri
22:22:44,4,Cottage Grove,,Sat
16:58:25,147,Outer DuSable Lake Shore Express,,Mon,Tue,Wed,Thu,Fri
05:23:39,147,Outer DuSable Lake Shore Express,,Mon,Tue,Wed,Thu,Fri
13:19:15,60,Blue Island/26th,,Mon,Tue,Wed,Thu,Fri
22:17:07,124,Navy Pier,,Sat
09:20:02,60,Blue Island/26th,,Sun
09:30:02,60,Blue Island/26th,,Sun
11:13:21,60,Blue Island/26th,,Sat
17:50:57,60,Blue Island/26th,,Sun
12:47:26,124,Navy Pier,,Sat
19:28:18,3,King Drive,,Mon,Tue,Wed,Thu,Fri
06:26:15,60,Blue Island/26th,,Mon,Tue,Wed,Thu,Fri
21:08:09,4,Cottage Grove,,Mon,Tue,Wed,Thu,Fri
10:38:24,3,King Drive,,Mon,Tue,Wed,Thu,Fri
12:37:01,3,King Drive,,Sat
09:54:24,3,King Drive,,Mon,Tue,Wed,Thu,Fri
14:47:25,4,Cottage Grove,,Mon,Tue,Wed,Thu,Fri
19:15:39,147,Outer DuSable Lake Shore Express,,Sat
16:44:55,147,Outer DuSable Lake Shore Express,,Sat
17:22:58,60,Blue Island/26th,,Mon,Tue,Wed,Thu,Fri
16:48:31,3,King Drive,,Sat
12:33:41,147,Outer DuSable Lake Shore Express,,Mon,Tue,Wed,Thu,Fri
09:24:30,3,King Drive,,Sun
16:54:25,151,Sheridan,,Sat
19:31:12,3,King Drive,,Sun
11:02:41,147,Outer DuSable Lake Shore Express,,Mon,Tue,Wed,Thu,Fri
20:29:51,60,Blue Island/26th,,Mon,Tue,Wed,Thu,Fri
15:07:16,124,Navy Pier,,Sat
08:25:31,X4,Cottage Grove Express,,Mon,Tue,Wed,Thu,Fri
10:17:34,151,Sheridan,,Sat
14:13:06,3,King Drive,,Mon,Tue,Wed,Thu,Fri
09:11:02,60,Blue Island/26th,,Sun
19:28:34,4,Cottage Grove,,Mon,Tue,Wed,Thu,Fri
20:45:46,157,Streeterville/Taylor,,Mon,Tue,Wed,Thu,Fri
07:33:57,147,Outer DuSable Lake Shore Express,,Mon,Tue,Wed,Thu,Fri
17:08:06,124,Navy Pier,,Sat
06:29:24,4,Cottage Grove,,Sat
23:06:36,3,King Drive,,Mon,Tue,Wed,Thu,Fri
09:40:59,151,Sheridan,,Sat
13:00:44,4,Cottage Grove,,Sun
16:40:58,60,Blue Island/26th,,Mon,Tue,Wed,Thu,Fri
06:53:41,143,Stockton/Michigan Express,,Mon,Tue,Wed,Thu,Fri
09:04:56,124,Navy Pier,,Mon,Tue,Wed,Thu,Fri
15:53:04,4,Cottage Grove,,Sat
19:10:51,124,Navy Pier,,Sat
21:30:36,26,South Shore Express,,Mon,Tue,Wed,Thu,Fri
06:46:40,151,Sheridan,,Sun
07:35:02,60,Blue Island/26th,,Sat
20:53:36,3,King Drive,,Mon,Tue,Wed,Thu,Fri
22:33:38,60,Blue Island/26th,,Mon,Tue,Wed,Thu,Fri
21:54:23,151,Sheridan,,Mon,Tue,Wed,Thu,Fri
19:43:12,3,King Drive,,Sun
18:34:17,147,Outer DuSable Lake Shore Express,,Sat
17:59:50,4,Cottage Grove,,Mon,Tue,Wed,Thu,Fri
05:39:09,147,Outer DuSable Lake Shore Express,,Sat
10:24:15,60,Blue Island/26th,,Mon,Tue,Wed,Thu,Fri
20:40:30,3,King Drive,,Sun
18:12:10,151,Sheridan,,Mon,Tue,Wed,Thu,Fri
17:26:32,147,Outer DuSable Lake Shore Express,,Mon,Tue,Wed,Thu,Fri
18:16:51,124,Navy Pier,,Sat
15:44:05,151,Sheridan,,Mon,Tue,Wed,Thu,Fri
08:38:01,X4,Cottage Grove Express,,Mon,Tue,Wed,Thu,Fri
10:20:02,60,Blue Island/26th,,Sun
16:52:17,147,Outer DuSable Lake Shore Express,,Sat
19:27:20,20,Madison,,Mon,Tue,Wed,Thu,Fri
08:23:08,60,Blue Island/26th,,Sun
14:09:27,157,Streeterville/Taylor,,Mon,Tue,Wed,Thu,Fri
15:25:35,151,Sheridan,,Sat
15:42:37,124,Navy Pier,,Sun
19:19:22,4,Cottage Grove,,Sat
10:48:55,151,Sheridan,,Sun
20:15:02,60,Blue Island/26th,,Sat
14:22:36,3,King Drive,,Mon,Tue,Wed,Thu,Fri
16:57:25,3,King Drive,,Mon,Tue,Wed,Thu,Fri
09:11:27,124,Navy Pier,,Sat
11:10:24,147,Outer DuSable Lake Shore Express,,Sun
10:00:39,147,Outer DuSable Lake Shore Express,,Mon,Tue,Wed,Thu,Fri
01:31:17,66,Chicago,,Sun
07:55:09,147,Outer DuSable Lake Shore Express,,Mon,Tue,Wed,Thu,Fri
13:40:40,151,Sheridan,,Sun
23:40:36,3,King Drive,,Sun
23:20:12,3,King Drive,,Sat
08:39:50,151,Sheridan,,Sat
21:24:32,147,Outer DuSable Lake Shore Express,,Sat
16:56:40,157,Streeterville/Taylor,,Mon,Tue,Wed,Thu,Fri
05:57:00,151,Sheridan,,Mon,Tue,Wed,Thu,Fri
10:29:17,124,Navy Pier,,Sat
22:00:14,4,Cottage Grove,,Sat
13:24:30,151,Sheridan,,Sat
22:38:42,124,Navy Pier,,Sun
08:04:50,151,Sheridan,,Sat
16:12:30,157,Streeterville/Taylor,,Mon,Tue,Wed,Thu,Fri
07:35:02,60,Blue Island/26th,,Sat
16:41:20,20,Madison,,Mon,Tue,Wed,Thu,Fri
10:49:24,3,King Drive,,Mon,Tue,Wed,Thu,Fri
23:19:06,3,King Drive,,Mon,Tue,Wed,Thu,Fri
06:53:01,147,Outer DuSable Lake Shore Express,,Sat
18:13:52,4,Cottage Grove,,Sat
09:11:02,60,Blue Island/26th,,Sun
15:24:39,147,Outer DuSable Lake Shore Express,,Sun
18:51:04,60,Blue Island/26th,,Mon,Tue,Wed,Thu,Fri
08:14:27,60,Blue Island/26th,,Sat
15:32:12,X4,Cottage Grove Express,,Mon,Tue,Wed,Thu,Fri
20:09:30,3,King Drive,,Sun
20:08:39,147,Outer DuSable Lake Shore Express,,Sat
11:14:22,124,Navy Pier,,Sun
15:08:35,151,Sheridan,,Sat
19:10:54,3,King Drive,,Sat
10:22:19,4,Cottage Grove,,Sun
18:47:09,151,Sheridan,,Sun
12:10:27,157,Streeterville/Taylor,,Mon,Tue,Wed,Thu,Fri
17:25:11,124,Navy Pier,,Sat
14:27:39,4,Cottage Grove,,Sun
22:17:07,124,Navy Pier,,Sat
09:46:09,147,Outer DuSable Lake Shore Express,,Mon,Tue,Wed,Thu,Fri
11:17:07,124,Navy Pier,,Sat
08:19:50,20,Madison,,Mon,Tue,Wed,Thu,Fri
11:32:24,147,Outer DuSable Lake Shore Express,,Sun
22:59:16,147,Outer DuSable Lake Shore Express,,Sat
14:00:11,124,Navy Pier,,Mon,Tue,Wed,Thu,Fri
20:25:16,147,Outer DuSable Lake Shore Express,,Sun
09:47:56,4,Cottage Grove,,Sat
16:55:27,60,Blue Island/26th,,Sat
19:41:10,151,Sheridan,,Sat
20:08:39,147,Outer DuSable Lake Shore Express,,Sat
14:53:39,147,Outer DuSable Lake Shore Express,,Mon,Tue,Wed,Thu,Fri
16:08:04,4,Cottage Grove,,Sat
18:15:18,3,King Drive,,Mon,Tue,Wed,Thu,Fri
16:27:24,3,King Drive,,Sun
20:50:32,124,Navy Pier,,Sun
11:13:21,60,Blue Island/26th,,Sat
19:19:12,3,King Drive,,Sun
07:10:53,157,Streeterville/Taylor,,Mon,Tue,Wed,Thu,Fri
13:30:39,151,Sheridan,,Sun
08:46:49,4,Cottage Grove,,Sat
20:09:08,60,Blue Island/26th,,Sun
15:40:50,20,Madison,,Mon,Tue,Wed,Thu,Fri
04:45:00,151,Sheridan,,Mon,Tue,Wed,Thu,Fri
24:30:50,151,Sheridan,,Mon,Tue,Wed,Thu,Fri
14:48:09,4,Cottage Grove,,Sun
15:28:31,3,King Drive,,Sat
15:32:02,60,Blue Island/26th,,Sun
13:26:21,60,Blue Island/26th,,Sat
05:04:50,151,Sheridan,,Sun
20:35:39,4,Cottage Grove,,Sat
04:32:24,66,Chicago,,Sun
18:49:19,157,Streeterville/Taylor,,Mon,Tue,Wed,Thu,Fri
21:04:54,147,Outer DuSable Lake Shore Express,,Mon,Tue,Wed,Thu,Fri
18:59:47,147,Outer DuSable Lake Shore Express,,Sat
13:48:30,151,Sheridan,,Sat
17:33:16,151,Sheridan,,Mon,Tue,Wed,Thu,Fri
14:53:02,60,Blue Island/26th,,Sun
08:54:54,3,King Drive,,Mon,Tue,Wed,Thu,Fri
16:39:31,3,King Drive,,Sat
21:35:44,4,Cottage Grove,,Mon,Tue,Wed,Thu,Fri
08:49:50,151,Sheridan,,Sat
08:49:04,157,Streeterville/Taylor,,Mon,Tue,Wed,Thu,Fri
17:23:53,X4,Cottage Grove Express,,Mon,Tue,Wed,Thu,Fri
17:00:57,60,Blue Island/26th,,Sun
08:36:41,147,Outer DuSable Lake Shore Express,,Mon,Tue,Wed,Thu,Fri
07:20:06,4,Cottage Grove,,Sun
14:20:58,26,South Shore Express,,Mon,Tue,Wed,Thu,Fri
19:57:22,4,Cottage Grove,,Mon,Tue,Wed,Thu,Fri
19:52:39,151,Sheridan,,Sat
08:51:32,60,Blue Island/26th,,Sun
09:09:50,20,Madison,,Mon,Tue,Wed,Thu,Fri
14:29:09,147,Outer DuSable Lake Shore Express,,Sun
11:24:18,3,King Drive,,Sat
07:02:18,3,King Drive,,Sat
08:07:11,147,Outer DuSable Lake Shore Express,,Mon,Tue,Wed,Thu,Fri
07:03:20,20,Madison,,Mon,Tue,Wed,Thu,Fri
08:03:20,20,Madison,,Mon,Tue,Wed,Thu,Fri
05:21:51,60,Blue Island/26th,,Mon,Tue,Wed,Thu,Fri
11:54:17,147,Outer DuSable Lake Shore Express,,Sat
09:03:36,147,Outer DuSable Lake Shore Express,,Sun
10:27:39,4,Cottage Grove,,Mon,Tue,Wed,Thu,Fri
20:39:51,60,Blue Island/26th,,Mon,Tue,Wed,Thu,Fri
19:33:09,147,Outer DuSable Lake Shore Express,,Sat
10:16:48,151,Sheridan,,Sun
09:22:19,4,Cottage Grove,,Sun
22:34:14,4,Cottage Grove,,Mon,Tue,Wed,Thu,Fri
11:58:51,60,Blue Island/26th,,Sat
13:18:27,157,Streeterville/Taylor,,Mon,Tue,Wed,Thu,Fri
14:31:15,151,Sheridan,,Sun
16:38:09,4,Cottage Grove,,Sun
19:29:46,157,Streeterville/Taylor,,Mon,Tue,Wed,Thu,Fri
12:16:24,147,Outer DuSable Lake Shore Express,,Sun
09:40:55,151,Sheridan,,Sat
18:04:20,20,Madison,,Mon,Tue,Wed,Thu,Fri
19:10:46,147,Outer DuSable Lake Shore Express,,Sun
09:24:20,147,Outer DuSable Lake Shore Express,,Sat
09:22:45,60,Blue Island/26th,,Mon,Tue,Wed,Thu,Fri
15:20:31,3,King Drive,,Sat
09:26:39,4,Cottage Grove,,Mon,Tue,Wed,Thu,Fri
07:52:59,157,Streeterville/Taylor,,Mon,Tue,Wed,Thu,Fri
15:45:31,3,King Drive,,Sat
09:29:27,60,Blue Island/26th,,Sat
15:30:32,147,Outer DuSable Lake Shore Express,,Sat
17:51:28,60,Blue Island/26th,,Mon,Tue,Wed,Thu,Fri
07:48:04,147,Outer DuSable Lake Shore Express,,Mon,Tue,Wed,Thu,Fri
17:01:19,151,Sheridan,,Sun
16:12:15,151,Sheridan,,Mon,Tue,Wed,Thu,Fri
16:44:55,147,Outer DuSable Lake Shore Express,,Mon,Tue,Wed,Thu,Fri
05:59:24,4,Cottage Grove,,Sun
16:15:41,124,Navy Pier,,Sat
20:29:51,60,Blue Island/26th,,Mon,Tue,Wed,Thu,Fri
16:06:21,26,South Shore Express,,Mon,Tue,Wed,Thu,Fri
17:26:17,147,Outer DuSable Lake Shore Express,,Sat
17:46:50,20,Madison,,Mon,Tue,Wed,Thu,Fri
12:56:51,60,Blue Island/26th,,Sat
15:06:54,3,King Drive,,Sun
12:38:24,147,Outer DuSable Lake Shore Express,,Sun
16:08:09,4,Cottage Grove,,Sun
18:09:32,60,Blue Island/26th,,Sun
16:41:26,151,Sheridan,,Mon,Tue,Wed,Thu,Fri
12:54:47,147,Outer DuSable Lake Shore Express,,Sat
22:38:42,124,Navy Pier,,Sun
15:04:04,4,Cottage Grove,,Sat
18:15:02,147,Outer DuSable Lake Shore Express,,Sun
08:12:17,147,Outer DuSable Lake Shore Express,,Mon,Tue,Wed,Thu,Fri
21:05:54,147,Outer DuSable Lake Shore Express,,Sat
10:47:15,151,Sheridan,,Mon,Tue,Wed,Thu,Fri
19:47:22,4,Cottage Grove,,Sat
18:17:20,20,Madison,,Mon,Tue,Wed,Thu,Fri
15:47:32,147,Outer DuSable Lake Shore Express,,Sat
05:54:43,151,Sheridan,,Sat
20:45:46,157,Streeterville/Taylor,,Mon,Tue,Wed,Thu,Fri
18:00:11,124,Navy Pier,,Sat
08:39:50,20,Madison,,Mon,Tue,Wed,Thu,Fri
17:01:15,151,Sheridan,,Sun
17:31:58,60,Blue Island/26th,,Mon,Tue,Wed,Thu,Fri
17:41:36,3,King Drive,,Sat
13:45:24,3,King Drive,,Sun
11:06:32,60,Blue Island/26th,,Sun
12:00:44,4,Cottage Grove,,Sun
21:40:42,3,King Drive,,Mon,Tue,Wed,Thu,Fri
24:09:58,151,Sheridan,,Mon,Tue,Wed,Thu,Fri
21:40:08,60,Blue Island/26th,,Sun
10:57:39,4,Cottage Grove,,Mon,Tue,Wed,Thu,Fri
08:55:50,151,Sheridan,,Mon,Tue,Wed,Thu,Fri
15:25:01,3,King Drive,,Mon,Tue,Wed,Thu,Fri
13:20:09,151,Sheridan,,Sun
07:19:36,147,Outer DuSable Lake Shore Express,,Sun
20:48:09,4,Cottage Grove,,Mon,Tue,Wed,Thu,Fri
16:32:55,147,Outer DuSable Lake Shore Express,,Mon,Tue,Wed,Thu,Fri
07:48:01,X4,Cottage Grove Express,,Mon,Tue,Wed,Thu,Fri
16:41:20,20,Madison,,Mon,Tue,Wed,Thu,Fri
07:57:38,151,Sheridan,,Sun
19:08:12,124,Navy Pier,,Sun
16:52:17,147,Outer DuSable Lake Shore Express,,Sat
17:00:47,147,Outer DuSable Lake Shore Express,,Sat
07:26:57,147,Outer DuSable Lake Shore Express,,Mon,Tue,Wed,Thu,Fri
19:31:21,26,South Shore Express,,Mon,Tue,Wed,Thu,Fri
20:55:02,60,Blue Island/26th,,Sat
16:25:51,60,Blue Island/26th,,Sat
19:43:12,3,King Drive,,Sun
23:19:16,147,Outer DuSable Lake Shore Express,,Sat
12:53:02,60,Blue Island/26th,,Sun
19:59:09,147,Outer DuSable Lake Shore Express,,Sat
06:46:43,151,Sheridan,,Sun
13:18:27,157,Streeterville/Taylor,,Mon,Tue,Wed,Thu,Fri
16:38:24,3,King Drive,,Sun
20:29:08,60,Blue Island/26th,,Sun
22:45:44,4,Cottage Grove,,Sun
13:00:30,151,Sheridan,,Sat
22:31:42,3,King Drive,,Sat
19:47:51,124,Navy Pier,,Sat
23:40:36,3,King Drive,,Sun
13:45:47,147,Outer DuSable Lake Shore Express,,Sat
14:18:09,147,Outer DuSable Lake Shore Express,,Sun
09:01:41,147,Outer DuSable Lake Shore Express,,Mon,Tue,Wed,Thu,Fri
16:02:01,3,King Drive,,Mon,Tue,Wed,Thu,Fri
08:29:31,4,Cottage Grove,,Mon,Tue,Wed,Thu,Fri
14:50:16,124,Navy Pier,,Sat
16:42:45,4,Cottage Grove,,Mon,Tue,Wed,Thu,Fri
22:34:14,4,Cottage Grove,,Mon,Tue,Wed,Thu,Fri
06:21:53,147,Outer DuSable Lake Shore Express,,Sun
23:00:36,3,King Drive,,Sun
01:31:17,66,Chicago,,Mon
10:40:02,60,Blue Island/26th,,Sun
04:45:03,151,Sheridan,,Mon,Tue,Wed,Thu,Fri
14:36:31,3,King Drive,,Sat
16:13:02,147,Outer DuSable Lake Shore Express,,Sat
11:03:17,147,Outer DuSable Lake Shore Express,,Sat
10:48:21,124,Navy Pier,,Mon,Tue,Wed,Thu,Fri
11:00:14,4,Cottage Grove,,Sun
15:30:55,157,Streeterville/Taylor,,Mon,Tue,Wed,Thu,Fri
13:00:30,151,Sheridan,,Sun
09:10:20,151,Sheridan,,Sat
07:29:59,147,Outer DuSable Lake Shore Express,,Sat
17:30:25,3,King Drive,,Mon,Tue,Wed,Thu,Fri
20:28:39,4,Cottage Grove,,Sun
20:27:09,4,Cottage Grove,,Mon,Tue,Wed,Thu,Fri
16:10:01,124,Navy Pier,,Mon,Tue,Wed,Thu,Fri
21:40:42,3,King Drive,,Mon,Tue,Wed,Thu,Fri
14:20:45,151,Sheridan,,Sun
13:35:27,157,Streeterville/Taylor,,Mon,Tue,Wed,Thu,Fri
20:56:30,3,King Drive,,Sun
19:02:18,3,King Drive,,Mon,Tue,Wed,Thu,Fri
07:30:31,4,Cottage Grove,,Mon,Tue,Wed,Thu,Fri
17:22:24,3,King Drive,,Sun
21:20:46,147,Outer DuSable Lake Shore Express,,Sun
07:21:49,4,Cottage Grove,,Sat
20:29:08,60,Blue Island/26th,,Sun
07:40:31,4,Cottage Grove,,Mon,Tue,Wed,Thu,Fri
15:44:04,4,Cottage Grove,,Sat
07:35:48,151,Sheridan,,Sat
07:37:32,147,Outer DuSable Lake Shore Express,,Mon,Tue,Wed,Thu,Fri
16:12:20,151,Sheridan,,Mon,Tue,Wed,Thu,Fri
12:28:42,3,King Drive,,Sun
10:15:11,147,Outer DuSable Lake Shore Express,,Mon,Tue,Wed,Thu,Fri
15:41:35,151,Sheridan,,Sat
09:31:23,157,Streeterville/Taylor,,Mon,Tue,Wed,Thu,Fri
14:01:35,151,Sheridan,,Mon,Tue,Wed,Thu,Fri
23:50:36,4,Cottage Grove,,Sun
17:22:58,60,Blue Island/26th,,Mon,Tue,Wed,Thu,Fri
12:35:47,147,Outer DuSable Lake Shore Express,,Sat
19:01:20,151,Sheridan,,Sat
07:57:20,20,Madison,,Mon,Tue,Wed,Thu,Fri
07:49:31,4,Cottage Grove,,Mon,Tue,Wed,Thu,Fri
15:18:45,60,Blue Island/26th,,Mon,Tue,Wed,Thu,Fri
11:59:34,151,Sheridan,,Sun
14:03:22,124,Navy Pier,,Sun
13:55:45,60,Blue Island/26th,,Mon,Tue,Wed,Thu,Fri
05:45:58,151,Sheridan,,Sun
07:18:44,60,Blue Island/26th,,Sun
10:36:47,147,Outer DuSable Lake Shore Express,,Sat
07:35:31,X4,Cottage Grove Express,,Mon,Tue,Wed,Thu,Fri
08:04:54,3,King Drive,,Mon,Tue,Wed,Thu,Fri
18:48:36,26,South Shore Express,,Mon,Tue,Wed,Thu,Fri
17:17:47,147,Outer DuSable Lake Shore Express,,Sat
16:24:04,4,Cottage Grove,,Sat
15:03:31,3,King Drive,,Sat
13:23:02,60,Blue Island/26th,,Sun
13:56:35,151,Sheridan,,Sat
13:49:00,151,Sheridan,,Mon,Tue,Wed,Thu,Fri
12:18:21,60,Blue Island/26th,,Sat
08:23:39,147,Outer DuSable Lake Shore Express,,Sun
15:00:57,157,Streeterville/Taylor,,Mon,Tue,Wed,Thu,Fri
23:05:44,4,Cottage Grove,,Sun
18:34:51,124,Navy Pier,,Sat
10:00:49,157,Streeterville/Taylor,,Mon,Tue,Wed,Thu,Fri
09:24:50,20,Madison,,Mon,Tue,Wed,Thu,Fri
08:15:40,60,Blue Island/26th,,Mon,Tue,Wed,Thu,Fri
21:28:18,3,King Drive,,Sun
15:46:07,4,Cottage Grove,,Mon,Tue,Wed,Thu,Fri
17:52:50,20,Madison,,Mon,Tue,Wed,Thu,Fri
12:41:12,3,King Drive,,Sun
11:26:39,4,Cottage Grove,,Mon,Tue,Wed,Thu,Fri
17:36:52,4,Cottage Grove,,Sat
09:06:31,4,Cottage Grove,,Sat
15:41:16,124,Navy Pier,,Sat
08:34:39,147,Outer DuSable Lake Shore Express,,Sun
08:14:54,3,King Drive,,Mon,Tue,Wed,Thu,Fri
17:50:22,4,Cottage Grove,,Sat
08:13:01,X4,Cottage Grove Express,,Mon,Tue,Wed,Thu,Fri
13:32:24,3,King Drive,,Sun
10:11:19,151,Sheridan,,Mon,Tue,Wed,Thu,Fri
08:12:17,147,Outer DuSable Lake Shore Express,,Mon,Tue,Wed,Thu,Fri
15:18:09,147,Outer DuSable Lake Shore Express,,Mon,Tue,Wed,Thu,Fri
15:56:40,60,Blue Island/26th,,Mon,Tue,Wed,Thu,Fri
15:11:15,151,Sheridan,,Sun
21:54:20,151,Sheridan,,Mon,Tue,Wed,Thu,Fri
10:17:30,151,Sheridan,,Sat
15:42:02,60,Blue Island/26th,,Sun
17:16:20,20,Madison,,Mon,Tue,Wed,Thu,Fri
18:59:09,151,Sheridan,,Sun
22:15:44,4,Cottage Grove,,Sun
05:24:52,151,Sheridan,,Sun
05:12:58,151,Sheridan,,Sat
08:23:57,60,Blue Island/26th,,Sat
07:12:50,147,Outer DuSable Lake Shore Express,,Mon,Tue,Wed,Thu,Fri
03:00:24,66,Chicago,,Mon
14:36:31,3,King Drive,,Sat
20:22:54,3,King Drive,,Sat
12:20:14,4,Cottage Grove,,Sun
16:01:02,60,Blue Island/26th,,Sun
12:50:44,4,Cottage Grove,,Sun
11:41:45,60,Blue Island/26th,,Mon,Tue,Wed,Thu,Fri
10:37:56,4,Cottage Grove,,Sat
09:02:19,4,Cottage Grove,,Sun
13:06:12,3,King Drive,,Sun
15:43:17,147,Outer DuSable Lake Shore Express,,Mon,Tue,Wed,Thu,Fri
16:13:02,147,Outer DuSable Lake Shore Express,,Sat
21:17:50,151,Sheridan,,Sat
16:03:31,3,King Drive,,Sat
19:22:46,147,Outer DuSable Lake Shore Express,,Sun
08:36:00,151,Sheridan,,Mon,Tue,Wed,Thu,Fri
12:12:05,151,Sheridan,,Mon,Tue,Wed,Thu,Fri
17:23:25,124,Navy Pier,,Mon,Tue,Wed,Thu,Fri
08:08:40,60,Blue Island/26th,,Mon,Tue,Wed,Thu,Fri
19:11:52,4,Cottage Grove,,Sat
15:49:30,151,Sheridan,,Sat
16:36:20,20,Madison,,Mon,Tue,Wed,Thu,Fri
15:53:15,151,Sheridan,,Mon,Tue,Wed,Thu,Fri
08:41:32,60,Blue Island/26th,,Sun
16:31:14,151,Sheridan,,Sun
20:23:36,3,King Drive,,Mon,Tue,Wed,Thu,Fri
16:27:24,3,King Drive,,Sun
10:36:39,4,Cottage Grove,,Mon,Tue,Wed,Thu,Fri
09:32:39,X4,Cottage Grove Express,,Mon,Tue,Wed,Thu,Fri
23:31:25,151,Sheridan,,Sat
11:02:45,60,Blue Island/26th,,Mon,Tue,Wed,Thu,Fri
19:08:50,20,Madison,,Mon,Tue,Wed,Thu,Fri
15:21:43,26,South Shore Express,,Mon,Tue,Wed,Thu,Fri
16:01:02,60,Blue Island/26th,,Sun
18:32:50,20,Madison,,Mon,Tue,Wed,Thu,Fri
22:41:46,147,Outer DuSable Lake Shore Express,,Sun
07:50:06,4,Cottage Grove,,Sun
06:25:41,4,Cottage Grove,,Mon,Tue,Wed,Thu,Fri
18:16:52,4,Cottage Grove,,Sat
22:04:32,60,Blue Island/26th,,Sat
15:44:27,157,Streeterville/Taylor,,Mon,Tue,Wed,Thu,Fri
21:46:32,60,Blue Island/26th,,Sat
09:27:26,4,Cottage Grove,,Sat
14:18:31,3,King Drive,,Sat
16:17:28,26,South Shore Express,,Mon,Tue,Wed,Thu,Fri
20:24:30,3,King Drive,,Sun
09:30:23,151,Sheridan,,Sat
06:05:06,3,King Drive,,Mon,Tue,Wed,Thu,Fri
09:42:30,3,King Drive,,Sun
15:07:16,124,Navy Pier,,Sat
22:03:48,3,King Drive,,Sun
20:06:01,124,Navy Pier,,Sat
20:54:06,26,South Shore Express,,Mon,Tue,Wed,Thu,Fri
20:26:46,157,Streeterville/Taylor,,Mon,Tue,Wed,Thu,Fri
06:46:20,147,Outer DuSable Lake Shore Express,,Mon,Tue,Wed,Thu,Fri
16:05:51,60,Blue Island/26th,,Sat
09:52:34,147,Outer DuSable Lake Shore Express,,Mon,Tue,Wed,Thu,Fri
08:25:49,4,Cottage Grove,,Sat
19:00:02,147,Outer DuSable Lake Shore Express,,Mon,Tue,Wed,Thu,Fri
20:46:42,3,King Drive,,Sat
17:40:57,60,Blue Island/26th,,Sun
24:25:33,151,Sheridan,,Sun
11:42:21,124,Navy Pier,,Mon,Tue,Wed,Thu,Fri
13:15:22,124,Navy Pier,,Sun
10:00:55,151,Sheridan,,Sat
14:12:17,147,Outer DuSable Lake Shore Express,,Sat
19:16:09,4,Cottage Grove,,Sun
15:19:50,20,Madison,,Mon,Tue,Wed,Thu,Fri
13:16:30,151,Sheridan,,Sat
17:09:58,26,South Shore Express,,Mon,Tue,Wed,Thu,Fri
18:01:49,151,Sheridan,,Sat
17:42:58,26,South Shore Express,,Mon,Tue,Wed,Thu,Fri
19:39:08,60,Blue Island/26th,,Sun
13:04:56,124,Navy Pier,,Sat
05:57:50,20,Madison,,Mon,Tue,Wed,Thu,Fri
20:45:02,60,Blue Island/26th,,Sat
11:53:47,147,Outer DuSable Lake Shore Express,,Mon,Tue,Wed,Thu,Fri
09:12:31,4,Cottage Grove,,Sat
15:41:14,151,Sheridan,,Sun
08:07:11,147,Outer DuSable Lake Shore Express,,Mon,Tue,Wed,Thu,Fri
15:16:35,151,Sheridan,,Sat
20:00:15,60,Blue Island/26th,,Mon,Tue,Wed,Thu,Fri
20:35:09,4,Cottage Grove,,Sat
20:59:51,60,Blue Island/26th,,Mon,Tue,Wed,Thu,Fri
17:01:20,20,Madison,,Mon,Tue,Wed,Thu,Fri
14:54:55,147,Outer DuSable Lake Shore Express,,Sat
17:05:27,60,Blue Island/26th,,Sat
07:52:59,157,Streeterville/Taylor,,Mon,Tue,Wed,Thu,Fri
17:49:06,157,Streeterville/Taylor,,Mon,Tue,Wed,Thu,Fri
19:00:02,147,Outer DuSable Lake Shore Express,,Mon,Tue,Wed,Thu,Fri
19:37:34,4,Cottage Grove,,Mon,Tue,Wed,Thu,Fri
11:15:21,124,Navy Pier,,Mon,Tue,Wed,Thu,Fri
17:12:02,147,Outer DuSable Lake Shore Express,,Mon,Tue,Wed,Thu,Fri
14:40:09,147,Outer DuSable Lake Shore Express,,Sun
07:10:31,X4,Cottage Grove Express,,Mon,Tue,Wed,Thu,Fri
11:14:05,151,Sheridan,,Sat
12:51:42,4,Cottage Grove,,Mon,Tue,Wed,Thu,Fri
15:47:15,60,Blue Island/26th,,Mon,Tue,Wed,Thu,Fri
08:08:50,20,Madison,,Mon,Tue,Wed,Thu,Fri
19:15:02,60,Blue Island/26th,,Sat
15:05:25,147,Outer DuSable Lake Shore Express,,Sat
16:12:02,147,Outer DuSable Lake Shore Express,,Sun
09:44:24,3,King Drive,,Mon,Tue,Wed,Thu,Fri
22:37:42,3,King Drive,,Mon,Tue,Wed,Thu,Fri
00:26:18,3,King Drive,,Sun
16:43:02,147,Outer DuSable Lake Shore Express,,Sun
09:04:23,151,Sheridan,,Sun
18:51:17,147,Outer DuSable Lake Shore Express,,Sat
14:15:51,60,Blue Island/26th,,Sat
10:58:55,151,Sheridan,,Sun
18:24:50,20,Madison,,Mon,Tue,Wed,Thu,Fri
14:39:05,151,Sheridan,,Mon,Tue,Wed,Thu,Fri
13:53:02,60,Blue Island/26th,,Sun
14:24:15,60,Blue Island/26th,,Mon,Tue,Wed,Thu,Fri
20:10:54,3,King Drive,,Sat
21:27:47,124,Navy Pier,,Mon,Tue,Wed,Thu,Fri
06:27:49,151,Sheridan,,Mon,Tue,Wed,Thu,Fri
21:08:09,4,Cottage Grove,,Sun
19:41:14,151,Sheridan,,Sat
16:49:28,60,Blue Island/26th,,Mon,Tue,Wed,Thu,Fri
08:56:11,147,Outer DuSable Lake Shore Express,,Mon,Tue,Wed,Thu,Fri
00:20:36,3,King Drive,,Mon
11:36:37,124,Navy Pier,,Sat
12:29:56,124,Navy Pier,,Sat