arrival_time,route_short_name,route_long_name,headsign,service_days
06:59:31,20,Madison,,Sat
16:56:52,124,Navy Pier,,Sun
23:32:24,151,Sheridan,,Sun
15:34:00,60,Blue Island/26th,,Mon,Tue,Wed,Thu,Fri
01:40:00,60,Blue Island/26th,,Mon
21:32:52,56,Milwaukee,,Sat
09:36:54,56,Milwaukee,,Sat
11:16:00,60,Blue Island/26th,,Sat
17:49:30,60,Blue Island/26th,,Sun
11:28:23,151,Sheridan,,Sun
13:39:21,151,Sheridan,,Mon,Tue,Wed,Thu,Fri
19:33:03,124,Navy Pier,,Sun
14:29:24,J14,Jeffery Jump,,Sat
13:03:21,151,Sheridan,,Mon,Tue,Wed,Thu,Fri
15:49:58,20,Madison,,Mon,Tue,Wed,Thu,Fri
23:32:33,J14,Jeffery Jump,,Sat
02:05:30,60,Blue Island/26th,,Mon
05:49:59,J14,Jeffery Jump,,Mon,Tue,Wed,Thu,Fri
03:01:00,20,Madison,,Sun
12:32:52,56,Milwaukee,,Mon,Tue,Wed,Thu,Fri
12:48:19,20,Madison,,Mon,Tue,Wed,Thu,Fri
19:53:00,60,Blue Island/26th,,Sat
18:03:13,J14,Jeffery Jump,,Sun
08:16:44,J14,Jeffery Jump,,Sat
14:49:26,20,Madison,,Sun
19:13:00,60,Blue Island/26th,,Mon,Tue,Wed,Thu,Fri
10:36:32,157,Streeterville/Taylor,,Mon,Tue,Wed,Thu,Fri
01:10:00,20,Madison,,Tue,Wed,Thu,Fri,Sat
10:09:53,151,Sheridan,,Sat
11:58:36,J14,Jeffery Jump,,Sun
22:15:13,124,Navy Pier,,Mon,Tue,Wed,Thu,Fri
23:30:53,151,Sheridan,,Sat
09:23:02,157,Streeterville/Taylor,,Mon,Tue,Wed,Thu,Fri
07:20:45,56,Milwaukee,,Mon,Tue,Wed,Thu,Fri
07:23:33,20,Madison,,Mon,Tue,Wed,Thu,Fri
21:34:00,20,Madison,,Sun
16:48:24,20,Madison,,Sat
22:20:00,60,Blue Island/26th,,Sun
15:44:31,20,Madison,,Mon,Tue,Wed,Thu,Fri
20:50:54,56,Milwaukee,,Sat
10:39:42,151,Sheridan,,Mon,Tue,Wed,Thu,Fri
18:35:25,20,Madison,,Sat
19:42:51,J14,Jeffery Jump,,Sun
07:47:28,20,Madison,,Sat
08:44:27,20,Madison,,Sat
13:26:10,157,Streeterville/Taylor,,Mon,Tue,Wed,Thu,Fri
11:18:36,J14,Jeffery Jump,,Sun
11:44:52,124,Navy Pier,,Sat
09:39:52,56,Milwaukee,,Mon,Tue,Wed,Thu,Fri
21:25:00,60,Blue Island/26th,,Sat
08:14:54,20,Madison,,Mon,Tue,Wed,Thu,Fri
16:19:38,J14,Jeffery Jump,,Mon,Tue,Wed,Thu,Fri
18:45:43,151,Sheridan,,Sun
05:28:31,20,Madison,,Sat
19:42:58,J14,Jeffery Jump,,Mon,Tue,Wed,Thu,Fri
05:59:18,J14,Jeffery Jump,,Mon,Tue,Wed,Thu,Fri
08:01:41,J14,Jeffery Jump,,Sat
23:22:54,151,Sheridan,,Mon,Tue,Wed,Thu,Fri
19:57:56,20,Madison,,Mon,Tue,Wed,Thu,Fri
09:26:02,151,Sheridan,,Mon,Tue,Wed,Thu,Fri
17:22:23,124,Navy Pier,,Sun
14:54:02,151,Sheridan,,Sun
20:10:09,56,Milwaukee,,Sun
08:07:04,151,Sheridan,,Sun
14:57:26,157,Streeterville/Taylor,,Mon,Tue,Wed,Thu,Fri
14:10:59,56,Milwaukee,,Mon,Tue,Wed,Thu,Fri
15:27:43,J14,Jeffery Jump,,Mon,Tue,Wed,Thu,Fri
18:48:06,J14,Jeffery Jump,,Mon,Tue,Wed,Thu,Fri
16:46:59,20,Madison,,Mon,Tue,Wed,Thu,Fri
17:54:00,60,Blue Island/26th,,Sat
15:09:28,J14,Jeffery Jump,,Sat
20:13:43,151,Sheridan,,Sat
19:31:53,20,Madison,,Mon,Tue,Wed,Thu,Fri
02:10:00,60,Blue Island/26th,,Sun
11:40:24,20,Madison,,Sat
18:57:26,20,Madison,,Sun
15:23:43,56,Milwaukee,,Sun
22:14:43,151,Sheridan,,Sun
20:37:28,J14,Jeffery Jump,,Sat
20:40:13,151,Sheridan,,Sun
09:58:49,20,Madison,,Mon,Tue,Wed,Thu,Fri
21:03:39,124,Navy Pier,,Sat
11:14:00,60,Blue Island/26th,,Sun
01:10:00,60,Blue Island/26th,,Mon
09:08:52,56,Milwaukee,,Sun
20:00:00,60,Blue Island/26th,,Sun
12:27:21,151,Sheridan,,Mon,Tue,Wed,Thu,Fri
13:54:48,J14,Jeffery Jump,,Sun
15:51:38,J14,Jeffery Jump,,Mon,Tue,Wed,Thu,Fri
03:31:00,20,Madison,,Mon
22:04:58,J14,Jeffery Jump,,Sat
01:08:04,151,Sheridan,,Sun
11:21:22,151,Sheridan,,Sat
20:22:25,J14,Jeffery Jump,,Sun
16:17:00,60,Blue Island/26th,,Mon,Tue,Wed,Thu,Fri
14:40:21,151,Sheridan,,Sat
03:10:00,20,Madison,,Mon,Tue,Wed,Thu,Fri
16:53:14,157,Streeterville/Taylor,,Mon,Tue,Wed,Thu,Fri
17:21:39,151,Sheridan,,Mon,Tue,Wed,Thu,Fri
09:24:00,60,Blue Island/26th,,Sun
18:13:56,124,Navy Pier,,Sun
13:48:30,60,Blue Island/26th,,Mon,Tue,Wed,Thu,Fri
09:13:20,124,Navy Pier,,Mon,Tue,Wed,Thu,Fri
13:48:24,20,Madison,,Sat
19:59:00,60,Blue Island/26th,,Mon,Tue,Wed,Thu,Fri
14:38:51,151,Sheridan,,Mon,Tue,Wed,Thu,Fri
12:44:00,60,Blue Island/26th,,Sun
10:52:32,157,Streeterville/Taylor,,Mon,Tue,Wed,Thu,Fri
06:34:43,J14,Jeffery Jump,,Mon,Tue,Wed,Thu,Fri
09:42:00,60,Blue Island/26th,,Mon,Tue,Wed,Thu,Fri
10:33:45,56,Milwaukee,,Sat
19:38:05,124,Navy Pier,,Sat
15:54:24,20,Madison,,Sat
12:48:20,20,Madison,,Mon,Tue,Wed,Thu,Fri
06:07:34,151,Sheridan,,Mon,Tue,Wed,Thu,Fri
23:07:43,151,Sheridan,,Mon,Tue,Wed,Thu,Fri
14:16:20,56,Milwaukee,,Sat
17:47:24,20,Madison,,Sat
14:09:28,J14,Jeffery Jump,,Sat
17:27:23,20,Madison,,Sat
05:43:00,60,Blue Island/26th,,Sat
15:27:00,60,Blue Island/26th,,Mon,Tue,Wed,Thu,Fri
18:38:54,J14,Jeffery Jump,,Sat
15:55:43,56,Milwaukee,,Sun
16:17:51,151,Sheridan,,Sat
16:52:45,J14,Jeffery Jump,,Mon,Tue,Wed,Thu,Fri
09:00:14,J14,Jeffery Jump,,Sun
06:10:00,60,Blue Island/26th,,Mon,Tue,Wed,Thu,Fri
18:27:26,20,Madison,,Sun
11:10:23,20,Madison,,Sat
04:31:00,20,Madison,,Sun
13:30:24,20,Madison,,Sat
10:09:30,60,Blue Island/26th,,Mon,Tue,Wed,Thu,Fri
20:33:26,20,Madison,,Sat
20:12:48,J14,Jeffery Jump,,Sun
15:39:23,124,Navy Pier,,Sun
21:26:39,124,Navy Pier,,Sat
12:18:30,60,Blue Island/26th,,Mon,Tue,Wed,Thu,Fri
15:43:30,151,Sheridan,,Mon,Tue,Wed,Thu,Fri
02:10:00,20,Madison,,Sun
10:58:50,20,Madison,,Mon,Tue,Wed,Thu,Fri
18:19:12,151,Sheridan,,Sat
14:54:51,J14,Jeffery Jump,,Sun
10:00:27,20,Madison,,Sat
18:32:00,60,Blue Island/26th,,Sat
06:52:07,157,Streeterville/Taylor,,Mon,Tue,Wed,Thu,Fri
09:51:30,60,Blue Island/26th,,Mon,Tue,Wed,Thu,Fri
07:57:30,60,Blue Island/26th,,Sat
11:41:52,56,Milwaukee,,Mon,Tue,Wed,Thu,Fri
01:09:30,60,Blue Island/26th,,Sun
01:40:00,60,Blue Island/26th,,Sun
02:39:00,60,Blue Island/26th,,Sun
16:53:13,J14,Jeffery Jump,,Sun
17:04:22,151,Sheridan,,Sun
12:10:51,151,Sheridan,,Sat
13:45:46,J14,Jeffery Jump,,Mon,Tue,Wed,Thu,Fri
10:19:26,20,Madison,,Sun
18:55:04,20,Madison,,Mon,Tue,Wed,Thu,Fri
17:37:47,56,Milwaukee,,Mon,Tue,Wed,Thu,Fri
01:06:30,60,Blue Island/26th,,Mon
12:19:53,151,Sheridan,,Sun
09:47:00,60,Blue Island/26th,,Sat
10:36:30,60,Blue Island/26th,,Sat
02:40:00,60,Blue Island/26th,,Sun
13:35:46,J14,Jeffery Jump,,Mon,Tue,Wed,Thu,Fri
22:05:31,20,Madison,,Sun
12:00:10,157,Streeterville/Taylor,,Mon,Tue,Wed,Thu,Fri
18:24:32,124,Navy Pier,,Sat
06:41:00,60,Blue Island/26th,,Sun
17:16:58,J14,Jeffery Jump,,Mon,Tue,Wed,Thu,Fri
20:51:53,151,Sheridan,,Mon,Tue,Wed,Thu,Fri
12:06:00,60,Blue Island/26th,,Sat
02:35:00,60,Blue Island/26th,,Tue,Wed,Thu,Fri,Sat
16:32:29,151,Sheridan,,Mon,Tue,Wed,Thu,Fri
01:40:00,60,Blue Island/26th,,Tue,Wed,Thu,Fri,Sat
11:18:33,J14,Jeffery Jump,,Sun
16:34:00,60,Blue Island/26th,,Mon,Tue,Wed,Thu,Fri
15:24:13,J14,Jeffery Jump,,Sun
19:00:32,124,Navy Pier,,Sat
11:56:00,60,Blue Island/26th,,Sat
22:14:47,124,Navy Pier,,Mon,Tue,Wed,Thu,Fri
14:25:29,56,Milwaukee,,Mon,Tue,Wed,Thu,Fri
00:23:30,20,Madison,,Tue,Wed,Thu,Fri,Sat
11:08:50,20,Madison,,Mon,Tue,Wed,Thu,Fri
08:50:24,56,Milwaukee,,Sun
11:28:30,60,Blue Island/26th,,Mon,Tue,Wed,Thu,Fri
20:31:54,J14,Jeffery Jump,,Mon,Tue,Wed,Thu,Fri
21:07:10,157,Streeterville/Taylor,,Mon,Tue,Wed,Thu,Fri
03:10:00,20,Madison,,Sun
20:17:57,20,Madison,,Mon,Tue,Wed,Thu,Fri
15:36:23,20,Madison,,Sat
09:39:42,56,Milwaukee,,Mon,Tue,Wed,Thu,Fri
22:53:54,151,Sheridan,,Sun
08:37:27,20,Madison,,Sun
20:11:54,J14,Jeffery Jump,,Mon,Tue,Wed,Thu,Fri
16:21:30,60,Blue Island/26th,,Sun
18:53:27,20,Madison,,Sat
08:20:27,20,Madison,,Sat
01:15:04,151,Sheridan,,Tue,Wed,Thu,Fri,Sat
12:27:21,151,Sheridan,,Mon,Tue,Wed,Thu,Fri
08:39:56,20,Madison,,Sun
20:21:02,151,Sheridan,,Mon,Tue,Wed,Thu,Fri
21:50:02,56,Milwaukee,,Mon,Tue,Wed,Thu,Fri
11:59:55,56,Milwaukee,,Mon,Tue,Wed,Thu,Fri
11:02:32,151,Sheridan,,Mon,Tue,Wed,Thu,Fri
13:04:00,60,Blue Island/26th,,Sun
23:05:03,J14,Jeffery Jump,,Mon,Tue,Wed,Thu,Fri
16:12:29,151,Sheridan,,Mon,Tue,Wed,Thu,Fri
08:21:48,157,Streeterville/Taylor,,Mon,Tue,Wed,Thu,Fri
14:18:30,60,Blue Island/26th,,Mon,Tue,Wed,Thu,Fri
16:24:00,60,Blue Island/26th,,Sat
06:49:30,60,Blue Island/26th,,Mon,Tue,Wed,Thu,Fri
19:52:52,56,Milwaukee,,Mon,Tue,Wed,Thu,Fri
16:54:00,60,Blue Island/26th,,Sat
18:52:48,J14,Jeffery Jump,,Sun
15:42:30,60,Blue Island/26th,,Sun
09:38:53,124,Navy Pier,,Sat
17:04:13,56,Milwaukee,,Mon,Tue,Wed,Thu,Fri
14:56:21,151,Sheridan,,Sat
08:56:26,56,Milwaukee,,Mon,Tue,Wed,Thu,Fri
01:10:00,20,Madison,,Tue,Wed,Thu,Fri,Sat
18:05:29,20,Madison,,Mon,Tue,Wed,Thu,Fri
06:29:00,20,Madison,,Sun
06:49:09,20,Madison,,Mon,Tue,Wed,Thu,Fri
11:49:26,20,Madison,,Sun
23:46:54,151,Sheridan,,Sat
13:25:10,J14,Jeffery Jump,,Sun
07:14:08,20,Madison,,Mon,Tue,Wed,Thu,Fri
15:32:30,60,Blue Island/26th,,Sun
20:21:58,J14,Jeffery Jump,,Mon,Tue,Wed,Thu,Fri
19:26:30,60,Blue Island/26th,,Sat
23:22:54,151,Sheridan,,Mon,Tue,Wed,Thu,Fri
04:10:00,60,Blue Island/26th,,Sat
05:58:30,60,Blue Island/26th,,Sun
08:26:44,J14,Jeffery Jump,,Sat
15:21:10,157,Streeterville/Taylor,,Mon,Tue,Wed,Thu,Fri
16:28:54,56,Milwaukee,,Sun
11:16:00,60,Blue Island/26th,,Sat
13:15:21,151,Sheridan,,Mon,Tue,Wed,Thu,Fri
22:52:33,151,Sheridan,,Mon,Tue,Wed,Thu,Fri
07:43:44,J14,Jeffery Jump,,Sat
21:13:27,20,Madison,,Sat
20:23:26,20,Madison,,Sat
12:50:32,151,Sheridan,,Sun
08:39:52,20,Madison,,Mon,Tue,Wed,Thu,Fri
16:16:58,20,Madison,,Mon,Tue,Wed,Thu,Fri
15:02:04,20,Madison,,Mon,Tue,Wed,Thu,Fri
22:20:31,20,Madison,,Sun
13:09:54,J14,Jeffery Jump,,Sat
12:14:00,60,Blue Island/26th,,Sun
04:01:00,20,Madison,,Sat
02:10:00,60,Blue Island/26th,,Mon
14:05:46,J14,Jeffery Jump,,Mon,Tue,Wed,Thu,Fri
22:35:30,20,Madison,,Sun
16:06:50,56,Milwaukee,,Sat
18:37:31,20,Madison,,Mon,Tue,Wed,Thu,Fri
14:39:26,20,Madison,,Sun
15:59:58,20,Madison,,Mon,Tue,Wed,Thu,Fri
01:10:00,60,Blue Island/26th,,Tue,Wed,Thu,Fri,Sat
18:57:06,J14,Jeffery Jump,,Mon,Tue,Wed,Thu,Fri
21:25:58,20,Madison,,Mon,Tue,Wed,Thu,Fri
14:33:30,60,Blue Island/26th,,Sun
20:56:00,60,Blue Island/26th,,Sat
12:34:00,60,Blue Island/26th,,Sun
12:19:48,157,Streeterville/Taylor,,Mon,Tue,Wed,Thu,Fri
10:58:33,J14,Jeffery Jump,,Sun
15:14:40,151,Sheridan,,Mon,Tue,Wed,Thu,Fri
18:39:56,124,Navy Pier,,Sun
07:49:25,20,Madison,,Mon,Tue,Wed,Thu,Fri
08:38:27,20,Madison,,Sun
05:27:49,56,Milwaukee,,Sun
06:18:44,151,Sheridan,,Sat
10:03:25,J14,Jeffery Jump,,Sat
11:02:32,151,Sheridan,,Mon,Tue,Wed,Thu,Fri
21:22:33,151,Sheridan,,Mon,Tue,Wed,Thu,Fri
15:42:30,60,Blue Island/26th,,Sun
20:46:30,60,Blue Island/26th,,Sun
07:12:14,151,Sheridan,,Sun
17:26:52,J14,Jeffery Jump,,Mon,Tue,Wed,Thu,Fri
16:33:51,151,Sheridan,,Sat
13:35:50,J14,Jeffery Jump,,Mon,Tue,Wed,Thu,Fri
12:06:00,60,Blue Island/26th,,Sat
08:16:41,J14,Jeffery Jump,,Sat
22:10:41,J14,Jeffery Jump,,Sun
09:29:58,J14,Jeffery Jump,,Mon,Tue,Wed,Thu,Fri
11:56:22,56,Milwaukee,,Sun
07:55:34,56,Milwaukee,,Mon,Tue,Wed,Thu,Fri
07:10:23,151,Sheridan,,Mon,Tue,Wed,Thu,Fri
09:05:48,157,Streeterville/Taylor,,Mon,Tue,Wed,Thu,Fri
20:22:28,J14,Jeffery Jump,,Sun
09:36:52,56,Milwaukee,,Sat
08:30:54,151,Sheridan,,Sat
17:21:52,J14,Jeffery Jump,,Mon,Tue,Wed,Thu,Fri
19:50:12,151,Sheridan,,Mon,Tue,Wed,Thu,Fri
16:53:10,J14,Jeffery Jump,,Sun
13:39:27,20,Madison,,Sun
18:53:26,20,Madison,,Sat
17:34:22,151,Sheridan,,Sun
10:18:24,J14,Jeffery Jump,,Mon,Tue,Wed,Thu,Fri
19:26:09,56,Milwaukee,,Sun
08:52:04,151,Sheridan,,Sun
07:01:30,60,Blue Island/26th,,Sat
10:15:17,56,Milwaukee,,Mon,Tue,Wed,Thu,Fri
08:27:30,60,Blue Island/26th,,Sat
19:17:26,20,Madison,,Sun
17:49:30,60,Blue Island/26th,,Sun
17:50:30,60,Blue Island/26th,,Mon,Tue,Wed,Thu,Fri
05:31:30,60,Blue Island/26th,,Sun
17:41:49,151,Sheridan,,Mon,Tue,Wed,Thu,Fri
15:55:45,56,Milwaukee,,Sun
15:45:00,60,Blue Island/26th,,Sat
20:57:26,20,Madison,,Sun
17:15:30,60,Blue Island/26th,,Mon,Tue,Wed,Thu,Fri
13:09:10,157,Streeterville/Taylor,,Mon,Tue,Wed,Thu,Fri
15:18:23,20,Madison,,Sat
09:09:27,20,Madison,,Sun
08:21:58,20,Madison,,Sun
18:04:00,60,Blue Island/26th,,Sat
14:19:27,20,Madison,,Sun
12:45:23,20,Madison,,Sat
11:58:53,151,Sheridan,,Sun
14:32:51,151,Sheridan,,Sat
19:14:02,151,Sheridan,,Mon,Tue,Wed,Thu,Fri
19:41:43,151,Sheridan,,Sun
11:26:00,60,Blue Island/26th,,Sat
12:27:23,20,Madison,,Sat
11:45:46,J14,Jeffery Jump,,Mon,Tue,Wed,Thu,Fri
13:29:26,124,Navy Pier,,Sat
03:10:00,60,Blue Island/26th,,Sat
09:19:27,20,Madison,,Sun
13:55:30,56,Milwaukee,,Mon,Tue,Wed,Thu,Fri
16:11:59,20,Madison,,Mon,Tue,Wed,Thu,Fri
21:32:14,J14,Jeffery Jump,,Sun
11:07:23,151,Sheridan,,Sun
13:03:24,20,Madison,,Sat
11:21:22,151,Sheridan,,Sat
13:01:20,124,Navy Pier,,Mon,Tue,Wed,Thu,Fri
17:07:30,60,Blue Island/26th,,Mon,Tue,Wed,Thu,Fri
16:21:30,60,Blue Island/26th,,Sun
06:07:41,J14,Jeffery Jump,,Mon,Tue,Wed,Thu,Fri
11:10:24,20,Madison,,Sat
08:47:30,60,Blue Island/26th,,Sat
11:08:30,60,Blue Island/26th,,Mon,Tue,Wed,Thu,Fri
15:43:00,60,Blue Island/26th,,Mon,Tue,Wed,Thu,Fri
16:48:54,J14,Jeffery Jump,,Sat
13:40:19,20,Madison,,Mon,Tue,Wed,Thu,Fri
08:37:04,151,Sheridan,,Sun
22:50:44,J14,Jeffery Jump,,Sun
05:39:30,60,Blue Island/26th,,Mon,Tue,Wed,Thu,Fri
07:57:30,60,Blue Island/26th,,Sat
09:59:53,151,Sheridan,,Sat
13:27:21,151,Sheridan,,Mon,Tue,Wed,Thu,Fri
17:17:24,56,Milwaukee,,Sun
08:50:11,J14,Jeffery Jump,,Sun
17:07:30,60,Blue Island/26th,,Mon,Tue,Wed,Thu,Fri
19:12:51,J14,Jeffery Jump,,Sun
12:58:30,60,Blue Island/26th,,Mon,Tue,Wed,Thu,Fri
15:36:21,151,Sheridan,,Sat
24:11:00,60,Blue Island/26th,,Sat
11:08:32,157,Streeterville/Taylor,,Mon,Tue,Wed,Thu,Fri
09:30:11,J14,Jeffery Jump,,Sun
16:21:23,20,Madison,,Sat
23:12:33,J14,Jeffery Jump,,Sat
11:17:53,151,Sheridan,,Sun
24:02:24,151,Sheridan,,Sat
12:51:45,56,Milwaukee,,Sun
18:24:43,151,Sheridan,,Sun
07:08:13,56,Milwaukee,,Mon,Tue,Wed,Thu,Fri
22:55:36,J14,Jeffery Jump,,Sat
08:34:48,157,Streeterville/Taylor,,Mon,Tue,Wed,Thu,Fri
10:18:50,20,Madison,,Mon,Tue,Wed,Thu,Fri
05:01:00,20,Madison,,Sun
21:34:01,20,Madison,,Sun
15:13:50,124,Navy Pier,,Mon,Tue,Wed,Thu,Fri
18:45:43,56,Milwaukee,,Mon,Tue,Wed,Thu,Fri
14:12:20,20,Madison,,Mon,Tue,Wed,Thu,Fri
12:46:18,J14,Jeffery Jump,,Sun
14:55:30,60,Blue Island/26th,,Sat
16:31:58,20,Madison,,Mon,Tue,Wed,Thu,Fri
20:47:56,20,Madison,,Mon,Tue,Wed,Thu,Fri
14:15:23,20,Madison,,Sat
14:15:30,60,Blue Island/26th,,Sat
18:36:29,56,Milwaukee,,Sat
18:36:41,151,Sheridan,,Mon,Tue,Wed,Thu,Fri
08:44:26,20,Madison,,Sat
14:52:43,J14,Jeffery Jump,,Mon,Tue,Wed,Thu,Fri
20:01:58,J14,Jeffery Jump,,Mon,Tue,Wed,Thu,Fri
09:33:28,J14,Jeffery Jump,,Sat
14:08:30,60,Blue Island/26th,,Mon,Tue,Wed,Thu,Fri
17:29:02,151,Sheridan,,Sat
12:24:52,124,Navy Pier,,Sun
09:23:18,157,Streeterville/Taylor,,Mon,Tue,Wed,Thu,Fri
10:39:42,151,Sheridan,,Mon,Tue,Wed,Thu,Fri
09:00:16,J14,Jeffery Jump,,Mon,Tue,Wed,Thu,Fri
19:05:04,20,Madison,,Mon,Tue,Wed,Thu,Fri
20:47:25,J14,Jeffery Jump,,Sat
20:47:57,20,Madison,,Mon,Tue,Wed,Thu,Fri
17:02:35,J14,Jeffery Jump,,Mon,Tue,Wed,Thu,Fri
12:39:21,151,Sheridan,,Mon,Tue,Wed,Thu,Fri
21:55:44,J14,Jeffery Jump,,Sun
03:09:00,60,Blue Island/26th,,Sun
14:48:17,56,Milwaukee,,Sat
12:05:46,J14,Jeffery Jump,,Mon,Tue,Wed,Thu,Fri
15:14:40,151,Sheridan,,Mon,Tue,Wed,Thu,Fri
14:54:02,151,Sheridan,,Sun
16:15:13,56,Milwaukee,,Mon,Tue,Wed,Thu,Fri
07:02:57,56,Milwaukee,,Sun
07:24:57,56,Milwaukee,,Sun
13:49:26,20,Madison,,Sun
14:08:30,60,Blue Island/26th,,Mon,Tue,Wed,Thu,Fri
21:17:26,20,Madison,,Sun
09:56:40,157,Streeterville/Taylor,,Mon,Tue,Wed,Thu,Fri
18:47:27,20,Madison,,Sun
12:28:30,60,Blue Island/26th,,Mon,Tue,Wed,Thu,Fri
11:14:00,60,Blue Island/26th,,Sun
19:19:32,124,Navy Pier,,Sat
20:52:00,60,Blue Island/26th,,Mon,Tue,Wed,Thu,Fri
10:52:13,56,Milwaukee,,Sat
20:51:53,151,Sheridan,,Mon,Tue,Wed,Thu,Fri
18:04:28,J14,Jeffery Jump,,Mon,Tue,Wed,Thu,Fri
23:51:24,151,Sheridan,,Sun
21:18:53,124,Navy Pier,,Sun
22:29:31,20,Madison,,Mon,Tue,Wed,Thu,Fri
03:40:00,20,Madison,,Mon,Tue,Wed,Thu,Fri
14:19:26,20,Madison,,Sun
13:28:30,60,Blue Island/26th,,Mon,Tue,Wed,Thu,Fri
09:39:27,20,Madison,,Sun
19:17:30,60,Blue Island/26th,,Sat
15:02:03,20,Madison,,Mon,Tue,Wed,Thu,Fri
08:28:30,60,Blue Island/26th,,Mon,Tue,Wed,Thu,Fri
15:34:00,60,Blue Island/26th,,Mon,Tue,Wed,Thu,Fri
04:10:00,20,Madison,,Sun
10:05:11,56,Milwaukee,,Sun
00:40:00,20,Madison,,Sun
19:06:36,J14,Jeffery Jump,,Mon,Tue,Wed,Thu,Fri
21:15:00,60,Blue Island/26th,,Sat
09:04:30,60,Blue Island/26th,,Sun
19:14:22,151,Sheridan,,Sat
17:11:58,20,Madison,,Mon,Tue,Wed,Thu,Fri
17:14:17,56,Milwaukee,,Mon,Tue,Wed,Thu,Fri
12:30:13,151,Sheridan,,Sun
09:20:20,J14,Jeffery Jump,,Mon,Tue,Wed,Thu,Fri
03:35:30,60,Blue Island/26th,,Mon
20:15:26,56,Milwaukee,,Sat
08:36:41,J14,Jeffery Jump,,Sat
09:00:27,20,Madison,,Sat
19:43:27,20,Madison,,Sat
09:59:53,151,Sheridan,,Sat
08:51:46,124,Navy Pier,,Mon,Tue,Wed,Thu,Fri
11:46:00,60,Blue Island/26th,,Sat
19:31:30,60,Blue Island/26th,,Mon,Tue,Wed,Thu,Fri
16:21:58,20,Madison,,Mon,Tue,Wed,Thu,Fri
20:10:11,56,Milwaukee,,Sun
12:51:21,151,Sheridan,,Mon,Tue,Wed,Thu,Fri
17:33:00,60,Blue Island/26th,,Mon,Tue,Wed,Thu,Fri
08:38:26,56,Milwaukee,,Mon,Tue,Wed,Thu,Fri
12:44:00,60,Blue Island/26th,,Sun
21:50:30,20,Madison,,Sun
15:34:00,151,Sheridan,,Mon,Tue,Wed,Thu,Fri
08:27:30,60,Blue Island/26th,,Sat
18:39:28,J14,Jeffery Jump,,Mon,Tue,Wed,Thu,Fri
13:35:30,60,Blue Island/26th,,Sat
21:22:33,151,Sheridan,,Mon,Tue,Wed,Thu,Fri
20:57:28,J14,Jeffery Jump,,Sat
02:39:00,60,Blue Island/26th,,Sun
10:40:25,20,Madison,,Sat
10:40:25,20,Madison,,Sat
11:13:18,J14,Jeffery Jump,,Sat
12:10:51,151,Sheridan,,Sat
13:39:30,56,Milwaukee,,Mon,Tue,Wed,Thu,Fri
15:52:30,56,Milwaukee,,Mon,Tue,Wed,Thu,Fri
00:15:00,60,Blue Island/26th,,Sun
13:29:24,J14,Jeffery Jump,,Sat
17:45:45,124,Navy Pier,,Mon,Tue,Wed,Thu,Fri
18:02:10,124,Navy Pier,,Mon,Tue,Wed,Thu,Fri
08:05:30,60,Blue Island/26th,,Sun
12:09:24,20,Madison,,Sat
00:25:00,20,Madison,,Sun
11:14:21,151,Sheridan,,Mon,Tue,Wed,Thu,Fri
19:28:13,J14,Jeffery Jump,,Sat
15:19:26,20,Madison,,Sun
14:02:32,151,Sheridan,,Sun
22:45:53,151,Sheridan,,Sat
20:47:28,J14,Jeffery Jump,,Sat
04:05:00,60,Blue Island/26th,,Sat
14:24:23,124,Navy Pier,,Sun
12:53:31,151,Sheridan,,Sat
11:26:41,151,Sheridan,,Mon,Tue,Wed,Thu,Fri
13:15:21,151,Sheridan,,Mon,Tue,Wed,Thu,Fri
10:23:28,J14,Jeffery Jump,,Sat
14:05:30,60,Blue Island/26th,,Sat
12:27:55,J14,Jeffery Jump,,Sun
10:54:00,60,Blue Island/26th,,Sun
07:14:31,20,Madison,,Sat
14:05:30,60,Blue Island/26th,,Sat
18:55:00,60,Blue Island/26th,,Mon,Tue,Wed,Thu,Fri
17:24:22,151,Sheridan,,Sun
15:46:52,124,Navy Pier,,Sat
09:40:45,20,Madison,,Mon,Tue,Wed,Thu,Fri
11:26:56,124,Navy Pier,,Sat
15:54:30,60,Blue Island/26th,,Sat
20:42:25,J14,Jeffery Jump,,Sun
13:20:01,151,Sheridan,,Sat
17:46:28,124,Navy Pier,,Mon,Tue,Wed,Thu,Fri
18:47:26,20,Madison,,Sun
08:28:51,151,Sheridan,,Mon,Tue,Wed,Thu,Fri
10:07:18,157,Streeterville/Taylor,,Mon,Tue,Wed,Thu,Fri
10:29:06,J14,Jeffery Jump,,Sun
20:28:00,60,Blue Island/26th,,Sun
23:32:36,J14,Jeffery Jump,,Sat
20:43:00,60,Blue Island/26th,,Mon,Tue,Wed,Thu,Fri
14:25:46,J14,Jeffery Jump,,Mon,Tue,Wed,Thu,Fri
16:39:24,20,Madison,,Sat
12:40:13,151,Sheridan,,Sun
12:36:24,20,Madison,,Sat
08:04:52,20,Madison,,Mon,Tue,Wed,Thu,Fri
23:30:30,20,Madison,,Sun
21:08:32,56,Milwaukee,,Mon,Tue,Wed,Thu,Fri
16:52:29,151,Sheridan,,Mon,Tue,Wed,Thu,Fri
14:48:30,60,Blue Island/26th,,Mon,Tue,Wed,Thu,Fri
12:35:30,60,Blue Island/26th,,Sat
14:26:51,151,Sheridan,,Mon,Tue,Wed,Thu,Fri
19:06:52,124,Navy Pier,,Sun
16:43:00,60,Blue Island/26th,,Mon,Tue,Wed,Thu,Fri
12:35:46,J14,Jeffery Jump,,Mon,Tue,Wed,Thu,Fri
06:22:30,60,Blue Island/26th,,Sat
16:35:13,56,Milwaukee,,Mon,Tue,Wed,Thu,Fri
08:08:17,56,Milwaukee,,Sun
23:45:30,20,Madison,,Sat
11:25:10,157,Streeterville/Taylor,,Mon,Tue,Wed,Thu,Fri
18:55:03,20,Madison,,Mon,Tue,Wed,Thu,Fri
19:38:12,151,Sheridan,,Mon,Tue,Wed,Thu,Fri
17:50:17,56,Milwaukee,,Mon,Tue,Wed,Thu,Fri
14:34:51,J14,Jeffery Jump,,Sun
14:48:20,56,Milwaukee,,Sat
14:28:30,60,Blue Island/26th,,Mon,Tue,Wed,Thu,Fri
09:49:34,56,Milwaukee,,Mon,Tue,Wed,Thu,Fri
06:57:33,151,Sheridan,,Mon,Tue,Wed,Thu,Fri
16:38:58,J14,Jeffery Jump,,Sat
13:12:23,20,Madison,,Sat
14:42:03,20,Madison,,Mon,Tue,Wed,Thu,Fri
18:42:30,60,Blue Island/26th,,Sun
11:55:50,J14,Jeffery Jump,,Mon,Tue,Wed,Thu,Fri
16:53:32,157,Streeterville/Taylor,,Mon,Tue,Wed,Thu,Fri
15:02:38,J14,Jeffery Jump,,Mon,Tue,Wed,Thu,Fri
09:32:14,20,Madison,,Mon,Tue,Wed,Thu,Fri
06:09:08,20,Madison,,Mon,Tue,Wed,Thu,Fri
21:27:25,J14,Jeffery Jump,,Sat
17:34:00,60,Blue Island/26th,,Sat
08:51:00,60,Blue Island/26th,,Mon,Tue,Wed,Thu,Fri
08:41:00,60,Blue Island/26th,,Sun
06:42:30,60,Blue Island/26th,,Sat
12:00:28,J14,Jeffery Jump,,Sat
19:48:44,124,Navy Pier,,Mon,Tue,Wed,Thu,Fri
12:48:52,124,Navy Pier,,Sun
05:10:00,60,Blue Island/26th,,Sun
11:39:27,20,Madison,,Sun
15:45:24,20,Madison,,Sat
22:40:30,60,Blue Island/26th,,Sat
16:58:58,J14,Jeffery Jump,,Sat
08:13:30,60,Blue Island/26th,,Mon,Tue,Wed,Thu,Fri
20:07:10,157,Streeterville/Taylor,,Mon,Tue,Wed,Thu,Fri
22:30:53,151,Sheridan,,Sat
18:37:26,20,Madison,,Sun
20:02:00,60,Blue Island/26th,,Sat
18:10:42,151,Sheridan,,Sat
18:04:43,151,Sheridan,,Sun
15:45:02,151,Sheridan,,Sun
16:36:58,20,Madison,,Mon,Tue,Wed,Thu,Fri
12:03:21,151,Sheridan,,Mon,Tue,Wed,Thu,Fri
08:55:30,56,Milwaukee,,Sat
18:30:50,J14,Jeffery Jump,,Mon,Tue,Wed,Thu,Fri
19:07:26,20,Madison,,Sun
10:38:28,J14,Jeffery Jump,,Mon,Tue,Wed,Thu,Fri
20:11:30,60,Blue Island/26th,,Sat
17:26:58,J14,Jeffery Jump,,Mon,Tue,Wed,Thu,Fri
08:34:17,56,Milwaukee,,Mon,Tue,Wed,Thu,Fri
05:52:57,56,Milwaukee,,Sun
20:37:26,20,Madison,,Sun
22:59:00,60,Blue Island/26th,,Sat
04:31:00,20,Madison,,Mon,Tue,Wed,Thu,Fri
20:52:39,56,Milwaukee,,Sun
23:05:06,J14,Jeffery Jump,,Mon,Tue,Wed,Thu,Fri
13:39:24,J14,Jeffery Jump,,Sat
12:14:00,60,Blue Island/26th,,Sun
16:39:23,157,Streeterville/Taylor,,Mon,Tue,Wed,Thu,Fri
13:49:27,20,Madison,,Sun
15:03:30,60,Blue Island/26th,,Sun
15:25:00,60,Blue Island/26th,,Sat
08:09:54,20,Madison,,Mon,Tue,Wed,Thu,Fri
08:23:26,56,Milwaukee,,Mon,Tue,Wed,Thu,Fri
10:58:49,20,Madison,,Mon,Tue,Wed,Thu,Fri
10:44:53,151,Sheridan,,Sun
22:59:31,20,Madison,,Mon,Tue,Wed,Thu,Fri
00:10:00,20,Madison,,Mon
17:26:29,151,Sheridan,,Mon,Tue,Wed,Thu,Fri
23:30:53,151,Sheridan,,Sat
08:01:47,J14,Jeffery Jump,,Mon,Tue,Wed,Thu,Fri
16:51:58,20,Madison,,Mon,Tue,Wed,Thu,Fri
18:02:20,56,Milwaukee,,Sat
19:34:06,J14,Jeffery Jump,,Mon,Tue,Wed,Thu,Fri
18:09:00,60,Blue Island/26th,,Mon,Tue,Wed,Thu,Fri
18:44:22,151,Sheridan,,Sat
05:10:00,60,Blue Island/26th,,Sat
09:34:00,60,Blue Island/26th,,Sun
24:11:00,60,Blue Island/26th,,Sat
21:31:36,J14,Jeffery Jump,,Mon,Tue,Wed,Thu,Fri
20:01:54,J14,Jeffery Jump,,Mon,Tue,Wed,Thu,Fri
05:10:00,60,Blue Island/26th,,Mon,Tue,Wed,Thu,Fri
19:19:05,124,Navy Pier,,Sat
18:09:00,60,Blue Island/26th,,Mon,Tue,Wed,Thu,Fri
19:26:12,151,Sheridan,,Mon,Tue,Wed,Thu,Fri
13:16:50,56,Milwaukee,,Sat
19:01:32,151,Sheridan,,Mon,Tue,Wed,Thu,Fri
23:45:31,20,Madison,,Sat
08:12:57,20,Madison,,Sat
03:10:00,60,Blue Island/26th,,Mon,Tue,Wed,Thu,Fri
20:05:22,151,Sheridan,,Mon,Tue,Wed,Thu,Fri
10:38:33,J14,Jeffery Jump,,Sun
20:09:13,151,Sheridan,,Sun
14:45:30,60,Blue Island/26th,,Sat
20:07:56,20,Madison,,Mon,Tue,Wed,Thu,Fri
16:12:54,56,Milwaukee,,Sun
18:12:59,20,Madison,,Mon,Tue,Wed,Thu,Fri
16:56:58,20,Madison,,Mon,Tue,Wed,Thu,Fri
10:50:42,151,Sheridan,,Mon,Tue,Wed,Thu,Fri
06:39:30,60,Blue Island/26th,,Mon,Tue,Wed,Thu,Fri
19:03:27,20,Madison,,Sat
15:39:26,20,Madison,,Sun
08:36:44,J14,Jeffery Jump,,Sat
20:51:32,J14,Jeffery Jump,,Mon,Tue,Wed,Thu,Fri
16:55:30,56,Milwaukee,,Sat
16:14:42,151,Sheridan,,Sun
18:36:26,56,Milwaukee,,Sat
01:10:00,20,Madison,,Mon
06:00:07,157,Streeterville/Taylor,,Mon,Tue,Wed,Thu,Fri
15:49:26,20,Madison,,Sun
13:26:45,56,Milwaukee,,Sun
19:01:32,151,Sheridan,,Mon,Tue,Wed,Thu,Fri
05:06:30,56,Milwaukee,,Mon,Tue,Wed,Thu,Fri
01:01:00,20,Madison,,Mon
17:29:02,151,Sheridan,,Sat
16:08:58,J14,Jeffery Jump,,Sat
12:19:58,J14,Jeffery Jump,,Sat
16:57:43,J14,Jeffery Jump,,Mon,Tue,Wed,Thu,Fri
20:34:53,151,Sheridan,,Sat
13:12:24,20,Madison,,Sat
21:30:58,20,Madison,,Sat
16:16:59,20,Madison,,Mon,Tue,Wed,Thu,Fri
23:40:00,60,Blue Island/26th,,Mon,Tue,Wed,Thu,Fri
10:45:41,124,Navy Pier,,Mon,Tue,Wed,Thu,Fri
13:23:30,60,Blue Island/26th,,Sun
14:57:10,157,Streeterville/Taylor,,Mon,Tue,Wed,Thu,Fri
11:08:49,20,Madison,,Mon,Tue,Wed,Thu,Fri
12:16:52,56,Milwaukee,,Mon,Tue,Wed,Thu,Fri
24:12:30,60,Blue Island/26th,,Sun
09:50:27,20,Madison,,Sat
05:01:00,20,Madison,,Sat
15:43:30,151,Sheridan,,Mon,Tue,Wed,Thu,Fri
19:47:56,20,Madison,,Mon,Tue,Wed,Thu,Fri
08:01:34,151,Sheridan,,Sat
19:00:05,124,Navy Pier,,Sat
08:23:30,60,Blue Island/26th,,Sun
12:09:58,J14,Jeffery Jump,,Sat
18:04:43,151,Sheridan,,Sun
07:26:42,157,Streeterville/Taylor,,Mon,Tue,Wed,Thu,Fri
15:54:30,60,Blue Island/26th,,Sat
10:09:30,60,Blue Island/26th,,Mon,Tue,Wed,Thu,Fri
13:53:21,151,Sheridan,,Sat
18:08:54,J14,Jeffery Jump,,Sat
12:18:23,20,Madison,,Sat
22:04:55,J14,Jeffery Jump,,Sat
17:07:24,20,Madison,,Sat
09:09:50,56,Milwaukee,,Mon,Tue,Wed,Thu,Fri
08:33:27,20,Madison,,Sat
09:59:09,124,Navy Pier,,Sun
07:03:09,56,Milwaukee,,Sat
22:59:30,20,Madison,,Mon,Tue,Wed,Thu,Fri
08:44:13,151,Sheridan,,Sat
17:09:26,20,Madison,,Sun
01:10:00,20,Madison,,Mon
10:48:33,J14,Jeffery Jump,,Sun
20:08:13,J14,Jeffery Jump,,Sat
15:09:23,20,Madison,,Sat
10:08:24,J14,Jeffery Jump,,Mon,Tue,Wed,Thu,Fri
04:10:00,20,Madison,,Sat
18:17:00,60,Blue Island/26th,,Sun
19:24:22,151,Sheridan,,Sat
11:59:26,20,Madison,,Sun
15:54:59,20,Madison,,Mon,Tue,Wed,Thu,Fri
03:31:00,20,Madison,,Sun
19:24:22,20,Madison,,Mon,Tue,Wed,Thu,Fri
20:57:13,151,Sheridan,,Sun
00:25:00,20,Madison,,Mon
18:04:00,60,Blue Island/26th,,Sat
15:18:24,20,Madison,,Sat
17:21:21,151,Sheridan,,Sat
21:16:33,151,Sheridan,,Sat
15:05:00,60,Blue Island/26th,,Sat
08:44:52,20,Madison,,Mon,Tue,Wed,Thu,Fri
13:11:31,151,Sheridan,,Sat
08:08:26,56,Milwaukee,,Mon,Tue,Wed,Thu,Fri
13:12:23,124,Navy Pier,,Sun
11:37:52,56,Milwaukee,,Sun
13:15:46,J14,Jeffery Jump,,Mon,Tue,Wed,Thu,Fri
13:20:01,151,Sheridan,,Sat
16:01:21,151,Sheridan,,Sat
09:55:22,56,Milwaukee,,Sat
09:47:00,60,Blue Island/26th,,Sat
07:34:30,60,Blue Island/26th,,Sat
08:04:11,J14,Jeffery Jump,,Sun
09:05:36,J14,Jeffery Jump,,Sat
17:11:30,60,Blue Island/26th,,Sun
07:29:00,60,Blue Island/26th,,Mon,Tue,Wed,Thu,Fri
00:48:34,151,Sheridan,,Mon
16:55:34,56,Milwaukee,,Sat
08:49:52,20,Madison,,Mon,Tue,Wed,Thu,Fri
12:15:59,56,Milwaukee,,Sat
17:50:30,60,Blue Island/26th,,Mon,Tue,Wed,Thu,Fri
21:25:00,60,Blue Island/26th,,Sat
07:36:30,20,Madison,,Sun
17:44:47,56,Milwaukee,,Sat
08:47:32,157,Streeterville/Taylor,,Mon,Tue,Wed,Thu,Fri
06:57:34,151,Sheridan,,Sat
08:34:52,20,Madison,,Mon,Tue,Wed,Thu,Fri
18:24:05,124,Navy Pier,,Sat
20:36:43,151,Sheridan,,Mon,Tue,Wed,Thu,Fri
17:17:23,20,Madison,,Sat
15:28:21,151,Sheridan,,Sat
08:07:00,60,Blue Island/26th,,Mon,Tue,Wed,Thu,Fri
12:53:31,151,Sheridan,,Sat
16:56:22,124,Navy Pier,,Sat
01:35:30,60,Blue Island/26th,,Tue,Wed,Thu,Fri,Sat
22:30:41,J14,Jeffery Jump,,Sun
16:04:30,60,Blue Island/26th,,Sat
24:07:30,60,Blue Island/26th,,Mon,Tue,Wed,Thu,Fri
06:57:33,151,Sheridan,,Mon,Tue,Wed,Thu,Fri
19:15:04,20,Madison,,Mon,Tue,Wed,Thu,Fri
15:25:00,60,Blue Island/26th,,Sat
09:48:50,20,Madison,,Mon,Tue,Wed,Thu,Fri
12:48:30,60,Blue Island/26th,,Mon,Tue,Wed,Thu,Fri
09:44:42,151,Sheridan,,Mon,Tue,Wed,Thu,Fri
23:38:24,151,Sheridan,,Mon,Tue,Wed,Thu,Fri
21:17:26,20,Madison,,Mon,Tue,Wed,Thu,Fri
09:18:47,56,Milwaukee,,Mon,Tue,Wed,Thu,Fri
09:49:13,J14,Jeffery Jump,,Mon,Tue,Wed,Thu,Fri
22:50:31,20,Madison,,Sun
11:12:41,124,Navy Pier,,Mon,Tue,Wed,Thu,Fri
22:06:32,J14,Jeffery Jump,,Mon,Tue,Wed,Thu,Fri
09:11:48,157,Streeterville/Taylor,,Mon,Tue,Wed,Thu,Fri
08:01:51,J14,Jeffery Jump,,Mon,Tue,Wed,Thu,Fri
16:47:58,J14,Jeffery Jump,,Mon,Tue,Wed,Thu,Fri
17:16:52,J14,Jeffery Jump,,Mon,Tue,Wed,Thu,Fri
21:07:23,151,Sheridan,,Mon,Tue,Wed,Thu,Fri
20:13:26,20,Madison,,Sat
13:43:30,60,Blue Island/26th,,Sun
20:43:00,60,Blue Island/26th,,Mon,Tue,Wed,Thu,Fri
17:54:02,151,Sheridan,,Sat
19:18:10,J14,Jeffery Jump,,Sat
04:10:00,20,Madison,,Sun
15:43:32,J14,Jeffery Jump,,Sun
08:08:19,56,Milwaukee,,Sun
16:41:30,60,Blue Island/26th,,Sun
22:44:30,20,Madison,,Mon,Tue,Wed,Thu,Fri
16:09:27,20,Madison,,Sun
02:40:00,60,Blue Island/26th,,Mon
21:01:30,60,Blue Island/26th,,Mon,Tue,Wed,Thu,Fri
09:49:27,20,Madison,,Sun
10:18:41,124,Navy Pier,,Mon,Tue,Wed,Thu,Fri
21:25:58,20,Madison,,Sun
14:28:19,20,Madison,,Mon,Tue,Wed,Thu,Fri
08:40:20,J14,Jeffery Jump,,Mon,Tue,Wed,Thu,Fri
10:29:27,20,Madison,,Sun
17:04:00,60,Blue Island/26th,,Sat
07:14:34,151,Sheridan,,Sat
10:42:52,56,Milwaukee,,Sun
22:55:33,J14,Jeffery Jump,,Sat
19:53:52,151,Sheridan,,Sat
05:06:32,56,Milwaukee,,Mon,Tue,Wed,Thu,Fri
19:52:48,J14,Jeffery Jump,,Sun
09:57:00,60,Blue Island/26th,,Sat
16:25:30,60,Blue Island/26th,,Mon,Tue,Wed,Thu,Fri
18:54:22,151,Sheridan,,Sat
15:35:00,60,Blue Island/26th,,Sat
18:54:22,151,Sheridan,,Sat
21:01:30,60,Blue Island/26th,,Mon,Tue,Wed,Thu,Fri
19:48:39,56,Milwaukee,,Sun
16:39:23,20,Madison,,Sat
11:46:12,151,Sheridan,,Sat
07:11:47,J14,Jeffery Jump,,Mon,Tue,Wed,Thu,Fri
18:25:00,60,Blue Island/26th,,Sun
06:10:01,20,Madison,,Sun
08:49:54,20,Madison,,Mon,Tue,Wed,Thu,Fri
02:01:00,20,Madison,,Tue,Wed,Thu,Fri,Sat
23:30:31,20,Madison,,Sat
05:40:00,60,Blue Island/26th,,Sun
07:23:41,J14,Jeffery Jump,,Sat
13:16:19,20,Madison,,Mon,Tue,Wed,Thu,Fri
06:18:30,60,Blue Island/26th,,Sun
16:47:53,J14,Jeffery Jump,,Mon,Tue,Wed,Thu,Fri
00:40:00,60,Blue Island/26th,,Tue,Wed,Thu,Fri,Sat
20:30:15,56,Milwaukee,,Mon,Tue,Wed,Thu,Fri
11:09:26,124,Navy Pier,,Sat
16:22:34,56,Milwaukee,,Sat
17:42:00,60,Blue Island/26th,,Mon,Tue,Wed,Thu,Fri
09:32:44,157,Streeterville/Taylor,,Mon,Tue,Wed,Thu,Fri
09:04:54,151,Sheridan,,Sun
10:50:42,151,Sheridan,,Mon,Tue,Wed,Thu,Fri
17:27:24,20,Madison,,Sat
22:40:30,60,Blue Island/26th,,Sat
04:40:00,60,Blue Island/26th,,Mon,Tue,Wed,Thu,Fri
17:21:58,J14,Jeffery Jump,,Mon,Tue,Wed,Thu,Fri
12:08:30,60,Blue Island/26th,,Mon,Tue,Wed,Thu,Fri
20:08:30,60,Blue Island/26th,,Mon,Tue,Wed,Thu,Fri
07:30:34,151,Sheridan,,Sat
10:48:17,J14,Jeffery Jump,,Mon,Tue,Wed,Thu,Fri
06:19:30,60,Blue Island/26th,,Mon,Tue,Wed,Thu,Fri
17:37:32,151,Sheridan,,Sat
04:10:00,60,Blue Island/26th,,Sat
16:43:00,60,Blue Island/26th,,Mon,Tue,Wed,Thu,Fri
15:03:30,60,Blue Island/26th,,Sun
24:01:00,20,Madison,,Sat
14:44:38,J14,Jeffery Jump,,Mon,Tue,Wed,Thu,Fri
04:10:00,60,Blue Island/26th,,Sun
12:58:19,20,Madison,,Mon,Tue,Wed,Thu,Fri
05:02:49,56,Milwaukee,,Sun
17:12:19,151,Sheridan,,Mon,Tue,Wed,Thu,Fri
16:44:22,151,Sheridan,,Sun
17:01:15,56,Milwaukee,,Sun
22:05:30,20,Madison,,Sat
08:41:00,60,Blue Island/26th,,Sun
16:43:45,56,Milwaukee,,Sun
12:37:21,J14,Jeffery Jump,,Sun
14:24:11,124,Navy Pier,,Mon,Tue,Wed,Thu,Fri
13:58:30,60,Blue Island/26th,,Mon,Tue,Wed,Thu,Fri
20:57:57,20,Madison,,Mon,Tue,Wed,Thu,Fri
09:18:50,56,Milwaukee,,Mon,Tue,Wed,Thu,Fri
14:49:04,20,Madison,,Mon,Tue,Wed,Thu,Fri
18:45:45,56,Milwaukee,,Mon,Tue,Wed,Thu,Fri
10:57:13,J14,Jeffery Jump,,Mon,Tue,Wed,Thu,Fri
05:57:24,151,Sheridan,,Sat
23:15:53,151,Sheridan,,Sat
12:36:31,151,Sheridan,,Sat
18:42:30,60,Blue Island/26th,,Sun
15:57:56,157,Streeterville/Taylor,,Mon,Tue,Wed,Thu,Fri
14:39:28,J14,Jeffery Jump,,Sat
12:09:26,20,Madison,,Sun
14:06:23,20,Madison,,Sat
18:35:42,151,Sheridan,,Sat
07:51:31,20,Madison,,Sun
13:24:20,20,Madison,,Mon,Tue,Wed,Thu,Fri
08:17:04,151,Sheridan,,Sat
15:20:34,20,Madison,,Mon,Tue,Wed,Thu,Fri
21:50:43,124,Navy Pier,,Mon,Tue,Wed,Thu,Fri
19:52:51,J14,Jeffery Jump,,Sun
07:36:32,151,Sheridan,,Mon,Tue,Wed,Thu,Fri
19:25:06,J14,Jeffery Jump,,Mon,Tue,Wed,Thu,Fri
11:38:49,20,Madison,,Mon,Tue,Wed,Thu,Fri
19:34:22,151,Sheridan,,Sat
08:40:16,J14,Jeffery Jump,,Mon,Tue,Wed,Thu,Fri
08:13:29,56,Milwaukee,,Mon,Tue,Wed,Thu,Fri
12:49:26,20,Madison,,Sun
17:53:22,56,Milwaukee,,Sun
08:13:26,56,Milwaukee,,Mon,Tue,Wed,Thu,Fri
18:12:58,20,Madison,,Mon,Tue,Wed,Thu,Fri
15:33:50,56,Milwaukee,,Sat
09:24:00,60,Blue Island/26th,,Sun
18:45:43,151,Sheridan,,Sun
14:05:50,J14,Jeffery Jump,,Mon,Tue,Wed,Thu,Fri
06:49:08,20,Madison,,Mon,Tue,Wed,Thu,Fri
20:47:27,20,Madison,,Sun
12:40:13,151,Sheridan,,Sun
08:28:51,151,Sheridan,,Mon,Tue,Wed,Thu,Fri
09:30:26,20,Madison,,Sat
11:23:04,56,Milwaukee,,Mon,Tue,Wed,Thu,Fri
12:24:00,60,Blue Island/26th,,Sun
05:59:08,20,Madison,,Mon,Tue,Wed,Thu,Fri
18:27:12,151,Sheridan,,Sat
08:34:20,56,Milwaukee,,Mon,Tue,Wed,Thu,Fri
19:50:00,60,Blue Island/26th,,Mon,Tue,Wed,Thu,Fri
01:40:00,60,Blue Island/26th,,Mon
06:00:00,60,Blue Island/26th,,Mon,Tue,Wed,Thu,Fri
12:39:26,20,Madison,,Sun
04:50:18,20,Madison,,Mon,Tue,Wed,Thu,Fri
17:28:26,20,Madison,,Sun
18:50:00,60,Blue Island/26th,,Sat
16:31:30,60,Blue Island/26th,,Sun
08:28:29,56,Milwaukee,,Mon,Tue,Wed,Thu,Fri
06:17:06,J14,Jeffery Jump,,Mon,Tue,Wed,Thu,Fri
06:44:15,56,Milwaukee,,Mon,Tue,Wed,Thu,Fri
07:01:44,J14,Jeffery Jump,,Sat
20:11:58,J14,Jeffery Jump,,Mon,Tue,Wed,Thu,Fri
14:51:11,124,Navy Pier,,Mon,Tue,Wed,Thu,Fri
15:36:31,124,Navy Pier,,Mon,Tue,Wed,Thu,Fri
17:31:29,151,Sheridan,,Mon,Tue,Wed,Thu,Fri
17:11:47,56,Milwaukee,,Sat
08:34:32,157,Streeterville/Taylor,,Mon,Tue,Wed,Thu,Fri
15:12:21,151,Sheridan,,Sat
24:01:00,20,Madison,,Sat
06:19:08,20,Madison,,Mon,Tue,Wed,Thu,Fri
10:24:30,56,Milwaukee,,Sun
19:53:27,20,Madison,,Sat
19:32:39,124,Navy Pier,,Sun
15:52:34,56,Milwaukee,,Mon,Tue,Wed,Thu,Fri
14:42:23,20,Madison,,Sat
05:01:57,56,Milwaukee,,Sat
22:11:23,124,Navy Pier,,Sun
13:09:13,56,Milwaukee,,Sun
11:59:47,56,Milwaukee,,Sat
14:35:50,20,Madison,,Mon,Tue,Wed,Thu,Fri
20:24:30,60,Blue Island/26th,,Mon,Tue,Wed,Thu,Fri
12:55:30,60,Blue Island/26th,,Sat
09:02:47,56,Milwaukee,,Mon,Tue,Wed,Thu,Fri
08:20:20,J14,Jeffery Jump,,Mon,Tue,Wed,Thu,Fri
14:32:20,56,Milwaukee,,Sat
15:04:51,J14,Jeffery Jump,,Sun
21:45:00,124,Navy Pier,,Sun
17:35:22,56,Milwaukee,,Sun
07:24:56,56,Milwaukee,,Sun
07:01:41,J14,Jeffery Jump,,Sat
10:16:30,60,Blue Island/26th,,Sat
06:59:30,60,Blue Island/26th,,Mon,Tue,Wed,Thu,Fri
11:33:13,J14,Jeffery Jump,,Sat
15:25:02,151,Sheridan,,Sun
15:24:10,151,Sheridan,,Mon,Tue,Wed,Thu,Fri
16:17:51,151,Sheridan,,Sat
10:53:21,J14,Jeffery Jump,,Sat
10:28:30,60,Blue Island/26th,,Mon,Tue,Wed,Thu,Fri
09:10:16,J14,Jeffery Jump,,Mon,Tue,Wed,Thu,Fri
17:31:30,60,Blue Island/26th,,Sun
12:15:21,151,Sheridan,,Mon,Tue,Wed,Thu,Fri
14:16:51,151,Sheridan,,Sat
13:55:30,60,Blue Island/26th,,Sat
08:11:09,56,Milwaukee,,Sat
18:14:22,124,Navy Pier,,Sun
17:06:58,20,Madison,,Mon,Tue,Wed,Thu,Fri
10:08:49,20,Madison,,Mon,Tue,Wed,Thu,Fri
18:18:13,124,Navy Pier,,Mon,Tue,Wed,Thu,Fri
11:48:33,J14,Jeffery Jump,,Sun
07:23:13,151,Sheridan,,Mon,Tue,Wed,Thu,Fri
17:37:32,151,Sheridan,,Sat
17:53:13,J14,Jeffery Jump,,Sun
22:35:30,20,Madison,,Sat
15:58:40,124,Navy Pier,,Mon,Tue,Wed,Thu,Fri
13:45:50,J14,Jeffery Jump,,Mon,Tue,Wed,Thu,Fri
08:37:30,60,Blue Island/26th,,Sat
05:28:40,20,Madison,,Mon,Tue,Wed,Thu,Fri
00:38:30,20,Madison,,Tue,Wed,Thu,Fri,Sat
19:34:22,151,Sheridan,,Sat
09:20:26,20,Madison,,Sat
13:36:23,124,Navy Pier,,Sun
12:25:50,J14,Jeffery Jump,,Mon,Tue,Wed,Thu,Fri
05:30:15,56,Milwaukee,,Mon,Tue,Wed,Thu,Fri
15:46:26,124,Navy Pier,,Sat
21:53:32,J14,Jeffery Jump,,Mon,Tue,Wed,Thu,Fri
11:08:36,J14,Jeffery Jump,,Sun
20:27:26,20,Madison,,Sun
09:16:00,56,Milwaukee,,Sat
18:27:27,20,Madison,,Sun
14:23:30,60,Blue Island/26th,,Sun
12:00:24,J14,Jeffery Jump,,Sat
15:38:54,J14,Jeffery Jump,,Sat
09:26:02,151,Sheridan,,Mon,Tue,Wed,Thu,Fri
11:19:26,20,Madison,,Sun
18:27:12,151,Sheridan,,Sat
15:23:45,56,Milwaukee,,Sun
18:28:54,J14,Jeffery Jump,,Sat
11:55:46,J14,Jeffery Jump,,Mon,Tue,Wed,Thu,Fri
06:59:30,60,Blue Island/26th,,Mon,Tue,Wed,Thu,Fri
20:27:10,157,Streeterville/Taylor,,Mon,Tue,Wed,Thu,Fri
19:14:22,151,Sheridan,,Sat
21:01:17,124,Navy Pier,,Mon,Tue,Wed,Thu,Fri
23:00:53,151,Sheridan,,Sat
13:48:23,20,Madison,,Sat
03:10:00,20,Madison,,Sat
22:05:30,20,Madison,,Sun
19:40:00,60,Blue Island/26th,,Sun
10:38:30,60,Blue Island/26th,,Mon,Tue,Wed,Thu,Fri
17:14:13,56,Milwaukee,,Mon,Tue,Wed,Thu,Fri
12:28:30,60,Blue Island/26th,,Mon,Tue,Wed,Thu,Fri
19:04:22,151,Sheridan,,Sat
10:02:09,56,Milwaukee,,Mon,Tue,Wed,Thu,Fri
17:16:28,20,Madison,,Mon,Tue,Wed,Thu,Fri
20:02:51,J14,Jeffery Jump,,Sun
05:48:44,151,Sheridan,,Sun
18:48:40,157,Streeterville/Taylor,,Mon,Tue,Wed,Thu,Fri
09:08:54,56,Milwaukee,,Sun
12:34:41,124,Navy Pier,,Mon,Tue,Wed,Thu,Fri
19:07:56,157,Streeterville/Taylor,,Mon,Tue,Wed,Thu,Fri
22:59:00,60,Blue Island/26th,,Mon,Tue,Wed,Thu,Fri
11:25:46,J14,Jeffery Jump,,Mon,Tue,Wed,Thu,Fri
12:59:58,J14,Jeffery Jump,,Sat
05:01:00,20,Madison,,Sun
01:09:30,60,Blue Island/26th,,Sun
15:54:32,151,Sheridan,,Sun
24:00:00,20,Madison,,Mon,Tue,Wed,Thu,Fri
11:00:24,20,Madison,,Sat
21:11:36,J14,Jeffery Jump,,Mon,Tue,Wed,Thu,Fri
21:45:33,151,Sheridan,,Sat
12:09:23,151,Sheridan,,Sun
05:49:56,J14,Jeffery Jump,,Mon,Tue,Wed,Thu,Fri
22:11:00,124,Navy Pier,,Sun
07:47:00,60,Blue Island/26th,,Sat
10:38:24,J14,Jeffery Jump,,Mon,Tue,Wed,Thu,Fri
07:20:43,56,Milwaukee,,Mon,Tue,Wed,Thu,Fri
06:04:43,56,Milwaukee,,Mon,Tue,Wed,Thu,Fri
10:56:22,151,Sheridan,,Sat
10:47:56,124,Navy Pier,,Sun
08:20:16,J14,Jeffery Jump,,Mon,Tue,Wed,Thu,Fri
15:15:02,151,Sheridan,,Sun
16:28:52,56,Milwaukee,,Sun
12:25:46,J14,Jeffery Jump,,Mon,Tue,Wed,Thu,Fri
18:12:48,J14,Jeffery Jump,,Sun
24:16:00,20,Madison,,Sun
02:40:00,20,Madison,,Sun
15:45:10,157,Streeterville/Taylor,,Mon,Tue,Wed,Thu,Fri
04:40:00,20,Madison,,Sat
11:58:33,J14,Jeffery Jump,,Sun
10:54:00,60,Blue Island/26th,,Sun
13:57:23,20,Madison,,Sat
17:23:10,J14,Jeffery Jump,,Sun
10:04:00,60,Blue Island/26th,,Sun
18:21:28,20,Madison,,Mon,Tue,Wed,Thu,Fri
09:27:30,56,Milwaukee,,Sun
22:35:31,20,Madison,,Sat
09:11:00,124,Navy Pier,,Sun
15:50:17,56,Milwaukee,,Sat
19:17:27,20,Madison,,Sun
14:55:34,20,Madison,,Mon,Tue,Wed,Thu,Fri
18:32:51,J14,Jeffery Jump,,Sun
15:44:21,151,Sheridan,,Sat
02:05:00,60,Blue Island/26th,,Tue,Wed,Thu,Fri,Sat
00:40:00,20,Madison,,Sun
05:09:00,20,Madison,,Sat
00:40:00,60,Blue Island/26th,,Sun
07:09:30,60,Blue Island/26th,,Mon,Tue,Wed,Thu,Fri
15:05:56,56,Milwaukee,,Mon,Tue,Wed,Thu,Fri
21:01:03,151,Sheridan,,Sat
17:28:45,124,Navy Pier,,Mon,Tue,Wed,Thu,Fri
17:24:00,60,Blue Island/26th,,Mon,Tue,Wed,Thu,Fri
13:35:30,60,Blue Island/26th,,Sat
17:37:27,20,Madison,,Sun
12:36:56,124,Navy Pier,,Sat
02:01:00,20,Madison,,Sun
15:24:10,151,Sheridan,,Mon,Tue,Wed,Thu,Fri
13:05:50,J14,Jeffery Jump,,Mon,Tue,Wed,Thu,Fri
20:43:27,20,Madison,,Sat
16:30:24,20,Madison,,Sat
17:35:24,56,Milwaukee,,Sun
19:26:12,151,Sheridan,,Mon,Tue,Wed,Thu,Fri
04:10:00,60,Blue Island/26th,,Mon,Tue,Wed,Thu,Fri
13:53:30,60,Blue Island/26th,,Sun
08:30:22,56,Milwaukee,,Sun
16:52:50,J14,Jeffery Jump,,Mon,Tue,Wed,Thu,Fri
22:00:33,151,Sheridan,,Sat
18:42:48,J14,Jeffery Jump,,Sun
11:59:27,20,Madison,,Sun
17:17:09,151,Sheridan,,Mon,Tue,Wed,Thu,Fri
13:30:50,56,Milwaukee,,Sat
17:18:54,J14,Jeffery Jump,,Sat
09:12:46,124,Navy Pier,,Mon,Tue,Wed,Thu,Fri
12:55:50,J14,Jeffery Jump,,Mon,Tue,Wed,Thu,Fri
22:15:53,151,Sheridan,,Sat
08:06:30,20,Madison,,Sun
08:33:26,20,Madison,,Sat
16:59:26,20,Madison,,Sun
08:47:41,151,Sheridan,,Mon,Tue,Wed,Thu,Fri
06:42:30,60,Blue Island/26th,,Sat
14:04:19,20,Madison,,Mon,Tue,Wed,Thu,Fri
07:12:14,151,Sheridan,,Sun
19:57:57,20,Madison,,Mon,Tue,Wed,Thu,Fri
20:12:51,J14,Jeffery Jump,,Sun
19:49:12,124,Navy Pier,,Mon,Tue,Wed,Thu,Fri
24:02:24,151,Sheridan,,Sat
14:17:26,157,Streeterville/Taylor,,Mon,Tue,Wed,Thu,Fri
16:26:58,20,Madison,,Mon,Tue,Wed,Thu,Fri
11:54:00,60,Blue Island/26th,,Sun
11:42:10,157,Streeterville/Taylor,,Mon,Tue,Wed,Thu,Fri
19:12:48,J14,Jeffery Jump,,Sun
15:23:30,60,Blue Island/26th,,Sun
09:51:50,124,Navy Pier,,Mon,Tue,Wed,Thu,Fri
05:39:59,J14,Jeffery Jump,,Mon,Tue,Wed,Thu,Fri
11:35:50,J14,Jeffery Jump,,Mon,Tue,Wed,Thu,Fri
17:44:43,151,Sheridan,,Sun
07:36:31,20,Madison,,Sun
08:17:29,56,Milwaukee,,Mon,Tue,Wed,Thu,Fri
17:33:13,J14,Jeffery Jump,,Sun
21:17:25,J14,Jeffery Jump,,Sat
11:46:00,60,Blue Island/26th,,Sat
16:41:58,20,Madison,,Mon,Tue,Wed,Thu,Fri
16:18:54,J14,Jeffery Jump,,Sat
18:45:04,20,Madison,,Mon,Tue,Wed,Thu,Fri
12:08:19,20,Madison,,Mon,Tue,Wed,Thu,Fri
22:12:39,124,Navy Pier,,Sat
15:21:26,157,Streeterville/Taylor,,Mon,Tue,Wed,Thu,Fri
18:11:24,56,Milwaukee,,Sun
20:28:13,J14,Jeffery Jump,,Sat
21:31:33,151,Sheridan,,Sat
05:29:00,60,Blue Island/26th,,Mon,Tue,Wed,Thu,Fri
08:10:16,J14,Jeffery Jump,,Mon,Tue,Wed,Thu,Fri
13:43:30,60,Blue Island/26th,,Sun
15:25:02,151,Sheridan,,Sun
03:05:30,60,Blue Island/26th,,Mon
19:13:00,60,Blue Island/26th,,Mon,Tue,Wed,Thu,Fri
17:14:00,60,Blue Island/26th,,Sat
00:46:00,20,Madison,,Mon
14:35:30,60,Blue Island/26th,,Sat
16:59:27,20,Madison,,Sun
08:05:27,20,Madison,,Sat
15:45:02,151,Sheridan,,Sun
10:15:43,56,Milwaukee,,Sat
14:39:29,56,Milwaukee,,Mon,Tue,Wed,Thu,Fri
05:07:14,151,Sheridan,,Mon,Tue,Wed,Thu,Fri
21:44:31,20,Madison,,Mon,Tue,Wed,Thu,Fri
02:40:00,60,Blue Island/26th,,Mon
02:01:00,20,Madison,,Sun
17:14:00,60,Blue Island/26th,,Sat
03:40:00,60,Blue Island/26th,,Sun
07:01:30,60,Blue Island/26th,,Sat
16:29:26,20,Madison,,Sun
09:59:27,20,Madison,,Sun
16:44:00,60,Blue Island/26th,,Sat
16:13:36,J14,Jeffery Jump,,Sun
21:30:59,20,Madison,,Sat
17:13:32,124,Navy Pier,,Sat
13:02:31,151,Sheridan,,Sat
11:58:53,151,Sheridan,,Sun
15:52:21,151,Sheridan,,Sat
11:38:23,151,Sheridan,,Sun
22:15:53,151,Sheridan,,Sat
11:39:01,151,Sheridan,,Mon,Tue,Wed,Thu,Fri
11:48:30,60,Blue Island/26th,,Mon,Tue,Wed,Thu,Fri
18:55:00,60,Blue Island/26th,,Mon,Tue,Wed,Thu,Fri
21:15:11,56,Milwaukee,,Sun
05:27:08,20,Madison,,Mon,Tue,Wed,Thu,Fri
15:39:27,20,Madison,,Sun
19:31:54,20,Madison,,Mon,Tue,Wed,Thu,Fri
20:56:00,60,Blue Island/26th,,Sun
08:17:30,56,Milwaukee,,Mon,Tue,Wed,Thu,Fri
15:15:00,60,Blue Island/26th,,Sat
08:37:04,151,Sheridan,,Sun
23:17:01,20,Madison,,Mon,Tue,Wed,Thu,Fri
21:52:33,151,Sheridan,,Mon,Tue,Wed,Thu,Fri
17:02:29,151,Sheridan,,Mon,Tue,Wed,Thu,Fri
12:54:23,20,Madison,,Sat
07:21:51,J14,Jeffery Jump,,Mon,Tue,Wed,Thu,Fri
19:39:25,20,Madison,,Mon,Tue,Wed,Thu,Fri
16:22:29,151,Sheridan,,Mon,Tue,Wed,Thu,Fri
00:53:30,20,Madison,,Tue,Wed,Thu,Fri,Sat
09:06:00,60,Blue Island/26th,,Mon,Tue,Wed,Thu,Fri
15:03:20,56,Milwaukee,,Sat
01:40:00,20,Madison,,Mon
17:33:00,60,Blue Island/26th,,Mon,Tue,Wed,Thu,Fri
13:09:27,20,Madison,,Sun
13:38:30,60,Blue Island/26th,,Mon,Tue,Wed,Thu,Fri
15:35:00,60,Blue Island/26th,,Sat
17:38:58,J14,Jeffery Jump,,Sat
20:57:56,20,Madison,,Mon,Tue,Wed,Thu,Fri
14:55:30,60,Blue Island/26th,,Sat
15:17:59,56,Milwaukee,,Mon,Tue,Wed,Thu,Fri
11:19:02,56,Milwaukee,,Sun
16:30:23,20,Madison,,Sat
08:07:30,60,Blue Island/26th,,Sat
09:04:54,20,Madison,,Mon,Tue,Wed,Thu,Fri
16:13:32,J14,Jeffery Jump,,Sun
05:09:19,20,Madison,,Mon,Tue,Wed,Thu,Fri
10:56:30,60,Blue Island/26th,,Sat
13:39:23,20,Madison,,Sat
17:57:23,20,Madison,,Sat
06:40:43,151,Sheridan,,Mon,Tue,Wed,Thu,Fri
01:40:00,60,Blue Island/26th,,Sun
11:48:30,60,Blue Island/26th,,Mon,Tue,Wed,Thu,Fri
19:31:30,60,Blue Island/26th,,Mon,Tue,Wed,Thu,Fri
08:28:30,56,Milwaukee,,Mon,Tue,Wed,Thu,Fri
10:45:11,124,Navy Pier,,Mon,Tue,Wed,Thu,Fri
13:05:10,J14,Jeffery Jump,,Sun
15:19:38,J14,Jeffery Jump,,Mon,Tue,Wed,Thu,Fri
03:40:00,20,Madison,,Mon,Tue,Wed,Thu,Fri
09:38:53,151,Sheridan,,Sat
23:30:31,20,Madison,,Sun
24:16:00,20,Madison,,Sun
07:29:31,20,Madison,,Sat
07:26:28,157,Streeterville/Taylor,,Mon,Tue,Wed,Thu,Fri
16:21:40,124,Navy Pier,,Mon,Tue,Wed,Thu,Fri
17:31:52,J14,Jeffery Jump,,Mon,Tue,Wed,Thu,Fri
19:29:43,151,Sheridan,,Sun
10:20:27,20,Madison,,Sat
14:24:51,J14,Jeffery Jump,,Sun
11:07:06,J14,Jeffery Jump,,Mon,Tue,Wed,Thu,Fri
15:19:27,20,Madison,,Sun
16:54:00,60,Blue Island/26th,,Sat
16:49:27,20,Madison,,Sun
16:39:27,20,Madison,,Sun
20:41:36,J14,Jeffery Jump,,Mon,Tue,Wed,Thu,Fri
12:49:27,20,Madison,,Sun
10:07:33,151,Sheridan,,Sun
12:27:24,20,Madison,,Sat
20:23:27,20,Madison,,Sat
20:48:22,56,Milwaukee,,Mon,Tue,Wed,Thu,Fri
20:24:30,60,Blue Island/26th,,Mon,Tue,Wed,Thu,Fri
01:24:34,151,Sheridan,,Sun
20:27:57,20,Madison,,Mon,Tue,Wed,Thu,Fri
15:11:43,J14,Jeffery Jump,,Mon,Tue,Wed,Thu,Fri
22:14:31,20,Madison,,Mon,Tue,Wed,Thu,Fri
16:14:42,151,Sheridan,,Sun
03:01:00,20,Madison,,Mon
12:19:11,151,Sheridan,,Sat
12:55:40,J14,Jeffery Jump,,Sun
12:45:24,20,Madison,,Sat
10:23:25,J14,Jeffery Jump,,Sat
08:39:54,20,Madison,,Mon,Tue,Wed,Thu,Fri
16:25:17,56,Milwaukee,,Mon,Tue,Wed,Thu,Fri
18:07:30,60,Blue Island/26th,,Sun
11:24:00,60,Blue Island/26th,,Sun
17:06:59,20,Madison,,Mon,Tue,Wed,Thu,Fri
09:31:13,151,Sheridan,,Sun
13:23:30,56,Milwaukee,,Mon,Tue,Wed,Thu,Fri
14:56:21,151,Sheridan,,Sat
06:44:31,20,Madison,,Sat
17:48:58,J14,Jeffery Jump,,Sat
14:43:12,151,Sheridan,,Sun
13:02:17,56,Milwaukee,,Sat
07:46:30,60,Blue Island/26th,,Sun
15:29:27,20,Madison,,Sun
10:07:33,151,Sheridan,,Sun
10:17:42,151,Sheridan,,Mon,Tue,Wed,Thu,Fri
16:57:41,151,Sheridan,,Sat
14:49:27,20,Madison,,Sun
11:07:01,J14,Jeffery Jump,,Mon,Tue,Wed,Thu,Fri
11:25:50,J14,Jeffery Jump,,Mon,Tue,Wed,Thu,Fri
19:15:03,20,Madison,,Mon,Tue,Wed,Thu,Fri
22:34:02,56,Milwaukee,,Mon,Tue,Wed,Thu,Fri
07:53:00,60,Blue Island/26th,,Mon,Tue,Wed,Thu,Fri
08:22:04,151,Sheridan,,Sun
14:55:26,124,Navy Pier,,Sat
16:41:51,151,Sheridan,,Sat
18:03:00,151,Sheridan,,Mon,Tue,Wed,Thu,Fri
16:03:30,151,Sheridan,,Mon,Tue,Wed,Thu,Fri
14:26:51,151,Sheridan,,Mon,Tue,Wed,Thu,Fri
19:50:00,60,Blue Island/26th,,Sun
14:17:10,157,Streeterville/Taylor,,Mon,Tue,Wed,Thu,Fri
19:50:00,60,Blue Island/26th,,Mon,Tue,Wed,Thu,Fri
11:38:12,151,Sheridan,,Sat
09:23:30,60,Blue Island/26th,,Mon,Tue,Wed,Thu,Fri
06:22:30,60,Blue Island/26th,,Sat
16:04:52,124,Navy Pier,,Sun
22:02:39,56,Milwaukee,,Sun
13:45:21,151,Sheridan,,Sat
13:51:21,151,Sheridan,,Mon,Tue,Wed,Thu,Fri
20:24:13,151,Sheridan,,Sun
17:57:24,20,Madison,,Sat
12:44:31,151,Sheridan,,Sat
11:28:36,J14,Jeffery Jump,,Sun
00:15:00,60,Blue Island/26th,,Sun
13:25:30,60,Blue Island/26th,,Sat
20:10:13,56,Milwaukee,,Mon,Tue,Wed,Thu,Fri
08:06:31,20,Madison,,Sun
07:51:30,20,Madison,,Sun
15:08:30,60,Blue Island/26th,,Mon,Tue,Wed,Thu,Fri
11:18:50,20,Madison,,Mon,Tue,Wed,Thu,Fri
10:50:43,124,Navy Pier,,Sat
19:41:43,151,Sheridan,,Sun
08:30:54,151,Sheridan,,Sat
16:06:38,J14,Jeffery Jump,,Mon,Tue,Wed,Thu,Fri
12:26:00,60,Blue Island/26th,,Sat
18:30:43,56,Milwaukee,,Mon,Tue,Wed,Thu,Fri
01:05:04,151,Sheridan,,Mon
11:54:00,60,Blue Island/26th,,Sun
19:08:00,60,Blue Island/26th,,Sat
17:17:24,20,Madison,,Sat
20:30:11,56,Milwaukee,,Sun
16:31:38,J14,Jeffery Jump,,Mon,Tue,Wed,Thu,Fri
16:57:29,151,Sheridan,,Mon,Tue,Wed,Thu,Fri
16:22:29,151,Sheridan,,Mon,Tue,Wed,Thu,Fri
23:45:30,20,Madison,,Sun
14:14:51,J14,Jeffery Jump,,Sun
20:57:25,J14,Jeffery Jump,,Sat
16:34:00,60,Blue Island/26th,,Sat
16:22:30,56,Milwaukee,,Sat
20:09:30,60,Blue Island/26th,,Sun
18:27:00,60,Blue Island/26th,,Mon,Tue,Wed,Thu,Fri
15:28:21,151,Sheridan,,Sat
18:30:22,56,Milwaukee,,Sun
18:48:01,J14,Jeffery Jump,,Mon,Tue,Wed,Thu,Fri
17:13:05,124,Navy Pier,,Sat
03:10:00,60,Blue Island/26th,,Sat
14:02:51,151,Sheridan,,Mon,Tue,Wed,Thu,Fri
22:29:30,20,Madison,,Mon,Tue,Wed,Thu,Fri
09:54:00,60,Blue Island/26th,,Sun
15:49:27,20,Madison,,Sun
17:02:30,J14,Jeffery Jump,,Mon,Tue,Wed,Thu,Fri
07:51:51,J14,Jeffery Jump,,Mon,Tue,Wed,Thu,Fri
00:48:34,151,Sheridan,,Mon
19:48:10,J14,Jeffery Jump,,Sat
14:45:30,60,Blue Island/26th,,Sat
21:11:32,J14,Jeffery Jump,,Mon,Tue,Wed,Thu,Fri
20:04:02,151,Sheridan,,Sat
07:06:39,20,Madison,,Mon,Tue,Wed,Thu,Fri
10:56:22,151,Sheridan,,Sat
17:45:17,157,Streeterville/Taylor,,Mon,Tue,Wed,Thu,Fri
07:46:00,60,Blue Island/26th,,Mon,Tue,Wed,Thu,Fri
08:36:00,60,Blue Island/26th,,Mon,Tue,Wed,Thu,Fri
18:07:27,20,Madison,,Sun
18:14:14,157,Streeterville/Taylor,,Mon,Tue,Wed,Thu,Fri
08:57:00,60,Blue Island/26th,,Sat
20:33:27,20,Madison,,Sat
02:01:00,20,Madison,,Mon
06:39:04,151,Sheridan,,Sat
13:00:32,151,Sheridan,,Sun
17:54:43,151,Sheridan,,Sun
14:33:12,151,Sheridan,,Sun
17:14:22,151,Sheridan,,Sun
06:28:00,20,Madison,,Sat
10:06:42,151,Sheridan,,Mon,Tue,Wed,Thu,Fri
14:00:20,56,Milwaukee,,Sat
13:40:20,20,Madison,,Mon,Tue,Wed,Thu,Fri
00:34:54,151,Sheridan,,Sun
14:24:23,20,Madison,,Sat
12:30:13,151,Sheridan,,Sun
14:44:51,J14,Jeffery Jump,,Sun
12:09:27,20,Madison,,Sun
09:39:26,20,Madison,,Sun
06:15:56,56,Milwaukee,,Sat
03:40:00,20,Madison,,Sat
11:50:51,151,Sheridan,,Mon,Tue,Wed,Thu,Fri
06:19:30,60,Blue Island/26th,,Mon,Tue,Wed,Thu,Fri
21:07:26,157,Streeterville/Taylor,,Mon,Tue,Wed,Thu,Fri
20:15:29,56,Milwaukee,,Sat
06:57:34,151,Sheridan,,Sat
14:49:28,J14,Jeffery Jump,,Sat
12:50:04,56,Milwaukee,,Mon,Tue,Wed,Thu,Fri
06:39:17,56,Milwaukee,,Sat
09:33:30,60,Blue Island/26th,,Mon,Tue,Wed,Thu,Fri
18:34:43,151,Sheridan,,Sun
09:28:23,151,Sheridan,,Sat
10:36:30,60,Blue Island/26th,,Sat
16:41:51,151,Sheridan,,Sat
15:13:30,60,Blue Island/26th,,Sun
14:00:52,124,Navy Pier,,Sun
15:29:26,20,Madison,,Sun
13:21:02,151,Sheridan,,Sun
13:59:27,20,Madison,,Sun
21:08:30,56,Milwaukee,,Mon,Tue,Wed,Thu,Fri
16:11:58,20,Madison,,Mon,Tue,Wed,Thu,Fri
06:55:15,56,Milwaukee,,Mon,Tue,Wed,Thu,Fri
15:38:31,20,Madison,,Mon,Tue,Wed,Thu,Fri
06:40:43,151,Sheridan,,Mon,Tue,Wed,Thu,Fri
21:39:00,20,Madison,,Sat
09:18:24,151,Sheridan,,Sun
20:52:06,J14,Jeffery Jump,,Sun
15:52:30,60,Blue Island/26th,,Sun
01:39:00,60,Blue Island/26th,,Sun
14:38:22,124,Navy Pier,,Sat
21:11:52,56,Milwaukee,,Sat
13:29:52,124,Navy Pier,,Sat
10:28:30,60,Blue Island/26th,,Mon,Tue,Wed,Thu,Fri
19:34:26,56,Milwaukee,,Sat
14:04:51,J14,Jeffery Jump,,Sun
18:06:05,124,Navy Pier,,Sat
20:18:30,60,Blue Island/26th,,Sun
20:47:10,157,Streeterville/Taylor,,Mon,Tue,Wed,Thu,Fri
17:54:43,151,Sheridan,,Sun
14:31:56,157,Streeterville/Taylor,,Mon,Tue,Wed,Thu,Fri
10:44:53,151,Sheridan,,Sun
21:39:00,60,Blue Island/26th,,Mon,Tue,Wed,Thu,Fri
13:04:00,60,Blue Island/26th,,Sun
16:09:51,151,Sheridan,,Sat
23:18:00,20,Madison,,Sun
08:11:11,56,Milwaukee,,Sat
16:44:22,151,Sheridan,,Sun
01:06:30,60,Blue Island/26th,,Tue,Wed,Thu,Fri,Sat
23:30:30,20,Madison,,Sat
17:37:58,20,Madison,,Mon,Tue,Wed,Thu,Fri
18:48:36,J14,Jeffery Jump,,Sat
10:24:00,60,Blue Island/26th,,Sun
16:51:00,60,Blue Island/26th,,Mon,Tue,Wed,Thu,Fri
21:37:33,151,Sheridan,,Mon,Tue,Wed,Thu,Fri
15:04:48,J14,Jeffery Jump,,Sun
10:06:42,151,Sheridan,,Mon,Tue,Wed,Thu,Fri
21:12:03,J14,Jeffery Jump,,Sun
19:08:13,J14,Jeffery Jump,,Sat
11:38:30,60,Blue Island/26th,,Mon,Tue,Wed,Thu,Fri
10:38:49,20,Madison,,Mon,Tue,Wed,Thu,Fri
05:27:47,56,Milwaukee,,Sun
15:20:33,20,Madison,,Mon,Tue,Wed,Thu,Fri
06:29:30,60,Blue Island/26th,,Mon,Tue,Wed,Thu,Fri
22:05:31,20,Madison,,Sat
18:43:26,20,Madison,,Sat
15:20:21,151,Sheridan,,Sat
18:21:29,20,Madison,,Mon,Tue,Wed,Thu,Fri
15:09:24,J14,Jeffery Jump,,Sat
11:28:23,151,Sheridan,,Sun
02:31:00,20,Madison,,Tue,Wed,Thu,Fri,Sat
16:00:00,60,Blue Island/26th,,Mon,Tue,Wed,Thu,Fri
19:47:57,20,Madison,,Mon,Tue,Wed,Thu,Fri
12:28:11,151,Sheridan,,Sat
17:28:54,J14,Jeffery Jump,,Sat
17:43:59,20,Madison,,Mon,Tue,Wed,Thu,Fri
18:39:24,J14,Jeffery Jump,,Mon,Tue,Wed,Thu,Fri
14:44:48,J14,Jeffery Jump,,Sun
19:17:30,60,Blue Island/26th,,Sat
07:46:04,151,Sheridan,,Sat
16:59:30,60,Blue Island/26th,,Mon,Tue,Wed,Thu,Fri
01:15:04,151,Sheridan,,Tue,Wed,Thu,Fri,Sat
17:04:00,60,Blue Island/26th,,Sat
06:44:02,J14,Jeffery Jump,,Mon,Tue,Wed,Thu,Fri
15:53:36,J14,Jeffery Jump,,Sun
23:32:24,151,Sheridan,,Sun
05:26:57,56,Milwaukee,,Sat
14:49:23,124,Navy Pier,,Sun
13:11:31,151,Sheridan,,Sat
00:35:04,151,Sheridan,,Tue,Wed,Thu,Fri,Sat
17:41:00,60,Blue Island/26th,,Sun
21:11:54,56,Milwaukee,,Sat
17:01:30,60,Blue Island/26th,,Sun
20:37:30,60,Blue Island/26th,,Sun
16:56:59,20,Madison,,Mon,Tue,Wed,Thu,Fri
20:57:27,20,Madison,,Sun
13:30:47,56,Milwaukee,,Sat
10:48:42,56,Milwaukee,,Mon,Tue,Wed,Thu,Fri
17:33:10,J14,Jeffery Jump,,Sun
11:39:11,124,Navy Pier,,Mon,Tue,Wed,Thu,Fri
15:12:21,151,Sheridan,,Sat
15:33:36,J14,Jeffery Jump,,Sun
14:18:43,56,Milwaukee,,Sun
11:47:53,151,Sheridan,,Sun
11:58:30,60,Blue Island/26th,,Mon,Tue,Wed,Thu,Fri
07:10:23,151,Sheridan,,Mon,Tue,Wed,Thu,Fri
10:48:36,J14,Jeffery Jump,,Sun
08:50:17,56,Milwaukee,,Mon,Tue,Wed,Thu,Fri
17:04:22,151,Sheridan,,Sun
17:32:16,157,Streeterville/Taylor,,Mon,Tue,Wed,Thu,Fri
21:33:00,60,Blue Island/26th,,Sun
13:41:02,151,Sheridan,,Sun
09:54:00,60,Blue Island/26th,,Sun
16:25:13,56,Milwaukee,,Mon,Tue,Wed,Thu,Fri
16:09:26,20,Madison,,Sun
14:38:30,60,Blue Island/26th,,Mon,Tue,Wed,Thu,Fri
13:54:51,J14,Jeffery Jump,,Sun
20:20:30,60,Blue Island/26th,,Sat
06:51:04,151,Sheridan,,Sun
19:10:20,124,Navy Pier,,Mon,Tue,Wed,Thu,Fri
01:08:04,151,Sheridan,,Sun
09:00:20,J14,Jeffery Jump,,Mon,Tue,Wed,Thu,Fri
05:08:30,20,Madison,,Sun
11:44:26,124,Navy Pier,,Sat
15:13:30,60,Blue Island/26th,,Sun
22:27:19,56,Milwaukee,,Sun
19:06:31,J14,Jeffery Jump,,Mon,Tue,Wed,Thu,Fri
17:07:23,20,Madison,,Sat
10:38:30,60,Blue Island/26th,,Mon,Tue,Wed,Thu,Fri
18:22:48,J14,Jeffery Jump,,Sun
20:12:35,124,Navy Pier,,Mon,Tue,Wed,Thu,Fri
08:05:30,60,Blue Island/26th,,Sun
08:45:20,56,Milwaukee,,Mon,Tue,Wed,Thu,Fri
01:40:00,60,Blue Island/26th,,Tue,Wed,Thu,Fri,Sat
14:49:03,20,Madison,,Mon,Tue,Wed,Thu,Fri
15:35:43,J14,Jeffery Jump,,Mon,Tue,Wed,Thu,Fri
18:03:00,151,Sheridan,,Mon,Tue,Wed,Thu,Fri
20:41:03,124,Navy Pier,,Sat
10:23:56,124,Navy Pier,,Sun
08:50:16,J14,Jeffery Jump,,Mon,Tue,Wed,Thu,Fri
02:35:30,60,Blue Island/26th,,Mon
22:14:30,20,Madison,,Mon,Tue,Wed,Thu,Fri
18:27:00,60,Blue Island/26th,,Mon,Tue,Wed,Thu,Fri
07:21:31,20,Madison,,Sun
17:07:29,151,Sheridan,,Mon,Tue,Wed,Thu,Fri
08:04:54,20,Madison,,Mon,Tue,Wed,Thu,Fri
21:39:00,60,Blue Island/26th,,Mon,Tue,Wed,Thu,Fri
03:01:00,20,Madison,,Mon
17:21:59,20,Madison,,Mon,Tue,Wed,Thu,Fri
14:15:46,J14,Jeffery Jump,,Mon,Tue,Wed,Thu,Fri
16:44:13,56,Milwaukee,,Mon,Tue,Wed,Thu,Fri
21:35:13,151,Sheridan,,Sun
14:53:30,60,Blue Island/26th,,Sun
19:13:26,20,Madison,,Sat
19:10:00,60,Blue Island/26th,,Sun
18:29:58,20,Madison,,Mon,Tue,Wed,Thu,Fri
18:48:52,56,Milwaukee,,Sun
23:29:30,20,Madison,,Mon,Tue,Wed,Thu,Fri
16:42:29,151,Sheridan,,Mon,Tue,Wed,Thu,Fri
20:29:30,60,Blue Island/26th,,Sat
13:23:30,60,Blue Island/26th,,Sun
16:13:38,J14,Jeffery Jump,,Mon,Tue,Wed,Thu,Fri
10:04:03,124,Navy Pier,,Sat
10:39:26,20,Madison,,Sun
07:36:32,151,Sheridan,,Mon,Tue,Wed,Thu,Fri
17:06:32,157,Streeterville/Taylor,,Mon,Tue,Wed,Thu,Fri
12:34:00,60,Blue Island/26th,,Sun
05:58:30,60,Blue Island/26th,,Sun
18:34:43,151,Sheridan,,Sun
19:23:27,20,Madison,,Sat
22:34:13,151,Sheridan,,Sun
13:27:21,151,Sheridan,,Mon,Tue,Wed,Thu,Fri
09:29:50,56,Milwaukee,,Mon,Tue,Wed,Thu,Fri
19:28:10,J14,Jeffery Jump,,Sat
04:40:00,20,Madison,,Sun
15:39:52,124,Navy Pier,,Sun
09:07:23,151,Sheridan,,Sat
02:01:00,20,Madison,,Tue,Wed,Thu,Fri,Sat
07:41:51,J14,Jeffery Jump,,Mon,Tue,Wed,Thu,Fri
15:23:30,60,Blue Island/26th,,Sun
19:58:10,J14,Jeffery Jump,,Sat
11:12:52,151,Sheridan,,Sat
12:48:30,60,Blue Island/26th,,Mon,Tue,Wed,Thu,Fri
19:23:26,20,Madison,,Sat
00:40:00,60,Blue Island/26th,,Tue,Wed,Thu,Fri,Sat
18:44:22,151,Sheridan,,Sat
01:40:00,20,Madison,,Tue,Wed,Thu,Fri,Sat
24:16:00,20,Madison,,Sat
06:44:13,56,Milwaukee,,Mon,Tue,Wed,Thu,Fri
03:05:00,60,Blue Island/26th,,Tue,Wed,Thu,Fri,Sat
08:20:11,J14,Jeffery Jump,,Sun
14:04:20,20,Madison,,Mon,Tue,Wed,Thu,Fri
19:06:30,56,Milwaukee,,Sun
14:24:52,124,Navy Pier,,Sun
18:24:31,151,Sheridan,,Mon,Tue,Wed,Thu,Fri
04:35:00,60,Blue Island/26th,,Sat
12:05:50,J14,Jeffery Jump,,Mon,Tue,Wed,Thu,Fri
10:47:52,151,Sheridan,,Sat
13:26:26,157,Streeterville/Taylor,,Mon,Tue,Wed,Thu,Fri
14:03:30,60,Blue Island/26th,,Sun
02:31:00,20,Madison,,Sun
15:09:27,20,Madison,,Sun
00:29:34,151,Sheridan,,Mon
18:18:54,J14,Jeffery Jump,,Sat
15:48:58,J14,Jeffery Jump,,Sat
17:07:00,J14,Jeffery Jump,,Mon,Tue,Wed,Thu,Fri
21:25:47,124,Navy Pier,,Mon,Tue,Wed,Thu,Fri
07:47:52,151,Sheridan,,Mon,Tue,Wed,Thu,Fri
04:40:00,20,Madison,,Sat
13:21:02,151,Sheridan,,Sun
19:14:02,151,Sheridan,,Mon,Tue,Wed,Thu,Fri
20:11:30,60,Blue Island/26th,,Sat
22:20:31,20,Madison,,Sat
13:33:30,60,Blue Island/26th,,Sun
14:24:48,J14,Jeffery Jump,,Sun
14:51:24,20,Madison,,Sat
22:20:00,60,Blue Island/26th,,Sun
07:54:52,20,Madison,,Mon,Tue,Wed,Thu,Fri
01:06:30,60,Blue Island/26th,,Mon
11:23:18,J14,Jeffery Jump,,Sat
21:01:03,151,Sheridan,,Sat
14:42:04,20,Madison,,Mon,Tue,Wed,Thu,Fri
21:20:00,60,Blue Island/26th,,Mon,Tue,Wed,Thu,Fri
16:39:40,157,Streeterville/Taylor,,Mon,Tue,Wed,Thu,Fri
08:49:26,20,Madison,,Sun
11:48:20,20,Madison,,Mon,Tue,Wed,Thu,Fri
10:30:13,151,Sheridan,,Sat
12:16:55,56,Milwaukee,,Mon,Tue,Wed,Thu,Fri
11:09:52,124,Navy Pier,,Sat
09:16:32,151,Sheridan,,Mon,Tue,Wed,Thu,Fri
05:39:56,J14,Jeffery Jump,,Mon,Tue,Wed,Thu,Fri
02:31:00,20,Madison,,Tue,Wed,Thu,Fri,Sat
11:42:36,J14,Jeffery Jump,,Sat
09:09:56,56,Milwaukee,,Mon,Tue,Wed,Thu,Fri
18:23:00,60,Blue Island/26th,,Sat
07:21:30,20,Madison,,Sun
08:17:30,60,Blue Island/26th,,Sat
13:44:51,J14,Jeffery Jump,,Sun
21:41:32,J14,Jeffery Jump,,Mon,Tue,Wed,Thu,Fri
08:40:11,J14,Jeffery Jump,,Sun
19:13:27,20,Madison,,Sat
17:32:28,20,Madison,,Mon,Tue,Wed,Thu,Fri
10:42:54,56,Milwaukee,,Sun
13:37:01,151,Sheridan,,Sat
19:47:27,20,Madison,,Sun
19:44:00,60,Blue Island/26th,,Sat
15:09:24,20,Madison,,Sat
15:14:40,J14,Jeffery Jump,,Sun
10:48:39,56,Milwaukee,,Mon,Tue,Wed,Thu,Fri
06:09:44,151,Sheridan,,Sun
20:18:03,124,Navy Pier,,Sat
07:29:30,20,Madison,,Sat
05:31:26,J14,Jeffery Jump,,Mon,Tue,Wed,Thu,Fri
07:09:50,157,Streeterville/Taylor,,Mon,Tue,Wed,Thu,Fri
10:10:27,20,Madison,,Sat
20:17:39,124,Navy Pier,,Sat
06:10:31,20,Madison,,Sat
18:14:43,151,Sheridan,,Sun
04:10:00,60,Blue Island/26th,,Mon,Tue,Wed,Thu,Fri
03:01:00,20,Madison,,Tue,Wed,Thu,Fri,Sat
12:45:46,J14,Jeffery Jump,,Mon,Tue,Wed,Thu,Fri
11:36:05,124,Navy Pier,,Sun
20:28:10,J14,Jeffery Jump,,Sat
06:29:08,20,Madison,,Mon,Tue,Wed,Thu,Fri
08:19:54,20,Madison,,Mon,Tue,Wed,Thu,Fri
17:07:05,J14,Jeffery Jump,,Mon,Tue,Wed,Thu,Fri
22:04:00,60,Blue Island/26th,,Sat
08:04:56,157,Streeterville/Taylor,,Mon,Tue,Wed,Thu,Fri
13:51:02,151,Sheridan,,Sun
16:30:52,124,Navy Pier,,Sun
11:24:00,60,Blue Island/26th,,Sun
07:25:00,60,Blue Island/26th,,Sun
05:31:29,J14,Jeffery Jump,,Mon,Tue,Wed,Thu,Fri
01:10:00,60,Blue Island/26th,,Mon
16:03:36,J14,Jeffery Jump,,Sun
13:25:50,J14,Jeffery Jump,,Mon,Tue,Wed,Thu,Fri
05:51:04,151,Sheridan,,Mon,Tue,Wed,Thu,Fri
07:19:30,60,Blue Island/26th,,Sat
16:14:30,60,Blue Island/26th,,Sat
12:59:54,J14,Jeffery Jump,,Sat
18:30:45,56,Milwaukee,,Mon,Tue,Wed,Thu,Fri
15:14:33,20,Madison,,Mon,Tue,Wed,Thu,Fri
14:01:45,56,Milwaukee,,Sun
12:26:00,60,Blue Island/26th,,Sat
15:27:00,60,Blue Island/26th,,Mon,Tue,Wed,Thu,Fri
20:15:00,60,Blue Island/26th,,Mon,Tue,Wed,Thu,Fri
14:25:30,60,Blue Island/26th,,Sat
18:35:42,151,Sheridan,,Sat
05:51:30,20,Madison,,Sat
12:45:29,56,Milwaukee,,Sat
15:03:17,56,Milwaukee,,Sat
21:23:30,60,Blue Island/26th,,Sun
18:16:20,56,Milwaukee,,Mon,Tue,Wed,Thu,Fri
14:00:10,157,Streeterville/Taylor,,Mon,Tue,Wed,Thu,Fri
11:34:00,60,Blue Island/26th,,Sun
18:21:43,J14,Jeffery Jump,,Mon,Tue,Wed,Thu,Fri
15:59:27,20,Madison,,Sun
21:20:00,60,Blue Island/26th,,Mon,Tue,Wed,Thu,Fri
17:52:40,151,Sheridan,,Mon,Tue,Wed,Thu,Fri
06:32:15,56,Milwaukee,,Mon,Tue,Wed,Thu,Fri
11:11:45,56,Milwaukee,,Sat
07:14:30,20,Madison,,Sat
19:07:13,151,Sheridan,,Sun
23:43:00,60,Blue Island/26th,,Sat
20:17:26,20,Madison,,Sun
22:35:31,20,Madison,,Sun
09:52:21,124,Navy Pier,,Mon,Tue,Wed,Thu,Fri
19:20:00,60,Blue Island/26th,,Sun
01:36:00,60,Blue Island/26th,,Mon
10:19:06,J14,Jeffery Jump,,Sun
17:50:13,56,Milwaukee,,Mon,Tue,Wed,Thu,Fri
14:23:22,151,Sheridan,,Sun
24:01:00,20,Madison,,Sun
23:01:00,60,Blue Island/26th,,Sun
09:49:26,20,Madison,,Sun
04:31:00,20,Madison,,Sat
09:55:24,56,Milwaukee,,Sat
10:28:42,151,Sheridan,,Mon,Tue,Wed,Thu,Fri
19:27:26,157,Streeterville/Taylor,,Mon,Tue,Wed,Thu,Fri
11:29:42,151,Sheridan,,Sat
02:35:00,60,Blue Island/26th,,Tue,Wed,Thu,Fri,Sat
15:32:30,60,Blue Island/26th,,Sun
08:01:44,J14,Jeffery Jump,,Sat
18:13:51,151,Sheridan,,Mon,Tue,Wed,Thu,Fri
12:28:19,20,Madison,,Mon,Tue,Wed,Thu,Fri
05:29:00,60,Blue Island/26th,,Mon,Tue,Wed,Thu,Fri
03:01:00,20,Madison,,Sun
06:28:01,20,Madison,,Sat
18:35:20,124,Navy Pier,,Mon,Tue,Wed,Thu,Fri
18:40:30,60,Blue Island/26th,,Sat
17:17:22,56,Milwaukee,,Sun
03:10:00,20,Madison,,Sun
16:43:13,J14,Jeffery Jump,,Sun
15:24:10,J14,Jeffery Jump,,Sun
13:11:02,151,Sheridan,,Sun
11:59:52,56,Milwaukee,,Mon,Tue,Wed,Thu,Fri
19:50:00,60,Blue Island/26th,,Sun
05:49:09,20,Madison,,Mon,Tue,Wed,Thu,Fri
19:18:45,56,Milwaukee,,Mon,Tue,Wed,Thu,Fri
06:03:30,60,Blue Island/26th,,Sat
18:45:03,20,Madison,,Mon,Tue,Wed,Thu,Fri
21:41:30,60,Blue Island/26th,,Sun
06:52:20,157,Streeterville/Taylor,,Mon,Tue,Wed,Thu,Fri
21:02:03,J14,Jeffery Jump,,Sun
18:29:59,20,Madison,,Mon,Tue,Wed,Thu,Fri
09:39:03,J14,Jeffery Jump,,Sun
16:54:13,56,Milwaukee,,Mon,Tue,Wed,Thu,Fri
20:05:22,151,Sheridan,,Mon,Tue,Wed,Thu,Fri
17:22:52,124,Navy Pier,,Sun
13:55:30,60,Blue Island/26th,,Sat
13:29:28,J14,Jeffery Jump,,Sat
13:15:50,J14,Jeffery Jump,,Mon,Tue,Wed,Thu,Fri
09:33:30,60,Blue Island/26th,,Mon,Tue,Wed,Thu,Fri
10:32:53,151,Sheridan,,Sun
21:45:33,151,Sheridan,,Sat
20:23:13,151,Sheridan,,Sat
11:50:51,151,Sheridan,,Mon,Tue,Wed,Thu,Fri
23:20:30,60,Blue Island/26th,,Sat
05:50:00,60,Blue Island/26th,,Mon,Tue,Wed,Thu,Fri
10:18:49,20,Madison,,Mon,Tue,Wed,Thu,Fri
11:26:41,151,Sheridan,,Mon,Tue,Wed,Thu,Fri
01:10:00,20,Madison,,Sun
15:15:02,151,Sheridan,,Sun
12:18:30,60,Blue Island/26th,,Mon,Tue,Wed,Thu,Fri
11:44:00,60,Blue Island/26th,,Sun
19:35:30,60,Blue Island/26th,,Sat
07:39:00,60,Blue Island/26th,,Mon,Tue,Wed,Thu,Fri
05:50:30,20,Madison,,Sun
21:07:27,20,Madison,,Sun
13:56:19,20,Madison,,Mon,Tue,Wed,Thu,Fri
09:11:32,157,Streeterville/Taylor,,Mon,Tue,Wed,Thu,Fri
23:13:24,151,Sheridan,,Sun
05:35:04,151,Sheridan,,Sat
15:32:31,20,Madison,,Mon,Tue,Wed,Thu,Fri
02:40:00,20,Madison,,Tue,Wed,Thu,Fri,Sat
21:12:06,J14,Jeffery Jump,,Sun
12:18:20,20,Madison,,Mon,Tue,Wed,Thu,Fri
22:21:36,J14,Jeffery Jump,,Sat
11:18:30,60,Blue Island/26th,,Mon,Tue,Wed,Thu,Fri
19:57:26,124,Navy Pier,,Sat
16:46:58,20,Madison,,Mon,Tue,Wed,Thu,Fri
06:29:30,60,Blue Island/26th,,Mon,Tue,Wed,Thu,Fri
08:07:00,60,Blue Island/26th,,Mon,Tue,Wed,Thu,Fri
06:55:13,56,Milwaukee,,Mon,Tue,Wed,Thu,Fri
17:56:45,J14,Jeffery Jump,,Mon,Tue,Wed,Thu,Fri
19:59:33,124,Navy Pier,,Sun
10:28:42,151,Sheridan,,Mon,Tue,Wed,Thu,Fri
13:28:31,151,Sheridan,,Sat
12:45:50,20,Madison,,Mon,Tue,Wed,Thu,Fri
16:19:26,20,Madison,,Sun
13:30:23,20,Madison,,Sat
05:28:30,20,Madison,,Sat
08:20:30,60,Blue Island/26th,,Mon,Tue,Wed,Thu,Fri
09:13:13,124,Navy Pier,,Sat
23:20:06,J14,Jeffery Jump,,Mon,Tue,Wed,Thu,Fri
15:45:23,20,Madison,,Sat
13:05:30,60,Blue Island/26th,,Sat
14:25:30,60,Blue Island/26th,,Sat
08:38:20,56,Milwaukee,,Mon,Tue,Wed,Thu,Fri
11:08:30,60,Blue Island/26th,,Mon,Tue,Wed,Thu,Fri
13:48:20,20,Madison,,Mon,Tue,Wed,Thu,Fri
02:10:00,20,Madison,,Tue,Wed,Thu,Fri,Sat
18:13:00,J14,Jeffery Jump,,Mon,Tue,Wed,Thu,Fri
10:48:30,60,Blue Island/26th,,Mon,Tue,Wed,Thu,Fri
17:19:27,20,Madison,,Sun
11:20:24,20,Madison,,Sat
13:59:24,J14,Jeffery Jump,,Sat
06:34:20,157,Streeterville/Taylor,,Mon,Tue,Wed,Thu,Fri
17:15:30,60,Blue Island/26th,,Mon,Tue,Wed,Thu,Fri
18:35:25,20,Madison,,Sat
12:24:00,60,Blue Island/26th,,Sun
15:19:43,J14,Jeffery Jump,,Mon,Tue,Wed,Thu,Fri
10:43:25,J14,Jeffery Jump,,Sat
12:15:56,56,Milwaukee,,Sat
21:50:17,124,Navy Pier,,Mon,Tue,Wed,Thu,Fri
08:49:27,20,Madison,,Sun
07:26:19,56,Milwaukee,,Sat
00:46:00,20,Madison,,Mon
16:39:00,56,Milwaukee,,Sat
08:54:52,20,Madison,,Mon,Tue,Wed,Thu,Fri
19:02:15,56,Milwaukee,,Mon,Tue,Wed,Thu,Fri
11:38:12,151,Sheridan,,Sat
21:17:28,J14,Jeffery Jump,,Sat
18:34:46,124,Navy Pier,,Mon,Tue,Wed,Thu,Fri
05:21:29,J14,Jeffery Jump,,Mon,Tue,Wed,Thu,Fri
14:28:20,20,Madison,,Mon,Tue,Wed,Thu,Fri
09:58:47,J14,Jeffery Jump,,Mon,Tue,Wed,Thu,Fri
13:47:22,124,Navy Pier,,Sat
11:18:30,60,Blue Island/26th,,Mon,Tue,Wed,Thu,Fri
04:31:00,20,Madison,,Mon,Tue,Wed,Thu,Fri
02:40:00,60,Blue Island/26th,,Tue,Wed,Thu,Fri,Sat
10:57:09,J14,Jeffery Jump,,Mon,Tue,Wed,Thu,Fri
12:09:54,J14,Jeffery Jump,,Sat
13:48:19,20,Madison,,Mon,Tue,Wed,Thu,Fri
14:59:27,20,Madison,,Sun
15:33:32,J14,Jeffery Jump,,Sun
08:30:11,J14,Jeffery Jump,,Sun
14:24:51,151,Sheridan,,Sat
13:39:26,20,Madison,,Sun
17:42:05,J14,Jeffery Jump,,Mon,Tue,Wed,Thu,Fri
17:16:29,20,Madison,,Mon,Tue,Wed,Thu,Fri
14:24:51,151,Sheridan,,Sat
21:22:11,J14,Jeffery Jump,,Sun
06:39:08,20,Madison,,Mon,Tue,Wed,Thu,Fri
20:07:26,20,Madison,,Sun
05:50:31,20,Madison,,Sun
16:20:56,124,Navy Pier,,Sat
16:55:56,124,Navy Pier,,Sat
16:34:00,60,Blue Island/26th,,Sat
22:35:54,56,Milwaukee,,Sat
14:00:17,56,Milwaukee,,Sat
11:51:02,J14,Jeffery Jump,,Sat
06:34:40,J14,Jeffery Jump,,Mon,Tue,Wed,Thu,Fri
10:39:32,151,Sheridan,,Sat
05:02:47,56,Milwaukee,,Sun
17:05:41,151,Sheridan,,Sat
19:27:10,157,Streeterville/Taylor,,Mon,Tue,Wed,Thu,Fri
21:53:36,J14,Jeffery Jump,,Mon,Tue,Wed,Thu,Fri
19:06:32,56,Milwaukee,,Sun
14:50:51,151,Sheridan,,Mon,Tue,Wed,Thu,Fri
12:38:30,60,Blue Island/26th,,Mon,Tue,Wed,Thu,Fri
14:35:30,60,Blue Island/26th,,Sat
07:21:47,J14,Jeffery Jump,,Mon,Tue,Wed,Thu,Fri
17:41:00,60,Blue Island/26th,,Sun
10:38:36,J14,Jeffery Jump,,Sun
15:43:00,60,Blue Island/26th,,Mon,Tue,Wed,Thu,Fri
16:37:38,J14,Jeffery Jump,,Mon,Tue,Wed,Thu,Fri
12:38:20,20,Madison,,Mon,Tue,Wed,Thu,Fri
10:24:22,124,Navy Pier,,Sun
07:14:34,151,Sheridan,,Sat
07:38:58,20,Madison,,Mon,Tue,Wed,Thu,Fri
17:21:30,60,Blue Island/26th,,Sun
05:57:24,151,Sheridan,,Sat
13:45:30,60,Blue Island/26th,,Sat
15:02:51,151,Sheridan,,Mon,Tue,Wed,Thu,Fri
15:28:56,56,Milwaukee,,Mon,Tue,Wed,Thu,Fri
06:59:09,20,Madison,,Mon,Tue,Wed,Thu,Fri
10:19:00,60,Blue Island/26th,,Mon,Tue,Wed,Thu,Fri
17:36:39,151,Sheridan,,Mon,Tue,Wed,Thu,Fri
14:14:51,151,Sheridan,,Mon,Tue,Wed,Thu,Fri
09:44:42,151,Sheridan,,Mon,Tue,Wed,Thu,Fri
08:57:00,60,Blue Island/26th,,Sat
11:56:24,56,Milwaukee,,Sun
12:19:54,J14,Jeffery Jump,,Sat
17:49:07,J14,Jeffery Jump,,Mon,Tue,Wed,Thu,Fri
14:08:51,151,Sheridan,,Sat
07:32:07,56,Milwaukee,,Mon,Tue,Wed,Thu,Fri
10:44:00,60,Blue Island/26th,,Sun
17:58:54,J14,Jeffery Jump,,Sat
00:53:30,20,Madison,,Tue,Wed,Thu,Fri,Sat
04:31:00,20,Madison,,Sun
12:07:11,124,Navy Pier,,Mon,Tue,Wed,Thu,Fri
14:20:26,124,Navy Pier,,Sat
00:35:04,151,Sheridan,,Tue,Wed,Thu,Fri,Sat
10:28:49,20,Madison,,Mon,Tue,Wed,Thu,Fri
22:07:33,151,Sheridan,,Mon,Tue,Wed,Thu,Fri
14:51:41,124,Navy Pier,,Mon,Tue,Wed,Thu,Fri
14:48:30,60,Blue Island/26th,,Mon,Tue,Wed,Thu,Fri
18:49:21,151,Sheridan,,Mon,Tue,Wed,Thu,Fri
21:21:59,20,Madison,,Sat
23:40:00,60,Blue Island/26th,,Mon,Tue,Wed,Thu,Fri
21:15:09,56,Milwaukee,,Sun
07:32:14,151,Sheridan,,Sun
18:17:00,60,Blue Island/26th,,Sun
16:04:55,56,Milwaukee,,Mon,Tue,Wed,Thu,Fri
12:15:43,56,Milwaukee,,Sun
16:31:30,60,Blue Island/26th,,Sun
15:51:30,60,Blue Island/26th,,Mon,Tue,Wed,Thu,Fri
19:02:51,J14,Jeffery Jump,,Sun
13:56:51,124,Navy Pier,,Mon,Tue,Wed,Thu,Fri
08:54:30,60,Blue Island/26th,,Sun
00:39:30,60,Blue Island/26th,,Sun
11:54:42,151,Sheridan,,Sat
11:38:36,J14,Jeffery Jump,,Sun
08:18:51,151,Sheridan,,Mon,Tue,Wed,Thu,Fri
03:40:00,60,Blue Island/26th,,Mon,Tue,Wed,Thu,Fri
03:31:00,20,Madison,,Tue,Wed,Thu,Fri,Sat
07:51:47,J14,Jeffery Jump,,Mon,Tue,Wed,Thu,Fri
08:46:44,J14,Jeffery Jump,,Sat
14:20:50,20,Madison,,Mon,Tue,Wed,Thu,Fri
07:39:00,60,Blue Island/26th,,Mon,Tue,Wed,Thu,Fri
14:54:48,J14,Jeffery Jump,,Sun
05:59:21,J14,Jeffery Jump,,Mon,Tue,Wed,Thu,Fri
12:39:21,151,Sheridan,,Mon,Tue,Wed,Thu,Fri
16:57:24,20,Madison,,Sat
11:50:23,20,Madison,,Sat
23:43:00,60,Blue Island/26th,,Sat
20:21:02,151,Sheridan,,Mon,Tue,Wed,Thu,Fri
16:14:30,60,Blue Island/26th,,Sat
13:45:21,151,Sheridan,,Sat
14:40:21,151,Sheridan,,Sat
06:26:55,J14,Jeffery Jump,,Mon,Tue,Wed,Thu,Fri
09:37:00,60,Blue Island/26th,,Sat
13:09:26,20,Madison,,Sun
15:07:45,56,Milwaukee,,Sun
13:03:21,151,Sheridan,,Mon,Tue,Wed,Thu,Fri
01:36:00,60,Blue Island/26th,,Mon
14:15:30,60,Blue Island/26th,,Sat
09:50:26,20,Madison,,Sat
19:18:13,151,Sheridan,,Sun
11:35:46,J14,Jeffery Jump,,Mon,Tue,Wed,Thu,Fri
17:21:39,151,Sheridan,,Mon,Tue,Wed,Thu,Fri
00:36:30,60,Blue Island/26th,,Mon
14:33:30,60,Blue Island/26th,,Sun
15:32:30,20,Madison,,Mon,Tue,Wed,Thu,Fri
06:30:04,151,Sheridan,,Sun
16:12:02,157,Streeterville/Taylor,,Mon,Tue,Wed,Thu,Fri
14:32:51,151,Sheridan,,Sat
17:37:43,56,Milwaukee,,Mon,Tue,Wed,Thu,Fri
21:14:00,60,Blue Island/26th,,Sun
04:06:00,60,Blue Island/26th,,Mon,Tue,Wed,Thu,Fri
15:08:33,20,Madison,,Mon,Tue,Wed,Thu,Fri
20:43:26,20,Madison,,Sat
11:59:50,56,Milwaukee,,Sat
18:49:21,151,Sheridan,,Mon,Tue,Wed,Thu,Fri
12:36:48,157,Streeterville/Taylor,,Mon,Tue,Wed,Thu,Fri
15:51:30,60,Blue Island/26th,,Mon,Tue,Wed,Thu,Fri
10:29:03,J14,Jeffery Jump,,Sun
14:00:23,124,Navy Pier,,Sun
16:30:23,124,Navy Pier,,Sun
09:39:36,J14,Jeffery Jump,,Mon,Tue,Wed,Thu,Fri
13:15:10,J14,Jeffery Jump,,Sun
02:05:00,60,Blue Island/26th,,Tue,Wed,Thu,Fri,Sat
07:41:47,J14,Jeffery Jump,,Mon,Tue,Wed,Thu,Fri
13:44:15,56,Milwaukee,,Sun
16:43:30,J14,Jeffery Jump,,Mon,Tue,Wed,Thu,Fri
17:57:27,20,Madison,,Sun
01:31:00,20,Madison,,Mon
19:44:22,151,Sheridan,,Sat
17:04:17,56,Milwaukee,,Mon,Tue,Wed,Thu,Fri
04:10:00,60,Blue Island/26th,,Sun
13:12:52,124,Navy Pier,,Sun
14:31:40,157,Streeterville/Taylor,,Mon,Tue,Wed,Thu,Fri
01:41:04,151,Sheridan,,Sun
18:43:27,20,Madison,,Sat
05:29:14,151,Sheridan,,Mon,Tue,Wed,Thu,Fri
13:53:30,60,Blue Island/26th,,Sun
19:48:13,J14,Jeffery Jump,,Sat
16:26:59,20,Madison,,Mon,Tue,Wed,Thu,Fri
06:24:24,151,Sheridan,,Mon,Tue,Wed,Thu,Fri
22:38:30,60,Blue Island/26th,,Mon,Tue,Wed,Thu,Fri
01:39:00,60,Blue Island/26th,,Sun
19:00:30,60,Blue Island/26th,,Sun
12:02:32,151,Sheridan,,Sat
08:47:00,124,Navy Pier,,Sun
09:24:28,J14,Jeffery Jump,,Sat
11:48:36,J14,Jeffery Jump,,Sun
19:24:22,151,Sheridan,,Sat
13:16:20,20,Madison,,Mon,Tue,Wed,Thu,Fri
05:51:31,20,Madison,,Sat
02:05:30,60,Blue Island/26th,,Mon
21:30:00,60,Blue Island/26th,,Mon,Tue,Wed,Thu,Fri
07:44:26,20,Madison,,Mon,Tue,Wed,Thu,Fri
06:07:44,J14,Jeffery Jump,,Mon,Tue,Wed,Thu,Fri
10:52:15,56,Milwaukee,,Sat
23:20:03,J14,Jeffery Jump,,Mon,Tue,Wed,Thu,Fri
17:24:00,60,Blue Island/26th,,Mon,Tue,Wed,Thu,Fri
04:47:48,20,Madison,,Mon,Tue,Wed,Thu,Fri
21:22:14,J14,Jeffery Jump,,Sun
18:06:32,124,Navy Pier,,Sat
23:46:54,151,Sheridan,,Sat
12:50:32,151,Sheridan,,Sun
16:49:31,151,Sheridan,,Sat
13:12:22,124,Navy Pier,,Sat
21:03:26,20,Madison,,Sat
02:31:00,20,Madison,,Mon
23:29:31,20,Madison,,Mon,Tue,Wed,Thu,Fri
16:04:30,60,Blue Island/26th,,Sat
17:48:54,J14,Jeffery Jump,,Sat
21:01:32,J14,Jeffery Jump,,Mon,Tue,Wed,Thu,Fri
02:10:00,20,Madison,,Mon
05:49:08,20,Madison,,Mon,Tue,Wed,Thu,Fri
22:53:54,151,Sheridan,,Sun
19:18:13,J14,Jeffery Jump,,Sat
01:31:00,20,Madison,,Mon
10:14:00,60,Blue Island/26th,,Sun
15:29:52,124,Navy Pier,,Sat
07:46:04,151,Sheridan,,Sat
12:15:46,J14,Jeffery Jump,,Mon,Tue,Wed,Thu,Fri
17:03:13,J14,Jeffery Jump,,Sun
07:19:00,60,Blue Island/26th,,Mon,Tue,Wed,Thu,Fri
18:18:49,124,Navy Pier,,Mon,Tue,Wed,Thu,Fri
16:48:58,J14,Jeffery Jump,,Sat
18:17:23,20,Madison,,Sat
10:15:20,56,Milwaukee,,Mon,Tue,Wed,Thu,Fri
10:13:28,J14,Jeffery Jump,,Sat
03:36:00,60,Blue Island/26th,,Tue,Wed,Thu,Fri,Sat
18:18:00,60,Blue Island/26th,,Mon,Tue,Wed,Thu,Fri
22:10:44,J14,Jeffery Jump,,Sun
09:42:00,60,Blue Island/26th,,Mon,Tue,Wed,Thu,Fri
08:47:41,151,Sheridan,,Mon,Tue,Wed,Thu,Fri
10:09:26,20,Madison,,Sun
14:08:51,151,Sheridan,,Sat
00:36:30,60,Blue Island/26th,,Mon
08:14:52,20,Madison,,Mon,Tue,Wed,Thu,Fri
20:36:47,124,Navy Pier,,Mon,Tue,Wed,Thu,Fri
04:40:00,60,Blue Island/26th,,Sun
17:24:22,151,Sheridan,,Sun
19:29:43,151,Sheridan,,Sun
21:31:32,J14,Jeffery Jump,,Mon,Tue,Wed,Thu,Fri
19:42:54,J14,Jeffery Jump,,Mon,Tue,Wed,Thu,Fri
07:48:17,56,Milwaukee,,Sat
11:28:49,20,Madison,,Mon,Tue,Wed,Thu,Fri
18:22:51,J14,Jeffery Jump,,Sun
09:32:37,124,Navy Pier,,Mon,Tue,Wed,Thu,Fri
21:26:13,124,Navy Pier,,Mon,Tue,Wed,Thu,Fri
19:38:13,J14,Jeffery Jump,,Sat
11:01:00,56,Milwaukee,,Sun
16:03:24,20,Madison,,Sat
08:57:11,151,Sheridan,,Mon,Tue,Wed,Thu,Fri
24:16:00,20,Madison,,Sat
23:13:24,151,Sheridan,,Sun
13:49:24,J14,Jeffery Jump,,Sat
09:10:14,J14,Jeffery Jump,,Sun
00:20:00,60,Blue Island/26th,,Mon
09:17:53,151,Sheridan,,Sat
19:03:30,60,Blue Island/26th,,Mon,Tue,Wed,Thu,Fri
17:47:23,20,Madison,,Sat
04:01:00,20,Madison,,Sun
13:46:56,124,Navy Pier,,Sat
12:15:21,151,Sheridan,,Mon,Tue,Wed,Thu,Fri
21:30:00,60,Blue Island/26th,,Mon,Tue,Wed,Thu,Fri
06:48:00,20,Madison,,Sun
21:16:13,151,Sheridan,,Sun
12:52:26,157,Streeterville/Taylor,,Mon,Tue,Wed,Thu,Fri
19:26:30,60,Blue Island/26th,,Sat
17:57:30,60,Blue Island/26th,,Sun
09:35:23,124,Navy Pier,,Sun
03:40:00,60,Blue Island/26th,,Sat
17:31:29,151,Sheridan,,Mon,Tue,Wed,Thu,Fri
11:28:30,60,Blue Island/26th,,Mon,Tue,Wed,Thu,Fri
14:39:24,J14,Jeffery Jump,,Sat
09:07:00,60,Blue Island/26th,,Sat
19:50:12,151,Sheridan,,Mon,Tue,Wed,Thu,Fri
19:42:48,J14,Jeffery Jump,,Sun
13:16:47,56,Milwaukee,,Sat
19:57:27,20,Madison,,Sun
07:19:30,60,Blue Island/26th,,Sat
14:04:52,124,Navy Pier,,Sat
20:35:34,56,Milwaukee,,Sat
17:21:30,60,Blue Island/26th,,Sun
19:52:28,J14,Jeffery Jump,,Mon,Tue,Wed,Thu,Fri
18:25:00,60,Blue Island/26th,,Sun
19:27:26,20,Madison,,Sun
11:40:23,20,Madison,,Sat
14:43:30,60,Blue Island/26th,,Sun
12:28:11,151,Sheridan,,Sat
06:30:04,151,Sheridan,,Sun
09:16:32,151,Sheridan,,Mon,Tue,Wed,Thu,Fri
12:54:24,20,Madison,,Sat
15:27:24,20,Madison,,Sat
03:09:00,60,Blue Island/26th,,Sun
08:58:30,60,Blue Island/26th,,Mon,Tue,Wed,Thu,Fri
00:17:54,151,Sheridan,,Sun
18:45:30,60,Blue Island/26th,,Mon,Tue,Wed,Thu,Fri
04:05:30,60,Blue Island/26th,,Sun
16:33:36,J14,Jeffery Jump,,Sun
10:10:26,20,Madison,,Sat
04:33:00,60,Blue Island/26th,,Sun
04:40:00,60,Blue Island/26th,,Mon,Tue,Wed,Thu,Fri
08:17:04,151,Sheridan,,Sat
21:17:27,20,Madison,,Mon,Tue,Wed,Thu,Fri
16:23:36,J14,Jeffery Jump,,Sun
22:50:28,J14,Jeffery Jump,,Mon,Tue,Wed,Thu,Fri
08:30:16,J14,Jeffery Jump,,Mon,Tue,Wed,Thu,Fri
11:44:00,60,Blue Island/26th,,Sun
08:56:33,J14,Jeffery Jump,,Sat
17:13:10,J14,Jeffery Jump,,Sun
07:14:09,20,Madison,,Mon,Tue,Wed,Thu,Fri
05:39:30,60,Blue Island/26th,,Mon,Tue,Wed,Thu,Fri
13:19:24,J14,Jeffery Jump,,Sat
17:26:58,20,Madison,,Mon,Tue,Wed,Thu,Fri
13:02:20,56,Milwaukee,,Sat
18:14:43,151,Sheridan,,Sun
21:35:00,60,Blue Island/26th,,Sat
08:17:30,60,Blue Island/26th,,Sat
09:14:30,60,Blue Island/26th,,Sun
16:43:31,124,Navy Pier,,Mon,Tue,Wed,Thu,Fri
08:45:26,56,Milwaukee,,Mon,Tue,Wed,Thu,Fri
06:10:00,20,Madison,,Sun
19:54:59,56,Milwaukee,,Sat
09:39:31,J14,Jeffery Jump,,Mon,Tue,Wed,Thu,Fri
05:09:18,20,Madison,,Mon,Tue,Wed,Thu,Fri
06:29:01,20,Madison,,Sun
21:52:33,151,Sheridan,,Mon,Tue,Wed,Thu,Fri
20:40:13,151,Sheridan,,Sun
11:11:43,56,Milwaukee,,Sat
05:18:30,60,Blue Island/26th,,Mon,Tue,Wed,Thu,Fri
19:54:56,56,Milwaukee,,Sat
13:25:46,J14,Jeffery Jump,,Mon,Tue,Wed,Thu,Fri
06:51:04,151,Sheridan,,Sun
21:45:00,60,Blue Island/26th,,Sat
12:36:23,20,Madison,,Sat
09:00:26,20,Madison,,Sat
08:09:32,151,Sheridan,,Mon,Tue,Wed,Thu,Fri
14:23:30,60,Blue Island/26th,,Sun
19:59:00,60,Blue Island/26th,,Mon,Tue,Wed,Thu,Fri
21:53:52,56,Milwaukee,,Sat
19:02:48,J14,Jeffery Jump,,Sun
08:36:00,60,Blue Island/26th,,Mon,Tue,Wed,Thu,Fri
18:48:56,157,Streeterville/Taylor,,Mon,Tue,Wed,Thu,Fri
22:35:52,56,Milwaukee,,Sat
06:32:13,56,Milwaukee,,Mon,Tue,Wed,Thu,Fri
17:56:50,J14,Jeffery Jump,,Mon,Tue,Wed,Thu,Fri
03:37:00,20,Madison,,Mon,Tue,Wed,Thu,Fri
16:56:23,124,Navy Pier,,Sun
09:39:06,J14,Jeffery Jump,,Sun
01:31:00,20,Madison,,Tue,Wed,Thu,Fri,Sat
21:05:00,60,Blue Island/26th,,Sun
23:05:31,20,Madison,,Sun
12:01:56,124,Navy Pier,,Sat
17:03:10,J14,Jeffery Jump,,Sun
08:34:54,20,Madison,,Mon,Tue,Wed,Thu,Fri
11:38:30,60,Blue Island/26th,,Mon,Tue,Wed,Thu,Fri
10:20:33,151,Sheridan,,Sun
07:08:15,56,Milwaukee,,Mon,Tue,Wed,Thu,Fri
07:03:11,56,Milwaukee,,Sat
14:58:30,60,Blue Island/26th,,Mon,Tue,Wed,Thu,Fri
08:59:52,20,Madison,,Mon,Tue,Wed,Thu,Fri
09:05:33,J14,Jeffery Jump,,Sat
00:46:00,20,Madison,,Tue,Wed,Thu,Fri,Sat
11:19:27,20,Madison,,Sun
17:37:59,20,Madison,,Mon,Tue,Wed,Thu,Fri
13:28:31,151,Sheridan,,Sat
05:10:00,60,Blue Island/26th,,Mon,Tue,Wed,Thu,Fri
17:19:26,20,Madison,,Sun
21:07:23,151,Sheridan,,Mon,Tue,Wed,Thu,Fri
15:50:20,56,Milwaukee,,Sat
06:10:30,20,Madison,,Sat
19:07:13,151,Sheridan,,Sun
10:15:45,56,Milwaukee,,Sat
13:18:30,60,Blue Island/26th,,Mon,Tue,Wed,Thu,Fri
14:51:23,20,Madison,,Sat
14:01:21,151,Sheridan,,Sat
06:00:00,60,Blue Island/26th,,Mon,Tue,Wed,Thu,Fri
22:38:36,J14,Jeffery Jump,,Sat
00:25:00,20,Madison,,Sun
19:10:00,60,Blue Island/26th,,Sun
08:46:41,J14,Jeffery Jump,,Sat
09:00:11,J14,Jeffery Jump,,Sun
19:47:26,20,Madison,,Sun
22:59:00,60,Blue Island/26th,,Mon,Tue,Wed,Thu,Fri
09:44:32,157,Streeterville/Taylor,,Mon,Tue,Wed,Thu,Fri
15:08:34,20,Madison,,Mon,Tue,Wed,Thu,Fri
18:52:29,124,Navy Pier,,Mon,Tue,Wed,Thu,Fri
12:00:26,157,Streeterville/Taylor,,Mon,Tue,Wed,Thu,Fri
20:37:56,20,Madison,,Mon,Tue,Wed,Thu,Fri
21:07:25,J14,Jeffery Jump,,Sat
05:52:36,56,Milwaukee,,Sat
23:18:01,20,Madison,,Sat
08:52:04,151,Sheridan,,Sun
22:40:00,60,Blue Island/26th,,Sun
12:54:26,124,Navy Pier,,Sat
13:09:15,56,Milwaukee,,Sun
13:28:30,60,Blue Island/26th,,Mon,Tue,Wed,Thu,Fri
14:25:26,56,Milwaukee,,Mon,Tue,Wed,Thu,Fri
16:12:24,20,Madison,,Sat
13:21:24,20,Madison,,Sat
15:27:38,J14,Jeffery Jump,,Mon,Tue,Wed,Thu,Fri
17:53:24,56,Milwaukee,,Sun
14:44:43,J14,Jeffery Jump,,Mon,Tue,Wed,Thu,Fri
21:35:00,60,Blue Island/26th,,Sat
21:05:30,60,Blue Island/26th,,Sat
18:31:18,157,Streeterville/Taylor,,Mon,Tue,Wed,Thu,Fri
08:28:30,60,Blue Island/26th,,Mon,Tue,Wed,Thu,Fri
14:15:24,20,Madison,,Sat
16:23:32,J14,Jeffery Jump,,Sun
00:25:00,20,Madison,,Mon
16:06:43,J14,Jeffery Jump,,Mon,Tue,Wed,Thu,Fri
21:49:39,124,Navy Pier,,Sat
15:00:24,20,Madison,,Sat
08:47:30,60,Blue Island/26th,,Sat
07:47:52,151,Sheridan,,Mon,Tue,Wed,Thu,Fri
15:54:23,20,Madison,,Sat
21:23:30,60,Blue Island/26th,,Sun
16:17:00,60,Blue Island/26th,,Mon,Tue,Wed,Thu,Fri
07:50:34,56,Milwaukee,,Mon,Tue,Wed,Thu,Fri
19:16:06,J14,Jeffery Jump,,Mon,Tue,Wed,Thu,Fri
12:18:33,J14,Jeffery Jump,,Sun
10:02:12,56,Milwaukee,,Mon,Tue,Wed,Thu,Fri
11:08:48,157,Streeterville/Taylor,,Mon,Tue,Wed,Thu,Fri
08:20:14,J14,Jeffery Jump,,Sun
09:20:14,J14,Jeffery Jump,,Sun
09:58:50,20,Madison,,Mon,Tue,Wed,Thu,Fri
14:49:52,124,Navy Pier,,Sun
15:29:28,J14,Jeffery Jump,,Sat
20:30:09,56,Milwaukee,,Sun
17:37:26,20,Madison,,Sun
09:38:53,151,Sheridan,,Sat
23:22:30,60,Blue Island/26th,,Sun
13:08:20,20,Madison,,Mon,Tue,Wed,Thu,Fri
09:59:33,124,Navy Pier,,Sun
11:37:54,56,Milwaukee,,Sun
18:05:28,20,Madison,,Mon,Tue,Wed,Thu,Fri
14:48:21,151,Sheridan,,Sat
13:37:01,151,Sheridan,,Sat
15:14:21,124,Navy Pier,,Mon,Tue,Wed,Thu,Fri
12:55:43,J14,Jeffery Jump,,Sun
09:55:33,151,Sheridan,,Sun
13:49:28,J14,Jeffery Jump,,Sat
08:47:21,124,Navy Pier,,Sat
09:59:03,J14,Jeffery Jump,,Sun
18:30:24,56,Milwaukee,,Sun
15:29:26,124,Navy Pier,,Sat
20:17:27,20,Madison,,Sun
13:05:30,60,Blue Island/26th,,Sat
14:59:24,J14,Jeffery Jump,,Sat
22:13:03,124,Navy Pier,,Sat
00:10:00,20,Madison,,Sun
10:07:02,157,Streeterville/Taylor,,Mon,Tue,Wed,Thu,Fri
10:50:24,20,Madison,,Sat
10:05:09,56,Milwaukee,,Sun
19:52:54,56,Milwaukee,,Mon,Tue,Wed,Thu,Fri
12:38:19,20,Madison,,Mon,Tue,Wed,Thu,Fri
12:00:14,124,Navy Pier,,Sun
09:55:42,151,Sheridan,,Mon,Tue,Wed,Thu,Fri
09:10:20,J14,Jeffery Jump,,Mon,Tue,Wed,Thu,Fri
07:44:25,20,Madison,,Mon,Tue,Wed,Thu,Fri
09:24:25,J14,Jeffery Jump,,Sat
15:26:33,20,Madison,,Mon,Tue,Wed,Thu,Fri
22:18:00,60,Blue Island/26th,,Mon,Tue,Wed,Thu,Fri
18:57:01,J14,Jeffery Jump,,Mon,Tue,Wed,Thu,Fri
19:27:27,20,Madison,,Sun
11:38:50,20,Madison,,Mon,Tue,Wed,Thu,Fri
17:54:02,151,Sheridan,,Sat
17:30:35,124,Navy Pier,,Sat
11:30:23,20,Madison,,Sat
20:31:58,J14,Jeffery Jump,,Mon,Tue,Wed,Thu,Fri
02:10:00,60,Blue Island/26th,,Mon
07:50:37,56,Milwaukee,,Mon,Tue,Wed,Thu,Fri
18:48:32,J14,Jeffery Jump,,Sat
22:38:03,151,Sheridan,,Mon,Tue,Wed,Thu,Fri
21:30:00,56,Milwaukee,,Mon,Tue,Wed,Thu,Fri
13:19:27,20,Madison,,Sun
20:27:27,20,Madison,,Sun
15:52:21,151,Sheridan,,Sat
12:19:27,20,Madison,,Sun
07:46:30,60,Blue Island/26th,,Sun
20:15:00,60,Blue Island/26th,,Mon,Tue,Wed,Thu,Fri
06:40:56,56,Milwaukee,,Sun
03:35:30,60,Blue Island/26th,,Mon
08:43:30,60,Blue Island/26th,,Mon,Tue,Wed,Thu,Fri
15:58:54,J14,Jeffery Jump,,Sat
16:03:30,151,Sheridan,,Mon,Tue,Wed,Thu,Fri
11:30:24,20,Madison,,Sat
20:24:13,151,Sheridan,,Sun
20:03:26,20,Madison,,Sat
16:08:54,J14,Jeffery Jump,,Sat
12:08:30,60,Blue Island/26th,,Mon,Tue,Wed,Thu,Fri
17:45:32,151,Sheridan,,Sat
12:46:21,J14,Jeffery Jump,,Sun
10:24:00,60,Blue Island/26th,,Sun
07:23:44,J14,Jeffery Jump,,Sat
13:32:20,20,Madison,,Mon,Tue,Wed,Thu,Fri
10:55:53,151,Sheridan,,Sun
01:10:00,60,Blue Island/26th,,Tue,Wed,Thu,Fri,Sat
21:04:03,124,Navy Pier,,Sat
16:12:52,56,Milwaukee,,Sun
16:29:27,20,Madison,,Sun
16:25:43,J14,Jeffery Jump,,Mon,Tue,Wed,Thu,Fri
18:17:24,20,Madison,,Sat
04:35:00,60,Blue Island/26th,,Sat
20:25:30,124,Navy Pier,,Sun
12:04:00,60,Blue Island/26th,,Sun
21:41:36,J14,Jeffery Jump,,Mon,Tue,Wed,Thu,Fri
19:08:10,J14,Jeffery Jump,,Sat
17:44:00,60,Blue Island/26th,,Sat
13:39:28,J14,Jeffery Jump,,Sat
01:35:30,60,Blue Island/26th,,Tue,Wed,Thu,Fri,Sat
03:10:00,60,Blue Island/26th,,Mon,Tue,Wed,Thu,Fri
08:55:32,56,Milwaukee,,Sat
09:53:25,J14,Jeffery Jump,,Sat
19:40:30,60,Blue Island/26th,,Mon,Tue,Wed,Thu,Fri
16:43:43,56,Milwaukee,,Sun
05:43:00,60,Blue Island/26th,,Sat
17:41:49,151,Sheridan,,Mon,Tue,Wed,Thu,Fri
05:48:13,56,Milwaukee,,Mon,Tue,Wed,Thu,Fri
21:50:00,56,Milwaukee,,Mon,Tue,Wed,Thu,Fri
08:07:04,151,Sheridan,,Sun
09:40:27,20,Madison,,Sat
17:26:29,151,Sheridan,,Mon,Tue,Wed,Thu,Fri
07:46:00,60,Blue Island/26th,,Mon,Tue,Wed,Thu,Fri
19:03:26,20,Madison,,Sat
00:46:00,20,Madison,,Sun
16:35:17,56,Milwaukee,,Mon,Tue,Wed,Thu,Fri
23:47:00,60,Blue Island/26th,,Sun
14:51:45,56,Milwaukee,,Sun
07:30:34,151,Sheridan,,Sat
00:17:54,151,Sheridan,,Sun
20:07:26,157,Streeterville/Taylor,,Mon,Tue,Wed,Thu,Fri
22:50:30,20,Madison,,Sat
15:44:30,20,Madison,,Mon,Tue,Wed,Thu,Fri
22:18:00,60,Blue Island/26th,,Mon,Tue,Wed,Thu,Fri
08:05:26,20,Madison,,Sat
13:41:02,151,Sheridan,,Sun
21:55:41,J14,Jeffery Jump,,Sun
09:43:13,151,Sheridan,,Sun
21:32:11,J14,Jeffery Jump,,Sun
07:46:56,56,Milwaukee,,Sun
14:13:02,151,Sheridan,,Sun
22:34:13,151,Sheridan,,Sun
16:31:43,J14,Jeffery Jump,,Mon,Tue,Wed,Thu,Fri
03:10:00,60,Blue Island/26th,,Sun
10:09:03,J14,Jeffery Jump,,Sun
11:16:58,J14,Jeffery Jump,,Mon,Tue,Wed,Thu,Fri
10:46:30,60,Blue Island/26th,,Sat
05:22:30,60,Blue Island/26th,,Sat
21:55:13,151,Sheridan,,Sun
10:26:30,60,Blue Island/26th,,Sat
19:07:27,20,Madison,,Sun
19:43:26,20,Madison,,Sat
21:27:28,J14,Jeffery Jump,,Sat
10:19:27,20,Madison,,Sun
10:56:30,60,Blue Island/26th,,Sat
14:25:50,J14,Jeffery Jump,,Mon,Tue,Wed,Thu,Fri
19:58:13,J14,Jeffery Jump,,Sat
18:31:02,157,Streeterville/Taylor,,Mon,Tue,Wed,Thu,Fri
17:11:52,J14,Jeffery Jump,,Mon,Tue,Wed,Thu,Fri
17:36:58,J14,Jeffery Jump,,Mon,Tue,Wed,Thu,Fri
09:33:02,157,Streeterville/Taylor,,Mon,Tue,Wed,Thu,Fri
02:10:00,20,Madison,,Tue,Wed,Thu,Fri,Sat
16:38:26,124,Navy Pier,,Sat
20:57:13,151,Sheridan,,Sun
12:50:00,56,Milwaukee,,Mon,Tue,Wed,Thu,Fri
21:57:30,60,Blue Island/26th,,Mon,Tue,Wed,Thu,Fri
08:01:34,151,Sheridan,,Sat
20:35:37,56,Milwaukee,,Sat
16:54:22,151,Sheridan,,Sun
16:03:52,124,Navy Pier,,Sat
11:54:42,151,Sheridan,,Sat
11:41:55,56,Milwaukee,,Mon,Tue,Wed,Thu,Fri
03:10:00,20,Madison,,Mon,Tue,Wed,Thu,Fri
10:48:21,J14,Jeffery Jump,,Mon,Tue,Wed,Thu,Fri
14:09:27,20,Madison,,Sun
24:12:30,60,Blue Island/26th,,Sun
00:46:00,20,Madison,,Sun
16:24:00,60,Blue Island/26th,,Sat
17:47:26,20,Madison,,Sun
18:37:27,20,Madison,,Sun
09:49:09,J14,Jeffery Jump,,Mon,Tue,Wed,Thu,Fri
02:31:00,20,Madison,,Sun
06:41:00,60,Blue Island/26th,,Sun
14:09:26,20,Madison,,Sun
19:00:30,60,Blue Island/26th,,Sun
22:23:03,151,Sheridan,,Mon,Tue,Wed,Thu,Fri
20:40:39,124,Navy Pier,,Sat
11:50:24,20,Madison,,Sat
14:58:30,60,Blue Island/26th,,Mon,Tue,Wed,Thu,Fri
22:14:52,56,Milwaukee,,Sat
19:57:26,20,Madison,,Sun
12:00:23,20,Madison,,Sat
13:56:20,20,Madison,,Mon,Tue,Wed,Thu,Fri
13:08:30,60,Blue Island/26th,,Mon,Tue,Wed,Thu,Fri
15:49:59,20,Madison,,Mon,Tue,Wed,Thu,Fri
17:36:39,151,Sheridan,,Mon,Tue,Wed,Thu,Fri
16:51:00,60,Blue Island/26th,,Mon,Tue,Wed,Thu,Fri
17:44:50,56,Milwaukee,,Sat
00:40:00,20,Madison,,Mon
11:08:33,J14,Jeffery Jump,,Sun
22:50:31,20,Madison,,Sat
11:43:47,56,Milwaukee,,Sat
02:40:00,20,Madison,,Sun
10:28:43,124,Navy Pier,,Sat
01:31:00,20,Madison,,Sun
15:59:59,20,Madison,,Mon,Tue,Wed,Thu,Fri
07:50:14,151,Sheridan,,Sun
11:39:01,151,Sheridan,,Mon,Tue,Wed,Thu,Fri
09:49:30,56,Milwaukee,,Mon,Tue,Wed,Thu,Fri
04:40:00,20,Madison,,Mon,Tue,Wed,Thu,Fri
22:35:51,J14,Jeffery Jump,,Mon,Tue,Wed,Thu,Fri
16:39:26,20,Madison,,Sun
00:10:00,60,Blue Island/26th,,Tue,Wed,Thu,Fri,Sat
18:56:13,151,Sheridan,,Sun
11:36:32,124,Navy Pier,,Sun
20:46:30,60,Blue Island/26th,,Sat
15:43:38,J14,Jeffery Jump,,Mon,Tue,Wed,Thu,Fri
12:08:20,20,Madison,,Mon,Tue,Wed,Thu,Fri
15:05:00,60,Blue Island/26th,,Sat
08:29:54,20,Madison,,Mon,Tue,Wed,Thu,Fri
05:50:00,60,Blue Island/26th,,Mon,Tue,Wed,Thu,Fri
21:38:39,56,Milwaukee,,Sun
20:09:30,60,Blue Island/26th,,Sun
13:48:30,60,Blue Island/26th,,Mon,Tue,Wed,Thu,Fri
21:50:30,20,Madison,,Sat
08:56:20,56,Milwaukee,,Mon,Tue,Wed,Thu,Fri
14:14:51,151,Sheridan,,Mon,Tue,Wed,Thu,Fri
20:46:33,151,Sheridan,,Sat
12:45:30,60,Blue Island/26th,,Sat
14:29:26,20,Madison,,Sun
19:40:00,60,Blue Island/26th,,Sun
21:41:30,60,Blue Island/26th,,Sun
15:45:00,60,Blue Island/26th,,Sat
11:36:00,60,Blue Island/26th,,Sat
22:52:33,151,Sheridan,,Mon,Tue,Wed,Thu,Fri
16:04:32,151,Sheridan,,Sun
23:55:04,151,Sheridan,,Mon,Tue,Wed,Thu,Fri
17:25:47,56,Milwaukee,,Mon,Tue,Wed,Thu,Fri
19:32:48,J14,Jeffery Jump,,Sun
20:08:10,J14,Jeffery Jump,,Sat
13:14:00,60,Blue Island/26th,,Sun
09:43:28,J14,Jeffery Jump,,Sat
09:17:24,20,Madison,,Mon,Tue,Wed,Thu,Fri
08:19:52,20,Madison,,Mon,Tue,Wed,Thu,Fri
19:34:01,J14,Jeffery Jump,,Mon,Tue,Wed,Thu,Fri
13:36:52,124,Navy Pier,,Sun
17:31:30,60,Blue Island/26th,,Sun
03:31:00,20,Madison,,Mon
19:05:03,20,Madison,,Mon,Tue,Wed,Thu,Fri
21:50:31,20,Madison,,Sat
05:28:41,20,Madison,,Mon,Tue,Wed,Thu,Fri
09:06:41,151,Sheridan,,Mon,Tue,Wed,Thu,Fri
10:49:27,20,Madison,,Sun
08:02:37,56,Milwaukee,,Mon,Tue,Wed,Thu,Fri
15:08:30,60,Blue Island/26th,,Mon,Tue,Wed,Thu,Fri
13:03:23,20,Madison,,Sat
21:05:30,60,Blue Island/26th,,Sat
19:57:52,124,Navy Pier,,Sat
13:11:02,151,Sheridan,,Sun
18:36:30,60,Blue Island/26th,,Mon,Tue,Wed,Thu,Fri
14:37:56,124,Navy Pier,,Sat
18:48:54,56,Milwaukee,,Sun
14:02:51,151,Sheridan,,Mon,Tue,Wed,Thu,Fri
02:31:00,20,Madison,,Mon
13:08:19,20,Madison,,Mon,Tue,Wed,Thu,Fri
19:22:00,60,Blue Island/26th,,Mon,Tue,Wed,Thu,Fri
07:29:00,60,Blue Island/26th,,Mon,Tue,Wed,Thu,Fri
14:16:51,151,Sheridan,,Sat
08:59:26,20,Madison,,Sun
20:27:56,20,Madison,,Mon,Tue,Wed,Thu,Fri
12:00:42,124,Navy Pier,,Sun
06:59:30,20,Madison,,Sat
14:32:17,56,Milwaukee,,Sat
02:10:00,20,Madison,,Mon
14:59:26,20,Madison,,Sun
12:00:24,20,Madison,,Sat
21:30:02,56,Milwaukee,,Mon,Tue,Wed,Thu,Fri
10:24:32,56,Milwaukee,,Sun
16:51:59,20,Madison,,Mon,Tue,Wed,Thu,Fri
18:57:27,20,Madison,,Sun
09:49:23,151,Sheridan,,Sat
12:15:45,56,Milwaukee,,Sun
04:40:00,60,Blue Island/26th,,Mon,Tue,Wed,Thu,Fri
18:02:49,124,Navy Pier,,Mon,Tue,Wed,Thu,Fri
08:23:29,56,Milwaukee,,Mon,Tue,Wed,Thu,Fri
09:40:26,20,Madison,,Sat
18:17:26,20,Madison,,Sun
11:58:20,20,Madison,,Mon,Tue,Wed,Thu,Fri
23:47:00,60,Blue Island/26th,,Sun
08:30:20,J14,Jeffery Jump,,Mon,Tue,Wed,Thu,Fri
08:37:30,60,Blue Island/26th,,Sat
13:35:13,J14,Jeffery Jump,,Sun
17:19:14,157,Streeterville/Taylor,,Mon,Tue,Wed,Thu,Fri
09:14:25,J14,Jeffery Jump,,Sat
16:36:59,20,Madison,,Mon,Tue,Wed,Thu,Fri
01:35:04,151,Sheridan,,Tue,Wed,Thu,Fri,Sat
18:00:00,60,Blue Island/26th,,Mon,Tue,Wed,Thu,Fri
23:20:30,60,Blue Island/26th,,Sat
16:52:29,151,Sheridan,,Mon,Tue,Wed,Thu,Fri
18:30:46,J14,Jeffery Jump,,Mon,Tue,Wed,Thu,Fri
07:58:42,151,Sheridan,,Mon,Tue,Wed,Thu,Fri
18:34:30,60,Blue Island/26th,,Sun
12:19:11,151,Sheridan,,Sat
10:20:23,151,Sheridan,,Sat
15:33:10,157,Streeterville/Taylor,,Mon,Tue,Wed,Thu,Fri
09:09:26,20,Madison,,Sun
15:17:17,56,Milwaukee,,Sat
22:30:53,151,Sheridan,,Sat
20:37:57,20,Madison,,Mon,Tue,Wed,Thu,Fri
21:37:28,J14,Jeffery Jump,,Sat
07:32:14,151,Sheridan,,Sun
03:10:00,60,Blue Island/26th,,Sun
21:01:36,J14,Jeffery Jump,,Mon,Tue,Wed,Thu,Fri
08:38:11,151,Sheridan,,Mon,Tue,Wed,Thu,Fri
16:24:42,151,Sheridan,,Sun
00:14:04,151,Sheridan,,Tue,Wed,Thu,Fri,Sat
09:59:26,20,Madison,,Sun
06:26:58,J14,Jeffery Jump,,Mon,Tue,Wed,Thu,Fri
08:43:30,60,Blue Island/26th,,Mon,Tue,Wed,Thu,Fri
06:39:30,60,Blue Island/26th,,Mon,Tue,Wed,Thu,Fri
09:55:33,151,Sheridan,,Sun
21:37:33,151,Sheridan,,Mon,Tue,Wed,Thu,Fri
12:55:30,60,Blue Island/26th,,Sat
17:21:21,151,Sheridan,,Sat
12:19:26,124,Navy Pier,,Sat
14:34:34,20,Madison,,Mon,Tue,Wed,Thu,Fri
14:48:21,151,Sheridan,,Sat
10:58:36,J14,Jeffery Jump,,Sun
07:47:00,60,Blue Island/26th,,Sat
14:23:41,124,Navy Pier,,Mon,Tue,Wed,Thu,Fri
08:57:03,151,Sheridan,,Sat
18:59:00,60,Blue Island/26th,,Sat
06:04:45,56,Milwaukee,,Mon,Tue,Wed,Thu,Fri
10:48:50,20,Madison,,Mon,Tue,Wed,Thu,Fri
08:53:56,20,Madison,,Sat
02:40:00,20,Madison,,Tue,Wed,Thu,Fri,Sat
14:33:24,20,Madison,,Sat
18:42:51,J14,Jeffery Jump,,Sun
20:13:27,20,Madison,,Sat
10:19:03,J14,Jeffery Jump,,Sun
07:11:51,J14,Jeffery Jump,,Mon,Tue,Wed,Thu,Fri
17:24:00,60,Blue Island/26th,,Sat
16:03:23,20,Madison,,Sat
07:09:37,157,Streeterville/Taylor,,Mon,Tue,Wed,Thu,Fri
09:07:23,151,Sheridan,,Sat
11:23:00,56,Milwaukee,,Mon,Tue,Wed,Thu,Fri
23:07:43,151,Sheridan,,Mon,Tue,Wed,Thu,Fri
20:34:53,151,Sheridan,,Sat
01:06:30,60,Blue Island/26th,,Tue,Wed,Thu,Fri,Sat
05:02:00,60,Blue Island/26th,,Sat
13:28:50,124,Navy Pier,,Mon,Tue,Wed,Thu,Fri
20:37:13,124,Navy Pier,,Mon,Tue,Wed,Thu,Fri
16:54:22,151,Sheridan,,Sun
09:46:30,56,Milwaukee,,Sun
24:30:00,20,Madison,,Mon,Tue,Wed,Thu,Fri
08:40:14,J14,Jeffery Jump,,Sun
09:24:00,60,Blue Island/26th,,Mon,Tue,Wed,Thu,Fri
15:29:24,J14,Jeffery Jump,,Sat
15:17:30,60,Blue Island/26th,,Mon,Tue,Wed,Thu,Fri
08:30:14,J14,Jeffery Jump,,Sun
09:37:00,60,Blue Island/26th,,Sat
12:19:52,124,Navy Pier,,Sat
21:45:23,124,Navy Pier,,Sun
20:08:30,60,Blue Island/26th,,Mon,Tue,Wed,Thu,Fri
20:07:57,20,Madison,,Mon,Tue,Wed,Thu,Fri
10:34:00,60,Blue Island/26th,,Sun
13:58:30,60,Blue Island/26th,,Mon,Tue,Wed,Thu,Fri
00:38:30,20,Madison,,Tue,Wed,Thu,Fri,Sat
21:17:27,20,Madison,,Sun
11:14:21,151,Sheridan,,Mon,Tue,Wed,Thu,Fri
18:50:00,60,Blue Island/26th,,Sat
20:47:26,157,Streeterville/Taylor,,Mon,Tue,Wed,Thu,Fri
13:25:30,60,Blue Island/26th,,Sat
24:00:00,20,Madison,,Mon,Tue,Wed,Thu,Fri
17:38:54,J14,Jeffery Jump,,Sat
09:06:41,151,Sheridan,,Mon,Tue,Wed,Thu,Fri
21:49:28,J14,Jeffery Jump,,Sat
02:40:00,60,Blue Island/26th,,Sun
18:56:29,56,Milwaukee,,Sat
12:19:26,20,Madison,,Sun
21:07:26,20,Madison,,Sun
14:52:59,56,Milwaukee,,Mon,Tue,Wed,Thu,Fri
08:59:48,157,Streeterville/Taylor,,Mon,Tue,Wed,Thu,Fri
05:10:00,60,Blue Island/26th,,Sat
18:02:12,151,Sheridan,,Sat
17:31:02,124,Navy Pier,,Sat
04:10:00,20,Madison,,Mon,Tue,Wed,Thu,Fri
18:16:17,56,Milwaukee,,Mon,Tue,Wed,Thu,Fri
14:52:38,J14,Jeffery Jump,,Mon,Tue,Wed,Thu,Fri
16:12:23,20,Madison,,Sat
11:39:41,124,Navy Pier,,Mon,Tue,Wed,Thu,Fri
09:27:00,60,Blue Island/26th,,Sat
13:29:27,20,Madison,,Sun
24:31:00,20,Madison,,Sun
22:27:17,56,Milwaukee,,Sun
16:04:23,124,Navy Pier,,Sun
11:38:23,151,Sheridan,,Sun
10:29:26,20,Madison,,Sun
23:05:30,20,Madison,,Sat
24:31:00,20,Madison,,Sat
11:05:30,56,Milwaukee,,Mon,Tue,Wed,Thu,Fri
20:03:27,20,Madison,,Sat
18:07:30,60,Blue Island/26th,,Sun
11:25:26,157,Streeterville/Taylor,,Mon,Tue,Wed,Thu,Fri
22:22:30,60,Blue Island/26th,,Sat
12:39:54,J14,Jeffery Jump,,Sat
05:27:09,20,Madison,,Mon,Tue,Wed,Thu,Fri
22:21:36,J14,Jeffery Jump,,Mon,Tue,Wed,Thu,Fri
20:52:00,60,Blue Island/26th,,Mon,Tue,Wed,Thu,Fri
07:02:56,56,Milwaukee,,Sun
11:19:00,56,Milwaukee,,Sun
10:59:27,20,Madison,,Sun
22:45:53,151,Sheridan,,Sat
20:28:00,60,Blue Island/26th,,Sun
14:18:45,56,Milwaukee,,Sun
11:58:19,20,Madison,,Mon,Tue,Wed,Thu,Fri
19:36:15,56,Milwaukee,,Mon,Tue,Wed,Thu,Fri
23:00:53,151,Sheridan,,Sat
12:54:00,60,Blue Island/26th,,Sun
13:25:13,J14,Jeffery Jump,,Sun
13:39:21,151,Sheridan,,Mon,Tue,Wed,Thu,Fri
18:28:58,J14,Jeffery Jump,,Sat
14:34:33,20,Madison,,Mon,Tue,Wed,Thu,Fri
07:49:26,20,Madison,,Mon,Tue,Wed,Thu,Fri
14:13:02,151,Sheridan,,Sun
21:31:33,151,Sheridan,,Sat
12:15:50,J14,Jeffery Jump,,Mon,Tue,Wed,Thu,Fri
18:42:05,124,Navy Pier,,Sat
10:17:42,151,Sheridan,,Mon,Tue,Wed,Thu,Fri
19:08:00,60,Blue Island/26th,,Sat
14:28:30,60,Blue Island/26th,,Mon,Tue,Wed,Thu,Fri
22:38:30,60,Blue Island/26th,,Mon,Tue,Wed,Thu,Fri
15:48:54,J14,Jeffery Jump,,Sat
13:55:46,J14,Jeffery Jump,,Mon,Tue,Wed,Thu,Fri
08:07:30,60,Blue Island/26th,,Sat
12:59:26,20,Madison,,Sun
00:29:34,151,Sheridan,,Mon
20:46:30,60,Blue Island/26th,,Sat
10:03:28,J14,Jeffery Jump,,Sat
21:59:31,20,Madison,,Mon,Tue,Wed,Thu,Fri
17:48:52,124,Navy Pier,,Sun
17:29:28,124,Navy Pier,,Mon,Tue,Wed,Thu,Fri
09:17:53,151,Sheridan,,Sat
20:10:15,56,Milwaukee,,Mon,Tue,Wed,Thu,Fri
15:09:10,157,Streeterville/Taylor,,Mon,Tue,Wed,Thu,Fri
15:09:26,157,Streeterville/Taylor,,Mon,Tue,Wed,Thu,Fri
16:04:52,56,Milwaukee,,Mon,Tue,Wed,Thu,Fri
13:07:30,56,Milwaukee,,Mon,Tue,Wed,Thu,Fri
19:32:51,J14,Jeffery Jump,,Sun
02:10:00,20,Madison,,Sun
22:30:44,J14,Jeffery Jump,,Sun
07:42:04,56,Milwaukee,,Mon,Tue,Wed,Thu,Fri
16:01:21,151,Sheridan,,Sat
11:26:00,60,Blue Island/26th,,Sat
09:14:00,60,Blue Island/26th,,Mon,Tue,Wed,Thu,Fri
14:18:30,60,Blue Island/26th,,Mon,Tue,Wed,Thu,Fri
07:05:30,20,Madison,,Sun
08:33:30,56,Milwaukee,,Sat
05:01:56,56,Milwaukee,,Sat
21:14:00,60,Blue Island/26th,,Sun
15:43:36,J14,Jeffery Jump,,Sun
00:40:00,60,Blue Island/26th,,Mon
15:14:52,124,Navy Pier,,Sun
17:23:13,J14,Jeffery Jump,,Sun
05:48:44,151,Sheridan,,Sun
12:29:26,20,Madison,,Sun
09:43:13,151,Sheridan,,Sun
00:55:00,20,Madison,,Mon
05:21:26,J14,Jeffery Jump,,Mon,Tue,Wed,Thu,Fri
09:27:32,56,Milwaukee,,Sun
00:46:00,20,Madison,,Tue,Wed,Thu,Fri,Sat
17:18:58,J14,Jeffery Jump,,Sat
20:21:54,J14,Jeffery Jump,,Mon,Tue,Wed,Thu,Fri
12:37:18,J14,Jeffery Jump,,Sun
24:31:00,20,Madison,,Sun
16:44:17,56,Milwaukee,,Mon,Tue,Wed,Thu,Fri
16:09:00,60,Blue Island/26th,,Mon,Tue,Wed,Thu,Fri
05:39:09,20,Madison,,Mon,Tue,Wed,Thu,Fri
07:47:29,20,Madison,,Sat
16:51:30,60,Blue Island/26th,,Sun
07:32:04,56,Milwaukee,,Mon,Tue,Wed,Thu,Fri
08:57:03,151,Sheridan,,Sat
10:21:48,157,Streeterville/Taylor,,Mon,Tue,Wed,Thu,Fri
21:01:43,124,Navy Pier,,Mon,Tue,Wed,Thu,Fri
12:18:24,20,Madison,,Sat
15:12:26,124,Navy Pier,,Sat
10:47:52,151,Sheridan,,Sat
16:28:58,J14,Jeffery Jump,,Sat
16:57:41,151,Sheridan,,Sat
07:09:30,60,Blue Island/26th,,Mon,Tue,Wed,Thu,Fri
13:05:46,J14,Jeffery Jump,,Mon,Tue,Wed,Thu,Fri
07:05:31,20,Madison,,Sun
04:40:00,60,Blue Island/26th,,Mon,Tue,Wed,Thu,Fri
22:20:30,20,Madison,,Sun
05:29:01,20,Madison,,Sun
12:52:10,157,Streeterville/Taylor,,Mon,Tue,Wed,Thu,Fri
12:38:30,60,Blue Island/26th,,Mon,Tue,Wed,Thu,Fri
15:05:02,151,Sheridan,,Sun
15:27:23,20,Madison,,Sat
14:23:22,151,Sheridan,,Sun
01:41:04,151,Sheridan,,Sun
00:55:00,20,Madison,,Mon
16:38:52,124,Navy Pier,,Sat
19:20:00,60,Blue Island/26th,,Sun
09:30:27,20,Madison,,Sat
06:18:30,60,Blue Island/26th,,Sun
08:50:20,56,Milwaukee,,Mon,Tue,Wed,Thu,Fri
00:10:00,20,Madison,,Mon
18:07:23,20,Madison,,Sat
10:09:27,20,Madison,,Sun
19:24:21,20,Madison,,Mon,Tue,Wed,Thu,Fri
08:02:34,56,Milwaukee,,Mon,Tue,Wed,Thu,Fri
10:08:50,20,Madison,,Mon,Tue,Wed,Thu,Fri
17:13:51,151,Sheridan,,Sat
06:16:27,56,Milwaukee,,Sun
12:29:54,J14,Jeffery Jump,,Sat
17:11:30,60,Blue Island/26th,,Sun
16:58:54,J14,Jeffery Jump,,Sat
12:34:13,56,Milwaukee,,Sun
02:09:00,60,Blue Island/26th,,Sun
03:40:00,60,Blue Island/26th,,Sun
09:40:46,20,Madison,,Mon,Tue,Wed,Thu,Fri
17:05:41,151,Sheridan,,Sat
21:50:03,124,Navy Pier,,Sat
09:09:54,20,Madison,,Mon,Tue,Wed,Thu,Fri
19:30:00,60,Blue Island/26th,,Sun
09:35:32,151,Sheridan,,Mon,Tue,Wed,Thu,Fri
14:20:49,20,Madison,,Mon,Tue,Wed,Thu,Fri
08:44:54,20,Madison,,Mon,Tue,Wed,Thu,Fri
17:54:00,60,Blue Island/26th,,Sat
19:22:51,J14,Jeffery Jump,,Sun
05:04:00,60,Blue Island/26th,,Sun
17:12:19,151,Sheridan,,Mon,Tue,Wed,Thu,Fri
18:51:00,60,Blue Island/26th,,Sun
10:53:18,J14,Jeffery Jump,,Sat
15:05:02,151,Sheridan,,Sun
16:43:10,J14,Jeffery Jump,,Sun
15:04:21,151,Sheridan,,Sat
19:39:25,20,Madison,,Mon,Tue,Wed,Thu,Fri
03:31:00,20,Madison,,Sun
08:59:27,20,Madison,,Sun
14:33:23,20,Madison,,Sat
15:20:21,151,Sheridan,,Sat
19:44:22,151,Sheridan,,Sat
12:34:15,56,Milwaukee,,Sun
11:43:50,56,Milwaukee,,Sat
09:24:54,20,Madison,,Mon,Tue,Wed,Thu,Fri
08:10:20,J14,Jeffery Jump,,Mon,Tue,Wed,Thu,Fri
13:45:30,60,Blue Island/26th,,Sat
06:07:34,151,Sheridan,,Mon,Tue,Wed,Thu,Fri
20:52:41,56,Milwaukee,,Sun
09:33:25,J14,Jeffery Jump,,Sat
09:20:11,J14,Jeffery Jump,,Sun
17:58:46,157,Streeterville/Taylor,,Mon,Tue,Wed,Thu,Fri
10:20:23,151,Sheridan,,Sat
12:59:27,20,Madison,,Sun
11:36:00,60,Blue Island/26th,,Sat
13:59:28,J14,Jeffery Jump,,Sat
18:18:58,J14,Jeffery Jump,,Sat
16:25:30,60,Blue Island/26th,,Mon,Tue,Wed,Thu,Fri
13:09:58,J14,Jeffery Jump,,Sat
18:02:52,56,Milwaukee,,Mon,Tue,Wed,Thu,Fri
17:52:40,151,Sheridan,,Mon,Tue,Wed,Thu,Fri
17:01:30,60,Blue Island/26th,,Sun
21:18:30,124,Navy Pier,,Sun
14:35:43,56,Milwaukee,,Sun
18:17:29,56,Milwaukee,,Sat
13:32:19,20,Madison,,Mon,Tue,Wed,Thu,Fri
15:58:58,J14,Jeffery Jump,,Sat
12:35:30,60,Blue Island/26th,,Sat
12:29:27,20,Madison,,Sun
16:25:51,151,Sheridan,,Sat
22:59:00,60,Blue Island/26th,,Sat
19:26:11,56,Milwaukee,,Sun
13:21:23,20,Madison,,Sat
19:29:11,124,Navy Pier,,Mon,Tue,Wed,Thu,Fri
07:26:17,56,Milwaukee,,Sat
18:53:01,124,Navy Pier,,Mon,Tue,Wed,Thu,Fri
08:33:32,56,Milwaukee,,Sat
09:29:54,J14,Jeffery Jump,,Mon,Tue,Wed,Thu,Fri
08:59:32,157,Streeterville/Taylor,,Mon,Tue,Wed,Thu,Fri
11:46:12,151,Sheridan,,Sat
04:50:19,20,Madison,,Mon,Tue,Wed,Thu,Fri
09:49:03,J14,Jeffery Jump,,Sun
10:03:39,124,Navy Pier,,Sat
10:43:28,J14,Jeffery Jump,,Sat
10:08:28,J14,Jeffery Jump,,Mon,Tue,Wed,Thu,Fri
06:19:13,56,Milwaukee,,Mon,Tue,Wed,Thu,Fri
07:31:31,20,Madison,,Mon,Tue,Wed,Thu,Fri
12:32:55,56,Milwaukee,,Mon,Tue,Wed,Thu,Fri
18:32:00,60,Blue Island/26th,,Sat
17:09:27,20,Madison,,Sun
15:52:30,60,Blue Island/26th,,Sun
02:40:00,60,Blue Island/26th,,Tue,Wed,Thu,Fri,Sat
12:39:27,20,Madison,,Sun
14:19:24,J14,Jeffery Jump,,Sat
20:00:00,60,Blue Island/26th,,Sun
21:21:36,J14,Jeffery Jump,,Mon,Tue,Wed,Thu,Fri
14:51:43,56,Milwaukee,,Sun
14:29:27,20,Madison,,Sun
05:59:09,20,Madison,,Mon,Tue,Wed,Thu,Fri
10:04:00,60,Blue Island/26th,,Sun
07:59:30,60,Blue Island/26th,,Mon,Tue,Wed,Thu,Fri
15:35:02,151,Sheridan,,Sun
10:48:22,124,Navy Pier,,Sun
16:49:31,151,Sheridan,,Sat
22:23:03,151,Sheridan,,Mon,Tue,Wed,Thu,Fri
06:29:09,20,Madison,,Mon,Tue,Wed,Thu,Fri
15:36:24,20,Madison,,Sat
03:05:30,60,Blue Island/26th,,Mon
17:57:26,20,Madison,,Sun
05:22:30,60,Blue Island/26th,,Sat
06:44:30,20,Madison,,Sat
02:10:00,60,Blue Island/26th,,Sun
21:43:11,J14,Jeffery Jump,,Sun
20:56:00,60,Blue Island/26th,,Sun
09:30:14,J14,Jeffery Jump,,Sun
04:05:30,60,Blue Island/26th,,Sun
14:38:30,60,Blue Island/26th,,Mon,Tue,Wed,Thu,Fri
07:02:30,60,Blue Island/26th,,Sun
09:10:11,J14,Jeffery Jump,,Sun
08:44:13,151,Sheridan,,Sat
20:52:00,124,Navy Pier,,Sun
08:47:48,157,Streeterville/Taylor,,Mon,Tue,Wed,Thu,Fri
09:35:32,151,Sheridan,,Mon,Tue,Wed,Thu,Fri
10:33:28,J14,Jeffery Jump,,Sat
03:10:00,20,Madison,,Sat
06:48:01,20,Madison,,Sun
05:08:30,20,Madison,,Sun
09:17:00,60,Blue Island/26th,,Sat
10:44:00,60,Blue Island/26th,,Sun
17:08:58,J14,Jeffery Jump,,Sat
17:32:29,20,Madison,,Mon,Tue,Wed,Thu,Fri
00:20:00,60,Blue Island/26th,,Mon
17:07:18,124,Navy Pier,,Mon,Tue,Wed,Thu,Fri
15:38:58,J14,Jeffery Jump,,Sat
05:52:34,56,Milwaukee,,Sat
09:04:54,151,Sheridan,,Sun
18:07:26,20,Madison,,Sun
17:13:51,151,Sheridan,,Sat
13:44:13,56,Milwaukee,,Sun
22:14:43,151,Sheridan,,Sun
18:52:51,J14,Jeffery Jump,,Sun
15:45:26,157,Streeterville/Taylor,,Mon,Tue,Wed,Thu,Fri
13:45:20,56,Milwaukee,,Sat
17:24:00,60,Blue Island/26th,,Sat
15:11:38,J14,Jeffery Jump,,Mon,Tue,Wed,Thu,Fri
12:49:54,J14,Jeffery Jump,,Sat
22:00:33,151,Sheridan,,Sat
23:18:30,60,Blue Island/26th,,Mon,Tue,Wed,Thu,Fri
15:14:34,20,Madison,,Mon,Tue,Wed,Thu,Fri
12:36:31,151,Sheridan,,Sat
18:17:27,20,Madison,,Sun
18:03:10,J14,Jeffery Jump,,Sun
20:42:28,J14,Jeffery Jump,,Sun
17:14:22,151,Sheridan,,Sun
07:01:47,J14,Jeffery Jump,,Mon,Tue,Wed,Thu,Fri
11:09:27,20,Madison,,Sun
09:20:16,J14,Jeffery Jump,,Mon,Tue,Wed,Thu,Fri
22:20:30,20,Madison,,Sat
17:49:13,J14,Jeffery Jump,,Mon,Tue,Wed,Thu,Fri
10:50:23,20,Madison,,Sat
09:04:30,60,Blue Island/26th,,Sun
12:58:20,20,Madison,,Mon,Tue,Wed,Thu,Fri
23:38:24,151,Sheridan,,Mon,Tue,Wed,Thu,Fri
20:37:30,60,Blue Island/26th,,Sun
17:08:54,J14,Jeffery Jump,,Sat
11:39:26,20,Madison,,Sun
01:05:00,20,Madison,,Tue,Wed,Thu,Fri,Sat
04:05:00,60,Blue Island/26th,,Sat
13:53:21,151,Sheridan,,Sat
15:02:51,151,Sheridan,,Mon,Tue,Wed,Thu,Fri
07:43:44,J14,Jeffery Jump,,Sun
08:57:11,151,Sheridan,,Mon,Tue,Wed,Thu,Fri
14:20:52,124,Navy Pier,,Sat
21:21:58,20,Madison,,Sat
15:59:26,20,Madison,,Sun
10:39:32,151,Sheridan,,Sat
22:21:32,J14,Jeffery Jump,,Mon,Tue,Wed,Thu,Fri
10:39:27,20,Madison,,Sun
05:48:15,56,Milwaukee,,Mon,Tue,Wed,Thu,Fri
17:11:59,20,Madison,,Mon,Tue,Wed,Thu,Fri
23:05:30,20,Madison,,Sun
09:43:25,J14,Jeffery Jump,,Sat
20:32:28,J14,Jeffery Jump,,Sun
22:06:36,J14,Jeffery Jump,,Mon,Tue,Wed,Thu,Fri
17:57:58,20,Madison,,Mon,Tue,Wed,Thu,Fri
21:57:30,60,Blue Island/26th,,Mon,Tue,Wed,Thu,Fri
10:20:26,20,Madison,,Sat
08:38:11,151,Sheridan,,Mon,Tue,Wed,Thu,Fri
16:12:29,151,Sheridan,,Mon,Tue,Wed,Thu,Fri
05:52:56,56,Milwaukee,,Sun
09:24:52,20,Madison,,Mon,Tue,Wed,Thu,Fri
22:07:33,151,Sheridan,,Mon,Tue,Wed,Thu,Fri
23:55:04,151,Sheridan,,Mon,Tue,Wed,Thu,Fri
12:54:00,60,Blue Island/26th,,Sun
15:07:43,56,Milwaukee,,Sun
02:40:00,20,Madison,,Mon
07:02:30,60,Blue Island/26th,,Sun
11:09:26,20,Madison,,Sun
16:39:04,56,Milwaukee,,Sat
16:44:09,124,Navy Pier,,Mon,Tue,Wed,Thu,Fri
15:54:58,20,Madison,,Mon,Tue,Wed,Thu,Fri
07:48:19,56,Milwaukee,,Sat
17:42:00,J14,Jeffery Jump,,Mon,Tue,Wed,Thu,Fri
11:42:32,J14,Jeffery Jump,,Sat
16:21:04,124,Navy Pier,,Mon,Tue,Wed,Thu,Fri
10:07:00,60,Blue Island/26th,,Sat
01:31:00,20,Madison,,Sun
13:29:26,20,Madison,,Sun
17:44:43,151,Sheridan,,Sun
06:18:44,151,Sheridan,,Sat
19:03:30,60,Blue Island/26th,,Mon,Tue,Wed,Thu,Fri
13:55:34,56,Milwaukee,,Mon,Tue,Wed,Thu,Fri
15:53:32,J14,Jeffery Jump,,Sun
16:34:00,60,Blue Island/26th,,Mon,Tue,Wed,Thu,Fri
11:17:53,151,Sheridan,,Sun
15:44:21,151,Sheridan,,Sat
21:10:30,60,Blue Island/26th,,Mon,Tue,Wed,Thu,Fri
08:47:43,124,Navy Pier,,Sat
18:38:58,J14,Jeffery Jump,,Sat
17:45:32,151,Sheridan,,Sat
09:15:00,60,Blue Island/26th,,Mon,Tue,Wed,Thu,Fri
10:28:50,20,Madison,,Mon,Tue,Wed,Thu,Fri
20:50:52,56,Milwaukee,,Sat
16:11:30,60,Blue Island/26th,,Sun
14:02:32,151,Sheridan,,Sun
18:07:24,20,Madison,,Sat
08:22:04,151,Sheridan,,Sun
19:36:13,56,Milwaukee,,Mon,Tue,Wed,Thu,Fri
20:13:43,151,Sheridan,,Sat
18:40:22,124,Navy Pier,,Sun
10:14:00,60,Blue Island/26th,,Sun
13:18:30,60,Blue Island/26th,,Mon,Tue,Wed,Thu,Fri
08:21:57,20,Madison,,Sun
07:53:00,60,Blue Island/26th,,Mon,Tue,Wed,Thu,Fri
11:23:21,J14,Jeffery Jump,,Sat
10:07:00,60,Blue Island/26th,,Sat
07:59:52,20,Madison,,Mon,Tue,Wed,Thu,Fri
16:18:58,J14,Jeffery Jump,,Sat
14:01:21,151,Sheridan,,Sat
00:55:00,20,Madison,,Sun
19:47:26,157,Streeterville/Taylor,,Mon,Tue,Wed,Thu,Fri
13:00:32,151,Sheridan,,Sun
20:52:03,J14,Jeffery Jump,,Sun
16:11:30,60,Blue Island/26th,,Sun
15:02:43,J14,Jeffery Jump,,Mon,Tue,Wed,Thu,Fri
17:28:27,20,Madison,,Sun
08:59:00,60,Blue Island/26th,,Mon,Tue,Wed,Thu,Fri
22:21:33,J14,Jeffery Jump,,Sat
08:21:32,157,Streeterville/Taylor,,Mon,Tue,Wed,Thu,Fri
17:58:58,J14,Jeffery Jump,,Sat
13:11:56,124,Navy Pier,,Sat
09:02:50,56,Milwaukee,,Mon,Tue,Wed,Thu,Fri
14:38:51,151,Sheridan,,Mon,Tue,Wed,Thu,Fri
16:41:30,60,Blue Island/26th,,Sun
03:40:00,60,Blue Island/26th,,Sat
23:45:31,20,Madison,,Sun
21:43:14,J14,Jeffery Jump,,Sun
24:30:00,20,Madison,,Mon,Tue,Wed,Thu,Fri
15:19:24,J14,Jeffery Jump,,Sat
01:05:04,151,Sheridan,,Mon
20:33:30,60,Blue Island/26th,,Mon,Tue,Wed,Thu,Fri
11:11:56,124,Navy Pier,,Sun
15:53:30,151,Sheridan,,Mon,Tue,Wed,Thu,Fri
03:05:00,60,Blue Island/26th,,Tue,Wed,Thu,Fri,Sat
03:31:00,20,Madison,,Sat
19:16:59,56,Milwaukee,,Sat
14:50:51,151,Sheridan,,Mon,Tue,Wed,Thu,Fri
11:29:26,20,Madison,,Sun
10:18:11,124,Navy Pier,,Mon,Tue,Wed,Thu,Fri
09:17:22,20,Madison,,Mon,Tue,Wed,Thu,Fri
13:24:19,20,Madison,,Mon,Tue,Wed,Thu,Fri
05:30:13,56,Milwaukee,,Mon,Tue,Wed,Thu,Fri
14:35:49,20,Madison,,Mon,Tue,Wed,Thu,Fri
12:45:26,56,Milwaukee,,Sat
18:40:30,60,Blue Island/26th,,Sat
18:12:51,J14,Jeffery Jump,,Sun
18:04:23,J14,Jeffery Jump,,Mon,Tue,Wed,Thu,Fri
21:10:30,60,Blue Island/26th,,Mon,Tue,Wed,Thu,Fri
16:01:30,60,Blue Island/26th,,Sun
01:24:34,151,Sheridan,,Sun
12:18:19,20,Madison,,Mon,Tue,Wed,Thu,Fri
18:02:17,56,Milwaukee,,Sat
09:12:51,124,Navy Pier,,Sat
17:01:58,20,Madison,,Mon,Tue,Wed,Thu,Fri
17:48:05,124,Navy Pier,,Sat
00:10:00,20,Madison,,Sun
06:16:50,157,Streeterville/Taylor,,Mon,Tue,Wed,Thu,Fri
19:10:51,124,Navy Pier,,Mon,Tue,Wed,Thu,Fri
14:06:24,20,Madison,,Sat
15:54:32,151,Sheridan,,Sun
08:54:57,20,Madison,,Sat
10:32:53,151,Sheridan,,Sun
16:04:32,151,Sheridan,,Sun
11:51:06,J14,Jeffery Jump,,Sat
13:05:13,J14,Jeffery Jump,,Sun
20:27:26,157,Streeterville/Taylor,,Mon,Tue,Wed,Thu,Fri
01:31:00,20,Madison,,Tue,Wed,Thu,Fri,Sat
20:56:00,60,Blue Island/26th,,Sat
17:43:58,20,Madison,,Mon,Tue,Wed,Thu,Fri
04:33:00,60,Blue Island/26th,,Sun
22:50:41,J14,Jeffery Jump,,Sun
03:40:00,20,Madison,,Sat
09:57:00,60,Blue Island/26th,,Sat
16:59:30,60,Blue Island/26th,,Mon,Tue,Wed,Thu,Fri
06:17:03,J14,Jeffery Jump,,Mon,Tue,Wed,Thu,Fri
09:48:49,20,Madison,,Mon,Tue,Wed,Thu,Fri
13:31:02,151,Sheridan,,Sun
21:53:54,56,Milwaukee,,Sat
01:01:00,20,Madison,,Mon
04:31:00,20,Madison,,Sat
20:20:30,60,Blue Island/26th,,Sat
13:15:30,60,Blue Island/26th,,Sat
07:45:49,157,Streeterville/Taylor,,Mon,Tue,Wed,Thu,Fri
07:50:14,151,Sheridan,,Sun
18:19:12,151,Sheridan,,Sat
16:44:00,60,Blue Island/26th,,Sat
02:35:30,60,Blue Island/26th,,Mon
11:04:00,60,Blue Island/26th,,Sun
15:40:47,56,Milwaukee,,Mon,Tue,Wed,Thu,Fri
10:55:53,151,Sheridan,,Sun
18:51:00,60,Blue Island/26th,,Sun
20:37:25,J14,Jeffery Jump,,Sat
09:07:00,60,Blue Island/26th,,Sat
11:00:23,20,Madison,,Sat
12:45:50,J14,Jeffery Jump,,Mon,Tue,Wed,Thu,Fri
06:52:54,J14,Jeffery Jump,,Mon,Tue,Wed,Thu,Fri
21:02:06,J14,Jeffery Jump,,Sun
11:12:22,124,Navy Pier,,Sun
17:48:32,124,Navy Pier,,Sat
04:06:00,60,Blue Island/26th,,Mon,Tue,Wed,Thu,Fri
20:02:00,60,Blue Island/26th,,Sat
05:04:00,60,Blue Island/26th,,Sun
22:00:30,60,Blue Island/26th,,Sun
14:35:38,J14,Jeffery Jump,,Mon,Tue,Wed,Thu,Fri
13:29:21,124,Navy Pier,,Mon,Tue,Wed,Thu,Fri
16:31:59,20,Madison,,Mon,Tue,Wed,Thu,Fri
15:34:00,151,Sheridan,,Mon,Tue,Wed,Thu,Fri
03:40:00,20,Madison,,Sun
14:13:30,60,Blue Island/26th,,Sun
19:16:01,J14,Jeffery Jump,,Mon,Tue,Wed,Thu,Fri
07:59:30,60,Blue Island/26th,,Mon,Tue,Wed,Thu,Fri
07:46:57,56,Milwaukee,,Sun
18:37:30,20,Madison,,Mon,Tue,Wed,Thu,Fri
17:44:00,60,Blue Island/26th,,Sat
05:51:04,151,Sheridan,,Mon,Tue,Wed,Thu,Fri
16:15:17,56,Milwaukee,,Mon,Tue,Wed,Thu,Fri
15:35:59,124,Navy Pier,,Mon,Tue,Wed,Thu,Fri
19:37:26,20,Madison,,Sun
06:15:57,56,Milwaukee,,Sat
20:07:27,20,Madison,,Sun
17:36:52,J14,Jeffery Jump,,Mon,Tue,Wed,Thu,Fri
20:04:02,151,Sheridan,,Sat
18:17:26,56,Milwaukee,,Sat
17:31:56,157,Streeterville/Taylor,,Mon,Tue,Wed,Thu,Fri
16:06:47,56,Milwaukee,,Sat
00:40:00,60,Blue Island/26th,,Mon
10:46:30,60,Blue Island/26th,,Sat
23:22:30,60,Blue Island/26th,,Sun
19:48:41,56,Milwaukee,,Sun
09:58:51,J14,Jeffery Jump,,Mon,Tue,Wed,Thu,Fri
09:28:23,151,Sheridan,,Sat
16:57:29,151,Sheridan,,Mon,Tue,Wed,Thu,Fri
16:33:51,151,Sheridan,,Sat
08:51:00,60,Blue Island/26th,,Mon,Tue,Wed,Thu,Fri
09:10:27,20,Madison,,Sat
09:17:00,60,Blue Island/26th,,Sat
14:33:12,151,Sheridan,,Sun
12:51:43,56,Milwaukee,,Sun
08:09:52,20,Madison,,Mon,Tue,Wed,Thu,Fri
13:56:20,124,Navy Pier,,Mon,Tue,Wed,Thu,Fri
18:42:32,124,Navy Pier,,Sat
11:56:00,60,Blue Island/26th,,Sat
15:39:45,56,Milwaukee,,Sun
16:57:37,J14,Jeffery Jump,,Mon,Tue,Wed,Thu,Fri
00:55:00,20,Madison,,Sun
01:10:00,60,Blue Island/26th,,Sun
14:29:28,J14,Jeffery Jump,,Sat
08:18:51,151,Sheridan,,Mon,Tue,Wed,Thu,Fri
16:25:40,157,Streeterville/Taylor,,Mon,Tue,Wed,Thu,Fri
09:10:26,20,Madison,,Sat
21:37:25,J14,Jeffery Jump,,Sat
10:28:17,124,Navy Pier,,Sat
22:34:00,56,Milwaukee,,Mon,Tue,Wed,Thu,Fri
18:58:36,J14,Jeffery Jump,,Sat
16:43:35,J14,Jeffery Jump,,Mon,Tue,Wed,Thu,Fri
11:27:37,56,Milwaukee,,Sat
00:14:04,151,Sheridan,,Tue,Wed,Thu,Fri,Sat
16:21:59,20,Madison,,Mon,Tue,Wed,Thu,Fri
03:39:00,60,Blue Island/26th,,Sun
00:10:34,151,Sheridan,,Mon
21:32:54,56,Milwaukee,,Sat
09:27:00,60,Blue Island/26th,,Sat
14:39:26,56,Milwaukee,,Mon,Tue,Wed,Thu,Fri
20:29:30,60,Blue Island/26th,,Sat
05:02:30,60,Blue Island/26th,,Mon,Tue,Wed,Thu,Fri
03:39:00,60,Blue Island/26th,,Sun
07:58:42,151,Sheridan,,Mon,Tue,Wed,Thu,Fri
13:19:26,20,Madison,,Sun
17:31:58,J14,Jeffery Jump,,Mon,Tue,Wed,Thu,Fri
16:19:27,20,Madison,,Sun
19:54:43,151,Sheridan,,Sun
14:43:30,60,Blue Island/26th,,Sun
09:18:24,151,Sheridan,,Sun
05:02:30,60,Blue Island/26th,,Mon,Tue,Wed,Thu,Fri
19:28:41,124,Navy Pier,,Mon,Tue,Wed,Thu,Fri
20:32:25,J14,Jeffery Jump,,Sun
09:04:00,60,Blue Island/26th,,Mon,Tue,Wed,Thu,Fri
12:19:32,157,Streeterville/Taylor,,Mon,Tue,Wed,Thu,Fri
12:44:31,151,Sheridan,,Sat
07:34:30,60,Blue Island/26th,,Sat
12:08:33,J14,Jeffery Jump,,Sun
22:04:00,60,Blue Island/26th,,Sat
01:40:00,20,Madison,,Tue,Wed,Thu,Fri,Sat
19:35:30,60,Blue Island/26th,,Sat
16:21:24,20,Madison,,Sat
18:11:22,56,Milwaukee,,Sun
14:35:43,J14,Jeffery Jump,,Mon,Tue,Wed,Thu,Fri
12:09:23,151,Sheridan,,Sun
12:30:29,56,Milwaukee,,Sat
19:30:00,60,Blue Island/26th,,Sun
21:59:30,20,Madison,,Mon,Tue,Wed,Thu,Fri
11:07:23,151,Sheridan,,Sun
08:20:30,60,Blue Island/26th,,Mon,Tue,Wed,Thu,Fri
09:59:06,J14,Jeffery Jump,,Sun
07:42:07,56,Milwaukee,,Mon,Tue,Wed,Thu,Fri
17:43:10,J14,Jeffery Jump,,Sun
24:15:00,20,Madison,,Mon,Tue,Wed,Thu,Fri
20:13:02,124,Navy Pier,,Mon,Tue,Wed,Thu,Fri
12:03:21,151,Sheridan,,Mon,Tue,Wed,Thu,Fri
09:20:27,20,Madison,,Sat
11:16:54,J14,Jeffery Jump,,Mon,Tue,Wed,Thu,Fri
19:44:00,60,Blue Island/26th,,Sat
14:19:28,J14,Jeffery Jump,,Sat
19:53:52,151,Sheridan,,Sat
15:09:26,20,Madison,,Sun
13:39:24,20,Madison,,Sat
07:54:54,20,Madison,,Mon,Tue,Wed,Thu,Fri
09:44:00,60,Blue Island/26th,,Sun
07:59:54,20,Madison,,Mon,Tue,Wed,Thu,Fri
06:39:19,56,Milwaukee,,Sat
21:38:41,56,Milwaukee,,Sun
12:39:58,J14,Jeffery Jump,,Sat
08:24:54,20,Madison,,Mon,Tue,Wed,Thu,Fri
13:55:50,J14,Jeffery Jump,,Mon,Tue,Wed,Thu,Fri
06:39:09,20,Madison,,Mon,Tue,Wed,Thu,Fri
20:25:53,124,Navy Pier,,Sun
03:01:00,20,Madison,,Tue,Wed,Thu,Fri,Sat
05:26:56,56,Milwaukee,,Sat
17:01:59,20,Madison,,Mon,Tue,Wed,Thu,Fri
09:51:30,60,Blue Island/26th,,Mon,Tue,Wed,Thu,Fri
16:47:29,151,Sheridan,,Mon,Tue,Wed,Thu,Fri
10:28:28,J14,Jeffery Jump,,Mon,Tue,Wed,Thu,Fri
22:14:54,56,Milwaukee,,Sat
09:49:23,151,Sheridan,,Sat
22:35:48,J14,Jeffery Jump,,Mon,Tue,Wed,Thu,Fri
18:32:48,J14,Jeffery Jump,,Sun
08:52:20,124,Navy Pier,,Mon,Tue,Wed,Thu,Fri
22:38:03,151,Sheridan,,Mon,Tue,Wed,Thu,Fri
13:15:13,J14,Jeffery Jump,,Sun
06:09:44,151,Sheridan,,Sun
15:57:40,157,Streeterville/Taylor,,Mon,Tue,Wed,Thu,Fri
07:31:30,20,Madison,,Mon,Tue,Wed,Thu,Fri
08:30:24,56,Milwaukee,,Sun
19:53:00,60,Blue Island/26th,,Sat
12:45:30,60,Blue Island/26th,,Sat
17:06:36,124,Navy Pier,,Mon,Tue,Wed,Thu,Fri
16:48:23,20,Madison,,Sat
15:04:21,151,Sheridan,,Sat
14:35:45,56,Milwaukee,,Sun
19:47:10,157,Streeterville/Taylor,,Mon,Tue,Wed,Thu,Fri
20:46:30,60,Blue Island/26th,,Sun
10:00:30,60,Blue Island/26th,,Mon,Tue,Wed,Thu,Fri
09:29:26,20,Madison,,Sun
14:52:56,56,Milwaukee,,Mon,Tue,Wed,Thu,Fri
15:35:02,151,Sheridan,,Sun
08:04:40,157,Streeterville/Taylor,,Mon,Tue,Wed,Thu,Fri
17:21:58,20,Madison,,Mon,Tue,Wed,Thu,Fri
20:53:26,20,Madison,,Sat
16:34:42,151,Sheridan,,Sun
10:34:00,60,Blue Island/26th,,Sun
10:13:25,J14,Jeffery Jump,,Sat
00:50:54,151,Sheridan,,Sun
19:37:27,20,Madison,,Sun
23:12:36,J14,Jeffery Jump,,Sat
10:58:30,60,Blue Island/26th,,Mon,Tue,Wed,Thu,Fri
04:10:00,20,Madison,,Mon,Tue,Wed,Thu,Fri
13:57:24,20,Madison,,Sat
18:02:55,56,Milwaukee,,Mon,Tue,Wed,Thu,Fri
03:40:00,60,Blue Island/26th,,Mon,Tue,Wed,Thu,Fri
11:58:30,60,Blue Island/26th,,Mon,Tue,Wed,Thu,Fri
05:26:54,151,Sheridan,,Sun
05:02:00,60,Blue Island/26th,,Sat
14:13:30,60,Blue Island/26th,,Sun
10:09:53,151,Sheridan,,Sat
16:42:29,151,Sheridan,,Mon,Tue,Wed,Thu,Fri
17:26:59,20,Madison,,Mon,Tue,Wed,Thu,Fri
11:03:21,J14,Jeffery Jump,,Sat
18:56:13,151,Sheridan,,Sun
12:04:00,60,Blue Island/26th,,Sun
21:39:01,20,Madison,,Sat
17:47:27,20,Madison,,Sun
09:16:02,56,Milwaukee,,Sat
09:56:23,157,Streeterville/Taylor,,Mon,Tue,Wed,Thu,Fri
17:06:14,157,Streeterville/Taylor,,Mon,Tue,Wed,Thu,Fri
12:34:11,124,Navy Pier,,Mon,Tue,Wed,Thu,Fri
09:44:14,157,Streeterville/Taylor,,Mon,Tue,Wed,Thu,Fri
15:00:23,20,Madison,,Sat
20:53:27,20,Madison,,Sat
14:55:52,124,Navy Pier,,Sat
21:45:00,60,Blue Island/26th,,Sat
04:01:00,20,Madison,,Mon,Tue,Wed,Thu,Fri
15:15:00,60,Blue Island/26th,,Sat
20:17:56,20,Madison,,Mon,Tue,Wed,Thu,Fri
10:32:39,56,Milwaukee,,Mon,Tue,Wed,Thu,Fri
10:30:13,151,Sheridan,,Sat
15:43:43,J14,Jeffery Jump,,Mon,Tue,Wed,Thu,Fri
19:33:27,20,Madison,,Sat
10:33:43,56,Milwaukee,,Sat
00:55:04,151,Sheridan,,Tue,Wed,Thu,Fri,Sat
17:11:50,56,Milwaukee,,Sat
08:54:30,60,Blue Island/26th,,Sun
11:29:42,151,Sheridan,,Sat
13:08:30,60,Blue Island/26th,,Mon,Tue,Wed,Thu,Fri
13:35:10,J14,Jeffery Jump,,Sun
17:57:59,20,Madison,,Mon,Tue,Wed,Thu,Fri
07:43:41,J14,Jeffery Jump,,Sun
05:39:08,20,Madison,,Mon,Tue,Wed,Thu,Fri
14:59:28,J14,Jeffery Jump,,Sat
22:40:00,60,Blue Island/26th,,Sun
05:18:30,60,Blue Island/26th,,Mon,Tue,Wed,Thu,Fri
20:51:36,J14,Jeffery Jump,,Mon,Tue,Wed,Thu,Fri
17:50:29,20,Madison,,Mon,Tue,Wed,Thu,Fri
21:35:13,151,Sheridan,,Sun
19:33:26,20,Madison,,Sat
15:38:30,20,Madison,,Mon,Tue,Wed,Thu,Fri
06:49:30,60,Blue Island/26th,,Mon,Tue,Wed,Thu,Fri
12:51:21,151,Sheridan,,Mon,Tue,Wed,Thu,Fri
16:32:29,151,Sheridan,,Mon,Tue,Wed,Thu,Fri
13:01:51,124,Navy Pier,,Mon,Tue,Wed,Thu,Fri
12:45:49,20,Madison,,Mon,Tue,Wed,Thu,Fri
20:18:10,J14,Jeffery Jump,,Sat
04:40:00,20,Madison,,Mon,Tue,Wed,Thu,Fri
15:12:52,124,Navy Pier,,Sat
05:26:54,151,Sheridan,,Sun
16:05:58,20,Madison,,Mon,Tue,Wed,Thu,Fri
14:15:50,J14,Jeffery Jump,,Mon,Tue,Wed,Thu,Fri
20:48:24,56,Milwaukee,,Mon,Tue,Wed,Thu,Fri
01:10:00,20,Madison,,Sun
12:30:26,56,Milwaukee,,Sat
24:07:30,60,Blue Island/26th,,Mon,Tue,Wed,Thu,Fri
24:31:00,20,Madison,,Sat
08:21:59,20,Madison,,Sun
14:01:43,56,Milwaukee,,Sun
20:30:13,56,Milwaukee,,Mon,Tue,Wed,Thu,Fri
09:29:27,20,Madison,,Sun
02:40:00,20,Madison,,Mon
03:31:00,20,Madison,,Tue,Wed,Thu,Fri,Sat
07:43:41,J14,Jeffery Jump,,Sat
16:57:23,20,Madison,,Sat
00:08:30,20,Madison,,Tue,Wed,Thu,Fri,Sat
00:40:00,20,Madison,,Mon
17:28:17,56,Milwaukee,,Sat
21:07:57,20,Madison,,Mon,Tue,Wed,Thu,Fri
09:31:13,151,Sheridan,,Sun
13:14:00,60,Blue Island/26th,,Sun
09:19:26,20,Madison,,Sun
18:13:05,J14,Jeffery Jump,,Mon,Tue,Wed,Thu,Fri
12:19:53,151,Sheridan,,Sun
16:28:54,J14,Jeffery Jump,,Sat
15:59:13,J14,Jeffery Jump,,Mon,Tue,Wed,Thu,Fri
22:12:02,56,Milwaukee,,Mon,Tue,Wed,Thu,Fri
13:19:28,J14,Jeffery Jump,,Sat
16:54:17,56,Milwaukee,,Mon,Tue,Wed,Thu,Fri
17:57:30,60,Blue Island/26th,,Sun
06:09:09,20,Madison,,Mon,Tue,Wed,Thu,Fri
04:10:00,20,Madison,,Sat
21:07:28,J14,Jeffery Jump,,Sat
11:04:52,151,Sheridan,,Sat
13:33:30,60,Blue Island/26th,,Sun
22:50:30,20,Madison,,Sun
16:00:00,60,Blue Island/26th,,Mon,Tue,Wed,Thu,Fri
24:37:30,60,Blue Island/26th,,Mon,Tue,Wed,Thu,Fri
09:11:23,124,Navy Pier,,Sun
10:18:28,J14,Jeffery Jump,,Mon,Tue,Wed,Thu,Fri
00:50:54,151,Sheridan,,Sun
20:37:30,60,Blue Island/26th,,Sat
16:01:30,60,Blue Island/26th,,Sun
14:10:56,56,Milwaukee,,Mon,Tue,Wed,Thu,Fri
06:44:06,J14,Jeffery Jump,,Mon,Tue,Wed,Thu,Fri
06:52:58,J14,Jeffery Jump,,Mon,Tue,Wed,Thu,Fri
11:01:02,56,Milwaukee,,Sun
01:40:00,20,Madison,,Sun
20:02:48,J14,Jeffery Jump,,Sun
09:32:15,20,Madison,,Mon,Tue,Wed,Thu,Fri
07:01:51,J14,Jeffery Jump,,Mon,Tue,Wed,Thu,Fri
13:59:26,20,Madison,,Sun
06:16:26,56,Milwaukee,,Sun
12:08:36,J14,Jeffery Jump,,Sun
12:16:00,60,Blue Island/26th,,Sat
19:53:26,20,Madison,,Sat
02:10:00,60,Blue Island/26th,,Tue,Wed,Thu,Fri,Sat
11:34:00,60,Blue Island/26th,,Sun
14:14:48,J14,Jeffery Jump,,Sun
10:16:30,60,Blue Island/26th,,Sat
13:43:26,157,Streeterville/Taylor,,Mon,Tue,Wed,Thu,Fri
09:05:32,157,Streeterville/Taylor,,Mon,Tue,Wed,Thu,Fri
10:36:48,157,Streeterville/Taylor,,Mon,Tue,Wed,Thu,Fri
15:39:43,56,Milwaukee,,Sun
00:08:30,20,Madison,,Tue,Wed,Thu,Fri,Sat
11:27:34,56,Milwaukee,,Sat
17:37:23,20,Madison,,Sat
21:13:26,20,Madison,,Sat
20:36:43,151,Sheridan,,Mon,Tue,Wed,Thu,Fri
23:18:00,20,Madison,,Sat
09:29:47,56,Milwaukee,,Mon,Tue,Wed,Thu,Fri
18:26:25,20,Madison,,Sat
11:33:10,J14,Jeffery Jump,,Sat
00:34:54,151,Sheridan,,Sun
11:04:00,60,Blue Island/26th,,Sun
06:19:09,20,Madison,,Mon,Tue,Wed,Thu,Fri
06:00:20,157,Streeterville/Taylor,,Mon,Tue,Wed,Thu,Fri
05:29:14,151,Sheridan,,Mon,Tue,Wed,Thu,Fri
10:48:49,20,Madison,,Mon,Tue,Wed,Thu,Fri
11:29:27,20,Madison,,Sun
15:58:07,124,Navy Pier,,Mon,Tue,Wed,Thu,Fri
08:04:14,J14,Jeffery Jump,,Sun
06:34:07,157,Streeterville/Taylor,,Mon,Tue,Wed,Thu,Fri
15:14:43,J14,Jeffery Jump,,Sun
20:18:13,J14,Jeffery Jump,,Sat
13:09:26,157,Streeterville/Taylor,,Mon,Tue,Wed,Thu,Fri
12:29:58,J14,Jeffery Jump,,Sat
00:10:00,60,Blue Island/26th,,Tue,Wed,Thu,Fri,Sat
18:13:30,60,Blue Island/26th,,Sat
19:22:00,60,Blue Island/26th,,Mon,Tue,Wed,Thu,Fri
04:01:00,20,Madison,,Sun
01:40:00,20,Madison,,Sun
12:09:23,20,Madison,,Sat
22:44:31,20,Madison,,Mon,Tue,Wed,Thu,Fri
18:00:00,60,Blue Island/26th,,Mon,Tue,Wed,Thu,Fri
17:07:29,151,Sheridan,,Mon,Tue,Wed,Thu,Fri
19:52:24,J14,Jeffery Jump,,Mon,Tue,Wed,Thu,Fri
08:23:26,20,Madison,,Sun
11:06:00,60,Blue Island/26th,,Sat
18:34:30,60,Blue Island/26th,,Sun
04:40:00,20,Madison,,Sun
20:37:30,60,Blue Island/26th,,Sat
11:28:33,J14,Jeffery Jump,,Sun
12:02:32,151,Sheridan,,Sat
21:25:59,20,Madison,,Mon,Tue,Wed,Thu,Fri
09:33:10,124,Navy Pier,,Mon,Tue,Wed,Thu,Fri
14:04:26,124,Navy Pier,,Sat
12:54:52,124,Navy Pier,,Sat
18:18:00,60,Blue Island/26th,,Mon,Tue,Wed,Thu,Fri
06:59:08,20,Madison,,Mon,Tue,Wed,Thu,Fri
20:23:13,151,Sheridan,,Sat
19:25:01,J14,Jeffery Jump,,Mon,Tue,Wed,Thu,Fri
06:10:00,60,Blue Island/26th,,Mon,Tue,Wed,Thu,Fri
14:39:27,20,Madison,,Sun
11:27:22,124,Navy Pier,,Sat
16:13:43,J14,Jeffery Jump,,Mon,Tue,Wed,Thu,Fri
16:25:23,157,Streeterville/Taylor,,Mon,Tue,Wed,Thu,Fri
22:12:00,56,Milwaukee,,Mon,Tue,Wed,Thu,Fri
16:21:22,124,Navy Pier,,Sat
11:18:49,20,Madison,,Mon,Tue,Wed,Thu,Fri
05:10:00,60,Blue Island/26th,,Sun
19:40:30,60,Blue Island/26th,,Mon,Tue,Wed,Thu,Fri
05:09:00,20,Madison,,Sat
14:04:48,J14,Jeffery Jump,,Sun
17:34:00,60,Blue Island/26th,,Sat
19:38:10,J14,Jeffery Jump,,Sat
01:01:00,20,Madison,,Sun
12:55:46,J14,Jeffery Jump,,Mon,Tue,Wed,Thu,Fri
16:34:42,151,Sheridan,,Sun
19:02:13,56,Milwaukee,,Mon,Tue,Wed,Thu,Fri
10:19:00,60,Blue Island/26th,,Mon,Tue,Wed,Thu,Fri
14:24:24,20,Madison,,Sat
15:17:30,60,Blue Island/26th,,Mon,Tue,Wed,Thu,Fri
15:35:38,J14,Jeffery Jump,,Mon,Tue,Wed,Thu,Fri
19:18:43,56,Milwaukee,,Mon,Tue,Wed,Thu,Fri
08:20:26,20,Madison,,Sat
19:54:43,151,Sheridan,,Sun
01:40:00,20,Madison,,Mon
02:09:00,60,Blue Island/26th,,Sun
08:24:52,20,Madison,,Mon,Tue,Wed,Thu,Fri
14:16:17,56,Milwaukee,,Sat
11:04:52,151,Sheridan,,Sat
15:05:59,56,Milwaukee,,Mon,Tue,Wed,Thu,Fri
18:21:38,J14,Jeffery Jump,,Mon,Tue,Wed,Thu,Fri
07:31:47,J14,Jeffery Jump,,Mon,Tue,Wed,Thu,Fri
10:30:25,20,Madison,,Sat
10:58:30,60,Blue Island/26th,,Mon,Tue,Wed,Thu,Fri
08:13:30,60,Blue Island/26th,,Mon,Tue,Wed,Thu,Fri
24:01:00,20,Madison,,Sun
08:59:54,20,Madison,,Mon,Tue,Wed,Thu,Fri
08:50:14,J14,Jeffery Jump,,Sun
19:16:56,56,Milwaukee,,Sat
16:51:30,60,Blue Island/26th,,Sun
23:51:24,151,Sheridan,,Sun
08:50:22,56,Milwaukee,,Sun
11:42:26,157,Streeterville/Taylor,,Mon,Tue,Wed,Thu,Fri
19:07:40,157,Streeterville/Taylor,,Mon,Tue,Wed,Thu,Fri
08:08:29,56,Milwaukee,,Mon,Tue,Wed,Thu,Fri
00:10:34,151,Sheridan,,Mon
13:38:30,60,Blue Island/26th,,Mon,Tue,Wed,Thu,Fri
15:51:43,J14,Jeffery Jump,,Mon,Tue,Wed,Thu,Fri
12:06:41,124,Navy Pier,,Mon,Tue,Wed,Thu,Fri
18:02:12,151,Sheridan,,Sat
05:31:30,60,Blue Island/26th,,Sun
20:37:27,20,Madison,,Sun
21:16:13,151,Sheridan,,Sun
15:14:23,124,Navy Pier,,Sun
21:16:33,151,Sheridan,,Sat
15:36:21,151,Sheridan,,Sat
19:38:32,124,Navy Pier,,Sat
11:13:21,J14,Jeffery Jump,,Sat
10:52:48,157,Streeterville/Taylor,,Mon,Tue,Wed,Thu,Fri
23:44:30,20,Madison,,Mon,Tue,Wed,Thu,Fri
16:19:43,J14,Jeffery Jump,,Mon,Tue,Wed,Thu,Fri
14:45:26,157,Streeterville/Taylor,,Mon,Tue,Wed,Thu,Fri
14:42:24,20,Madison,,Sat
16:05:59,20,Madison,,Mon,Tue,Wed,Thu,Fri
21:34:30,20,Madison,,Mon,Tue,Wed,Thu,Fri
16:47:29,151,Sheridan,,Mon,Tue,Wed,Thu,Fri
12:48:23,124,Navy Pier,,Sun
08:26:41,J14,Jeffery Jump,,Sat
10:09:06,J14,Jeffery Jump,,Sun
16:03:26,124,Navy Pier,,Sat
09:14:30,60,Blue Island/26th,,Sun
06:16:37,157,Streeterville/Taylor,,Mon,Tue,Wed,Thu,Fri
18:36:30,60,Blue Island/26th,,Mon,Tue,Wed,Thu,Fri
11:28:50,20,Madison,,Mon,Tue,Wed,Thu,Fri
18:08:58,J14,Jeffery Jump,,Sat
23:44:31,20,Madison,,Mon,Tue,Wed,Thu,Fri
18:23:00,60,Blue Island/26th,,Sat
18:26:25,20,Madison,,Sat
18:59:00,60,Blue Island/26th,,Sat
13:31:02,151,Sheridan,,Sun
18:56:26,56,Milwaukee,,Sat
12:16:00,60,Blue Island/26th,,Sat
21:21:32,J14,Jeffery Jump,,Mon,Tue,Wed,Thu,Fri
21:44:30,20,Madison,,Mon,Tue,Wed,Thu,Fri
08:54:54,20,Madison,,Mon,Tue,Wed,Thu,Fri
10:20:33,151,Sheridan,,Sun
14:00:26,157,Streeterville/Taylor,,Mon,Tue,Wed,Thu,Fri
01:35:04,151,Sheridan,,Tue,Wed,Thu,Fri,Sat
08:50:20,J14,Jeffery Jump,,Mon,Tue,Wed,Thu,Fri
01:01:00,20,Madison,,Sun
04:47:49,20,Madison,,Mon,Tue,Wed,Thu,Fri
13:23:34,56,Milwaukee,,Mon,Tue,Wed,Thu,Fri
02:10:00,60,Blue Island/26th,,Tue,Wed,Thu,Fri,Sat
17:28:58,J14,Jeffery Jump,,Sat
13:07:34,56,Milwaukee,,Mon,Tue,Wed,Thu,Fri
13:39:34,56,Milwaukee,,Mon,Tue,Wed,Thu,Fri
23:15:53,151,Sheridan,,Sat
11:38:33,J14,Jeffery Jump,,Sun
13:15:30,60,Blue Island/26th,,Sat
14:53:30,60,Blue Island/26th,,Sun
17:45:38,157,Streeterville/Taylor,,Mon,Tue,Wed,Thu,Fri
08:12:56,20,Madison,,Sat
13:51:02,151,Sheridan,,Sun
21:15:00,60,Blue Island/26th,,Sat
14:03:30,60,Blue Island/26th,,Sun
06:39:04,151,Sheridan,,Sat
04:40:00,60,Blue Island/26th,,Sun
15:59:08,J14,Jeffery Jump,,Mon,Tue,Wed,Thu,Fri
08:29:52,20,Madison,,Mon,Tue,Wed,Thu,Fri
13:02:31,151,Sheridan,,Sat
22:02:41,56,Milwaukee,,Sun
24:15:00,20,Madison,,Mon,Tue,Wed,Thu,Fri
16:03:32,J14,Jeffery Jump,,Sun
09:34:00,60,Blue Island/26th,,Sun
12:18:36,J14,Jeffery Jump,,Sun
00:23:30,20,Madison,,Tue,Wed,Thu,Fri,Sat
21:50:31,20,Madison,,Sun
11:03:18,J14,Jeffery Jump,,Sat
08:56:36,J14,Jeffery Jump,,Sat
16:38:54,J14,Jeffery Jump,,Sat
16:12:18,157,Streeterville/Taylor,,Mon,Tue,Wed,Thu,Fri
17:58:26,157,Streeterville/Taylor,,Mon,Tue,Wed,Thu,Fri
11:12:52,151,Sheridan,,Sat
17:50:28,20,Madison,,Mon,Tue,Wed,Thu,Fri
04:40:00,60,Blue Island/26th,,Sat
05:40:00,60,Blue Island/26th,,Sun
22:50:25,J14,Jeffery Jump,,Mon,Tue,Wed,Thu,Fri
16:25:51,151,Sheridan,,Sat
12:49:58,J14,Jeffery Jump,,Sat
15:40:50,56,Milwaukee,,Mon,Tue,Wed,Thu,Fri
03:36:00,60,Blue Island/26th,,Tue,Wed,Thu,Fri,Sat
11:49:27,20,Madison,,Sun
16:24:42,151,Sheridan,,Sun
23:01:00,60,Blue Island/26th,,Sun
07:31:51,J14,Jeffery Jump,,Mon,Tue,Wed,Thu,Fri
03:31:00,20,Madison,,Sat
11:45:50,J14,Jeffery Jump,,Mon,Tue,Wed,Thu,Fri
05:01:00,20,Madison,,Sat
17:19:32,157,Streeterville/Taylor,,Mon,Tue,Wed,Thu,Fri
15:17:56,56,Milwaukee,,Mon,Tue,Wed,Thu,Fri
18:36:41,151,Sheridan,,Mon,Tue,Wed,Thu,Fri
06:19:15,56,Milwaukee,,Mon,Tue,Wed,Thu,Fri
14:49:24,J14,Jeffery Jump,,Sat
22:00:30,60,Blue Island/26th,,Sun
18:14:32,157,Streeterville/Taylor,,Mon,Tue,Wed,Thu,Fri
07:23:13,151,Sheridan,,Mon,Tue,Wed,Thu,Fri
08:37:26,20,Madison,,Sun
16:37:43,J14,Jeffery Jump,,Mon,Tue,Wed,Thu,Fri
16:25:38,J14,Jeffery Jump,,Mon,Tue,Wed,Thu,Fri
23:17:00,20,Madison,,Mon,Tue,Wed,Thu,Fri
09:09:52,20,Madison,,Mon,Tue,Wed,Thu,Fri
17:53:10,J14,Jeffery Jump,,Sun
10:21:32,157,Streeterville/Taylor,,Mon,Tue,Wed,Thu,Fri
16:09:51,151,Sheridan,,Sat
10:28:24,J14,Jeffery Jump,,Mon,Tue,Wed,Thu,Fri
01:05:00,20,Madison,,Tue,Wed,Thu,Fri,Sat
15:26:34,20,Madison,,Mon,Tue,Wed,Thu,Fri
05:35:04,151,Sheridan,,Sat
17:28:20,56,Milwaukee,,Sat
20:41:32,J14,Jeffery Jump,,Mon,Tue,Wed,Thu,Fri
01:10:00,60,Blue Island/26th,,Sun
22:22:30,60,Blue Island/26th,,Sat
11:05:34,56,Milwaukee,,Mon,Tue,Wed,Thu,Fri
14:55:33,20,Madison,,Mon,Tue,Wed,Thu,Fri
21:03:27,20,Madison,,Sat
10:38:50,20,Madison,,Mon,Tue,Wed,Thu,Fri
17:42:00,60,Blue Island/26th,,Mon,Tue,Wed,Thu,Fri
21:55:13,151,Sheridan,,Sun
09:04:52,20,Madison,,Mon,Tue,Wed,Thu,Fri
20:09:13,151,Sheridan,,Sun
05:29:00,20,Madison,,Sun
10:30:25,20,Madison,,Sat
19:59:09,124,Navy Pier,,Sun
10:59:26,20,Madison,,Sun
18:24:31,151,Sheridan,,Mon,Tue,Wed,Thu,Fri
10:26:30,60,Blue Island/26th,,Sat
11:12:11,124,Navy Pier,,Mon,Tue,Wed,Thu,Fri
12:37:22,124,Navy Pier,,Sat
14:45:10,157,Streeterville/Taylor,,Mon,Tue,Wed,Thu,Fri
15:33:26,157,Streeterville/Taylor,,Mon,Tue,Wed,Thu,Fri
16:33:32,J14,Jeffery Jump,,Sun
07:06:38,20,Madison,,Mon,Tue,Wed,Thu,Fri
09:38:30,124,Navy Pier,,Sat
09:55:42,151,Sheridan,,Mon,Tue,Wed,Thu,Fri
08:09:32,151,Sheridan,,Mon,Tue,Wed,Thu,Fri
09:49:06,J14,Jeffery Jump,,Sun
10:33:25,J14,Jeffery Jump,,Sat
08:47:23,124,Navy Pier,,Sun
16:09:00,60,Blue Island/26th,,Mon,Tue,Wed,Thu,Fri
12:27:58,J14,Jeffery Jump,,Sun
12:36:32,157,Streeterville/Taylor,,Mon,Tue,Wed,Thu,Fri
00:39:30,60,Blue Island/26th,,Sun
09:53:28,J14,Jeffery Jump,,Sat
22:38:33,J14,Jeffery Jump,,Sat
20:33:30,60,Blue Island/26th,,Mon,Tue,Wed,Thu,Fri
07:23:34,20,Madison,,Mon,Tue,Wed,Thu,Fri
16:49:26,20,Madison,,Sun
12:02:22,124,Navy Pier,,Sat
15:33:47,56,Milwaukee,,Sat
02:01:00,20,Madison,,Mon
12:35:50,J14,Jeffery Jump,,Mon,Tue,Wed,Thu,Fri
18:24:43,151,Sheridan,,Sun
19:04:22,151,Sheridan,,Sat
21:33:00,60,Blue Island/26th,,Sun
21:07:56,20,Madison,,Mon,Tue,Wed,Thu,Fri
17:43:13,J14,Jeffery Jump,,Sun
17:37:24,20,Madison,,Sat
17:02:29,151,Sheridan,,Mon,Tue,Wed,Thu,Fri
13:45:17,56,Milwaukee,,Sat
06:24:24,151,Sheridan,,Mon,Tue,Wed,Thu,Fri
14:12:19,20,Madison,,Mon,Tue,Wed,Thu,Fri
24:37:30,60,Blue Island/26th,,Mon,Tue,Wed,Thu,Fri
21:27:03,124,Navy Pier,,Sat
14:43:12,151,Sheridan,,Sun
11:48:19,20,Madison,,Mon,Tue,Wed,Thu,Fri
12:24:23,124,Navy Pier,,Sun
10:50:17,124,Navy Pier,,Sat
07:19:00,60,Blue Island/26th,,Mon,Tue,Wed,Thu,Fri
05:07:14,151,Sheridan,,Mon,Tue,Wed,Thu,Fri
10:32:42,56,Milwaukee,,Mon,Tue,Wed,Thu,Fri
23:18:30,60,Blue Island/26th,,Mon,Tue,Wed,Thu,Fri
15:53:30,151,Sheridan,,Mon,Tue,Wed,Thu,Fri
12:28:20,20,Madison,,Mon,Tue,Wed,Thu,Fri
18:10:42,151,Sheridan,,Sat
09:14:28,J14,Jeffery Jump,,Sat
17:17:09,151,Sheridan,,Mon,Tue,Wed,Thu,Fri
18:13:51,151,Sheridan,,Mon,Tue,Wed,Thu,Fri
07:38:59,20,Madison,,Mon,Tue,Wed,Thu,Fri
11:06:00,60,Blue Island/26th,,Sat
21:05:00,60,Blue Island/26th,,Sun
15:28:59,56,Milwaukee,,Mon,Tue,Wed,Thu,Fri
17:34:22,151,Sheridan,,Sun
18:45:30,60,Blue Island/26th,,Mon,Tue,Wed,Thu,Fri
13:51:21,151,Sheridan,,Mon,Tue,Wed,Thu,Fri
20:52:23,124,Navy Pier,,Sun
11:47:53,151,Sheridan,,Sun
04:01:00,20,Madison,,Mon,Tue,Wed,Thu,Fri
20:46:33,151,Sheridan,,Sat
18:13:30,60,Blue Island/26th,,Sat
13:44:48,J14,Jeffery Jump,,Sun
17:48:23,124,Navy Pier,,Sun
10:48:30,60,Blue Island/26th,,Mon,Tue,Wed,Thu,Fri
04:40:00,60,Blue Island/26th,,Sat
16:41:59,20,Madison,,Mon,Tue,Wed,Thu,Fri
19:06:26,124,Navy Pier,,Sun
17:11:58,J14,Jeffery Jump,,Mon,Tue,Wed,Thu,Fri
10:00:26,20,Madison,,Sat
09:44:00,60,Blue Island/26th,,Sun
11:20:23,20,Madison,,Sat
15:19:28,J14,Jeffery Jump,,Sat
14:34:48,J14,Jeffery Jump,,Sun
10:49:26,20,Madison,,Sun
17:01:13,56,Milwaukee,,Sun
19:22:48,J14,Jeffery Jump,,Sun
18:58:32,J14,Jeffery Jump,,Sat
23:05:31,20,Madison,,Sat
00:55:04,151,Sheridan,,Tue,Wed,Thu,Fri,Sat
17:13:13,J14,Jeffery Jump,,Sun
19:38:12,151,Sheridan,,Mon,Tue,Wed,Thu,Fri
07:46:04,157,Streeterville/Taylor,,Mon,Tue,Wed,Thu,Fri
19:34:29,56,Milwaukee,,Sat
07:25:00,60,Blue Island/26th,,Sun
13:26:43,56,Milwaukee,,Sun
19:18:13,151,Sheridan,,Sun
21:49:25,J14,Jeffery Jump,,Sat
09:46:32,56,Milwaukee,,Sun
04:01:00,20,Madison,,Sat
06:03:30,60,Blue Island/26th,,Sat
20:47:26,20,Madison,,Sun
08:23:30,60,Blue Island/26th,,Sun
03:37:00,20,Madison,,Mon,Tue,Wed,Thu,Fri
06:40:57,56,Milwaukee,,Sun
09:35:00,124,Navy Pier,,Sun
21:25:59,20,Madison,,Sun
13:43:10,157,Streeterville/Taylor,,Mon,Tue,Wed,Thu,Fri
23:18:01,20,Madison,,Sun
12:58:30,60,Blue Island/26th,,Mon,Tue,Wed,Thu,Fri
21:34:31,20,Madison,,Mon,Tue,Wed,Thu,Fri
03:40:00,20,Madison,,Sun
14:09:24,J14,Jeffery Jump,,Sat
20:18:30,60,Blue Island/26th,,Sun
07:55:37,56,Milwaukee,,Mon,Tue,Wed,Thu,Fri
10:00:30,60,Blue Island/26th,,Mon,Tue,Wed,Thu,Fri
17:25:43,56,Milwaukee,,Mon,Tue,Wed,Thu,Fri
15:17:20,56,Milwaukee,,Sat
00:40:00,60,Blue Island/26th,,Sun