arrival_time,route_short_name,route_long_name,headsign,service_days
18:11:43,126,Jackson,,Sun
16:42:50,147,Outer DuSable Lake Shore Express,,Sat
15:05:05,3,King Drive,,Mon,Tue,Wed,Thu,Fri
20:33:05,147,Outer DuSable Lake Shore Express,,Mon,Tue,Wed,Thu,Fri
08:03:14,4,Cottage Grove,,Sun
22:28:00,126,Jackson,,Sun
18:42:05,147,Outer DuSable Lake Shore Express,,Sun
14:51:06,4,Cottage Grove,,Mon,Tue,Wed,Thu,Fri
17:32:50,4,Cottage Grove,,Sat
14:34:53,J14,Jeffery Jump,,Sat
07:05:02,147,Outer DuSable Lake Shore Express,,Sun
23:37:12,J14,Jeffery Jump,,Sat
10:25:27,126,Jackson,,Mon,Tue,Wed,Thu,Fri
05:53:50,J14,Jeffery Jump,,Mon,Tue,Wed,Thu,Fri
14:59:14,X4,Cottage Grove Express,,Mon,Tue,Wed,Thu,Fri
05:12:21,147,Outer DuSable Lake Shore Express,,Mon,Tue,Wed,Thu,Fri
18:19:18,28,Stony Island,,Mon,Tue,Wed,Thu,Fri
18:08:23,J14,Jeffery Jump,,Sun
13:37:06,3,King Drive,,Mon,Tue,Wed,Thu,Fri
06:57:11,147,Outer DuSable Lake Shore Express,,Mon,Tue,Wed,Thu,Fri
08:21:01,J14,Jeffery Jump,,Sat
01:13:48,4,Cottage Grove,,Sun
14:48:38,3,King Drive,,Sun
21:00:11,147,Outer DuSable Lake Shore Express,,Sat
06:40:26,126,Jackson,,Sat
05:27:21,147,Outer DuSable Lake Shore Express,,Mon,Tue,Wed,Thu,Fri
18:06:36,3,King Drive,,Sat
12:21:01,7,Harrison,,Mon,Tue,Wed,Thu,Fri
18:53:05,126,Jackson,,Mon,Tue,Wed,Thu,Fri
12:03:12,J14,Jeffery Jump,,Sun
22:37:47,4,Cottage Grove,,Sat
11:10:08,4,Cottage Grove,,Sat
08:32:00,143,Stockton/Michigan Express,,Mon,Tue,Wed,Thu,Fri
14:55:39,126,Jackson,,Sun
12:36:11,4,Cottage Grove,,Sat
16:36:11,4,Cottage Grove,,Sat
10:20:29,4,Cottage Grove,,Mon,Tue,Wed,Thu,Fri
19:47:53,J14,Jeffery Jump,,Sun
12:18:41,4,Cottage Grove,,Sat
08:04:12,147,Outer DuSable Lake Shore Express,,Mon,Tue,Wed,Thu,Fri
15:01:29,4,Cottage Grove,,Sun
15:26:53,26,South Shore Express,,Mon,Tue,Wed,Thu,Fri
10:54:11,147,Outer DuSable Lake Shore Express,,Sun
13:37:08,3,King Drive,,Sun
11:23:12,J14,Jeffery Jump,,Sun
16:36:05,147,Outer DuSable Lake Shore Express,,Sun
16:26:15,J14,Jeffery Jump,,Mon,Tue,Wed,Thu,Fri
19:55:38,3,King Drive,,Sat
11:51:20,4,Cottage Grove,,Sat
18:55:38,3,King Drive,,Sat
16:07:46,28,Stony Island,,Mon,Tue,Wed,Thu,Fri
10:25:05,4,Cottage Grove,,Sun
19:48:45,J14,Jeffery Jump,,Mon,Tue,Wed,Thu,Fri
17:26:54,4,Cottage Grove,,Mon,Tue,Wed,Thu,Fri
06:03:20,J14,Jeffery Jump,,Mon,Tue,Wed,Thu,Fri
08:06:01,J14,Jeffery Jump,,Sat
06:47:44,4,Cottage Grove,,Mon,Tue,Wed,Thu,Fri
17:53:31,3,King Drive,,Mon,Tue,Wed,Thu,Fri
21:53:17,4,Cottage Grove,,Mon,Tue,Wed,Thu,Fri
21:29:05,147,Outer DuSable Lake Shore Express,,Sat
10:10:08,3,King Drive,,Mon,Tue,Wed,Thu,Fri
17:16:50,4,Cottage Grove,,Sat
20:49:29,4,Cottage Grove,,Sat
16:07:34,3,King Drive,,Mon,Tue,Wed,Thu,Fri
19:15:35,3,King Drive,,Mon,Tue,Wed,Thu,Fri
09:28:35,147,Outer DuSable Lake Shore Express,,Mon,Tue,Wed,Thu,Fri
20:15:38,3,King Drive,,Sat
15:21:34,3,King Drive,,Mon,Tue,Wed,Thu,Fri
15:34:15,J14,Jeffery Jump,,Mon,Tue,Wed,Thu,Fri
18:54:04,J14,Jeffery Jump,,Mon,Tue,Wed,Thu,Fri
19:21:41,4,Cottage Grove,,Mon,Tue,Wed,Thu,Fri
20:10:59,4,Cottage Grove,,Sat
08:21:05,126,Jackson,,Mon,Tue,Wed,Thu,Fri
14:01:00,147,Outer DuSable Lake Shore Express,,Sun
15:14:53,J14,Jeffery Jump,,Sat
06:44:22,X4,Cottage Grove Express,,Mon,Tue,Wed,Thu,Fri
21:56:09,3,King Drive,,Sat
12:20:06,3,King Drive,,Mon,Tue,Wed,Thu,Fri
17:45:05,147,Outer DuSable Lake Shore Express,,Sun
22:13:16,147,Outer DuSable Lake Shore Express,,Sat
07:43:12,3,King Drive,,Sat
16:54:08,3,King Drive,,Sun
10:41:27,126,Jackson,,Mon,Tue,Wed,Thu,Fri
15:00:20,147,Outer DuSable Lake Shore Express,,Sat
20:58:52,126,Jackson,,Sat
18:45:38,3,King Drive,,Sat
17:55:57,126,Jackson,,Mon,Tue,Wed,Thu,Fri
06:25:43,3,King Drive,,Sat
07:23:56,4,Cottage Grove,,Mon,Tue,Wed,Thu,Fri
20:42:23,J14,Jeffery Jump,,Sat
19:24:35,3,King Drive,,Mon,Tue,Wed,Thu,Fri
15:22:06,4,Cottage Grove,,Mon,Tue,Wed,Thu,Fri
06:05:43,3,King Drive,,Sat
13:59:42,J14,Jeffery Jump,,Sun
15:58:15,J14,Jeffery Jump,,Mon,Tue,Wed,Thu,Fri
22:09:53,J14,Jeffery Jump,,Sat
07:26:12,3,King Drive,,Sat
11:39:59,4,Cottage Grove,,Sat
20:16:05,147,Outer DuSable Lake Shore Express,,Mon,Tue,Wed,Thu,Fri
07:02:56,4,Cottage Grove,,Mon,Tue,Wed,Thu,Fri
17:05:12,X4,Cottage Grove Express,,Mon,Tue,Wed,Thu,Fri
09:57:12,147,Outer DuSable Lake Shore Express,,Mon,Tue,Wed,Thu,Fri
17:11:29,4,Cottage Grove,,Sun
11:48:22,126,Jackson,,Mon,Tue,Wed,Thu,Fri
20:27:12,J14,Jeffery Jump,,Sun
20:10:59,4,Cottage Grove,,Mon,Tue,Wed,Thu,Fri
20:41:59,4,Cottage Grove,,Mon,Tue,Wed,Thu,Fri
10:58:52,126,Jackson,,Mon,Tue,Wed,Thu,Fri
12:23:55,147,Outer DuSable Lake Shore Express,,Sat
06:39:31,J14,Jeffery Jump,,Mon,Tue,Wed,Thu,Fri
18:51:13,126,Jackson,,Sat
16:00:53,26,South Shore Express,,Mon,Tue,Wed,Thu,Fri
08:00:12,3,King Drive,,Sat
18:42:05,147,Outer DuSable Lake Shore Express,,Sun
11:59:38,3,King Drive,,Mon,Tue,Wed,Thu,Fri
08:49:38,3,King Drive,,Mon,Tue,Wed,Thu,Fri
13:26:14,4,Cottage Grove,,Mon,Tue,Wed,Thu,Fri
12:31:05,3,King Drive,,Sat
14:14:53,J14,Jeffery Jump,,Sat
12:20:35,3,King Drive,,Sat
18:44:12,J14,Jeffery Jump,,Sat
18:53:23,4,Cottage Grove,,Mon,Tue,Wed,Thu,Fri
16:59:57,J14,Jeffery Jump,,Mon,Tue,Wed,Thu,Fri
15:36:44,X4,Cottage Grove Express,,Mon,Tue,Wed,Thu,Fri
09:04:31,J14,Jeffery Jump,,Sun
14:57:06,3,King Drive,,Mon,Tue,Wed,Thu,Fri
20:23:54,26,South Shore Express,,Mon,Tue,Wed,Thu,Fri
10:15:18,126,Jackson,,Sun
17:00:47,1,Bronzeville/Union Station,,Mon,Tue,Wed,Thu,Fri
13:21:04,3,King Drive,,Sat
09:08:29,X4,Cottage Grove Express,,Mon,Tue,Wed,Thu,Fri
09:15:10,126,Jackson,,Mon,Tue,Wed,Thu,Fri
15:18:00,147,Outer DuSable Lake Shore Express,,Sun
20:17:42,J14,Jeffery Jump,,Sun
18:26:36,3,King Drive,,Sat
18:30:08,3,King Drive,,Sun
07:38:14,4,Cottage Grove,,Sun
17:43:18,28,Stony Island,,Mon,Tue,Wed,Thu,Fri
14:59:42,J14,Jeffery Jump,,Sun
16:25:55,147,Outer DuSable Lake Shore Express,,Mon,Tue,Wed,Thu,Fri
15:56:11,4,Cottage Grove,,Sat
14:18:06,3,King Drive,,Mon,Tue,Wed,Thu,Fri
13:26:25,147,Outer DuSable Lake Shore Express,,Sat
10:54:08,3,King Drive,,Sat
12:41:39,126,Jackson,,Sun
13:57:30,147,Outer DuSable Lake Shore Express,,Mon,Tue,Wed,Thu,Fri
12:38:35,147,Outer DuSable Lake Shore Express,,Mon,Tue,Wed,Thu,Fri
20:31:35,147,Outer DuSable Lake Shore Express,,Sat
02:13:48,4,Cottage Grove,,Tue,Wed,Thu,Fri,Sat
08:54:58,147,Outer DuSable Lake Shore Express,,Sat
16:31:59,4,Cottage Grove,,Sun
22:53:00,126,Jackson,,Sun
10:11:29,4,Cottage Grove,,Mon,Tue,Wed,Thu,Fri
16:58:23,J14,Jeffery Jump,,Sun
20:11:16,147,Outer DuSable Lake Shore Express,,Sun
08:43:01,7,Harrison,,Mon,Tue,Wed,Thu,Fri
10:32:08,3,King Drive,,Mon,Tue,Wed,Thu,Fri
13:52:04,J14,Jeffery Jump,,Mon,Tue,Wed,Thu,Fri
06:22:44,4,Cottage Grove,,Sun
11:03:39,3,King Drive,,Sun
13:37:14,4,Cottage Grove,,Mon,Tue,Wed,Thu,Fri
16:37:05,126,Jackson,,Mon,Tue,Wed,Thu,Fri
21:56:22,126,Jackson,,Sat
13:42:04,J14,Jeffery Jump,,Mon,Tue,Wed,Thu,Fri
07:03:58,147,Outer DuSable Lake Shore Express,,Mon,Tue,Wed,Thu,Fri
17:24:38,J14,Jeffery Jump,,Mon,Tue,Wed,Thu,Fri
17:45:44,147,Outer DuSable Lake Shore Express,,Mon,Tue,Wed,Thu,Fri
06:30:43,147,Outer DuSable Lake Shore Express,,Sat
12:36:14,4,Cottage Grove,,Mon,Tue,Wed,Thu,Fri
11:23:12,J14,Jeffery Jump,,Sun
20:00:36,3,King Drive,,Mon,Tue,Wed,Thu,Fri
15:29:23,J14,Jeffery Jump,,Sun
18:56:20,4,Cottage Grove,,Sat
17:48:50,4,Cottage Grove,,Sat
12:37:11,4,Cottage Grove,,Sat
06:18:31,4,Cottage Grove,,Mon,Tue,Wed,Thu,Fri
03:13:48,4,Cottage Grove,,Mon,Tue,Wed,Thu,Fri
13:19:09,126,Jackson,,Sun
19:29:13,126,Jackson,,Mon,Tue,Wed,Thu,Fri
21:16:40,3,King Drive,,Sun
19:15:38,3,King Drive,,Sat
16:01:52,126,Jackson,,Mon,Tue,Wed,Thu,Fri
20:37:45,J14,Jeffery Jump,,Mon,Tue,Wed,Thu,Fri
22:23:51,147,Outer DuSable Lake Shore Express,,Mon,Tue,Wed,Thu,Fri
18:41:29,4,Cottage Grove,,Sun
17:09:01,3,King Drive,,Mon,Tue,Wed,Thu,Fri
14:10:30,147,Outer DuSable Lake Shore Express,,Mon,Tue,Wed,Thu,Fri
17:55:44,7,Harrison,,Mon,Tue,Wed,Thu,Fri
20:17:45,J14,Jeffery Jump,,Mon,Tue,Wed,Thu,Fri
23:40:35,4,Cottage Grove,,Mon,Tue,Wed,Thu,Fri
07:51:26,X4,Cottage Grove Express,,Mon,Tue,Wed,Thu,Fri
09:49:05,147,Outer DuSable Lake Shore Express,,Sun
11:26:41,147,Outer DuSable Lake Shore Express,,Sun
23:09:31,J14,Jeffery Jump,,Mon,Tue,Wed,Thu,Fri
13:41:11,4,Cottage Grove,,Sat
05:42:51,147,Outer DuSable Lake Shore Express,,Sat
12:14:17,4,Cottage Grove,,Sun
14:57:01,126,Jackson,,Sat
05:51:00,126,Jackson,,Sat
15:16:11,4,Cottage Grove,,Sat
14:49:35,7,Harrison,,Mon,Tue,Wed,Thu,Fri
17:28:36,3,King Drive,,Sat
05:13:48,4,Cottage Grove,,Sun
19:28:59,4,Cottage Grove,,Sun
07:31:20,147,Outer DuSable Lake Shore Express,,Mon,Tue,Wed,Thu,Fri
12:27:55,147,Outer DuSable Lake Shore Express,,Mon,Tue,Wed,Thu,Fri
18:57:53,J14,Jeffery Jump,,Sun
12:10:41,147,Outer DuSable Lake Shore Express,,Sun
07:27:05,147,Outer DuSable Lake Shore Express,,Mon,Tue,Wed,Thu,Fri
09:03:30,143,Stockton/Michigan Express,,Mon,Tue,Wed,Thu,Fri
19:39:05,147,Outer DuSable Lake Shore Express,,Mon,Tue,Wed,Thu,Fri
15:17:11,4,Cottage Grove,,Sat
08:17:12,3,King Drive,,Sat
13:30:12,J14,Jeffery Jump,,Sun
16:28:09,X4,Cottage Grove Express,,Mon,Tue,Wed,Thu,Fri
18:51:59,4,Cottage Grove,,Sun
20:27:45,J14,Jeffery Jump,,Mon,Tue,Wed,Thu,Fri
17:17:24,4,Cottage Grove,,Mon,Tue,Wed,Thu,Fri
20:04:59,4,Cottage Grove,,Sun
17:30:18,28,Stony Island,,Mon,Tue,Wed,Thu,Fri
19:05:20,4,Cottage Grove,,Sat
11:17:01,7,Harrison,,Mon,Tue,Wed,Thu,Fri
18:07:18,28,Stony Island,,Mon,Tue,Wed,Thu,Fri
09:39:08,3,King Drive,,Mon,Tue,Wed,Thu,Fri
21:53:17,4,Cottage Grove,,Sat
21:56:09,3,King Drive,,Sat
08:31:01,J14,Jeffery Jump,,Sat
21:17:09,3,King Drive,,Sat
20:22:59,4,Cottage Grove,,Sun
06:46:22,4,Cottage Grove,,Sat
07:48:01,J14,Jeffery Jump,,Sat
12:53:11,4,Cottage Grove,,Sat
08:47:40,3,King Drive,,Sun
18:41:59,4,Cottage Grove,,Sun
13:15:23,J14,Jeffery Jump,,Sat
19:07:35,3,King Drive,,Mon,Tue,Wed,Thu,Fri
21:22:29,4,Cottage Grove,,Sun
16:27:14,147,Outer DuSable Lake Shore Express,,Sat
17:39:55,147,Outer DuSable Lake Shore Express,,Sat
17:37:36,3,King Drive,,Sat
06:16:00,126,Jackson,,Sat
18:27:35,3,King Drive,,Mon,Tue,Wed,Thu,Fri
09:28:40,3,King Drive,,Sun
09:57:35,7,Harrison,,Mon,Tue,Wed,Thu,Fri
14:25:38,3,King Drive,,Sun
12:04:52,126,Jackson,,Mon,Tue,Wed,Thu,Fri
14:12:04,J14,Jeffery Jump,,Mon,Tue,Wed,Thu,Fri
20:40:54,26,South Shore Express,,Mon,Tue,Wed,Thu,Fri
19:10:59,4,Cottage Grove,,Sun
15:53:34,3,King Drive,,Mon,Tue,Wed,Thu,Fri
19:03:04,J14,Jeffery Jump,,Mon,Tue,Wed,Thu,Fri
19:22:41,4,Cottage Grove,,Mon,Tue,Wed,Thu,Fri
13:46:25,147,Outer DuSable Lake Shore Express,,Mon,Tue,Wed,Thu,Fri
15:48:25,147,Outer DuSable Lake Shore Express,,Mon,Tue,Wed,Thu,Fri
16:33:09,126,Jackson,,Sun
13:47:36,3,King Drive,,Mon,Tue,Wed,Thu,Fri
17:01:40,7,Harrison,,Mon,Tue,Wed,Thu,Fri
05:39:35,126,Jackson,,Mon,Tue,Wed,Thu,Fri
14:39:57,126,Jackson,,Sat
11:03:12,J14,Jeffery Jump,,Sun
06:00:51,147,Outer DuSable Lake Shore Express,,Sat
17:05:12,X4,Cottage Grove Express,,Mon,Tue,Wed,Thu,Fri
17:07:03,4,Cottage Grove,,Mon,Tue,Wed,Thu,Fri
14:21:30,147,Outer DuSable Lake Shore Express,,Mon,Tue,Wed,Thu,Fri
14:56:00,147,Outer DuSable Lake Shore Express,,Sun
16:53:11,4,Cottage Grove,,Sat
23:00:18,126,Jackson,,Mon,Tue,Wed,Thu,Fri
17:31:25,147,Outer DuSable Lake Shore Express,,Sat
08:16:26,X4,Cottage Grove Express,,Mon,Tue,Wed,Thu,Fri
15:00:04,3,King Drive,,Sat
19:38:00,147,Outer DuSable Lake Shore Express,,Sat
10:08:23,J14,Jeffery Jump,,Sat
05:10:40,4,Cottage Grove,,Sat
07:09:41,147,Outer DuSable Lake Shore Express,,Mon,Tue,Wed,Thu,Fri
17:35:18,1,Bronzeville/Union Station,,Mon,Tue,Wed,Thu,Fri
13:46:25,147,Outer DuSable Lake Shore Express,,Mon,Tue,Wed,Thu,Fri
17:34:38,J14,Jeffery Jump,,Mon,Tue,Wed,Thu,Fri
13:42:04,J14,Jeffery Jump,,Mon,Tue,Wed,Thu,Fri
19:46:13,126,Jackson,,Sat
18:16:36,3,King Drive,,Sat
08:21:01,J14,Jeffery Jump,,Sat
18:01:59,4,Cottage Grove,,Sun
22:15:01,J14,Jeffery Jump,,Sun
14:11:59,4,Cottage Grove,,Sun
09:36:04,J14,Jeffery Jump,,Mon,Tue,Wed,Thu,Fri
16:33:34,26,South Shore Express,,Mon,Tue,Wed,Thu,Fri
09:11:29,4,Cottage Grove,,Mon,Tue,Wed,Thu,Fri
08:48:35,147,Outer DuSable Lake Shore Express,,Mon,Tue,Wed,Thu,Fri
20:27:12,J14,Jeffery Jump,,Sun
09:49:39,3,King Drive,,Sat
11:21:38,4,Cottage Grove,,Sat
12:31:05,3,King Drive,,Sat
17:29:38,J14,Jeffery Jump,,Mon,Tue,Wed,Thu,Fri
07:27:05,147,Outer DuSable Lake Shore Express,,Mon,Tue,Wed,Thu,Fri
16:58:23,J14,Jeffery Jump,,Sun
08:53:44,28,Stony Island,,Mon,Tue,Wed,Thu,Fri
10:24:04,J14,Jeffery Jump,,Mon,Tue,Wed,Thu,Fri
11:29:39,3,King Drive,,Sun
13:49:11,4,Cottage Grove,,Sat
08:39:05,4,Cottage Grove,,Sat
22:53:00,126,Jackson,,Sun
13:48:04,3,King Drive,,Sat
18:21:29,4,Cottage Grove,,Sun
08:56:14,1,Bronzeville/Union Station,,Mon,Tue,Wed,Thu,Fri
15:01:11,4,Cottage Grove,,Sat
21:24:46,147,Outer DuSable Lake Shore Express,,Sun
08:39:38,3,King Drive,,Mon,Tue,Wed,Thu,Fri
02:13:48,4,Cottage Grove,,Sun
20:09:36,3,King Drive,,Mon,Tue,Wed,Thu,Fri
20:31:59,4,Cottage Grove,,Mon,Tue,Wed,Thu,Fri
08:34:12,3,King Drive,,Sat
09:56:22,126,Jackson,,Mon,Tue,Wed,Thu,Fri
06:42:12,1,Bronzeville/Union Station,,Mon,Tue,Wed,Thu,Fri
05:16:35,126,Jackson,,Mon,Tue,Wed,Thu,Fri
13:51:59,4,Cottage Grove,,Sun
14:32:36,4,Cottage Grove,,Mon,Tue,Wed,Thu,Fri
09:35:35,4,Cottage Grove,,Sun
15:51:59,4,Cottage Grove,,Sun
14:33:30,147,Outer DuSable Lake Shore Express,,Mon,Tue,Wed,Thu,Fri
11:05:08,3,King Drive,,Mon,Tue,Wed,Thu,Fri
13:31:29,4,Cottage Grove,,Sun
18:51:35,3,King Drive,,Mon,Tue,Wed,Thu,Fri
11:52:04,J14,Jeffery Jump,,Mon,Tue,Wed,Thu,Fri
08:49:05,4,Cottage Grove,,Sat
17:20:35,126,Jackson,,Sat
21:36:31,J14,Jeffery Jump,,Sun
16:36:46,1,Bronzeville/Union Station,,Mon,Tue,Wed,Thu,Fri
02:43:48,4,Cottage Grove,,Mon
09:01:29,4,Cottage Grove,,Mon,Tue,Wed,Thu,Fri
11:18:35,3,King Drive,,Sat
06:11:50,J14,Jeffery Jump,,Mon,Tue,Wed,Thu,Fri
10:41:55,147,Outer DuSable Lake Shore Express,,Sat
08:36:31,126,Jackson,,Mon,Tue,Wed,Thu,Fri
17:17:44,147,Outer DuSable Lake Shore Express,,Mon,Tue,Wed,Thu,Fri
12:53:41,147,Outer DuSable Lake Shore Express,,Sun
11:14:41,147,Outer DuSable Lake Shore Express,,Sun
19:33:35,3,King Drive,,Mon,Tue,Wed,Thu,Fri
09:14:55,147,Outer DuSable Lake Shore Express,,Mon,Tue,Wed,Thu,Fri
15:12:06,4,Cottage Grove,,Mon,Tue,Wed,Thu,Fri
15:34:38,3,King Drive,,Sun
07:26:22,126,Jackson,,Sun
09:54:14,28,Stony Island,,Mon,Tue,Wed,Thu,Fri
16:54:34,J14,Jeffery Jump,,Sat
22:55:01,J14,Jeffery Jump,,Sun
19:29:30,147,Outer DuSable Lake Shore Express,,Sat
08:54:31,J14,Jeffery Jump,,Sun
17:14:25,147,Outer DuSable Lake Shore Express,,Sat
14:51:29,4,Cottage Grove,,Sun
19:17:53,J14,Jeffery Jump,,Sun
21:56:22,126,Jackson,,Sat
07:42:56,4,Cottage Grove,,Mon,Tue,Wed,Thu,Fri
05:52:56,7,Harrison,,Mon,Tue,Wed,Thu,Fri
16:50:20,147,Outer DuSable Lake Shore Express,,Sat
09:34:31,J14,Jeffery Jump,,Sun
23:17:12,J14,Jeffery Jump,,Sat
22:27:16,147,Outer DuSable Lake Shore Express,,Sat
09:04:39,126,Jackson,,Sat
23:00:12,J14,Jeffery Jump,,Sat
18:31:59,4,Cottage Grove,,Sun
07:47:50,147,Outer DuSable Lake Shore Express,,Mon,Tue,Wed,Thu,Fri
12:53:06,3,King Drive,,Mon,Tue,Wed,Thu,Fri
15:53:14,147,Outer DuSable Lake Shore Express,,Sat
09:08:44,28,Stony Island,,Mon,Tue,Wed,Thu,Fri
13:47:14,4,Cottage Grove,,Mon,Tue,Wed,Thu,Fri
07:22:40,3,King Drive,,Mon,Tue,Wed,Thu,Fri
12:46:14,4,Cottage Grove,,Mon,Tue,Wed,Thu,Fri
13:24:11,4,Cottage Grove,,Sat
14:06:04,3,King Drive,,Sat
19:57:18,7,Harrison,,Mon,Tue,Wed,Thu,Fri
18:11:43,126,Jackson,,Sun
12:20:35,3,King Drive,,Sat
12:51:12,J14,Jeffery Jump,,Sun
06:45:43,3,King Drive,,Sat
07:13:56,4,Cottage Grove,,Mon,Tue,Wed,Thu,Fri
08:58:31,7,Harrison,,Mon,Tue,Wed,Thu,Fri
13:04:41,147,Outer DuSable Lake Shore Express,,Sun
21:49:11,147,Outer DuSable Lake Shore Express,,Sat
14:59:15,J14,Jeffery Jump,,Mon,Tue,Wed,Thu,Fri
20:07:45,J14,Jeffery Jump,,Mon,Tue,Wed,Thu,Fri
18:32:50,4,Cottage Grove,,Sat
09:38:23,J14,Jeffery Jump,,Sat
10:47:35,147,Outer DuSable Lake Shore Express,,Mon,Tue,Wed,Thu,Fri
15:38:53,26,South Shore Express,,Mon,Tue,Wed,Thu,Fri
18:59:35,3,King Drive,,Mon,Tue,Wed,Thu,Fri
09:45:35,4,Cottage Grove,,Sun
18:06:36,3,King Drive,,Sat
07:27:18,126,Jackson,,Sat
07:03:58,147,Outer DuSable Lake Shore Express,,Mon,Tue,Wed,Thu,Fri
00:33:48,4,Cottage Grove,,Sun
08:04:43,3,King Drive,,Sun
09:06:34,J14,Jeffery Jump,,Mon,Tue,Wed,Thu,Fri
20:52:23,J14,Jeffery Jump,,Sat
17:51:29,4,Cottage Grove,,Sun
22:00:01,J14,Jeffery Jump,,Sun
21:41:05,126,Jackson,,Sun
08:30:05,4,Cottage Grove,,Sat
19:45:38,3,King Drive,,Sat
17:09:57,J14,Jeffery Jump,,Mon,Tue,Wed,Thu,Fri
13:33:11,4,Cottage Grove,,Sat
09:18:21,147,Outer DuSable Lake Shore Express,,Sun
20:58:52,126,Jackson,,Sun
18:14:47,1,Bronzeville/Union Station,,Mon,Tue,Wed,Thu,Fri
12:12:04,J14,Jeffery Jump,,Mon,Tue,Wed,Thu,Fri
08:38:44,28,Stony Island,,Mon,Tue,Wed,Thu,Fri
10:18:09,126,Jackson,,Sat
11:05:11,147,Outer DuSable Lake Shore Express,,Sun
08:29:25,147,Outer DuSable Lake Shore Express,,Mon,Tue,Wed,Thu,Fri
20:28:48,126,Jackson,,Mon,Tue,Wed,Thu,Fri
12:31:06,3,King Drive,,Mon,Tue,Wed,Thu,Fri
21:19:59,4,Cottage Grove,,Sat
18:11:27,J14,Jeffery Jump,,Mon,Tue,Wed,Thu,Fri
21:04:09,3,King Drive,,Sat
12:52:11,4,Cottage Grove,,Sat
18:40:05,26,South Shore Express,,Mon,Tue,Wed,Thu,Fri
21:45:16,147,Outer DuSable Lake Shore Express,,Sun
17:59:44,147,Outer DuSable Lake Shore Express,,Mon,Tue,Wed,Thu,Fri
13:04:41,147,Outer DuSable Lake Shore Express,,Sun
11:05:08,3,King Drive,,Mon,Tue,Wed,Thu,Fri
22:30:09,3,King Drive,,Mon,Tue,Wed,Thu,Fri
11:03:39,3,King Drive,,Sun
13:47:27,126,Jackson,,Sat
19:21:05,26,South Shore Express,,Mon,Tue,Wed,Thu,Fri
20:10:13,126,Jackson,,Mon,Tue,Wed,Thu,Fri
22:01:11,147,Outer DuSable Lake Shore Express,,Sat
07:26:26,X4,Cottage Grove Express,,Mon,Tue,Wed,Thu,Fri
18:30:55,147,Outer DuSable Lake Shore Express,,Sat
19:12:34,J14,Jeffery Jump,,Mon,Tue,Wed,Thu,Fri
15:57:38,3,King Drive,,Sun
11:54:17,4,Cottage Grove,,Sun
17:11:59,4,Cottage Grove,,Sun
12:06:14,4,Cottage Grove,,Mon,Tue,Wed,Thu,Fri
09:26:34,J14,Jeffery Jump,,Mon,Tue,Wed,Thu,Fri
10:00:29,4,Cottage Grove,,Mon,Tue,Wed,Thu,Fri
15:27:44,147,Outer DuSable Lake Shore Express,,Sat
10:21:08,3,King Drive,,Mon,Tue,Wed,Thu,Fri
08:41:01,J14,Jeffery Jump,,Sat
17:05:08,3,King Drive,,Sun
14:37:36,3,King Drive,,Mon,Tue,Wed,Thu,Fri
17:21:59,4,Cottage Grove,,Sun
16:51:29,4,Cottage Grove,,Sun
01:43:48,4,Cottage Grove,,Sun
18:10:20,4,Cottage Grove,,Sat
14:17:25,147,Outer DuSable Lake Shore Express,,Sat
17:55:51,4,Cottage Grove,,Mon,Tue,Wed,Thu,Fri
13:23:01,7,Harrison,,Mon,Tue,Wed,Thu,Fri
07:22:43,3,King Drive,,Sun
09:25:30,143,Stockton/Michigan Express,,Mon,Tue,Wed,Thu,Fri
18:40:50,4,Cottage Grove,,Sat
13:06:14,4,Cottage Grove,,Mon,Tue,Wed,Thu,Fri
14:36:09,126,Jackson,,Sun
18:35:35,3,King Drive,,Mon,Tue,Wed,Thu,Fri
17:05:55,147,Outer DuSable Lake Shore Express,,Sat
08:03:56,X4,Cottage Grove Express,,Mon,Tue,Wed,Thu,Fri
05:47:01,4,Cottage Grove,,Mon,Tue,Wed,Thu,Fri
19:09:43,126,Jackson,,Mon,Tue,Wed,Thu,Fri
15:52:30,147,Outer DuSable Lake Shore Express,,Sun
18:45:34,J14,Jeffery Jump,,Mon,Tue,Wed,Thu,Fri
19:22:05,147,Outer DuSable Lake Shore Express,,Mon,Tue,Wed,Thu,Fri
12:08:09,3,King Drive,,Sun
08:02:56,4,Cottage Grove,,Mon,Tue,Wed,Thu,Fri
15:17:35,7,Harrison,,Mon,Tue,Wed,Thu,Fri
21:02:23,J14,Jeffery Jump,,Sat
14:00:25,147,Outer DuSable Lake Shore Express,,Sat
17:16:10,26,South Shore Express,,Mon,Tue,Wed,Thu,Fri
21:27:16,147,Outer DuSable Lake Shore Express,,Mon,Tue,Wed,Thu,Fri
06:24:52,7,Harrison,,Mon,Tue,Wed,Thu,Fri
10:25:11,147,Outer DuSable Lake Shore Express,,Sun
14:51:04,3,King Drive,,Sat
12:41:39,126,Jackson,,Sun
16:13:39,126,Jackson,,Sun
17:57:05,126,Jackson,,Sat
11:18:23,J14,Jeffery Jump,,Sat
06:45:02,147,Outer DuSable Lake Shore Express,,Sun
11:58:55,147,Outer DuSable Lake Shore Express,,Mon,Tue,Wed,Thu,Fri
07:42:52,126,Jackson,,Mon,Tue,Wed,Thu,Fri
10:28:39,3,King Drive,,Sat
13:34:53,J14,Jeffery Jump,,Sat
12:47:55,147,Outer DuSable Lake Shore Express,,Mon,Tue,Wed,Thu,Fri
19:01:39,3,King Drive,,Sun
12:53:41,147,Outer DuSable Lake Shore Express,,Sun
01:43:48,4,Cottage Grove,,Sun
10:32:48,126,Jackson,,Sun
19:33:23,J14,Jeffery Jump,,Sat
08:28:41,147,Outer DuSable Lake Shore Express,,Sat
20:11:16,147,Outer DuSable Lake Shore Express,,Sun
20:52:23,J14,Jeffery Jump,,Sat
08:26:12,3,King Drive,,Sun
10:38:55,147,Outer DuSable Lake Shore Express,,Mon,Tue,Wed,Thu,Fri
21:31:38,3,King Drive,,Mon,Tue,Wed,Thu,Fri
10:28:23,J14,Jeffery Jump,,Sat
07:01:05,X4,Cottage Grove Express,,Mon,Tue,Wed,Thu,Fri
07:59:38,3,King Drive,,Mon,Tue,Wed,Thu,Fri
12:32:42,J14,Jeffery Jump,,Sun
01:17:48,4,Cottage Grove,,Mon
15:15:09,126,Jackson,,Sun
20:07:24,26,South Shore Express,,Mon,Tue,Wed,Thu,Fri
14:12:11,4,Cottage Grove,,Sat
20:47:12,J14,Jeffery Jump,,Sun
12:50:25,147,Outer DuSable Lake Shore Express,,Sat
12:26:14,4,Cottage Grove,,Mon,Tue,Wed,Thu,Fri
06:52:42,3,King Drive,,Mon,Tue,Wed,Thu,Fri
15:49:11,4,Cottage Grove,,Sat
15:36:25,147,Outer DuSable Lake Shore Express,,Mon,Tue,Wed,Thu,Fri
10:33:31,J14,Jeffery Jump,,Sun
23:37:12,J14,Jeffery Jump,,Sat
17:28:36,3,King Drive,,Sat
09:35:05,4,Cottage Grove,,Sun
18:30:55,147,Outer DuSable Lake Shore Express,,Sat
14:36:11,4,Cottage Grove,,Sat
11:20:08,4,Cottage Grove,,Sat
14:32:04,J14,Jeffery Jump,,Mon,Tue,Wed,Thu,Fri
17:48:25,147,Outer DuSable Lake Shore Express,,Sat
05:16:35,126,Jackson,,Mon,Tue,Wed,Thu,Fri
12:42:04,J14,Jeffery Jump,,Mon,Tue,Wed,Thu,Fri
17:16:57,126,Jackson,,Mon,Tue,Wed,Thu,Fri
11:50:35,3,King Drive,,Sat
07:45:51,147,Outer DuSable Lake Shore Express,,Sat
14:14:08,3,King Drive,,Sun
07:33:20,147,Outer DuSable Lake Shore Express,,Sat
14:39:42,J14,Jeffery Jump,,Sun
17:14:25,147,Outer DuSable Lake Shore Express,,Sat
15:21:59,4,Cottage Grove,,Sun
18:31:55,147,Outer DuSable Lake Shore Express,,Mon,Tue,Wed,Thu,Fri
17:16:50,4,Cottage Grove,,Sat
09:39:12,147,Outer DuSable Lake Shore Express,,Mon,Tue,Wed,Thu,Fri
16:44:34,J14,Jeffery Jump,,Sat
18:32:43,126,Jackson,,Sat
12:02:04,J14,Jeffery Jump,,Mon,Tue,Wed,Thu,Fri
15:09:15,J14,Jeffery Jump,,Mon,Tue,Wed,Thu,Fri
21:32:23,J14,Jeffery Jump,,Sat
13:40:11,4,Cottage Grove,,Sat
16:57:12,4,Cottage Grove,,Mon,Tue,Wed,Thu,Fri
18:16:36,3,King Drive,,Sat
01:13:48,4,Cottage Grove,,Tue,Wed,Thu,Fri,Sat
16:20:38,3,King Drive,,Sun
08:18:21,147,Outer DuSable Lake Shore Express,,Sun
12:06:04,J14,Jeffery Jump,,Sat
08:26:00,143,Stockton/Michigan Express,,Mon,Tue,Wed,Thu,Fri
17:11:05,3,King Drive,,Sat
18:32:13,126,Jackson,,Sun
09:33:25,147,Outer DuSable Lake Shore Express,,Mon,Tue,Wed,Thu,Fri
11:49:35,147,Outer DuSable Lake Shore Express,,Sat
17:04:34,J14,Jeffery Jump,,Sat
17:26:54,4,Cottage Grove,,Mon,Tue,Wed,Thu,Fri
17:02:35,3,King Drive,,Sat
15:05:22,126,Jackson,,Mon,Tue,Wed,Thu,Fri
16:33:34,26,South Shore Express,,Mon,Tue,Wed,Thu,Fri
09:08:40,3,King Drive,,Sun
16:19:46,28,Stony Island,,Mon,Tue,Wed,Thu,Fri
17:22:55,147,Outer DuSable Lake Shore Express,,Sat
11:10:29,4,Cottage Grove,,Mon,Tue,Wed,Thu,Fri
18:37:04,J14,Jeffery Jump,,Mon,Tue,Wed,Thu,Fri
13:37:06,3,King Drive,,Mon,Tue,Wed,Thu,Fri
15:10:50,147,Outer DuSable Lake Shore Express,,Sat
13:56:11,4,Cottage Grove,,Sat
10:44:04,J14,Jeffery Jump,,Mon,Tue,Wed,Thu,Fri
07:49:46,28,Stony Island,,Mon,Tue,Wed,Thu,Fri
17:34:38,J14,Jeffery Jump,,Mon,Tue,Wed,Thu,Fri
17:23:40,26,South Shore Express,,Mon,Tue,Wed,Thu,Fri
15:11:29,4,Cottage Grove,,Sun
16:46:33,3,King Drive,,Mon,Tue,Wed,Thu,Fri
07:09:41,147,Outer DuSable Lake Shore Express,,Mon,Tue,Wed,Thu,Fri
16:16:35,147,Outer DuSable Lake Shore Express,,Sun
23:09:31,J14,Jeffery Jump,,Mon,Tue,Wed,Thu,Fri
23:04:16,147,Outer DuSable Lake Shore Express,,Sun
21:26:38,4,Cottage Grove,,Mon,Tue,Wed,Thu,Fri
11:49:11,4,Cottage Grove,,Mon,Tue,Wed,Thu,Fri
13:44:53,J14,Jeffery Jump,,Sat
18:11:59,4,Cottage Grove,,Sun
16:41:29,4,Cottage Grove,,Sun
11:15:35,147,Outer DuSable Lake Shore Express,,Sat
14:37:08,3,King Drive,,Sun
08:21:00,143,Stockton/Michigan Express,,Mon,Tue,Wed,Thu,Fri
12:44:17,4,Cottage Grove,,Sun
12:21:52,126,Jackson,,Mon,Tue,Wed,Thu,Fri
19:42:36,3,King Drive,,Mon,Tue,Wed,Thu,Fri
08:07:12,J14,Jeffery Jump,,Mon,Tue,Wed,Thu,Fri
19:42:41,4,Cottage Grove,,Mon,Tue,Wed,Thu,Fri
20:51:09,3,King Drive,,Sat
18:32:46,1,Bronzeville/Union Station,,Mon,Tue,Wed,Thu,Fri
19:40:04,J14,Jeffery Jump,,Mon,Tue,Wed,Thu,Fri
08:24:05,147,Outer DuSable Lake Shore Express,,Mon,Tue,Wed,Thu,Fri
20:11:59,4,Cottage Grove,,Mon,Tue,Wed,Thu,Fri
08:19:38,3,King Drive,,Mon,Tue,Wed,Thu,Fri
14:33:36,4,Cottage Grove,,Mon,Tue,Wed,Thu,Fri
06:38:22,4,Cottage Grove,,Mon,Tue,Wed,Thu,Fri
21:36:53,J14,Jeffery Jump,,Mon,Tue,Wed,Thu,Fri
20:07:45,J14,Jeffery Jump,,Mon,Tue,Wed,Thu,Fri
10:21:08,3,King Drive,,Mon,Tue,Wed,Thu,Fri
13:13:38,4,Cottage Grove,,Sun
11:15:22,126,Jackson,,Mon,Tue,Wed,Thu,Fri
10:43:12,J14,Jeffery Jump,,Sun
13:09:25,147,Outer DuSable Lake Shore Express,,Sat
09:17:00,143,Stockton/Michigan Express,,Mon,Tue,Wed,Thu,Fri
19:05:38,3,King Drive,,Sat
14:16:06,4,Cottage Grove,,Mon,Tue,Wed,Thu,Fri
11:43:47,4,Cottage Grove,,Sun
15:05:22,126,Jackson,,Mon,Tue,Wed,Thu,Fri
21:19:41,147,Outer DuSable Lake Shore Express,,Sat
16:24:35,147,Outer DuSable Lake Shore Express,,Sun
18:35:38,3,King Drive,,Sat
08:41:01,J14,Jeffery Jump,,Sat
13:14:08,4,Cottage Grove,,Sun
04:43:48,4,Cottage Grove,,Mon,Tue,Wed,Thu,Fri
14:25:36,4,Cottage Grove,,Mon,Tue,Wed,Thu,Fri
20:56:53,J14,Jeffery Jump,,Mon,Tue,Wed,Thu,Fri
08:36:58,147,Outer DuSable Lake Shore Express,,Sat
20:20:59,4,Cottage Grove,,Mon,Tue,Wed,Thu,Fri
19:04:55,147,Outer DuSable Lake Shore Express,,Sat
13:47:36,3,King Drive,,Mon,Tue,Wed,Thu,Fri
06:28:31,4,Cottage Grove,,Mon,Tue,Wed,Thu,Fri
00:21:43,3,King Drive,,Tue,Wed,Thu,Fri,Sat
18:35:50,4,Cottage Grove,,Sat
16:14:34,J14,Jeffery Jump,,Sat
13:04:06,3,King Drive,,Mon,Tue,Wed,Thu,Fri
12:25:34,J14,Jeffery Jump,,Sat
07:55:21,147,Outer DuSable Lake Shore Express,,Sun
17:05:08,3,King Drive,,Sun
10:02:39,3,King Drive,,Sat
11:43:09,3,King Drive,,Sun
17:04:57,J14,Jeffery Jump,,Mon,Tue,Wed,Thu,Fri
22:13:16,147,Outer DuSable Lake Shore Express,,Sat
15:33:01,126,Jackson,,Sat
11:50:35,3,King Drive,,Sat
11:31:29,4,Cottage Grove,,Mon,Tue,Wed,Thu,Fri
22:34:17,4,Cottage Grove,,Sun
13:31:17,26,South Shore Express,,Mon,Tue,Wed,Thu,Fri
11:16:39,3,King Drive,,Sun
15:50:15,1,Bronzeville/Union Station,,Mon,Tue,Wed,Thu,Fri
09:39:51,147,Outer DuSable Lake Shore Express,,Sun
19:29:30,147,Outer DuSable Lake Shore Express,,Sat
21:56:09,3,King Drive,,Mon,Tue,Wed,Thu,Fri
09:08:29,X4,Cottage Grove Express,,Mon,Tue,Wed,Thu,Fri
15:29:30,147,Outer DuSable Lake Shore Express,,Sun
12:57:14,4,Cottage Grove,,Mon,Tue,Wed,Thu,Fri
14:33:04,3,King Drive,,Sat
14:31:59,4,Cottage Grove,,Sun
10:02:39,3,King Drive,,Sat
14:17:09,126,Jackson,,Sun
11:41:29,4,Cottage Grove,,Sat
19:52:41,4,Cottage Grove,,Mon,Tue,Wed,Thu,Fri
12:05:01,7,Harrison,,Mon,Tue,Wed,Thu,Fri
15:38:53,26,South Shore Express,,Mon,Tue,Wed,Thu,Fri
12:15:34,J14,Jeffery Jump,,Sat
18:43:20,4,Cottage Grove,,Sat
16:50:20,147,Outer DuSable Lake Shore Express,,Mon,Tue,Wed,Thu,Fri
09:34:30,143,Stockton/Michigan Express,,Mon,Tue,Wed,Thu,Fri
12:53:04,3,King Drive,,Sat
09:40:38,4,Cottage Grove,,Sat
19:42:20,4,Cottage Grove,,Sat
15:50:23,26,South Shore Express,,Mon,Tue,Wed,Thu,Fri
00:53:48,4,Cottage Grove,,Sun
14:51:04,3,King Drive,,Sat
17:51:43,126,Jackson,,Sun
17:55:57,126,Jackson,,Mon,Tue,Wed,Thu,Fri
18:14:23,J14,Jeffery Jump,,Sat
22:09:53,J14,Jeffery Jump,,Sat
12:20:39,3,King Drive,,Sun
06:24:42,1,Bronzeville/Union Station,,Mon,Tue,Wed,Thu,Fri
18:17:05,26,South Shore Express,,Mon,Tue,Wed,Thu,Fri
10:53:12,J14,Jeffery Jump,,Sun
20:13:23,J14,Jeffery Jump,,Sat
13:03:04,3,King Drive,,Sat
10:14:04,J14,Jeffery Jump,,Mon,Tue,Wed,Thu,Fri
09:07:13,147,Outer DuSable Lake Shore Express,,Sun
09:45:05,4,Cottage Grove,,Sun
07:12:56,4,Cottage Grove,,Mon,Tue,Wed,Thu,Fri
19:05:38,3,King Drive,,Sat
21:44:51,147,Outer DuSable Lake Shore Express,,Mon,Tue,Wed,Thu,Fri
15:42:04,3,King Drive,,Sat
15:46:08,3,King Drive,,Sun
14:41:59,4,Cottage Grove,,Sun
07:23:14,4,Cottage Grove,,Sun
06:17:22,4,Cottage Grove,,Sat
07:00:22,4,Cottage Grove,,Sat
07:33:14,1,Bronzeville/Union Station,,Mon,Tue,Wed,Thu,Fri
10:20:39,3,King Drive,,Sun
13:35:25,147,Outer DuSable Lake Shore Express,,Mon,Tue,Wed,Thu,Fri
11:25:25,147,Outer DuSable Lake Shore Express,,Sat
15:11:00,147,Outer DuSable Lake Shore Express,,Mon,Tue,Wed,Thu,Fri
15:44:44,147,Outer DuSable Lake Shore Express,,Sat
18:51:35,3,King Drive,,Mon,Tue,Wed,Thu,Fri
16:44:11,4,Cottage Grove,,Sat
15:11:44,X4,Cottage Grove Express,,Mon,Tue,Wed,Thu,Fri
15:00:08,3,King Drive,,Sun
16:01:52,126,Jackson,,Mon,Tue,Wed,Thu,Fri
13:22:04,J14,Jeffery Jump,,Mon,Tue,Wed,Thu,Fri
06:42:42,3,King Drive,,Mon,Tue,Wed,Thu,Fri
16:49:17,1,Bronzeville/Union Station,,Mon,Tue,Wed,Thu,Fri
20:37:22,126,Jackson,,Sun
11:47:55,147,Outer DuSable Lake Shore Express,,Mon,Tue,Wed,Thu,Fri
23:29:17,4,Cottage Grove,,Sun
09:10:12,J14,Jeffery Jump,,Sat
08:08:31,J14,Jeffery Jump,,Sun
09:08:56,4,Cottage Grove,,Sat
20:38:09,3,King Drive,,Sat
13:12:52,126,Jackson,,Mon,Tue,Wed,Thu,Fri
15:38:34,3,King Drive,,Mon,Tue,Wed,Thu,Fri
14:24:55,147,Outer DuSable Lake Shore Express,,Sat
15:54:09,126,Jackson,,Sun
20:37:22,126,Jackson,,Sun
22:28:00,126,Jackson,,Sun
17:45:05,147,Outer DuSable Lake Shore Express,,Sun
11:49:08,3,King Drive,,Mon,Tue,Wed,Thu,Fri
16:05:05,147,Outer DuSable Lake Shore Express,,Sun
07:44:00,143,Stockton/Michigan Express,,Mon,Tue,Wed,Thu,Fri
06:43:21,147,Outer DuSable Lake Shore Express,,Sat
17:08:40,26,South Shore Express,,Mon,Tue,Wed,Thu,Fri
09:29:38,3,King Drive,,Mon,Tue,Wed,Thu,Fri
17:15:35,7,Harrison,,Mon,Tue,Wed,Thu,Fri
22:55:40,3,King Drive,,Mon,Tue,Wed,Thu,Fri
03:43:48,4,Cottage Grove,,Sat
15:33:52,126,Jackson,,Mon,Tue,Wed,Thu,Fri
14:17:06,4,Cottage Grove,,Mon,Tue,Wed,Thu,Fri
22:35:01,J14,Jeffery Jump,,Sun
05:37:22,4,Cottage Grove,,Sat
12:20:06,3,King Drive,,Mon,Tue,Wed,Thu,Fri
07:17:09,7,Harrison,,Mon,Tue,Wed,Thu,Fri
24:04:43,3,King Drive,,Mon,Tue,Wed,Thu,Fri
09:55:04,J14,Jeffery Jump,,Mon,Tue,Wed,Thu,Fri
16:58:01,3,King Drive,,Mon,Tue,Wed,Thu,Fri
14:07:55,147,Outer DuSable Lake Shore Express,,Sat
22:11:53,J14,Jeffery Jump,,Mon,Tue,Wed,Thu,Fri
16:51:05,126,Jackson,,Mon,Tue,Wed,Thu,Fri
08:07:12,J14,Jeffery Jump,,Mon,Tue,Wed,Thu,Fri
24:04:43,3,King Drive,,Mon,Tue,Wed,Thu,Fri
16:54:57,J14,Jeffery Jump,,Mon,Tue,Wed,Thu,Fri
17:24:38,J14,Jeffery Jump,,Mon,Tue,Wed,Thu,Fri
10:21:29,4,Cottage Grove,,Mon,Tue,Wed,Thu,Fri
05:40:31,4,Cottage Grove,,Mon,Tue,Wed,Thu,Fri
15:38:34,3,King Drive,,Mon,Tue,Wed,Thu,Fri
20:23:13,126,Jackson,,Sat
16:45:22,7,Harrison,,Mon,Tue,Wed,Thu,Fri
09:39:12,147,Outer DuSable Lake Shore Express,,Mon,Tue,Wed,Thu,Fri
03:13:48,4,Cottage Grove,,Sat
15:11:06,4,Cottage Grove,,Mon,Tue,Wed,Thu,Fri
22:45:46,147,Outer DuSable Lake Shore Express,,Sun
02:43:48,4,Cottage Grove,,Sun
19:23:23,J14,Jeffery Jump,,Sat
15:49:04,J14,Jeffery Jump,,Sun
08:00:05,4,Cottage Grove,,Sat
10:35:35,4,Cottage Grove,,Sun
08:08:05,147,Outer DuSable Lake Shore Express,,Sat
01:43:48,4,Cottage Grove,,Mon
10:38:55,147,Outer DuSable Lake Shore Express,,Mon,Tue,Wed,Thu,Fri
19:22:05,147,Outer DuSable Lake Shore Express,,Mon,Tue,Wed,Thu,Fri
19:27:43,126,Jackson,,Sat
08:46:34,J14,Jeffery Jump,,Mon,Tue,Wed,Thu,Fri
06:00:51,147,Outer DuSable Lake Shore Express,,Sat
08:12:56,4,Cottage Grove,,Mon,Tue,Wed,Thu,Fri
10:51:29,4,Cottage Grove,,Mon,Tue,Wed,Thu,Fri
18:32:13,126,Jackson,,Sun
16:13:11,4,Cottage Grove,,Sat
08:26:00,143,Stockton/Michigan Express,,Mon,Tue,Wed,Thu,Fri
15:49:36,X4,Cottage Grove Express,,Mon,Tue,Wed,Thu,Fri
23:00:12,J14,Jeffery Jump,,Sat
19:57:53,J14,Jeffery Jump,,Sun
12:45:11,4,Cottage Grove,,Sat
07:50:44,1,Bronzeville/Union Station,,Mon,Tue,Wed,Thu,Fri
07:17:12,J14,Jeffery Jump,,Mon,Tue,Wed,Thu,Fri
13:29:52,126,Jackson,,Mon,Tue,Wed,Thu,Fri
05:12:21,147,Outer DuSable Lake Shore Express,,Mon,Tue,Wed,Thu,Fri
08:29:01,126,Jackson,,Mon,Tue,Wed,Thu,Fri
23:35:13,3,King Drive,,Mon,Tue,Wed,Thu,Fri
21:10:11,147,Outer DuSable Lake Shore Express,,Sat
11:42:25,147,Outer DuSable Lake Shore Express,,Sat
07:28:01,J14,Jeffery Jump,,Sat
17:56:35,147,Outer DuSable Lake Shore Express,,Sun
16:00:53,26,South Shore Express,,Mon,Tue,Wed,Thu,Fri
09:39:08,3,King Drive,,Mon,Tue,Wed,Thu,Fri
16:54:57,J14,Jeffery Jump,,Mon,Tue,Wed,Thu,Fri
06:42:13,7,Harrison,,Mon,Tue,Wed,Thu,Fri
11:58:41,147,Outer DuSable Lake Shore Express,,Sun
11:27:08,3,King Drive,,Mon,Tue,Wed,Thu,Fri
05:11:40,4,Cottage Grove,,Mon,Tue,Wed,Thu,Fri
19:12:39,3,King Drive,,Sun
17:29:38,J14,Jeffery Jump,,Mon,Tue,Wed,Thu,Fri
12:01:01,126,Jackson,,Sat
06:39:52,126,Jackson,,Sun
20:28:40,3,King Drive,,Sun
08:42:35,4,Cottage Grove,,Sun
22:36:26,126,Jackson,,Sat
10:54:04,J14,Jeffery Jump,,Mon,Tue,Wed,Thu,Fri
11:15:35,147,Outer DuSable Lake Shore Express,,Sat
14:51:04,J14,Jeffery Jump,,Mon,Tue,Wed,Thu,Fri
18:32:46,1,Bronzeville/Union Station,,Mon,Tue,Wed,Thu,Fri
22:43:51,147,Outer DuSable Lake Shore Express,,Mon,Tue,Wed,Thu,Fri
16:00:34,3,King Drive,,Mon,Tue,Wed,Thu,Fri
18:28:20,4,Cottage Grove,,Sat
12:42:12,J14,Jeffery Jump,,Sun
13:10:39,3,King Drive,,Sun
11:03:04,J14,Jeffery Jump,,Mon,Tue,Wed,Thu,Fri
09:23:47,4,Cottage Grove,,Sat
12:04:52,126,Jackson,,Mon,Tue,Wed,Thu,Fri
06:22:13,3,King Drive,,Mon,Tue,Wed,Thu,Fri
18:13:44,4,Cottage Grove,,Mon,Tue,Wed,Thu,Fri
14:44:53,J14,Jeffery Jump,,Sat
18:15:35,126,Jackson,,Sat
19:57:53,J14,Jeffery Jump,,Sun
15:46:34,3,King Drive,,Mon,Tue,Wed,Thu,Fri
19:12:41,4,Cottage Grove,,Mon,Tue,Wed,Thu,Fri
19:31:04,J14,Jeffery Jump,,Mon,Tue,Wed,Thu,Fri
14:42:25,147,Outer DuSable Lake Shore Express,,Sat
08:46:34,J14,Jeffery Jump,,Mon,Tue,Wed,Thu,Fri
10:05:09,3,King Drive,,Sun
18:06:03,3,King Drive,,Mon,Tue,Wed,Thu,Fri
15:33:57,7,Harrison,,Mon,Tue,Wed,Thu,Fri
18:09:05,126,Jackson,,Mon,Tue,Wed,Thu,Fri
14:12:04,J14,Jeffery Jump,,Mon,Tue,Wed,Thu,Fri
14:04:57,126,Jackson,,Sat
20:10:13,126,Jackson,,Mon,Tue,Wed,Thu,Fri
19:55:00,147,Outer DuSable Lake Shore Express,,Sat
07:22:56,4,Cottage Grove,,Mon,Tue,Wed,Thu,Fri
15:52:30,147,Outer DuSable Lake Shore Express,,Sun
08:37:30,143,Stockton/Michigan Express,,Mon,Tue,Wed,Thu,Fri
17:23:40,26,South Shore Express,,Mon,Tue,Wed,Thu,Fri
10:20:39,3,King Drive,,Sun
16:38:09,4,Cottage Grove,,Mon,Tue,Wed,Thu,Fri
06:21:20,J14,Jeffery Jump,,Mon,Tue,Wed,Thu,Fri
09:03:22,126,Jackson,,Sun
14:35:52,126,Jackson,,Mon,Tue,Wed,Thu,Fri
07:06:01,J14,Jeffery Jump,,Sat
20:17:45,J14,Jeffery Jump,,Mon,Tue,Wed,Thu,Fri
13:23:09,3,King Drive,,Sun
18:07:41,26,South Shore Express,,Mon,Tue,Wed,Thu,Fri
08:23:14,4,Cottage Grove,,Sun
21:34:54,26,South Shore Express,,Mon,Tue,Wed,Thu,Fri
15:34:04,3,King Drive,,Sat
08:56:14,1,Bronzeville/Union Station,,Mon,Tue,Wed,Thu,Fri
22:14:47,4,Cottage Grove,,Sat
17:36:31,3,King Drive,,Mon,Tue,Wed,Thu,Fri
14:12:00,147,Outer DuSable Lake Shore Express,,Sun
07:39:39,3,King Drive,,Mon,Tue,Wed,Thu,Fri
11:13:47,4,Cottage Grove,,Sun
09:40:29,4,Cottage Grove,,Mon,Tue,Wed,Thu,Fri
15:24:14,X4,Cottage Grove Express,,Mon,Tue,Wed,Thu,Fri
19:42:36,3,King Drive,,Mon,Tue,Wed,Thu,Fri
07:49:38,3,King Drive,,Mon,Tue,Wed,Thu,Fri
11:49:50,4,Cottage Grove,,Sat
08:13:14,4,Cottage Grove,,Sun
12:31:41,147,Outer DuSable Lake Shore Express,,Sun
16:27:14,147,Outer DuSable Lake Shore Express,,Sat
15:21:06,4,Cottage Grove,,Mon,Tue,Wed,Thu,Fri
10:00:39,126,Jackson,,Sat
08:51:12,3,King Drive,,Sat
22:19:17,4,Cottage Grove,,Sun
08:26:34,J14,Jeffery Jump,,Mon,Tue,Wed,Thu,Fri
17:46:50,4,Cottage Grove,,Sat
07:08:44,28,Stony Island,,Mon,Tue,Wed,Thu,Fri
15:09:42,J14,Jeffery Jump,,Sun
12:23:09,126,Jackson,,Sun
07:13:14,4,Cottage Grove,,Sat
19:28:18,7,Harrison,,Mon,Tue,Wed,Thu,Fri
07:06:01,J14,Jeffery Jump,,Sat
10:51:25,147,Outer DuSable Lake Shore Express,,Sat
05:12:10,4,Cottage Grove,,Mon,Tue,Wed,Thu,Fri
11:38:23,J14,Jeffery Jump,,Sat
10:58:23,J14,Jeffery Jump,,Sat
09:16:34,J14,Jeffery Jump,,Mon,Tue,Wed,Thu,Fri
22:22:47,4,Cottage Grove,,Mon,Tue,Wed,Thu,Fri
17:36:54,4,Cottage Grove,,Mon,Tue,Wed,Thu,Fri
20:10:29,4,Cottage Grove,,Sat
08:04:46,28,Stony Island,,Mon,Tue,Wed,Thu,Fri
08:38:21,147,Outer DuSable Lake Shore Express,,Sun
06:54:35,4,Cottage Grove,,Mon,Tue,Wed,Thu,Fri
21:53:17,4,Cottage Grove,,Sat
11:53:12,J14,Jeffery Jump,,Sun
21:18:36,3,King Drive,,Mon,Tue,Wed,Thu,Fri
04:43:48,4,Cottage Grove,,Sat
05:57:52,4,Cottage Grove,,Sat
18:39:25,147,Outer DuSable Lake Shore Express,,Sat
22:09:09,3,King Drive,,Sat
17:58:23,J14,Jeffery Jump,,Sun
12:10:41,147,Outer DuSable Lake Shore Express,,Sun
16:13:39,126,Jackson,,Sun
10:58:55,147,Outer DuSable Lake Shore Express,,Mon,Tue,Wed,Thu,Fri
13:52:04,J14,Jeffery Jump,,Mon,Tue,Wed,Thu,Fri
15:15:01,126,Jackson,,Sat
19:51:36,3,King Drive,,Mon,Tue,Wed,Thu,Fri
06:15:56,126,Jackson,,Sun
21:52:47,4,Cottage Grove,,Mon,Tue,Wed,Thu,Fri
12:32:04,J14,Jeffery Jump,,Mon,Tue,Wed,Thu,Fri
23:23:46,147,Outer DuSable Lake Shore Express,,Sun
13:03:04,3,King Drive,,Sat
11:08:48,126,Jackson,,Sun
19:02:02,4,Cottage Grove,,Mon,Tue,Wed,Thu,Fri
08:18:21,147,Outer DuSable Lake Shore Express,,Sun
18:08:05,147,Outer DuSable Lake Shore Express,,Sun
21:58:53,J14,Jeffery Jump,,Mon,Tue,Wed,Thu,Fri
08:45:43,126,Jackson,,Sat
11:13:12,J14,Jeffery Jump,,Sun
22:45:42,3,King Drive,,Sun
16:35:44,147,Outer DuSable Lake Shore Express,,Sat
14:35:35,7,Harrison,,Mon,Tue,Wed,Thu,Fri
13:53:35,7,Harrison,,Mon,Tue,Wed,Thu,Fri
14:56:00,147,Outer DuSable Lake Shore Express,,Sun
15:59:48,4,Cottage Grove,,Mon,Tue,Wed,Thu,Fri
06:52:42,3,King Drive,,Mon,Tue,Wed,Thu,Fri
12:06:04,J14,Jeffery Jump,,Sat
10:47:35,147,Outer DuSable Lake Shore Express,,Mon,Tue,Wed,Thu,Fri
17:00:40,26,South Shore Express,,Mon,Tue,Wed,Thu,Fri
12:13:47,4,Cottage Grove,,Sun
15:44:34,J14,Jeffery Jump,,Sat
10:53:01,126,Jackson,,Sat
12:09:36,3,King Drive,,Mon,Tue,Wed,Thu,Fri
14:02:52,126,Jackson,,Mon,Tue,Wed,Thu,Fri
16:36:46,1,Bronzeville/Union Station,,Mon,Tue,Wed,Thu,Fri
16:52:30,X4,Cottage Grove Express,,Mon,Tue,Wed,Thu,Fri
18:34:12,J14,Jeffery Jump,,Sat
21:44:51,147,Outer DuSable Lake Shore Express,,Mon,Tue,Wed,Thu,Fri
12:02:04,J14,Jeffery Jump,,Mon,Tue,Wed,Thu,Fri
08:27:21,147,Outer DuSable Lake Shore Express,,Sun
14:52:11,4,Cottage Grove,,Sat
20:44:40,3,King Drive,,Sun
06:02:22,4,Cottage Grove,,Sun
20:52:05,147,Outer DuSable Lake Shore Express,,Mon,Tue,Wed,Thu,Fri
12:37:14,4,Cottage Grove,,Mon,Tue,Wed,Thu,Fri
20:48:36,3,King Drive,,Mon,Tue,Wed,Thu,Fri
11:06:36,3,King Drive,,Sat
12:53:47,4,Cottage Grove,,Sun
15:33:01,126,Jackson,,Sat
16:33:09,126,Jackson,,Sun
20:07:42,J14,Jeffery Jump,,Sun
06:33:12,3,King Drive,,Mon,Tue,Wed,Thu,Fri
20:40:48,126,Jackson,,Sat
17:40:10,26,South Shore Express,,Mon,Tue,Wed,Thu,Fri
17:38:08,3,King Drive,,Sun
10:54:11,147,Outer DuSable Lake Shore Express,,Sun
10:41:29,4,Cottage Grove,,Mon,Tue,Wed,Thu,Fri
14:41:06,4,Cottage Grove,,Mon,Tue,Wed,Thu,Fri
12:16:25,147,Outer DuSable Lake Shore Express,,Sat
17:46:54,4,Cottage Grove,,Mon,Tue,Wed,Thu,Fri
23:39:42,3,King Drive,,Sat
11:05:11,147,Outer DuSable Lake Shore Express,,Sun
08:21:14,1,Bronzeville/Union Station,,Mon,Tue,Wed,Thu,Fri
16:06:45,1,Bronzeville/Union Station,,Mon,Tue,Wed,Thu,Fri
07:39:21,147,Outer DuSable Lake Shore Express,,Sun
11:32:04,J14,Jeffery Jump,,Mon,Tue,Wed,Thu,Fri
13:05:23,J14,Jeffery Jump,,Sat
13:00:09,126,Jackson,,Sun
09:43:42,147,Outer DuSable Lake Shore Express,,Mon,Tue,Wed,Thu,Fri
16:01:44,147,Outer DuSable Lake Shore Express,,Sat
17:22:05,147,Outer DuSable Lake Shore Express,,Sun
06:38:22,4,Cottage Grove,,Mon,Tue,Wed,Thu,Fri
21:16:53,J14,Jeffery Jump,,Mon,Tue,Wed,Thu,Fri
06:16:00,126,Jackson,,Sat
05:53:50,J14,Jeffery Jump,,Mon,Tue,Wed,Thu,Fri
12:36:01,126,Jackson,,Sat
10:44:04,J14,Jeffery Jump,,Mon,Tue,Wed,Thu,Fri
10:30:29,4,Cottage Grove,,Mon,Tue,Wed,Thu,Fri
17:08:41,4,Cottage Grove,,Sat
08:26:34,J14,Jeffery Jump,,Mon,Tue,Wed,Thu,Fri
12:32:04,J14,Jeffery Jump,,Mon,Tue,Wed,Thu,Fri
08:03:56,4,Cottage Grove,,Mon,Tue,Wed,Thu,Fri
18:17:53,J14,Jeffery Jump,,Sun
18:16:14,X4,Cottage Grove Express,,Mon,Tue,Wed,Thu,Fri
12:03:12,J14,Jeffery Jump,,Sun
16:27:01,126,Jackson,,Sat
17:31:29,4,Cottage Grove,,Sun
17:28:23,J14,Jeffery Jump,,Sun
16:06:45,1,Bronzeville/Union Station,,Mon,Tue,Wed,Thu,Fri
17:09:11,4,Cottage Grove,,Sat
18:35:35,3,King Drive,,Mon,Tue,Wed,Thu,Fri
23:56:44,4,Cottage Grove,,Sat
08:25:05,7,Harrison,,Mon,Tue,Wed,Thu,Fri
14:46:00,147,Outer DuSable Lake Shore Express,,Mon,Tue,Wed,Thu,Fri
10:20:05,147,Outer DuSable Lake Shore Express,,Mon,Tue,Wed,Thu,Fri
15:24:11,4,Cottage Grove,,Sat
08:32:00,143,Stockton/Michigan Express,,Mon,Tue,Wed,Thu,Fri
18:37:53,J14,Jeffery Jump,,Sun
11:42:25,147,Outer DuSable Lake Shore Express,,Sat
20:48:36,3,King Drive,,Mon,Tue,Wed,Thu,Fri
23:24:13,3,King Drive,,Sun
16:11:29,4,Cottage Grove,,Sun
15:00:04,3,King Drive,,Sat
16:00:34,3,King Drive,,Mon,Tue,Wed,Thu,Fri
09:03:22,126,Jackson,,Sun
10:34:05,147,Outer DuSable Lake Shore Express,,Sat
20:31:35,147,Outer DuSable Lake Shore Express,,Sat
07:38:14,4,Cottage Grove,,Sun
13:12:04,J14,Jeffery Jump,,Mon,Tue,Wed,Thu,Fri
08:10:40,126,Jackson,,Mon,Tue,Wed,Thu,Fri
08:36:05,147,Outer DuSable Lake Shore Express,,Mon,Tue,Wed,Thu,Fri
16:59:57,J14,Jeffery Jump,,Mon,Tue,Wed,Thu,Fri
08:58:31,7,Harrison,,Mon,Tue,Wed,Thu,Fri
14:34:00,147,Outer DuSable Lake Shore Express,,Sun
18:47:53,J14,Jeffery Jump,,Sun
12:55:52,126,Jackson,,Mon,Tue,Wed,Thu,Fri
19:26:46,147,Outer DuSable Lake Shore Express,,Sun
00:33:48,4,Cottage Grove,,Mon
17:24:34,J14,Jeffery Jump,,Sat
17:17:33,X4,Cottage Grove Express,,Mon,Tue,Wed,Thu,Fri
13:02:04,J14,Jeffery Jump,,Mon,Tue,Wed,Thu,Fri
18:16:14,X4,Cottage Grove Express,,Mon,Tue,Wed,Thu,Fri
17:42:01,3,King Drive,,Mon,Tue,Wed,Thu,Fri
22:17:18,126,Jackson,,Mon,Tue,Wed,Thu,Fri
17:01:29,4,Cottage Grove,,Sun
02:13:48,4,Cottage Grove,,Tue,Wed,Thu,Fri,Sat
16:40:20,28,Stony Island,,Mon,Tue,Wed,Thu,Fri
23:47:43,3,King Drive,,Mon,Tue,Wed,Thu,Fri
07:37:05,4,Cottage Grove,,Sat
08:53:25,147,Outer DuSable Lake Shore Express,,Mon,Tue,Wed,Thu,Fri
20:17:42,J14,Jeffery Jump,,Sun
22:38:48,126,Jackson,,Mon,Tue,Wed,Thu,Fri
17:08:40,26,South Shore Express,,Mon,Tue,Wed,Thu,Fri
16:29:11,4,Cottage Grove,,Sat
23:37:17,4,Cottage Grove,,Sat
07:22:40,3,King Drive,,Mon,Tue,Wed,Thu,Fri
08:33:14,4,Cottage Grove,,Sun
12:33:47,4,Cottage Grove,,Sun
17:19:36,3,King Drive,,Sat
19:17:53,J14,Jeffery Jump,,Sun
16:00:04,3,King Drive,,Sat
11:50:11,4,Cottage Grove,,Mon,Tue,Wed,Thu,Fri
13:41:29,4,Cottage Grove,,Sun
12:52:01,7,Harrison,,Mon,Tue,Wed,Thu,Fri
12:31:41,147,Outer DuSable Lake Shore Express,,Sun
11:48:41,147,Outer DuSable Lake Shore Express,,Sun
05:43:50,J14,Jeffery Jump,,Mon,Tue,Wed,Thu,Fri
11:42:04,J14,Jeffery Jump,,Mon,Tue,Wed,Thu,Fri
15:41:00,147,Outer DuSable Lake Shore Express,,Sun
11:38:55,147,Outer DuSable Lake Shore Express,,Mon,Tue,Wed,Thu,Fri
09:15:35,4,Cottage Grove,,Sun
17:38:23,J14,Jeffery Jump,,Sun
06:08:43,3,King Drive,,Mon,Tue,Wed,Thu,Fri
19:46:13,126,Jackson,,Sat
21:22:23,J14,Jeffery Jump,,Sat
09:55:05,4,Cottage Grove,,Sun
16:24:34,J14,Jeffery Jump,,Sat
08:41:26,X4,Cottage Grove Express,,Mon,Tue,Wed,Thu,Fri
15:01:06,4,Cottage Grove,,Mon,Tue,Wed,Thu,Fri
11:27:35,147,Outer DuSable Lake Shore Express,,Mon,Tue,Wed,Thu,Fri
07:21:26,147,Outer DuSable Lake Shore Express,,Sat
15:11:44,X4,Cottage Grove Express,,Mon,Tue,Wed,Thu,Fri
12:55:52,126,Jackson,,Mon,Tue,Wed,Thu,Fri
17:42:01,3,King Drive,,Mon,Tue,Wed,Thu,Fri
20:33:23,J14,Jeffery Jump,,Sat
22:07:09,3,King Drive,,Mon,Tue,Wed,Thu,Fri
13:37:41,147,Outer DuSable Lake Shore Express,,Sun
16:18:04,3,King Drive,,Sat
17:10:35,147,Outer DuSable Lake Shore Express,,Sun
08:43:30,143,Stockton/Michigan Express,,Mon,Tue,Wed,Thu,Fri
08:16:34,J14,Jeffery Jump,,Mon,Tue,Wed,Thu,Fri
06:56:01,126,Jackson,,Mon,Tue,Wed,Thu,Fri
15:33:57,7,Harrison,,Mon,Tue,Wed,Thu,Fri
10:32:48,126,Jackson,,Sun
23:04:13,3,King Drive,,Sun
08:48:35,147,Outer DuSable Lake Shore Express,,Mon,Tue,Wed,Thu,Fri
20:00:36,3,King Drive,,Mon,Tue,Wed,Thu,Fri
21:40:56,7,Harrison,,Mon,Tue,Wed,Thu,Fri
09:03:30,143,Stockton/Michigan Express,,Mon,Tue,Wed,Thu,Fri
10:35:39,3,King Drive,,Sun
18:47:55,147,Outer DuSable Lake Shore Express,,Sat
11:27:35,147,Outer DuSable Lake Shore Express,,Mon,Tue,Wed,Thu,Fri
12:33:05,147,Outer DuSable Lake Shore Express,,Sat
17:47:18,1,Bronzeville/Union Station,,Mon,Tue,Wed,Thu,Fri
13:48:41,147,Outer DuSable Lake Shore Express,,Sun
20:22:59,4,Cottage Grove,,Sun
16:43:08,3,King Drive,,Sun
13:00:09,126,Jackson,,Sun
17:46:36,3,King Drive,,Sat
18:51:29,4,Cottage Grove,,Sun
05:45:43,3,King Drive,,Sat
20:38:36,3,King Drive,,Mon,Tue,Wed,Thu,Fri
12:08:09,3,King Drive,,Sun
16:21:29,4,Cottage Grove,,Sun
13:48:41,147,Outer DuSable Lake Shore Express,,Sun
14:33:30,147,Outer DuSable Lake Shore Express,,Mon,Tue,Wed,Thu,Fri
07:02:42,3,King Drive,,Mon,Tue,Wed,Thu,Fri
09:51:00,147,Outer DuSable Lake Shore Express,,Mon,Tue,Wed,Thu,Fri
20:13:59,4,Cottage Grove,,Sun
16:19:04,J14,Jeffery Jump,,Sun
19:41:20,4,Cottage Grove,,Sat
21:00:59,4,Cottage Grove,,Mon,Tue,Wed,Thu,Fri
15:12:15,1,Bronzeville/Union Station,,Mon,Tue,Wed,Thu,Fri
17:03:31,3,King Drive,,Mon,Tue,Wed,Thu,Fri
19:12:39,3,King Drive,,Sun
21:09:11,147,Outer DuSable Lake Shore Express,,Mon,Tue,Wed,Thu,Fri
13:57:11,4,Cottage Grove,,Sat
21:55:48,126,Jackson,,Mon,Tue,Wed,Thu,Fri
07:03:18,126,Jackson,,Sun
09:23:44,28,Stony Island,,Mon,Tue,Wed,Thu,Fri
13:57:30,147,Outer DuSable Lake Shore Express,,Mon,Tue,Wed,Thu,Fri
07:59:05,4,Cottage Grove,,Sat
17:10:35,147,Outer DuSable Lake Shore Express,,Sun
05:51:26,126,Jackson,,Sun
13:31:17,26,South Shore Express,,Mon,Tue,Wed,Thu,Fri
17:11:05,3,King Drive,,Sat
12:10:35,3,King Drive,,Sat
19:55:38,3,King Drive,,Sat
13:56:14,4,Cottage Grove,,Mon,Tue,Wed,Thu,Fri
12:00:35,3,King Drive,,Sat
14:06:14,4,Cottage Grove,,Mon,Tue,Wed,Thu,Fri
17:37:36,3,King Drive,,Sat
15:19:52,126,Jackson,,Mon,Tue,Wed,Thu,Fri
07:27:12,J14,Jeffery Jump,,Mon,Tue,Wed,Thu,Fri
23:35:13,3,King Drive,,Mon,Tue,Wed,Thu,Fri
06:25:43,3,King Drive,,Sat
08:59:05,4,Cottage Grove,,Sat
21:49:42,3,King Drive,,Sun
01:43:48,4,Cottage Grove,,Tue,Wed,Thu,Fri,Sat
16:24:16,1,Bronzeville/Union Station,,Mon,Tue,Wed,Thu,Fri
09:54:14,28,Stony Island,,Mon,Tue,Wed,Thu,Fri
07:06:12,3,King Drive,,Sat
15:44:44,147,Outer DuSable Lake Shore Express,,Sat
18:23:48,126,Jackson,,Mon,Tue,Wed,Thu,Fri
17:44:34,J14,Jeffery Jump,,Sat
11:33:01,7,Harrison,,Mon,Tue,Wed,Thu,Fri
10:13:39,7,Harrison,,Mon,Tue,Wed,Thu,Fri
07:31:40,3,King Drive,,Mon,Tue,Wed,Thu,Fri
19:19:59,4,Cottage Grove,,Sun
17:20:01,3,King Drive,,Mon,Tue,Wed,Thu,Fri
16:19:04,J14,Jeffery Jump,,Sun
20:28:36,3,King Drive,,Mon,Tue,Wed,Thu,Fri
10:15:05,4,Cottage Grove,,Sun
19:01:29,4,Cottage Grove,,Sun
13:10:12,J14,Jeffery Jump,,Sun
15:26:15,J14,Jeffery Jump,,Mon,Tue,Wed,Thu,Fri
13:57:09,126,Jackson,,Sun
09:27:13,147,Outer DuSable Lake Shore Express,,Sun
18:43:18,28,Stony Island,,Mon,Tue,Wed,Thu,Fri
06:00:35,126,Jackson,,Mon,Tue,Wed,Thu,Fri
16:36:04,3,King Drive,,Sat
16:15:39,X4,Cottage Grove Express,,Mon,Tue,Wed,Thu,Fri
08:06:48,126,Jackson,,Sat
17:39:38,J14,Jeffery Jump,,Mon,Tue,Wed,Thu,Fri
13:57:09,126,Jackson,,Sun
17:41:59,4,Cottage Grove,,Sun
10:01:38,4,Cottage Grove,,Sat
14:29:42,J14,Jeffery Jump,,Sun
17:03:50,147,Outer DuSable Lake Shore Express,,Mon,Tue,Wed,Thu,Fri
23:47:43,3,King Drive,,Mon,Tue,Wed,Thu,Fri
16:40:33,3,King Drive,,Mon,Tue,Wed,Thu,Fri
20:23:00,147,Outer DuSable Lake Shore Express,,Sat
17:43:40,7,Harrison,,Mon,Tue,Wed,Thu,Fri
11:13:04,J14,Jeffery Jump,,Mon,Tue,Wed,Thu,Fri
21:18:36,3,King Drive,,Mon,Tue,Wed,Thu,Fri
23:22:17,4,Cottage Grove,,Sat
07:38:20,147,Outer DuSable Lake Shore Express,,Mon,Tue,Wed,Thu,Fri
09:11:58,147,Outer DuSable Lake Shore Express,,Sat
17:39:55,147,Outer DuSable Lake Shore Express,,Sat
17:19:36,3,King Drive,,Sat
19:01:59,4,Cottage Grove,,Sun
10:02:16,147,Outer DuSable Lake Shore Express,,Sun
20:46:53,J14,Jeffery Jump,,Mon,Tue,Wed,Thu,Fri
13:33:55,147,Outer DuSable Lake Shore Express,,Sat
17:59:33,3,King Drive,,Mon,Tue,Wed,Thu,Fri
08:18:11,147,Outer DuSable Lake Shore Express,,Sat
15:09:11,4,Cottage Grove,,Sat
14:42:47,26,South Shore Express,,Mon,Tue,Wed,Thu,Fri
11:27:08,3,King Drive,,Mon,Tue,Wed,Thu,Fri
10:01:29,4,Cottage Grove,,Mon,Tue,Wed,Thu,Fri
10:34:11,147,Outer DuSable Lake Shore Express,,Sun
08:55:08,X4,Cottage Grove Express,,Mon,Tue,Wed,Thu,Fri
10:15:42,147,Outer DuSable Lake Shore Express,,Sat
09:38:11,147,Outer DuSable Lake Shore Express,,Sat
15:18:15,J14,Jeffery Jump,,Mon,Tue,Wed,Thu,Fri
12:10:11,4,Cottage Grove,,Sat
13:00:42,J14,Jeffery Jump,,Sun
10:28:23,J14,Jeffery Jump,,Sat
05:43:51,147,Outer DuSable Lake Shore Express,,Mon,Tue,Wed,Thu,Fri
14:23:00,147,Outer DuSable Lake Shore Express,,Sun
14:37:36,3,King Drive,,Mon,Tue,Wed,Thu,Fri
10:24:55,147,Outer DuSable Lake Shore Express,,Sat
12:18:31,126,Jackson,,Sat
05:54:01,4,Cottage Grove,,Mon,Tue,Wed,Thu,Fri
21:01:59,4,Cottage Grove,,Sun
10:28:05,7,Harrison,,Mon,Tue,Wed,Thu,Fri
12:18:55,147,Outer DuSable Lake Shore Express,,Mon,Tue,Wed,Thu,Fri
17:54:34,J14,Jeffery Jump,,Sat
14:34:25,147,Outer DuSable Lake Shore Express,,Sat
11:33:47,4,Cottage Grove,,Sun
12:06:35,147,Outer DuSable Lake Shore Express,,Sat
13:43:25,147,Outer DuSable Lake Shore Express,,Sat
23:18:30,126,Jackson,,Sun
17:11:43,126,Jackson,,Sun
09:05:35,4,Cottage Grove,,Sun
11:13:04,J14,Jeffery Jump,,Mon,Tue,Wed,Thu,Fri
11:00:38,4,Cottage Grove,,Sat
06:22:44,4,Cottage Grove,,Sun
11:32:04,J14,Jeffery Jump,,Mon,Tue,Wed,Thu,Fri
15:31:59,4,Cottage Grove,,Sun
15:59:48,4,Cottage Grove,,Mon,Tue,Wed,Thu,Fri
08:29:38,3,King Drive,,Mon,Tue,Wed,Thu,Fri
20:18:36,3,King Drive,,Mon,Tue,Wed,Thu,Fri
15:36:25,147,Outer DuSable Lake Shore Express,,Mon,Tue,Wed,Thu,Fri
06:58:42,1,Bronzeville/Union Station,,Mon,Tue,Wed,Thu,Fri
17:45:44,147,Outer DuSable Lake Shore Express,,Mon,Tue,Wed,Thu,Fri
10:28:39,3,King Drive,,Sat
16:45:04,3,King Drive,,Sat
16:36:05,147,Outer DuSable Lake Shore Express,,Sun
17:16:08,3,King Drive,,Sun
01:13:48,4,Cottage Grove,,Sun
20:23:13,126,Jackson,,Sat
12:10:35,3,King Drive,,Sat
08:04:43,3,King Drive,,Sun
22:18:09,3,King Drive,,Mon,Tue,Wed,Thu,Fri
16:27:04,3,King Drive,,Sat
09:10:29,4,Cottage Grove,,Mon,Tue,Wed,Thu,Fri
13:25:11,4,Cottage Grove,,Sat
16:52:30,X4,Cottage Grove Express,,Mon,Tue,Wed,Thu,Fri
08:39:38,3,King Drive,,Mon,Tue,Wed,Thu,Fri
11:49:01,7,Harrison,,Mon,Tue,Wed,Thu,Fri
11:33:12,J14,Jeffery Jump,,Sun
18:19:35,147,Outer DuSable Lake Shore Express,,Sun
10:35:05,4,Cottage Grove,,Sun
15:07:00,147,Outer DuSable Lake Shore Express,,Sun
06:17:22,4,Cottage Grove,,Sat
15:21:34,3,King Drive,,Mon,Tue,Wed,Thu,Fri
00:13:48,4,Cottage Grove,,Mon
17:56:35,147,Outer DuSable Lake Shore Express,,Sun
15:25:11,4,Cottage Grove,,Sat
14:01:59,4,Cottage Grove,,Sun
16:13:15,J14,Jeffery Jump,,Mon,Tue,Wed,Thu,Fri
06:40:26,126,Jackson,,Sat
22:43:16,147,Outer DuSable Lake Shore Express,,Sat
02:43:48,4,Cottage Grove,,Tue,Wed,Thu,Fri,Sat
05:53:43,3,King Drive,,Mon,Tue,Wed,Thu,Fri
06:26:16,147,Outer DuSable Lake Shore Express,,Mon,Tue,Wed,Thu,Fri
18:53:11,147,Outer DuSable Lake Shore Express,,Sun
08:09:05,7,Harrison,,Mon,Tue,Wed,Thu,Fri
16:38:15,J14,Jeffery Jump,,Mon,Tue,Wed,Thu,Fri
14:19:42,J14,Jeffery Jump,,Sun
21:02:23,J14,Jeffery Jump,,Sat
21:01:59,4,Cottage Grove,,Mon,Tue,Wed,Thu,Fri
08:51:00,143,Stockton/Michigan Express,,Mon,Tue,Wed,Thu,Fri
15:02:06,4,Cottage Grove,,Mon,Tue,Wed,Thu,Fri
18:54:04,J14,Jeffery Jump,,Mon,Tue,Wed,Thu,Fri
13:12:27,126,Jackson,,Sat
10:13:39,7,Harrison,,Mon,Tue,Wed,Thu,Fri
07:21:57,126,Jackson,,Mon,Tue,Wed,Thu,Fri
07:35:16,28,Stony Island,,Mon,Tue,Wed,Thu,Fri
17:09:57,J14,Jeffery Jump,,Mon,Tue,Wed,Thu,Fri
07:57:12,J14,Jeffery Jump,,Mon,Tue,Wed,Thu,Fri
19:03:41,147,Outer DuSable Lake Shore Express,,Sun
19:53:23,J14,Jeffery Jump,,Sat
11:57:32,4,Cottage Grove,,Mon,Tue,Wed,Thu,Fri
08:33:14,4,Cottage Grove,,Sun
21:16:53,J14,Jeffery Jump,,Mon,Tue,Wed,Thu,Fri
17:12:18,1,Bronzeville/Union Station,,Mon,Tue,Wed,Thu,Fri
12:07:35,147,Outer DuSable Lake Shore Express,,Mon,Tue,Wed,Thu,Fri
18:31:05,147,Outer DuSable Lake Shore Express,,Sun
11:27:39,126,Jackson,,Sun
11:31:52,126,Jackson,,Mon,Tue,Wed,Thu,Fri
09:51:29,4,Cottage Grove,,Mon,Tue,Wed,Thu,Fri
18:32:43,126,Jackson,,Sat
17:46:54,4,Cottage Grove,,Mon,Tue,Wed,Thu,Fri
08:25:05,7,Harrison,,Mon,Tue,Wed,Thu,Fri
14:37:11,4,Cottage Grove,,Sat
08:04:46,28,Stony Island,,Mon,Tue,Wed,Thu,Fri
06:47:22,4,Cottage Grove,,Sat
15:53:34,3,King Drive,,Mon,Tue,Wed,Thu,Fri
21:32:12,3,King Drive,,Sun
14:49:42,J14,Jeffery Jump,,Sun
10:54:08,3,King Drive,,Sat
14:07:47,26,South Shore Express,,Mon,Tue,Wed,Thu,Fri
09:38:44,28,Stony Island,,Mon,Tue,Wed,Thu,Fri
14:54:53,J14,Jeffery Jump,,Sat
09:28:28,147,Outer DuSable Lake Shore Express,,Sat
10:09:27,126,Jackson,,Mon,Tue,Wed,Thu,Fri
12:16:25,147,Outer DuSable Lake Shore Express,,Sat
14:33:04,3,King Drive,,Sat
09:50:59,X4,Cottage Grove Express,,Mon,Tue,Wed,Thu,Fri
07:33:44,1,Bronzeville/Union Station,,Mon,Tue,Wed,Thu,Fri
09:00:29,4,Cottage Grove,,Mon,Tue,Wed,Thu,Fri
00:24:13,3,King Drive,,Mon
19:24:35,3,King Drive,,Mon,Tue,Wed,Thu,Fri
09:20:22,126,Jackson,,Sun
12:20:11,4,Cottage Grove,,Sat
14:14:08,3,King Drive,,Sun
21:16:24,26,South Shore Express,,Mon,Tue,Wed,Thu,Fri
12:44:11,4,Cottage Grove,,Sat
16:02:48,X4,Cottage Grove Express,,Mon,Tue,Wed,Thu,Fri
20:58:36,3,King Drive,,Mon,Tue,Wed,Thu,Fri
20:56:42,J14,Jeffery Jump,,Sun
16:59:05,147,Outer DuSable Lake Shore Express,,Sun
03:13:48,4,Cottage Grove,,Sun
15:51:01,126,Jackson,,Sat
14:09:42,J14,Jeffery Jump,,Sun
17:58:08,3,King Drive,,Sun
09:15:10,126,Jackson,,Mon,Tue,Wed,Thu,Fri
16:38:09,4,Cottage Grove,,Mon,Tue,Wed,Thu,Fri
09:42:39,126,Jackson,,Sat
12:23:55,147,Outer DuSable Lake Shore Express,,Sat
13:09:25,147,Outer DuSable Lake Shore Express,,Sat
09:34:30,143,Stockton/Michigan Express,,Mon,Tue,Wed,Thu,Fri
09:04:01,126,Jackson,,Mon,Tue,Wed,Thu,Fri
10:50:48,126,Jackson,,Sun
16:20:34,3,King Drive,,Mon,Tue,Wed,Thu,Fri
18:13:04,3,King Drive,,Mon,Tue,Wed,Thu,Fri
13:48:04,3,King Drive,,Sat
16:28:39,4,Cottage Grove,,Mon,Tue,Wed,Thu,Fri
18:22:25,147,Outer DuSable Lake Shore Express,,Sat
15:47:52,126,Jackson,,Mon,Tue,Wed,Thu,Fri
19:36:00,26,South Shore Express,,Mon,Tue,Wed,Thu,Fri
18:53:53,J14,Jeffery Jump,,Sat
13:26:06,3,King Drive,,Mon,Tue,Wed,Thu,Fri
15:09:42,J14,Jeffery Jump,,Sun
11:44:17,4,Cottage Grove,,Sun
15:11:00,147,Outer DuSable Lake Shore Express,,Mon,Tue,Wed,Thu,Fri
08:02:44,126,Jackson,,Mon,Tue,Wed,Thu,Fri
07:53:18,126,Jackson,,Mon,Tue,Wed,Thu,Fri
22:52:17,4,Cottage Grove,,Sat
21:16:31,J14,Jeffery Jump,,Sun
19:13:23,J14,Jeffery Jump,,Sat
13:12:27,126,Jackson,,Sat
21:10:18,126,Jackson,,Mon,Tue,Wed,Thu,Fri
18:19:18,28,Stony Island,,Mon,Tue,Wed,Thu,Fri
15:48:52,7,Harrison,,Mon,Tue,Wed,Thu,Fri
19:28:18,7,Harrison,,Mon,Tue,Wed,Thu,Fri
18:19:57,7,Harrison,,Mon,Tue,Wed,Thu,Fri
20:18:36,3,King Drive,,Mon,Tue,Wed,Thu,Fri
17:56:36,3,King Drive,,Sat
16:01:29,4,Cottage Grove,,Sun
09:08:44,28,Stony Island,,Mon,Tue,Wed,Thu,Fri
23:40:47,4,Cottage Grove,,Mon,Tue,Wed,Thu,Fri
14:02:08,3,King Drive,,Sun
02:43:48,4,Cottage Grove,,Mon
21:31:48,126,Jackson,,Mon,Tue,Wed,Thu,Fri
15:11:38,3,King Drive,,Sun
14:35:35,7,Harrison,,Mon,Tue,Wed,Thu,Fri
11:41:20,4,Cottage Grove,,Mon,Tue,Wed,Thu,Fri
16:51:43,126,Jackson,,Sun
10:05:30,147,Outer DuSable Lake Shore Express,,Mon,Tue,Wed,Thu,Fri
06:00:31,4,Cottage Grove,,Mon,Tue,Wed,Thu,Fri
09:55:35,4,Cottage Grove,,Sun
15:14:53,J14,Jeffery Jump,,Sat
15:13:35,3,King Drive,,Mon,Tue,Wed,Thu,Fri
22:03:30,126,Jackson,,Sun
06:44:22,X4,Cottage Grove Express,,Mon,Tue,Wed,Thu,Fri
07:49:05,4,Cottage Grove,,Sat
17:34:34,J14,Jeffery Jump,,Sat
17:41:29,4,Cottage Grove,,Sun
18:45:34,J14,Jeffery Jump,,Mon,Tue,Wed,Thu,Fri
10:06:00,147,Outer DuSable Lake Shore Express,,Sat
09:36:29,X4,Cottage Grove Express,,Mon,Tue,Wed,Thu,Fri
14:49:42,J14,Jeffery Jump,,Sun
14:59:05,26,South Shore Express,,Mon,Tue,Wed,Thu,Fri
06:49:01,J14,Jeffery Jump,,Mon,Tue,Wed,Thu,Fri
15:59:04,J14,Jeffery Jump,,Sun
08:23:56,4,Cottage Grove,,Mon,Tue,Wed,Thu,Fri
12:08:41,4,Cottage Grove,,Sat
16:20:38,3,King Drive,,Sun
12:03:47,4,Cottage Grove,,Sun
19:54:22,126,Jackson,,Sun
13:23:09,3,King Drive,,Sun
18:31:05,147,Outer DuSable Lake Shore Express,,Sun
12:07:35,147,Outer DuSable Lake Shore Express,,Mon,Tue,Wed,Thu,Fri
18:53:05,126,Jackson,,Mon,Tue,Wed,Thu,Fri
21:18:22,126,Jackson,,Sat
12:01:01,126,Jackson,,Sat
10:40:38,4,Cottage Grove,,Sat
17:38:23,J14,Jeffery Jump,,Sun
15:39:04,J14,Jeffery Jump,,Sun
09:46:35,147,Outer DuSable Lake Shore Express,,Sat
17:14:31,3,King Drive,,Mon,Tue,Wed,Thu,Fri
10:53:12,J14,Jeffery Jump,,Sun
12:36:01,126,Jackson,,Sat
08:17:12,3,King Drive,,Sat
21:01:59,4,Cottage Grove,,Sun
16:54:04,3,King Drive,,Sat
18:43:18,28,Stony Island,,Mon,Tue,Wed,Thu,Fri
23:23:51,147,Outer DuSable Lake Shore Express,,Mon,Tue,Wed,Thu,Fri
16:09:01,126,Jackson,,Sat
13:59:42,J14,Jeffery Jump,,Sun
09:06:34,J14,Jeffery Jump,,Mon,Tue,Wed,Thu,Fri
09:49:08,3,King Drive,,Mon,Tue,Wed,Thu,Fri
17:16:54,4,Cottage Grove,,Mon,Tue,Wed,Thu,Fri
19:12:34,J14,Jeffery Jump,,Mon,Tue,Wed,Thu,Fri
11:44:01,126,Jackson,,Sat
11:40:35,3,King Drive,,Sat
18:27:53,J14,Jeffery Jump,,Sun
15:18:44,147,Outer DuSable Lake Shore Express,,Sat
13:08:11,4,Cottage Grove,,Sat
08:57:05,4,Cottage Grove,,Sun
15:42:15,J14,Jeffery Jump,,Mon,Tue,Wed,Thu,Fri
14:42:25,147,Outer DuSable Lake Shore Express,,Sat
16:20:34,3,King Drive,,Mon,Tue,Wed,Thu,Fri
07:44:00,143,Stockton/Michigan Express,,Mon,Tue,Wed,Thu,Fri
08:56:34,J14,Jeffery Jump,,Mon,Tue,Wed,Thu,Fri
15:03:35,7,Harrison,,Mon,Tue,Wed,Thu,Fri
15:17:35,7,Harrison,,Mon,Tue,Wed,Thu,Fri
08:57:00,143,Stockton/Michigan Express,,Mon,Tue,Wed,Thu,Fri
08:53:25,147,Outer DuSable Lake Shore Express,,Mon,Tue,Wed,Thu,Fri
15:13:35,26,South Shore Express,,Mon,Tue,Wed,Thu,Fri
07:22:14,28,Stony Island,,Mon,Tue,Wed,Thu,Fri
18:04:27,X4,Cottage Grove Express,,Mon,Tue,Wed,Thu,Fri
18:06:22,7,Harrison,,Mon,Tue,Wed,Thu,Fri
07:01:05,X4,Cottage Grove Express,,Mon,Tue,Wed,Thu,Fri
09:26:44,126,Jackson,,Mon,Tue,Wed,Thu,Fri
08:42:47,4,Cottage Grove,,Mon,Tue,Wed,Thu,Fri
14:22:04,J14,Jeffery Jump,,Mon,Tue,Wed,Thu,Fri
15:51:29,4,Cottage Grove,,Sun
21:19:41,147,Outer DuSable Lake Shore Express,,Sat
16:14:34,3,King Drive,,Mon,Tue,Wed,Thu,Fri
23:22:43,3,King Drive,,Mon,Tue,Wed,Thu,Fri
17:33:35,147,Outer DuSable Lake Shore Express,,Sun
13:22:25,147,Outer DuSable Lake Shore Express,,Mon,Tue,Wed,Thu,Fri
16:22:58,26,South Shore Express,,Mon,Tue,Wed,Thu,Fri
18:35:38,3,King Drive,,Sat
10:00:38,4,Cottage Grove,,Sat
16:45:11,4,Cottage Grove,,Sat
11:06:36,3,King Drive,,Sat
16:20:15,J14,Jeffery Jump,,Mon,Tue,Wed,Thu,Fri
22:51:09,3,King Drive,,Sat
15:41:36,4,Cottage Grove,,Mon,Tue,Wed,Thu,Fri
16:37:11,4,Cottage Grove,,Sat
13:15:06,3,King Drive,,Mon,Tue,Wed,Thu,Fri
22:04:17,4,Cottage Grove,,Sun
07:49:38,3,King Drive,,Mon,Tue,Wed,Thu,Fri
15:21:29,4,Cottage Grove,,Sun
20:50:59,4,Cottage Grove,,Mon,Tue,Wed,Thu,Fri
12:17:14,4,Cottage Grove,,Mon,Tue,Wed,Thu,Fri
15:57:38,3,King Drive,,Sun
19:33:23,J14,Jeffery Jump,,Sat
17:01:59,4,Cottage Grove,,Sun
05:31:40,4,Cottage Grove,,Mon,Tue,Wed,Thu,Fri
16:18:04,3,King Drive,,Sat
18:31:18,28,Stony Island,,Mon,Tue,Wed,Thu,Fri
07:47:12,J14,Jeffery Jump,,Mon,Tue,Wed,Thu,Fri
20:03:23,J14,Jeffery Jump,,Sat
12:05:01,7,Harrison,,Mon,Tue,Wed,Thu,Fri
17:48:08,3,King Drive,,Sun
17:31:43,126,Jackson,,Sun
22:07:47,4,Cottage Grove,,Mon,Tue,Wed,Thu,Fri
06:08:31,4,Cottage Grove,,Mon,Tue,Wed,Thu,Fri
19:46:59,4,Cottage Grove,,Sun
16:42:50,147,Outer DuSable Lake Shore Express,,Sat
15:05:05,3,King Drive,,Mon,Tue,Wed,Thu,Fri
07:39:21,147,Outer DuSable Lake Shore Express,,Sun
16:10:14,147,Outer DuSable Lake Shore Express,,Sat
15:50:15,1,Bronzeville/Union Station,,Mon,Tue,Wed,Thu,Fri
12:09:36,3,King Drive,,Mon,Tue,Wed,Thu,Fri
10:24:55,147,Outer DuSable Lake Shore Express,,Sat
16:27:01,126,Jackson,,Sat
06:20:09,126,Jackson,,Mon,Tue,Wed,Thu,Fri
20:04:00,147,Outer DuSable Lake Shore Express,,Sat
08:15:00,143,Stockton/Michigan Express,,Mon,Tue,Wed,Thu,Fri
08:28:41,147,Outer DuSable Lake Shore Express,,Sat
17:59:44,147,Outer DuSable Lake Shore Express,,Mon,Tue,Wed,Thu,Fri
17:00:41,4,Cottage Grove,,Sat
08:43:47,4,Cottage Grove,,Mon,Tue,Wed,Thu,Fri
08:24:31,J14,Jeffery Jump,,Sun
17:31:40,26,South Shore Express,,Mon,Tue,Wed,Thu,Fri
21:20:00,126,Jackson,,Sun
08:34:12,3,King Drive,,Sat
08:21:05,126,Jackson,,Mon,Tue,Wed,Thu,Fri
19:20:30,147,Outer DuSable Lake Shore Express,,Sat
12:12:04,J14,Jeffery Jump,,Mon,Tue,Wed,Thu,Fri
11:14:17,4,Cottage Grove,,Sun
18:24:12,J14,Jeffery Jump,,Sat
09:46:40,3,King Drive,,Sun
15:54:34,J14,Jeffery Jump,,Sat
08:07:13,147,Outer DuSable Lake Shore Express,,Sun
17:14:38,J14,Jeffery Jump,,Mon,Tue,Wed,Thu,Fri
18:13:04,3,King Drive,,Mon,Tue,Wed,Thu,Fri
20:13:40,3,King Drive,,Sun
17:31:43,126,Jackson,,Sun
14:29:42,J14,Jeffery Jump,,Sun
23:04:16,147,Outer DuSable Lake Shore Express,,Sun
17:20:01,3,King Drive,,Mon,Tue,Wed,Thu,Fri
18:08:08,3,King Drive,,Sun
11:28:23,J14,Jeffery Jump,,Sat
00:35:48,4,Cottage Grove,,Mon
01:43:48,4,Cottage Grove,,Mon
11:10:01,126,Jackson,,Sat
22:03:30,126,Jackson,,Sun
08:36:58,147,Outer DuSable Lake Shore Express,,Sat
20:32:29,4,Cottage Grove,,Sun
09:59:08,3,King Drive,,Mon,Tue,Wed,Thu,Fri
09:12:01,7,Harrison,,Mon,Tue,Wed,Thu,Fri
07:53:14,4,Cottage Grove,,Sun
05:43:50,J14,Jeffery Jump,,Mon,Tue,Wed,Thu,Fri
09:50:59,X4,Cottage Grove Express,,Mon,Tue,Wed,Thu,Fri
11:47:53,J14,Jeffery Jump,,Sat
13:49:42,J14,Jeffery Jump,,Sun
21:46:53,J14,Jeffery Jump,,Mon,Tue,Wed,Thu,Fri
08:44:31,J14,Jeffery Jump,,Sun
14:42:06,4,Cottage Grove,,Mon,Tue,Wed,Thu,Fri
12:23:09,126,Jackson,,Sun
18:28:44,X4,Cottage Grove Express,,Mon,Tue,Wed,Thu,Fri
14:39:57,126,Jackson,,Sat
18:28:05,26,South Shore Express,,Mon,Tue,Wed,Thu,Fri
15:19:42,J14,Jeffery Jump,,Sun
10:10:38,4,Cottage Grove,,Sat
09:27:57,7,Harrison,,Mon,Tue,Wed,Thu,Fri
13:57:04,3,King Drive,,Sat
11:01:38,4,Cottage Grove,,Sat
09:25:05,4,Cottage Grove,,Sun
05:35:09,J14,Jeffery Jump,,Mon,Tue,Wed,Thu,Fri
09:36:39,3,King Drive,,Sat
20:33:05,147,Outer DuSable Lake Shore Express,,Mon,Tue,Wed,Thu,Fri
05:13:01,4,Cottage Grove,,Sat
22:22:09,3,King Drive,,Sat
15:18:04,3,King Drive,,Sat
13:47:27,126,Jackson,,Sat
12:52:04,J14,Jeffery Jump,,Mon,Tue,Wed,Thu,Fri
14:58:30,147,Outer DuSable Lake Shore Express,,Mon,Tue,Wed,Thu,Fri
00:14:18,4,Cottage Grove,,Tue,Wed,Thu,Fri,Sat
20:33:23,J14,Jeffery Jump,,Sat
17:14:38,J14,Jeffery Jump,,Mon,Tue,Wed,Thu,Fri
18:19:57,7,Harrison,,Mon,Tue,Wed,Thu,Fri
19:33:20,4,Cottage Grove,,Sat
11:18:55,147,Outer DuSable Lake Shore Express,,Mon,Tue,Wed,Thu,Fri
06:57:30,143,Stockton/Michigan Express,,Mon,Tue,Wed,Thu,Fri
16:16:57,7,Harrison,,Mon,Tue,Wed,Thu,Fri
20:16:52,7,Harrison,,Mon,Tue,Wed,Thu,Fri
05:35:09,J14,Jeffery Jump,,Mon,Tue,Wed,Thu,Fri
13:10:25,147,Outer DuSable Lake Shore Express,,Mon,Tue,Wed,Thu,Fri
11:16:39,3,King Drive,,Sun
16:09:04,J14,Jeffery Jump,,Sun
17:02:57,126,Jackson,,Mon,Tue,Wed,Thu,Fri
14:53:11,4,Cottage Grove,,Sat
21:04:46,147,Outer DuSable Lake Shore Express,,Sun
13:32:04,J14,Jeffery Jump,,Mon,Tue,Wed,Thu,Fri
00:30:12,3,King Drive,,Sun
13:57:14,4,Cottage Grove,,Mon,Tue,Wed,Thu,Fri
15:32:11,4,Cottage Grove,,Sat
13:05:23,J14,Jeffery Jump,,Sat
10:05:09,3,King Drive,,Sun
07:22:43,3,King Drive,,Sun
18:01:29,4,Cottage Grove,,Sun
09:04:41,147,Outer DuSable Lake Shore Express,,Sat
23:23:47,4,Cottage Grove,,Mon,Tue,Wed,Thu,Fri
08:03:56,X4,Cottage Grove Express,,Mon,Tue,Wed,Thu,Fri
07:59:38,3,King Drive,,Mon,Tue,Wed,Thu,Fri
06:08:31,4,Cottage Grove,,Mon,Tue,Wed,Thu,Fri
18:48:05,147,Outer DuSable Lake Shore Express,,Mon,Tue,Wed,Thu,Fri
18:28:15,J14,Jeffery Jump,,Mon,Tue,Wed,Thu,Fri
14:27:36,3,King Drive,,Mon,Tue,Wed,Thu,Fri
21:17:09,3,King Drive,,Sat
18:14:47,1,Bronzeville/Union Station,,Mon,Tue,Wed,Thu,Fri
06:00:31,4,Cottage Grove,,Mon,Tue,Wed,Thu,Fri
16:01:25,147,Outer DuSable Lake Shore Express,,Mon,Tue,Wed,Thu,Fri
08:20:46,28,Stony Island,,Mon,Tue,Wed,Thu,Fri
08:21:00,143,Stockton/Michigan Express,,Mon,Tue,Wed,Thu,Fri
08:53:31,126,Jackson,,Mon,Tue,Wed,Thu,Fri
15:54:09,126,Jackson,,Sun
08:33:56,4,Cottage Grove,,Mon,Tue,Wed,Thu,Fri
07:09:31,126,Jackson,,Mon,Tue,Wed,Thu,Fri
07:26:26,X4,Cottage Grove Express,,Mon,Tue,Wed,Thu,Fri
18:39:39,3,King Drive,,Sun
08:27:22,126,Jackson,,Sun
10:23:31,J14,Jeffery Jump,,Sun
14:50:52,126,Jackson,,Mon,Tue,Wed,Thu,Fri
08:22:56,4,Cottage Grove,,Mon,Tue,Wed,Thu,Fri
21:10:18,126,Jackson,,Mon,Tue,Wed,Thu,Fri
07:26:12,3,King Drive,,Sat
07:57:16,147,Outer DuSable Lake Shore Express,,Sat
22:49:17,4,Cottage Grove,,Sun
11:55:39,3,King Drive,,Sun
20:58:59,4,Cottage Grove,,Sat
08:06:01,J14,Jeffery Jump,,Sat
08:20:05,4,Cottage Grove,,Sat
09:06:35,147,Outer DuSable Lake Shore Express,,Mon,Tue,Wed,Thu,Fri
19:14:09,7,Harrison,,Mon,Tue,Wed,Thu,Fri
03:43:48,4,Cottage Grove,,Sun
13:50:08,3,King Drive,,Sun
09:49:39,3,King Drive,,Sat
09:25:30,143,Stockton/Michigan Express,,Mon,Tue,Wed,Thu,Fri
21:49:17,4,Cottage Grove,,Sun
13:09:11,4,Cottage Grove,,Sat
21:09:29,4,Cottage Grove,,Sat
11:38:55,147,Outer DuSable Lake Shore Express,,Mon,Tue,Wed,Thu,Fri
18:43:44,4,Cottage Grove,,Mon,Tue,Wed,Thu,Fri
19:39:05,147,Outer DuSable Lake Shore Express,,Mon,Tue,Wed,Thu,Fri
21:08:36,3,King Drive,,Mon,Tue,Wed,Thu,Fri
07:47:50,147,Outer DuSable Lake Shore Express,,Mon,Tue,Wed,Thu,Fri
16:48:23,J14,Jeffery Jump,,Sun
15:29:23,J14,Jeffery Jump,,Sun
18:53:11,147,Outer DuSable Lake Shore Express,,Sun
08:36:31,126,Jackson,,Mon,Tue,Wed,Thu,Fri
11:31:38,4,Cottage Grove,,Sat
14:25:38,3,King Drive,,Sun
18:43:35,3,King Drive,,Mon,Tue,Wed,Thu,Fri
14:21:59,4,Cottage Grove,,Sun
10:44:58,147,Outer DuSable Lake Shore Express,,Sun
13:36:14,4,Cottage Grove,,Mon,Tue,Wed,Thu,Fri
10:58:35,147,Outer DuSable Lake Shore Express,,Sat
22:03:47,4,Cottage Grove,,Sat
21:06:31,J14,Jeffery Jump,,Sun
09:43:31,J14,Jeffery Jump,,Sun
13:16:55,147,Outer DuSable Lake Shore Express,,Sat
18:31:18,28,Stony Island,,Mon,Tue,Wed,Thu,Fri
15:40:11,4,Cottage Grove,,Sat
13:34:53,J14,Jeffery Jump,,Sat
02:13:48,4,Cottage Grove,,Mon
17:31:40,26,South Shore Express,,Mon,Tue,Wed,Thu,Fri
13:22:04,J14,Jeffery Jump,,Mon,Tue,Wed,Thu,Fri
18:05:25,147,Outer DuSable Lake Shore Express,,Sat
18:50:39,3,King Drive,,Sun
10:51:38,4,Cottage Grove,,Sat
08:29:25,147,Outer DuSable Lake Shore Express,,Mon,Tue,Wed,Thu,Fri
07:37:35,4,Cottage Grove,,Sat
11:21:29,4,Cottage Grove,,Mon,Tue,Wed,Thu,Fri
16:11:41,26,South Shore Express,,Mon,Tue,Wed,Thu,Fri
07:13:30,143,Stockton/Michigan Express,,Mon,Tue,Wed,Thu,Fri
19:09:43,126,Jackson,,Sat
16:01:44,147,Outer DuSable Lake Shore Express,,Sat
13:27:14,4,Cottage Grove,,Mon,Tue,Wed,Thu,Fri
09:00:05,4,Cottage Grove,,Sat
21:16:31,J14,Jeffery Jump,,Sun
17:56:50,4,Cottage Grove,,Sat
22:26:12,J14,Jeffery Jump,,Sat
18:46:05,7,Harrison,,Mon,Tue,Wed,Thu,Fri
12:42:06,3,King Drive,,Mon,Tue,Wed,Thu,Fri
07:20:28,147,Outer DuSable Lake Shore Express,,Mon,Tue,Wed,Thu,Fri
23:24:13,3,King Drive,,Sun
09:26:44,126,Jackson,,Mon,Tue,Wed,Thu,Fri
17:01:41,4,Cottage Grove,,Sat
10:06:00,147,Outer DuSable Lake Shore Express,,Sat
19:28:59,4,Cottage Grove,,Sun
15:30:34,3,King Drive,,Mon,Tue,Wed,Thu,Fri
07:53:56,4,Cottage Grove,,Mon,Tue,Wed,Thu,Fri
20:52:05,147,Outer DuSable Lake Shore Express,,Mon,Tue,Wed,Thu,Fri
18:03:57,J14,Jeffery Jump,,Mon,Tue,Wed,Thu,Fri
02:43:48,4,Cottage Grove,,Tue,Wed,Thu,Fri,Sat
17:42:57,126,Jackson,,Mon,Tue,Wed,Thu,Fri
05:21:40,4,Cottage Grove,,Mon,Tue,Wed,Thu,Fri
13:29:52,126,Jackson,,Mon,Tue,Wed,Thu,Fri
04:43:48,4,Cottage Grove,,Sun
18:13:44,4,Cottage Grove,,Mon,Tue,Wed,Thu,Fri
23:07:17,4,Cottage Grove,,Sat
13:39:04,3,King Drive,,Sat
13:00:11,4,Cottage Grove,,Sat
19:46:59,4,Cottage Grove,,Sun
06:30:43,147,Outer DuSable Lake Shore Express,,Sat
07:57:16,147,Outer DuSable Lake Shore Express,,Sat
14:20:11,4,Cottage Grove,,Sat
06:32:22,4,Cottage Grove,,Sat
17:30:50,4,Cottage Grove,,Sat
13:46:14,4,Cottage Grove,,Mon,Tue,Wed,Thu,Fri
06:43:21,147,Outer DuSable Lake Shore Express,,Sat
17:58:16,26,South Shore Express,,Mon,Tue,Wed,Thu,Fri
19:29:13,126,Jackson,,Mon,Tue,Wed,Thu,Fri
23:24:31,J14,Jeffery Jump,,Mon,Tue,Wed,Thu,Fri
15:15:01,126,Jackson,,Sat
13:23:01,7,Harrison,,Mon,Tue,Wed,Thu,Fri
02:43:48,4,Cottage Grove,,Sun
09:04:41,147,Outer DuSable Lake Shore Express,,Sat
12:04:39,126,Jackson,,Sun
20:59:29,4,Cottage Grove,,Sat
05:53:43,3,King Drive,,Mon,Tue,Wed,Thu,Fri
18:19:45,J14,Jeffery Jump,,Mon,Tue,Wed,Thu,Fri
16:05:05,147,Outer DuSable Lake Shore Express,,Sun
12:34:17,4,Cottage Grove,,Sun
14:04:53,J14,Jeffery Jump,,Sat
06:56:26,147,Outer DuSable Lake Shore Express,,Sat
15:26:15,J14,Jeffery Jump,,Mon,Tue,Wed,Thu,Fri
21:42:47,4,Cottage Grove,,Sat
10:48:23,J14,Jeffery Jump,,Sat
08:07:13,147,Outer DuSable Lake Shore Express,,Sun
21:35:08,4,Cottage Grove,,Sun
07:50:05,4,Cottage Grove,,Sat
21:22:23,J14,Jeffery Jump,,Sat
19:03:02,4,Cottage Grove,,Mon,Tue,Wed,Thu,Fri
05:25:09,J14,Jeffery Jump,,Mon,Tue,Wed,Thu,Fri
10:04:34,J14,Jeffery Jump,,Mon,Tue,Wed,Thu,Fri
11:03:04,J14,Jeffery Jump,,Mon,Tue,Wed,Thu,Fri
12:15:34,J14,Jeffery Jump,,Sat
23:40:35,4,Cottage Grove,,Sat
15:39:04,J14,Jeffery Jump,,Sun
08:34:31,J14,Jeffery Jump,,Sun
14:22:27,126,Jackson,,Sat
22:18:09,3,King Drive,,Mon,Tue,Wed,Thu,Fri
17:49:38,J14,Jeffery Jump,,Mon,Tue,Wed,Thu,Fri
07:21:26,147,Outer DuSable Lake Shore Express,,Sat
11:23:47,4,Cottage Grove,,Sun
21:26:31,J14,Jeffery Jump,,Sun
18:52:48,126,Jackson,,Sun
00:33:48,4,Cottage Grove,,Tue,Wed,Thu,Fri,Sat
06:38:35,126,Jackson,,Mon,Tue,Wed,Thu,Fri
10:44:39,7,Harrison,,Mon,Tue,Wed,Thu,Fri
20:58:26,7,Harrison,,Mon,Tue,Wed,Thu,Fri
11:56:34,J14,Jeffery Jump,,Sat
10:15:35,4,Cottage Grove,,Sun
06:39:31,J14,Jeffery Jump,,Mon,Tue,Wed,Thu,Fri
09:43:42,147,Outer DuSable Lake Shore Express,,Mon,Tue,Wed,Thu,Fri
22:52:17,4,Cottage Grove,,Mon,Tue,Wed,Thu,Fri
21:58:53,J14,Jeffery Jump,,Mon,Tue,Wed,Thu,Fri
16:27:04,3,King Drive,,Sat
10:11:38,4,Cottage Grove,,Sat
07:27:12,J14,Jeffery Jump,,Mon,Tue,Wed,Thu,Fri
10:43:12,J14,Jeffery Jump,,Sun
10:41:39,3,King Drive,,Sat
07:14:14,4,Cottage Grove,,Sat
13:19:09,126,Jackson,,Sun
18:40:05,26,South Shore Express,,Mon,Tue,Wed,Thu,Fri
16:44:15,J14,Jeffery Jump,,Mon,Tue,Wed,Thu,Fri
14:50:52,126,Jackson,,Mon,Tue,Wed,Thu,Fri
12:16:14,4,Cottage Grove,,Mon,Tue,Wed,Thu,Fri
16:01:25,147,Outer DuSable Lake Shore Express,,Mon,Tue,Wed,Thu,Fri
13:15:06,3,King Drive,,Mon,Tue,Wed,Thu,Fri
16:54:08,3,King Drive,,Sun
19:01:39,3,King Drive,,Sun
15:51:01,126,Jackson,,Sat
12:25:34,J14,Jeffery Jump,,Sat
17:56:27,J14,Jeffery Jump,,Mon,Tue,Wed,Thu,Fri
06:53:14,4,Cottage Grove,,Sun
12:54:57,126,Jackson,,Sat
12:59:55,147,Outer DuSable Lake Shore Express,,Sat
18:22:25,147,Outer DuSable Lake Shore Express,,Sat
18:31:55,147,Outer DuSable Lake Shore Express,,Mon,Tue,Wed,Thu,Fri
18:04:34,J14,Jeffery Jump,,Sat
09:17:00,143,Stockton/Michigan Express,,Mon,Tue,Wed,Thu,Fri
13:38:09,126,Jackson,,Sun
14:21:35,7,Harrison,,Mon,Tue,Wed,Thu,Fri
13:58:06,3,King Drive,,Mon,Tue,Wed,Thu,Fri
21:34:08,4,Cottage Grove,,Sun
03:43:48,4,Cottage Grove,,Sat
19:07:53,J14,Jeffery Jump,,Sun
17:42:57,126,Jackson,,Mon,Tue,Wed,Thu,Fri
17:56:36,3,King Drive,,Sat
09:21:29,4,Cottage Grove,,Mon,Tue,Wed,Thu,Fri
22:36:09,3,King Drive,,Sat
23:03:16,147,Outer DuSable Lake Shore Express,,Sat
11:43:12,J14,Jeffery Jump,,Sun
15:01:59,4,Cottage Grove,,Sun
21:00:11,147,Outer DuSable Lake Shore Express,,Sat
07:57:12,J14,Jeffery Jump,,Mon,Tue,Wed,Thu,Fri
08:00:12,3,King Drive,,Sat
10:10:29,4,Cottage Grove,,Mon,Tue,Wed,Thu,Fri
12:40:55,147,Outer DuSable Lake Shore Express,,Sat
08:51:01,J14,Jeffery Jump,,Sat
07:43:43,3,King Drive,,Sun
14:59:14,X4,Cottage Grove Express,,Mon,Tue,Wed,Thu,Fri
23:18:30,126,Jackson,,Sun
20:51:35,147,Outer DuSable Lake Shore Express,,Sat
17:31:59,4,Cottage Grove,,Sun
09:40:18,126,Jackson,,Sun
07:27:18,126,Jackson,,Sat
14:59:42,J14,Jeffery Jump,,Sun
11:40:35,3,King Drive,,Sat
06:03:20,J14,Jeffery Jump,,Mon,Tue,Wed,Thu,Fri
11:55:39,3,King Drive,,Sun
24:04:13,3,King Drive,,Sun
06:31:20,J14,Jeffery Jump,,Mon,Tue,Wed,Thu,Fri
16:57:42,4,Cottage Grove,,Mon,Tue,Wed,Thu,Fri
08:55:08,X4,Cottage Grove Express,,Mon,Tue,Wed,Thu,Fri
12:06:35,147,Outer DuSable Lake Shore Express,,Sat
10:53:01,126,Jackson,,Sat
07:47:22,126,Jackson,,Sun
13:22:25,147,Outer DuSable Lake Shore Express,,Mon,Tue,Wed,Thu,Fri
11:29:35,3,King Drive,,Sat
12:29:11,4,Cottage Grove,,Sat
14:01:00,147,Outer DuSable Lake Shore Express,,Sun
21:11:59,4,Cottage Grove,,Sun
13:26:41,147,Outer DuSable Lake Shore Express,,Sun
08:40:05,4,Cottage Grove,,Sat
08:47:13,147,Outer DuSable Lake Shore Express,,Sun
11:42:04,J14,Jeffery Jump,,Mon,Tue,Wed,Thu,Fri
09:23:39,3,King Drive,,Sat
07:03:18,126,Jackson,,Sun
15:23:08,3,King Drive,,Sun
11:01:01,7,Harrison,,Mon,Tue,Wed,Thu,Fri
12:33:05,147,Outer DuSable Lake Shore Express,,Sat
09:22:29,X4,Cottage Grove Express,,Mon,Tue,Wed,Thu,Fri
18:27:35,3,King Drive,,Mon,Tue,Wed,Thu,Fri
17:47:31,3,King Drive,,Mon,Tue,Wed,Thu,Fri
17:57:05,126,Jackson,,Sat
20:58:52,126,Jackson,,Sun
10:33:31,J14,Jeffery Jump,,Sun
09:45:34,J14,Jeffery Jump,,Mon,Tue,Wed,Thu,Fri
13:20:12,J14,Jeffery Jump,,Sun
08:59:38,3,King Drive,,Mon,Tue,Wed,Thu,Fri
00:33:48,4,Cottage Grove,,Sun
07:47:12,J14,Jeffery Jump,,Mon,Tue,Wed,Thu,Fri
16:50:15,J14,Jeffery Jump,,Mon,Tue,Wed,Thu,Fri
14:46:00,147,Outer DuSable Lake Shore Express,,Mon,Tue,Wed,Thu,Fri
22:52:17,4,Cottage Grove,,Sat
11:48:41,147,Outer DuSable Lake Shore Express,,Sun
13:07:14,4,Cottage Grove,,Mon,Tue,Wed,Thu,Fri
14:28:11,4,Cottage Grove,,Sat
11:58:50,4,Cottage Grove,,Sat
22:37:47,4,Cottage Grove,,Sat
19:53:23,J14,Jeffery Jump,,Sat
14:06:04,3,King Drive,,Sat
19:50:13,126,Jackson,,Mon,Tue,Wed,Thu,Fri
10:54:17,4,Cottage Grove,,Sun
23:56:44,4,Cottage Grove,,Mon,Tue,Wed,Thu,Fri
09:50:29,4,Cottage Grove,,Mon,Tue,Wed,Thu,Fri
11:11:38,4,Cottage Grove,,Sat
10:35:39,3,King Drive,,Sun
17:43:18,28,Stony Island,,Mon,Tue,Wed,Thu,Fri
16:09:01,126,Jackson,,Sat
06:15:56,126,Jackson,,Sun
21:08:36,3,King Drive,,Mon,Tue,Wed,Thu,Fri
09:29:12,J14,Jeffery Jump,,Sat
11:53:12,J14,Jeffery Jump,,Sun
15:41:11,4,Cottage Grove,,Sat
12:21:01,7,Harrison,,Mon,Tue,Wed,Thu,Fri
06:11:50,J14,Jeffery Jump,,Mon,Tue,Wed,Thu,Fri
11:34:17,4,Cottage Grove,,Sun
11:27:39,126,Jackson,,Sun
14:07:35,7,Harrison,,Mon,Tue,Wed,Thu,Fri
16:15:39,X4,Cottage Grove Express,,Mon,Tue,Wed,Thu,Fri
23:24:31,J14,Jeffery Jump,,Mon,Tue,Wed,Thu,Fri
20:15:52,126,Jackson,,Sun
08:23:14,4,Cottage Grove,,Sun
11:38:08,3,King Drive,,Mon,Tue,Wed,Thu,Fri
22:51:09,3,King Drive,,Sat
21:26:31,J14,Jeffery Jump,,Sun
10:25:11,147,Outer DuSable Lake Shore Express,,Sun
18:52:48,126,Jackson,,Sun
11:00:29,4,Cottage Grove,,Mon,Tue,Wed,Thu,Fri
12:21:52,126,Jackson,,Mon,Tue,Wed,Thu,Fri
20:23:54,26,South Shore Express,,Mon,Tue,Wed,Thu,Fri
17:56:55,147,Outer DuSable Lake Shore Express,,Sat
17:02:35,3,King Drive,,Sat
06:37:16,147,Outer DuSable Lake Shore Express,,Mon,Tue,Wed,Thu,Fri
12:53:06,3,King Drive,,Mon,Tue,Wed,Thu,Fri
09:22:29,X4,Cottage Grove Express,,Mon,Tue,Wed,Thu,Fri
14:12:00,147,Outer DuSable Lake Shore Express,,Sun
08:27:22,126,Jackson,,Sun
08:45:52,126,Jackson,,Sun
20:58:52,126,Jackson,,Sat
17:54:34,J14,Jeffery Jump,,Sat
21:06:53,J14,Jeffery Jump,,Mon,Tue,Wed,Thu,Fri
10:27:35,147,Outer DuSable Lake Shore Express,,Mon,Tue,Wed,Thu,Fri
12:20:39,3,King Drive,,Sun
17:49:10,26,South Shore Express,,Mon,Tue,Wed,Thu,Fri
13:35:25,147,Outer DuSable Lake Shore Express,,Mon,Tue,Wed,Thu,Fri
09:56:20,147,Outer DuSable Lake Shore Express,,Sat
16:13:55,147,Outer DuSable Lake Shore Express,,Mon,Tue,Wed,Thu,Fri
19:23:23,J14,Jeffery Jump,,Sat
18:28:05,26,South Shore Express,,Mon,Tue,Wed,Thu,Fri
08:43:30,143,Stockton/Michigan Express,,Mon,Tue,Wed,Thu,Fri
06:42:13,7,Harrison,,Mon,Tue,Wed,Thu,Fri
16:13:55,147,Outer DuSable Lake Shore Express,,Mon,Tue,Wed,Thu,Fri
12:22:04,J14,Jeffery Jump,,Mon,Tue,Wed,Thu,Fri
00:21:43,3,King Drive,,Tue,Wed,Thu,Fri,Sat
23:21:48,126,Jackson,,Mon,Tue,Wed,Thu,Fri
17:08:23,J14,Jeffery Jump,,Sun
15:18:00,147,Outer DuSable Lake Shore Express,,Sun
06:45:02,147,Outer DuSable Lake Shore Express,,Sun
17:53:31,3,King Drive,,Mon,Tue,Wed,Thu,Fri
16:54:34,J14,Jeffery Jump,,Sat
19:11:41,4,Cottage Grove,,Mon,Tue,Wed,Thu,Fri
10:18:23,J14,Jeffery Jump,,Sat
08:00:30,143,Stockton/Michigan Express,,Mon,Tue,Wed,Thu,Fri
10:10:08,3,King Drive,,Mon,Tue,Wed,Thu,Fri
22:15:01,J14,Jeffery Jump,,Sun
12:59:55,147,Outer DuSable Lake Shore Express,,Mon,Tue,Wed,Thu,Fri
07:45:51,147,Outer DuSable Lake Shore Express,,Sat
19:09:43,126,Jackson,,Sat
19:14:09,7,Harrison,,Mon,Tue,Wed,Thu,Fri
21:36:53,J14,Jeffery Jump,,Mon,Tue,Wed,Thu,Fri
19:48:45,J14,Jeffery Jump,,Mon,Tue,Wed,Thu,Fri
18:27:53,J14,Jeffery Jump,,Sun
18:50:39,3,King Drive,,Sun
05:39:35,126,Jackson,,Mon,Tue,Wed,Thu,Fri
17:57:18,1,Bronzeville/Union Station,,Mon,Tue,Wed,Thu,Fri
10:43:08,3,King Drive,,Mon,Tue,Wed,Thu,Fri
19:43:23,J14,Jeffery Jump,,Sat
17:31:01,3,King Drive,,Mon,Tue,Wed,Thu,Fri
05:57:22,4,Cottage Grove,,Sat
14:44:11,4,Cottage Grove,,Sat
01:43:48,4,Cottage Grove,,Tue,Wed,Thu,Fri,Sat
08:08:00,143,Stockton/Michigan Express,,Mon,Tue,Wed,Thu,Fri
15:31:29,4,Cottage Grove,,Sun
14:21:11,4,Cottage Grove,,Sat
08:49:38,3,King Drive,,Mon,Tue,Wed,Thu,Fri
13:54:53,J14,Jeffery Jump,,Sat
19:09:43,126,Jackson,,Mon,Tue,Wed,Thu,Fri
09:14:31,J14,Jeffery Jump,,Sun
15:23:00,147,Outer DuSable Lake Shore Express,,Mon,Tue,Wed,Thu,Fri
20:13:59,4,Cottage Grove,,Sun
15:48:52,7,Harrison,,Mon,Tue,Wed,Thu,Fri
14:42:47,26,South Shore Express,,Mon,Tue,Wed,Thu,Fri
14:24:36,4,Cottage Grove,,Mon,Tue,Wed,Thu,Fri
14:52:20,147,Outer DuSable Lake Shore Express,,Sat
21:32:08,4,Cottage Grove,,Sat
09:04:39,126,Jackson,,Sat
17:01:40,7,Harrison,,Mon,Tue,Wed,Thu,Fri
09:29:38,3,King Drive,,Mon,Tue,Wed,Thu,Fri
12:59:55,147,Outer DuSable Lake Shore Express,,Mon,Tue,Wed,Thu,Fri
09:16:56,4,Cottage Grove,,Sat
13:51:29,4,Cottage Grove,,Sun
14:44:53,J14,Jeffery Jump,,Sat
08:51:00,143,Stockton/Michigan Express,,Mon,Tue,Wed,Thu,Fri
08:54:58,147,Outer DuSable Lake Shore Express,,Sat
19:47:53,J14,Jeffery Jump,,Sun
08:18:11,147,Outer DuSable Lake Shore Express,,Sat
19:58:15,J14,Jeffery Jump,,Mon,Tue,Wed,Thu,Fri
11:25:25,147,Outer DuSable Lake Shore Express,,Sat
19:51:41,4,Cottage Grove,,Mon,Tue,Wed,Thu,Fri
20:29:16,147,Outer DuSable Lake Shore Express,,Sun
10:15:39,3,King Drive,,Sat
15:00:11,4,Cottage Grove,,Sat
17:29:33,X4,Cottage Grove Express,,Mon,Tue,Wed,Thu,Fri
23:20:22,126,Jackson,,Sat
07:08:14,4,Cottage Grove,,Sun
10:58:52,126,Jackson,,Mon,Tue,Wed,Thu,Fri
16:39:04,J14,Jeffery Jump,,Sun
16:35:44,147,Outer DuSable Lake Shore Express,,Sat
16:29:04,J14,Jeffery Jump,,Sun
22:55:12,J14,Jeffery Jump,,Mon,Tue,Wed,Thu,Fri
22:36:26,126,Jackson,,Sat
08:36:34,J14,Jeffery Jump,,Mon,Tue,Wed,Thu,Fri
09:01:01,J14,Jeffery Jump,,Sat
17:18:23,J14,Jeffery Jump,,Sun
08:53:44,28,Stony Island,,Mon,Tue,Wed,Thu,Fri
13:24:53,J14,Jeffery Jump,,Sat
16:03:27,7,Harrison,,Mon,Tue,Wed,Thu,Fri
12:54:57,126,Jackson,,Sat
12:47:14,4,Cottage Grove,,Mon,Tue,Wed,Thu,Fri
19:55:00,147,Outer DuSable Lake Shore Express,,Sat
15:33:52,126,Jackson,,Mon,Tue,Wed,Thu,Fri
04:13:48,4,Cottage Grove,,Sat
18:13:55,147,Outer DuSable Lake Shore Express,,Sat
18:04:27,X4,Cottage Grove Express,,Mon,Tue,Wed,Thu,Fri
20:05:38,3,King Drive,,Sat
11:58:41,147,Outer DuSable Lake Shore Express,,Sun
08:58:21,147,Outer DuSable Lake Shore Express,,Sun
09:45:34,J14,Jeffery Jump,,Mon,Tue,Wed,Thu,Fri
11:49:35,147,Outer DuSable Lake Shore Express,,Sat
10:00:39,126,Jackson,,Sat
23:39:42,3,King Drive,,Sat
21:21:29,4,Cottage Grove,,Sun
19:50:54,26,South Shore Express,,Mon,Tue,Wed,Thu,Fri
22:09:09,3,King Drive,,Sat
12:00:35,3,King Drive,,Sat
19:50:50,4,Cottage Grove,,Sat
13:32:04,J14,Jeffery Jump,,Mon,Tue,Wed,Thu,Fri
10:02:16,147,Outer DuSable Lake Shore Express,,Sun
17:30:18,28,Stony Island,,Mon,Tue,Wed,Thu,Fri
18:33:44,4,Cottage Grove,,Mon,Tue,Wed,Thu,Fri
04:43:48,4,Cottage Grove,,Sun
18:28:44,X4,Cottage Grove Express,,Mon,Tue,Wed,Thu,Fri
09:39:51,147,Outer DuSable Lake Shore Express,,Sun
19:07:53,J14,Jeffery Jump,,Sun
14:52:20,147,Outer DuSable Lake Shore Express,,Sat
18:03:57,J14,Jeffery Jump,,Mon,Tue,Wed,Thu,Fri
16:16:57,7,Harrison,,Mon,Tue,Wed,Thu,Fri
05:32:10,4,Cottage Grove,,Mon,Tue,Wed,Thu,Fri
15:00:08,3,King Drive,,Sun
13:37:41,147,Outer DuSable Lake Shore Express,,Sun
21:56:09,3,King Drive,,Mon,Tue,Wed,Thu,Fri
09:43:31,J14,Jeffery Jump,,Sun
11:44:01,126,Jackson,,Sat
21:25:38,4,Cottage Grove,,Mon,Tue,Wed,Thu,Fri
05:37:22,4,Cottage Grove,,Sat
17:08:23,J14,Jeffery Jump,,Sun
07:52:30,143,Stockton/Michigan Express,,Mon,Tue,Wed,Thu,Fri
12:28:11,4,Cottage Grove,,Sat
09:21:41,147,Outer DuSable Lake Shore Express,,Sat
18:48:05,147,Outer DuSable Lake Shore Express,,Mon,Tue,Wed,Thu,Fri
16:25:55,147,Outer DuSable Lake Shore Express,,Mon,Tue,Wed,Thu,Fri
07:33:09,7,Harrison,,Mon,Tue,Wed,Thu,Fri
10:53:47,4,Cottage Grove,,Sun
09:10:12,J14,Jeffery Jump,,Sat
13:03:47,4,Cottage Grove,,Sun
12:33:09,3,King Drive,,Sun
11:15:22,126,Jackson,,Mon,Tue,Wed,Thu,Fri
13:32:11,4,Cottage Grove,,Sat
18:49:20,4,Cottage Grove,,Sat
14:49:35,7,Harrison,,Mon,Tue,Wed,Thu,Fri
11:18:35,3,King Drive,,Sat
00:38:43,3,King Drive,,Tue,Wed,Thu,Fri,Sat
19:46:30,147,Outer DuSable Lake Shore Express,,Sat
09:09:30,143,Stockton/Michigan Express,,Mon,Tue,Wed,Thu,Fri
08:09:05,4,Cottage Grove,,Sat
20:19:29,4,Cottage Grove,,Sat
22:43:12,J14,Jeffery Jump,,Sat
08:51:01,J14,Jeffery Jump,,Sat
09:04:31,J14,Jeffery Jump,,Sun
16:09:39,4,Cottage Grove,,Mon,Tue,Wed,Thu,Fri
16:28:39,4,Cottage Grove,,Mon,Tue,Wed,Thu,Fri
16:59:05,147,Outer DuSable Lake Shore Express,,Sun
08:10:05,4,Cottage Grove,,Sat
06:00:35,126,Jackson,,Mon,Tue,Wed,Thu,Fri
21:12:23,J14,Jeffery Jump,,Sat
09:15:05,4,Cottage Grove,,Sun
16:09:08,3,King Drive,,Sun
16:58:01,3,King Drive,,Mon,Tue,Wed,Thu,Fri
16:09:08,3,King Drive,,Sun
19:57:35,147,Outer DuSable Lake Shore Express,,Mon,Tue,Wed,Thu,Fri
06:42:12,1,Bronzeville/Union Station,,Mon,Tue,Wed,Thu,Fri
20:58:26,7,Harrison,,Mon,Tue,Wed,Thu,Fri
07:47:22,126,Jackson,,Sun
15:34:15,J14,Jeffery Jump,,Mon,Tue,Wed,Thu,Fri
07:23:13,147,Outer DuSable Lake Shore Express,,Sun
14:51:04,J14,Jeffery Jump,,Mon,Tue,Wed,Thu,Fri
22:22:09,3,King Drive,,Sat
07:02:42,3,King Drive,,Mon,Tue,Wed,Thu,Fri
16:29:04,J14,Jeffery Jump,,Sun
07:03:18,126,Jackson,,Sat
16:13:15,J14,Jeffery Jump,,Mon,Tue,Wed,Thu,Fri
08:53:31,126,Jackson,,Mon,Tue,Wed,Thu,Fri
10:50:48,126,Jackson,,Sun
17:58:08,3,King Drive,,Sun
08:28:56,X4,Cottage Grove Express,,Mon,Tue,Wed,Thu,Fri
14:22:27,126,Jackson,,Sat
23:03:51,147,Outer DuSable Lake Shore Express,,Mon,Tue,Wed,Thu,Fri
14:19:22,126,Jackson,,Mon,Tue,Wed,Thu,Fri
18:39:39,3,King Drive,,Sun
15:50:57,4,Cottage Grove,,Mon,Tue,Wed,Thu,Fri
19:22:04,J14,Jeffery Jump,,Mon,Tue,Wed,Thu,Fri
19:50:54,26,South Shore Express,,Mon,Tue,Wed,Thu,Fri
12:23:12,J14,Jeffery Jump,,Sun
07:20:28,147,Outer DuSable Lake Shore Express,,Mon,Tue,Wed,Thu,Fri
06:45:43,3,King Drive,,Sat
04:13:48,4,Cottage Grove,,Mon,Tue,Wed,Thu,Fri
08:24:31,J14,Jeffery Jump,,Sun
09:36:39,3,King Drive,,Sat
09:24:31,J14,Jeffery Jump,,Sun
23:07:47,4,Cottage Grove,,Mon,Tue,Wed,Thu,Fri
11:07:35,147,Outer DuSable Lake Shore Express,,Mon,Tue,Wed,Thu,Fri
06:16:51,147,Outer DuSable Lake Shore Express,,Sat
10:28:05,7,Harrison,,Mon,Tue,Wed,Thu,Fri
15:34:53,J14,Jeffery Jump,,Sat
19:45:38,3,King Drive,,Sat
00:53:48,4,Cottage Grove,,Sun
07:15:42,1,Bronzeville/Union Station,,Mon,Tue,Wed,Thu,Fri
00:13:48,4,Cottage Grove,,Sun
05:02:10,4,Cottage Grove,,Mon,Tue,Wed,Thu,Fri
07:01:22,4,Cottage Grove,,Sat
09:09:39,3,King Drive,,Sat
09:19:38,3,King Drive,,Mon,Tue,Wed,Thu,Fri
13:00:42,J14,Jeffery Jump,,Sun
17:38:08,3,King Drive,,Sun
13:54:53,J14,Jeffery Jump,,Sat
10:03:31,J14,Jeffery Jump,,Sun
13:48:11,4,Cottage Grove,,Sat
11:36:41,147,Outer DuSable Lake Shore Express,,Sun
15:04:53,J14,Jeffery Jump,,Sat
07:08:26,147,Outer DuSable Lake Shore Express,,Sat
13:12:04,3,King Drive,,Sat
07:33:09,7,Harrison,,Mon,Tue,Wed,Thu,Fri
06:37:44,4,Cottage Grove,,Sun
13:16:14,4,Cottage Grove,,Mon,Tue,Wed,Thu,Fri
09:16:34,J14,Jeffery Jump,,Mon,Tue,Wed,Thu,Fri
13:01:11,4,Cottage Grove,,Sat
09:29:12,J14,Jeffery Jump,,Sat
19:21:05,26,South Shore Express,,Mon,Tue,Wed,Thu,Fri
14:21:29,4,Cottage Grove,,Sun
12:24:17,4,Cottage Grove,,Sun
19:03:04,J14,Jeffery Jump,,Mon,Tue,Wed,Thu,Fri
08:47:11,147,Outer DuSable Lake Shore Express,,Sat
20:37:45,J14,Jeffery Jump,,Mon,Tue,Wed,Thu,Fri
16:45:22,7,Harrison,,Mon,Tue,Wed,Thu,Fri
15:49:36,X4,Cottage Grove Express,,Mon,Tue,Wed,Thu,Fri
18:53:53,J14,Jeffery Jump,,Sat
21:49:17,4,Cottage Grove,,Sun
17:51:59,4,Cottage Grove,,Sun
09:11:58,147,Outer DuSable Lake Shore Express,,Sat
08:51:05,4,Cottage Grove,,Sun
06:37:16,147,Outer DuSable Lake Shore Express,,Mon,Tue,Wed,Thu,Fri
16:04:34,J14,Jeffery Jump,,Sat
05:22:10,4,Cottage Grove,,Mon,Tue,Wed,Thu,Fri
20:28:59,4,Cottage Grove,,Sat
22:23:51,147,Outer DuSable Lake Shore Express,,Mon,Tue,Wed,Thu,Fri
14:02:52,126,Jackson,,Mon,Tue,Wed,Thu,Fri
16:14:34,J14,Jeffery Jump,,Sat
08:58:21,147,Outer DuSable Lake Shore Express,,Sun
05:43:48,4,Cottage Grove,,Sun
12:51:12,J14,Jeffery Jump,,Sun
07:28:01,J14,Jeffery Jump,,Sat
17:55:18,28,Stony Island,,Mon,Tue,Wed,Thu,Fri
17:22:05,147,Outer DuSable Lake Shore Express,,Sun
15:27:44,147,Outer DuSable Lake Shore Express,,Sat
23:23:35,4,Cottage Grove,,Mon,Tue,Wed,Thu,Fri
23:56:12,3,King Drive,,Sat
16:32:15,J14,Jeffery Jump,,Mon,Tue,Wed,Thu,Fri
16:40:09,X4,Cottage Grove Express,,Mon,Tue,Wed,Thu,Fri
10:27:35,147,Outer DuSable Lake Shore Express,,Mon,Tue,Wed,Thu,Fri
21:46:53,J14,Jeffery Jump,,Mon,Tue,Wed,Thu,Fri
14:35:52,126,Jackson,,Mon,Tue,Wed,Thu,Fri
17:53:00,X4,Cottage Grove Express,,Mon,Tue,Wed,Thu,Fri
19:13:23,J14,Jeffery Jump,,Sat
13:44:53,J14,Jeffery Jump,,Sat
20:04:43,126,Jackson,,Sat
09:58:23,J14,Jeffery Jump,,Sat
22:52:47,4,Cottage Grove,,Mon,Tue,Wed,Thu,Fri
20:51:59,4,Cottage Grove,,Sun
10:15:18,126,Jackson,,Sun
08:47:11,147,Outer DuSable Lake Shore Express,,Sat
10:35:09,126,Jackson,,Sat
17:31:01,3,King Drive,,Mon,Tue,Wed,Thu,Fri
11:32:35,147,Outer DuSable Lake Shore Express,,Sat
14:45:11,4,Cottage Grove,,Sat
09:09:38,3,King Drive,,Mon,Tue,Wed,Thu,Fri
05:52:56,7,Harrison,,Mon,Tue,Wed,Thu,Fri
02:13:48,4,Cottage Grove,,Mon
17:14:31,3,King Drive,,Mon,Tue,Wed,Thu,Fri
13:17:14,4,Cottage Grove,,Mon,Tue,Wed,Thu,Fri
15:18:44,147,Outer DuSable Lake Shore Express,,Sat
17:24:50,4,Cottage Grove,,Sat
19:31:41,4,Cottage Grove,,Mon,Tue,Wed,Thu,Fri
06:37:44,4,Cottage Grove,,Sun
11:18:55,147,Outer DuSable Lake Shore Express,,Mon,Tue,Wed,Thu,Fri
05:43:48,4,Cottage Grove,,Sun
20:47:16,147,Outer DuSable Lake Shore Express,,Sun
16:24:35,147,Outer DuSable Lake Shore Express,,Sun
16:14:34,3,King Drive,,Mon,Tue,Wed,Thu,Fri
18:31:29,4,Cottage Grove,,Sun
19:24:20,4,Cottage Grove,,Sat
10:50:39,3,King Drive,,Sun
16:45:01,126,Jackson,,Sat
09:01:05,147,Outer DuSable Lake Shore Express,,Mon,Tue,Wed,Thu,Fri
22:00:01,J14,Jeffery Jump,,Sun
21:36:31,J14,Jeffery Jump,,Sun
09:41:18,126,Jackson,,Mon,Tue,Wed,Thu,Fri
20:05:38,3,King Drive,,Sat
07:22:14,28,Stony Island,,Mon,Tue,Wed,Thu,Fri
11:40:20,4,Cottage Grove,,Mon,Tue,Wed,Thu,Fri
16:38:15,J14,Jeffery Jump,,Mon,Tue,Wed,Thu,Fri
10:13:31,J14,Jeffery Jump,,Sun
11:23:04,J14,Jeffery Jump,,Mon,Tue,Wed,Thu,Fri
21:27:16,147,Outer DuSable Lake Shore Express,,Mon,Tue,Wed,Thu,Fri
20:00:50,4,Cottage Grove,,Sat
21:32:23,J14,Jeffery Jump,,Sat
18:15:20,147,Outer DuSable Lake Shore Express,,Mon,Tue,Wed,Thu,Fri
14:32:04,J14,Jeffery Jump,,Mon,Tue,Wed,Thu,Fri
20:03:23,J14,Jeffery Jump,,Sat
17:19:38,J14,Jeffery Jump,,Mon,Tue,Wed,Thu,Fri
20:41:35,147,Outer DuSable Lake Shore Express,,Sat
15:46:08,3,King Drive,,Sun
18:24:50,4,Cottage Grove,,Sat
18:04:48,4,Cottage Grove,,Mon,Tue,Wed,Thu,Fri
17:44:38,J14,Jeffery Jump,,Mon,Tue,Wed,Thu,Fri
08:29:01,126,Jackson,,Mon,Tue,Wed,Thu,Fri
11:11:29,4,Cottage Grove,,Mon,Tue,Wed,Thu,Fri
08:08:00,143,Stockton/Michigan Express,,Mon,Tue,Wed,Thu,Fri
16:36:04,3,King Drive,,Sat
13:12:52,126,Jackson,,Mon,Tue,Wed,Thu,Fri
08:38:44,28,Stony Island,,Mon,Tue,Wed,Thu,Fri
12:42:06,3,King Drive,,Mon,Tue,Wed,Thu,Fri
13:31:59,4,Cottage Grove,,Sun
22:04:21,147,Outer DuSable Lake Shore Express,,Mon,Tue,Wed,Thu,Fri
08:41:35,147,Outer DuSable Lake Shore Express,,Mon,Tue,Wed,Thu,Fri
10:12:41,147,Outer DuSable Lake Shore Express,,Sun
17:38:35,126,Jackson,,Sat
10:54:04,J14,Jeffery Jump,,Mon,Tue,Wed,Thu,Fri
14:25:47,26,South Shore Express,,Mon,Tue,Wed,Thu,Fri
09:55:04,J14,Jeffery Jump,,Mon,Tue,Wed,Thu,Fri
13:41:59,4,Cottage Grove,,Sun
08:24:05,147,Outer DuSable Lake Shore Express,,Mon,Tue,Wed,Thu,Fri
19:14:46,147,Outer DuSable Lake Shore Express,,Sun
17:53:00,X4,Cottage Grove Express,,Mon,Tue,Wed,Thu,Fri
14:57:01,126,Jackson,,Sat
17:23:48,1,Bronzeville/Union Station,,Mon,Tue,Wed,Thu,Fri
18:47:55,147,Outer DuSable Lake Shore Express,,Sat
23:21:48,126,Jackson,,Mon,Tue,Wed,Thu,Fri
10:05:05,4,Cottage Grove,,Sun
10:44:56,4,Cottage Grove,,Sun
11:13:12,J14,Jeffery Jump,,Sun
11:17:01,7,Harrison,,Mon,Tue,Wed,Thu,Fri
18:07:41,26,South Shore Express,,Mon,Tue,Wed,Thu,Fri
22:43:16,147,Outer DuSable Lake Shore Express,,Sat
19:40:16,147,Outer DuSable Lake Shore Express,,Sun
14:34:25,147,Outer DuSable Lake Shore Express,,Sat
19:07:05,26,South Shore Express,,Mon,Tue,Wed,Thu,Fri
19:12:55,147,Outer DuSable Lake Shore Express,,Sat
15:41:06,4,Cottage Grove,,Mon,Tue,Wed,Thu,Fri
22:40:42,J14,Jeffery Jump,,Mon,Tue,Wed,Thu,Fri
09:41:18,126,Jackson,,Mon,Tue,Wed,Thu,Fri
22:07:09,3,King Drive,,Mon,Tue,Wed,Thu,Fri
22:42:09,3,King Drive,,Mon,Tue,Wed,Thu,Fri
13:30:04,3,King Drive,,Sat
15:50:15,J14,Jeffery Jump,,Mon,Tue,Wed,Thu,Fri
13:39:04,3,King Drive,,Sat
10:25:27,126,Jackson,,Mon,Tue,Wed,Thu,Fri
20:09:36,3,King Drive,,Mon,Tue,Wed,Thu,Fri
15:09:04,3,King Drive,,Sat
06:05:43,3,King Drive,,Sat
10:34:11,147,Outer DuSable Lake Shore Express,,Sun
19:55:59,4,Cottage Grove,,Sun
20:16:05,147,Outer DuSable Lake Shore Express,,Mon,Tue,Wed,Thu,Fri
06:13:21,147,Outer DuSable Lake Shore Express,,Mon,Tue,Wed,Thu,Fri
16:02:48,X4,Cottage Grove Express,,Mon,Tue,Wed,Thu,Fri
11:20:29,4,Cottage Grove,,Mon,Tue,Wed,Thu,Fri
21:49:11,147,Outer DuSable Lake Shore Express,,Sat
08:21:14,1,Bronzeville/Union Station,,Mon,Tue,Wed,Thu,Fri
15:34:39,126,Jackson,,Sun
16:09:39,4,Cottage Grove,,Mon,Tue,Wed,Thu,Fri
20:38:09,3,King Drive,,Sat
19:37:53,J14,Jeffery Jump,,Sun
20:13:23,J14,Jeffery Jump,,Sat
09:48:23,J14,Jeffery Jump,,Sat
16:45:01,126,Jackson,,Sat
19:40:16,147,Outer DuSable Lake Shore Express,,Sun
07:08:14,4,Cottage Grove,,Sun
19:40:04,J14,Jeffery Jump,,Mon,Tue,Wed,Thu,Fri
12:58:09,3,King Drive,,Sun
14:59:05,26,South Shore Express,,Mon,Tue,Wed,Thu,Fri
04:13:48,4,Cottage Grove,,Sun
07:08:44,28,Stony Island,,Mon,Tue,Wed,Thu,Fri
05:45:43,3,King Drive,,Sat
16:05:11,4,Cottage Grove,,Sat
14:24:04,3,King Drive,,Sat
18:15:35,126,Jackson,,Sat
08:26:12,3,King Drive,,Sun
11:46:09,126,Jackson,,Sun
10:35:09,126,Jackson,,Sat
15:51:04,3,King Drive,,Sat
06:08:26,7,Harrison,,Mon,Tue,Wed,Thu,Fri
10:20:38,4,Cottage Grove,,Sat
20:38:36,3,King Drive,,Mon,Tue,Wed,Thu,Fri
17:21:29,4,Cottage Grove,,Sun
12:50:25,147,Outer DuSable Lake Shore Express,,Sat
23:08:09,3,King Drive,,Sat
14:13:11,4,Cottage Grove,,Sat
08:00:30,143,Stockton/Michigan Express,,Mon,Tue,Wed,Thu,Fri
11:24:17,4,Cottage Grove,,Sun
08:37:44,1,Bronzeville/Union Station,,Mon,Tue,Wed,Thu,Fri
11:49:08,3,King Drive,,Mon,Tue,Wed,Thu,Fri
17:02:35,126,Jackson,,Sat
22:14:47,4,Cottage Grove,,Sat
14:48:38,3,King Drive,,Sun
13:12:04,3,King Drive,,Sat
19:55:16,147,Outer DuSable Lake Shore Express,,Sun
08:36:34,J14,Jeffery Jump,,Mon,Tue,Wed,Thu,Fri
13:40:12,J14,Jeffery Jump,,Sun
11:31:52,126,Jackson,,Mon,Tue,Wed,Thu,Fri
08:44:31,126,Jackson,,Mon,Tue,Wed,Thu,Fri
09:19:12,J14,Jeffery Jump,,Sat
17:00:40,26,South Shore Express,,Mon,Tue,Wed,Thu,Fri
17:48:25,147,Outer DuSable Lake Shore Express,,Sat
05:01:40,4,Cottage Grove,,Mon,Tue,Wed,Thu,Fri
09:19:38,3,King Drive,,Mon,Tue,Wed,Thu,Fri
18:37:04,J14,Jeffery Jump,,Mon,Tue,Wed,Thu,Fri
16:52:40,26,South Shore Express,,Mon,Tue,Wed,Thu,Fri
17:20:35,126,Jackson,,Sat
12:27:55,147,Outer DuSable Lake Shore Express,,Mon,Tue,Wed,Thu,Fri
16:33:03,3,King Drive,,Mon,Tue,Wed,Thu,Fri
16:31:29,4,Cottage Grove,,Sun
19:46:30,147,Outer DuSable Lake Shore Express,,Sat
22:08:17,4,Cottage Grove,,Mon,Tue,Wed,Thu,Fri
19:35:38,3,King Drive,,Sat
17:16:08,3,King Drive,,Sun
16:00:04,3,King Drive,,Sat
18:02:20,4,Cottage Grove,,Sat
08:51:05,4,Cottage Grove,,Sun
18:21:59,4,Cottage Grove,,Sun
06:22:13,3,King Drive,,Mon,Tue,Wed,Thu,Fri
13:17:11,4,Cottage Grove,,Sat
14:05:11,4,Cottage Grove,,Sat
21:42:23,J14,Jeffery Jump,,Sat
10:21:38,4,Cottage Grove,,Sat
09:42:01,7,Harrison,,Mon,Tue,Wed,Thu,Fri
07:52:42,147,Outer DuSable Lake Shore Express,,Mon,Tue,Wed,Thu,Fri
11:59:25,147,Outer DuSable Lake Shore Express,,Sat
16:52:20,28,Stony Island,,Mon,Tue,Wed,Thu,Fri
07:52:30,143,Stockton/Michigan Express,,Mon,Tue,Wed,Thu,Fri
15:42:04,3,King Drive,,Sat
10:44:39,7,Harrison,,Mon,Tue,Wed,Thu,Fri
12:43:47,4,Cottage Grove,,Sun
21:06:53,J14,Jeffery Jump,,Mon,Tue,Wed,Thu,Fri
22:27:16,147,Outer DuSable Lake Shore Express,,Sun
12:38:52,126,Jackson,,Mon,Tue,Wed,Thu,Fri
15:50:23,26,South Shore Express,,Mon,Tue,Wed,Thu,Fri
01:13:48,4,Cottage Grove,,Mon
06:31:20,J14,Jeffery Jump,,Mon,Tue,Wed,Thu,Fri
16:04:11,4,Cottage Grove,,Sat
22:30:09,3,King Drive,,Mon,Tue,Wed,Thu,Fri
08:13:14,4,Cottage Grove,,Sun
17:23:48,1,Bronzeville/Union Station,,Mon,Tue,Wed,Thu,Fri
03:13:48,4,Cottage Grove,,Sat
06:53:35,4,Cottage Grove,,Mon,Tue,Wed,Thu,Fri
12:42:34,3,King Drive,,Sat
09:24:47,4,Cottage Grove,,Sat
11:03:12,J14,Jeffery Jump,,Sun
11:01:01,7,Harrison,,Mon,Tue,Wed,Thu,Fri
14:15:04,3,King Drive,,Sat
13:21:04,3,King Drive,,Sat
07:24:35,4,Cottage Grove,,Sat
11:43:09,3,King Drive,,Sun
22:38:48,126,Jackson,,Mon,Tue,Wed,Thu,Fri
18:32:44,4,Cottage Grove,,Mon,Tue,Wed,Thu,Fri
18:47:53,J14,Jeffery Jump,,Sun
07:12:42,3,King Drive,,Mon,Tue,Wed,Thu,Fri
18:09:05,126,Jackson,,Mon,Tue,Wed,Thu,Fri
10:23:31,J14,Jeffery Jump,,Sun
07:17:12,J14,Jeffery Jump,,Mon,Tue,Wed,Thu,Fri
10:11:55,147,Outer DuSable Lake Shore Express,,Mon,Tue,Wed,Thu,Fri
23:20:22,126,Jackson,,Sat
17:22:50,4,Cottage Grove,,Sat
23:56:44,4,Cottage Grove,,Sat
08:44:31,J14,Jeffery Jump,,Sun
15:34:53,J14,Jeffery Jump,,Sat
12:53:04,3,King Drive,,Sat
14:15:04,3,King Drive,,Sat
20:41:59,4,Cottage Grove,,Sun
08:34:31,J14,Jeffery Jump,,Sun
20:07:24,26,South Shore Express,,Mon,Tue,Wed,Thu,Fri
16:21:11,4,Cottage Grove,,Sat
21:37:22,126,Jackson,,Sat
14:21:35,7,Harrison,,Mon,Tue,Wed,Thu,Fri
06:38:35,126,Jackson,,Mon,Tue,Wed,Thu,Fri
15:32:15,1,Bronzeville/Union Station,,Mon,Tue,Wed,Thu,Fri
24:04:13,3,King Drive,,Sun
18:38:57,126,Jackson,,Mon,Tue,Wed,Thu,Fri
10:11:55,147,Outer DuSable Lake Shore Express,,Mon,Tue,Wed,Thu,Fri
17:44:34,J14,Jeffery Jump,,Sat
18:23:48,126,Jackson,,Mon,Tue,Wed,Thu,Fri
11:32:35,147,Outer DuSable Lake Shore Express,,Sat
18:19:08,3,King Drive,,Sun
21:54:23,J14,Jeffery Jump,,Sat
09:32:08,4,Cottage Grove,,Sat
07:29:30,143,Stockton/Michigan Express,,Mon,Tue,Wed,Thu,Fri
14:59:15,J14,Jeffery Jump,,Mon,Tue,Wed,Thu,Fri
08:20:46,28,Stony Island,,Mon,Tue,Wed,Thu,Fri
09:20:22,126,Jackson,,Sun
07:50:39,7,Harrison,,Mon,Tue,Wed,Thu,Fri
19:35:38,3,King Drive,,Sat
20:04:43,126,Jackson,,Sat
07:49:46,28,Stony Island,,Mon,Tue,Wed,Thu,Fri
10:58:35,147,Outer DuSable Lake Shore Express,,Sat
10:15:39,3,King Drive,,Sat
09:50:38,4,Cottage Grove,,Sat
05:59:51,147,Outer DuSable Lake Shore Express,,Mon,Tue,Wed,Thu,Fri
13:58:06,3,King Drive,,Mon,Tue,Wed,Thu,Fri
21:32:38,4,Cottage Grove,,Sat
16:52:11,4,Cottage Grove,,Sat
17:47:31,3,King Drive,,Mon,Tue,Wed,Thu,Fri
13:29:57,126,Jackson,,Sat
20:47:16,147,Outer DuSable Lake Shore Express,,Sun
12:45:23,J14,Jeffery Jump,,Sat
09:24:09,126,Jackson,,Sat
17:00:47,1,Bronzeville/Union Station,,Mon,Tue,Wed,Thu,Fri
08:09:38,3,King Drive,,Mon,Tue,Wed,Thu,Fri
05:59:51,147,Outer DuSable Lake Shore Express,,Mon,Tue,Wed,Thu,Fri
15:32:06,4,Cottage Grove,,Mon,Tue,Wed,Thu,Fri
22:26:53,J14,Jeffery Jump,,Mon,Tue,Wed,Thu,Fri
22:15:52,126,Jackson,,Sat
15:23:08,3,King Drive,,Sun
13:30:12,J14,Jeffery Jump,,Sun
18:34:12,J14,Jeffery Jump,,Sat
19:27:43,126,Jackson,,Sat
16:47:35,147,Outer DuSable Lake Shore Express,,Sun
14:17:09,126,Jackson,,Sun
10:50:29,4,Cottage Grove,,Mon,Tue,Wed,Thu,Fri
24:13:12,3,King Drive,,Sat
12:22:04,J14,Jeffery Jump,,Mon,Tue,Wed,Thu,Fri
18:13:55,147,Outer DuSable Lake Shore Express,,Sat
06:42:42,3,King Drive,,Mon,Tue,Wed,Thu,Fri
15:54:34,J14,Jeffery Jump,,Sat
14:02:04,J14,Jeffery Jump,,Mon,Tue,Wed,Thu,Fri
05:51:26,126,Jackson,,Sun
10:08:23,J14,Jeffery Jump,,Sat
22:04:17,4,Cottage Grove,,Sun
12:31:06,3,King Drive,,Mon,Tue,Wed,Thu,Fri
18:06:03,3,King Drive,,Mon,Tue,Wed,Thu,Fri
15:07:00,147,Outer DuSable Lake Shore Express,,Sun
16:49:17,1,Bronzeville/Union Station,,Mon,Tue,Wed,Thu,Fri
06:13:21,147,Outer DuSable Lake Shore Express,,Mon,Tue,Wed,Thu,Fri
18:04:50,4,Cottage Grove,,Sat
21:19:56,7,Harrison,,Mon,Tue,Wed,Thu,Fri
10:50:38,4,Cottage Grove,,Sat
09:04:01,126,Jackson,,Mon,Tue,Wed,Thu,Fri
21:43:09,3,King Drive,,Sat
17:55:51,4,Cottage Grove,,Mon,Tue,Wed,Thu,Fri
19:37:53,J14,Jeffery Jump,,Sun
18:08:08,3,King Drive,,Sun
14:07:55,147,Outer DuSable Lake Shore Express,,Sat
22:35:01,J14,Jeffery Jump,,Sun
16:19:09,4,Cottage Grove,,Mon,Tue,Wed,Thu,Fri
20:16:52,7,Harrison,,Mon,Tue,Wed,Thu,Fri
21:20:00,126,Jackson,,Sun
19:07:05,26,South Shore Express,,Mon,Tue,Wed,Thu,Fri
15:46:34,3,King Drive,,Mon,Tue,Wed,Thu,Fri
15:49:04,J14,Jeffery Jump,,Sun
09:41:29,4,Cottage Grove,,Mon,Tue,Wed,Thu,Fri
17:28:23,J14,Jeffery Jump,,Sun
18:52:23,4,Cottage Grove,,Mon,Tue,Wed,Thu,Fri
13:26:06,3,King Drive,,Mon,Tue,Wed,Thu,Fri
09:27:13,147,Outer DuSable Lake Shore Express,,Sun
07:42:05,147,Outer DuSable Lake Shore Express,,Mon,Tue,Wed,Thu,Fri
14:04:11,4,Cottage Grove,,Sat
05:25:09,J14,Jeffery Jump,,Mon,Tue,Wed,Thu,Fri
09:09:38,3,King Drive,,Mon,Tue,Wed,Thu,Fri
17:24:34,J14,Jeffery Jump,,Sat
09:41:38,4,Cottage Grove,,Sat
20:27:45,J14,Jeffery Jump,,Mon,Tue,Wed,Thu,Fri
12:42:12,J14,Jeffery Jump,,Sun
12:07:14,4,Cottage Grove,,Mon,Tue,Wed,Thu,Fri
22:04:21,147,Outer DuSable Lake Shore Express,,Mon,Tue,Wed,Thu,Fri
16:01:59,4,Cottage Grove,,Sun
17:56:55,147,Outer DuSable Lake Shore Express,,Sat
16:09:04,3,King Drive,,Sat
15:47:52,126,Jackson,,Mon,Tue,Wed,Thu,Fri
15:34:38,3,King Drive,,Sun
21:39:05,147,Outer DuSable Lake Shore Express,,Sat
23:23:46,147,Outer DuSable Lake Shore Express,,Sun
16:34:34,J14,Jeffery Jump,,Sat
16:48:00,4,Cottage Grove,,Mon,Tue,Wed,Thu,Fri
13:12:04,J14,Jeffery Jump,,Mon,Tue,Wed,Thu,Fri
19:25:38,3,King Drive,,Sat
13:23:38,4,Cottage Grove,,Sun
13:50:55,147,Outer DuSable Lake Shore Express,,Sat
18:12:50,4,Cottage Grove,,Sat
20:41:59,4,Cottage Grove,,Sun
05:47:01,4,Cottage Grove,,Mon,Tue,Wed,Thu,Fri
10:58:55,147,Outer DuSable Lake Shore Express,,Mon,Tue,Wed,Thu,Fri
24:13:12,3,King Drive,,Sat
23:00:18,126,Jackson,,Mon,Tue,Wed,Thu,Fri
08:00:00,147,Outer DuSable Lake Shore Express,,Mon,Tue,Wed,Thu,Fri
18:51:16,1,Bronzeville/Union Station,,Mon,Tue,Wed,Thu,Fri
10:32:08,3,King Drive,,Mon,Tue,Wed,Thu,Fri
11:58:32,4,Cottage Grove,,Mon,Tue,Wed,Thu,Fri
08:04:12,147,Outer DuSable Lake Shore Express,,Mon,Tue,Wed,Thu,Fri
15:19:52,126,Jackson,,Mon,Tue,Wed,Thu,Fri
19:10:59,4,Cottage Grove,,Sun
15:15:09,126,Jackson,,Sun
22:23:17,4,Cottage Grove,,Mon,Tue,Wed,Thu,Fri
04:13:48,4,Cottage Grove,,Sat
21:16:40,3,King Drive,,Sun
17:09:01,3,King Drive,,Mon,Tue,Wed,Thu,Fri
08:37:30,143,Stockton/Michigan Express,,Mon,Tue,Wed,Thu,Fri
19:25:38,3,King Drive,,Sat
17:33:35,147,Outer DuSable Lake Shore Express,,Sun
13:38:31,7,Harrison,,Mon,Tue,Wed,Thu,Fri
14:01:29,4,Cottage Grove,,Sun
14:07:47,26,South Shore Express,,Mon,Tue,Wed,Thu,Fri
21:10:29,4,Cottage Grove,,Mon,Tue,Wed,Thu,Fri
12:35:34,J14,Jeffery Jump,,Sat
13:30:04,3,King Drive,,Sat
18:23:44,4,Cottage Grove,,Mon,Tue,Wed,Thu,Fri
17:04:34,J14,Jeffery Jump,,Sat
21:30:09,3,King Drive,,Sat
09:56:22,126,Jackson,,Mon,Tue,Wed,Thu,Fri
23:07:17,4,Cottage Grove,,Mon,Tue,Wed,Thu,Fri
13:16:55,147,Outer DuSable Lake Shore Express,,Sat
09:18:21,147,Outer DuSable Lake Shore Express,,Sun
18:59:20,4,Cottage Grove,,Sat
16:26:34,3,King Drive,,Mon,Tue,Wed,Thu,Fri
23:23:16,147,Outer DuSable Lake Shore Express,,Sat
22:45:42,3,King Drive,,Sun
22:58:00,126,Jackson,,Sat
20:00:39,3,King Drive,,Sun
21:19:29,4,Cottage Grove,,Sat
20:29:59,4,Cottage Grove,,Sat
14:04:57,126,Jackson,,Sat
19:27:53,J14,Jeffery Jump,,Sun
07:32:27,126,Jackson,,Mon,Tue,Wed,Thu,Fri
06:57:11,147,Outer DuSable Lake Shore Express,,Mon,Tue,Wed,Thu,Fri
19:32:20,4,Cottage Grove,,Sat
08:45:43,126,Jackson,,Sat
22:43:51,147,Outer DuSable Lake Shore Express,,Mon,Tue,Wed,Thu,Fri
17:07:33,4,Cottage Grove,,Mon,Tue,Wed,Thu,Fri
22:55:40,3,King Drive,,Mon,Tue,Wed,Thu,Fri
10:58:23,J14,Jeffery Jump,,Sat
19:37:59,4,Cottage Grove,,Sun
09:23:39,3,King Drive,,Sat
21:19:56,7,Harrison,,Mon,Tue,Wed,Thu,Fri
16:21:59,4,Cottage Grove,,Sun
13:43:25,147,Outer DuSable Lake Shore Express,,Sat
16:48:23,J14,Jeffery Jump,,Sun
06:53:14,4,Cottage Grove,,Sun
08:29:38,3,King Drive,,Mon,Tue,Wed,Thu,Fri
14:00:25,147,Outer DuSable Lake Shore Express,,Sat
07:43:12,3,King Drive,,Sat
08:16:34,J14,Jeffery Jump,,Mon,Tue,Wed,Thu,Fri
20:04:59,4,Cottage Grove,,Sun
17:30:05,7,Harrison,,Mon,Tue,Wed,Thu,Fri
09:38:23,J14,Jeffery Jump,,Sat
16:33:03,3,King Drive,,Mon,Tue,Wed,Thu,Fri
13:07:31,7,Harrison,,Mon,Tue,Wed,Thu,Fri
09:24:31,J14,Jeffery Jump,,Sun
11:16:08,3,King Drive,,Mon,Tue,Wed,Thu,Fri
13:29:57,126,Jackson,,Sat
13:26:25,147,Outer DuSable Lake Shore Express,,Sat
14:04:53,J14,Jeffery Jump,,Sat
13:46:22,126,Jackson,,Mon,Tue,Wed,Thu,Fri
18:24:12,J14,Jeffery Jump,,Sat
17:25:31,3,King Drive,,Mon,Tue,Wed,Thu,Fri
13:15:23,J14,Jeffery Jump,,Sat
16:26:34,3,King Drive,,Mon,Tue,Wed,Thu,Fri
08:51:12,3,King Drive,,Sat
10:41:39,3,King Drive,,Sat
06:25:02,147,Outer DuSable Lake Shore Express,,Sun
18:56:25,147,Outer DuSable Lake Shore Express,,Sat
16:04:34,J14,Jeffery Jump,,Sat
13:15:41,147,Outer DuSable Lake Shore Express,,Sun
19:11:16,1,Bronzeville/Union Station,,Mon,Tue,Wed,Thu,Fri
15:41:00,147,Outer DuSable Lake Shore Express,,Sun
13:49:47,26,South Shore Express,,Mon,Tue,Wed,Thu,Fri
21:37:22,126,Jackson,,Sat
08:36:05,147,Outer DuSable Lake Shore Express,,Mon,Tue,Wed,Thu,Fri
22:25:42,3,King Drive,,Sun
19:37:59,4,Cottage Grove,,Sun
23:56:44,4,Cottage Grove,,Mon,Tue,Wed,Thu,Fri
09:36:04,J14,Jeffery Jump,,Mon,Tue,Wed,Thu,Fri
14:07:36,3,King Drive,,Mon,Tue,Wed,Thu,Fri
04:13:48,4,Cottage Grove,,Sun
09:53:31,J14,Jeffery Jump,,Sun
10:48:23,J14,Jeffery Jump,,Sat
10:14:04,J14,Jeffery Jump,,Mon,Tue,Wed,Thu,Fri
23:08:09,3,King Drive,,Sat
13:57:04,3,King Drive,,Sat
19:14:20,4,Cottage Grove,,Sat
21:16:24,26,South Shore Express,,Mon,Tue,Wed,Thu,Fri
17:17:33,X4,Cottage Grove Express,,Mon,Tue,Wed,Thu,Fri
23:56:12,3,King Drive,,Sat
09:49:05,147,Outer DuSable Lake Shore Express,,Sun
14:24:53,J14,Jeffery Jump,,Sat
21:26:53,J14,Jeffery Jump,,Mon,Tue,Wed,Thu,Fri
17:43:40,7,Harrison,,Mon,Tue,Wed,Thu,Fri
19:55:16,147,Outer DuSable Lake Shore Express,,Sun
12:20:41,147,Outer DuSable Lake Shore Express,,Sun
08:03:14,4,Cottage Grove,,Sun
07:15:43,1,Bronzeville/Union Station,,Mon,Tue,Wed,Thu,Fri
11:04:17,4,Cottage Grove,,Sun
11:47:55,147,Outer DuSable Lake Shore Express,,Mon,Tue,Wed,Thu,Fri
12:58:09,3,King Drive,,Sun
21:30:09,3,King Drive,,Sat
18:42:44,4,Cottage Grove,,Mon,Tue,Wed,Thu,Fri
18:53:35,26,South Shore Express,,Mon,Tue,Wed,Thu,Fri
06:18:31,4,Cottage Grove,,Mon,Tue,Wed,Thu,Fri
07:53:18,126,Jackson,,Mon,Tue,Wed,Thu,Fri
22:01:11,147,Outer DuSable Lake Shore Express,,Sat
16:29:48,28,Stony Island,,Mon,Tue,Wed,Thu,Fri
21:47:31,J14,Jeffery Jump,,Sun
04:43:48,4,Cottage Grove,,Sat
09:34:31,J14,Jeffery Jump,,Sun
11:30:08,4,Cottage Grove,,Sat
09:14:31,J14,Jeffery Jump,,Sun
16:46:33,3,King Drive,,Mon,Tue,Wed,Thu,Fri
10:38:23,J14,Jeffery Jump,,Sat
06:39:52,126,Jackson,,Sun
23:09:17,4,Cottage Grove,,Sun
20:51:59,4,Cottage Grove,,Sun
20:40:54,26,South Shore Express,,Mon,Tue,Wed,Thu,Fri
21:00:40,3,King Drive,,Sun
07:32:56,4,Cottage Grove,,Mon,Tue,Wed,Thu,Fri
17:25:31,3,King Drive,,Mon,Tue,Wed,Thu,Fri
18:23:14,4,Cottage Grove,,Mon,Tue,Wed,Thu,Fri
14:10:30,147,Outer DuSable Lake Shore Express,,Mon,Tue,Wed,Thu,Fri
21:43:09,3,King Drive,,Sat
17:14:34,J14,Jeffery Jump,,Sat
07:21:57,126,Jackson,,Mon,Tue,Wed,Thu,Fri
15:44:34,J14,Jeffery Jump,,Sat
18:51:13,126,Jackson,,Sat
14:02:08,3,King Drive,,Sun
13:04:06,3,King Drive,,Mon,Tue,Wed,Thu,Fri
18:57:53,J14,Jeffery Jump,,Sun
18:17:05,26,South Shore Express,,Mon,Tue,Wed,Thu,Fri
19:23:39,3,King Drive,,Sun
18:43:35,3,King Drive,,Mon,Tue,Wed,Thu,Fri
12:55:23,J14,Jeffery Jump,,Sat
15:18:15,J14,Jeffery Jump,,Mon,Tue,Wed,Thu,Fri
19:51:36,3,King Drive,,Mon,Tue,Wed,Thu,Fri
18:05:25,147,Outer DuSable Lake Shore Express,,Sat
16:19:09,4,Cottage Grove,,Mon,Tue,Wed,Thu,Fri
07:08:26,147,Outer DuSable Lake Shore Express,,Sat
10:12:41,147,Outer DuSable Lake Shore Express,,Sun
18:08:23,J14,Jeffery Jump,,Sun
22:05:46,147,Outer DuSable Lake Shore Express,,Sun
08:10:40,126,Jackson,,Mon,Tue,Wed,Thu,Fri
16:52:40,26,South Shore Express,,Mon,Tue,Wed,Thu,Fri
22:34:17,4,Cottage Grove,,Sun
20:47:12,J14,Jeffery Jump,,Sun
23:10:13,3,King Drive,,Mon,Tue,Wed,Thu,Fri
09:57:48,126,Jackson,,Sun
10:50:39,3,King Drive,,Sun
22:26:17,4,Cottage Grove,,Sat
21:04:46,147,Outer DuSable Lake Shore Express,,Sun
08:44:31,126,Jackson,,Mon,Tue,Wed,Thu,Fri
07:07:12,J14,Jeffery Jump,,Mon,Tue,Wed,Thu,Fri
23:03:51,147,Outer DuSable Lake Shore Express,,Mon,Tue,Wed,Thu,Fri
09:26:34,J14,Jeffery Jump,,Mon,Tue,Wed,Thu,Fri
20:02:20,4,Cottage Grove,,Mon,Tue,Wed,Thu,Fri
12:42:41,147,Outer DuSable Lake Shore Express,,Sun
17:56:27,J14,Jeffery Jump,,Mon,Tue,Wed,Thu,Fri
09:20:29,4,Cottage Grove,,Mon,Tue,Wed,Thu,Fri
17:15:35,7,Harrison,,Mon,Tue,Wed,Thu,Fri
22:27:16,147,Outer DuSable Lake Shore Express,,Sun
20:58:24,26,South Shore Express,,Mon,Tue,Wed,Thu,Fri
17:14:34,J14,Jeffery Jump,,Sat
16:40:33,3,King Drive,,Mon,Tue,Wed,Thu,Fri
18:11:29,4,Cottage Grove,,Sun
15:31:06,4,Cottage Grove,,Mon,Tue,Wed,Thu,Fri
05:54:01,4,Cottage Grove,,Mon,Tue,Wed,Thu,Fri
07:48:01,J14,Jeffery Jump,,Sun
17:41:33,X4,Cottage Grove Express,,Mon,Tue,Wed,Thu,Fri
17:27:08,3,King Drive,,Sun
22:26:53,J14,Jeffery Jump,,Mon,Tue,Wed,Thu,Fri
14:36:09,126,Jackson,,Sun
08:19:05,4,Cottage Grove,,Sat
09:08:40,3,King Drive,,Sun
10:15:42,147,Outer DuSable Lake Shore Express,,Sat
14:47:36,3,King Drive,,Mon,Tue,Wed,Thu,Fri
20:23:00,147,Outer DuSable Lake Shore Express,,Sat
06:08:26,7,Harrison,,Mon,Tue,Wed,Thu,Fri
17:02:57,126,Jackson,,Mon,Tue,Wed,Thu,Fri
23:53:44,4,Cottage Grove,,Sun
09:48:23,J14,Jeffery Jump,,Sat
17:36:54,4,Cottage Grove,,Mon,Tue,Wed,Thu,Fri
20:37:12,J14,Jeffery Jump,,Sun
22:11:53,J14,Jeffery Jump,,Mon,Tue,Wed,Thu,Fri
06:24:42,1,Bronzeville/Union Station,,Mon,Tue,Wed,Thu,Fri
16:51:05,126,Jackson,,Mon,Tue,Wed,Thu,Fri
21:42:47,4,Cottage Grove,,Sat
06:47:44,4,Cottage Grove,,Mon,Tue,Wed,Thu,Fri
05:41:01,4,Cottage Grove,,Mon,Tue,Wed,Thu,Fri
15:41:59,4,Cottage Grove,,Sun
22:05:46,147,Outer DuSable Lake Shore Express,,Sun
13:15:41,147,Outer DuSable Lake Shore Express,,Sun
20:37:52,7,Harrison,,Mon,Tue,Wed,Thu,Fri
14:21:30,147,Outer DuSable Lake Shore Express,,Mon,Tue,Wed,Thu,Fri
07:03:18,126,Jackson,,Sat
14:11:29,4,Cottage Grove,,Sun
17:49:38,J14,Jeffery Jump,,Mon,Tue,Wed,Thu,Fri
19:35:39,3,King Drive,,Sun
11:47:53,J14,Jeffery Jump,,Sat
17:32:14,147,Outer DuSable Lake Shore Express,,Mon,Tue,Wed,Thu,Fri
17:46:48,1,Bronzeville/Union Station,,Mon,Tue,Wed,Thu,Fri
21:38:47,4,Cottage Grove,,Mon,Tue,Wed,Thu,Fri
17:51:43,126,Jackson,,Sun
11:59:38,3,King Drive,,Mon,Tue,Wed,Thu,Fri
05:13:48,4,Cottage Grove,,Sun
12:36:31,7,Harrison,,Mon,Tue,Wed,Thu,Fri
08:25:48,126,Jackson,,Sat
15:59:04,J14,Jeffery Jump,,Sun
10:30:38,4,Cottage Grove,,Sat
19:11:22,126,Jackson,,Sun
18:30:08,3,King Drive,,Sun
18:45:38,3,King Drive,,Sat
10:54:08,3,King Drive,,Mon,Tue,Wed,Thu,Fri
18:44:12,J14,Jeffery Jump,,Sat
19:57:18,7,Harrison,,Mon,Tue,Wed,Thu,Fri
20:20:29,4,Cottage Grove,,Sat
11:48:22,126,Jackson,,Mon,Tue,Wed,Thu,Fri
08:05:44,1,Bronzeville/Union Station,,Mon,Tue,Wed,Thu,Fri
06:50:28,147,Outer DuSable Lake Shore Express,,Mon,Tue,Wed,Thu,Fri
09:40:18,126,Jackson,,Sun
21:18:22,126,Jackson,,Sat
16:40:09,X4,Cottage Grove Express,,Mon,Tue,Wed,Thu,Fri
23:24:39,3,King Drive,,Sat
17:58:16,26,South Shore Express,,Mon,Tue,Wed,Thu,Fri
08:45:52,126,Jackson,,Sun
08:47:40,3,King Drive,,Sun
17:02:35,126,Jackson,,Sat
19:55:59,4,Cottage Grove,,Sun
00:38:43,3,King Drive,,Tue,Wed,Thu,Fri,Sat
11:28:23,J14,Jeffery Jump,,Sat
09:24:09,126,Jackson,,Sat
16:24:34,J14,Jeffery Jump,,Sat
07:35:16,28,Stony Island,,Mon,Tue,Wed,Thu,Fri
08:07:52,126,Jackson,,Sun
20:01:20,4,Cottage Grove,,Sat
12:45:39,3,King Drive,,Sun
08:47:13,147,Outer DuSable Lake Shore Express,,Sun
10:45:26,4,Cottage Grove,,Sun
11:38:08,3,King Drive,,Mon,Tue,Wed,Thu,Fri
06:33:12,3,King Drive,,Mon,Tue,Wed,Thu,Fri
14:41:29,4,Cottage Grove,,Sun
20:56:42,J14,Jeffery Jump,,Sun
15:09:15,J14,Jeffery Jump,,Mon,Tue,Wed,Thu,Fri
22:26:12,J14,Jeffery Jump,,Sat
18:04:34,J14,Jeffery Jump,,Sat
16:52:20,28,Stony Island,,Mon,Tue,Wed,Thu,Fri
08:13:56,4,Cottage Grove,,Mon,Tue,Wed,Thu,Fri
07:43:43,3,King Drive,,Sun
21:55:48,126,Jackson,,Mon,Tue,Wed,Thu,Fri
15:33:11,4,Cottage Grove,,Sat
18:26:36,3,King Drive,,Sat
09:56:20,147,Outer DuSable Lake Shore Express,,Sat
21:08:59,4,Cottage Grove,,Sat
07:50:39,7,Harrison,,Mon,Tue,Wed,Thu,Fri
21:39:05,147,Outer DuSable Lake Shore Express,,Sat
08:37:44,1,Bronzeville/Union Station,,Mon,Tue,Wed,Thu,Fri
09:27:57,7,Harrison,,Mon,Tue,Wed,Thu,Fri
21:47:31,J14,Jeffery Jump,,Sun
18:08:05,147,Outer DuSable Lake Shore Express,,Sun
15:24:53,J14,Jeffery Jump,,Sat
07:13:56,X4,Cottage Grove Express,,Mon,Tue,Wed,Thu,Fri
19:03:41,147,Outer DuSable Lake Shore Express,,Sun
23:07:17,4,Cottage Grove,,Sat
07:31:40,3,King Drive,,Mon,Tue,Wed,Thu,Fri
15:41:29,4,Cottage Grove,,Sun
15:26:04,3,King Drive,,Sat
10:05:35,4,Cottage Grove,,Sun
15:13:35,3,King Drive,,Mon,Tue,Wed,Thu,Fri
18:32:05,7,Harrison,,Mon,Tue,Wed,Thu,Fri
20:41:35,147,Outer DuSable Lake Shore Express,,Sat
07:17:09,7,Harrison,,Mon,Tue,Wed,Thu,Fri
19:57:35,147,Outer DuSable Lake Shore Express,,Mon,Tue,Wed,Thu,Fri
18:17:53,J14,Jeffery Jump,,Sun
20:40:59,4,Cottage Grove,,Mon,Tue,Wed,Thu,Fri
18:11:27,J14,Jeffery Jump,,Mon,Tue,Wed,Thu,Fri
08:15:00,143,Stockton/Michigan Express,,Mon,Tue,Wed,Thu,Fri
19:54:22,126,Jackson,,Sun
19:07:50,4,Cottage Grove,,Sat
16:43:52,26,South Shore Express,,Mon,Tue,Wed,Thu,Fri
11:56:34,J14,Jeffery Jump,,Sat
08:57:05,4,Cottage Grove,,Sun
13:10:12,J14,Jeffery Jump,,Sun
17:38:35,126,Jackson,,Sat
21:45:16,147,Outer DuSable Lake Shore Express,,Sun
16:28:09,X4,Cottage Grove Express,,Mon,Tue,Wed,Thu,Fri
22:55:01,J14,Jeffery Jump,,Sun
19:42:22,7,Harrison,,Mon,Tue,Wed,Thu,Fri
12:38:52,126,Jackson,,Mon,Tue,Wed,Thu,Fri
09:42:01,7,Harrison,,Mon,Tue,Wed,Thu,Fri
18:51:20,4,Cottage Grove,,Sat
13:49:47,26,South Shore Express,,Mon,Tue,Wed,Thu,Fri
06:21:20,J14,Jeffery Jump,,Mon,Tue,Wed,Thu,Fri
22:17:18,126,Jackson,,Mon,Tue,Wed,Thu,Fri
12:36:31,7,Harrison,,Mon,Tue,Wed,Thu,Fri
14:07:36,3,King Drive,,Mon,Tue,Wed,Thu,Fri
13:16:11,4,Cottage Grove,,Sat
06:16:51,147,Outer DuSable Lake Shore Express,,Sat
11:29:39,3,King Drive,,Sun
17:41:33,X4,Cottage Grove Express,,Mon,Tue,Wed,Thu,Fri
09:31:29,4,Cottage Grove,,Mon,Tue,Wed,Thu,Fri
08:53:38,4,Cottage Grove,,Mon,Tue,Wed,Thu,Fri
20:00:39,3,King Drive,,Sun
00:53:48,4,Cottage Grove,,Tue,Wed,Thu,Fri,Sat
15:13:35,26,South Shore Express,,Mon,Tue,Wed,Thu,Fri
13:53:35,7,Harrison,,Mon,Tue,Wed,Thu,Fri
15:24:14,X4,Cottage Grove Express,,Mon,Tue,Wed,Thu,Fri
12:18:55,147,Outer DuSable Lake Shore Express,,Mon,Tue,Wed,Thu,Fri
09:12:01,7,Harrison,,Mon,Tue,Wed,Thu,Fri
17:40:10,26,South Shore Express,,Mon,Tue,Wed,Thu,Fri
17:04:20,28,Stony Island,,Mon,Tue,Wed,Thu,Fri
20:42:23,J14,Jeffery Jump,,Sat
16:20:11,4,Cottage Grove,,Sat
08:42:35,4,Cottage Grove,,Sun
12:52:04,J14,Jeffery Jump,,Mon,Tue,Wed,Thu,Fri
06:58:01,J14,Jeffery Jump,,Mon,Tue,Wed,Thu,Fri
21:06:31,J14,Jeffery Jump,,Sun
10:51:25,147,Outer DuSable Lake Shore Express,,Sat
13:33:55,147,Outer DuSable Lake Shore Express,,Sat
19:12:55,147,Outer DuSable Lake Shore Express,,Sat
08:07:52,126,Jackson,,Sun
14:37:08,3,King Drive,,Sun
14:42:04,J14,Jeffery Jump,,Mon,Tue,Wed,Thu,Fri
07:16:58,147,Outer DuSable Lake Shore Express,,Mon,Tue,Wed,Thu,Fri
19:22:04,J14,Jeffery Jump,,Mon,Tue,Wed,Thu,Fri
18:32:05,7,Harrison,,Mon,Tue,Wed,Thu,Fri
10:31:38,4,Cottage Grove,,Sat
15:18:04,3,King Drive,,Sat
17:35:18,1,Bronzeville/Union Station,,Mon,Tue,Wed,Thu,Fri
20:27:38,3,King Drive,,Sat
07:00:39,7,Harrison,,Mon,Tue,Wed,Thu,Fri
17:44:38,J14,Jeffery Jump,,Mon,Tue,Wed,Thu,Fri
09:46:35,147,Outer DuSable Lake Shore Express,,Sat
16:51:43,126,Jackson,,Sun
09:09:39,3,King Drive,,Sat
06:56:01,126,Jackson,,Mon,Tue,Wed,Thu,Fri
20:48:59,4,Cottage Grove,,Sat
18:20:35,3,King Drive,,Mon,Tue,Wed,Thu,Fri
10:04:34,J14,Jeffery Jump,,Mon,Tue,Wed,Thu,Fri
21:31:48,126,Jackson,,Mon,Tue,Wed,Thu,Fri
15:36:14,147,Outer DuSable Lake Shore Express,,Sat
11:53:47,4,Cottage Grove,,Sun
16:29:48,28,Stony Island,,Mon,Tue,Wed,Thu,Fri
07:26:22,126,Jackson,,Sun
15:11:59,4,Cottage Grove,,Sun
17:04:57,J14,Jeffery Jump,,Mon,Tue,Wed,Thu,Fri
07:55:21,147,Outer DuSable Lake Shore Express,,Sun
14:34:53,J14,Jeffery Jump,,Sat
11:16:08,3,King Drive,,Mon,Tue,Wed,Thu,Fri
21:42:23,J14,Jeffery Jump,,Sat
12:47:55,147,Outer DuSable Lake Shore Express,,Mon,Tue,Wed,Thu,Fri
19:03:53,J14,Jeffery Jump,,Sat
16:50:15,J14,Jeffery Jump,,Mon,Tue,Wed,Thu,Fri
14:55:39,126,Jackson,,Sun
18:15:20,147,Outer DuSable Lake Shore Express,,Mon,Tue,Wed,Thu,Fri
09:09:30,143,Stockton/Michigan Express,,Mon,Tue,Wed,Thu,Fri
18:19:08,3,King Drive,,Sun
12:00:11,4,Cottage Grove,,Sat
18:55:38,3,King Drive,,Sat
09:21:41,147,Outer DuSable Lake Shore Express,,Sat
17:39:38,J14,Jeffery Jump,,Mon,Tue,Wed,Thu,Fri
12:27:14,4,Cottage Grove,,Mon,Tue,Wed,Thu,Fri
07:03:56,4,Cottage Grove,,Mon,Tue,Wed,Thu,Fri
23:31:35,4,Cottage Grove,,Sun
18:59:35,3,King Drive,,Mon,Tue,Wed,Thu,Fri
07:13:30,143,Stockton/Michigan Express,,Mon,Tue,Wed,Thu,Fri
16:10:14,147,Outer DuSable Lake Shore Express,,Sat
14:45:00,147,Outer DuSable Lake Shore Express,,Sun
07:46:48,126,Jackson,,Sat
07:12:42,3,King Drive,,Mon,Tue,Wed,Thu,Fri
23:23:51,147,Outer DuSable Lake Shore Express,,Mon,Tue,Wed,Thu,Fri
11:08:25,147,Outer DuSable Lake Shore Express,,Sat
17:16:20,28,Stony Island,,Mon,Tue,Wed,Thu,Fri
20:37:12,J14,Jeffery Jump,,Sun
13:10:25,147,Outer DuSable Lake Shore Express,,Mon,Tue,Wed,Thu,Fri
05:43:51,147,Outer DuSable Lake Shore Express,,Mon,Tue,Wed,Thu,Fri
12:13:12,J14,Jeffery Jump,,Sun
21:49:42,3,King Drive,,Sun
17:48:08,3,King Drive,,Sun
20:40:48,126,Jackson,,Sat
14:42:04,J14,Jeffery Jump,,Mon,Tue,Wed,Thu,Fri
19:00:01,7,Harrison,,Mon,Tue,Wed,Thu,Fri
17:38:50,4,Cottage Grove,,Sat
06:26:16,147,Outer DuSable Lake Shore Express,,Mon,Tue,Wed,Thu,Fri
07:00:39,7,Harrison,,Mon,Tue,Wed,Thu,Fri
10:03:31,J14,Jeffery Jump,,Sun
13:26:41,147,Outer DuSable Lake Shore Express,,Sun
09:14:55,147,Outer DuSable Lake Shore Express,,Mon,Tue,Wed,Thu,Fri
17:48:23,J14,Jeffery Jump,,Sun
10:44:58,147,Outer DuSable Lake Shore Express,,Sun
11:23:04,J14,Jeffery Jump,,Mon,Tue,Wed,Thu,Fri
16:52:31,3,King Drive,,Mon,Tue,Wed,Thu,Fri
14:24:53,J14,Jeffery Jump,,Sat
19:15:35,3,King Drive,,Mon,Tue,Wed,Thu,Fri
16:38:20,147,Outer DuSable Lake Shore Express,,Mon,Tue,Wed,Thu,Fri
22:07:42,3,King Drive,,Sun
07:05:02,147,Outer DuSable Lake Shore Express,,Sun
09:28:35,147,Outer DuSable Lake Shore Express,,Mon,Tue,Wed,Thu,Fri
20:51:35,147,Outer DuSable Lake Shore Express,,Sat
21:31:38,3,King Drive,,Mon,Tue,Wed,Thu,Fri
07:39:39,3,King Drive,,Mon,Tue,Wed,Thu,Fri
12:45:23,J14,Jeffery Jump,,Sat
13:07:31,7,Harrison,,Mon,Tue,Wed,Thu,Fri
14:02:04,J14,Jeffery Jump,,Mon,Tue,Wed,Thu,Fri
11:26:41,147,Outer DuSable Lake Shore Express,,Sun
20:21:59,4,Cottage Grove,,Mon,Tue,Wed,Thu,Fri
09:33:25,147,Outer DuSable Lake Shore Express,,Mon,Tue,Wed,Thu,Fri
16:51:59,4,Cottage Grove,,Sun
16:43:52,26,South Shore Express,,Mon,Tue,Wed,Thu,Fri
14:24:55,147,Outer DuSable Lake Shore Express,,Sat
07:29:30,143,Stockton/Michigan Express,,Mon,Tue,Wed,Thu,Fri
10:34:04,J14,Jeffery Jump,,Mon,Tue,Wed,Thu,Fri
08:09:05,7,Harrison,,Mon,Tue,Wed,Thu,Fri
22:27:16,147,Outer DuSable Lake Shore Express,,Sat
22:40:42,J14,Jeffery Jump,,Mon,Tue,Wed,Thu,Fri
18:37:53,J14,Jeffery Jump,,Sun
13:20:12,J14,Jeffery Jump,,Sun
11:27:01,126,Jackson,,Sat
08:08:05,147,Outer DuSable Lake Shore Express,,Sat
14:07:14,4,Cottage Grove,,Mon,Tue,Wed,Thu,Fri
13:24:08,4,Cottage Grove,,Sun
08:52:38,4,Cottage Grove,,Mon,Tue,Wed,Thu,Fri
01:13:48,4,Cottage Grove,,Tue,Wed,Thu,Fri,Sat
14:57:06,3,King Drive,,Mon,Tue,Wed,Thu,Fri
21:04:09,3,King Drive,,Sat
23:23:56,4,Cottage Grove,,Sat
00:33:48,4,Cottage Grove,,Tue,Wed,Thu,Fri,Sat
09:20:35,147,Outer DuSable Lake Shore Express,,Mon,Tue,Wed,Thu,Fri
22:25:42,3,King Drive,,Sun
17:59:33,3,King Drive,,Mon,Tue,Wed,Thu,Fri
03:13:48,4,Cottage Grove,,Sun
09:20:35,147,Outer DuSable Lake Shore Express,,Mon,Tue,Wed,Thu,Fri
14:29:11,4,Cottage Grove,,Sat
09:38:11,147,Outer DuSable Lake Shore Express,,Sat
16:52:31,3,King Drive,,Mon,Tue,Wed,Thu,Fri
19:00:01,7,Harrison,,Mon,Tue,Wed,Thu,Fri
11:08:48,126,Jackson,,Sun
10:34:05,147,Outer DuSable Lake Shore Express,,Sat
14:47:36,3,King Drive,,Mon,Tue,Wed,Thu,Fri
08:57:00,143,Stockton/Michigan Express,,Mon,Tue,Wed,Thu,Fri
07:38:56,X4,Cottage Grove Express,,Mon,Tue,Wed,Thu,Fri
22:26:17,4,Cottage Grove,,Sat
17:55:44,7,Harrison,,Mon,Tue,Wed,Thu,Fri
10:18:23,J14,Jeffery Jump,,Sat
17:03:50,147,Outer DuSable Lake Shore Express,,Mon,Tue,Wed,Thu,Fri
17:29:57,126,Jackson,,Mon,Tue,Wed,Thu,Fri
19:42:22,7,Harrison,,Mon,Tue,Wed,Thu,Fri
05:27:21,147,Outer DuSable Lake Shore Express,,Mon,Tue,Wed,Thu,Fri
06:24:52,7,Harrison,,Mon,Tue,Wed,Thu,Fri
23:17:12,J14,Jeffery Jump,,Sat
08:05:44,1,Bronzeville/Union Station,,Mon,Tue,Wed,Thu,Fri
19:33:35,3,King Drive,,Mon,Tue,Wed,Thu,Fri
21:11:59,4,Cottage Grove,,Mon,Tue,Wed,Thu,Fri
10:43:08,3,King Drive,,Mon,Tue,Wed,Thu,Fri
12:42:34,3,King Drive,,Sat
09:59:08,3,King Drive,,Mon,Tue,Wed,Thu,Fri
14:52:06,4,Cottage Grove,,Mon,Tue,Wed,Thu,Fri
19:50:13,126,Jackson,,Mon,Tue,Wed,Thu,Fri
19:20:30,147,Outer DuSable Lake Shore Express,,Sat
16:50:20,147,Outer DuSable Lake Shore Express,,Sat
16:54:04,3,King Drive,,Sat
12:38:35,147,Outer DuSable Lake Shore Express,,Mon,Tue,Wed,Thu,Fri
09:28:40,3,King Drive,,Sun
11:08:23,J14,Jeffery Jump,,Sat
19:35:39,3,King Drive,,Sun
11:07:35,147,Outer DuSable Lake Shore Express,,Mon,Tue,Wed,Thu,Fri
00:13:48,4,Cottage Grove,,Sun
08:28:56,X4,Cottage Grove Express,,Mon,Tue,Wed,Thu,Fri
14:18:06,3,King Drive,,Mon,Tue,Wed,Thu,Fri
19:32:41,4,Cottage Grove,,Mon,Tue,Wed,Thu,Fri
07:38:20,147,Outer DuSable Lake Shore Express,,Mon,Tue,Wed,Thu,Fri
06:32:22,4,Cottage Grove,,Sat
23:10:13,3,King Drive,,Mon,Tue,Wed,Thu,Fri
12:18:31,126,Jackson,,Sat
13:04:17,4,Cottage Grove,,Sun
15:50:15,J14,Jeffery Jump,,Mon,Tue,Wed,Thu,Fri
06:57:30,143,Stockton/Michigan Express,,Mon,Tue,Wed,Thu,Fri
15:57:11,4,Cottage Grove,,Sat
21:34:54,26,South Shore Express,,Mon,Tue,Wed,Thu,Fri
17:55:18,28,Stony Island,,Mon,Tue,Wed,Thu,Fri
13:40:12,J14,Jeffery Jump,,Sun
07:48:01,J14,Jeffery Jump,,Sun
20:58:36,3,King Drive,,Mon,Tue,Wed,Thu,Fri
15:04:53,J14,Jeffery Jump,,Sat
16:03:27,7,Harrison,,Mon,Tue,Wed,Thu,Fri
20:56:53,J14,Jeffery Jump,,Mon,Tue,Wed,Thu,Fri
19:47:39,3,King Drive,,Sun
18:39:25,147,Outer DuSable Lake Shore Express,,Sat
18:04:48,4,Cottage Grove,,Mon,Tue,Wed,Thu,Fri
05:42:51,147,Outer DuSable Lake Shore Express,,Sat
20:44:40,3,King Drive,,Sun
17:32:14,147,Outer DuSable Lake Shore Express,,Mon,Tue,Wed,Thu,Fri
04:43:48,4,Cottage Grove,,Mon,Tue,Wed,Thu,Fri
08:41:26,X4,Cottage Grove Express,,Mon,Tue,Wed,Thu,Fri
16:57:25,147,Outer DuSable Lake Shore Express,,Sat
20:23:23,J14,Jeffery Jump,,Sat
19:23:20,4,Cottage Grove,,Sat
14:22:04,J14,Jeffery Jump,,Mon,Tue,Wed,Thu,Fri
12:52:01,7,Harrison,,Mon,Tue,Wed,Thu,Fri
14:27:36,3,King Drive,,Mon,Tue,Wed,Thu,Fri
17:03:31,3,King Drive,,Mon,Tue,Wed,Thu,Fri
11:14:41,147,Outer DuSable Lake Shore Express,,Sun
10:05:30,147,Outer DuSable Lake Shore Express,,Mon,Tue,Wed,Thu,Fri
08:00:00,147,Outer DuSable Lake Shore Express,,Mon,Tue,Wed,Thu,Fri
23:44:13,3,King Drive,,Sun
20:15:52,126,Jackson,,Sun
23:24:39,3,King Drive,,Sat
21:29:05,147,Outer DuSable Lake Shore Express,,Sat
07:48:01,J14,Jeffery Jump,,Sat
07:50:44,1,Bronzeville/Union Station,,Mon,Tue,Wed,Thu,Fri
20:28:48,126,Jackson,,Mon,Tue,Wed,Thu,Fri
22:03:47,4,Cottage Grove,,Sat
19:11:16,1,Bronzeville/Union Station,,Mon,Tue,Wed,Thu,Fri
10:54:08,3,King Drive,,Mon,Tue,Wed,Thu,Fri
23:22:43,3,King Drive,,Mon,Tue,Wed,Thu,Fri
06:56:26,147,Outer DuSable Lake Shore Express,,Sat
08:25:48,126,Jackson,,Sat
18:17:50,4,Cottage Grove,,Sat
15:29:30,147,Outer DuSable Lake Shore Express,,Sun
18:19:45,J14,Jeffery Jump,,Mon,Tue,Wed,Thu,Fri
16:34:34,J14,Jeffery Jump,,Sat
16:19:46,28,Stony Island,,Mon,Tue,Wed,Thu,Fri
16:05:45,J14,Jeffery Jump,,Mon,Tue,Wed,Thu,Fri
15:36:44,X4,Cottage Grove Express,,Mon,Tue,Wed,Thu,Fri
20:13:40,3,King Drive,,Sun
20:13:30,147,Outer DuSable Lake Shore Express,,Sat
19:15:38,3,King Drive,,Sat
10:25:35,4,Cottage Grove,,Sun
13:24:53,J14,Jeffery Jump,,Sat
09:23:44,28,Stony Island,,Mon,Tue,Wed,Thu,Fri
14:31:29,4,Cottage Grove,,Sun
21:12:23,J14,Jeffery Jump,,Sat
07:09:31,126,Jackson,,Mon,Tue,Wed,Thu,Fri
09:51:00,147,Outer DuSable Lake Shore Express,,Mon,Tue,Wed,Thu,Fri
11:36:41,147,Outer DuSable Lake Shore Express,,Sun
10:24:04,J14,Jeffery Jump,,Mon,Tue,Wed,Thu,Fri
23:03:16,147,Outer DuSable Lake Shore Express,,Sat
20:29:16,147,Outer DuSable Lake Shore Express,,Sun
09:51:38,4,Cottage Grove,,Sat
06:49:01,J14,Jeffery Jump,,Mon,Tue,Wed,Thu,Fri
06:58:01,J14,Jeffery Jump,,Mon,Tue,Wed,Thu,Fri
20:13:30,147,Outer DuSable Lake Shore Express,,Sat
20:07:42,J14,Jeffery Jump,,Sun
16:40:20,28,Stony Island,,Mon,Tue,Wed,Thu,Fri
09:38:44,28,Stony Island,,Mon,Tue,Wed,Thu,Fri
14:58:30,147,Outer DuSable Lake Shore Express,,Mon,Tue,Wed,Thu,Fri
16:12:11,4,Cottage Grove,,Sat
18:20:35,3,King Drive,,Mon,Tue,Wed,Thu,Fri
16:32:08,3,King Drive,,Sun
07:07:12,J14,Jeffery Jump,,Mon,Tue,Wed,Thu,Fri
19:23:39,3,King Drive,,Sun
03:13:48,4,Cottage Grove,,Mon,Tue,Wed,Thu,Fri
12:13:12,J14,Jeffery Jump,,Sun
18:38:57,126,Jackson,,Mon,Tue,Wed,Thu,Fri
08:50:05,4,Cottage Grove,,Sat
14:51:59,4,Cottage Grove,,Sun
15:34:04,3,King Drive,,Sat
17:12:18,1,Bronzeville/Union Station,,Mon,Tue,Wed,Thu,Fri
14:19:42,J14,Jeffery Jump,,Sun
20:39:29,4,Cottage Grove,,Sat
15:19:42,J14,Jeffery Jump,,Sun
21:09:11,147,Outer DuSable Lake Shore Express,,Mon,Tue,Wed,Thu,Fri
19:04:55,147,Outer DuSable Lake Shore Express,,Sat
03:43:48,4,Cottage Grove,,Sun
16:45:04,3,King Drive,,Sat
08:59:38,3,King Drive,,Mon,Tue,Wed,Thu,Fri
11:38:23,J14,Jeffery Jump,,Sat
21:39:17,4,Cottage Grove,,Mon,Tue,Wed,Thu,Fri
17:29:33,X4,Cottage Grove Express,,Mon,Tue,Wed,Thu,Fri
08:41:35,147,Outer DuSable Lake Shore Express,,Mon,Tue,Wed,Thu,Fri
18:51:16,1,Bronzeville/Union Station,,Mon,Tue,Wed,Thu,Fri
08:08:31,J14,Jeffery Jump,,Sun
07:23:14,4,Cottage Grove,,Sun
20:01:20,4,Cottage Grove,,Mon,Tue,Wed,Thu,Fri
14:25:47,26,South Shore Express,,Mon,Tue,Wed,Thu,Fri
10:41:27,126,Jackson,,Mon,Tue,Wed,Thu,Fri
20:23:23,J14,Jeffery Jump,,Sat
08:02:44,126,Jackson,,Mon,Tue,Wed,Thu,Fri
12:35:34,J14,Jeffery Jump,,Sat
14:34:00,147,Outer DuSable Lake Shore Express,,Sun
11:29:35,3,King Drive,,Sat
20:37:52,7,Harrison,,Mon,Tue,Wed,Thu,Fri
07:06:12,3,King Drive,,Sat
08:12:05,147,Outer DuSable Lake Shore Express,,Mon,Tue,Wed,Thu,Fri
11:59:25,147,Outer DuSable Lake Shore Express,,Sat
09:07:13,147,Outer DuSable Lake Shore Express,,Sun
10:31:29,4,Cottage Grove,,Mon,Tue,Wed,Thu,Fri
19:38:00,147,Outer DuSable Lake Shore Express,,Sat
19:32:52,126,Jackson,,Sun
09:25:35,4,Cottage Grove,,Sun
22:37:47,4,Cottage Grove,,Mon,Tue,Wed,Thu,Fri
19:58:15,J14,Jeffery Jump,,Mon,Tue,Wed,Thu,Fri
16:41:59,4,Cottage Grove,,Sun
12:20:41,147,Outer DuSable Lake Shore Express,,Sun
19:14:46,147,Outer DuSable Lake Shore Express,,Sun
09:28:28,147,Outer DuSable Lake Shore Express,,Sat
15:26:04,3,King Drive,,Sat
11:33:12,J14,Jeffery Jump,,Sun
09:30:29,4,Cottage Grove,,Mon,Tue,Wed,Thu,Fri
08:43:01,7,Harrison,,Mon,Tue,Wed,Thu,Fri
15:51:04,3,King Drive,,Sat
15:36:14,147,Outer DuSable Lake Shore Express,,Sat
07:52:42,147,Outer DuSable Lake Shore Express,,Mon,Tue,Wed,Thu,Fri
19:31:04,J14,Jeffery Jump,,Mon,Tue,Wed,Thu,Fri
06:20:09,126,Jackson,,Mon,Tue,Wed,Thu,Fri
16:20:15,J14,Jeffery Jump,,Mon,Tue,Wed,Thu,Fri
16:50:20,147,Outer DuSable Lake Shore Express,,Mon,Tue,Wed,Thu,Fri
06:02:22,4,Cottage Grove,,Sun
16:11:41,26,South Shore Express,,Mon,Tue,Wed,Thu,Fri
17:31:25,147,Outer DuSable Lake Shore Express,,Sat
14:09:42,J14,Jeffery Jump,,Sun
15:11:38,3,King Drive,,Sun
19:43:23,J14,Jeffery Jump,,Sat
12:42:41,147,Outer DuSable Lake Shore Express,,Sun
11:33:01,7,Harrison,,Mon,Tue,Wed,Thu,Fri
13:02:04,J14,Jeffery Jump,,Mon,Tue,Wed,Thu,Fri
16:11:59,4,Cottage Grove,,Sun
07:46:48,126,Jackson,,Sat
12:59:55,147,Outer DuSable Lake Shore Express,,Sat
10:09:27,126,Jackson,,Mon,Tue,Wed,Thu,Fri
15:08:11,4,Cottage Grove,,Sat
15:42:15,J14,Jeffery Jump,,Mon,Tue,Wed,Thu,Fri
18:19:35,147,Outer DuSable Lake Shore Express,,Sun
18:06:22,7,Harrison,,Mon,Tue,Wed,Thu,Fri
03:43:48,4,Cottage Grove,,Mon,Tue,Wed,Thu,Fri
17:04:20,28,Stony Island,,Mon,Tue,Wed,Thu,Fri
08:17:25,147,Outer DuSable Lake Shore Express,,Mon,Tue,Wed,Thu,Fri
21:10:11,147,Outer DuSable Lake Shore Express,,Sat
19:51:20,4,Cottage Grove,,Sat
15:53:14,147,Outer DuSable Lake Shore Express,,Sat
17:46:36,3,King Drive,,Sat
13:50:08,3,King Drive,,Sun
18:28:15,J14,Jeffery Jump,,Mon,Tue,Wed,Thu,Fri
07:37:12,J14,Jeffery Jump,,Mon,Tue,Wed,Thu,Fri
12:04:17,4,Cottage Grove,,Sun
21:45:09,3,King Drive,,Mon,Tue,Wed,Thu,Fri
08:54:31,J14,Jeffery Jump,,Sun
11:01:29,4,Cottage Grove,,Mon,Tue,Wed,Thu,Fri
11:46:09,126,Jackson,,Sun
08:06:48,126,Jackson,,Sat
16:31:22,7,Harrison,,Mon,Tue,Wed,Thu,Fri
15:30:34,3,King Drive,,Mon,Tue,Wed,Thu,Fri
11:49:01,7,Harrison,,Mon,Tue,Wed,Thu,Fri
07:23:13,147,Outer DuSable Lake Shore Express,,Sun
20:51:59,4,Cottage Grove,,Mon,Tue,Wed,Thu,Fri
16:38:20,147,Outer DuSable Lake Shore Express,,Mon,Tue,Wed,Thu,Fri
13:38:09,126,Jackson,,Sun
15:58:15,J14,Jeffery Jump,,Mon,Tue,Wed,Thu,Fri
07:51:26,X4,Cottage Grove Express,,Mon,Tue,Wed,Thu,Fri
00:53:48,4,Cottage Grove,,Tue,Wed,Thu,Fri,Sat
16:57:25,147,Outer DuSable Lake Shore Express,,Sat
17:05:55,147,Outer DuSable Lake Shore Express,,Sat
07:31:20,147,Outer DuSable Lake Shore Express,,Mon,Tue,Wed,Thu,Fri
09:57:35,7,Harrison,,Mon,Tue,Wed,Thu,Fri
19:36:00,26,South Shore Express,,Mon,Tue,Wed,Thu,Fri
19:47:39,3,King Drive,,Sun
23:23:16,147,Outer DuSable Lake Shore Express,,Sat
11:18:23,J14,Jeffery Jump,,Sat
00:15:48,4,Cottage Grove,,Mon
20:04:00,147,Outer DuSable Lake Shore Express,,Sat
16:26:15,J14,Jeffery Jump,,Mon,Tue,Wed,Thu,Fri
00:55:48,4,Cottage Grove,,Mon
16:43:08,3,King Drive,,Sun
22:49:17,4,Cottage Grove,,Sun
22:36:09,3,King Drive,,Sat
23:44:13,3,King Drive,,Sun
13:50:55,147,Outer DuSable Lake Shore Express,,Sat
14:23:00,147,Outer DuSable Lake Shore Express,,Sun
09:06:35,147,Outer DuSable Lake Shore Express,,Mon,Tue,Wed,Thu,Fri
16:07:34,3,King Drive,,Mon,Tue,Wed,Thu,Fri
08:32:56,4,Cottage Grove,,Mon,Tue,Wed,Thu,Fri
16:37:05,126,Jackson,,Mon,Tue,Wed,Thu,Fri
08:31:01,J14,Jeffery Jump,,Sat
10:13:31,J14,Jeffery Jump,,Sun
16:48:00,4,Cottage Grove,,Mon,Tue,Wed,Thu,Fri
22:37:47,4,Cottage Grove,,Mon,Tue,Wed,Thu,Fri
06:25:02,147,Outer DuSable Lake Shore Express,,Sun
23:04:13,3,King Drive,,Sun
20:48:48,126,Jackson,,Mon,Tue,Wed,Thu,Fri
20:48:48,126,Jackson,,Mon,Tue,Wed,Thu,Fri
14:42:04,3,King Drive,,Sat
00:14:18,4,Cottage Grove,,Tue,Wed,Thu,Fri,Sat
18:14:23,J14,Jeffery Jump,,Sat
15:34:39,126,Jackson,,Sun
17:57:48,1,Bronzeville/Union Station,,Mon,Tue,Wed,Thu,Fri
16:18:44,147,Outer DuSable Lake Shore Express,,Sat
11:08:25,147,Outer DuSable Lake Shore Express,,Sat
19:11:22,126,Jackson,,Sun
22:58:00,126,Jackson,,Sat
17:16:57,126,Jackson,,Mon,Tue,Wed,Thu,Fri
04:15:18,4,Cottage Grove,,Mon,Tue,Wed,Thu,Fri
11:03:47,4,Cottage Grove,,Sun
05:51:00,126,Jackson,,Sat
07:33:20,147,Outer DuSable Lake Shore Express,,Sat
20:32:29,4,Cottage Grove,,Sun
21:26:53,J14,Jeffery Jump,,Mon,Tue,Wed,Thu,Fri
20:30:59,4,Cottage Grove,,Mon,Tue,Wed,Thu,Fri
17:36:31,3,King Drive,,Mon,Tue,Wed,Thu,Fri
14:19:22,126,Jackson,,Mon,Tue,Wed,Thu,Fri
03:44:48,4,Cottage Grove,,Mon,Tue,Wed,Thu,Fri
21:45:09,3,King Drive,,Mon,Tue,Wed,Thu,Fri
08:56:34,J14,Jeffery Jump,,Mon,Tue,Wed,Thu,Fri
16:23:05,126,Jackson,,Mon,Tue,Wed,Thu,Fri
21:00:40,3,King Drive,,Sun
19:07:35,3,King Drive,,Mon,Tue,Wed,Thu,Fri
07:33:56,4,Cottage Grove,,Mon,Tue,Wed,Thu,Fri
09:42:39,126,Jackson,,Sat
17:27:08,3,King Drive,,Sun
17:34:34,J14,Jeffery Jump,,Sat
21:24:46,147,Outer DuSable Lake Shore Express,,Sun
07:25:05,4,Cottage Grove,,Sat
07:43:56,4,Cottage Grove,,Mon,Tue,Wed,Thu,Fri
15:48:11,4,Cottage Grove,,Sat
11:43:12,J14,Jeffery Jump,,Sun
11:27:01,126,Jackson,,Sat
07:42:05,147,Outer DuSable Lake Shore Express,,Mon,Tue,Wed,Thu,Fri
12:33:09,3,King Drive,,Sun
10:20:05,147,Outer DuSable Lake Shore Express,,Mon,Tue,Wed,Thu,Fri
06:58:42,1,Bronzeville/Union Station,,Mon,Tue,Wed,Thu,Fri
23:53:44,4,Cottage Grove,,Sun
12:40:55,147,Outer DuSable Lake Shore Express,,Sat
16:05:45,J14,Jeffery Jump,,Mon,Tue,Wed,Thu,Fri
16:09:04,J14,Jeffery Jump,,Sun
07:52:56,4,Cottage Grove,,Mon,Tue,Wed,Thu,Fri
16:31:22,7,Harrison,,Mon,Tue,Wed,Thu,Fri
12:23:12,J14,Jeffery Jump,,Sun
11:08:23,J14,Jeffery Jump,,Sat
00:53:48,4,Cottage Grove,,Mon
09:01:01,J14,Jeffery Jump,,Sat
16:44:34,J14,Jeffery Jump,,Sat
22:15:52,126,Jackson,,Sat
10:41:55,147,Outer DuSable Lake Shore Express,,Sat
07:38:56,X4,Cottage Grove Express,,Mon,Tue,Wed,Thu,Fri
09:15:14,1,Bronzeville/Union Station,,Mon,Tue,Wed,Thu,Fri
08:09:38,3,King Drive,,Mon,Tue,Wed,Thu,Fri
18:53:35,26,South Shore Express,,Mon,Tue,Wed,Thu,Fri
22:55:12,J14,Jeffery Jump,,Mon,Tue,Wed,Thu,Fri
17:22:55,147,Outer DuSable Lake Shore Express,,Sat
16:28:11,4,Cottage Grove,,Sat
15:09:04,3,King Drive,,Sat
14:07:35,7,Harrison,,Mon,Tue,Wed,Thu,Fri
08:27:21,147,Outer DuSable Lake Shore Express,,Sun
12:55:23,J14,Jeffery Jump,,Sat
23:09:17,4,Cottage Grove,,Sun
07:37:12,J14,Jeffery Jump,,Mon,Tue,Wed,Thu,Fri
21:32:12,3,King Drive,,Sun
15:50:57,4,Cottage Grove,,Mon,Tue,Wed,Thu,Fri
17:11:43,126,Jackson,,Sun
11:52:04,J14,Jeffery Jump,,Mon,Tue,Wed,Thu,Fri
12:45:39,3,King Drive,,Sun
17:40:50,4,Cottage Grove,,Sat
09:09:56,4,Cottage Grove,,Sat
11:30:29,4,Cottage Grove,,Mon,Tue,Wed,Thu,Fri
02:13:48,4,Cottage Grove,,Sun
15:32:15,1,Bronzeville/Union Station,,Mon,Tue,Wed,Thu,Fri
08:38:21,147,Outer DuSable Lake Shore Express,,Sun
08:19:38,3,King Drive,,Mon,Tue,Wed,Thu,Fri
14:54:53,J14,Jeffery Jump,,Sat
17:54:20,4,Cottage Grove,,Sat
08:16:26,X4,Cottage Grove Express,,Mon,Tue,Wed,Thu,Fri
13:37:08,3,King Drive,,Sun
16:44:15,J14,Jeffery Jump,,Mon,Tue,Wed,Thu,Fri
16:24:16,1,Bronzeville/Union Station,,Mon,Tue,Wed,Thu,Fri
08:17:25,147,Outer DuSable Lake Shore Express,,Mon,Tue,Wed,Thu,Fri
15:23:00,147,Outer DuSable Lake Shore Express,,Mon,Tue,Wed,Thu,Fri
16:32:15,J14,Jeffery Jump,,Mon,Tue,Wed,Thu,Fri
17:58:23,J14,Jeffery Jump,,Sun
10:34:04,J14,Jeffery Jump,,Mon,Tue,Wed,Thu,Fri
22:19:17,4,Cottage Grove,,Sun
20:46:53,J14,Jeffery Jump,,Mon,Tue,Wed,Thu,Fri
07:16:58,147,Outer DuSable Lake Shore Express,,Mon,Tue,Wed,Thu,Fri
14:42:04,3,King Drive,,Sat
20:27:38,3,King Drive,,Sat
12:23:47,4,Cottage Grove,,Sun
12:54:17,4,Cottage Grove,,Sun
10:41:38,4,Cottage Grove,,Sat
09:05:35,4,Cottage Grove,,Sun
13:10:39,3,King Drive,,Sun
15:48:25,147,Outer DuSable Lake Shore Express,,Mon,Tue,Wed,Thu,Fri
16:18:44,147,Outer DuSable Lake Shore Express,,Sat
21:40:56,7,Harrison,,Mon,Tue,Wed,Thu,Fri
16:09:04,3,King Drive,,Sat
19:26:46,147,Outer DuSable Lake Shore Express,,Sun
16:39:04,J14,Jeffery Jump,,Sun
19:15:50,4,Cottage Grove,,Sat
09:53:31,J14,Jeffery Jump,,Sun
10:38:23,J14,Jeffery Jump,,Sat
20:28:36,3,King Drive,,Mon,Tue,Wed,Thu,Fri
10:40:29,4,Cottage Grove,,Mon,Tue,Wed,Thu,Fri
16:32:08,3,King Drive,,Sun
09:36:29,X4,Cottage Grove Express,,Mon,Tue,Wed,Thu,Fri
12:32:42,J14,Jeffery Jump,,Sun
17:29:57,126,Jackson,,Mon,Tue,Wed,Thu,Fri
13:38:31,7,Harrison,,Mon,Tue,Wed,Thu,Fri
15:26:53,26,South Shore Express,,Mon,Tue,Wed,Thu,Fri
09:58:23,J14,Jeffery Jump,,Sat
12:04:39,126,Jackson,,Sun
22:43:12,J14,Jeffery Jump,,Sat
18:46:05,7,Harrison,,Mon,Tue,Wed,Thu,Fri
22:45:46,147,Outer DuSable Lake Shore Express,,Sun
07:53:14,4,Cottage Grove,,Sun
06:28:31,4,Cottage Grove,,Mon,Tue,Wed,Thu,Fri
18:20:50,4,Cottage Grove,,Sat
12:42:04,J14,Jeffery Jump,,Mon,Tue,Wed,Thu,Fri
09:57:48,126,Jackson,,Sun
09:31:08,4,Cottage Grove,,Sat
21:41:05,126,Jackson,,Sun
14:24:04,3,King Drive,,Sat
17:48:23,J14,Jeffery Jump,,Sun
16:22:58,26,South Shore Express,,Mon,Tue,Wed,Thu,Fri
20:28:40,3,King Drive,,Sun
06:08:43,3,King Drive,,Mon,Tue,Wed,Thu,Fri
09:46:40,3,King Drive,,Sun
22:07:42,3,King Drive,,Sun
09:19:12,J14,Jeffery Jump,,Sat
20:58:24,26,South Shore Express,,Mon,Tue,Wed,Thu,Fri
17:30:05,7,Harrison,,Mon,Tue,Wed,Thu,Fri
06:50:28,147,Outer DuSable Lake Shore Express,,Mon,Tue,Wed,Thu,Fri
09:57:12,147,Outer DuSable Lake Shore Express,,Mon,Tue,Wed,Thu,Fri
08:29:05,4,Cottage Grove,,Sat
19:04:35,147,Outer DuSable Lake Shore Express,,Mon,Tue,Wed,Thu,Fri
20:51:09,3,King Drive,,Sat
15:03:35,7,Harrison,,Mon,Tue,Wed,Thu,Fri
14:17:25,147,Outer DuSable Lake Shore Express,,Sat
19:19:59,4,Cottage Grove,,Sun
13:49:42,J14,Jeffery Jump,,Sun
15:12:15,1,Bronzeville/Union Station,,Mon,Tue,Wed,Thu,Fri
17:16:10,26,South Shore Express,,Mon,Tue,Wed,Thu,Fri
11:10:01,126,Jackson,,Sat
17:49:10,26,South Shore Express,,Mon,Tue,Wed,Thu,Fri
11:58:55,147,Outer DuSable Lake Shore Express,,Mon,Tue,Wed,Thu,Fri
17:19:38,J14,Jeffery Jump,,Mon,Tue,Wed,Thu,Fri
09:15:56,4,Cottage Grove,,Sat
08:12:05,147,Outer DuSable Lake Shore Express,,Mon,Tue,Wed,Thu,Fri
20:38:59,4,Cottage Grove,,Sat
15:24:53,J14,Jeffery Jump,,Sat
15:00:20,147,Outer DuSable Lake Shore Express,,Sat
19:32:52,126,Jackson,,Sun
14:39:42,J14,Jeffery Jump,,Sun
19:27:53,J14,Jeffery Jump,,Sun
19:03:53,J14,Jeffery Jump,,Sat
19:04:35,147,Outer DuSable Lake Shore Express,,Mon,Tue,Wed,Thu,Fri
17:18:23,J14,Jeffery Jump,,Sun
19:41:41,4,Cottage Grove,,Mon,Tue,Wed,Thu,Fri
17:17:44,147,Outer DuSable Lake Shore Express,,Mon,Tue,Wed,Thu,Fri
14:45:00,147,Outer DuSable Lake Shore Express,,Sun
07:13:56,X4,Cottage Grove Express,,Mon,Tue,Wed,Thu,Fri
12:56:14,4,Cottage Grove,,Mon,Tue,Wed,Thu,Fri
15:10:50,147,Outer DuSable Lake Shore Express,,Sat
16:16:35,147,Outer DuSable Lake Shore Express,,Sun
09:49:08,3,King Drive,,Mon,Tue,Wed,Thu,Fri
16:07:46,28,Stony Island,,Mon,Tue,Wed,Thu,Fri
21:54:23,J14,Jeffery Jump,,Sat
22:42:09,3,King Drive,,Mon,Tue,Wed,Thu,Fri
07:42:52,126,Jackson,,Mon,Tue,Wed,Thu,Fri
00:30:12,3,King Drive,,Sun
16:47:35,147,Outer DuSable Lake Shore Express,,Sun
18:56:25,147,Outer DuSable Lake Shore Express,,Sat
09:15:14,1,Bronzeville/Union Station,,Mon,Tue,Wed,Thu,Fri
18:07:18,28,Stony Island,,Mon,Tue,Wed,Thu,Fri
07:32:27,126,Jackson,,Mon,Tue,Wed,Thu,Fri
20:15:38,3,King Drive,,Sat
21:11:59,4,Cottage Grove,,Sun
14:14:53,J14,Jeffery Jump,,Sat
16:23:05,126,Jackson,,Mon,Tue,Wed,Thu,Fri
09:01:05,147,Outer DuSable Lake Shore Express,,Mon,Tue,Wed,Thu,Fri
17:16:20,28,Stony Island,,Mon,Tue,Wed,Thu,Fri
00:24:13,3,King Drive,,Mon
13:46:22,126,Jackson,,Mon,Tue,Wed,Thu,Fri
10:18:09,126,Jackson,,Sat