arrival_time,route_short_name,route_long_name,headsign,service_days
16:41:15,147,Outer DuSable Lake Shore Express,,Sat
15:03:33,3,King Drive,,Mon,Tue,Wed,Thu,Fri
20:31:45,147,Outer DuSable Lake Shore Express,,Mon,Tue,Wed,Thu,Fri
08:02:19,4,Cottage Grove,,Sun
18:40:45,147,Outer DuSable Lake Shore Express,,Sun
14:49:43,4,Cottage Grove,,Mon,Tue,Wed,Thu,Fri
17:31:40,4,Cottage Grove,,Sat
14:33:53,J14,Jeffery Jump,,Sat
07:04:07,147,Outer DuSable Lake Shore Express,,Sun
23:36:16,J14,Jeffery Jump,,Sat
05:53:03,J14,Jeffery Jump,,Mon,Tue,Wed,Thu,Fri
14:57:55,X4,Cottage Grove Express,,Mon,Tue,Wed,Thu,Fri
05:11:16,147,Outer DuSable Lake Shore Express,,Mon,Tue,Wed,Thu,Fri
18:07:23,J14,Jeffery Jump,,Sun
13:35:39,3,King Drive,,Mon,Tue,Wed,Thu,Fri
06:55:56,147,Outer DuSable Lake Shore Express,,Mon,Tue,Wed,Thu,Fri
08:20:10,J14,Jeffery Jump,,Sat
01:12:54,4,Cottage Grove,,Sun
14:47:15,3,King Drive,,Sun
20:58:56,147,Outer DuSable Lake Shore Express,,Sat
05:26:16,147,Outer DuSable Lake Shore Express,,Mon,Tue,Wed,Thu,Fri
18:05:09,3,King Drive,,Sat
12:02:16,J14,Jeffery Jump,,Sun
22:36:45,4,Cottage Grove,,Sat
11:09:03,4,Cottage Grove,,Sat
08:30:35,143,Stockton/Michigan Express,,Mon,Tue,Wed,Thu,Fri
12:34:59,4,Cottage Grove,,Sat
16:34:59,4,Cottage Grove,,Sat
10:19:22,4,Cottage Grove,,Mon,Tue,Wed,Thu,Fri
19:46:53,J14,Jeffery Jump,,Sun
12:17:29,4,Cottage Grove,,Sat
08:02:51,147,Outer DuSable Lake Shore Express,,Mon,Tue,Wed,Thu,Fri
15:00:22,4,Cottage Grove,,Sun
15:25:22,26,South Shore Express,,Mon,Tue,Wed,Thu,Fri
10:52:56,147,Outer DuSable Lake Shore Express,,Sun
13:35:45,3,King Drive,,Sun
11:22:16,J14,Jeffery Jump,,Sun
16:34:45,147,Outer DuSable Lake Shore Express,,Sun
16:25:05,J14,Jeffery Jump,,Mon,Tue,Wed,Thu,Fri
19:54:15,3,King Drive,,Sat
11:50:10,4,Cottage Grove,,Sat
18:54:15,3,King Drive,,Sat
10:24:07,4,Cottage Grove,,Sun
19:47:35,J14,Jeffery Jump,,Mon,Tue,Wed,Thu,Fri
17:25:12,4,Cottage Grove,,Mon,Tue,Wed,Thu,Fri
06:02:33,J14,Jeffery Jump,,Mon,Tue,Wed,Thu,Fri
08:05:10,J14,Jeffery Jump,,Sat
06:46:49,4,Cottage Grove,,Mon,Tue,Wed,Thu,Fri
17:51:44,3,King Drive,,Mon,Tue,Wed,Thu,Fri
21:52:15,4,Cottage Grove,,Mon,Tue,Wed,Thu,Fri
21:27:45,147,Outer DuSable Lake Shore Express,,Sat
10:08:45,3,King Drive,,Mon,Tue,Wed,Thu,Fri
17:15:40,4,Cottage Grove,,Sat
20:48:22,4,Cottage Grove,,Sat
16:05:56,3,King Drive,,Mon,Tue,Wed,Thu,Fri
19:14:03,3,King Drive,,Mon,Tue,Wed,Thu,Fri
09:27:09,147,Outer DuSable Lake Shore Express,,Mon,Tue,Wed,Thu,Fri
20:14:15,3,King Drive,,Sat
15:19:56,3,King Drive,,Mon,Tue,Wed,Thu,Fri
15:33:05,J14,Jeffery Jump,,Mon,Tue,Wed,Thu,Fri
18:52:59,J14,Jeffery Jump,,Mon,Tue,Wed,Thu,Fri
19:20:29,4,Cottage Grove,,Mon,Tue,Wed,Thu,Fri
20:09:52,4,Cottage Grove,,Sat
13:59:35,147,Outer DuSable Lake Shore Express,,Sun
15:13:53,J14,Jeffery Jump,,Sat
06:43:30,X4,Cottage Grove Express,,Mon,Tue,Wed,Thu,Fri
21:54:51,3,King Drive,,Sat
12:18:39,3,King Drive,,Mon,Tue,Wed,Thu,Fri
17:43:45,147,Outer DuSable Lake Shore Express,,Sun
22:12:06,147,Outer DuSable Lake Shore Express,,Sat
07:42:03,3,King Drive,,Sat
16:52:45,3,King Drive,,Sun
14:58:45,147,Outer DuSable Lake Shore Express,,Sat
18:44:15,3,King Drive,,Sat
06:24:40,3,King Drive,,Sat
07:22:56,4,Cottage Grove,,Mon,Tue,Wed,Thu,Fri
20:41:23,J14,Jeffery Jump,,Sat
19:23:03,3,King Drive,,Mon,Tue,Wed,Thu,Fri
15:20:43,4,Cottage Grove,,Mon,Tue,Wed,Thu,Fri
06:04:40,3,King Drive,,Sat
13:58:46,J14,Jeffery Jump,,Sun
15:57:05,J14,Jeffery Jump,,Mon,Tue,Wed,Thu,Fri
22:08:53,J14,Jeffery Jump,,Sat
07:25:03,3,King Drive,,Sat
11:38:52,4,Cottage Grove,,Sat
20:14:45,147,Outer DuSable Lake Shore Express,,Mon,Tue,Wed,Thu,Fri
07:01:56,4,Cottage Grove,,Mon,Tue,Wed,Thu,Fri
17:03:35,X4,Cottage Grove Express,,Mon,Tue,Wed,Thu,Fri
09:55:51,147,Outer DuSable Lake Shore Express,,Mon,Tue,Wed,Thu,Fri
17:10:22,4,Cottage Grove,,Sun
20:26:16,J14,Jeffery Jump,,Sun
20:09:52,4,Cottage Grove,,Mon,Tue,Wed,Thu,Fri
20:40:52,4,Cottage Grove,,Mon,Tue,Wed,Thu,Fri
12:22:25,147,Outer DuSable Lake Shore Express,,Sat
06:38:40,J14,Jeffery Jump,,Mon,Tue,Wed,Thu,Fri
15:59:22,26,South Shore Express,,Mon,Tue,Wed,Thu,Fri
07:59:03,3,King Drive,,Sat
18:40:45,147,Outer DuSable Lake Shore Express,,Sun
11:58:15,3,King Drive,,Mon,Tue,Wed,Thu,Fri
08:48:15,3,King Drive,,Mon,Tue,Wed,Thu,Fri
13:24:55,4,Cottage Grove,,Mon,Tue,Wed,Thu,Fri
12:29:33,3,King Drive,,Sat
14:13:53,J14,Jeffery Jump,,Sat
12:19:03,3,King Drive,,Sat
18:43:16,J14,Jeffery Jump,,Sat
18:52:06,4,Cottage Grove,,Mon,Tue,Wed,Thu,Fri
16:58:42,J14,Jeffery Jump,,Mon,Tue,Wed,Thu,Fri
15:35:25,X4,Cottage Grove Express,,Mon,Tue,Wed,Thu,Fri
09:03:40,J14,Jeffery Jump,,Sun
14:55:39,3,King Drive,,Mon,Tue,Wed,Thu,Fri
20:22:39,26,South Shore Express,,Mon,Tue,Wed,Thu,Fri
13:19:26,3,King Drive,,Sat
09:07:22,X4,Cottage Grove Express,,Mon,Tue,Wed,Thu,Fri
15:16:35,147,Outer DuSable Lake Shore Express,,Sun
20:16:46,J14,Jeffery Jump,,Sun
18:25:09,3,King Drive,,Sat
18:28:45,3,King Drive,,Sun
07:37:19,4,Cottage Grove,,Sun
14:58:46,J14,Jeffery Jump,,Sun
16:24:25,147,Outer DuSable Lake Shore Express,,Mon,Tue,Wed,Thu,Fri
15:54:59,4,Cottage Grove,,Sat
14:16:39,3,King Drive,,Mon,Tue,Wed,Thu,Fri
13:24:55,147,Outer DuSable Lake Shore Express,,Sat
10:52:45,3,King Drive,,Sat
13:56:05,147,Outer DuSable Lake Shore Express,,Mon,Tue,Wed,Thu,Fri
12:37:09,147,Outer DuSable Lake Shore Express,,Mon,Tue,Wed,Thu,Fri
20:30:15,147,Outer DuSable Lake Shore Express,,Sat
02:12:54,4,Cottage Grove,,Tue,Wed,Thu,Fri,Sat
08:53:45,147,Outer DuSable Lake Shore Express,,Sat
16:30:52,4,Cottage Grove,,Sun
10:10:22,4,Cottage Grove,,Mon,Tue,Wed,Thu,Fri
16:57:23,J14,Jeffery Jump,,Sun
20:10:06,147,Outer DuSable Lake Shore Express,,Sun
13:50:59,J14,Jeffery Jump,,Mon,Tue,Wed,Thu,Fri
10:30:45,3,King Drive,,Mon,Tue,Wed,Thu,Fri
06:21:49,4,Cottage Grove,,Sun
11:02:21,3,King Drive,,Sun
13:35:55,4,Cottage Grove,,Mon,Tue,Wed,Thu,Fri
13:40:59,J14,Jeffery Jump,,Mon,Tue,Wed,Thu,Fri
07:02:45,147,Outer DuSable Lake Shore Express,,Mon,Tue,Wed,Thu,Fri
17:23:18,J14,Jeffery Jump,,Mon,Tue,Wed,Thu,Fri
17:44:04,147,Outer DuSable Lake Shore Express,,Mon,Tue,Wed,Thu,Fri
06:29:40,147,Outer DuSable Lake Shore Express,,Sat
12:34:55,4,Cottage Grove,,Mon,Tue,Wed,Thu,Fri
11:22:16,J14,Jeffery Jump,,Sun
19:59:09,3,King Drive,,Mon,Tue,Wed,Thu,Fri
15:28:23,J14,Jeffery Jump,,Sun
18:55:10,4,Cottage Grove,,Sat
17:47:40,4,Cottage Grove,,Sat
12:35:59,4,Cottage Grove,,Sat
06:17:42,4,Cottage Grove,,Mon,Tue,Wed,Thu,Fri
03:12:54,4,Cottage Grove,,Mon,Tue,Wed,Thu,Fri
21:15:27,3,King Drive,,Sun
19:14:15,3,King Drive,,Sat
20:36:35,J14,Jeffery Jump,,Mon,Tue,Wed,Thu,Fri
22:22:46,147,Outer DuSable Lake Shore Express,,Mon,Tue,Wed,Thu,Fri
18:40:22,4,Cottage Grove,,Sun
17:07:14,3,King Drive,,Mon,Tue,Wed,Thu,Fri
14:09:05,147,Outer DuSable Lake Shore Express,,Mon,Tue,Wed,Thu,Fri
20:16:35,J14,Jeffery Jump,,Mon,Tue,Wed,Thu,Fri
23:39:37,4,Cottage Grove,,Mon,Tue,Wed,Thu,Fri
07:50:26,X4,Cottage Grove Express,,Mon,Tue,Wed,Thu,Fri
09:47:57,147,Outer DuSable Lake Shore Express,,Sun
11:25:26,147,Outer DuSable Lake Shore Express,,Sun
23:08:40,J14,Jeffery Jump,,Mon,Tue,Wed,Thu,Fri
13:39:59,4,Cottage Grove,,Sat
05:41:46,147,Outer DuSable Lake Shore Express,,Sat
12:13:15,4,Cottage Grove,,Sun
15:14:59,4,Cottage Grove,,Sat
17:27:09,3,King Drive,,Sat
05:12:54,4,Cottage Grove,,Sun
19:27:52,4,Cottage Grove,,Sun
07:30:03,147,Outer DuSable Lake Shore Express,,Mon,Tue,Wed,Thu,Fri
12:26:25,147,Outer DuSable Lake Shore Express,,Mon,Tue,Wed,Thu,Fri
18:56:53,J14,Jeffery Jump,,Sun
12:09:26,147,Outer DuSable Lake Shore Express,,Sun
07:25:45,147,Outer DuSable Lake Shore Express,,Mon,Tue,Wed,Thu,Fri
09:01:52,143,Stockton/Michigan Express,,Mon,Tue,Wed,Thu,Fri
19:37:45,147,Outer DuSable Lake Shore Express,,Mon,Tue,Wed,Thu,Fri
15:15:59,4,Cottage Grove,,Sat
08:16:03,3,King Drive,,Sat
13:29:16,J14,Jeffery Jump,,Sun
16:26:39,X4,Cottage Grove Express,,Mon,Tue,Wed,Thu,Fri
18:50:52,4,Cottage Grove,,Sun
20:26:35,J14,Jeffery Jump,,Mon,Tue,Wed,Thu,Fri
17:15:42,4,Cottage Grove,,Mon,Tue,Wed,Thu,Fri
20:03:52,4,Cottage Grove,,Sun
19:04:10,4,Cottage Grove,,Sat
09:37:45,3,King Drive,,Mon,Tue,Wed,Thu,Fri
21:52:15,4,Cottage Grove,,Sat
21:54:51,3,King Drive,,Sat
08:30:10,J14,Jeffery Jump,,Sat
21:15:51,3,King Drive,,Sat
20:21:52,4,Cottage Grove,,Sun
06:45:30,4,Cottage Grove,,Sat
07:47:10,J14,Jeffery Jump,,Sat
12:51:59,4,Cottage Grove,,Sat
08:46:27,3,King Drive,,Sun
18:40:52,4,Cottage Grove,,Sun
13:14:23,J14,Jeffery Jump,,Sat
19:06:03,3,King Drive,,Mon,Tue,Wed,Thu,Fri
21:21:22,4,Cottage Grove,,Sun
16:25:34,147,Outer DuSable Lake Shore Express,,Sat
17:38:25,147,Outer DuSable Lake Shore Express,,Sat
17:36:09,3,King Drive,,Sat
18:26:03,3,King Drive,,Mon,Tue,Wed,Thu,Fri
09:27:27,3,King Drive,,Sun
14:24:15,3,King Drive,,Sun
14:10:59,J14,Jeffery Jump,,Mon,Tue,Wed,Thu,Fri
20:39:39,26,South Shore Express,,Mon,Tue,Wed,Thu,Fri
19:09:52,4,Cottage Grove,,Sun
15:51:56,3,King Drive,,Mon,Tue,Wed,Thu,Fri
19:01:59,J14,Jeffery Jump,,Mon,Tue,Wed,Thu,Fri
19:21:29,4,Cottage Grove,,Mon,Tue,Wed,Thu,Fri
13:44:55,147,Outer DuSable Lake Shore Express,,Mon,Tue,Wed,Thu,Fri
15:46:55,147,Outer DuSable Lake Shore Express,,Mon,Tue,Wed,Thu,Fri
13:46:09,3,King Drive,,Mon,Tue,Wed,Thu,Fri
11:02:16,J14,Jeffery Jump,,Sun
05:59:46,147,Outer DuSable Lake Shore Express,,Sat
17:03:35,X4,Cottage Grove Express,,Mon,Tue,Wed,Thu,Fri
17:05:24,4,Cottage Grove,,Mon,Tue,Wed,Thu,Fri
14:20:05,147,Outer DuSable Lake Shore Express,,Mon,Tue,Wed,Thu,Fri
14:54:35,147,Outer DuSable Lake Shore Express,,Sun
16:51:59,4,Cottage Grove,,Sat
17:29:55,147,Outer DuSable Lake Shore Express,,Sat
08:15:26,X4,Cottage Grove Express,,Mon,Tue,Wed,Thu,Fri
14:58:26,3,King Drive,,Sat
19:36:35,147,Outer DuSable Lake Shore Express,,Sat
10:07:23,J14,Jeffery Jump,,Sat
05:09:53,4,Cottage Grove,,Sat
07:08:26,147,Outer DuSable Lake Shore Express,,Mon,Tue,Wed,Thu,Fri
13:44:55,147,Outer DuSable Lake Shore Express,,Mon,Tue,Wed,Thu,Fri
17:33:18,J14,Jeffery Jump,,Mon,Tue,Wed,Thu,Fri
13:40:59,J14,Jeffery Jump,,Mon,Tue,Wed,Thu,Fri
18:15:09,3,King Drive,,Sat
08:20:10,J14,Jeffery Jump,,Sat
18:00:52,4,Cottage Grove,,Sun
22:14:10,J14,Jeffery Jump,,Sun
14:10:52,4,Cottage Grove,,Sun
09:34:59,J14,Jeffery Jump,,Mon,Tue,Wed,Thu,Fri
16:31:51,26,South Shore Express,,Mon,Tue,Wed,Thu,Fri
09:10:22,4,Cottage Grove,,Mon,Tue,Wed,Thu,Fri
08:47:09,147,Outer DuSable Lake Shore Express,,Mon,Tue,Wed,Thu,Fri
20:26:16,J14,Jeffery Jump,,Sun
09:48:21,3,King Drive,,Sat
11:20:33,4,Cottage Grove,,Sat
12:29:33,3,King Drive,,Sat
17:28:18,J14,Jeffery Jump,,Mon,Tue,Wed,Thu,Fri
07:25:45,147,Outer DuSable Lake Shore Express,,Mon,Tue,Wed,Thu,Fri
16:57:23,J14,Jeffery Jump,,Sun
10:22:59,J14,Jeffery Jump,,Mon,Tue,Wed,Thu,Fri
11:28:21,3,King Drive,,Sun
13:47:59,4,Cottage Grove,,Sat
08:38:07,4,Cottage Grove,,Sat
13:46:26,3,King Drive,,Sat
18:20:22,4,Cottage Grove,,Sun
14:59:59,4,Cottage Grove,,Sat
21:23:36,147,Outer DuSable Lake Shore Express,,Sun
08:38:15,3,King Drive,,Mon,Tue,Wed,Thu,Fri
02:12:54,4,Cottage Grove,,Sun
20:08:09,3,King Drive,,Mon,Tue,Wed,Thu,Fri
20:30:52,4,Cottage Grove,,Mon,Tue,Wed,Thu,Fri
08:33:03,3,King Drive,,Sat
13:50:52,4,Cottage Grove,,Sun
14:31:13,4,Cottage Grove,,Mon,Tue,Wed,Thu,Fri
09:34:37,4,Cottage Grove,,Sun
15:50:52,4,Cottage Grove,,Sun
14:32:05,147,Outer DuSable Lake Shore Express,,Mon,Tue,Wed,Thu,Fri
11:03:45,3,King Drive,,Mon,Tue,Wed,Thu,Fri
13:30:22,4,Cottage Grove,,Sun
18:50:03,3,King Drive,,Mon,Tue,Wed,Thu,Fri
11:50:59,J14,Jeffery Jump,,Mon,Tue,Wed,Thu,Fri
08:48:07,4,Cottage Grove,,Sat
21:35:40,J14,Jeffery Jump,,Sun
02:42:54,4,Cottage Grove,,Mon
09:00:22,4,Cottage Grove,,Mon,Tue,Wed,Thu,Fri
11:17:03,3,King Drive,,Sat
06:11:03,J14,Jeffery Jump,,Mon,Tue,Wed,Thu,Fri
10:40:25,147,Outer DuSable Lake Shore Express,,Sat
17:16:04,147,Outer DuSable Lake Shore Express,,Mon,Tue,Wed,Thu,Fri
12:52:26,147,Outer DuSable Lake Shore Express,,Sun
11:13:26,147,Outer DuSable Lake Shore Express,,Sun
19:32:03,3,King Drive,,Mon,Tue,Wed,Thu,Fri
09:13:25,147,Outer DuSable Lake Shore Express,,Mon,Tue,Wed,Thu,Fri
15:10:43,4,Cottage Grove,,Mon,Tue,Wed,Thu,Fri
15:33:15,3,King Drive,,Sun
16:53:29,J14,Jeffery Jump,,Sat
22:54:10,J14,Jeffery Jump,,Sun
19:28:05,147,Outer DuSable Lake Shore Express,,Sat
08:53:40,J14,Jeffery Jump,,Sun
17:12:55,147,Outer DuSable Lake Shore Express,,Sat
14:50:22,4,Cottage Grove,,Sun
19:16:53,J14,Jeffery Jump,,Sun
07:41:56,4,Cottage Grove,,Mon,Tue,Wed,Thu,Fri
16:48:45,147,Outer DuSable Lake Shore Express,,Sat
09:33:40,J14,Jeffery Jump,,Sun
23:16:16,J14,Jeffery Jump,,Sat
22:26:06,147,Outer DuSable Lake Shore Express,,Sat
22:59:16,J14,Jeffery Jump,,Sat
18:30:52,4,Cottage Grove,,Sun
07:46:33,147,Outer DuSable Lake Shore Express,,Mon,Tue,Wed,Thu,Fri
12:51:39,3,King Drive,,Mon,Tue,Wed,Thu,Fri
15:51:34,147,Outer DuSable Lake Shore Express,,Sat
13:45:55,4,Cottage Grove,,Mon,Tue,Wed,Thu,Fri
07:21:27,3,King Drive,,Mon,Tue,Wed,Thu,Fri
12:44:55,4,Cottage Grove,,Mon,Tue,Wed,Thu,Fri
13:22:59,4,Cottage Grove,,Sat
14:04:26,3,King Drive,,Sat
12:19:03,3,King Drive,,Sat
12:50:16,J14,Jeffery Jump,,Sun
06:44:40,3,King Drive,,Sat
07:12:56,4,Cottage Grove,,Mon,Tue,Wed,Thu,Fri
13:03:26,147,Outer DuSable Lake Shore Express,,Sun
21:47:56,147,Outer DuSable Lake Shore Express,,Sat
14:58:05,J14,Jeffery Jump,,Mon,Tue,Wed,Thu,Fri
20:06:35,J14,Jeffery Jump,,Mon,Tue,Wed,Thu,Fri
18:31:40,4,Cottage Grove,,Sat
09:37:23,J14,Jeffery Jump,,Sat
10:46:09,147,Outer DuSable Lake Shore Express,,Mon,Tue,Wed,Thu,Fri
15:37:22,26,South Shore Express,,Mon,Tue,Wed,Thu,Fri
18:58:03,3,King Drive,,Mon,Tue,Wed,Thu,Fri
09:44:37,4,Cottage Grove,,Sun
18:05:09,3,King Drive,,Sat
07:02:45,147,Outer DuSable Lake Shore Express,,Mon,Tue,Wed,Thu,Fri
00:32:54,4,Cottage Grove,,Sun
08:03:40,3,King Drive,,Sun
09:05:29,J14,Jeffery Jump,,Mon,Tue,Wed,Thu,Fri
20:51:23,J14,Jeffery Jump,,Sat
17:50:22,4,Cottage Grove,,Sun
21:59:10,J14,Jeffery Jump,,Sun
08:29:07,4,Cottage Grove,,Sat
19:44:15,3,King Drive,,Sat
17:08:42,J14,Jeffery Jump,,Mon,Tue,Wed,Thu,Fri
13:31:59,4,Cottage Grove,,Sat
09:17:16,147,Outer DuSable Lake Shore Express,,Sun
12:10:59,J14,Jeffery Jump,,Mon,Tue,Wed,Thu,Fri
11:03:56,147,Outer DuSable Lake Shore Express,,Sun
08:27:55,147,Outer DuSable Lake Shore Express,,Mon,Tue,Wed,Thu,Fri
12:29:39,3,King Drive,,Mon,Tue,Wed,Thu,Fri
21:18:52,4,Cottage Grove,,Sat
18:10:12,J14,Jeffery Jump,,Mon,Tue,Wed,Thu,Fri
21:02:51,3,King Drive,,Sat
12:50:59,4,Cottage Grove,,Sat
18:38:38,26,South Shore Express,,Mon,Tue,Wed,Thu,Fri
21:44:06,147,Outer DuSable Lake Shore Express,,Sun
17:58:04,147,Outer DuSable Lake Shore Express,,Mon,Tue,Wed,Thu,Fri
13:03:26,147,Outer DuSable Lake Shore Express,,Sun
11:03:45,3,King Drive,,Mon,Tue,Wed,Thu,Fri
22:28:51,3,King Drive,,Mon,Tue,Wed,Thu,Fri
11:02:21,3,King Drive,,Sun
19:19:38,26,South Shore Express,,Mon,Tue,Wed,Thu,Fri
21:59:56,147,Outer DuSable Lake Shore Express,,Sat
07:25:26,X4,Cottage Grove Express,,Mon,Tue,Wed,Thu,Fri
18:29:25,147,Outer DuSable Lake Shore Express,,Sat
19:11:29,J14,Jeffery Jump,,Mon,Tue,Wed,Thu,Fri
15:56:15,3,King Drive,,Sun
11:53:15,4,Cottage Grove,,Sun
17:10:52,4,Cottage Grove,,Sun
12:04:55,4,Cottage Grove,,Mon,Tue,Wed,Thu,Fri
09:25:29,J14,Jeffery Jump,,Mon,Tue,Wed,Thu,Fri
09:59:22,4,Cottage Grove,,Mon,Tue,Wed,Thu,Fri
15:26:04,147,Outer DuSable Lake Shore Express,,Sat
10:19:45,3,King Drive,,Mon,Tue,Wed,Thu,Fri
08:40:10,J14,Jeffery Jump,,Sat
17:03:45,3,King Drive,,Sun
14:36:09,3,King Drive,,Mon,Tue,Wed,Thu,Fri
17:20:52,4,Cottage Grove,,Sun
16:50:22,4,Cottage Grove,,Sun
01:42:54,4,Cottage Grove,,Sun
18:09:10,4,Cottage Grove,,Sat
14:15:55,147,Outer DuSable Lake Shore Express,,Sat
17:54:16,4,Cottage Grove,,Mon,Tue,Wed,Thu,Fri
07:21:40,3,King Drive,,Sun
09:23:59,143,Stockton/Michigan Express,,Mon,Tue,Wed,Thu,Fri
18:39:40,4,Cottage Grove,,Sat
13:04:55,4,Cottage Grove,,Mon,Tue,Wed,Thu,Fri
18:34:03,3,King Drive,,Mon,Tue,Wed,Thu,Fri
17:04:25,147,Outer DuSable Lake Shore Express,,Sat
08:02:56,X4,Cottage Grove Express,,Mon,Tue,Wed,Thu,Fri
05:46:12,4,Cottage Grove,,Mon,Tue,Wed,Thu,Fri
15:51:05,147,Outer DuSable Lake Shore Express,,Sun
18:44:29,J14,Jeffery Jump,,Mon,Tue,Wed,Thu,Fri
19:20:45,147,Outer DuSable Lake Shore Express,,Mon,Tue,Wed,Thu,Fri
12:06:51,3,King Drive,,Sun
08:01:56,4,Cottage Grove,,Mon,Tue,Wed,Thu,Fri
21:01:23,J14,Jeffery Jump,,Sat
13:58:55,147,Outer DuSable Lake Shore Express,,Sat
17:14:21,26,South Shore Express,,Mon,Tue,Wed,Thu,Fri
21:26:06,147,Outer DuSable Lake Shore Express,,Mon,Tue,Wed,Thu,Fri
10:23:56,147,Outer DuSable Lake Shore Express,,Sun
14:49:26,3,King Drive,,Sat
11:17:23,J14,Jeffery Jump,,Sat
06:44:07,147,Outer DuSable Lake Shore Express,,Sun
11:57:25,147,Outer DuSable Lake Shore Express,,Mon,Tue,Wed,Thu,Fri
10:27:21,3,King Drive,,Sat
13:33:53,J14,Jeffery Jump,,Sat
12:46:25,147,Outer DuSable Lake Shore Express,,Mon,Tue,Wed,Thu,Fri
19:00:21,3,King Drive,,Sun
12:52:26,147,Outer DuSable Lake Shore Express,,Sun
01:42:54,4,Cottage Grove,,Sun
19:32:23,J14,Jeffery Jump,,Sat
08:27:26,147,Outer DuSable Lake Shore Express,,Sat
20:10:06,147,Outer DuSable Lake Shore Express,,Sun
20:51:23,J14,Jeffery Jump,,Sat
08:25:03,3,King Drive,,Sun
10:37:25,147,Outer DuSable Lake Shore Express,,Mon,Tue,Wed,Thu,Fri
21:30:15,3,King Drive,,Mon,Tue,Wed,Thu,Fri
10:27:23,J14,Jeffery Jump,,Sat
07:00:07,X4,Cottage Grove Express,,Mon,Tue,Wed,Thu,Fri
07:58:15,3,King Drive,,Mon,Tue,Wed,Thu,Fri
12:31:46,J14,Jeffery Jump,,Sun
01:16:54,4,Cottage Grove,,Mon
20:06:09,26,South Shore Express,,Mon,Tue,Wed,Thu,Fri
14:10:59,4,Cottage Grove,,Sat
20:46:16,J14,Jeffery Jump,,Sun
12:48:55,147,Outer DuSable Lake Shore Express,,Sat
12:24:55,4,Cottage Grove,,Mon,Tue,Wed,Thu,Fri
06:51:33,3,King Drive,,Mon,Tue,Wed,Thu,Fri
15:47:59,4,Cottage Grove,,Sat
15:34:55,147,Outer DuSable Lake Shore Express,,Mon,Tue,Wed,Thu,Fri
10:32:40,J14,Jeffery Jump,,Sun
23:36:16,J14,Jeffery Jump,,Sat
17:27:09,3,King Drive,,Sat
09:34:07,4,Cottage Grove,,Sun
18:29:25,147,Outer DuSable Lake Shore Express,,Sat
14:34:59,4,Cottage Grove,,Sat
11:19:03,4,Cottage Grove,,Sat
14:30:59,J14,Jeffery Jump,,Mon,Tue,Wed,Thu,Fri
17:46:55,147,Outer DuSable Lake Shore Express,,Sat
12:40:59,J14,Jeffery Jump,,Mon,Tue,Wed,Thu,Fri
11:49:03,3,King Drive,,Sat
07:44:46,147,Outer DuSable Lake Shore Express,,Sat
14:12:45,3,King Drive,,Sun
07:32:22,147,Outer DuSable Lake Shore Express,,Sat
14:38:46,J14,Jeffery Jump,,Sun
17:12:55,147,Outer DuSable Lake Shore Express,,Sat
15:20:52,4,Cottage Grove,,Sun
18:30:25,147,Outer DuSable Lake Shore Express,,Mon,Tue,Wed,Thu,Fri
17:15:40,4,Cottage Grove,,Sat
09:37:51,147,Outer DuSable Lake Shore Express,,Mon,Tue,Wed,Thu,Fri
16:43:29,J14,Jeffery Jump,,Sat
12:00:59,J14,Jeffery Jump,,Mon,Tue,Wed,Thu,Fri
15:08:05,J14,Jeffery Jump,,Mon,Tue,Wed,Thu,Fri
21:31:23,J14,Jeffery Jump,,Sat
13:38:59,4,Cottage Grove,,Sat
16:55:35,4,Cottage Grove,,Mon,Tue,Wed,Thu,Fri
18:15:09,3,King Drive,,Sat
01:12:54,4,Cottage Grove,,Tue,Wed,Thu,Fri,Sat
16:19:15,3,King Drive,,Sun
08:17:16,147,Outer DuSable Lake Shore Express,,Sun
12:04:59,J14,Jeffery Jump,,Sat
08:24:35,143,Stockton/Michigan Express,,Mon,Tue,Wed,Thu,Fri
17:09:33,3,King Drive,,Sat
09:31:55,147,Outer DuSable Lake Shore Express,,Mon,Tue,Wed,Thu,Fri
11:48:09,147,Outer DuSable Lake Shore Express,,Sat
17:03:29,J14,Jeffery Jump,,Sat
17:25:12,4,Cottage Grove,,Mon,Tue,Wed,Thu,Fri
17:01:03,3,King Drive,,Sat
16:31:51,26,South Shore Express,,Mon,Tue,Wed,Thu,Fri
09:07:27,3,King Drive,,Sun
17:21:25,147,Outer DuSable Lake Shore Express,,Sat
11:09:22,4,Cottage Grove,,Mon,Tue,Wed,Thu,Fri
18:35:59,J14,Jeffery Jump,,Mon,Tue,Wed,Thu,Fri
13:35:39,3,King Drive,,Mon,Tue,Wed,Thu,Fri
15:09:15,147,Outer DuSable Lake Shore Express,,Sat
13:54:59,4,Cottage Grove,,Sat
10:42:59,J14,Jeffery Jump,,Mon,Tue,Wed,Thu,Fri
17:33:18,J14,Jeffery Jump,,Mon,Tue,Wed,Thu,Fri
17:21:51,26,South Shore Express,,Mon,Tue,Wed,Thu,Fri
15:10:22,4,Cottage Grove,,Sun
16:44:50,3,King Drive,,Mon,Tue,Wed,Thu,Fri
07:08:26,147,Outer DuSable Lake Shore Express,,Mon,Tue,Wed,Thu,Fri
16:15:15,147,Outer DuSable Lake Shore Express,,Sun
23:08:40,J14,Jeffery Jump,,Mon,Tue,Wed,Thu,Fri
23:03:06,147,Outer DuSable Lake Shore Express,,Sun
21:25:33,4,Cottage Grove,,Mon,Tue,Wed,Thu,Fri
11:47:59,4,Cottage Grove,,Mon,Tue,Wed,Thu,Fri
13:43:53,J14,Jeffery Jump,,Sat
18:10:52,4,Cottage Grove,,Sun
16:40:22,4,Cottage Grove,,Sun
11:14:09,147,Outer DuSable Lake Shore Express,,Sat
14:35:45,3,King Drive,,Sun
08:19:35,143,Stockton/Michigan Express,,Mon,Tue,Wed,Thu,Fri
12:43:15,4,Cottage Grove,,Sun
19:41:09,3,King Drive,,Mon,Tue,Wed,Thu,Fri
08:06:16,J14,Jeffery Jump,,Mon,Tue,Wed,Thu,Fri
19:41:29,4,Cottage Grove,,Mon,Tue,Wed,Thu,Fri
20:49:51,3,King Drive,,Sat
19:38:59,J14,Jeffery Jump,,Mon,Tue,Wed,Thu,Fri
08:22:39,147,Outer DuSable Lake Shore Express,,Mon,Tue,Wed,Thu,Fri
20:10:52,4,Cottage Grove,,Mon,Tue,Wed,Thu,Fri
08:18:15,3,King Drive,,Mon,Tue,Wed,Thu,Fri
14:32:13,4,Cottage Grove,,Mon,Tue,Wed,Thu,Fri
06:37:30,4,Cottage Grove,,Mon,Tue,Wed,Thu,Fri
21:35:53,J14,Jeffery Jump,,Mon,Tue,Wed,Thu,Fri
20:06:35,J14,Jeffery Jump,,Mon,Tue,Wed,Thu,Fri
10:19:45,3,King Drive,,Mon,Tue,Wed,Thu,Fri
13:12:33,4,Cottage Grove,,Sun
10:42:16,J14,Jeffery Jump,,Sun
13:07:55,147,Outer DuSable Lake Shore Express,,Sat
09:15:29,143,Stockton/Michigan Express,,Mon,Tue,Wed,Thu,Fri
19:04:15,3,King Drive,,Sat
14:14:43,4,Cottage Grove,,Mon,Tue,Wed,Thu,Fri
11:42:45,4,Cottage Grove,,Sun
21:18:26,147,Outer DuSable Lake Shore Express,,Sat
16:23:15,147,Outer DuSable Lake Shore Express,,Sun
18:34:15,3,King Drive,,Sat
08:40:10,J14,Jeffery Jump,,Sat
13:13:03,4,Cottage Grove,,Sun
04:42:54,4,Cottage Grove,,Mon,Tue,Wed,Thu,Fri
14:24:13,4,Cottage Grove,,Mon,Tue,Wed,Thu,Fri
20:55:53,J14,Jeffery Jump,,Mon,Tue,Wed,Thu,Fri
08:35:45,147,Outer DuSable Lake Shore Express,,Sat
20:19:52,4,Cottage Grove,,Mon,Tue,Wed,Thu,Fri
19:03:25,147,Outer DuSable Lake Shore Express,,Sat
13:46:09,3,King Drive,,Mon,Tue,Wed,Thu,Fri
06:27:42,4,Cottage Grove,,Mon,Tue,Wed,Thu,Fri
00:20:40,3,King Drive,,Tue,Wed,Thu,Fri,Sat
18:34:40,4,Cottage Grove,,Sat
16:13:29,J14,Jeffery Jump,,Sat
13:02:39,3,King Drive,,Mon,Tue,Wed,Thu,Fri
12:24:29,J14,Jeffery Jump,,Sat
07:54:16,147,Outer DuSable Lake Shore Express,,Sun
17:03:45,3,King Drive,,Sun
10:01:21,3,King Drive,,Sat
11:41:51,3,King Drive,,Sun
17:03:42,J14,Jeffery Jump,,Mon,Tue,Wed,Thu,Fri
22:12:06,147,Outer DuSable Lake Shore Express,,Sat
11:49:03,3,King Drive,,Sat
11:30:22,4,Cottage Grove,,Mon,Tue,Wed,Thu,Fri
22:33:15,4,Cottage Grove,,Sun
13:29:53,26,South Shore Express,,Mon,Tue,Wed,Thu,Fri
11:15:21,3,King Drive,,Sun
09:38:46,147,Outer DuSable Lake Shore Express,,Sun
19:28:05,147,Outer DuSable Lake Shore Express,,Sat
21:54:51,3,King Drive,,Mon,Tue,Wed,Thu,Fri
09:07:22,X4,Cottage Grove Express,,Mon,Tue,Wed,Thu,Fri
15:28:05,147,Outer DuSable Lake Shore Express,,Sun
12:55:55,4,Cottage Grove,,Mon,Tue,Wed,Thu,Fri
14:31:26,3,King Drive,,Sat
14:30:52,4,Cottage Grove,,Sun
10:01:21,3,King Drive,,Sat
11:40:22,4,Cottage Grove,,Sat
19:51:29,4,Cottage Grove,,Mon,Tue,Wed,Thu,Fri
15:37:22,26,South Shore Express,,Mon,Tue,Wed,Thu,Fri
12:14:29,J14,Jeffery Jump,,Sat
18:42:10,4,Cottage Grove,,Sat
16:48:45,147,Outer DuSable Lake Shore Express,,Mon,Tue,Wed,Thu,Fri
09:33:05,143,Stockton/Michigan Express,,Mon,Tue,Wed,Thu,Fri
12:51:26,3,King Drive,,Sat
09:39:33,4,Cottage Grove,,Sat
19:41:10,4,Cottage Grove,,Sat
15:48:52,26,South Shore Express,,Mon,Tue,Wed,Thu,Fri
00:52:54,4,Cottage Grove,,Sun
14:49:26,3,King Drive,,Sat
18:13:23,J14,Jeffery Jump,,Sat
22:08:53,J14,Jeffery Jump,,Sat
12:19:21,3,King Drive,,Sun
18:15:38,26,South Shore Express,,Mon,Tue,Wed,Thu,Fri
10:52:16,J14,Jeffery Jump,,Sun
20:12:23,J14,Jeffery Jump,,Sat
13:01:26,3,King Drive,,Sat
10:12:59,J14,Jeffery Jump,,Mon,Tue,Wed,Thu,Fri
09:06:10,147,Outer DuSable Lake Shore Express,,Sun
09:44:07,4,Cottage Grove,,Sun
07:11:56,4,Cottage Grove,,Mon,Tue,Wed,Thu,Fri
19:04:15,3,King Drive,,Sat
21:43:46,147,Outer DuSable Lake Shore Express,,Mon,Tue,Wed,Thu,Fri
15:40:26,3,King Drive,,Sat
15:44:45,3,King Drive,,Sun
14:40:52,4,Cottage Grove,,Sun
07:22:19,4,Cottage Grove,,Sun
06:16:30,4,Cottage Grove,,Sat
06:59:30,4,Cottage Grove,,Sat
10:19:21,3,King Drive,,Sun
13:33:55,147,Outer DuSable Lake Shore Express,,Mon,Tue,Wed,Thu,Fri
11:23:55,147,Outer DuSable Lake Shore Express,,Sat
15:09:35,147,Outer DuSable Lake Shore Express,,Mon,Tue,Wed,Thu,Fri
15:43:04,147,Outer DuSable Lake Shore Express,,Sat
18:50:03,3,King Drive,,Mon,Tue,Wed,Thu,Fri
16:42:59,4,Cottage Grove,,Sat
15:10:25,X4,Cottage Grove Express,,Mon,Tue,Wed,Thu,Fri
14:58:45,3,King Drive,,Sun
13:20:59,J14,Jeffery Jump,,Mon,Tue,Wed,Thu,Fri
06:41:33,3,King Drive,,Mon,Tue,Wed,Thu,Fri
11:46:25,147,Outer DuSable Lake Shore Express,,Mon,Tue,Wed,Thu,Fri
23:28:15,4,Cottage Grove,,Sun
08:07:40,J14,Jeffery Jump,,Sun
09:09:16,J14,Jeffery Jump,,Sat
09:07:56,4,Cottage Grove,,Sat
20:36:51,3,King Drive,,Sat
15:36:56,3,King Drive,,Mon,Tue,Wed,Thu,Fri
14:23:25,147,Outer DuSable Lake Shore Express,,Sat
17:43:45,147,Outer DuSable Lake Shore Express,,Sun
11:47:45,3,King Drive,,Mon,Tue,Wed,Thu,Fri
16:03:45,147,Outer DuSable Lake Shore Express,,Sun
07:42:41,143,Stockton/Michigan Express,,Mon,Tue,Wed,Thu,Fri
06:42:16,147,Outer DuSable Lake Shore Express,,Sat
17:06:51,26,South Shore Express,,Mon,Tue,Wed,Thu,Fri
09:28:15,3,King Drive,,Mon,Tue,Wed,Thu,Fri
22:54:27,3,King Drive,,Mon,Tue,Wed,Thu,Fri
03:42:54,4,Cottage Grove,,Sat
14:15:43,4,Cottage Grove,,Mon,Tue,Wed,Thu,Fri
22:34:10,J14,Jeffery Jump,,Sun
05:36:30,4,Cottage Grove,,Sat
12:18:39,3,King Drive,,Mon,Tue,Wed,Thu,Fri
24:03:40,3,King Drive,,Mon,Tue,Wed,Thu,Fri
09:53:59,J14,Jeffery Jump,,Mon,Tue,Wed,Thu,Fri
16:56:14,3,King Drive,,Mon,Tue,Wed,Thu,Fri
14:06:25,147,Outer DuSable Lake Shore Express,,Sat
22:10:53,J14,Jeffery Jump,,Mon,Tue,Wed,Thu,Fri
08:06:16,J14,Jeffery Jump,,Mon,Tue,Wed,Thu,Fri
10:20:22,4,Cottage Grove,,Mon,Tue,Wed,Thu,Fri
24:03:40,3,King Drive,,Mon,Tue,Wed,Thu,Fri
16:53:42,J14,Jeffery Jump,,Mon,Tue,Wed,Thu,Fri
17:23:18,J14,Jeffery Jump,,Mon,Tue,Wed,Thu,Fri
05:39:42,4,Cottage Grove,,Mon,Tue,Wed,Thu,Fri
15:36:56,3,King Drive,,Mon,Tue,Wed,Thu,Fri
09:37:51,147,Outer DuSable Lake Shore Express,,Mon,Tue,Wed,Thu,Fri
03:12:54,4,Cottage Grove,,Sat
15:09:43,4,Cottage Grove,,Mon,Tue,Wed,Thu,Fri
22:44:36,147,Outer DuSable Lake Shore Express,,Sun
02:42:54,4,Cottage Grove,,Sun
19:22:23,J14,Jeffery Jump,,Sat
15:47:59,J14,Jeffery Jump,,Sun
07:59:07,4,Cottage Grove,,Sat
10:34:37,4,Cottage Grove,,Sun
08:06:57,147,Outer DuSable Lake Shore Express,,Sat
01:42:54,4,Cottage Grove,,Mon
10:37:25,147,Outer DuSable Lake Shore Express,,Mon,Tue,Wed,Thu,Fri
19:20:45,147,Outer DuSable Lake Shore Express,,Mon,Tue,Wed,Thu,Fri
08:45:29,J14,Jeffery Jump,,Mon,Tue,Wed,Thu,Fri
05:59:46,147,Outer DuSable Lake Shore Express,,Sat
08:11:56,4,Cottage Grove,,Mon,Tue,Wed,Thu,Fri
10:50:22,4,Cottage Grove,,Mon,Tue,Wed,Thu,Fri
16:11:59,4,Cottage Grove,,Sat
08:24:35,143,Stockton/Michigan Express,,Mon,Tue,Wed,Thu,Fri
15:48:13,X4,Cottage Grove Express,,Mon,Tue,Wed,Thu,Fri
22:59:16,J14,Jeffery Jump,,Sat
19:56:53,J14,Jeffery Jump,,Sun
12:43:59,4,Cottage Grove,,Sat
07:16:16,J14,Jeffery Jump,,Mon,Tue,Wed,Thu,Fri
05:11:16,147,Outer DuSable Lake Shore Express,,Mon,Tue,Wed,Thu,Fri
23:34:10,3,King Drive,,Mon,Tue,Wed,Thu,Fri
21:08:56,147,Outer DuSable Lake Shore Express,,Sat
11:40:55,147,Outer DuSable Lake Shore Express,,Sat
07:27:10,J14,Jeffery Jump,,Sat
17:55:15,147,Outer DuSable Lake Shore Express,,Sun
15:59:22,26,South Shore Express,,Mon,Tue,Wed,Thu,Fri
09:37:45,3,King Drive,,Mon,Tue,Wed,Thu,Fri
16:53:42,J14,Jeffery Jump,,Mon,Tue,Wed,Thu,Fri
11:57:26,147,Outer DuSable Lake Shore Express,,Sun
11:25:45,3,King Drive,,Mon,Tue,Wed,Thu,Fri
05:10:53,4,Cottage Grove,,Mon,Tue,Wed,Thu,Fri
19:11:21,3,King Drive,,Sun
17:28:18,J14,Jeffery Jump,,Mon,Tue,Wed,Thu,Fri
20:27:27,3,King Drive,,Sun
08:41:37,4,Cottage Grove,,Sun
10:52:59,J14,Jeffery Jump,,Mon,Tue,Wed,Thu,Fri
11:14:09,147,Outer DuSable Lake Shore Express,,Sat
14:49:59,J14,Jeffery Jump,,Mon,Tue,Wed,Thu,Fri
22:42:46,147,Outer DuSable Lake Shore Express,,Mon,Tue,Wed,Thu,Fri
15:58:56,3,King Drive,,Mon,Tue,Wed,Thu,Fri
18:27:10,4,Cottage Grove,,Sat
12:41:16,J14,Jeffery Jump,,Sun
13:09:21,3,King Drive,,Sun
11:01:59,J14,Jeffery Jump,,Mon,Tue,Wed,Thu,Fri
09:22:45,4,Cottage Grove,,Sat
06:21:10,3,King Drive,,Mon,Tue,Wed,Thu,Fri
18:12:25,4,Cottage Grove,,Mon,Tue,Wed,Thu,Fri
14:43:53,J14,Jeffery Jump,,Sat
19:56:53,J14,Jeffery Jump,,Sun
15:44:56,3,King Drive,,Mon,Tue,Wed,Thu,Fri
19:11:29,4,Cottage Grove,,Mon,Tue,Wed,Thu,Fri
19:29:59,J14,Jeffery Jump,,Mon,Tue,Wed,Thu,Fri
14:40:55,147,Outer DuSable Lake Shore Express,,Sat
08:45:29,J14,Jeffery Jump,,Mon,Tue,Wed,Thu,Fri
10:03:51,3,King Drive,,Sun
18:04:20,3,King Drive,,Mon,Tue,Wed,Thu,Fri
14:10:59,J14,Jeffery Jump,,Mon,Tue,Wed,Thu,Fri
19:53:35,147,Outer DuSable Lake Shore Express,,Sat
07:21:56,4,Cottage Grove,,Mon,Tue,Wed,Thu,Fri
15:51:05,147,Outer DuSable Lake Shore Express,,Sun
08:35:59,143,Stockton/Michigan Express,,Mon,Tue,Wed,Thu,Fri
17:21:51,26,South Shore Express,,Mon,Tue,Wed,Thu,Fri
10:19:21,3,King Drive,,Sun
16:36:39,4,Cottage Grove,,Mon,Tue,Wed,Thu,Fri
06:20:33,J14,Jeffery Jump,,Mon,Tue,Wed,Thu,Fri
07:05:10,J14,Jeffery Jump,,Sat
20:16:35,J14,Jeffery Jump,,Mon,Tue,Wed,Thu,Fri
13:21:51,3,King Drive,,Sun
18:06:07,26,South Shore Express,,Mon,Tue,Wed,Thu,Fri
08:22:19,4,Cottage Grove,,Sun
21:33:39,26,South Shore Express,,Mon,Tue,Wed,Thu,Fri
15:32:26,3,King Drive,,Sat
22:13:45,4,Cottage Grove,,Sat
17:34:44,3,King Drive,,Mon,Tue,Wed,Thu,Fri
14:10:35,147,Outer DuSable Lake Shore Express,,Sun
07:38:21,3,King Drive,,Mon,Tue,Wed,Thu,Fri
11:12:45,4,Cottage Grove,,Sun
09:39:22,4,Cottage Grove,,Mon,Tue,Wed,Thu,Fri
15:22:55,X4,Cottage Grove Express,,Mon,Tue,Wed,Thu,Fri
19:41:09,3,King Drive,,Mon,Tue,Wed,Thu,Fri
07:48:15,3,King Drive,,Mon,Tue,Wed,Thu,Fri
11:48:40,4,Cottage Grove,,Sat
08:12:19,4,Cottage Grove,,Sun
12:30:26,147,Outer DuSable Lake Shore Express,,Sun
16:25:34,147,Outer DuSable Lake Shore Express,,Sat
15:19:43,4,Cottage Grove,,Mon,Tue,Wed,Thu,Fri
08:50:03,3,King Drive,,Sat
22:18:15,4,Cottage Grove,,Sun
08:25:29,J14,Jeffery Jump,,Mon,Tue,Wed,Thu,Fri
17:45:40,4,Cottage Grove,,Sat
15:08:46,J14,Jeffery Jump,,Sun
07:12:19,4,Cottage Grove,,Sat
07:05:10,J14,Jeffery Jump,,Sat
10:49:55,147,Outer DuSable Lake Shore Express,,Sat
05:11:23,4,Cottage Grove,,Mon,Tue,Wed,Thu,Fri
11:37:23,J14,Jeffery Jump,,Sat
10:57:23,J14,Jeffery Jump,,Sat
09:15:29,J14,Jeffery Jump,,Mon,Tue,Wed,Thu,Fri
22:21:45,4,Cottage Grove,,Mon,Tue,Wed,Thu,Fri
17:35:12,4,Cottage Grove,,Mon,Tue,Wed,Thu,Fri
20:09:22,4,Cottage Grove,,Sat
08:37:16,147,Outer DuSable Lake Shore Express,,Sun
06:53:37,4,Cottage Grove,,Mon,Tue,Wed,Thu,Fri
21:52:15,4,Cottage Grove,,Sat
11:52:16,J14,Jeffery Jump,,Sun
21:17:09,3,King Drive,,Mon,Tue,Wed,Thu,Fri
04:42:54,4,Cottage Grove,,Sat
05:57:00,4,Cottage Grove,,Sat
18:37:55,147,Outer DuSable Lake Shore Express,,Sat
22:07:51,3,King Drive,,Sat
17:57:23,J14,Jeffery Jump,,Sun
12:09:26,147,Outer DuSable Lake Shore Express,,Sun
10:57:25,147,Outer DuSable Lake Shore Express,,Mon,Tue,Wed,Thu,Fri
13:50:59,J14,Jeffery Jump,,Mon,Tue,Wed,Thu,Fri
19:50:09,3,King Drive,,Mon,Tue,Wed,Thu,Fri
21:51:45,4,Cottage Grove,,Mon,Tue,Wed,Thu,Fri
12:30:59,J14,Jeffery Jump,,Mon,Tue,Wed,Thu,Fri
23:22:36,147,Outer DuSable Lake Shore Express,,Sun
13:01:26,3,King Drive,,Sat
19:00:48,4,Cottage Grove,,Mon,Tue,Wed,Thu,Fri
08:17:16,147,Outer DuSable Lake Shore Express,,Sun
18:06:45,147,Outer DuSable Lake Shore Express,,Sun
21:57:53,J14,Jeffery Jump,,Mon,Tue,Wed,Thu,Fri
11:12:16,J14,Jeffery Jump,,Sun
22:44:33,3,King Drive,,Sun
16:34:04,147,Outer DuSable Lake Shore Express,,Sat
14:54:35,147,Outer DuSable Lake Shore Express,,Sun
15:58:21,4,Cottage Grove,,Mon,Tue,Wed,Thu,Fri
06:51:33,3,King Drive,,Mon,Tue,Wed,Thu,Fri
12:04:59,J14,Jeffery Jump,,Sat
12:12:45,4,Cottage Grove,,Sun
10:46:09,147,Outer DuSable Lake Shore Express,,Mon,Tue,Wed,Thu,Fri
16:58:51,26,South Shore Express,,Mon,Tue,Wed,Thu,Fri
15:43:29,J14,Jeffery Jump,,Sat
12:08:09,3,King Drive,,Mon,Tue,Wed,Thu,Fri
21:43:46,147,Outer DuSable Lake Shore Express,,Mon,Tue,Wed,Thu,Fri
16:50:58,X4,Cottage Grove Express,,Mon,Tue,Wed,Thu,Fri
18:33:16,J14,Jeffery Jump,,Sat
12:00:59,J14,Jeffery Jump,,Mon,Tue,Wed,Thu,Fri
08:26:16,147,Outer DuSable Lake Shore Express,,Sun
14:50:59,4,Cottage Grove,,Sat
20:43:27,3,King Drive,,Sun
06:01:30,4,Cottage Grove,,Sun
20:50:45,147,Outer DuSable Lake Shore Express,,Mon,Tue,Wed,Thu,Fri
12:35:55,4,Cottage Grove,,Mon,Tue,Wed,Thu,Fri
20:47:09,3,King Drive,,Mon,Tue,Wed,Thu,Fri
11:05:09,3,King Drive,,Sat
12:52:45,4,Cottage Grove,,Sun
20:06:46,J14,Jeffery Jump,,Sun
06:32:03,3,King Drive,,Mon,Tue,Wed,Thu,Fri
17:38:21,26,South Shore Express,,Mon,Tue,Wed,Thu,Fri
17:36:45,3,King Drive,,Sun
10:52:56,147,Outer DuSable Lake Shore Express,,Sun
10:40:22,4,Cottage Grove,,Mon,Tue,Wed,Thu,Fri
14:39:43,4,Cottage Grove,,Mon,Tue,Wed,Thu,Fri
12:14:55,147,Outer DuSable Lake Shore Express,,Sat
17:45:12,4,Cottage Grove,,Mon,Tue,Wed,Thu,Fri
23:38:33,3,King Drive,,Sat
11:03:56,147,Outer DuSable Lake Shore Express,,Sun
07:38:16,147,Outer DuSable Lake Shore Express,,Sun
11:30:59,J14,Jeffery Jump,,Mon,Tue,Wed,Thu,Fri
13:04:23,J14,Jeffery Jump,,Sat
09:42:21,147,Outer DuSable Lake Shore Express,,Mon,Tue,Wed,Thu,Fri
16:00:04,147,Outer DuSable Lake Shore Express,,Sat
17:20:45,147,Outer DuSable Lake Shore Express,,Sun
06:37:30,4,Cottage Grove,,Mon,Tue,Wed,Thu,Fri
21:15:53,J14,Jeffery Jump,,Mon,Tue,Wed,Thu,Fri
05:53:03,J14,Jeffery Jump,,Mon,Tue,Wed,Thu,Fri
10:42:59,J14,Jeffery Jump,,Mon,Tue,Wed,Thu,Fri
10:29:22,4,Cottage Grove,,Mon,Tue,Wed,Thu,Fri
17:07:29,4,Cottage Grove,,Sat
08:25:29,J14,Jeffery Jump,,Mon,Tue,Wed,Thu,Fri
12:30:59,J14,Jeffery Jump,,Mon,Tue,Wed,Thu,Fri
08:02:56,4,Cottage Grove,,Mon,Tue,Wed,Thu,Fri
18:16:53,J14,Jeffery Jump,,Sun
18:14:55,X4,Cottage Grove Express,,Mon,Tue,Wed,Thu,Fri
12:02:16,J14,Jeffery Jump,,Sun
17:30:22,4,Cottage Grove,,Sun
17:27:23,J14,Jeffery Jump,,Sun
17:07:59,4,Cottage Grove,,Sat
18:34:03,3,King Drive,,Mon,Tue,Wed,Thu,Fri
23:55:49,4,Cottage Grove,,Sat
14:44:35,147,Outer DuSable Lake Shore Express,,Mon,Tue,Wed,Thu,Fri
10:18:39,147,Outer DuSable Lake Shore Express,,Mon,Tue,Wed,Thu,Fri
15:22:59,4,Cottage Grove,,Sat
08:30:35,143,Stockton/Michigan Express,,Mon,Tue,Wed,Thu,Fri
18:36:53,J14,Jeffery Jump,,Sun
11:40:55,147,Outer DuSable Lake Shore Express,,Sat
20:47:09,3,King Drive,,Mon,Tue,Wed,Thu,Fri
23:23:10,3,King Drive,,Sun
16:10:22,4,Cottage Grove,,Sun
14:58:26,3,King Drive,,Sat
15:58:56,3,King Drive,,Mon,Tue,Wed,Thu,Fri
10:32:39,147,Outer DuSable Lake Shore Express,,Sat
20:30:15,147,Outer DuSable Lake Shore Express,,Sat
07:37:19,4,Cottage Grove,,Sun
13:10:59,J14,Jeffery Jump,,Mon,Tue,Wed,Thu,Fri
08:34:39,147,Outer DuSable Lake Shore Express,,Mon,Tue,Wed,Thu,Fri
16:58:42,J14,Jeffery Jump,,Mon,Tue,Wed,Thu,Fri
14:32:35,147,Outer DuSable Lake Shore Express,,Sun
18:46:53,J14,Jeffery Jump,,Sun
19:25:36,147,Outer DuSable Lake Shore Express,,Sun
00:32:54,4,Cottage Grove,,Mon
17:23:29,J14,Jeffery Jump,,Sat
17:15:54,X4,Cottage Grove Express,,Mon,Tue,Wed,Thu,Fri
13:00:59,J14,Jeffery Jump,,Mon,Tue,Wed,Thu,Fri
18:14:55,X4,Cottage Grove Express,,Mon,Tue,Wed,Thu,Fri
17:40:14,3,King Drive,,Mon,Tue,Wed,Thu,Fri
17:00:22,4,Cottage Grove,,Sun
02:12:54,4,Cottage Grove,,Tue,Wed,Thu,Fri,Sat
23:46:40,3,King Drive,,Mon,Tue,Wed,Thu,Fri
07:36:07,4,Cottage Grove,,Sat
08:51:55,147,Outer DuSable Lake Shore Express,,Mon,Tue,Wed,Thu,Fri
20:16:46,J14,Jeffery Jump,,Sun
17:06:51,26,South Shore Express,,Mon,Tue,Wed,Thu,Fri
16:27:59,4,Cottage Grove,,Sat
23:36:15,4,Cottage Grove,,Sat
07:21:27,3,King Drive,,Mon,Tue,Wed,Thu,Fri
08:32:19,4,Cottage Grove,,Sun
12:32:45,4,Cottage Grove,,Sun
17:18:09,3,King Drive,,Sat
19:16:53,J14,Jeffery Jump,,Sun
15:58:26,3,King Drive,,Sat
11:48:59,4,Cottage Grove,,Mon,Tue,Wed,Thu,Fri
13:40:22,4,Cottage Grove,,Sun
12:30:26,147,Outer DuSable Lake Shore Express,,Sun
11:47:26,147,Outer DuSable Lake Shore Express,,Sun
05:43:03,J14,Jeffery Jump,,Mon,Tue,Wed,Thu,Fri
11:40:59,J14,Jeffery Jump,,Mon,Tue,Wed,Thu,Fri
15:39:35,147,Outer DuSable Lake Shore Express,,Sun
11:37:25,147,Outer DuSable Lake Shore Express,,Mon,Tue,Wed,Thu,Fri
09:14:37,4,Cottage Grove,,Sun
17:37:23,J14,Jeffery Jump,,Sun
06:07:40,3,King Drive,,Mon,Tue,Wed,Thu,Fri
21:21:23,J14,Jeffery Jump,,Sat
09:54:07,4,Cottage Grove,,Sun
16:23:29,J14,Jeffery Jump,,Sat
08:40:26,X4,Cottage Grove Express,,Mon,Tue,Wed,Thu,Fri
14:59:43,4,Cottage Grove,,Mon,Tue,Wed,Thu,Fri
11:26:09,147,Outer DuSable Lake Shore Express,,Mon,Tue,Wed,Thu,Fri
07:20:26,147,Outer DuSable Lake Shore Express,,Sat
15:10:25,X4,Cottage Grove Express,,Mon,Tue,Wed,Thu,Fri
17:40:14,3,King Drive,,Mon,Tue,Wed,Thu,Fri
20:32:23,J14,Jeffery Jump,,Sat
22:05:51,3,King Drive,,Mon,Tue,Wed,Thu,Fri
13:36:26,147,Outer DuSable Lake Shore Express,,Sun
16:16:26,3,King Drive,,Sat
17:09:15,147,Outer DuSable Lake Shore Express,,Sun
08:41:59,143,Stockton/Michigan Express,,Mon,Tue,Wed,Thu,Fri
08:15:29,J14,Jeffery Jump,,Mon,Tue,Wed,Thu,Fri
23:03:10,3,King Drive,,Sun
08:47:09,147,Outer DuSable Lake Shore Express,,Mon,Tue,Wed,Thu,Fri
19:59:09,3,King Drive,,Mon,Tue,Wed,Thu,Fri
09:01:52,143,Stockton/Michigan Express,,Mon,Tue,Wed,Thu,Fri
10:34:21,3,King Drive,,Sun
18:46:25,147,Outer DuSable Lake Shore Express,,Sat
11:26:09,147,Outer DuSable Lake Shore Express,,Mon,Tue,Wed,Thu,Fri
12:31:39,147,Outer DuSable Lake Shore Express,,Sat
13:47:26,147,Outer DuSable Lake Shore Express,,Sun
20:21:52,4,Cottage Grove,,Sun
16:41:45,3,King Drive,,Sun
17:45:09,3,King Drive,,Sat
18:50:22,4,Cottage Grove,,Sun
05:44:40,3,King Drive,,Sat
20:37:09,3,King Drive,,Mon,Tue,Wed,Thu,Fri
12:06:51,3,King Drive,,Sun
16:20:22,4,Cottage Grove,,Sun
13:47:26,147,Outer DuSable Lake Shore Express,,Sun
14:32:05,147,Outer DuSable Lake Shore Express,,Mon,Tue,Wed,Thu,Fri
07:01:33,3,King Drive,,Mon,Tue,Wed,Thu,Fri
09:49:35,147,Outer DuSable Lake Shore Express,,Mon,Tue,Wed,Thu,Fri
20:12:52,4,Cottage Grove,,Sun
16:17:59,J14,Jeffery Jump,,Sun
19:40:10,4,Cottage Grove,,Sat
20:59:52,4,Cottage Grove,,Mon,Tue,Wed,Thu,Fri
17:01:44,3,King Drive,,Mon,Tue,Wed,Thu,Fri
19:11:21,3,King Drive,,Sun
21:07:56,147,Outer DuSable Lake Shore Express,,Mon,Tue,Wed,Thu,Fri
13:55:59,4,Cottage Grove,,Sat
13:56:05,147,Outer DuSable Lake Shore Express,,Mon,Tue,Wed,Thu,Fri
07:58:07,4,Cottage Grove,,Sat
17:09:15,147,Outer DuSable Lake Shore Express,,Sun
13:29:53,26,South Shore Express,,Mon,Tue,Wed,Thu,Fri
17:09:33,3,King Drive,,Sat
12:09:03,3,King Drive,,Sat
19:54:15,3,King Drive,,Sat
13:54:55,4,Cottage Grove,,Mon,Tue,Wed,Thu,Fri
11:59:03,3,King Drive,,Sat
14:04:55,4,Cottage Grove,,Mon,Tue,Wed,Thu,Fri
17:36:09,3,King Drive,,Sat
07:26:16,J14,Jeffery Jump,,Mon,Tue,Wed,Thu,Fri
23:34:10,3,King Drive,,Mon,Tue,Wed,Thu,Fri
06:24:40,3,King Drive,,Sat
08:58:07,4,Cottage Grove,,Sat
21:48:33,3,King Drive,,Sun
01:42:54,4,Cottage Grove,,Tue,Wed,Thu,Fri,Sat
07:05:03,3,King Drive,,Sat
15:43:04,147,Outer DuSable Lake Shore Express,,Sat
17:43:29,J14,Jeffery Jump,,Sat
07:30:27,3,King Drive,,Mon,Tue,Wed,Thu,Fri
19:18:52,4,Cottage Grove,,Sun
17:18:14,3,King Drive,,Mon,Tue,Wed,Thu,Fri
16:17:59,J14,Jeffery Jump,,Sun
20:27:09,3,King Drive,,Mon,Tue,Wed,Thu,Fri
10:14:07,4,Cottage Grove,,Sun
19:00:22,4,Cottage Grove,,Sun
13:09:16,J14,Jeffery Jump,,Sun
15:25:05,J14,Jeffery Jump,,Mon,Tue,Wed,Thu,Fri
09:26:10,147,Outer DuSable Lake Shore Express,,Sun
16:34:26,3,King Drive,,Sat
16:14:09,X4,Cottage Grove Express,,Mon,Tue,Wed,Thu,Fri
17:38:18,J14,Jeffery Jump,,Mon,Tue,Wed,Thu,Fri
17:40:52,4,Cottage Grove,,Sun
10:00:33,4,Cottage Grove,,Sat
14:28:46,J14,Jeffery Jump,,Sun
17:02:15,147,Outer DuSable Lake Shore Express,,Mon,Tue,Wed,Thu,Fri
23:46:40,3,King Drive,,Mon,Tue,Wed,Thu,Fri
16:38:50,3,King Drive,,Mon,Tue,Wed,Thu,Fri
20:21:35,147,Outer DuSable Lake Shore Express,,Sat
11:11:59,J14,Jeffery Jump,,Mon,Tue,Wed,Thu,Fri
21:17:09,3,King Drive,,Mon,Tue,Wed,Thu,Fri
23:21:15,4,Cottage Grove,,Sat
07:37:03,147,Outer DuSable Lake Shore Express,,Mon,Tue,Wed,Thu,Fri
09:10:45,147,Outer DuSable Lake Shore Express,,Sat
17:38:25,147,Outer DuSable Lake Shore Express,,Sat
17:18:09,3,King Drive,,Sat
19:00:52,4,Cottage Grove,,Sun
10:01:06,147,Outer DuSable Lake Shore Express,,Sun
20:45:53,J14,Jeffery Jump,,Mon,Tue,Wed,Thu,Fri
13:32:25,147,Outer DuSable Lake Shore Express,,Sat
17:57:50,3,King Drive,,Mon,Tue,Wed,Thu,Fri
08:16:56,147,Outer DuSable Lake Shore Express,,Sat
15:07:59,4,Cottage Grove,,Sat
14:41:23,26,South Shore Express,,Mon,Tue,Wed,Thu,Fri
11:25:45,3,King Drive,,Mon,Tue,Wed,Thu,Fri
10:00:22,4,Cottage Grove,,Mon,Tue,Wed,Thu,Fri
10:32:56,147,Outer DuSable Lake Shore Express,,Sun
08:54:03,X4,Cottage Grove Express,,Mon,Tue,Wed,Thu,Fri
10:14:21,147,Outer DuSable Lake Shore Express,,Sat
09:36:56,147,Outer DuSable Lake Shore Express,,Sat
15:17:05,J14,Jeffery Jump,,Mon,Tue,Wed,Thu,Fri
12:08:59,4,Cottage Grove,,Sat
12:59:46,J14,Jeffery Jump,,Sun
10:27:23,J14,Jeffery Jump,,Sat
05:42:46,147,Outer DuSable Lake Shore Express,,Mon,Tue,Wed,Thu,Fri
14:21:35,147,Outer DuSable Lake Shore Express,,Sun
14:36:09,3,King Drive,,Mon,Tue,Wed,Thu,Fri
10:23:25,147,Outer DuSable Lake Shore Express,,Sat
05:53:12,4,Cottage Grove,,Mon,Tue,Wed,Thu,Fri
21:00:52,4,Cottage Grove,,Sun
12:17:25,147,Outer DuSable Lake Shore Express,,Mon,Tue,Wed,Thu,Fri
17:53:29,J14,Jeffery Jump,,Sat
14:32:55,147,Outer DuSable Lake Shore Express,,Sat
11:32:45,4,Cottage Grove,,Sun
12:05:09,147,Outer DuSable Lake Shore Express,,Sat
13:41:55,147,Outer DuSable Lake Shore Express,,Sat
09:04:37,4,Cottage Grove,,Sun
11:11:59,J14,Jeffery Jump,,Mon,Tue,Wed,Thu,Fri
10:59:33,4,Cottage Grove,,Sat
06:21:49,4,Cottage Grove,,Sun
11:30:59,J14,Jeffery Jump,,Mon,Tue,Wed,Thu,Fri
15:30:52,4,Cottage Grove,,Sun
15:58:21,4,Cottage Grove,,Mon,Tue,Wed,Thu,Fri
08:28:15,3,King Drive,,Mon,Tue,Wed,Thu,Fri
20:17:09,3,King Drive,,Mon,Tue,Wed,Thu,Fri
15:34:55,147,Outer DuSable Lake Shore Express,,Mon,Tue,Wed,Thu,Fri
17:44:04,147,Outer DuSable Lake Shore Express,,Mon,Tue,Wed,Thu,Fri
10:27:21,3,King Drive,,Sat
16:43:26,3,King Drive,,Sat
16:34:45,147,Outer DuSable Lake Shore Express,,Sun
17:14:45,3,King Drive,,Sun
01:12:54,4,Cottage Grove,,Sun
12:09:03,3,King Drive,,Sat
08:03:40,3,King Drive,,Sun
22:16:51,3,King Drive,,Mon,Tue,Wed,Thu,Fri
16:25:26,3,King Drive,,Sat
09:09:22,4,Cottage Grove,,Mon,Tue,Wed,Thu,Fri
13:23:59,4,Cottage Grove,,Sat
16:50:58,X4,Cottage Grove Express,,Mon,Tue,Wed,Thu,Fri
08:38:15,3,King Drive,,Mon,Tue,Wed,Thu,Fri
11:32:16,J14,Jeffery Jump,,Sun
18:18:15,147,Outer DuSable Lake Shore Express,,Sun
10:34:07,4,Cottage Grove,,Sun
15:05:35,147,Outer DuSable Lake Shore Express,,Sun
06:16:30,4,Cottage Grove,,Sat
15:19:56,3,King Drive,,Mon,Tue,Wed,Thu,Fri
00:12:54,4,Cottage Grove,,Mon
17:55:15,147,Outer DuSable Lake Shore Express,,Sun
15:23:59,4,Cottage Grove,,Sat
14:00:52,4,Cottage Grove,,Sun
16:12:05,J14,Jeffery Jump,,Mon,Tue,Wed,Thu,Fri
22:42:06,147,Outer DuSable Lake Shore Express,,Sat
02:42:54,4,Cottage Grove,,Tue,Wed,Thu,Fri,Sat
05:52:40,3,King Drive,,Mon,Tue,Wed,Thu,Fri
06:25:06,147,Outer DuSable Lake Shore Express,,Mon,Tue,Wed,Thu,Fri
18:51:56,147,Outer DuSable Lake Shore Express,,Sun
16:37:05,J14,Jeffery Jump,,Mon,Tue,Wed,Thu,Fri
14:18:46,J14,Jeffery Jump,,Sun
21:01:23,J14,Jeffery Jump,,Sat
21:00:52,4,Cottage Grove,,Mon,Tue,Wed,Thu,Fri
08:49:16,143,Stockton/Michigan Express,,Mon,Tue,Wed,Thu,Fri
15:00:43,4,Cottage Grove,,Mon,Tue,Wed,Thu,Fri
18:52:59,J14,Jeffery Jump,,Mon,Tue,Wed,Thu,Fri
17:08:42,J14,Jeffery Jump,,Mon,Tue,Wed,Thu,Fri
07:56:16,J14,Jeffery Jump,,Mon,Tue,Wed,Thu,Fri
19:02:26,147,Outer DuSable Lake Shore Express,,Sun
19:52:23,J14,Jeffery Jump,,Sat
11:56:18,4,Cottage Grove,,Mon,Tue,Wed,Thu,Fri
08:32:19,4,Cottage Grove,,Sun
21:15:53,J14,Jeffery Jump,,Mon,Tue,Wed,Thu,Fri
12:06:09,147,Outer DuSable Lake Shore Express,,Mon,Tue,Wed,Thu,Fri
18:29:45,147,Outer DuSable Lake Shore Express,,Sun
09:50:22,4,Cottage Grove,,Mon,Tue,Wed,Thu,Fri
17:45:12,4,Cottage Grove,,Mon,Tue,Wed,Thu,Fri
14:35:59,4,Cottage Grove,,Sat
06:46:30,4,Cottage Grove,,Sat
15:51:56,3,King Drive,,Mon,Tue,Wed,Thu,Fri
21:31:03,3,King Drive,,Sun
14:48:46,J14,Jeffery Jump,,Sun
10:52:45,3,King Drive,,Sat
14:06:23,26,South Shore Express,,Mon,Tue,Wed,Thu,Fri
14:53:53,J14,Jeffery Jump,,Sat
09:27:15,147,Outer DuSable Lake Shore Express,,Sat
12:14:55,147,Outer DuSable Lake Shore Express,,Sat
14:31:26,3,King Drive,,Sat
09:49:52,X4,Cottage Grove Express,,Mon,Tue,Wed,Thu,Fri
08:59:22,4,Cottage Grove,,Mon,Tue,Wed,Thu,Fri
00:23:10,3,King Drive,,Mon
19:23:03,3,King Drive,,Mon,Tue,Wed,Thu,Fri
12:18:59,4,Cottage Grove,,Sat
14:12:45,3,King Drive,,Sun
21:15:09,26,South Shore Express,,Mon,Tue,Wed,Thu,Fri
12:42:59,4,Cottage Grove,,Sat
16:01:21,X4,Cottage Grove Express,,Mon,Tue,Wed,Thu,Fri
20:57:09,3,King Drive,,Mon,Tue,Wed,Thu,Fri
20:55:46,J14,Jeffery Jump,,Sun
16:57:45,147,Outer DuSable Lake Shore Express,,Sun
03:12:54,4,Cottage Grove,,Sun
14:08:46,J14,Jeffery Jump,,Sun
17:56:45,3,King Drive,,Sun
16:36:39,4,Cottage Grove,,Mon,Tue,Wed,Thu,Fri
12:22:25,147,Outer DuSable Lake Shore Express,,Sat
13:07:55,147,Outer DuSable Lake Shore Express,,Sat
09:33:05,143,Stockton/Michigan Express,,Mon,Tue,Wed,Thu,Fri
16:18:56,3,King Drive,,Mon,Tue,Wed,Thu,Fri
18:11:26,3,King Drive,,Mon,Tue,Wed,Thu,Fri
13:46:26,3,King Drive,,Sat
16:27:09,4,Cottage Grove,,Mon,Tue,Wed,Thu,Fri
18:20:55,147,Outer DuSable Lake Shore Express,,Sat
19:34:38,26,South Shore Express,,Mon,Tue,Wed,Thu,Fri
18:52:53,J14,Jeffery Jump,,Sat
13:24:39,3,King Drive,,Mon,Tue,Wed,Thu,Fri
15:08:46,J14,Jeffery Jump,,Sun
11:43:15,4,Cottage Grove,,Sun
15:09:35,147,Outer DuSable Lake Shore Express,,Mon,Tue,Wed,Thu,Fri
22:51:15,4,Cottage Grove,,Sat
21:15:40,J14,Jeffery Jump,,Sun
19:12:23,J14,Jeffery Jump,,Sat
20:17:09,3,King Drive,,Mon,Tue,Wed,Thu,Fri
17:55:09,3,King Drive,,Sat
16:00:22,4,Cottage Grove,,Sun
23:39:45,4,Cottage Grove,,Mon,Tue,Wed,Thu,Fri
14:00:45,3,King Drive,,Sun
02:42:54,4,Cottage Grove,,Mon
15:10:15,3,King Drive,,Sun
11:40:10,4,Cottage Grove,,Mon,Tue,Wed,Thu,Fri
10:04:05,147,Outer DuSable Lake Shore Express,,Mon,Tue,Wed,Thu,Fri
05:59:42,4,Cottage Grove,,Mon,Tue,Wed,Thu,Fri
09:54:37,4,Cottage Grove,,Sun
15:13:53,J14,Jeffery Jump,,Sat
15:12:03,3,King Drive,,Mon,Tue,Wed,Thu,Fri
06:43:30,X4,Cottage Grove Express,,Mon,Tue,Wed,Thu,Fri
07:48:07,4,Cottage Grove,,Sat
17:33:29,J14,Jeffery Jump,,Sat
17:40:22,4,Cottage Grove,,Sun
18:44:29,J14,Jeffery Jump,,Mon,Tue,Wed,Thu,Fri
10:04:35,147,Outer DuSable Lake Shore Express,,Sat
09:35:22,X4,Cottage Grove Express,,Mon,Tue,Wed,Thu,Fri
14:48:46,J14,Jeffery Jump,,Sun
14:57:38,26,South Shore Express,,Mon,Tue,Wed,Thu,Fri
06:48:10,J14,Jeffery Jump,,Mon,Tue,Wed,Thu,Fri
15:57:59,J14,Jeffery Jump,,Sun
08:22:56,4,Cottage Grove,,Mon,Tue,Wed,Thu,Fri
12:07:29,4,Cottage Grove,,Sat
16:19:15,3,King Drive,,Sun
12:02:45,4,Cottage Grove,,Sun
13:21:51,3,King Drive,,Sun
18:29:45,147,Outer DuSable Lake Shore Express,,Sun
12:06:09,147,Outer DuSable Lake Shore Express,,Mon,Tue,Wed,Thu,Fri
10:39:33,4,Cottage Grove,,Sat
17:37:23,J14,Jeffery Jump,,Sun
15:37:59,J14,Jeffery Jump,,Sun
09:45:15,147,Outer DuSable Lake Shore Express,,Sat
17:12:44,3,King Drive,,Mon,Tue,Wed,Thu,Fri
10:52:16,J14,Jeffery Jump,,Sun
08:16:03,3,King Drive,,Sat
21:00:52,4,Cottage Grove,,Sun
16:52:26,3,King Drive,,Sat
23:22:46,147,Outer DuSable Lake Shore Express,,Mon,Tue,Wed,Thu,Fri
13:58:46,J14,Jeffery Jump,,Sun
09:05:29,J14,Jeffery Jump,,Mon,Tue,Wed,Thu,Fri
09:47:45,3,King Drive,,Mon,Tue,Wed,Thu,Fri
17:15:12,4,Cottage Grove,,Mon,Tue,Wed,Thu,Fri
19:11:29,J14,Jeffery Jump,,Mon,Tue,Wed,Thu,Fri
11:39:03,3,King Drive,,Sat
18:26:53,J14,Jeffery Jump,,Sun
15:17:04,147,Outer DuSable Lake Shore Express,,Sat
13:06:59,4,Cottage Grove,,Sat
08:56:07,4,Cottage Grove,,Sun
15:41:05,J14,Jeffery Jump,,Mon,Tue,Wed,Thu,Fri
14:40:55,147,Outer DuSable Lake Shore Express,,Sat
16:18:56,3,King Drive,,Mon,Tue,Wed,Thu,Fri
07:42:41,143,Stockton/Michigan Express,,Mon,Tue,Wed,Thu,Fri
08:55:29,J14,Jeffery Jump,,Mon,Tue,Wed,Thu,Fri
08:55:16,143,Stockton/Michigan Express,,Mon,Tue,Wed,Thu,Fri
08:51:55,147,Outer DuSable Lake Shore Express,,Mon,Tue,Wed,Thu,Fri
15:12:08,26,South Shore Express,,Mon,Tue,Wed,Thu,Fri
18:03:02,X4,Cottage Grove Express,,Mon,Tue,Wed,Thu,Fri
07:00:07,X4,Cottage Grove Express,,Mon,Tue,Wed,Thu,Fri
08:41:45,4,Cottage Grove,,Mon,Tue,Wed,Thu,Fri
14:20:59,J14,Jeffery Jump,,Mon,Tue,Wed,Thu,Fri
15:50:22,4,Cottage Grove,,Sun
21:18:26,147,Outer DuSable Lake Shore Express,,Sat
16:12:56,3,King Drive,,Mon,Tue,Wed,Thu,Fri
17:32:15,147,Outer DuSable Lake Shore Express,,Sun
23:21:40,3,King Drive,,Mon,Tue,Wed,Thu,Fri
13:20:55,147,Outer DuSable Lake Shore Express,,Mon,Tue,Wed,Thu,Fri
16:21:22,26,South Shore Express,,Mon,Tue,Wed,Thu,Fri
18:34:15,3,King Drive,,Sat
09:59:33,4,Cottage Grove,,Sat
16:43:59,4,Cottage Grove,,Sat
11:05:09,3,King Drive,,Sat
16:19:05,J14,Jeffery Jump,,Mon,Tue,Wed,Thu,Fri
22:49:51,3,King Drive,,Sat
15:40:13,4,Cottage Grove,,Mon,Tue,Wed,Thu,Fri
16:35:59,4,Cottage Grove,,Sat
13:13:39,3,King Drive,,Mon,Tue,Wed,Thu,Fri
22:03:15,4,Cottage Grove,,Sun
07:48:15,3,King Drive,,Mon,Tue,Wed,Thu,Fri
15:20:22,4,Cottage Grove,,Sun
20:49:52,4,Cottage Grove,,Mon,Tue,Wed,Thu,Fri
12:15:55,4,Cottage Grove,,Mon,Tue,Wed,Thu,Fri
15:56:15,3,King Drive,,Sun
19:32:23,J14,Jeffery Jump,,Sat
17:00:52,4,Cottage Grove,,Sun
05:30:53,4,Cottage Grove,,Mon,Tue,Wed,Thu,Fri
16:16:26,3,King Drive,,Sat
07:46:16,J14,Jeffery Jump,,Mon,Tue,Wed,Thu,Fri
20:02:23,J14,Jeffery Jump,,Sat
17:46:45,3,King Drive,,Sun
22:06:45,4,Cottage Grove,,Mon,Tue,Wed,Thu,Fri
06:07:42,4,Cottage Grove,,Mon,Tue,Wed,Thu,Fri
19:45:52,4,Cottage Grove,,Sun
16:41:15,147,Outer DuSable Lake Shore Express,,Sat
15:03:33,3,King Drive,,Mon,Tue,Wed,Thu,Fri
07:38:16,147,Outer DuSable Lake Shore Express,,Sun
16:08:34,147,Outer DuSable Lake Shore Express,,Sat
12:08:09,3,King Drive,,Mon,Tue,Wed,Thu,Fri
10:23:25,147,Outer DuSable Lake Shore Express,,Sat
20:02:35,147,Outer DuSable Lake Shore Express,,Sat
08:13:35,143,Stockton/Michigan Express,,Mon,Tue,Wed,Thu,Fri
08:27:26,147,Outer DuSable Lake Shore Express,,Sat
17:58:04,147,Outer DuSable Lake Shore Express,,Mon,Tue,Wed,Thu,Fri
16:59:29,4,Cottage Grove,,Sat
08:42:45,4,Cottage Grove,,Mon,Tue,Wed,Thu,Fri
08:23:40,J14,Jeffery Jump,,Sun
17:29:51,26,South Shore Express,,Mon,Tue,Wed,Thu,Fri
08:33:03,3,King Drive,,Sat
19:19:05,147,Outer DuSable Lake Shore Express,,Sat
12:10:59,J14,Jeffery Jump,,Mon,Tue,Wed,Thu,Fri
11:13:15,4,Cottage Grove,,Sun
18:23:16,J14,Jeffery Jump,,Sat
09:45:27,3,King Drive,,Sun
15:53:29,J14,Jeffery Jump,,Sat
08:06:10,147,Outer DuSable Lake Shore Express,,Sun
17:13:18,J14,Jeffery Jump,,Mon,Tue,Wed,Thu,Fri
18:11:26,3,King Drive,,Mon,Tue,Wed,Thu,Fri
20:12:27,3,King Drive,,Sun
14:28:46,J14,Jeffery Jump,,Sun
23:03:06,147,Outer DuSable Lake Shore Express,,Sun
17:18:14,3,King Drive,,Mon,Tue,Wed,Thu,Fri
18:06:45,3,King Drive,,Sun
11:27:23,J14,Jeffery Jump,,Sat
00:34:54,4,Cottage Grove,,Mon
01:42:54,4,Cottage Grove,,Mon
08:35:45,147,Outer DuSable Lake Shore Express,,Sat
20:31:22,4,Cottage Grove,,Sun
09:57:45,3,King Drive,,Mon,Tue,Wed,Thu,Fri
07:52:19,4,Cottage Grove,,Sun
05:43:03,J14,Jeffery Jump,,Mon,Tue,Wed,Thu,Fri
09:49:52,X4,Cottage Grove Express,,Mon,Tue,Wed,Thu,Fri
11:46:53,J14,Jeffery Jump,,Sat
13:48:46,J14,Jeffery Jump,,Sun
21:45:53,J14,Jeffery Jump,,Mon,Tue,Wed,Thu,Fri
08:43:40,J14,Jeffery Jump,,Sun
14:40:43,4,Cottage Grove,,Mon,Tue,Wed,Thu,Fri
18:27:25,X4,Cottage Grove Express,,Mon,Tue,Wed,Thu,Fri
18:26:38,26,South Shore Express,,Mon,Tue,Wed,Thu,Fri
15:18:46,J14,Jeffery Jump,,Sun
10:09:33,4,Cottage Grove,,Sat
13:55:26,3,King Drive,,Sat
11:00:33,4,Cottage Grove,,Sat
09:24:07,4,Cottage Grove,,Sun
05:34:27,J14,Jeffery Jump,,Mon,Tue,Wed,Thu,Fri
09:35:21,3,King Drive,,Sat
20:31:45,147,Outer DuSable Lake Shore Express,,Mon,Tue,Wed,Thu,Fri
05:12:12,4,Cottage Grove,,Sat
22:20:51,3,King Drive,,Sat
15:16:26,3,King Drive,,Sat
12:50:59,J14,Jeffery Jump,,Mon,Tue,Wed,Thu,Fri
14:57:05,147,Outer DuSable Lake Shore Express,,Mon,Tue,Wed,Thu,Fri
00:13:24,4,Cottage Grove,,Tue,Wed,Thu,Fri,Sat
20:32:23,J14,Jeffery Jump,,Sat
17:13:18,J14,Jeffery Jump,,Mon,Tue,Wed,Thu,Fri
19:32:10,4,Cottage Grove,,Sat
11:17:25,147,Outer DuSable Lake Shore Express,,Mon,Tue,Wed,Thu,Fri
06:56:23,143,Stockton/Michigan Express,,Mon,Tue,Wed,Thu,Fri
05:34:27,J14,Jeffery Jump,,Mon,Tue,Wed,Thu,Fri
13:08:55,147,Outer DuSable Lake Shore Express,,Mon,Tue,Wed,Thu,Fri
11:15:21,3,King Drive,,Sun
16:07:59,J14,Jeffery Jump,,Sun
14:51:59,4,Cottage Grove,,Sat
21:03:36,147,Outer DuSable Lake Shore Express,,Sun
13:30:59,J14,Jeffery Jump,,Mon,Tue,Wed,Thu,Fri
00:29:03,3,King Drive,,Sun
13:55:55,4,Cottage Grove,,Mon,Tue,Wed,Thu,Fri
15:30:59,4,Cottage Grove,,Sat
13:04:23,J14,Jeffery Jump,,Sat
10:03:51,3,King Drive,,Sun
07:21:40,3,King Drive,,Sun
18:00:22,4,Cottage Grove,,Sun
09:03:26,147,Outer DuSable Lake Shore Express,,Sat
23:22:45,4,Cottage Grove,,Mon,Tue,Wed,Thu,Fri
08:02:56,X4,Cottage Grove Express,,Mon,Tue,Wed,Thu,Fri
07:58:15,3,King Drive,,Mon,Tue,Wed,Thu,Fri
06:07:42,4,Cottage Grove,,Mon,Tue,Wed,Thu,Fri
18:46:45,147,Outer DuSable Lake Shore Express,,Mon,Tue,Wed,Thu,Fri
18:27:05,J14,Jeffery Jump,,Mon,Tue,Wed,Thu,Fri
14:26:09,3,King Drive,,Mon,Tue,Wed,Thu,Fri
21:15:51,3,King Drive,,Sat
05:59:42,4,Cottage Grove,,Mon,Tue,Wed,Thu,Fri
15:59:55,147,Outer DuSable Lake Shore Express,,Mon,Tue,Wed,Thu,Fri
08:19:35,143,Stockton/Michigan Express,,Mon,Tue,Wed,Thu,Fri
08:32:56,4,Cottage Grove,,Mon,Tue,Wed,Thu,Fri
07:25:26,X4,Cottage Grove Express,,Mon,Tue,Wed,Thu,Fri
18:38:21,3,King Drive,,Sun
10:22:40,J14,Jeffery Jump,,Sun
08:21:56,4,Cottage Grove,,Mon,Tue,Wed,Thu,Fri
07:25:03,3,King Drive,,Sat
07:56:06,147,Outer DuSable Lake Shore Express,,Sat
22:48:15,4,Cottage Grove,,Sun
11:54:21,3,King Drive,,Sun
20:57:52,4,Cottage Grove,,Sat
08:05:10,J14,Jeffery Jump,,Sat
08:19:07,4,Cottage Grove,,Sat
09:05:09,147,Outer DuSable Lake Shore Express,,Mon,Tue,Wed,Thu,Fri
13:48:45,3,King Drive,,Sun
09:48:21,3,King Drive,,Sat
09:23:59,143,Stockton/Michigan Express,,Mon,Tue,Wed,Thu,Fri
11:37:25,147,Outer DuSable Lake Shore Express,,Mon,Tue,Wed,Thu,Fri
21:48:15,4,Cottage Grove,,Sun
13:07:59,4,Cottage Grove,,Sat
21:08:22,4,Cottage Grove,,Sat
18:42:25,4,Cottage Grove,,Mon,Tue,Wed,Thu,Fri
19:37:45,147,Outer DuSable Lake Shore Express,,Mon,Tue,Wed,Thu,Fri
21:07:09,3,King Drive,,Mon,Tue,Wed,Thu,Fri
07:46:33,147,Outer DuSable Lake Shore Express,,Mon,Tue,Wed,Thu,Fri
16:47:23,J14,Jeffery Jump,,Sun
15:28:23,J14,Jeffery Jump,,Sun
18:51:56,147,Outer DuSable Lake Shore Express,,Sun
11:30:33,4,Cottage Grove,,Sat
14:24:15,3,King Drive,,Sun
18:42:03,3,King Drive,,Mon,Tue,Wed,Thu,Fri
03:42:54,4,Cottage Grove,,Sun
14:20:52,4,Cottage Grove,,Sun
10:43:45,147,Outer DuSable Lake Shore Express,,Sun
13:34:55,4,Cottage Grove,,Mon,Tue,Wed,Thu,Fri
10:57:09,147,Outer DuSable Lake Shore Express,,Sat
22:02:45,4,Cottage Grove,,Sat
21:05:40,J14,Jeffery Jump,,Sun
09:42:40,J14,Jeffery Jump,,Sun
13:15:25,147,Outer DuSable Lake Shore Express,,Sat
15:38:59,4,Cottage Grove,,Sat
13:33:53,J14,Jeffery Jump,,Sat
02:12:54,4,Cottage Grove,,Mon
17:29:51,26,South Shore Express,,Mon,Tue,Wed,Thu,Fri
13:20:59,J14,Jeffery Jump,,Mon,Tue,Wed,Thu,Fri
18:03:55,147,Outer DuSable Lake Shore Express,,Sat
18:49:21,3,King Drive,,Sun
10:50:33,4,Cottage Grove,,Sat
08:27:55,147,Outer DuSable Lake Shore Express,,Mon,Tue,Wed,Thu,Fri
07:36:37,4,Cottage Grove,,Sat
11:20:22,4,Cottage Grove,,Mon,Tue,Wed,Thu,Fri
16:10:07,26,South Shore Express,,Mon,Tue,Wed,Thu,Fri
07:12:23,143,Stockton/Michigan Express,,Mon,Tue,Wed,Thu,Fri
16:00:04,147,Outer DuSable Lake Shore Express,,Sat
13:25:55,4,Cottage Grove,,Mon,Tue,Wed,Thu,Fri
08:59:07,4,Cottage Grove,,Sat
21:15:40,J14,Jeffery Jump,,Sun
17:55:40,4,Cottage Grove,,Sat
22:25:16,J14,Jeffery Jump,,Sat
12:40:39,3,King Drive,,Mon,Tue,Wed,Thu,Fri
07:19:15,147,Outer DuSable Lake Shore Express,,Mon,Tue,Wed,Thu,Fri
23:23:10,3,King Drive,,Sun
17:00:29,4,Cottage Grove,,Sat
10:04:35,147,Outer DuSable Lake Shore Express,,Sat
19:27:52,4,Cottage Grove,,Sun
15:28:56,3,King Drive,,Mon,Tue,Wed,Thu,Fri
07:52:56,4,Cottage Grove,,Mon,Tue,Wed,Thu,Fri
20:50:45,147,Outer DuSable Lake Shore Express,,Mon,Tue,Wed,Thu,Fri
18:02:42,J14,Jeffery Jump,,Mon,Tue,Wed,Thu,Fri
02:42:54,4,Cottage Grove,,Tue,Wed,Thu,Fri,Sat
05:20:53,4,Cottage Grove,,Mon,Tue,Wed,Thu,Fri
04:42:54,4,Cottage Grove,,Sun
18:12:25,4,Cottage Grove,,Mon,Tue,Wed,Thu,Fri
23:06:15,4,Cottage Grove,,Sat
13:37:26,3,King Drive,,Sat
12:58:59,4,Cottage Grove,,Sat
19:45:52,4,Cottage Grove,,Sun
06:29:40,147,Outer DuSable Lake Shore Express,,Sat
07:56:06,147,Outer DuSable Lake Shore Express,,Sat
14:18:59,4,Cottage Grove,,Sat
06:31:30,4,Cottage Grove,,Sat
17:29:40,4,Cottage Grove,,Sat
13:44:55,4,Cottage Grove,,Mon,Tue,Wed,Thu,Fri
06:42:16,147,Outer DuSable Lake Shore Express,,Sat
17:56:37,26,South Shore Express,,Mon,Tue,Wed,Thu,Fri
23:23:40,J14,Jeffery Jump,,Mon,Tue,Wed,Thu,Fri
02:42:54,4,Cottage Grove,,Sun
09:03:26,147,Outer DuSable Lake Shore Express,,Sat
20:58:22,4,Cottage Grove,,Sat
05:52:40,3,King Drive,,Mon,Tue,Wed,Thu,Fri
18:18:35,J14,Jeffery Jump,,Mon,Tue,Wed,Thu,Fri
16:03:45,147,Outer DuSable Lake Shore Express,,Sun
12:33:15,4,Cottage Grove,,Sun
14:03:53,J14,Jeffery Jump,,Sat
06:55:26,147,Outer DuSable Lake Shore Express,,Sat
15:25:05,J14,Jeffery Jump,,Mon,Tue,Wed,Thu,Fri
21:41:45,4,Cottage Grove,,Sat
10:47:23,J14,Jeffery Jump,,Sat
08:06:10,147,Outer DuSable Lake Shore Express,,Sun
21:34:03,4,Cottage Grove,,Sun
07:49:07,4,Cottage Grove,,Sat
21:21:23,J14,Jeffery Jump,,Sat
19:01:48,4,Cottage Grove,,Mon,Tue,Wed,Thu,Fri
05:24:27,J14,Jeffery Jump,,Mon,Tue,Wed,Thu,Fri
10:03:29,J14,Jeffery Jump,,Mon,Tue,Wed,Thu,Fri
11:01:59,J14,Jeffery Jump,,Mon,Tue,Wed,Thu,Fri
12:14:29,J14,Jeffery Jump,,Sat
23:39:37,4,Cottage Grove,,Sat
15:37:59,J14,Jeffery Jump,,Sun
08:33:40,J14,Jeffery Jump,,Sun
22:16:51,3,King Drive,,Mon,Tue,Wed,Thu,Fri
17:48:18,J14,Jeffery Jump,,Mon,Tue,Wed,Thu,Fri
07:20:26,147,Outer DuSable Lake Shore Express,,Sat
11:22:45,4,Cottage Grove,,Sun
21:25:40,J14,Jeffery Jump,,Sun
00:32:54,4,Cottage Grove,,Tue,Wed,Thu,Fri,Sat
11:55:29,J14,Jeffery Jump,,Sat
10:14:37,4,Cottage Grove,,Sun
06:38:40,J14,Jeffery Jump,,Mon,Tue,Wed,Thu,Fri
09:42:21,147,Outer DuSable Lake Shore Express,,Mon,Tue,Wed,Thu,Fri
22:51:15,4,Cottage Grove,,Mon,Tue,Wed,Thu,Fri
21:57:53,J14,Jeffery Jump,,Mon,Tue,Wed,Thu,Fri
16:25:26,3,King Drive,,Sat
10:10:33,4,Cottage Grove,,Sat
07:26:16,J14,Jeffery Jump,,Mon,Tue,Wed,Thu,Fri
10:42:16,J14,Jeffery Jump,,Sun
10:40:21,3,King Drive,,Sat
07:13:19,4,Cottage Grove,,Sat
18:38:38,26,South Shore Express,,Mon,Tue,Wed,Thu,Fri
16:43:05,J14,Jeffery Jump,,Mon,Tue,Wed,Thu,Fri
12:14:55,4,Cottage Grove,,Mon,Tue,Wed,Thu,Fri
15:59:55,147,Outer DuSable Lake Shore Express,,Mon,Tue,Wed,Thu,Fri
13:13:39,3,King Drive,,Mon,Tue,Wed,Thu,Fri
16:52:45,3,King Drive,,Sun
19:00:21,3,King Drive,,Sun
12:24:29,J14,Jeffery Jump,,Sat
17:55:12,J14,Jeffery Jump,,Mon,Tue,Wed,Thu,Fri
06:52:19,4,Cottage Grove,,Sun
12:58:25,147,Outer DuSable Lake Shore Express,,Sat
18:20:55,147,Outer DuSable Lake Shore Express,,Sat
18:30:25,147,Outer DuSable Lake Shore Express,,Mon,Tue,Wed,Thu,Fri
18:03:29,J14,Jeffery Jump,,Sat
09:15:29,143,Stockton/Michigan Express,,Mon,Tue,Wed,Thu,Fri
13:56:39,3,King Drive,,Mon,Tue,Wed,Thu,Fri
21:33:03,4,Cottage Grove,,Sun
03:42:54,4,Cottage Grove,,Sat
19:06:53,J14,Jeffery Jump,,Sun
17:55:09,3,King Drive,,Sat
09:20:22,4,Cottage Grove,,Mon,Tue,Wed,Thu,Fri
22:34:51,3,King Drive,,Sat
23:02:06,147,Outer DuSable Lake Shore Express,,Sat
11:42:16,J14,Jeffery Jump,,Sun
15:00:52,4,Cottage Grove,,Sun
20:58:56,147,Outer DuSable Lake Shore Express,,Sat
07:56:16,J14,Jeffery Jump,,Mon,Tue,Wed,Thu,Fri
07:59:03,3,King Drive,,Sat
10:09:22,4,Cottage Grove,,Mon,Tue,Wed,Thu,Fri
12:39:25,147,Outer DuSable Lake Shore Express,,Sat
08:50:10,J14,Jeffery Jump,,Sat
07:42:40,3,King Drive,,Sun
14:57:55,X4,Cottage Grove Express,,Mon,Tue,Wed,Thu,Fri
20:50:15,147,Outer DuSable Lake Shore Express,,Sat
17:30:52,4,Cottage Grove,,Sun
14:58:46,J14,Jeffery Jump,,Sun
11:39:03,3,King Drive,,Sat
06:02:33,J14,Jeffery Jump,,Mon,Tue,Wed,Thu,Fri
11:54:21,3,King Drive,,Sun
24:03:10,3,King Drive,,Sun
06:30:33,J14,Jeffery Jump,,Mon,Tue,Wed,Thu,Fri
12:05:09,147,Outer DuSable Lake Shore Express,,Sat
16:56:05,4,Cottage Grove,,Mon,Tue,Wed,Thu,Fri
08:54:03,X4,Cottage Grove Express,,Mon,Tue,Wed,Thu,Fri
13:20:55,147,Outer DuSable Lake Shore Express,,Mon,Tue,Wed,Thu,Fri
11:28:03,3,King Drive,,Sat
12:27:59,4,Cottage Grove,,Sat
13:59:35,147,Outer DuSable Lake Shore Express,,Sun
21:10:52,4,Cottage Grove,,Sun
13:25:26,147,Outer DuSable Lake Shore Express,,Sun
08:39:07,4,Cottage Grove,,Sat
08:46:10,147,Outer DuSable Lake Shore Express,,Sun
11:40:59,J14,Jeffery Jump,,Mon,Tue,Wed,Thu,Fri
09:22:21,3,King Drive,,Sat
15:21:45,3,King Drive,,Sun
12:31:39,147,Outer DuSable Lake Shore Express,,Sat
09:21:22,X4,Cottage Grove Express,,Mon,Tue,Wed,Thu,Fri
18:26:03,3,King Drive,,Mon,Tue,Wed,Thu,Fri
17:45:44,3,King Drive,,Mon,Tue,Wed,Thu,Fri
10:32:40,J14,Jeffery Jump,,Sun
09:44:29,J14,Jeffery Jump,,Mon,Tue,Wed,Thu,Fri
13:19:16,J14,Jeffery Jump,,Sun
08:58:15,3,King Drive,,Mon,Tue,Wed,Thu,Fri
00:32:54,4,Cottage Grove,,Sun
07:46:16,J14,Jeffery Jump,,Mon,Tue,Wed,Thu,Fri
16:49:05,J14,Jeffery Jump,,Mon,Tue,Wed,Thu,Fri
14:44:35,147,Outer DuSable Lake Shore Express,,Mon,Tue,Wed,Thu,Fri
22:51:15,4,Cottage Grove,,Sat
11:47:26,147,Outer DuSable Lake Shore Express,,Sun
13:05:55,4,Cottage Grove,,Mon,Tue,Wed,Thu,Fri
14:26:59,4,Cottage Grove,,Sat
11:57:40,4,Cottage Grove,,Sat
22:36:45,4,Cottage Grove,,Sat
19:52:23,J14,Jeffery Jump,,Sat
14:04:26,3,King Drive,,Sat
10:53:15,4,Cottage Grove,,Sun
23:55:49,4,Cottage Grove,,Mon,Tue,Wed,Thu,Fri
09:49:22,4,Cottage Grove,,Mon,Tue,Wed,Thu,Fri
11:10:33,4,Cottage Grove,,Sat
10:34:21,3,King Drive,,Sun
21:07:09,3,King Drive,,Mon,Tue,Wed,Thu,Fri
09:28:16,J14,Jeffery Jump,,Sat
11:52:16,J14,Jeffery Jump,,Sun
15:39:59,4,Cottage Grove,,Sat
06:11:03,J14,Jeffery Jump,,Mon,Tue,Wed,Thu,Fri
11:33:15,4,Cottage Grove,,Sun
16:14:09,X4,Cottage Grove Express,,Mon,Tue,Wed,Thu,Fri
23:23:40,J14,Jeffery Jump,,Mon,Tue,Wed,Thu,Fri
08:22:19,4,Cottage Grove,,Sun
11:36:45,3,King Drive,,Mon,Tue,Wed,Thu,Fri
22:49:51,3,King Drive,,Sat
21:25:40,J14,Jeffery Jump,,Sun
10:23:56,147,Outer DuSable Lake Shore Express,,Sun
10:59:22,4,Cottage Grove,,Mon,Tue,Wed,Thu,Fri
20:22:39,26,South Shore Express,,Mon,Tue,Wed,Thu,Fri
17:55:25,147,Outer DuSable Lake Shore Express,,Sat
17:01:03,3,King Drive,,Sat
06:36:06,147,Outer DuSable Lake Shore Express,,Mon,Tue,Wed,Thu,Fri
12:51:39,3,King Drive,,Mon,Tue,Wed,Thu,Fri
09:21:22,X4,Cottage Grove Express,,Mon,Tue,Wed,Thu,Fri
14:10:35,147,Outer DuSable Lake Shore Express,,Sun
17:53:29,J14,Jeffery Jump,,Sat
21:05:53,J14,Jeffery Jump,,Mon,Tue,Wed,Thu,Fri
10:26:09,147,Outer DuSable Lake Shore Express,,Mon,Tue,Wed,Thu,Fri
12:19:21,3,King Drive,,Sun
17:47:21,26,South Shore Express,,Mon,Tue,Wed,Thu,Fri
13:33:55,147,Outer DuSable Lake Shore Express,,Mon,Tue,Wed,Thu,Fri
09:55:03,147,Outer DuSable Lake Shore Express,,Sat
16:12:25,147,Outer DuSable Lake Shore Express,,Mon,Tue,Wed,Thu,Fri
19:22:23,J14,Jeffery Jump,,Sat
18:26:38,26,South Shore Express,,Mon,Tue,Wed,Thu,Fri
08:41:59,143,Stockton/Michigan Express,,Mon,Tue,Wed,Thu,Fri
16:12:25,147,Outer DuSable Lake Shore Express,,Mon,Tue,Wed,Thu,Fri
12:20:59,J14,Jeffery Jump,,Mon,Tue,Wed,Thu,Fri
00:20:40,3,King Drive,,Tue,Wed,Thu,Fri,Sat
17:07:23,J14,Jeffery Jump,,Sun
15:16:35,147,Outer DuSable Lake Shore Express,,Sun
06:44:07,147,Outer DuSable Lake Shore Express,,Sun
17:51:44,3,King Drive,,Mon,Tue,Wed,Thu,Fri
16:53:29,J14,Jeffery Jump,,Sat
19:10:29,4,Cottage Grove,,Mon,Tue,Wed,Thu,Fri
10:17:23,J14,Jeffery Jump,,Sat
07:59:11,143,Stockton/Michigan Express,,Mon,Tue,Wed,Thu,Fri
10:08:45,3,King Drive,,Mon,Tue,Wed,Thu,Fri
22:14:10,J14,Jeffery Jump,,Sun
12:58:25,147,Outer DuSable Lake Shore Express,,Mon,Tue,Wed,Thu,Fri
07:44:46,147,Outer DuSable Lake Shore Express,,Sat
21:35:53,J14,Jeffery Jump,,Mon,Tue,Wed,Thu,Fri
19:47:35,J14,Jeffery Jump,,Mon,Tue,Wed,Thu,Fri
18:26:53,J14,Jeffery Jump,,Sun
18:49:21,3,King Drive,,Sun
10:41:45,3,King Drive,,Mon,Tue,Wed,Thu,Fri
19:42:23,J14,Jeffery Jump,,Sat
17:29:14,3,King Drive,,Mon,Tue,Wed,Thu,Fri
05:56:30,4,Cottage Grove,,Sat
14:42:59,4,Cottage Grove,,Sat
01:42:54,4,Cottage Grove,,Tue,Wed,Thu,Fri,Sat
08:06:35,143,Stockton/Michigan Express,,Mon,Tue,Wed,Thu,Fri
15:30:22,4,Cottage Grove,,Sun
14:19:59,4,Cottage Grove,,Sat
08:48:15,3,King Drive,,Mon,Tue,Wed,Thu,Fri
13:53:53,J14,Jeffery Jump,,Sat
09:13:40,J14,Jeffery Jump,,Sun
15:21:35,147,Outer DuSable Lake Shore Express,,Mon,Tue,Wed,Thu,Fri
20:12:52,4,Cottage Grove,,Sun
14:41:23,26,South Shore Express,,Mon,Tue,Wed,Thu,Fri
14:23:13,4,Cottage Grove,,Mon,Tue,Wed,Thu,Fri
14:50:45,147,Outer DuSable Lake Shore Express,,Sat
21:31:03,4,Cottage Grove,,Sat
09:28:15,3,King Drive,,Mon,Tue,Wed,Thu,Fri
12:58:25,147,Outer DuSable Lake Shore Express,,Mon,Tue,Wed,Thu,Fri
09:15:56,4,Cottage Grove,,Sat
13:50:22,4,Cottage Grove,,Sun
14:43:53,J14,Jeffery Jump,,Sat
08:49:16,143,Stockton/Michigan Express,,Mon,Tue,Wed,Thu,Fri
08:53:45,147,Outer DuSable Lake Shore Express,,Sat
19:46:53,J14,Jeffery Jump,,Sun
08:16:56,147,Outer DuSable Lake Shore Express,,Sat
19:57:05,J14,Jeffery Jump,,Mon,Tue,Wed,Thu,Fri
11:23:55,147,Outer DuSable Lake Shore Express,,Sat
19:50:29,4,Cottage Grove,,Mon,Tue,Wed,Thu,Fri
20:28:06,147,Outer DuSable Lake Shore Express,,Sun
10:14:21,3,King Drive,,Sat
14:58:59,4,Cottage Grove,,Sat
17:27:54,X4,Cottage Grove Express,,Mon,Tue,Wed,Thu,Fri
07:07:19,4,Cottage Grove,,Sun
16:37:59,J14,Jeffery Jump,,Sun
16:34:04,147,Outer DuSable Lake Shore Express,,Sat
16:27:59,J14,Jeffery Jump,,Sun
22:54:16,J14,Jeffery Jump,,Mon,Tue,Wed,Thu,Fri
08:35:29,J14,Jeffery Jump,,Mon,Tue,Wed,Thu,Fri
09:00:10,J14,Jeffery Jump,,Sat
17:17:23,J14,Jeffery Jump,,Sun
13:23:53,J14,Jeffery Jump,,Sat
12:45:55,4,Cottage Grove,,Mon,Tue,Wed,Thu,Fri
19:53:35,147,Outer DuSable Lake Shore Express,,Sat
04:12:54,4,Cottage Grove,,Sat
18:12:25,147,Outer DuSable Lake Shore Express,,Sat
18:03:02,X4,Cottage Grove Express,,Mon,Tue,Wed,Thu,Fri
20:04:15,3,King Drive,,Sat
11:57:26,147,Outer DuSable Lake Shore Express,,Sun
08:57:16,147,Outer DuSable Lake Shore Express,,Sun
09:44:29,J14,Jeffery Jump,,Mon,Tue,Wed,Thu,Fri
11:48:09,147,Outer DuSable Lake Shore Express,,Sat
23:38:33,3,King Drive,,Sat
21:20:22,4,Cottage Grove,,Sun
19:49:39,26,South Shore Express,,Mon,Tue,Wed,Thu,Fri
22:07:51,3,King Drive,,Sat
11:59:03,3,King Drive,,Sat
19:49:40,4,Cottage Grove,,Sat
13:30:59,J14,Jeffery Jump,,Mon,Tue,Wed,Thu,Fri
10:01:06,147,Outer DuSable Lake Shore Express,,Sun
18:32:25,4,Cottage Grove,,Mon,Tue,Wed,Thu,Fri
04:42:54,4,Cottage Grove,,Sun
18:27:25,X4,Cottage Grove Express,,Mon,Tue,Wed,Thu,Fri
09:38:46,147,Outer DuSable Lake Shore Express,,Sun
19:06:53,J14,Jeffery Jump,,Sun
14:50:45,147,Outer DuSable Lake Shore Express,,Sat
18:02:42,J14,Jeffery Jump,,Mon,Tue,Wed,Thu,Fri
05:31:23,4,Cottage Grove,,Mon,Tue,Wed,Thu,Fri
14:58:45,3,King Drive,,Sun
13:36:26,147,Outer DuSable Lake Shore Express,,Sun
21:54:51,3,King Drive,,Mon,Tue,Wed,Thu,Fri
09:42:40,J14,Jeffery Jump,,Sun
21:24:33,4,Cottage Grove,,Mon,Tue,Wed,Thu,Fri
05:36:30,4,Cottage Grove,,Sat
17:07:23,J14,Jeffery Jump,,Sun
07:51:11,143,Stockton/Michigan Express,,Mon,Tue,Wed,Thu,Fri
12:26:59,4,Cottage Grove,,Sat
09:20:26,147,Outer DuSable Lake Shore Express,,Sat
18:46:45,147,Outer DuSable Lake Shore Express,,Mon,Tue,Wed,Thu,Fri
16:24:25,147,Outer DuSable Lake Shore Express,,Mon,Tue,Wed,Thu,Fri
10:52:45,4,Cottage Grove,,Sun
09:09:16,J14,Jeffery Jump,,Sat
13:02:45,4,Cottage Grove,,Sun
12:31:51,3,King Drive,,Sun
13:30:59,4,Cottage Grove,,Sat
18:48:10,4,Cottage Grove,,Sat
11:17:03,3,King Drive,,Sat
19:45:05,147,Outer DuSable Lake Shore Express,,Sat
00:37:40,3,King Drive,,Tue,Wed,Thu,Fri,Sat
09:07:59,143,Stockton/Michigan Express,,Mon,Tue,Wed,Thu,Fri
08:08:07,4,Cottage Grove,,Sat
20:18:22,4,Cottage Grove,,Sat
22:42:16,J14,Jeffery Jump,,Sat
08:50:10,J14,Jeffery Jump,,Sat
09:03:40,J14,Jeffery Jump,,Sun
16:08:09,4,Cottage Grove,,Mon,Tue,Wed,Thu,Fri
16:27:09,4,Cottage Grove,,Mon,Tue,Wed,Thu,Fri
16:57:45,147,Outer DuSable Lake Shore Express,,Sun
08:09:07,4,Cottage Grove,,Sat
21:11:23,J14,Jeffery Jump,,Sat
09:14:07,4,Cottage Grove,,Sun
16:07:45,3,King Drive,,Sun
16:56:14,3,King Drive,,Mon,Tue,Wed,Thu,Fri
16:07:45,3,King Drive,,Sun
19:56:15,147,Outer DuSable Lake Shore Express,,Mon,Tue,Wed,Thu,Fri
15:33:05,J14,Jeffery Jump,,Mon,Tue,Wed,Thu,Fri
07:22:10,147,Outer DuSable Lake Shore Express,,Sun
14:49:59,J14,Jeffery Jump,,Mon,Tue,Wed,Thu,Fri
22:20:51,3,King Drive,,Sat
07:01:33,3,King Drive,,Mon,Tue,Wed,Thu,Fri
16:27:59,J14,Jeffery Jump,,Sun
16:12:05,J14,Jeffery Jump,,Mon,Tue,Wed,Thu,Fri
17:56:45,3,King Drive,,Sun
08:27:56,X4,Cottage Grove Express,,Mon,Tue,Wed,Thu,Fri
23:02:46,147,Outer DuSable Lake Shore Express,,Mon,Tue,Wed,Thu,Fri
18:38:21,3,King Drive,,Sun
15:49:32,4,Cottage Grove,,Mon,Tue,Wed,Thu,Fri
19:20:59,J14,Jeffery Jump,,Mon,Tue,Wed,Thu,Fri
19:49:39,26,South Shore Express,,Mon,Tue,Wed,Thu,Fri
12:22:16,J14,Jeffery Jump,,Sun
07:19:15,147,Outer DuSable Lake Shore Express,,Mon,Tue,Wed,Thu,Fri
06:44:40,3,King Drive,,Sat
04:12:54,4,Cottage Grove,,Mon,Tue,Wed,Thu,Fri
08:23:40,J14,Jeffery Jump,,Sun
09:35:21,3,King Drive,,Sat
09:23:40,J14,Jeffery Jump,,Sun
23:06:45,4,Cottage Grove,,Mon,Tue,Wed,Thu,Fri
11:06:09,147,Outer DuSable Lake Shore Express,,Mon,Tue,Wed,Thu,Fri
06:15:46,147,Outer DuSable Lake Shore Express,,Sat
15:33:53,J14,Jeffery Jump,,Sat
19:44:15,3,King Drive,,Sat
00:52:54,4,Cottage Grove,,Sun
00:12:54,4,Cottage Grove,,Sun
05:01:23,4,Cottage Grove,,Mon,Tue,Wed,Thu,Fri
07:00:30,4,Cottage Grove,,Sat
09:08:21,3,King Drive,,Sat
09:18:15,3,King Drive,,Mon,Tue,Wed,Thu,Fri
12:59:46,J14,Jeffery Jump,,Sun
17:36:45,3,King Drive,,Sun
13:53:53,J14,Jeffery Jump,,Sat
10:02:40,J14,Jeffery Jump,,Sun
13:46:59,4,Cottage Grove,,Sat
11:35:26,147,Outer DuSable Lake Shore Express,,Sun
15:03:53,J14,Jeffery Jump,,Sat
07:07:26,147,Outer DuSable Lake Shore Express,,Sat
13:10:26,3,King Drive,,Sat
06:36:49,4,Cottage Grove,,Sun
13:14:55,4,Cottage Grove,,Mon,Tue,Wed,Thu,Fri
09:15:29,J14,Jeffery Jump,,Mon,Tue,Wed,Thu,Fri
12:59:59,4,Cottage Grove,,Sat
09:28:16,J14,Jeffery Jump,,Sat
19:19:38,26,South Shore Express,,Mon,Tue,Wed,Thu,Fri
14:20:22,4,Cottage Grove,,Sun
12:23:15,4,Cottage Grove,,Sun
19:01:59,J14,Jeffery Jump,,Mon,Tue,Wed,Thu,Fri
08:45:56,147,Outer DuSable Lake Shore Express,,Sat
20:36:35,J14,Jeffery Jump,,Mon,Tue,Wed,Thu,Fri
15:48:13,X4,Cottage Grove Express,,Mon,Tue,Wed,Thu,Fri
18:52:53,J14,Jeffery Jump,,Sat
21:48:15,4,Cottage Grove,,Sun
17:50:52,4,Cottage Grove,,Sun
09:10:45,147,Outer DuSable Lake Shore Express,,Sat
08:50:07,4,Cottage Grove,,Sun
06:36:06,147,Outer DuSable Lake Shore Express,,Mon,Tue,Wed,Thu,Fri
16:03:29,J14,Jeffery Jump,,Sat
05:21:23,4,Cottage Grove,,Mon,Tue,Wed,Thu,Fri
20:27:52,4,Cottage Grove,,Sat
22:22:46,147,Outer DuSable Lake Shore Express,,Mon,Tue,Wed,Thu,Fri
16:13:29,J14,Jeffery Jump,,Sat
08:57:16,147,Outer DuSable Lake Shore Express,,Sun
05:42:54,4,Cottage Grove,,Sun
12:50:16,J14,Jeffery Jump,,Sun
07:27:10,J14,Jeffery Jump,,Sat
17:20:45,147,Outer DuSable Lake Shore Express,,Sun
15:26:04,147,Outer DuSable Lake Shore Express,,Sat
23:22:37,4,Cottage Grove,,Mon,Tue,Wed,Thu,Fri
23:55:03,3,King Drive,,Sat
16:31:05,J14,Jeffery Jump,,Mon,Tue,Wed,Thu,Fri
16:38:39,X4,Cottage Grove Express,,Mon,Tue,Wed,Thu,Fri
10:26:09,147,Outer DuSable Lake Shore Express,,Mon,Tue,Wed,Thu,Fri
21:45:53,J14,Jeffery Jump,,Mon,Tue,Wed,Thu,Fri
17:51:28,X4,Cottage Grove Express,,Mon,Tue,Wed,Thu,Fri
19:12:23,J14,Jeffery Jump,,Sat
13:43:53,J14,Jeffery Jump,,Sat
09:57:23,J14,Jeffery Jump,,Sat
22:51:45,4,Cottage Grove,,Mon,Tue,Wed,Thu,Fri
20:50:52,4,Cottage Grove,,Sun
08:45:56,147,Outer DuSable Lake Shore Express,,Sat
17:29:14,3,King Drive,,Mon,Tue,Wed,Thu,Fri
11:31:09,147,Outer DuSable Lake Shore Express,,Sat
14:43:59,4,Cottage Grove,,Sat
09:08:15,3,King Drive,,Mon,Tue,Wed,Thu,Fri
02:12:54,4,Cottage Grove,,Mon
17:12:44,3,King Drive,,Mon,Tue,Wed,Thu,Fri
13:15:55,4,Cottage Grove,,Mon,Tue,Wed,Thu,Fri
15:17:04,147,Outer DuSable Lake Shore Express,,Sat
17:23:40,4,Cottage Grove,,Sat
19:30:29,4,Cottage Grove,,Mon,Tue,Wed,Thu,Fri
06:36:49,4,Cottage Grove,,Sun
11:17:25,147,Outer DuSable Lake Shore Express,,Mon,Tue,Wed,Thu,Fri
05:42:54,4,Cottage Grove,,Sun
20:46:06,147,Outer DuSable Lake Shore Express,,Sun
16:23:15,147,Outer DuSable Lake Shore Express,,Sun
16:12:56,3,King Drive,,Mon,Tue,Wed,Thu,Fri
18:30:22,4,Cottage Grove,,Sun
19:23:10,4,Cottage Grove,,Sat
10:49:21,3,King Drive,,Sun
08:59:39,147,Outer DuSable Lake Shore Express,,Mon,Tue,Wed,Thu,Fri
21:59:10,J14,Jeffery Jump,,Sun
21:35:40,J14,Jeffery Jump,,Sun
20:04:15,3,King Drive,,Sat
11:39:10,4,Cottage Grove,,Mon,Tue,Wed,Thu,Fri
16:37:05,J14,Jeffery Jump,,Mon,Tue,Wed,Thu,Fri
10:12:40,J14,Jeffery Jump,,Sun
11:21:59,J14,Jeffery Jump,,Mon,Tue,Wed,Thu,Fri
21:26:06,147,Outer DuSable Lake Shore Express,,Mon,Tue,Wed,Thu,Fri
19:59:40,4,Cottage Grove,,Sat
21:31:23,J14,Jeffery Jump,,Sat
18:13:45,147,Outer DuSable Lake Shore Express,,Mon,Tue,Wed,Thu,Fri
14:30:59,J14,Jeffery Jump,,Mon,Tue,Wed,Thu,Fri
20:02:23,J14,Jeffery Jump,,Sat
17:18:18,J14,Jeffery Jump,,Mon,Tue,Wed,Thu,Fri
20:40:15,147,Outer DuSable Lake Shore Express,,Sat
15:44:45,3,King Drive,,Sun
18:23:40,4,Cottage Grove,,Sat
18:03:21,4,Cottage Grove,,Mon,Tue,Wed,Thu,Fri
17:43:18,J14,Jeffery Jump,,Mon,Tue,Wed,Thu,Fri
11:10:22,4,Cottage Grove,,Mon,Tue,Wed,Thu,Fri
08:06:35,143,Stockton/Michigan Express,,Mon,Tue,Wed,Thu,Fri
16:34:26,3,King Drive,,Sat
12:40:39,3,King Drive,,Mon,Tue,Wed,Thu,Fri
13:30:52,4,Cottage Grove,,Sun
22:03:16,147,Outer DuSable Lake Shore Express,,Mon,Tue,Wed,Thu,Fri
08:40:09,147,Outer DuSable Lake Shore Express,,Mon,Tue,Wed,Thu,Fri
10:11:26,147,Outer DuSable Lake Shore Express,,Sun
10:52:59,J14,Jeffery Jump,,Mon,Tue,Wed,Thu,Fri
14:24:23,26,South Shore Express,,Mon,Tue,Wed,Thu,Fri
09:53:59,J14,Jeffery Jump,,Mon,Tue,Wed,Thu,Fri
13:40:52,4,Cottage Grove,,Sun
08:22:39,147,Outer DuSable Lake Shore Express,,Mon,Tue,Wed,Thu,Fri
19:13:36,147,Outer DuSable Lake Shore Express,,Sun
17:51:28,X4,Cottage Grove Express,,Mon,Tue,Wed,Thu,Fri
18:46:25,147,Outer DuSable Lake Shore Express,,Sat
10:04:07,4,Cottage Grove,,Sun
10:43:56,4,Cottage Grove,,Sun
11:12:16,J14,Jeffery Jump,,Sun
18:06:07,26,South Shore Express,,Mon,Tue,Wed,Thu,Fri
22:42:06,147,Outer DuSable Lake Shore Express,,Sat
19:39:06,147,Outer DuSable Lake Shore Express,,Sun
14:32:55,147,Outer DuSable Lake Shore Express,,Sat
19:05:38,26,South Shore Express,,Mon,Tue,Wed,Thu,Fri
19:11:25,147,Outer DuSable Lake Shore Express,,Sat
15:39:43,4,Cottage Grove,,Mon,Tue,Wed,Thu,Fri
22:39:46,J14,Jeffery Jump,,Mon,Tue,Wed,Thu,Fri
22:05:51,3,King Drive,,Mon,Tue,Wed,Thu,Fri
22:40:51,3,King Drive,,Mon,Tue,Wed,Thu,Fri
13:28:26,3,King Drive,,Sat
15:49:05,J14,Jeffery Jump,,Mon,Tue,Wed,Thu,Fri
13:37:26,3,King Drive,,Sat
20:08:09,3,King Drive,,Mon,Tue,Wed,Thu,Fri
15:07:26,3,King Drive,,Sat
06:04:40,3,King Drive,,Sat
10:32:56,147,Outer DuSable Lake Shore Express,,Sun
19:54:52,4,Cottage Grove,,Sun
06:12:16,147,Outer DuSable Lake Shore Express,,Mon,Tue,Wed,Thu,Fri
20:14:45,147,Outer DuSable Lake Shore Express,,Mon,Tue,Wed,Thu,Fri
16:01:21,X4,Cottage Grove Express,,Mon,Tue,Wed,Thu,Fri
11:19:22,4,Cottage Grove,,Mon,Tue,Wed,Thu,Fri
21:47:56,147,Outer DuSable Lake Shore Express,,Sat
16:08:09,4,Cottage Grove,,Mon,Tue,Wed,Thu,Fri
20:36:51,3,King Drive,,Sat
19:36:53,J14,Jeffery Jump,,Sun
20:12:23,J14,Jeffery Jump,,Sat
09:47:23,J14,Jeffery Jump,,Sat
19:39:06,147,Outer DuSable Lake Shore Express,,Sun
07:07:19,4,Cottage Grove,,Sun
19:38:59,J14,Jeffery Jump,,Mon,Tue,Wed,Thu,Fri
12:56:51,3,King Drive,,Sun
14:57:38,26,South Shore Express,,Mon,Tue,Wed,Thu,Fri
04:12:54,4,Cottage Grove,,Sun
05:44:40,3,King Drive,,Sat
16:03:59,4,Cottage Grove,,Sat
14:22:26,3,King Drive,,Sat
08:25:03,3,King Drive,,Sun
15:49:26,3,King Drive,,Sat
10:19:33,4,Cottage Grove,,Sat
20:37:09,3,King Drive,,Mon,Tue,Wed,Thu,Fri
17:20:22,4,Cottage Grove,,Sun
12:48:55,147,Outer DuSable Lake Shore Express,,Sat
23:06:51,3,King Drive,,Sat
14:11:59,4,Cottage Grove,,Sat
07:59:11,143,Stockton/Michigan Express,,Mon,Tue,Wed,Thu,Fri
11:23:15,4,Cottage Grove,,Sun
11:47:45,3,King Drive,,Mon,Tue,Wed,Thu,Fri
22:13:45,4,Cottage Grove,,Sat
14:47:15,3,King Drive,,Sun
13:10:26,3,King Drive,,Sat
19:54:06,147,Outer DuSable Lake Shore Express,,Sun
08:35:29,J14,Jeffery Jump,,Mon,Tue,Wed,Thu,Fri
13:39:16,J14,Jeffery Jump,,Sun
09:18:16,J14,Jeffery Jump,,Sat
16:58:51,26,South Shore Express,,Mon,Tue,Wed,Thu,Fri
17:46:55,147,Outer DuSable Lake Shore Express,,Sat
05:00:53,4,Cottage Grove,,Mon,Tue,Wed,Thu,Fri
09:18:15,3,King Drive,,Mon,Tue,Wed,Thu,Fri
18:35:59,J14,Jeffery Jump,,Mon,Tue,Wed,Thu,Fri
16:50:51,26,South Shore Express,,Mon,Tue,Wed,Thu,Fri
12:26:25,147,Outer DuSable Lake Shore Express,,Mon,Tue,Wed,Thu,Fri
16:31:20,3,King Drive,,Mon,Tue,Wed,Thu,Fri
16:30:22,4,Cottage Grove,,Sun
19:45:05,147,Outer DuSable Lake Shore Express,,Sat
22:07:15,4,Cottage Grove,,Mon,Tue,Wed,Thu,Fri
19:34:15,3,King Drive,,Sat
17:14:45,3,King Drive,,Sun
15:58:26,3,King Drive,,Sat
18:01:10,4,Cottage Grove,,Sat
08:50:07,4,Cottage Grove,,Sun
18:20:52,4,Cottage Grove,,Sun
06:21:10,3,King Drive,,Mon,Tue,Wed,Thu,Fri
13:15:59,4,Cottage Grove,,Sat
14:03:59,4,Cottage Grove,,Sat
21:41:23,J14,Jeffery Jump,,Sat
10:20:33,4,Cottage Grove,,Sat
07:51:21,147,Outer DuSable Lake Shore Express,,Mon,Tue,Wed,Thu,Fri
11:57:55,147,Outer DuSable Lake Shore Express,,Sat
07:51:11,143,Stockton/Michigan Express,,Mon,Tue,Wed,Thu,Fri
15:40:26,3,King Drive,,Sat
12:42:45,4,Cottage Grove,,Sun
21:05:53,J14,Jeffery Jump,,Mon,Tue,Wed,Thu,Fri
22:26:06,147,Outer DuSable Lake Shore Express,,Sun
15:48:52,26,South Shore Express,,Mon,Tue,Wed,Thu,Fri
01:12:54,4,Cottage Grove,,Mon
06:30:33,J14,Jeffery Jump,,Mon,Tue,Wed,Thu,Fri
16:02:59,4,Cottage Grove,,Sat
22:28:51,3,King Drive,,Mon,Tue,Wed,Thu,Fri
08:12:19,4,Cottage Grove,,Sun
03:12:54,4,Cottage Grove,,Sat
06:52:37,4,Cottage Grove,,Mon,Tue,Wed,Thu,Fri
12:40:56,3,King Drive,,Sat
09:23:45,4,Cottage Grove,,Sat
11:02:16,J14,Jeffery Jump,,Sun
11:41:51,3,King Drive,,Sun
14:13:26,3,King Drive,,Sat
13:19:26,3,King Drive,,Sat
07:23:37,4,Cottage Grove,,Sat
18:31:25,4,Cottage Grove,,Mon,Tue,Wed,Thu,Fri
18:46:53,J14,Jeffery Jump,,Sun
07:11:33,3,King Drive,,Mon,Tue,Wed,Thu,Fri
10:22:40,J14,Jeffery Jump,,Sun
07:16:16,J14,Jeffery Jump,,Mon,Tue,Wed,Thu,Fri
10:10:25,147,Outer DuSable Lake Shore Express,,Mon,Tue,Wed,Thu,Fri
17:21:40,4,Cottage Grove,,Sat
23:55:49,4,Cottage Grove,,Sat
08:43:40,J14,Jeffery Jump,,Sun
15:33:53,J14,Jeffery Jump,,Sat
12:51:26,3,King Drive,,Sat
14:13:26,3,King Drive,,Sat
20:40:52,4,Cottage Grove,,Sun
08:33:40,J14,Jeffery Jump,,Sun
20:06:09,26,South Shore Express,,Mon,Tue,Wed,Thu,Fri
16:19:59,4,Cottage Grove,,Sat
24:03:10,3,King Drive,,Sun
10:10:25,147,Outer DuSable Lake Shore Express,,Mon,Tue,Wed,Thu,Fri
17:43:29,J14,Jeffery Jump,,Sat
11:31:09,147,Outer DuSable Lake Shore Express,,Sat
18:17:45,3,King Drive,,Sun
21:53:23,J14,Jeffery Jump,,Sat
09:31:03,4,Cottage Grove,,Sat
07:28:17,143,Stockton/Michigan Express,,Mon,Tue,Wed,Thu,Fri
14:58:05,J14,Jeffery Jump,,Mon,Tue,Wed,Thu,Fri
19:34:15,3,King Drive,,Sat
10:57:09,147,Outer DuSable Lake Shore Express,,Sat
10:14:21,3,King Drive,,Sat
09:49:33,4,Cottage Grove,,Sat
05:58:46,147,Outer DuSable Lake Shore Express,,Mon,Tue,Wed,Thu,Fri
13:56:39,3,King Drive,,Mon,Tue,Wed,Thu,Fri
21:31:33,4,Cottage Grove,,Sat
16:50:59,4,Cottage Grove,,Sat
17:45:44,3,King Drive,,Mon,Tue,Wed,Thu,Fri
20:46:06,147,Outer DuSable Lake Shore Express,,Sun
12:44:23,J14,Jeffery Jump,,Sat
08:08:15,3,King Drive,,Mon,Tue,Wed,Thu,Fri
05:58:46,147,Outer DuSable Lake Shore Express,,Mon,Tue,Wed,Thu,Fri
15:30:43,4,Cottage Grove,,Mon,Tue,Wed,Thu,Fri
22:25:53,J14,Jeffery Jump,,Mon,Tue,Wed,Thu,Fri
15:21:45,3,King Drive,,Sun
13:29:16,J14,Jeffery Jump,,Sun
18:33:16,J14,Jeffery Jump,,Sat
16:46:15,147,Outer DuSable Lake Shore Express,,Sun
10:49:22,4,Cottage Grove,,Mon,Tue,Wed,Thu,Fri
24:12:03,3,King Drive,,Sat
12:20:59,J14,Jeffery Jump,,Mon,Tue,Wed,Thu,Fri
18:12:25,147,Outer DuSable Lake Shore Express,,Sat
06:41:33,3,King Drive,,Mon,Tue,Wed,Thu,Fri
15:53:29,J14,Jeffery Jump,,Sat
14:00:59,J14,Jeffery Jump,,Mon,Tue,Wed,Thu,Fri
10:07:23,J14,Jeffery Jump,,Sat
22:03:15,4,Cottage Grove,,Sun
12:29:39,3,King Drive,,Mon,Tue,Wed,Thu,Fri
18:04:20,3,King Drive,,Mon,Tue,Wed,Thu,Fri
15:05:35,147,Outer DuSable Lake Shore Express,,Sun
06:12:16,147,Outer DuSable Lake Shore Express,,Mon,Tue,Wed,Thu,Fri
18:03:40,4,Cottage Grove,,Sat
10:49:33,4,Cottage Grove,,Sat
21:41:51,3,King Drive,,Sat
17:54:16,4,Cottage Grove,,Mon,Tue,Wed,Thu,Fri
19:36:53,J14,Jeffery Jump,,Sun
18:06:45,3,King Drive,,Sun
14:06:25,147,Outer DuSable Lake Shore Express,,Sat
22:34:10,J14,Jeffery Jump,,Sun
16:17:39,4,Cottage Grove,,Mon,Tue,Wed,Thu,Fri
19:05:38,26,South Shore Express,,Mon,Tue,Wed,Thu,Fri
15:44:56,3,King Drive,,Mon,Tue,Wed,Thu,Fri
15:47:59,J14,Jeffery Jump,,Sun
09:40:22,4,Cottage Grove,,Mon,Tue,Wed,Thu,Fri
17:27:23,J14,Jeffery Jump,,Sun
18:51:06,4,Cottage Grove,,Mon,Tue,Wed,Thu,Fri
13:24:39,3,King Drive,,Mon,Tue,Wed,Thu,Fri
09:26:10,147,Outer DuSable Lake Shore Express,,Sun
07:40:45,147,Outer DuSable Lake Shore Express,,Mon,Tue,Wed,Thu,Fri
14:02:59,4,Cottage Grove,,Sat
05:24:27,J14,Jeffery Jump,,Mon,Tue,Wed,Thu,Fri
09:08:15,3,King Drive,,Mon,Tue,Wed,Thu,Fri
17:23:29,J14,Jeffery Jump,,Sat
09:40:33,4,Cottage Grove,,Sat
20:26:35,J14,Jeffery Jump,,Mon,Tue,Wed,Thu,Fri
12:41:16,J14,Jeffery Jump,,Sun
12:05:55,4,Cottage Grove,,Mon,Tue,Wed,Thu,Fri
22:03:16,147,Outer DuSable Lake Shore Express,,Mon,Tue,Wed,Thu,Fri
16:00:52,4,Cottage Grove,,Sun
17:55:25,147,Outer DuSable Lake Shore Express,,Sat
16:07:26,3,King Drive,,Sat
15:33:15,3,King Drive,,Sun
21:37:45,147,Outer DuSable Lake Shore Express,,Sat
23:22:36,147,Outer DuSable Lake Shore Express,,Sun
16:33:29,J14,Jeffery Jump,,Sat
16:46:28,4,Cottage Grove,,Mon,Tue,Wed,Thu,Fri
13:10:59,J14,Jeffery Jump,,Mon,Tue,Wed,Thu,Fri
19:24:15,3,King Drive,,Sat
13:22:33,4,Cottage Grove,,Sun
13:49:25,147,Outer DuSable Lake Shore Express,,Sat
18:11:40,4,Cottage Grove,,Sat
20:40:52,4,Cottage Grove,,Sun
05:46:12,4,Cottage Grove,,Mon,Tue,Wed,Thu,Fri
10:57:25,147,Outer DuSable Lake Shore Express,,Mon,Tue,Wed,Thu,Fri
24:12:03,3,King Drive,,Sat
07:58:35,147,Outer DuSable Lake Shore Express,,Mon,Tue,Wed,Thu,Fri
10:30:45,3,King Drive,,Mon,Tue,Wed,Thu,Fri
11:57:18,4,Cottage Grove,,Mon,Tue,Wed,Thu,Fri
08:02:51,147,Outer DuSable Lake Shore Express,,Mon,Tue,Wed,Thu,Fri
19:09:52,4,Cottage Grove,,Sun
22:22:15,4,Cottage Grove,,Mon,Tue,Wed,Thu,Fri
04:12:54,4,Cottage Grove,,Sat
21:15:27,3,King Drive,,Sun
17:07:14,3,King Drive,,Mon,Tue,Wed,Thu,Fri
08:35:59,143,Stockton/Michigan Express,,Mon,Tue,Wed,Thu,Fri
19:24:15,3,King Drive,,Sat
17:32:15,147,Outer DuSable Lake Shore Express,,Sun
14:00:22,4,Cottage Grove,,Sun
14:06:23,26,South Shore Express,,Mon,Tue,Wed,Thu,Fri
21:09:22,4,Cottage Grove,,Mon,Tue,Wed,Thu,Fri
12:34:29,J14,Jeffery Jump,,Sat
13:28:26,3,King Drive,,Sat
18:22:25,4,Cottage Grove,,Mon,Tue,Wed,Thu,Fri
17:03:29,J14,Jeffery Jump,,Sat
21:28:51,3,King Drive,,Sat
23:06:15,4,Cottage Grove,,Mon,Tue,Wed,Thu,Fri
13:15:25,147,Outer DuSable Lake Shore Express,,Sat
09:17:16,147,Outer DuSable Lake Shore Express,,Sun
18:58:10,4,Cottage Grove,,Sat
16:24:56,3,King Drive,,Mon,Tue,Wed,Thu,Fri
23:22:06,147,Outer DuSable Lake Shore Express,,Sat
22:44:33,3,King Drive,,Sun
19:59:21,3,King Drive,,Sun
21:18:22,4,Cottage Grove,,Sat
20:28:52,4,Cottage Grove,,Sat
19:26:53,J14,Jeffery Jump,,Sun
06:55:56,147,Outer DuSable Lake Shore Express,,Mon,Tue,Wed,Thu,Fri
19:31:10,4,Cottage Grove,,Sat
22:42:46,147,Outer DuSable Lake Shore Express,,Mon,Tue,Wed,Thu,Fri
17:05:54,4,Cottage Grove,,Mon,Tue,Wed,Thu,Fri
22:54:27,3,King Drive,,Mon,Tue,Wed,Thu,Fri
10:57:23,J14,Jeffery Jump,,Sat
19:36:52,4,Cottage Grove,,Sun
09:22:21,3,King Drive,,Sat
16:20:52,4,Cottage Grove,,Sun
13:41:55,147,Outer DuSable Lake Shore Express,,Sat
16:47:23,J14,Jeffery Jump,,Sun
06:52:19,4,Cottage Grove,,Sun
08:28:15,3,King Drive,,Mon,Tue,Wed,Thu,Fri
13:58:55,147,Outer DuSable Lake Shore Express,,Sat
07:42:03,3,King Drive,,Sat
08:15:29,J14,Jeffery Jump,,Mon,Tue,Wed,Thu,Fri
20:03:52,4,Cottage Grove,,Sun
09:37:23,J14,Jeffery Jump,,Sat
16:31:20,3,King Drive,,Mon,Tue,Wed,Thu,Fri
09:23:40,J14,Jeffery Jump,,Sun
11:14:45,3,King Drive,,Mon,Tue,Wed,Thu,Fri
13:24:55,147,Outer DuSable Lake Shore Express,,Sat
14:03:53,J14,Jeffery Jump,,Sat
18:23:16,J14,Jeffery Jump,,Sat
17:23:44,3,King Drive,,Mon,Tue,Wed,Thu,Fri
13:14:23,J14,Jeffery Jump,,Sat
16:24:56,3,King Drive,,Mon,Tue,Wed,Thu,Fri
08:50:03,3,King Drive,,Sat
10:40:21,3,King Drive,,Sat
06:24:07,147,Outer DuSable Lake Shore Express,,Sun
18:54:55,147,Outer DuSable Lake Shore Express,,Sat
16:03:29,J14,Jeffery Jump,,Sat
13:14:26,147,Outer DuSable Lake Shore Express,,Sun
15:39:35,147,Outer DuSable Lake Shore Express,,Sun
13:48:23,26,South Shore Express,,Mon,Tue,Wed,Thu,Fri
08:34:39,147,Outer DuSable Lake Shore Express,,Mon,Tue,Wed,Thu,Fri
22:24:33,3,King Drive,,Sun
19:36:52,4,Cottage Grove,,Sun
23:55:49,4,Cottage Grove,,Mon,Tue,Wed,Thu,Fri
09:34:59,J14,Jeffery Jump,,Mon,Tue,Wed,Thu,Fri
14:06:09,3,King Drive,,Mon,Tue,Wed,Thu,Fri
04:12:54,4,Cottage Grove,,Sun
09:52:40,J14,Jeffery Jump,,Sun
10:47:23,J14,Jeffery Jump,,Sat
10:12:59,J14,Jeffery Jump,,Mon,Tue,Wed,Thu,Fri
23:06:51,3,King Drive,,Sat
13:55:26,3,King Drive,,Sat
19:13:10,4,Cottage Grove,,Sat
21:15:09,26,South Shore Express,,Mon,Tue,Wed,Thu,Fri
17:15:54,X4,Cottage Grove Express,,Mon,Tue,Wed,Thu,Fri
23:55:03,3,King Drive,,Sat
09:47:57,147,Outer DuSable Lake Shore Express,,Sun
14:23:53,J14,Jeffery Jump,,Sat
21:25:53,J14,Jeffery Jump,,Mon,Tue,Wed,Thu,Fri
19:54:06,147,Outer DuSable Lake Shore Express,,Sun
12:19:26,147,Outer DuSable Lake Shore Express,,Sun
08:02:19,4,Cottage Grove,,Sun
11:03:15,4,Cottage Grove,,Sun
11:46:25,147,Outer DuSable Lake Shore Express,,Mon,Tue,Wed,Thu,Fri
12:56:51,3,King Drive,,Sun
21:28:51,3,King Drive,,Sat
18:41:25,4,Cottage Grove,,Mon,Tue,Wed,Thu,Fri
18:52:08,26,South Shore Express,,Mon,Tue,Wed,Thu,Fri
06:17:42,4,Cottage Grove,,Mon,Tue,Wed,Thu,Fri
21:59:56,147,Outer DuSable Lake Shore Express,,Sat
21:46:40,J14,Jeffery Jump,,Sun
04:42:54,4,Cottage Grove,,Sat
09:33:40,J14,Jeffery Jump,,Sun
11:29:03,4,Cottage Grove,,Sat
09:13:40,J14,Jeffery Jump,,Sun
16:44:50,3,King Drive,,Mon,Tue,Wed,Thu,Fri
10:37:23,J14,Jeffery Jump,,Sat
23:08:15,4,Cottage Grove,,Sun
20:50:52,4,Cottage Grove,,Sun
20:39:39,26,South Shore Express,,Mon,Tue,Wed,Thu,Fri
20:59:27,3,King Drive,,Sun
07:31:56,4,Cottage Grove,,Mon,Tue,Wed,Thu,Fri
17:23:44,3,King Drive,,Mon,Tue,Wed,Thu,Fri
18:21:55,4,Cottage Grove,,Mon,Tue,Wed,Thu,Fri
14:09:05,147,Outer DuSable Lake Shore Express,,Mon,Tue,Wed,Thu,Fri
21:41:51,3,King Drive,,Sat
17:13:29,J14,Jeffery Jump,,Sat
15:43:29,J14,Jeffery Jump,,Sat
14:00:45,3,King Drive,,Sun
13:02:39,3,King Drive,,Mon,Tue,Wed,Thu,Fri
18:56:53,J14,Jeffery Jump,,Sun
18:15:38,26,South Shore Express,,Mon,Tue,Wed,Thu,Fri
19:22:21,3,King Drive,,Sun
18:42:03,3,King Drive,,Mon,Tue,Wed,Thu,Fri
12:54:23,J14,Jeffery Jump,,Sat
15:17:05,J14,Jeffery Jump,,Mon,Tue,Wed,Thu,Fri
19:50:09,3,King Drive,,Mon,Tue,Wed,Thu,Fri
18:03:55,147,Outer DuSable Lake Shore Express,,Sat
16:17:39,4,Cottage Grove,,Mon,Tue,Wed,Thu,Fri
07:07:26,147,Outer DuSable Lake Shore Express,,Sat
10:11:26,147,Outer DuSable Lake Shore Express,,Sun
18:07:23,J14,Jeffery Jump,,Sun
22:04:36,147,Outer DuSable Lake Shore Express,,Sun
16:50:51,26,South Shore Express,,Mon,Tue,Wed,Thu,Fri
22:33:15,4,Cottage Grove,,Sun
20:46:16,J14,Jeffery Jump,,Sun
23:09:10,3,King Drive,,Mon,Tue,Wed,Thu,Fri
10:49:21,3,King Drive,,Sun
22:25:15,4,Cottage Grove,,Sat
21:03:36,147,Outer DuSable Lake Shore Express,,Sun
07:06:16,J14,Jeffery Jump,,Mon,Tue,Wed,Thu,Fri
23:02:46,147,Outer DuSable Lake Shore Express,,Mon,Tue,Wed,Thu,Fri
09:25:29,J14,Jeffery Jump,,Mon,Tue,Wed,Thu,Fri
20:01:10,4,Cottage Grove,,Mon,Tue,Wed,Thu,Fri
12:41:26,147,Outer DuSable Lake Shore Express,,Sun
17:55:12,J14,Jeffery Jump,,Mon,Tue,Wed,Thu,Fri
09:19:22,4,Cottage Grove,,Mon,Tue,Wed,Thu,Fri
22:26:06,147,Outer DuSable Lake Shore Express,,Sun
20:57:09,26,South Shore Express,,Mon,Tue,Wed,Thu,Fri
17:13:29,J14,Jeffery Jump,,Sat
16:38:50,3,King Drive,,Mon,Tue,Wed,Thu,Fri
18:10:22,4,Cottage Grove,,Sun
15:29:43,4,Cottage Grove,,Mon,Tue,Wed,Thu,Fri
05:53:12,4,Cottage Grove,,Mon,Tue,Wed,Thu,Fri
07:47:10,J14,Jeffery Jump,,Sun
17:39:54,X4,Cottage Grove Express,,Mon,Tue,Wed,Thu,Fri
08:18:07,4,Cottage Grove,,Sat
17:25:45,3,King Drive,,Sun
22:25:53,J14,Jeffery Jump,,Mon,Tue,Wed,Thu,Fri
09:07:27,3,King Drive,,Sun
10:14:21,147,Outer DuSable Lake Shore Express,,Sat
14:46:09,3,King Drive,,Mon,Tue,Wed,Thu,Fri
20:21:35,147,Outer DuSable Lake Shore Express,,Sat
23:52:49,4,Cottage Grove,,Sun
09:47:23,J14,Jeffery Jump,,Sat
17:35:12,4,Cottage Grove,,Mon,Tue,Wed,Thu,Fri
20:36:16,J14,Jeffery Jump,,Sun
22:10:53,J14,Jeffery Jump,,Mon,Tue,Wed,Thu,Fri
21:41:45,4,Cottage Grove,,Sat
06:46:49,4,Cottage Grove,,Mon,Tue,Wed,Thu,Fri
05:40:12,4,Cottage Grove,,Mon,Tue,Wed,Thu,Fri
15:40:52,4,Cottage Grove,,Sun
22:04:36,147,Outer DuSable Lake Shore Express,,Sun
13:14:26,147,Outer DuSable Lake Shore Express,,Sun
14:20:05,147,Outer DuSable Lake Shore Express,,Mon,Tue,Wed,Thu,Fri
14:10:22,4,Cottage Grove,,Sun
17:48:18,J14,Jeffery Jump,,Mon,Tue,Wed,Thu,Fri
19:34:21,3,King Drive,,Sun
11:46:53,J14,Jeffery Jump,,Sat
17:30:34,147,Outer DuSable Lake Shore Express,,Mon,Tue,Wed,Thu,Fri
21:37:45,4,Cottage Grove,,Mon,Tue,Wed,Thu,Fri
11:58:15,3,King Drive,,Mon,Tue,Wed,Thu,Fri
05:12:54,4,Cottage Grove,,Sun
15:57:59,J14,Jeffery Jump,,Sun
10:29:33,4,Cottage Grove,,Sat
18:28:45,3,King Drive,,Sun
18:44:15,3,King Drive,,Sat
10:52:45,3,King Drive,,Mon,Tue,Wed,Thu,Fri
18:43:16,J14,Jeffery Jump,,Sat
20:19:22,4,Cottage Grove,,Sat
06:49:15,147,Outer DuSable Lake Shore Express,,Mon,Tue,Wed,Thu,Fri
16:38:39,X4,Cottage Grove Express,,Mon,Tue,Wed,Thu,Fri
23:23:21,3,King Drive,,Sat
17:56:37,26,South Shore Express,,Mon,Tue,Wed,Thu,Fri
08:46:27,3,King Drive,,Sun
19:54:52,4,Cottage Grove,,Sun
00:37:40,3,King Drive,,Tue,Wed,Thu,Fri,Sat
11:27:23,J14,Jeffery Jump,,Sat
16:23:29,J14,Jeffery Jump,,Sat
20:00:10,4,Cottage Grove,,Sat
12:44:21,3,King Drive,,Sun
08:46:10,147,Outer DuSable Lake Shore Express,,Sun
10:44:26,4,Cottage Grove,,Sun
11:36:45,3,King Drive,,Mon,Tue,Wed,Thu,Fri
06:32:03,3,King Drive,,Mon,Tue,Wed,Thu,Fri
14:40:22,4,Cottage Grove,,Sun
20:55:46,J14,Jeffery Jump,,Sun
15:08:05,J14,Jeffery Jump,,Mon,Tue,Wed,Thu,Fri
22:25:16,J14,Jeffery Jump,,Sat
18:03:29,J14,Jeffery Jump,,Sat
08:12:56,4,Cottage Grove,,Mon,Tue,Wed,Thu,Fri
07:42:40,3,King Drive,,Sun
15:31:59,4,Cottage Grove,,Sat
18:25:09,3,King Drive,,Sat
09:55:03,147,Outer DuSable Lake Shore Express,,Sat
21:07:52,4,Cottage Grove,,Sat
21:37:45,147,Outer DuSable Lake Shore Express,,Sat
21:46:40,J14,Jeffery Jump,,Sun
18:06:45,147,Outer DuSable Lake Shore Express,,Sun
15:23:53,J14,Jeffery Jump,,Sat
07:12:56,X4,Cottage Grove Express,,Mon,Tue,Wed,Thu,Fri
19:02:26,147,Outer DuSable Lake Shore Express,,Sun
23:06:15,4,Cottage Grove,,Sat
07:30:27,3,King Drive,,Mon,Tue,Wed,Thu,Fri
15:40:22,4,Cottage Grove,,Sun
15:24:26,3,King Drive,,Sat
10:04:37,4,Cottage Grove,,Sun
15:12:03,3,King Drive,,Mon,Tue,Wed,Thu,Fri
20:40:15,147,Outer DuSable Lake Shore Express,,Sat
19:56:15,147,Outer DuSable Lake Shore Express,,Mon,Tue,Wed,Thu,Fri
18:16:53,J14,Jeffery Jump,,Sun
20:39:52,4,Cottage Grove,,Mon,Tue,Wed,Thu,Fri
18:10:12,J14,Jeffery Jump,,Mon,Tue,Wed,Thu,Fri
08:13:35,143,Stockton/Michigan Express,,Mon,Tue,Wed,Thu,Fri
19:06:40,4,Cottage Grove,,Sat
16:42:06,26,South Shore Express,,Mon,Tue,Wed,Thu,Fri
11:55:29,J14,Jeffery Jump,,Sat
08:56:07,4,Cottage Grove,,Sun
13:09:16,J14,Jeffery Jump,,Sun
21:44:06,147,Outer DuSable Lake Shore Express,,Sun
16:26:39,X4,Cottage Grove Express,,Mon,Tue,Wed,Thu,Fri
22:54:10,J14,Jeffery Jump,,Sun
18:50:10,4,Cottage Grove,,Sat
13:48:23,26,South Shore Express,,Mon,Tue,Wed,Thu,Fri
06:20:33,J14,Jeffery Jump,,Mon,Tue,Wed,Thu,Fri
14:06:09,3,King Drive,,Mon,Tue,Wed,Thu,Fri
13:14:59,4,Cottage Grove,,Sat
06:15:46,147,Outer DuSable Lake Shore Express,,Sat
11:28:21,3,King Drive,,Sun
17:39:54,X4,Cottage Grove Express,,Mon,Tue,Wed,Thu,Fri
09:30:22,4,Cottage Grove,,Mon,Tue,Wed,Thu,Fri
08:52:33,4,Cottage Grove,,Mon,Tue,Wed,Thu,Fri
19:59:21,3,King Drive,,Sun
00:52:54,4,Cottage Grove,,Tue,Wed,Thu,Fri,Sat
15:12:08,26,South Shore Express,,Mon,Tue,Wed,Thu,Fri
15:22:55,X4,Cottage Grove Express,,Mon,Tue,Wed,Thu,Fri
12:17:25,147,Outer DuSable Lake Shore Express,,Mon,Tue,Wed,Thu,Fri
17:38:21,26,South Shore Express,,Mon,Tue,Wed,Thu,Fri
20:41:23,J14,Jeffery Jump,,Sat
16:18:59,4,Cottage Grove,,Sat
08:41:37,4,Cottage Grove,,Sun
12:50:59,J14,Jeffery Jump,,Mon,Tue,Wed,Thu,Fri
06:57:10,J14,Jeffery Jump,,Mon,Tue,Wed,Thu,Fri
21:05:40,J14,Jeffery Jump,,Sun
10:49:55,147,Outer DuSable Lake Shore Express,,Sat
13:32:25,147,Outer DuSable Lake Shore Express,,Sat
19:11:25,147,Outer DuSable Lake Shore Express,,Sat
14:35:45,3,King Drive,,Sun
14:40:59,J14,Jeffery Jump,,Mon,Tue,Wed,Thu,Fri
07:15:45,147,Outer DuSable Lake Shore Express,,Mon,Tue,Wed,Thu,Fri
19:20:59,J14,Jeffery Jump,,Mon,Tue,Wed,Thu,Fri
10:30:33,4,Cottage Grove,,Sat
15:16:26,3,King Drive,,Sat
20:26:15,3,King Drive,,Sat
17:43:18,J14,Jeffery Jump,,Mon,Tue,Wed,Thu,Fri
09:45:15,147,Outer DuSable Lake Shore Express,,Sat
09:08:21,3,King Drive,,Sat
20:47:52,4,Cottage Grove,,Sat
18:19:03,3,King Drive,,Mon,Tue,Wed,Thu,Fri
10:03:29,J14,Jeffery Jump,,Mon,Tue,Wed,Thu,Fri
15:34:34,147,Outer DuSable Lake Shore Express,,Sat
11:52:45,4,Cottage Grove,,Sun
15:10:52,4,Cottage Grove,,Sun
17:03:42,J14,Jeffery Jump,,Mon,Tue,Wed,Thu,Fri
07:54:16,147,Outer DuSable Lake Shore Express,,Sun
14:33:53,J14,Jeffery Jump,,Sat
11:14:45,3,King Drive,,Mon,Tue,Wed,Thu,Fri
21:41:23,J14,Jeffery Jump,,Sat
12:46:25,147,Outer DuSable Lake Shore Express,,Mon,Tue,Wed,Thu,Fri
19:02:53,J14,Jeffery Jump,,Sat
16:49:05,J14,Jeffery Jump,,Mon,Tue,Wed,Thu,Fri
18:13:45,147,Outer DuSable Lake Shore Express,,Mon,Tue,Wed,Thu,Fri
09:07:59,143,Stockton/Michigan Express,,Mon,Tue,Wed,Thu,Fri
18:17:45,3,King Drive,,Sun
11:58:59,4,Cottage Grove,,Sat
18:54:15,3,King Drive,,Sat
09:20:26,147,Outer DuSable Lake Shore Express,,Sat
17:38:18,J14,Jeffery Jump,,Mon,Tue,Wed,Thu,Fri
12:25:55,4,Cottage Grove,,Mon,Tue,Wed,Thu,Fri
07:02:56,4,Cottage Grove,,Mon,Tue,Wed,Thu,Fri
23:30:37,4,Cottage Grove,,Sun
18:58:03,3,King Drive,,Mon,Tue,Wed,Thu,Fri
07:12:23,143,Stockton/Michigan Express,,Mon,Tue,Wed,Thu,Fri
16:08:34,147,Outer DuSable Lake Shore Express,,Sat
14:43:35,147,Outer DuSable Lake Shore Express,,Sun
07:11:33,3,King Drive,,Mon,Tue,Wed,Thu,Fri
23:22:46,147,Outer DuSable Lake Shore Express,,Mon,Tue,Wed,Thu,Fri
11:06:55,147,Outer DuSable Lake Shore Express,,Sat
20:36:16,J14,Jeffery Jump,,Sun
13:08:55,147,Outer DuSable Lake Shore Express,,Mon,Tue,Wed,Thu,Fri
05:42:46,147,Outer DuSable Lake Shore Express,,Mon,Tue,Wed,Thu,Fri
12:12:16,J14,Jeffery Jump,,Sun
21:48:33,3,King Drive,,Sun
17:46:45,3,King Drive,,Sun
14:40:59,J14,Jeffery Jump,,Mon,Tue,Wed,Thu,Fri
17:37:40,4,Cottage Grove,,Sat
06:25:06,147,Outer DuSable Lake Shore Express,,Mon,Tue,Wed,Thu,Fri
10:02:40,J14,Jeffery Jump,,Sun
13:25:26,147,Outer DuSable Lake Shore Express,,Sun
09:13:25,147,Outer DuSable Lake Shore Express,,Mon,Tue,Wed,Thu,Fri
17:47:23,J14,Jeffery Jump,,Sun
10:43:45,147,Outer DuSable Lake Shore Express,,Sun
11:21:59,J14,Jeffery Jump,,Mon,Tue,Wed,Thu,Fri
16:50:44,3,King Drive,,Mon,Tue,Wed,Thu,Fri
14:23:53,J14,Jeffery Jump,,Sat
19:14:03,3,King Drive,,Mon,Tue,Wed,Thu,Fri
16:36:45,147,Outer DuSable Lake Shore Express,,Mon,Tue,Wed,Thu,Fri
22:06:33,3,King Drive,,Sun
07:04:07,147,Outer DuSable Lake Shore Express,,Sun
09:27:09,147,Outer DuSable Lake Shore Express,,Mon,Tue,Wed,Thu,Fri
20:50:15,147,Outer DuSable Lake Shore Express,,Sat
21:30:15,3,King Drive,,Mon,Tue,Wed,Thu,Fri
07:38:21,3,King Drive,,Mon,Tue,Wed,Thu,Fri
12:44:23,J14,Jeffery Jump,,Sat
14:00:59,J14,Jeffery Jump,,Mon,Tue,Wed,Thu,Fri
11:25:26,147,Outer DuSable Lake Shore Express,,Sun
20:20:52,4,Cottage Grove,,Mon,Tue,Wed,Thu,Fri
09:31:55,147,Outer DuSable Lake Shore Express,,Mon,Tue,Wed,Thu,Fri
16:50:52,4,Cottage Grove,,Sun
16:42:06,26,South Shore Express,,Mon,Tue,Wed,Thu,Fri
14:23:25,147,Outer DuSable Lake Shore Express,,Sat
07:28:17,143,Stockton/Michigan Express,,Mon,Tue,Wed,Thu,Fri
10:32:59,J14,Jeffery Jump,,Mon,Tue,Wed,Thu,Fri
22:26:06,147,Outer DuSable Lake Shore Express,,Sat
22:39:46,J14,Jeffery Jump,,Mon,Tue,Wed,Thu,Fri
18:36:53,J14,Jeffery Jump,,Sun
13:19:16,J14,Jeffery Jump,,Sun
08:06:57,147,Outer DuSable Lake Shore Express,,Sat
14:05:55,4,Cottage Grove,,Mon,Tue,Wed,Thu,Fri
13:23:03,4,Cottage Grove,,Sun
08:51:33,4,Cottage Grove,,Mon,Tue,Wed,Thu,Fri
01:12:54,4,Cottage Grove,,Tue,Wed,Thu,Fri,Sat
14:55:39,3,King Drive,,Mon,Tue,Wed,Thu,Fri
21:02:51,3,King Drive,,Sat
23:22:56,4,Cottage Grove,,Sat
00:32:54,4,Cottage Grove,,Tue,Wed,Thu,Fri,Sat
09:19:09,147,Outer DuSable Lake Shore Express,,Mon,Tue,Wed,Thu,Fri
22:24:33,3,King Drive,,Sun
17:57:50,3,King Drive,,Mon,Tue,Wed,Thu,Fri
03:12:54,4,Cottage Grove,,Sun
09:19:09,147,Outer DuSable Lake Shore Express,,Mon,Tue,Wed,Thu,Fri
14:27:59,4,Cottage Grove,,Sat
09:36:56,147,Outer DuSable Lake Shore Express,,Sat
16:50:44,3,King Drive,,Mon,Tue,Wed,Thu,Fri
10:32:39,147,Outer DuSable Lake Shore Express,,Sat
14:46:09,3,King Drive,,Mon,Tue,Wed,Thu,Fri
08:55:16,143,Stockton/Michigan Express,,Mon,Tue,Wed,Thu,Fri
07:37:56,X4,Cottage Grove Express,,Mon,Tue,Wed,Thu,Fri
22:25:15,4,Cottage Grove,,Sat
10:17:23,J14,Jeffery Jump,,Sat
17:02:15,147,Outer DuSable Lake Shore Express,,Mon,Tue,Wed,Thu,Fri
05:26:16,147,Outer DuSable Lake Shore Express,,Mon,Tue,Wed,Thu,Fri
23:16:16,J14,Jeffery Jump,,Sat
19:32:03,3,King Drive,,Mon,Tue,Wed,Thu,Fri
21:10:52,4,Cottage Grove,,Mon,Tue,Wed,Thu,Fri
10:41:45,3,King Drive,,Mon,Tue,Wed,Thu,Fri
12:40:56,3,King Drive,,Sat
09:57:45,3,King Drive,,Mon,Tue,Wed,Thu,Fri
14:50:43,4,Cottage Grove,,Mon,Tue,Wed,Thu,Fri
19:19:05,147,Outer DuSable Lake Shore Express,,Sat
16:48:45,147,Outer DuSable Lake Shore Express,,Sat
16:52:26,3,King Drive,,Sat
12:37:09,147,Outer DuSable Lake Shore Express,,Mon,Tue,Wed,Thu,Fri
09:27:27,3,King Drive,,Sun
11:07:23,J14,Jeffery Jump,,Sat
19:34:21,3,King Drive,,Sun
11:06:09,147,Outer DuSable Lake Shore Express,,Mon,Tue,Wed,Thu,Fri
00:12:54,4,Cottage Grove,,Sun
08:27:56,X4,Cottage Grove Express,,Mon,Tue,Wed,Thu,Fri
14:16:39,3,King Drive,,Mon,Tue,Wed,Thu,Fri
19:31:29,4,Cottage Grove,,Mon,Tue,Wed,Thu,Fri
07:37:03,147,Outer DuSable Lake Shore Express,,Mon,Tue,Wed,Thu,Fri
06:31:30,4,Cottage Grove,,Sat
23:09:10,3,King Drive,,Mon,Tue,Wed,Thu,Fri
13:03:15,4,Cottage Grove,,Sun
15:49:05,J14,Jeffery Jump,,Mon,Tue,Wed,Thu,Fri
06:56:23,143,Stockton/Michigan Express,,Mon,Tue,Wed,Thu,Fri
15:55:59,4,Cottage Grove,,Sat
21:33:39,26,South Shore Express,,Mon,Tue,Wed,Thu,Fri
13:39:16,J14,Jeffery Jump,,Sun
07:47:10,J14,Jeffery Jump,,Sun
20:57:09,3,King Drive,,Mon,Tue,Wed,Thu,Fri
15:03:53,J14,Jeffery Jump,,Sat
20:55:53,J14,Jeffery Jump,,Mon,Tue,Wed,Thu,Fri
19:46:21,3,King Drive,,Sun
18:37:55,147,Outer DuSable Lake Shore Express,,Sat
18:03:21,4,Cottage Grove,,Mon,Tue,Wed,Thu,Fri
05:41:46,147,Outer DuSable Lake Shore Express,,Sat
20:43:27,3,King Drive,,Sun
17:30:34,147,Outer DuSable Lake Shore Express,,Mon,Tue,Wed,Thu,Fri
04:42:54,4,Cottage Grove,,Mon,Tue,Wed,Thu,Fri
08:40:26,X4,Cottage Grove Express,,Mon,Tue,Wed,Thu,Fri
16:55:55,147,Outer DuSable Lake Shore Express,,Sat
20:22:23,J14,Jeffery Jump,,Sat
19:22:10,4,Cottage Grove,,Sat
14:20:59,J14,Jeffery Jump,,Mon,Tue,Wed,Thu,Fri
14:26:09,3,King Drive,,Mon,Tue,Wed,Thu,Fri
17:01:44,3,King Drive,,Mon,Tue,Wed,Thu,Fri
11:13:26,147,Outer DuSable Lake Shore Express,,Sun
10:04:05,147,Outer DuSable Lake Shore Express,,Mon,Tue,Wed,Thu,Fri
07:58:35,147,Outer DuSable Lake Shore Express,,Mon,Tue,Wed,Thu,Fri
23:43:10,3,King Drive,,Sun
23:23:21,3,King Drive,,Sat
21:27:45,147,Outer DuSable Lake Shore Express,,Sat
07:47:10,J14,Jeffery Jump,,Sat
22:02:45,4,Cottage Grove,,Sat
10:52:45,3,King Drive,,Mon,Tue,Wed,Thu,Fri
23:21:40,3,King Drive,,Mon,Tue,Wed,Thu,Fri
06:55:26,147,Outer DuSable Lake Shore Express,,Sat
18:16:40,4,Cottage Grove,,Sat
15:28:05,147,Outer DuSable Lake Shore Express,,Sun
18:18:35,J14,Jeffery Jump,,Mon,Tue,Wed,Thu,Fri
16:33:29,J14,Jeffery Jump,,Sat
16:04:35,J14,Jeffery Jump,,Mon,Tue,Wed,Thu,Fri
15:35:25,X4,Cottage Grove Express,,Mon,Tue,Wed,Thu,Fri
20:12:27,3,King Drive,,Sun
20:12:05,147,Outer DuSable Lake Shore Express,,Sat
19:14:15,3,King Drive,,Sat
10:24:37,4,Cottage Grove,,Sun
13:23:53,J14,Jeffery Jump,,Sat
14:30:22,4,Cottage Grove,,Sun
21:11:23,J14,Jeffery Jump,,Sat
09:49:35,147,Outer DuSable Lake Shore Express,,Mon,Tue,Wed,Thu,Fri
11:35:26,147,Outer DuSable Lake Shore Express,,Sun
10:22:59,J14,Jeffery Jump,,Mon,Tue,Wed,Thu,Fri
23:02:06,147,Outer DuSable Lake Shore Express,,Sat
20:28:06,147,Outer DuSable Lake Shore Express,,Sun
09:50:33,4,Cottage Grove,,Sat
06:48:10,J14,Jeffery Jump,,Mon,Tue,Wed,Thu,Fri
06:57:10,J14,Jeffery Jump,,Mon,Tue,Wed,Thu,Fri
20:12:05,147,Outer DuSable Lake Shore Express,,Sat
20:06:46,J14,Jeffery Jump,,Sun
14:57:05,147,Outer DuSable Lake Shore Express,,Mon,Tue,Wed,Thu,Fri
16:10:59,4,Cottage Grove,,Sat
18:19:03,3,King Drive,,Mon,Tue,Wed,Thu,Fri
16:30:45,3,King Drive,,Sun
07:06:16,J14,Jeffery Jump,,Mon,Tue,Wed,Thu,Fri
19:22:21,3,King Drive,,Sun
03:12:54,4,Cottage Grove,,Mon,Tue,Wed,Thu,Fri
12:12:16,J14,Jeffery Jump,,Sun
08:49:07,4,Cottage Grove,,Sat
14:50:52,4,Cottage Grove,,Sun
15:32:26,3,King Drive,,Sat
14:18:46,J14,Jeffery Jump,,Sun
20:38:22,4,Cottage Grove,,Sat
15:18:46,J14,Jeffery Jump,,Sun
21:07:56,147,Outer DuSable Lake Shore Express,,Mon,Tue,Wed,Thu,Fri
19:03:25,147,Outer DuSable Lake Shore Express,,Sat
03:42:54,4,Cottage Grove,,Sun
08:58:15,3,King Drive,,Mon,Tue,Wed,Thu,Fri
16:43:26,3,King Drive,,Sat
11:37:23,J14,Jeffery Jump,,Sat
21:38:15,4,Cottage Grove,,Mon,Tue,Wed,Thu,Fri
17:27:54,X4,Cottage Grove Express,,Mon,Tue,Wed,Thu,Fri
08:40:09,147,Outer DuSable Lake Shore Express,,Mon,Tue,Wed,Thu,Fri
08:07:40,J14,Jeffery Jump,,Sun
07:22:19,4,Cottage Grove,,Sun
20:00:10,4,Cottage Grove,,Mon,Tue,Wed,Thu,Fri
14:24:23,26,South Shore Express,,Mon,Tue,Wed,Thu,Fri
20:22:23,J14,Jeffery Jump,,Sat
12:34:29,J14,Jeffery Jump,,Sat
14:32:35,147,Outer DuSable Lake Shore Express,,Sun
11:28:03,3,King Drive,,Sat
07:05:03,3,King Drive,,Sat
08:10:39,147,Outer DuSable Lake Shore Express,,Mon,Tue,Wed,Thu,Fri
11:57:55,147,Outer DuSable Lake Shore Express,,Sat
09:06:10,147,Outer DuSable Lake Shore Express,,Sun
10:30:22,4,Cottage Grove,,Mon,Tue,Wed,Thu,Fri
19:36:35,147,Outer DuSable Lake Shore Express,,Sat
09:24:37,4,Cottage Grove,,Sun
22:36:45,4,Cottage Grove,,Mon,Tue,Wed,Thu,Fri
19:57:05,J14,Jeffery Jump,,Mon,Tue,Wed,Thu,Fri
16:40:52,4,Cottage Grove,,Sun
12:19:26,147,Outer DuSable Lake Shore Express,,Sun
19:13:36,147,Outer DuSable Lake Shore Express,,Sun
09:27:15,147,Outer DuSable Lake Shore Express,,Sat
15:24:26,3,King Drive,,Sat
11:32:16,J14,Jeffery Jump,,Sun
09:29:22,4,Cottage Grove,,Mon,Tue,Wed,Thu,Fri
15:49:26,3,King Drive,,Sat
15:34:34,147,Outer DuSable Lake Shore Express,,Sat
07:51:21,147,Outer DuSable Lake Shore Express,,Mon,Tue,Wed,Thu,Fri
19:29:59,J14,Jeffery Jump,,Mon,Tue,Wed,Thu,Fri
16:19:05,J14,Jeffery Jump,,Mon,Tue,Wed,Thu,Fri
16:48:45,147,Outer DuSable Lake Shore Express,,Mon,Tue,Wed,Thu,Fri
06:01:30,4,Cottage Grove,,Sun
16:10:07,26,South Shore Express,,Mon,Tue,Wed,Thu,Fri
17:29:55,147,Outer DuSable Lake Shore Express,,Sat
14:08:46,J14,Jeffery Jump,,Sun
15:10:15,3,King Drive,,Sun
19:42:23,J14,Jeffery Jump,,Sat
12:41:26,147,Outer DuSable Lake Shore Express,,Sun
13:00:59,J14,Jeffery Jump,,Mon,Tue,Wed,Thu,Fri
16:10:52,4,Cottage Grove,,Sun
12:58:25,147,Outer DuSable Lake Shore Express,,Sat
15:06:59,4,Cottage Grove,,Sat
15:41:05,J14,Jeffery Jump,,Mon,Tue,Wed,Thu,Fri
18:18:15,147,Outer DuSable Lake Shore Express,,Sun
03:42:54,4,Cottage Grove,,Mon,Tue,Wed,Thu,Fri
08:15:55,147,Outer DuSable Lake Shore Express,,Mon,Tue,Wed,Thu,Fri
21:08:56,147,Outer DuSable Lake Shore Express,,Sat
19:50:10,4,Cottage Grove,,Sat
15:51:34,147,Outer DuSable Lake Shore Express,,Sat
17:45:09,3,King Drive,,Sat
13:48:45,3,King Drive,,Sun
18:27:05,J14,Jeffery Jump,,Mon,Tue,Wed,Thu,Fri
07:36:16,J14,Jeffery Jump,,Mon,Tue,Wed,Thu,Fri
12:03:15,4,Cottage Grove,,Sun
21:43:51,3,King Drive,,Mon,Tue,Wed,Thu,Fri
08:53:40,J14,Jeffery Jump,,Sun
11:00:22,4,Cottage Grove,,Mon,Tue,Wed,Thu,Fri
15:28:56,3,King Drive,,Mon,Tue,Wed,Thu,Fri
07:22:10,147,Outer DuSable Lake Shore Express,,Sun
20:50:52,4,Cottage Grove,,Mon,Tue,Wed,Thu,Fri
16:36:45,147,Outer DuSable Lake Shore Express,,Mon,Tue,Wed,Thu,Fri
15:57:05,J14,Jeffery Jump,,Mon,Tue,Wed,Thu,Fri
07:50:26,X4,Cottage Grove Express,,Mon,Tue,Wed,Thu,Fri
00:52:54,4,Cottage Grove,,Tue,Wed,Thu,Fri,Sat
16:55:55,147,Outer DuSable Lake Shore Express,,Sat
17:04:25,147,Outer DuSable Lake Shore Express,,Sat
07:30:03,147,Outer DuSable Lake Shore Express,,Mon,Tue,Wed,Thu,Fri
19:34:38,26,South Shore Express,,Mon,Tue,Wed,Thu,Fri
19:46:21,3,King Drive,,Sun
23:22:06,147,Outer DuSable Lake Shore Express,,Sat
11:17:23,J14,Jeffery Jump,,Sat
00:14:54,4,Cottage Grove,,Mon
20:02:35,147,Outer DuSable Lake Shore Express,,Sat
16:25:05,J14,Jeffery Jump,,Mon,Tue,Wed,Thu,Fri
00:54:54,4,Cottage Grove,,Mon
16:41:45,3,King Drive,,Sun
22:48:15,4,Cottage Grove,,Sun
22:34:51,3,King Drive,,Sat
23:43:10,3,King Drive,,Sun
13:49:25,147,Outer DuSable Lake Shore Express,,Sat
14:21:35,147,Outer DuSable Lake Shore Express,,Sun
09:05:09,147,Outer DuSable Lake Shore Express,,Mon,Tue,Wed,Thu,Fri
16:05:56,3,King Drive,,Mon,Tue,Wed,Thu,Fri
08:31:56,4,Cottage Grove,,Mon,Tue,Wed,Thu,Fri
08:30:10,J14,Jeffery Jump,,Sat
10:12:40,J14,Jeffery Jump,,Sun
16:46:28,4,Cottage Grove,,Mon,Tue,Wed,Thu,Fri
22:36:45,4,Cottage Grove,,Mon,Tue,Wed,Thu,Fri
06:24:07,147,Outer DuSable Lake Shore Express,,Sun
23:03:10,3,King Drive,,Sun
14:40:26,3,King Drive,,Sat
00:13:24,4,Cottage Grove,,Tue,Wed,Thu,Fri,Sat
18:13:23,J14,Jeffery Jump,,Sat
16:17:04,147,Outer DuSable Lake Shore Express,,Sat
11:06:55,147,Outer DuSable Lake Shore Express,,Sat
04:14:24,4,Cottage Grove,,Mon,Tue,Wed,Thu,Fri
11:02:45,4,Cottage Grove,,Sun
07:32:22,147,Outer DuSable Lake Shore Express,,Sat
20:31:22,4,Cottage Grove,,Sun
21:25:53,J14,Jeffery Jump,,Mon,Tue,Wed,Thu,Fri
20:29:52,4,Cottage Grove,,Mon,Tue,Wed,Thu,Fri
17:34:44,3,King Drive,,Mon,Tue,Wed,Thu,Fri
03:43:54,4,Cottage Grove,,Mon,Tue,Wed,Thu,Fri
21:43:51,3,King Drive,,Mon,Tue,Wed,Thu,Fri
08:55:29,J14,Jeffery Jump,,Mon,Tue,Wed,Thu,Fri
20:59:27,3,King Drive,,Sun
19:06:03,3,King Drive,,Mon,Tue,Wed,Thu,Fri
07:32:56,4,Cottage Grove,,Mon,Tue,Wed,Thu,Fri
17:25:45,3,King Drive,,Sun
17:33:29,J14,Jeffery Jump,,Sat
21:23:36,147,Outer DuSable Lake Shore Express,,Sun
07:24:07,4,Cottage Grove,,Sat
07:42:56,4,Cottage Grove,,Mon,Tue,Wed,Thu,Fri
15:46:59,4,Cottage Grove,,Sat
11:42:16,J14,Jeffery Jump,,Sun
07:40:45,147,Outer DuSable Lake Shore Express,,Mon,Tue,Wed,Thu,Fri
12:31:51,3,King Drive,,Sun
10:18:39,147,Outer DuSable Lake Shore Express,,Mon,Tue,Wed,Thu,Fri
23:52:49,4,Cottage Grove,,Sun
12:39:25,147,Outer DuSable Lake Shore Express,,Sat
16:04:35,J14,Jeffery Jump,,Mon,Tue,Wed,Thu,Fri
16:07:59,J14,Jeffery Jump,,Sun
07:51:56,4,Cottage Grove,,Mon,Tue,Wed,Thu,Fri
12:22:16,J14,Jeffery Jump,,Sun
11:07:23,J14,Jeffery Jump,,Sat
00:52:54,4,Cottage Grove,,Mon
09:00:10,J14,Jeffery Jump,,Sat
16:43:29,J14,Jeffery Jump,,Sat
10:40:25,147,Outer DuSable Lake Shore Express,,Sat
07:37:56,X4,Cottage Grove Express,,Mon,Tue,Wed,Thu,Fri
08:08:15,3,King Drive,,Mon,Tue,Wed,Thu,Fri
18:52:08,26,South Shore Express,,Mon,Tue,Wed,Thu,Fri
22:54:16,J14,Jeffery Jump,,Mon,Tue,Wed,Thu,Fri
17:21:25,147,Outer DuSable Lake Shore Express,,Sat
16:26:59,4,Cottage Grove,,Sat
15:07:26,3,King Drive,,Sat
08:26:16,147,Outer DuSable Lake Shore Express,,Sun
12:54:23,J14,Jeffery Jump,,Sat
23:08:15,4,Cottage Grove,,Sun
07:36:16,J14,Jeffery Jump,,Mon,Tue,Wed,Thu,Fri
21:31:03,3,King Drive,,Sun
15:49:32,4,Cottage Grove,,Mon,Tue,Wed,Thu,Fri
11:50:59,J14,Jeffery Jump,,Mon,Tue,Wed,Thu,Fri
12:44:21,3,King Drive,,Sun
17:39:40,4,Cottage Grove,,Sat
09:08:56,4,Cottage Grove,,Sat
11:29:22,4,Cottage Grove,,Mon,Tue,Wed,Thu,Fri
02:12:54,4,Cottage Grove,,Sun
08:37:16,147,Outer DuSable Lake Shore Express,,Sun
08:18:15,3,King Drive,,Mon,Tue,Wed,Thu,Fri
14:53:53,J14,Jeffery Jump,,Sat
17:53:10,4,Cottage Grove,,Sat
08:15:26,X4,Cottage Grove Express,,Mon,Tue,Wed,Thu,Fri
13:35:45,3,King Drive,,Sun
16:43:05,J14,Jeffery Jump,,Mon,Tue,Wed,Thu,Fri
08:15:55,147,Outer DuSable Lake Shore Express,,Mon,Tue,Wed,Thu,Fri
15:21:35,147,Outer DuSable Lake Shore Express,,Mon,Tue,Wed,Thu,Fri
16:31:05,J14,Jeffery Jump,,Mon,Tue,Wed,Thu,Fri
17:57:23,J14,Jeffery Jump,,Sun
10:32:59,J14,Jeffery Jump,,Mon,Tue,Wed,Thu,Fri
22:18:15,4,Cottage Grove,,Sun
20:45:53,J14,Jeffery Jump,,Mon,Tue,Wed,Thu,Fri
07:15:45,147,Outer DuSable Lake Shore Express,,Mon,Tue,Wed,Thu,Fri
14:40:26,3,King Drive,,Sat
20:26:15,3,King Drive,,Sat
12:22:45,4,Cottage Grove,,Sun
12:53:15,4,Cottage Grove,,Sun
10:40:33,4,Cottage Grove,,Sat
09:04:37,4,Cottage Grove,,Sun
13:09:21,3,King Drive,,Sun
15:46:55,147,Outer DuSable Lake Shore Express,,Mon,Tue,Wed,Thu,Fri
16:17:04,147,Outer DuSable Lake Shore Express,,Sat
16:07:26,3,King Drive,,Sat
19:25:36,147,Outer DuSable Lake Shore Express,,Sun
16:37:59,J14,Jeffery Jump,,Sun
19:14:40,4,Cottage Grove,,Sat
09:52:40,J14,Jeffery Jump,,Sun
10:37:23,J14,Jeffery Jump,,Sat
20:27:09,3,King Drive,,Mon,Tue,Wed,Thu,Fri
16:30:45,3,King Drive,,Sun
10:39:22,4,Cottage Grove,,Mon,Tue,Wed,Thu,Fri
09:35:22,X4,Cottage Grove Express,,Mon,Tue,Wed,Thu,Fri
12:31:46,J14,Jeffery Jump,,Sun
15:25:22,26,South Shore Express,,Mon,Tue,Wed,Thu,Fri
09:57:23,J14,Jeffery Jump,,Sat
22:42:16,J14,Jeffery Jump,,Sat
22:44:36,147,Outer DuSable Lake Shore Express,,Sun
07:52:19,4,Cottage Grove,,Sun
06:27:42,4,Cottage Grove,,Mon,Tue,Wed,Thu,Fri
18:19:40,4,Cottage Grove,,Sat
12:40:59,J14,Jeffery Jump,,Mon,Tue,Wed,Thu,Fri
09:30:03,4,Cottage Grove,,Sat
14:22:26,3,King Drive,,Sat
17:47:23,J14,Jeffery Jump,,Sun
16:21:22,26,South Shore Express,,Mon,Tue,Wed,Thu,Fri
20:27:27,3,King Drive,,Sun
06:07:40,3,King Drive,,Mon,Tue,Wed,Thu,Fri
09:45:27,3,King Drive,,Sun
22:06:33,3,King Drive,,Sun
09:18:16,J14,Jeffery Jump,,Sat
20:57:09,26,South Shore Express,,Mon,Tue,Wed,Thu,Fri
06:49:15,147,Outer DuSable Lake Shore Express,,Mon,Tue,Wed,Thu,Fri
09:55:51,147,Outer DuSable Lake Shore Express,,Mon,Tue,Wed,Thu,Fri
08:28:07,4,Cottage Grove,,Sat
19:03:15,147,Outer DuSable Lake Shore Express,,Mon,Tue,Wed,Thu,Fri
20:49:51,3,King Drive,,Sat
14:15:55,147,Outer DuSable Lake Shore Express,,Sat
19:18:52,4,Cottage Grove,,Sun
13:48:46,J14,Jeffery Jump,,Sun
17:14:21,26,South Shore Express,,Mon,Tue,Wed,Thu,Fri
17:47:21,26,South Shore Express,,Mon,Tue,Wed,Thu,Fri
11:57:25,147,Outer DuSable Lake Shore Express,,Mon,Tue,Wed,Thu,Fri
17:18:18,J14,Jeffery Jump,,Mon,Tue,Wed,Thu,Fri
09:14:56,4,Cottage Grove,,Sat
08:10:39,147,Outer DuSable Lake Shore Express,,Mon,Tue,Wed,Thu,Fri
20:37:52,4,Cottage Grove,,Sat
15:23:53,J14,Jeffery Jump,,Sat
14:58:45,147,Outer DuSable Lake Shore Express,,Sat
14:38:46,J14,Jeffery Jump,,Sun
19:26:53,J14,Jeffery Jump,,Sun
19:02:53,J14,Jeffery Jump,,Sat
19:03:15,147,Outer DuSable Lake Shore Express,,Mon,Tue,Wed,Thu,Fri
17:17:23,J14,Jeffery Jump,,Sun
19:40:29,4,Cottage Grove,,Mon,Tue,Wed,Thu,Fri
17:16:04,147,Outer DuSable Lake Shore Express,,Mon,Tue,Wed,Thu,Fri
14:43:35,147,Outer DuSable Lake Shore Express,,Sun
07:12:56,X4,Cottage Grove Express,,Mon,Tue,Wed,Thu,Fri
12:54:55,4,Cottage Grove,,Mon,Tue,Wed,Thu,Fri
15:09:15,147,Outer DuSable Lake Shore Express,,Sat
16:15:15,147,Outer DuSable Lake Shore Express,,Sun
09:47:45,3,King Drive,,Mon,Tue,Wed,Thu,Fri
21:53:23,J14,Jeffery Jump,,Sat
22:40:51,3,King Drive,,Mon,Tue,Wed,Thu,Fri
00:29:03,3,King Drive,,Sun
16:46:15,147,Outer DuSable Lake Shore Express,,Sun
18:54:55,147,Outer DuSable Lake Shore Express,,Sat
20:14:15,3,King Drive,,Sat
21:10:52,4,Cottage Grove,,Sun
14:13:53,J14,Jeffery Jump,,Sat
08:59:39,147,Outer DuSable Lake Shore Express,,Mon,Tue,Wed,Thu,Fri
00:23:10,3,King Drive,,Mon