arrival_time,route_short_name,route_long_name,headsign,service_days
16:58:26,62,Archer,,Mon,Tue,Wed,Thu,Fri
07:11:35,6,Jackson Park Express,,Sun
07:52:04,29,State,,Sun
19:14:22,36,Broadway,,Sun
09:43:38,62,Archer,,Sun
18:42:13,2,Hyde Park Express,,Mon,Tue,Wed,Thu,Fri
10:45:22,62,Archer,,Sun
10:03:09,6,Jackson Park Express,,Sat
00:49:31,6,Jackson Park Express,,Mon
14:41:17,146,Inner Lake Shore/Michigan Express,,Mon,Tue,Wed,Thu,Fri
07:07:40,62,Archer,,Sat
06:36:04,36,Broadway,,Sun
18:11:17,6,Jackson Park Express,,Mon,Tue,Wed,Thu,Fri
08:07:11,146,Inner Lake Shore/Michigan Express,,Mon,Tue,Wed,Thu,Fri
11:41:17,6,Jackson Park Express,,Mon,Tue,Wed,Thu,Fri
12:10:47,29,State,,Sun
11:45:13,6,Jackson Park Express,,Sat
17:50:09,6,Jackson Park Express,,Sun
17:18:01,36,Broadway,,Sun
11:10:04,62,Archer,,Sat
12:48:19,36,Broadway,,Sat
14:23:04,62,Archer,,Sun
20:26:34,146,Inner Lake Shore/Michigan Express,,Mon,Tue,Wed,Thu,Fri
22:03:35,6,Jackson Park Express,,Sun
16:28:44,29,State,,Sun
13:46:14,62,Archer,,Mon,Tue,Wed,Thu,Fri
05:16:08,29,State,,Sun
12:39:44,29,State,,Sat
12:36:52,146,Inner Lake Shore/Michigan Express,,Sun
21:19:36,62,Archer,,Sat
09:16:08,62,Archer,,Sat
09:24:48,146,Inner Lake Shore/Michigan Express,,Mon,Tue,Wed,Thu,Fri
22:07:46,146,Inner Lake Shore/Michigan Express,,Mon,Tue,Wed,Thu,Fri
17:21:02,62,Archer,,Sat
13:36:10,36,Broadway,,Sat
12:31:46,62,Archer,,Mon,Tue,Wed,Thu,Fri
21:21:04,62,Archer,,Mon,Tue,Wed,Thu,Fri
05:44:35,6,Jackson Park Express,,Sat
10:20:28,36,Broadway,,Mon,Tue,Wed,Thu,Fri
17:42:22,146,Inner Lake Shore/Michigan Express,,Sun
13:40:09,6,Jackson Park Express,,Sun
07:10:04,29,State,,Sun
15:21:10,29,State,,Mon,Tue,Wed,Thu,Fri
19:31:40,36,Broadway,,Mon,Tue,Wed,Thu,Fri
14:12:14,29,State,,Sat
07:16:22,146,Inner Lake Shore/Michigan Express,,Mon,Tue,Wed,Thu,Fri
17:28:41,6,Jackson Park Express,,Sun
06:54:40,36,Broadway,,Mon,Tue,Wed,Thu,Fri
22:22:28,146,Inner Lake Shore/Michigan Express,,Mon,Tue,Wed,Thu,Fri
09:43:38,62,Archer,,Sun
13:00:39,6,Jackson Park Express,,Sat
18:09:03,2,Hyde Park Express,,Mon,Tue,Wed,Thu,Fri
13:49:22,146,Inner Lake Shore/Michigan Express,,Sun
17:45:40,36,Broadway,,Sat
24:09:21,29,State,,Sat
14:30:40,36,Broadway,,Sat
19:54:43,36,Broadway,,Sun
06:44:04,29,State,,Mon,Tue,Wed,Thu,Fri
21:27:38,62,Archer,,Sun
16:01:09,6,Jackson Park Express,,Mon,Tue,Wed,Thu,Fri
07:55:41,146,Inner Lake Shore/Michigan Express,,Mon,Tue,Wed,Thu,Fri
21:50:34,29,State,,Sun
17:30:09,6,Jackson Park Express,,Sun
02:06:49,62,Archer,,Tue,Wed,Thu,Fri,Sat
15:09:37,36,Broadway,,Mon,Tue,Wed,Thu,Fri
09:42:00,29,State,,Sat
20:58:10,36,Broadway,,Mon,Tue,Wed,Thu,Fri
07:57:10,62,Archer,,Sun
10:07:31,6,Jackson Park Express,,Mon,Tue,Wed,Thu,Fri
18:44:34,146,Inner Lake Shore/Michigan Express,,Sun
18:32:52,146,Inner Lake Shore/Michigan Express,,Sun
08:23:25,148,Clarendon/Michigan Express,,Mon,Tue,Wed,Thu,Fri
11:46:18,62,Archer,,Mon,Tue,Wed,Thu,Fri
12:22:19,36,Broadway,,Sun
09:52:40,36,Broadway,,Sat
13:56:32,62,Archer,,Sat
19:29:34,146,Inner Lake Shore/Michigan Express,,Sun
08:47:40,146,Inner Lake Shore/Michigan Express,,Sun
17:32:09,6,Jackson Park Express,,Mon,Tue,Wed,Thu,Fri
19:28:32,62,Archer,,Sat
10:29:34,29,State,,Sun
07:21:21,146,Inner Lake Shore/Michigan Express,,Sat
14:31:17,146,Inner Lake Shore/Michigan Express,,Mon,Tue,Wed,Thu,Fri
23:11:04,29,State,,Sun
08:07:31,36,Broadway,,Sat
18:58:14,29,State,,Sat
14:41:17,146,Inner Lake Shore/Michigan Express,,Mon,Tue,Wed,Thu,Fri
15:10:14,29,State,,Sat
15:30:49,6,Jackson Park Express,,Mon,Tue,Wed,Thu,Fri
19:51:10,36,Broadway,,Sat
06:14:43,36,Broadway,,Sat
00:21:45,62,Archer,,Sun
20:04:52,146,Inner Lake Shore/Michigan Express,,Sat
15:15:40,36,Broadway,,Sat
10:34:01,36,Broadway,,Sat
09:05:51,29,State,,Sat
18:52:59,146,Inner Lake Shore/Michigan Express,,Sat
13:51:57,29,State,,Mon,Tue,Wed,Thu,Fri
09:32:47,29,State,,Sun
08:57:00,29,State,,Mon,Tue,Wed,Thu,Fri
07:38:10,62,Archer,,Sun
15:32:10,29,State,,Mon,Tue,Wed,Thu,Fri
16:51:49,36,Broadway,,Sat
17:17:49,36,Broadway,,Sat
01:36:49,62,Archer,,Tue,Wed,Thu,Fri,Sat
10:22:59,146,Inner Lake Shore/Michigan Express,,Sat
09:03:05,6,Jackson Park Express,,Sat
22:59:36,62,Archer,,Sat
07:03:01,6,Jackson Park Express,,Mon,Tue,Wed,Thu,Fri
07:51:33,2,Hyde Park Express,,Mon,Tue,Wed,Thu,Fri
14:54:32,62,Archer,,Sat
16:24:25,36,Broadway,,Mon,Tue,Wed,Thu,Fri
08:24:03,2,Hyde Park Express,,Mon,Tue,Wed,Thu,Fri
18:58:34,146,Inner Lake Shore/Michigan Express,,Sun
07:47:37,148,Clarendon/Michigan Express,,Mon,Tue,Wed,Thu,Fri
09:14:40,146,Inner Lake Shore/Michigan Express,,Sun
09:46:04,62,Archer,,Mon,Tue,Wed,Thu,Fri
14:15:13,6,Jackson Park Express,,Sat
04:46:13,36,Broadway,,Mon,Tue,Wed,Thu,Fri
08:06:44,148,Clarendon/Michigan Express,,Mon,Tue,Wed,Thu,Fri
13:22:22,146,Inner Lake Shore/Michigan Express,,Sun
11:17:17,6,Jackson Park Express,,Mon,Tue,Wed,Thu,Fri
13:39:57,29,State,,Mon,Tue,Wed,Thu,Fri
14:20:07,36,Broadway,,Mon,Tue,Wed,Thu,Fri
10:01:04,62,Archer,,Mon,Tue,Wed,Thu,Fri
18:04:57,29,State,,Sat
14:38:42,62,Archer,,Mon,Tue,Wed,Thu,Fri
07:17:20,62,Archer,,Mon,Tue,Wed,Thu,Fri
11:17:59,146,Inner Lake Shore/Michigan Express,,Mon,Tue,Wed,Thu,Fri
08:08:04,29,State,,Sat
13:07:09,6,Jackson Park Express,,Sun
09:11:04,146,Inner Lake Shore/Michigan Express,,Sat
06:25:05,6,Jackson Park Express,,Sat
20:14:31,6,Jackson Park Express,,Mon,Tue,Wed,Thu,Fri
09:51:47,29,State,,Sun
13:57:13,6,Jackson Park Express,,Sat
17:50:45,6,Jackson Park Express,,Sat
10:38:59,146,Inner Lake Shore/Michigan Express,,Mon,Tue,Wed,Thu,Fri
18:14:10,36,Broadway,,Sat
21:04:31,6,Jackson Park Express,,Mon,Tue,Wed,Thu,Fri
13:28:41,146,Inner Lake Shore/Michigan Express,,Sat
06:43:08,29,State,,Sat
20:20:36,62,Archer,,Sun
09:54:31,36,Broadway,,Sun
00:51:45,62,Archer,,Mon
10:29:45,6,Jackson Park Express,,Mon,Tue,Wed,Thu,Fri
08:14:28,146,Inner Lake Shore/Michigan Express,,Sat
16:39:44,29,State,,Sat
22:39:36,62,Archer,,Sat
21:53:00,29,State,,Mon,Tue,Wed,Thu,Fri
08:24:01,36,Broadway,,Sat
11:55:10,36,Broadway,,Sun
16:38:29,146,Inner Lake Shore/Michigan Express,,Sat
11:36:18,62,Archer,,Sat
18:00:49,6,Jackson Park Express,,Mon,Tue,Wed,Thu,Fri
19:02:31,36,Broadway,,Sun
15:12:09,6,Jackson Park Express,,Mon,Tue,Wed,Thu,Fri
13:20:44,29,State,,Sat
14:50:40,36,Broadway,,Sun
19:21:14,29,State,,Sat
09:45:29,146,Inner Lake Shore/Michigan Express,,Sat
18:06:02,62,Archer,,Sat
13:16:04,146,Inner Lake Shore/Michigan Express,,Sun
00:43:21,29,State,,Tue,Wed,Thu,Fri,Sat
07:15:03,146,Inner Lake Shore/Michigan Express,,Sun
22:39:43,36,Broadway,,Sun
20:58:16,146,Inner Lake Shore/Michigan Express,,Sun
09:12:38,62,Archer,,Sun
15:09:44,29,State,,Sun
24:09:21,29,State,,Sat
15:58:11,6,Jackson Park Express,,Sun
11:56:14,29,State,,Mon,Tue,Wed,Thu,Fri
14:49:10,29,State,,Mon,Tue,Wed,Thu,Fri
08:57:00,29,State,,Mon,Tue,Wed,Thu,Fri
21:54:13,36,Broadway,,Sun
20:07:09,6,Jackson Park Express,,Sat
14:53:05,6,Jackson Park Express,,Mon,Tue,Wed,Thu,Fri
20:29:30,29,State,,Sat
15:20:44,29,State,,Sat
18:54:31,36,Broadway,,Sat
12:34:39,6,Jackson Park Express,,Sat
12:15:39,6,Jackson Park Express,,Sat
21:36:05,6,Jackson Park Express,,Sun
08:12:21,146,Inner Lake Shore/Michigan Express,,Mon,Tue,Wed,Thu,Fri
21:48:41,6,Jackson Park Express,,Mon,Tue,Wed,Thu,Fri
00:36:49,62,Archer,,Tue,Wed,Thu,Fri,Sat
12:54:40,36,Broadway,,Sun
17:50:34,36,Broadway,,Mon,Tue,Wed,Thu,Fri
18:53:02,62,Archer,,Sat
06:58:35,6,Jackson Park Express,,Sun
10:31:09,6,Jackson Park Express,,Sun
14:07:22,146,Inner Lake Shore/Michigan Express,,Sun
23:31:21,29,State,,Sun
13:17:00,62,Archer,,Mon,Tue,Wed,Thu,Fri
06:59:42,62,Archer,,Sun
20:01:46,146,Inner Lake Shore/Michigan Express,,Sun
18:30:14,62,Archer,,Mon,Tue,Wed,Thu,Fri
15:46:22,146,Inner Lake Shore/Michigan Express,,Sun
17:51:02,62,Archer,,Sat
20:23:43,36,Broadway,,Sun
17:48:31,36,Broadway,,Sun
07:35:17,29,State,,Mon,Tue,Wed,Thu,Fri
06:48:40,62,Archer,,Sat
18:36:32,62,Archer,,Sat
17:14:45,6,Jackson Park Express,,Sat
23:55:43,36,Broadway,,Sun
10:08:04,62,Archer,,Sat
16:39:22,146,Inner Lake Shore/Michigan Express,,Sun
07:35:51,146,Inner Lake Shore/Michigan Express,,Sun
16:13:49,36,Broadway,,Sat
22:02:47,29,State,,Sat
13:45:40,36,Broadway,,Sat
13:19:11,6,Jackson Park Express,,Sun
20:06:35,6,Jackson Park Express,,Sun
15:22:09,6,Jackson Park Express,,Mon,Tue,Wed,Thu,Fri
07:10:04,29,State,,Sun
13:45:09,6,Jackson Park Express,,Sat
13:48:13,6,Jackson Park Express,,Sat
11:43:14,29,State,,Mon,Tue,Wed,Thu,Fri
23:16:43,36,Broadway,,Sun
08:28:07,36,Broadway,,Mon,Tue,Wed,Thu,Fri
11:59:40,36,Broadway,,Sat
10:45:22,62,Archer,,Sun
20:30:13,6,Jackson Park Express,,Mon,Tue,Wed,Thu,Fri
21:10:34,29,State,,Sun
07:39:35,6,Jackson Park Express,,Sat
21:32:01,36,Broadway,,Sat
10:06:58,36,Broadway,,Mon,Tue,Wed,Thu,Fri
00:16:51,29,State,,Tue,Wed,Thu,Fri,Sat
19:13:00,29,State,,Sun
09:01:40,146,Inner Lake Shore/Michigan Express,,Sun
09:31:31,6,Jackson Park Express,,Mon,Tue,Wed,Thu,Fri
13:17:00,62,Archer,,Mon,Tue,Wed,Thu,Fri
24:13:52,36,Broadway,,Mon,Tue,Wed,Thu,Fri
11:56:14,29,State,,Mon,Tue,Wed,Thu,Fri
21:47:17,29,State,,Sat
23:36:17,29,State,,Sat
22:39:28,146,Inner Lake Shore/Michigan Express,,Mon,Tue,Wed,Thu,Fri
00:47:51,29,State,,Mon
19:10:32,62,Archer,,Sat
10:27:13,6,Jackson Park Express,,Sat
16:13:49,36,Broadway,,Sat
17:38:34,36,Broadway,,Mon,Tue,Wed,Thu,Fri
13:28:49,6,Jackson Park Express,,Mon,Tue,Wed,Thu,Fri
22:07:37,6,Jackson Park Express,,Sat
20:08:13,36,Broadway,,Sun
11:09:40,36,Broadway,,Sat
17:59:52,146,Inner Lake Shore/Michigan Express,,Sun
23:35:04,29,State,,Mon,Tue,Wed,Thu,Fri
12:45:13,6,Jackson Park Express,,Sat
16:10:49,6,Jackson Park Express,,Mon,Tue,Wed,Thu,Fri
07:48:47,29,State,,Mon,Tue,Wed,Thu,Fri
18:31:53,2,Hyde Park Express,,Mon,Tue,Wed,Thu,Fri
14:30:39,6,Jackson Park Express,,Sat
14:50:45,6,Jackson Park Express,,Sat
12:29:19,36,Broadway,,Sat
08:24:28,146,Inner Lake Shore/Michigan Express,,Sat
11:39:40,36,Broadway,,Sat
00:14:35,6,Jackson Park Express,,Sun
12:15:32,62,Archer,,Sat
16:15:01,36,Broadway,,Sun
18:15:46,36,Broadway,,Mon,Tue,Wed,Thu,Fri
00:43:21,29,State,,Tue,Wed,Thu,Fri,Sat
11:14:22,36,Broadway,,Sun
16:38:53,29,State,,Mon,Tue,Wed,Thu,Fri
18:31:17,6,Jackson Park Express,,Mon,Tue,Wed,Thu,Fri
20:44:18,62,Archer,,Mon,Tue,Wed,Thu,Fri
10:47:58,36,Broadway,,Mon,Tue,Wed,Thu,Fri
14:06:13,6,Jackson Park Express,,Sat
13:49:35,6,Jackson Park Express,,Mon,Tue,Wed,Thu,Fri
23:35:04,29,State,,Mon,Tue,Wed,Thu,Fri
11:23:04,62,Archer,,Sat
18:37:05,6,Jackson Park Express,,Mon,Tue,Wed,Thu,Fri
15:43:31,36,Broadway,,Sun
08:25:37,6,Jackson Park Express,,Sat
24:13:52,36,Broadway,,Mon,Tue,Wed,Thu,Fri
11:32:04,146,Inner Lake Shore/Michigan Express,,Sun
16:50:21,6,Jackson Park Express,,Mon,Tue,Wed,Thu,Fri
17:48:04,62,Archer,,Sun
00:18:31,6,Jackson Park Express,,Mon
13:49:04,62,Archer,,Sun
15:11:40,36,Broadway,,Sun
08:54:38,62,Archer,,Sun
06:07:01,36,Broadway,,Mon,Tue,Wed,Thu,Fri
16:00:26,62,Archer,,Mon,Tue,Wed,Thu,Fri
19:42:13,6,Jackson Park Express,,Mon,Tue,Wed,Thu,Fri
16:13:22,146,Inner Lake Shore/Michigan Express,,Sun
15:10:14,29,State,,Sat
18:50:01,36,Broadway,,Sun
19:04:29,146,Inner Lake Shore/Michigan Express,,Mon,Tue,Wed,Thu,Fri
16:16:14,29,State,,Sun
15:33:01,36,Broadway,,Sun
20:37:00,29,State,,Mon,Tue,Wed,Thu,Fri
23:36:17,29,State,,Sat
07:50:51,146,Inner Lake Shore/Michigan Express,,Mon,Tue,Wed,Thu,Fri
17:00:53,29,State,,Mon,Tue,Wed,Thu,Fri
16:38:17,146,Inner Lake Shore/Michigan Express,,Mon,Tue,Wed,Thu,Fri
05:48:12,62,Archer,,Mon,Tue,Wed,Thu,Fri
09:10:00,29,State,,Mon,Tue,Wed,Thu,Fri
16:22:11,146,Inner Lake Shore/Michigan Express,,Sat
08:15:05,6,Jackson Park Express,,Sat
03:06:49,62,Archer,,Mon,Tue,Wed,Thu,Fri
19:22:31,36,Broadway,,Sat
06:05:08,29,State,,Sun
08:35:24,62,Archer,,Sun
08:54:16,36,Broadway,,Mon,Tue,Wed,Thu,Fri
04:06:49,62,Archer,,Sat
18:57:50,62,Archer,,Sun
13:25:35,6,Jackson Park Express,,Mon,Tue,Wed,Thu,Fri
12:35:13,6,Jackson Park Express,,Sat
12:34:19,36,Broadway,,Sun
14:57:37,36,Broadway,,Mon,Tue,Wed,Thu,Fri
21:02:35,6,Jackson Park Express,,Sat
12:25:09,6,Jackson Park Express,,Sat
07:57:40,146,Inner Lake Shore/Michigan Express,,Sun
13:55:07,36,Broadway,,Mon,Tue,Wed,Thu,Fri
18:42:17,6,Jackson Park Express,,Mon,Tue,Wed,Thu,Fri
21:53:00,29,State,,Mon,Tue,Wed,Thu,Fri
00:30:31,6,Jackson Park Express,,Sun
14:09:29,146,Inner Lake Shore/Michigan Express,,Sat
19:10:32,62,Archer,,Sat
17:03:59,146,Inner Lake Shore/Michigan Express,,Sat
19:00:39,6,Jackson Park Express,,Sat
08:07:11,146,Inner Lake Shore/Michigan Express,,Mon,Tue,Wed,Thu,Fri
16:21:32,62,Archer,,Sat
20:41:37,6,Jackson Park Express,,Sun
22:12:22,36,Broadway,,Mon,Tue,Wed,Thu,Fri
17:00:19,36,Broadway,,Sat
10:52:09,6,Jackson Park Express,,Sat
10:51:13,6,Jackson Park Express,,Sat
07:38:35,6,Jackson Park Express,,Mon,Tue,Wed,Thu,Fri
20:39:13,36,Broadway,,Sun
07:42:03,2,Hyde Park Express,,Mon,Tue,Wed,Thu,Fri
09:37:41,146,Inner Lake Shore/Michigan Express,,Sat
16:49:26,62,Archer,,Mon,Tue,Wed,Thu,Fri
17:24:22,146,Inner Lake Shore/Michigan Express,,Sun
08:05:33,2,Hyde Park Express,,Mon,Tue,Wed,Thu,Fri
13:52:49,6,Jackson Park Express,,Mon,Tue,Wed,Thu,Fri
15:44:45,6,Jackson Park Express,,Sat
16:36:02,62,Archer,,Sat
08:10:37,6,Jackson Park Express,,Sat
12:53:44,29,State,,Sat
04:36:49,62,Archer,,Sat
09:13:47,29,State,,Sun
07:33:22,36,Broadway,,Sat
17:37:42,62,Archer,,Mon,Tue,Wed,Thu,Fri
15:40:44,29,State,,Sat
20:23:43,36,Broadway,,Sun
22:19:34,146,Inner Lake Shore/Michigan Express,,Sat
14:24:11,6,Jackson Park Express,,Sun
06:19:54,62,Archer,,Mon,Tue,Wed,Thu,Fri
18:06:05,146,Inner Lake Shore/Michigan Express,,Mon,Tue,Wed,Thu,Fri
09:21:44,148,Clarendon/Michigan Express,,Mon,Tue,Wed,Thu,Fri
17:21:09,6,Jackson Park Express,,Sat
15:48:11,6,Jackson Park Express,,Sun
11:50:10,36,Broadway,,Sat
12:48:14,29,State,,Mon,Tue,Wed,Thu,Fri
23:20:05,6,Jackson Park Express,,Mon,Tue,Wed,Thu,Fri
17:15:22,146,Inner Lake Shore/Michigan Express,,Sun
07:41:34,62,Archer,,Mon,Tue,Wed,Thu,Fri
04:51:13,36,Broadway,,Sat
13:13:02,62,Archer,,Sat
23:14:05,6,Jackson Park Express,,Sat
14:41:29,146,Inner Lake Shore/Michigan Express,,Sat
15:20:49,6,Jackson Park Express,,Mon,Tue,Wed,Thu,Fri
11:30:14,29,State,,Mon,Tue,Wed,Thu,Fri
07:44:10,62,Archer,,Sat
05:33:04,36,Broadway,,Sun
17:00:53,29,State,,Mon,Tue,Wed,Thu,Fri
13:26:10,36,Broadway,,Sat
01:06:31,6,Jackson Park Express,,Mon
10:07:59,146,Inner Lake Shore/Michigan Express,,Sat
21:01:31,36,Broadway,,Sat
11:37:35,146,Inner Lake Shore/Michigan Express,,Mon,Tue,Wed,Thu,Fri
15:56:39,6,Jackson Park Express,,Sun
17:06:02,62,Archer,,Sat
10:08:16,146,Inner Lake Shore/Michigan Express,,Sun
15:09:37,36,Broadway,,Mon,Tue,Wed,Thu,Fri
10:46:11,146,Inner Lake Shore/Michigan Express,,Sat
18:22:40,36,Broadway,,Sat
15:54:01,36,Broadway,,Sun
20:15:10,36,Broadway,,Mon,Tue,Wed,Thu,Fri
18:51:11,6,Jackson Park Express,,Sun
07:53:34,62,Archer,,Mon,Tue,Wed,Thu,Fri
11:35:06,62,Archer,,Sun
17:30:34,62,Archer,,Sun
08:48:17,146,Inner Lake Shore/Michigan Express,,Mon,Tue,Wed,Thu,Fri
07:01:11,6,Jackson Park Express,,Mon,Tue,Wed,Thu,Fri
18:35:40,29,State,,Mon,Tue,Wed,Thu,Fri
09:36:25,148,Clarendon/Michigan Express,,Mon,Tue,Wed,Thu,Fri
12:50:17,146,Inner Lake Shore/Michigan Express,,Mon,Tue,Wed,Thu,Fri
10:00:29,146,Inner Lake Shore/Michigan Express,,Sat
09:39:28,146,Inner Lake Shore/Michigan Express,,Sun
21:31:37,6,Jackson Park Express,,Sat
24:15:43,36,Broadway,,Sun
16:58:26,62,Archer,,Mon,Tue,Wed,Thu,Fri
15:10:40,29,State,,Mon,Tue,Wed,Thu,Fri
18:19:29,146,Inner Lake Shore/Michigan Express,,Mon,Tue,Wed,Thu,Fri
11:43:14,29,State,,Mon,Tue,Wed,Thu,Fri
07:57:54,62,Archer,,Sat
22:19:34,146,Inner Lake Shore/Michigan Express,,Sat
13:30:47,146,Inner Lake Shore/Michigan Express,,Mon,Tue,Wed,Thu,Fri
02:06:49,62,Archer,,Tue,Wed,Thu,Fri,Sat
18:25:01,36,Broadway,,Sun
15:26:26,62,Archer,,Mon,Tue,Wed,Thu,Fri
20:27:18,62,Archer,,Mon,Tue,Wed,Thu,Fri
12:09:10,36,Broadway,,Sat
17:42:00,146,Inner Lake Shore/Michigan Express,,Mon,Tue,Wed,Thu,Fri
18:05:05,6,Jackson Park Express,,Mon,Tue,Wed,Thu,Fri
21:33:31,36,Broadway,,Mon,Tue,Wed,Thu,Fri
18:33:39,6,Jackson Park Express,,Sun
11:01:04,62,Archer,,Mon,Tue,Wed,Thu,Fri
18:53:17,6,Jackson Park Express,,Mon,Tue,Wed,Thu,Fri
11:46:18,62,Archer,,Mon,Tue,Wed,Thu,Fri
23:13:40,146,Inner Lake Shore/Michigan Express,,Sun
08:03:28,146,Inner Lake Shore/Michigan Express,,Sat
18:30:11,6,Jackson Park Express,,Sun
15:26:45,6,Jackson Park Express,,Sat
12:56:41,146,Inner Lake Shore/Michigan Express,,Sat
04:06:49,62,Archer,,Sat
12:54:40,36,Broadway,,Sun
12:08:47,146,Inner Lake Shore/Michigan Express,,Sat
13:30:07,36,Broadway,,Mon,Tue,Wed,Thu,Fri
20:12:22,146,Inner Lake Shore/Michigan Express,,Mon,Tue,Wed,Thu,Fri
23:39:35,6,Jackson Park Express,,Sun
12:05:17,6,Jackson Park Express,,Mon,Tue,Wed,Thu,Fri
18:37:33,2,Hyde Park Express,,Mon,Tue,Wed,Thu,Fri
18:18:59,146,Inner Lake Shore/Michigan Express,,Sat
06:21:12,62,Archer,,Sun
11:29:35,6,Jackson Park Express,,Mon,Tue,Wed,Thu,Fri
08:57:21,148,Clarendon/Michigan Express,,Mon,Tue,Wed,Thu,Fri
11:35:06,62,Archer,,Sun
14:41:29,146,Inner Lake Shore/Michigan Express,,Sat
11:01:40,146,Inner Lake Shore/Michigan Express,,Mon,Tue,Wed,Thu,Fri
06:03:40,62,Archer,,Mon,Tue,Wed,Thu,Fri
16:11:16,36,Broadway,,Mon,Tue,Wed,Thu,Fri
22:04:01,36,Broadway,,Sat
18:37:31,36,Broadway,,Sun
05:13:08,29,State,,Sat
15:51:14,29,State,,Sun
06:35:13,36,Broadway,,Sat
14:31:17,146,Inner Lake Shore/Michigan Express,,Mon,Tue,Wed,Thu,Fri
18:12:31,36,Broadway,,Sun
16:49:53,29,State,,Mon,Tue,Wed,Thu,Fri
23:55:51,29,State,,Mon,Tue,Wed,Thu,Fri
08:39:17,146,Inner Lake Shore/Michigan Express,,Mon,Tue,Wed,Thu,Fri
19:41:04,29,State,,Sun
23:29:35,6,Jackson Park Express,,Sat
01:22:54,62,Archer,,Mon
08:34:28,146,Inner Lake Shore/Michigan Express,,Sat
10:01:00,29,State,,Mon,Tue,Wed,Thu,Fri
11:14:04,146,Inner Lake Shore/Michigan Express,,Sun
13:54:40,36,Broadway,,Sat
17:36:27,29,State,,Sat
15:49:26,62,Archer,,Mon,Tue,Wed,Thu,Fri
08:28:35,6,Jackson Park Express,,Mon,Tue,Wed,Thu,Fri
14:42:35,6,Jackson Park Express,,Mon,Tue,Wed,Thu,Fri
05:07:01,6,Jackson Park Express,,Mon,Tue,Wed,Thu,Fri
09:36:00,29,State,,Mon,Tue,Wed,Thu,Fri
13:12:41,146,Inner Lake Shore/Michigan Express,,Sat
10:44:22,36,Broadway,,Sun
17:50:52,146,Inner Lake Shore/Michigan Express,,Sun
13:18:09,6,Jackson Park Express,,Sun
14:25:32,62,Archer,,Sat
07:13:41,6,Jackson Park Express,,Mon,Tue,Wed,Thu,Fri
07:48:47,29,State,,Mon,Tue,Wed,Thu,Fri
09:59:00,29,State,,Sat
09:01:04,62,Archer,,Mon,Tue,Wed,Thu,Fri
11:18:09,6,Jackson Park Express,,Sun
17:17:49,36,Broadway,,Sat
17:59:09,6,Jackson Park Express,,Sat
22:49:35,6,Jackson Park Express,,Sun
05:59:08,29,State,,Sat
17:50:52,146,Inner Lake Shore/Michigan Express,,Sun
12:40:47,146,Inner Lake Shore/Michigan Express,,Sat
09:14:35,6,Jackson Park Express,,Sun
17:40:39,6,Jackson Park Express,,Sun
11:51:36,62,Archer,,Sun
16:21:32,62,Archer,,Sat
11:16:04,62,Archer,,Mon,Tue,Wed,Thu,Fri
08:26:43,36,Broadway,,Sun
18:28:13,6,Jackson Park Express,,Sat
10:06:40,36,Broadway,,Sat
15:25:14,29,State,,Sun
05:58:31,6,Jackson Park Express,,Mon,Tue,Wed,Thu,Fri
15:08:45,6,Jackson Park Express,,Sat
09:28:38,62,Archer,,Sun
01:20:05,6,Jackson Park Express,,Tue,Wed,Thu,Fri,Sat
13:17:10,36,Broadway,,Sun
15:07:59,146,Inner Lake Shore/Michigan Express,,Sat
09:14:14,148,Clarendon/Michigan Express,,Mon,Tue,Wed,Thu,Fri
07:44:10,62,Archer,,Sat
16:11:16,36,Broadway,,Mon,Tue,Wed,Thu,Fri
15:06:40,36,Broadway,,Sat
14:21:09,6,Jackson Park Express,,Sat
23:43:35,6,Jackson Park Express,,Sat
18:05:34,62,Archer,,Sun
08:02:21,146,Inner Lake Shore/Michigan Express,,Mon,Tue,Wed,Thu,Fri
09:51:39,6,Jackson Park Express,,Sat
13:07:04,146,Inner Lake Shore/Michigan Express,,Sun
14:04:17,29,State,,Sun
00:20:05,6,Jackson Park Express,,Tue,Wed,Thu,Fri,Sat
11:03:44,29,State,,Mon,Tue,Wed,Thu,Fri
19:30:30,29,State,,Mon,Tue,Wed,Thu,Fri
10:42:09,6,Jackson Park Express,,Sun
18:30:14,62,Archer,,Mon,Tue,Wed,Thu,Fri
12:25:13,6,Jackson Park Express,,Sat
22:17:28,146,Inner Lake Shore/Michigan Express,,Sun
17:41:45,6,Jackson Park Express,,Sat
13:06:11,6,Jackson Park Express,,Sun
11:34:11,146,Inner Lake Shore/Michigan Express,,Sat
13:20:41,146,Inner Lake Shore/Michigan Express,,Sat
07:47:04,29,State,,Sat
13:27:32,62,Archer,,Sat
05:47:52,36,Broadway,,Mon,Tue,Wed,Thu,Fri
16:22:22,146,Inner Lake Shore/Michigan Express,,Sun
19:30:11,146,Inner Lake Shore/Michigan Express,,Mon,Tue,Wed,Thu,Fri
07:33:11,146,Inner Lake Shore/Michigan Express,,Mon,Tue,Wed,Thu,Fri
09:04:37,6,Jackson Park Express,,Sat
24:02:31,6,Jackson Park Express,,Sun
14:55:41,6,Jackson Park Express,,Sun
19:44:41,146,Inner Lake Shore/Michigan Express,,Mon,Tue,Wed,Thu,Fri
21:14:00,29,State,,Mon,Tue,Wed,Thu,Fri
19:28:32,62,Archer,,Sat
12:52:09,6,Jackson Park Express,,Sat
02:36:49,62,Archer,,Sun
19:58:06,62,Archer,,Sun
15:01:47,146,Inner Lake Shore/Michigan Express,,Mon,Tue,Wed,Thu,Fri
15:32:09,6,Jackson Park Express,,Mon,Tue,Wed,Thu,Fri
19:04:10,36,Broadway,,Mon,Tue,Wed,Thu,Fri
16:13:22,146,Inner Lake Shore/Michigan Express,,Sun
01:05:31,6,Jackson Park Express,,Tue,Wed,Thu,Fri,Sat
14:39:49,6,Jackson Park Express,,Mon,Tue,Wed,Thu,Fri
19:06:29,146,Inner Lake Shore/Michigan Express,,Sat
09:22:14,148,Clarendon/Michigan Express,,Mon,Tue,Wed,Thu,Fri
19:15:36,62,Archer,,Sun
16:59:09,6,Jackson Park Express,,Sun
19:02:31,36,Broadway,,Sun
16:48:41,6,Jackson Park Express,,Sun
15:54:49,36,Broadway,,Sat
09:42:22,62,Archer,,Sat
13:32:17,29,State,,Sun
10:59:52,36,Broadway,,Sun
22:03:41,6,Jackson Park Express,,Mon,Tue,Wed,Thu,Fri
16:42:19,36,Broadway,,Sat
16:58:57,29,State,,Sat
23:52:52,36,Broadway,,Mon,Tue,Wed,Thu,Fri
07:31:04,29,State,,Sun
14:29:40,36,Broadway,,Sun
16:05:53,29,State,,Mon,Tue,Wed,Thu,Fri
22:19:36,62,Archer,,Sat
18:56:09,6,Jackson Park Express,,Sun
09:05:15,6,Jackson Park Express,,Mon,Tue,Wed,Thu,Fri
12:56:41,146,Inner Lake Shore/Michigan Express,,Sat
13:45:40,36,Broadway,,Sat
09:31:04,62,Archer,,Mon,Tue,Wed,Thu,Fri
16:05:11,146,Inner Lake Shore/Michigan Express,,Sat
12:25:44,29,State,,Sat
19:09:44,29,State,,Sat
18:21:17,6,Jackson Park Express,,Mon,Tue,Wed,Thu,Fri
19:45:00,29,State,,Mon,Tue,Wed,Thu,Fri
08:01:28,36,Broadway,,Mon,Tue,Wed,Thu,Fri
00:51:45,62,Archer,,Sun
18:21:02,62,Archer,,Sat
19:36:10,36,Broadway,,Sat
23:52:36,62,Archer,,Sat
15:24:39,6,Jackson Park Express,,Sat
11:34:11,146,Inner Lake Shore/Michigan Express,,Sat
14:03:40,36,Broadway,,Sat
15:22:31,36,Broadway,,Sun
00:36:54,62,Archer,,Mon
07:21:21,146,Inner Lake Shore/Michigan Express,,Sat
19:43:46,146,Inner Lake Shore/Michigan Express,,Sun
09:03:08,62,Archer,,Sat
21:14:00,29,State,,Mon,Tue,Wed,Thu,Fri
16:08:11,6,Jackson Park Express,,Sun
18:43:14,62,Archer,,Mon,Tue,Wed,Thu,Fri
07:44:22,36,Broadway,,Sun
17:40:09,6,Jackson Park Express,,Sat
14:38:42,62,Archer,,Mon,Tue,Wed,Thu,Fri
09:05:51,29,State,,Sat
22:57:28,146,Inner Lake Shore/Michigan Express,,Mon,Tue,Wed,Thu,Fri
14:23:04,62,Archer,,Sun
12:53:44,29,State,,Sat
19:45:00,29,State,,Mon,Tue,Wed,Thu,Fri
15:24:40,36,Broadway,,Sat
21:52:46,146,Inner Lake Shore/Michigan Express,,Mon,Tue,Wed,Thu,Fri
22:37:28,146,Inner Lake Shore/Michigan Express,,Sun
14:04:49,6,Jackson Park Express,,Mon,Tue,Wed,Thu,Fri
16:51:05,146,Inner Lake Shore/Michigan Express,,Mon,Tue,Wed,Thu,Fri
12:08:06,62,Archer,,Sun
12:16:32,62,Archer,,Mon,Tue,Wed,Thu,Fri
21:25:43,36,Broadway,,Sun
06:43:08,29,State,,Sat
09:24:17,29,State,,Sat
09:59:16,146,Inner Lake Shore/Michigan Express,,Sun
14:07:37,36,Broadway,,Mon,Tue,Wed,Thu,Fri
13:16:40,36,Broadway,,Sat
00:06:49,62,Archer,,Sun
13:36:41,146,Inner Lake Shore/Michigan Express,,Sat
21:27:38,62,Archer,,Sun
17:22:26,62,Archer,,Mon,Tue,Wed,Thu,Fri
13:16:28,36,Broadway,,Mon,Tue,Wed,Thu,Fri
16:29:59,146,Inner Lake Shore/Michigan Express,,Sat
08:23:40,146,Inner Lake Shore/Michigan Express,,Mon,Tue,Wed,Thu,Fri
15:09:44,29,State,,Sun
12:01:32,62,Archer,,Mon,Tue,Wed,Thu,Fri
23:25:31,36,Broadway,,Sat
11:18:28,36,Broadway,,Mon,Tue,Wed,Thu,Fri
16:38:41,6,Jackson Park Express,,Sun
11:19:40,36,Broadway,,Sat
12:28:39,6,Jackson Park Express,,Sun
21:48:01,36,Broadway,,Sat
14:52:22,146,Inner Lake Shore/Michigan Express,,Sun
16:39:44,29,State,,Sat
22:39:28,146,Inner Lake Shore/Michigan Express,,Mon,Tue,Wed,Thu,Fri
10:25:14,29,State,,Mon,Tue,Wed,Thu,Fri
12:00:47,146,Inner Lake Shore/Michigan Express,,Sat
23:37:36,62,Archer,,Sat
10:49:30,29,State,,Sat
18:36:32,62,Archer,,Sat
13:46:14,62,Archer,,Mon,Tue,Wed,Thu,Fri
12:57:50,62,Archer,,Sun
13:48:17,29,State,,Sun
09:37:41,146,Inner Lake Shore/Michigan Express,,Sat
11:44:43,6,Jackson Park Express,,Sun
11:06:31,6,Jackson Park Express,,Mon,Tue,Wed,Thu,Fri
17:24:22,146,Inner Lake Shore/Michigan Express,,Sun
15:01:47,146,Inner Lake Shore/Michigan Express,,Mon,Tue,Wed,Thu,Fri
05:28:12,62,Archer,,Mon,Tue,Wed,Thu,Fri
22:33:47,29,State,,Sat
14:08:40,36,Broadway,,Sun
01:06:49,62,Archer,,Tue,Wed,Thu,Fri,Sat
08:24:08,62,Archer,,Sat
15:57:11,146,Inner Lake Shore/Michigan Express,,Sat
06:40:42,62,Archer,,Sun
10:14:08,62,Archer,,Sun
10:19:31,6,Jackson Park Express,,Mon,Tue,Wed,Thu,Fri
19:33:11,6,Jackson Park Express,,Sun
07:05:51,146,Inner Lake Shore/Michigan Express,,Sat
12:32:47,146,Inner Lake Shore/Michigan Express,,Sat
15:28:22,146,Inner Lake Shore/Michigan Express,,Sun
06:38:08,62,Archer,,Mon,Tue,Wed,Thu,Fri
13:15:47,29,State,,Sun
10:54:11,146,Inner Lake Shore/Michigan Express,,Sat
12:01:09,6,Jackson Park Express,,Sun
22:50:31,36,Broadway,,Sat
13:27:40,36,Broadway,,Sun
15:48:04,62,Archer,,Sun
07:33:11,146,Inner Lake Shore/Michigan Express,,Mon,Tue,Wed,Thu,Fri
19:00:35,6,Jackson Park Express,,Mon,Tue,Wed,Thu,Fri
14:50:49,6,Jackson Park Express,,Mon,Tue,Wed,Thu,Fri
16:39:56,62,Archer,,Mon,Tue,Wed,Thu,Fri
21:16:01,36,Broadway,,Mon,Tue,Wed,Thu,Fri
15:52:32,62,Archer,,Sat
06:50:51,146,Inner Lake Shore/Michigan Express,,Sat
15:23:32,62,Archer,,Sat
10:01:09,6,Jackson Park Express,,Sun
12:22:19,36,Broadway,,Sun
00:13:35,6,Jackson Park Express,,Mon
19:39:46,62,Archer,,Mon,Tue,Wed,Thu,Fri
19:35:41,146,Inner Lake Shore/Michigan Express,,Sat
07:04:38,29,State,,Sat
01:05:31,6,Jackson Park Express,,Sun
14:43:09,6,Jackson Park Express,,Sun
20:00:10,36,Broadway,,Mon,Tue,Wed,Thu,Fri
12:05:39,6,Jackson Park Express,,Sat
21:43:37,6,Jackson Park Express,,Sat
10:15:29,146,Inner Lake Shore/Michigan Express,,Sat
16:00:09,6,Jackson Park Express,,Sat
06:21:08,29,State,,Sat
20:41:34,146,Inner Lake Shore/Michigan Express,,Mon,Tue,Wed,Thu,Fri
11:02:11,146,Inner Lake Shore/Michigan Express,,Sat
11:54:17,29,State,,Sun
18:09:59,146,Inner Lake Shore/Michigan Express,,Sat
06:54:40,36,Broadway,,Mon,Tue,Wed,Thu,Fri
15:12:17,146,Inner Lake Shore/Michigan Express,,Mon,Tue,Wed,Thu,Fri
12:09:14,29,State,,Sat
21:52:46,146,Inner Lake Shore/Michigan Express,,Mon,Tue,Wed,Thu,Fri
09:02:52,36,Broadway,,Sun
13:01:44,29,State,,Mon,Tue,Wed,Thu,Fri
18:19:52,146,Inner Lake Shore/Michigan Express,,Sun
22:22:36,62,Archer,,Mon,Tue,Wed,Thu,Fri
10:29:04,146,Inner Lake Shore/Michigan Express,,Sun
15:55:22,146,Inner Lake Shore/Michigan Express,,Sun
18:48:13,6,Jackson Park Express,,Sat
23:32:22,36,Broadway,,Mon,Tue,Wed,Thu,Fri
14:40:10,36,Broadway,,Sun
21:05:08,62,Archer,,Sun
13:40:49,6,Jackson Park Express,,Mon,Tue,Wed,Thu,Fri
05:54:04,36,Broadway,,Sun
08:51:21,148,Clarendon/Michigan Express,,Mon,Tue,Wed,Thu,Fri
18:09:11,6,Jackson Park Express,,Sun
13:15:47,29,State,,Sun
14:21:17,146,Inner Lake Shore/Michigan Express,,Mon,Tue,Wed,Thu,Fri
14:12:40,36,Broadway,,Sat
07:15:03,146,Inner Lake Shore/Michigan Express,,Sun
16:00:44,29,State,,Sat
08:17:55,148,Clarendon/Michigan Express,,Mon,Tue,Wed,Thu,Fri
20:00:10,36,Broadway,,Mon,Tue,Wed,Thu,Fri
18:04:40,36,Broadway,,Sat
16:16:53,29,State,,Mon,Tue,Wed,Thu,Fri
10:06:58,36,Broadway,,Mon,Tue,Wed,Thu,Fri
22:44:37,6,Jackson Park Express,,Sun
00:23:31,6,Jackson Park Express,,Tue,Wed,Thu,Fri,Sat
16:54:39,6,Jackson Park Express,,Sat
23:44:08,62,Archer,,Sun
17:58:41,6,Jackson Park Express,,Sun
21:42:22,146,Inner Lake Shore/Michigan Express,,Sat
08:50:35,6,Jackson Park Express,,Sat
14:41:45,6,Jackson Park Express,,Sat
00:29:35,6,Jackson Park Express,,Sun
13:20:44,29,State,,Sat
06:23:31,36,Broadway,,Mon,Tue,Wed,Thu,Fri
09:02:18,146,Inner Lake Shore/Michigan Express,,Mon,Tue,Wed,Thu,Fri
20:39:05,6,Jackson Park Express,,Sat
19:38:09,6,Jackson Park Express,,Sat
21:54:13,36,Broadway,,Sun
20:47:40,36,Broadway,,Sat
15:25:09,6,Jackson Park Express,,Sun
12:27:52,146,Inner Lake Shore/Michigan Express,,Sun
14:27:10,29,State,,Mon,Tue,Wed,Thu,Fri
10:20:28,36,Broadway,,Mon,Tue,Wed,Thu,Fri
14:32:37,36,Broadway,,Mon,Tue,Wed,Thu,Fri
19:41:22,36,Broadway,,Sun
19:54:39,6,Jackson Park Express,,Sun
15:17:45,6,Jackson Park Express,,Sat
23:55:43,36,Broadway,,Sun
18:38:28,36,Broadway,,Mon,Tue,Wed,Thu,Fri
05:12:04,36,Broadway,,Sun
18:08:45,6,Jackson Park Express,,Sat
20:36:40,36,Broadway,,Mon,Tue,Wed,Thu,Fri
13:13:35,6,Jackson Park Express,,Mon,Tue,Wed,Thu,Fri
07:24:35,6,Jackson Park Express,,Sun
07:48:35,6,Jackson Park Express,,Sat
21:33:31,36,Broadway,,Mon,Tue,Wed,Thu,Fri
17:45:43,2,Hyde Park Express,,Mon,Tue,Wed,Thu,Fri
17:16:44,2,Hyde Park Express,,Mon,Tue,Wed,Thu,Fri
13:28:41,146,Inner Lake Shore/Michigan Express,,Sat
06:05:08,29,State,,Sun
06:35:03,146,Inner Lake Shore/Michigan Express,,Sun
18:08:39,6,Jackson Park Express,,Sat
09:12:38,62,Archer,,Sun
18:15:05,6,Jackson Park Express,,Mon,Tue,Wed,Thu,Fri
20:00:00,29,State,,Mon,Tue,Wed,Thu,Fri
13:20:41,146,Inner Lake Shore/Michigan Express,,Sat
17:18:01,36,Broadway,,Sun
10:46:04,62,Archer,,Mon,Tue,Wed,Thu,Fri
05:36:08,29,State,,Sat
06:38:08,62,Archer,,Mon,Tue,Wed,Thu,Fri
09:56:59,146,Inner Lake Shore/Michigan Express,,Mon,Tue,Wed,Thu,Fri
15:15:59,146,Inner Lake Shore/Michigan Express,,Sat
12:13:43,6,Jackson Park Express,,Sun
08:54:38,62,Archer,,Sun
10:00:14,148,Clarendon/Michigan Express,,Mon,Tue,Wed,Thu,Fri
12:10:28,36,Broadway,,Mon,Tue,Wed,Thu,Fri
10:46:40,146,Inner Lake Shore/Michigan Express,,Mon,Tue,Wed,Thu,Fri
11:30:10,36,Broadway,,Sat
19:51:10,36,Broadway,,Sat
04:06:49,62,Archer,,Mon,Tue,Wed,Thu,Fri
07:35:17,29,State,,Mon,Tue,Wed,Thu,Fri
12:30:17,146,Inner Lake Shore/Michigan Express,,Mon,Tue,Wed,Thu,Fri
15:34:40,36,Broadway,,Sat
09:19:40,36,Broadway,,Sun
16:38:09,2,Hyde Park Express,,Mon,Tue,Wed,Thu,Fri
12:18:52,146,Inner Lake Shore/Michigan Express,,Sun
07:08:01,2,Hyde Park Express,,Mon,Tue,Wed,Thu,Fri
03:06:49,62,Archer,,Sat
17:29:42,62,Archer,,Mon,Tue,Wed,Thu,Fri
07:33:05,6,Jackson Park Express,,Sun
12:53:13,6,Jackson Park Express,,Sun
13:32:04,62,Archer,,Sun
08:20:03,148,Clarendon/Michigan Express,,Mon,Tue,Wed,Thu,Fri
19:07:43,2,Hyde Park Express,,Mon,Tue,Wed,Thu,Fri
17:03:39,6,Jackson Park Express,,Sat
06:55:03,146,Inner Lake Shore/Michigan Express,,Sun
21:38:35,6,Jackson Park Express,,Sat
19:22:41,6,Jackson Park Express,,Sun
15:14:04,62,Archer,,Sun
19:32:30,29,State,,Sat
05:16:08,29,State,,Sun
10:49:30,29,State,,Sat
22:58:08,62,Archer,,Sun
14:43:22,146,Inner Lake Shore/Michigan Express,,Sun
07:03:05,6,Jackson Park Express,,Sat
10:22:59,146,Inner Lake Shore/Michigan Express,,Sat
14:01:29,146,Inner Lake Shore/Michigan Express,,Sat
07:52:04,29,State,,Sun
21:39:13,36,Broadway,,Sun
04:06:49,62,Archer,,Sun
17:14:56,62,Archer,,Mon,Tue,Wed,Thu,Fri
18:21:00,29,State,,Sun
13:39:13,6,Jackson Park Express,,Sat
14:57:04,62,Archer,,Sun
15:11:40,36,Broadway,,Sun
16:05:04,62,Archer,,Sun
05:52:54,29,State,,Mon,Tue,Wed,Thu,Fri
08:45:34,36,Broadway,,Sun
14:01:29,146,Inner Lake Shore/Michigan Express,,Sat
19:06:29,146,Inner Lake Shore/Michigan Express,,Sat
17:06:02,62,Archer,,Sat
16:55:29,146,Inner Lake Shore/Michigan Express,,Sat
23:25:31,36,Broadway,,Sat
07:26:04,29,State,,Sat
05:41:08,29,State,,Sun
14:06:04,62,Archer,,Sun
13:26:10,36,Broadway,,Sat
16:13:41,146,Inner Lake Shore/Michigan Express,,Sat
12:27:52,146,Inner Lake Shore/Michigan Express,,Sun
22:19:37,6,Jackson Park Express,,Sat
17:52:07,2,Hyde Park Express,,Mon,Tue,Wed,Thu,Fri
23:44:35,6,Jackson Park Express,,Sat
10:25:29,146,Inner Lake Shore/Michigan Express,,Mon,Tue,Wed,Thu,Fri
21:47:17,29,State,,Sat
19:43:46,146,Inner Lake Shore/Michigan Express,,Sun
12:40:17,146,Inner Lake Shore/Michigan Express,,Mon,Tue,Wed,Thu,Fri
12:57:40,36,Broadway,,Sat
12:15:32,62,Archer,,Sat
08:38:14,148,Clarendon/Michigan Express,,Mon,Tue,Wed,Thu,Fri
20:17:37,6,Jackson Park Express,,Sun
06:29:40,62,Archer,,Sat
18:08:30,29,State,,Sun
12:48:41,146,Inner Lake Shore/Michigan Express,,Sat
16:41:14,29,State,,Sun
14:03:27,29,State,,Mon,Tue,Wed,Thu,Fri
20:55:00,29,State,,Mon,Tue,Wed,Thu,Fri
15:33:17,146,Inner Lake Shore/Michigan Express,,Mon,Tue,Wed,Thu,Fri
12:31:46,62,Archer,,Mon,Tue,Wed,Thu,Fri
19:54:41,6,Jackson Park Express,,Sat
13:32:17,29,State,,Sun
15:42:09,6,Jackson Park Express,,Mon,Tue,Wed,Thu,Fri
19:36:10,36,Broadway,,Sat
19:57:22,146,Inner Lake Shore/Michigan Express,,Mon,Tue,Wed,Thu,Fri
17:45:40,36,Broadway,,Sat
21:11:04,146,Inner Lake Shore/Michigan Express,,Mon,Tue,Wed,Thu,Fri
05:06:54,62,Archer,,Sun
20:43:09,6,Jackson Park Express,,Sat
09:37:31,36,Broadway,,Sun
13:31:22,146,Inner Lake Shore/Michigan Express,,Sun
14:06:04,62,Archer,,Sun
19:13:34,146,Inner Lake Shore/Michigan Express,,Sun
12:01:32,62,Archer,,Mon,Tue,Wed,Thu,Fri
14:52:22,146,Inner Lake Shore/Michigan Express,,Sun
20:39:36,62,Archer,,Sat
16:14:13,2,Hyde Park Express,,Mon,Tue,Wed,Thu,Fri
14:40:04,62,Archer,,Sun
17:26:33,2,Hyde Park Express,,Mon,Tue,Wed,Thu,Fri
21:39:36,62,Archer,,Sat
08:17:34,62,Archer,,Mon,Tue,Wed,Thu,Fri
10:56:04,146,Inner Lake Shore/Michigan Express,,Sun
17:56:30,29,State,,Sun
21:11:04,146,Inner Lake Shore/Michigan Express,,Mon,Tue,Wed,Thu,Fri
18:25:35,6,Jackson Park Express,,Mon,Tue,Wed,Thu,Fri
15:46:09,6,Jackson Park Express,,Sun
15:49:43,2,Hyde Park Express,,Mon,Tue,Wed,Thu,Fri
15:03:26,62,Archer,,Mon,Tue,Wed,Thu,Fri
05:47:52,36,Broadway,,Mon,Tue,Wed,Thu,Fri
14:51:17,146,Inner Lake Shore/Michigan Express,,Mon,Tue,Wed,Thu,Fri
13:46:44,29,State,,Sat
12:48:19,36,Broadway,,Sat
21:00:47,29,State,,Sat
11:09:40,36,Broadway,,Sat
19:29:39,6,Jackson Park Express,,Sun
10:37:44,29,State,,Mon,Tue,Wed,Thu,Fri
09:41:45,6,Jackson Park Express,,Mon,Tue,Wed,Thu,Fri
14:22:09,6,Jackson Park Express,,Sun
13:31:11,6,Jackson Park Express,,Sun
09:19:40,36,Broadway,,Sun
12:30:17,146,Inner Lake Shore/Michigan Express,,Mon,Tue,Wed,Thu,Fri
22:00:04,146,Inner Lake Shore/Michigan Express,,Sat
11:44:28,36,Broadway,,Mon,Tue,Wed,Thu,Fri
17:14:34,36,Broadway,,Mon,Tue,Wed,Thu,Fri
15:55:22,146,Inner Lake Shore/Michigan Express,,Sun
03:06:49,62,Archer,,Mon,Tue,Wed,Thu,Fri
10:06:40,36,Broadway,,Sat
17:28:29,146,Inner Lake Shore/Michigan Express,,Sat
20:52:01,6,Jackson Park Express,,Mon,Tue,Wed,Thu,Fri
17:32:09,2,Hyde Park Express,,Mon,Tue,Wed,Thu,Fri
14:28:49,6,Jackson Park Express,,Mon,Tue,Wed,Thu,Fri
08:28:07,36,Broadway,,Mon,Tue,Wed,Thu,Fri
16:04:31,36,Broadway,,Sun
23:08:01,36,Broadway,,Sat
23:36:13,36,Broadway,,Sun
18:28:59,146,Inner Lake Shore/Michigan Express,,Sat
09:55:37,6,Jackson Park Express,,Sun
08:52:37,6,Jackson Park Express,,Sat
13:59:28,62,Archer,,Mon,Tue,Wed,Thu,Fri
12:25:44,29,State,,Sat
15:37:22,146,Inner Lake Shore/Michigan Express,,Sun
10:32:04,62,Archer,,Sat
06:51:01,6,Jackson Park Express,,Sun
18:58:14,29,State,,Sat
19:10:00,62,Archer,,Mon,Tue,Wed,Thu,Fri
15:00:49,6,Jackson Park Express,,Mon,Tue,Wed,Thu,Fri
15:46:22,146,Inner Lake Shore/Michigan Express,,Sun
12:10:28,36,Broadway,,Mon,Tue,Wed,Thu,Fri
14:57:40,36,Broadway,,Sat
17:18:41,6,Jackson Park Express,,Sun
11:25:13,6,Jackson Park Express,,Sat
17:43:09,6,Jackson Park Express,,Mon,Tue,Wed,Thu,Fri
19:30:13,6,Jackson Park Express,,Sat
08:27:59,146,Inner Lake Shore/Michigan Express,,Mon,Tue,Wed,Thu,Fri
08:15:40,146,Inner Lake Shore/Michigan Express,,Sun
16:03:44,29,State,,Sun
15:51:14,29,State,,Sun
22:35:08,62,Archer,,Sun
21:02:04,62,Archer,,Mon,Tue,Wed,Thu,Fri
13:01:35,6,Jackson Park Express,,Mon,Tue,Wed,Thu,Fri
11:17:59,146,Inner Lake Shore/Michigan Express,,Mon,Tue,Wed,Thu,Fri
18:25:44,29,State,,Sat
18:21:02,62,Archer,,Sat
05:06:54,62,Archer,,Sun
09:29:11,146,Inner Lake Shore/Michigan Express,,Sat
18:34:00,29,State,,Sun
15:15:40,36,Broadway,,Sat
10:16:04,62,Archer,,Mon,Tue,Wed,Thu,Fri
17:15:22,146,Inner Lake Shore/Michigan Express,,Sun
17:26:57,29,State,,Sat
18:49:29,146,Inner Lake Shore/Michigan Express,,Mon,Tue,Wed,Thu,Fri
19:57:04,29,State,,Sun
22:33:01,6,Jackson Park Express,,Mon,Tue,Wed,Thu,Fri
08:28:25,148,Clarendon/Michigan Express,,Mon,Tue,Wed,Thu,Fri
09:12:48,146,Inner Lake Shore/Michigan Express,,Mon,Tue,Wed,Thu,Fri
15:54:01,36,Broadway,,Sun
16:22:22,146,Inner Lake Shore/Michigan Express,,Sun
14:22:05,6,Jackson Park Express,,Mon,Tue,Wed,Thu,Fri
13:59:44,29,State,,Sat
08:53:16,146,Inner Lake Shore/Michigan Express,,Sat
11:59:47,146,Inner Lake Shore/Michigan Express,,Mon,Tue,Wed,Thu,Fri
02:36:49,62,Archer,,Tue,Wed,Thu,Fri,Sat
19:45:10,36,Broadway,,Mon,Tue,Wed,Thu,Fri
10:21:31,36,Broadway,,Sat
05:41:08,29,State,,Sun
18:35:40,29,State,,Mon,Tue,Wed,Thu,Fri
16:56:44,2,Hyde Park Express,,Mon,Tue,Wed,Thu,Fri
19:12:11,6,Jackson Park Express,,Sun
10:59:52,36,Broadway,,Sun
22:59:34,146,Inner Lake Shore/Michigan Express,,Sat
14:40:09,6,Jackson Park Express,,Sat
10:34:28,36,Broadway,,Mon,Tue,Wed,Thu,Fri
06:35:13,36,Broadway,,Sat
07:51:28,146,Inner Lake Shore/Michigan Express,,Sat
11:59:40,36,Broadway,,Sat
08:05:34,62,Archer,,Mon,Tue,Wed,Thu,Fri
12:38:19,36,Broadway,,Sat
15:44:19,36,Broadway,,Sat
11:23:04,146,Inner Lake Shore/Michigan Express,,Sun
14:36:44,29,State,,Sat
20:50:34,29,State,,Sun
15:16:09,6,Jackson Park Express,,Sat
21:40:50,62,Archer,,Mon,Tue,Wed,Thu,Fri
16:36:55,36,Broadway,,Mon,Tue,Wed,Thu,Fri
08:46:04,62,Archer,,Mon,Tue,Wed,Thu,Fri
09:24:17,29,State,,Sat
17:45:57,29,State,,Sat
00:06:49,62,Archer,,Tue,Wed,Thu,Fri,Sat
09:12:48,146,Inner Lake Shore/Michigan Express,,Mon,Tue,Wed,Thu,Fri
15:43:10,29,State,,Mon,Tue,Wed,Thu,Fri
14:50:40,36,Broadway,,Sun
10:37:59,146,Inner Lake Shore/Michigan Express,,Sat
06:15:04,36,Broadway,,Sun
11:01:58,36,Broadway,,Mon,Tue,Wed,Thu,Fri
01:00:05,6,Jackson Park Express,,Tue,Wed,Thu,Fri,Sat
12:18:40,36,Broadway,,Sat
19:18:13,6,Jackson Park Express,,Sat
08:31:04,62,Archer,,Mon,Tue,Wed,Thu,Fri
07:38:28,146,Inner Lake Shore/Michigan Express,,Sat
13:30:47,146,Inner Lake Shore/Michigan Express,,Mon,Tue,Wed,Thu,Fri
12:43:47,29,State,,Sun
18:37:31,36,Broadway,,Sun
16:51:02,62,Archer,,Sat
16:29:45,6,Jackson Park Express,,Sat
17:06:14,29,State,,Sun
11:41:04,146,Inner Lake Shore/Michigan Express,,Sun
15:22:47,146,Inner Lake Shore/Michigan Express,,Mon,Tue,Wed,Thu,Fri
08:02:21,146,Inner Lake Shore/Michigan Express,,Mon,Tue,Wed,Thu,Fri
10:59:10,36,Broadway,,Sat
08:44:03,2,Hyde Park Express,,Mon,Tue,Wed,Thu,Fri
12:54:13,6,Jackson Park Express,,Sat
14:01:35,6,Jackson Park Express,,Mon,Tue,Wed,Thu,Fri
10:31:59,146,Inner Lake Shore/Michigan Express,,Mon,Tue,Wed,Thu,Fri
11:32:39,6,Jackson Park Express,,Sun
13:49:04,62,Archer,,Sun
12:18:40,36,Broadway,,Sat
16:53:44,29,State,,Sun
18:23:04,62,Archer,,Sun
10:44:22,36,Broadway,,Sun
14:53:00,29,State,,Sun
06:01:12,62,Archer,,Sun
18:03:46,36,Broadway,,Mon,Tue,Wed,Thu,Fri
21:48:01,6,Jackson Park Express,,Mon,Tue,Wed,Thu,Fri
16:28:41,6,Jackson Park Express,,Sun
22:37:28,146,Inner Lake Shore/Michigan Express,,Sun
06:26:51,29,State,,Mon,Tue,Wed,Thu,Fri
16:10:39,6,Jackson Park Express,,Mon,Tue,Wed,Thu,Fri
06:21:12,62,Archer,,Sun
11:18:11,146,Inner Lake Shore/Michigan Express,,Sat
10:10:17,29,State,,Sun
04:06:49,62,Archer,,Sun
11:01:04,62,Archer,,Mon,Tue,Wed,Thu,Fri
18:49:29,146,Inner Lake Shore/Michigan Express,,Mon,Tue,Wed,Thu,Fri
17:48:04,62,Archer,,Sun
15:25:14,29,State,,Sun
06:05:05,6,Jackson Park Express,,Sat
19:25:00,62,Archer,,Mon,Tue,Wed,Thu,Fri
21:10:13,36,Broadway,,Sun
12:43:09,6,Jackson Park Express,,Sat
23:13:40,146,Inner Lake Shore/Michigan Express,,Sun
18:00:31,36,Broadway,,Sun
08:32:03,2,Hyde Park Express,,Mon,Tue,Wed,Thu,Fri
01:21:45,62,Archer,,Sun
16:46:33,2,Hyde Park Express,,Mon,Tue,Wed,Thu,Fri
19:50:41,146,Inner Lake Shore/Michigan Express,,Sat
13:16:28,36,Broadway,,Mon,Tue,Wed,Thu,Fri
00:21:45,62,Archer,,Tue,Wed,Thu,Fri,Sat
08:43:58,146,Inner Lake Shore/Michigan Express,,Sat
14:33:05,6,Jackson Park Express,,Mon,Tue,Wed,Thu,Fri
08:40:31,36,Broadway,,Sat
09:52:40,36,Broadway,,Sat
19:17:10,36,Broadway,,Mon,Tue,Wed,Thu,Fri
22:18:17,29,State,,Sat
11:16:04,62,Archer,,Mon,Tue,Wed,Thu,Fri
07:25:40,36,Broadway,,Mon,Tue,Wed,Thu,Fri
10:44:04,62,Archer,,Sat
11:05:04,146,Inner Lake Shore/Michigan Express,,Sun
24:23:01,36,Broadway,,Sat
11:26:11,146,Inner Lake Shore/Michigan Express,,Sat
12:09:52,146,Inner Lake Shore/Michigan Express,,Sun
02:06:49,62,Archer,,Mon
05:31:26,62,Archer,,Sat
16:26:17,146,Inner Lake Shore/Michigan Express,,Mon,Tue,Wed,Thu,Fri
09:16:09,6,Jackson Park Express,,Sat
00:13:35,6,Jackson Park Express,,Sun
05:36:45,62,Archer,,Sun
05:37:58,146,Inner Lake Shore/Michigan Express,,Mon,Tue,Wed,Thu,Fri
15:28:22,146,Inner Lake Shore/Michigan Express,,Sun
18:23:10,29,State,,Mon,Tue,Wed,Thu,Fri
13:47:40,36,Broadway,,Sun
23:43:31,36,Broadway,,Sat
13:36:41,146,Inner Lake Shore/Michigan Express,,Sat
13:03:28,36,Broadway,,Mon,Tue,Wed,Thu,Fri
16:22:11,146,Inner Lake Shore/Michigan Express,,Sat
23:29:38,62,Archer,,Mon,Tue,Wed,Thu,Fri
16:36:02,62,Archer,,Sat
12:38:19,36,Broadway,,Sat
15:10:22,146,Inner Lake Shore/Michigan Express,,Sun
06:57:04,36,Broadway,,Sun
22:19:36,62,Archer,,Sat
06:44:05,6,Jackson Park Express,,Sat
18:53:02,62,Archer,,Sat
18:21:00,29,State,,Sun
16:53:44,29,State,,Sun
19:21:43,2,Hyde Park Express,,Mon,Tue,Wed,Thu,Fri
20:14:04,29,State,,Sun
09:28:09,6,Jackson Park Express,,Sat
11:04:04,29,State,,Sun
09:29:11,146,Inner Lake Shore/Michigan Express,,Sat
22:03:31,6,Jackson Park Express,,Mon,Tue,Wed,Thu,Fri
10:15:41,6,Jackson Park Express,,Sat
13:59:44,29,State,,Sat
13:10:17,146,Inner Lake Shore/Michigan Express,,Mon,Tue,Wed,Thu,Fri
11:27:52,36,Broadway,,Sun
19:38:01,6,Jackson Park Express,,Mon,Tue,Wed,Thu,Fri
23:20:17,29,State,,Sat
11:54:17,29,State,,Sun
08:35:24,62,Archer,,Sun
05:36:45,62,Archer,,Sun
01:21:45,62,Archer,,Sun
14:49:10,29,State,,Mon,Tue,Wed,Thu,Fri
20:56:04,146,Inner Lake Shore/Michigan Express,,Mon,Tue,Wed,Thu,Fri
11:35:13,6,Jackson Park Express,,Sat
15:50:44,29,State,,Sat
19:26:04,29,State,,Sun
21:49:05,6,Jackson Park Express,,Sun
11:37:47,29,State,,Sun
19:59:30,29,State,,Sat
09:16:04,62,Archer,,Mon,Tue,Wed,Thu,Fri
22:00:36,62,Archer,,Mon,Tue,Wed,Thu,Fri
03:36:49,62,Archer,,Sun
19:28:22,36,Broadway,,Sun
18:14:10,36,Broadway,,Sat
14:59:14,29,State,,Sat
09:03:08,62,Archer,,Sat
16:15:01,36,Broadway,,Sun
23:55:51,29,State,,Mon,Tue,Wed,Thu,Fri
14:59:59,146,Inner Lake Shore/Michigan Express,,Sat
03:06:49,62,Archer,,Sat
11:18:36,62,Archer,,Sun
07:37:31,2,Hyde Park Express,,Mon,Tue,Wed,Thu,Fri
19:16:00,29,State,,Mon,Tue,Wed,Thu,Fri
23:21:08,62,Archer,,Sun
22:45:06,62,Archer,,Mon,Tue,Wed,Thu,Fri
16:28:09,6,Jackson Park Express,,Sun
06:21:58,146,Inner Lake Shore/Michigan Express,,Mon,Tue,Wed,Thu,Fri
16:25:31,36,Broadway,,Sun
13:37:40,36,Broadway,,Sun
13:37:35,6,Jackson Park Express,,Mon,Tue,Wed,Thu,Fri
13:33:44,29,State,,Sat
09:09:23,2,Hyde Park Express,,Mon,Tue,Wed,Thu,Fri
24:00:01,36,Broadway,,Sat
09:01:04,62,Archer,,Mon,Tue,Wed,Thu,Fri
24:05:05,6,Jackson Park Express,,Mon,Tue,Wed,Thu,Fri
06:26:51,29,State,,Sun
16:36:55,36,Broadway,,Mon,Tue,Wed,Thu,Fri
18:04:40,36,Broadway,,Sat
01:08:01,6,Jackson Park Express,,Mon
17:26:40,36,Broadway,,Sat
18:40:41,6,Jackson Park Express,,Sun
08:37:35,6,Jackson Park Express,,Sun
12:37:28,36,Broadway,,Mon,Tue,Wed,Thu,Fri
05:08:12,62,Archer,,Mon,Tue,Wed,Thu,Fri
18:47:00,29,State,,Sun
01:07:54,62,Archer,,Mon
11:55:39,6,Jackson Park Express,,Sat
20:10:32,62,Archer,,Mon,Tue,Wed,Thu,Fri
08:32:10,146,Inner Lake Shore/Michigan Express,,Sun
09:49:00,29,State,,Mon,Tue,Wed,Thu,Fri
16:20:45,6,Jackson Park Express,,Sat
07:10:01,36,Broadway,,Mon,Tue,Wed,Thu,Fri
19:14:22,36,Broadway,,Sun
07:06:29,148,Clarendon/Michigan Express,,Mon,Tue,Wed,Thu,Fri
18:48:27,29,State,,Mon,Tue,Wed,Thu,Fri
13:47:40,36,Broadway,,Sun
10:37:44,29,State,,Mon,Tue,Wed,Thu,Fri
15:01:22,146,Inner Lake Shore/Michigan Express,,Sun
19:26:04,29,State,,Sun
12:20:17,146,Inner Lake Shore/Michigan Express,,Mon,Tue,Wed,Thu,Fri
21:57:28,146,Inner Lake Shore/Michigan Express,,Sun
06:10:40,62,Archer,,Sat
15:51:39,6,Jackson Park Express,,Mon,Tue,Wed,Thu,Fri
10:54:31,6,Jackson Park Express,,Mon,Tue,Wed,Thu,Fri
09:32:01,36,Broadway,,Sat
08:34:59,146,Inner Lake Shore/Michigan Express,,Mon,Tue,Wed,Thu,Fri
15:14:56,62,Archer,,Mon,Tue,Wed,Thu,Fri
16:46:31,36,Broadway,,Sun
21:20:37,6,Jackson Park Express,,Sun
10:16:09,6,Jackson Park Express,,Sun
14:34:41,6,Jackson Park Express,,Sun
20:59:36,62,Archer,,Sat
23:51:21,29,State,,Sat
21:30:34,29,State,,Sun
16:30:14,29,State,,Sat
12:29:32,62,Archer,,Sat
09:29:08,62,Archer,,Sat
07:51:05,6,Jackson Park Express,,Mon,Tue,Wed,Thu,Fri
07:46:11,146,Inner Lake Shore/Michigan Express,,Mon,Tue,Wed,Thu,Fri
21:10:13,36,Broadway,,Sun
09:35:59,146,Inner Lake Shore/Michigan Express,,Mon,Tue,Wed,Thu,Fri
19:02:14,29,State,,Mon,Tue,Wed,Thu,Fri
14:08:40,36,Broadway,,Sun
14:49:39,6,Jackson Park Express,,Sat
13:29:09,6,Jackson Park Express,,Sun
20:27:01,6,Jackson Park Express,,Mon,Tue,Wed,Thu,Fri
08:07:07,148,Clarendon/Michigan Express,,Mon,Tue,Wed,Thu,Fri
14:11:02,62,Archer,,Sat
23:17:46,146,Inner Lake Shore/Michigan Express,,Sat
09:01:40,146,Inner Lake Shore/Michigan Express,,Sun
14:20:07,36,Broadway,,Mon,Tue,Wed,Thu,Fri
08:16:24,62,Archer,,Sun
06:23:31,36,Broadway,,Mon,Tue,Wed,Thu,Fri
11:02:06,62,Archer,,Sun
22:31:52,36,Broadway,,Mon,Tue,Wed,Thu,Fri
08:58:35,6,Jackson Park Express,,Sun
17:33:22,146,Inner Lake Shore/Michigan Express,,Sun
15:22:47,146,Inner Lake Shore/Michigan Express,,Mon,Tue,Wed,Thu,Fri
18:14:57,29,State,,Sat
20:38:16,146,Inner Lake Shore/Michigan Express,,Sun
15:54:53,29,State,,Mon,Tue,Wed,Thu,Fri
13:15:04,62,Archer,,Sun
19:54:13,6,Jackson Park Express,,Mon,Tue,Wed,Thu,Fri
09:55:31,6,Jackson Park Express,,Mon,Tue,Wed,Thu,Fri
18:43:10,36,Broadway,,Sat
22:19:09,6,Jackson Park Express,,Mon,Tue,Wed,Thu,Fri
09:30:17,146,Inner Lake Shore/Michigan Express,,Mon,Tue,Wed,Thu,Fri
20:47:40,36,Broadway,,Sat
14:20:17,29,State,,Sun
17:59:52,146,Inner Lake Shore/Michigan Express,,Sun
19:45:10,36,Broadway,,Mon,Tue,Wed,Thu,Fri
13:16:49,6,Jackson Park Express,,Mon,Tue,Wed,Thu,Fri
21:50:34,29,State,,Sun
21:23:22,146,Inner Lake Shore/Michigan Express,,Sat
17:22:09,2,Hyde Park Express,,Mon,Tue,Wed,Thu,Fri
16:20:56,62,Archer,,Mon,Tue,Wed,Thu,Fri
16:23:19,36,Broadway,,Sat
07:36:59,148,Clarendon/Michigan Express,,Mon,Tue,Wed,Thu,Fri
17:19:00,29,State,,Sun
13:46:44,29,State,,Sat
17:08:19,36,Broadway,,Sat
14:07:37,36,Broadway,,Mon,Tue,Wed,Thu,Fri
01:06:49,62,Archer,,Sun
19:35:41,146,Inner Lake Shore/Michigan Express,,Sat
19:46:04,62,Archer,,Sat
12:50:28,36,Broadway,,Mon,Tue,Wed,Thu,Fri
20:56:04,146,Inner Lake Shore/Michigan Express,,Mon,Tue,Wed,Thu,Fri
22:31:05,6,Jackson Park Express,,Sat
17:23:53,29,State,,Mon,Tue,Wed,Thu,Fri
10:56:04,146,Inner Lake Shore/Michigan Express,,Sun
18:40:20,62,Archer,,Sun
10:30:29,146,Inner Lake Shore/Michigan Express,,Sat
10:34:01,36,Broadway,,Sat
10:03:40,146,Inner Lake Shore/Michigan Express,,Mon,Tue,Wed,Thu,Fri
02:36:49,62,Archer,,Sun
14:01:09,6,Jackson Park Express,,Sun
12:00:52,146,Inner Lake Shore/Michigan Express,,Sun
23:35:05,6,Jackson Park Express,,Mon,Tue,Wed,Thu,Fri
22:32:37,6,Jackson Park Express,,Sat
01:36:49,62,Archer,,Sun
09:29:08,62,Archer,,Sat
22:30:34,29,State,,Sun
22:17:05,6,Jackson Park Express,,Sat
18:48:35,6,Jackson Park Express,,Mon,Tue,Wed,Thu,Fri
15:57:37,36,Broadway,,Mon,Tue,Wed,Thu,Fri
16:39:22,146,Inner Lake Shore/Michigan Express,,Sun
05:08:12,62,Archer,,Mon,Tue,Wed,Thu,Fri
15:22:31,36,Broadway,,Sun
12:41:06,62,Archer,,Sun
18:43:10,36,Broadway,,Sat
17:26:57,29,State,,Sat
13:04:41,146,Inner Lake Shore/Michigan Express,,Sat
21:16:01,36,Broadway,,Sat
15:06:40,36,Broadway,,Sat
08:54:34,29,State,,Sun
14:09:29,146,Inner Lake Shore/Michigan Express,,Sat
17:09:09,6,Jackson Park Express,,Sun
23:21:08,62,Archer,,Sun
13:14:44,29,State,,Mon,Tue,Wed,Thu,Fri
14:48:14,29,State,,Sat
10:34:28,36,Broadway,,Mon,Tue,Wed,Thu,Fri
08:43:58,146,Inner Lake Shore/Michigan Express,,Sat
09:43:31,6,Jackson Park Express,,Mon,Tue,Wed,Thu,Fri
07:33:18,148,Clarendon/Michigan Express,,Mon,Tue,Wed,Thu,Fri
13:07:40,36,Broadway,,Sat
17:36:40,36,Broadway,,Sat
06:44:04,29,State,,Mon,Tue,Wed,Thu,Fri
23:07:08,62,Archer,,Mon,Tue,Wed,Thu,Fri
15:43:47,146,Inner Lake Shore/Michigan Express,,Mon,Tue,Wed,Thu,Fri
22:49:17,29,State,,Sat
12:02:18,62,Archer,,Sat
09:21:22,146,Inner Lake Shore/Michigan Express,,Sat
06:07:58,146,Inner Lake Shore/Michigan Express,,Mon,Tue,Wed,Thu,Fri
23:04:01,6,Jackson Park Express,,Mon,Tue,Wed,Thu,Fri
07:17:05,6,Jackson Park Express,,Sat
12:46:46,62,Archer,,Mon,Tue,Wed,Thu,Fri
11:30:10,36,Broadway,,Sat
09:16:08,62,Archer,,Sat
15:32:10,29,State,,Mon,Tue,Wed,Thu,Fri
18:40:29,146,Inner Lake Shore/Michigan Express,,Sat
17:20:59,146,Inner Lake Shore/Michigan Express,,Sat
07:41:34,62,Archer,,Mon,Tue,Wed,Thu,Fri
14:19:10,36,Broadway,,Sun
07:14:13,36,Broadway,,Sat
13:42:37,36,Broadway,,Mon,Tue,Wed,Thu,Fri
10:26:37,6,Jackson Park Express,,Sun
05:33:04,36,Broadway,,Sun
09:30:14,148,Clarendon/Michigan Express,,Mon,Tue,Wed,Thu,Fri
08:12:35,6,Jackson Park Express,,Sun
01:21:45,62,Archer,,Tue,Wed,Thu,Fri,Sat
05:06:45,62,Archer,,Sat
07:47:04,29,State,,Sat
12:24:28,36,Broadway,,Mon,Tue,Wed,Thu,Fri
17:06:22,146,Inner Lake Shore/Michigan Express,,Sun
16:10:56,62,Archer,,Mon,Tue,Wed,Thu,Fri
14:03:27,29,State,,Mon,Tue,Wed,Thu,Fri
09:42:37,148,Clarendon/Michigan Express,,Mon,Tue,Wed,Thu,Fri
09:11:04,146,Inner Lake Shore/Michigan Express,,Sat
11:55:10,36,Broadway,,Sun
23:22:35,6,Jackson Park Express,,Sun
16:05:11,146,Inner Lake Shore/Michigan Express,,Sat
11:37:35,146,Inner Lake Shore/Michigan Express,,Mon,Tue,Wed,Thu,Fri
12:59:47,29,State,,Sun
23:56:35,6,Jackson Park Express,,Sun
19:17:10,36,Broadway,,Mon,Tue,Wed,Thu,Fri
11:05:30,29,State,,Sat
09:02:46,146,Inner Lake Shore/Michigan Express,,Sat
12:09:47,146,Inner Lake Shore/Michigan Express,,Mon,Tue,Wed,Thu,Fri
10:10:59,146,Inner Lake Shore/Michigan Express,,Mon,Tue,Wed,Thu,Fri
07:26:04,29,State,,Sat
10:57:04,62,Archer,,Sat
10:20:04,62,Archer,,Sat
12:16:35,6,Jackson Park Express,,Mon,Tue,Wed,Thu,Fri
08:27:34,29,State,,Sat
11:09:29,146,Inner Lake Shore/Michigan Express,,Mon,Tue,Wed,Thu,Fri
08:21:35,6,Jackson Park Express,,Sun
00:31:31,6,Jackson Park Express,,Mon
09:31:04,62,Archer,,Mon,Tue,Wed,Thu,Fri
09:28:46,36,Broadway,,Mon,Tue,Wed,Thu,Fri
22:35:05,6,Jackson Park Express,,Mon,Tue,Wed,Thu,Fri
16:04:19,36,Broadway,,Sat
22:35:08,62,Archer,,Sun
15:09:02,62,Archer,,Sat
06:50:51,146,Inner Lake Shore/Michigan Express,,Sat
14:20:17,29,State,,Sun
10:43:31,6,Jackson Park Express,,Mon,Tue,Wed,Thu,Fri
10:47:40,36,Broadway,,Sat
18:03:46,36,Broadway,,Mon,Tue,Wed,Thu,Fri
00:28:21,29,State,,Sun
16:49:57,29,State,,Sat
14:30:40,36,Broadway,,Sat
17:35:53,29,State,,Mon,Tue,Wed,Thu,Fri
21:24:16,146,Inner Lake Shore/Michigan Express,,Mon,Tue,Wed,Thu,Fri
07:27:53,2,Hyde Park Express,,Mon,Tue,Wed,Thu,Fri
24:15:43,36,Broadway,,Sun
06:36:04,36,Broadway,,Sun
08:43:29,146,Inner Lake Shore/Michigan Express,,Mon,Tue,Wed,Thu,Fri
06:34:58,146,Inner Lake Shore/Michigan Express,,Mon,Tue,Wed,Thu,Fri
18:15:46,36,Broadway,,Mon,Tue,Wed,Thu,Fri
08:16:17,29,State,,Mon,Tue,Wed,Thu,Fri
22:18:35,6,Jackson Park Express,,Sun
20:56:35,6,Jackson Park Express,,Sun
16:45:39,6,Jackson Park Express,,Sat
16:38:45,6,Jackson Park Express,,Sat
15:57:37,36,Broadway,,Mon,Tue,Wed,Thu,Fri
17:30:39,6,Jackson Park Express,,Sat
23:35:01,6,Jackson Park Express,,Mon,Tue,Wed,Thu,Fri
05:36:08,29,State,,Sat
16:39:56,62,Archer,,Mon,Tue,Wed,Thu,Fri
06:40:42,62,Archer,,Sun
17:12:29,146,Inner Lake Shore/Michigan Express,,Sat
22:57:43,36,Broadway,,Sun
08:27:34,29,State,,Sat
07:40:48,148,Clarendon/Michigan Express,,Mon,Tue,Wed,Thu,Fri
16:22:04,62,Archer,,Sun
11:18:28,36,Broadway,,Mon,Tue,Wed,Thu,Fri
14:21:40,36,Broadway,,Sat
18:09:52,146,Inner Lake Shore/Michigan Express,,Sun
18:27:07,36,Broadway,,Mon,Tue,Wed,Thu,Fri
09:16:04,62,Archer,,Mon,Tue,Wed,Thu,Fri
12:41:39,6,Jackson Park Express,,Sun
14:25:42,62,Archer,,Mon,Tue,Wed,Thu,Fri
22:14:37,6,Jackson Park Express,,Sun
17:02:34,36,Broadway,,Mon,Tue,Wed,Thu,Fri
16:04:19,36,Broadway,,Sat
09:17:15,6,Jackson Park Express,,Mon,Tue,Wed,Thu,Fri
20:04:52,146,Inner Lake Shore/Michigan Express,,Sat
18:54:31,36,Broadway,,Sat
19:42:13,6,Jackson Park Express,,Sat
08:05:35,6,Jackson Park Express,,Sun
17:51:02,62,Archer,,Sat
20:58:10,36,Broadway,,Mon,Tue,Wed,Thu,Fri
07:26:33,6,Jackson Park Express,,Mon,Tue,Wed,Thu,Fri
05:25:01,6,Jackson Park Express,,Mon,Tue,Wed,Thu,Fri
08:12:21,29,State,,Sun
13:51:57,29,State,,Mon,Tue,Wed,Thu,Fri
01:22:54,62,Archer,,Mon
13:48:17,29,State,,Sun
10:17:16,146,Inner Lake Shore/Michigan Express,,Sun
05:34:54,29,State,,Mon,Tue,Wed,Thu,Fri
00:06:49,62,Archer,,Tue,Wed,Thu,Fri,Sat
18:04:57,29,State,,Sat
12:15:13,6,Jackson Park Express,,Sat
17:36:59,146,Inner Lake Shore/Michigan Express,,Sat
09:41:07,36,Broadway,,Mon,Tue,Wed,Thu,Fri
06:56:52,62,Archer,,Mon,Tue,Wed,Thu,Fri
00:36:49,62,Archer,,Tue,Wed,Thu,Fri,Sat
13:42:02,62,Archer,,Sat
14:24:44,29,State,,Sat
17:48:31,36,Broadway,,Sun
23:12:52,36,Broadway,,Mon,Tue,Wed,Thu,Fri
19:54:07,6,Jackson Park Express,,Sun
10:53:59,146,Inner Lake Shore/Michigan Express,,Mon,Tue,Wed,Thu,Fri
09:23:00,29,State,,Mon,Tue,Wed,Thu,Fri
00:21:45,62,Archer,,Sun
16:39:04,62,Archer,,Sun
07:50:51,146,Inner Lake Shore/Michigan Express,,Mon,Tue,Wed,Thu,Fri
20:33:40,36,Broadway,,Sat
13:50:39,6,Jackson Park Express,,Sun
11:21:17,29,State,,Sun
17:21:09,6,Jackson Park Express,,Mon,Tue,Wed,Thu,Fri
16:10:56,62,Archer,,Mon,Tue,Wed,Thu,Fri
15:45:37,36,Broadway,,Mon,Tue,Wed,Thu,Fri
09:07:31,6,Jackson Park Express,,Mon,Tue,Wed,Thu,Fri
17:36:02,62,Archer,,Sat
17:17:27,29,State,,Sat
17:55:27,29,State,,Sat
17:07:57,29,State,,Sat
21:55:37,6,Jackson Park Express,,Sat
15:43:10,29,State,,Mon,Tue,Wed,Thu,Fri
13:32:14,62,Archer,,Mon,Tue,Wed,Thu,Fri
08:06:22,36,Broadway,,Sun
11:18:36,62,Archer,,Sun
13:37:40,36,Broadway,,Sun
14:12:40,36,Broadway,,Sat
09:59:00,29,State,,Sat
18:11:40,29,State,,Mon,Tue,Wed,Thu,Fri
05:28:12,62,Archer,,Mon,Tue,Wed,Thu,Fri
13:40:22,146,Inner Lake Shore/Michigan Express,,Sun
12:40:17,146,Inner Lake Shore/Michigan Express,,Mon,Tue,Wed,Thu,Fri
14:57:04,62,Archer,,Sun
13:04:41,146,Inner Lake Shore/Michigan Express,,Sat
22:48:31,6,Jackson Park Express,,Mon,Tue,Wed,Thu,Fri
11:37:30,29,State,,Sat
07:47:35,6,Jackson Park Express,,Sun
20:55:00,29,State,,Mon,Tue,Wed,Thu,Fri
19:41:22,36,Broadway,,Sun
11:21:17,29,State,,Sun
19:04:10,36,Broadway,,Mon,Tue,Wed,Thu,Fri
08:07:31,36,Broadway,,Sat
13:49:22,146,Inner Lake Shore/Michigan Express,,Sun
18:38:39,6,Jackson Park Express,,Sat
07:38:10,62,Archer,,Sun
20:19:31,36,Broadway,,Sat
15:37:56,62,Archer,,Mon,Tue,Wed,Thu,Fri
10:33:00,29,State,,Sat
12:08:06,62,Archer,,Sun
10:39:39,6,Jackson Park Express,,Sat
21:32:01,36,Broadway,,Sat
14:12:09,6,Jackson Park Express,,Sat
07:15:31,6,Jackson Park Express,,Mon,Tue,Wed,Thu,Fri
15:10:49,6,Jackson Park Express,,Mon,Tue,Wed,Thu,Fri
14:36:44,29,State,,Sat
14:24:44,29,State,,Sat
09:35:59,146,Inner Lake Shore/Michigan Express,,Mon,Tue,Wed,Thu,Fri
06:39:40,36,Broadway,,Mon,Tue,Wed,Thu,Fri
10:38:04,146,Inner Lake Shore/Michigan Express,,Sun
11:18:11,146,Inner Lake Shore/Michigan Express,,Sat
09:58:38,62,Archer,,Sun
07:17:29,148,Clarendon/Michigan Express,,Mon,Tue,Wed,Thu,Fri
01:36:49,62,Archer,,Mon
19:35:36,62,Archer,,Sun
09:14:03,148,Clarendon/Michigan Express,,Mon,Tue,Wed,Thu,Fri
17:56:42,62,Archer,,Mon,Tue,Wed,Thu,Fri
05:33:13,36,Broadway,,Sat
00:40:05,6,Jackson Park Express,,Tue,Wed,Thu,Fri,Sat
23:05:35,6,Jackson Park Express,,Sun
11:37:30,29,State,,Sat
19:08:31,36,Broadway,,Sat
09:27:07,6,Jackson Park Express,,Sat
15:30:44,29,State,,Sat
13:15:04,62,Archer,,Sun
13:59:28,62,Archer,,Mon,Tue,Wed,Thu,Fri
06:10:08,29,State,,Mon,Tue,Wed,Thu,Fri
14:48:40,36,Broadway,,Sat
18:06:02,62,Archer,,Sat
20:08:13,36,Broadway,,Sun
22:10:34,29,State,,Sun
18:02:07,2,Hyde Park Express,,Mon,Tue,Wed,Thu,Fri
05:52:58,146,Inner Lake Shore/Michigan Express,,Mon,Tue,Wed,Thu,Fri
10:00:29,146,Inner Lake Shore/Michigan Express,,Sat
12:16:47,146,Inner Lake Shore/Michigan Express,,Sat
17:06:22,146,Inner Lake Shore/Michigan Express,,Sun
09:38:23,2,Hyde Park Express,,Mon,Tue,Wed,Thu,Fri
09:58:38,62,Archer,,Sun
20:31:09,6,Jackson Park Express,,Sat
12:00:52,146,Inner Lake Shore/Michigan Express,,Sun
18:19:52,146,Inner Lake Shore/Michigan Express,,Sun
16:15:17,146,Inner Lake Shore/Michigan Express,,Mon,Tue,Wed,Thu,Fri
05:12:13,36,Broadway,,Sat
10:10:31,36,Broadway,,Sun
18:45:09,6,Jackson Park Express,,Sun
15:00:10,29,State,,Mon,Tue,Wed,Thu,Fri
17:55:10,36,Broadway,,Sat
09:02:52,36,Broadway,,Sun
16:27:39,6,Jackson Park Express,,Sat
09:15:16,36,Broadway,,Mon,Tue,Wed,Thu,Fri
23:28:35,6,Jackson Park Express,,Sat
08:32:25,148,Clarendon/Michigan Express,,Mon,Tue,Wed,Thu,Fri
12:00:47,146,Inner Lake Shore/Michigan Express,,Sat
04:36:49,62,Archer,,Sun
19:44:41,146,Inner Lake Shore/Michigan Express,,Mon,Tue,Wed,Thu,Fri
09:42:22,62,Archer,,Sat
16:57:01,36,Broadway,,Sun
21:38:46,146,Inner Lake Shore/Michigan Express,,Mon,Tue,Wed,Thu,Fri
19:59:30,29,State,,Sat
15:20:44,29,State,,Sat
13:58:22,146,Inner Lake Shore/Michigan Express,,Sun
08:02:05,6,Jackson Park Express,,Sat
03:36:49,62,Archer,,Mon,Tue,Wed,Thu,Fri
15:39:59,146,Inner Lake Shore/Michigan Express,,Sat
18:36:44,29,State,,Sat
17:17:27,29,State,,Sat
07:16:22,146,Inner Lake Shore/Michigan Express,,Mon,Tue,Wed,Thu,Fri
08:40:31,36,Broadway,,Sat
07:39:51,146,Inner Lake Shore/Michigan Express,,Mon,Tue,Wed,Thu,Fri
22:20:01,36,Broadway,,Sat
18:48:27,29,State,,Mon,Tue,Wed,Thu,Fri
09:07:05,146,Inner Lake Shore/Michigan Express,,Mon,Tue,Wed,Thu,Fri
16:04:47,146,Inner Lake Shore/Michigan Express,,Mon,Tue,Wed,Thu,Fri
17:12:29,146,Inner Lake Shore/Michigan Express,,Sat
07:59:44,148,Clarendon/Michigan Express,,Mon,Tue,Wed,Thu,Fri
20:43:06,62,Archer,,Sun
23:44:08,62,Archer,,Sun
21:33:37,6,Jackson Park Express,,Sun
12:39:43,6,Jackson Park Express,,Sun
09:41:07,36,Broadway,,Mon,Tue,Wed,Thu,Fri
12:29:17,6,Jackson Park Express,,Mon,Tue,Wed,Thu,Fri
20:59:36,62,Archer,,Sat
15:12:17,146,Inner Lake Shore/Michigan Express,,Mon,Tue,Wed,Thu,Fri
16:50:34,36,Broadway,,Mon,Tue,Wed,Thu,Fri
17:30:00,146,Inner Lake Shore/Michigan Express,,Mon,Tue,Wed,Thu,Fri
13:16:40,36,Broadway,,Sat
10:31:04,62,Archer,,Mon,Tue,Wed,Thu,Fri
22:31:17,29,State,,Mon,Tue,Wed,Thu,Fri
07:33:05,6,Jackson Park Express,,Sat
17:12:23,29,State,,Mon,Tue,Wed,Thu,Fri
20:10:32,62,Archer,,Mon,Tue,Wed,Thu,Fri
08:41:05,6,Jackson Park Express,,Mon,Tue,Wed,Thu,Fri
16:39:04,62,Archer,,Sun
20:00:00,29,State,,Mon,Tue,Wed,Thu,Fri
01:21:45,62,Archer,,Tue,Wed,Thu,Fri,Sat
18:49:09,6,Jackson Park Express,,Sat
22:03:35,6,Jackson Park Express,,Sat
06:56:16,146,Inner Lake Shore/Michigan Express,,Mon,Tue,Wed,Thu,Fri
10:20:04,62,Archer,,Sat
09:00:44,148,Clarendon/Michigan Express,,Mon,Tue,Wed,Thu,Fri
13:30:07,36,Broadway,,Mon,Tue,Wed,Thu,Fri
16:18:11,6,Jackson Park Express,,Sun
00:06:49,62,Archer,,Sun
11:37:47,29,State,,Sun
19:08:31,36,Broadway,,Sat
12:32:47,146,Inner Lake Shore/Michigan Express,,Sat
08:54:34,29,State,,Sun
16:30:26,62,Archer,,Mon,Tue,Wed,Thu,Fri
19:46:04,62,Archer,,Sat
06:35:03,146,Inner Lake Shore/Michigan Express,,Sun
05:14:54,29,State,,Mon,Tue,Wed,Thu,Fri
10:16:00,29,State,,Sat
09:26:03,2,Hyde Park Express,,Mon,Tue,Wed,Thu,Fri
07:54:37,148,Clarendon/Michigan Express,,Mon,Tue,Wed,Thu,Fri
06:14:43,36,Broadway,,Sat
14:11:17,146,Inner Lake Shore/Michigan Express,,Mon,Tue,Wed,Thu,Fri
21:01:31,36,Broadway,,Sat
17:48:10,29,State,,Mon,Tue,Wed,Thu,Fri
19:54:43,36,Broadway,,Sun
18:00:39,6,Jackson Park Express,,Sun
00:06:54,62,Archer,,Mon
00:51:45,62,Archer,,Tue,Wed,Thu,Fri,Sat
21:59:37,6,Jackson Park Express,,Sun
21:51:05,6,Jackson Park Express,,Sat
14:32:39,6,Jackson Park Express,,Sun
12:49:04,146,Inner Lake Shore/Michigan Express,,Sun
12:27:17,29,State,,Sun
13:53:29,146,Inner Lake Shore/Michigan Express,,Sat
05:52:58,146,Inner Lake Shore/Michigan Express,,Mon,Tue,Wed,Thu,Fri
22:34:31,36,Broadway,,Sat
11:05:04,146,Inner Lake Shore/Michigan Express,,Sun
12:58:32,62,Archer,,Sat
10:31:59,146,Inner Lake Shore/Michigan Express,,Mon,Tue,Wed,Thu,Fri
08:54:16,36,Broadway,,Mon,Tue,Wed,Thu,Fri
06:39:40,36,Broadway,,Mon,Tue,Wed,Thu,Fri
14:01:17,146,Inner Lake Shore/Michigan Express,,Mon,Tue,Wed,Thu,Fri
20:19:31,36,Broadway,,Sat
11:31:28,36,Broadway,,Mon,Tue,Wed,Thu,Fri
05:06:45,62,Archer,,Sat
08:43:29,146,Inner Lake Shore/Michigan Express,,Mon,Tue,Wed,Thu,Fri
08:37:08,62,Archer,,Sat
17:04:24,146,Inner Lake Shore/Michigan Express,,Mon,Tue,Wed,Thu,Fri
09:55:20,62,Archer,,Sat
15:09:02,62,Archer,,Sat
15:04:09,6,Jackson Park Express,,Sun
20:42:13,6,Jackson Park Express,,Mon,Tue,Wed,Thu,Fri
14:27:10,29,State,,Mon,Tue,Wed,Thu,Fri
21:05:08,62,Archer,,Sun
13:42:02,62,Archer,,Sat
08:26:43,36,Broadway,,Sun
07:57:40,146,Inner Lake Shore/Michigan Express,,Sun
08:11:37,36,Broadway,,Mon,Tue,Wed,Thu,Fri
10:25:29,146,Inner Lake Shore/Michigan Express,,Mon,Tue,Wed,Thu,Fri
04:51:13,36,Broadway,,Sat
04:51:04,36,Broadway,,Sun
20:43:22,146,Inner Lake Shore/Michigan Express,,Sat
06:44:58,146,Inner Lake Shore/Michigan Express,,Mon,Tue,Wed,Thu,Fri
17:22:26,62,Archer,,Mon,Tue,Wed,Thu,Fri
12:58:04,146,Inner Lake Shore/Michigan Express,,Sun
22:12:22,36,Broadway,,Mon,Tue,Wed,Thu,Fri
08:19:03,2,Hyde Park Express,,Mon,Tue,Wed,Thu,Fri
13:01:44,29,State,,Mon,Tue,Wed,Thu,Fri
19:29:45,6,Jackson Park Express,,Mon,Tue,Wed,Thu,Fri
06:48:40,62,Archer,,Sat
23:52:08,62,Archer,,Mon,Tue,Wed,Thu,Fri
05:59:31,6,Jackson Park Express,,Sun
12:46:46,62,Archer,,Mon,Tue,Wed,Thu,Fri
09:27:28,146,Inner Lake Shore/Michigan Express,,Sun
22:52:04,29,State,,Mon,Tue,Wed,Thu,Fri
13:27:57,29,State,,Mon,Tue,Wed,Thu,Fri
18:18:28,62,Archer,,Mon,Tue,Wed,Thu,Fri
11:52:47,146,Inner Lake Shore/Michigan Express,,Sat
12:43:47,29,State,,Sun
22:59:34,146,Inner Lake Shore/Michigan Express,,Sat
00:51:45,62,Archer,,Sun
18:10:39,6,Jackson Park Express,,Sun
10:38:04,146,Inner Lake Shore/Michigan Express,,Sun
21:06:41,6,Jackson Park Express,,Mon,Tue,Wed,Thu,Fri
04:36:49,62,Archer,,Sun
13:06:10,36,Broadway,,Sun
08:02:17,29,State,,Mon,Tue,Wed,Thu,Fri
15:57:11,146,Inner Lake Shore/Michigan Express,,Sat
12:02:18,62,Archer,,Sat
20:29:37,6,Jackson Park Express,,Sun
05:05:03,6,Jackson Park Express,,Mon,Tue,Wed,Thu,Fri
15:53:45,6,Jackson Park Express,,Sat
13:27:40,36,Broadway,,Sun
11:03:44,29,State,,Mon,Tue,Wed,Thu,Fri
23:36:13,36,Broadway,,Sun
09:02:18,146,Inner Lake Shore/Michigan Express,,Mon,Tue,Wed,Thu,Fri
07:49:52,36,Broadway,,Sat
10:26:31,36,Broadway,,Sun
23:53:21,29,State,,Sun
20:18:13,6,Jackson Park Express,,Mon,Tue,Wed,Thu,Fri
15:14:56,62,Archer,,Mon,Tue,Wed,Thu,Fri
10:32:04,62,Archer,,Sat
20:05:01,36,Broadway,,Sat
23:46:31,6,Jackson Park Express,,Sun
16:30:14,29,State,,Sat
18:34:29,146,Inner Lake Shore/Michigan Express,,Mon,Tue,Wed,Thu,Fri
08:20:37,36,Broadway,,Mon,Tue,Wed,Thu,Fri
07:31:04,29,State,,Sun
18:07:28,62,Archer,,Mon,Tue,Wed,Thu,Fri
20:39:31,6,Jackson Park Express,,Mon,Tue,Wed,Thu,Fri
18:52:33,2,Hyde Park Express,,Mon,Tue,Wed,Thu,Fri
07:46:11,146,Inner Lake Shore/Michigan Express,,Mon,Tue,Wed,Thu,Fri
16:36:01,36,Broadway,,Sun
19:41:04,29,State,,Sun
18:47:00,29,State,,Sun
08:06:22,36,Broadway,,Sun
15:14:04,62,Archer,,Sun
08:02:17,29,State,,Mon,Tue,Wed,Thu,Fri
23:08:01,36,Broadway,,Sat
19:29:34,146,Inner Lake Shore/Michigan Express,,Sun
17:40:21,6,Jackson Park Express,,Mon,Tue,Wed,Thu,Fri
11:47:09,6,Jackson Park Express,,Sun
09:41:03,2,Hyde Park Express,,Mon,Tue,Wed,Thu,Fri
12:48:41,146,Inner Lake Shore/Michigan Express,,Sat
22:58:08,62,Archer,,Sun
19:30:30,29,State,,Mon,Tue,Wed,Thu,Fri
06:50:40,148,Clarendon/Michigan Express,,Mon,Tue,Wed,Thu,Fri
08:31:04,62,Archer,,Mon,Tue,Wed,Thu,Fri
00:18:21,29,State,,Mon
10:14:39,6,Jackson Park Express,,Sat
19:09:44,29,State,,Sat
18:56:00,62,Archer,,Mon,Tue,Wed,Thu,Fri
15:52:32,62,Archer,,Sat
06:29:40,62,Archer,,Sat
16:07:02,62,Archer,,Sat
10:10:31,36,Broadway,,Sun
09:03:16,36,Broadway,,Mon,Tue,Wed,Thu,Fri
08:43:14,148,Clarendon/Michigan Express,,Mon,Tue,Wed,Thu,Fri
18:09:52,146,Inner Lake Shore/Michigan Express,,Sun
14:14:57,29,State,,Mon,Tue,Wed,Thu,Fri
07:18:47,29,State,,Mon,Tue,Wed,Thu,Fri
18:12:31,36,Broadway,,Sun
17:46:42,62,Archer,,Mon,Tue,Wed,Thu,Fri
18:58:13,6,Jackson Park Express,,Sat
22:02:47,29,State,,Sat
09:52:59,146,Inner Lake Shore/Michigan Express,,Sat
22:07:13,36,Broadway,,Sun
22:56:28,146,Inner Lake Shore/Michigan Express,,Sun
17:56:30,29,State,,Sun
17:55:10,36,Broadway,,Sat
20:54:43,36,Broadway,,Sun
13:42:11,6,Jackson Park Express,,Sun
13:30:13,6,Jackson Park Express,,Sat
17:07:31,36,Broadway,,Sun
23:16:28,146,Inner Lake Shore/Michigan Express,,Mon,Tue,Wed,Thu,Fri
21:39:36,62,Archer,,Sat
16:49:26,62,Archer,,Mon,Tue,Wed,Thu,Fri
19:28:22,36,Broadway,,Sun
13:00:17,146,Inner Lake Shore/Michigan Express,,Mon,Tue,Wed,Thu,Fri
09:14:40,146,Inner Lake Shore/Michigan Express,,Sun
23:30:33,6,Jackson Park Express,,Sun
13:39:57,29,State,,Mon,Tue,Wed,Thu,Fri
17:19:00,29,State,,Sun
22:12:38,62,Archer,,Sun
22:57:28,146,Inner Lake Shore/Michigan Express,,Mon,Tue,Wed,Thu,Fri
09:52:59,146,Inner Lake Shore/Michigan Express,,Sat
17:29:42,62,Archer,,Mon,Tue,Wed,Thu,Fri
15:39:14,29,State,,Sun
17:32:45,6,Jackson Park Express,,Sat
14:59:59,146,Inner Lake Shore/Michigan Express,,Sat
13:58:22,146,Inner Lake Shore/Michigan Express,,Sun
05:55:31,6,Jackson Park Express,,Sun
06:24:31,6,Jackson Park Express,,Sun
16:36:01,36,Broadway,,Sun
07:21:13,36,Broadway,,Sun
06:24:37,6,Jackson Park Express,,Mon,Tue,Wed,Thu,Fri
08:10:54,62,Archer,,Sat
16:56:45,6,Jackson Park Express,,Sat
23:29:38,62,Archer,,Mon,Tue,Wed,Thu,Fri
06:48:41,6,Jackson Park Express,,Mon,Tue,Wed,Thu,Fri
08:56:31,36,Broadway,,Sat
16:46:59,146,Inner Lake Shore/Michigan Express,,Sat
08:50:08,62,Archer,,Sat
05:06:13,36,Broadway,,Mon,Tue,Wed,Thu,Fri
00:36:49,62,Archer,,Sun
00:51:45,62,Archer,,Mon
21:59:36,62,Archer,,Sat
13:36:09,6,Jackson Park Express,,Sat
11:31:18,62,Archer,,Mon,Tue,Wed,Thu,Fri
17:12:39,6,Jackson Park Express,,Sat
07:51:28,146,Inner Lake Shore/Michigan Express,,Sat
18:54:13,2,Hyde Park Express,,Mon,Tue,Wed,Thu,Fri
18:51:49,36,Broadway,,Mon,Tue,Wed,Thu,Fri
00:46:35,6,Jackson Park Express,,Sun
13:16:04,146,Inner Lake Shore/Michigan Express,,Sun
17:56:42,62,Archer,,Mon,Tue,Wed,Thu,Fri
10:47:04,29,State,,Sun
16:41:14,29,State,,Sun
18:07:28,62,Archer,,Mon,Tue,Wed,Thu,Fri
10:29:04,146,Inner Lake Shore/Michigan Express,,Sun
20:14:30,29,State,,Sat
08:16:24,62,Archer,,Sun
11:54:14,29,State,,Sat
00:44:31,6,Jackson Park Express,,Tue,Wed,Thu,Fri,Sat
15:14:39,6,Jackson Park Express,,Sun
17:08:41,6,Jackson Park Express,,Sun
10:38:59,146,Inner Lake Shore/Michigan Express,,Mon,Tue,Wed,Thu,Fri
07:14:13,36,Broadway,,Sat
22:51:52,36,Broadway,,Mon,Tue,Wed,Thu,Fri
11:50:10,36,Broadway,,Sat
08:14:28,146,Inner Lake Shore/Michigan Express,,Sat
08:44:00,29,State,,Mon,Tue,Wed,Thu,Fri
17:14:34,36,Broadway,,Mon,Tue,Wed,Thu,Fri
12:34:19,36,Broadway,,Sun
16:47:45,6,Jackson Park Express,,Sat
18:25:01,36,Broadway,,Sun
17:20:59,146,Inner Lake Shore/Michigan Express,,Sat
11:04:09,6,Jackson Park Express,,Sat
10:37:59,146,Inner Lake Shore/Michigan Express,,Sat
17:00:19,36,Broadway,,Sat
18:21:03,2,Hyde Park Express,,Mon,Tue,Wed,Thu,Fri
16:16:14,29,State,,Sun
22:20:01,36,Broadway,,Sat
16:20:44,29,State,,Sat
16:04:47,146,Inner Lake Shore/Michigan Express,,Mon,Tue,Wed,Thu,Fri
10:57:04,62,Archer,,Sat
17:50:34,36,Broadway,,Mon,Tue,Wed,Thu,Fri
18:00:10,29,State,,Mon,Tue,Wed,Thu,Fri
17:31:47,29,State,,Sun
19:50:41,146,Inner Lake Shore/Michigan Express,,Sat
13:27:57,29,State,,Mon,Tue,Wed,Thu,Fri
19:13:00,29,State,,Sun
01:36:49,62,Archer,,Tue,Wed,Thu,Fri,Sat
21:18:16,146,Inner Lake Shore/Michigan Express,,Sun
14:39:40,36,Broadway,,Sat
18:25:33,2,Hyde Park Express,,Mon,Tue,Wed,Thu,Fri
16:00:49,6,Jackson Park Express,,Mon,Tue,Wed,Thu,Fri
22:46:07,6,Jackson Park Express,,Sat
09:55:20,62,Archer,,Sat
16:11:45,6,Jackson Park Express,,Sat
18:22:40,36,Broadway,,Sat
12:40:47,146,Inner Lake Shore/Michigan Express,,Sat
16:40:39,6,Jackson Park Express,,Mon,Tue,Wed,Thu,Fri
08:33:21,29,State,,Sun
11:52:47,146,Inner Lake Shore/Michigan Express,,Sat
20:20:46,146,Inner Lake Shore/Michigan Express,,Sun
09:46:04,62,Archer,,Mon,Tue,Wed,Thu,Fri
05:54:13,36,Broadway,,Sat
18:43:14,62,Archer,,Mon,Tue,Wed,Thu,Fri
21:37:28,146,Inner Lake Shore/Michigan Express,,Sun
06:26:51,29,State,,Sun
20:27:18,62,Archer,,Mon,Tue,Wed,Thu,Fri
14:40:02,62,Archer,,Sat
17:03:59,146,Inner Lake Shore/Michigan Express,,Sat
09:21:22,146,Inner Lake Shore/Michigan Express,,Sat
15:07:39,6,Jackson Park Express,,Sat
17:46:42,62,Archer,,Mon,Tue,Wed,Thu,Fri
15:33:37,36,Broadway,,Mon,Tue,Wed,Thu,Fri
07:57:10,62,Archer,,Sun
14:16:22,146,Inner Lake Shore/Michigan Express,,Sun
08:53:48,146,Inner Lake Shore/Michigan Express,,Mon,Tue,Wed,Thu,Fri
15:47:59,146,Inner Lake Shore/Michigan Express,,Sat
17:42:00,146,Inner Lake Shore/Michigan Express,,Mon,Tue,Wed,Thu,Fri
12:26:43,6,Jackson Park Express,,Sun
12:09:10,36,Broadway,,Sun
08:57:35,146,Inner Lake Shore/Michigan Express,,Mon,Tue,Wed,Thu,Fri
08:53:48,146,Inner Lake Shore/Michigan Express,,Mon,Tue,Wed,Thu,Fri
08:33:21,148,Clarendon/Michigan Express,,Mon,Tue,Wed,Thu,Fri
15:43:31,36,Broadway,,Sun
14:32:45,6,Jackson Park Express,,Sat
08:14:03,148,Clarendon/Michigan Express,,Mon,Tue,Wed,Thu,Fri
18:34:00,29,State,,Sun
13:22:22,146,Inner Lake Shore/Michigan Express,,Sun
14:51:59,146,Inner Lake Shore/Michigan Express,,Sat
12:58:32,62,Archer,,Sat
14:12:14,29,State,,Sat
21:38:46,146,Inner Lake Shore/Michigan Express,,Mon,Tue,Wed,Thu,Fri
08:50:08,62,Archer,,Sat
18:01:59,146,Inner Lake Shore/Michigan Express,,Sat
20:20:46,146,Inner Lake Shore/Michigan Express,,Sun
05:52:54,29,State,,Mon,Tue,Wed,Thu,Fri
20:14:04,29,State,,Sun
00:48:21,29,State,,Sun
09:45:39,6,Jackson Park Express,,Sun
21:37:28,146,Inner Lake Shore/Michigan Express,,Sun
12:22:14,29,State,,Mon,Tue,Wed,Thu,Fri
09:39:41,6,Jackson Park Express,,Sat
17:21:02,62,Archer,,Sat
17:07:57,29,State,,Sat
20:41:34,146,Inner Lake Shore/Michigan Express,,Mon,Tue,Wed,Thu,Fri
16:55:29,146,Inner Lake Shore/Michigan Express,,Sat
23:13:34,29,State,,Mon,Tue,Wed,Thu,Fri
11:19:40,36,Broadway,,Sat
10:27:09,6,Jackson Park Express,,Sat
10:07:59,146,Inner Lake Shore/Michigan Express,,Sat
06:26:51,29,State,,Mon,Tue,Wed,Thu,Fri
21:24:16,146,Inner Lake Shore/Michigan Express,,Mon,Tue,Wed,Thu,Fri
16:57:22,146,Inner Lake Shore/Michigan Express,,Sun
19:18:59,146,Inner Lake Shore/Michigan Express,,Mon,Tue,Wed,Thu,Fri
14:34:22,146,Inner Lake Shore/Michigan Express,,Sun
11:23:04,146,Inner Lake Shore/Michigan Express,,Sun
16:22:04,62,Archer,,Sun
20:32:04,29,State,,Sun
16:02:45,6,Jackson Park Express,,Sat
14:14:57,29,State,,Mon,Tue,Wed,Thu,Fri
00:21:45,62,Archer,,Mon
20:54:43,36,Broadway,,Sun
07:25:03,146,Inner Lake Shore/Michigan Express,,Mon,Tue,Wed,Thu,Fri
15:40:44,29,State,,Sat
09:24:37,6,Jackson Park Express,,Sun
16:30:21,6,Jackson Park Express,,Mon,Tue,Wed,Thu,Fri
19:13:34,146,Inner Lake Shore/Michigan Express,,Sun
16:49:57,29,State,,Sat
09:54:31,36,Broadway,,Sun
23:16:43,36,Broadway,,Sun
13:17:10,36,Broadway,,Sun
06:55:03,146,Inner Lake Shore/Michigan Express,,Sun
15:23:59,146,Inner Lake Shore/Michigan Express,,Sat
20:19:09,6,Jackson Park Express,,Sat
18:25:44,29,State,,Sat
17:13:04,62,Archer,,Sun
23:05:05,6,Jackson Park Express,,Mon,Tue,Wed,Thu,Fri
05:34:54,29,State,,Mon,Tue,Wed,Thu,Fri
10:10:59,146,Inner Lake Shore/Michigan Express,,Mon,Tue,Wed,Thu,Fri
15:21:37,36,Broadway,,Mon,Tue,Wed,Thu,Fri
06:12:01,6,Jackson Park Express,,Mon,Tue,Wed,Thu,Fri
17:23:45,6,Jackson Park Express,,Sat
01:06:49,62,Archer,,Sun
10:14:08,62,Archer,,Sun
11:21:30,29,State,,Sat
19:16:00,29,State,,Mon,Tue,Wed,Thu,Fri
21:33:41,6,Jackson Park Express,,Mon,Tue,Wed,Thu,Fri
16:05:53,29,State,,Mon,Tue,Wed,Thu,Fri
12:09:47,146,Inner Lake Shore/Michigan Express,,Mon,Tue,Wed,Thu,Fri
10:17:59,146,Inner Lake Shore/Michigan Express,,Mon,Tue,Wed,Thu,Fri
22:22:28,146,Inner Lake Shore/Michigan Express,,Mon,Tue,Wed,Thu,Fri
08:12:21,146,Inner Lake Shore/Michigan Express,,Mon,Tue,Wed,Thu,Fri
06:48:51,148,Clarendon/Michigan Express,,Mon,Tue,Wed,Thu,Fri
15:37:56,62,Archer,,Mon,Tue,Wed,Thu,Fri
08:49:14,148,Clarendon/Michigan Express,,Mon,Tue,Wed,Thu,Fri
11:18:31,6,Jackson Park Express,,Mon,Tue,Wed,Thu,Fri
11:02:11,146,Inner Lake Shore/Michigan Express,,Sat
10:08:16,146,Inner Lake Shore/Michigan Express,,Sun
15:54:17,146,Inner Lake Shore/Michigan Express,,Mon,Tue,Wed,Thu,Fri
09:29:45,6,Jackson Park Express,,Mon,Tue,Wed,Thu,Fri
09:30:17,146,Inner Lake Shore/Michigan Express,,Mon,Tue,Wed,Thu,Fri
13:44:41,146,Inner Lake Shore/Michigan Express,,Sat
09:43:17,146,Inner Lake Shore/Michigan Express,,Mon,Tue,Wed,Thu,Fri
17:37:42,62,Archer,,Mon,Tue,Wed,Thu,Fri
15:38:02,62,Archer,,Sat
06:59:05,6,Jackson Park Express,,Sat
13:03:28,36,Broadway,,Mon,Tue,Wed,Thu,Fri
24:06:01,6,Jackson Park Express,,Mon,Tue,Wed,Thu,Fri
22:49:17,29,State,,Sat
17:28:31,36,Broadway,,Sun
20:39:13,36,Broadway,,Sun
19:22:33,2,Hyde Park Express,,Mon,Tue,Wed,Thu,Fri
05:58:33,6,Jackson Park Express,,Mon,Tue,Wed,Thu,Fri
15:31:59,146,Inner Lake Shore/Michigan Express,,Sat
09:59:16,146,Inner Lake Shore/Michigan Express,,Sun
11:15:13,6,Jackson Park Express,,Sat
22:07:13,36,Broadway,,Sun
15:31:04,62,Archer,,Sun
10:54:11,146,Inner Lake Shore/Michigan Express,,Sat
08:04:03,2,Hyde Park Express,,Mon,Tue,Wed,Thu,Fri
09:23:00,29,State,,Mon,Tue,Wed,Thu,Fri
14:45:11,6,Jackson Park Express,,Sun
22:52:04,29,State,,Mon,Tue,Wed,Thu,Fri
16:30:26,62,Archer,,Mon,Tue,Wed,Thu,Fri
13:54:09,6,Jackson Park Express,,Sat
09:19:31,6,Jackson Park Express,,Mon,Tue,Wed,Thu,Fri
11:59:43,6,Jackson Park Express,,Sun
22:18:01,6,Jackson Park Express,,Mon,Tue,Wed,Thu,Fri
11:49:18,62,Archer,,Sat
16:57:01,36,Broadway,,Sun
14:13:41,6,Jackson Park Express,,Sun
09:29:44,148,Clarendon/Michigan Express,,Mon,Tue,Wed,Thu,Fri
18:14:03,2,Hyde Park Express,,Mon,Tue,Wed,Thu,Fri
20:45:00,29,State,,Sat
14:25:29,146,Inner Lake Shore/Michigan Express,,Sat
06:07:01,36,Broadway,,Mon,Tue,Wed,Thu,Fri
09:39:28,146,Inner Lake Shore/Michigan Express,,Sun
15:03:26,62,Archer,,Mon,Tue,Wed,Thu,Fri
14:36:17,29,State,,Sun
12:16:47,146,Inner Lake Shore/Michigan Express,,Sat
05:06:13,36,Broadway,,Mon,Tue,Wed,Thu,Fri
06:55:43,36,Broadway,,Sat
17:52:42,146,Inner Lake Shore/Michigan Express,,Mon,Tue,Wed,Thu,Fri
12:35:14,29,State,,Mon,Tue,Wed,Thu,Fri
10:26:31,36,Broadway,,Sun
23:50:31,6,Jackson Park Express,,Mon,Tue,Wed,Thu,Fri
01:36:49,62,Archer,,Mon
10:25:14,29,State,,Mon,Tue,Wed,Thu,Fri
17:45:29,146,Inner Lake Shore/Michigan Express,,Sat
15:27:11,6,Jackson Park Express,,Sun
07:01:34,29,State,,Mon,Tue,Wed,Thu,Fri
17:53:59,146,Inner Lake Shore/Michigan Express,,Sat
18:32:52,146,Inner Lake Shore/Michigan Express,,Sun
06:41:31,6,Jackson Park Express,,Sat
20:15:05,6,Jackson Park Express,,Sat
11:29:13,6,Jackson Park Express,,Sun
22:29:37,6,Jackson Park Express,,Sun
12:48:14,29,State,,Mon,Tue,Wed,Thu,Fri
10:03:41,6,Jackson Park Express,,Sat
15:33:37,36,Broadway,,Mon,Tue,Wed,Thu,Fri
09:40:09,6,Jackson Park Express,,Sat
08:46:16,36,Broadway,,Mon,Tue,Wed,Thu,Fri
19:45:30,29,State,,Sat
19:02:14,29,State,,Mon,Tue,Wed,Thu,Fri
17:10:39,6,Jackson Park Express,,Mon,Tue,Wed,Thu,Fri
01:06:35,6,Jackson Park Express,,Sun
19:50:09,6,Jackson Park Express,,Sat
21:26:35,6,Jackson Park Express,,Sat
02:36:49,62,Archer,,Mon
08:00:07,148,Clarendon/Michigan Express,,Mon,Tue,Wed,Thu,Fri
18:50:01,36,Broadway,,Sun
16:17:39,6,Jackson Park Express,,Sun
08:17:34,62,Archer,,Mon,Tue,Wed,Thu,Fri
18:47:44,29,State,,Sat
07:29:34,62,Archer,,Mon,Tue,Wed,Thu,Fri
12:38:35,6,Jackson Park Express,,Mon,Tue,Wed,Thu,Fri
12:49:04,146,Inner Lake Shore/Michigan Express,,Sun
16:01:37,2,Hyde Park Express,,Mon,Tue,Wed,Thu,Fri
12:46:19,36,Broadway,,Sun
16:04:22,146,Inner Lake Shore/Michigan Express,,Sun
10:13:00,29,State,,Mon,Tue,Wed,Thu,Fri
15:43:47,146,Inner Lake Shore/Michigan Express,,Mon,Tue,Wed,Thu,Fri
15:50:44,29,State,,Sat
06:15:04,36,Broadway,,Sun
09:49:59,146,Inner Lake Shore/Michigan Express,,Mon,Tue,Wed,Thu,Fri
14:48:14,29,State,,Sat
14:25:22,146,Inner Lake Shore/Michigan Express,,Sun
20:50:34,29,State,,Sun
10:47:04,146,Inner Lake Shore/Michigan Express,,Sun
14:40:10,36,Broadway,,Sun
07:55:41,146,Inner Lake Shore/Michigan Express,,Mon,Tue,Wed,Thu,Fri
04:51:04,36,Broadway,,Sun
11:29:17,6,Jackson Park Express,,Mon,Tue,Wed,Thu,Fri
13:55:07,36,Broadway,,Mon,Tue,Wed,Thu,Fri
20:02:31,6,Jackson Park Express,,Mon,Tue,Wed,Thu,Fri
20:58:16,146,Inner Lake Shore/Michigan Express,,Sun
11:31:28,36,Broadway,,Mon,Tue,Wed,Thu,Fri
17:53:59,146,Inner Lake Shore/Michigan Express,,Sat
08:11:37,36,Broadway,,Mon,Tue,Wed,Thu,Fri
12:05:35,6,Jackson Park Express,,Mon,Tue,Wed,Thu,Fri
05:28:52,36,Broadway,,Mon,Tue,Wed,Thu,Fri
20:51:05,6,Jackson Park Express,,Sat
16:07:09,6,Jackson Park Express,,Sun
19:35:36,62,Archer,,Sun
15:00:10,29,State,,Mon,Tue,Wed,Thu,Fri
22:12:30,29,State,,Mon,Tue,Wed,Thu,Fri
21:16:17,29,State,,Sat
19:01:41,6,Jackson Park Express,,Sun
22:56:28,146,Inner Lake Shore/Michigan Express,,Sun
15:39:14,29,State,,Sun
07:06:04,146,Inner Lake Shore/Michigan Express,,Mon,Tue,Wed,Thu,Fri
07:53:34,62,Archer,,Mon,Tue,Wed,Thu,Fri
21:19:37,6,Jackson Park Express,,Sat
17:54:37,6,Jackson Park Express,,Mon,Tue,Wed,Thu,Fri
17:26:34,36,Broadway,,Mon,Tue,Wed,Thu,Fri
12:09:10,36,Broadway,,Sun
08:34:59,146,Inner Lake Shore/Michigan Express,,Mon,Tue,Wed,Thu,Fri
18:40:29,146,Inner Lake Shore/Michigan Express,,Sat
23:11:04,29,State,,Sun
10:39:13,6,Jackson Park Express,,Sat
23:13:34,29,State,,Mon,Tue,Wed,Thu,Fri
22:33:35,6,Jackson Park Express,,Sun
17:52:42,146,Inner Lake Shore/Michigan Express,,Mon,Tue,Wed,Thu,Fri
10:33:00,29,State,,Sat
13:31:22,146,Inner Lake Shore/Michigan Express,,Sun
05:51:26,62,Archer,,Sat
06:21:58,146,Inner Lake Shore/Michigan Express,,Mon,Tue,Wed,Thu,Fri
19:17:45,6,Jackson Park Express,,Mon,Tue,Wed,Thu,Fri
08:34:28,146,Inner Lake Shore/Michigan Express,,Sat
10:46:04,62,Archer,,Mon,Tue,Wed,Thu,Fri
14:45:07,36,Broadway,,Mon,Tue,Wed,Thu,Fri
12:22:14,29,State,,Mon,Tue,Wed,Thu,Fri
22:22:36,62,Archer,,Mon,Tue,Wed,Thu,Fri
15:51:09,6,Jackson Park Express,,Sat
11:42:31,36,Broadway,,Sun
17:30:34,62,Archer,,Sun
08:24:08,62,Archer,,Sat
06:50:31,6,Jackson Park Express,,Mon,Tue,Wed,Thu,Fri
10:31:31,6,Jackson Park Express,,Mon,Tue,Wed,Thu,Fri
16:10:44,29,State,,Sat
16:50:34,36,Broadway,,Mon,Tue,Wed,Thu,Fri
02:06:49,62,Archer,,Mon
11:10:11,146,Inner Lake Shore/Michigan Express,,Sat
20:36:40,36,Broadway,,Mon,Tue,Wed,Thu,Fri
13:07:14,29,State,,Sat
13:32:14,62,Archer,,Mon,Tue,Wed,Thu,Fri
07:07:40,62,Archer,,Sat
17:48:41,6,Jackson Park Express,,Sun
10:30:29,146,Inner Lake Shore/Michigan Express,,Sat
18:47:44,29,State,,Sat
19:58:06,62,Archer,,Sun
22:00:04,146,Inner Lake Shore/Michigan Express,,Sat
08:30:30,29,State,,Mon,Tue,Wed,Thu,Fri
09:15:05,6,Jackson Park Express,,Sat
16:20:56,62,Archer,,Mon,Tue,Wed,Thu,Fri
07:18:56,62,Archer,,Sun
20:26:34,146,Inner Lake Shore/Michigan Express,,Mon,Tue,Wed,Thu,Fri
15:01:22,146,Inner Lake Shore/Michigan Express,,Sun
10:46:11,146,Inner Lake Shore/Michigan Express,,Sat
17:02:34,36,Broadway,,Mon,Tue,Wed,Thu,Fri
10:10:17,29,State,,Sun
22:33:47,29,State,,Sat
16:13:37,2,Hyde Park Express,,Mon,Tue,Wed,Thu,Fri
12:18:52,146,Inner Lake Shore/Michigan Express,,Sun
09:32:47,29,State,,Sun
16:56:04,62,Archer,,Sun
12:37:28,36,Broadway,,Mon,Tue,Wed,Thu,Fri
20:43:22,146,Inner Lake Shore/Michigan Express,,Sat
13:36:10,36,Broadway,,Sat
07:33:22,36,Broadway,,Sat
16:51:05,146,Inner Lake Shore/Michigan Express,,Mon,Tue,Wed,Thu,Fri
19:32:30,29,State,,Sat
16:58:41,6,Jackson Park Express,,Sun
10:15:29,146,Inner Lake Shore/Michigan Express,,Sat
08:12:21,29,State,,Sun
23:50:05,6,Jackson Park Express,,Mon,Tue,Wed,Thu,Fri
10:16:04,62,Archer,,Mon,Tue,Wed,Thu,Fri
17:17:42,146,Inner Lake Shore/Michigan Express,,Mon,Tue,Wed,Thu,Fri
14:43:22,146,Inner Lake Shore/Michigan Express,,Sun
20:21:36,62,Archer,,Sat
08:28:13,6,Jackson Park Express,,Mon,Tue,Wed,Thu,Fri
01:07:54,62,Archer,,Mon
08:39:17,146,Inner Lake Shore/Michigan Express,,Mon,Tue,Wed,Thu,Fri
19:15:36,62,Archer,,Sun
08:32:10,146,Inner Lake Shore/Michigan Express,,Sun
17:39:01,36,Broadway,,Sun
16:05:04,62,Archer,,Sun
01:36:49,62,Archer,,Sun
21:18:01,6,Jackson Park Express,,Mon,Tue,Wed,Thu,Fri
12:36:52,146,Inner Lake Shore/Michigan Express,,Sun
16:20:49,6,Jackson Park Express,,Mon,Tue,Wed,Thu,Fri
16:24:25,36,Broadway,,Mon,Tue,Wed,Thu,Fri
07:45:36,148,Clarendon/Michigan Express,,Mon,Tue,Wed,Thu,Fri
21:16:01,36,Broadway,,Mon,Tue,Wed,Thu,Fri
00:18:21,29,State,,Mon
14:38:10,29,State,,Mon,Tue,Wed,Thu,Fri
16:29:59,146,Inner Lake Shore/Michigan Express,,Sat
11:41:04,146,Inner Lake Shore/Michigan Express,,Sun
11:09:29,146,Inner Lake Shore/Michigan Express,,Mon,Tue,Wed,Thu,Fri
16:38:17,146,Inner Lake Shore/Michigan Express,,Mon,Tue,Wed,Thu,Fri
16:57:22,146,Inner Lake Shore/Michigan Express,,Sun
07:38:13,6,Jackson Park Express,,Mon,Tue,Wed,Thu,Fri
20:43:35,6,Jackson Park Express,,Sun
13:06:10,36,Broadway,,Sun
14:03:40,36,Broadway,,Sat
22:12:38,62,Archer,,Sun
17:08:19,36,Broadway,,Sat
11:26:11,146,Inner Lake Shore/Michigan Express,,Sat
08:01:28,36,Broadway,,Mon,Tue,Wed,Thu,Fri
23:19:36,62,Archer,,Sat
08:48:17,146,Inner Lake Shore/Michigan Express,,Mon,Tue,Wed,Thu,Fri
16:50:39,6,Jackson Park Express,,Mon,Tue,Wed,Thu,Fri
06:35:51,146,Inner Lake Shore/Michigan Express,,Sat
10:47:04,146,Inner Lake Shore/Michigan Express,,Sun
14:25:29,146,Inner Lake Shore/Michigan Express,,Sat
23:12:52,36,Broadway,,Mon,Tue,Wed,Thu,Fri
09:48:14,148,Clarendon/Michigan Express,,Mon,Tue,Wed,Thu,Fri
14:40:04,62,Archer,,Sun
11:21:30,29,State,,Sat
08:14:03,2,Hyde Park Express,,Mon,Tue,Wed,Thu,Fri
11:05:17,6,Jackson Park Express,,Mon,Tue,Wed,Thu,Fri
07:04:38,29,State,,Sat
11:31:18,62,Archer,,Mon,Tue,Wed,Thu,Fri
18:17:45,6,Jackson Park Express,,Sat
21:18:16,146,Inner Lake Shore/Michigan Express,,Sun
06:36:11,6,Jackson Park Express,,Mon,Tue,Wed,Thu,Fri
07:18:47,29,State,,Mon,Tue,Wed,Thu,Fri
12:15:39,6,Jackson Park Express,,Sun
19:25:33,6,Jackson Park Express,,Mon,Tue,Wed,Thu,Fri
23:37:36,62,Archer,,Sat
20:45:00,29,State,,Sat
21:21:04,62,Archer,,Mon,Tue,Wed,Thu,Fri
23:00:05,6,Jackson Park Express,,Sat
05:46:01,6,Jackson Park Express,,Sat
15:54:17,146,Inner Lake Shore/Michigan Express,,Mon,Tue,Wed,Thu,Fri
11:02:06,62,Archer,,Sun
05:28:52,36,Broadway,,Mon,Tue,Wed,Thu,Fri
11:27:52,36,Broadway,,Sun
14:11:35,6,Jackson Park Express,,Mon,Tue,Wed,Thu,Fri
21:10:34,29,State,,Sun
21:31:47,29,State,,Sat
15:07:59,146,Inner Lake Shore/Michigan Express,,Sat
07:49:52,36,Broadway,,Sat
12:27:35,6,Jackson Park Express,,Mon,Tue,Wed,Thu,Fri
19:20:59,146,Inner Lake Shore/Michigan Express,,Sat
18:23:04,62,Archer,,Sun
19:30:11,146,Inner Lake Shore/Michigan Express,,Mon,Tue,Wed,Thu,Fri
09:10:00,29,State,,Mon,Tue,Wed,Thu,Fri
22:45:05,6,Jackson Park Express,,Sat
16:20:44,29,State,,Sat
19:00:00,29,State,,Sun
22:18:17,29,State,,Sat
11:01:58,36,Broadway,,Mon,Tue,Wed,Thu,Fri
08:16:17,29,State,,Mon,Tue,Wed,Thu,Fri
11:02:09,6,Jackson Park Express,,Sun
12:41:06,62,Archer,,Sun
12:17:17,6,Jackson Park Express,,Mon,Tue,Wed,Thu,Fri
22:39:43,36,Broadway,,Sun
09:37:31,36,Broadway,,Sun
09:03:16,36,Broadway,,Mon,Tue,Wed,Thu,Fri
21:19:36,62,Archer,,Sat
17:06:14,29,State,,Sun
01:06:49,62,Archer,,Tue,Wed,Thu,Fri,Sat
18:52:59,146,Inner Lake Shore/Michigan Express,,Sat
12:46:19,36,Broadway,,Sun
08:17:59,146,Inner Lake Shore/Michigan Express,,Mon,Tue,Wed,Thu,Fri
13:07:14,29,State,,Sat
08:23:40,146,Inner Lake Shore/Michigan Express,,Mon,Tue,Wed,Thu,Fri
19:25:00,62,Archer,,Mon,Tue,Wed,Thu,Fri
20:05:01,36,Broadway,,Sat
15:54:53,29,State,,Mon,Tue,Wed,Thu,Fri
15:10:22,146,Inner Lake Shore/Michigan Express,,Sun
18:40:20,62,Archer,,Sun
19:12:39,6,Jackson Park Express,,Sat
13:20:17,146,Inner Lake Shore/Michigan Express,,Mon,Tue,Wed,Thu,Fri
11:16:44,29,State,,Mon,Tue,Wed,Thu,Fri
15:23:59,146,Inner Lake Shore/Michigan Express,,Sat
16:15:17,146,Inner Lake Shore/Michigan Express,,Mon,Tue,Wed,Thu,Fri
05:43:01,6,Jackson Park Express,,Mon,Tue,Wed,Thu,Fri
16:25:53,2,Hyde Park Express,,Mon,Tue,Wed,Thu,Fri
08:46:51,29,State,,Sat
20:01:46,146,Inner Lake Shore/Michigan Express,,Sun
08:45:21,148,Clarendon/Michigan Express,,Mon,Tue,Wed,Thu,Fri
11:51:36,62,Archer,,Sun
17:26:34,36,Broadway,,Mon,Tue,Wed,Thu,Fri
18:08:30,29,State,,Sun
23:52:52,36,Broadway,,Mon,Tue,Wed,Thu,Fri
09:15:16,36,Broadway,,Mon,Tue,Wed,Thu,Fri
21:57:28,146,Inner Lake Shore/Michigan Express,,Sun
10:47:04,29,State,,Sun
10:41:45,6,Jackson Park Express,,Mon,Tue,Wed,Thu,Fri
17:12:09,2,Hyde Park Express,,Mon,Tue,Wed,Thu,Fri
17:12:23,29,State,,Mon,Tue,Wed,Thu,Fri
08:40:05,6,Jackson Park Express,,Sat
20:18:30,29,State,,Mon,Tue,Wed,Thu,Fri
17:00:39,6,Jackson Park Express,,Mon,Tue,Wed,Thu,Fri
16:16:53,29,State,,Mon,Tue,Wed,Thu,Fri
18:05:34,62,Archer,,Sun
13:41:17,146,Inner Lake Shore/Michigan Express,,Mon,Tue,Wed,Thu,Fri
21:00:47,29,State,,Sat
07:28:29,148,Clarendon/Michigan Express,,Mon,Tue,Wed,Thu,Fri
15:49:26,62,Archer,,Mon,Tue,Wed,Thu,Fri
08:17:59,146,Inner Lake Shore/Michigan Express,,Mon,Tue,Wed,Thu,Fri
22:39:34,146,Inner Lake Shore/Michigan Express,,Sat
20:44:18,62,Archer,,Mon,Tue,Wed,Thu,Fri
21:46:37,6,Jackson Park Express,,Sun
12:09:10,36,Broadway,,Sat
14:12:28,62,Archer,,Mon,Tue,Wed,Thu,Fri
17:07:31,36,Broadway,,Sun
12:49:35,6,Jackson Park Express,,Mon,Tue,Wed,Thu,Fri
14:59:14,29,State,,Sat
15:33:01,36,Broadway,,Sun
17:45:57,29,State,,Sat
14:25:42,62,Archer,,Mon,Tue,Wed,Thu,Fri
05:41:33,6,Jackson Park Express,,Mon,Tue,Wed,Thu,Fri
18:06:05,146,Inner Lake Shore/Michigan Express,,Mon,Tue,Wed,Thu,Fri
12:58:04,146,Inner Lake Shore/Michigan Express,,Sun
14:38:10,29,State,,Mon,Tue,Wed,Thu,Fri
08:37:08,62,Archer,,Sat
19:00:00,29,State,,Sun
11:54:14,29,State,,Sat
16:20:39,6,Jackson Park Express,,Mon,Tue,Wed,Thu,Fri
17:28:31,36,Broadway,,Sun
08:53:37,6,Jackson Park Express,,Sun
10:50:44,29,State,,Mon,Tue,Wed,Thu,Fri
15:21:10,29,State,,Mon,Tue,Wed,Thu,Fri
19:50:31,6,Jackson Park Express,,Mon,Tue,Wed,Thu,Fri
21:33:30,29,State,,Mon,Tue,Wed,Thu,Fri
06:23:31,6,Jackson Park Express,,Sat
22:30:34,29,State,,Sun
10:17:45,6,Jackson Park Express,,Mon,Tue,Wed,Thu,Fri
18:34:29,146,Inner Lake Shore/Michigan Express,,Mon,Tue,Wed,Thu,Fri
15:35:39,6,Jackson Park Express,,Sun
08:57:35,146,Inner Lake Shore/Michigan Express,,Mon,Tue,Wed,Thu,Fri
10:59:10,36,Broadway,,Sat
17:55:27,29,State,,Sat
23:52:36,62,Archer,,Sat
09:19:05,146,Inner Lake Shore/Michigan Express,,Mon,Tue,Wed,Thu,Fri
08:15:40,146,Inner Lake Shore/Michigan Express,,Sun
08:27:35,6,Jackson Park Express,,Sun
16:09:09,6,Jackson Park Express,,Sat
19:44:11,6,Jackson Park Express,,Sun
17:26:40,36,Broadway,,Sat
12:24:47,146,Inner Lake Shore/Michigan Express,,Sat
15:40:49,6,Jackson Park Express,,Mon,Tue,Wed,Thu,Fri
07:10:01,36,Broadway,,Mon,Tue,Wed,Thu,Fri
08:37:46,36,Broadway,,Mon,Tue,Wed,Thu,Fri
06:05:01,6,Jackson Park Express,,Sat
08:08:04,29,State,,Sat
08:56:03,2,Hyde Park Express,,Mon,Tue,Wed,Thu,Fri
12:24:28,36,Broadway,,Mon,Tue,Wed,Thu,Fri
10:03:40,146,Inner Lake Shore/Michigan Express,,Mon,Tue,Wed,Thu,Fri
13:07:40,36,Broadway,,Sat
11:53:17,6,Jackson Park Express,,Mon,Tue,Wed,Thu,Fri
17:28:29,146,Inner Lake Shore/Michigan Express,,Sat
10:44:04,62,Archer,,Sat
23:31:21,29,State,,Sun
08:03:28,146,Inner Lake Shore/Michigan Express,,Sat
14:25:22,146,Inner Lake Shore/Michigan Express,,Sun
20:04:04,62,Archer,,Sat
08:39:21,148,Clarendon/Michigan Express,,Mon,Tue,Wed,Thu,Fri
15:10:40,29,State,,Mon,Tue,Wed,Thu,Fri
07:55:07,6,Jackson Park Express,,Sat
10:17:59,146,Inner Lake Shore/Michigan Express,,Mon,Tue,Wed,Thu,Fri
13:41:17,146,Inner Lake Shore/Michigan Express,,Mon,Tue,Wed,Thu,Fri
14:34:22,146,Inner Lake Shore/Michigan Express,,Sun
10:13:00,29,State,,Mon,Tue,Wed,Thu,Fri
19:57:22,146,Inner Lake Shore/Michigan Express,,Mon,Tue,Wed,Thu,Fri
00:47:51,29,State,,Mon
21:32:31,6,Jackson Park Express,,Mon,Tue,Wed,Thu,Fri
21:25:43,36,Broadway,,Sun
22:10:34,29,State,,Sun
15:16:41,6,Jackson Park Express,,Sun
08:45:34,36,Broadway,,Sun
13:14:44,29,State,,Mon,Tue,Wed,Thu,Fri
22:34:31,36,Broadway,,Sat
23:15:05,6,Jackson Park Express,,Sun
09:02:46,146,Inner Lake Shore/Michigan Express,,Sat
11:27:47,146,Inner Lake Shore/Michigan Express,,Mon,Tue,Wed,Thu,Fri
16:07:02,62,Archer,,Sat
09:49:59,146,Inner Lake Shore/Michigan Express,,Mon,Tue,Wed,Thu,Fri
16:36:39,6,Jackson Park Express,,Sat
13:51:17,146,Inner Lake Shore/Michigan Express,,Mon,Tue,Wed,Thu,Fri
23:04:47,29,State,,Sat
12:09:52,146,Inner Lake Shore/Michigan Express,,Sun
17:42:22,146,Inner Lake Shore/Michigan Express,,Sun
18:00:31,36,Broadway,,Sun
06:44:58,146,Inner Lake Shore/Michigan Express,,Mon,Tue,Wed,Thu,Fri
14:04:17,29,State,,Sun
13:07:04,146,Inner Lake Shore/Michigan Express,,Sun
03:36:49,62,Archer,,Sat
04:06:49,62,Archer,,Mon,Tue,Wed,Thu,Fri
16:28:44,29,State,,Sun
16:32:49,36,Broadway,,Sat
14:11:17,146,Inner Lake Shore/Michigan Express,,Mon,Tue,Wed,Thu,Fri
11:30:14,29,State,,Mon,Tue,Wed,Thu,Fri
09:54:37,36,Broadway,,Mon,Tue,Wed,Thu,Fri
11:36:18,62,Archer,,Sat
11:49:18,62,Archer,,Sat
12:53:17,6,Jackson Park Express,,Mon,Tue,Wed,Thu,Fri
14:54:32,62,Archer,,Sat
22:31:17,29,State,,Mon,Tue,Wed,Thu,Fri
15:31:04,62,Archer,,Sun
07:38:49,36,Broadway,,Mon,Tue,Wed,Thu,Fri
04:36:49,62,Archer,,Sat
10:08:04,62,Archer,,Sat
15:33:17,146,Inner Lake Shore/Michigan Express,,Mon,Tue,Wed,Thu,Fri
12:44:02,62,Archer,,Sat
03:36:49,62,Archer,,Sat
14:58:39,6,Jackson Park Express,,Sat
19:45:30,29,State,,Sat
08:40:37,6,Jackson Park Express,,Sat
09:32:01,36,Broadway,,Sat
14:53:00,29,State,,Sun
15:30:44,29,State,,Sat
08:13:25,148,Clarendon/Michigan Express,,Mon,Tue,Wed,Thu,Fri
08:42:35,6,Jackson Park Express,,Sun
18:36:44,29,State,,Sat
17:04:24,146,Inner Lake Shore/Michigan Express,,Mon,Tue,Wed,Thu,Fri
15:01:10,36,Broadway,,Sun
19:05:17,6,Jackson Park Express,,Mon,Tue,Wed,Thu,Fri
21:22:35,6,Jackson Park Express,,Sun
16:38:53,29,State,,Mon,Tue,Wed,Thu,Fri
18:14:57,29,State,,Sat
14:48:40,36,Broadway,,Sat
07:23:01,2,Hyde Park Express,,Mon,Tue,Wed,Thu,Fri
16:58:57,29,State,,Sat
10:46:09,6,Jackson Park Express,,Sun
20:14:30,29,State,,Sat
09:59:48,148,Clarendon/Michigan Express,,Mon,Tue,Wed,Thu,Fri
15:23:32,62,Archer,,Sat
14:12:28,62,Archer,,Mon,Tue,Wed,Thu,Fri
14:01:17,146,Inner Lake Shore/Michigan Express,,Mon,Tue,Wed,Thu,Fri
11:45:39,6,Jackson Park Express,,Sat
09:14:31,36,Broadway,,Sat
08:55:03,6,Jackson Park Express,,Mon,Tue,Wed,Thu,Fri
16:26:17,146,Inner Lake Shore/Michigan Express,,Mon,Tue,Wed,Thu,Fri
13:58:10,36,Broadway,,Sun
14:51:59,146,Inner Lake Shore/Michigan Express,,Sat
21:33:30,29,State,,Mon,Tue,Wed,Thu,Fri
22:57:43,36,Broadway,,Sun
11:13:43,6,Jackson Park Express,,Sun
12:57:50,62,Archer,,Sun
19:57:04,29,State,,Sun
11:03:13,6,Jackson Park Express,,Sat
21:31:47,29,State,,Sat
13:20:17,146,Inner Lake Shore/Michigan Express,,Mon,Tue,Wed,Thu,Fri
22:22:43,36,Broadway,,Sun
22:59:37,6,Jackson Park Express,,Sun
08:46:16,36,Broadway,,Mon,Tue,Wed,Thu,Fri
09:24:48,146,Inner Lake Shore/Michigan Express,,Mon,Tue,Wed,Thu,Fri
15:06:11,6,Jackson Park Express,,Sun
18:38:28,36,Broadway,,Mon,Tue,Wed,Thu,Fri
17:42:07,2,Hyde Park Express,,Mon,Tue,Wed,Thu,Fri
00:36:54,62,Archer,,Mon
12:27:17,29,State,,Sun
20:04:04,62,Archer,,Sat
19:39:46,62,Archer,,Mon,Tue,Wed,Thu,Fri
12:29:19,36,Broadway,,Sat
11:14:22,36,Broadway,,Sun
05:31:26,62,Archer,,Sat
00:06:54,62,Archer,,Mon
23:53:21,29,State,,Sun
02:06:49,62,Archer,,Sun
20:18:30,29,State,,Mon,Tue,Wed,Thu,Fri
18:28:59,146,Inner Lake Shore/Michigan Express,,Sat
12:09:14,29,State,,Sat
21:09:35,6,Jackson Park Express,,Sun
07:21:35,6,Jackson Park Express,,Sat
16:26:09,2,Hyde Park Express,,Mon,Tue,Wed,Thu,Fri
07:03:51,148,Clarendon/Michigan Express,,Mon,Tue,Wed,Thu,Fri
09:53:45,6,Jackson Park Express,,Mon,Tue,Wed,Thu,Fri
11:35:39,6,Jackson Park Express,,Sat
20:21:36,62,Archer,,Sat
19:54:32,62,Archer,,Mon,Tue,Wed,Thu,Fri
12:44:02,62,Archer,,Sat
07:19:10,148,Clarendon/Michigan Express,,Mon,Tue,Wed,Thu,Fri
03:06:49,62,Archer,,Sun
18:01:59,146,Inner Lake Shore/Michigan Express,,Sat
14:45:07,36,Broadway,,Mon,Tue,Wed,Thu,Fri
06:35:51,146,Inner Lake Shore/Michigan Express,,Sat
20:33:40,36,Broadway,,Sat
06:03:40,62,Archer,,Mon,Tue,Wed,Thu,Fri
09:43:17,146,Inner Lake Shore/Michigan Express,,Mon,Tue,Wed,Thu,Fri
08:56:31,36,Broadway,,Sat
15:15:59,146,Inner Lake Shore/Michigan Express,,Sat
14:39:40,36,Broadway,,Sat
07:51:58,36,Broadway,,Mon,Tue,Wed,Thu,Fri
06:34:58,146,Inner Lake Shore/Michigan Express,,Mon,Tue,Wed,Thu,Fri
14:25:32,62,Archer,,Sat
19:54:32,62,Archer,,Mon,Tue,Wed,Thu,Fri
16:04:22,146,Inner Lake Shore/Michigan Express,,Sun
16:00:26,62,Archer,,Mon,Tue,Wed,Thu,Fri
07:25:43,6,Jackson Park Express,,Mon,Tue,Wed,Thu,Fri
19:12:35,6,Jackson Park Express,,Mon,Tue,Wed,Thu,Fri
11:57:28,36,Broadway,,Mon,Tue,Wed,Thu,Fri
09:14:31,36,Broadway,,Sat
18:19:41,6,Jackson Park Express,,Sun
07:25:40,36,Broadway,,Mon,Tue,Wed,Thu,Fri
16:46:59,146,Inner Lake Shore/Michigan Express,,Sat
11:59:47,146,Inner Lake Shore/Michigan Express,,Mon,Tue,Wed,Thu,Fri
23:32:22,36,Broadway,,Mon,Tue,Wed,Thu,Fri
15:45:37,36,Broadway,,Mon,Tue,Wed,Thu,Fri
09:19:05,146,Inner Lake Shore/Michigan Express,,Mon,Tue,Wed,Thu,Fri
08:26:51,148,Clarendon/Michigan Express,,Mon,Tue,Wed,Thu,Fri
19:08:13,6,Jackson Park Express,,Sat
14:07:22,146,Inner Lake Shore/Michigan Express,,Sun
20:54:41,6,Jackson Park Express,,Mon,Tue,Wed,Thu,Fri
04:36:45,62,Archer,,Mon,Tue,Wed,Thu,Fri
04:36:45,62,Archer,,Mon,Tue,Wed,Thu,Fri
16:10:44,29,State,,Sat
08:53:16,146,Inner Lake Shore/Michigan Express,,Sat
14:36:17,29,State,,Sun
14:33:29,146,Inner Lake Shore/Michigan Express,,Sat
06:21:08,29,State,,Sat
06:56:16,146,Inner Lake Shore/Michigan Express,,Mon,Tue,Wed,Thu,Fri
13:10:17,146,Inner Lake Shore/Michigan Express,,Mon,Tue,Wed,Thu,Fri
00:16:51,29,State,,Tue,Wed,Thu,Fri,Sat
07:06:04,146,Inner Lake Shore/Michigan Express,,Mon,Tue,Wed,Thu,Fri
18:09:59,146,Inner Lake Shore/Michigan Express,,Sat
23:16:28,146,Inner Lake Shore/Michigan Express,,Mon,Tue,Wed,Thu,Fri
19:07:33,2,Hyde Park Express,,Mon,Tue,Wed,Thu,Fri
23:19:36,62,Archer,,Sat
17:14:56,62,Archer,,Mon,Tue,Wed,Thu,Fri
21:03:22,146,Inner Lake Shore/Michigan Express,,Sat
09:50:16,146,Inner Lake Shore/Michigan Express,,Sun
14:11:39,6,Jackson Park Express,,Sun
22:45:06,62,Archer,,Mon,Tue,Wed,Thu,Fri
24:23:01,36,Broadway,,Sat
07:17:20,62,Archer,,Mon,Tue,Wed,Thu,Fri
13:54:40,36,Broadway,,Sat
17:50:49,6,Jackson Park Express,,Mon,Tue,Wed,Thu,Fri
06:49:04,29,State,,Sun
21:30:34,29,State,,Sun
10:17:16,146,Inner Lake Shore/Michigan Express,,Sun
18:32:40,36,Broadway,,Sat
18:58:34,146,Inner Lake Shore/Michigan Express,,Sun
16:13:41,146,Inner Lake Shore/Michigan Express,,Sat
07:51:58,36,Broadway,,Mon,Tue,Wed,Thu,Fri
19:21:14,29,State,,Sat
09:42:00,29,State,,Sat
24:00:01,36,Broadway,,Sat
17:33:22,146,Inner Lake Shore/Michigan Express,,Sun
12:50:17,146,Inner Lake Shore/Michigan Express,,Mon,Tue,Wed,Thu,Fri
20:18:35,6,Jackson Park Express,,Sun
21:23:22,146,Inner Lake Shore/Michigan Express,,Sat
23:52:08,62,Archer,,Mon,Tue,Wed,Thu,Fri
16:25:31,36,Broadway,,Sun
09:54:37,36,Broadway,,Mon,Tue,Wed,Thu,Fri
06:10:08,29,State,,Mon,Tue,Wed,Thu,Fri
17:43:47,29,State,,Sun
10:29:34,29,State,,Sun
11:48:05,146,Inner Lake Shore/Michigan Express,,Mon,Tue,Wed,Thu,Fri
19:22:31,36,Broadway,,Sat
19:07:39,6,Jackson Park Express,,Sun
07:53:35,6,Jackson Park Express,,Sun
17:36:27,29,State,,Sat
09:51:41,6,Jackson Park Express,,Sat
22:07:46,146,Inner Lake Shore/Michigan Express,,Mon,Tue,Wed,Thu,Fri
13:52:41,6,Jackson Park Express,,Sun
05:54:04,36,Broadway,,Sun
09:28:46,36,Broadway,,Mon,Tue,Wed,Thu,Fri
11:10:04,62,Archer,,Sat
15:50:49,6,Jackson Park Express,,Mon,Tue,Wed,Thu,Fri
17:59:45,6,Jackson Park Express,,Sat
08:44:00,29,State,,Mon,Tue,Wed,Thu,Fri
10:16:00,29,State,,Sat
08:15:43,6,Jackson Park Express,,Mon,Tue,Wed,Thu,Fri
22:51:52,36,Broadway,,Mon,Tue,Wed,Thu,Fri
18:23:10,29,State,,Mon,Tue,Wed,Thu,Fri
08:37:46,36,Broadway,,Mon,Tue,Wed,Thu,Fri
23:59:35,6,Jackson Park Express,,Sat
09:29:39,6,Jackson Park Express,,Sun
09:49:00,29,State,,Mon,Tue,Wed,Thu,Fri
14:16:22,146,Inner Lake Shore/Michigan Express,,Sun
11:23:04,62,Archer,,Sat
23:51:21,29,State,,Sat
07:38:49,36,Broadway,,Mon,Tue,Wed,Thu,Fri
13:27:32,62,Archer,,Sat
09:45:29,146,Inner Lake Shore/Michigan Express,,Sat
22:22:43,36,Broadway,,Sun
07:26:40,62,Archer,,Sat
22:39:34,146,Inner Lake Shore/Michigan Express,,Sat
07:05:51,146,Inner Lake Shore/Michigan Express,,Sat
12:57:40,36,Broadway,,Sat
10:53:59,146,Inner Lake Shore/Michigan Express,,Mon,Tue,Wed,Thu,Fri
00:47:31,6,Jackson Park Express,,Sun
20:27:05,6,Jackson Park Express,,Sat
12:09:14,29,State,,Mon,Tue,Wed,Thu,Fri
10:31:04,62,Archer,,Mon,Tue,Wed,Thu,Fri
10:46:40,146,Inner Lake Shore/Michigan Express,,Mon,Tue,Wed,Thu,Fri
11:55:13,6,Jackson Park Express,,Sat
16:30:39,6,Jackson Park Express,,Mon,Tue,Wed,Thu,Fri
11:48:05,146,Inner Lake Shore/Michigan Express,,Mon,Tue,Wed,Thu,Fri
20:12:22,146,Inner Lake Shore/Michigan Express,,Mon,Tue,Wed,Thu,Fri
16:51:49,36,Broadway,,Sat
06:10:40,62,Archer,,Sat
09:07:14,148,Clarendon/Michigan Express,,Mon,Tue,Wed,Thu,Fri
08:16:05,6,Jackson Park Express,,Mon,Tue,Wed,Thu,Fri
11:51:52,146,Inner Lake Shore/Michigan Express,,Sun
11:42:31,36,Broadway,,Sun
14:03:09,6,Jackson Park Express,,Sat
00:28:21,29,State,,Sun
15:24:40,36,Broadway,,Sat
05:59:08,29,State,,Sat
14:32:37,36,Broadway,,Mon,Tue,Wed,Thu,Fri
07:53:44,148,Clarendon/Michigan Express,,Mon,Tue,Wed,Thu,Fri
21:03:22,146,Inner Lake Shore/Michigan Express,,Sat
22:04:01,36,Broadway,,Sat
22:59:35,6,Jackson Park Express,,Sat
07:29:34,62,Archer,,Mon,Tue,Wed,Thu,Fri
21:39:13,36,Broadway,,Sun
13:09:09,6,Jackson Park Express,,Sat
12:10:47,29,State,,Sun
15:42:09,6,Jackson Park Express,,Sat
05:54:13,36,Broadway,,Sat
16:27:53,29,State,,Mon,Tue,Wed,Thu,Fri
07:53:03,2,Hyde Park Express,,Mon,Tue,Wed,Thu,Fri
15:39:59,146,Inner Lake Shore/Michigan Express,,Sat
08:47:40,146,Inner Lake Shore/Michigan Express,,Sun
21:16:01,36,Broadway,,Sat
19:20:59,146,Inner Lake Shore/Michigan Express,,Sat
14:51:17,146,Inner Lake Shore/Michigan Express,,Mon,Tue,Wed,Thu,Fri
19:10:00,62,Archer,,Mon,Tue,Wed,Thu,Fri
16:56:04,62,Archer,,Sun
16:23:19,36,Broadway,,Sat
08:24:28,146,Inner Lake Shore/Michigan Express,,Sat
08:46:04,62,Archer,,Mon,Tue,Wed,Thu,Fri
11:39:40,36,Broadway,,Sat
14:29:40,36,Broadway,,Sun
05:33:13,36,Broadway,,Sat
18:22:09,6,Jackson Park Express,,Sun
14:19:10,36,Broadway,,Sun
06:57:04,36,Broadway,,Sun
08:33:21,29,State,,Sun
18:44:34,146,Inner Lake Shore/Michigan Express,,Sun
13:02:00,62,Archer,,Mon,Tue,Wed,Thu,Fri
16:49:53,29,State,,Mon,Tue,Wed,Thu,Fri
21:19:41,6,Jackson Park Express,,Mon,Tue,Wed,Thu,Fri
14:51:12,62,Archer,,Mon,Tue,Wed,Thu,Fri
23:04:47,29,State,,Sat
18:57:50,62,Archer,,Sun
17:06:44,2,Hyde Park Express,,Mon,Tue,Wed,Thu,Fri
15:37:41,6,Jackson Park Express,,Sun
07:35:51,146,Inner Lake Shore/Michigan Express,,Sun
14:59:45,6,Jackson Park Express,,Sat
17:17:42,146,Inner Lake Shore/Michigan Express,,Mon,Tue,Wed,Thu,Fri
11:53:35,6,Jackson Park Express,,Mon,Tue,Wed,Thu,Fri
15:38:02,62,Archer,,Sat
12:24:36,62,Archer,,Sun
17:43:47,29,State,,Sun
05:13:08,29,State,,Sat
21:42:22,146,Inner Lake Shore/Michigan Express,,Sat
05:37:58,146,Inner Lake Shore/Michigan Express,,Mon,Tue,Wed,Thu,Fri
12:24:36,62,Archer,,Sun
08:03:35,6,Jackson Park Express,,Mon,Tue,Wed,Thu,Fri
16:48:22,146,Inner Lake Shore/Michigan Express,,Sun
10:47:58,36,Broadway,,Mon,Tue,Wed,Thu,Fri
16:30:22,146,Inner Lake Shore/Michigan Express,,Sun
05:23:33,6,Jackson Park Express,,Mon,Tue,Wed,Thu,Fri
00:36:49,62,Archer,,Sun
17:02:09,2,Hyde Park Express,,Mon,Tue,Wed,Thu,Fri
16:38:39,6,Jackson Park Express,,Sun
15:48:04,62,Archer,,Sun
07:26:40,62,Archer,,Sat
23:14:35,6,Jackson Park Express,,Sat
05:12:04,36,Broadway,,Sun
13:13:02,62,Archer,,Sat
12:39:44,29,State,,Sat
13:51:17,146,Inner Lake Shore/Michigan Express,,Mon,Tue,Wed,Thu,Fri
16:02:43,2,Hyde Park Express,,Mon,Tue,Wed,Thu,Fri
03:36:49,62,Archer,,Sun
17:48:10,29,State,,Mon,Tue,Wed,Thu,Fri
15:26:26,62,Archer,,Mon,Tue,Wed,Thu,Fri
08:05:34,62,Archer,,Mon,Tue,Wed,Thu,Fri
10:05:45,6,Jackson Park Express,,Mon,Tue,Wed,Thu,Fri
14:23:45,6,Jackson Park Express,,Sat
06:59:42,62,Archer,,Sun
07:12:13,2,Hyde Park Express,,Mon,Tue,Wed,Thu,Fri
11:57:28,36,Broadway,,Mon,Tue,Wed,Thu,Fri
18:27:07,36,Broadway,,Mon,Tue,Wed,Thu,Fri
20:39:36,62,Archer,,Sat
13:12:13,6,Jackson Park Express,,Sat
18:11:40,29,State,,Mon,Tue,Wed,Thu,Fri
09:07:05,146,Inner Lake Shore/Michigan Express,,Mon,Tue,Wed,Thu,Fri
21:50:08,62,Archer,,Sun
17:49:39,6,Jackson Park Express,,Sat
18:38:13,6,Jackson Park Express,,Sat
18:51:49,36,Broadway,,Mon,Tue,Wed,Thu,Fri
12:16:32,62,Archer,,Mon,Tue,Wed,Thu,Fri
20:31:05,6,Jackson Park Express,,Sun
06:38:01,6,Jackson Park Express,,Mon,Tue,Wed,Thu,Fri
16:38:29,146,Inner Lake Shore/Michigan Express,,Sat
00:48:21,29,State,,Sun
10:29:52,62,Archer,,Sun
18:00:10,29,State,,Mon,Tue,Wed,Thu,Fri
15:35:45,6,Jackson Park Express,,Sat
00:50:31,6,Jackson Park Express,,Mon
13:56:32,62,Archer,,Sat
05:48:12,62,Archer,,Mon,Tue,Wed,Thu,Fri
17:19:39,6,Jackson Park Express,,Sun
17:10:21,6,Jackson Park Express,,Mon,Tue,Wed,Thu,Fri
17:35:53,29,State,,Mon,Tue,Wed,Thu,Fri
17:20:21,6,Jackson Park Express,,Mon,Tue,Wed,Thu,Fri
15:44:19,36,Broadway,,Sat
11:42:11,146,Inner Lake Shore/Michigan Express,,Sat
11:41:35,6,Jackson Park Express,,Mon,Tue,Wed,Thu,Fri
21:52:01,36,Broadway,,Mon,Tue,Wed,Thu,Fri
23:20:17,29,State,,Sat
14:33:29,146,Inner Lake Shore/Michigan Express,,Sat
13:40:22,146,Inner Lake Shore/Michigan Express,,Sun
13:42:37,36,Broadway,,Mon,Tue,Wed,Thu,Fri
17:30:00,146,Inner Lake Shore/Michigan Express,,Mon,Tue,Wed,Thu,Fri
14:53:39,6,Jackson Park Express,,Sun
08:03:13,6,Jackson Park Express,,Mon,Tue,Wed,Thu,Fri
15:31:59,146,Inner Lake Shore/Michigan Express,,Sat
12:20:17,146,Inner Lake Shore/Michigan Express,,Mon,Tue,Wed,Thu,Fri
14:51:12,62,Archer,,Mon,Tue,Wed,Thu,Fri
08:10:54,62,Archer,,Sat
08:27:59,146,Inner Lake Shore/Michigan Express,,Mon,Tue,Wed,Thu,Fri
06:29:35,6,Jackson Park Express,,Sun
02:06:49,62,Archer,,Sun
07:44:22,36,Broadway,,Sun
14:16:49,6,Jackson Park Express,,Mon,Tue,Wed,Thu,Fri
21:02:04,62,Archer,,Mon,Tue,Wed,Thu,Fri
04:46:13,36,Broadway,,Mon,Tue,Wed,Thu,Fri
02:36:49,62,Archer,,Tue,Wed,Thu,Fri,Sat
07:50:43,6,Jackson Park Express,,Mon,Tue,Wed,Thu,Fri
15:19:22,146,Inner Lake Shore/Michigan Express,,Sun
21:07:37,6,Jackson Park Express,,Sun
08:44:23,2,Hyde Park Express,,Mon,Tue,Wed,Thu,Fri
10:21:31,36,Broadway,,Sat
17:39:01,36,Broadway,,Sun
12:08:47,146,Inner Lake Shore/Michigan Express,,Sat
12:29:32,62,Archer,,Sat
22:39:36,62,Archer,,Sat
23:07:08,62,Archer,,Mon,Tue,Wed,Thu,Fri
12:35:14,29,State,,Mon,Tue,Wed,Thu,Fri
13:33:44,29,State,,Sat
11:16:44,29,State,,Mon,Tue,Wed,Thu,Fri
00:21:45,62,Archer,,Mon
20:15:10,36,Broadway,,Mon,Tue,Wed,Thu,Fri
12:50:28,36,Broadway,,Mon,Tue,Wed,Thu,Fri
03:06:49,62,Archer,,Sun
20:05:37,6,Jackson Park Express,,Sun
20:03:05,6,Jackson Park Express,,Sat
08:24:01,36,Broadway,,Sat
10:58:11,6,Jackson Park Express,,Sun
17:36:02,62,Archer,,Sat
00:51:45,62,Archer,,Tue,Wed,Thu,Fri,Sat
20:32:04,29,State,,Sun
16:46:31,36,Broadway,,Sun
21:52:01,36,Broadway,,Mon,Tue,Wed,Thu,Fri
07:25:29,148,Clarendon/Michigan Express,,Mon,Tue,Wed,Thu,Fri
06:56:52,62,Archer,,Mon,Tue,Wed,Thu,Fri
18:32:40,36,Broadway,,Sat
18:19:29,146,Inner Lake Shore/Michigan Express,,Mon,Tue,Wed,Thu,Fri
16:18:09,6,Jackson Park Express,,Sat
18:18:09,6,Jackson Park Express,,Sat
20:37:00,29,State,,Mon,Tue,Wed,Thu,Fri
11:32:04,146,Inner Lake Shore/Michigan Express,,Sun
20:20:36,62,Archer,,Sun
09:50:16,146,Inner Lake Shore/Michigan Express,,Sun
09:28:38,62,Archer,,Sun
15:01:10,36,Broadway,,Sun
17:57:03,2,Hyde Park Express,,Mon,Tue,Wed,Thu,Fri
17:13:04,62,Archer,,Sun
15:34:40,36,Broadway,,Sat
13:58:10,36,Broadway,,Sun
20:23:22,146,Inner Lake Shore/Michigan Express,,Sat
14:21:40,36,Broadway,,Sat
21:59:36,62,Archer,,Sat
17:00:21,6,Jackson Park Express,,Mon,Tue,Wed,Thu,Fri
15:54:49,36,Broadway,,Sat
20:38:16,146,Inner Lake Shore/Michigan Express,,Sun
22:17:28,146,Inner Lake Shore/Michigan Express,,Sun
17:38:34,36,Broadway,,Mon,Tue,Wed,Thu,Fri
11:01:40,146,Inner Lake Shore/Michigan Express,,Mon,Tue,Wed,Thu,Fri
11:10:11,146,Inner Lake Shore/Michigan Express,,Sat
10:11:07,6,Jackson Park Express,,Sun
16:27:53,29,State,,Mon,Tue,Wed,Thu,Fri
20:29:30,29,State,,Sat
07:57:54,62,Archer,,Sat
02:36:49,62,Archer,,Mon
16:49:09,6,Jackson Park Express,,Sun
20:43:06,62,Archer,,Sun
09:27:28,146,Inner Lake Shore/Michigan Express,,Sun
07:18:56,62,Archer,,Sun
16:00:44,29,State,,Sat
11:14:04,146,Inner Lake Shore/Michigan Express,,Sun
07:21:13,36,Broadway,,Sun
19:18:39,6,Jackson Park Express,,Sun
21:50:08,62,Archer,,Sun
16:36:33,2,Hyde Park Express,,Mon,Tue,Wed,Thu,Fri
08:54:44,148,Clarendon/Michigan Express,,Mon,Tue,Wed,Thu,Fri
15:19:22,146,Inner Lake Shore/Michigan Express,,Sun
22:50:05,6,Jackson Park Express,,Mon,Tue,Wed,Thu,Fri
08:28:05,6,Jackson Park Express,,Sat
20:55:37,6,Jackson Park Express,,Sat
22:50:34,29,State,,Sun
09:09:07,6,Jackson Park Express,,Sun
14:17:29,146,Inner Lake Shore/Michigan Express,,Sat
13:53:29,146,Inner Lake Shore/Michigan Express,,Sat
09:36:00,29,State,,Mon,Tue,Wed,Thu,Fri
06:25:31,6,Jackson Park Express,,Mon,Tue,Wed,Thu,Fri
23:17:46,146,Inner Lake Shore/Michigan Express,,Sat
14:03:11,6,Jackson Park Express,,Sun
13:32:04,62,Archer,,Sun
14:57:37,36,Broadway,,Mon,Tue,Wed,Thu,Fri
09:56:59,146,Inner Lake Shore/Michigan Express,,Mon,Tue,Wed,Thu,Fri
03:36:49,62,Archer,,Mon,Tue,Wed,Thu,Fri
16:30:22,146,Inner Lake Shore/Michigan Express,,Sun
11:04:04,29,State,,Sun
10:29:52,62,Archer,,Sun
11:25:09,6,Jackson Park Express,,Sat
16:48:22,146,Inner Lake Shore/Michigan Express,,Sun
23:58:35,6,Jackson Park Express,,Sat
05:14:54,29,State,,Mon,Tue,Wed,Thu,Fri
11:44:28,36,Broadway,,Mon,Tue,Wed,Thu,Fri
22:31:52,36,Broadway,,Mon,Tue,Wed,Thu,Fri
12:05:13,6,Jackson Park Express,,Sat
15:47:59,146,Inner Lake Shore/Michigan Express,,Sat
14:11:02,62,Archer,,Sat
23:43:31,36,Broadway,,Sat
15:48:07,2,Hyde Park Express,,Mon,Tue,Wed,Thu,Fri
07:38:28,146,Inner Lake Shore/Michigan Express,,Sat
13:44:41,146,Inner Lake Shore/Michigan Express,,Sat
21:14:35,6,Jackson Park Express,,Sat
21:40:50,62,Archer,,Mon,Tue,Wed,Thu,Fri
00:34:31,6,Jackson Park Express,,Mon
06:55:43,36,Broadway,,Sat
06:29:52,148,Clarendon/Michigan Express,,Mon,Tue,Wed,Thu,Fri
20:23:22,146,Inner Lake Shore/Michigan Express,,Sat
13:27:09,6,Jackson Park Express,,Sat
16:51:02,62,Archer,,Sat
19:31:40,36,Broadway,,Mon,Tue,Wed,Thu,Fri
22:50:31,36,Broadway,,Sat
08:46:51,29,State,,Sat
22:50:34,29,State,,Sun
14:57:40,36,Broadway,,Sat
16:03:44,29,State,,Sun
16:42:19,36,Broadway,,Sat
10:01:00,29,State,,Mon,Tue,Wed,Thu,Fri
17:36:40,36,Broadway,,Sat
18:18:28,62,Archer,,Mon,Tue,Wed,Thu,Fri
06:49:04,29,State,,Sun
12:59:47,29,State,,Sun
09:05:51,148,Clarendon/Michigan Express,,Mon,Tue,Wed,Thu,Fri
23:19:31,6,Jackson Park Express,,Mon,Tue,Wed,Thu,Fri
12:09:14,29,State,,Mon,Tue,Wed,Thu,Fri
17:38:41,6,Jackson Park Express,,Sun
09:50:18,148,Clarendon/Michigan Express,,Mon,Tue,Wed,Thu,Fri
15:37:22,146,Inner Lake Shore/Michigan Express,,Sun
13:02:00,62,Archer,,Mon,Tue,Wed,Thu,Fri
21:07:37,6,Jackson Park Express,,Sat
19:41:09,6,Jackson Park Express,,Sun
18:28:09,6,Jackson Park Express,,Sat
15:21:37,36,Broadway,,Mon,Tue,Wed,Thu,Fri
07:25:03,146,Inner Lake Shore/Michigan Express,,Mon,Tue,Wed,Thu,Fri
06:33:51,148,Clarendon/Michigan Express,,Mon,Tue,Wed,Thu,Fri
21:16:17,29,State,,Sat
18:18:59,146,Inner Lake Shore/Michigan Express,,Sat
13:18:09,6,Jackson Park Express,,Sat
11:27:47,146,Inner Lake Shore/Michigan Express,,Mon,Tue,Wed,Thu,Fri
07:39:51,146,Inner Lake Shore/Michigan Express,,Mon,Tue,Wed,Thu,Fri
21:48:01,36,Broadway,,Sat
09:40:07,6,Jackson Park Express,,Sun
22:12:30,29,State,,Mon,Tue,Wed,Thu,Fri
10:47:40,36,Broadway,,Sat
17:36:59,146,Inner Lake Shore/Michigan Express,,Sat
12:24:47,146,Inner Lake Shore/Michigan Express,,Sat
19:18:59,146,Inner Lake Shore/Michigan Express,,Mon,Tue,Wed,Thu,Fri
16:32:49,36,Broadway,,Sat
18:56:00,62,Archer,,Mon,Tue,Wed,Thu,Fri
06:01:12,62,Archer,,Sun
20:06:13,6,Jackson Park Express,,Mon,Tue,Wed,Thu,Fri
12:54:39,6,Jackson Park Express,,Sun
16:04:31,36,Broadway,,Sun
14:17:29,146,Inner Lake Shore/Michigan Express,,Sat
15:02:09,6,Jackson Park Express,,Mon,Tue,Wed,Thu,Fri
10:53:17,6,Jackson Park Express,,Mon,Tue,Wed,Thu,Fri
09:38:44,148,Clarendon/Michigan Express,,Mon,Tue,Wed,Thu,Fri
15:33:09,6,Jackson Park Express,,Sat
08:56:23,2,Hyde Park Express,,Mon,Tue,Wed,Thu,Fri
12:41:17,6,Jackson Park Express,,Mon,Tue,Wed,Thu,Fri
17:30:21,6,Jackson Park Express,,Mon,Tue,Wed,Thu,Fri
17:31:47,29,State,,Sun
11:42:11,146,Inner Lake Shore/Michigan Express,,Sat
13:04:49,6,Jackson Park Express,,Mon,Tue,Wed,Thu,Fri
11:51:52,146,Inner Lake Shore/Michigan Express,,Sun
13:00:17,146,Inner Lake Shore/Michigan Express,,Mon,Tue,Wed,Thu,Fri
17:45:29,146,Inner Lake Shore/Michigan Express,,Sat
11:14:39,6,Jackson Park Express,,Sat
17:36:23,2,Hyde Park Express,,Mon,Tue,Wed,Thu,Fri
08:34:03,2,Hyde Park Express,,Mon,Tue,Wed,Thu,Fri
08:53:13,6,Jackson Park Express,,Mon,Tue,Wed,Thu,Fri
05:12:13,36,Broadway,,Sat
05:51:26,62,Archer,,Sat
08:40:43,6,Jackson Park Express,,Mon,Tue,Wed,Thu,Fri
07:01:34,29,State,,Mon,Tue,Wed,Thu,Fri
22:00:36,62,Archer,,Mon,Tue,Wed,Thu,Fri
10:50:44,29,State,,Mon,Tue,Wed,Thu,Fri
17:05:45,6,Jackson Park Express,,Sat
13:12:41,146,Inner Lake Shore/Michigan Express,,Sat
19:25:09,6,Jackson Park Express,,Sat
16:40:21,6,Jackson Park Express,,Mon,Tue,Wed,Thu,Fri
00:21:45,62,Archer,,Tue,Wed,Thu,Fri,Sat
08:30:30,29,State,,Mon,Tue,Wed,Thu,Fri
19:04:29,146,Inner Lake Shore/Michigan Express,,Mon,Tue,Wed,Thu,Fri
20:54:37,6,Jackson Park Express,,Sun
17:23:53,29,State,,Mon,Tue,Wed,Thu,Fri
11:05:30,29,State,,Sat
22:59:36,62,Archer,,Sat
09:51:47,29,State,,Sun
06:12:35,6,Jackson Park Express,,Mon,Tue,Wed,Thu,Fri
14:40:02,62,Archer,,Sat
13:03:13,6,Jackson Park Express,,Sat
13:21:13,6,Jackson Park Express,,Sat
06:19:54,62,Archer,,Mon,Tue,Wed,Thu,Fri
09:23:23,2,Hyde Park Express,,Mon,Tue,Wed,Thu,Fri
09:13:47,29,State,,Sun
08:20:37,36,Broadway,,Mon,Tue,Wed,Thu,Fri
06:07:58,146,Inner Lake Shore/Michigan Express,,Mon,Tue,Wed,Thu,Fri
16:50:09,2,Hyde Park Express,,Mon,Tue,Wed,Thu,Fri
14:21:17,146,Inner Lake Shore/Michigan Express,,Mon,Tue,Wed,Thu,Fri
09:11:03,2,Hyde Park Express,,Mon,Tue,Wed,Thu,Fri
10:01:04,62,Archer,,Mon,Tue,Wed,Thu,Fri